  0
SECTION
  2
HEADER
  9
$ANGBASE
  50
0.0
  9
$ANGDIR
  70
1
  9
$MEASUREMENT
  70
0
  0
ENDSEC
  0
SECTION
  2
TABLES
  0
TABLE
  2
LTYPE
  70
4
  0
LTYPE
  5
40F
  2
CONTINUOUS
  70
0
  3
Solid line
  72
65
  73
0
  40
0.0
  0
LTYPE
  5
410
  2
DASHDOT
 70
0
  3
Dash Dot ____ _ ____ _
 72
65
 73
4
 40
2.0
 49
1.25
 49
-0.25
 49
0.25
 49
-0.25
  0
LTYPE
  5
411
  2
DASHED
 70
0
  3
Dashed __ __ __ __ __
 72
65
 73
2
 40
0.75
 49
0.5
 49
-0.25
  0
LTYPE
  5
43B
  2
DOTTED
 70
0
  3
Dotted .  .  .  .
 72
65
 73
2
 40
0.2
 49
0.0
 49
-0.2
  0
ENDTAB
  0
TABLE
  2
STYLE
  70
4
  0
STYLE
  2
KICAD
  70
0
  40
0
  41
1
  42
1
  50
0
  71
0
  3
isocp.shx
  0
STYLE
  2
KICADB
  70
0
  40
0
  41
1
  42
1
  50
0
  71
0
  3
isocp.shx
  0
STYLE
  2
KICADI
  70
0
  40
0
  41
1
  42
1
  50
15
  71
0
  3
isocp.shx
  0
STYLE
  2
KICADBI
  70
0
  40
0
  41
1
  42
1
  50
15
  71
0
  3
isocp.shx
  0
ENDTAB
  0
TABLE
  2
LAYER
  70
1
  0
LAYER
  2
BLACK
  70
0
  62
7
  6
CONTINUOUS
  0
ENDTAB
  0
ENDSEC
  0
SECTION
  2
ENTITIES
0
LINE
8
BLACK
6
CONTINUOUS
10
5.6776739763779522
20
-4.3859425590551178
11
5.6783120866141727
21
-4.3859474409448822
0
LINE
8
BLACK
6
CONTINUOUS
10
5.6783120866141727
20
-4.3859474409448822
11
5.6839363385826767
21
-4.3878222047244098
0
LINE
8
BLACK
6
CONTINUOUS
10
5.6839363385826767
20
-4.3878222047244098
11
5.6846664960629916
21
-4.3883611811023622
0
LINE
8
BLACK
6
CONTINUOUS
10
5.6846664960629916
20
-4.3883611811023622
11
5.6854752362204719
21
-4.3887732677165356
0
LINE
8
BLACK
6
CONTINUOUS
10
5.6854752362204719
20
-4.3887732677165356
11
5.6892248425196845
21
-4.3925227952755908
0
LINE
8
BLACK
6
CONTINUOUS
10
5.6892248425196845
20
-4.3925227952755908
11
5.6896369685039367
21
-4.3933316141732286
0
LINE
8
BLACK
6
CONTINUOUS
10
5.6896369685039367
20
-4.3933316141732286
11
5.6901759055118113
21
-4.394061692913386
0
LINE
8
BLACK
6
CONTINUOUS
10
5.6901759055118113
20
-4.394061692913386
11
5.6920506692913388
21
-4.3996859842519687
0
LINE
8
BLACK
6
CONTINUOUS
10
5.6920506692913388
20
-4.3996859842519687
11
5.6920555118110236
21
-4.4003240551181104
0
LINE
8
BLACK
6
CONTINUOUS
10
5.6920555118110236
20
-4.4003240551181104
11
5.6922527165354326
21
-4.4009309842519686
0
LINE
8
BLACK
6
CONTINUOUS
10
5.6922527165354326
20
-4.4009309842519686
11
5.6922527165354326
21
-4.4046805118110237
0
LINE
8
BLACK
6
CONTINUOUS
10
5.6922527165354326
20
-4.4046805118110237
11
5.6915008267716534
21
-4.4069946456692914
0
LINE
8
BLACK
6
CONTINUOUS
10
5.6915008267716534
20
-4.4069946456692914
11
5.6895323228346459
21
-4.4084248425196852
0
LINE
8
BLACK
6
CONTINUOUS
10
5.6895323228346459
20
-4.4084248425196852
11
5.6870990944881887
21
-4.4084248425196852
0
LINE
8
BLACK
6
CONTINUOUS
10
5.6870990944881887
20
-4.4084248425196852
11
5.6851305905511813
21
-4.4069946456692914
0
LINE
8
BLACK
6
CONTINUOUS
10
5.6851305905511813
20
-4.4069946456692914
11
5.6843787007874012
21
-4.4046805118110237
0
LINE
8
BLACK
6
CONTINUOUS
10
5.6843787007874012
20
-4.4046805118110237
11
5.6843787007874012
21
-4.4015698031496058
0
LINE
8
BLACK
6
CONTINUOUS
10
5.6843787007874012
20
-4.4015698031496058
11
5.6829998818897636
21
-4.3974333858267718
0
LINE
8
BLACK
6
CONTINUOUS
10
5.6829998818897636
20
-4.3974333858267718
11
5.6805646850393696
21
-4.3949982283464566
0
LINE
8
BLACK
6
CONTINUOUS
10
5.6805646850393696
20
-4.3949982283464566
11
5.6764282283464569
21
-4.393619409448819
0
LINE
8
BLACK
6
CONTINUOUS
10
5.6764282283464569
20
-4.393619409448819
11
5.6489456299212595
21
-4.393619409448819
0
LINE
8
BLACK
6
CONTINUOUS
10
5.6489456299212595
20
-4.393619409448819
11
5.6466314960629918
21
-4.3928675196850389
0
LINE
8
BLACK
6
CONTINUOUS
10
5.6466314960629918
20
-4.3928675196850389
11
5.6452012992125979
21
-4.3908990157480314
0
LINE
8
BLACK
6
CONTINUOUS
10
5.6452012992125979
20
-4.3908990157480314
11
5.6452012992125979
21
-4.3884657874015751
0
LINE
8
BLACK
6
CONTINUOUS
10
5.6452012992125979
20
-4.3884657874015751
11
5.6466314960629918
21
-4.3864972834645668
0
LINE
8
BLACK
6
CONTINUOUS
10
5.6466314960629918
20
-4.3864972834645668
11
5.6489456299212595
21
-4.3857453937007875
0
LINE
8
BLACK
6
CONTINUOUS
10
5.6489456299212595
20
-4.3857453937007875
11
5.6770670866141728
21
-4.3857453937007875
0
LINE
8
BLACK
6
CONTINUOUS
10
5.6770670866141728
20
-4.3857453937007875
11
5.6776739763779522
21
-4.3859425590551178
0
LINE
8
BLACK
6
CONTINUOUS
10
5.7168011023622043
20
-4.3727584645669291
11
5.7174392125984248
21
-4.3727633464566926
0
LINE
8
BLACK
6
CONTINUOUS
10
5.7174392125984248
20
-4.3727633464566926
11
5.7230634645669287
21
-4.3746381102362202
0
LINE
8
BLACK
6
CONTINUOUS
10
5.7230634645669287
20
-4.3746381102362202
11
5.7237935826771649
21
-4.3751770472440947
0
LINE
8
BLACK
6
CONTINUOUS
10
5.7237935826771649
20
-4.3751770472440947
11
5.7246024015748027
21
-4.3755891732283461
0
LINE
8
BLACK
6
CONTINUOUS
10
5.7246024015748027
20
-4.3755891732283461
11
5.7403787007874012
21
-4.3913654330708658
0
LINE
8
BLACK
6
CONTINUOUS
10
5.7403787007874012
20
-4.3913654330708658
11
5.7403787007874012
21
-4.3764983070866137
0
LINE
8
BLACK
6
CONTINUOUS
10
5.7403787007874012
20
-4.3764983070866137
11
5.7411305905511814
21
-4.374184173228346
0
LINE
8
BLACK
6
CONTINUOUS
10
5.7411305905511814
20
-4.374184173228346
11
5.7430990944881888
21
-4.372753976377953
0
LINE
8
BLACK
6
CONTINUOUS
10
5.7430990944881888
20
-4.372753976377953
11
5.7455323228346451
21
-4.372753976377953
0
LINE
8
BLACK
6
CONTINUOUS
10
5.7455323228346451
20
-4.372753976377953
11
5.7475008267716534
21
-4.374184173228346
0
LINE
8
BLACK
6
CONTINUOUS
10
5.7475008267716534
20
-4.374184173228346
11
5.7482527165354327
21
-4.3764983070866137
0
LINE
8
BLACK
6
CONTINUOUS
10
5.7482527165354327
20
-4.3764983070866137
11
5.7482527165354327
21
-4.4008702362204719
0
LINE
8
BLACK
6
CONTINUOUS
10
5.7482527165354327
20
-4.4008702362204719
11
5.7479678346456691
21
-4.4017469685039368
0
LINE
8
BLACK
6
CONTINUOUS
10
5.7479678346456691
20
-4.4017469685039368
11
5.7478236220472443
21
-4.402657598425197
0
LINE
8
BLACK
6
CONTINUOUS
10
5.7478236220472443
20
-4.402657598425197
11
5.7475989763779527
21
-4.4028822047244089
0
LINE
8
BLACK
6
CONTINUOUS
10
5.7475989763779527
20
-4.4028822047244089
11
5.7475008267716534
21
-4.4031843700787396
0
LINE
8
BLACK
6
CONTINUOUS
10
5.7475008267716534
20
-4.4031843700787396
11
5.746754881889764
21
-4.4037262992125985
0
LINE
8
BLACK
6
CONTINUOUS
10
5.746754881889764
20
-4.4037262992125985
11
5.746103070866142
21
-4.4043781496062993
0
LINE
8
BLACK
6
CONTINUOUS
10
5.746103070866142
20
-4.4043781496062993
11
5.7457892913385828
21
-4.4044278346456691
0
LINE
8
BLACK
6
CONTINUOUS
10
5.7457892913385828
20
-4.4044278346456691
11
5.7455323228346451
21
-4.4046145669291334
0
LINE
8
BLACK
6
CONTINUOUS
10
5.7455323228346451
20
-4.4046145669291334
11
5.7446103937007873
21
-4.4046145669291334
0
LINE
8
BLACK
6
CONTINUOUS
10
5.7446103937007873
20
-4.4046145669291334
11
5.7436998425196846
21
-4.4047587795275591
0
LINE
8
BLACK
6
CONTINUOUS
10
5.7436998425196846
20
-4.4047587795275591
11
5.7434168110236223
21
-4.4046145669291334
0
LINE
8
BLACK
6
CONTINUOUS
10
5.7434168110236223
20
-4.4046145669291334
11
5.7430990944881888
21
-4.4046145669291334
0
LINE
8
BLACK
6
CONTINUOUS
10
5.7430990944881888
20
-4.4046145669291334
11
5.7423531889763781
21
-4.4040726377952755
0
LINE
8
BLACK
6
CONTINUOUS
10
5.7423531889763781
20
-4.4040726377952755
11
5.7415318110236218
21
-4.403654133858268
0
LINE
8
BLACK
6
CONTINUOUS
10
5.7415318110236218
20
-4.403654133858268
11
5.7196917322834642
21
-4.3818140944881891
0
LINE
8
BLACK
6
CONTINUOUS
10
5.7196917322834642
20
-4.3818140944881891
11
5.7155553543307089
21
-4.3804353149606294
0
LINE
8
BLACK
6
CONTINUOUS
10
5.7155553543307089
20
-4.3804353149606294
11
5.7133740944881888
21
-4.3804353149606294
0
LINE
8
BLACK
6
CONTINUOUS
10
5.7133740944881888
20
-4.3804353149606294
11
5.7110272440944883
21
-4.3816087007874014
0
LINE
8
BLACK
6
CONTINUOUS
10
5.7110272440944883
20
-4.3816087007874014
11
5.710056062992126
21
-4.3825799212598424
0
LINE
8
BLACK
6
CONTINUOUS
10
5.710056062992126
20
-4.3825799212598424
11
5.7088826377952753
21
-4.3849267716535429
0
LINE
8
BLACK
6
CONTINUOUS
10
5.7088826377952753
20
-4.3849267716535429
11
5.7088826377952753
21
-4.3924417322834648
0
LINE
8
BLACK
6
CONTINUOUS
10
5.7088826377952753
20
-4.3924417322834648
11
5.710056062992126
21
-4.3947885826771653
0
LINE
8
BLACK
6
CONTINUOUS
10
5.710056062992126
20
-4.3947885826771653
11
5.7114790157480311
21
-4.3962115748031492
0
LINE
8
BLACK
6
CONTINUOUS
10
5.7114790157480311
20
-4.3962115748031492
11
5.7125837007874019
21
-4.3983795669291341
0
LINE
8
BLACK
6
CONTINUOUS
10
5.7125837007874019
20
-4.3983795669291341
11
5.712203070866142
21
-4.4007828346456694
0
LINE
8
BLACK
6
CONTINUOUS
10
5.712203070866142
20
-4.4007828346456694
11
5.7104825196850388
21
-4.4025033858267717
0
LINE
8
BLACK
6
CONTINUOUS
10
5.7104825196850388
20
-4.4025033858267717
11
5.7080792519685035
21
-4.4028840157480316
0
LINE
8
BLACK
6
CONTINUOUS
10
5.7080792519685035
20
-4.4028840157480316
11
5.7059112598425195
21
-4.4017793307086617
0
LINE
8
BLACK
6
CONTINUOUS
10
5.7059112598425195
20
-4.4017793307086617
11
5.7040364960629919
21
-4.3999046062992129
0
LINE
8
BLACK
6
CONTINUOUS
10
5.7040364960629919
20
-4.3999046062992129
11
5.7037467716535435
21
-4.3993359842519686
0
LINE
8
BLACK
6
CONTINUOUS
10
5.7037467716535435
20
-4.3993359842519686
11
5.7032990157480317
21
-4.3988813779527556
0
LINE
8
BLACK
6
CONTINUOUS
10
5.7032990157480317
20
-4.3988813779527556
11
5.7014242519685041
21
-4.3951318503937005
0
LINE
8
BLACK
6
CONTINUOUS
10
5.7014242519685041
20
-4.3951318503937005
11
5.7012890551181101
21
-4.3942342913385826
0
LINE
8
BLACK
6
CONTINUOUS
10
5.7012890551181101
20
-4.3942342913385826
11
5.7010086220472438
21
-4.3933711811023617
0
LINE
8
BLACK
6
CONTINUOUS
10
5.7010086220472438
20
-4.3933711811023617
11
5.7010086220472438
21
-4.3839973622047239
0
LINE
8
BLACK
6
CONTINUOUS
10
5.7010086220472438
20
-4.3839973622047239
11
5.7012890551181101
21
-4.3831342125984252
0
LINE
8
BLACK
6
CONTINUOUS
10
5.7012890551181101
20
-4.3831342125984252
11
5.7014242519685041
21
-4.382236692913386
0
LINE
8
BLACK
6
CONTINUOUS
10
5.7014242519685041
20
-4.382236692913386
11
5.7032990157480317
21
-4.3784871653543309
0
LINE
8
BLACK
6
CONTINUOUS
10
5.7032990157480317
20
-4.3784871653543309
11
5.7037467716535435
21
-4.3780325196850391
0
LINE
8
BLACK
6
CONTINUOUS
10
5.7037467716535435
20
-4.3780325196850391
11
5.7040364960629919
21
-4.3774639370078736
0
LINE
8
BLACK
6
CONTINUOUS
10
5.7040364960629919
20
-4.3774639370078736
11
5.7059112598425195
21
-4.3755892125984248
0
LINE
8
BLACK
6
CONTINUOUS
10
5.7059112598425195
20
-4.3755892125984248
11
5.7064798031496062
21
-4.3752994881889764
0
LINE
8
BLACK
6
CONTINUOUS
10
5.7064798031496062
20
-4.3752994881889764
11
5.7069344881889759
21
-4.3748516929133858
0
LINE
8
BLACK
6
CONTINUOUS
10
5.7069344881889759
20
-4.3748516929133858
11
5.7106839763779522
21
-4.3729769291338583
0
LINE
8
BLACK
6
CONTINUOUS
10
5.7106839763779522
20
-4.3729769291338583
11
5.711581535433071
21
-4.3728417322834643
0
LINE
8
BLACK
6
CONTINUOUS
10
5.711581535433071
20
-4.3728417322834643
11
5.7124446850393698
21
-4.372561299212598
0
LINE
8
BLACK
6
CONTINUOUS
10
5.7124446850393698
20
-4.372561299212598
11
5.7161942125984249
21
-4.372561299212598
0
LINE
8
BLACK
6
CONTINUOUS
10
5.7161942125984249
20
-4.372561299212598
11
5.7168011023622043
21
-4.3727584645669291
0
LINE
8
BLACK
6
CONTINUOUS
10
5.6914831496062988
20
-4.3479740944881886
11
5.6922525984251964
21
-4.3502824409448815
0
LINE
8
BLACK
6
CONTINUOUS
10
5.6922525984251964
20
-4.3502824409448815
11
5.6915183070866142
21
-4.3526022047244091
0
LINE
8
BLACK
6
CONTINUOUS
10
5.6915183070866142
20
-4.3526022047244091
11
5.6895606692913381
21
-4.3540472834645669
0
LINE
8
BLACK
6
CONTINUOUS
10
5.6895606692913381
20
-4.3540472834645669
11
5.6810040944881885
21
-4.3568994488188979
0
LINE
8
BLACK
6
CONTINUOUS
10
5.6810040944881885
20
-4.3568994488188979
11
5.6810040944881885
21
-4.3699718503937008
0
LINE
8
BLACK
6
CONTINUOUS
10
5.6810040944881885
20
-4.3699718503937008
11
5.6895606692913381
21
-4.3728240551181106
0
LINE
8
BLACK
6
CONTINUOUS
10
5.6895606692913381
20
-4.3728240551181106
11
5.6915183070866142
21
-4.3742691338582675
0
LINE
8
BLACK
6
CONTINUOUS
10
5.6915183070866142
20
-4.3742691338582675
11
5.6922525984251964
21
-4.3765888976377951
0
LINE
8
BLACK
6
CONTINUOUS
10
5.6922525984251964
20
-4.3765888976377951
11
5.6914831496062988
21
-4.378897244094488
0
LINE
8
BLACK
6
CONTINUOUS
10
5.6914831496062988
20
-4.378897244094488
11
5.6895038582677167
21
-4.3803124803149602
0
LINE
8
BLACK
6
CONTINUOUS
10
5.6895038582677167
20
-4.3803124803149602
11
5.687070708661417
21
-4.3802939763779527
0
LINE
8
BLACK
6
CONTINUOUS
10
5.687070708661417
20
-4.3802939763779527
11
5.6477006299212595
21
-4.3671706299212598
0
LINE
8
BLACK
6
CONTINUOUS
10
5.6477006299212595
20
-4.3671706299212598
11
5.6467447637795276
21
-4.3664649999999998
0
LINE
8
BLACK
6
CONTINUOUS
10
5.6467447637795276
20
-4.3664649999999998
11
5.6457781889763776
21
-4.3657738976377951
0
LINE
8
BLACK
6
CONTINUOUS
10
5.6457781889763776
20
-4.3657738976377951
11
5.6457682677165355
21
-4.3657441732283466
0
LINE
8
BLACK
6
CONTINUOUS
10
5.6457682677165355
20
-4.3657441732283466
11
5.645743031496063
21
-4.3657255511811019
0
LINE
8
BLACK
6
CONTINUOUS
10
5.645743031496063
20
-4.3657255511811019
11
5.6453841338582675
21
-4.364591889763779
0
LINE
8
BLACK
6
CONTINUOUS
10
5.6453841338582675
20
-4.364591889763779
11
5.6450087007874012
21
-4.3634655511811022
0
LINE
8
BLACK
6
CONTINUOUS
10
5.6450087007874012
20
-4.3634655511811022
11
5.6450181496062992
21
-4.3634356692913387
0
LINE
8
BLACK
6
CONTINUOUS
10
5.6450181496062992
20
-4.3634356692913387
11
5.6450087007874012
21
-4.3634057874015744
0
LINE
8
BLACK
6
CONTINUOUS
10
5.6450087007874012
20
-4.3634057874015744
11
5.6453841338582675
21
-4.3622794094488189
0
LINE
8
BLACK
6
CONTINUOUS
10
5.6453841338582675
20
-4.3622794094488189
11
5.645743031496063
21
-4.3611457874015747
0
LINE
8
BLACK
6
CONTINUOUS
10
5.645743031496063
20
-4.3611457874015747
11
5.6457682677165355
21
-4.3611271259842521
0
LINE
8
BLACK
6
CONTINUOUS
10
5.6457682677165355
20
-4.3611271259842521
11
5.6457781889763776
21
-4.3610974409448815
0
LINE
8
BLACK
6
CONTINUOUS
10
5.6457781889763776
20
-4.3610974409448815
11
5.6467447637795276
21
-4.360406299212598
0
LINE
8
BLACK
6
CONTINUOUS
10
5.6467447637795276
20
-4.360406299212598
11
5.6477006299212595
21
-4.3597007086614168
0
LINE
8
BLACK
6
CONTINUOUS
10
5.6477006299212595
20
-4.3597007086614168
11
5.687070708661417
21
-4.3465773622047239
0
LINE
8
BLACK
6
CONTINUOUS
10
5.687070708661417
20
-4.3465773622047239
11
5.6895038582677167
21
-4.3465588582677164
0
LINE
8
BLACK
6
CONTINUOUS
10
5.6895038582677167
20
-4.3465588582677164
11
5.6914831496062988
21
-4.3479740944881886
0
LINE
8
BLACK
6
CONTINUOUS
10
5.6613955118110235
20
-4.3634356692913387
11
5.6731300787401571
21
-4.3673471653543308
0
LINE
8
BLACK
6
CONTINUOUS
10
5.6731300787401571
20
-4.3673471653543308
11
5.6731300787401571
21
-4.359524133858268
0
LINE
8
BLACK
6
CONTINUOUS
10
5.6731300787401571
20
-4.359524133858268
11
5.6613955118110235
21
-4.3634356692913387
0
LINE
8
BLACK
6
CONTINUOUS
10
5.7297835826771655
20
-4.3352174015748028
11
5.7302724409448818
21
-4.3351835433070862
0
LINE
8
BLACK
6
CONTINUOUS
10
5.7302724409448818
20
-4.3351835433070862
11
5.7377714566929132
21
-4.3370583070866138
0
LINE
8
BLACK
6
CONTINUOUS
10
5.7377714566929132
20
-4.3370583070866138
11
5.7381433464566927
21
-4.3372909842519682
0
LINE
8
BLACK
6
CONTINUOUS
10
5.7381433464566927
20
-4.3372909842519682
11
5.7385772834645667
21
-4.337356377952756
0
LINE
8
BLACK
6
CONTINUOUS
10
5.7385772834645667
20
-4.337356377952756
11
5.7423268110236219
21
-4.3392311417322835
0
LINE
8
BLACK
6
CONTINUOUS
10
5.7423268110236219
20
-4.3392311417322835
11
5.7427814173228349
21
-4.3396788976377954
0
LINE
8
BLACK
6
CONTINUOUS
10
5.7427814173228349
20
-4.3396788976377954
11
5.7433499999999995
21
-4.3399686220472438
0
LINE
8
BLACK
6
CONTINUOUS
10
5.7433499999999995
20
-4.3399686220472438
11
5.7452248031496058
21
-4.3418433464566926
0
LINE
8
BLACK
6
CONTINUOUS
10
5.7452248031496058
20
-4.3418433464566926
11
5.7455145275590551
21
-4.3424119685039368
0
LINE
8
BLACK
6
CONTINUOUS
10
5.7455145275590551
20
-4.3424119685039368
11
5.7459623228346457
21
-4.3428666141732286
0
LINE
8
BLACK
6
CONTINUOUS
10
5.7459623228346457
20
-4.3428666141732286
11
5.7478370866141733
21
-4.346616102362205
0
LINE
8
BLACK
6
CONTINUOUS
10
5.7478370866141733
20
-4.346616102362205
11
5.7479722440944885
21
-4.3475136614173229
0
LINE
8
BLACK
6
CONTINUOUS
10
5.7479722440944885
20
-4.3475136614173229
11
5.7482527165354327
21
-4.3483768110236216
0
LINE
8
BLACK
6
CONTINUOUS
10
5.7482527165354327
20
-4.3483768110236216
11
5.7482527165354327
21
-4.3521263385826767
0
LINE
8
BLACK
6
CONTINUOUS
10
5.7482527165354327
20
-4.3521263385826767
11
5.7479722440944885
21
-4.3529894488188976
0
LINE
8
BLACK
6
CONTINUOUS
10
5.7479722440944885
20
-4.3529894488188976
11
5.7478370866141733
21
-4.3538870472440943
0
LINE
8
BLACK
6
CONTINUOUS
10
5.7478370866141733
20
-4.3538870472440943
11
5.7459623228346457
21
-4.3576365354330706
0
LINE
8
BLACK
6
CONTINUOUS
10
5.7459623228346457
20
-4.3576365354330706
11
5.7455145275590551
21
-4.3580911417322836
0
LINE
8
BLACK
6
CONTINUOUS
10
5.7455145275590551
20
-4.3580911417322836
11
5.7452248031496058
21
-4.3586598031496058
0
LINE
8
BLACK
6
CONTINUOUS
10
5.7452248031496058
20
-4.3586598031496058
11
5.7433499999999995
21
-4.3605345275590555
0
LINE
8
BLACK
6
CONTINUOUS
10
5.7433499999999995
20
-4.3605345275590555
11
5.7427814173228349
21
-4.3608242125984251
0
LINE
8
BLACK
6
CONTINUOUS
10
5.7427814173228349
20
-4.3608242125984251
11
5.7423268110236219
21
-4.3612720078740157
0
LINE
8
BLACK
6
CONTINUOUS
10
5.7423268110236219
20
-4.3612720078740157
11
5.7385772834645667
21
-4.3631467716535433
0
LINE
8
BLACK
6
CONTINUOUS
10
5.7385772834645667
20
-4.3631467716535433
11
5.7381433464566927
21
-4.3632121259842522
0
LINE
8
BLACK
6
CONTINUOUS
10
5.7381433464566927
20
-4.3632121259842522
11
5.7377714566929132
21
-4.3634448425196846
0
LINE
8
BLACK
6
CONTINUOUS
10
5.7377714566929132
20
-4.3634448425196846
11
5.7302724409448818
21
-4.3653196062992121
0
LINE
8
BLACK
6
CONTINUOUS
10
5.7302724409448818
20
-4.3653196062992121
11
5.7297835826771655
21
-4.3652857086614176
0
LINE
8
BLACK
6
CONTINUOUS
10
5.7297835826771655
20
-4.3652857086614176
11
5.7293175590551177
21
-4.3654371653543302
0
LINE
8
BLACK
6
CONTINUOUS
10
5.7293175590551177
20
-4.3654371653543302
11
5.71994374015748
21
-4.3654371653543302
0
LINE
8
BLACK
6
CONTINUOUS
10
5.71994374015748
20
-4.3654371653543302
11
5.7194776771653544
21
-4.3652857086614176
0
LINE
8
BLACK
6
CONTINUOUS
10
5.7194776771653544
20
-4.3652857086614176
11
5.718988858267716
21
-4.3653196062992121
0
LINE
8
BLACK
6
CONTINUOUS
10
5.718988858267716
20
-4.3653196062992121
11
5.7114898031496057
21
-4.3634448425196846
0
LINE
8
BLACK
6
CONTINUOUS
10
5.7114898031496057
20
-4.3634448425196846
11
5.7111178740157476
21
-4.3632121259842522
0
LINE
8
BLACK
6
CONTINUOUS
10
5.7111178740157476
20
-4.3632121259842522
11
5.7106839763779522
21
-4.3631467716535433
0
LINE
8
BLACK
6
CONTINUOUS
10
5.7106839763779522
20
-4.3631467716535433
11
5.7069344881889759
21
-4.3612720078740157
0
LINE
8
BLACK
6
CONTINUOUS
10
5.7069344881889759
20
-4.3612720078740157
11
5.7064798031496062
21
-4.3608241732283464
0
LINE
8
BLACK
6
CONTINUOUS
10
5.7064798031496062
20
-4.3608241732283464
11
5.7059112598425195
21
-4.3605344881889767
0
LINE
8
BLACK
6
CONTINUOUS
10
5.7059112598425195
20
-4.3605344881889767
11
5.7040364960629919
21
-4.358659763779527
0
LINE
8
BLACK
6
CONTINUOUS
10
5.7040364960629919
20
-4.358659763779527
11
5.7037467716535435
21
-4.3580911417322836
0
LINE
8
BLACK
6
CONTINUOUS
10
5.7037467716535435
20
-4.3580911417322836
11
5.7032990157480317
21
-4.3576365354330706
0
LINE
8
BLACK
6
CONTINUOUS
10
5.7032990157480317
20
-4.3576365354330706
11
5.7014242519685041
21
-4.3538870078740155
0
LINE
8
BLACK
6
CONTINUOUS
10
5.7014242519685041
20
-4.3538870078740155
11
5.7012890551181101
21
-4.3529894488188976
0
LINE
8
BLACK
6
CONTINUOUS
10
5.7012890551181101
20
-4.3529894488188976
11
5.7010086220472438
21
-4.3521263385826767
0
LINE
8
BLACK
6
CONTINUOUS
10
5.7010086220472438
20
-4.3521263385826767
11
5.7010086220472438
21
-4.3483768110236216
0
LINE
8
BLACK
6
CONTINUOUS
10
5.7010086220472438
20
-4.3483768110236216
11
5.7012890551181101
21
-4.3475136614173229
0
LINE
8
BLACK
6
CONTINUOUS
10
5.7012890551181101
20
-4.3475136614173229
11
5.7014242519685041
21
-4.3466161417322837
0
LINE
8
BLACK
6
CONTINUOUS
10
5.7014242519685041
20
-4.3466161417322837
11
5.7032990157480317
21
-4.3428666141732286
0
LINE
8
BLACK
6
CONTINUOUS
10
5.7032990157480317
20
-4.3428666141732286
11
5.7037467716535435
21
-4.3424119685039368
0
LINE
8
BLACK
6
CONTINUOUS
10
5.7037467716535435
20
-4.3424119685039368
11
5.7040364960629919
21
-4.3418433858267713
0
LINE
8
BLACK
6
CONTINUOUS
10
5.7040364960629919
20
-4.3418433858267713
11
5.7059112598425195
21
-4.3399686614173225
0
LINE
8
BLACK
6
CONTINUOUS
10
5.7059112598425195
20
-4.3399686614173225
11
5.7064798031496062
21
-4.3396789370078741
0
LINE
8
BLACK
6
CONTINUOUS
10
5.7064798031496062
20
-4.3396789370078741
11
5.7069344881889759
21
-4.3392311417322835
0
LINE
8
BLACK
6
CONTINUOUS
10
5.7069344881889759
20
-4.3392311417322835
11
5.7106839763779522
21
-4.337356377952756
0
LINE
8
BLACK
6
CONTINUOUS
10
5.7106839763779522
20
-4.337356377952756
11
5.7111178740157476
21
-4.3372909842519682
0
LINE
8
BLACK
6
CONTINUOUS
10
5.7111178740157476
20
-4.3372909842519682
11
5.7114898031496057
21
-4.3370583070866138
0
LINE
8
BLACK
6
CONTINUOUS
10
5.7114898031496057
20
-4.3370583070866138
11
5.718988858267716
21
-4.3351835433070862
0
LINE
8
BLACK
6
CONTINUOUS
10
5.718988858267716
20
-4.3351835433070862
11
5.7194776771653544
21
-4.3352174015748028
0
LINE
8
BLACK
6
CONTINUOUS
10
5.7194776771653544
20
-4.3352174015748028
11
5.71994374015748
21
-4.3350659842519681
0
LINE
8
BLACK
6
CONTINUOUS
10
5.71994374015748
20
-4.3350659842519681
11
5.7293175590551177
21
-4.3350659842519681
0
LINE
8
BLACK
6
CONTINUOUS
10
5.7293175590551177
20
-4.3350659842519681
11
5.7297835826771655
21
-4.3352174015748028
0
LINE
8
BLACK
6
CONTINUOUS
10
5.7138188582677163
20
-4.3445923622047244
11
5.7110272440944883
21
-4.3459881496062991
0
LINE
8
BLACK
6
CONTINUOUS
10
5.7110272440944883
20
-4.3459881496062991
11
5.710056062992126
21
-4.3469593700787401
0
LINE
8
BLACK
6
CONTINUOUS
10
5.710056062992126
20
-4.3469593700787401
11
5.7088826377952753
21
-4.3493062204724406
0
LINE
8
BLACK
6
CONTINUOUS
10
5.7088826377952753
20
-4.3493062204724406
11
5.7088826377952753
21
-4.3511968897637798
0
LINE
8
BLACK
6
CONTINUOUS
10
5.7088826377952753
20
-4.3511968897637798
11
5.710056062992126
21
-4.3535437401574804
0
LINE
8
BLACK
6
CONTINUOUS
10
5.710056062992126
20
-4.3535437401574804
11
5.7110272440944883
21
-4.3545149606299214
0
LINE
8
BLACK
6
CONTINUOUS
10
5.7110272440944883
20
-4.3545149606299214
11
5.7138188582677163
21
-4.355910748031496
0
LINE
8
BLACK
6
CONTINUOUS
10
5.7138188582677163
20
-4.355910748031496
11
5.7204283464566927
21
-4.3575631496062988
0
LINE
8
BLACK
6
CONTINUOUS
10
5.7204283464566927
20
-4.3575631496062988
11
5.7288329133858262
21
-4.3575631496062988
0
LINE
8
BLACK
6
CONTINUOUS
10
5.7288329133858262
20
-4.3575631496062988
11
5.7354424015748027
21
-4.355910748031496
0
LINE
8
BLACK
6
CONTINUOUS
10
5.7354424015748027
20
-4.355910748031496
11
5.7382340944881891
21
-4.3545148818897639
0
LINE
8
BLACK
6
CONTINUOUS
10
5.7382340944881891
20
-4.3545148818897639
11
5.7392052755905514
21
-4.3535437401574804
0
LINE
8
BLACK
6
CONTINUOUS
10
5.7392052755905514
20
-4.3535437401574804
11
5.7403787007874012
21
-4.3511969291338586
0
LINE
8
BLACK
6
CONTINUOUS
10
5.7403787007874012
20
-4.3511969291338586
11
5.7403787007874012
21
-4.3493062204724406
0
LINE
8
BLACK
6
CONTINUOUS
10
5.7403787007874012
20
-4.3493062204724406
11
5.7392052755905514
21
-4.3469593700787401
0
LINE
8
BLACK
6
CONTINUOUS
10
5.7392052755905514
20
-4.3469593700787401
11
5.7382340944881891
21
-4.3459882283464566
0
LINE
8
BLACK
6
CONTINUOUS
10
5.7382340944881891
20
-4.3459882283464566
11
5.7354424015748027
21
-4.3445923622047244
0
LINE
8
BLACK
6
CONTINUOUS
10
5.7354424015748027
20
-4.3445923622047244
11
5.7288329133858262
21
-4.3429399999999996
0
LINE
8
BLACK
6
CONTINUOUS
10
5.7288329133858262
20
-4.3429399999999996
11
5.7204283464566927
21
-4.3429399999999996
0
LINE
8
BLACK
6
CONTINUOUS
10
5.7204283464566927
20
-4.3429399999999996
11
5.7138188582677163
21
-4.3445923622047244
0
LINE
8
BLACK
6
CONTINUOUS
10
5.6873499999999995
20
-4.3119078740157484
11
5.6892248031496058
21
-4.3137825984251972
0
LINE
8
BLACK
6
CONTINUOUS
10
5.6892248031496058
20
-4.3137825984251972
11
5.6896368503937005
21
-4.3145913385826766
0
LINE
8
BLACK
6
CONTINUOUS
10
5.6896368503937005
20
-4.3145913385826766
11
5.6901759055118113
21
-4.3153215354330712
0
LINE
8
BLACK
6
CONTINUOUS
10
5.6901759055118113
20
-4.3153215354330712
11
5.6920506692913388
21
-4.3209458267716538
0
LINE
8
BLACK
6
CONTINUOUS
10
5.6920506692913388
20
-4.3209458267716538
11
5.6920555118110236
21
-4.3215838976377956
0
LINE
8
BLACK
6
CONTINUOUS
10
5.6920555118110236
20
-4.3215838976377956
11
5.6922527165354326
21
-4.3221908267716538
0
LINE
8
BLACK
6
CONTINUOUS
10
5.6922527165354326
20
-4.3221908267716538
11
5.6922527165354326
21
-4.3259403543307089
0
LINE
8
BLACK
6
CONTINUOUS
10
5.6922527165354326
20
-4.3259403543307089
11
5.6920555118110236
21
-4.3265472440944883
0
LINE
8
BLACK
6
CONTINUOUS
10
5.6920555118110236
20
-4.3265472440944883
11
5.6920506692913388
21
-4.3271853543307088
0
LINE
8
BLACK
6
CONTINUOUS
10
5.6920506692913388
20
-4.3271853543307088
11
5.6901759055118113
21
-4.3328096456692915
0
LINE
8
BLACK
6
CONTINUOUS
10
5.6901759055118113
20
-4.3328096456692915
11
5.6896369685039367
21
-4.3335396850393701
0
LINE
8
BLACK
6
CONTINUOUS
10
5.6896369685039367
20
-4.3335396850393701
11
5.6892248425196845
21
-4.3343485433070867
0
LINE
8
BLACK
6
CONTINUOUS
10
5.6892248425196845
20
-4.3343485433070867
11
5.6854752362204719
21
-4.3380980708661419
0
LINE
8
BLACK
6
CONTINUOUS
10
5.6854752362204719
20
-4.3380980708661419
11
5.684906692913386
21
-4.3383877165354328
0
LINE
8
BLACK
6
CONTINUOUS
10
5.684906692913386
20
-4.3383877165354328
11
5.6844520472440943
21
-4.3388355511811021
0
LINE
8
BLACK
6
CONTINUOUS
10
5.6844520472440943
20
-4.3388355511811021
11
5.6807025196850391
21
-4.3407103149606296
0
LINE
8
BLACK
6
CONTINUOUS
10
5.6807025196850391
20
-4.3407103149606296
11
5.6802685826771651
21
-4.3407756692913386
0
LINE
8
BLACK
6
CONTINUOUS
10
5.6802685826771651
20
-4.3407756692913386
11
5.6798966929133856
21
-4.3410083858267718
0
LINE
8
BLACK
6
CONTINUOUS
10
5.6798966929133856
20
-4.3410083858267718
11
5.6723976771653541
21
-4.3428831496062994
0
LINE
8
BLACK
6
CONTINUOUS
10
5.6723976771653541
20
-4.3428831496062994
11
5.6719088188976379
21
-4.342849251968504
0
LINE
8
BLACK
6
CONTINUOUS
10
5.6719088188976379
20
-4.342849251968504
11
5.6714427952755901
21
-4.3430007086614175
0
LINE
8
BLACK
6
CONTINUOUS
10
5.6714427952755901
20
-4.3430007086614175
11
5.6658185039370075
21
-4.3430007086614175
0
LINE
8
BLACK
6
CONTINUOUS
10
5.6658185039370075
20
-4.3430007086614175
11
5.6653524409448819
21
-4.342849251968504
0
LINE
8
BLACK
6
CONTINUOUS
10
5.6653524409448819
20
-4.342849251968504
11
5.6648636220472444
21
-4.3428831496062994
0
LINE
8
BLACK
6
CONTINUOUS
10
5.6648636220472444
20
-4.3428831496062994
11
5.6573645669291341
21
-4.3410083858267718
0
LINE
8
BLACK
6
CONTINUOUS
10
5.6573645669291341
20
-4.3410083858267718
11
5.6569926377952751
21
-4.3407756692913386
0
LINE
8
BLACK
6
CONTINUOUS
10
5.6569926377952751
20
-4.3407756692913386
11
5.6565587401574806
21
-4.3407103149606296
0
LINE
8
BLACK
6
CONTINUOUS
10
5.6565587401574806
20
-4.3407103149606296
11
5.6528092519685034
21
-4.3388355511811021
0
LINE
8
BLACK
6
CONTINUOUS
10
5.6528092519685034
20
-4.3388355511811021
11
5.6523546062992125
21
-4.3383877559055115
0
LINE
8
BLACK
6
CONTINUOUS
10
5.6523546062992125
20
-4.3383877559055115
11
5.651786023622047
21
-4.3380980708661419
0
LINE
8
BLACK
6
CONTINUOUS
10
5.651786023622047
20
-4.3380980708661419
11
5.6480364960629919
21
-4.3343485433070867
0
LINE
8
BLACK
6
CONTINUOUS
10
5.6480364960629919
20
-4.3343485433070867
11
5.6476243700787396
21
-4.3335397244094489
0
LINE
8
BLACK
6
CONTINUOUS
10
5.6476243700787396
20
-4.3335397244094489
11
5.647085433070866
21
-4.3328096062992127
0
LINE
8
BLACK
6
CONTINUOUS
10
5.647085433070866
20
-4.3328096062992127
11
5.6452106692913384
21
-4.3271853543307088
0
LINE
8
BLACK
6
CONTINUOUS
10
5.6452106692913384
20
-4.3271853543307088
11
5.6452057874015749
21
-4.3265472440944883
0
LINE
8
BLACK
6
CONTINUOUS
10
5.6452057874015749
20
-4.3265472440944883
11
5.6450086220472437
21
-4.3259403543307089
0
LINE
8
BLACK
6
CONTINUOUS
10
5.6450086220472437
20
-4.3259403543307089
11
5.6450086220472437
21
-4.3221908267716538
0
LINE
8
BLACK
6
CONTINUOUS
10
5.6450086220472437
20
-4.3221908267716538
11
5.6452057874015749
21
-4.3215838976377956
0
LINE
8
BLACK
6
CONTINUOUS
10
5.6452057874015749
20
-4.3215838976377956
11
5.6452106692913384
21
-4.3209458267716538
0
LINE
8
BLACK
6
CONTINUOUS
10
5.6452106692913384
20
-4.3209458267716538
11
5.647085433070866
21
-4.3153215748031499
0
LINE
8
BLACK
6
CONTINUOUS
10
5.647085433070866
20
-4.3153215748031499
11
5.6476243700787396
21
-4.3145914173228341
0
LINE
8
BLACK
6
CONTINUOUS
10
5.6476243700787396
20
-4.3145914173228341
11
5.6480364960629919
21
-4.3137826377952759
0
LINE
8
BLACK
6
CONTINUOUS
10
5.6480364960629919
20
-4.3137826377952759
11
5.6499112598425194
21
-4.3119079133858262
0
LINE
8
BLACK
6
CONTINUOUS
10
5.6499112598425194
20
-4.3119079133858262
11
5.6520792519685035
21
-4.3108032283464564
0
LINE
8
BLACK
6
CONTINUOUS
10
5.6520792519685035
20
-4.3108032283464564
11
5.6544825196850397
21
-4.3111838582677162
0
LINE
8
BLACK
6
CONTINUOUS
10
5.6544825196850397
20
-4.3111838582677162
11
5.6562030708661419
21
-4.3129044094488185
0
LINE
8
BLACK
6
CONTINUOUS
10
5.6562030708661419
20
-4.3129044094488185
11
5.6565837007874018
21
-4.3153076771653538
0
LINE
8
BLACK
6
CONTINUOUS
10
5.6565837007874018
20
-4.3153076771653538
11
5.655479015748031
21
-4.3174756692913387
0
LINE
8
BLACK
6
CONTINUOUS
10
5.655479015748031
20
-4.3174756692913387
11
5.6542614173228349
21
-4.318693228346457
0
LINE
8
BLACK
6
CONTINUOUS
10
5.6542614173228349
20
-4.318693228346457
11
5.6528826377952752
21
-4.3228296850393697
0
LINE
8
BLACK
6
CONTINUOUS
10
5.6528826377952752
20
-4.3228296850393697
11
5.6528826377952752
21
-4.3253014960629921
0
LINE
8
BLACK
6
CONTINUOUS
10
5.6528826377952752
20
-4.3253014960629921
11
5.6542614173228349
21
-4.3294378740157482
0
LINE
8
BLACK
6
CONTINUOUS
10
5.6542614173228349
20
-4.3294378740157482
11
5.6569020866141733
21
-4.3320785433070865
0
LINE
8
BLACK
6
CONTINUOUS
10
5.6569020866141733
20
-4.3320785433070865
11
5.6596936220472438
21
-4.3334742913385824
0
LINE
8
BLACK
6
CONTINUOUS
10
5.6596936220472438
20
-4.3334742913385824
11
5.6663031102362202
21
-4.335126692913386
0
LINE
8
BLACK
6
CONTINUOUS
10
5.6663031102362202
20
-4.335126692913386
11
5.6709581496062995
21
-4.335126692913386
0
LINE
8
BLACK
6
CONTINUOUS
10
5.6709581496062995
20
-4.335126692913386
11
5.6775676377952751
21
-4.3334742913385824
0
LINE
8
BLACK
6
CONTINUOUS
10
5.6775676377952751
20
-4.3334742913385824
11
5.6803593307086615
21
-4.332078464566929
0
LINE
8
BLACK
6
CONTINUOUS
10
5.6803593307086615
20
-4.332078464566929
11
5.6829998818897636
21
-4.329437913385827
0
LINE
8
BLACK
6
CONTINUOUS
10
5.6829998818897636
20
-4.329437913385827
11
5.6843787007874012
21
-4.3253014960629921
0
LINE
8
BLACK
6
CONTINUOUS
10
5.6843787007874012
20
-4.3253014960629921
11
5.6843787007874012
21
-4.322829645669291
0
LINE
8
BLACK
6
CONTINUOUS
10
5.6843787007874012
20
-4.322829645669291
11
5.6829998818897636
21
-4.318693228346457
0
LINE
8
BLACK
6
CONTINUOUS
10
5.6829998818897636
20
-4.318693228346457
11
5.6817822834645666
21
-4.3174756692913387
0
LINE
8
BLACK
6
CONTINUOUS
10
5.6817822834645666
20
-4.3174756692913387
11
5.6806775984251967
21
-4.3153076771653538
0
LINE
8
BLACK
6
CONTINUOUS
10
5.6806775984251967
20
-4.3153076771653538
11
5.6810581889763778
21
-4.3129044488188972
0
LINE
8
BLACK
6
CONTINUOUS
10
5.6810581889763778
20
-4.3129044488188972
11
5.6827787401574801
21
-4.3111838582677162
0
LINE
8
BLACK
6
CONTINUOUS
10
5.6827787401574801
20
-4.3111838582677162
11
5.6851819685039366
21
-4.3108031889763776
0
LINE
8
BLACK
6
CONTINUOUS
10
5.6851819685039366
20
-4.3108031889763776
11
5.6873499999999995
21
-4.3119078740157484
0
LINE
8
BLACK
6
CONTINUOUS
10
6.5008953149606299
20
-4.135618779527559
11
6.501024566929134
21
-4.135596023622047
0
LINE
8
BLACK
6
CONTINUOUS
10
6.501024566929134
20
-4.135596023622047
11
6.501138149606299
21
-4.1356616141732285
0
LINE
8
BLACK
6
CONTINUOUS
10
6.501138149606299
20
-4.1356616141732285
11
6.5015217322834644
21
-4.1357292519685043
0
LINE
8
BLACK
6
CONTINUOUS
10
6.5015217322834644
20
-4.1357292519685043
11
6.5021094094488188
21
-4.1362223622047241
0
LINE
8
BLACK
6
CONTINUOUS
10
6.5021094094488188
20
-4.1362223622047241
11
6.5027737401574806
21
-4.1366059448818895
0
LINE
8
BLACK
6
CONTINUOUS
10
6.5027737401574806
20
-4.1366059448818895
11
6.5028648425196849
21
-4.1368562598425198
0
LINE
8
BLACK
6
CONTINUOUS
10
6.5028648425196849
20
-4.1368562598425198
11
6.5030689763779526
21
-4.1370275590551184
0
LINE
8
BLACK
6
CONTINUOUS
10
6.5030689763779526
20
-4.1370275590551184
11
6.5032022047244089
21
-4.1377831102362208
0
LINE
8
BLACK
6
CONTINUOUS
10
6.5032022047244089
20
-4.1377831102362208
11
6.503464566929134
21
-4.138503937007874
0
LINE
8
BLACK
6
CONTINUOUS
10
6.503464566929134
20
-4.138503937007874
11
6.503464566929134
21
-4.3385039370078742
0
LINE
8
BLACK
6
CONTINUOUS
10
6.503464566929134
20
-4.3385039370078742
11
6.5033969291338583
21
-4.3388874409448821
0
LINE
8
BLACK
6
CONTINUOUS
10
6.5033969291338583
20
-4.3388874409448821
11
6.5034197244094489
21
-4.3390166929133853
0
LINE
8
BLACK
6
CONTINUOUS
10
6.5034197244094489
20
-4.3390166929133853
11
6.5033540944881887
21
-4.3391302755905512
0
LINE
8
BLACK
6
CONTINUOUS
10
6.5033540944881887
20
-4.3391302755905512
11
6.5032864960629917
21
-4.3395138582677166
0
LINE
8
BLACK
6
CONTINUOUS
10
6.5032864960629917
20
-4.3395138582677166
11
6.5027933464566932
21
-4.340101535433071
0
LINE
8
BLACK
6
CONTINUOUS
10
6.5027933464566932
20
-4.340101535433071
11
6.5024098031496065
21
-4.3407658661417319
0
LINE
8
BLACK
6
CONTINUOUS
10
6.5024098031496065
20
-4.3407658661417319
11
6.5021594488188974
21
-4.3408569685039371
0
LINE
8
BLACK
6
CONTINUOUS
10
6.5021594488188974
20
-4.3408569685039371
11
6.5019881889763775
21
-4.3410611023622048
0
LINE
8
BLACK
6
CONTINUOUS
10
6.5019881889763775
20
-4.3410611023622048
11
6.5012325984251964
21
-4.3411943307086611
0
LINE
8
BLACK
6
CONTINUOUS
10
6.5012325984251964
20
-4.3411943307086611
11
6.500511811023622
21
-4.3414566929133853
0
LINE
8
BLACK
6
CONTINUOUS
10
6.500511811023622
20
-4.3414566929133853
11
6.4105118110236221
21
-4.3414566929133853
0
LINE
8
BLACK
6
CONTINUOUS
10
6.4105118110236221
20
-4.3414566929133853
11
6.4095018897637797
21
-4.3412786220472439
0
LINE
8
BLACK
6
CONTINUOUS
10
6.4095018897637797
20
-4.3412786220472439
11
6.4079546456692915
21
-4.3399803149606297
0
LINE
8
BLACK
6
CONTINUOUS
10
6.4079546456692915
20
-4.3399803149606297
11
6.4076038976377951
21
-4.3379911811023621
0
LINE
8
BLACK
6
CONTINUOUS
10
6.4076038976377951
20
-4.3379911811023621
11
6.4086138188976376
21
-4.3362420078740156
0
LINE
8
BLACK
6
CONTINUOUS
10
6.4086138188976376
20
-4.3362420078740156
11
6.4105118110236221
21
-4.3355511811023622
0
LINE
8
BLACK
6
CONTINUOUS
10
6.4105118110236221
20
-4.3355511811023622
11
6.4975590551181099
21
-4.3355511811023622
0
LINE
8
BLACK
6
CONTINUOUS
10
6.4975590551181099
20
-4.3355511811023622
11
6.4975590551181099
21
-4.141456692913386
0
LINE
8
BLACK
6
CONTINUOUS
10
6.4975590551181099
20
-4.141456692913386
11
6.4105118110236221
21
-4.141456692913386
0
LINE
8
BLACK
6
CONTINUOUS
10
6.4105118110236221
20
-4.141456692913386
11
6.4095018897637797
21
-4.1412786220472437
0
LINE
8
BLACK
6
CONTINUOUS
10
6.4095018897637797
20
-4.1412786220472437
11
6.4079546456692915
21
-4.1399803149606296
0
LINE
8
BLACK
6
CONTINUOUS
10
6.4079546456692915
20
-4.1399803149606296
11
6.4076038976377951
21
-4.137991181102362
0
LINE
8
BLACK
6
CONTINUOUS
10
6.4076038976377951
20
-4.137991181102362
11
6.4086138188976376
21
-4.1362420078740154
0
LINE
8
BLACK
6
CONTINUOUS
10
6.4086138188976376
20
-4.1362420078740154
11
6.4105118110236221
21
-4.135551181102362
0
LINE
8
BLACK
6
CONTINUOUS
10
6.4105118110236221
20
-4.135551181102362
11
6.500511811023622
21
-4.135551181102362
0
LINE
8
BLACK
6
CONTINUOUS
10
6.500511811023622
20
-4.135551181102362
11
6.5008953149606299
21
-4.135618779527559
0
LINE
8
BLACK
6
CONTINUOUS
10
5.7168011023622043
20
-4.2977678346456694
11
5.7174392125984248
21
-4.2977727165354329
0
LINE
8
BLACK
6
CONTINUOUS
10
5.7174392125984248
20
-4.2977727165354329
11
5.7230634645669287
21
-4.2996474803149605
0
LINE
8
BLACK
6
CONTINUOUS
10
5.7230634645669287
20
-4.2996474803149605
11
5.7237935826771649
21
-4.3001864173228341
0
LINE
8
BLACK
6
CONTINUOUS
10
5.7237935826771649
20
-4.3001864173228341
11
5.7246024015748027
21
-4.3005985433070864
0
LINE
8
BLACK
6
CONTINUOUS
10
5.7246024015748027
20
-4.3005985433070864
11
5.7403787007874012
21
-4.3163748031496061
0
LINE
8
BLACK
6
CONTINUOUS
10
5.7403787007874012
20
-4.3163748031496061
11
5.7403787007874012
21
-4.301507677165354
0
LINE
8
BLACK
6
CONTINUOUS
10
5.7403787007874012
20
-4.301507677165354
11
5.7411305905511814
21
-4.2991935433070863
0
LINE
8
BLACK
6
CONTINUOUS
10
5.7411305905511814
20
-4.2991935433070863
11
5.7430990944881888
21
-4.2977633464566924
0
LINE
8
BLACK
6
CONTINUOUS
10
5.7430990944881888
20
-4.2977633464566924
11
5.7455323228346451
21
-4.2977633464566924
0
LINE
8
BLACK
6
CONTINUOUS
10
5.7455323228346451
20
-4.2977633464566924
11
5.7475008267716534
21
-4.2991935433070863
0
LINE
8
BLACK
6
CONTINUOUS
10
5.7475008267716534
20
-4.2991935433070863
11
5.7482527165354327
21
-4.301507677165354
0
LINE
8
BLACK
6
CONTINUOUS
10
5.7482527165354327
20
-4.301507677165354
11
5.7482527165354327
21
-4.3258796062992122
0
LINE
8
BLACK
6
CONTINUOUS
10
5.7482527165354327
20
-4.3258796062992122
11
5.7479678346456691
21
-4.3267563385826771
0
LINE
8
BLACK
6
CONTINUOUS
10
5.7479678346456691
20
-4.3267563385826771
11
5.7478236220472443
21
-4.3276669685039373
0
LINE
8
BLACK
6
CONTINUOUS
10
5.7478236220472443
20
-4.3276669685039373
11
5.7475989763779527
21
-4.3278915748031492
0
LINE
8
BLACK
6
CONTINUOUS
10
5.7475989763779527
20
-4.3278915748031492
11
5.7475008267716534
21
-4.3281937401574799
0
LINE
8
BLACK
6
CONTINUOUS
10
5.7475008267716534
20
-4.3281937401574799
11
5.746754881889764
21
-4.3287356692913388
0
LINE
8
BLACK
6
CONTINUOUS
10
5.746754881889764
20
-4.3287356692913388
11
5.746103070866142
21
-4.3293875196850395
0
LINE
8
BLACK
6
CONTINUOUS
10
5.746103070866142
20
-4.3293875196850395
11
5.7457892913385828
21
-4.3294372047244094
0
LINE
8
BLACK
6
CONTINUOUS
10
5.7457892913385828
20
-4.3294372047244094
11
5.7455323228346451
21
-4.3296239370078737
0
LINE
8
BLACK
6
CONTINUOUS
10
5.7455323228346451
20
-4.3296239370078737
11
5.7446103937007873
21
-4.3296239370078737
0
LINE
8
BLACK
6
CONTINUOUS
10
5.7446103937007873
20
-4.3296239370078737
11
5.7436998425196846
21
-4.3297681496062994
0
LINE
8
BLACK
6
CONTINUOUS
10
5.7436998425196846
20
-4.3297681496062994
11
5.7434168110236223
21
-4.3296239370078737
0
LINE
8
BLACK
6
CONTINUOUS
10
5.7434168110236223
20
-4.3296239370078737
11
5.7430990944881888
21
-4.3296239370078737
0
LINE
8
BLACK
6
CONTINUOUS
10
5.7430990944881888
20
-4.3296239370078737
11
5.7423531889763781
21
-4.3290820078740158
0
LINE
8
BLACK
6
CONTINUOUS
10
5.7423531889763781
20
-4.3290820078740158
11
5.7415318110236218
21
-4.3286635039370074
0
LINE
8
BLACK
6
CONTINUOUS
10
5.7415318110236218
20
-4.3286635039370074
11
5.7196917322834642
21
-4.3068234645669294
0
LINE
8
BLACK
6
CONTINUOUS
10
5.7196917322834642
20
-4.3068234645669294
11
5.7155553543307089
21
-4.3054446850393697
0
LINE
8
BLACK
6
CONTINUOUS
10
5.7155553543307089
20
-4.3054446850393697
11
5.7133740944881888
21
-4.3054446850393697
0
LINE
8
BLACK
6
CONTINUOUS
10
5.7133740944881888
20
-4.3054446850393697
11
5.7110272440944883
21
-4.3066180708661417
0
LINE
8
BLACK
6
CONTINUOUS
10
5.7110272440944883
20
-4.3066180708661417
11
5.710056062992126
21
-4.3075892913385827
0
LINE
8
BLACK
6
CONTINUOUS
10
5.710056062992126
20
-4.3075892913385827
11
5.7088826377952753
21
-4.3099361417322832
0
LINE
8
BLACK
6
CONTINUOUS
10
5.7088826377952753
20
-4.3099361417322832
11
5.7088826377952753
21
-4.3174511023622042
0
LINE
8
BLACK
6
CONTINUOUS
10
5.7088826377952753
20
-4.3174511023622042
11
5.710056062992126
21
-4.3197979527559056
0
LINE
8
BLACK
6
CONTINUOUS
10
5.710056062992126
20
-4.3197979527559056
11
5.7114790157480311
21
-4.3212209448818895
0
LINE
8
BLACK
6
CONTINUOUS
10
5.7114790157480311
20
-4.3212209448818895
11
5.7125837007874019
21
-4.3233889370078735
0
LINE
8
BLACK
6
CONTINUOUS
10
5.7125837007874019
20
-4.3233889370078735
11
5.712203070866142
21
-4.3257922047244097
0
LINE
8
BLACK
6
CONTINUOUS
10
5.712203070866142
20
-4.3257922047244097
11
5.7104825196850388
21
-4.327512755905512
0
LINE
8
BLACK
6
CONTINUOUS
10
5.7104825196850388
20
-4.327512755905512
11
5.7080792519685035
21
-4.3278933858267719
0
LINE
8
BLACK
6
CONTINUOUS
10
5.7080792519685035
20
-4.3278933858267719
11
5.7059112598425195
21
-4.3267887007874011
0
LINE
8
BLACK
6
CONTINUOUS
10
5.7059112598425195
20
-4.3267887007874011
11
5.7040364960629919
21
-4.3249139763779523
0
LINE
8
BLACK
6
CONTINUOUS
10
5.7040364960629919
20
-4.3249139763779523
11
5.7037467716535435
21
-4.3243453543307089
0
LINE
8
BLACK
6
CONTINUOUS
10
5.7037467716535435
20
-4.3243453543307089
11
5.7032990157480317
21
-4.3238907480314959
0
LINE
8
BLACK
6
CONTINUOUS
10
5.7032990157480317
20
-4.3238907480314959
11
5.7014242519685041
21
-4.3201412204724408
0
LINE
8
BLACK
6
CONTINUOUS
10
5.7014242519685041
20
-4.3201412204724408
11
5.7012890551181101
21
-4.3192436614173229
0
LINE
8
BLACK
6
CONTINUOUS
10
5.7012890551181101
20
-4.3192436614173229
11
5.7010086220472438
21
-4.318380551181102
0
LINE
8
BLACK
6
CONTINUOUS
10
5.7010086220472438
20
-4.318380551181102
11
5.7010086220472438
21
-4.3090067322834642
0
LINE
8
BLACK
6
CONTINUOUS
10
5.7010086220472438
20
-4.3090067322834642
11
5.7012890551181101
21
-4.3081435826771655
0
LINE
8
BLACK
6
CONTINUOUS
10
5.7012890551181101
20
-4.3081435826771655
11
5.7014242519685041
21
-4.3072460629921263
0
LINE
8
BLACK
6
CONTINUOUS
10
5.7014242519685041
20
-4.3072460629921263
11
5.7032990157480317
21
-4.3034965354330712
0
LINE
8
BLACK
6
CONTINUOUS
10
5.7032990157480317
20
-4.3034965354330712
11
5.7037467716535435
21
-4.3030418897637794
0
LINE
8
BLACK
6
CONTINUOUS
10
5.7037467716535435
20
-4.3030418897637794
11
5.7040364960629919
21
-4.3024733070866139
0
LINE
8
BLACK
6
CONTINUOUS
10
5.7040364960629919
20
-4.3024733070866139
11
5.7059112598425195
21
-4.3005985826771651
0
LINE
8
BLACK
6
CONTINUOUS
10
5.7059112598425195
20
-4.3005985826771651
11
5.7064798031496062
21
-4.3003088582677167
0
LINE
8
BLACK
6
CONTINUOUS
10
5.7064798031496062
20
-4.3003088582677167
11
5.7069344881889759
21
-4.2998610629921261
0
LINE
8
BLACK
6
CONTINUOUS
10
5.7069344881889759
20
-4.2998610629921261
11
5.7106839763779522
21
-4.2979862992125986
0
LINE
8
BLACK
6
CONTINUOUS
10
5.7106839763779522
20
-4.2979862992125986
11
5.711581535433071
21
-4.2978511023622046
0
LINE
8
BLACK
6
CONTINUOUS
10
5.711581535433071
20
-4.2978511023622046
11
5.7124446850393698
21
-4.2975706692913382
0
LINE
8
BLACK
6
CONTINUOUS
10
5.7124446850393698
20
-4.2975706692913382
11
5.7161942125984249
21
-4.2975706692913382
0
LINE
8
BLACK
6
CONTINUOUS
10
5.7161942125984249
20
-4.2975706692913382
11
5.7168011023622043
21
-4.2977678346456694
0
LINE
8
BLACK
6
CONTINUOUS
10
6.2779196062992124
20
-4.2506004330708658
11
6.2792495669291339
21
-4.2508725984251967
0
LINE
8
BLACK
6
CONTINUOUS
10
6.2792495669291339
20
-4.2508725984251967
11
6.2848738582677166
21
-4.2536847637795274
0
LINE
8
BLACK
6
CONTINUOUS
10
6.2848738582677166
20
-4.2536847637795274
11
6.285585196850394
21
-4.2543155511811026
0
LINE
8
BLACK
6
CONTINUOUS
10
6.285585196850394
20
-4.2543155511811026
11
6.2864086614173225
21
-4.2547909842519687
0
LINE
8
BLACK
6
CONTINUOUS
10
6.2864086614173225
20
-4.2547909842519687
11
6.2920329527559051
21
-4.2604152755905513
0
LINE
8
BLACK
6
CONTINUOUS
10
6.2920329527559051
20
-4.2604152755905513
11
6.2920585826771651
21
-4.2604596850393701
0
LINE
8
BLACK
6
CONTINUOUS
10
6.2920585826771651
20
-4.2604596850393701
11
6.2921025984251964
21
-4.2604861023622043
0
LINE
8
BLACK
6
CONTINUOUS
10
6.2921025984251964
20
-4.2604861023622043
11
6.2928210236220474
21
-4.2617802755905512
0
LINE
8
BLACK
6
CONTINUOUS
10
6.2928210236220474
20
-4.2617802755905512
11
6.2935614173228345
21
-4.2630626377952758
0
LINE
8
BLACK
6
CONTINUOUS
10
6.2935614173228345
20
-4.2630626377952758
11
6.2935614173228345
21
-4.2631139370078737
0
LINE
8
BLACK
6
CONTINUOUS
10
6.2935614173228345
20
-4.2631139370078737
11
6.2935862992125982
21
-4.2631587795275587
0
LINE
8
BLACK
6
CONTINUOUS
10
6.2935862992125982
20
-4.2631587795275587
11
6.2963984645669289
21
-4.2744073622047241
0
LINE
8
BLACK
6
CONTINUOUS
10
6.2963984645669289
20
-4.2744073622047241
11
6.2963861811023625
21
-4.2751358661417322
0
LINE
8
BLACK
6
CONTINUOUS
10
6.2963861811023625
20
-4.2751358661417322
11
6.296574803149606
21
-4.2758396850393696
0
LINE
8
BLACK
6
CONTINUOUS
10
6.296574803149606
20
-4.2758396850393696
11
6.296574803149606
21
-4.2955247244094483
0
LINE
8
BLACK
6
CONTINUOUS
10
6.296574803149606
20
-4.2955247244094483
11
6.2963861811023625
21
-4.2962285039370078
0
LINE
8
BLACK
6
CONTINUOUS
10
6.2963861811023625
20
-4.2962285039370078
11
6.2963984645669289
21
-4.2969570472440948
0
LINE
8
BLACK
6
CONTINUOUS
10
6.2963984645669289
20
-4.2969570472440948
11
6.2935862992125982
21
-4.3082056299212601
0
LINE
8
BLACK
6
CONTINUOUS
10
6.2935862992125982
20
-4.3082056299212601
11
6.2935614173228345
21
-4.3082504330708664
0
LINE
8
BLACK
6
CONTINUOUS
10
6.2935614173228345
20
-4.3082504330708664
11
6.2935614173228345
21
-4.3083017322834642
0
LINE
8
BLACK
6
CONTINUOUS
10
6.2935614173228345
20
-4.3083017322834642
11
6.2928213385826774
21
-4.3095835433070864
0
LINE
8
BLACK
6
CONTINUOUS
10
6.2928213385826774
20
-4.3095835433070864
11
6.2921025984251964
21
-4.3108783070866137
0
LINE
8
BLACK
6
CONTINUOUS
10
6.2921025984251964
20
-4.3108783070866137
11
6.2920585826771651
21
-4.31090468503937
0
LINE
8
BLACK
6
CONTINUOUS
10
6.2920585826771651
20
-4.31090468503937
11
6.2920329527559051
21
-4.3109491338582675
0
LINE
8
BLACK
6
CONTINUOUS
10
6.2920329527559051
20
-4.3109491338582675
11
6.2864086614173225
21
-4.3165734645669289
0
LINE
8
BLACK
6
CONTINUOUS
10
6.2864086614173225
20
-4.3165734645669289
11
6.2855852362204727
21
-4.3170488188976375
0
LINE
8
BLACK
6
CONTINUOUS
10
6.2855852362204727
20
-4.3170488188976375
11
6.2848738582677166
21
-4.3176796850393702
0
LINE
8
BLACK
6
CONTINUOUS
10
6.2848738582677166
20
-4.3176796850393702
11
6.2792495669291339
21
-4.3204918110236221
0
LINE
8
BLACK
6
CONTINUOUS
10
6.2792495669291339
20
-4.3204918110236221
11
6.2779196850393699
21
-4.3207639370078743
0
LINE
8
BLACK
6
CONTINUOUS
10
6.2779196850393699
20
-4.3207639370078743
11
6.2766085433070868
21
-4.3211152755905511
0
LINE
8
BLACK
6
CONTINUOUS
10
6.2766085433070868
20
-4.3211152755905511
11
6.2653599606299215
21
-4.3211152755905511
0
LINE
8
BLACK
6
CONTINUOUS
10
6.2653599606299215
20
-4.3211152755905511
11
6.2640487007874013
21
-4.3207638976377956
0
LINE
8
BLACK
6
CONTINUOUS
10
6.2640487007874013
20
-4.3207638976377956
11
6.2627189763779523
21
-4.3204918110236221
0
LINE
8
BLACK
6
CONTINUOUS
10
6.2627189763779523
20
-4.3204918110236221
11
6.2570946456692909
21
-4.3176796850393702
0
LINE
8
BLACK
6
CONTINUOUS
10
6.2570946456692909
20
-4.3176796850393702
11
6.2563832283464569
21
-4.3170488188976375
0
LINE
8
BLACK
6
CONTINUOUS
10
6.2563832283464569
20
-4.3170488188976375
11
6.255559842519685
21
-4.3165734645669289
0
LINE
8
BLACK
6
CONTINUOUS
10
6.255559842519685
20
-4.3165734645669289
11
6.2499355118110236
21
-4.3109491338582675
0
LINE
8
BLACK
6
CONTINUOUS
10
6.2499355118110236
20
-4.3109491338582675
11
6.2499098425196848
21
-4.31090468503937
0
LINE
8
BLACK
6
CONTINUOUS
10
6.2499098425196848
20
-4.31090468503937
11
6.2498658661417323
21
-4.3108783070866137
0
LINE
8
BLACK
6
CONTINUOUS
10
6.2498658661417323
20
-4.3108783070866137
11
6.2491476771653538
21
-4.3095845669291339
0
LINE
8
BLACK
6
CONTINUOUS
10
6.2491476771653538
20
-4.3095845669291339
11
6.2484070472440942
21
-4.308301771653543
0
LINE
8
BLACK
6
CONTINUOUS
10
6.2484070472440942
20
-4.308301771653543
11
6.2484070472440942
21
-4.3082503937007877
0
LINE
8
BLACK
6
CONTINUOUS
10
6.2484070472440942
20
-4.3082503937007877
11
6.2483821653543306
21
-4.3082055905511814
0
LINE
8
BLACK
6
CONTINUOUS
10
6.2483821653543306
20
-4.3082055905511814
11
6.2455700393700786
21
-4.296957007874016
0
LINE
8
BLACK
6
CONTINUOUS
10
6.2455700393700786
20
-4.296957007874016
11
6.2455822834645671
21
-4.2962285433070866
0
LINE
8
BLACK
6
CONTINUOUS
10
6.2455822834645671
20
-4.2962285433070866
11
6.2453937007874014
21
-4.2955247244094483
0
LINE
8
BLACK
6
CONTINUOUS
10
6.2453937007874014
20
-4.2955247244094483
11
6.2453937007874014
21
-4.2758396850393696
0
LINE
8
BLACK
6
CONTINUOUS
10
6.2453937007874014
20
-4.2758396850393696
11
6.2455822834645671
21
-4.2751358267716535
0
LINE
8
BLACK
6
CONTINUOUS
10
6.2455822834645671
20
-4.2751358267716535
11
6.2455700393700786
21
-4.2744074015748028
0
LINE
8
BLACK
6
CONTINUOUS
10
6.2455700393700786
20
-4.2744074015748028
11
6.2483821653543306
21
-4.2631588188976375
0
LINE
8
BLACK
6
CONTINUOUS
10
6.2483821653543306
20
-4.2631588188976375
11
6.2484070472440942
21
-4.2631139763779524
0
LINE
8
BLACK
6
CONTINUOUS
10
6.2484070472440942
20
-4.2631139763779524
11
6.2484070472440942
21
-4.2630626377952758
0
LINE
8
BLACK
6
CONTINUOUS
10
6.2484070472440942
20
-4.2630626377952758
11
6.2491476771653538
21
-4.2617798031496061
0
LINE
8
BLACK
6
CONTINUOUS
10
6.2491476771653538
20
-4.2617798031496061
11
6.2498658661417323
21
-4.2604861023622043
0
LINE
8
BLACK
6
CONTINUOUS
10
6.2498658661417323
20
-4.2604861023622043
11
6.2499098425196848
21
-4.2604596850393701
0
LINE
8
BLACK
6
CONTINUOUS
10
6.2499098425196848
20
-4.2604596850393701
11
6.2499355118110236
21
-4.2604152755905513
0
LINE
8
BLACK
6
CONTINUOUS
10
6.2499355118110236
20
-4.2604152755905513
11
6.255559842519685
21
-4.2547909842519687
0
LINE
8
BLACK
6
CONTINUOUS
10
6.255559842519685
20
-4.2547909842519687
11
6.2563832283464569
21
-4.2543155511811026
0
LINE
8
BLACK
6
CONTINUOUS
10
6.2563832283464569
20
-4.2543155511811026
11
6.2570946456692909
21
-4.2536847637795274
0
LINE
8
BLACK
6
CONTINUOUS
10
6.2570946456692909
20
-4.2536847637795274
11
6.2627188976377948
21
-4.2508725984251967
0
LINE
8
BLACK
6
CONTINUOUS
10
6.2627188976377948
20
-4.2508725984251967
11
6.264048897637795
21
-4.250600393700787
0
LINE
8
BLACK
6
CONTINUOUS
10
6.264048897637795
20
-4.250600393700787
11
6.2653599606299215
21
-4.2502491338582677
0
LINE
8
BLACK
6
CONTINUOUS
10
6.2653599606299215
20
-4.2502491338582677
11
6.2766085433070868
21
-4.2502491338582677
0
LINE
8
BLACK
6
CONTINUOUS
10
6.2766085433070868
20
-4.2502491338582677
11
6.2779196062992124
21
-4.2506004330708658
0
LINE
8
BLACK
6
CONTINUOUS
10
6.2632338188976373
20
-4.2638202362204725
11
6.259443779527559
21
-4.2676103149606295
0
LINE
8
BLACK
6
CONTINUOUS
10
6.259443779527559
20
-4.2676103149606295
11
6.2572047244094486
21
-4.2765665748031498
0
LINE
8
BLACK
6
CONTINUOUS
10
6.2572047244094486
20
-4.2765665748031498
11
6.2572047244094486
21
-4.2947977952755902
0
LINE
8
BLACK
6
CONTINUOUS
10
6.2572047244094486
20
-4.2947977952755902
11
6.259443779527559
21
-4.3037540944881885
0
LINE
8
BLACK
6
CONTINUOUS
10
6.259443779527559
20
-4.3037540944881885
11
6.2632338188976373
21
-4.3075441338582676
0
LINE
8
BLACK
6
CONTINUOUS
10
6.2632338188976373
20
-4.3075441338582676
11
6.2667540551181098
21
-4.3093042519685039
0
LINE
8
BLACK
6
CONTINUOUS
10
6.2667540551181098
20
-4.3093042519685039
11
6.2752144488188977
21
-4.3093042519685039
0
LINE
8
BLACK
6
CONTINUOUS
10
6.2752144488188977
20
-4.3093042519685039
11
6.2787346062992127
21
-4.3075441732283464
0
LINE
8
BLACK
6
CONTINUOUS
10
6.2787346062992127
20
-4.3075441732283464
11
6.2825246456692909
21
-4.3037540944881885
0
LINE
8
BLACK
6
CONTINUOUS
10
6.2825246456692909
20
-4.3037540944881885
11
6.2847637795275588
21
-4.2947977559055115
0
LINE
8
BLACK
6
CONTINUOUS
10
6.2847637795275588
20
-4.2947977559055115
11
6.2847637795275588
21
-4.2765666141732286
0
LINE
8
BLACK
6
CONTINUOUS
10
6.2847637795275588
20
-4.2765666141732286
11
6.2825246456692909
21
-4.2676102755905507
0
LINE
8
BLACK
6
CONTINUOUS
10
6.2825246456692909
20
-4.2676102755905507
11
6.2787346456692914
21
-4.2638202755905512
0
LINE
8
BLACK
6
CONTINUOUS
10
6.2787346456692914
20
-4.2638202755905512
11
6.2752144488188977
21
-4.262060157480315
0
LINE
8
BLACK
6
CONTINUOUS
10
6.2752144488188977
20
-4.262060157480315
11
6.2667540551181098
21
-4.262060157480315
0
LINE
8
BLACK
6
CONTINUOUS
10
6.2667540551181098
20
-4.262060157480315
11
6.2632338188976373
21
-4.2638202362204725
0
LINE
8
BLACK
6
CONTINUOUS
10
6.3393942519685034
20
-4.2504951968503937
11
6.3403433070866138
21
-4.2505522047244098
0
LINE
8
BLACK
6
CONTINUOUS
10
6.3403433070866138
20
-4.2505522047244098
11
6.3487797637795271
21
-4.2533643307086617
0
LINE
8
BLACK
6
CONTINUOUS
10
6.3487797637795271
20
-4.2533643307086617
11
6.349912637795275
21
-4.2541123228346454
0
LINE
8
BLACK
6
CONTINUOUS
10
6.349912637795275
20
-4.2541123228346454
11
6.35108811023622
21
-4.2547909842519687
0
LINE
8
BLACK
6
CONTINUOUS
10
6.35108811023622
20
-4.2547909842519687
11
6.353900236220472
21
-4.2576031102362206
0
LINE
8
BLACK
6
CONTINUOUS
10
6.353900236220472
20
-4.2576031102362206
11
6.3554287007874013
21
-4.2602504724409451
0
LINE
8
BLACK
6
CONTINUOUS
10
6.3554287007874013
20
-4.2602504724409451
11
6.3554287007874013
21
-4.2633074015748029
0
LINE
8
BLACK
6
CONTINUOUS
10
6.3554287007874013
20
-4.2633074015748029
11
6.353900236220472
21
-4.2659547637795274
0
LINE
8
BLACK
6
CONTINUOUS
10
6.353900236220472
20
-4.2659547637795274
11
6.3512528740157475
21
-4.2674832283464568
0
LINE
8
BLACK
6
CONTINUOUS
10
6.3512528740157475
20
-4.2674832283464568
11
6.3481959448818897
21
-4.2674832283464568
0
LINE
8
BLACK
6
CONTINUOUS
10
6.3481959448818897
20
-4.2674832283464568
11
6.3455485826771652
21
-4.2659547637795274
0
LINE
8
BLACK
6
CONTINUOUS
10
6.3455485826771652
20
-4.2659547637795274
11
6.3437222047244095
21
-4.2641283858267718
0
LINE
8
BLACK
6
CONTINUOUS
10
6.3437222047244095
20
-4.2641283858267718
11
6.3375175590551178
21
-4.262060157480315
0
LINE
8
BLACK
6
CONTINUOUS
10
6.3375175590551178
20
-4.262060157480315
11
6.3338099212598422
21
-4.262060157480315
0
LINE
8
BLACK
6
CONTINUOUS
10
6.3338099212598422
20
-4.262060157480315
11
6.3276051181102364
21
-4.2641283858267718
0
LINE
8
BLACK
6
CONTINUOUS
10
6.3276051181102364
20
-4.2641283858267718
11
6.3236442519685037
21
-4.2680892519685036
0
LINE
8
BLACK
6
CONTINUOUS
10
6.3236442519685037
20
-4.2680892519685036
11
6.3215505118110231
21
-4.2722766535433072
0
LINE
8
BLACK
6
CONTINUOUS
10
6.3215505118110231
20
-4.2722766535433072
11
6.3190720078740155
21
-4.2821908661417325
0
LINE
8
BLACK
6
CONTINUOUS
10
6.3190720078740155
20
-4.2821908661417325
11
6.3190720078740155
21
-4.2891735039370076
0
LINE
8
BLACK
6
CONTINUOUS
10
6.3190720078740155
20
-4.2891735039370076
11
6.3215505118110231
21
-4.2990877165354329
0
LINE
8
BLACK
6
CONTINUOUS
10
6.3215505118110231
20
-4.2990877165354329
11
6.3236442519685037
21
-4.3032751181102364
0
LINE
8
BLACK
6
CONTINUOUS
10
6.3236442519685037
20
-4.3032751181102364
11
6.3276050787401577
21
-4.3072359842519683
0
LINE
8
BLACK
6
CONTINUOUS
10
6.3276050787401577
20
-4.3072359842519683
11
6.3338099212598422
21
-4.3093042519685039
0
LINE
8
BLACK
6
CONTINUOUS
10
6.3338099212598422
20
-4.3093042519685039
11
6.3375174409448816
21
-4.3093042519685039
0
LINE
8
BLACK
6
CONTINUOUS
10
6.3375174409448816
20
-4.3093042519685039
11
6.3437222440944883
21
-4.3072359842519683
0
LINE
8
BLACK
6
CONTINUOUS
10
6.3437222440944883
20
-4.3072359842519683
11
6.3455485433070864
21
-4.3054096850393702
0
LINE
8
BLACK
6
CONTINUOUS
10
6.3455485433070864
20
-4.3054096850393702
11
6.3481959055118109
21
-4.3038811811023621
0
LINE
8
BLACK
6
CONTINUOUS
10
6.3481959055118109
20
-4.3038811811023621
11
6.3512528346456696
21
-4.3038811811023621
0
LINE
8
BLACK
6
CONTINUOUS
10
6.3512528346456696
20
-4.3038811811023621
11
6.3539001968503932
21
-4.3054096062992127
0
LINE
8
BLACK
6
CONTINUOUS
10
6.3539001968503932
20
-4.3054096062992127
11
6.3554287007874013
21
-4.3080569685039372
0
LINE
8
BLACK
6
CONTINUOUS
10
6.3554287007874013
20
-4.3080569685039372
11
6.3554287007874013
21
-4.311113897637795
0
LINE
8
BLACK
6
CONTINUOUS
10
6.3554287007874013
20
-4.311113897637795
11
6.3539002755905507
21
-4.3137612598425195
0
LINE
8
BLACK
6
CONTINUOUS
10
6.3539002755905507
20
-4.3137612598425195
11
6.3510881496062987
21
-4.3165734251968502
0
LINE
8
BLACK
6
CONTINUOUS
10
6.3510881496062987
20
-4.3165734251968502
11
6.349912637795275
21
-4.3172520866141735
0
LINE
8
BLACK
6
CONTINUOUS
10
6.349912637795275
20
-4.3172520866141735
11
6.3487797637795271
21
-4.3180001181102359
0
LINE
8
BLACK
6
CONTINUOUS
10
6.3487797637795271
20
-4.3180001181102359
11
6.3403433070866138
21
-4.3208122440944878
0
LINE
8
BLACK
6
CONTINUOUS
10
6.3403433070866138
20
-4.3208122440944878
11
6.339394133858268
21
-4.3208692125984252
0
LINE
8
BLACK
6
CONTINUOUS
10
6.339394133858268
20
-4.3208692125984252
11
6.3384758267716537
21
-4.3211152755905511
0
LINE
8
BLACK
6
CONTINUOUS
10
6.3384758267716537
20
-4.3211152755905511
11
6.332851535433071
21
-4.3211152755905511
0
LINE
8
BLACK
6
CONTINUOUS
10
6.332851535433071
20
-4.3211152755905511
11
6.3319331889763779
21
-4.3208692125984252
0
LINE
8
BLACK
6
CONTINUOUS
10
6.3319331889763779
20
-4.3208692125984252
11
6.33098405511811
21
-4.3208122440944878
0
LINE
8
BLACK
6
CONTINUOUS
10
6.33098405511811
20
-4.3208122440944878
11
6.3225475984251966
21
-4.3180001181102359
0
LINE
8
BLACK
6
CONTINUOUS
10
6.3225475984251966
20
-4.3180001181102359
11
6.3214148031496062
21
-4.317252165354331
0
LINE
8
BLACK
6
CONTINUOUS
10
6.3214148031496062
20
-4.317252165354331
11
6.3202392519685038
21
-4.3165734645669289
0
LINE
8
BLACK
6
CONTINUOUS
10
6.3202392519685038
20
-4.3165734645669289
11
6.3146149606299211
21
-4.3109491338582675
0
LINE
8
BLACK
6
CONTINUOUS
10
6.3146149606299211
20
-4.3109491338582675
11
6.3141395275590551
21
-4.3101257086614169
0
LINE
8
BLACK
6
CONTINUOUS
10
6.3141395275590551
20
-4.3101257086614169
11
6.3135087401574799
21
-4.3094143307086616
0
LINE
8
BLACK
6
CONTINUOUS
10
6.3135087401574799
20
-4.3094143307086616
11
6.3106965748031492
21
-4.303790039370079
0
LINE
8
BLACK
6
CONTINUOUS
10
6.3106965748031492
20
-4.303790039370079
11
6.3105658267716533
21
-4.3031512598425197
0
LINE
8
BLACK
6
CONTINUOUS
10
6.3105658267716533
20
-4.3031512598425197
11
6.3102494488188974
21
-4.3025812992125987
0
LINE
8
BLACK
6
CONTINUOUS
10
6.3102494488188974
20
-4.3025812992125987
11
6.3074373228346454
21
-4.2913327165354334
0
LINE
8
BLACK
6
CONTINUOUS
10
6.3074373228346454
20
-4.2913327165354334
11
6.3074495669291339
21
-4.2906042519685039
0
LINE
8
BLACK
6
CONTINUOUS
10
6.3074495669291339
20
-4.2906042519685039
11
6.3072609842519682
21
-4.2899004330708657
0
LINE
8
BLACK
6
CONTINUOUS
10
6.3072609842519682
20
-4.2899004330708657
11
6.3072609842519682
21
-4.2814639763779523
0
LINE
8
BLACK
6
CONTINUOUS
10
6.3072609842519682
20
-4.2814639763779523
11
6.3074495669291339
21
-4.2807601181102362
0
LINE
8
BLACK
6
CONTINUOUS
10
6.3074495669291339
20
-4.2807601181102362
11
6.3074373228346454
21
-4.2800316929133855
0
LINE
8
BLACK
6
CONTINUOUS
10
6.3074373228346454
20
-4.2800316929133855
11
6.3102494488188974
21
-4.2687831102362201
0
LINE
8
BLACK
6
CONTINUOUS
10
6.3102494488188974
20
-4.2687831102362201
11
6.3105658267716533
21
-4.2682131102362204
0
LINE
8
BLACK
6
CONTINUOUS
10
6.3105658267716533
20
-4.2682131102362204
11
6.3106965748031492
21
-4.2675743700787399
0
LINE
8
BLACK
6
CONTINUOUS
10
6.3106965748031492
20
-4.2675743700787399
11
6.3135087401574799
21
-4.2619500787401572
0
LINE
8
BLACK
6
CONTINUOUS
10
6.3135087401574799
20
-4.2619500787401572
11
6.3141395275590551
21
-4.2612387007874011
0
LINE
8
BLACK
6
CONTINUOUS
10
6.3141395275590551
20
-4.2612387007874011
11
6.3146149606299211
21
-4.2604152755905513
0
LINE
8
BLACK
6
CONTINUOUS
10
6.3146149606299211
20
-4.2604152755905513
11
6.3202392519685038
21
-4.2547909842519687
0
LINE
8
BLACK
6
CONTINUOUS
10
6.3202392519685038
20
-4.2547909842519687
11
6.3214148031496062
21
-4.2541122440944878
0
LINE
8
BLACK
6
CONTINUOUS
10
6.3214148031496062
20
-4.2541122440944878
11
6.3225475984251966
21
-4.2533643700787405
0
LINE
8
BLACK
6
CONTINUOUS
10
6.3225475984251966
20
-4.2533643700787405
11
6.3309840157480313
21
-4.2505522047244098
0
LINE
8
BLACK
6
CONTINUOUS
10
6.3309840157480313
20
-4.2505522047244098
11
6.3319330708661417
21
-4.2504951968503937
0
LINE
8
BLACK
6
CONTINUOUS
10
6.3319330708661417
20
-4.2504951968503937
11
6.332851535433071
21
-4.2502491338582677
0
LINE
8
BLACK
6
CONTINUOUS
10
6.332851535433071
20
-4.2502491338582677
11
6.3384758267716537
21
-4.2502491338582677
0
LINE
8
BLACK
6
CONTINUOUS
10
6.3384758267716537
20
-4.2502491338582677
11
6.3393942519685034
21
-4.2504951968503937
0
LINE
8
BLACK
6
CONTINUOUS
10
5.6906298425196846
20
-4.2721365748031497
11
5.6920600393700784
21
-4.2741050787401571
0
LINE
8
BLACK
6
CONTINUOUS
10
5.6920600393700784
20
-4.2741050787401571
11
5.6920600393700784
21
-4.2765383070866143
0
LINE
8
BLACK
6
CONTINUOUS
10
5.6920600393700784
20
-4.2765383070866143
11
5.6906298425196846
21
-4.2785068110236217
0
LINE
8
BLACK
6
CONTINUOUS
10
5.6906298425196846
20
-4.2785068110236217
11
5.6883157086614169
21
-4.2792587007874019
0
LINE
8
BLACK
6
CONTINUOUS
10
5.6883157086614169
20
-4.2792587007874019
11
5.6716302755905508
21
-4.2792587007874019
0
LINE
8
BLACK
6
CONTINUOUS
10
5.6716302755905508
20
-4.2792587007874019
11
5.6716302755905508
21
-4.2938818503937011
0
LINE
8
BLACK
6
CONTINUOUS
10
5.6716302755905508
20
-4.2938818503937011
11
5.6883157086614169
21
-4.2938818503937011
0
LINE
8
BLACK
6
CONTINUOUS
10
5.6883157086614169
20
-4.2938818503937011
11
5.6906298425196846
21
-4.2946337401574803
0
LINE
8
BLACK
6
CONTINUOUS
10
5.6906298425196846
20
-4.2946337401574803
11
5.6920600393700784
21
-4.2966022440944878
0
LINE
8
BLACK
6
CONTINUOUS
10
5.6920600393700784
20
-4.2966022440944878
11
5.6920600393700784
21
-4.299035472440945
0
LINE
8
BLACK
6
CONTINUOUS
10
5.6920600393700784
20
-4.299035472440945
11
5.6906298425196846
21
-4.3010039763779524
0
LINE
8
BLACK
6
CONTINUOUS
10
5.6906298425196846
20
-4.3010039763779524
11
5.6883157086614169
21
-4.3017558661417326
0
LINE
8
BLACK
6
CONTINUOUS
10
5.6883157086614169
20
-4.3017558661417326
11
5.6489456299212595
21
-4.3017558661417326
0
LINE
8
BLACK
6
CONTINUOUS
10
5.6489456299212595
20
-4.3017558661417326
11
5.6466314960629918
21
-4.3010039763779524
0
LINE
8
BLACK
6
CONTINUOUS
10
5.6466314960629918
20
-4.3010039763779524
11
5.6452012992125979
21
-4.299035472440945
0
LINE
8
BLACK
6
CONTINUOUS
10
5.6452012992125979
20
-4.299035472440945
11
5.6452012992125979
21
-4.2966022440944878
0
LINE
8
BLACK
6
CONTINUOUS
10
5.6452012992125979
20
-4.2966022440944878
11
5.6466314960629918
21
-4.2946337401574803
0
LINE
8
BLACK
6
CONTINUOUS
10
5.6466314960629918
20
-4.2946337401574803
11
5.6489456299212595
21
-4.2938818503937011
0
LINE
8
BLACK
6
CONTINUOUS
10
5.6489456299212595
20
-4.2938818503937011
11
5.6637562598425193
21
-4.2938818503937011
0
LINE
8
BLACK
6
CONTINUOUS
10
5.6637562598425193
20
-4.2938818503937011
11
5.6637562598425193
21
-4.2792587007874019
0
LINE
8
BLACK
6
CONTINUOUS
10
5.6637562598425193
20
-4.2792587007874019
11
5.6489456299212595
21
-4.2792587007874019
0
LINE
8
BLACK
6
CONTINUOUS
10
5.6489456299212595
20
-4.2792587007874019
11
5.6466314960629918
21
-4.2785068110236217
0
LINE
8
BLACK
6
CONTINUOUS
10
5.6466314960629918
20
-4.2785068110236217
11
5.6452012992125979
21
-4.2765383070866143
0
LINE
8
BLACK
6
CONTINUOUS
10
5.6452012992125979
20
-4.2765383070866143
11
5.6452012992125979
21
-4.2741050787401571
0
LINE
8
BLACK
6
CONTINUOUS
10
5.6452012992125979
20
-4.2741050787401571
11
5.6466314960629918
21
-4.2721365748031497
0
LINE
8
BLACK
6
CONTINUOUS
10
5.6466314960629918
20
-4.2721365748031497
11
5.6489456299212595
21
-4.2713846850393704
0
LINE
8
BLACK
6
CONTINUOUS
10
5.6489456299212595
20
-4.2713846850393704
11
5.6883157086614169
21
-4.2713846850393704
0
LINE
8
BLACK
6
CONTINUOUS
10
5.6883157086614169
20
-4.2713846850393704
11
5.6906298425196846
21
-4.2721365748031497
0
LINE
8
BLACK
6
CONTINUOUS
10
5.7297835826771655
20
-4.2602267716535431
11
5.7302724409448818
21
-4.2601929133858265
0
LINE
8
BLACK
6
CONTINUOUS
10
5.7302724409448818
20
-4.2601929133858265
11
5.7377714566929132
21
-4.2620676771653541
0
LINE
8
BLACK
6
CONTINUOUS
10
5.7377714566929132
20
-4.2620676771653541
11
5.7381433464566927
21
-4.2623003543307085
0
LINE
8
BLACK
6
CONTINUOUS
10
5.7381433464566927
20
-4.2623003543307085
11
5.7385772834645667
21
-4.2623657480314963
0
LINE
8
BLACK
6
CONTINUOUS
10
5.7385772834645667
20
-4.2623657480314963
11
5.7423268110236219
21
-4.2642405118110238
0
LINE
8
BLACK
6
CONTINUOUS
10
5.7423268110236219
20
-4.2642405118110238
11
5.7427814173228349
21
-4.2646882677165356
0
LINE
8
BLACK
6
CONTINUOUS
10
5.7427814173228349
20
-4.2646882677165356
11
5.7433499999999995
21
-4.2649779921259841
0
LINE
8
BLACK
6
CONTINUOUS
10
5.7433499999999995
20
-4.2649779921259841
11
5.7452248031496058
21
-4.2668527165354329
0
LINE
8
BLACK
6
CONTINUOUS
10
5.7452248031496058
20
-4.2668527165354329
11
5.7455145275590551
21
-4.2674213385826771
0
LINE
8
BLACK
6
CONTINUOUS
10
5.7455145275590551
20
-4.2674213385826771
11
5.7459623228346457
21
-4.267875984251968
0
LINE
8
BLACK
6
CONTINUOUS
10
5.7459623228346457
20
-4.267875984251968
11
5.7478370866141733
21
-4.2716254724409444
0
LINE
8
BLACK
6
CONTINUOUS
10
5.7478370866141733
20
-4.2716254724409444
11
5.7479722440944885
21
-4.2725230314960632
0
LINE
8
BLACK
6
CONTINUOUS
10
5.7479722440944885
20
-4.2725230314960632
11
5.7482527165354327
21
-4.2733861811023619
0
LINE
8
BLACK
6
CONTINUOUS
10
5.7482527165354327
20
-4.2733861811023619
11
5.7482527165354327
21
-4.277135708661417
0
LINE
8
BLACK
6
CONTINUOUS
10
5.7482527165354327
20
-4.277135708661417
11
5.7479722440944885
21
-4.2779988188976379
0
LINE
8
BLACK
6
CONTINUOUS
10
5.7479722440944885
20
-4.2779988188976379
11
5.7478370866141733
21
-4.2788964173228345
0
LINE
8
BLACK
6
CONTINUOUS
10
5.7478370866141733
20
-4.2788964173228345
11
5.7459623228346457
21
-4.2826459055118109
0
LINE
8
BLACK
6
CONTINUOUS
10
5.7459623228346457
20
-4.2826459055118109
11
5.7455145275590551
21
-4.2831005118110239
0
LINE
8
BLACK
6
CONTINUOUS
10
5.7455145275590551
20
-4.2831005118110239
11
5.7452248031496058
21
-4.2836691732283461
0
LINE
8
BLACK
6
CONTINUOUS
10
5.7452248031496058
20
-4.2836691732283461
11
5.7433499999999995
21
-4.2855438976377949
0
LINE
8
BLACK
6
CONTINUOUS
10
5.7433499999999995
20
-4.2855438976377949
11
5.7427814173228349
21
-4.2858335826771654
0
LINE
8
BLACK
6
CONTINUOUS
10
5.7427814173228349
20
-4.2858335826771654
11
5.7423268110236219
21
-4.286281377952756
0
LINE
8
BLACK
6
CONTINUOUS
10
5.7423268110236219
20
-4.286281377952756
11
5.7385772834645667
21
-4.2881561417322835
0
LINE
8
BLACK
6
CONTINUOUS
10
5.7385772834645667
20
-4.2881561417322835
11
5.7381433464566927
21
-4.2882214960629916
0
LINE
8
BLACK
6
CONTINUOUS
10
5.7381433464566927
20
-4.2882214960629916
11
5.7377714566929132
21
-4.2884542125984249
0
LINE
8
BLACK
6
CONTINUOUS
10
5.7377714566929132
20
-4.2884542125984249
11
5.7302724409448818
21
-4.2903289763779524
0
LINE
8
BLACK
6
CONTINUOUS
10
5.7302724409448818
20
-4.2903289763779524
11
5.7297835826771655
21
-4.290295078740157
0
LINE
8
BLACK
6
CONTINUOUS
10
5.7297835826771655
20
-4.290295078740157
11
5.7293175590551177
21
-4.2904465354330705
0
LINE
8
BLACK
6
CONTINUOUS
10
5.7293175590551177
20
-4.2904465354330705
11
5.71994374015748
21
-4.2904465354330705
0
LINE
8
BLACK
6
CONTINUOUS
10
5.71994374015748
20
-4.2904465354330705
11
5.7194776771653544
21
-4.290295078740157
0
LINE
8
BLACK
6
CONTINUOUS
10
5.7194776771653544
20
-4.290295078740157
11
5.718988858267716
21
-4.2903289763779524
0
LINE
8
BLACK
6
CONTINUOUS
10
5.718988858267716
20
-4.2903289763779524
11
5.7114898031496057
21
-4.2884542125984249
0
LINE
8
BLACK
6
CONTINUOUS
10
5.7114898031496057
20
-4.2884542125984249
11
5.7111178740157476
21
-4.2882214960629916
0
LINE
8
BLACK
6
CONTINUOUS
10
5.7111178740157476
20
-4.2882214960629916
11
5.7106839763779522
21
-4.2881561417322835
0
LINE
8
BLACK
6
CONTINUOUS
10
5.7106839763779522
20
-4.2881561417322835
11
5.7069344881889759
21
-4.286281377952756
0
LINE
8
BLACK
6
CONTINUOUS
10
5.7069344881889759
20
-4.286281377952756
11
5.7064798031496062
21
-4.2858335433070867
0
LINE
8
BLACK
6
CONTINUOUS
10
5.7064798031496062
20
-4.2858335433070867
11
5.7059112598425195
21
-4.2855438582677161
0
LINE
8
BLACK
6
CONTINUOUS
10
5.7059112598425195
20
-4.2855438582677161
11
5.7040364960629919
21
-4.2836691338582673
0
LINE
8
BLACK
6
CONTINUOUS
10
5.7040364960629919
20
-4.2836691338582673
11
5.7037467716535435
21
-4.2831005118110239
0
LINE
8
BLACK
6
CONTINUOUS
10
5.7037467716535435
20
-4.2831005118110239
11
5.7032990157480317
21
-4.2826459055118109
0
LINE
8
BLACK
6
CONTINUOUS
10
5.7032990157480317
20
-4.2826459055118109
11
5.7014242519685041
21
-4.2788963779527558
0
LINE
8
BLACK
6
CONTINUOUS
10
5.7014242519685041
20
-4.2788963779527558
11
5.7012890551181101
21
-4.2779988188976379
0
LINE
8
BLACK
6
CONTINUOUS
10
5.7012890551181101
20
-4.2779988188976379
11
5.7010086220472438
21
-4.277135708661417
0
LINE
8
BLACK
6
CONTINUOUS
10
5.7010086220472438
20
-4.277135708661417
11
5.7010086220472438
21
-4.2733861811023619
0
LINE
8
BLACK
6
CONTINUOUS
10
5.7010086220472438
20
-4.2733861811023619
11
5.7012890551181101
21
-4.2725230314960632
0
LINE
8
BLACK
6
CONTINUOUS
10
5.7012890551181101
20
-4.2725230314960632
11
5.7014242519685041
21
-4.2716255118110231
0
LINE
8
BLACK
6
CONTINUOUS
10
5.7014242519685041
20
-4.2716255118110231
11
5.7032990157480317
21
-4.267875984251968
0
LINE
8
BLACK
6
CONTINUOUS
10
5.7032990157480317
20
-4.267875984251968
11
5.7037467716535435
21
-4.2674213385826771
0
LINE
8
BLACK
6
CONTINUOUS
10
5.7037467716535435
20
-4.2674213385826771
11
5.7040364960629919
21
-4.2668527559055116
0
LINE
8
BLACK
6
CONTINUOUS
10
5.7040364960629919
20
-4.2668527559055116
11
5.7059112598425195
21
-4.2649780314960628
0
LINE
8
BLACK
6
CONTINUOUS
10
5.7059112598425195
20
-4.2649780314960628
11
5.7064798031496062
21
-4.2646883070866144
0
LINE
8
BLACK
6
CONTINUOUS
10
5.7064798031496062
20
-4.2646883070866144
11
5.7069344881889759
21
-4.2642405118110238
0
LINE
8
BLACK
6
CONTINUOUS
10
5.7069344881889759
20
-4.2642405118110238
11
5.7106839763779522
21
-4.2623657480314963
0
LINE
8
BLACK
6
CONTINUOUS
10
5.7106839763779522
20
-4.2623657480314963
11
5.7111178740157476
21
-4.2623003543307085
0
LINE
8
BLACK
6
CONTINUOUS
10
5.7111178740157476
20
-4.2623003543307085
11
5.7114898031496057
21
-4.2620676771653541
0
LINE
8
BLACK
6
CONTINUOUS
10
5.7114898031496057
20
-4.2620676771653541
11
5.718988858267716
21
-4.2601929133858265
0
LINE
8
BLACK
6
CONTINUOUS
10
5.718988858267716
20
-4.2601929133858265
11
5.7194776771653544
21
-4.2602267716535431
0
LINE
8
BLACK
6
CONTINUOUS
10
5.7194776771653544
20
-4.2602267716535431
11
5.71994374015748
21
-4.2600753543307084
0
LINE
8
BLACK
6
CONTINUOUS
10
5.71994374015748
20
-4.2600753543307084
11
5.7293175590551177
21
-4.2600753543307084
0
LINE
8
BLACK
6
CONTINUOUS
10
5.7293175590551177
20
-4.2600753543307084
11
5.7297835826771655
21
-4.2602267716535431
0
LINE
8
BLACK
6
CONTINUOUS
10
5.7138188582677163
20
-4.2696017322834647
11
5.7110272440944883
21
-4.2709975196850394
0
LINE
8
BLACK
6
CONTINUOUS
10
5.7110272440944883
20
-4.2709975196850394
11
5.710056062992126
21
-4.2719687401574804
0
LINE
8
BLACK
6
CONTINUOUS
10
5.710056062992126
20
-4.2719687401574804
11
5.7088826377952753
21
-4.2743155905511809
0
LINE
8
BLACK
6
CONTINUOUS
10
5.7088826377952753
20
-4.2743155905511809
11
5.7088826377952753
21
-4.2762062598425192
0
LINE
8
BLACK
6
CONTINUOUS
10
5.7088826377952753
20
-4.2762062598425192
11
5.710056062992126
21
-4.2785531102362206
0
LINE
8
BLACK
6
CONTINUOUS
10
5.710056062992126
20
-4.2785531102362206
11
5.7110272440944883
21
-4.2795243307086617
0
LINE
8
BLACK
6
CONTINUOUS
10
5.7110272440944883
20
-4.2795243307086617
11
5.7138188582677163
21
-4.2809201181102363
0
LINE
8
BLACK
6
CONTINUOUS
10
5.7138188582677163
20
-4.2809201181102363
11
5.7204283464566927
21
-4.282572519685039
0
LINE
8
BLACK
6
CONTINUOUS
10
5.7204283464566927
20
-4.282572519685039
11
5.7288329133858262
21
-4.282572519685039
0
LINE
8
BLACK
6
CONTINUOUS
10
5.7288329133858262
20
-4.282572519685039
11
5.7354424015748027
21
-4.2809201181102363
0
LINE
8
BLACK
6
CONTINUOUS
10
5.7354424015748027
20
-4.2809201181102363
11
5.7382340944881891
21
-4.2795242519685042
0
LINE
8
BLACK
6
CONTINUOUS
10
5.7382340944881891
20
-4.2795242519685042
11
5.7392052755905514
21
-4.2785531102362206
0
LINE
8
BLACK
6
CONTINUOUS
10
5.7392052755905514
20
-4.2785531102362206
11
5.7403787007874012
21
-4.276206299212598
0
LINE
8
BLACK
6
CONTINUOUS
10
5.7403787007874012
20
-4.276206299212598
11
5.7403787007874012
21
-4.2743155905511809
0
LINE
8
BLACK
6
CONTINUOUS
10
5.7403787007874012
20
-4.2743155905511809
11
5.7392052755905514
21
-4.2719687401574804
0
LINE
8
BLACK
6
CONTINUOUS
10
5.7392052755905514
20
-4.2719687401574804
11
5.7382340944881891
21
-4.2709975984251969
0
LINE
8
BLACK
6
CONTINUOUS
10
5.7382340944881891
20
-4.2709975984251969
11
5.7354424015748027
21
-4.2696017322834647
0
LINE
8
BLACK
6
CONTINUOUS
10
5.7354424015748027
20
-4.2696017322834647
11
5.7288329133858262
21
-4.2679493700787399
0
LINE
8
BLACK
6
CONTINUOUS
10
5.7288329133858262
20
-4.2679493700787399
11
5.7204283464566927
21
-4.2679493700787399
0
LINE
8
BLACK
6
CONTINUOUS
10
5.7204283464566927
20
-4.2679493700787399
11
5.7138188582677163
21
-4.2696017322834647
0
LINE
8
BLACK
6
CONTINUOUS
10
5.675658346456693
20
-4.2284164960629917
11
5.6761472047244093
21
-4.2283826377952751
0
LINE
8
BLACK
6
CONTINUOUS
10
5.6761472047244093
20
-4.2283826377952751
11
5.6836462204724407
21
-4.2302574015748027
0
LINE
8
BLACK
6
CONTINUOUS
10
5.6836462204724407
20
-4.2302574015748027
11
5.684537952755905
21
-4.2308153937007873
0
LINE
8
BLACK
6
CONTINUOUS
10
5.684537952755905
20
-4.2308153937007873
11
5.6854752362204719
21
-4.2312929527559051
0
LINE
8
BLACK
6
CONTINUOUS
10
5.6854752362204719
20
-4.2312929527559051
11
5.6892248425196845
21
-4.2350424803149602
0
LINE
8
BLACK
6
CONTINUOUS
10
5.6892248425196845
20
-4.2350424803149602
11
5.6895145669291338
21
-4.2356111023622045
0
LINE
8
BLACK
6
CONTINUOUS
10
5.6895145669291338
20
-4.2356111023622045
11
5.6899623228346456
21
-4.2360657086614175
0
LINE
8
BLACK
6
CONTINUOUS
10
5.6899623228346456
20
-4.2360657086614175
11
5.6918370866141732
21
-4.2398151968503939
0
LINE
8
BLACK
6
CONTINUOUS
10
5.6918370866141732
20
-4.2398151968503939
11
5.6919722440944884
21
-4.2407127559055118
0
LINE
8
BLACK
6
CONTINUOUS
10
5.6919722440944884
20
-4.2407127559055118
11
5.6922527165354326
21
-4.2415759055118105
0
LINE
8
BLACK
6
CONTINUOUS
10
5.6922527165354326
20
-4.2415759055118105
11
5.6922527165354326
21
-4.2490749606299207
0
LINE
8
BLACK
6
CONTINUOUS
10
5.6922527165354326
20
-4.2490749606299207
11
5.6919722440944884
21
-4.2499380708661416
0
LINE
8
BLACK
6
CONTINUOUS
10
5.6919722440944884
20
-4.2499380708661416
11
5.6918370866141732
21
-4.2508356692913383
0
LINE
8
BLACK
6
CONTINUOUS
10
5.6918370866141732
20
-4.2508356692913383
11
5.6899623228346456
21
-4.2545851574803146
0
LINE
8
BLACK
6
CONTINUOUS
10
5.6899623228346456
20
-4.2545851574803146
11
5.6895145669291338
21
-4.2550397244094489
0
LINE
8
BLACK
6
CONTINUOUS
10
5.6895145669291338
20
-4.2550397244094489
11
5.6892248425196845
21
-4.2556083858267719
0
LINE
8
BLACK
6
CONTINUOUS
10
5.6892248425196845
20
-4.2556083858267719
11
5.6854752362204719
21
-4.259357913385827
0
LINE
8
BLACK
6
CONTINUOUS
10
5.6854752362204719
20
-4.259357913385827
11
5.684537952755905
21
-4.2598354330708661
0
LINE
8
BLACK
6
CONTINUOUS
10
5.684537952755905
20
-4.2598354330708661
11
5.6836462204724407
21
-4.2603934645669295
0
LINE
8
BLACK
6
CONTINUOUS
10
5.6836462204724407
20
-4.2603934645669295
11
5.6761472047244093
21
-4.262268228346457
0
LINE
8
BLACK
6
CONTINUOUS
10
5.6761472047244093
20
-4.262268228346457
11
5.675658346456693
21
-4.2622343307086616
0
LINE
8
BLACK
6
CONTINUOUS
10
5.675658346456693
20
-4.2622343307086616
11
5.6751923228346453
21
-4.2623857874015751
0
LINE
8
BLACK
6
CONTINUOUS
10
5.6751923228346453
20
-4.2623857874015751
11
5.6620689763779524
21
-4.2623857874015751
0
LINE
8
BLACK
6
CONTINUOUS
10
5.6620689763779524
20
-4.2623857874015751
11
5.6616029133858268
21
-4.2622343307086616
0
LINE
8
BLACK
6
CONTINUOUS
10
5.6616029133858268
20
-4.2622343307086616
11
5.6611140944881893
21
-4.262268228346457
0
LINE
8
BLACK
6
CONTINUOUS
10
5.6611140944881893
20
-4.262268228346457
11
5.653615039370079
21
-4.2603934645669295
0
LINE
8
BLACK
6
CONTINUOUS
10
5.653615039370079
20
-4.2603934645669295
11
5.6527233464566926
21
-4.2598354724409448
0
LINE
8
BLACK
6
CONTINUOUS
10
5.6527233464566926
20
-4.2598354724409448
11
5.651786023622047
21
-4.259357913385827
0
LINE
8
BLACK
6
CONTINUOUS
10
5.651786023622047
20
-4.259357913385827
11
5.6480364960629919
21
-4.2556083858267719
0
LINE
8
BLACK
6
CONTINUOUS
10
5.6480364960629919
20
-4.2556083858267719
11
5.6477467716535434
21
-4.2550397637795276
0
LINE
8
BLACK
6
CONTINUOUS
10
5.6477467716535434
20
-4.2550397637795276
11
5.6472990157480316
21
-4.2545851574803146
0
LINE
8
BLACK
6
CONTINUOUS
10
5.6472990157480316
20
-4.2545851574803146
11
5.6454242519685041
21
-4.2508356299212595
0
LINE
8
BLACK
6
CONTINUOUS
10
5.6454242519685041
20
-4.2508356299212595
11
5.6452890551181101
21
-4.2499380708661416
0
LINE
8
BLACK
6
CONTINUOUS
10
5.6452890551181101
20
-4.2499380708661416
11
5.6450086220472437
21
-4.2490749606299207
0
LINE
8
BLACK
6
CONTINUOUS
10
5.6450086220472437
20
-4.2490749606299207
11
5.6450086220472437
21
-4.2415759055118105
0
LINE
8
BLACK
6
CONTINUOUS
10
5.6450086220472437
20
-4.2415759055118105
11
5.6452890551181101
21
-4.2407127559055118
0
LINE
8
BLACK
6
CONTINUOUS
10
5.6452890551181101
20
-4.2407127559055118
11
5.6454242519685041
21
-4.2398152362204726
0
LINE
8
BLACK
6
CONTINUOUS
10
5.6454242519685041
20
-4.2398152362204726
11
5.6472990157480316
21
-4.2360657086614175
0
LINE
8
BLACK
6
CONTINUOUS
10
5.6472990157480316
20
-4.2360657086614175
11
5.6477467716535434
21
-4.2356110629921258
0
LINE
8
BLACK
6
CONTINUOUS
10
5.6477467716535434
20
-4.2356110629921258
11
5.6480364960629919
21
-4.2350424803149602
0
LINE
8
BLACK
6
CONTINUOUS
10
5.6480364960629919
20
-4.2350424803149602
11
5.651786023622047
21
-4.2312929527559051
0
LINE
8
BLACK
6
CONTINUOUS
10
5.651786023622047
20
-4.2312929527559051
11
5.6527233464566926
21
-4.2308153543307085
0
LINE
8
BLACK
6
CONTINUOUS
10
5.6527233464566926
20
-4.2308153543307085
11
5.653615039370079
21
-4.2302574015748027
0
LINE
8
BLACK
6
CONTINUOUS
10
5.653615039370079
20
-4.2302574015748027
11
5.6611140944881893
21
-4.2283826377952751
0
LINE
8
BLACK
6
CONTINUOUS
10
5.6611140944881893
20
-4.2283826377952751
11
5.6616029133858268
21
-4.2284164960629917
0
LINE
8
BLACK
6
CONTINUOUS
10
5.6616029133858268
20
-4.2284164960629917
11
5.6620689763779524
21
-4.228265078740157
0
LINE
8
BLACK
6
CONTINUOUS
10
5.6620689763779524
20
-4.228265078740157
11
5.6751923228346453
21
-4.228265078740157
0
LINE
8
BLACK
6
CONTINUOUS
10
5.6751923228346453
20
-4.228265078740157
11
5.675658346456693
21
-4.2284164960629917
0
LINE
8
BLACK
6
CONTINUOUS
10
5.6565827559055117
20
-4.2376317716535432
11
5.6540560236220472
21
-4.2401585039370078
0
LINE
8
BLACK
6
CONTINUOUS
10
5.6540560236220472
20
-4.2401585039370078
11
5.6528826377952752
21
-4.2425053149606295
0
LINE
8
BLACK
6
CONTINUOUS
10
5.6528826377952752
20
-4.2425053149606295
11
5.6528826377952752
21
-4.2481455118110238
0
LINE
8
BLACK
6
CONTINUOUS
10
5.6528826377952752
20
-4.2481455118110238
11
5.6540560236220472
21
-4.2504923228346456
0
LINE
8
BLACK
6
CONTINUOUS
10
5.6540560236220472
20
-4.2504923228346456
11
5.6565827559055117
21
-4.2530190551181102
0
LINE
8
BLACK
6
CONTINUOUS
10
5.6565827559055117
20
-4.2530190551181102
11
5.6625535826771651
21
-4.2545117716535428
0
LINE
8
BLACK
6
CONTINUOUS
10
5.6625535826771651
20
-4.2545117716535428
11
5.6747076771653546
21
-4.2545117716535428
0
LINE
8
BLACK
6
CONTINUOUS
10
5.6747076771653546
20
-4.2545117716535428
11
5.6806785826771655
21
-4.2530190157480314
0
LINE
8
BLACK
6
CONTINUOUS
10
5.6806785826771655
20
-4.2530190157480314
11
5.6832052755905513
21
-4.2504923622047244
0
LINE
8
BLACK
6
CONTINUOUS
10
5.6832052755905513
20
-4.2504923622047244
11
5.6843787007874012
21
-4.2481455511811026
0
LINE
8
BLACK
6
CONTINUOUS
10
5.6843787007874012
20
-4.2481455511811026
11
5.6843787007874012
21
-4.2425053149606295
0
LINE
8
BLACK
6
CONTINUOUS
10
5.6843787007874012
20
-4.2425053149606295
11
5.6832052755905513
21
-4.240158464566929
0
LINE
8
BLACK
6
CONTINUOUS
10
5.6832052755905513
20
-4.240158464566929
11
5.6806785826771655
21
-4.237631811023622
0
LINE
8
BLACK
6
CONTINUOUS
10
5.6806785826771655
20
-4.237631811023622
11
5.6747076771653546
21
-4.2361390944881885
0
LINE
8
BLACK
6
CONTINUOUS
10
5.6747076771653546
20
-4.2361390944881885
11
5.6625535826771651
21
-4.2361390944881885
0
LINE
8
BLACK
6
CONTINUOUS
10
5.6625535826771651
20
-4.2361390944881885
11
5.6565827559055117
21
-4.2376317716535432
0
LINE
8
BLACK
6
CONTINUOUS
10
5.9915822047244092
20
-4.1253922440944883
11
5.9923340944881884
21
-4.1277063779527561
0
LINE
8
BLACK
6
CONTINUOUS
10
5.9923340944881884
20
-4.1277063779527561
11
5.9923340944881884
21
-4.1710134645669292
0
LINE
8
BLACK
6
CONTINUOUS
10
5.9923340944881884
20
-4.1710134645669292
11
6.0108942519685042
21
-4.1710134645669292
0
LINE
8
BLACK
6
CONTINUOUS
10
6.0108942519685042
20
-4.1710134645669292
11
6.0132083858267711
21
-4.1717653543307085
0
LINE
8
BLACK
6
CONTINUOUS
10
6.0132083858267711
20
-4.1717653543307085
11
6.0146385826771649
21
-4.1737338582677168
0
LINE
8
BLACK
6
CONTINUOUS
10
6.0146385826771649
20
-4.1737338582677168
11
6.0146385826771649
21
-4.1761670866141731
0
LINE
8
BLACK
6
CONTINUOUS
10
6.0146385826771649
20
-4.1761670866141731
11
6.0132083858267711
21
-4.1781355905511814
0
LINE
8
BLACK
6
CONTINUOUS
10
6.0132083858267711
20
-4.1781355905511814
11
6.0108942519685042
21
-4.1788874803149607
0
LINE
8
BLACK
6
CONTINUOUS
10
6.0108942519685042
20
-4.1788874803149607
11
5.9883970866141727
21
-4.1788874803149607
0
LINE
8
BLACK
6
CONTINUOUS
10
5.9883970866141727
20
-4.1788874803149607
11
5.9878040551181098
21
-4.1786948031496065
0
LINE
8
BLACK
6
CONTINUOUS
10
5.9878040551181098
20
-4.1786948031496065
11
5.9871804724409445
21
-4.1786948031496065
0
LINE
8
BLACK
6
CONTINUOUS
10
5.9871804724409445
20
-4.1786948031496065
11
5.9866759842519688
21
-4.1783282677165356
0
LINE
8
BLACK
6
CONTINUOUS
10
5.9866759842519688
20
-4.1783282677165356
11
5.986082952755905
21
-4.1781355905511814
0
LINE
8
BLACK
6
CONTINUOUS
10
5.986082952755905
20
-4.1781355905511814
11
5.9857164173228341
21
-4.1776311023622048
0
LINE
8
BLACK
6
CONTINUOUS
10
5.9857164173228341
20
-4.1776311023622048
11
5.9852119685039371
21
-4.1772646062992127
0
LINE
8
BLACK
6
CONTINUOUS
10
5.9852119685039371
20
-4.1772646062992127
11
5.9850192519685042
21
-4.176671535433071
0
LINE
8
BLACK
6
CONTINUOUS
10
5.9850192519685042
20
-4.176671535433071
11
5.984652755905512
21
-4.1761670866141731
0
LINE
8
BLACK
6
CONTINUOUS
10
5.984652755905512
20
-4.1761670866141731
11
5.984652755905512
21
-4.1755434645669292
0
LINE
8
BLACK
6
CONTINUOUS
10
5.984652755905512
20
-4.1755434645669292
11
5.984460078740157
21
-4.174950472440945
0
LINE
8
BLACK
6
CONTINUOUS
10
5.984460078740157
20
-4.174950472440945
11
5.984460078740157
21
-4.1277063779527561
0
LINE
8
BLACK
6
CONTINUOUS
10
5.984460078740157
20
-4.1277063779527561
11
5.9852119685039371
21
-4.1253922440944883
0
LINE
8
BLACK
6
CONTINUOUS
10
5.9852119685039371
20
-4.1253922440944883
11
5.9871804724409445
21
-4.1239620472440945
0
LINE
8
BLACK
6
CONTINUOUS
10
5.9871804724409445
20
-4.1239620472440945
11
5.9896137007874017
21
-4.1239620472440945
0
LINE
8
BLACK
6
CONTINUOUS
10
5.9896137007874017
20
-4.1239620472440945
11
5.9915822047244092
21
-4.1253922440944883
0
LINE
8
BLACK
6
CONTINUOUS
10
6.0837483858267714
20
-4.1240498031496058
11
6.0846459448818893
21
-4.1241849999999998
0
LINE
8
BLACK
6
CONTINUOUS
10
6.0846459448818893
20
-4.1241849999999998
11
6.0891454330708656
21
-4.1264347244094486
0
LINE
8
BLACK
6
CONTINUOUS
10
6.0891454330708656
20
-4.1264347244094486
11
6.0896001181102362
21
-4.1268825590551179
0
LINE
8
BLACK
6
CONTINUOUS
10
6.0896001181102362
20
-4.1268825590551179
11
6.0901686220472442
21
-4.1271722440944885
0
LINE
8
BLACK
6
CONTINUOUS
10
6.0901686220472442
20
-4.1271722440944885
11
6.092418346456693
21
-4.1294219685039373
0
LINE
8
BLACK
6
CONTINUOUS
10
6.092418346456693
20
-4.1294219685039373
11
6.0927080314960627
21
-4.1299905511811019
0
LINE
8
BLACK
6
CONTINUOUS
10
6.0927080314960627
20
-4.1299905511811019
11
6.0931557874015745
21
-4.1304451574803149
0
LINE
8
BLACK
6
CONTINUOUS
10
6.0931557874015745
20
-4.1304451574803149
11
6.0954055118110233
21
-4.1349446062992126
0
LINE
8
BLACK
6
CONTINUOUS
10
6.0954055118110233
20
-4.1349446062992126
11
6.0955406692913385
21
-4.1358421259842517
0
LINE
8
BLACK
6
CONTINUOUS
10
6.0955406692913385
20
-4.1358421259842517
11
6.0958211417322836
21
-4.1367052755905513
0
LINE
8
BLACK
6
CONTINUOUS
10
6.0958211417322836
20
-4.1367052755905513
11
6.0958211417322836
21
-4.141204724409449
0
LINE
8
BLACK
6
CONTINUOUS
10
6.0958211417322836
20
-4.141204724409449
11
6.0955406692913385
21
-4.142067834645669
0
LINE
8
BLACK
6
CONTINUOUS
10
6.0955406692913385
20
-4.142067834645669
11
6.0954055118110233
21
-4.1429653937007869
0
LINE
8
BLACK
6
CONTINUOUS
10
6.0954055118110233
20
-4.1429653937007869
11
6.0931557874015745
21
-4.1474648425196845
0
LINE
8
BLACK
6
CONTINUOUS
10
6.0931557874015745
20
-4.1474648425196845
11
6.0927079921259839
21
-4.1479194094488188
0
LINE
8
BLACK
6
CONTINUOUS
10
6.0927079921259839
20
-4.1479194094488188
11
6.092418346456693
21
-4.1484879921259843
0
LINE
8
BLACK
6
CONTINUOUS
10
6.092418346456693
20
-4.1484879921259843
11
6.091635669291338
21
-4.1492706299212596
0
LINE
8
BLACK
6
CONTINUOUS
10
6.091635669291338
20
-4.1492706299212596
11
6.0924183070866142
21
-4.1496694094488191
0
LINE
8
BLACK
6
CONTINUOUS
10
6.0924183070866142
20
-4.1496694094488191
11
6.0946679921259843
21
-4.1519191338582679
0
LINE
8
BLACK
6
CONTINUOUS
10
6.0946679921259843
20
-4.1519191338582679
11
6.0949576377952752
21
-4.1524875984251963
0
LINE
8
BLACK
6
CONTINUOUS
10
6.0949576377952752
20
-4.1524875984251963
11
6.0954055118110233
21
-4.1529423228346456
0
LINE
8
BLACK
6
CONTINUOUS
10
6.0954055118110233
20
-4.1529423228346456
11
6.0976552362204721
21
-4.1574417716535432
0
LINE
8
BLACK
6
CONTINUOUS
10
6.0976552362204721
20
-4.1574417716535432
11
6.0977903937007873
21
-4.1583392913385824
0
LINE
8
BLACK
6
CONTINUOUS
10
6.0977903937007873
20
-4.1583392913385824
11
6.0980708661417324
21
-4.159202440944882
0
LINE
8
BLACK
6
CONTINUOUS
10
6.0980708661417324
20
-4.159202440944882
11
6.0980708661417324
21
-4.1659516141732285
0
LINE
8
BLACK
6
CONTINUOUS
10
6.0980708661417324
20
-4.1659516141732285
11
6.0977903937007873
21
-4.1668147244094484
0
LINE
8
BLACK
6
CONTINUOUS
10
6.0977903937007873
20
-4.1668147244094484
11
6.0976552362204721
21
-4.1677122834645672
0
LINE
8
BLACK
6
CONTINUOUS
10
6.0976552362204721
20
-4.1677122834645672
11
6.0954055118110233
21
-4.1722117322834649
0
LINE
8
BLACK
6
CONTINUOUS
10
6.0954055118110233
20
-4.1722117322834649
11
6.094957677165354
21
-4.1726663779527557
0
LINE
8
BLACK
6
CONTINUOUS
10
6.094957677165354
20
-4.1726663779527557
11
6.0946679921259843
21
-4.1732349606299213
0
LINE
8
BLACK
6
CONTINUOUS
10
6.0946679921259843
20
-4.1732349606299213
11
6.0924183070866142
21
-4.1754846850393701
0
LINE
8
BLACK
6
CONTINUOUS
10
6.0924183070866142
20
-4.1754846850393701
11
6.09184968503937
21
-4.1757743700787398
0
LINE
8
BLACK
6
CONTINUOUS
10
6.09184968503937
20
-4.1757743700787398
11
6.091395078740157
21
-4.1762221653543303
0
LINE
8
BLACK
6
CONTINUOUS
10
6.091395078740157
20
-4.1762221653543303
11
6.0868956692913381
21
-4.1784718503937004
0
LINE
8
BLACK
6
CONTINUOUS
10
6.0868956692913381
20
-4.1784718503937004
11
6.0859981102362202
21
-4.1786070078740156
0
LINE
8
BLACK
6
CONTINUOUS
10
6.0859981102362202
20
-4.1786070078740156
11
6.0851350000000002
21
-4.1788874803149607
0
LINE
8
BLACK
6
CONTINUOUS
10
6.0851350000000002
20
-4.1788874803149607
11
6.0671372440944884
21
-4.1788874803149607
0
LINE
8
BLACK
6
CONTINUOUS
10
6.0671372440944884
20
-4.1788874803149607
11
6.0665442125984255
21
-4.1786948031496065
0
LINE
8
BLACK
6
CONTINUOUS
10
6.0665442125984255
20
-4.1786948031496065
11
6.0659206299212594
21
-4.1786948031496065
0
LINE
8
BLACK
6
CONTINUOUS
10
6.0659206299212594
20
-4.1786948031496065
11
6.0654161417322836
21
-4.1783282677165356
0
LINE
8
BLACK
6
CONTINUOUS
10
6.0654161417322836
20
-4.1783282677165356
11
6.0648231102362207
21
-4.1781355905511814
0
LINE
8
BLACK
6
CONTINUOUS
10
6.0648231102362207
20
-4.1781355905511814
11
6.0644565748031498
21
-4.1776311023622048
0
LINE
8
BLACK
6
CONTINUOUS
10
6.0644565748031498
20
-4.1776311023622048
11
6.0639521259842519
21
-4.1772646062992127
0
LINE
8
BLACK
6
CONTINUOUS
10
6.0639521259842519
20
-4.1772646062992127
11
6.063759409448819
21
-4.176671535433071
0
LINE
8
BLACK
6
CONTINUOUS
10
6.063759409448819
20
-4.176671535433071
11
6.0633929133858269
21
-4.1761670866141731
0
LINE
8
BLACK
6
CONTINUOUS
10
6.0633929133858269
20
-4.1761670866141731
11
6.0633929133858269
21
-4.1755434645669292
0
LINE
8
BLACK
6
CONTINUOUS
10
6.0633929133858269
20
-4.1755434645669292
11
6.0632002362204727
21
-4.174950472440945
0
LINE
8
BLACK
6
CONTINUOUS
10
6.0632002362204727
20
-4.174950472440945
11
6.0632002362204727
21
-4.1277063779527561
0
LINE
8
BLACK
6
CONTINUOUS
10
6.0632002362204727
20
-4.1277063779527561
11
6.0633929133858269
21
-4.1271133464566931
0
LINE
8
BLACK
6
CONTINUOUS
10
6.0633929133858269
20
-4.1271133464566931
11
6.0633929133858269
21
-4.126489763779527
0
LINE
8
BLACK
6
CONTINUOUS
10
6.0633929133858269
20
-4.126489763779527
11
6.063759409448819
21
-4.1259852755905513
0
LINE
8
BLACK
6
CONTINUOUS
10
6.063759409448819
20
-4.1259852755905513
11
6.0639521259842519
21
-4.1253922440944883
0
LINE
8
BLACK
6
CONTINUOUS
10
6.0639521259842519
20
-4.1253922440944883
11
6.0644565748031498
21
-4.1250257086614175
0
LINE
8
BLACK
6
CONTINUOUS
10
6.0644565748031498
20
-4.1250257086614175
11
6.0648231102362207
21
-4.1245212598425196
0
LINE
8
BLACK
6
CONTINUOUS
10
6.0648231102362207
20
-4.1245212598425196
11
6.0654161417322836
21
-4.1243285433070866
0
LINE
8
BLACK
6
CONTINUOUS
10
6.0654161417322836
20
-4.1243285433070866
11
6.0659206299212594
21
-4.1239620472440945
0
LINE
8
BLACK
6
CONTINUOUS
10
6.0659206299212594
20
-4.1239620472440945
11
6.0665442125984255
21
-4.1239620472440945
0
LINE
8
BLACK
6
CONTINUOUS
10
6.0665442125984255
20
-4.1239620472440945
11
6.0671372440944884
21
-4.1237693700787403
0
LINE
8
BLACK
6
CONTINUOUS
10
6.0671372440944884
20
-4.1237693700787403
11
6.0828852755905514
21
-4.1237693700787403
0
LINE
8
BLACK
6
CONTINUOUS
10
6.0828852755905514
20
-4.1237693700787403
11
6.0837483858267714
21
-4.1240498031496058
0
LINE
8
BLACK
6
CONTINUOUS
10
6.0710742519685041
20
-4.1710134645669292
11
6.0842055905511812
21
-4.1710134645669292
0
LINE
8
BLACK
6
CONTINUOUS
10
6.0842055905511812
20
-4.1710134645669292
11
6.0873022440944879
21
-4.169465118110236
0
LINE
8
BLACK
6
CONTINUOUS
10
6.0873022440944879
20
-4.169465118110236
11
6.088648464566929
21
-4.1681189370078737
0
LINE
8
BLACK
6
CONTINUOUS
10
6.088648464566929
20
-4.1681189370078737
11
6.090196850393701
21
-4.1650221653543307
0
LINE
8
BLACK
6
CONTINUOUS
10
6.090196850393701
20
-4.1650221653543307
11
6.090196850393701
21
-4.1601318110236223
0
LINE
8
BLACK
6
CONTINUOUS
10
6.090196850393701
20
-4.1601318110236223
11
6.0886484251968502
21
-4.1570350787401571
0
LINE
8
BLACK
6
CONTINUOUS
10
6.0886484251968502
20
-4.1570350787401571
11
6.0875076377952757
21
-4.1558943307086613
0
LINE
8
BLACK
6
CONTINUOUS
10
6.0875076377952757
20
-4.1558943307086613
11
6.0822464173228346
21
-4.1541405905511812
0
LINE
8
BLACK
6
CONTINUOUS
10
6.0822464173228346
20
-4.1541405905511812
11
6.0710742519685041
21
-4.1541405905511812
0
LINE
8
BLACK
6
CONTINUOUS
10
6.0710742519685041
20
-4.1541405905511812
11
6.0710742519685041
21
-4.1710134645669292
0
LINE
8
BLACK
6
CONTINUOUS
10
6.0710742519685041
20
-4.1462665748031498
11
6.0819558661417323
21
-4.1462665748031498
0
LINE
8
BLACK
6
CONTINUOUS
10
6.0819558661417323
20
-4.1462665748031498
11
6.0850525984251966
21
-4.1447181889763778
0
LINE
8
BLACK
6
CONTINUOUS
10
6.0850525984251966
20
-4.1447181889763778
11
6.0863987007874014
21
-4.143372086614173
0
LINE
8
BLACK
6
CONTINUOUS
10
6.0863987007874014
20
-4.143372086614173
11
6.0879471259842521
21
-4.1402753149606299
0
LINE
8
BLACK
6
CONTINUOUS
10
6.0879471259842521
20
-4.1402753149606299
11
6.0879471259842521
21
-4.1376346850393704
0
LINE
8
BLACK
6
CONTINUOUS
10
6.0879471259842521
20
-4.1376346850393704
11
6.0863987007874014
21
-4.1345378740157477
0
LINE
8
BLACK
6
CONTINUOUS
10
6.0863987007874014
20
-4.1345378740157477
11
6.0850525984251966
21
-4.1331917322834641
0
LINE
8
BLACK
6
CONTINUOUS
10
6.0850525984251966
20
-4.1331917322834641
11
6.0819558661417323
21
-4.1316433858267718
0
LINE
8
BLACK
6
CONTINUOUS
10
6.0819558661417323
20
-4.1316433858267718
11
6.0710742519685041
21
-4.1316433858267718
0
LINE
8
BLACK
6
CONTINUOUS
10
6.0710742519685041
20
-4.1316433858267718
11
6.0710742519685041
21
-4.1462665748031498
0
LINE
8
BLACK
6
CONTINUOUS
10
6.1554831889763779
20
-4.1239665354330706
11
6.1561212992125984
21
-4.1239714173228341
0
LINE
8
BLACK
6
CONTINUOUS
10
6.1561212992125984
20
-4.1239714173228341
11
6.1628704330708661
21
-4.1262211417322829
0
LINE
8
BLACK
6
CONTINUOUS
10
6.1628704330708661
20
-4.1262211417322829
11
6.163600590551181
21
-4.1267601181102362
0
LINE
8
BLACK
6
CONTINUOUS
10
6.163600590551181
20
-4.1267601181102362
11
6.1644093307086614
21
-4.1271722047244097
0
LINE
8
BLACK
6
CONTINUOUS
10
6.1644093307086614
20
-4.1271722047244097
11
6.1666590157480314
21
-4.1294219291338585
0
LINE
8
BLACK
6
CONTINUOUS
10
6.1666590157480314
20
-4.1294219291338585
11
6.1677637007874013
21
-4.1315899212598426
0
LINE
8
BLACK
6
CONTINUOUS
10
6.1677637007874013
20
-4.1315899212598426
11
6.1673830708661415
21
-4.1339931889763779
0
LINE
8
BLACK
6
CONTINUOUS
10
6.1673830708661415
20
-4.1339931889763779
11
6.1656625196850392
21
-4.1357137401574802
0
LINE
8
BLACK
6
CONTINUOUS
10
6.1656625196850392
20
-4.1357137401574802
11
6.1632592519685039
21
-4.13609437007874
0
LINE
8
BLACK
6
CONTINUOUS
10
6.1632592519685039
20
-4.13609437007874
11
6.1610912598425198
21
-4.1349896850393701
0
LINE
8
BLACK
6
CONTINUOUS
10
6.1610912598425198
20
-4.1349896850393701
11
6.1594986614173228
21
-4.1333971259842519
0
LINE
8
BLACK
6
CONTINUOUS
10
6.1594986614173228
20
-4.1333971259842519
11
6.1542374409448817
21
-4.1316433858267718
0
LINE
8
BLACK
6
CONTINUOUS
10
6.1542374409448817
20
-4.1316433858267718
11
6.1510157086614168
21
-4.1316433858267718
0
LINE
8
BLACK
6
CONTINUOUS
10
6.1510157086614168
20
-4.1316433858267718
11
6.1457543700787403
21
-4.1333971259842519
0
LINE
8
BLACK
6
CONTINUOUS
10
6.1457543700787403
20
-4.1333971259842519
11
6.1423639370078735
21
-4.1367875984251965
0
LINE
8
BLACK
6
CONTINUOUS
10
6.1423639370078735
20
-4.1367875984251965
11
6.1405931496062989
21
-4.1403292125984255
0
LINE
8
BLACK
6
CONTINUOUS
10
6.1405931496062989
20
-4.1403292125984255
11
6.1385658267716536
21
-4.1484385039370082
0
LINE
8
BLACK
6
CONTINUOUS
10
6.1385658267716536
20
-4.1484385039370082
11
6.1385658267716536
21
-4.1542183858267716
0
LINE
8
BLACK
6
CONTINUOUS
10
6.1385658267716536
20
-4.1542183858267716
11
6.1405931496062989
21
-4.1623276771653543
0
LINE
8
BLACK
6
CONTINUOUS
10
6.1405931496062989
20
-4.1623276771653543
11
6.1423639370078735
21
-4.1658692519685037
0
LINE
8
BLACK
6
CONTINUOUS
10
6.1423639370078735
20
-4.1658692519685037
11
6.1457543700787403
21
-4.1692597244094491
0
LINE
8
BLACK
6
CONTINUOUS
10
6.1457543700787403
20
-4.1692597244094491
11
6.1510157086614168
21
-4.1710134645669292
0
LINE
8
BLACK
6
CONTINUOUS
10
6.1510157086614168
20
-4.1710134645669292
11
6.1542374803149604
21
-4.1710134645669292
0
LINE
8
BLACK
6
CONTINUOUS
10
6.1542374803149604
20
-4.1710134645669292
11
6.1594987007874016
21
-4.1692596850393704
0
LINE
8
BLACK
6
CONTINUOUS
10
6.1594987007874016
20
-4.1692596850393704
11
6.1610912598425198
21
-4.1676672047244097
0
LINE
8
BLACK
6
CONTINUOUS
10
6.1610912598425198
20
-4.1676672047244097
11
6.1632592519685039
21
-4.1665625196850389
0
LINE
8
BLACK
6
CONTINUOUS
10
6.1632592519685039
20
-4.1665625196850389
11
6.1656625196850392
21
-4.1669431496062987
0
LINE
8
BLACK
6
CONTINUOUS
10
6.1656625196850392
20
-4.1669431496062987
11
6.1673830708661415
21
-4.1686637007874019
0
LINE
8
BLACK
6
CONTINUOUS
10
6.1673830708661415
20
-4.1686637007874019
11
6.1677637007874013
21
-4.1710669685039372
0
LINE
8
BLACK
6
CONTINUOUS
10
6.1677637007874013
20
-4.1710669685039372
11
6.1666590157480314
21
-4.1732349606299213
0
LINE
8
BLACK
6
CONTINUOUS
10
6.1666590157480314
20
-4.1732349606299213
11
6.1644093307086614
21
-4.1754846850393701
0
LINE
8
BLACK
6
CONTINUOUS
10
6.1644093307086614
20
-4.1754846850393701
11
6.163600590551181
21
-4.1758967322834648
0
LINE
8
BLACK
6
CONTINUOUS
10
6.163600590551181
20
-4.1758967322834648
11
6.1628704330708661
21
-4.176435748031496
0
LINE
8
BLACK
6
CONTINUOUS
10
6.1628704330708661
20
-4.176435748031496
11
6.1561212598425197
21
-4.178685433070866
0
LINE
8
BLACK
6
CONTINUOUS
10
6.1561212598425197
20
-4.178685433070866
11
6.1554831889763779
21
-4.1786902755905508
0
LINE
8
BLACK
6
CONTINUOUS
10
6.1554831889763779
20
-4.1786902755905508
11
6.1548762992125985
21
-4.1788874803149607
0
LINE
8
BLACK
6
CONTINUOUS
10
6.1548762992125985
20
-4.1788874803149607
11
6.1503768503937009
21
-4.1788874803149607
0
LINE
8
BLACK
6
CONTINUOUS
10
6.1503768503937009
20
-4.1788874803149607
11
6.1497700000000002
21
-4.1786903149606296
0
LINE
8
BLACK
6
CONTINUOUS
10
6.1497700000000002
20
-4.1786903149606296
11
6.1491318897637797
21
-4.1786854724409448
0
LINE
8
BLACK
6
CONTINUOUS
10
6.1491318897637797
20
-4.1786854724409448
11
6.1423827165354332
21
-4.176435748031496
0
LINE
8
BLACK
6
CONTINUOUS
10
6.1423827165354332
20
-4.176435748031496
11
6.1416524803149608
21
-4.1758966929133861
0
LINE
8
BLACK
6
CONTINUOUS
10
6.1416524803149608
20
-4.1758966929133861
11
6.1408437795275592
21
-4.1754846456692913
0
LINE
8
BLACK
6
CONTINUOUS
10
6.1408437795275592
20
-4.1754846456692913
11
6.1363443700787403
21
-4.1709851968503937
0
LINE
8
BLACK
6
CONTINUOUS
10
6.1363443700787403
20
-4.1709851968503937
11
6.1360546850393698
21
-4.1704166929133857
0
LINE
8
BLACK
6
CONTINUOUS
10
6.1360546850393698
20
-4.1704166929133857
11
6.1356068897637792
21
-4.1699620472440948
0
LINE
8
BLACK
6
CONTINUOUS
10
6.1356068897637792
20
-4.1699620472440948
11
6.1333571653543304
21
-4.1654625590551184
0
LINE
8
BLACK
6
CONTINUOUS
10
6.1333571653543304
20
-4.1654625590551184
11
6.1332918110236223
21
-4.1650286614173231
0
LINE
8
BLACK
6
CONTINUOUS
10
6.1332918110236223
20
-4.1650286614173231
11
6.1330590944881891
21
-4.1646567716535436
0
LINE
8
BLACK
6
CONTINUOUS
10
6.1330590944881891
20
-4.1646567716535436
11
6.1308093700787403
21
-4.1556579133858262
0
LINE
8
BLACK
6
CONTINUOUS
10
6.1308093700787403
20
-4.1556579133858262
11
6.1308432283464569
21
-4.15516905511811
0
LINE
8
BLACK
6
CONTINUOUS
10
6.1308432283464569
20
-4.15516905511811
11
6.1306918110236222
21
-4.1547030314960631
0
LINE
8
BLACK
6
CONTINUOUS
10
6.1306918110236222
20
-4.1547030314960631
11
6.1306918110236222
21
-4.1479538582677167
0
LINE
8
BLACK
6
CONTINUOUS
10
6.1306918110236222
20
-4.1479538582677167
11
6.1308432283464569
21
-4.1474877952755902
0
LINE
8
BLACK
6
CONTINUOUS
10
6.1308432283464569
20
-4.1474877952755902
11
6.1308093700787403
21
-4.1469989763779527
0
LINE
8
BLACK
6
CONTINUOUS
10
6.1308093700787403
20
-4.1469989763779527
11
6.1330590944881891
21
-4.1380001181102362
0
LINE
8
BLACK
6
CONTINUOUS
10
6.1330590944881891
20
-4.1380001181102362
11
6.1332918110236223
21
-4.137628188976378
0
LINE
8
BLACK
6
CONTINUOUS
10
6.1332918110236223
20
-4.137628188976378
11
6.1333571653543304
21
-4.1371943307086614
0
LINE
8
BLACK
6
CONTINUOUS
10
6.1333571653543304
20
-4.1371943307086614
11
6.1356068897637792
21
-4.132694842519685
0
LINE
8
BLACK
6
CONTINUOUS
10
6.1356068897637792
20
-4.132694842519685
11
6.1360546850393698
21
-4.1322401574803145
0
LINE
8
BLACK
6
CONTINUOUS
10
6.1360546850393698
20
-4.1322401574803145
11
6.1363443700787403
21
-4.1316716929133861
0
LINE
8
BLACK
6
CONTINUOUS
10
6.1363443700787403
20
-4.1316716929133861
11
6.1408437795275592
21
-4.1271722440944885
0
LINE
8
BLACK
6
CONTINUOUS
10
6.1408437795275592
20
-4.1271722440944885
11
6.1416524015748033
21
-4.1267601968503937
0
LINE
8
BLACK
6
CONTINUOUS
10
6.1416524015748033
20
-4.1267601968503937
11
6.1423826771653545
21
-4.1262211417322829
0
LINE
8
BLACK
6
CONTINUOUS
10
6.1423826771653545
20
-4.1262211417322829
11
6.1491318503937009
21
-4.1239714173228341
0
LINE
8
BLACK
6
CONTINUOUS
10
6.1491318503937009
20
-4.1239714173228341
11
6.1497699212598427
21
-4.1239665354330706
0
LINE
8
BLACK
6
CONTINUOUS
10
6.1497699212598427
20
-4.1239665354330706
11
6.1503768503937009
21
-4.1237693700787403
0
LINE
8
BLACK
6
CONTINUOUS
10
6.1503768503937009
20
-4.1237693700787403
11
6.1548762992125985
21
-4.1237693700787403
0
LINE
8
BLACK
6
CONTINUOUS
10
6.1548762992125985
20
-4.1237693700787403
11
6.1554831889763779
21
-4.1239665354330706
0
LINE
8
BLACK
6
CONTINUOUS
10
6.2116383464566924
20
-4.1239380314960625
11
6.2121839763779523
21
-4.1239160236220469
0
LINE
8
BLACK
6
CONTINUOUS
10
6.2121839763779523
20
-4.1239160236220469
11
6.2127670866141731
21
-4.1243047637795271
0
LINE
8
BLACK
6
CONTINUOUS
10
6.2127670866141731
20
-4.1243047637795271
11
6.2134333858267716
21
-4.1245212598425196
0
LINE
8
BLACK
6
CONTINUOUS
10
6.2134333858267716
20
-4.1245212598425196
11
6.2137542125984249
21
-4.124962834645669
0
LINE
8
BLACK
6
CONTINUOUS
10
6.2137542125984249
20
-4.124962834645669
11
6.2142085433070866
21
-4.125265748031496
0
LINE
8
BLACK
6
CONTINUOUS
10
6.2142085433070866
20
-4.125265748031496
11
6.2144517716535432
21
-4.1259229527559054
0
LINE
8
BLACK
6
CONTINUOUS
10
6.2144517716535432
20
-4.1259229527559054
11
6.2148635826771654
21
-4.126489763779527
0
LINE
8
BLACK
6
CONTINUOUS
10
6.2148635826771654
20
-4.126489763779527
11
6.2148635826771654
21
-4.1270355905511806
0
LINE
8
BLACK
6
CONTINUOUS
10
6.2148635826771654
20
-4.1270355905511806
11
6.2150531102362203
21
-4.1275476771653539
0
LINE
8
BLACK
6
CONTINUOUS
10
6.2150531102362203
20
-4.1275476771653539
11
6.2148635826771654
21
-4.1282223228346453
0
LINE
8
BLACK
6
CONTINUOUS
10
6.2148635826771654
20
-4.1282223228346453
11
6.2148635826771654
21
-4.1289229921259842
0
LINE
8
BLACK
6
CONTINUOUS
10
6.2148635826771654
20
-4.1289229921259842
11
6.2145426771653538
21
-4.1293646456692912
0
LINE
8
BLACK
6
CONTINUOUS
10
6.2145426771653538
20
-4.1293646456692912
11
6.2143950393700784
21
-4.1298902362204721
0
LINE
8
BLACK
6
CONTINUOUS
10
6.2143950393700784
20
-4.1298902362204721
11
6.1869795669291339
21
-4.1710134645669292
0
LINE
8
BLACK
6
CONTINUOUS
10
6.1869795669291339
20
-4.1710134645669292
11
6.2111192519685039
21
-4.1710134645669292
0
LINE
8
BLACK
6
CONTINUOUS
10
6.2111192519685039
20
-4.1710134645669292
11
6.2134333858267716
21
-4.1717653543307085
0
LINE
8
BLACK
6
CONTINUOUS
10
6.2134333858267716
20
-4.1717653543307085
11
6.2148635826771654
21
-4.1737338582677168
0
LINE
8
BLACK
6
CONTINUOUS
10
6.2148635826771654
20
-4.1737338582677168
11
6.2148635826771654
21
-4.1761670866141731
0
LINE
8
BLACK
6
CONTINUOUS
10
6.2148635826771654
20
-4.1761670866141731
11
6.2134333858267716
21
-4.1781355905511814
0
LINE
8
BLACK
6
CONTINUOUS
10
6.2134333858267716
20
-4.1781355905511814
11
6.2111192519685039
21
-4.1788874803149607
0
LINE
8
BLACK
6
CONTINUOUS
10
6.2111192519685039
20
-4.1788874803149607
11
6.179623188976378
21
-4.1788874803149607
0
LINE
8
BLACK
6
CONTINUOUS
10
6.179623188976378
20
-4.1788874803149607
11
6.1791039763779523
21
-4.1787187795275589
0
LINE
8
BLACK
6
CONTINUOUS
10
6.1791039763779523
20
-4.1787187795275589
11
6.1785585039370075
21
-4.1787407874015745
0
LINE
8
BLACK
6
CONTINUOUS
10
6.1785585039370075
20
-4.1787407874015745
11
6.177975472440945
21
-4.1783521259842518
0
LINE
8
BLACK
6
CONTINUOUS
10
6.177975472440945
20
-4.1783521259842518
11
6.1773090551181102
21
-4.1781355905511814
0
LINE
8
BLACK
6
CONTINUOUS
10
6.1773090551181102
20
-4.1781355905511814
11
6.1769881496062995
21
-4.1776938976377949
0
LINE
8
BLACK
6
CONTINUOUS
10
6.1769881496062995
20
-4.1776938976377949
11
6.176533937007874
21
-4.177391102362205
0
LINE
8
BLACK
6
CONTINUOUS
10
6.176533937007874
20
-4.177391102362205
11
6.1762907086614174
21
-4.1767339763779523
0
LINE
8
BLACK
6
CONTINUOUS
10
6.1762907086614174
20
-4.1767339763779523
11
6.1758788582677164
21
-4.1761670866141731
0
LINE
8
BLACK
6
CONTINUOUS
10
6.1758788582677164
20
-4.1761670866141731
11
6.1758788582677164
21
-4.1756211417322833
0
LINE
8
BLACK
6
CONTINUOUS
10
6.1758788582677164
20
-4.1756211417322833
11
6.1756893700787403
21
-4.1751091732283463
0
LINE
8
BLACK
6
CONTINUOUS
10
6.1756893700787403
20
-4.1751091732283463
11
6.1758788582677164
21
-4.1744345669291336
0
LINE
8
BLACK
6
CONTINUOUS
10
6.1758788582677164
20
-4.1744345669291336
11
6.1758788582677164
21
-4.1737338582677168
0
LINE
8
BLACK
6
CONTINUOUS
10
6.1758788582677164
20
-4.1737338582677168
11
6.1761997637795272
21
-4.1732921259842515
0
LINE
8
BLACK
6
CONTINUOUS
10
6.1761997637795272
20
-4.1732921259842515
11
6.1763474015748034
21
-4.172766614173228
0
LINE
8
BLACK
6
CONTINUOUS
10
6.1763474015748034
20
-4.172766614173228
11
6.203762874015748
21
-4.1316433858267718
0
LINE
8
BLACK
6
CONTINUOUS
10
6.203762874015748
20
-4.1316433858267718
11
6.179623188976378
21
-4.1316433858267718
0
LINE
8
BLACK
6
CONTINUOUS
10
6.179623188976378
20
-4.1316433858267718
11
6.1773090551181102
21
-4.1308914960629917
0
LINE
8
BLACK
6
CONTINUOUS
10
6.1773090551181102
20
-4.1308914960629917
11
6.1758788582677164
21
-4.1289229921259842
0
LINE
8
BLACK
6
CONTINUOUS
10
6.1758788582677164
20
-4.1289229921259842
11
6.1758788582677164
21
-4.126489763779527
0
LINE
8
BLACK
6
CONTINUOUS
10
6.1758788582677164
20
-4.126489763779527
11
6.1773090551181102
21
-4.1245212598425196
0
LINE
8
BLACK
6
CONTINUOUS
10
6.1773090551181102
20
-4.1245212598425196
11
6.179623188976378
21
-4.1237693700787403
0
LINE
8
BLACK
6
CONTINUOUS
10
6.179623188976378
20
-4.1237693700787403
11
6.2111192519685039
21
-4.1237693700787403
0
LINE
8
BLACK
6
CONTINUOUS
10
6.2111192519685039
20
-4.1237693700787403
11
6.2116383464566924
21
-4.1239380314960625
0
LINE
8
BLACK
6
CONTINUOUS
10
6.0356412204724412
20
-4.1237788976377949
11
6.035671062992126
21
-4.1237694881889766
0
LINE
8
BLACK
6
CONTINUOUS
10
6.035671062992126
20
-4.1237694881889766
11
6.0367961811023623
21
-4.1241445275590554
0
LINE
8
BLACK
6
CONTINUOUS
10
6.0367961811023623
20
-4.1241445275590554
11
6.0379310629921257
21
-4.1245037795275588
0
LINE
8
BLACK
6
CONTINUOUS
10
6.0379310629921257
20
-4.1245037795275588
11
6.0379496850393704
21
-4.1245290157480312
0
LINE
8
BLACK
6
CONTINUOUS
10
6.0379496850393704
20
-4.1245290157480312
11
6.0379794094488188
21
-4.1245389370078742
0
LINE
8
BLACK
6
CONTINUOUS
10
6.0379794094488188
20
-4.1245389370078742
11
6.0386705118110235
21
-4.1255055118110233
0
LINE
8
BLACK
6
CONTINUOUS
10
6.0386705118110235
20
-4.1255055118110233
11
6.0393761417322835
21
-4.1264613779527561
0
LINE
8
BLACK
6
CONTINUOUS
10
6.0393761417322835
20
-4.1264613779527561
11
6.0551241732283465
21
-4.173705472440945
0
LINE
8
BLACK
6
CONTINUOUS
10
6.0551241732283465
20
-4.173705472440945
11
6.055142677165354
21
-4.1761386220472438
0
LINE
8
BLACK
6
CONTINUOUS
10
6.055142677165354
20
-4.1761386220472438
11
6.0537274409448818
21
-4.1781179133858268
0
LINE
8
BLACK
6
CONTINUOUS
10
6.0537274409448818
20
-4.1781179133858268
11
6.0514190944881889
21
-4.1788873622047245
0
LINE
8
BLACK
6
CONTINUOUS
10
6.0514190944881889
20
-4.1788873622047245
11
6.0490993307086613
21
-4.1781530708661414
0
LINE
8
BLACK
6
CONTINUOUS
10
6.0490993307086613
20
-4.1781530708661414
11
6.0476542519685035
21
-4.1761954724409449
0
LINE
8
BLACK
6
CONTINUOUS
10
6.0476542519685035
20
-4.1761954724409449
11
6.0440521653543309
21
-4.1653891732283466
0
LINE
8
BLACK
6
CONTINUOUS
10
6.0440521653543309
20
-4.1653891732283466
11
6.0272301968503932
21
-4.1653891732283466
0
LINE
8
BLACK
6
CONTINUOUS
10
6.0272301968503932
20
-4.1653891732283466
11
6.0236281102362206
21
-4.1761954724409449
0
LINE
8
BLACK
6
CONTINUOUS
10
6.0236281102362206
20
-4.1761954724409449
11
6.0221830314960627
21
-4.1781530708661414
0
LINE
8
BLACK
6
CONTINUOUS
10
6.0221830314960627
20
-4.1781530708661414
11
6.0198632677165351
21
-4.1788874015748032
0
LINE
8
BLACK
6
CONTINUOUS
10
6.0198632677165351
20
-4.1788874015748032
11
6.0175549212598423
21
-4.1781179133858268
0
LINE
8
BLACK
6
CONTINUOUS
10
6.0175549212598423
20
-4.1781179133858268
11
6.01613968503937
21
-4.1761386220472438
0
LINE
8
BLACK
6
CONTINUOUS
10
6.01613968503937
20
-4.1761386220472438
11
6.0161581889763776
21
-4.173705472440945
0
LINE
8
BLACK
6
CONTINUOUS
10
6.0161581889763776
20
-4.173705472440945
11
6.0319062204724405
21
-4.1264613779527561
0
LINE
8
BLACK
6
CONTINUOUS
10
6.0319062204724405
20
-4.1264613779527561
11
6.0326118110236218
21
-4.1255055118110233
0
LINE
8
BLACK
6
CONTINUOUS
10
6.0326118110236218
20
-4.1255055118110233
11
6.0333029527559052
21
-4.1245389370078742
0
LINE
8
BLACK
6
CONTINUOUS
10
6.0333029527559052
20
-4.1245389370078742
11
6.0333326377952758
21
-4.1245290157480312
0
LINE
8
BLACK
6
CONTINUOUS
10
6.0333326377952758
20
-4.1245290157480312
11
6.0333512992125984
21
-4.1245037795275588
0
LINE
8
BLACK
6
CONTINUOUS
10
6.0333512992125984
20
-4.1245037795275588
11
6.0344837795275588
21
-4.1241452755905508
0
LINE
8
BLACK
6
CONTINUOUS
10
6.0344837795275588
20
-4.1241452755905508
11
6.0356112992125981
21
-4.1237694488188978
0
LINE
8
BLACK
6
CONTINUOUS
10
6.0356112992125981
20
-4.1237694488188978
11
6.0356412204724412
21
-4.1237788976377949
0
LINE
8
BLACK
6
CONTINUOUS
10
6.0298548818897633
20
-4.1575151574803151
11
6.0414274803149608
21
-4.1575151574803151
0
LINE
8
BLACK
6
CONTINUOUS
10
6.0414274803149608
20
-4.1575151574803151
11
6.0356411811023625
21
-4.1401562598425192
0
LINE
8
BLACK
6
CONTINUOUS
10
6.0356411811023625
20
-4.1401562598425192
11
6.0298548818897633
21
-4.1575151574803151
0
LINE
8
BLACK
6
CONTINUOUS
10
6.1152802362204719
20
-4.1667067322834646
11
6.1155979527559055
21
-4.1667067322834646
0
LINE
8
BLACK
6
CONTINUOUS
10
6.1155979527559055
20
-4.1667067322834646
11
6.1158549606299211
21
-4.1668934251968501
0
LINE
8
BLACK
6
CONTINUOUS
10
6.1158549606299211
20
-4.1668934251968501
11
6.1161687007874015
21
-4.1669431496062987
0
LINE
8
BLACK
6
CONTINUOUS
10
6.1161687007874015
20
-4.1669431496062987
11
6.1166096062992121
21
-4.1673840551181103
0
LINE
8
BLACK
6
CONTINUOUS
10
6.1166096062992121
20
-4.1673840551181103
11
6.1171652362204725
21
-4.1676671653543309
0
LINE
8
BLACK
6
CONTINUOUS
10
6.1171652362204725
20
-4.1676671653543309
11
6.1194149212598425
21
-4.1699168897637797
0
LINE
8
BLACK
6
CONTINUOUS
10
6.1194149212598425
20
-4.1699168897637797
11
6.1196979527559057
21
-4.1704723622047242
0
LINE
8
BLACK
6
CONTINUOUS
10
6.1196979527559057
20
-4.1704723622047242
11
6.1201390157480313
21
-4.1709134251968507
0
LINE
8
BLACK
6
CONTINUOUS
10
6.1201390157480313
20
-4.1709134251968507
11
6.1202365354330706
21
-4.1715293700787397
0
LINE
8
BLACK
6
CONTINUOUS
10
6.1202365354330706
20
-4.1715293700787397
11
6.1205196062992124
21
-4.1720848818897638
0
LINE
8
BLACK
6
CONTINUOUS
10
6.1205196062992124
20
-4.1720848818897638
11
6.1204220472440944
21
-4.1727007480314962
0
LINE
8
BLACK
6
CONTINUOUS
10
6.1204220472440944
20
-4.1727007480314962
11
6.1205196062992124
21
-4.173316692913386
0
LINE
8
BLACK
6
CONTINUOUS
10
6.1205196062992124
20
-4.173316692913386
11
6.1202364960629918
21
-4.173872244094488
0
LINE
8
BLACK
6
CONTINUOUS
10
6.1202364960629918
20
-4.173872244094488
11
6.1201389763779526
21
-4.1744881496062991
0
LINE
8
BLACK
6
CONTINUOUS
10
6.1201389763779526
20
-4.1744881496062991
11
6.1196979921259844
21
-4.1749290944881885
0
LINE
8
BLACK
6
CONTINUOUS
10
6.1196979921259844
20
-4.1749290944881885
11
6.1194149212598425
21
-4.1754846850393701
0
LINE
8
BLACK
6
CONTINUOUS
10
6.1194149212598425
20
-4.1754846850393701
11
6.1171651968503937
21
-4.1777343700787402
0
LINE
8
BLACK
6
CONTINUOUS
10
6.1171651968503937
20
-4.1777343700787402
11
6.1166096850393696
21
-4.1780174015748033
0
LINE
8
BLACK
6
CONTINUOUS
10
6.1166096850393696
20
-4.1780174015748033
11
6.1161687401574802
21
-4.1784583858267714
0
LINE
8
BLACK
6
CONTINUOUS
10
6.1161687401574802
20
-4.1784583858267714
11
6.1158549212598423
21
-4.1785080708661413
0
LINE
8
BLACK
6
CONTINUOUS
10
6.1158549212598423
20
-4.1785080708661413
11
6.1155979527559055
21
-4.1786948031496065
0
LINE
8
BLACK
6
CONTINUOUS
10
6.1155979527559055
20
-4.1786948031496065
11
6.1152802755905507
21
-4.1786948031496065
0
LINE
8
BLACK
6
CONTINUOUS
10
6.1152802755905507
20
-4.1786948031496065
11
6.1149971653543309
21
-4.17883905511811
0
LINE
8
BLACK
6
CONTINUOUS
10
6.1149971653543309
20
-4.17883905511811
11
6.1143813385826773
21
-4.1787414960629921
0
LINE
8
BLACK
6
CONTINUOUS
10
6.1143813385826773
20
-4.1787414960629921
11
6.1137655118110237
21
-4.17883905511811
0
LINE
8
BLACK
6
CONTINUOUS
10
6.1137655118110237
20
-4.17883905511811
11
6.113482401574803
21
-4.1786948031496065
0
LINE
8
BLACK
6
CONTINUOUS
10
6.113482401574803
20
-4.1786948031496065
11
6.1131647244094482
21
-4.1786948031496065
0
LINE
8
BLACK
6
CONTINUOUS
10
6.1131647244094482
20
-4.1786948031496065
11
6.1129077165354326
21
-4.1785080708661413
0
LINE
8
BLACK
6
CONTINUOUS
10
6.1129077165354326
20
-4.1785080708661413
11
6.1125939370078735
21
-4.1784583858267714
0
LINE
8
BLACK
6
CONTINUOUS
10
6.1125939370078735
20
-4.1784583858267714
11
6.1121530314960628
21
-4.178017440944882
0
LINE
8
BLACK
6
CONTINUOUS
10
6.1121530314960628
20
-4.178017440944882
11
6.1115974803149609
21
-4.1777344094488189
0
LINE
8
BLACK
6
CONTINUOUS
10
6.1115974803149609
20
-4.1777344094488189
11
6.109347755905512
21
-4.1754846850393701
0
LINE
8
BLACK
6
CONTINUOUS
10
6.109347755905512
20
-4.1754846850393701
11
6.1090646456692914
21
-4.1749290944881885
0
LINE
8
BLACK
6
CONTINUOUS
10
6.1090646456692914
20
-4.1749290944881885
11
6.1086237007874011
21
-4.1744881496062991
0
LINE
8
BLACK
6
CONTINUOUS
10
6.1086237007874011
20
-4.1744881496062991
11
6.1085261417322831
21
-4.173872244094488
0
LINE
8
BLACK
6
CONTINUOUS
10
6.1085261417322831
20
-4.173872244094488
11
6.1082430708661413
21
-4.173316692913386
0
LINE
8
BLACK
6
CONTINUOUS
10
6.1082430708661413
20
-4.173316692913386
11
6.1083405905511814
21
-4.1727007480314962
0
LINE
8
BLACK
6
CONTINUOUS
10
6.1083405905511814
20
-4.1727007480314962
11
6.1082430708661413
21
-4.1720849212598425
0
LINE
8
BLACK
6
CONTINUOUS
10
6.1082430708661413
20
-4.1720849212598425
11
6.1085261023622044
21
-4.1715293700787397
0
LINE
8
BLACK
6
CONTINUOUS
10
6.1085261023622044
20
-4.1715293700787397
11
6.1086236614173224
21
-4.1709134645669295
0
LINE
8
BLACK
6
CONTINUOUS
10
6.1086236614173224
20
-4.1709134645669295
11
6.1090646062992127
21
-4.1704724803149604
0
LINE
8
BLACK
6
CONTINUOUS
10
6.1090646062992127
20
-4.1704724803149604
11
6.1093477165354333
21
-4.1699168897637797
0
LINE
8
BLACK
6
CONTINUOUS
10
6.1093477165354333
20
-4.1699168897637797
11
6.1115974409448821
21
-4.1676672047244097
0
LINE
8
BLACK
6
CONTINUOUS
10
6.1115974409448821
20
-4.1676672047244097
11
6.1121529921259841
21
-4.167384094488189
0
LINE
8
BLACK
6
CONTINUOUS
10
6.1121529921259841
20
-4.167384094488189
11
6.1125939763779522
21
-4.1669431496062987
0
LINE
8
BLACK
6
CONTINUOUS
10
6.1125939763779522
20
-4.1669431496062987
11
6.1129077165354326
21
-4.1668934251968501
0
LINE
8
BLACK
6
CONTINUOUS
10
6.1129077165354326
20
-4.1668934251968501
11
6.1131647244094482
21
-4.1667067322834646
0
LINE
8
BLACK
6
CONTINUOUS
10
6.1131647244094482
20
-4.1667067322834646
11
6.113482401574803
21
-4.1667067322834646
0
LINE
8
BLACK
6
CONTINUOUS
10
6.113482401574803
20
-4.1667067322834646
11
6.1137654330708662
21
-4.1665625196850389
0
LINE
8
BLACK
6
CONTINUOUS
10
6.1137654330708662
20
-4.1665625196850389
11
6.1143812992125985
21
-4.166660039370079
0
LINE
8
BLACK
6
CONTINUOUS
10
6.1143812992125985
20
-4.166660039370079
11
6.1149972047244097
21
-4.1665625196850389
0
LINE
8
BLACK
6
CONTINUOUS
10
6.1149972047244097
20
-4.1665625196850389
11
6.1152802362204719
21
-4.1667067322834646
0
LINE
8
BLACK
6
CONTINUOUS
10
5.9667305905511814
20
-4.1239620472440945
11
5.9671164960629923
21
-4.1239620472440945
0
LINE
8
BLACK
6
CONTINUOUS
10
5.9671164960629923
20
-4.1239620472440945
11
5.9678094488188975
21
-4.1244654724409449
0
LINE
8
BLACK
6
CONTINUOUS
10
5.9678094488188975
20
-4.1244654724409449
11
5.9685857874015751
21
-4.1248277952755901
0
LINE
8
BLACK
6
CONTINUOUS
10
5.9685857874015751
20
-4.1248277952755901
11
5.9687727952755907
21
-4.1251653937007875
0
LINE
8
BLACK
6
CONTINUOUS
10
5.9687727952755907
20
-4.1251653937007875
11
5.9690849999999998
21
-4.1253922440944883
0
LINE
8
BLACK
6
CONTINUOUS
10
5.9690849999999998
20
-4.1253922440944883
11
5.9693496456692916
21
-4.1262067716535435
0
LINE
8
BLACK
6
CONTINUOUS
10
5.9693496456692916
20
-4.1262067716535435
11
5.969764803149606
21
-4.1269562598425198
0
LINE
8
BLACK
6
CONTINUOUS
10
5.969764803149606
20
-4.1269562598425198
11
5.9697176377952754
21
-4.1273393307086614
0
LINE
8
BLACK
6
CONTINUOUS
10
5.9697176377952754
20
-4.1273393307086614
11
5.969836889763779
21
-4.1277063779527561
0
LINE
8
BLACK
6
CONTINUOUS
10
5.969836889763779
20
-4.1277063779527561
11
5.969836889763779
21
-4.174950472440945
0
LINE
8
BLACK
6
CONTINUOUS
10
5.969836889763779
20
-4.174950472440945
11
5.9690849999999998
21
-4.1772646062992127
0
LINE
8
BLACK
6
CONTINUOUS
10
5.9690849999999998
20
-4.1772646062992127
11
5.9671164960629923
21
-4.1786948031496065
0
LINE
8
BLACK
6
CONTINUOUS
10
5.9671164960629923
20
-4.1786948031496065
11
5.9646832677165351
21
-4.1786948031496065
0
LINE
8
BLACK
6
CONTINUOUS
10
5.9646832677165351
20
-4.1786948031496065
11
5.9627147637795277
21
-4.1772646062992127
0
LINE
8
BLACK
6
CONTINUOUS
10
5.9627147637795277
20
-4.1772646062992127
11
5.9619628740157475
21
-4.174950472440945
0
LINE
8
BLACK
6
CONTINUOUS
10
5.9619628740157475
20
-4.174950472440945
11
5.9619628740157475
21
-4.1454526377952758
0
LINE
8
BLACK
6
CONTINUOUS
10
5.9619628740157475
20
-4.1454526377952758
11
5.9537194881889759
21
-4.1631170866141733
0
LINE
8
BLACK
6
CONTINUOUS
10
5.9537194881889759
20
-4.1631170866141733
11
5.9532040157480317
21
-4.1636695275590547
0
LINE
8
BLACK
6
CONTINUOUS
10
5.9532040157480317
20
-4.1636695275590547
11
5.9528377559055121
21
-4.1643307480314959
0
LINE
8
BLACK
6
CONTINUOUS
10
5.9528377559055121
20
-4.1643307480314959
11
5.9523937007874013
21
-4.1645379527559054
0
LINE
8
BLACK
6
CONTINUOUS
10
5.9523937007874013
20
-4.1645379527559054
11
5.9520595275590553
21
-4.1648961417322834
0
LINE
8
BLACK
6
CONTINUOUS
10
5.9520595275590553
20
-4.1648961417322834
11
5.9513176771653544
21
-4.1650400787401578
0
LINE
8
BLACK
6
CONTINUOUS
10
5.9513176771653544
20
-4.1650400787401578
11
5.9506327952755909
21
-4.1653597244094485
0
LINE
8
BLACK
6
CONTINUOUS
10
5.9506327952755909
20
-4.1653597244094485
11
5.9501517322834641
21
-4.1652663385826774
0
LINE
8
BLACK
6
CONTINUOUS
10
5.9501517322834641
20
-4.1652663385826774
11
5.9496709055118107
21
-4.1653596850393697
0
LINE
8
BLACK
6
CONTINUOUS
10
5.9496709055118107
20
-4.1653596850393697
11
5.9489861811023621
21
-4.1650401181102366
0
LINE
8
BLACK
6
CONTINUOUS
10
5.9489861811023621
20
-4.1650401181102366
11
5.9482441732283462
21
-4.1648961417322834
0
LINE
8
BLACK
6
CONTINUOUS
10
5.9482441732283462
20
-4.1648961417322834
11
5.947909881889764
21
-4.1645378740157479
0
LINE
8
BLACK
6
CONTINUOUS
10
5.947909881889764
20
-4.1645378740157479
11
5.9474659448818894
21
-4.1643307086614172
0
LINE
8
BLACK
6
CONTINUOUS
10
5.9474659448818894
20
-4.1643307086614172
11
5.9470997244094486
21
-4.1636695669291335
0
LINE
8
BLACK
6
CONTINUOUS
10
5.9470997244094486
20
-4.1636695669291335
11
5.9465842125984247
21
-4.1631170866141733
0
LINE
8
BLACK
6
CONTINUOUS
10
5.9465842125984247
20
-4.1631170866141733
11
5.9383408267716531
21
-4.1454526771653546
0
LINE
8
BLACK
6
CONTINUOUS
10
5.9383408267716531
20
-4.1454526771653546
11
5.9383408267716531
21
-4.174950472440945
0
LINE
8
BLACK
6
CONTINUOUS
10
5.9383408267716531
20
-4.174950472440945
11
5.9375889370078738
21
-4.1772646062992127
0
LINE
8
BLACK
6
CONTINUOUS
10
5.9375889370078738
20
-4.1772646062992127
11
5.9356204330708664
21
-4.1786948031496065
0
LINE
8
BLACK
6
CONTINUOUS
10
5.9356204330708664
20
-4.1786948031496065
11
5.9331872047244092
21
-4.1786948031496065
0
LINE
8
BLACK
6
CONTINUOUS
10
5.9331872047244092
20
-4.1786948031496065
11
5.9312187007874018
21
-4.1772646062992127
0
LINE
8
BLACK
6
CONTINUOUS
10
5.9312187007874018
20
-4.1772646062992127
11
5.9304668110236216
21
-4.174950472440945
0
LINE
8
BLACK
6
CONTINUOUS
10
5.9304668110236216
20
-4.174950472440945
11
5.9304668110236216
21
-4.1277063779527561
0
LINE
8
BLACK
6
CONTINUOUS
10
5.9304668110236216
20
-4.1277063779527561
11
5.9305860236220473
21
-4.1273393700787402
0
LINE
8
BLACK
6
CONTINUOUS
10
5.9305860236220473
20
-4.1273393700787402
11
5.9305388976377955
21
-4.1269562992125985
0
LINE
8
BLACK
6
CONTINUOUS
10
5.9305388976377955
20
-4.1269562992125985
11
5.9309539763779524
21
-4.1262068897637798
0
LINE
8
BLACK
6
CONTINUOUS
10
5.9309539763779524
20
-4.1262068897637798
11
5.9312187007874018
21
-4.1253922440944883
0
LINE
8
BLACK
6
CONTINUOUS
10
5.9312187007874018
20
-4.1253922440944883
11
5.9315309055118108
21
-4.1251653937007875
0
LINE
8
BLACK
6
CONTINUOUS
10
5.9315309055118108
20
-4.1251653937007875
11
5.9317179133858264
21
-4.1248278346456688
0
LINE
8
BLACK
6
CONTINUOUS
10
5.9317179133858264
20
-4.1248278346456688
11
5.932494094488189
21
-4.1244655905511811
0
LINE
8
BLACK
6
CONTINUOUS
10
5.932494094488189
20
-4.1244655905511811
11
5.9331872047244092
21
-4.1239620472440945
0
LINE
8
BLACK
6
CONTINUOUS
10
5.9331872047244092
20
-4.1239620472440945
11
5.9335731889763776
21
-4.1239620472440945
0
LINE
8
BLACK
6
CONTINUOUS
10
5.9335731889763776
20
-4.1239620472440945
11
5.9339228740157477
21
-4.1237988582677163
0
LINE
8
BLACK
6
CONTINUOUS
10
5.9339228740157477
20
-4.1237988582677163
11
5.9347637795275592
21
-4.1239620472440945
0
LINE
8
BLACK
6
CONTINUOUS
10
5.9347637795275592
20
-4.1239620472440945
11
5.9356204330708664
21
-4.1239620472440945
0
LINE
8
BLACK
6
CONTINUOUS
10
5.9356204330708664
20
-4.1239620472440945
11
5.9359326377952755
21
-4.1241888582677166
0
LINE
8
BLACK
6
CONTINUOUS
10
5.9359326377952755
20
-4.1241888582677166
11
5.9363114960629924
21
-4.1242624015748026
0
LINE
8
BLACK
6
CONTINUOUS
10
5.9363114960629924
20
-4.1242624015748026
11
5.9368958661417324
21
-4.1248887007874018
0
LINE
8
BLACK
6
CONTINUOUS
10
5.9368958661417324
20
-4.1248887007874018
11
5.9375889370078738
21
-4.1253922440944883
0
LINE
8
BLACK
6
CONTINUOUS
10
5.9375889370078738
20
-4.1253922440944883
11
5.9377081889763774
21
-4.125759291338583
0
LINE
8
BLACK
6
CONTINUOUS
10
5.9377081889763774
20
-4.125759291338583
11
5.9379714566929129
21
-4.1260414566929136
0
LINE
8
BLACK
6
CONTINUOUS
10
5.9379714566929129
20
-4.1260414566929136
11
5.9501518110236216
21
-4.1521422834645669
0
LINE
8
BLACK
6
CONTINUOUS
10
5.9501518110236216
20
-4.1521422834645669
11
5.9623322440944877
21
-4.1260414566929136
0
LINE
8
BLACK
6
CONTINUOUS
10
5.9623322440944877
20
-4.1260414566929136
11
5.9625954724409445
21
-4.125759291338583
0
LINE
8
BLACK
6
CONTINUOUS
10
5.9625954724409445
20
-4.125759291338583
11
5.9627147637795277
21
-4.1253922440944883
0
LINE
8
BLACK
6
CONTINUOUS
10
5.9627147637795277
20
-4.1253922440944883
11
5.9634077952755904
21
-4.1248887007874018
0
LINE
8
BLACK
6
CONTINUOUS
10
5.9634077952755904
20
-4.1248887007874018
11
5.9639922047244092
21
-4.1242624015748026
0
LINE
8
BLACK
6
CONTINUOUS
10
5.9639922047244092
20
-4.1242624015748026
11
5.964371062992126
21
-4.1241888582677166
0
LINE
8
BLACK
6
CONTINUOUS
10
5.964371062992126
20
-4.1241888582677166
11
5.9646832677165351
21
-4.1239620472440945
0
LINE
8
BLACK
6
CONTINUOUS
10
5.9646832677165351
20
-4.1239620472440945
11
5.9655398031496061
21
-4.1239620472440945
0
LINE
8
BLACK
6
CONTINUOUS
10
5.9655398031496061
20
-4.1239620472440945
11
5.9663808267716538
21
-4.1237988188976376
0
LINE
8
BLACK
6
CONTINUOUS
10
5.9663808267716538
20
-4.1237988188976376
11
5.9667305905511814
21
-4.1239620472440945
0
LINE
8
BLACK
6
CONTINUOUS
10
5.3796503543307086
20
-4.0661421259842516
11
5.380341181102362
21
-4.0680401181102361
0
LINE
8
BLACK
6
CONTINUOUS
10
5.380341181102362
20
-4.0680401181102361
11
5.380341181102362
21
-4.0961615748031495
0
LINE
8
BLACK
6
CONTINUOUS
10
5.380341181102362
20
-4.0961615748031495
11
5.3801878740157481
21
-4.0970309448818893
0
LINE
8
BLACK
6
CONTINUOUS
10
5.3801878740157481
20
-4.0970309448818893
11
5.380189645669291
21
-4.0970953543307083
0
LINE
8
BLACK
6
CONTINUOUS
10
5.380189645669291
20
-4.0970953543307083
11
5.3783148818897635
21
-4.1027196062992122
0
LINE
8
BLACK
6
CONTINUOUS
10
5.3783148818897635
20
-4.1027196062992122
11
5.3778265748031497
21
-4.1036213779527557
0
LINE
8
BLACK
6
CONTINUOUS
10
5.3778265748031497
20
-4.1036213779527557
11
5.3776761811023617
21
-4.1037137401574801
0
LINE
8
BLACK
6
CONTINUOUS
10
5.3776761811023617
20
-4.1037137401574801
11
5.3776016141732281
21
-4.1038737401574803
0
LINE
8
BLACK
6
CONTINUOUS
10
5.3776016141732281
20
-4.1038737401574803
11
5.3738520472440943
21
-4.1076233464566929
0
LINE
8
BLACK
6
CONTINUOUS
10
5.3738520472440943
20
-4.1076233464566929
11
5.3730120078740153
21
-4.108211535433071
0
LINE
8
BLACK
6
CONTINUOUS
10
5.3730120078740153
20
-4.108211535433071
11
5.3728361417322832
21
-4.1082268897637793
0
LINE
8
BLACK
6
CONTINUOUS
10
5.3728361417322832
20
-4.1082268897637793
11
5.3726978740157483
21
-4.108336653543307
0
LINE
8
BLACK
6
CONTINUOUS
10
5.3726978740157483
20
-4.108336653543307
11
5.3670735826771656
21
-4.1102114173228346
0
LINE
8
BLACK
6
CONTINUOUS
10
5.3670735826771656
20
-4.1102114173228346
11
5.3662003937007876
21
-4.1103408661417324
0
LINE
8
BLACK
6
CONTINUOUS
10
5.3662003937007876
20
-4.1103408661417324
11
5.3661398425196847
21
-4.1103629527559056
0
LINE
8
BLACK
6
CONTINUOUS
10
5.3661398425196847
20
-4.1103629527559056
11
5.3623903149606296
21
-4.1103629527559056
0
LINE
8
BLACK
6
CONTINUOUS
10
5.3623903149606296
20
-4.1103629527559056
11
5.3613803937007871
21
-4.1101848818897633
0
LINE
8
BLACK
6
CONTINUOUS
10
5.3613803937007871
20
-4.1101848818897633
11
5.359833149606299
21
-4.1088865748031491
0
LINE
8
BLACK
6
CONTINUOUS
10
5.359833149606299
20
-4.1088865748031491
11
5.3594824015748026
21
-4.1068974409448815
0
LINE
8
BLACK
6
CONTINUOUS
10
5.3594824015748026
20
-4.1068974409448815
11
5.3604923228346459
21
-4.105148267716535
0
LINE
8
BLACK
6
CONTINUOUS
10
5.3604923228346459
20
-4.105148267716535
11
5.3623903149606296
21
-4.1044574409448815
0
LINE
8
BLACK
6
CONTINUOUS
10
5.3623903149606296
20
-4.1044574409448815
11
5.3656607086614176
21
-4.1044574409448815
0
LINE
8
BLACK
6
CONTINUOUS
10
5.3656607086614176
20
-4.1044574409448815
11
5.3701690944881886
21
-4.1029546062992122
0
LINE
8
BLACK
6
CONTINUOUS
10
5.3701690944881886
20
-4.1029546062992122
11
5.3729328346456695
21
-4.1001908267716534
0
LINE
8
BLACK
6
CONTINUOUS
10
5.3729328346456695
20
-4.1001908267716534
11
5.3744356692913389
21
-4.0956824409448815
0
LINE
8
BLACK
6
CONTINUOUS
10
5.3744356692913389
20
-4.0956824409448815
11
5.3744356692913389
21
-4.0680401181102361
0
LINE
8
BLACK
6
CONTINUOUS
10
5.3744356692913389
20
-4.0680401181102361
11
5.3746137401574803
21
-4.0670301968503937
0
LINE
8
BLACK
6
CONTINUOUS
10
5.3746137401574803
20
-4.0670301968503937
11
5.3759120472440944
21
-4.0654829527559055
0
LINE
8
BLACK
6
CONTINUOUS
10
5.3759120472440944
20
-4.0654829527559055
11
5.377901181102362
21
-4.0651322047244092
0
LINE
8
BLACK
6
CONTINUOUS
10
5.377901181102362
20
-4.0651322047244092
11
5.3796503543307086
21
-4.0661421259842516
0
LINE
8
BLACK
6
CONTINUOUS
10
5.4171958267716533
20
-4.0651644488188978
11
5.4173313385826773
21
-4.0651434645669289
0
LINE
8
BLACK
6
CONTINUOUS
10
5.4173313385826773
20
-4.0651434645669289
11
5.4174359842519682
21
-4.0652068110236224
0
LINE
8
BLACK
6
CONTINUOUS
10
5.4174359842519682
20
-4.0652068110236224
11
5.4177684251968499
21
-4.0652654330708664
0
LINE
8
BLACK
6
CONTINUOUS
10
5.4177684251968499
20
-4.0652654330708664
11
5.4183781889763782
21
-4.0657770866141734
0
LINE
8
BLACK
6
CONTINUOUS
10
5.4183781889763782
20
-4.0657770866141734
11
5.4190592519685037
21
-4.066189330708661
0
LINE
8
BLACK
6
CONTINUOUS
10
5.4190592519685037
20
-4.066189330708661
11
5.4191351968503936
21
-4.0664123228346458
0
LINE
8
BLACK
6
CONTINUOUS
10
5.4191351968503936
20
-4.0664123228346458
11
5.4193156692913389
21
-4.0665637401574806
0
LINE
8
BLACK
6
CONTINUOUS
10
5.4193156692913389
20
-4.0665637401574806
11
5.4194538976377951
21
-4.0673476771653538
0
LINE
8
BLACK
6
CONTINUOUS
10
5.4194538976377951
20
-4.0673476771653538
11
5.4197106299212594
21
-4.0681012204724407
0
LINE
8
BLACK
6
CONTINUOUS
10
5.4197106299212594
20
-4.0681012204724407
11
5.4196254724409449
21
-4.0683208267716537
0
LINE
8
BLACK
6
CONTINUOUS
10
5.4196254724409449
20
-4.0683208267716537
11
5.4196664173228344
21
-4.0685528740157482
0
LINE
8
BLACK
6
CONTINUOUS
10
5.4196664173228344
20
-4.0685528740157482
11
5.4192683070866137
21
-4.0692423228346453
0
LINE
8
BLACK
6
CONTINUOUS
10
5.4192683070866137
20
-4.0692423228346453
11
5.4189806692913383
21
-4.0699845275590549
0
LINE
8
BLACK
6
CONTINUOUS
10
5.4189806692913383
20
-4.0699845275590549
11
5.4100243307086613
21
-4.0802203149606298
0
LINE
8
BLACK
6
CONTINUOUS
10
5.4100243307086613
20
-4.0802203149606298
11
5.4102693700787396
21
-4.0802635433070868
0
LINE
8
BLACK
6
CONTINUOUS
10
5.4102693700787396
20
-4.0802635433070868
11
5.4104046062992124
21
-4.0803770078740156
0
LINE
8
BLACK
6
CONTINUOUS
10
5.4104046062992124
20
-4.0803770078740156
11
5.4105799606299207
21
-4.0803972047244095
0
LINE
8
BLACK
6
CONTINUOUS
10
5.4105799606299207
20
-4.0803972047244095
11
5.4143294881889759
21
-4.082271968503937
0
LINE
8
BLACK
6
CONTINUOUS
10
5.4143294881889759
20
-4.082271968503937
11
5.4150385433070864
21
-4.082797874015748
0
LINE
8
BLACK
6
CONTINUOUS
10
5.4150385433070864
20
-4.082797874015748
11
5.4150968897637792
21
-4.0828250787401572
0
LINE
8
BLACK
6
CONTINUOUS
10
5.4150968897637792
20
-4.0828250787401572
11
5.4169716535433068
21
-4.0846998425196848
0
LINE
8
BLACK
6
CONTINUOUS
10
5.4169716535433068
20
-4.0846998425196848
11
5.4174779133858264
21
-4.0854229133858269
0
LINE
8
BLACK
6
CONTINUOUS
10
5.4174779133858264
20
-4.0854229133858269
11
5.4175247637795279
21
-4.0854672440944881
0
LINE
8
BLACK
6
CONTINUOUS
10
5.4175247637795279
20
-4.0854672440944881
11
5.4193995275590554
21
-4.0892167716535432
0
LINE
8
BLACK
6
CONTINUOUS
10
5.4193995275590554
20
-4.0892167716535432
11
5.4196918897637794
21
-4.0901996850393703
0
LINE
8
BLACK
6
CONTINUOUS
10
5.4196918897637794
20
-4.0901996850393703
11
5.4196508661417324
21
-4.0903713779527555
0
LINE
8
BLACK
6
CONTINUOUS
10
5.4196508661417324
20
-4.0903713779527555
11
5.4197112598425194
21
-4.0905372834645668
0
LINE
8
BLACK
6
CONTINUOUS
10
5.4197112598425194
20
-4.0905372834645668
11
5.4197112598425194
21
-4.0999111023622046
0
LINE
8
BLACK
6
CONTINUOUS
10
5.4197112598425194
20
-4.0999111023622046
11
5.419533188976378
21
-4.100921023622047
0
LINE
8
BLACK
6
CONTINUOUS
10
5.419533188976378
20
-4.100921023622047
11
5.4194196850393697
21
-4.1010562598425198
0
LINE
8
BLACK
6
CONTINUOUS
10
5.4194196850393697
20
-4.1010562598425198
11
5.4193995275590554
21
-4.1012316141732281
0
LINE
8
BLACK
6
CONTINUOUS
10
5.4193995275590554
20
-4.1012316141732281
11
5.4175247637795279
21
-4.1049811417322832
0
LINE
8
BLACK
6
CONTINUOUS
10
5.4175247637795279
20
-4.1049811417322832
11
5.4169988188976372
21
-4.1056901968503938
0
LINE
8
BLACK
6
CONTINUOUS
10
5.4169988188976372
20
-4.1056901968503938
11
5.4169716535433068
21
-4.1057485433070866
0
LINE
8
BLACK
6
CONTINUOUS
10
5.4169716535433068
20
-4.1057485433070866
11
5.415096929133858
21
-4.1076233070866142
0
LINE
8
BLACK
6
CONTINUOUS
10
5.415096929133858
20
-4.1076233070866142
11
5.4143737401574805
21
-4.10812968503937
0
LINE
8
BLACK
6
CONTINUOUS
10
5.4143737401574805
20
-4.10812968503937
11
5.4143294881889759
21
-4.1081764566929131
0
LINE
8
BLACK
6
CONTINUOUS
10
5.4143294881889759
20
-4.1081764566929131
11
5.4105799606299207
21
-4.1100512204724406
0
LINE
8
BLACK
6
CONTINUOUS
10
5.4105799606299207
20
-4.1100512204724406
11
5.4095970078740159
21
-4.1103435826771655
0
LINE
8
BLACK
6
CONTINUOUS
10
5.4095970078740159
20
-4.1103435826771655
11
5.4094253149606297
21
-4.1103025590551177
0
LINE
8
BLACK
6
CONTINUOUS
10
5.4094253149606297
20
-4.1103025590551177
11
5.4092594488188972
21
-4.1103629527559056
0
LINE
8
BLACK
6
CONTINUOUS
10
5.4092594488188972
20
-4.1103629527559056
11
5.3980108661417319
21
-4.1103629527559056
0
LINE
8
BLACK
6
CONTINUOUS
10
5.3980108661417319
20
-4.1103629527559056
11
5.3970009448818894
21
-4.1101848818897633
0
LINE
8
BLACK
6
CONTINUOUS
10
5.3970009448818894
20
-4.1101848818897633
11
5.3968656692913388
21
-4.1100713779527558
0
LINE
8
BLACK
6
CONTINUOUS
10
5.3968656692913388
20
-4.1100713779527558
11
5.3966903543307083
21
-4.1100512204724406
0
LINE
8
BLACK
6
CONTINUOUS
10
5.3966903543307083
20
-4.1100512204724406
11
5.3929408267716532
21
-4.1081764566929131
0
LINE
8
BLACK
6
CONTINUOUS
10
5.3929408267716532
20
-4.1081764566929131
11
5.392231692913386
21
-4.1076504724409446
0
LINE
8
BLACK
6
CONTINUOUS
10
5.392231692913386
20
-4.1076504724409446
11
5.392173385826772
21
-4.1076233070866142
0
LINE
8
BLACK
6
CONTINUOUS
10
5.392173385826772
20
-4.1076233070866142
11
5.3902986220472444
21
-4.1057485039370079
0
LINE
8
BLACK
6
CONTINUOUS
10
5.3902986220472444
20
-4.1057485039370079
11
5.3897104330708663
21
-4.1049084645669289
0
LINE
8
BLACK
6
CONTINUOUS
10
5.3897104330708663
20
-4.1049084645669289
11
5.3895344488188979
21
-4.1028963779527556
0
LINE
8
BLACK
6
CONTINUOUS
10
5.3895344488188979
20
-4.1028963779527556
11
5.3906929527559058
21
-4.1012418503937003
0
LINE
8
BLACK
6
CONTINUOUS
10
5.3906929527559058
20
-4.1012418503937003
11
5.3926439370078736
21
-4.1007191338582674
0
LINE
8
BLACK
6
CONTINUOUS
10
5.3926439370078736
20
-4.1007191338582674
11
5.3944745275590549
21
-4.1015727559055115
0
LINE
8
BLACK
6
CONTINUOUS
10
5.3944745275590549
20
-4.1015727559055115
11
5.3960104330708658
21
-4.1031087007874012
0
LINE
8
BLACK
6
CONTINUOUS
10
5.3960104330708658
20
-4.1031087007874012
11
5.3987079133858265
21
-4.1044574409448815
0
LINE
8
BLACK
6
CONTINUOUS
10
5.3987079133858265
20
-4.1044574409448815
11
5.4085624015748026
21
-4.1044574409448815
0
LINE
8
BLACK
6
CONTINUOUS
10
5.4085624015748026
20
-4.1044574409448815
11
5.4112598425196845
21
-4.1031087007874012
0
LINE
8
BLACK
6
CONTINUOUS
10
5.4112598425196845
20
-4.1031087007874012
11
5.4124569685039372
21
-4.1019115354330706
0
LINE
8
BLACK
6
CONTINUOUS
10
5.4124569685039372
20
-4.1019115354330706
11
5.4138057480314963
21
-4.09921405511811
0
LINE
8
BLACK
6
CONTINUOUS
10
5.4138057480314963
20
-4.09921405511811
11
5.4138057480314963
21
-4.0912343307086614
0
LINE
8
BLACK
6
CONTINUOUS
10
5.4138057480314963
20
-4.0912343307086614
11
5.412457007874016
21
-4.0885368503937007
0
LINE
8
BLACK
6
CONTINUOUS
10
5.412457007874016
20
-4.0885368503937007
11
5.4112598818897633
21
-4.0873397244094489
0
LINE
8
BLACK
6
CONTINUOUS
10
5.4112598818897633
20
-4.0873397244094489
11
5.4085624015748026
21
-4.0859909842519686
0
LINE
8
BLACK
6
CONTINUOUS
10
5.4085624015748026
20
-4.0859909842519686
11
5.4036351574803145
21
-4.0859909842519686
0
LINE
8
BLACK
6
CONTINUOUS
10
5.4036351574803145
20
-4.0859909842519686
11
5.4031977952755907
21
-4.0859138582677161
0
LINE
8
BLACK
6
CONTINUOUS
10
5.4031977952755907
20
-4.0859138582677161
11
5.4030623228346455
21
-4.0859348818897638
0
LINE
8
BLACK
6
CONTINUOUS
10
5.4030623228346455
20
-4.0859348818897638
11
5.402957637795275
21
-4.0858714960629916
0
LINE
8
BLACK
6
CONTINUOUS
10
5.402957637795275
20
-4.0858714960629916
11
5.4026252362204721
21
-4.0858129133858263
0
LINE
8
BLACK
6
CONTINUOUS
10
5.4026252362204721
20
-4.0858129133858263
11
5.4020154330708658
21
-4.0853012204724406
0
LINE
8
BLACK
6
CONTINUOUS
10
5.4020154330708658
20
-4.0853012204724406
11
5.4013344094488192
21
-4.0848890157480318
0
LINE
8
BLACK
6
CONTINUOUS
10
5.4013344094488192
20
-4.0848890157480318
11
5.4012584251968505
21
-4.0846659842519681
0
LINE
8
BLACK
6
CONTINUOUS
10
5.4012584251968505
20
-4.0846659842519681
11
5.4010779921259839
21
-4.0845146062992121
0
LINE
8
BLACK
6
CONTINUOUS
10
5.4010779921259839
20
-4.0845146062992121
11
5.400939724409449
21
-4.0837306299212601
0
LINE
8
BLACK
6
CONTINUOUS
10
5.400939724409449
20
-4.0837306299212601
11
5.4006830314960625
21
-4.082977125984252
0
LINE
8
BLACK
6
CONTINUOUS
10
5.4006830314960625
20
-4.082977125984252
11
5.4007681496062991
21
-4.0827574803149602
0
LINE
8
BLACK
6
CONTINUOUS
10
5.4007681496062991
20
-4.0827574803149602
11
5.4007272440944885
21
-4.0825254724409445
0
LINE
8
BLACK
6
CONTINUOUS
10
5.4007272440944885
20
-4.0825254724409445
11
5.4011253149606295
21
-4.0818359842519687
0
LINE
8
BLACK
6
CONTINUOUS
10
5.4011253149606295
20
-4.0818359842519687
11
5.4014129921259837
21
-4.0810938188976378
0
LINE
8
BLACK
6
CONTINUOUS
10
5.4014129921259837
20
-4.0810938188976378
11
5.4102513385826771
21
-4.0709928740157482
0
LINE
8
BLACK
6
CONTINUOUS
10
5.4102513385826771
20
-4.0709928740157482
11
5.3923865748031492
21
-4.0709928740157482
0
LINE
8
BLACK
6
CONTINUOUS
10
5.3923865748031492
20
-4.0709928740157482
11
5.3913766535433068
21
-4.0708148031496059
0
LINE
8
BLACK
6
CONTINUOUS
10
5.3913766535433068
20
-4.0708148031496059
11
5.3898294094488186
21
-4.0695164960629917
0
LINE
8
BLACK
6
CONTINUOUS
10
5.3898294094488186
20
-4.0695164960629917
11
5.3894786614173231
21
-4.0675273622047241
0
LINE
8
BLACK
6
CONTINUOUS
10
5.3894786614173231
20
-4.0675273622047241
11
5.3904885826771656
21
-4.0657781889763775
0
LINE
8
BLACK
6
CONTINUOUS
10
5.3904885826771656
20
-4.0657781889763775
11
5.3923865748031492
21
-4.0650873622047241
0
LINE
8
BLACK
6
CONTINUOUS
10
5.3923865748031492
20
-4.0650873622047241
11
5.4167585039370074
21
-4.0650873622047241
0
LINE
8
BLACK
6
CONTINUOUS
10
5.4167585039370074
20
-4.0650873622047241
11
5.4171958267716533
21
-4.0651644488188978
0
LINE
8
BLACK
6
CONTINUOUS
10
6.4738286614173228
20
-4.0651408661417321
11
6.4744667716535433
21
-4.0651457480314956
0
LINE
8
BLACK
6
CONTINUOUS
10
6.4744667716535433
20
-4.0651457480314956
11
6.4817783464566929
21
-4.0675829527559051
0
LINE
8
BLACK
6
CONTINUOUS
10
6.4817783464566929
20
-4.0675829527559051
11
6.4825085039370078
21
-4.0681219291338584
0
LINE
8
BLACK
6
CONTINUOUS
10
6.4825085039370078
20
-4.0681219291338584
11
6.4833172440944882
21
-4.068534015748031
0
LINE
8
BLACK
6
CONTINUOUS
10
6.4833172440944882
20
-4.068534015748031
11
6.5058426771653544
21
-4.0910594488188972
0
LINE
8
BLACK
6
CONTINUOUS
10
6.5058426771653544
20
-4.0910594488188972
11
6.5058426771653544
21
-4.0688807086614176
0
LINE
8
BLACK
6
CONTINUOUS
10
6.5058426771653544
20
-4.0688807086614176
11
6.5065945669291336
21
-4.0665665748031499
0
LINE
8
BLACK
6
CONTINUOUS
10
6.5065945669291336
20
-4.0665665748031499
11
6.5085630708661419
21
-4.0651363779527561
0
LINE
8
BLACK
6
CONTINUOUS
10
6.5085630708661419
20
-4.0651363779527561
11
6.5109962992125983
21
-4.0651363779527561
0
LINE
8
BLACK
6
CONTINUOUS
10
6.5109962992125983
20
-4.0651363779527561
11
6.5129648031496066
21
-4.0665665748031499
0
LINE
8
BLACK
6
CONTINUOUS
10
6.5129648031496066
20
-4.0665665748031499
11
6.5137166929133858
21
-4.0688807086614176
0
LINE
8
BLACK
6
CONTINUOUS
10
6.5137166929133858
20
-4.0688807086614176
11
6.5137166929133858
21
-4.1005642519685042
0
LINE
8
BLACK
6
CONTINUOUS
10
6.5137166929133858
20
-4.1005642519685042
11
6.5134318110236222
21
-4.1014410236220469
0
LINE
8
BLACK
6
CONTINUOUS
10
6.5134318110236222
20
-4.1014410236220469
11
6.5132875984251966
21
-4.1023516141732284
0
LINE
8
BLACK
6
CONTINUOUS
10
6.5132875984251966
20
-4.1023516141732284
11
6.513062952755905
21
-4.1025762204724412
0
LINE
8
BLACK
6
CONTINUOUS
10
6.513062952755905
20
-4.1025762204724412
11
6.5129648031496066
21
-4.1028783858267719
0
LINE
8
BLACK
6
CONTINUOUS
10
6.5129648031496066
20
-4.1028783858267719
11
6.5122188582677163
21
-4.1034203149606299
0
LINE
8
BLACK
6
CONTINUOUS
10
6.5122188582677163
20
-4.1034203149606299
11
6.5115670472440943
21
-4.1040721653543306
0
LINE
8
BLACK
6
CONTINUOUS
10
6.5115670472440943
20
-4.1040721653543306
11
6.5112533070866139
21
-4.1041218503937005
0
LINE
8
BLACK
6
CONTINUOUS
10
6.5112533070866139
20
-4.1041218503937005
11
6.5109962992125983
21
-4.1043085826771657
0
LINE
8
BLACK
6
CONTINUOUS
10
6.5109962992125983
20
-4.1043085826771657
11
6.5100743307086617
21
-4.1043085826771657
0
LINE
8
BLACK
6
CONTINUOUS
10
6.5100743307086617
20
-4.1043085826771657
11
6.509163779527559
21
-4.1044527952755905
0
LINE
8
BLACK
6
CONTINUOUS
10
6.509163779527559
20
-4.1044527952755905
11
6.5088807480314959
21
-4.1043085826771657
0
LINE
8
BLACK
6
CONTINUOUS
10
6.5088807480314959
20
-4.1043085826771657
11
6.5085630708661419
21
-4.1043085826771657
0
LINE
8
BLACK
6
CONTINUOUS
10
6.5085630708661419
20
-4.1043085826771657
11
6.5078170866141729
21
-4.1037665748031493
0
LINE
8
BLACK
6
CONTINUOUS
10
6.5078170866141729
20
-4.1037665748031493
11
6.5069957874015749
21
-4.1033481102362206
0
LINE
8
BLACK
6
CONTINUOUS
10
6.5069957874015749
20
-4.1033481102362206
11
6.4784065748031496
21
-4.0747589370078741
0
LINE
8
BLACK
6
CONTINUOUS
10
6.4784065748031496
20
-4.0747589370078741
11
6.4725829133858266
21
-4.0728177165354333
0
LINE
8
BLACK
6
CONTINUOUS
10
6.4725829133858266
20
-4.0728177165354333
11
6.4692768110236223
21
-4.0728177165354333
0
LINE
8
BLACK
6
CONTINUOUS
10
6.4692768110236223
20
-4.0728177165354333
11
6.4658051181102358
21
-4.0745535433070863
0
LINE
8
BLACK
6
CONTINUOUS
10
6.4658051181102358
20
-4.0745535433070863
11
6.4642714173228342
21
-4.076087244094488
0
LINE
8
BLACK
6
CONTINUOUS
10
6.4642714173228342
20
-4.076087244094488
11
6.4625355905511812
21
-4.0795589370078735
0
LINE
8
BLACK
6
CONTINUOUS
10
6.4625355905511812
20
-4.0795589370078735
11
6.4625355905511812
21
-4.0898860629921261
0
LINE
8
BLACK
6
CONTINUOUS
10
6.4625355905511812
20
-4.0898860629921261
11
6.4642714173228342
21
-4.0933577559055117
0
LINE
8
BLACK
6
CONTINUOUS
10
6.4642714173228342
20
-4.0933577559055117
11
6.4662568503937008
21
-4.0953431496062995
0
LINE
8
BLACK
6
CONTINUOUS
10
6.4662568503937008
20
-4.0953431496062995
11
6.4673615354330707
21
-4.0975111417322836
0
LINE
8
BLACK
6
CONTINUOUS
10
6.4673615354330707
20
-4.0975111417322836
11
6.4669809055118108
21
-4.0999143700787402
0
LINE
8
BLACK
6
CONTINUOUS
10
6.4669809055118108
20
-4.0999143700787402
11
6.4652603937007873
21
-4.1016349606299212
0
LINE
8
BLACK
6
CONTINUOUS
10
6.4652603937007873
20
-4.1016349606299212
11
6.462857125984252
21
-4.102015590551181
0
LINE
8
BLACK
6
CONTINUOUS
10
6.462857125984252
20
-4.102015590551181
11
6.4606891338582679
21
-4.1009109448818899
0
LINE
8
BLACK
6
CONTINUOUS
10
6.4606891338582679
20
-4.1009109448818899
11
6.4582519291338585
21
-4.0984737795275592
0
LINE
8
BLACK
6
CONTINUOUS
10
6.4582519291338585
20
-4.0984737795275592
11
6.4579622440944879
21
-4.0979052755905512
0
LINE
8
BLACK
6
CONTINUOUS
10
6.4579622440944879
20
-4.0979052755905512
11
6.4575144094488186
21
-4.0974505905511807
0
LINE
8
BLACK
6
CONTINUOUS
10
6.4575144094488186
20
-4.0974505905511807
11
6.4550772047244092
21
-4.092576141732283
0
LINE
8
BLACK
6
CONTINUOUS
10
6.4550772047244092
20
-4.092576141732283
11
6.4549420078740152
21
-4.0916785826771651
0
LINE
8
BLACK
6
CONTINUOUS
10
6.4549420078740152
20
-4.0916785826771651
11
6.4546615748031497
21
-4.0908154724409451
0
LINE
8
BLACK
6
CONTINUOUS
10
6.4546615748031497
20
-4.0908154724409451
11
6.4546615748031497
21
-4.0786294881889766
0
LINE
8
BLACK
6
CONTINUOUS
10
6.4546615748031497
20
-4.0786294881889766
11
6.4549420078740152
21
-4.077766338582677
0
LINE
8
BLACK
6
CONTINUOUS
10
6.4549420078740152
20
-4.077766338582677
11
6.4550772047244092
21
-4.0768687795275591
0
LINE
8
BLACK
6
CONTINUOUS
10
6.4550772047244092
20
-4.0768687795275591
11
6.4575144094488186
21
-4.071994409448819
0
LINE
8
BLACK
6
CONTINUOUS
10
6.4575144094488186
20
-4.071994409448819
11
6.4579622047244092
21
-4.0715397637795272
0
LINE
8
BLACK
6
CONTINUOUS
10
6.4579622047244092
20
-4.0715397637795272
11
6.4582518897637797
21
-4.0709712204724404
0
LINE
8
BLACK
6
CONTINUOUS
10
6.4582518897637797
20
-4.0709712204724404
11
6.4606890944881892
21
-4.068534015748031
0
LINE
8
BLACK
6
CONTINUOUS
10
6.4606890944881892
20
-4.068534015748031
11
6.4612576377952751
21
-4.0682443307086613
0
LINE
8
BLACK
6
CONTINUOUS
10
6.4612576377952751
20
-4.0682443307086613
11
6.4617122834645668
21
-4.0677965354330707
0
LINE
8
BLACK
6
CONTINUOUS
10
6.4617122834645668
20
-4.0677965354330707
11
6.466586653543307
21
-4.0653593307086613
0
LINE
8
BLACK
6
CONTINUOUS
10
6.466586653543307
20
-4.0653593307086613
11
6.4674842125984249
21
-4.0652241338582673
0
LINE
8
BLACK
6
CONTINUOUS
10
6.4674842125984249
20
-4.0652241338582673
11
6.4683473622047245
21
-4.0649437007874019
0
LINE
8
BLACK
6
CONTINUOUS
10
6.4683473622047245
20
-4.0649437007874019
11
6.4732217716535434
21
-4.0649437007874019
0
LINE
8
BLACK
6
CONTINUOUS
10
6.4732217716535434
20
-4.0649437007874019
11
6.4738286614173228
21
-4.0651408661417321
0
LINE
8
BLACK
6
CONTINUOUS
10
5.8431052362204721
20
-4.0336004330708661
11
5.8444351968503936
21
-4.0338725984251971
0
LINE
8
BLACK
6
CONTINUOUS
10
5.8444351968503936
20
-4.0338725984251971
11
5.8500594881889763
21
-4.0366847637795278
0
LINE
8
BLACK
6
CONTINUOUS
10
5.8500594881889763
20
-4.0366847637795278
11
5.8507708267716536
21
-4.0373155511811021
0
LINE
8
BLACK
6
CONTINUOUS
10
5.8507708267716536
20
-4.0373155511811021
11
5.8515942519685042
21
-4.0377909448818894
0
LINE
8
BLACK
6
CONTINUOUS
10
5.8515942519685042
20
-4.0377909448818894
11
5.854406417322835
21
-4.0406030708661413
0
LINE
8
BLACK
6
CONTINUOUS
10
5.854406417322835
20
-4.0406030708661413
11
5.8548818110236223
21
-4.041426496062992
0
LINE
8
BLACK
6
CONTINUOUS
10
5.8548818110236223
20
-4.041426496062992
11
5.8555126771653541
21
-4.0421379133858268
0
LINE
8
BLACK
6
CONTINUOUS
10
5.8555126771653541
20
-4.0421379133858268
11
5.858324803149606
21
-4.0477622440944883
0
LINE
8
BLACK
6
CONTINUOUS
10
5.858324803149606
20
-4.0477622440944883
11
5.8585968897637795
21
-4.0490919685039373
0
LINE
8
BLACK
6
CONTINUOUS
10
5.8585968897637795
20
-4.0490919685039373
11
5.858948267716535
21
-4.0504032283464566
0
LINE
8
BLACK
6
CONTINUOUS
10
5.858948267716535
20
-4.0504032283464566
11
5.858948267716535
21
-4.05883968503937
0
LINE
8
BLACK
6
CONTINUOUS
10
5.858948267716535
20
-4.05883968503937
11
5.8585968897637795
21
-4.0601509055118106
0
LINE
8
BLACK
6
CONTINUOUS
10
5.8585968897637795
20
-4.0601509055118106
11
5.858324803149606
21
-4.0614806692913383
0
LINE
8
BLACK
6
CONTINUOUS
10
5.858324803149606
20
-4.0614806692913383
11
5.8555126771653541
21
-4.0671049999999997
0
LINE
8
BLACK
6
CONTINUOUS
10
5.8555126771653541
20
-4.0671049999999997
11
5.8548818110236223
21
-4.0678163779527559
0
LINE
8
BLACK
6
CONTINUOUS
10
5.8548818110236223
20
-4.0678163779527559
11
5.8544064566929128
21
-4.0686398031496065
0
LINE
8
BLACK
6
CONTINUOUS
10
5.8544064566929128
20
-4.0686398031496065
11
5.8515942913385821
21
-4.0714519685039372
0
LINE
8
BLACK
6
CONTINUOUS
10
5.8515942913385821
20
-4.0714519685039372
11
5.8507708661417324
21
-4.0719273228346458
0
LINE
8
BLACK
6
CONTINUOUS
10
5.8507708661417324
20
-4.0719273228346458
11
5.8500594881889763
21
-4.0725581889763776
0
LINE
8
BLACK
6
CONTINUOUS
10
5.8500594881889763
20
-4.0725581889763776
11
5.8444351968503936
21
-4.0753703149606295
0
LINE
8
BLACK
6
CONTINUOUS
10
5.8444351968503936
20
-4.0753703149606295
11
5.8442851968503939
21
-4.0754009842519681
0
LINE
8
BLACK
6
CONTINUOUS
10
5.8442851968503939
20
-4.0754009842519681
11
5.8578807480314961
21
-4.0948231889763775
0
LINE
8
BLACK
6
CONTINUOUS
10
5.8578807480314961
20
-4.0948231889763775
11
5.8589258661417318
21
-4.0976958661417324
0
LINE
8
BLACK
6
CONTINUOUS
10
5.8589258661417318
20
-4.0976958661417324
11
5.8583946062992123
21
-4.1007062992125984
0
LINE
8
BLACK
6
CONTINUOUS
10
5.8583946062992123
20
-4.1007062992125984
11
5.8564293307086617
21
-4.1030477559055116
0
LINE
8
BLACK
6
CONTINUOUS
10
5.8564293307086617
20
-4.1030477559055116
11
5.8535566535433068
21
-4.1040928740157483
0
LINE
8
BLACK
6
CONTINUOUS
10
5.8535566535433068
20
-4.1040928740157483
11
5.8505462204724408
21
-4.1035616141732278
0
LINE
8
BLACK
6
CONTINUOUS
10
5.8505462204724408
20
-4.1035616141732278
11
5.8482047637795276
21
-4.1015963385826772
0
LINE
8
BLACK
6
CONTINUOUS
10
5.8482047637795276
20
-4.1015963385826772
11
5.8302829921259844
21
-4.0759937795275594
0
LINE
8
BLACK
6
CONTINUOUS
10
5.8302829921259844
20
-4.0759937795275594
11
5.8252024803149602
21
-4.0759937795275594
0
LINE
8
BLACK
6
CONTINUOUS
10
5.8252024803149602
20
-4.0759937795275594
11
5.8252024803149602
21
-4.0982097637795274
0
LINE
8
BLACK
6
CONTINUOUS
10
5.8252024803149602
20
-4.0982097637795274
11
5.8244112992125983
21
-4.1011625196850394
0
LINE
8
BLACK
6
CONTINUOUS
10
5.8244112992125983
20
-4.1011625196850394
11
5.8222497244094491
21
-4.1033240944881886
0
LINE
8
BLACK
6
CONTINUOUS
10
5.8222497244094491
20
-4.1033240944881886
11
5.8192969685039371
21
-4.1041152755905514
0
LINE
8
BLACK
6
CONTINUOUS
10
5.8192969685039371
20
-4.1041152755905514
11
5.816344212598425
21
-4.1033240944881886
0
LINE
8
BLACK
6
CONTINUOUS
10
5.816344212598425
20
-4.1033240944881886
11
5.8141826377952759
21
-4.1011625196850394
0
LINE
8
BLACK
6
CONTINUOUS
10
5.8141826377952759
20
-4.1011625196850394
11
5.813391456692913
21
-4.0982097637795274
0
LINE
8
BLACK
6
CONTINUOUS
10
5.813391456692913
20
-4.0982097637795274
11
5.813391456692913
21
-4.0391546456692913
0
LINE
8
BLACK
6
CONTINUOUS
10
5.813391456692913
20
-4.0391546456692913
11
5.8141826377952759
21
-4.0362018897637792
0
LINE
8
BLACK
6
CONTINUOUS
10
5.8141826377952759
20
-4.0362018897637792
11
5.816344212598425
21
-4.0340403149606301
0
LINE
8
BLACK
6
CONTINUOUS
10
5.816344212598425
20
-4.0340403149606301
11
5.8192969685039371
21
-4.0332491338582672
0
LINE
8
BLACK
6
CONTINUOUS
10
5.8192969685039371
20
-4.0332491338582672
11
5.8417941732283465
21
-4.0332491338582672
0
LINE
8
BLACK
6
CONTINUOUS
10
5.8417941732283465
20
-4.0332491338582672
11
5.8431052362204721
21
-4.0336004330708661
0
LINE
8
BLACK
6
CONTINUOUS
10
5.8252024803149602
20
-4.0641827559055121
11
5.8404000787401573
21
-4.0641827559055121
0
LINE
8
BLACK
6
CONTINUOUS
10
5.8404000787401573
20
-4.0641827559055121
11
5.8439202362204723
21
-4.0624226771653547
0
LINE
8
BLACK
6
CONTINUOUS
10
5.8439202362204723
20
-4.0624226771653547
11
5.8453771259842515
21
-4.0609657874015745
0
LINE
8
BLACK
6
CONTINUOUS
10
5.8453771259842515
20
-4.0609657874015745
11
5.8471372440944878
21
-4.0574455905511808
0
LINE
8
BLACK
6
CONTINUOUS
10
5.8471372440944878
20
-4.0574455905511808
11
5.8471372440944878
21
-4.051797283464567
0
LINE
8
BLACK
6
CONTINUOUS
10
5.8471372440944878
20
-4.051797283464567
11
5.8453771653543303
21
-4.048277125984252
0
LINE
8
BLACK
6
CONTINUOUS
10
5.8453771653543303
20
-4.048277125984252
11
5.8439203149606298
21
-4.0468202755905507
0
LINE
8
BLACK
6
CONTINUOUS
10
5.8439203149606298
20
-4.0468202755905507
11
5.8404000787401573
21
-4.0450601574803144
0
LINE
8
BLACK
6
CONTINUOUS
10
5.8404000787401573
20
-4.0450601574803144
11
5.8252024803149602
21
-4.0450601574803144
0
LINE
8
BLACK
6
CONTINUOUS
10
5.8252024803149602
20
-4.0450601574803144
11
5.8252024803149602
21
-4.0641827559055121
0
LINE
8
BLACK
6
CONTINUOUS
10
5.9094263385826773
20
-4.0340403149606301
11
5.9115879133858265
21
-4.0362018897637792
0
LINE
8
BLACK
6
CONTINUOUS
10
5.9115879133858265
20
-4.0362018897637792
11
5.9123790944881884
21
-4.0391546456692913
0
LINE
8
BLACK
6
CONTINUOUS
10
5.9123790944881884
20
-4.0391546456692913
11
5.9115879133858265
21
-4.0421074015748033
0
LINE
8
BLACK
6
CONTINUOUS
10
5.9115879133858265
20
-4.0421074015748033
11
5.9094263385826773
21
-4.0442689763779525
0
LINE
8
BLACK
6
CONTINUOUS
10
5.9094263385826773
20
-4.0442689763779525
11
5.9064735826771653
21
-4.0450601574803144
0
LINE
8
BLACK
6
CONTINUOUS
10
5.9064735826771653
20
-4.0450601574803144
11
5.8842575984251964
21
-4.0450601574803144
0
LINE
8
BLACK
6
CONTINUOUS
10
5.8842575984251964
20
-4.0450601574803144
11
5.8842575984251964
21
-4.0613706299212602
0
LINE
8
BLACK
6
CONTINUOUS
10
5.8842575984251964
20
-4.0613706299212602
11
5.8980371259842519
21
-4.0613706299212602
0
LINE
8
BLACK
6
CONTINUOUS
10
5.8980371259842519
20
-4.0613706299212602
11
5.9009898818897639
21
-4.0621618110236222
0
LINE
8
BLACK
6
CONTINUOUS
10
5.9009898818897639
20
-4.0621618110236222
11
5.9031514566929131
21
-4.0643233858267713
0
LINE
8
BLACK
6
CONTINUOUS
10
5.9031514566929131
20
-4.0643233858267713
11
5.9039426377952751
21
-4.0672761417322834
0
LINE
8
BLACK
6
CONTINUOUS
10
5.9039426377952751
20
-4.0672761417322834
11
5.9031514566929131
21
-4.0702288976377954
0
LINE
8
BLACK
6
CONTINUOUS
10
5.9031514566929131
20
-4.0702288976377954
11
5.9009898818897639
21
-4.0723904724409445
0
LINE
8
BLACK
6
CONTINUOUS
10
5.9009898818897639
20
-4.0723904724409445
11
5.8980371259842519
21
-4.0731816535433074
0
LINE
8
BLACK
6
CONTINUOUS
10
5.8980371259842519
20
-4.0731816535433074
11
5.8842575984251964
21
-4.0731816535433074
0
LINE
8
BLACK
6
CONTINUOUS
10
5.8842575984251964
20
-4.0731816535433074
11
5.8842575984251964
21
-4.0982097637795274
0
LINE
8
BLACK
6
CONTINUOUS
10
5.8842575984251964
20
-4.0982097637795274
11
5.8834664173228344
21
-4.1011625196850394
0
LINE
8
BLACK
6
CONTINUOUS
10
5.8834664173228344
20
-4.1011625196850394
11
5.8813048425196852
21
-4.1033240944881886
0
LINE
8
BLACK
6
CONTINUOUS
10
5.8813048425196852
20
-4.1033240944881886
11
5.8783520866141732
21
-4.1041152755905514
0
LINE
8
BLACK
6
CONTINUOUS
10
5.8783520866141732
20
-4.1041152755905514
11
5.8753993307086612
21
-4.1033240944881886
0
LINE
8
BLACK
6
CONTINUOUS
10
5.8753993307086612
20
-4.1033240944881886
11
5.873237755905512
21
-4.1011625196850394
0
LINE
8
BLACK
6
CONTINUOUS
10
5.873237755905512
20
-4.1011625196850394
11
5.8724465748031491
21
-4.0982097637795274
0
LINE
8
BLACK
6
CONTINUOUS
10
5.8724465748031491
20
-4.0982097637795274
11
5.8724465748031491
21
-4.0391546456692913
0
LINE
8
BLACK
6
CONTINUOUS
10
5.8724465748031491
20
-4.0391546456692913
11
5.873237755905512
21
-4.0362018897637792
0
LINE
8
BLACK
6
CONTINUOUS
10
5.873237755905512
20
-4.0362018897637792
11
5.8753993307086612
21
-4.0340403149606301
0
LINE
8
BLACK
6
CONTINUOUS
10
5.8753993307086612
20
-4.0340403149606301
11
5.8783520866141732
21
-4.0332491338582672
0
LINE
8
BLACK
6
CONTINUOUS
10
5.8783520866141732
20
-4.0332491338582672
11
5.9064735826771653
21
-4.0332491338582672
0
LINE
8
BLACK
6
CONTINUOUS
10
5.9064735826771653
20
-4.0332491338582672
11
5.9094263385826773
21
-4.0340403149606301
0
LINE
8
BLACK
6
CONTINUOUS
10
5.9523863779527559
20
-4.033495196850394
11
5.9533354330708663
21
-4.0335522047244092
0
LINE
8
BLACK
6
CONTINUOUS
10
5.9533354330708663
20
-4.0335522047244092
11
5.9617718897637797
21
-4.0363643307086612
0
LINE
8
BLACK
6
CONTINUOUS
10
5.9617718897637797
20
-4.0363643307086612
11
5.9643229133858267
21
-4.0380486614173225
0
LINE
8
BLACK
6
CONTINUOUS
10
5.9643229133858267
20
-4.0380486614173225
11
5.9656900393700782
21
-4.0407828740157479
0
LINE
8
BLACK
6
CONTINUOUS
10
5.9656900393700782
20
-4.0407828740157479
11
5.9655068503937008
21
-4.043834291338583
0
LINE
8
BLACK
6
CONTINUOUS
10
5.9655068503937008
20
-4.043834291338583
11
5.9638225196850394
21
-4.0463853543307087
0
LINE
8
BLACK
6
CONTINUOUS
10
5.9638225196850394
20
-4.0463853543307087
11
5.9610883070866141
21
-4.0477524409448815
0
LINE
8
BLACK
6
CONTINUOUS
10
5.9610883070866141
20
-4.0477524409448815
11
5.958036889763779
21
-4.047569251968504
0
LINE
8
BLACK
6
CONTINUOUS
10
5.958036889763779
20
-4.047569251968504
11
5.9505096850393695
21
-4.0450601574803144
0
LINE
8
BLACK
6
CONTINUOUS
10
5.9505096850393695
20
-4.0450601574803144
11
5.9388012992125985
21
-4.0450601574803144
0
LINE
8
BLACK
6
CONTINUOUS
10
5.9388012992125985
20
-4.0450601574803144
11
5.935281062992126
21
-4.0468202755905507
0
LINE
8
BLACK
6
CONTINUOUS
10
5.935281062992126
20
-4.0468202755905507
11
5.9338241732283468
21
-4.0482771653543308
0
LINE
8
BLACK
6
CONTINUOUS
10
5.9338241732283468
20
-4.0482771653543308
11
5.9320641338582671
21
-4.051797283464567
0
LINE
8
BLACK
6
CONTINUOUS
10
5.9320641338582671
20
-4.051797283464567
11
5.9320641338582671
21
-4.0546334645669289
0
LINE
8
BLACK
6
CONTINUOUS
10
5.9320641338582671
20
-4.0546334645669289
11
5.9338241732283468
21
-4.0581535826771651
0
LINE
8
BLACK
6
CONTINUOUS
10
5.9338241732283468
20
-4.0581535826771651
11
5.935281062992126
21
-4.0596104724409452
0
LINE
8
BLACK
6
CONTINUOUS
10
5.935281062992126
20
-4.0596104724409452
11
5.9394684645669287
21
-4.0617041732283461
0
LINE
8
BLACK
6
CONTINUOUS
10
5.9394684645669287
20
-4.0617041732283461
11
5.9500880708661414
21
-4.0643590944881893
0
LINE
8
BLACK
6
CONTINUOUS
10
5.9500880708661414
20
-4.0643590944881893
11
5.9506580314960624
21
-4.0646754724409444
0
LINE
8
BLACK
6
CONTINUOUS
10
5.9506580314960624
20
-4.0646754724409444
11
5.9512968110236217
21
-4.0648062204724411
0
LINE
8
BLACK
6
CONTINUOUS
10
5.9512968110236217
20
-4.0648062204724411
11
5.9569211417322832
21
-4.0676183858267718
0
LINE
8
BLACK
6
CONTINUOUS
10
5.9569211417322832
20
-4.0676183858267718
11
5.9576325196850393
21
-4.0682492125984249
0
LINE
8
BLACK
6
CONTINUOUS
10
5.9576325196850393
20
-4.0682492125984249
11
5.9584559842519687
21
-4.0687246456692909
0
LINE
8
BLACK
6
CONTINUOUS
10
5.9584559842519687
20
-4.0687246456692909
11
5.9612681102362206
21
-4.0715368110236216
0
LINE
8
BLACK
6
CONTINUOUS
10
5.9612681102362206
20
-4.0715368110236216
11
5.9617434645669292
21
-4.0723601968503935
0
LINE
8
BLACK
6
CONTINUOUS
10
5.9617434645669292
20
-4.0723601968503935
11
5.9623742913385822
21
-4.0730715748031496
0
LINE
8
BLACK
6
CONTINUOUS
10
5.9623742913385822
20
-4.0730715748031496
11
5.9651864566929129
21
-4.0786958267716535
0
LINE
8
BLACK
6
CONTINUOUS
10
5.9651864566929129
20
-4.0786958267716535
11
5.9654586220472439
21
-4.0800258267716538
0
LINE
8
BLACK
6
CONTINUOUS
10
5.9654586220472439
20
-4.0800258267716538
11
5.9658099212598428
21
-4.0813368897637794
0
LINE
8
BLACK
6
CONTINUOUS
10
5.9658099212598428
20
-4.0813368897637794
11
5.9658099212598428
21
-4.0869611811023621
0
LINE
8
BLACK
6
CONTINUOUS
10
5.9658099212598428
20
-4.0869611811023621
11
5.9654586220472439
21
-4.0882722047244098
0
LINE
8
BLACK
6
CONTINUOUS
10
5.9654586220472439
20
-4.0882722047244098
11
5.9651864566929129
21
-4.0896022440944879
0
LINE
8
BLACK
6
CONTINUOUS
10
5.9651864566929129
20
-4.0896022440944879
11
5.9623742913385822
21
-4.0952264960629918
0
LINE
8
BLACK
6
CONTINUOUS
10
5.9623742913385822
20
-4.0952264960629918
11
5.9617434645669292
21
-4.0959378346456692
0
LINE
8
BLACK
6
CONTINUOUS
10
5.9617434645669292
20
-4.0959378346456692
11
5.9612681102362206
21
-4.0967612598425198
0
LINE
8
BLACK
6
CONTINUOUS
10
5.9612681102362206
20
-4.0967612598425198
11
5.9584559842519687
21
-4.0995734251968505
0
LINE
8
BLACK
6
CONTINUOUS
10
5.9584559842519687
20
-4.0995734251968505
11
5.9576325196850393
21
-4.1000488188976378
0
LINE
8
BLACK
6
CONTINUOUS
10
5.9576325196850393
20
-4.1000488188976378
11
5.9569211417322832
21
-4.1006796850393696
0
LINE
8
BLACK
6
CONTINUOUS
10
5.9569211417322832
20
-4.1006796850393696
11
5.951296771653543
21
-4.1034918110236216
0
LINE
8
BLACK
6
CONTINUOUS
10
5.951296771653543
20
-4.1034918110236216
11
5.9499670078740152
21
-4.103763897637795
0
LINE
8
BLACK
6
CONTINUOUS
10
5.9499670078740152
20
-4.103763897637795
11
5.9486557874015746
21
-4.1041152755905514
0
LINE
8
BLACK
6
CONTINUOUS
10
5.9486557874015746
20
-4.1041152755905514
11
5.9345950787401573
21
-4.1041152755905514
0
LINE
8
BLACK
6
CONTINUOUS
10
5.9345950787401573
20
-4.1041152755905514
11
5.9336767322834643
21
-4.1038692125984255
0
LINE
8
BLACK
6
CONTINUOUS
10
5.9336767322834643
20
-4.1038692125984255
11
5.9327275984251964
21
-4.1038122440944882
0
LINE
8
BLACK
6
CONTINUOUS
10
5.9327275984251964
20
-4.1038122440944882
11
5.924291141732283
21
-4.1010001181102362
0
LINE
8
BLACK
6
CONTINUOUS
10
5.924291141732283
20
-4.1010001181102362
11
5.921740118110236
21
-4.0993157874015749
0
LINE
8
BLACK
6
CONTINUOUS
10
5.921740118110236
20
-4.0993157874015749
11
5.9203729921259844
21
-4.0965815748031496
0
LINE
8
BLACK
6
CONTINUOUS
10
5.9203729921259844
20
-4.0965815748031496
11
5.9205561417322832
21
-4.0935301574803145
0
LINE
8
BLACK
6
CONTINUOUS
10
5.9205561417322832
20
-4.0935301574803145
11
5.9222404724409445
21
-4.0909791338582675
0
LINE
8
BLACK
6
CONTINUOUS
10
5.9222404724409445
20
-4.0909791338582675
11
5.9249746850393699
21
-4.0896120078740159
0
LINE
8
BLACK
6
CONTINUOUS
10
5.9249746850393699
20
-4.0896120078740159
11
5.928026102362205
21
-4.0897951574803146
0
LINE
8
BLACK
6
CONTINUOUS
10
5.928026102362205
20
-4.0897951574803146
11
5.9355534645669286
21
-4.0923042519685042
0
LINE
8
BLACK
6
CONTINUOUS
10
5.9355534645669286
20
-4.0923042519685042
11
5.9472617322834642
21
-4.0923042519685042
0
LINE
8
BLACK
6
CONTINUOUS
10
5.9472617322834642
20
-4.0923042519685042
11
5.950781929133858
21
-4.090544133858268
0
LINE
8
BLACK
6
CONTINUOUS
10
5.950781929133858
20
-4.090544133858268
11
5.9522387401574806
21
-4.0890872834645666
0
LINE
8
BLACK
6
CONTINUOUS
10
5.9522387401574806
20
-4.0890872834645666
11
5.9539988976377956
21
-4.0855670472440941
0
LINE
8
BLACK
6
CONTINUOUS
10
5.9539988976377956
20
-4.0855670472440941
11
5.9539988976377956
21
-4.0827309842519686
0
LINE
8
BLACK
6
CONTINUOUS
10
5.9539988976377956
20
-4.0827309842519686
11
5.9522387401574806
21
-4.0792107480314961
0
LINE
8
BLACK
6
CONTINUOUS
10
5.9522387401574806
20
-4.0792107480314961
11
5.9507818897637792
21
-4.0777538582677169
0
LINE
8
BLACK
6
CONTINUOUS
10
5.9507818897637792
20
-4.0777538582677169
11
5.9465945275590553
21
-4.0756601968503938
0
LINE
8
BLACK
6
CONTINUOUS
10
5.9465945275590553
20
-4.0756601968503938
11
5.9359749212598425
21
-4.0730053149606302
0
LINE
8
BLACK
6
CONTINUOUS
10
5.9359749212598425
20
-4.0730053149606302
11
5.9354049606299215
21
-4.0726888976377955
0
LINE
8
BLACK
6
CONTINUOUS
10
5.9354049606299215
20
-4.0726888976377955
11
5.9347661417322835
21
-4.0725581889763776
0
LINE
8
BLACK
6
CONTINUOUS
10
5.9347661417322835
20
-4.0725581889763776
11
5.9291418897637795
21
-4.0697460236220468
0
LINE
8
BLACK
6
CONTINUOUS
10
5.9291418897637795
20
-4.0697460236220468
11
5.9284305118110234
21
-4.0691151968503938
0
LINE
8
BLACK
6
CONTINUOUS
10
5.9284305118110234
20
-4.0691151968503938
11
5.9276071259842515
21
-4.0686398425196852
0
LINE
8
BLACK
6
CONTINUOUS
10
5.9276071259842515
20
-4.0686398425196852
11
5.9247949606299208
21
-4.0658277165354333
0
LINE
8
BLACK
6
CONTINUOUS
10
5.9247949606299208
20
-4.0658277165354333
11
5.9243195275590548
21
-4.0650042519685039
0
LINE
8
BLACK
6
CONTINUOUS
10
5.9243195275590548
20
-4.0650042519685039
11
5.9236887007874017
21
-4.0642928740157478
0
LINE
8
BLACK
6
CONTINUOUS
10
5.9236887007874017
20
-4.0642928740157478
11
5.9208765748031498
21
-4.0586685826771651
0
LINE
8
BLACK
6
CONTINUOUS
10
5.9208765748031498
20
-4.0586685826771651
11
5.9206044094488188
21
-4.0573387007874011
0
LINE
8
BLACK
6
CONTINUOUS
10
5.9206044094488188
20
-4.0573387007874011
11
5.9202531102362199
21
-4.056027559055118
0
LINE
8
BLACK
6
CONTINUOUS
10
5.9202531102362199
20
-4.056027559055118
11
5.9202531102362199
21
-4.0504032283464566
0
LINE
8
BLACK
6
CONTINUOUS
10
5.9202531102362199
20
-4.0504032283464566
11
5.9206044094488188
21
-4.0490920472440948
0
LINE
8
BLACK
6
CONTINUOUS
10
5.9206044094488188
20
-4.0490920472440948
11
5.9208765748031498
21
-4.0477622047244095
0
LINE
8
BLACK
6
CONTINUOUS
10
5.9208765748031498
20
-4.0477622047244095
11
5.9236887007874017
21
-4.0421379133858268
0
LINE
8
BLACK
6
CONTINUOUS
10
5.9236887007874017
20
-4.0421379133858268
11
5.9243195275590548
21
-4.041426496062992
0
LINE
8
BLACK
6
CONTINUOUS
10
5.9243195275590548
20
-4.041426496062992
11
5.9247949606299208
21
-4.0406030708661413
0
LINE
8
BLACK
6
CONTINUOUS
10
5.9247949606299208
20
-4.0406030708661413
11
5.9276071259842515
21
-4.0377909448818894
0
LINE
8
BLACK
6
CONTINUOUS
10
5.9276071259842515
20
-4.0377909448818894
11
5.9284305118110234
21
-4.0373155511811021
0
LINE
8
BLACK
6
CONTINUOUS
10
5.9284305118110234
20
-4.0373155511811021
11
5.9291418897637795
21
-4.0366847637795278
0
LINE
8
BLACK
6
CONTINUOUS
10
5.9291418897637795
20
-4.0366847637795278
11
5.9347661417322835
21
-4.0338725984251971
0
LINE
8
BLACK
6
CONTINUOUS
10
5.9347661417322835
20
-4.0338725984251971
11
5.9360961417322837
21
-4.0336003937007874
0
LINE
8
BLACK
6
CONTINUOUS
10
5.9360961417322837
20
-4.0336003937007874
11
5.9374072047244093
21
-4.0332491338582672
0
LINE
8
BLACK
6
CONTINUOUS
10
5.9374072047244093
20
-4.0332491338582672
11
5.9514679527559053
21
-4.0332491338582672
0
LINE
8
BLACK
6
CONTINUOUS
10
5.9514679527559053
20
-4.0332491338582672
11
5.9523863779527559
21
-4.033495196850394
0
LINE
8
BLACK
6
CONTINUOUS
10
6.0556580314960629
20
-4.0340403149606301
11
6.0578196062992129
21
-4.0362018897637792
0
LINE
8
BLACK
6
CONTINUOUS
10
6.0578196062992129
20
-4.0362018897637792
11
6.0586107874015749
21
-4.0391546456692913
0
LINE
8
BLACK
6
CONTINUOUS
10
6.0586107874015749
20
-4.0391546456692913
11
6.0586107874015749
21
-4.0982097637795274
0
LINE
8
BLACK
6
CONTINUOUS
10
6.0586107874015749
20
-4.0982097637795274
11
6.0578196062992129
21
-4.1011625196850394
0
LINE
8
BLACK
6
CONTINUOUS
10
6.0578196062992129
20
-4.1011625196850394
11
6.0556580314960629
21
-4.1033240944881886
0
LINE
8
BLACK
6
CONTINUOUS
10
6.0556580314960629
20
-4.1033240944881886
11
6.0527052755905508
21
-4.1041152755905514
0
LINE
8
BLACK
6
CONTINUOUS
10
6.0527052755905508
20
-4.1041152755905514
11
6.0497525196850388
21
-4.1033240944881886
0
LINE
8
BLACK
6
CONTINUOUS
10
6.0497525196850388
20
-4.1033240944881886
11
6.0475909448818896
21
-4.1011625196850394
0
LINE
8
BLACK
6
CONTINUOUS
10
6.0475909448818896
20
-4.1011625196850394
11
6.0467997637795277
21
-4.0982097637795274
0
LINE
8
BLACK
6
CONTINUOUS
10
6.0467997637795277
20
-4.0982097637795274
11
6.0467997637795277
21
-4.0391546456692913
0
LINE
8
BLACK
6
CONTINUOUS
10
6.0467997637795277
20
-4.0391546456692913
11
6.0475909448818896
21
-4.0362018897637792
0
LINE
8
BLACK
6
CONTINUOUS
10
6.0475909448818896
20
-4.0362018897637792
11
6.0497525196850388
21
-4.0340403149606301
0
LINE
8
BLACK
6
CONTINUOUS
10
6.0497525196850388
20
-4.0340403149606301
11
6.0527052755905508
21
-4.0332491338582672
0
LINE
8
BLACK
6
CONTINUOUS
10
6.0527052755905508
20
-4.0332491338582672
11
6.0556580314960629
21
-4.0340403149606301
0
LINE
8
BLACK
6
CONTINUOUS
10
6.1090888976377951
20
-4.0340403149606301
11
6.1112504724409451
21
-4.0362018897637792
0
LINE
8
BLACK
6
CONTINUOUS
10
6.1112504724409451
20
-4.0362018897637792
11
6.1120416535433071
21
-4.0391546456692913
0
LINE
8
BLACK
6
CONTINUOUS
10
6.1120416535433071
20
-4.0391546456692913
11
6.1112504724409451
21
-4.0421074015748033
0
LINE
8
BLACK
6
CONTINUOUS
10
6.1112504724409451
20
-4.0421074015748033
11
6.1090888976377951
21
-4.0442689763779525
0
LINE
8
BLACK
6
CONTINUOUS
10
6.1090888976377951
20
-4.0442689763779525
11
6.106136141732283
21
-4.0450601574803144
0
LINE
8
BLACK
6
CONTINUOUS
10
6.106136141732283
20
-4.0450601574803144
11
6.0951687401574803
21
-4.0450601574803144
0
LINE
8
BLACK
6
CONTINUOUS
10
6.0951687401574803
20
-4.0450601574803144
11
6.0951687401574803
21
-4.0982097637795274
0
LINE
8
BLACK
6
CONTINUOUS
10
6.0951687401574803
20
-4.0982097637795274
11
6.0943775590551184
21
-4.1011625196850394
0
LINE
8
BLACK
6
CONTINUOUS
10
6.0943775590551184
20
-4.1011625196850394
11
6.0922159842519683
21
-4.1033240944881886
0
LINE
8
BLACK
6
CONTINUOUS
10
6.0922159842519683
20
-4.1033240944881886
11
6.0892632283464563
21
-4.1041152755905514
0
LINE
8
BLACK
6
CONTINUOUS
10
6.0892632283464563
20
-4.1041152755905514
11
6.0863104724409451
21
-4.1033240944881886
0
LINE
8
BLACK
6
CONTINUOUS
10
6.0863104724409451
20
-4.1033240944881886
11
6.0841488976377951
21
-4.1011625196850394
0
LINE
8
BLACK
6
CONTINUOUS
10
6.0841488976377951
20
-4.1011625196850394
11
6.0833577165354331
21
-4.0982097637795274
0
LINE
8
BLACK
6
CONTINUOUS
10
6.0833577165354331
20
-4.0982097637795274
11
6.0833577165354331
21
-4.0450601574803144
0
LINE
8
BLACK
6
CONTINUOUS
10
6.0833577165354331
20
-4.0450601574803144
11
6.0723903543307083
21
-4.0450601574803144
0
LINE
8
BLACK
6
CONTINUOUS
10
6.0723903543307083
20
-4.0450601574803144
11
6.0694375984251971
21
-4.0442689763779525
0
LINE
8
BLACK
6
CONTINUOUS
10
6.0694375984251971
20
-4.0442689763779525
11
6.0672760236220471
21
-4.0421074015748033
0
LINE
8
BLACK
6
CONTINUOUS
10
6.0672760236220471
20
-4.0421074015748033
11
6.0664848425196851
21
-4.0391546456692913
0
LINE
8
BLACK
6
CONTINUOUS
10
6.0664848425196851
20
-4.0391546456692913
11
6.0672760236220471
21
-4.0362018897637792
0
LINE
8
BLACK
6
CONTINUOUS
10
6.0672760236220471
20
-4.0362018897637792
11
6.0694375984251971
21
-4.0340403149606301
0
LINE
8
BLACK
6
CONTINUOUS
10
6.0694375984251971
20
-4.0340403149606301
11
6.0723903543307083
21
-4.0332491338582672
0
LINE
8
BLACK
6
CONTINUOUS
10
6.0723903543307083
20
-4.0332491338582672
11
6.106136141732283
21
-4.0332491338582672
0
LINE
8
BLACK
6
CONTINUOUS
10
6.106136141732283
20
-4.0332491338582672
11
6.1090888976377951
21
-4.0340403149606301
0
LINE
8
BLACK
6
CONTINUOUS
10
6.149236771653543
20
-4.033495196850394
11
6.1501858267716534
21
-4.0335522047244092
0
LINE
8
BLACK
6
CONTINUOUS
10
6.1501858267716534
20
-4.0335522047244092
11
6.1586222834645667
21
-4.0363643307086612
0
LINE
8
BLACK
6
CONTINUOUS
10
6.1586222834645667
20
-4.0363643307086612
11
6.1597551574803147
21
-4.0371123228346457
0
LINE
8
BLACK
6
CONTINUOUS
10
6.1597551574803147
20
-4.0371123228346457
11
6.1609306299212596
21
-4.0377909842519681
0
LINE
8
BLACK
6
CONTINUOUS
10
6.1609306299212596
20
-4.0377909842519681
11
6.1637427559055116
21
-4.0406031102362201
0
LINE
8
BLACK
6
CONTINUOUS
10
6.1637427559055116
20
-4.0406031102362201
11
6.1652712204724409
21
-4.0432504724409446
0
LINE
8
BLACK
6
CONTINUOUS
10
6.1652712204724409
20
-4.0432504724409446
11
6.1652712204724409
21
-4.0463074015748033
0
LINE
8
BLACK
6
CONTINUOUS
10
6.1652712204724409
20
-4.0463074015748033
11
6.1637427559055116
21
-4.0489547637795278
0
LINE
8
BLACK
6
CONTINUOUS
10
6.1637427559055116
20
-4.0489547637795278
11
6.1610953937007871
21
-4.0504832283464562
0
LINE
8
BLACK
6
CONTINUOUS
10
6.1610953937007871
20
-4.0504832283464562
11
6.1580384645669293
21
-4.0504832283464562
0
LINE
8
BLACK
6
CONTINUOUS
10
6.1580384645669293
20
-4.0504832283464562
11
6.1553911023622048
21
-4.0489547637795278
0
LINE
8
BLACK
6
CONTINUOUS
10
6.1553911023622048
20
-4.0489547637795278
11
6.1535647244094482
21
-4.0471283858267713
0
LINE
8
BLACK
6
CONTINUOUS
10
6.1535647244094482
20
-4.0471283858267713
11
6.1473600787401574
21
-4.0450601574803144
0
LINE
8
BLACK
6
CONTINUOUS
10
6.1473600787401574
20
-4.0450601574803144
11
6.1436524409448818
21
-4.0450601574803144
0
LINE
8
BLACK
6
CONTINUOUS
10
6.1436524409448818
20
-4.0450601574803144
11
6.1374476377952751
21
-4.0471283858267713
0
LINE
8
BLACK
6
CONTINUOUS
10
6.1374476377952751
20
-4.0471283858267713
11
6.1334867716535433
21
-4.051089251968504
0
LINE
8
BLACK
6
CONTINUOUS
10
6.1334867716535433
20
-4.051089251968504
11
6.1313930314960627
21
-4.0552766535433067
0
LINE
8
BLACK
6
CONTINUOUS
10
6.1313930314960627
20
-4.0552766535433067
11
6.1289145275590551
21
-4.065190866141732
0
LINE
8
BLACK
6
CONTINUOUS
10
6.1289145275590551
20
-4.065190866141732
11
6.1289145275590551
21
-4.0721735039370079
0
LINE
8
BLACK
6
CONTINUOUS
10
6.1289145275590551
20
-4.0721735039370079
11
6.1313930314960627
21
-4.0820877165354332
0
LINE
8
BLACK
6
CONTINUOUS
10
6.1313930314960627
20
-4.0820877165354332
11
6.1334867716535433
21
-4.0862751181102359
0
LINE
8
BLACK
6
CONTINUOUS
10
6.1334867716535433
20
-4.0862751181102359
11
6.1374475984251964
21
-4.0902359842519687
0
LINE
8
BLACK
6
CONTINUOUS
10
6.1374475984251964
20
-4.0902359842519687
11
6.1436524409448818
21
-4.0923042519685042
0
LINE
8
BLACK
6
CONTINUOUS
10
6.1436524409448818
20
-4.0923042519685042
11
6.1473599606299212
21
-4.0923042519685042
0
LINE
8
BLACK
6
CONTINUOUS
10
6.1473599606299212
20
-4.0923042519685042
11
6.153564763779527
21
-4.0902359842519687
0
LINE
8
BLACK
6
CONTINUOUS
10
6.153564763779527
20
-4.0902359842519687
11
6.155391062992126
21
-4.0884096850393696
0
LINE
8
BLACK
6
CONTINUOUS
10
6.155391062992126
20
-4.0884096850393696
11
6.1580384251968505
21
-4.0868811811023624
0
LINE
8
BLACK
6
CONTINUOUS
10
6.1580384251968505
20
-4.0868811811023624
11
6.1610953543307083
21
-4.0868811811023624
0
LINE
8
BLACK
6
CONTINUOUS
10
6.1610953543307083
20
-4.0868811811023624
11
6.1637427165354328
21
-4.0884096062992121
0
LINE
8
BLACK
6
CONTINUOUS
10
6.1637427165354328
20
-4.0884096062992121
11
6.1652712204724409
21
-4.0910569685039366
0
LINE
8
BLACK
6
CONTINUOUS
10
6.1652712204724409
20
-4.0910569685039366
11
6.1652712204724409
21
-4.0941138976377953
0
LINE
8
BLACK
6
CONTINUOUS
10
6.1652712204724409
20
-4.0941138976377953
11
6.1637427952755903
21
-4.0967612598425198
0
LINE
8
BLACK
6
CONTINUOUS
10
6.1637427952755903
20
-4.0967612598425198
11
6.1609306692913384
21
-4.0995734251968505
0
LINE
8
BLACK
6
CONTINUOUS
10
6.1609306692913384
20
-4.0995734251968505
11
6.1597551574803147
21
-4.100252086614173
0
LINE
8
BLACK
6
CONTINUOUS
10
6.1597551574803147
20
-4.100252086614173
11
6.1586222834645667
21
-4.1010001181102362
0
LINE
8
BLACK
6
CONTINUOUS
10
6.1586222834645667
20
-4.1010001181102362
11
6.1501858267716534
21
-4.1038122440944882
0
LINE
8
BLACK
6
CONTINUOUS
10
6.1501858267716534
20
-4.1038122440944882
11
6.1492366535433067
21
-4.1038692125984255
0
LINE
8
BLACK
6
CONTINUOUS
10
6.1492366535433067
20
-4.1038692125984255
11
6.1483183464566924
21
-4.1041152755905514
0
LINE
8
BLACK
6
CONTINUOUS
10
6.1483183464566924
20
-4.1041152755905514
11
6.1426940551181097
21
-4.1041152755905514
0
LINE
8
BLACK
6
CONTINUOUS
10
6.1426940551181097
20
-4.1041152755905514
11
6.1417757086614175
21
-4.1038692125984255
0
LINE
8
BLACK
6
CONTINUOUS
10
6.1417757086614175
20
-4.1038692125984255
11
6.1408265748031496
21
-4.1038122440944882
0
LINE
8
BLACK
6
CONTINUOUS
10
6.1408265748031496
20
-4.1038122440944882
11
6.1323901181102363
21
-4.1010001181102362
0
LINE
8
BLACK
6
CONTINUOUS
10
6.1323901181102363
20
-4.1010001181102362
11
6.1312573228346459
21
-4.1002521653543305
0
LINE
8
BLACK
6
CONTINUOUS
10
6.1312573228346459
20
-4.1002521653543305
11
6.1300817716535434
21
-4.0995734645669293
0
LINE
8
BLACK
6
CONTINUOUS
10
6.1300817716535434
20
-4.0995734645669293
11
6.1244574803149607
21
-4.0939491338582679
0
LINE
8
BLACK
6
CONTINUOUS
10
6.1244574803149607
20
-4.0939491338582679
11
6.1239820472440947
21
-4.0931257086614172
0
LINE
8
BLACK
6
CONTINUOUS
10
6.1239820472440947
20
-4.0931257086614172
11
6.1233512598425195
21
-4.0924143307086611
0
LINE
8
BLACK
6
CONTINUOUS
10
6.1233512598425195
20
-4.0924143307086611
11
6.1205390944881888
21
-4.0867900393700785
0
LINE
8
BLACK
6
CONTINUOUS
10
6.1205390944881888
20
-4.0867900393700785
11
6.120408346456693
21
-4.08615125984252
0
LINE
8
BLACK
6
CONTINUOUS
10
6.120408346456693
20
-4.08615125984252
11
6.120091968503937
21
-4.0855812992125982
0
LINE
8
BLACK
6
CONTINUOUS
10
6.120091968503937
20
-4.0855812992125982
11
6.117279842519685
21
-4.0743327165354328
0
LINE
8
BLACK
6
CONTINUOUS
10
6.117279842519685
20
-4.0743327165354328
11
6.1172920866141727
21
-4.0736042519685043
0
LINE
8
BLACK
6
CONTINUOUS
10
6.1172920866141727
20
-4.0736042519685043
11
6.1171035039370079
21
-4.072900433070866
0
LINE
8
BLACK
6
CONTINUOUS
10
6.1171035039370079
20
-4.072900433070866
11
6.1171035039370079
21
-4.0644639763779526
0
LINE
8
BLACK
6
CONTINUOUS
10
6.1171035039370079
20
-4.0644639763779526
11
6.1172920866141727
21
-4.0637601181102365
0
LINE
8
BLACK
6
CONTINUOUS
10
6.1172920866141727
20
-4.0637601181102365
11
6.117279842519685
21
-4.0630316929133858
0
LINE
8
BLACK
6
CONTINUOUS
10
6.117279842519685
20
-4.0630316929133858
11
6.120091968503937
21
-4.0517831102362205
0
LINE
8
BLACK
6
CONTINUOUS
10
6.120091968503937
20
-4.0517831102362205
11
6.120408346456693
21
-4.0512131102362208
0
LINE
8
BLACK
6
CONTINUOUS
10
6.120408346456693
20
-4.0512131102362208
11
6.1205390944881888
21
-4.0505743700787402
0
LINE
8
BLACK
6
CONTINUOUS
10
6.1205390944881888
20
-4.0505743700787402
11
6.1233512598425195
21
-4.0449500787401576
0
LINE
8
BLACK
6
CONTINUOUS
10
6.1233512598425195
20
-4.0449500787401576
11
6.1239820472440947
21
-4.0442387007874014
0
LINE
8
BLACK
6
CONTINUOUS
10
6.1239820472440947
20
-4.0442387007874014
11
6.1244574803149607
21
-4.0434152755905508
0
LINE
8
BLACK
6
CONTINUOUS
10
6.1244574803149607
20
-4.0434152755905508
11
6.1300817716535434
21
-4.0377909842519681
0
LINE
8
BLACK
6
CONTINUOUS
10
6.1300817716535434
20
-4.0377909842519681
11
6.1312573228346459
21
-4.0371122440944882
0
LINE
8
BLACK
6
CONTINUOUS
10
6.1312573228346459
20
-4.0371122440944882
11
6.1323901181102363
21
-4.0363643700787399
0
LINE
8
BLACK
6
CONTINUOUS
10
6.1323901181102363
20
-4.0363643700787399
11
6.1408265354330709
21
-4.0335522047244092
0
LINE
8
BLACK
6
CONTINUOUS
10
6.1408265354330709
20
-4.0335522047244092
11
6.1417755905511813
21
-4.033495196850394
0
LINE
8
BLACK
6
CONTINUOUS
10
6.1417755905511813
20
-4.033495196850394
11
6.1426940551181097
21
-4.0332491338582672
0
LINE
8
BLACK
6
CONTINUOUS
10
6.1426940551181097
20
-4.0332491338582672
11
6.1483183464566924
21
-4.0332491338582672
0
LINE
8
BLACK
6
CONTINUOUS
10
6.1483183464566924
20
-4.0332491338582672
11
6.149236771653543
21
-4.033495196850394
0
LINE
8
BLACK
6
CONTINUOUS
10
6.2215748031496059
20
-4.0340403149606301
11
6.2237363779527559
21
-4.0362018897637792
0
LINE
8
BLACK
6
CONTINUOUS
10
6.2237363779527559
20
-4.0362018897637792
11
6.2245275590551179
21
-4.0391546456692913
0
LINE
8
BLACK
6
CONTINUOUS
10
6.2245275590551179
20
-4.0391546456692913
11
6.2245275590551179
21
-4.0982097637795274
0
LINE
8
BLACK
6
CONTINUOUS
10
6.2245275590551179
20
-4.0982097637795274
11
6.2237363779527559
21
-4.1011625196850394
0
LINE
8
BLACK
6
CONTINUOUS
10
6.2237363779527559
20
-4.1011625196850394
11
6.2215748031496059
21
-4.1033240944881886
0
LINE
8
BLACK
6
CONTINUOUS
10
6.2215748031496059
20
-4.1033240944881886
11
6.2186220472440947
21
-4.1041152755905514
0
LINE
8
BLACK
6
CONTINUOUS
10
6.2186220472440947
20
-4.1041152755905514
11
6.2156692913385827
21
-4.1033240944881886
0
LINE
8
BLACK
6
CONTINUOUS
10
6.2156692913385827
20
-4.1033240944881886
11
6.2135077165354327
21
-4.1011625196850394
0
LINE
8
BLACK
6
CONTINUOUS
10
6.2135077165354327
20
-4.1011625196850394
11
6.2127165354330707
21
-4.0982097637795274
0
LINE
8
BLACK
6
CONTINUOUS
10
6.2127165354330707
20
-4.0982097637795274
11
6.2127165354330707
21
-4.0731816535433074
0
LINE
8
BLACK
6
CONTINUOUS
10
6.2127165354330707
20
-4.0731816535433074
11
6.1907817716535432
21
-4.0731816535433074
0
LINE
8
BLACK
6
CONTINUOUS
10
6.1907817716535432
20
-4.0731816535433074
11
6.1907817716535432
21
-4.0982097637795274
0
LINE
8
BLACK
6
CONTINUOUS
10
6.1907817716535432
20
-4.0982097637795274
11
6.1899905905511812
21
-4.1011625196850394
0
LINE
8
BLACK
6
CONTINUOUS
10
6.1899905905511812
20
-4.1011625196850394
11
6.1878290157480311
21
-4.1033240944881886
0
LINE
8
BLACK
6
CONTINUOUS
10
6.1878290157480311
20
-4.1033240944881886
11
6.18487625984252
21
-4.1041152755905514
0
LINE
8
BLACK
6
CONTINUOUS
10
6.18487625984252
20
-4.1041152755905514
11
6.181923503937008
21
-4.1033240944881886
0
LINE
8
BLACK
6
CONTINUOUS
10
6.181923503937008
20
-4.1033240944881886
11
6.1797619291338579
21
-4.1011625196850394
0
LINE
8
BLACK
6
CONTINUOUS
10
6.1797619291338579
20
-4.1011625196850394
11
6.1789707480314959
21
-4.0982097637795274
0
LINE
8
BLACK
6
CONTINUOUS
10
6.1789707480314959
20
-4.0982097637795274
11
6.1789707480314959
21
-4.0391546456692913
0
LINE
8
BLACK
6
CONTINUOUS
10
6.1789707480314959
20
-4.0391546456692913
11
6.1797619291338579
21
-4.0362018897637792
0
LINE
8
BLACK
6
CONTINUOUS
10
6.1797619291338579
20
-4.0362018897637792
11
6.181923503937008
21
-4.0340403149606301
0
LINE
8
BLACK
6
CONTINUOUS
10
6.181923503937008
20
-4.0340403149606301
11
6.18487625984252
21
-4.0332491338582672
0
LINE
8
BLACK
6
CONTINUOUS
10
6.18487625984252
20
-4.0332491338582672
11
6.1878290157480311
21
-4.0340403149606301
0
LINE
8
BLACK
6
CONTINUOUS
10
6.1878290157480311
20
-4.0340403149606301
11
6.1899905905511812
21
-4.0362018897637792
0
LINE
8
BLACK
6
CONTINUOUS
10
6.1899905905511812
20
-4.0362018897637792
11
6.1907817716535432
21
-4.0391546456692913
0
LINE
8
BLACK
6
CONTINUOUS
10
6.1907817716535432
20
-4.0391546456692913
11
6.1907817716535432
21
-4.0613706299212602
0
LINE
8
BLACK
6
CONTINUOUS
10
6.1907817716535432
20
-4.0613706299212602
11
6.2127165354330707
21
-4.0613706299212602
0
LINE
8
BLACK
6
CONTINUOUS
10
6.2127165354330707
20
-4.0613706299212602
11
6.2127165354330707
21
-4.0391546456692913
0
LINE
8
BLACK
6
CONTINUOUS
10
6.2127165354330707
20
-4.0391546456692913
11
6.2135077165354327
21
-4.0362018897637792
0
LINE
8
BLACK
6
CONTINUOUS
10
6.2135077165354327
20
-4.0362018897637792
11
6.2156692913385827
21
-4.0340403149606301
0
LINE
8
BLACK
6
CONTINUOUS
10
6.2156692913385827
20
-4.0340403149606301
11
6.2186220472440947
21
-4.0332491338582672
0
LINE
8
BLACK
6
CONTINUOUS
10
6.2186220472440947
20
-4.0332491338582672
11
6.2215748031496059
21
-4.0340403149606301
0
LINE
8
BLACK
6
CONTINUOUS
10
6.2649275196850391
20
-4.0336004330708661
11
6.2662574803149607
21
-4.0338725984251971
0
LINE
8
BLACK
6
CONTINUOUS
10
6.2662574803149607
20
-4.0338725984251971
11
6.2718817716535433
21
-4.0366847637795278
0
LINE
8
BLACK
6
CONTINUOUS
10
6.2718817716535433
20
-4.0366847637795278
11
6.2725931102362207
21
-4.0373155511811021
0
LINE
8
BLACK
6
CONTINUOUS
10
6.2725931102362207
20
-4.0373155511811021
11
6.2734165354330704
21
-4.0377909448818894
0
LINE
8
BLACK
6
CONTINUOUS
10
6.2734165354330704
20
-4.0377909448818894
11
6.2762287007874011
21
-4.0406030708661413
0
LINE
8
BLACK
6
CONTINUOUS
10
6.2762287007874011
20
-4.0406030708661413
11
6.2767040944881884
21
-4.041426496062992
0
LINE
8
BLACK
6
CONTINUOUS
10
6.2767040944881884
20
-4.041426496062992
11
6.2773349606299211
21
-4.0421379133858268
0
LINE
8
BLACK
6
CONTINUOUS
10
6.2773349606299211
20
-4.0421379133858268
11
6.2801470866141731
21
-4.0477622440944883
0
LINE
8
BLACK
6
CONTINUOUS
10
6.2801470866141731
20
-4.0477622440944883
11
6.2802777559055114
21
-4.0484009448818901
0
LINE
8
BLACK
6
CONTINUOUS
10
6.2802777559055114
20
-4.0484009448818901
11
6.2805942125984249
21
-4.0489709448818898
0
LINE
8
BLACK
6
CONTINUOUS
10
6.2805942125984249
20
-4.0489709448818898
11
6.2834063779527556
21
-4.0602195275590551
0
LINE
8
BLACK
6
CONTINUOUS
10
6.2834063779527556
20
-4.0602195275590551
11
6.2833940944881892
21
-4.0609480314960633
0
LINE
8
BLACK
6
CONTINUOUS
10
6.2833940944881892
20
-4.0609480314960633
11
6.2835827165354328
21
-4.0616518503937007
0
LINE
8
BLACK
6
CONTINUOUS
10
6.2835827165354328
20
-4.0616518503937007
11
6.2835827165354328
21
-4.0757125984251967
0
LINE
8
BLACK
6
CONTINUOUS
10
6.2835827165354328
20
-4.0757125984251967
11
6.2833940944881892
21
-4.0764163779527562
0
LINE
8
BLACK
6
CONTINUOUS
10
6.2833940944881892
20
-4.0764163779527562
11
6.2834063779527556
21
-4.0771449212598423
0
LINE
8
BLACK
6
CONTINUOUS
10
6.2834063779527556
20
-4.0771449212598423
11
6.2805942125984249
21
-4.0883935039370076
0
LINE
8
BLACK
6
CONTINUOUS
10
6.2805942125984249
20
-4.0883935039370076
11
6.2802777559055114
21
-4.0889635039370074
0
LINE
8
BLACK
6
CONTINUOUS
10
6.2802777559055114
20
-4.0889635039370074
11
6.2801470866141731
21
-4.0896021653543304
0
LINE
8
BLACK
6
CONTINUOUS
10
6.2801470866141731
20
-4.0896021653543304
11
6.2773349606299211
21
-4.0952264960629918
0
LINE
8
BLACK
6
CONTINUOUS
10
6.2773349606299211
20
-4.0952264960629918
11
6.2767040944881884
21
-4.0959378740157479
0
LINE
8
BLACK
6
CONTINUOUS
10
6.2767040944881884
20
-4.0959378740157479
11
6.2762287401574799
21
-4.0967612992125986
0
LINE
8
BLACK
6
CONTINUOUS
10
6.2762287401574799
20
-4.0967612992125986
11
6.2734165748031492
21
-4.0995734645669293
0
LINE
8
BLACK
6
CONTINUOUS
10
6.2734165748031492
20
-4.0995734645669293
11
6.2725931496062994
21
-4.1000488188976378
0
LINE
8
BLACK
6
CONTINUOUS
10
6.2725931496062994
20
-4.1000488188976378
11
6.2718817716535433
21
-4.1006796850393696
0
LINE
8
BLACK
6
CONTINUOUS
10
6.2718817716535433
20
-4.1006796850393696
11
6.2662574803149607
21
-4.1034918110236216
0
LINE
8
BLACK
6
CONTINUOUS
10
6.2662574803149607
20
-4.1034918110236216
11
6.2649275984251966
21
-4.1037639370078738
0
LINE
8
BLACK
6
CONTINUOUS
10
6.2649275984251966
20
-4.1037639370078738
11
6.2636164566929136
21
-4.1041152755905514
0
LINE
8
BLACK
6
CONTINUOUS
10
6.2636164566929136
20
-4.1041152755905514
11
6.2579921653543309
21
-4.1041152755905514
0
LINE
8
BLACK
6
CONTINUOUS
10
6.2579921653543309
20
-4.1041152755905514
11
6.2566809055118107
21
-4.103763897637795
0
LINE
8
BLACK
6
CONTINUOUS
10
6.2566809055118107
20
-4.103763897637795
11
6.2553511811023617
21
-4.1034918110236216
0
LINE
8
BLACK
6
CONTINUOUS
10
6.2553511811023617
20
-4.1034918110236216
11
6.2497268503937002
21
-4.1006796850393696
0
LINE
8
BLACK
6
CONTINUOUS
10
6.2497268503937002
20
-4.1006796850393696
11
6.2490154330708663
21
-4.1000488188976378
0
LINE
8
BLACK
6
CONTINUOUS
10
6.2490154330708663
20
-4.1000488188976378
11
6.2481920472440944
21
-4.0995734645669293
0
LINE
8
BLACK
6
CONTINUOUS
10
6.2481920472440944
20
-4.0995734645669293
11
6.2453798818897637
21
-4.0967612992125986
0
LINE
8
BLACK
6
CONTINUOUS
10
6.2453798818897637
20
-4.0967612992125986
11
6.2449044488188976
21
-4.0959378346456692
0
LINE
8
BLACK
6
CONTINUOUS
10
6.2449044488188976
20
-4.0959378346456692
11
6.2442736614173224
21
-4.0952264960629918
0
LINE
8
BLACK
6
CONTINUOUS
10
6.2442736614173224
20
-4.0952264960629918
11
6.2414614960629917
21
-4.0896022047244092
0
LINE
8
BLACK
6
CONTINUOUS
10
6.2414614960629917
20
-4.0896022047244092
11
6.2413307480314959
21
-4.0889634251968507
0
LINE
8
BLACK
6
CONTINUOUS
10
6.2413307480314959
20
-4.0889634251968507
11
6.2410143700787399
21
-4.0883934645669289
0
LINE
8
BLACK
6
CONTINUOUS
10
6.2410143700787399
20
-4.0883934645669289
11
6.238202244094488
21
-4.0771448818897635
0
LINE
8
BLACK
6
CONTINUOUS
10
6.238202244094488
20
-4.0771448818897635
11
6.2382144881889765
21
-4.076416417322835
0
LINE
8
BLACK
6
CONTINUOUS
10
6.2382144881889765
20
-4.076416417322835
11
6.2380259055118108
21
-4.0757125984251967
0
LINE
8
BLACK
6
CONTINUOUS
10
6.2380259055118108
20
-4.0757125984251967
11
6.2380259055118108
21
-4.0616518503937007
0
LINE
8
BLACK
6
CONTINUOUS
10
6.2380259055118108
20
-4.0616518503937007
11
6.2382144881889765
21
-4.0609479921259846
0
LINE
8
BLACK
6
CONTINUOUS
10
6.2382144881889765
20
-4.0609479921259846
11
6.238202244094488
21
-4.0602195669291339
0
LINE
8
BLACK
6
CONTINUOUS
10
6.238202244094488
20
-4.0602195669291339
11
6.2410143700787399
21
-4.0489709448818898
0
LINE
8
BLACK
6
CONTINUOUS
10
6.2410143700787399
20
-4.0489709448818898
11
6.2413307480314959
21
-4.0484009448818901
0
LINE
8
BLACK
6
CONTINUOUS
10
6.2413307480314959
20
-4.0484009448818901
11
6.2414614960629917
21
-4.0477622047244095
0
LINE
8
BLACK
6
CONTINUOUS
10
6.2414614960629917
20
-4.0477622047244095
11
6.2442736614173224
21
-4.0421379133858268
0
LINE
8
BLACK
6
CONTINUOUS
10
6.2442736614173224
20
-4.0421379133858268
11
6.2449044488188976
21
-4.0414265354330707
0
LINE
8
BLACK
6
CONTINUOUS
10
6.2449044488188976
20
-4.0414265354330707
11
6.2453799212598424
21
-4.0406030708661413
0
LINE
8
BLACK
6
CONTINUOUS
10
6.2453799212598424
20
-4.0406030708661413
11
6.2481920866141731
21
-4.0377909448818894
0
LINE
8
BLACK
6
CONTINUOUS
10
6.2481920866141731
20
-4.0377909448818894
11
6.249015472440945
21
-4.0373155511811021
0
LINE
8
BLACK
6
CONTINUOUS
10
6.249015472440945
20
-4.0373155511811021
11
6.2497268503937002
21
-4.0366847637795278
0
LINE
8
BLACK
6
CONTINUOUS
10
6.2497268503937002
20
-4.0366847637795278
11
6.2553511023622042
21
-4.0338725984251971
0
LINE
8
BLACK
6
CONTINUOUS
10
6.2553511023622042
20
-4.0338725984251971
11
6.2566811023622044
21
-4.0336003937007874
0
LINE
8
BLACK
6
CONTINUOUS
10
6.2566811023622044
20
-4.0336003937007874
11
6.2579921653543309
21
-4.0332491338582672
0
LINE
8
BLACK
6
CONTINUOUS
10
6.2579921653543309
20
-4.0332491338582672
11
6.2636164566929136
21
-4.0332491338582672
0
LINE
8
BLACK
6
CONTINUOUS
10
6.2636164566929136
20
-4.0332491338582672
11
6.2649275196850391
21
-4.0336004330708661
0
LINE
8
BLACK
6
CONTINUOUS
10
6.2558660236220467
20
-4.0468202755905507
11
6.2544091732283462
21
-4.0482770866141733
0
LINE
8
BLACK
6
CONTINUOUS
10
6.2544091732283462
20
-4.0482770866141733
11
6.2523154330708657
21
-4.052464488188976
0
LINE
8
BLACK
6
CONTINUOUS
10
6.2523154330708657
20
-4.052464488188976
11
6.249836929133858
21
-4.06237874015748
0
LINE
8
BLACK
6
CONTINUOUS
10
6.249836929133858
20
-4.06237874015748
11
6.249836929133858
21
-4.0749856692913387
0
LINE
8
BLACK
6
CONTINUOUS
10
6.249836929133858
20
-4.0749856692913387
11
6.2523154330708657
21
-4.0848998818897639
0
LINE
8
BLACK
6
CONTINUOUS
10
6.2523154330708657
20
-4.0848998818897639
11
6.2544091732283462
21
-4.0890872834645666
0
LINE
8
BLACK
6
CONTINUOUS
10
6.2544091732283462
20
-4.0890872834645666
11
6.2558660236220467
21
-4.090544133858268
0
LINE
8
BLACK
6
CONTINUOUS
10
6.2558660236220467
20
-4.090544133858268
11
6.2593862598425192
21
-4.0923042519685042
0
LINE
8
BLACK
6
CONTINUOUS
10
6.2593862598425192
20
-4.0923042519685042
11
6.2622223622047244
21
-4.0923042519685042
0
LINE
8
BLACK
6
CONTINUOUS
10
6.2622223622047244
20
-4.0923042519685042
11
6.2657425196850394
21
-4.0905441732283467
0
LINE
8
BLACK
6
CONTINUOUS
10
6.2657425196850394
20
-4.0905441732283467
11
6.2671994094488186
21
-4.0890872834645666
0
LINE
8
BLACK
6
CONTINUOUS
10
6.2671994094488186
20
-4.0890872834645666
11
6.2692930708661416
21
-4.0848999606299214
0
LINE
8
BLACK
6
CONTINUOUS
10
6.2692930708661416
20
-4.0848999606299214
11
6.2717716929133855
21
-4.0749856299212599
0
LINE
8
BLACK
6
CONTINUOUS
10
6.2717716929133855
20
-4.0749856299212599
11
6.2717716929133855
21
-4.0623787795275588
0
LINE
8
BLACK
6
CONTINUOUS
10
6.2717716929133855
20
-4.0623787795275588
11
6.2692930708661416
21
-4.0524644488188972
0
LINE
8
BLACK
6
CONTINUOUS
10
6.2692930708661416
20
-4.0524644488188972
11
6.2671994488188973
21
-4.048277125984252
0
LINE
8
BLACK
6
CONTINUOUS
10
6.2671994488188973
20
-4.048277125984252
11
6.2657425984251969
21
-4.0468202755905507
0
LINE
8
BLACK
6
CONTINUOUS
10
6.2657425984251969
20
-4.0468202755905507
11
6.2622223622047244
21
-4.0450601574803144
0
LINE
8
BLACK
6
CONTINUOUS
10
6.2622223622047244
20
-4.0450601574803144
11
6.2593862598425192
21
-4.0450601574803144
0
LINE
8
BLACK
6
CONTINUOUS
10
6.2593862598425192
20
-4.0450601574803144
11
6.2558660236220467
21
-4.0468202755905507
0
LINE
8
BLACK
6
CONTINUOUS
10
6.3172357480314956
20
-4.0332996456692909
11
6.3174273228346456
21
-4.033261338582677
0
LINE
8
BLACK
6
CONTINUOUS
10
6.3174273228346456
20
-4.033261338582677
11
6.3187014566929136
21
-4.0336923622047243
0
LINE
8
BLACK
6
CONTINUOUS
10
6.3187014566929136
20
-4.0336923622047243
11
6.3200000000000003
21
-4.0340403149606301
0
LINE
8
BLACK
6
CONTINUOUS
10
6.3200000000000003
20
-4.0340403149606301
11
6.3201380314960627
21
-4.0341783464566925
0
LINE
8
BLACK
6
CONTINUOUS
10
6.3201380314960627
20
-4.0341783464566925
11
6.3203230314960628
21
-4.0342409448818897
0
LINE
8
BLACK
6
CONTINUOUS
10
6.3203230314960628
20
-4.0342409448818897
11
6.3212109055118111
21
-4.0352512204724409
0
LINE
8
BLACK
6
CONTINUOUS
10
6.3212109055118111
20
-4.0352512204724409
11
6.3221615748031494
21
-4.0362018897637792
0
LINE
8
BLACK
6
CONTINUOUS
10
6.3221615748031494
20
-4.0362018897637792
11
6.3222120866141731
21
-4.0363903937007874
0
LINE
8
BLACK
6
CONTINUOUS
10
6.3222120866141731
20
-4.0363903937007874
11
6.3223410236220472
21
-4.0365371259842515
0
LINE
8
BLACK
6
CONTINUOUS
10
6.3223410236220472
20
-4.0365371259842515
11
6.3226047637795277
21
-4.0378559842519683
0
LINE
8
BLACK
6
CONTINUOUS
10
6.3226047637795277
20
-4.0378559842519683
11
6.3229527559055114
21
-4.0391546456692913
0
LINE
8
BLACK
6
CONTINUOUS
10
6.3229527559055114
20
-4.0391546456692913
11
6.3229527559055114
21
-4.0923042519685042
0
LINE
8
BLACK
6
CONTINUOUS
10
6.3229527559055114
20
-4.0923042519685042
11
6.333920157480315
21
-4.0923042519685042
0
LINE
8
BLACK
6
CONTINUOUS
10
6.333920157480315
20
-4.0923042519685042
11
6.336872913385827
21
-4.0930954330708662
0
LINE
8
BLACK
6
CONTINUOUS
10
6.336872913385827
20
-4.0930954330708662
11
6.3390344881889762
21
-4.0952570078740154
0
LINE
8
BLACK
6
CONTINUOUS
10
6.3390344881889762
20
-4.0952570078740154
11
6.3398256692913382
21
-4.0982097637795274
0
LINE
8
BLACK
6
CONTINUOUS
10
6.3398256692913382
20
-4.0982097637795274
11
6.3390344881889762
21
-4.1011625196850394
0
LINE
8
BLACK
6
CONTINUOUS
10
6.3390344881889762
20
-4.1011625196850394
11
6.336872913385827
21
-4.1033240944881886
0
LINE
8
BLACK
6
CONTINUOUS
10
6.336872913385827
20
-4.1033240944881886
11
6.333920157480315
21
-4.1041152755905514
0
LINE
8
BLACK
6
CONTINUOUS
10
6.333920157480315
20
-4.1041152755905514
11
6.3170472440944883
21
-4.1041152755905514
0
LINE
8
BLACK
6
CONTINUOUS
10
6.3170472440944883
20
-4.1041152755905514
11
6.3001743700787403
21
-4.1041152755905514
0
LINE
8
BLACK
6
CONTINUOUS
10
6.3001743700787403
20
-4.1041152755905514
11
6.2972216141732282
21
-4.1033240944881886
0
LINE
8
BLACK
6
CONTINUOUS
10
6.2972216141732282
20
-4.1033240944881886
11
6.2950600393700782
21
-4.1011625196850394
0
LINE
8
BLACK
6
CONTINUOUS
10
6.2950600393700782
20
-4.1011625196850394
11
6.2942688582677162
21
-4.0982097637795274
0
LINE
8
BLACK
6
CONTINUOUS
10
6.2942688582677162
20
-4.0982097637795274
11
6.2950600393700782
21
-4.0952570078740154
0
LINE
8
BLACK
6
CONTINUOUS
10
6.2950600393700782
20
-4.0952570078740154
11
6.2972216141732282
21
-4.0930954330708662
0
LINE
8
BLACK
6
CONTINUOUS
10
6.2972216141732282
20
-4.0930954330708662
11
6.3001743700787403
21
-4.0923042519685042
0
LINE
8
BLACK
6
CONTINUOUS
10
6.3001743700787403
20
-4.0923042519685042
11
6.3111417322834642
21
-4.0923042519685042
0
LINE
8
BLACK
6
CONTINUOUS
10
6.3111417322834642
20
-4.0923042519685042
11
6.3111417322834642
21
-4.0562239763779528
0
LINE
8
BLACK
6
CONTINUOUS
10
6.3111417322834642
20
-4.0562239763779528
11
6.3099744881889759
21
-4.0573912204724412
0
LINE
8
BLACK
6
CONTINUOUS
10
6.3099744881889759
20
-4.0573912204724412
11
6.3091510236220474
21
-4.0578666141732285
0
LINE
8
BLACK
6
CONTINUOUS
10
6.3091510236220474
20
-4.0578666141732285
11
6.30843968503937
21
-4.0584974409448815
0
LINE
8
BLACK
6
CONTINUOUS
10
6.30843968503937
20
-4.0584974409448815
11
6.3028153937007874
21
-4.0613096062992122
0
LINE
8
BLACK
6
CONTINUOUS
10
6.3028153937007874
20
-4.0613096062992122
11
6.2998205511811021
21
-4.0619224803149603
0
LINE
8
BLACK
6
CONTINUOUS
10
6.2998205511811021
20
-4.0619224803149603
11
6.2969205118110239
21
-4.0609557874015749
0
LINE
8
BLACK
6
CONTINUOUS
10
6.2969205118110239
20
-4.0609557874015749
11
6.2948923228346452
21
-4.0586685826771651
0
LINE
8
BLACK
6
CONTINUOUS
10
6.2948923228346452
20
-4.0586685826771651
11
6.2942794488188971
21
-4.0556737401574798
0
LINE
8
BLACK
6
CONTINUOUS
10
6.2942794488188971
20
-4.0556737401574798
11
6.2952461417322834
21
-4.0527737007874016
0
LINE
8
BLACK
6
CONTINUOUS
10
6.2952461417322834
20
-4.0527737007874016
11
6.2975333464566932
21
-4.0507455118110238
0
LINE
8
BLACK
6
CONTINUOUS
10
6.2975333464566932
20
-4.0507455118110238
11
6.3023004724409448
21
-4.0483618897637799
0
LINE
8
BLACK
6
CONTINUOUS
10
6.3023004724409448
20
-4.0483618897637799
11
6.3068335826771653
21
-4.0438287795275594
0
LINE
8
BLACK
6
CONTINUOUS
10
6.3068335826771653
20
-4.0438287795275594
11
6.3121335826771654
21
-4.0358788582677168
0
LINE
8
BLACK
6
CONTINUOUS
10
6.3121335826771654
20
-4.0358788582677168
11
6.3131435433070866
21
-4.034991220472441
0
LINE
8
BLACK
6
CONTINUOUS
10
6.3131435433070866
20
-4.034991220472441
11
6.3140944881889762
21
-4.0340403149606301
0
LINE
8
BLACK
6
CONTINUOUS
10
6.3140944881889762
20
-4.0340403149606301
11
6.3142830708661419
21
-4.0339897637795277
0
LINE
8
BLACK
6
CONTINUOUS
10
6.3142830708661419
20
-4.0339897637795277
11
6.3144297637795272
21
-4.0338608661417323
0
LINE
8
BLACK
6
CONTINUOUS
10
6.3144297637795272
20
-4.0338608661417323
11
6.3157487007874016
21
-4.0335970472440943
0
LINE
8
BLACK
6
CONTINUOUS
10
6.3157487007874016
20
-4.0335970472440943
11
6.3170472440944883
21
-4.0332491338582672
0
LINE
8
BLACK
6
CONTINUOUS
10
6.3170472440944883
20
-4.0332491338582672
11
6.3172357480314956
21
-4.0332996456692909
0
LINE
8
BLACK
6
CONTINUOUS
10
6.3719849999999996
20
-4.0335305118110236
11
6.3723455511811018
21
-4.0335521653543305
0
LINE
8
BLACK
6
CONTINUOUS
10
6.3723455511811018
20
-4.0335521653543305
11
6.373335472440945
21
-4.0342057480314963
0
LINE
8
BLACK
6
CONTINUOUS
10
6.373335472440945
20
-4.0342057480314963
11
6.3743962204724411
21
-4.0347361417322833
0
LINE
8
BLACK
6
CONTINUOUS
10
6.3743962204724411
20
-4.0347361417322833
11
6.3745951574803152
21
-4.0350374409448815
0
LINE
8
BLACK
6
CONTINUOUS
10
6.3745951574803152
20
-4.0350374409448815
11
6.3748966141732284
21
-4.0352364960629918
0
LINE
8
BLACK
6
CONTINUOUS
10
6.3748966141732284
20
-4.0352364960629918
11
6.3754271259842517
21
-4.036297559055118
0
LINE
8
BLACK
6
CONTINUOUS
10
6.3754271259842517
20
-4.036297559055118
11
6.3760805118110238
21
-4.0372871653543303
0
LINE
8
BLACK
6
CONTINUOUS
10
6.3760805118110238
20
-4.0372871653543303
11
6.3957655905511812
21
-4.0963422834645664
0
LINE
8
BLACK
6
CONTINUOUS
10
6.3957655905511812
20
-4.0963422834645664
11
6.3959487401574799
21
-4.0993937007874015
0
LINE
8
BLACK
6
CONTINUOUS
10
6.3959487401574799
20
-4.0993937007874015
11
6.3945816535433071
21
-4.1021279133858268
0
LINE
8
BLACK
6
CONTINUOUS
10
6.3945816535433071
20
-4.1021279133858268
11
6.3920305905511814
21
-4.1038122440944882
0
LINE
8
BLACK
6
CONTINUOUS
10
6.3920305905511814
20
-4.1038122440944882
11
6.3889791732283463
21
-4.1039953937007869
0
LINE
8
BLACK
6
CONTINUOUS
10
6.3889791732283463
20
-4.1039953937007869
11
6.386244960629921
21
-4.1026283070866141
0
LINE
8
BLACK
6
CONTINUOUS
10
6.386244960629921
20
-4.1026283070866141
11
6.3845606692913384
21
-4.1000772440944884
0
LINE
8
BLACK
6
CONTINUOUS
10
6.3845606692913384
20
-4.1000772440944884
11
6.380282401574803
21
-4.0872424015748035
0
LINE
8
BLACK
6
CONTINUOUS
10
6.380282401574803
20
-4.0872424015748035
11
6.3606737795275592
21
-4.0872424015748035
0
LINE
8
BLACK
6
CONTINUOUS
10
6.3606737795275592
20
-4.0872424015748035
11
6.356395472440945
21
-4.1000772440944884
0
LINE
8
BLACK
6
CONTINUOUS
10
6.356395472440945
20
-4.1000772440944884
11
6.3547111811023624
21
-4.1026282677165353
0
LINE
8
BLACK
6
CONTINUOUS
10
6.3547111811023624
20
-4.1026282677165353
11
6.3519769685039371
21
-4.1039953937007869
0
LINE
8
BLACK
6
CONTINUOUS
10
6.3519769685039371
20
-4.1039953937007869
11
6.348925551181102
21
-4.1038122047244094
0
LINE
8
BLACK
6
CONTINUOUS
10
6.348925551181102
20
-4.1038122047244094
11
6.3463745275590551
21
-4.1021279133858268
0
LINE
8
BLACK
6
CONTINUOUS
10
6.3463745275590551
20
-4.1021279133858268
11
6.3450074015748026
21
-4.0993937007874015
0
LINE
8
BLACK
6
CONTINUOUS
10
6.3450074015748026
20
-4.0993937007874015
11
6.345190590551181
21
-4.0963422834645664
0
LINE
8
BLACK
6
CONTINUOUS
10
6.345190590551181
20
-4.0963422834645664
11
6.3648756299212597
21
-4.0372871653543303
0
LINE
8
BLACK
6
CONTINUOUS
10
6.3648756299212597
20
-4.0372871653543303
11
6.3655290944881893
21
-4.0362973622047242
0
LINE
8
BLACK
6
CONTINUOUS
10
6.3655290944881893
20
-4.0362973622047242
11
6.3660595669291338
21
-4.0352364960629918
0
LINE
8
BLACK
6
CONTINUOUS
10
6.3660595669291338
20
-4.0352364960629918
11
6.3663608661417319
21
-4.035037519685039
0
LINE
8
BLACK
6
CONTINUOUS
10
6.3663608661417319
20
-4.035037519685039
11
6.3665599212598423
21
-4.0347361023622046
0
LINE
8
BLACK
6
CONTINUOUS
10
6.3665599212598423
20
-4.0347361023622046
11
6.3676209842519684
21
-4.0342055511811026
0
LINE
8
BLACK
6
CONTINUOUS
10
6.3676209842519684
20
-4.0342055511811026
11
6.3686105905511807
21
-4.0335522047244092
0
LINE
8
BLACK
6
CONTINUOUS
10
6.3686105905511807
20
-4.0335522047244092
11
6.3689710236220467
21
-4.0335305511811024
0
LINE
8
BLACK
6
CONTINUOUS
10
6.3689710236220467
20
-4.0335305511811024
11
6.3692941338582676
21
-4.0333690157480317
0
LINE
8
BLACK
6
CONTINUOUS
10
6.3692941338582676
20
-4.0333690157480317
11
6.370478188976378
21
-4.0334400787401572
0
LINE
8
BLACK
6
CONTINUOUS
10
6.370478188976378
20
-4.0334400787401572
11
6.3716620078740158
21
-4.0333690157480317
0
LINE
8
BLACK
6
CONTINUOUS
10
6.3716620078740158
20
-4.0333690157480317
11
6.3719849999999996
21
-4.0335305118110236
0
LINE
8
BLACK
6
CONTINUOUS
10
6.3646107874015749
20
-4.0754313779527562
11
6.3763453937007872
21
-4.0754313779527562
0
LINE
8
BLACK
6
CONTINUOUS
10
6.3763453937007872
20
-4.0754313779527562
11
6.3704780708661417
21
-4.0578294881889763
0
LINE
8
BLACK
6
CONTINUOUS
10
6.3704780708661417
20
-4.0578294881889763
11
6.3646107874015749
21
-4.0754313779527562
0
LINE
8
BLACK
6
CONTINUOUS
10
6.0342651574803146
20
-4.0348633070866144
11
6.035867283464567
21
-4.0374667716535431
0
LINE
8
BLACK
6
CONTINUOUS
10
6.035867283464567
20
-4.0374667716535431
11
6.0359530314960628
21
-4.0405224803149604
0
LINE
8
BLACK
6
CONTINUOUS
10
6.0359530314960628
20
-4.0405224803149604
11
6.0218922834645667
21
-4.0995775984251965
0
LINE
8
BLACK
6
CONTINUOUS
10
6.0218922834645667
20
-4.0995775984251965
11
6.0218498818897634
21
-4.0996559842519682
0
LINE
8
BLACK
6
CONTINUOUS
10
6.0218498818897634
20
-4.0996559842519682
11
6.0218498031496059
21
-4.0997450393700783
0
LINE
8
BLACK
6
CONTINUOUS
10
6.0218498031496059
20
-4.0997450393700783
11
6.0211260236220472
21
-4.1009951574803152
0
LINE
8
BLACK
6
CONTINUOUS
10
6.0211260236220472
20
-4.1009951574803152
11
6.0204387007874018
21
-4.1022668110236218
0
LINE
8
BLACK
6
CONTINUOUS
10
6.0204387007874018
20
-4.1022668110236218
11
6.0203627952755907
21
-4.1023135039370082
0
LINE
8
BLACK
6
CONTINUOUS
10
6.0203627952755907
20
-4.1023135039370082
11
6.0203181889763782
21
-4.102390590551181
0
LINE
8
BLACK
6
CONTINUOUS
10
6.0203181889763782
20
-4.102390590551181
11
6.0190662992125983
21
-4.1031113385826767
0
LINE
8
BLACK
6
CONTINUOUS
10
6.0190662992125983
20
-4.1031113385826767
11
6.0178352362204723
21
-4.1038689370078743
0
LINE
8
BLACK
6
CONTINUOUS
10
6.0178352362204723
20
-4.1038689370078743
11
6.0177461417322835
21
-4.1038714173228348
0
LINE
8
BLACK
6
CONTINUOUS
10
6.0177461417322835
20
-4.1038714173228348
11
6.0176689763779523
21
-4.1039158661417323
0
LINE
8
BLACK
6
CONTINUOUS
10
6.0176689763779523
20
-4.1039158661417323
11
6.0162245275590553
21
-4.1039141338582672
0
LINE
8
BLACK
6
CONTINUOUS
10
6.0162245275590553
20
-4.1039141338582672
11
6.014779527559055
21
-4.10395468503937
0
LINE
8
BLACK
6
CONTINUOUS
10
6.014779527559055
20
-4.10395468503937
11
6.0147011023622046
21
-4.1039122834645667
0
LINE
8
BLACK
6
CONTINUOUS
10
6.0147011023622046
20
-4.1039122834645667
11
6.0146120866141732
21
-4.1039122047244092
0
LINE
8
BLACK
6
CONTINUOUS
10
6.0146120866141732
20
-4.1039122047244092
11
6.0133619291338585
21
-4.1031884251968505
0
LINE
8
BLACK
6
CONTINUOUS
10
6.0133619291338585
20
-4.1031884251968505
11
6.0120903149606297
21
-4.1025011023622042
0
LINE
8
BLACK
6
CONTINUOUS
10
6.0120903149606297
20
-4.1025011023622042
11
6.0120435826771654
21
-4.102425196850394
0
LINE
8
BLACK
6
CONTINUOUS
10
6.0120435826771654
20
-4.102425196850394
11
6.0119665354330705
21
-4.1023805905511814
0
LINE
8
BLACK
6
CONTINUOUS
10
6.0119665354330705
20
-4.1023805905511814
11
6.011245748031496
21
-4.1011287007874015
0
LINE
8
BLACK
6
CONTINUOUS
10
6.011245748031496
20
-4.1011287007874015
11
6.0104881889763782
21
-4.0998976377952756
0
LINE
8
BLACK
6
CONTINUOUS
10
6.0104881889763782
20
-4.0998976377952756
11
6.0104856692913389
21
-4.0998085433070868
0
LINE
8
BLACK
6
CONTINUOUS
10
6.0104856692913389
20
-4.0998085433070868
11
6.0104412598425192
21
-4.0997313779527556
0
LINE
8
BLACK
6
CONTINUOUS
10
6.0104412598425192
20
-4.0997313779527556
11
6.00489874015748
21
-4.0789470078740155
0
LINE
8
BLACK
6
CONTINUOUS
10
6.00489874015748
20
-4.0789470078740155
11
5.9993562598425196
21
-4.0997313779527556
0
LINE
8
BLACK
6
CONTINUOUS
10
5.9993562598425196
20
-4.0997313779527556
11
5.9993118110236221
21
-4.0998085433070868
0
LINE
8
BLACK
6
CONTINUOUS
10
5.9993118110236221
20
-4.0998085433070868
11
5.9993093307086616
21
-4.0998976377952756
0
LINE
8
BLACK
6
CONTINUOUS
10
5.9993093307086616
20
-4.0998976377952756
11
5.9985517322834641
21
-4.1011287007874015
0
LINE
8
BLACK
6
CONTINUOUS
10
5.9985517322834641
20
-4.1011287007874015
11
5.9978309842519684
21
-4.1023805905511814
0
LINE
8
BLACK
6
CONTINUOUS
10
5.9978309842519684
20
-4.1023805905511814
11
5.9977538976377955
21
-4.102425196850394
0
LINE
8
BLACK
6
CONTINUOUS
10
5.9977538976377955
20
-4.102425196850394
11
5.9977072047244091
21
-4.1025011023622042
0
LINE
8
BLACK
6
CONTINUOUS
10
5.9977072047244091
20
-4.1025011023622042
11
5.9964355511811025
21
-4.1031884251968505
0
LINE
8
BLACK
6
CONTINUOUS
10
5.9964355511811025
20
-4.1031884251968505
11
5.9951854330708656
21
-4.1039122047244092
0
LINE
8
BLACK
6
CONTINUOUS
10
5.9951854330708656
20
-4.1039122047244092
11
5.9950963779527555
21
-4.1039122834645667
0
LINE
8
BLACK
6
CONTINUOUS
10
5.9950963779527555
20
-4.1039122834645667
11
5.9950179921259839
21
-4.10395468503937
0
LINE
8
BLACK
6
CONTINUOUS
10
5.9950179921259839
20
-4.10395468503937
11
5.9935729527559056
21
-4.1039141338582672
0
LINE
8
BLACK
6
CONTINUOUS
10
5.9935729527559056
20
-4.1039141338582672
11
5.9921285433070866
21
-4.1039158661417323
0
LINE
8
BLACK
6
CONTINUOUS
10
5.9921285433070866
20
-4.1039158661417323
11
5.9920513385826775
21
-4.1038714173228348
0
LINE
8
BLACK
6
CONTINUOUS
10
5.9920513385826775
20
-4.1038714173228348
11
5.9919622834645665
21
-4.1038689370078743
0
LINE
8
BLACK
6
CONTINUOUS
10
5.9919622834645665
20
-4.1038689370078743
11
5.9907311811023618
21
-4.1031113385826767
0
LINE
8
BLACK
6
CONTINUOUS
10
5.9907311811023618
20
-4.1031113385826767
11
5.9894793307086616
21
-4.102390590551181
0
LINE
8
BLACK
6
CONTINUOUS
10
5.9894793307086616
20
-4.102390590551181
11
5.9894346850393703
21
-4.1023135039370082
0
LINE
8
BLACK
6
CONTINUOUS
10
5.9894346850393703
20
-4.1023135039370082
11
5.9893588188976379
21
-4.1022668110236218
0
LINE
8
BLACK
6
CONTINUOUS
10
5.9893588188976379
20
-4.1022668110236218
11
5.9886714566929129
21
-4.1009951574803152
0
LINE
8
BLACK
6
CONTINUOUS
10
5.9886714566929129
20
-4.1009951574803152
11
5.9879477165354329
21
-4.0997450393700783
0
LINE
8
BLACK
6
CONTINUOUS
10
5.9879477165354329
20
-4.0997450393700783
11
5.9879475984251966
21
-4.0996559842519682
0
LINE
8
BLACK
6
CONTINUOUS
10
5.9879475984251966
20
-4.0996559842519682
11
5.9879052362204721
21
-4.0995775984251965
0
LINE
8
BLACK
6
CONTINUOUS
10
5.9879052362204721
20
-4.0995775984251965
11
5.9738444881889761
21
-4.0405224803149604
0
LINE
8
BLACK
6
CONTINUOUS
10
5.9738444881889761
20
-4.0405224803149604
11
5.9739302362204727
21
-4.0374667716535431
0
LINE
8
BLACK
6
CONTINUOUS
10
5.9739302362204727
20
-4.0374667716535431
11
5.9755323622047243
21
-4.0348633070866144
0
LINE
8
BLACK
6
CONTINUOUS
10
5.9755323622047243
20
-4.0348633070866144
11
5.9782215748031495
21
-4.0334097244094487
0
LINE
8
BLACK
6
CONTINUOUS
10
5.9782215748031495
20
-4.0334097244094487
11
5.9812772834645669
21
-4.0334954724409444
0
LINE
8
BLACK
6
CONTINUOUS
10
5.9812772834645669
20
-4.0334954724409444
11
5.9838807480314955
21
-4.0350975984251969
0
LINE
8
BLACK
6
CONTINUOUS
10
5.9838807480314955
20
-4.0350975984251969
11
5.9853343307086613
21
-4.0377868110236221
0
LINE
8
BLACK
6
CONTINUOUS
10
5.9853343307086613
20
-4.0377868110236221
11
5.9939742913385823
21
-4.0740746850393696
0
LINE
8
BLACK
6
CONTINUOUS
10
5.9939742913385823
20
-4.0740746850393696
11
5.9991926377952751
21
-4.0545059448818899
0
LINE
8
BLACK
6
CONTINUOUS
10
5.9991926377952751
20
-4.0545059448818899
11
5.9991962204724407
21
-4.0544996456692912
0
LINE
8
BLACK
6
CONTINUOUS
10
5.9991962204724407
20
-4.0544996456692912
11
5.9991962598425195
21
-4.0544922834645671
0
LINE
8
BLACK
6
CONTINUOUS
10
5.9991962598425195
20
-4.0544922834645671
11
5.9999621653543302
21
-4.0531693307086609
0
LINE
8
BLACK
6
CONTINUOUS
10
5.9999621653543302
20
-4.0531693307086609
11
6.0007179133858264
21
-4.0518567322834649
0
LINE
8
BLACK
6
CONTINUOUS
10
6.0007179133858264
20
-4.0518567322834649
11
6.000724212598425
21
-4.051853031496063
0
LINE
8
BLACK
6
CONTINUOUS
10
6.000724212598425
20
-4.051853031496063
11
6.0007279133858269
21
-4.0518467322834644
0
LINE
8
BLACK
6
CONTINUOUS
10
6.0007279133858269
20
-4.0518467322834644
11
6.0020502362204722
21
-4.0510853543307084
0
LINE
8
BLACK
6
CONTINUOUS
10
6.0020502362204722
20
-4.0510853543307084
11
6.0033634645669292
21
-4.0503251181102362
0
LINE
8
BLACK
6
CONTINUOUS
10
6.0033634645669292
20
-4.0503251181102362
11
6.003370708661417
21
-4.0503250787401575
0
LINE
8
BLACK
6
CONTINUOUS
10
6.003370708661417
20
-4.0503250787401575
11
6.0033770866141731
21
-4.0503214566929131
0
LINE
8
BLACK
6
CONTINUOUS
10
6.0033770866141731
20
-4.0503214566929131
11
6.0049069291338579
21
-4.0503232677165357
0
LINE
8
BLACK
6
CONTINUOUS
10
6.0049069291338579
20
-4.0503232677165357
11
6.0064203543307082
21
-4.0503214566929131
0
LINE
8
BLACK
6
CONTINUOUS
10
6.0064203543307082
20
-4.0503214566929131
11
6.0064266141732281
21
-4.0503250393700787
0
LINE
8
BLACK
6
CONTINUOUS
10
6.0064266141732281
20
-4.0503250393700787
11
6.0064340157480309
21
-4.0503250787401575
0
LINE
8
BLACK
6
CONTINUOUS
10
6.0064340157480309
20
-4.0503250787401575
11
6.0077569291338584
21
-4.0510909842519682
0
LINE
8
BLACK
6
CONTINUOUS
10
6.0077569291338584
20
-4.0510909842519682
11
6.0090695669291341
21
-4.0518467322834644
0
LINE
8
BLACK
6
CONTINUOUS
10
6.0090695669291341
20
-4.0518467322834644
11
6.0090732283464563
21
-4.051853031496063
0
LINE
8
BLACK
6
CONTINUOUS
10
6.0090732283464563
20
-4.051853031496063
11
6.0090795669291337
21
-4.0518567322834649
0
LINE
8
BLACK
6
CONTINUOUS
10
6.0090795669291337
20
-4.0518567322834649
11
6.0098409055118109
21
-4.0531790551181102
0
LINE
8
BLACK
6
CONTINUOUS
10
6.0098409055118109
20
-4.0531790551181102
11
6.0106011811023619
21
-4.0544922834645671
0
LINE
8
BLACK
6
CONTINUOUS
10
6.0106011811023619
20
-4.0544922834645671
11
6.0106011811023619
21
-4.054499527559055
0
LINE
8
BLACK
6
CONTINUOUS
10
6.0106011811023619
20
-4.054499527559055
11
6.010604842519685
21
-4.0545059055118111
0
LINE
8
BLACK
6
CONTINUOUS
10
6.010604842519685
20
-4.0545059055118111
11
6.0158231889763778
21
-4.0740746850393696
0
LINE
8
BLACK
6
CONTINUOUS
10
6.0158231889763778
20
-4.0740746850393696
11
6.0244631889763776
21
-4.0377868110236221
0
LINE
8
BLACK
6
CONTINUOUS
10
6.0244631889763776
20
-4.0377868110236221
11
6.0259167716535433
21
-4.0350975984251969
0
LINE
8
BLACK
6
CONTINUOUS
10
6.0259167716535433
20
-4.0350975984251969
11
6.028520236220472
21
-4.0334954724409444
0
LINE
8
BLACK
6
CONTINUOUS
10
6.028520236220472
20
-4.0334954724409444
11
6.0315759448818893
21
-4.0334097244094487
0
LINE
8
BLACK
6
CONTINUOUS
10
6.0315759448818893
20
-4.0334097244094487
11
6.0342651574803146
21
-4.0348633070866144
0
LINE
8
BLACK
6
CONTINUOUS
10
6.7396503543307089
20
-4.0521421259842523
11
6.7403411811023624
21
-4.0540401181102359
0
LINE
8
BLACK
6
CONTINUOUS
10
6.7403411811023624
20
-4.0540401181102359
11
6.7403411811023624
21
-4.0821615748031492
0
LINE
8
BLACK
6
CONTINUOUS
10
6.7403411811023624
20
-4.0821615748031492
11
6.7401878740157475
21
-4.08303094488189
0
LINE
8
BLACK
6
CONTINUOUS
10
6.7401878740157475
20
-4.08303094488189
11
6.7401896456692914
21
-4.0830953543307089
0
LINE
8
BLACK
6
CONTINUOUS
10
6.7401896456692914
20
-4.0830953543307089
11
6.7383148818897638
21
-4.0887196062992128
0
LINE
8
BLACK
6
CONTINUOUS
10
6.7383148818897638
20
-4.0887196062992128
11
6.7378265748031492
21
-4.0896213779527555
0
LINE
8
BLACK
6
CONTINUOUS
10
6.7378265748031492
20
-4.0896213779527555
11
6.737676181102362
21
-4.0897137401574799
0
LINE
8
BLACK
6
CONTINUOUS
10
6.737676181102362
20
-4.0897137401574799
11
6.7376016141732284
21
-4.0898737401574801
0
LINE
8
BLACK
6
CONTINUOUS
10
6.7376016141732284
20
-4.0898737401574801
11
6.7338520472440946
21
-4.0936233464566927
0
LINE
8
BLACK
6
CONTINUOUS
10
6.7338520472440946
20
-4.0936233464566927
11
6.7330120078740157
21
-4.0942115354330708
0
LINE
8
BLACK
6
CONTINUOUS
10
6.7330120078740157
20
-4.0942115354330708
11
6.7328361417322835
21
-4.094226889763779
0
LINE
8
BLACK
6
CONTINUOUS
10
6.7328361417322835
20
-4.094226889763779
11
6.7326978740157477
21
-4.0943366535433068
0
LINE
8
BLACK
6
CONTINUOUS
10
6.7326978740157477
20
-4.0943366535433068
11
6.727073582677165
21
-4.0962114173228343
0
LINE
8
BLACK
6
CONTINUOUS
10
6.727073582677165
20
-4.0962114173228343
11
6.726200393700787
21
-4.0963408661417322
0
LINE
8
BLACK
6
CONTINUOUS
10
6.726200393700787
20
-4.0963408661417322
11
6.726139842519685
21
-4.0963629527559053
0
LINE
8
BLACK
6
CONTINUOUS
10
6.726139842519685
20
-4.0963629527559053
11
6.7223903149606299
21
-4.0963629527559053
0
LINE
8
BLACK
6
CONTINUOUS
10
6.7223903149606299
20
-4.0963629527559053
11
6.7213803937007874
21
-4.0961848818897639
0
LINE
8
BLACK
6
CONTINUOUS
10
6.7213803937007874
20
-4.0961848818897639
11
6.7198331496062993
21
-4.0948865748031498
0
LINE
8
BLACK
6
CONTINUOUS
10
6.7198331496062993
20
-4.0948865748031498
11
6.7194824015748029
21
-4.0928974409448822
0
LINE
8
BLACK
6
CONTINUOUS
10
6.7194824015748029
20
-4.0928974409448822
11
6.7204923228346454
21
-4.0911482677165356
0
LINE
8
BLACK
6
CONTINUOUS
10
6.7204923228346454
20
-4.0911482677165356
11
6.7223903149606299
21
-4.0904574409448822
0
LINE
8
BLACK
6
CONTINUOUS
10
6.7223903149606299
20
-4.0904574409448822
11
6.7256607086614171
21
-4.0904574409448822
0
LINE
8
BLACK
6
CONTINUOUS
10
6.7256607086614171
20
-4.0904574409448822
11
6.7301690944881889
21
-4.0889546062992128
0
LINE
8
BLACK
6
CONTINUOUS
10
6.7301690944881889
20
-4.0889546062992128
11
6.7329328346456689
21
-4.0861908267716531
0
LINE
8
BLACK
6
CONTINUOUS
10
6.7329328346456689
20
-4.0861908267716531
11
6.7344356692913383
21
-4.0816824409448822
0
LINE
8
BLACK
6
CONTINUOUS
10
6.7344356692913383
20
-4.0816824409448822
11
6.7344356692913383
21
-4.0540401181102359
0
LINE
8
BLACK
6
CONTINUOUS
10
6.7344356692913383
20
-4.0540401181102359
11
6.7346137401574806
21
-4.0530301968503935
0
LINE
8
BLACK
6
CONTINUOUS
10
6.7346137401574806
20
-4.0530301968503935
11
6.7359120472440948
21
-4.0514829527559053
0
LINE
8
BLACK
6
CONTINUOUS
10
6.7359120472440948
20
-4.0514829527559053
11
6.7379011811023624
21
-4.0511322047244089
0
LINE
8
BLACK
6
CONTINUOUS
10
6.7379011811023624
20
-4.0511322047244089
11
6.7396503543307089
21
-4.0521421259842523
0
LINE
8
BLACK
6
CONTINUOUS
10
6.77026937007874
20
-4.0512654330708662
11
6.7704046062992127
21
-4.0513788976377949
0
LINE
8
BLACK
6
CONTINUOUS
10
6.7704046062992127
20
-4.0513788976377949
11
6.7705799606299211
21
-4.0513990944881888
0
LINE
8
BLACK
6
CONTINUOUS
10
6.7705799606299211
20
-4.0513990944881888
11
6.7743294881889762
21
-4.0532738582677164
0
LINE
8
BLACK
6
CONTINUOUS
10
6.7743294881889762
20
-4.0532738582677164
11
6.7750385433070868
21
-4.0537997637795273
0
LINE
8
BLACK
6
CONTINUOUS
10
6.7750385433070868
20
-4.0537997637795273
11
6.7750968897637796
21
-4.0538269685039365
0
LINE
8
BLACK
6
CONTINUOUS
10
6.7750968897637796
20
-4.0538269685039365
11
6.7769716535433071
21
-4.0557017322834641
0
LINE
8
BLACK
6
CONTINUOUS
10
6.7769716535433071
20
-4.0557017322834641
11
6.7774779133858267
21
-4.0564248031496062
0
LINE
8
BLACK
6
CONTINUOUS
10
6.7774779133858267
20
-4.0564248031496062
11
6.7775247637795273
21
-4.0564691338582675
0
LINE
8
BLACK
6
CONTINUOUS
10
6.7775247637795273
20
-4.0564691338582675
11
6.7793995275590548
21
-4.0602186614173226
0
LINE
8
BLACK
6
CONTINUOUS
10
6.7793995275590548
20
-4.0602186614173226
11
6.7796918897637797
21
-4.0612015748031496
0
LINE
8
BLACK
6
CONTINUOUS
10
6.7796918897637797
20
-4.0612015748031496
11
6.7796508661417318
21
-4.0613732677165357
0
LINE
8
BLACK
6
CONTINUOUS
10
6.7796508661417318
20
-4.0613732677165357
11
6.7797112598425198
21
-4.0615391732283461
0
LINE
8
BLACK
6
CONTINUOUS
10
6.7797112598425198
20
-4.0615391732283461
11
6.7797112598425198
21
-4.0634139370078737
0
LINE
8
BLACK
6
CONTINUOUS
10
6.7797112598425198
20
-4.0634139370078737
11
6.7795331889763775
21
-4.0644238582677161
0
LINE
8
BLACK
6
CONTINUOUS
10
6.7795331889763775
20
-4.0644238582677161
11
6.77941968503937
21
-4.0645590944881889
0
LINE
8
BLACK
6
CONTINUOUS
10
6.77941968503937
20
-4.0645590944881889
11
6.7793995275590548
21
-4.0647344488188972
0
LINE
8
BLACK
6
CONTINUOUS
10
6.7793995275590548
20
-4.0647344488188972
11
6.7775247637795273
21
-4.0684839763779523
0
LINE
8
BLACK
6
CONTINUOUS
10
6.7775247637795273
20
-4.0684839763779523
11
6.7769988582677163
21
-4.0691930314960629
0
LINE
8
BLACK
6
CONTINUOUS
10
6.7769988582677163
20
-4.0691930314960629
11
6.7769716535433071
21
-4.0692513779527557
0
LINE
8
BLACK
6
CONTINUOUS
10
6.7769716535433071
20
-4.0692513779527557
11
6.7753100393700789
21
-4.0709129921259839
0
LINE
8
BLACK
6
CONTINUOUS
10
6.7753100393700789
20
-4.0709129921259839
11
6.7769716535433071
21
-4.0725746062992121
0
LINE
8
BLACK
6
CONTINUOUS
10
6.7769716535433071
20
-4.0725746062992121
11
6.7774779133858267
21
-4.0732976771653542
0
LINE
8
BLACK
6
CONTINUOUS
10
6.7774779133858267
20
-4.0732976771653542
11
6.7775247637795273
21
-4.0733420078740155
0
LINE
8
BLACK
6
CONTINUOUS
10
6.7775247637795273
20
-4.0733420078740155
11
6.7793995275590548
21
-4.0770915354330706
0
LINE
8
BLACK
6
CONTINUOUS
10
6.7793995275590548
20
-4.0770915354330706
11
6.7796918897637797
21
-4.0780744488188976
0
LINE
8
BLACK
6
CONTINUOUS
10
6.7796918897637797
20
-4.0780744488188976
11
6.7796508661417318
21
-4.0782461417322837
0
LINE
8
BLACK
6
CONTINUOUS
10
6.7796508661417318
20
-4.0782461417322837
11
6.7797112598425198
21
-4.0784120472440941
0
LINE
8
BLACK
6
CONTINUOUS
10
6.7797112598425198
20
-4.0784120472440941
11
6.7797112598425198
21
-4.0859111023622043
0
LINE
8
BLACK
6
CONTINUOUS
10
6.7797112598425198
20
-4.0859111023622043
11
6.7795331889763775
21
-4.0869210236220468
0
LINE
8
BLACK
6
CONTINUOUS
10
6.7795331889763775
20
-4.0869210236220468
11
6.77941968503937
21
-4.0870562598425195
0
LINE
8
BLACK
6
CONTINUOUS
10
6.77941968503937
20
-4.0870562598425195
11
6.7793995275590548
21
-4.0872316141732279
0
LINE
8
BLACK
6
CONTINUOUS
10
6.7793995275590548
20
-4.0872316141732279
11
6.7775247637795273
21
-4.090981141732283
0
LINE
8
BLACK
6
CONTINUOUS
10
6.7775247637795273
20
-4.090981141732283
11
6.7769988188976376
21
-4.0916901968503936
0
LINE
8
BLACK
6
CONTINUOUS
10
6.7769988188976376
20
-4.0916901968503936
11
6.7769716535433071
21
-4.0917485433070864
0
LINE
8
BLACK
6
CONTINUOUS
10
6.7769716535433071
20
-4.0917485433070864
11
6.7750969291338583
21
-4.0936233070866139
0
LINE
8
BLACK
6
CONTINUOUS
10
6.7750969291338583
20
-4.0936233070866139
11
6.77437374015748
21
-4.0941296850393698
0
LINE
8
BLACK
6
CONTINUOUS
10
6.77437374015748
20
-4.0941296850393698
11
6.7743294881889762
21
-4.0941764566929129
0
LINE
8
BLACK
6
CONTINUOUS
10
6.7743294881889762
20
-4.0941764566929129
11
6.7705799606299211
21
-4.0960512204724404
0
LINE
8
BLACK
6
CONTINUOUS
10
6.7705799606299211
20
-4.0960512204724404
11
6.7695970078740153
21
-4.0963435826771653
0
LINE
8
BLACK
6
CONTINUOUS
10
6.7695970078740153
20
-4.0963435826771653
11
6.76942531496063
21
-4.0963025590551183
0
LINE
8
BLACK
6
CONTINUOUS
10
6.76942531496063
20
-4.0963025590551183
11
6.7692594488188975
21
-4.0963629527559053
0
LINE
8
BLACK
6
CONTINUOUS
10
6.7692594488188975
20
-4.0963629527559053
11
6.7617603937007873
21
-4.0963629527559053
0
LINE
8
BLACK
6
CONTINUOUS
10
6.7617603937007873
20
-4.0963629527559053
11
6.7607504724409448
21
-4.0961848818897639
0
LINE
8
BLACK
6
CONTINUOUS
10
6.7607504724409448
20
-4.0961848818897639
11
6.7606151968503934
21
-4.0960713779527556
0
LINE
8
BLACK
6
CONTINUOUS
10
6.7606151968503934
20
-4.0960713779527556
11
6.7604398818897637
21
-4.0960512204724404
0
LINE
8
BLACK
6
CONTINUOUS
10
6.7604398818897637
20
-4.0960512204724404
11
6.7566903543307086
21
-4.0941764566929129
0
LINE
8
BLACK
6
CONTINUOUS
10
6.7566903543307086
20
-4.0941764566929129
11
6.7559812204724405
21
-4.0936504724409444
0
LINE
8
BLACK
6
CONTINUOUS
10
6.7559812204724405
20
-4.0936504724409444
11
6.7559229133858265
21
-4.0936233070866139
0
LINE
8
BLACK
6
CONTINUOUS
10
6.7559229133858265
20
-4.0936233070866139
11
6.754048149606299
21
-4.0917485039370076
0
LINE
8
BLACK
6
CONTINUOUS
10
6.754048149606299
20
-4.0917485039370076
11
6.7535418503937006
21
-4.0910254330708664
0
LINE
8
BLACK
6
CONTINUOUS
10
6.7535418503937006
20
-4.0910254330708664
11
6.7534950787401575
21
-4.090981141732283
0
LINE
8
BLACK
6
CONTINUOUS
10
6.7534950787401575
20
-4.090981141732283
11
6.75162031496063
21
-4.0872316141732279
0
LINE
8
BLACK
6
CONTINUOUS
10
6.75162031496063
20
-4.0872316141732279
11
6.7513279527559051
21
-4.086248661417323
0
LINE
8
BLACK
6
CONTINUOUS
10
6.7513279527559051
20
-4.086248661417323
11
6.7513689370078742
21
-4.0860769685039369
0
LINE
8
BLACK
6
CONTINUOUS
10
6.7513689370078742
20
-4.0860769685039369
11
6.751308582677165
21
-4.0859111023622043
0
LINE
8
BLACK
6
CONTINUOUS
10
6.751308582677165
20
-4.0859111023622043
11
6.751308582677165
21
-4.0784120472440941
0
LINE
8
BLACK
6
CONTINUOUS
10
6.751308582677165
20
-4.0784120472440941
11
6.7514866535433073
21
-4.0774021259842517
0
LINE
8
BLACK
6
CONTINUOUS
10
6.7514866535433073
20
-4.0774021259842517
11
6.7516001181102361
21
-4.0772668503937011
0
LINE
8
BLACK
6
CONTINUOUS
10
6.7516001181102361
20
-4.0772668503937011
11
6.75162031496063
21
-4.0770915354330706
0
LINE
8
BLACK
6
CONTINUOUS
10
6.75162031496063
20
-4.0770915354330706
11
6.7534950787401575
21
-4.0733420078740155
0
LINE
8
BLACK
6
CONTINUOUS
10
6.7534950787401575
20
-4.0733420078740155
11
6.7540209842519685
21
-4.072632913385827
0
LINE
8
BLACK
6
CONTINUOUS
10
6.7540209842519685
20
-4.072632913385827
11
6.7540481889763777
21
-4.0725746062992121
0
LINE
8
BLACK
6
CONTINUOUS
10
6.7540481889763777
20
-4.0725746062992121
11
6.7557098031496059
21
-4.0709129921259839
0
LINE
8
BLACK
6
CONTINUOUS
10
6.7557098031496059
20
-4.0709129921259839
11
6.7540481889763777
21
-4.0692513779527557
0
LINE
8
BLACK
6
CONTINUOUS
10
6.7540481889763777
20
-4.0692513779527557
11
6.7535418897637793
21
-4.0685282677165358
0
LINE
8
BLACK
6
CONTINUOUS
10
6.7535418897637793
20
-4.0685282677165358
11
6.7534950787401575
21
-4.0684839763779523
0
LINE
8
BLACK
6
CONTINUOUS
10
6.7534950787401575
20
-4.0684839763779523
11
6.75162031496063
21
-4.0647344488188972
0
LINE
8
BLACK
6
CONTINUOUS
10
6.75162031496063
20
-4.0647344488188972
11
6.7513279527559051
21
-4.0637514960629924
0
LINE
8
BLACK
6
CONTINUOUS
10
6.7513279527559051
20
-4.0637514960629924
11
6.7513689370078742
21
-4.0635798031496062
0
LINE
8
BLACK
6
CONTINUOUS
10
6.7513689370078742
20
-4.0635798031496062
11
6.751308582677165
21
-4.0634139370078737
0
LINE
8
BLACK
6
CONTINUOUS
10
6.751308582677165
20
-4.0634139370078737
11
6.751308582677165
21
-4.0615391732283461
0
LINE
8
BLACK
6
CONTINUOUS
10
6.751308582677165
20
-4.0615391732283461
11
6.7514866535433073
21
-4.0605292519685037
0
LINE
8
BLACK
6
CONTINUOUS
10
6.7514866535433073
20
-4.0605292519685037
11
6.7516001181102361
21
-4.0603939763779531
0
LINE
8
BLACK
6
CONTINUOUS
10
6.7516001181102361
20
-4.0603939763779531
11
6.75162031496063
21
-4.0602186614173226
0
LINE
8
BLACK
6
CONTINUOUS
10
6.75162031496063
20
-4.0602186614173226
11
6.7534950787401575
21
-4.0564691338582675
0
LINE
8
BLACK
6
CONTINUOUS
10
6.7534950787401575
20
-4.0564691338582675
11
6.7540209842519685
21
-4.055760039370079
0
LINE
8
BLACK
6
CONTINUOUS
10
6.7540209842519685
20
-4.055760039370079
11
6.7540481889763777
21
-4.0557017322834641
0
LINE
8
BLACK
6
CONTINUOUS
10
6.7540481889763777
20
-4.0557017322834641
11
6.7559229527559053
21
-4.0538269685039365
0
LINE
8
BLACK
6
CONTINUOUS
10
6.7559229527559053
20
-4.0538269685039365
11
6.7566460236220474
21
-4.0533206692913382
0
LINE
8
BLACK
6
CONTINUOUS
10
6.7566460236220474
20
-4.0533206692913382
11
6.7566903543307086
21
-4.0532738582677164
0
LINE
8
BLACK
6
CONTINUOUS
10
6.7566903543307086
20
-4.0532738582677164
11
6.7604398818897637
21
-4.0513990944881888
0
LINE
8
BLACK
6
CONTINUOUS
10
6.7604398818897637
20
-4.0513990944881888
11
6.7614227952755908
21
-4.0511067322834649
0
LINE
8
BLACK
6
CONTINUOUS
10
6.7614227952755908
20
-4.0511067322834649
11
6.761594488188976
21
-4.051147716535433
0
LINE
8
BLACK
6
CONTINUOUS
10
6.761594488188976
20
-4.051147716535433
11
6.7617603937007873
21
-4.0510873622047239
0
LINE
8
BLACK
6
CONTINUOUS
10
6.7617603937007873
20
-4.0510873622047239
11
6.7692594488188975
21
-4.0510873622047239
0
LINE
8
BLACK
6
CONTINUOUS
10
6.7692594488188975
20
-4.0510873622047239
11
6.77026937007874
21
-4.0512654330708662
0
LINE
8
BLACK
6
CONTINUOUS
10
6.7597599606299212
20
-4.0752144881889762
11
6.7585628346456694
21
-4.0764116141732281
0
LINE
8
BLACK
6
CONTINUOUS
10
6.7585628346456694
20
-4.0764116141732281
11
6.7572140944881891
21
-4.0791090944881887
0
LINE
8
BLACK
6
CONTINUOUS
10
6.7572140944881891
20
-4.0791090944881887
11
6.7572140944881891
21
-4.0852140551181098
0
LINE
8
BLACK
6
CONTINUOUS
10
6.7572140944881891
20
-4.0852140551181098
11
6.7585628346456694
21
-4.0879115354330704
0
LINE
8
BLACK
6
CONTINUOUS
10
6.7585628346456694
20
-4.0879115354330704
11
6.7597599606299212
21
-4.0891087007874019
0
LINE
8
BLACK
6
CONTINUOUS
10
6.7597599606299212
20
-4.0891087007874019
11
6.7624574409448819
21
-4.0904574409448822
0
LINE
8
BLACK
6
CONTINUOUS
10
6.7624574409448819
20
-4.0904574409448822
11
6.7685624015748029
21
-4.0904574409448822
0
LINE
8
BLACK
6
CONTINUOUS
10
6.7685624015748029
20
-4.0904574409448822
11
6.7712598425196848
21
-4.0891087007874019
0
LINE
8
BLACK
6
CONTINUOUS
10
6.7712598425196848
20
-4.0891087007874019
11
6.7724569685039366
21
-4.0879115354330704
0
LINE
8
BLACK
6
CONTINUOUS
10
6.7724569685039366
20
-4.0879115354330704
11
6.7738057480314957
21
-4.0852140551181098
0
LINE
8
BLACK
6
CONTINUOUS
10
6.7738057480314957
20
-4.0852140551181098
11
6.7738057480314957
21
-4.0791090944881887
0
LINE
8
BLACK
6
CONTINUOUS
10
6.7738057480314957
20
-4.0791090944881887
11
6.7724570078740154
21
-4.0764116141732281
0
LINE
8
BLACK
6
CONTINUOUS
10
6.7724570078740154
20
-4.0764116141732281
11
6.7712598818897636
21
-4.0752144881889762
0
LINE
8
BLACK
6
CONTINUOUS
10
6.7712598818897636
20
-4.0752144881889762
11
6.7685624015748029
21
-4.0738657480314959
0
LINE
8
BLACK
6
CONTINUOUS
10
6.7685624015748029
20
-4.0738657480314959
11
6.7624574409448819
21
-4.0738657480314959
0
LINE
8
BLACK
6
CONTINUOUS
10
6.7624574409448819
20
-4.0738657480314959
11
6.7597599606299212
21
-4.0752144881889762
0
LINE
8
BLACK
6
CONTINUOUS
10
6.7597599606299212
20
-4.0583416141732283
11
6.7585628346456694
21
-4.0595387401574801
0
LINE
8
BLACK
6
CONTINUOUS
10
6.7585628346456694
20
-4.0595387401574801
11
6.7572140944881891
21
-4.0622362204724407
0
LINE
8
BLACK
6
CONTINUOUS
10
6.7572140944881891
20
-4.0622362204724407
11
6.7572140944881891
21
-4.0627168897637791
0
LINE
8
BLACK
6
CONTINUOUS
10
6.7572140944881891
20
-4.0627168897637791
11
6.7585628346456694
21
-4.0654143700787397
0
LINE
8
BLACK
6
CONTINUOUS
10
6.7585628346456694
20
-4.0654143700787397
11
6.7597599606299212
21
-4.0666114960629924
0
LINE
8
BLACK
6
CONTINUOUS
10
6.7597599606299212
20
-4.0666114960629924
11
6.7624574409448819
21
-4.0679602362204728
0
LINE
8
BLACK
6
CONTINUOUS
10
6.7624574409448819
20
-4.0679602362204728
11
6.7685624015748029
21
-4.0679602362204728
0
LINE
8
BLACK
6
CONTINUOUS
10
6.7685624015748029
20
-4.0679602362204728
11
6.7712598818897636
21
-4.0666114960629924
0
LINE
8
BLACK
6
CONTINUOUS
10
6.7712598818897636
20
-4.0666114960629924
11
6.7724570078740154
21
-4.0654143700787397
0
LINE
8
BLACK
6
CONTINUOUS
10
6.7724570078740154
20
-4.0654143700787397
11
6.7738057480314957
21
-4.0627168897637791
0
LINE
8
BLACK
6
CONTINUOUS
10
6.7738057480314957
20
-4.0627168897637791
11
6.7738057480314957
21
-4.0622362204724407
0
LINE
8
BLACK
6
CONTINUOUS
10
6.7738057480314957
20
-4.0622362204724407
11
6.7724570078740154
21
-4.0595387401574801
0
LINE
8
BLACK
6
CONTINUOUS
10
6.7724570078740154
20
-4.0595387401574801
11
6.7712598818897636
21
-4.0583416141732283
0
LINE
8
BLACK
6
CONTINUOUS
10
6.7712598818897636
20
-4.0583416141732283
11
6.7685624015748029
21
-4.0569928740157479
0
LINE
8
BLACK
6
CONTINUOUS
10
6.7685624015748029
20
-4.0569928740157479
11
6.7624574409448819
21
-4.0569928740157479
0
LINE
8
BLACK
6
CONTINUOUS
10
6.7624574409448819
20
-4.0569928740157479
11
6.7597599606299212
21
-4.0583416141732283
0
LINE
8
BLACK
6
CONTINUOUS
10
5.5715522047244095
20
-4.0048336220472436
11
5.5722440944881892
21
-4.0065039370078743
0
LINE
8
BLACK
6
CONTINUOUS
10
5.5722440944881892
20
-4.0065039370078743
11
5.5715522047244095
21
-4.0081742519685042
0
LINE
8
BLACK
6
CONTINUOUS
10
5.5715522047244095
20
-4.0081742519685042
11
5.5698818897637796
21
-4.0088661417322831
0
LINE
8
BLACK
6
CONTINUOUS
10
5.5698818897637796
20
-4.0088661417322831
11
5.4911417322834648
21
-4.0088661417322831
0
LINE
8
BLACK
6
CONTINUOUS
10
5.4911417322834648
20
-4.0088661417322831
11
5.4894714173228349
21
-4.0081742519685042
0
LINE
8
BLACK
6
CONTINUOUS
10
5.4894714173228349
20
-4.0081742519685042
11
5.4887795275590552
21
-4.0065039370078743
0
LINE
8
BLACK
6
CONTINUOUS
10
5.4887795275590552
20
-4.0065039370078743
11
5.4894714173228349
21
-4.0048336220472436
0
LINE
8
BLACK
6
CONTINUOUS
10
5.4894714173228349
20
-4.0048336220472436
11
5.4911417322834648
21
-4.0041417322834647
0
LINE
8
BLACK
6
CONTINUOUS
10
5.4911417322834648
20
-4.0041417322834647
11
5.5698818897637796
21
-4.0041417322834647
0
LINE
8
BLACK
6
CONTINUOUS
10
5.5698818897637796
20
-4.0041417322834647
11
5.5715522047244095
21
-4.0048336220472436
0
LINE
8
BLACK
6
CONTINUOUS
10
6.6715522047244091
20
-4.0048336220472436
11
6.6722440944881889
21
-4.0065039370078743
0
LINE
8
BLACK
6
CONTINUOUS
10
6.6722440944881889
20
-4.0065039370078743
11
6.6715522047244091
21
-4.0081742519685042
0
LINE
8
BLACK
6
CONTINUOUS
10
6.6715522047244091
20
-4.0081742519685042
11
6.6698818897637793
21
-4.0088661417322831
0
LINE
8
BLACK
6
CONTINUOUS
10
6.6698818897637793
20
-4.0088661417322831
11
6.5911417322834644
21
-4.0088661417322831
0
LINE
8
BLACK
6
CONTINUOUS
10
6.5911417322834644
20
-4.0088661417322831
11
6.5894714173228346
21
-4.0081742519685042
0
LINE
8
BLACK
6
CONTINUOUS
10
6.5894714173228346
20
-4.0081742519685042
11
6.5887795275590548
21
-4.0065039370078743
0
LINE
8
BLACK
6
CONTINUOUS
10
6.5887795275590548
20
-4.0065039370078743
11
6.5894714173228346
21
-4.0048336220472436
0
LINE
8
BLACK
6
CONTINUOUS
10
6.5894714173228346
20
-4.0048336220472436
11
6.5911417322834644
21
-4.0041417322834647
0
LINE
8
BLACK
6
CONTINUOUS
10
6.5911417322834644
20
-4.0041417322834647
11
6.6698818897637793
21
-4.0041417322834647
0
LINE
8
BLACK
6
CONTINUOUS
10
6.6698818897637793
20
-4.0041417322834647
11
6.6715522047244091
21
-4.0048336220472436
0
LINE
8
BLACK
6
CONTINUOUS
10
6.8185220866141734
20
-3.9570561811023621
11
6.8194196456692913
21
-3.9571913779527557
0
LINE
8
BLACK
6
CONTINUOUS
10
6.8194196456692913
20
-3.9571913779527557
11
6.8242940157480314
21
-3.9596285433070864
0
LINE
8
BLACK
6
CONTINUOUS
10
6.8242940157480314
20
-3.9596285433070864
11
6.8247486220472435
21
-3.9600762992125982
0
LINE
8
BLACK
6
CONTINUOUS
10
6.8247486220472435
20
-3.9600762992125982
11
6.8253172440944878
21
-3.960366023622047
0
LINE
8
BLACK
6
CONTINUOUS
10
6.8253172440944878
20
-3.960366023622047
11
6.8277544488188973
21
-3.9628032283464565
0
LINE
8
BLACK
6
CONTINUOUS
10
6.8277544488188973
20
-3.9628032283464565
11
6.8280441338582678
21
-3.963371811023622
0
LINE
8
BLACK
6
CONTINUOUS
10
6.8280441338582678
20
-3.963371811023622
11
6.8284919291338584
21
-3.9638264566929133
0
LINE
8
BLACK
6
CONTINUOUS
10
6.8284919291338584
20
-3.9638264566929133
11
6.8309291338582678
21
-3.9687008661417322
0
LINE
8
BLACK
6
CONTINUOUS
10
6.8309291338582678
20
-3.9687008661417322
11
6.8310642913385822
21
-3.9695983858267714
0
LINE
8
BLACK
6
CONTINUOUS
10
6.8310642913385822
20
-3.9695983858267714
11
6.8312785433070866
21
-3.9702577952755904
0
LINE
8
BLACK
6
CONTINUOUS
10
6.8312785433070866
20
-3.9702577952755904
11
6.8495219685039368
21
-3.9574874409448819
0
LINE
8
BLACK
6
CONTINUOUS
10
6.8495219685039368
20
-3.9574874409448819
11
6.8518489370078735
21
-3.9567763385826771
0
LINE
8
BLACK
6
CONTINUOUS
10
6.8518489370078735
20
-3.9567763385826771
11
6.854149488188976
21
-3.9575688582677166
0
LINE
8
BLACK
6
CONTINUOUS
10
6.854149488188976
20
-3.9575688582677166
11
6.8555448425196852
21
-3.9595622047244095
0
LINE
8
BLACK
6
CONTINUOUS
10
6.8555448425196852
20
-3.9595622047244095
11
6.8555020472440944
21
-3.9619950393700787
0
LINE
8
BLACK
6
CONTINUOUS
10
6.8555020472440944
20
-3.9619950393700787
11
6.8540374015748027
21
-3.9639380708661416
0
LINE
8
BLACK
6
CONTINUOUS
10
6.8540374015748027
20
-3.9639380708661416
11
6.8313447637795273
21
-3.9798229133858265
0
LINE
8
BLACK
6
CONTINUOUS
10
6.8313447637795273
20
-3.9798229133858265
11
6.8313447637795273
21
-3.9860220866141733
0
LINE
8
BLACK
6
CONTINUOUS
10
6.8313447637795273
20
-3.9860220866141733
11
6.8517796850393697
21
-3.9860220866141733
0
LINE
8
BLACK
6
CONTINUOUS
10
6.8517796850393697
20
-3.9860220866141733
11
6.8540938188976375
21
-3.9867739763779526
0
LINE
8
BLACK
6
CONTINUOUS
10
6.8540938188976375
20
-3.9867739763779526
11
6.8555240157480313
21
-3.9887424803149605
0
LINE
8
BLACK
6
CONTINUOUS
10
6.8555240157480313
20
-3.9887424803149605
11
6.8555240157480313
21
-3.9911757086614172
0
LINE
8
BLACK
6
CONTINUOUS
10
6.8555240157480313
20
-3.9911757086614172
11
6.8540938188976375
21
-3.9931442125984251
0
LINE
8
BLACK
6
CONTINUOUS
10
6.8540938188976375
20
-3.9931442125984251
11
6.8517796850393697
21
-3.9938961023622048
0
LINE
8
BLACK
6
CONTINUOUS
10
6.8517796850393697
20
-3.9938961023622048
11
6.8005985826771651
21
-3.9938961023622048
0
LINE
8
BLACK
6
CONTINUOUS
10
6.8005985826771651
20
-3.9938961023622048
11
6.8000055511811022
21
-3.9937034251968502
0
LINE
8
BLACK
6
CONTINUOUS
10
6.8000055511811022
20
-3.9937034251968502
11
6.7993819685039369
21
-3.9937034251968502
0
LINE
8
BLACK
6
CONTINUOUS
10
6.7993819685039369
20
-3.9937034251968502
11
6.7988774803149603
21
-3.9933368897637793
0
LINE
8
BLACK
6
CONTINUOUS
10
6.7988774803149603
20
-3.9933368897637793
11
6.7982844488188974
21
-3.9931442125984251
0
LINE
8
BLACK
6
CONTINUOUS
10
6.7982844488188974
20
-3.9931442125984251
11
6.7979179133858265
21
-3.9926397244094489
0
LINE
8
BLACK
6
CONTINUOUS
10
6.7979179133858265
20
-3.9926397244094489
11
6.7974134645669286
21
-3.9922732283464568
0
LINE
8
BLACK
6
CONTINUOUS
10
6.7974134645669286
20
-3.9922732283464568
11
6.7972207480314957
21
-3.9916801574803147
0
LINE
8
BLACK
6
CONTINUOUS
10
6.7972207480314957
20
-3.9916801574803147
11
6.7968542519685036
21
-3.9911757086614172
0
LINE
8
BLACK
6
CONTINUOUS
10
6.7968542519685036
20
-3.9911757086614172
11
6.7968542519685036
21
-3.9905520866141733
0
LINE
8
BLACK
6
CONTINUOUS
10
6.7968542519685036
20
-3.9905520866141733
11
6.7966615748031494
21
-3.9899590944881891
0
LINE
8
BLACK
6
CONTINUOUS
10
6.7966615748031494
20
-3.9899590944881891
11
6.7966615748031494
21
-3.9704615354330706
0
LINE
8
BLACK
6
CONTINUOUS
10
6.7966615748031494
20
-3.9704615354330706
11
6.7969420078740157
21
-3.9695983858267714
0
LINE
8
BLACK
6
CONTINUOUS
10
6.7969420078740157
20
-3.9695983858267714
11
6.7970772047244097
21
-3.9687008661417322
0
LINE
8
BLACK
6
CONTINUOUS
10
6.7970772047244097
20
-3.9687008661417322
11
6.7995144094488191
21
-3.9638264173228346
0
LINE
8
BLACK
6
CONTINUOUS
10
6.7995144094488191
20
-3.9638264173228346
11
6.7999622047244097
21
-3.9633717716535433
0
LINE
8
BLACK
6
CONTINUOUS
10
6.7999622047244097
20
-3.9633717716535433
11
6.8002518897637794
21
-3.9628032283464565
0
LINE
8
BLACK
6
CONTINUOUS
10
6.8002518897637794
20
-3.9628032283464565
11
6.8026890944881888
21
-3.960366023622047
0
LINE
8
BLACK
6
CONTINUOUS
10
6.8026890944881888
20
-3.960366023622047
11
6.8032576771653543
21
-3.9600762992125982
0
LINE
8
BLACK
6
CONTINUOUS
10
6.8032576771653543
20
-3.9600762992125982
11
6.8037123228346452
21
-3.9596285433070864
0
LINE
8
BLACK
6
CONTINUOUS
10
6.8037123228346452
20
-3.9596285433070864
11
6.8085866929133854
21
-3.9571913779527557
0
LINE
8
BLACK
6
CONTINUOUS
10
6.8085866929133854
20
-3.9571913779527557
11
6.8094841338582679
21
-3.9570561811023621
0
LINE
8
BLACK
6
CONTINUOUS
10
6.8094841338582679
20
-3.9570561811023621
11
6.8103473622047241
21
-3.9567757480314958
0
LINE
8
BLACK
6
CONTINUOUS
10
6.8103473622047241
20
-3.9567757480314958
11
6.8176589763779525
21
-3.9567757480314958
0
LINE
8
BLACK
6
CONTINUOUS
10
6.8176589763779525
20
-3.9567757480314958
11
6.8185220866141734
21
-3.9570561811023621
0
LINE
8
BLACK
6
CONTINUOUS
10
6.8078051181102364
20
-3.9663855511811024
11
6.8062714173228347
21
-3.9679192913385828
0
LINE
8
BLACK
6
CONTINUOUS
10
6.8062714173228347
20
-3.9679192913385828
11
6.8045355905511808
21
-3.9713909448818896
0
LINE
8
BLACK
6
CONTINUOUS
10
6.8045355905511808
20
-3.9713909448818896
11
6.8045355905511808
21
-3.9860220866141733
0
LINE
8
BLACK
6
CONTINUOUS
10
6.8045355905511808
20
-3.9860220866141733
11
6.8234707480314958
21
-3.9860220866141733
0
LINE
8
BLACK
6
CONTINUOUS
10
6.8234707480314958
20
-3.9860220866141733
11
6.8234707480314958
21
-3.9713909448818896
0
LINE
8
BLACK
6
CONTINUOUS
10
6.8234707480314958
20
-3.9713909448818896
11
6.8217348818897641
21
-3.967919251968504
0
LINE
8
BLACK
6
CONTINUOUS
10
6.8217348818897641
20
-3.967919251968504
11
6.8202011811023624
21
-3.9663855511811024
0
LINE
8
BLACK
6
CONTINUOUS
10
6.8202011811023624
20
-3.9663855511811024
11
6.8167295669291335
21
-3.9646497637795273
0
LINE
8
BLACK
6
CONTINUOUS
10
6.8167295669291335
20
-3.9646497637795273
11
6.8112767716535432
21
-3.9646497637795273
0
LINE
8
BLACK
6
CONTINUOUS
10
6.8112767716535432
20
-3.9646497637795273
11
6.8078051181102364
21
-3.9663855511811024
0
LINE
8
BLACK
6
CONTINUOUS
10
5.8063140551181105
20
-3.9017658661417323
11
5.8065210629921262
21
-3.9018255118110234
0
LINE
8
BLACK
6
CONTINUOUS
10
5.8065210629921262
20
-3.9018255118110234
11
5.8067334645669293
21
-3.9017896850393701
0
LINE
8
BLACK
6
CONTINUOUS
10
5.8067334645669293
20
-3.9017896850393701
11
5.8089112204724405
21
-3.901996181102362
0
LINE
8
BLACK
6
CONTINUOUS
10
5.8089112204724405
20
-3.901996181102362
11
5.8091107086614171
21
-3.902070433070866
0
LINE
8
BLACK
6
CONTINUOUS
10
5.8091107086614171
20
-3.902070433070866
11
5.8093227559055114
21
-3.9020507874015746
0
LINE
8
BLACK
6
CONTINUOUS
10
5.8093227559055114
20
-3.9020507874015746
11
5.8115046850393703
21
-3.9024238582677166
0
LINE
8
BLACK
6
CONTINUOUS
10
5.8115046850393703
20
-3.9024238582677166
11
5.8116938188976377
21
-3.902510866141732
0
LINE
8
BLACK
6
CONTINUOUS
10
5.8116938188976377
20
-3.902510866141732
11
5.811902007874016
21
-3.9025068503937006
0
LINE
8
BLACK
6
CONTINUOUS
10
5.811902007874016
20
-3.9025068503937006
11
5.8140874409448822
21
-3.9030474015748031
0
LINE
8
BLACK
6
CONTINUOUS
10
5.8140874409448822
20
-3.9030474015748031
11
5.8142641338582672
21
-3.9031448818897636
0
LINE
8
BLACK
6
CONTINUOUS
10
5.8142641338582672
20
-3.9031448818897636
11
5.8144656692913381
21
-3.90315531496063
0
LINE
8
BLACK
6
CONTINUOUS
10
5.8144656692913381
20
-3.90315531496063
11
5.8166538188976373
21
-3.9038643307086613
0
LINE
8
BLACK
6
CONTINUOUS
10
5.8166538188976373
20
-3.9038643307086613
11
5.8168165354330705
21
-3.9039698031496064
0
LINE
8
BLACK
6
CONTINUOUS
10
5.8168165354330705
20
-3.9039698031496064
11
5.8170092125984247
21
-3.9039929921259842
0
LINE
8
BLACK
6
CONTINUOUS
10
5.8170092125984247
20
-3.9039929921259842
11
5.8191994488188978
21
-3.904871496062992
0
LINE
8
BLACK
6
CONTINUOUS
10
5.8191994488188978
20
-3.904871496062992
11
5.8193475196850395
21
-3.9049824803149606
0
LINE
8
BLACK
6
CONTINUOUS
10
5.8193475196850395
20
-3.9049824803149606
11
5.819529409448819
21
-3.9050164566929131
0
LINE
8
BLACK
6
CONTINUOUS
10
5.819529409448819
20
-3.9050164566929131
11
5.8217210236220467
21
-3.9060653937007874
0
LINE
8
BLACK
6
CONTINUOUS
10
5.8217210236220467
20
-3.9060653937007874
11
5.8218542913385827
21
-3.906179527559055
0
LINE
8
BLACK
6
CONTINUOUS
10
5.8218542913385827
20
-3.906179527559055
11
5.8220244094488187
21
-3.906222283464567
0
LINE
8
BLACK
6
CONTINUOUS
10
5.8220244094488187
20
-3.906222283464567
11
5.8242167322834648
21
-3.9074425984251966
0
LINE
8
BLACK
6
CONTINUOUS
10
5.8242167322834648
20
-3.9074425984251966
11
5.8243355511811021
21
-3.9075577559055117
0
LINE
8
BLACK
6
CONTINUOUS
10
5.8243355511811021
20
-3.9075577559055117
11
5.8244934251968505
21
-3.9076073228346457
0
LINE
8
BLACK
6
CONTINUOUS
10
5.8244934251968505
20
-3.9076073228346457
11
5.8266857480314957
21
-3.9089999999999998
0
LINE
8
BLACK
6
CONTINUOUS
10
5.8266857480314957
20
-3.9089999999999998
11
5.8267909842519687
21
-3.9091145275590549
0
LINE
8
BLACK
6
CONTINUOUS
10
5.8267909842519687
20
-3.9091145275590549
11
5.8269365748031499
21
-3.9091691338582675
0
LINE
8
BLACK
6
CONTINUOUS
10
5.8269365748031499
20
-3.9091691338582675
11
5.8291281889763775
21
-3.9107352362204724
0
LINE
8
BLACK
6
CONTINUOUS
10
5.8291281889763775
20
-3.9107352362204724
11
5.8292206692913382
21
-3.9108475984251969
0
LINE
8
BLACK
6
CONTINUOUS
10
5.8292206692913382
20
-3.9108475984251969
11
5.8293541732283467
21
-3.9109055905511809
0
LINE
8
BLACK
6
CONTINUOUS
10
5.8293541732283467
20
-3.9109055905511809
11
5.8315444094488189
21
-3.9126459448818895
0
LINE
8
BLACK
6
CONTINUOUS
10
5.8315444094488189
20
-3.9126459448818895
11
5.8316253937007874
21
-3.912755275590551
0
LINE
8
BLACK
6
CONTINUOUS
10
5.8316253937007874
20
-3.912755275590551
11
5.8317475984251965
21
-3.912815433070866
0
LINE
8
BLACK
6
CONTINUOUS
10
5.8317475984251965
20
-3.912815433070866
11
5.8339357480314957
21
-3.9147311811023622
0
LINE
8
BLACK
6
CONTINUOUS
10
5.8339357480314957
20
-3.9147311811023622
11
5.834006338582677
21
-3.9148366535433068
0
LINE
8
BLACK
6
CONTINUOUS
10
5.834006338582677
20
-3.9148366535433068
11
5.8341177165354328
21
-3.9148977559055118
0
LINE
8
BLACK
6
CONTINUOUS
10
5.8341177165354328
20
-3.9148977559055118
11
5.8363031102362202
21
-3.9169897244094489
0
LINE
8
BLACK
6
CONTINUOUS
10
5.8363031102362202
20
-3.9169897244094489
11
5.8363645669291335
21
-3.9170909842519683
0
LINE
8
BLACK
6
CONTINUOUS
10
5.8363645669291335
20
-3.9170909842519683
11
5.8364659842519684
21
-3.9171522440944879
0
LINE
8
BLACK
6
CONTINUOUS
10
5.8364659842519684
20
-3.9171522440944879
11
5.8386479133858264
21
-3.9194214173228348
0
LINE
8
BLACK
6
CONTINUOUS
10
5.8386479133858264
20
-3.9194214173228348
11
5.8387012204724407
21
-3.9195181102362202
0
LINE
8
BLACK
6
CONTINUOUS
10
5.8387012204724407
20
-3.9195181102362202
11
5.8387935039370076
21
-3.9195788188976377
0
LINE
8
BLACK
6
CONTINUOUS
10
5.8387935039370076
20
-3.9195788188976377
11
5.8405613779527554
21
-3.921565590551181
0
LINE
8
BLACK
6
CONTINUOUS
10
5.8405613779527554
20
-3.921565590551181
11
5.8635823622047241
21
-3.9115167716535431
0
LINE
8
BLACK
6
CONTINUOUS
10
5.8635823622047241
20
-3.9115167716535431
11
5.8666050393700786
21
-3.9110606299212596
0
LINE
8
BLACK
6
CONTINUOUS
10
5.8666050393700786
20
-3.9110606299212596
11
5.8694508661417322
21
-3.9121769291338584
0
LINE
8
BLACK
6
CONTINUOUS
10
5.8694508661417322
20
-3.9121769291338584
11
5.8713572440944883
21
-3.914566614173228
0
LINE
8
BLACK
6
CONTINUOUS
10
5.8713572440944883
20
-3.914566614173228
11
5.8718133858267718
21
-3.9175892913385826
0
LINE
8
BLACK
6
CONTINUOUS
10
5.8718133858267718
20
-3.9175892913385826
11
5.8706970866141734
21
-3.9204351181102362
0
LINE
8
BLACK
6
CONTINUOUS
10
5.8706970866141734
20
-3.9204351181102362
11
5.8683074015748034
21
-3.9223414960629919
0
LINE
8
BLACK
6
CONTINUOUS
10
5.8683074015748034
20
-3.9223414960629919
11
5.8486431102362202
21
-3.9309250787401573
0
LINE
8
BLACK
6
CONTINUOUS
10
5.8486431102362202
20
-3.9309250787401573
11
5.849404842519685
21
-3.9317182283464565
0
LINE
8
BLACK
6
CONTINUOUS
10
5.849404842519685
20
-3.9317182283464565
11
5.8514157086614169
21
-3.9336451181102361
0
LINE
8
BLACK
6
CONTINUOUS
10
5.8514157086614169
20
-3.9336451181102361
11
5.8534093307086614
21
-3.9353919685039371
0
LINE
8
BLACK
6
CONTINUOUS
10
5.8534093307086614
20
-3.9353919685039371
11
5.8553833464566925
21
-3.9369616141732284
0
LINE
8
BLACK
6
CONTINUOUS
10
5.8553833464566925
20
-3.9369616141732284
11
5.8573350787401575
21
-3.9383570078740155
0
LINE
8
BLACK
6
CONTINUOUS
10
5.8573350787401575
20
-3.9383570078740155
11
5.8592629527559055
21
-3.9395822047244096
0
LINE
8
BLACK
6
CONTINUOUS
10
5.8592629527559055
20
-3.9395822047244096
11
5.8611642125984247
21
-3.9406407874015748
0
LINE
8
BLACK
6
CONTINUOUS
10
5.8611642125984247
20
-3.9406407874015748
11
5.8630389763779522
21
-3.9415381496062993
0
LINE
8
BLACK
6
CONTINUOUS
10
5.8630389763779522
20
-3.9415381496062993
11
5.8648855118110239
21
-3.9422788582677164
0
LINE
8
BLACK
6
CONTINUOUS
10
5.8648855118110239
20
-3.9422788582677164
11
5.866706535433071
21
-3.9428688582677163
0
LINE
8
BLACK
6
CONTINUOUS
10
5.866706535433071
20
-3.9428688582677163
11
5.8685041732283461
21
-3.9433134645669292
0
LINE
8
BLACK
6
CONTINUOUS
10
5.8685041732283461
20
-3.9433134645669292
11
5.8702818503937007
21
-3.9436173228346454
0
LINE
8
BLACK
6
CONTINUOUS
10
5.8702818503937007
20
-3.9436173228346454
11
5.8720445275590549
21
-3.9437844094488188
0
LINE
8
BLACK
6
CONTINUOUS
10
5.8720445275590549
20
-3.9437844094488188
11
5.8737979133858262
21
-3.9438174015748029
0
LINE
8
BLACK
6
CONTINUOUS
10
5.8737979133858262
20
-3.9438174015748029
11
5.8755474015748028
21
-3.9437176771653544
0
LINE
8
BLACK
6
CONTINUOUS
10
5.8755474015748028
20
-3.9437176771653544
11
5.8773002755905512
21
-3.9434847637795274
0
LINE
8
BLACK
6
CONTINUOUS
10
5.8773002755905512
20
-3.9434847637795274
11
5.87906062992126
21
-3.9431172834645669
0
LINE
8
BLACK
6
CONTINUOUS
10
5.87906062992126
20
-3.9431172834645669
11
5.8808327165354326
21
-3.9426127165354328
0
LINE
8
BLACK
6
CONTINUOUS
10
5.8808327165354326
20
-3.9426127165354328
11
5.8826198818897639
21
-3.941967598425197
0
LINE
8
BLACK
6
CONTINUOUS
10
5.8826198818897639
20
-3.941967598425197
11
5.8844235433070864
21
-3.9411785826771655
0
LINE
8
BLACK
6
CONTINUOUS
10
5.8844235433070864
20
-3.9411785826771655
11
5.8862429921259842
21
-3.940242834645669
0
LINE
8
BLACK
6
CONTINUOUS
10
5.8862429921259842
20
-3.940242834645669
11
5.8880794488188979
21
-3.9391563779527559
0
LINE
8
BLACK
6
CONTINUOUS
10
5.8880794488188979
20
-3.9391563779527559
11
5.8899296850393696
21
-3.9379177165354329
0
LINE
8
BLACK
6
CONTINUOUS
10
5.8899296850393696
20
-3.9379177165354329
11
5.891791811023622
21
-3.9365250393700788
0
LINE
8
BLACK
6
CONTINUOUS
10
5.891791811023622
20
-3.9365250393700788
11
5.893665236220472
21
-3.934975590551181
0
LINE
8
BLACK
6
CONTINUOUS
10
5.893665236220472
20
-3.934975590551181
11
5.895545039370079
21
-3.9332705905511811
0
LINE
8
BLACK
6
CONTINUOUS
10
5.895545039370079
20
-3.9332705905511811
11
5.8974297244094487
21
-3.9314087401574804
0
LINE
8
BLACK
6
CONTINUOUS
10
5.8974297244094487
20
-3.9314087401574804
11
5.8993164960629922
21
-3.9293903543307085
0
LINE
8
BLACK
6
CONTINUOUS
10
5.8993164960629922
20
-3.9293903543307085
11
5.9012036220472437
21
-3.9272148818897636
0
LINE
8
BLACK
6
CONTINUOUS
10
5.9012036220472437
20
-3.9272148818897636
11
5.903144724409449
21
-3.9248137795275588
0
LINE
8
BLACK
6
CONTINUOUS
10
5.903144724409449
20
-3.9248137795275588
11
5.9054679921259838
21
-3.923122874015748
0
LINE
8
BLACK
6
CONTINUOUS
10
5.9054679921259838
20
-3.923122874015748
11
5.9083255118110234
21
-3.922820118110236
0
LINE
8
BLACK
6
CONTINUOUS
10
5.9083255118110234
20
-3.922820118110236
11
5.9109515354330711
21
-3.9239866535433068
0
LINE
8
BLACK
6
CONTINUOUS
10
5.9109515354330711
20
-3.9239866535433068
11
5.9126424803149602
21
-3.9263099212598425
0
LINE
8
BLACK
6
CONTINUOUS
10
5.9126424803149602
20
-3.9263099212598425
11
5.9129451968503934
21
-3.929167440944882
0
LINE
8
BLACK
6
CONTINUOUS
10
5.9129451968503934
20
-3.929167440944882
11
5.9117786614173227
21
-3.9317934645669292
0
LINE
8
BLACK
6
CONTINUOUS
10
5.9117786614173227
20
-3.9317934645669292
11
5.9097772440944878
21
-3.9342692519685039
0
LINE
8
BLACK
6
CONTINUOUS
10
5.9097772440944878
20
-3.9342692519685039
11
5.9096970078740156
21
-3.9343276377952754
0
LINE
8
BLACK
6
CONTINUOUS
10
5.9096970078740156
20
-3.9343276377952754
11
5.9096535826771648
21
-3.934416929133858
0
LINE
8
BLACK
6
CONTINUOUS
10
5.9096535826771648
20
-3.934416929133858
11
5.9076360629921263
21
-3.936742716535433
0
LINE
8
BLACK
6
CONTINUOUS
10
5.9076360629921263
20
-3.936742716535433
11
5.9075479921259841
21
-3.9368022047244096
0
LINE
8
BLACK
6
CONTINUOUS
10
5.9075479921259841
20
-3.9368022047244096
11
5.907498031496063
21
-3.9368959842519686
0
LINE
8
BLACK
6
CONTINUOUS
10
5.907498031496063
20
-3.9368959842519686
11
5.905465078740157
21
-3.9390707874015747
0
LINE
8
BLACK
6
CONTINUOUS
10
5.905465078740157
20
-3.9390707874015747
11
5.9053685039370079
21
-3.9391309448818896
0
LINE
8
BLACK
6
CONTINUOUS
10
5.9053685039370079
20
-3.9391309448818896
11
5.9053110629921255
21
-3.9392290944881889
0
LINE
8
BLACK
6
CONTINUOUS
10
5.9053110629921255
20
-3.9392290944881889
11
5.9032634251968501
21
-3.9412519291338581
0
LINE
8
BLACK
6
CONTINUOUS
10
5.9032634251968501
20
-3.9412519291338581
11
5.903157559055118
21
-3.9413121653543306
0
LINE
8
BLACK
6
CONTINUOUS
10
5.903157559055118
20
-3.9413121653543306
11
5.9030916141732286
21
-3.9414145669291338
0
LINE
8
BLACK
6
CONTINUOUS
10
5.9030916141732286
20
-3.9414145669291338
11
5.9010299606299208
21
-3.9432845275590549
0
LINE
8
BLACK
6
CONTINUOUS
10
5.9010299606299208
20
-3.9432845275590549
11
5.900913937007874
21
-3.9433441338582678
0
LINE
8
BLACK
6
CONTINUOUS
10
5.900913937007874
20
-3.9433441338582678
11
5.9008384251968504
21
-3.9434504330708662
0
LINE
8
BLACK
6
CONTINUOUS
10
5.9008384251968504
20
-3.9434504330708662
11
5.8987635433070862
21
-3.9451665354330707
0
LINE
8
BLACK
6
CONTINUOUS
10
5.8987635433070862
20
-3.9451665354330707
11
5.8986366535433072
21
-3.9452246062992127
0
LINE
8
BLACK
6
CONTINUOUS
10
5.8986366535433072
20
-3.9452246062992127
11
5.898550354330709
21
-3.9453342519685037
0
LINE
8
BLACK
6
CONTINUOUS
10
5.898550354330709
20
-3.9453342519685037
11
5.8964628346456696
21
-3.9468954724409446
0
LINE
8
BLACK
6
CONTINUOUS
10
5.8964628346456696
20
-3.9468954724409446
11
5.8963244094488187
21
-3.9469507874015748
0
LINE
8
BLACK
6
CONTINUOUS
10
5.8963244094488187
20
-3.9469507874015748
11
5.8962262204724407
21
-3.9470629921259843
0
LINE
8
BLACK
6
CONTINUOUS
10
5.8962262204724407
20
-3.9470629921259843
11
5.8941269291338578
21
-3.9484683464566928
0
LINE
8
BLACK
6
CONTINUOUS
10
5.8941269291338578
20
-3.9484683464566928
11
5.8939764960629919
21
-3.9485195275590552
0
LINE
8
BLACK
6
CONTINUOUS
10
5.8939764960629919
20
-3.9485195275590552
11
5.8938653543307087
21
-3.9486331102362202
0
LINE
8
BLACK
6
CONTINUOUS
10
5.8938653543307087
20
-3.9486331102362202
11
5.8917549212598423
21
-3.949881653543307
0
LINE
8
BLACK
6
CONTINUOUS
10
5.8917549212598423
20
-3.949881653543307
11
5.8915922834645666
21
-3.9499270472440946
0
LINE
8
BLACK
6
CONTINUOUS
10
5.8915922834645666
20
-3.9499270472440946
11
5.8914673228346457
21
-3.9500404724409446
0
LINE
8
BLACK
6
CONTINUOUS
10
5.8914673228346457
20
-3.9500404724409446
11
5.8893464566929135
21
-3.9511312598425197
0
LINE
8
BLACK
6
CONTINUOUS
10
5.8893464566929135
20
-3.9511312598425197
11
5.8891719685039368
21
-3.9511690157480315
0
LINE
8
BLACK
6
CONTINUOUS
10
5.8891719685039368
20
-3.9511690157480315
11
5.8890324409448818
21
-3.9512805511811022
0
LINE
8
BLACK
6
CONTINUOUS
10
5.8890324409448818
20
-3.9512805511811022
11
5.886901889763779
21
-3.9522125984251968
0
LINE
8
BLACK
6
CONTINUOUS
10
5.886901889763779
20
-3.9522125984251968
11
5.8867159448818898
21
-3.9522407874015748
0
LINE
8
BLACK
6
CONTINUOUS
10
5.8867159448818898
20
-3.9522407874015748
11
5.8865616929133857
21
-3.9523482283464566
0
LINE
8
BLACK
6
CONTINUOUS
10
5.8865616929133857
20
-3.9523482283464566
11
5.8844221259842522
21
-3.9531205118110235
0
LINE
8
BLACK
6
CONTINUOUS
10
5.8844221259842522
20
-3.9531205118110235
11
5.8842263385826774
21
-3.9531370866141731
0
LINE
8
BLACK
6
CONTINUOUS
10
5.8842263385826774
20
-3.9531370866141731
11
5.8840577559055118
21
-3.9532379921259841
0
LINE
8
BLACK
6
CONTINUOUS
10
5.8840577559055118
20
-3.9532379921259841
11
5.881909921259842
21
-3.9538496062992126
0
LINE
8
BLACK
6
CONTINUOUS
10
5.881909921259842
20
-3.9538496062992126
11
5.8817059842519681
21
-3.9538527559055119
0
LINE
8
BLACK
6
CONTINUOUS
10
5.8817059842519681
20
-3.9538527559055119
11
5.8815239370078736
21
-3.9539447244094488
0
LINE
8
BLACK
6
CONTINUOUS
10
5.8815239370078736
20
-3.9539447244094488
11
5.8793685826771656
21
-3.9543946456692911
0
LINE
8
BLACK
6
CONTINUOUS
10
5.8793685826771656
20
-3.9543946456692911
11
5.8791591338582672
21
-3.9543828740157481
0
LINE
8
BLACK
6
CONTINUOUS
10
5.8791591338582672
20
-3.9543828740157481
11
5.8789653937007875
21
-3.9544634251968502
0
LINE
8
BLACK
6
CONTINUOUS
10
5.8789653937007875
20
-3.9544634251968502
11
5.8768031102362199
21
-3.9547507086614173
0
LINE
8
BLACK
6
CONTINUOUS
10
5.8768031102362199
20
-3.9547507086614173
11
5.8765909842519681
21
-3.9547230314960631
0
LINE
8
BLACK
6
CONTINUOUS
10
5.8765909842519681
20
-3.9547230314960631
11
5.8763879527559055
21
-3.9547900393700788
0
LINE
8
BLACK
6
CONTINUOUS
10
5.8763879527559055
20
-3.9547900393700788
11
5.8742195669291339
21
-3.9549136614173226
0
LINE
8
BLACK
6
CONTINUOUS
10
5.8742195669291339
20
-3.9549136614173226
11
5.8740084645669288
21
-3.9548698031496063
0
LINE
8
BLACK
6
CONTINUOUS
10
5.8740084645669288
20
-3.9548698031496063
11
5.8737991732283463
21
-3.9549216929133859
0
LINE
8
BLACK
6
CONTINUOUS
10
5.8737991732283463
20
-3.9549216929133859
11
5.8716253937007874
21
-3.9548807874015748
0
LINE
8
BLACK
6
CONTINUOUS
10
5.8716253937007874
20
-3.9548807874015748
11
5.8714184251968504
21
-3.9548211023622049
0
LINE
8
BLACK
6
CONTINUOUS
10
5.8714184251968504
20
-3.9548211023622049
11
5.8712060236220474
21
-3.9548570078740157
0
LINE
8
BLACK
6
CONTINUOUS
10
5.8712060236220474
20
-3.9548570078740157
11
5.869027519685039
21
-3.9546505118110233
0
LINE
8
BLACK
6
CONTINUOUS
10
5.869027519685039
20
-3.9546505118110233
11
5.8688279527559057
21
-3.9545762204724411
0
LINE
8
BLACK
6
CONTINUOUS
10
5.8688279527559057
20
-3.9545762204724411
11
5.8686159842519681
21
-3.9545959055118107
0
LINE
8
BLACK
6
CONTINUOUS
10
5.8686159842519681
20
-3.9545959055118107
11
5.8664335039370075
21
-3.9542228346456691
0
LINE
8
BLACK
6
CONTINUOUS
10
5.8664335039370075
20
-3.9542228346456691
11
5.8662443700787401
21
-3.9541358267716533
0
LINE
8
BLACK
6
CONTINUOUS
10
5.8662443700787401
20
-3.9541358267716533
11
5.8660362204724406
21
-3.9541398818897635
0
LINE
8
BLACK
6
CONTINUOUS
10
5.8660362204724406
20
-3.9541398818897635
11
5.8638503937007869
21
-3.9535993307086614
0
LINE
8
BLACK
6
CONTINUOUS
10
5.8638503937007869
20
-3.9535993307086614
11
5.8636735826771655
21
-3.953501771653543
0
LINE
8
BLACK
6
CONTINUOUS
10
5.8636735826771655
20
-3.953501771653543
11
5.8634720866141734
21
-3.9534913779527558
0
LINE
8
BLACK
6
CONTINUOUS
10
5.8634720866141734
20
-3.9534913779527558
11
5.8612837401574804
21
-3.9527823622047245
0
LINE
8
BLACK
6
CONTINUOUS
10
5.8612837401574804
20
-3.9527823622047245
11
5.8611208661417322
21
-3.9526767716535431
0
LINE
8
BLACK
6
CONTINUOUS
10
5.8611208661417322
20
-3.9526767716535431
11
5.860928188976378
21
-3.9526536220472441
0
LINE
8
BLACK
6
CONTINUOUS
10
5.860928188976378
20
-3.9526536220472441
11
5.8587379921259846
21
-3.9517751181102363
0
LINE
8
BLACK
6
CONTINUOUS
10
5.8587379921259846
20
-3.9517751181102363
11
5.8585898425196845
21
-3.9516640551181101
0
LINE
8
BLACK
6
CONTINUOUS
10
5.8585898425196845
20
-3.9516640551181101
11
5.8584077952755909
21
-3.9516300787401573
0
LINE
8
BLACK
6
CONTINUOUS
10
5.8584077952755909
20
-3.9516300787401573
11
5.8562164566929136
21
-3.9505811417322834
0
LINE
8
BLACK
6
CONTINUOUS
10
5.8562164566929136
20
-3.9505811417322834
11
5.8560830314960626
21
-3.9504668503937008
0
LINE
8
BLACK
6
CONTINUOUS
10
5.8560830314960626
20
-3.9504668503937008
11
5.8559127952755903
21
-3.9504240944881888
0
LINE
8
BLACK
6
CONTINUOUS
10
5.8559127952755903
20
-3.9504240944881888
11
5.8537210236220467
21
-3.9492037401574804
0
LINE
8
BLACK
6
CONTINUOUS
10
5.8537210236220467
20
-3.9492037401574804
11
5.8536020472440944
21
-3.9490883858267716
0
LINE
8
BLACK
6
CONTINUOUS
10
5.8536020472440944
20
-3.9490883858267716
11
5.853444015748031
21
-3.9490387795275588
0
LINE
8
BLACK
6
CONTINUOUS
10
5.853444015748031
20
-3.9490387795275588
11
5.8512525196850396
21
-3.9476460629921259
0
LINE
8
BLACK
6
CONTINUOUS
10
5.8512525196850396
20
-3.9476460629921259
11
5.8511472047244091
21
-3.9475313779527559
0
LINE
8
BLACK
6
CONTINUOUS
10
5.8511472047244091
20
-3.9475313779527559
11
5.8510014960629917
21
-3.9474767322834645
0
LINE
8
BLACK
6
CONTINUOUS
10
5.8510014960629917
20
-3.9474767322834645
11
5.848811023622047
21
-3.9459106692913384
0
LINE
8
BLACK
6
CONTINUOUS
10
5.848811023622047
20
-3.9459106692913384
11
5.8487183464566925
21
-3.9457979921259843
0
LINE
8
BLACK
6
CONTINUOUS
10
5.8487183464566925
20
-3.9457979921259843
11
5.8485846062992124
21
-3.9457398818897635
0
LINE
8
BLACK
6
CONTINUOUS
10
5.8485846062992124
20
-3.9457398818897635
11
5.8463958661417319
21
-3.9439994881889762
0
LINE
8
BLACK
6
CONTINUOUS
10
5.8463958661417319
20
-3.9439994881889762
11
5.8463147244094484
21
-3.9438899212598426
0
LINE
8
BLACK
6
CONTINUOUS
10
5.8463147244094484
20
-3.9438899212598426
11
5.8461924803149605
21
-3.9438296850393701
0
LINE
8
BLACK
6
CONTINUOUS
10
5.8461924803149605
20
-3.9438296850393701
11
5.8440061811023618
21
-3.9419140157480315
0
LINE
8
BLACK
6
CONTINUOUS
10
5.8440061811023618
20
-3.9419140157480315
11
5.8439353937007876
21
-3.9418081889763781
0
LINE
8
BLACK
6
CONTINUOUS
10
5.8439353937007876
20
-3.9418081889763781
11
5.843823858267716
21
-3.941746929133858
0
LINE
8
BLACK
6
CONTINUOUS
10
5.843823858267716
20
-3.941746929133858
11
5.8416406692913387
21
-3.9396550000000001
0
LINE
8
BLACK
6
CONTINUOUS
10
5.8416406692913387
20
-3.9396550000000001
11
5.8415790944881891
21
-3.9395534251968503
0
LINE
8
BLACK
6
CONTINUOUS
10
5.8415790944881891
20
-3.9395534251968503
11
5.841477559055118
21
-3.9394920472440944
0
LINE
8
BLACK
6
CONTINUOUS
10
5.841477559055118
20
-3.9394920472440944
11
5.8392982283464567
21
-3.9372228346456692
0
LINE
8
BLACK
6
CONTINUOUS
10
5.8392982283464567
20
-3.9372228346456692
11
5.8392448031496063
21
-3.9371258267716533
0
LINE
8
BLACK
6
CONTINUOUS
10
5.8392448031496063
20
-3.9371258267716533
11
5.8391523228346456
21
-3.9370649212598425
0
LINE
8
BLACK
6
CONTINUOUS
10
5.8391523228346456
20
-3.9370649212598425
11
5.8378737401574803
21
-3.9356259842519683
0
LINE
8
BLACK
6
CONTINUOUS
10
5.8378737401574803
20
-3.9356259842519683
11
5.8187011023622048
21
-3.9439950393700784
0
LINE
8
BLACK
6
CONTINUOUS
10
5.8187011023622048
20
-3.9439950393700784
11
5.8156784251968503
21
-3.9444511811023619
0
LINE
8
BLACK
6
CONTINUOUS
10
5.8156784251968503
20
-3.9444511811023619
11
5.8128325984251967
21
-3.9433348818897636
0
LINE
8
BLACK
6
CONTINUOUS
10
5.8128325984251967
20
-3.9433348818897636
11
5.8109262204724406
21
-3.9409451968503935
0
LINE
8
BLACK
6
CONTINUOUS
10
5.8109262204724406
20
-3.9409451968503935
11
5.8104700787401571
21
-3.9379225196850394
0
LINE
8
BLACK
6
CONTINUOUS
10
5.8104700787401571
20
-3.9379225196850394
11
5.8115863779527555
21
-3.9350766929133858
0
LINE
8
BLACK
6
CONTINUOUS
10
5.8115863779527555
20
-3.9350766929133858
11
5.8139760629921255
21
-3.9331703149606296
0
LINE
8
BLACK
6
CONTINUOUS
10
5.8139760629921255
20
-3.9331703149606296
11
5.8298171653543305
21
-3.9262555118110236
0
LINE
8
BLACK
6
CONTINUOUS
10
5.8298171653543305
20
-3.9262555118110236
11
5.8285429133858262
21
-3.9249303149606298
0
LINE
8
BLACK
6
CONTINUOUS
10
5.8285429133858262
20
-3.9249303149606298
11
5.826529842519685
21
-3.9230033070866139
0
LINE
8
BLACK
6
CONTINUOUS
10
5.826529842519685
20
-3.9230033070866139
11
5.8245336614173224
21
-3.9212556692913383
0
LINE
8
BLACK
6
CONTINUOUS
10
5.8245336614173224
20
-3.9212556692913383
11
5.8225581496062988
21
-3.9196859448818895
0
LINE
8
BLACK
6
CONTINUOUS
10
5.8225581496062988
20
-3.9196859448818895
11
5.8206046062992121
21
-3.9182899606299211
0
LINE
8
BLACK
6
CONTINUOUS
10
5.8206046062992121
20
-3.9182899606299211
11
5.8186765354330712
21
-3.9170651181102363
0
LINE
8
BLACK
6
CONTINUOUS
10
5.8186765354330712
20
-3.9170651181102363
11
5.8167740944881885
21
-3.9160061023622048
0
LINE
8
BLACK
6
CONTINUOUS
10
5.8167740944881885
20
-3.9160061023622048
11
5.814898661417323
21
-3.9151085039370077
0
LINE
8
BLACK
6
CONTINUOUS
10
5.814898661417323
20
-3.9151085039370077
11
5.8130512204724409
21
-3.9143675196850394
0
LINE
8
BLACK
6
CONTINUOUS
10
5.8130512204724409
20
-3.9143675196850394
11
5.8112305118110239
21
-3.9137775984251966
0
LINE
8
BLACK
6
CONTINUOUS
10
5.8112305118110239
20
-3.9137775984251966
11
5.809433503937008
21
-3.9133331102362203
0
LINE
8
BLACK
6
CONTINUOUS
10
5.809433503937008
20
-3.9133331102362203
11
5.8076562598425197
21
-3.913029212598425
0
LINE
8
BLACK
6
CONTINUOUS
10
5.8076562598425197
20
-3.913029212598425
11
5.8058948818897633
21
-3.9128622047244095
0
LINE
8
BLACK
6
CONTINUOUS
10
5.8058948818897633
20
-3.9128622047244095
11
5.8041424015748033
21
-3.9128291732283462
0
LINE
8
BLACK
6
CONTINUOUS
10
5.8041424015748033
20
-3.9128291732283462
11
5.8023939763779531
21
-3.9129289370078739
0
LINE
8
BLACK
6
CONTINUOUS
10
5.8023939763779531
20
-3.9129289370078739
11
5.8006422047244097
21
-3.9131618110236221
0
LINE
8
BLACK
6
CONTINUOUS
10
5.8006422047244097
20
-3.9131618110236221
11
5.7988831889763777
21
-3.9135291732283464
0
LINE
8
BLACK
6
CONTINUOUS
10
5.7988831889763777
20
-3.9135291732283464
11
5.7971125196850393
21
-3.9140336614173226
0
LINE
8
BLACK
6
CONTINUOUS
10
5.7971125196850393
20
-3.9140336614173226
11
5.7953267322834643
21
-3.9146786220472438
0
LINE
8
BLACK
6
CONTINUOUS
10
5.7953267322834643
20
-3.9146786220472438
11
5.7935246062992123
21
-3.9154674803149607
0
LINE
8
BLACK
6
CONTINUOUS
10
5.7935246062992123
20
-3.9154674803149607
11
5.7917060629921258
21
-3.9164033070866142
0
LINE
8
BLACK
6
CONTINUOUS
10
5.7917060629921258
20
-3.9164033070866142
11
5.789871377952756
21
-3.9174893307086611
0
LINE
8
BLACK
6
CONTINUOUS
10
5.789871377952756
20
-3.9174893307086611
11
5.7880216141732284
21
-3.9187282677165354
0
LINE
8
BLACK
6
CONTINUOUS
10
5.7880216141732284
20
-3.9187282677165354
11
5.7861606299212598
21
-3.9201207874015749
0
LINE
8
BLACK
6
CONTINUOUS
10
5.7861606299212598
20
-3.9201207874015749
11
5.7842882283464565
21
-3.921670118110236
0
LINE
8
BLACK
6
CONTINUOUS
10
5.7842882283464565
20
-3.921670118110236
11
5.7824097244094483
21
-3.9233745669291338
0
LINE
8
BLACK
6
CONTINUOUS
10
5.7824097244094483
20
-3.9233745669291338
11
5.7805243700787399
21
-3.9252377165354329
0
LINE
8
BLACK
6
CONTINUOUS
10
5.7805243700787399
20
-3.9252377165354329
11
5.7786374409448822
21
-3.9272568110236219
0
LINE
8
BLACK
6
CONTINUOUS
10
5.7786374409448822
20
-3.9272568110236219
11
5.7767514960629924
21
-3.9294312204724409
0
LINE
8
BLACK
6
CONTINUOUS
10
5.7767514960629924
20
-3.9294312204724409
11
5.7748102362204721
21
-3.9318327165354332
0
LINE
8
BLACK
6
CONTINUOUS
10
5.7748102362204721
20
-3.9318327165354332
11
5.772487007874016
21
-3.9335237007874015
0
LINE
8
BLACK
6
CONTINUOUS
10
5.772487007874016
20
-3.9335237007874015
11
5.7696294881889765
21
-3.9338265354330706
0
LINE
8
BLACK
6
CONTINUOUS
10
5.7696294881889765
20
-3.9338265354330706
11
5.7670034645669288
21
-3.9326600393700786
0
LINE
8
BLACK
6
CONTINUOUS
10
5.7670034645669288
20
-3.9326600393700786
11
5.7653124409448822
21
-3.9303368110236221
0
LINE
8
BLACK
6
CONTINUOUS
10
5.7653124409448822
20
-3.9303368110236221
11
5.7650096456692914
21
-3.9274792913385825
0
LINE
8
BLACK
6
CONTINUOUS
10
5.7650096456692914
20
-3.9274792913385825
11
5.7661761417322834
21
-3.9248532677165353
0
LINE
8
BLACK
6
CONTINUOUS
10
5.7661761417322834
20
-3.9248532677165353
11
5.7681774409448821
21
-3.9223775196850394
0
LINE
8
BLACK
6
CONTINUOUS
10
5.7681774409448821
20
-3.9223775196850394
11
5.7682575590551179
21
-3.9223191732283462
0
LINE
8
BLACK
6
CONTINUOUS
10
5.7682575590551179
20
-3.9223191732283462
11
5.76830094488189
21
-3.9222300393700786
0
LINE
8
BLACK
6
CONTINUOUS
10
5.76830094488189
20
-3.9222300393700786
11
5.7703181889763782
21
-3.9199042125984249
0
LINE
8
BLACK
6
CONTINUOUS
10
5.7703181889763782
20
-3.9199042125984249
11
5.7704060629921257
21
-3.9198447637795275
0
LINE
8
BLACK
6
CONTINUOUS
10
5.7704060629921257
20
-3.9198447637795275
11
5.770455984251968
21
-3.9197511811023622
0
LINE
8
BLACK
6
CONTINUOUS
10
5.770455984251968
20
-3.9197511811023622
11
5.7724884251968502
21
-3.9175763779527557
0
LINE
8
BLACK
6
CONTINUOUS
10
5.7724884251968502
20
-3.9175763779527557
11
5.7725848425196853
21
-3.9175162204724407
0
LINE
8
BLACK
6
CONTINUOUS
10
5.7725848425196853
20
-3.9175162204724407
11
5.772642244094488
21
-3.9174182283464565
0
LINE
8
BLACK
6
CONTINUOUS
10
5.772642244094488
20
-3.9174182283464565
11
5.7746892125984255
21
-3.9153953543307085
0
LINE
8
BLACK
6
CONTINUOUS
10
5.7746892125984255
20
-3.9153953543307085
11
5.7747950393700789
21
-3.9153350787401573
0
LINE
8
BLACK
6
CONTINUOUS
10
5.7747950393700789
20
-3.9153350787401573
11
5.7748609448818895
21
-3.9152327559055116
0
LINE
8
BLACK
6
CONTINUOUS
10
5.7748609448818895
20
-3.9152327559055116
11
5.7769217322834647
21
-3.9133628346456693
0
LINE
8
BLACK
6
CONTINUOUS
10
5.7769217322834647
20
-3.9133628346456693
11
5.7770375984251965
21
-3.9133032283464564
0
LINE
8
BLACK
6
CONTINUOUS
10
5.7770375984251965
20
-3.9133032283464564
11
5.7771131102362201
21
-3.9131969685039367
0
LINE
8
BLACK
6
CONTINUOUS
10
5.7771131102362201
20
-3.9131969685039367
11
5.7791870472440943
21
-3.9114809448818897
0
LINE
8
BLACK
6
CONTINUOUS
10
5.7791870472440943
20
-3.9114809448818897
11
5.7793138582677166
21
-3.9114228346456694
0
LINE
8
BLACK
6
CONTINUOUS
10
5.7793138582677166
20
-3.9114228346456694
11
5.7794001181102361
21
-3.9113132283464567
0
LINE
8
BLACK
6
CONTINUOUS
10
5.7794001181102361
20
-3.9113132283464567
11
5.7814865354330705
21
-3.9097520078740158
0
LINE
8
BLACK
6
CONTINUOUS
10
5.7814865354330705
20
-3.9097520078740158
11
5.7816248818897638
21
-3.9096966141732281
0
LINE
8
BLACK
6
CONTINUOUS
10
5.7816248818897638
20
-3.9096966141732281
11
5.7817231102362205
21
-3.909584409448819
0
LINE
8
BLACK
6
CONTINUOUS
10
5.7817231102362205
20
-3.909584409448819
11
5.7838212992125984
21
-3.9081790551181101
0
LINE
8
BLACK
6
CONTINUOUS
10
5.7838212992125984
20
-3.9081790551181101
11
5.7839716929133855
21
-3.9081277952755906
0
LINE
8
BLACK
6
CONTINUOUS
10
5.7839716929133855
20
-3.9081277952755906
11
5.7840828346456687
21
-3.9080142519685039
0
LINE
8
BLACK
6
CONTINUOUS
10
5.7840828346456687
20
-3.9080142519685039
11
5.7861921259842521
21
-3.9067656692913384
0
LINE
8
BLACK
6
CONTINUOUS
10
5.7861921259842521
20
-3.9067656692913384
11
5.7863546850393703
21
-3.9067201968503937
0
LINE
8
BLACK
6
CONTINUOUS
10
5.7863546850393703
20
-3.9067201968503937
11
5.7864797637795276
21
-3.9066066929133858
0
LINE
8
BLACK
6
CONTINUOUS
10
5.7864797637795276
20
-3.9066066929133858
11
5.7885993700787397
21
-3.9055159448818895
0
LINE
8
BLACK
6
CONTINUOUS
10
5.7885993700787397
20
-3.9055159448818895
11
5.7887739370078739
21
-3.9054780708661418
0
LINE
8
BLACK
6
CONTINUOUS
10
5.7887739370078739
20
-3.9054780708661418
11
5.7889134645669289
21
-3.9053665748031494
0
LINE
8
BLACK
6
CONTINUOUS
10
5.7889134645669289
20
-3.9053665748031494
11
5.7910427952755903
21
-3.9044345275590548
0
LINE
8
BLACK
6
CONTINUOUS
10
5.7910427952755903
20
-3.9044345275590548
11
5.7912287795275592
21
-3.9044062598425198
0
LINE
8
BLACK
6
CONTINUOUS
10
5.7912287795275592
20
-3.9044062598425198
11
5.7913831102362208
21
-3.9042987795275588
0
LINE
8
BLACK
6
CONTINUOUS
10
5.7913831102362208
20
-3.9042987795275588
11
5.793521456692913
21
-3.9035264960629918
0
LINE
8
BLACK
6
CONTINUOUS
10
5.793521456692913
20
-3.9035264960629918
11
5.7937173228346452
21
-3.9035098425196848
0
LINE
8
BLACK
6
CONTINUOUS
10
5.7937173228346452
20
-3.9035098425196848
11
5.7938859842519683
21
-3.903408897637795
0
LINE
8
BLACK
6
CONTINUOUS
10
5.7938859842519683
20
-3.903408897637795
11
5.7960325984251968
21
-3.902797283464567
0
LINE
8
BLACK
6
CONTINUOUS
10
5.7960325984251968
20
-3.902797283464567
11
5.7962366141732282
21
-3.9027940551181102
0
LINE
8
BLACK
6
CONTINUOUS
10
5.7962366141732282
20
-3.9027940551181102
11
5.7964188188976378
21
-3.9027020472440945
0
LINE
8
BLACK
6
CONTINUOUS
10
5.7964188188976378
20
-3.9027020472440945
11
5.7985730708661416
21
-3.9022521259842518
0
LINE
8
BLACK
6
CONTINUOUS
10
5.7985730708661416
20
-3.9022521259842518
11
5.7987825984251966
21
-3.9022638188976377
0
LINE
8
BLACK
6
CONTINUOUS
10
5.7987825984251966
20
-3.9022638188976377
11
5.7989764960629921
21
-3.9021832677165356
0
LINE
8
BLACK
6
CONTINUOUS
10
5.7989764960629921
20
-3.9021832677165356
11
5.8011376771653538
21
-3.9018959842519685
0
LINE
8
BLACK
6
CONTINUOUS
10
5.8011376771653538
20
-3.9018959842519685
11
5.8013498031496065
21
-3.901923622047244
0
LINE
8
BLACK
6
CONTINUOUS
10
5.8013498031496065
20
-3.901923622047244
11
5.8015529133858266
21
-3.9018566141732283
0
LINE
8
BLACK
6
CONTINUOUS
10
5.8015529133858266
20
-3.9018566141732283
11
5.8037203149606302
21
-3.9017329527559053
0
LINE
8
BLACK
6
CONTINUOUS
10
5.8037203149606302
20
-3.9017329527559053
11
5.8039315748031495
21
-3.9017768110236219
0
LINE
8
BLACK
6
CONTINUOUS
10
5.8039315748031495
20
-3.9017768110236219
11
5.8041410629921257
21
-3.9017249212598424
0
LINE
8
BLACK
6
CONTINUOUS
10
5.8041410629921257
20
-3.9017249212598424
11
5.8063140551181105
21
-3.9017658661417323
0
LINE
8
BLACK
6
CONTINUOUS
10
5.8063140551181105
20
-3.8502557874015748
11
5.8065210629921262
21
-3.850315433070866
0
LINE
8
BLACK
6
CONTINUOUS
10
5.8065210629921262
20
-3.850315433070866
11
5.8067334645669293
21
-3.8502796062992126
0
LINE
8
BLACK
6
CONTINUOUS
10
5.8067334645669293
20
-3.8502796062992126
11
5.8089112204724405
21
-3.8504861023622046
0
LINE
8
BLACK
6
CONTINUOUS
10
5.8089112204724405
20
-3.8504861023622046
11
5.8091107086614171
21
-3.8505603543307085
0
LINE
8
BLACK
6
CONTINUOUS
10
5.8091107086614171
20
-3.8505603543307085
11
5.8093227559055114
21
-3.8505407086614172
0
LINE
8
BLACK
6
CONTINUOUS
10
5.8093227559055114
20
-3.8505407086614172
11
5.8115046850393703
21
-3.8509137795275588
0
LINE
8
BLACK
6
CONTINUOUS
10
5.8115046850393703
20
-3.8509137795275588
11
5.8116938188976377
21
-3.8510007874015746
0
LINE
8
BLACK
6
CONTINUOUS
10
5.8116938188976377
20
-3.8510007874015746
11
5.811902007874016
21
-3.8509967716535431
0
LINE
8
BLACK
6
CONTINUOUS
10
5.811902007874016
20
-3.8509967716535431
11
5.8140874409448822
21
-3.8515373228346457
0
LINE
8
BLACK
6
CONTINUOUS
10
5.8140874409448822
20
-3.8515373228346457
11
5.8142641338582672
21
-3.8516348031496062
0
LINE
8
BLACK
6
CONTINUOUS
10
5.8142641338582672
20
-3.8516348031496062
11
5.8144656692913381
21
-3.8516452362204725
0
LINE
8
BLACK
6
CONTINUOUS
10
5.8144656692913381
20
-3.8516452362204725
11
5.8166538188976373
21
-3.8523542519685039
0
LINE
8
BLACK
6
CONTINUOUS
10
5.8166538188976373
20
-3.8523542519685039
11
5.8168165354330705
21
-3.8524597244094489
0
LINE
8
BLACK
6
CONTINUOUS
10
5.8168165354330705
20
-3.8524597244094489
11
5.8170092125984247
21
-3.8524829133858267
0
LINE
8
BLACK
6
CONTINUOUS
10
5.8170092125984247
20
-3.8524829133858267
11
5.8191994488188978
21
-3.8533614173228345
0
LINE
8
BLACK
6
CONTINUOUS
10
5.8191994488188978
20
-3.8533614173228345
11
5.8193475196850395
21
-3.8534724015748032
0
LINE
8
BLACK
6
CONTINUOUS
10
5.8193475196850395
20
-3.8534724015748032
11
5.819529409448819
21
-3.8535063779527556
0
LINE
8
BLACK
6
CONTINUOUS
10
5.819529409448819
20
-3.8535063779527556
11
5.8217210236220467
21
-3.85455531496063
0
LINE
8
BLACK
6
CONTINUOUS
10
5.8217210236220467
20
-3.85455531496063
11
5.8218542913385827
21
-3.8546694488188975
0
LINE
8
BLACK
6
CONTINUOUS
10
5.8218542913385827
20
-3.8546694488188975
11
5.8220244094488187
21
-3.8547122047244096
0
LINE
8
BLACK
6
CONTINUOUS
10
5.8220244094488187
20
-3.8547122047244096
11
5.8242167322834648
21
-3.8559325196850391
0
LINE
8
BLACK
6
CONTINUOUS
10
5.8242167322834648
20
-3.8559325196850391
11
5.8243355511811021
21
-3.8560476771653542
0
LINE
8
BLACK
6
CONTINUOUS
10
5.8243355511811021
20
-3.8560476771653542
11
5.8244934251968505
21
-3.8560972440944883
0
LINE
8
BLACK
6
CONTINUOUS
10
5.8244934251968505
20
-3.8560972440944883
11
5.8266857480314957
21
-3.8574899212598424
0
LINE
8
BLACK
6
CONTINUOUS
10
5.8266857480314957
20
-3.8574899212598424
11
5.8267909842519687
21
-3.8576044488188974
0
LINE
8
BLACK
6
CONTINUOUS
10
5.8267909842519687
20
-3.8576044488188974
11
5.8269365748031499
21
-3.85765905511811
0
LINE
8
BLACK
6
CONTINUOUS
10
5.8269365748031499
20
-3.85765905511811
11
5.8291281889763775
21
-3.8592251574803149
0
LINE
8
BLACK
6
CONTINUOUS
10
5.8291281889763775
20
-3.8592251574803149
11
5.8292206692913382
21
-3.8593375196850395
0
LINE
8
BLACK
6
CONTINUOUS
10
5.8292206692913382
20
-3.8593375196850395
11
5.8293541732283467
21
-3.8593955118110235
0
LINE
8
BLACK
6
CONTINUOUS
10
5.8293541732283467
20
-3.8593955118110235
11
5.8315444094488189
21
-3.8611358661417321
0
LINE
8
BLACK
6
CONTINUOUS
10
5.8315444094488189
20
-3.8611358661417321
11
5.8316253937007874
21
-3.8612451968503936
0
LINE
8
BLACK
6
CONTINUOUS
10
5.8316253937007874
20
-3.8612451968503936
11
5.8317475984251965
21
-3.8613053543307085
0
LINE
8
BLACK
6
CONTINUOUS
10
5.8317475984251965
20
-3.8613053543307085
11
5.8339357480314957
21
-3.8632211023622047
0
LINE
8
BLACK
6
CONTINUOUS
10
5.8339357480314957
20
-3.8632211023622047
11
5.834006338582677
21
-3.8633265748031493
0
LINE
8
BLACK
6
CONTINUOUS
10
5.834006338582677
20
-3.8633265748031493
11
5.8341177165354328
21
-3.8633876771653544
0
LINE
8
BLACK
6
CONTINUOUS
10
5.8341177165354328
20
-3.8633876771653544
11
5.8363031102362202
21
-3.865479645669291
0
LINE
8
BLACK
6
CONTINUOUS
10
5.8363031102362202
20
-3.865479645669291
11
5.8363645669291335
21
-3.8655809055118109
0
LINE
8
BLACK
6
CONTINUOUS
10
5.8363645669291335
20
-3.8655809055118109
11
5.8364659842519684
21
-3.8656421653543305
0
LINE
8
BLACK
6
CONTINUOUS
10
5.8364659842519684
20
-3.8656421653543305
11
5.8386479133858264
21
-3.8679113385826769
0
LINE
8
BLACK
6
CONTINUOUS
10
5.8386479133858264
20
-3.8679113385826769
11
5.8387012204724407
21
-3.8680080314960628
0
LINE
8
BLACK
6
CONTINUOUS
10
5.8387012204724407
20
-3.8680080314960628
11
5.8387935039370076
21
-3.8680687401574803
0
LINE
8
BLACK
6
CONTINUOUS
10
5.8387935039370076
20
-3.8680687401574803
11
5.8409712598425196
21
-3.8705161417322835
0
LINE
8
BLACK
6
CONTINUOUS
10
5.8409712598425196
20
-3.8705161417322835
11
5.8410174803149602
21
-3.8706081889763779
0
LINE
8
BLACK
6
CONTINUOUS
10
5.8410174803149602
20
-3.8706081889763779
11
5.8411014566929129
21
-3.8706678740157479
0
LINE
8
BLACK
6
CONTINUOUS
10
5.8411014566929129
20
-3.8706678740157479
11
5.8432743700787402
21
-3.8732944881889764
0
LINE
8
BLACK
6
CONTINUOUS
10
5.8432743700787402
20
-3.8732944881889764
11
5.8432828740157481
21
-3.8733131102362206
0
LINE
8
BLACK
6
CONTINUOUS
10
5.8432828740157481
20
-3.8733131102362206
11
5.8453436220472437
21
-3.875807992125984
0
LINE
8
BLACK
6
CONTINUOUS
10
5.8453436220472437
20
-3.875807992125984
11
5.8473804330708656
21
-3.8781002362204724
0
LINE
8
BLACK
6
CONTINUOUS
10
5.8473804330708656
20
-3.8781002362204724
11
5.849404842519685
21
-3.880208149606299
0
LINE
8
BLACK
6
CONTINUOUS
10
5.849404842519685
20
-3.880208149606299
11
5.8514157086614169
21
-3.8821350393700786
0
LINE
8
BLACK
6
CONTINUOUS
10
5.8514157086614169
20
-3.8821350393700786
11
5.8534093307086614
21
-3.8838818897637792
0
LINE
8
BLACK
6
CONTINUOUS
10
5.8534093307086614
20
-3.8838818897637792
11
5.8553833464566925
21
-3.885451535433071
0
LINE
8
BLACK
6
CONTINUOUS
10
5.8553833464566925
20
-3.885451535433071
11
5.8573350787401575
21
-3.8868469291338581
0
LINE
8
BLACK
6
CONTINUOUS
10
5.8573350787401575
20
-3.8868469291338581
11
5.8592629527559055
21
-3.8880721259842517
0
LINE
8
BLACK
6
CONTINUOUS
10
5.8592629527559055
20
-3.8880721259842517
11
5.8611642125984247
21
-3.8891307086614173
0
LINE
8
BLACK
6
CONTINUOUS
10
5.8611642125984247
20
-3.8891307086614173
11
5.8630389763779522
21
-3.8900280708661414
0
LINE
8
BLACK
6
CONTINUOUS
10
5.8630389763779522
20
-3.8900280708661414
11
5.8648855118110239
21
-3.890768779527559
0
LINE
8
BLACK
6
CONTINUOUS
10
5.8648855118110239
20
-3.890768779527559
11
5.866706535433071
21
-3.8913587795275588
0
LINE
8
BLACK
6
CONTINUOUS
10
5.866706535433071
20
-3.8913587795275588
11
5.8685041732283461
21
-3.8918033858267718
0
LINE
8
BLACK
6
CONTINUOUS
10
5.8685041732283461
20
-3.8918033858267718
11
5.8702818503937007
21
-3.8921072440944879
0
LINE
8
BLACK
6
CONTINUOUS
10
5.8702818503937007
20
-3.8921072440944879
11
5.8720445275590549
21
-3.8922743307086614
0
LINE
8
BLACK
6
CONTINUOUS
10
5.8720445275590549
20
-3.8922743307086614
11
5.8737979133858262
21
-3.8923073228346454
0
LINE
8
BLACK
6
CONTINUOUS
10
5.8737979133858262
20
-3.8923073228346454
11
5.8755474015748028
21
-3.8922075984251969
0
LINE
8
BLACK
6
CONTINUOUS
10
5.8755474015748028
20
-3.8922075984251969
11
5.8773002755905512
21
-3.8919746850393699
0
LINE
8
BLACK
6
CONTINUOUS
10
5.8773002755905512
20
-3.8919746850393699
11
5.87906062992126
21
-3.8916072047244095
0
LINE
8
BLACK
6
CONTINUOUS
10
5.87906062992126
20
-3.8916072047244095
11
5.8808327165354326
21
-3.8911026377952753
0
LINE
8
BLACK
6
CONTINUOUS
10
5.8808327165354326
20
-3.8911026377952753
11
5.8826198818897639
21
-3.8904575196850395
0
LINE
8
BLACK
6
CONTINUOUS
10
5.8826198818897639
20
-3.8904575196850395
11
5.8844235433070864
21
-3.8896685039370076
0
LINE
8
BLACK
6
CONTINUOUS
10
5.8844235433070864
20
-3.8896685039370076
11
5.8862429921259842
21
-3.8887327559055116
0
LINE
8
BLACK
6
CONTINUOUS
10
5.8862429921259842
20
-3.8887327559055116
11
5.8880794488188979
21
-3.8876462992125984
0
LINE
8
BLACK
6
CONTINUOUS
10
5.8880794488188979
20
-3.8876462992125984
11
5.8899296850393696
21
-3.8864076377952754
0
LINE
8
BLACK
6
CONTINUOUS
10
5.8899296850393696
20
-3.8864076377952754
11
5.891791811023622
21
-3.8850149606299214
0
LINE
8
BLACK
6
CONTINUOUS
10
5.891791811023622
20
-3.8850149606299214
11
5.893665236220472
21
-3.8834655118110235
0
LINE
8
BLACK
6
CONTINUOUS
10
5.893665236220472
20
-3.8834655118110235
11
5.895545039370079
21
-3.8817605118110237
0
LINE
8
BLACK
6
CONTINUOUS
10
5.895545039370079
20
-3.8817605118110237
11
5.8974297244094487
21
-3.8798986614173225
0
LINE
8
BLACK
6
CONTINUOUS
10
5.8974297244094487
20
-3.8798986614173225
11
5.8993164960629922
21
-3.877880275590551
0
LINE
8
BLACK
6
CONTINUOUS
10
5.8993164960629922
20
-3.877880275590551
11
5.9012036220472437
21
-3.8757048031496062
0
LINE
8
BLACK
6
CONTINUOUS
10
5.9012036220472437
20
-3.8757048031496062
11
5.903144724409449
21
-3.8733037007874014
0
LINE
8
BLACK
6
CONTINUOUS
10
5.903144724409449
20
-3.8733037007874014
11
5.9054679921259838
21
-3.8716127952755905
0
LINE
8
BLACK
6
CONTINUOUS
10
5.9054679921259838
20
-3.8716127952755905
11
5.9083255118110234
21
-3.8713100393700786
0
LINE
8
BLACK
6
CONTINUOUS
10
5.9083255118110234
20
-3.8713100393700786
11
5.9109515354330711
21
-3.8724765748031493
0
LINE
8
BLACK
6
CONTINUOUS
10
5.9109515354330711
20
-3.8724765748031493
11
5.9126424803149602
21
-3.874799842519685
0
LINE
8
BLACK
6
CONTINUOUS
10
5.9126424803149602
20
-3.874799842519685
11
5.9129451968503934
21
-3.8776573622047241
0
LINE
8
BLACK
6
CONTINUOUS
10
5.9129451968503934
20
-3.8776573622047241
11
5.9117786614173227
21
-3.8802833858267713
0
LINE
8
BLACK
6
CONTINUOUS
10
5.9117786614173227
20
-3.8802833858267713
11
5.9097772440944878
21
-3.8827591732283464
0
LINE
8
BLACK
6
CONTINUOUS
10
5.9097772440944878
20
-3.8827591732283464
11
5.9096970078740156
21
-3.8828175590551179
0
LINE
8
BLACK
6
CONTINUOUS
10
5.9096970078740156
20
-3.8828175590551179
11
5.9096535826771648
21
-3.8829068503937005
0
LINE
8
BLACK
6
CONTINUOUS
10
5.9096535826771648
20
-3.8829068503937005
11
5.9076360629921263
21
-3.8852326377952755
0
LINE
8
BLACK
6
CONTINUOUS
10
5.9076360629921263
20
-3.8852326377952755
11
5.9075479921259841
21
-3.8852921259842517
0
LINE
8
BLACK
6
CONTINUOUS
10
5.9075479921259841
20
-3.8852921259842517
11
5.907498031496063
21
-3.8853859055118107
0
LINE
8
BLACK
6
CONTINUOUS
10
5.907498031496063
20
-3.8853859055118107
11
5.905465078740157
21
-3.8875607086614172
0
LINE
8
BLACK
6
CONTINUOUS
10
5.905465078740157
20
-3.8875607086614172
11
5.9053685039370079
21
-3.8876208661417322
0
LINE
8
BLACK
6
CONTINUOUS
10
5.9053685039370079
20
-3.8876208661417322
11
5.9053110629921255
21
-3.8877190157480315
0
LINE
8
BLACK
6
CONTINUOUS
10
5.9053110629921255
20
-3.8877190157480315
11
5.9032634251968501
21
-3.8897418503937007
0
LINE
8
BLACK
6
CONTINUOUS
10
5.9032634251968501
20
-3.8897418503937007
11
5.903157559055118
21
-3.8898020866141731
0
LINE
8
BLACK
6
CONTINUOUS
10
5.903157559055118
20
-3.8898020866141731
11
5.9030916141732286
21
-3.8899044881889764
0
LINE
8
BLACK
6
CONTINUOUS
10
5.9030916141732286
20
-3.8899044881889764
11
5.9010299606299208
21
-3.8917744488188974
0
LINE
8
BLACK
6
CONTINUOUS
10
5.9010299606299208
20
-3.8917744488188974
11
5.900913937007874
21
-3.8918340551181103
0
LINE
8
BLACK
6
CONTINUOUS
10
5.900913937007874
20
-3.8918340551181103
11
5.9008384251968504
21
-3.8919403543307087
0
LINE
8
BLACK
6
CONTINUOUS
10
5.9008384251968504
20
-3.8919403543307087
11
5.8987635433070862
21
-3.8936564566929133
0
LINE
8
BLACK
6
CONTINUOUS
10
5.8987635433070862
20
-3.8936564566929133
11
5.8986366535433072
21
-3.8937145275590552
0
LINE
8
BLACK
6
CONTINUOUS
10
5.8986366535433072
20
-3.8937145275590552
11
5.898550354330709
21
-3.8938241732283463
0
LINE
8
BLACK
6
CONTINUOUS
10
5.898550354330709
20
-3.8938241732283463
11
5.8964628346456696
21
-3.8953853937007872
0
LINE
8
BLACK
6
CONTINUOUS
10
5.8964628346456696
20
-3.8953853937007872
11
5.8963244094488187
21
-3.8954407086614173
0
LINE
8
BLACK
6
CONTINUOUS
10
5.8963244094488187
20
-3.8954407086614173
11
5.8962262204724407
21
-3.8955529133858269
0
LINE
8
BLACK
6
CONTINUOUS
10
5.8962262204724407
20
-3.8955529133858269
11
5.8941269291338578
21
-3.8969582677165353
0
LINE
8
BLACK
6
CONTINUOUS
10
5.8941269291338578
20
-3.8969582677165353
11
5.8939764960629919
21
-3.8970094488188978
0
LINE
8
BLACK
6
CONTINUOUS
10
5.8939764960629919
20
-3.8970094488188978
11
5.8938653543307087
21
-3.8971230314960628
0
LINE
8
BLACK
6
CONTINUOUS
10
5.8938653543307087
20
-3.8971230314960628
11
5.8917549212598423
21
-3.8983715748031496
0
LINE
8
BLACK
6
CONTINUOUS
10
5.8917549212598423
20
-3.8983715748031496
11
5.8915922834645666
21
-3.8984169685039367
0
LINE
8
BLACK
6
CONTINUOUS
10
5.8915922834645666
20
-3.8984169685039367
11
5.8914673228346457
21
-3.8985303937007871
0
LINE
8
BLACK
6
CONTINUOUS
10
5.8914673228346457
20
-3.8985303937007871
11
5.8893464566929135
21
-3.8996211811023622
0
LINE
8
BLACK
6
CONTINUOUS
10
5.8893464566929135
20
-3.8996211811023622
11
5.8891719685039368
21
-3.899658937007874
0
LINE
8
BLACK
6
CONTINUOUS
10
5.8891719685039368
20
-3.899658937007874
11
5.8890324409448818
21
-3.8997704724409448
0
LINE
8
BLACK
6
CONTINUOUS
10
5.8890324409448818
20
-3.8997704724409448
11
5.886901889763779
21
-3.9007025196850393
0
LINE
8
BLACK
6
CONTINUOUS
10
5.886901889763779
20
-3.9007025196850393
11
5.8867159448818898
21
-3.9007307086614174
0
LINE
8
BLACK
6
CONTINUOUS
10
5.8867159448818898
20
-3.9007307086614174
11
5.8865616929133857
21
-3.9008381496062992
0
LINE
8
BLACK
6
CONTINUOUS
10
5.8865616929133857
20
-3.9008381496062992
11
5.8844221259842522
21
-3.9016104330708661
0
LINE
8
BLACK
6
CONTINUOUS
10
5.8844221259842522
20
-3.9016104330708661
11
5.8842263385826774
21
-3.9016270078740156
0
LINE
8
BLACK
6
CONTINUOUS
10
5.8842263385826774
20
-3.9016270078740156
11
5.8840577559055118
21
-3.9017279133858267
0
LINE
8
BLACK
6
CONTINUOUS
10
5.8840577559055118
20
-3.9017279133858267
11
5.881909921259842
21
-3.9023395275590551
0
LINE
8
BLACK
6
CONTINUOUS
10
5.881909921259842
20
-3.9023395275590551
11
5.8817059842519681
21
-3.9023426771653544
0
LINE
8
BLACK
6
CONTINUOUS
10
5.8817059842519681
20
-3.9023426771653544
11
5.8815239370078736
21
-3.9024346456692913
0
LINE
8
BLACK
6
CONTINUOUS
10
5.8815239370078736
20
-3.9024346456692913
11
5.8793685826771656
21
-3.9028845669291337
0
LINE
8
BLACK
6
CONTINUOUS
10
5.8793685826771656
20
-3.9028845669291337
11
5.8791591338582672
21
-3.9028727952755906
0
LINE
8
BLACK
6
CONTINUOUS
10
5.8791591338582672
20
-3.9028727952755906
11
5.8789653937007875
21
-3.9029533464566928
0
LINE
8
BLACK
6
CONTINUOUS
10
5.8789653937007875
20
-3.9029533464566928
11
5.8768031102362199
21
-3.9032406299212599
0
LINE
8
BLACK
6
CONTINUOUS
10
5.8768031102362199
20
-3.9032406299212599
11
5.8765909842519681
21
-3.9032129527559056
0
LINE
8
BLACK
6
CONTINUOUS
10
5.8765909842519681
20
-3.9032129527559056
11
5.8763879527559055
21
-3.9032799606299213
0
LINE
8
BLACK
6
CONTINUOUS
10
5.8763879527559055
20
-3.9032799606299213
11
5.8742195669291339
21
-3.9034035826771651
0
LINE
8
BLACK
6
CONTINUOUS
10
5.8742195669291339
20
-3.9034035826771651
11
5.8740084645669288
21
-3.9033597244094489
0
LINE
8
BLACK
6
CONTINUOUS
10
5.8740084645669288
20
-3.9033597244094489
11
5.8737991732283463
21
-3.9034116141732285
0
LINE
8
BLACK
6
CONTINUOUS
10
5.8737991732283463
20
-3.9034116141732285
11
5.8716253937007874
21
-3.9033707086614173
0
LINE
8
BLACK
6
CONTINUOUS
10
5.8716253937007874
20
-3.9033707086614173
11
5.8714184251968504
21
-3.903311023622047
0
LINE
8
BLACK
6
CONTINUOUS
10
5.8714184251968504
20
-3.903311023622047
11
5.8712060236220474
21
-3.9033469291338583
0
LINE
8
BLACK
6
CONTINUOUS
10
5.8712060236220474
20
-3.9033469291338583
11
5.869027519685039
21
-3.9031404330708659
0
LINE
8
BLACK
6
CONTINUOUS
10
5.869027519685039
20
-3.9031404330708659
11
5.8688279527559057
21
-3.9030661417322832
0
LINE
8
BLACK
6
CONTINUOUS
10
5.8688279527559057
20
-3.9030661417322832
11
5.8686159842519681
21
-3.9030858267716533
0
LINE
8
BLACK
6
CONTINUOUS
10
5.8686159842519681
20
-3.9030858267716533
11
5.8664335039370075
21
-3.9027127559055117
0
LINE
8
BLACK
6
CONTINUOUS
10
5.8664335039370075
20
-3.9027127559055117
11
5.8662443700787401
21
-3.9026257480314959
0
LINE
8
BLACK
6
CONTINUOUS
10
5.8662443700787401
20
-3.9026257480314959
11
5.8660362204724406
21
-3.9026298031496061
0
LINE
8
BLACK
6
CONTINUOUS
10
5.8660362204724406
20
-3.9026298031496061
11
5.8638503937007869
21
-3.902089251968504
0
LINE
8
BLACK
6
CONTINUOUS
10
5.8638503937007869
20
-3.902089251968504
11
5.8636735826771655
21
-3.9019916929133855
0
LINE
8
BLACK
6
CONTINUOUS
10
5.8636735826771655
20
-3.9019916929133855
11
5.8634720866141734
21
-3.9019812992125984
0
LINE
8
BLACK
6
CONTINUOUS
10
5.8634720866141734
20
-3.9019812992125984
11
5.8612837401574804
21
-3.901272283464567
0
LINE
8
BLACK
6
CONTINUOUS
10
5.8612837401574804
20
-3.901272283464567
11
5.8611208661417322
21
-3.9011666929133857
0
LINE
8
BLACK
6
CONTINUOUS
10
5.8611208661417322
20
-3.9011666929133857
11
5.860928188976378
21
-3.9011435433070867
0
LINE
8
BLACK
6
CONTINUOUS
10
5.860928188976378
20
-3.9011435433070867
11
5.8587379921259846
21
-3.9002650393700788
0
LINE
8
BLACK
6
CONTINUOUS
10
5.8587379921259846
20
-3.9002650393700788
11
5.8585898425196845
21
-3.9001539763779527
0
LINE
8
BLACK
6
CONTINUOUS
10
5.8585898425196845
20
-3.9001539763779527
11
5.8584077952755909
21
-3.9001199999999998
0
LINE
8
BLACK
6
CONTINUOUS
10
5.8584077952755909
20
-3.9001199999999998
11
5.8562164566929136
21
-3.8990710629921259
0
LINE
8
BLACK
6
CONTINUOUS
10
5.8562164566929136
20
-3.8990710629921259
11
5.8560830314960626
21
-3.8989567716535434
0
LINE
8
BLACK
6
CONTINUOUS
10
5.8560830314960626
20
-3.8989567716535434
11
5.8559127952755903
21
-3.8989140157480313
0
LINE
8
BLACK
6
CONTINUOUS
10
5.8559127952755903
20
-3.8989140157480313
11
5.8537210236220467
21
-3.8976936614173225
0
LINE
8
BLACK
6
CONTINUOUS
10
5.8537210236220467
20
-3.8976936614173225
11
5.8536020472440944
21
-3.8975783070866141
0
LINE
8
BLACK
6
CONTINUOUS
10
5.8536020472440944
20
-3.8975783070866141
11
5.853444015748031
21
-3.8975287007874013
0
LINE
8
BLACK
6
CONTINUOUS
10
5.853444015748031
20
-3.8975287007874013
11
5.8512525196850396
21
-3.8961359842519685
0
LINE
8
BLACK
6
CONTINUOUS
10
5.8512525196850396
20
-3.8961359842519685
11
5.8511472047244091
21
-3.8960212992125984
0
LINE
8
BLACK
6
CONTINUOUS
10
5.8511472047244091
20
-3.8960212992125984
11
5.8510014960629917
21
-3.8959666535433071
0
LINE
8
BLACK
6
CONTINUOUS
10
5.8510014960629917
20
-3.8959666535433071
11
5.848811023622047
21
-3.8944005905511809
0
LINE
8
BLACK
6
CONTINUOUS
10
5.848811023622047
20
-3.8944005905511809
11
5.8487183464566925
21
-3.8942879133858268
0
LINE
8
BLACK
6
CONTINUOUS
10
5.8487183464566925
20
-3.8942879133858268
11
5.8485846062992124
21
-3.8942298031496061
0
LINE
8
BLACK
6
CONTINUOUS
10
5.8485846062992124
20
-3.8942298031496061
11
5.8463958661417319
21
-3.8924894094488187
0
LINE
8
BLACK
6
CONTINUOUS
10
5.8463958661417319
20
-3.8924894094488187
11
5.8463147244094484
21
-3.8923798425196852
0
LINE
8
BLACK
6
CONTINUOUS
10
5.8463147244094484
20
-3.8923798425196852
11
5.8461924803149605
21
-3.8923196062992127
0
LINE
8
BLACK
6
CONTINUOUS
10
5.8461924803149605
20
-3.8923196062992127
11
5.8440061811023618
21
-3.890403937007874
0
LINE
8
BLACK
6
CONTINUOUS
10
5.8440061811023618
20
-3.890403937007874
11
5.8439353937007876
21
-3.8902981102362202
0
LINE
8
BLACK
6
CONTINUOUS
10
5.8439353937007876
20
-3.8902981102362202
11
5.843823858267716
21
-3.8902368503937006
0
LINE
8
BLACK
6
CONTINUOUS
10
5.843823858267716
20
-3.8902368503937006
11
5.8416406692913387
21
-3.8881449212598422
0
LINE
8
BLACK
6
CONTINUOUS
10
5.8416406692913387
20
-3.8881449212598422
11
5.8415790944881891
21
-3.8880433464566928
0
LINE
8
BLACK
6
CONTINUOUS
10
5.8415790944881891
20
-3.8880433464566928
11
5.841477559055118
21
-3.887981968503937
0
LINE
8
BLACK
6
CONTINUOUS
10
5.841477559055118
20
-3.887981968503937
11
5.8392982283464567
21
-3.8857127559055118
0
LINE
8
BLACK
6
CONTINUOUS
10
5.8392982283464567
20
-3.8857127559055118
11
5.8392448031496063
21
-3.8856157480314959
0
LINE
8
BLACK
6
CONTINUOUS
10
5.8392448031496063
20
-3.8856157480314959
11
5.8391523228346456
21
-3.8855548425196851
0
LINE
8
BLACK
6
CONTINUOUS
10
5.8391523228346456
20
-3.8855548425196851
11
5.8369775984251966
21
-3.8831074015748031
0
LINE
8
BLACK
6
CONTINUOUS
10
5.8369775984251966
20
-3.8831074015748031
11
5.8369312992125986
21
-3.8830150787401574
0
LINE
8
BLACK
6
CONTINUOUS
10
5.8369312992125986
20
-3.8830150787401574
11
5.836847283464567
21
-3.8829552755905512
0
LINE
8
BLACK
6
CONTINUOUS
10
5.836847283464567
20
-3.8829552755905512
11
5.8346777952755904
21
-3.8803286614173227
0
LINE
8
BLACK
6
CONTINUOUS
10
5.8346777952755904
20
-3.8803286614173227
11
5.8346694094488187
21
-3.8803103149606297
0
LINE
8
BLACK
6
CONTINUOUS
10
5.8346694094488187
20
-3.8803103149606297
11
5.8326102362204724
21
-3.877821181102362
0
LINE
8
BLACK
6
CONTINUOUS
10
5.8326102362204724
20
-3.877821181102362
11
5.8305703543307086
21
-3.875528779527559
0
LINE
8
BLACK
6
CONTINUOUS
10
5.8305703543307086
20
-3.875528779527559
11
5.8285429133858262
21
-3.8734202362204724
0
LINE
8
BLACK
6
CONTINUOUS
10
5.8285429133858262
20
-3.8734202362204724
11
5.826529842519685
21
-3.8714932283464565
0
LINE
8
BLACK
6
CONTINUOUS
10
5.826529842519685
20
-3.8714932283464565
11
5.8245336614173224
21
-3.8697455905511808
0
LINE
8
BLACK
6
CONTINUOUS
10
5.8245336614173224
20
-3.8697455905511808
11
5.8225581496062988
21
-3.868175866141732
0
LINE
8
BLACK
6
CONTINUOUS
10
5.8225581496062988
20
-3.868175866141732
11
5.8206046062992121
21
-3.8667798818897636
0
LINE
8
BLACK
6
CONTINUOUS
10
5.8206046062992121
20
-3.8667798818897636
11
5.8186765354330712
21
-3.8655550393700788
0
LINE
8
BLACK
6
CONTINUOUS
10
5.8186765354330712
20
-3.8655550393700788
11
5.8167740944881885
21
-3.8644960236220474
0
LINE
8
BLACK
6
CONTINUOUS
10
5.8167740944881885
20
-3.8644960236220474
11
5.814898661417323
21
-3.8635984251968503
0
LINE
8
BLACK
6
CONTINUOUS
10
5.814898661417323
20
-3.8635984251968503
11
5.8130512204724409
21
-3.8628574409448819
0
LINE
8
BLACK
6
CONTINUOUS
10
5.8130512204724409
20
-3.8628574409448819
11
5.8112305118110239
21
-3.8622675196850391
0
LINE
8
BLACK
6
CONTINUOUS
10
5.8112305118110239
20
-3.8622675196850391
11
5.809433503937008
21
-3.8618230314960629
0
LINE
8
BLACK
6
CONTINUOUS
10
5.809433503937008
20
-3.8618230314960629
11
5.8076562598425197
21
-3.8615191338582675
0
LINE
8
BLACK
6
CONTINUOUS
10
5.8076562598425197
20
-3.8615191338582675
11
5.8058948818897633
21
-3.861352125984252
0
LINE
8
BLACK
6
CONTINUOUS
10
5.8058948818897633
20
-3.861352125984252
11
5.8041424015748033
21
-3.8613190944881888
0
LINE
8
BLACK
6
CONTINUOUS
10
5.8041424015748033
20
-3.8613190944881888
11
5.8023939763779531
21
-3.8614188582677165
0
LINE
8
BLACK
6
CONTINUOUS
10
5.8023939763779531
20
-3.8614188582677165
11
5.8006422047244097
21
-3.8616517322834647
0
LINE
8
BLACK
6
CONTINUOUS
10
5.8006422047244097
20
-3.8616517322834647
11
5.7988831889763777
21
-3.8620190944881889
0
LINE
8
BLACK
6
CONTINUOUS
10
5.7988831889763777
20
-3.8620190944881889
11
5.7971125196850393
21
-3.8625235826771651
0
LINE
8
BLACK
6
CONTINUOUS
10
5.7971125196850393
20
-3.8625235826771651
11
5.7953267322834643
21
-3.8631685433070864
0
LINE
8
BLACK
6
CONTINUOUS
10
5.7953267322834643
20
-3.8631685433070864
11
5.7935246062992123
21
-3.8639574015748033
0
LINE
8
BLACK
6
CONTINUOUS
10
5.7935246062992123
20
-3.8639574015748033
11
5.7917060629921258
21
-3.8648932283464568
0
LINE
8
BLACK
6
CONTINUOUS
10
5.7917060629921258
20
-3.8648932283464568
11
5.789871377952756
21
-3.8659792519685037
0
LINE
8
BLACK
6
CONTINUOUS
10
5.789871377952756
20
-3.8659792519685037
11
5.7880216141732284
21
-3.8672181889763779
0
LINE
8
BLACK
6
CONTINUOUS
10
5.7880216141732284
20
-3.8672181889763779
11
5.7861606299212598
21
-3.8686107086614174
0
LINE
8
BLACK
6
CONTINUOUS
10
5.7861606299212598
20
-3.8686107086614174
11
5.7842882283464565
21
-3.8701600393700786
0
LINE
8
BLACK
6
CONTINUOUS
10
5.7842882283464565
20
-3.8701600393700786
11
5.7824097244094483
21
-3.8718644881889763
0
LINE
8
BLACK
6
CONTINUOUS
10
5.7824097244094483
20
-3.8718644881889763
11
5.7805243700787399
21
-3.8737276377952754
0
LINE
8
BLACK
6
CONTINUOUS
10
5.7805243700787399
20
-3.8737276377952754
11
5.7786374409448822
21
-3.8757467322834644
0
LINE
8
BLACK
6
CONTINUOUS
10
5.7786374409448822
20
-3.8757467322834644
11
5.7767514960629924
21
-3.8779211417322834
0
LINE
8
BLACK
6
CONTINUOUS
10
5.7767514960629924
20
-3.8779211417322834
11
5.7748102362204721
21
-3.8803226377952753
0
LINE
8
BLACK
6
CONTINUOUS
10
5.7748102362204721
20
-3.8803226377952753
11
5.772487007874016
21
-3.8820136220472441
0
LINE
8
BLACK
6
CONTINUOUS
10
5.772487007874016
20
-3.8820136220472441
11
5.7696294881889765
21
-3.8823164566929131
0
LINE
8
BLACK
6
CONTINUOUS
10
5.7696294881889765
20
-3.8823164566929131
11
5.7670034645669288
21
-3.8811499606299211
0
LINE
8
BLACK
6
CONTINUOUS
10
5.7670034645669288
20
-3.8811499606299211
11
5.7653124409448822
21
-3.8788267322834646
0
LINE
8
BLACK
6
CONTINUOUS
10
5.7653124409448822
20
-3.8788267322834646
11
5.7650096456692914
21
-3.8759692125984251
0
LINE
8
BLACK
6
CONTINUOUS
10
5.7650096456692914
20
-3.8759692125984251
11
5.7661761417322834
21
-3.8733431889763779
0
LINE
8
BLACK
6
CONTINUOUS
10
5.7661761417322834
20
-3.8733431889763779
11
5.7681774409448821
21
-3.870867440944882
0
LINE
8
BLACK
6
CONTINUOUS
10
5.7681774409448821
20
-3.870867440944882
11
5.7682575590551179
21
-3.8708090944881888
0
LINE
8
BLACK
6
CONTINUOUS
10
5.7682575590551179
20
-3.8708090944881888
11
5.76830094488189
21
-3.8707199606299212
0
LINE
8
BLACK
6
CONTINUOUS
10
5.76830094488189
20
-3.8707199606299212
11
5.7703181889763782
21
-3.8683941338582675
0
LINE
8
BLACK
6
CONTINUOUS
10
5.7703181889763782
20
-3.8683941338582675
11
5.7704060629921257
21
-3.8683346850393701
0
LINE
8
BLACK
6
CONTINUOUS
10
5.7704060629921257
20
-3.8683346850393701
11
5.770455984251968
21
-3.8682411023622048
0
LINE
8
BLACK
6
CONTINUOUS
10
5.770455984251968
20
-3.8682411023622048
11
5.7724884251968502
21
-3.8660662992125983
0
LINE
8
BLACK
6
CONTINUOUS
10
5.7724884251968502
20
-3.8660662992125983
11
5.7725848425196853
21
-3.8660061417322833
0
LINE
8
BLACK
6
CONTINUOUS
10
5.7725848425196853
20
-3.8660061417322833
11
5.772642244094488
21
-3.865908149606299
0
LINE
8
BLACK
6
CONTINUOUS
10
5.772642244094488
20
-3.865908149606299
11
5.7746892125984255
21
-3.8638852755905511
0
LINE
8
BLACK
6
CONTINUOUS
10
5.7746892125984255
20
-3.8638852755905511
11
5.7747950393700789
21
-3.8638249999999998
0
LINE
8
BLACK
6
CONTINUOUS
10
5.7747950393700789
20
-3.8638249999999998
11
5.7748609448818895
21
-3.8637226771653541
0
LINE
8
BLACK
6
CONTINUOUS
10
5.7748609448818895
20
-3.8637226771653541
11
5.7769217322834647
21
-3.8618527559055118
0
LINE
8
BLACK
6
CONTINUOUS
10
5.7769217322834647
20
-3.8618527559055118
11
5.7770375984251965
21
-3.8617931496062989
0
LINE
8
BLACK
6
CONTINUOUS
10
5.7770375984251965
20
-3.8617931496062989
11
5.7771131102362201
21
-3.8616868897637793
0
LINE
8
BLACK
6
CONTINUOUS
10
5.7771131102362201
20
-3.8616868897637793
11
5.7791870472440943
21
-3.8599708661417322
0
LINE
8
BLACK
6
CONTINUOUS
10
5.7791870472440943
20
-3.8599708661417322
11
5.7793138582677166
21
-3.8599127559055115
0
LINE
8
BLACK
6
CONTINUOUS
10
5.7793138582677166
20
-3.8599127559055115
11
5.7794001181102361
21
-3.8598031496062992
0
LINE
8
BLACK
6
CONTINUOUS
10
5.7794001181102361
20
-3.8598031496062992
11
5.7814865354330705
21
-3.8582419291338583
0
LINE
8
BLACK
6
CONTINUOUS
10
5.7814865354330705
20
-3.8582419291338583
11
5.7816248818897638
21
-3.8581865354330707
0
LINE
8
BLACK
6
CONTINUOUS
10
5.7816248818897638
20
-3.8581865354330707
11
5.7817231102362205
21
-3.8580743307086611
0
LINE
8
BLACK
6
CONTINUOUS
10
5.7817231102362205
20
-3.8580743307086611
11
5.7838212992125984
21
-3.8566689763779527
0
LINE
8
BLACK
6
CONTINUOUS
10
5.7838212992125984
20
-3.8566689763779527
11
5.7839716929133855
21
-3.8566177165354332
0
LINE
8
BLACK
6
CONTINUOUS
10
5.7839716929133855
20
-3.8566177165354332
11
5.7840828346456687
21
-3.8565041732283465
0
LINE
8
BLACK
6
CONTINUOUS
10
5.7840828346456687
20
-3.8565041732283465
11
5.7861921259842521
21
-3.8552555905511809
0
LINE
8
BLACK
6
CONTINUOUS
10
5.7861921259842521
20
-3.8552555905511809
11
5.7863546850393703
21
-3.8552101181102363
0
LINE
8
BLACK
6
CONTINUOUS
10
5.7863546850393703
20
-3.8552101181102363
11
5.7864797637795276
21
-3.8550966141732284
0
LINE
8
BLACK
6
CONTINUOUS
10
5.7864797637795276
20
-3.8550966141732284
11
5.7885993700787397
21
-3.854005866141732
0
LINE
8
BLACK
6
CONTINUOUS
10
5.7885993700787397
20
-3.854005866141732
11
5.7887739370078739
21
-3.853967992125984
0
LINE
8
BLACK
6
CONTINUOUS
10
5.7887739370078739
20
-3.853967992125984
11
5.7889134645669289
21
-3.853856496062992
0
LINE
8
BLACK
6
CONTINUOUS
10
5.7889134645669289
20
-3.853856496062992
11
5.7910427952755903
21
-3.8529244488188974
0
LINE
8
BLACK
6
CONTINUOUS
10
5.7910427952755903
20
-3.8529244488188974
11
5.7912287795275592
21
-3.8528961811023623
0
LINE
8
BLACK
6
CONTINUOUS
10
5.7912287795275592
20
-3.8528961811023623
11
5.7913831102362208
21
-3.8527887007874013
0
LINE
8
BLACK
6
CONTINUOUS
10
5.7913831102362208
20
-3.8527887007874013
11
5.793521456692913
21
-3.8520164173228344
0
LINE
8
BLACK
6
CONTINUOUS
10
5.793521456692913
20
-3.8520164173228344
11
5.7937173228346452
21
-3.8519997637795274
0
LINE
8
BLACK
6
CONTINUOUS
10
5.7937173228346452
20
-3.8519997637795274
11
5.7938859842519683
21
-3.8518988188976375
0
LINE
8
BLACK
6
CONTINUOUS
10
5.7938859842519683
20
-3.8518988188976375
11
5.7960325984251968
21
-3.8512872047244096
0
LINE
8
BLACK
6
CONTINUOUS
10
5.7960325984251968
20
-3.8512872047244096
11
5.7962366141732282
21
-3.8512839763779527
0
LINE
8
BLACK
6
CONTINUOUS
10
5.7962366141732282
20
-3.8512839763779527
11
5.7964188188976378
21
-3.8511919685039371
0
LINE
8
BLACK
6
CONTINUOUS
10
5.7964188188976378
20
-3.8511919685039371
11
5.7985730708661416
21
-3.8507420472440943
0
LINE
8
BLACK
6
CONTINUOUS
10
5.7985730708661416
20
-3.8507420472440943
11
5.7987825984251966
21
-3.8507537401574803
0
LINE
8
BLACK
6
CONTINUOUS
10
5.7987825984251966
20
-3.8507537401574803
11
5.7989764960629921
21
-3.8506731889763777
0
LINE
8
BLACK
6
CONTINUOUS
10
5.7989764960629921
20
-3.8506731889763777
11
5.8011376771653538
21
-3.850385905511811
0
LINE
8
BLACK
6
CONTINUOUS
10
5.8011376771653538
20
-3.850385905511811
11
5.8013498031496065
21
-3.8504135433070865
0
LINE
8
BLACK
6
CONTINUOUS
10
5.8013498031496065
20
-3.8504135433070865
11
5.8015529133858266
21
-3.8503465354330708
0
LINE
8
BLACK
6
CONTINUOUS
10
5.8015529133858266
20
-3.8503465354330708
11
5.8037203149606302
21
-3.8502228740157478
0
LINE
8
BLACK
6
CONTINUOUS
10
5.8037203149606302
20
-3.8502228740157478
11
5.8039315748031495
21
-3.8502667322834645
0
LINE
8
BLACK
6
CONTINUOUS
10
5.8039315748031495
20
-3.8502667322834645
11
5.8041410629921257
21
-3.8502148425196849
0
LINE
8
BLACK
6
CONTINUOUS
10
5.8041410629921257
20
-3.8502148425196849
11
5.8063140551181105
21
-3.8502557874015748
0
LINE
8
BLACK
6
CONTINUOUS
10
5.8063140551181105
20
-3.7987457086614174
11
5.8065210629921262
21
-3.7988053543307085
0
LINE
8
BLACK
6
CONTINUOUS
10
5.8065210629921262
20
-3.7988053543307085
11
5.8067334645669293
21
-3.7987695275590552
0
LINE
8
BLACK
6
CONTINUOUS
10
5.8067334645669293
20
-3.7987695275590552
11
5.8089112204724405
21
-3.7989760236220471
0
LINE
8
BLACK
6
CONTINUOUS
10
5.8089112204724405
20
-3.7989760236220471
11
5.8091107086614171
21
-3.7990502755905511
0
LINE
8
BLACK
6
CONTINUOUS
10
5.8091107086614171
20
-3.7990502755905511
11
5.8093227559055114
21
-3.7990306299212597
0
LINE
8
BLACK
6
CONTINUOUS
10
5.8093227559055114
20
-3.7990306299212597
11
5.8115046850393703
21
-3.7994037007874013
0
LINE
8
BLACK
6
CONTINUOUS
10
5.8115046850393703
20
-3.7994037007874013
11
5.8116938188976377
21
-3.7994907086614171
0
LINE
8
BLACK
6
CONTINUOUS
10
5.8116938188976377
20
-3.7994907086614171
11
5.811902007874016
21
-3.7994866929133857
0
LINE
8
BLACK
6
CONTINUOUS
10
5.811902007874016
20
-3.7994866929133857
11
5.8140874409448822
21
-3.8000272440944882
0
LINE
8
BLACK
6
CONTINUOUS
10
5.8140874409448822
20
-3.8000272440944882
11
5.8142641338582672
21
-3.8001247244094487
0
LINE
8
BLACK
6
CONTINUOUS
10
5.8142641338582672
20
-3.8001247244094487
11
5.8144656692913381
21
-3.8001351574803151
0
LINE
8
BLACK
6
CONTINUOUS
10
5.8144656692913381
20
-3.8001351574803151
11
5.8166538188976373
21
-3.8008441732283464
0
LINE
8
BLACK
6
CONTINUOUS
10
5.8166538188976373
20
-3.8008441732283464
11
5.8168165354330705
21
-3.8009496456692911
0
LINE
8
BLACK
6
CONTINUOUS
10
5.8168165354330705
20
-3.8009496456692911
11
5.8170092125984247
21
-3.8009728346456693
0
LINE
8
BLACK
6
CONTINUOUS
10
5.8170092125984247
20
-3.8009728346456693
11
5.8191994488188978
21
-3.8018513385826771
0
LINE
8
BLACK
6
CONTINUOUS
10
5.8191994488188978
20
-3.8018513385826771
11
5.8193475196850395
21
-3.8019623228346457
0
LINE
8
BLACK
6
CONTINUOUS
10
5.8193475196850395
20
-3.8019623228346457
11
5.819529409448819
21
-3.8019962992125982
0
LINE
8
BLACK
6
CONTINUOUS
10
5.819529409448819
20
-3.8019962992125982
11
5.8217210236220467
21
-3.8030452362204725
0
LINE
8
BLACK
6
CONTINUOUS
10
5.8217210236220467
20
-3.8030452362204725
11
5.8218542913385827
21
-3.8031593700787401
0
LINE
8
BLACK
6
CONTINUOUS
10
5.8218542913385827
20
-3.8031593700787401
11
5.8220244094488187
21
-3.8032021259842517
0
LINE
8
BLACK
6
CONTINUOUS
10
5.8220244094488187
20
-3.8032021259842517
11
5.8242167322834648
21
-3.8044224409448817
0
LINE
8
BLACK
6
CONTINUOUS
10
5.8242167322834648
20
-3.8044224409448817
11
5.8243355511811021
21
-3.8045375984251968
0
LINE
8
BLACK
6
CONTINUOUS
10
5.8243355511811021
20
-3.8045375984251968
11
5.8244934251968505
21
-3.8045871653543308
0
LINE
8
BLACK
6
CONTINUOUS
10
5.8244934251968505
20
-3.8045871653543308
11
5.8266857480314957
21
-3.8059798425196849
0
LINE
8
BLACK
6
CONTINUOUS
10
5.8266857480314957
20
-3.8059798425196849
11
5.8267909842519687
21
-3.80609437007874
0
LINE
8
BLACK
6
CONTINUOUS
10
5.8267909842519687
20
-3.80609437007874
11
5.8269365748031499
21
-3.8061489763779526
0
LINE
8
BLACK
6
CONTINUOUS
10
5.8269365748031499
20
-3.8061489763779526
11
5.8291281889763775
21
-3.8077150787401575
0
LINE
8
BLACK
6
CONTINUOUS
10
5.8291281889763775
20
-3.8077150787401575
11
5.8292206692913382
21
-3.807827440944882
0
LINE
8
BLACK
6
CONTINUOUS
10
5.8292206692913382
20
-3.807827440944882
11
5.8293541732283467
21
-3.807885433070866
0
LINE
8
BLACK
6
CONTINUOUS
10
5.8293541732283467
20
-3.807885433070866
11
5.8315444094488189
21
-3.8096257874015746
0
LINE
8
BLACK
6
CONTINUOUS
10
5.8315444094488189
20
-3.8096257874015746
11
5.8316253937007874
21
-3.8097351181102361
0
LINE
8
BLACK
6
CONTINUOUS
10
5.8316253937007874
20
-3.8097351181102361
11
5.8317475984251965
21
-3.8097952755905511
0
LINE
8
BLACK
6
CONTINUOUS
10
5.8317475984251965
20
-3.8097952755905511
11
5.8339357480314957
21
-3.8117110236220473
0
LINE
8
BLACK
6
CONTINUOUS
10
5.8339357480314957
20
-3.8117110236220473
11
5.834006338582677
21
-3.8118164960629919
0
LINE
8
BLACK
6
CONTINUOUS
10
5.834006338582677
20
-3.8118164960629919
11
5.8341177165354328
21
-3.8118775984251969
0
LINE
8
BLACK
6
CONTINUOUS
10
5.8341177165354328
20
-3.8118775984251969
11
5.8363031102362202
21
-3.8139695669291336
0
LINE
8
BLACK
6
CONTINUOUS
10
5.8363031102362202
20
-3.8139695669291336
11
5.8363645669291335
21
-3.8140708267716534
0
LINE
8
BLACK
6
CONTINUOUS
10
5.8363645669291335
20
-3.8140708267716534
11
5.8364659842519684
21
-3.814132086614173
0
LINE
8
BLACK
6
CONTINUOUS
10
5.8364659842519684
20
-3.814132086614173
11
5.8386479133858264
21
-3.8164012598425194
0
LINE
8
BLACK
6
CONTINUOUS
10
5.8386479133858264
20
-3.8164012598425194
11
5.8387012204724407
21
-3.8164979527559053
0
LINE
8
BLACK
6
CONTINUOUS
10
5.8387012204724407
20
-3.8164979527559053
11
5.8387935039370076
21
-3.8165586614173228
0
LINE
8
BLACK
6
CONTINUOUS
10
5.8387935039370076
20
-3.8165586614173228
11
5.8409712598425196
21
-3.8190060629921261
0
LINE
8
BLACK
6
CONTINUOUS
10
5.8409712598425196
20
-3.8190060629921261
11
5.8410174803149602
21
-3.8190981102362205
0
LINE
8
BLACK
6
CONTINUOUS
10
5.8410174803149602
20
-3.8190981102362205
11
5.8411014566929129
21
-3.8191577952755904
0
LINE
8
BLACK
6
CONTINUOUS
10
5.8411014566929129
20
-3.8191577952755904
11
5.8412251574803147
21
-3.8193073228346455
0
LINE
8
BLACK
6
CONTINUOUS
10
5.8412251574803147
20
-3.8193073228346455
11
5.8635823622047241
21
-3.8095482677165355
0
LINE
8
BLACK
6
CONTINUOUS
10
5.8635823622047241
20
-3.8095482677165355
11
5.8666050393700786
21
-3.8090921259842521
0
LINE
8
BLACK
6
CONTINUOUS
10
5.8666050393700786
20
-3.8090921259842521
11
5.8694508661417322
21
-3.8102084251968504
0
LINE
8
BLACK
6
CONTINUOUS
10
5.8694508661417322
20
-3.8102084251968504
11
5.8713572440944883
21
-3.8125981102362205
0
LINE
8
BLACK
6
CONTINUOUS
10
5.8713572440944883
20
-3.8125981102362205
11
5.8718133858267718
21
-3.8156207874015746
0
LINE
8
BLACK
6
CONTINUOUS
10
5.8718133858267718
20
-3.8156207874015746
11
5.8706970866141734
21
-3.8184666141732282
0
LINE
8
BLACK
6
CONTINUOUS
10
5.8706970866141734
20
-3.8184666141732282
11
5.8683074015748034
21
-3.8203729921259844
0
LINE
8
BLACK
6
CONTINUOUS
10
5.8683074015748034
20
-3.8203729921259844
11
5.8493547637795276
21
-3.8286459448818895
0
LINE
8
BLACK
6
CONTINUOUS
10
5.8493547637795276
20
-3.8286459448818895
11
5.849404842519685
21
-3.8286980708661416
0
LINE
8
BLACK
6
CONTINUOUS
10
5.849404842519685
20
-3.8286980708661416
11
5.8514157086614169
21
-3.8306249606299212
0
LINE
8
BLACK
6
CONTINUOUS
10
5.8514157086614169
20
-3.8306249606299212
11
5.8534093307086614
21
-3.8323718110236218
0
LINE
8
BLACK
6
CONTINUOUS
10
5.8534093307086614
20
-3.8323718110236218
11
5.8553833464566925
21
-3.8339414566929131
0
LINE
8
BLACK
6
CONTINUOUS
10
5.8553833464566925
20
-3.8339414566929131
11
5.8573350787401575
21
-3.8353368503937006
0
LINE
8
BLACK
6
CONTINUOUS
10
5.8573350787401575
20
-3.8353368503937006
11
5.8592629527559055
21
-3.8365620472440942
0
LINE
8
BLACK
6
CONTINUOUS
10
5.8592629527559055
20
-3.8365620472440942
11
5.8611642125984247
21
-3.8376206299212599
0
LINE
8
BLACK
6
CONTINUOUS
10
5.8611642125984247
20
-3.8376206299212599
11
5.8630389763779522
21
-3.838517992125984
0
LINE
8
BLACK
6
CONTINUOUS
10
5.8630389763779522
20
-3.838517992125984
11
5.8648855118110239
21
-3.8392587007874015
0
LINE
8
BLACK
6
CONTINUOUS
10
5.8648855118110239
20
-3.8392587007874015
11
5.866706535433071
21
-3.8398487007874014
0
LINE
8
BLACK
6
CONTINUOUS
10
5.866706535433071
20
-3.8398487007874014
11
5.8685041732283461
21
-3.8402933070866139
0
LINE
8
BLACK
6
CONTINUOUS
10
5.8685041732283461
20
-3.8402933070866139
11
5.8702818503937007
21
-3.8405971653543305
0
LINE
8
BLACK
6
CONTINUOUS
10
5.8702818503937007
20
-3.8405971653543305
11
5.8720445275590549
21
-3.8407642519685039
0
LINE
8
BLACK
6
CONTINUOUS
10
5.8720445275590549
20
-3.8407642519685039
11
5.8737979133858262
21
-3.840797244094488
0
LINE
8
BLACK
6
CONTINUOUS
10
5.8737979133858262
20
-3.840797244094488
11
5.8755474015748028
21
-3.8406975196850395
0
LINE
8
BLACK
6
CONTINUOUS
10
5.8755474015748028
20
-3.8406975196850395
11
5.8773002755905512
21
-3.8404646062992125
0
LINE
8
BLACK
6
CONTINUOUS
10
5.8773002755905512
20
-3.8404646062992125
11
5.87906062992126
21
-3.840097125984252
0
LINE
8
BLACK
6
CONTINUOUS
10
5.87906062992126
20
-3.840097125984252
11
5.8808327165354326
21
-3.8395925590551179
0
LINE
8
BLACK
6
CONTINUOUS
10
5.8808327165354326
20
-3.8395925590551179
11
5.8826198818897639
21
-3.8389474409448816
0
LINE
8
BLACK
6
CONTINUOUS
10
5.8826198818897639
20
-3.8389474409448816
11
5.8844235433070864
21
-3.8381584251968501
0
LINE
8
BLACK
6
CONTINUOUS
10
5.8844235433070864
20
-3.8381584251968501
11
5.8862429921259842
21
-3.8372226771653541
0
LINE
8
BLACK
6
CONTINUOUS
10
5.8862429921259842
20
-3.8372226771653541
11
5.8880794488188979
21
-3.836136220472441
0
LINE
8
BLACK
6
CONTINUOUS
10
5.8880794488188979
20
-3.836136220472441
11
5.8899296850393696
21
-3.834897559055118
0
LINE
8
BLACK
6
CONTINUOUS
10
5.8899296850393696
20
-3.834897559055118
11
5.891791811023622
21
-3.8335048818897639
0
LINE
8
BLACK
6
CONTINUOUS
10
5.891791811023622
20
-3.8335048818897639
11
5.893665236220472
21
-3.8319554330708661
0
LINE
8
BLACK
6
CONTINUOUS
10
5.893665236220472
20
-3.8319554330708661
11
5.895545039370079
21
-3.8302504330708662
0
LINE
8
BLACK
6
CONTINUOUS
10
5.895545039370079
20
-3.8302504330708662
11
5.8974297244094487
21
-3.8283885826771651
0
LINE
8
BLACK
6
CONTINUOUS
10
5.8974297244094487
20
-3.8283885826771651
11
5.8993164960629922
21
-3.8263701968503936
0
LINE
8
BLACK
6
CONTINUOUS
10
5.8993164960629922
20
-3.8263701968503936
11
5.9012036220472437
21
-3.8241947244094487
0
LINE
8
BLACK
6
CONTINUOUS
10
5.9012036220472437
20
-3.8241947244094487
11
5.903144724409449
21
-3.8217936220472439
0
LINE
8
BLACK
6
CONTINUOUS
10
5.903144724409449
20
-3.8217936220472439
11
5.9054679921259838
21
-3.8201027165354331
0
LINE
8
BLACK
6
CONTINUOUS
10
5.9054679921259838
20
-3.8201027165354331
11
5.9083255118110234
21
-3.8197999606299211
0
LINE
8
BLACK
6
CONTINUOUS
10
5.9083255118110234
20
-3.8197999606299211
11
5.9109515354330711
21
-3.8209664960629919
0
LINE
8
BLACK
6
CONTINUOUS
10
5.9109515354330711
20
-3.8209664960629919
11
5.9126424803149602
21
-3.8232897637795276
0
LINE
8
BLACK
6
CONTINUOUS
10
5.9126424803149602
20
-3.8232897637795276
11
5.9129451968503934
21
-3.8261472834645667
0
LINE
8
BLACK
6
CONTINUOUS
10
5.9129451968503934
20
-3.8261472834645667
11
5.9117786614173227
21
-3.8287733070866139
0
LINE
8
BLACK
6
CONTINUOUS
10
5.9117786614173227
20
-3.8287733070866139
11
5.9097772440944878
21
-3.831249094488189
0
LINE
8
BLACK
6
CONTINUOUS
10
5.9097772440944878
20
-3.831249094488189
11
5.9096970078740156
21
-3.8313074803149605
0
LINE
8
BLACK
6
CONTINUOUS
10
5.9096970078740156
20
-3.8313074803149605
11
5.9096535826771648
21
-3.8313967716535431
0
LINE
8
BLACK
6
CONTINUOUS
10
5.9096535826771648
20
-3.8313967716535431
11
5.9076360629921263
21
-3.8337225590551181
0
LINE
8
BLACK
6
CONTINUOUS
10
5.9076360629921263
20
-3.8337225590551181
11
5.9075479921259841
21
-3.8337820472440942
0
LINE
8
BLACK
6
CONTINUOUS
10
5.9075479921259841
20
-3.8337820472440942
11
5.907498031496063
21
-3.8338758267716533
0
LINE
8
BLACK
6
CONTINUOUS
10
5.907498031496063
20
-3.8338758267716533
11
5.905465078740157
21
-3.8360506299212598
0
LINE
8
BLACK
6
CONTINUOUS
10
5.905465078740157
20
-3.8360506299212598
11
5.9053685039370079
21
-3.8361107874015747
0
LINE
8
BLACK
6
CONTINUOUS
10
5.9053685039370079
20
-3.8361107874015747
11
5.9053110629921255
21
-3.836208937007874
0
LINE
8
BLACK
6
CONTINUOUS
10
5.9053110629921255
20
-3.836208937007874
11
5.9032634251968501
21
-3.8382317716535432
0
LINE
8
BLACK
6
CONTINUOUS
10
5.9032634251968501
20
-3.8382317716535432
11
5.903157559055118
21
-3.8382920078740157
0
LINE
8
BLACK
6
CONTINUOUS
10
5.903157559055118
20
-3.8382920078740157
11
5.9030916141732286
21
-3.8383944094488189
0
LINE
8
BLACK
6
CONTINUOUS
10
5.9030916141732286
20
-3.8383944094488189
11
5.9010299606299208
21
-3.84026437007874
0
LINE
8
BLACK
6
CONTINUOUS
10
5.9010299606299208
20
-3.84026437007874
11
5.900913937007874
21
-3.8403239763779529
0
LINE
8
BLACK
6
CONTINUOUS
10
5.900913937007874
20
-3.8403239763779529
11
5.9008384251968504
21
-3.8404302755905513
0
LINE
8
BLACK
6
CONTINUOUS
10
5.9008384251968504
20
-3.8404302755905513
11
5.8987635433070862
21
-3.8421463779527558
0
LINE
8
BLACK
6
CONTINUOUS
10
5.8987635433070862
20
-3.8421463779527558
11
5.8986366535433072
21
-3.8422044488188973
0
LINE
8
BLACK
6
CONTINUOUS
10
5.8986366535433072
20
-3.8422044488188973
11
5.898550354330709
21
-3.8423140944881888
0
LINE
8
BLACK
6
CONTINUOUS
10
5.898550354330709
20
-3.8423140944881888
11
5.8964628346456696
21
-3.8438753149606297
0
LINE
8
BLACK
6
CONTINUOUS
10
5.8964628346456696
20
-3.8438753149606297
11
5.8963244094488187
21
-3.8439306299212599
0
LINE
8
BLACK
6
CONTINUOUS
10
5.8963244094488187
20
-3.8439306299212599
11
5.8962262204724407
21
-3.844042834645669
0
LINE
8
BLACK
6
CONTINUOUS
10
5.8962262204724407
20
-3.844042834645669
11
5.8941269291338578
21
-3.8454481889763779
0
LINE
8
BLACK
6
CONTINUOUS
10
5.8941269291338578
20
-3.8454481889763779
11
5.8939764960629919
21
-3.8454993700787399
0
LINE
8
BLACK
6
CONTINUOUS
10
5.8939764960629919
20
-3.8454993700787399
11
5.8938653543307087
21
-3.8456129527559053
0
LINE
8
BLACK
6
CONTINUOUS
10
5.8938653543307087
20
-3.8456129527559053
11
5.8917549212598423
21
-3.8468614960629921
0
LINE
8
BLACK
6
CONTINUOUS
10
5.8917549212598423
20
-3.8468614960629921
11
5.8915922834645666
21
-3.8469068897637793
0
LINE
8
BLACK
6
CONTINUOUS
10
5.8915922834645666
20
-3.8469068897637793
11
5.8914673228346457
21
-3.8470203149606297
0
LINE
8
BLACK
6
CONTINUOUS
10
5.8914673228346457
20
-3.8470203149606297
11
5.8893464566929135
21
-3.8481111023622048
0
LINE
8
BLACK
6
CONTINUOUS
10
5.8893464566929135
20
-3.8481111023622048
11
5.8891719685039368
21
-3.8481488582677166
0
LINE
8
BLACK
6
CONTINUOUS
10
5.8891719685039368
20
-3.8481488582677166
11
5.8890324409448818
21
-3.8482603937007873
0
LINE
8
BLACK
6
CONTINUOUS
10
5.8890324409448818
20
-3.8482603937007873
11
5.886901889763779
21
-3.8491924409448819
0
LINE
8
BLACK
6
CONTINUOUS
10
5.886901889763779
20
-3.8491924409448819
11
5.8867159448818898
21
-3.8492206299212599
0
LINE
8
BLACK
6
CONTINUOUS
10
5.8867159448818898
20
-3.8492206299212599
11
5.8865616929133857
21
-3.8493280708661417
0
LINE
8
BLACK
6
CONTINUOUS
10
5.8865616929133857
20
-3.8493280708661417
11
5.8844221259842522
21
-3.8501003543307086
0
LINE
8
BLACK
6
CONTINUOUS
10
5.8844221259842522
20
-3.8501003543307086
11
5.8842263385826774
21
-3.8501169291338582
0
LINE
8
BLACK
6
CONTINUOUS
10
5.8842263385826774
20
-3.8501169291338582
11
5.8840577559055118
21
-3.8502178346456692
0
LINE
8
BLACK
6
CONTINUOUS
10
5.8840577559055118
20
-3.8502178346456692
11
5.881909921259842
21
-3.8508294488188977
0
LINE
8
BLACK
6
CONTINUOUS
10
5.881909921259842
20
-3.8508294488188977
11
5.8817059842519681
21
-3.850832598425197
0
LINE
8
BLACK
6
CONTINUOUS
10
5.8817059842519681
20
-3.850832598425197
11
5.8815239370078736
21
-3.8509245669291339
0
LINE
8
BLACK
6
CONTINUOUS
10
5.8815239370078736
20
-3.8509245669291339
11
5.8793685826771656
21
-3.8513744881889762
0
LINE
8
BLACK
6
CONTINUOUS
10
5.8793685826771656
20
-3.8513744881889762
11
5.8791591338582672
21
-3.8513627165354332
0
LINE
8
BLACK
6
CONTINUOUS
10
5.8791591338582672
20
-3.8513627165354332
11
5.8789653937007875
21
-3.8514432677165353
0
LINE
8
BLACK
6
CONTINUOUS
10
5.8789653937007875
20
-3.8514432677165353
11
5.8768031102362199
21
-3.8517305511811024
0
LINE
8
BLACK
6
CONTINUOUS
10
5.8768031102362199
20
-3.8517305511811024
11
5.8765909842519681
21
-3.8517028740157477
0
LINE
8
BLACK
6
CONTINUOUS
10
5.8765909842519681
20
-3.8517028740157477
11
5.8763879527559055
21
-3.8517698818897639
0
LINE
8
BLACK
6
CONTINUOUS
10
5.8763879527559055
20
-3.8517698818897639
11
5.8742195669291339
21
-3.8518935039370077
0
LINE
8
BLACK
6
CONTINUOUS
10
5.8742195669291339
20
-3.8518935039370077
11
5.8740084645669288
21
-3.8518496456692914
0
LINE
8
BLACK
6
CONTINUOUS
10
5.8740084645669288
20
-3.8518496456692914
11
5.8737991732283463
21
-3.8519015354330706
0
LINE
8
BLACK
6
CONTINUOUS
10
5.8737991732283463
20
-3.8519015354330706
11
5.8716253937007874
21
-3.8518606299212599
0
LINE
8
BLACK
6
CONTINUOUS
10
5.8716253937007874
20
-3.8518606299212599
11
5.8714184251968504
21
-3.8518009448818895
0
LINE
8
BLACK
6
CONTINUOUS
10
5.8714184251968504
20
-3.8518009448818895
11
5.8712060236220474
21
-3.8518368503937008
0
LINE
8
BLACK
6
CONTINUOUS
10
5.8712060236220474
20
-3.8518368503937008
11
5.869027519685039
21
-3.8516303543307084
0
LINE
8
BLACK
6
CONTINUOUS
10
5.869027519685039
20
-3.8516303543307084
11
5.8688279527559057
21
-3.8515560629921257
0
LINE
8
BLACK
6
CONTINUOUS
10
5.8688279527559057
20
-3.8515560629921257
11
5.8686159842519681
21
-3.8515757480314958
0
LINE
8
BLACK
6
CONTINUOUS
10
5.8686159842519681
20
-3.8515757480314958
11
5.8664335039370075
21
-3.8512026771653542
0
LINE
8
BLACK
6
CONTINUOUS
10
5.8664335039370075
20
-3.8512026771653542
11
5.8662443700787401
21
-3.8511156692913384
0
LINE
8
BLACK
6
CONTINUOUS
10
5.8662443700787401
20
-3.8511156692913384
11
5.8660362204724406
21
-3.8511197244094486
0
LINE
8
BLACK
6
CONTINUOUS
10
5.8660362204724406
20
-3.8511197244094486
11
5.8638503937007869
21
-3.8505791732283465
0
LINE
8
BLACK
6
CONTINUOUS
10
5.8638503937007869
20
-3.8505791732283465
11
5.8636735826771655
21
-3.8504816141732281
0
LINE
8
BLACK
6
CONTINUOUS
10
5.8636735826771655
20
-3.8504816141732281
11
5.8634720866141734
21
-3.8504712204724409
0
LINE
8
BLACK
6
CONTINUOUS
10
5.8634720866141734
20
-3.8504712204724409
11
5.8612837401574804
21
-3.8497622047244096
0
LINE
8
BLACK
6
CONTINUOUS
10
5.8612837401574804
20
-3.8497622047244096
11
5.8611208661417322
21
-3.8496566141732282
0
LINE
8
BLACK
6
CONTINUOUS
10
5.8611208661417322
20
-3.8496566141732282
11
5.860928188976378
21
-3.8496334645669292
0
LINE
8
BLACK
6
CONTINUOUS
10
5.860928188976378
20
-3.8496334645669292
11
5.8587379921259846
21
-3.848754960629921
0
LINE
8
BLACK
6
CONTINUOUS
10
5.8587379921259846
20
-3.848754960629921
11
5.8585898425196845
21
-3.8486438976377952
0
LINE
8
BLACK
6
CONTINUOUS
10
5.8585898425196845
20
-3.8486438976377952
11
5.8584077952755909
21
-3.8486099212598424
0
LINE
8
BLACK
6
CONTINUOUS
10
5.8584077952755909
20
-3.8486099212598424
11
5.8562164566929136
21
-3.8475609842519685
0
LINE
8
BLACK
6
CONTINUOUS
10
5.8562164566929136
20
-3.8475609842519685
11
5.8560830314960626
21
-3.8474466929133859
0
LINE
8
BLACK
6
CONTINUOUS
10
5.8560830314960626
20
-3.8474466929133859
11
5.8559127952755903
21
-3.8474039370078739
0
LINE
8
BLACK
6
CONTINUOUS
10
5.8559127952755903
20
-3.8474039370078739
11
5.8537210236220467
21
-3.8461835826771651
0
LINE
8
BLACK
6
CONTINUOUS
10
5.8537210236220467
20
-3.8461835826771651
11
5.8536020472440944
21
-3.8460682283464567
0
LINE
8
BLACK
6
CONTINUOUS
10
5.8536020472440944
20
-3.8460682283464567
11
5.853444015748031
21
-3.8460186220472439
0
LINE
8
BLACK
6
CONTINUOUS
10
5.853444015748031
20
-3.8460186220472439
11
5.8512525196850396
21
-3.844625905511811
0
LINE
8
BLACK
6
CONTINUOUS
10
5.8512525196850396
20
-3.844625905511811
11
5.8511472047244091
21
-3.844511220472441
0
LINE
8
BLACK
6
CONTINUOUS
10
5.8511472047244091
20
-3.844511220472441
11
5.8510014960629917
21
-3.8444565748031496
0
LINE
8
BLACK
6
CONTINUOUS
10
5.8510014960629917
20
-3.8444565748031496
11
5.848811023622047
21
-3.8428905118110235
0
LINE
8
BLACK
6
CONTINUOUS
10
5.848811023622047
20
-3.8428905118110235
11
5.8487183464566925
21
-3.8427778346456694
0
LINE
8
BLACK
6
CONTINUOUS
10
5.8487183464566925
20
-3.8427778346456694
11
5.8485846062992124
21
-3.8427197244094486
0
LINE
8
BLACK
6
CONTINUOUS
10
5.8485846062992124
20
-3.8427197244094486
11
5.8463958661417319
21
-3.8409793307086613
0
LINE
8
BLACK
6
CONTINUOUS
10
5.8463958661417319
20
-3.8409793307086613
11
5.8463147244094484
21
-3.8408697637795273
0
LINE
8
BLACK
6
CONTINUOUS
10
5.8463147244094484
20
-3.8408697637795273
11
5.8461924803149605
21
-3.8408095275590552
0
LINE
8
BLACK
6
CONTINUOUS
10
5.8461924803149605
20
-3.8408095275590552
11
5.8440061811023618
21
-3.8388938582677166
0
LINE
8
BLACK
6
CONTINUOUS
10
5.8440061811023618
20
-3.8388938582677166
11
5.8439353937007876
21
-3.8387880314960627
0
LINE
8
BLACK
6
CONTINUOUS
10
5.8439353937007876
20
-3.8387880314960627
11
5.843823858267716
21
-3.8387267716535431
0
LINE
8
BLACK
6
CONTINUOUS
10
5.843823858267716
20
-3.8387267716535431
11
5.8416406692913387
21
-3.8366348425196848
0
LINE
8
BLACK
6
CONTINUOUS
10
5.8416406692913387
20
-3.8366348425196848
11
5.8415790944881891
21
-3.8365332677165354
0
LINE
8
BLACK
6
CONTINUOUS
10
5.8415790944881891
20
-3.8365332677165354
11
5.841477559055118
21
-3.8364718897637795
0
LINE
8
BLACK
6
CONTINUOUS
10
5.841477559055118
20
-3.8364718897637795
11
5.8392982283464567
21
-3.8342026771653543
0
LINE
8
BLACK
6
CONTINUOUS
10
5.8392982283464567
20
-3.8342026771653543
11
5.8392448031496063
21
-3.8341056692913384
0
LINE
8
BLACK
6
CONTINUOUS
10
5.8392448031496063
20
-3.8341056692913384
11
5.8391523228346456
21
-3.8340447637795276
0
LINE
8
BLACK
6
CONTINUOUS
10
5.8391523228346456
20
-3.8340447637795276
11
5.8385470472440941
21
-3.8333635826771655
0
LINE
8
BLACK
6
CONTINUOUS
10
5.8385470472440941
20
-3.8333635826771655
11
5.8187011023622048
21
-3.8420265354330709
0
LINE
8
BLACK
6
CONTINUOUS
10
5.8187011023622048
20
-3.8420265354330709
11
5.8156784251968503
21
-3.8424826771653544
0
LINE
8
BLACK
6
CONTINUOUS
10
5.8156784251968503
20
-3.8424826771653544
11
5.8128325984251967
21
-3.841366377952756
0
LINE
8
BLACK
6
CONTINUOUS
10
5.8128325984251967
20
-3.841366377952756
11
5.8109262204724406
21
-3.8389766929133859
0
LINE
8
BLACK
6
CONTINUOUS
10
5.8109262204724406
20
-3.8389766929133859
11
5.8104700787401571
21
-3.8359540157480314
0
LINE
8
BLACK
6
CONTINUOUS
10
5.8104700787401571
20
-3.8359540157480314
11
5.8115863779527555
21
-3.8331081889763778
0
LINE
8
BLACK
6
CONTINUOUS
10
5.8115863779527555
20
-3.8331081889763778
11
5.8139760629921255
21
-3.8312018110236221
0
LINE
8
BLACK
6
CONTINUOUS
10
5.8139760629921255
20
-3.8312018110236221
11
5.8305294094488191
21
-3.8239761023622045
0
LINE
8
BLACK
6
CONTINUOUS
10
5.8305294094488191
20
-3.8239761023622045
11
5.8285429133858262
21
-3.8219101574803149
0
LINE
8
BLACK
6
CONTINUOUS
10
5.8285429133858262
20
-3.8219101574803149
11
5.826529842519685
21
-3.819983149606299
0
LINE
8
BLACK
6
CONTINUOUS
10
5.826529842519685
20
-3.819983149606299
11
5.8245336614173224
21
-3.8182355118110234
0
LINE
8
BLACK
6
CONTINUOUS
10
5.8245336614173224
20
-3.8182355118110234
11
5.8225581496062988
21
-3.8166657874015746
0
LINE
8
BLACK
6
CONTINUOUS
10
5.8225581496062988
20
-3.8166657874015746
11
5.8206046062992121
21
-3.8152698031496062
0
LINE
8
BLACK
6
CONTINUOUS
10
5.8206046062992121
20
-3.8152698031496062
11
5.8186765354330712
21
-3.8140449606299214
0
LINE
8
BLACK
6
CONTINUOUS
10
5.8186765354330712
20
-3.8140449606299214
11
5.8167740944881885
21
-3.8129859448818895
0
LINE
8
BLACK
6
CONTINUOUS
10
5.8167740944881885
20
-3.8129859448818895
11
5.814898661417323
21
-3.8120883464566928
0
LINE
8
BLACK
6
CONTINUOUS
10
5.814898661417323
20
-3.8120883464566928
11
5.8130512204724409
21
-3.8113473622047245
0
LINE
8
BLACK
6
CONTINUOUS
10
5.8130512204724409
20
-3.8113473622047245
11
5.8112305118110239
21
-3.8107574409448817
0
LINE
8
BLACK
6
CONTINUOUS
10
5.8112305118110239
20
-3.8107574409448817
11
5.809433503937008
21
-3.8103129527559054
0
LINE
8
BLACK
6
CONTINUOUS
10
5.809433503937008
20
-3.8103129527559054
11
5.8076562598425197
21
-3.8100090551181101
0
LINE
8
BLACK
6
CONTINUOUS
10
5.8076562598425197
20
-3.8100090551181101
11
5.8058948818897633
21
-3.8098420472440946
0
LINE
8
BLACK
6
CONTINUOUS
10
5.8058948818897633
20
-3.8098420472440946
11
5.8041424015748033
21
-3.8098090157480313
0
LINE
8
BLACK
6
CONTINUOUS
10
5.8041424015748033
20
-3.8098090157480313
11
5.8023939763779531
21
-3.809908779527559
0
LINE
8
BLACK
6
CONTINUOUS
10
5.8023939763779531
20
-3.809908779527559
11
5.8006422047244097
21
-3.8101416535433068
0
LINE
8
BLACK
6
CONTINUOUS
10
5.8006422047244097
20
-3.8101416535433068
11
5.7988831889763777
21
-3.8105090157480315
0
LINE
8
BLACK
6
CONTINUOUS
10
5.7988831889763777
20
-3.8105090157480315
11
5.7971125196850393
21
-3.8110135039370077
0
LINE
8
BLACK
6
CONTINUOUS
10
5.7971125196850393
20
-3.8110135039370077
11
5.7953267322834643
21
-3.8116584645669289
0
LINE
8
BLACK
6
CONTINUOUS
10
5.7953267322834643
20
-3.8116584645669289
11
5.7935246062992123
21
-3.8124473228346454
0
LINE
8
BLACK
6
CONTINUOUS
10
5.7935246062992123
20
-3.8124473228346454
11
5.7917060629921258
21
-3.8133831496062993
0
LINE
8
BLACK
6
CONTINUOUS
10
5.7917060629921258
20
-3.8133831496062993
11
5.789871377952756
21
-3.8144691732283462
0
LINE
8
BLACK
6
CONTINUOUS
10
5.789871377952756
20
-3.8144691732283462
11
5.7880216141732284
21
-3.8157081102362205
0
LINE
8
BLACK
6
CONTINUOUS
10
5.7880216141732284
20
-3.8157081102362205
11
5.7861606299212598
21
-3.8171006299212595
0
LINE
8
BLACK
6
CONTINUOUS
10
5.7861606299212598
20
-3.8171006299212595
11
5.7842882283464565
21
-3.8186499606299211
0
LINE
8
BLACK
6
CONTINUOUS
10
5.7842882283464565
20
-3.8186499606299211
11
5.7824097244094483
21
-3.8203544094488189
0
LINE
8
BLACK
6
CONTINUOUS
10
5.7824097244094483
20
-3.8203544094488189
11
5.7805243700787399
21
-3.822217559055118
0
LINE
8
BLACK
6
CONTINUOUS
10
5.7805243700787399
20
-3.822217559055118
11
5.7786374409448822
21
-3.824236653543307
0
LINE
8
BLACK
6
CONTINUOUS
10
5.7786374409448822
20
-3.824236653543307
11
5.7767514960629924
21
-3.826411062992126
0
LINE
8
BLACK
6
CONTINUOUS
10
5.7767514960629924
20
-3.826411062992126
11
5.7748102362204721
21
-3.8288125590551179
0
LINE
8
BLACK
6
CONTINUOUS
10
5.7748102362204721
20
-3.8288125590551179
11
5.772487007874016
21
-3.8305035433070866
0
LINE
8
BLACK
6
CONTINUOUS
10
5.772487007874016
20
-3.8305035433070866
11
5.7696294881889765
21
-3.8308063779527557
0
LINE
8
BLACK
6
CONTINUOUS
10
5.7696294881889765
20
-3.8308063779527557
11
5.7670034645669288
21
-3.8296398818897637
0
LINE
8
BLACK
6
CONTINUOUS
10
5.7670034645669288
20
-3.8296398818897637
11
5.7653124409448822
21
-3.8273166535433072
0
LINE
8
BLACK
6
CONTINUOUS
10
5.7653124409448822
20
-3.8273166535433072
11
5.7650096456692914
21
-3.8244591338582676
0
LINE
8
BLACK
6
CONTINUOUS
10
5.7650096456692914
20
-3.8244591338582676
11
5.7661761417322834
21
-3.8218331102362204
0
LINE
8
BLACK
6
CONTINUOUS
10
5.7661761417322834
20
-3.8218331102362204
11
5.7681774409448821
21
-3.8193573622047241
0
LINE
8
BLACK
6
CONTINUOUS
10
5.7681774409448821
20
-3.8193573622047241
11
5.7682575590551179
21
-3.8192990157480313
0
LINE
8
BLACK
6
CONTINUOUS
10
5.7682575590551179
20
-3.8192990157480313
11
5.76830094488189
21
-3.8192098818897637
0
LINE
8
BLACK
6
CONTINUOUS
10
5.76830094488189
20
-3.8192098818897637
11
5.7703181889763782
21
-3.81688405511811
0
LINE
8
BLACK
6
CONTINUOUS
10
5.7703181889763782
20
-3.81688405511811
11
5.7704060629921257
21
-3.8168246062992126
0
LINE
8
BLACK
6
CONTINUOUS
10
5.7704060629921257
20
-3.8168246062992126
11
5.770455984251968
21
-3.8167310236220473
0
LINE
8
BLACK
6
CONTINUOUS
10
5.770455984251968
20
-3.8167310236220473
11
5.7724884251968502
21
-3.8145562204724408
0
LINE
8
BLACK
6
CONTINUOUS
10
5.7724884251968502
20
-3.8145562204724408
11
5.7725848425196853
21
-3.8144960629921258
0
LINE
8
BLACK
6
CONTINUOUS
10
5.7725848425196853
20
-3.8144960629921258
11
5.772642244094488
21
-3.8143980708661416
0
LINE
8
BLACK
6
CONTINUOUS
10
5.772642244094488
20
-3.8143980708661416
11
5.7746892125984255
21
-3.8123751968503936
0
LINE
8
BLACK
6
CONTINUOUS
10
5.7746892125984255
20
-3.8123751968503936
11
5.7747950393700789
21
-3.8123149212598424
0
LINE
8
BLACK
6
CONTINUOUS
10
5.7747950393700789
20
-3.8123149212598424
11
5.7748609448818895
21
-3.8122125984251967
0
LINE
8
BLACK
6
CONTINUOUS
10
5.7748609448818895
20
-3.8122125984251967
11
5.7769217322834647
21
-3.8103426771653544
0
LINE
8
BLACK
6
CONTINUOUS
10
5.7769217322834647
20
-3.8103426771653544
11
5.7770375984251965
21
-3.8102830708661415
0
LINE
8
BLACK
6
CONTINUOUS
10
5.7770375984251965
20
-3.8102830708661415
11
5.7771131102362201
21
-3.8101768110236218
0
LINE
8
BLACK
6
CONTINUOUS
10
5.7771131102362201
20
-3.8101768110236218
11
5.7791870472440943
21
-3.8084607874015748
0
LINE
8
BLACK
6
CONTINUOUS
10
5.7791870472440943
20
-3.8084607874015748
11
5.7793138582677166
21
-3.8084026771653541
0
LINE
8
BLACK
6
CONTINUOUS
10
5.7793138582677166
20
-3.8084026771653541
11
5.7794001181102361
21
-3.8082930708661418
0
LINE
8
BLACK
6
CONTINUOUS
10
5.7794001181102361
20
-3.8082930708661418
11
5.7814865354330705
21
-3.8067318503937009
0
LINE
8
BLACK
6
CONTINUOUS
10
5.7814865354330705
20
-3.8067318503937009
11
5.7816248818897638
21
-3.8066764566929132
0
LINE
8
BLACK
6
CONTINUOUS
10
5.7816248818897638
20
-3.8066764566929132
11
5.7817231102362205
21
-3.8065642519685037
0
LINE
8
BLACK
6
CONTINUOUS
10
5.7817231102362205
20
-3.8065642519685037
11
5.7838212992125984
21
-3.8051588976377952
0
LINE
8
BLACK
6
CONTINUOUS
10
5.7838212992125984
20
-3.8051588976377952
11
5.7839716929133855
21
-3.8051076377952757
0
LINE
8
BLACK
6
CONTINUOUS
10
5.7839716929133855
20
-3.8051076377952757
11
5.7840828346456687
21
-3.804994094488189
0
LINE
8
BLACK
6
CONTINUOUS
10
5.7840828346456687
20
-3.804994094488189
11
5.7861921259842521
21
-3.8037455118110235
0
LINE
8
BLACK
6
CONTINUOUS
10
5.7861921259842521
20
-3.8037455118110235
11
5.7863546850393703
21
-3.8037000393700788
0
LINE
8
BLACK
6
CONTINUOUS
10
5.7863546850393703
20
-3.8037000393700788
11
5.7864797637795276
21
-3.8035865354330709
0
LINE
8
BLACK
6
CONTINUOUS
10
5.7864797637795276
20
-3.8035865354330709
11
5.7885993700787397
21
-3.8024957874015746
0
LINE
8
BLACK
6
CONTINUOUS
10
5.7885993700787397
20
-3.8024957874015746
11
5.7887739370078739
21
-3.8024579133858265
0
LINE
8
BLACK
6
CONTINUOUS
10
5.7887739370078739
20
-3.8024579133858265
11
5.7889134645669289
21
-3.8023464173228345
0
LINE
8
BLACK
6
CONTINUOUS
10
5.7889134645669289
20
-3.8023464173228345
11
5.7910427952755903
21
-3.8014143700787399
0
LINE
8
BLACK
6
CONTINUOUS
10
5.7910427952755903
20
-3.8014143700787399
11
5.7912287795275592
21
-3.8013861023622044
0
LINE
8
BLACK
6
CONTINUOUS
10
5.7912287795275592
20
-3.8013861023622044
11
5.7913831102362208
21
-3.8012786220472439
0
LINE
8
BLACK
6
CONTINUOUS
10
5.7913831102362208
20
-3.8012786220472439
11
5.793521456692913
21
-3.8005063385826769
0
LINE
8
BLACK
6
CONTINUOUS
10
5.793521456692913
20
-3.8005063385826769
11
5.7937173228346452
21
-3.8004896850393699
0
LINE
8
BLACK
6
CONTINUOUS
10
5.7937173228346452
20
-3.8004896850393699
11
5.7938859842519683
21
-3.8003887401574801
0
LINE
8
BLACK
6
CONTINUOUS
10
5.7938859842519683
20
-3.8003887401574801
11
5.7960325984251968
21
-3.7997771259842521
0
LINE
8
BLACK
6
CONTINUOUS
10
5.7960325984251968
20
-3.7997771259842521
11
5.7962366141732282
21
-3.7997738976377953
0
LINE
8
BLACK
6
CONTINUOUS
10
5.7962366141732282
20
-3.7997738976377953
11
5.7964188188976378
21
-3.7996818897637796
0
LINE
8
BLACK
6
CONTINUOUS
10
5.7964188188976378
20
-3.7996818897637796
11
5.7985730708661416
21
-3.7992319685039369
0
LINE
8
BLACK
6
CONTINUOUS
10
5.7985730708661416
20
-3.7992319685039369
11
5.7987825984251966
21
-3.7992436614173228
0
LINE
8
BLACK
6
CONTINUOUS
10
5.7987825984251966
20
-3.7992436614173228
11
5.7989764960629921
21
-3.7991631102362202
0
LINE
8
BLACK
6
CONTINUOUS
10
5.7989764960629921
20
-3.7991631102362202
11
5.8011376771653538
21
-3.7988758267716536
0
LINE
8
BLACK
6
CONTINUOUS
10
5.8011376771653538
20
-3.7988758267716536
11
5.8013498031496065
21
-3.7989034645669291
0
LINE
8
BLACK
6
CONTINUOUS
10
5.8013498031496065
20
-3.7989034645669291
11
5.8015529133858266
21
-3.7988364566929134
0
LINE
8
BLACK
6
CONTINUOUS
10
5.8015529133858266
20
-3.7988364566929134
11
5.8037203149606302
21
-3.7987127952755904
0
LINE
8
BLACK
6
CONTINUOUS
10
5.8037203149606302
20
-3.7987127952755904
11
5.8039315748031495
21
-3.798756653543307
0
LINE
8
BLACK
6
CONTINUOUS
10
5.8039315748031495
20
-3.798756653543307
11
5.8041410629921257
21
-3.7987047637795275
0
LINE
8
BLACK
6
CONTINUOUS
10
5.8041410629921257
20
-3.7987047637795275
11
5.8063140551181105
21
-3.7987457086614174
0
LINE
8
BLACK
6
CONTINUOUS
10
6.0602825590551177
20
-3.6905375196850394
11
6.0604895669291334
21
-3.6905971653543306
0
LINE
8
BLACK
6
CONTINUOUS
10
6.0604895669291334
20
-3.6905971653543306
11
6.0607019685039365
21
-3.6905613385826772
0
LINE
8
BLACK
6
CONTINUOUS
10
6.0607019685039365
20
-3.6905613385826772
11
6.0628797244094486
21
-3.6907678346456692
0
LINE
8
BLACK
6
CONTINUOUS
10
6.0628797244094486
20
-3.6907678346456692
11
6.0630792125984252
21
-3.6908420866141731
0
LINE
8
BLACK
6
CONTINUOUS
10
6.0630792125984252
20
-3.6908420866141731
11
6.0632912598425195
21
-3.6908224409448818
0
LINE
8
BLACK
6
CONTINUOUS
10
6.0632912598425195
20
-3.6908224409448818
11
6.0654731889763775
21
-3.6911955118110233
0
LINE
8
BLACK
6
CONTINUOUS
10
6.0654731889763775
20
-3.6911955118110233
11
6.0656623228346458
21
-3.6912825196850392
0
LINE
8
BLACK
6
CONTINUOUS
10
6.0656623228346458
20
-3.6912825196850392
11
6.0658705118110232
21
-3.6912785039370077
0
LINE
8
BLACK
6
CONTINUOUS
10
6.0658705118110232
20
-3.6912785039370077
11
6.0680559448818894
21
-3.6918190551181103
0
LINE
8
BLACK
6
CONTINUOUS
10
6.0680559448818894
20
-3.6918190551181103
11
6.0682326377952753
21
-3.6919165354330707
0
LINE
8
BLACK
6
CONTINUOUS
10
6.0682326377952753
20
-3.6919165354330707
11
6.0684341732283462
21
-3.6919269685039371
0
LINE
8
BLACK
6
CONTINUOUS
10
6.0684341732283462
20
-3.6919269685039371
11
6.0706223228346454
21
-3.6926359842519685
0
LINE
8
BLACK
6
CONTINUOUS
10
6.0706223228346454
20
-3.6926359842519685
11
6.0707850393700786
21
-3.6927414566929131
0
LINE
8
BLACK
6
CONTINUOUS
10
6.0707850393700786
20
-3.6927414566929131
11
6.0709777165354328
21
-3.6927646456692913
0
LINE
8
BLACK
6
CONTINUOUS
10
6.0709777165354328
20
-3.6927646456692913
11
6.073167952755905
21
-3.6936431496062991
0
LINE
8
BLACK
6
CONTINUOUS
10
6.073167952755905
20
-3.6936431496062991
11
6.0733160236220467
21
-3.6937541338582678
0
LINE
8
BLACK
6
CONTINUOUS
10
6.0733160236220467
20
-3.6937541338582678
11
6.0734979133858262
21
-3.6937881102362202
0
LINE
8
BLACK
6
CONTINUOUS
10
6.0734979133858262
20
-3.6937881102362202
11
6.0756895275590548
21
-3.6948370472440946
0
LINE
8
BLACK
6
CONTINUOUS
10
6.0756895275590548
20
-3.6948370472440946
11
6.0758227952755908
21
-3.6949511811023621
0
LINE
8
BLACK
6
CONTINUOUS
10
6.0758227952755908
20
-3.6949511811023621
11
6.0759929133858268
21
-3.6949939370078742
0
LINE
8
BLACK
6
CONTINUOUS
10
6.0759929133858268
20
-3.6949939370078742
11
6.078185236220472
21
-3.6962142519685037
0
LINE
8
BLACK
6
CONTINUOUS
10
6.078185236220472
20
-3.6962142519685037
11
6.0783040551181102
21
-3.6963294094488188
0
LINE
8
BLACK
6
CONTINUOUS
10
6.0783040551181102
20
-3.6963294094488188
11
6.0784619291338577
21
-3.6963789763779529
0
LINE
8
BLACK
6
CONTINUOUS
10
6.0784619291338577
20
-3.6963789763779529
11
6.0806542519685038
21
-3.6977716535433069
0
LINE
8
BLACK
6
CONTINUOUS
10
6.0806542519685038
20
-3.6977716535433069
11
6.0807594881889759
21
-3.697886181102362
0
LINE
8
BLACK
6
CONTINUOUS
10
6.0807594881889759
20
-3.697886181102362
11
6.0809050787401571
21
-3.6979407874015746
0
LINE
8
BLACK
6
CONTINUOUS
10
6.0809050787401571
20
-3.6979407874015746
11
6.0830966929133856
21
-3.6995068897637795
0
LINE
8
BLACK
6
CONTINUOUS
10
6.0830966929133856
20
-3.6995068897637795
11
6.0831891732283463
21
-3.6996192519685041
0
LINE
8
BLACK
6
CONTINUOUS
10
6.0831891732283463
20
-3.6996192519685041
11
6.0833226771653539
21
-3.6996772440944881
0
LINE
8
BLACK
6
CONTINUOUS
10
6.0833226771653539
20
-3.6996772440944881
11
6.085512913385827
21
-3.7014175984251967
0
LINE
8
BLACK
6
CONTINUOUS
10
6.085512913385827
20
-3.7014175984251967
11
6.0855938976377955
21
-3.7015269291338582
0
LINE
8
BLACK
6
CONTINUOUS
10
6.0855938976377955
20
-3.7015269291338582
11
6.0857161023622046
21
-3.7015870866141731
0
LINE
8
BLACK
6
CONTINUOUS
10
6.0857161023622046
20
-3.7015870866141731
11
6.0879042519685038
21
-3.7035028346456693
0
LINE
8
BLACK
6
CONTINUOUS
10
6.0879042519685038
20
-3.7035028346456693
11
6.0879748425196851
21
-3.7036083070866139
0
LINE
8
BLACK
6
CONTINUOUS
10
6.0879748425196851
20
-3.7036083070866139
11
6.0880862204724409
21
-3.7036694094488189
0
LINE
8
BLACK
6
CONTINUOUS
10
6.0880862204724409
20
-3.7036694094488189
11
6.0902716141732283
21
-3.7057613779527556
0
LINE
8
BLACK
6
CONTINUOUS
10
6.0902716141732283
20
-3.7057613779527556
11
6.0903330708661416
21
-3.7058626377952755
0
LINE
8
BLACK
6
CONTINUOUS
10
6.0903330708661416
20
-3.7058626377952755
11
6.0904344881889765
21
-3.7059238976377951
0
LINE
8
BLACK
6
CONTINUOUS
10
6.0904344881889765
20
-3.7059238976377951
11
6.0926164173228345
21
-3.7081930708661415
0
LINE
8
BLACK
6
CONTINUOUS
10
6.0926164173228345
20
-3.7081930708661415
11
6.0926697244094488
21
-3.7082897637795273
0
LINE
8
BLACK
6
CONTINUOUS
10
6.0926697244094488
20
-3.7082897637795273
11
6.0927620078740157
21
-3.7083504724409448
0
LINE
8
BLACK
6
CONTINUOUS
10
6.0927620078740157
20
-3.7083504724409448
11
6.0949397637795277
21
-3.7107978740157481
0
LINE
8
BLACK
6
CONTINUOUS
10
6.0949397637795277
20
-3.7107978740157481
11
6.0949859842519682
21
-3.7108899212598425
0
LINE
8
BLACK
6
CONTINUOUS
10
6.0949859842519682
20
-3.7108899212598425
11
6.095069960629921
21
-3.7109496062992124
0
LINE
8
BLACK
6
CONTINUOUS
10
6.095069960629921
20
-3.7109496062992124
11
6.0972428740157483
21
-3.713576220472441
0
LINE
8
BLACK
6
CONTINUOUS
10
6.0972428740157483
20
-3.713576220472441
11
6.0972513779527562
21
-3.7135948425196847
0
LINE
8
BLACK
6
CONTINUOUS
10
6.0972513779527562
20
-3.7135948425196847
11
6.0993121259842518
21
-3.7160897244094486
0
LINE
8
BLACK
6
CONTINUOUS
10
6.0993121259842518
20
-3.7160897244094486
11
6.1013489370078737
21
-3.718381968503937
0
LINE
8
BLACK
6
CONTINUOUS
10
6.1013489370078737
20
-3.718381968503937
11
6.103373346456693
21
-3.7204898818897636
0
LINE
8
BLACK
6
CONTINUOUS
10
6.103373346456693
20
-3.7204898818897636
11
6.105384212598425
21
-3.7224167716535432
0
LINE
8
BLACK
6
CONTINUOUS
10
6.105384212598425
20
-3.7224167716535432
11
6.1073778346456695
21
-3.7241636220472438
0
LINE
8
BLACK
6
CONTINUOUS
10
6.1073778346456695
20
-3.7241636220472438
11
6.1093518503937005
21
-3.7257332677165356
0
LINE
8
BLACK
6
CONTINUOUS
10
6.1093518503937005
20
-3.7257332677165356
11
6.1113035826771656
21
-3.7271286614173227
0
LINE
8
BLACK
6
CONTINUOUS
10
6.1113035826771656
20
-3.7271286614173227
11
6.1132314566929136
21
-3.7283538582677163
0
LINE
8
BLACK
6
CONTINUOUS
10
6.1132314566929136
20
-3.7283538582677163
11
6.1151327165354328
21
-3.7294124409448819
0
LINE
8
BLACK
6
CONTINUOUS
10
6.1151327165354328
20
-3.7294124409448819
11
6.1170074803149603
21
-3.730309803149606
0
LINE
8
BLACK
6
CONTINUOUS
10
6.1170074803149603
20
-3.730309803149606
11
6.1188540157480311
21
-3.7310505118110235
0
LINE
8
BLACK
6
CONTINUOUS
10
6.1188540157480311
20
-3.7310505118110235
11
6.1206750393700782
21
-3.7316405118110234
0
LINE
8
BLACK
6
CONTINUOUS
10
6.1206750393700782
20
-3.7316405118110234
11
6.1224726771653541
21
-3.7320851181102364
0
LINE
8
BLACK
6
CONTINUOUS
10
6.1224726771653541
20
-3.7320851181102364
11
6.1242503543307087
21
-3.7323889763779525
0
LINE
8
BLACK
6
CONTINUOUS
10
6.1242503543307087
20
-3.7323889763779525
11
6.126013031496063
21
-3.7325560629921259
0
LINE
8
BLACK
6
CONTINUOUS
10
6.126013031496063
20
-3.7325560629921259
11
6.1277664173228343
21
-3.73258905511811
0
LINE
8
BLACK
6
CONTINUOUS
10
6.1277664173228343
20
-3.73258905511811
11
6.1295159055118109
21
-3.7324893307086615
0
LINE
8
BLACK
6
CONTINUOUS
10
6.1295159055118109
20
-3.7324893307086615
11
6.1312687795275593
21
-3.7322564173228345
0
LINE
8
BLACK
6
CONTINUOUS
10
6.1312687795275593
20
-3.7322564173228345
11
6.1330291338582672
21
-3.7318889370078741
0
LINE
8
BLACK
6
CONTINUOUS
10
6.1330291338582672
20
-3.7318889370078741
11
6.1348012204724407
21
-3.7313843700787399
0
LINE
8
BLACK
6
CONTINUOUS
10
6.1348012204724407
20
-3.7313843700787399
11
6.1365883858267711
21
-3.7307392519685036
0
LINE
8
BLACK
6
CONTINUOUS
10
6.1365883858267711
20
-3.7307392519685036
11
6.1383920472440945
21
-3.7299502362204722
0
LINE
8
BLACK
6
CONTINUOUS
10
6.1383920472440945
20
-3.7299502362204722
11
6.1402114960629923
21
-3.7290144881889762
0
LINE
8
BLACK
6
CONTINUOUS
10
6.1402114960629923
20
-3.7290144881889762
11
6.1420479527559051
21
-3.727928031496063
0
LINE
8
BLACK
6
CONTINUOUS
10
6.1420479527559051
20
-3.727928031496063
11
6.1438981889763777
21
-3.72668937007874
0
LINE
8
BLACK
6
CONTINUOUS
10
6.1438981889763777
20
-3.72668937007874
11
6.1457603149606301
21
-3.7252966929133859
0
LINE
8
BLACK
6
CONTINUOUS
10
6.1457603149606301
20
-3.7252966929133859
11
6.1476337401574801
21
-3.7237472440944881
0
LINE
8
BLACK
6
CONTINUOUS
10
6.1476337401574801
20
-3.7237472440944881
11
6.1495135433070862
21
-3.7220422440944883
0
LINE
8
BLACK
6
CONTINUOUS
10
6.1495135433070862
20
-3.7220422440944883
11
6.1513982283464568
21
-3.7201803937007871
0
LINE
8
BLACK
6
CONTINUOUS
10
6.1513982283464568
20
-3.7201803937007871
11
6.1532849999999994
21
-3.7181620078740156
0
LINE
8
BLACK
6
CONTINUOUS
10
6.1532849999999994
20
-3.7181620078740156
11
6.1551721259842518
21
-3.7159865354330708
0
LINE
8
BLACK
6
CONTINUOUS
10
6.1551721259842518
20
-3.7159865354330708
11
6.1571132283464562
21
-3.713585433070866
0
LINE
8
BLACK
6
CONTINUOUS
10
6.1571132283464562
20
-3.713585433070866
11
6.1594364960629919
21
-3.7118945275590551
0
LINE
8
BLACK
6
CONTINUOUS
10
6.1594364960629919
20
-3.7118945275590551
11
6.1622940157480315
21
-3.7115917716535431
0
LINE
8
BLACK
6
CONTINUOUS
10
6.1622940157480315
20
-3.7115917716535431
11
6.1649200393700783
21
-3.7127583070866139
0
LINE
8
BLACK
6
CONTINUOUS
10
6.1649200393700783
20
-3.7127583070866139
11
6.1666109842519683
21
-3.7150815748031496
0
LINE
8
BLACK
6
CONTINUOUS
10
6.1666109842519683
20
-3.7150815748031496
11
6.1669137007874015
21
-3.7179390944881887
0
LINE
8
BLACK
6
CONTINUOUS
10
6.1669137007874015
20
-3.7179390944881887
11
6.1657471653543308
21
-3.7205651181102359
0
LINE
8
BLACK
6
CONTINUOUS
10
6.1657471653543308
20
-3.7205651181102359
11
6.1637457480314959
21
-3.723040905511811
0
LINE
8
BLACK
6
CONTINUOUS
10
6.1637457480314959
20
-3.723040905511811
11
6.1636655118110237
21
-3.7230992913385825
0
LINE
8
BLACK
6
CONTINUOUS
10
6.1636655118110237
20
-3.7230992913385825
11
6.1636220866141729
21
-3.7231885826771651
0
LINE
8
BLACK
6
CONTINUOUS
10
6.1636220866141729
20
-3.7231885826771651
11
6.1616045669291335
21
-3.7255143700787401
0
LINE
8
BLACK
6
CONTINUOUS
10
6.1616045669291335
20
-3.7255143700787401
11
6.1615164960629922
21
-3.7255738582677163
0
LINE
8
BLACK
6
CONTINUOUS
10
6.1615164960629922
20
-3.7255738582677163
11
6.1614665354330711
21
-3.7256676377952753
0
LINE
8
BLACK
6
CONTINUOUS
10
6.1614665354330711
20
-3.7256676377952753
11
6.1594335826771651
21
-3.7278424409448818
0
LINE
8
BLACK
6
CONTINUOUS
10
6.1594335826771651
20
-3.7278424409448818
11
6.1593370078740159
21
-3.7279025984251968
0
LINE
8
BLACK
6
CONTINUOUS
10
6.1593370078740159
20
-3.7279025984251968
11
6.1592795669291336
21
-3.7280007480314961
0
LINE
8
BLACK
6
CONTINUOUS
10
6.1592795669291336
20
-3.7280007480314961
11
6.1572319291338582
21
-3.7300235826771653
0
LINE
8
BLACK
6
CONTINUOUS
10
6.1572319291338582
20
-3.7300235826771653
11
6.1571260629921261
21
-3.7300838188976377
0
LINE
8
BLACK
6
CONTINUOUS
10
6.1571260629921261
20
-3.7300838188976377
11
6.1570601181102358
21
-3.730186220472441
0
LINE
8
BLACK
6
CONTINUOUS
10
6.1570601181102358
20
-3.730186220472441
11
6.1549984645669289
21
-3.732056181102362
0
LINE
8
BLACK
6
CONTINUOUS
10
6.1549984645669289
20
-3.732056181102362
11
6.1548824409448821
21
-3.7321157874015749
0
LINE
8
BLACK
6
CONTINUOUS
10
6.1548824409448821
20
-3.7321157874015749
11
6.1548069291338585
21
-3.7322220866141733
0
LINE
8
BLACK
6
CONTINUOUS
10
6.1548069291338585
20
-3.7322220866141733
11
6.1527320472440943
21
-3.7339381889763779
0
LINE
8
BLACK
6
CONTINUOUS
10
6.1527320472440943
20
-3.7339381889763779
11
6.1526051574803144
21
-3.7339962598425198
0
LINE
8
BLACK
6
CONTINUOUS
10
6.1526051574803144
20
-3.7339962598425198
11
6.1525188582677162
21
-3.7341059055118109
0
LINE
8
BLACK
6
CONTINUOUS
10
6.1525188582677162
20
-3.7341059055118109
11
6.1504313385826768
21
-3.7356671259842518
0
LINE
8
BLACK
6
CONTINUOUS
10
6.1504313385826768
20
-3.7356671259842518
11
6.1502929133858268
21
-3.7357224409448819
0
LINE
8
BLACK
6
CONTINUOUS
10
6.1502929133858268
20
-3.7357224409448819
11
6.1501947244094488
21
-3.7358346456692915
0
LINE
8
BLACK
6
CONTINUOUS
10
6.1501947244094488
20
-3.7358346456692915
11
6.1480954330708659
21
-3.7372399999999999
0
LINE
8
BLACK
6
CONTINUOUS
10
6.1480954330708659
20
-3.7372399999999999
11
6.147945
21
-3.7372911811023619
0
LINE
8
BLACK
6
CONTINUOUS
10
6.147945
20
-3.7372911811023619
11
6.1478338582677168
21
-3.7374047637795274
0
LINE
8
BLACK
6
CONTINUOUS
10
6.1478338582677168
20
-3.7374047637795274
11
6.1457234251968504
21
-3.7386533070866141
0
LINE
8
BLACK
6
CONTINUOUS
10
6.1457234251968504
20
-3.7386533070866141
11
6.1455607874015747
21
-3.7386987007874013
0
LINE
8
BLACK
6
CONTINUOUS
10
6.1455607874015747
20
-3.7386987007874013
11
6.1454358267716538
21
-3.7388121259842517
0
LINE
8
BLACK
6
CONTINUOUS
10
6.1454358267716538
20
-3.7388121259842517
11
6.1433149606299216
21
-3.7399029133858268
0
LINE
8
BLACK
6
CONTINUOUS
10
6.1433149606299216
20
-3.7399029133858268
11
6.1431404724409449
21
-3.7399406692913386
0
LINE
8
BLACK
6
CONTINUOUS
10
6.1431404724409449
20
-3.7399406692913386
11
6.1430009448818899
21
-3.7400522047244094
0
LINE
8
BLACK
6
CONTINUOUS
10
6.1430009448818899
20
-3.7400522047244094
11
6.1408703937007871
21
-3.7409842519685039
0
LINE
8
BLACK
6
CONTINUOUS
10
6.1408703937007871
20
-3.7409842519685039
11
6.1406844488188979
21
-3.7410124409448819
0
LINE
8
BLACK
6
CONTINUOUS
10
6.1406844488188979
20
-3.7410124409448819
11
6.1405301968503938
21
-3.7411198818897637
0
LINE
8
BLACK
6
CONTINUOUS
10
6.1405301968503938
20
-3.7411198818897637
11
6.1383906299212594
21
-3.7418921653543307
0
LINE
8
BLACK
6
CONTINUOUS
10
6.1383906299212594
20
-3.7418921653543307
11
6.1381948425196846
21
-3.7419087401574802
0
LINE
8
BLACK
6
CONTINUOUS
10
6.1381948425196846
20
-3.7419087401574802
11
6.1380262598425199
21
-3.7420096456692913
0
LINE
8
BLACK
6
CONTINUOUS
10
6.1380262598425199
20
-3.7420096456692913
11
6.1358784251968501
21
-3.7426212598425197
0
LINE
8
BLACK
6
CONTINUOUS
10
6.1358784251968501
20
-3.7426212598425197
11
6.1356744881889762
21
-3.742624409448819
0
LINE
8
BLACK
6
CONTINUOUS
10
6.1356744881889762
20
-3.742624409448819
11
6.1354924409448817
21
-3.7427163779527559
0
LINE
8
BLACK
6
CONTINUOUS
10
6.1354924409448817
20
-3.7427163779527559
11
6.1333370866141728
21
-3.7431662992125982
0
LINE
8
BLACK
6
CONTINUOUS
10
6.1333370866141728
20
-3.7431662992125982
11
6.1331276377952753
21
-3.7431545275590552
0
LINE
8
BLACK
6
CONTINUOUS
10
6.1331276377952753
20
-3.7431545275590552
11
6.1329338976377947
21
-3.7432350787401574
0
LINE
8
BLACK
6
CONTINUOUS
10
6.1329338976377947
20
-3.7432350787401574
11
6.130771614173228
21
-3.7435223622047245
0
LINE
8
BLACK
6
CONTINUOUS
10
6.130771614173228
20
-3.7435223622047245
11
6.1305594881889762
21
-3.7434946850393698
0
LINE
8
BLACK
6
CONTINUOUS
10
6.1305594881889762
20
-3.7434946850393698
11
6.1303564566929136
21
-3.7435616929133859
0
LINE
8
BLACK
6
CONTINUOUS
10
6.1303564566929136
20
-3.7435616929133859
11
6.128188070866142
21
-3.7436853149606297
0
LINE
8
BLACK
6
CONTINUOUS
10
6.128188070866142
20
-3.7436853149606297
11
6.1279769685039369
21
-3.7436414566929135
0
LINE
8
BLACK
6
CONTINUOUS
10
6.1279769685039369
20
-3.7436414566929135
11
6.1277676771653544
21
-3.743693346456693
0
LINE
8
BLACK
6
CONTINUOUS
10
6.1277676771653544
20
-3.743693346456693
11
6.1255938976377955
21
-3.7436524409448819
0
LINE
8
BLACK
6
CONTINUOUS
10
6.1255938976377955
20
-3.7436524409448819
11
6.1253869291338585
21
-3.7435927559055115
0
LINE
8
BLACK
6
CONTINUOUS
10
6.1253869291338585
20
-3.7435927559055115
11
6.1251745275590546
21
-3.7436286614173229
0
LINE
8
BLACK
6
CONTINUOUS
10
6.1251745275590546
20
-3.7436286614173229
11
6.1229960236220471
21
-3.7434221653543305
0
LINE
8
BLACK
6
CONTINUOUS
10
6.1229960236220471
20
-3.7434221653543305
11
6.1227964566929129
21
-3.7433478740157478
0
LINE
8
BLACK
6
CONTINUOUS
10
6.1227964566929129
20
-3.7433478740157478
11
6.1225844881889762
21
-3.7433675590551179
0
LINE
8
BLACK
6
CONTINUOUS
10
6.1225844881889762
20
-3.7433675590551179
11
6.1204020078740156
21
-3.7429944881889763
0
LINE
8
BLACK
6
CONTINUOUS
10
6.1204020078740156
20
-3.7429944881889763
11
6.1202128740157482
21
-3.7429074803149605
0
LINE
8
BLACK
6
CONTINUOUS
10
6.1202128740157482
20
-3.7429074803149605
11
6.1200047244094486
21
-3.7429115354330706
0
LINE
8
BLACK
6
CONTINUOUS
10
6.1200047244094486
20
-3.7429115354330706
11
6.117818897637795
21
-3.7423709842519686
0
LINE
8
BLACK
6
CONTINUOUS
10
6.117818897637795
20
-3.7423709842519686
11
6.1176420866141727
21
-3.7422734251968501
0
LINE
8
BLACK
6
CONTINUOUS
10
6.1176420866141727
20
-3.7422734251968501
11
6.1174405905511806
21
-3.742263031496063
0
LINE
8
BLACK
6
CONTINUOUS
10
6.1174405905511806
20
-3.742263031496063
11
6.1152522440944876
21
-3.7415540157480316
0
LINE
8
BLACK
6
CONTINUOUS
10
6.1152522440944876
20
-3.7415540157480316
11
6.1150893700787403
21
-3.7414484251968503
0
LINE
8
BLACK
6
CONTINUOUS
10
6.1150893700787403
20
-3.7414484251968503
11
6.1148966929133861
21
-3.7414252755905513
0
LINE
8
BLACK
6
CONTINUOUS
10
6.1148966929133861
20
-3.7414252755905513
11
6.1127064960629918
21
-3.7405467716535434
0
LINE
8
BLACK
6
CONTINUOUS
10
6.1127064960629918
20
-3.7405467716535434
11
6.1125583464566926
21
-3.7404357086614173
0
LINE
8
BLACK
6
CONTINUOUS
10
6.1125583464566926
20
-3.7404357086614173
11
6.1123762992125981
21
-3.7404017322834644
0
LINE
8
BLACK
6
CONTINUOUS
10
6.1123762992125981
20
-3.7404017322834644
11
6.1101849606299208
21
-3.7393527952755905
0
LINE
8
BLACK
6
CONTINUOUS
10
6.1101849606299208
20
-3.7393527952755905
11
6.1100515354330707
21
-3.739238503937008
0
LINE
8
BLACK
6
CONTINUOUS
10
6.1100515354330707
20
-3.739238503937008
11
6.1098812992125984
21
-3.7391957480314959
0
LINE
8
BLACK
6
CONTINUOUS
10
6.1098812992125984
20
-3.7391957480314959
11
6.1076895275590548
21
-3.7379753937007871
0
LINE
8
BLACK
6
CONTINUOUS
10
6.1076895275590548
20
-3.7379753937007871
11
6.1075705511811025
21
-3.7378600393700787
0
LINE
8
BLACK
6
CONTINUOUS
10
6.1075705511811025
20
-3.7378600393700787
11
6.1074125196850391
21
-3.7378104330708659
0
LINE
8
BLACK
6
CONTINUOUS
10
6.1074125196850391
20
-3.7378104330708659
11
6.1052210236220468
21
-3.7364177165354331
0
LINE
8
BLACK
6
CONTINUOUS
10
6.1052210236220468
20
-3.7364177165354331
11
6.1051157086614172
21
-3.736303031496063
0
LINE
8
BLACK
6
CONTINUOUS
10
6.1051157086614172
20
-3.736303031496063
11
6.1049699999999998
21
-3.7362483858267717
0
LINE
8
BLACK
6
CONTINUOUS
10
6.1049699999999998
20
-3.7362483858267717
11
6.1027795275590551
21
-3.7346823228346455
0
LINE
8
BLACK
6
CONTINUOUS
10
6.1027795275590551
20
-3.7346823228346455
11
6.1026868503937006
21
-3.7345696456692914
0
LINE
8
BLACK
6
CONTINUOUS
10
6.1026868503937006
20
-3.7345696456692914
11
6.1025531102362205
21
-3.7345115354330707
0
LINE
8
BLACK
6
CONTINUOUS
10
6.1025531102362205
20
-3.7345115354330707
11
6.10036437007874
21
-3.7327711417322833
0
LINE
8
BLACK
6
CONTINUOUS
10
6.10036437007874
20
-3.7327711417322833
11
6.1002832283464565
21
-3.7326615748031493
0
LINE
8
BLACK
6
CONTINUOUS
10
6.1002832283464565
20
-3.7326615748031493
11
6.1001609842519686
21
-3.7326013385826773
0
LINE
8
BLACK
6
CONTINUOUS
10
6.1001609842519686
20
-3.7326013385826773
11
6.0979746850393699
21
-3.7306856692913386
0
LINE
8
BLACK
6
CONTINUOUS
10
6.0979746850393699
20
-3.7306856692913386
11
6.0979038976377948
21
-3.7305798425196848
0
LINE
8
BLACK
6
CONTINUOUS
10
6.0979038976377948
20
-3.7305798425196848
11
6.0977923622047241
21
-3.7305185826771652
0
LINE
8
BLACK
6
CONTINUOUS
10
6.0977923622047241
20
-3.7305185826771652
11
6.0956091732283459
21
-3.7284266535433068
0
LINE
8
BLACK
6
CONTINUOUS
10
6.0956091732283459
20
-3.7284266535433068
11
6.0955475984251963
21
-3.7283250787401574
0
LINE
8
BLACK
6
CONTINUOUS
10
6.0955475984251963
20
-3.7283250787401574
11
6.0954460629921261
21
-3.7282637007874015
0
LINE
8
BLACK
6
CONTINUOUS
10
6.0954460629921261
20
-3.7282637007874015
11
6.0932667322834648
21
-3.7259944881889764
0
LINE
8
BLACK
6
CONTINUOUS
10
6.0932667322834648
20
-3.7259944881889764
11
6.0932133070866143
21
-3.7258974803149605
0
LINE
8
BLACK
6
CONTINUOUS
10
6.0932133070866143
20
-3.7258974803149605
11
6.0931208267716537
21
-3.7258365748031497
0
LINE
8
BLACK
6
CONTINUOUS
10
6.0931208267716537
20
-3.7258365748031497
11
6.0909461023622047
21
-3.7233891338582676
0
LINE
8
BLACK
6
CONTINUOUS
10
6.0909461023622047
20
-3.7233891338582676
11
6.0908998031496058
21
-3.723296811023622
0
LINE
8
BLACK
6
CONTINUOUS
10
6.0908998031496058
20
-3.723296811023622
11
6.0908157874015743
21
-3.7232370078740158
0
LINE
8
BLACK
6
CONTINUOUS
10
6.0908157874015743
20
-3.7232370078740158
11
6.0886462992125985
21
-3.7206103937007873
0
LINE
8
BLACK
6
CONTINUOUS
10
6.0886462992125985
20
-3.7206103937007873
11
6.0886379133858268
21
-3.7205920472440943
0
LINE
8
BLACK
6
CONTINUOUS
10
6.0886379133858268
20
-3.7205920472440943
11
6.0865787401574805
21
-3.7181029133858265
0
LINE
8
BLACK
6
CONTINUOUS
10
6.0865787401574805
20
-3.7181029133858265
11
6.0845388582677167
21
-3.7158105118110236
0
LINE
8
BLACK
6
CONTINUOUS
10
6.0845388582677167
20
-3.7158105118110236
11
6.0825114173228343
21
-3.713701968503937
0
LINE
8
BLACK
6
CONTINUOUS
10
6.0825114173228343
20
-3.713701968503937
11
6.0804983464566931
21
-3.7117749606299211
0
LINE
8
BLACK
6
CONTINUOUS
10
6.0804983464566931
20
-3.7117749606299211
11
6.0785021653543305
21
-3.7100273228346454
0
LINE
8
BLACK
6
CONTINUOUS
10
6.0785021653543305
20
-3.7100273228346454
11
6.0765266535433069
21
-3.7084575984251966
0
LINE
8
BLACK
6
CONTINUOUS
10
6.0765266535433069
20
-3.7084575984251966
11
6.0745731102362202
21
-3.7070616141732282
0
LINE
8
BLACK
6
CONTINUOUS
10
6.0745731102362202
20
-3.7070616141732282
11
6.0726450393700784
21
-3.7058367716535434
0
LINE
8
BLACK
6
CONTINUOUS
10
6.0726450393700784
20
-3.7058367716535434
11
6.0707425984251966
21
-3.7047777559055115
0
LINE
8
BLACK
6
CONTINUOUS
10
6.0707425984251966
20
-3.7047777559055115
11
6.0688671653543302
21
-3.7038801574803148
0
LINE
8
BLACK
6
CONTINUOUS
10
6.0688671653543302
20
-3.7038801574803148
11
6.067019724409449
21
-3.7031391732283465
0
LINE
8
BLACK
6
CONTINUOUS
10
6.067019724409449
20
-3.7031391732283465
11
6.0651990157480311
21
-3.7025492519685037
0
LINE
8
BLACK
6
CONTINUOUS
10
6.0651990157480311
20
-3.7025492519685037
11
6.0634020078740152
21
-3.7021047637795275
0
LINE
8
BLACK
6
CONTINUOUS
10
6.0634020078740152
20
-3.7021047637795275
11
6.0616247637795277
21
-3.7018008661417321
0
LINE
8
BLACK
6
CONTINUOUS
10
6.0616247637795277
20
-3.7018008661417321
11
6.0598633858267714
21
-3.7016338582677166
0
LINE
8
BLACK
6
CONTINUOUS
10
6.0598633858267714
20
-3.7016338582677166
11
6.0581109055118105
21
-3.7016008267716534
0
LINE
8
BLACK
6
CONTINUOUS
10
6.0581109055118105
20
-3.7016008267716534
11
6.0563624803149603
21
-3.7017005905511811
0
LINE
8
BLACK
6
CONTINUOUS
10
6.0563624803149603
20
-3.7017005905511811
11
6.0546107086614169
21
-3.7019334645669288
0
LINE
8
BLACK
6
CONTINUOUS
10
6.0546107086614169
20
-3.7019334645669288
11
6.0528516929133858
21
-3.7023008267716535
0
LINE
8
BLACK
6
CONTINUOUS
10
6.0528516929133858
20
-3.7023008267716535
11
6.0510810236220474
21
-3.7028053149606297
0
LINE
8
BLACK
6
CONTINUOUS
10
6.0510810236220474
20
-3.7028053149606297
11
6.0492952362204724
21
-3.703450275590551
0
LINE
8
BLACK
6
CONTINUOUS
10
6.0492952362204724
20
-3.703450275590551
11
6.0474931102362204
21
-3.7042391338582674
0
LINE
8
BLACK
6
CONTINUOUS
10
6.0474931102362204
20
-3.7042391338582674
11
6.0456745669291339
21
-3.7051749606299214
0
LINE
8
BLACK
6
CONTINUOUS
10
6.0456745669291339
20
-3.7051749606299214
11
6.0438398818897641
21
-3.7062609842519683
0
LINE
8
BLACK
6
CONTINUOUS
10
6.0438398818897641
20
-3.7062609842519683
11
6.0419901181102365
21
-3.7074999212598425
0
LINE
8
BLACK
6
CONTINUOUS
10
6.0419901181102365
20
-3.7074999212598425
11
6.0401291338582679
21
-3.708892440944882
0
LINE
8
BLACK
6
CONTINUOUS
10
6.0401291338582679
20
-3.708892440944882
11
6.0382567322834646
21
-3.7104417716535432
0
LINE
8
BLACK
6
CONTINUOUS
10
6.0382567322834646
20
-3.7104417716535432
11
6.0363782283464564
21
-3.7121462204724409
0
LINE
8
BLACK
6
CONTINUOUS
10
6.0363782283464564
20
-3.7121462204724409
11
6.034492874015748
21
-3.71400937007874
0
LINE
8
BLACK
6
CONTINUOUS
10
6.034492874015748
20
-3.71400937007874
11
6.0326059448818894
21
-3.716028464566929
0
LINE
8
BLACK
6
CONTINUOUS
10
6.0326059448818894
20
-3.716028464566929
11
6.0307199999999996
21
-3.718202874015748
0
LINE
8
BLACK
6
CONTINUOUS
10
6.0307199999999996
20
-3.718202874015748
11
6.0287787401574802
21
-3.7206043700787399
0
LINE
8
BLACK
6
CONTINUOUS
10
6.0287787401574802
20
-3.7206043700787399
11
6.0264555118110232
21
-3.7222953543307087
0
LINE
8
BLACK
6
CONTINUOUS
10
6.0264555118110232
20
-3.7222953543307087
11
6.0235979921259837
21
-3.7225981889763777
0
LINE
8
BLACK
6
CONTINUOUS
10
6.0235979921259837
20
-3.7225981889763777
11
6.0209719685039369
21
-3.7214316929133857
0
LINE
8
BLACK
6
CONTINUOUS
10
6.0209719685039369
20
-3.7214316929133857
11
6.0192809448818894
21
-3.7191084645669292
0
LINE
8
BLACK
6
CONTINUOUS
10
6.0192809448818894
20
-3.7191084645669292
11
6.0189781496062995
21
-3.7162509448818897
0
LINE
8
BLACK
6
CONTINUOUS
10
6.0189781496062995
20
-3.7162509448818897
11
6.0201446456692915
21
-3.7136249212598424
0
LINE
8
BLACK
6
CONTINUOUS
10
6.0201446456692915
20
-3.7136249212598424
11
6.0221459448818893
21
-3.7111491732283466
0
LINE
8
BLACK
6
CONTINUOUS
10
6.0221459448818893
20
-3.7111491732283466
11
6.022226062992126
21
-3.7110908267716534
0
LINE
8
BLACK
6
CONTINUOUS
10
6.022226062992126
20
-3.7110908267716534
11
6.0222694488188973
21
-3.7110016929133858
0
LINE
8
BLACK
6
CONTINUOUS
10
6.0222694488188973
20
-3.7110016929133858
11
6.0242866929133854
21
-3.7086758661417321
0
LINE
8
BLACK
6
CONTINUOUS
10
6.0242866929133854
20
-3.7086758661417321
11
6.0243745669291338
21
-3.7086164173228346
0
LINE
8
BLACK
6
CONTINUOUS
10
6.0243745669291338
20
-3.7086164173228346
11
6.0244244881889761
21
-3.7085228346456693
0
LINE
8
BLACK
6
CONTINUOUS
10
6.0244244881889761
20
-3.7085228346456693
11
6.0264569291338583
21
-3.7063480314960628
0
LINE
8
BLACK
6
CONTINUOUS
10
6.0264569291338583
20
-3.7063480314960628
11
6.0265533464566925
21
-3.7062878740157479
0
LINE
8
BLACK
6
CONTINUOUS
10
6.0265533464566925
20
-3.7062878740157479
11
6.0266107480314961
21
-3.7061898818897636
0
LINE
8
BLACK
6
CONTINUOUS
10
6.0266107480314961
20
-3.7061898818897636
11
6.0286577165354327
21
-3.7041670078740156
0
LINE
8
BLACK
6
CONTINUOUS
10
6.0286577165354327
20
-3.7041670078740156
11
6.0287635433070861
21
-3.7041067322834644
0
LINE
8
BLACK
6
CONTINUOUS
10
6.0287635433070861
20
-3.7041067322834644
11
6.0288294488188976
21
-3.7040044094488187
0
LINE
8
BLACK
6
CONTINUOUS
10
6.0288294488188976
20
-3.7040044094488187
11
6.0308902362204719
21
-3.7021344881889764
0
LINE
8
BLACK
6
CONTINUOUS
10
6.0308902362204719
20
-3.7021344881889764
11
6.0310061023622046
21
-3.7020748818897635
0
LINE
8
BLACK
6
CONTINUOUS
10
6.0310061023622046
20
-3.7020748818897635
11
6.0310816141732282
21
-3.7019686220472439
0
LINE
8
BLACK
6
CONTINUOUS
10
6.0310816141732282
20
-3.7019686220472439
11
6.0331555511811024
21
-3.7002525984251968
0
LINE
8
BLACK
6
CONTINUOUS
10
6.0331555511811024
20
-3.7002525984251968
11
6.0332823622047247
21
-3.7001944881889761
0
LINE
8
BLACK
6
CONTINUOUS
10
6.0332823622047247
20
-3.7001944881889761
11
6.0333686220472442
21
-3.7000848818897638
0
LINE
8
BLACK
6
CONTINUOUS
10
6.0333686220472442
20
-3.7000848818897638
11
6.0354550393700785
21
-3.6985236614173229
0
LINE
8
BLACK
6
CONTINUOUS
10
6.0354550393700785
20
-3.6985236614173229
11
6.0355933858267719
21
-3.6984682677165353
0
LINE
8
BLACK
6
CONTINUOUS
10
6.0355933858267719
20
-3.6984682677165353
11
6.0356916141732286
21
-3.6983560629921257
0
LINE
8
BLACK
6
CONTINUOUS
10
6.0356916141732286
20
-3.6983560629921257
11
6.0377898031496064
21
-3.6969507086614173
0
LINE
8
BLACK
6
CONTINUOUS
10
6.0377898031496064
20
-3.6969507086614173
11
6.0379401968503936
21
-3.6968994488188978
0
LINE
8
BLACK
6
CONTINUOUS
10
6.0379401968503936
20
-3.6968994488188978
11
6.0380513385826768
21
-3.6967859055118111
0
LINE
8
BLACK
6
CONTINUOUS
10
6.0380513385826768
20
-3.6967859055118111
11
6.0401606299212593
21
-3.6955373228346455
0
LINE
8
BLACK
6
CONTINUOUS
10
6.0401606299212593
20
-3.6955373228346455
11
6.0403231889763775
21
-3.6954918503937009
0
LINE
8
BLACK
6
CONTINUOUS
10
6.0403231889763775
20
-3.6954918503937009
11
6.0404482677165356
21
-3.6953783464566929
0
LINE
8
BLACK
6
CONTINUOUS
10
6.0404482677165356
20
-3.6953783464566929
11
6.0425678740157478
21
-3.6942875984251966
0
LINE
8
BLACK
6
CONTINUOUS
10
6.0425678740157478
20
-3.6942875984251966
11
6.042742440944882
21
-3.6942497244094485
0
LINE
8
BLACK
6
CONTINUOUS
10
6.042742440944882
20
-3.6942497244094485
11
6.042881968503937
21
-3.6941382283464566
0
LINE
8
BLACK
6
CONTINUOUS
10
6.042881968503937
20
-3.6941382283464566
11
6.0450112992125984
21
-3.693206181102362
0
LINE
8
BLACK
6
CONTINUOUS
10
6.0450112992125984
20
-3.693206181102362
11
6.0451972834645664
21
-3.6931779133858269
0
LINE
8
BLACK
6
CONTINUOUS
10
6.0451972834645664
20
-3.6931779133858269
11
6.045351614173228
21
-3.6930704330708659
0
LINE
8
BLACK
6
CONTINUOUS
10
6.045351614173228
20
-3.6930704330708659
11
6.0474899606299211
21
-3.692298149606299
0
LINE
8
BLACK
6
CONTINUOUS
10
6.0474899606299211
20
-3.692298149606299
11
6.0476858267716533
21
-3.6922814960629919
0
LINE
8
BLACK
6
CONTINUOUS
10
6.0476858267716533
20
-3.6922814960629919
11
6.0478544881889764
21
-3.6921805511811021
0
LINE
8
BLACK
6
CONTINUOUS
10
6.0478544881889764
20
-3.6921805511811021
11
6.0500011023622049
21
-3.6915689370078741
0
LINE
8
BLACK
6
CONTINUOUS
10
6.0500011023622049
20
-3.6915689370078741
11
6.0502051181102363
21
-3.6915657086614173
0
LINE
8
BLACK
6
CONTINUOUS
10
6.0502051181102363
20
-3.6915657086614173
11
6.0503873228346459
21
-3.6914737007874017
0
LINE
8
BLACK
6
CONTINUOUS
10
6.0503873228346459
20
-3.6914737007874017
11
6.0525415748031497
21
-3.6910237795275589
0
LINE
8
BLACK
6
CONTINUOUS
10
6.0525415748031497
20
-3.6910237795275589
11
6.0527511023622047
21
-3.6910354724409449
0
LINE
8
BLACK
6
CONTINUOUS
10
6.0527511023622047
20
-3.6910354724409449
11
6.0529450000000002
21
-3.6909549212598423
0
LINE
8
BLACK
6
CONTINUOUS
10
6.0529450000000002
20
-3.6909549212598423
11
6.0551061811023619
21
-3.6906676377952756
0
LINE
8
BLACK
6
CONTINUOUS
10
6.0551061811023619
20
-3.6906676377952756
11
6.0553183070866137
21
-3.6906952755905511
0
LINE
8
BLACK
6
CONTINUOUS
10
6.0553183070866137
20
-3.6906952755905511
11
6.0555214173228347
21
-3.6906282677165354
0
LINE
8
BLACK
6
CONTINUOUS
10
6.0555214173228347
20
-3.6906282677165354
11
6.0576888188976374
21
-3.6905046062992124
0
LINE
8
BLACK
6
CONTINUOUS
10
6.0576888188976374
20
-3.6905046062992124
11
6.0579000787401576
21
-3.6905484645669291
0
LINE
8
BLACK
6
CONTINUOUS
10
6.0579000787401576
20
-3.6905484645669291
11
6.0581095669291338
21
-3.6904965748031495
0
LINE
8
BLACK
6
CONTINUOUS
10
6.0581095669291338
20
-3.6904965748031495
11
6.0602825590551177
21
-3.6905375196850394
0
LINE
8
BLACK
6
CONTINUOUS
10
6.0602825590551177
20
-3.639027440944882
11
6.0604895669291334
21
-3.6390870866141731
0
LINE
8
BLACK
6
CONTINUOUS
10
6.0604895669291334
20
-3.6390870866141731
11
6.0607019685039365
21
-3.6390512598425198
0
LINE
8
BLACK
6
CONTINUOUS
10
6.0607019685039365
20
-3.6390512598425198
11
6.0628797244094486
21
-3.6392577559055117
0
LINE
8
BLACK
6
CONTINUOUS
10
6.0628797244094486
20
-3.6392577559055117
11
6.0630792125984252
21
-3.6393320078740157
0
LINE
8
BLACK
6
CONTINUOUS
10
6.0630792125984252
20
-3.6393320078740157
11
6.0632912598425195
21
-3.6393123622047243
0
LINE
8
BLACK
6
CONTINUOUS
10
6.0632912598425195
20
-3.6393123622047243
11
6.0654731889763775
21
-3.6396854330708659
0
LINE
8
BLACK
6
CONTINUOUS
10
6.0654731889763775
20
-3.6396854330708659
11
6.0656623228346458
21
-3.6397724409448817
0
LINE
8
BLACK
6
CONTINUOUS
10
6.0656623228346458
20
-3.6397724409448817
11
6.0658705118110232
21
-3.6397684251968503
0
LINE
8
BLACK
6
CONTINUOUS
10
6.0658705118110232
20
-3.6397684251968503
11
6.0680559448818894
21
-3.6403089763779528
0
LINE
8
BLACK
6
CONTINUOUS
10
6.0680559448818894
20
-3.6403089763779528
11
6.0682326377952753
21
-3.6404064566929133
0
LINE
8
BLACK
6
CONTINUOUS
10
6.0682326377952753
20
-3.6404064566929133
11
6.0684341732283462
21
-3.6404168897637796
0
LINE
8
BLACK
6
CONTINUOUS
10
6.0684341732283462
20
-3.6404168897637796
11
6.0706223228346454
21
-3.641125905511811
0
LINE
8
BLACK
6
CONTINUOUS
10
6.0706223228346454
20
-3.641125905511811
11
6.0707850393700786
21
-3.6412313779527556
0
LINE
8
BLACK
6
CONTINUOUS
10
6.0707850393700786
20
-3.6412313779527556
11
6.0709777165354328
21
-3.6412545669291339
0
LINE
8
BLACK
6
CONTINUOUS
10
6.0709777165354328
20
-3.6412545669291339
11
6.073167952755905
21
-3.6421330708661417
0
LINE
8
BLACK
6
CONTINUOUS
10
6.073167952755905
20
-3.6421330708661417
11
6.0733160236220467
21
-3.6422440551181103
0
LINE
8
BLACK
6
CONTINUOUS
10
6.0733160236220467
20
-3.6422440551181103
11
6.0734979133858262
21
-3.6422780314960628
0
LINE
8
BLACK
6
CONTINUOUS
10
6.0734979133858262
20
-3.6422780314960628
11
6.0756895275590548
21
-3.6433269685039371
0
LINE
8
BLACK
6
CONTINUOUS
10
6.0756895275590548
20
-3.6433269685039371
11
6.0758227952755908
21
-3.6434411023622046
0
LINE
8
BLACK
6
CONTINUOUS
10
6.0758227952755908
20
-3.6434411023622046
11
6.0759929133858268
21
-3.6434838582677163
0
LINE
8
BLACK
6
CONTINUOUS
10
6.0759929133858268
20
-3.6434838582677163
11
6.078185236220472
21
-3.6447041732283463
0
LINE
8
BLACK
6
CONTINUOUS
10
6.078185236220472
20
-3.6447041732283463
11
6.0783040551181102
21
-3.6448193307086614
0
LINE
8
BLACK
6
CONTINUOUS
10
6.0783040551181102
20
-3.6448193307086614
11
6.0784619291338577
21
-3.644868897637795
0
LINE
8
BLACK
6
CONTINUOUS
10
6.0784619291338577
20
-3.644868897637795
11
6.0806542519685038
21
-3.6462615748031495
0
LINE
8
BLACK
6
CONTINUOUS
10
6.0806542519685038
20
-3.6462615748031495
11
6.0807594881889759
21
-3.6463761023622046
0
LINE
8
BLACK
6
CONTINUOUS
10
6.0807594881889759
20
-3.6463761023622046
11
6.0809050787401571
21
-3.6464307086614172
0
LINE
8
BLACK
6
CONTINUOUS
10
6.0809050787401571
20
-3.6464307086614172
11
6.0830966929133856
21
-3.6479968110236221
0
LINE
8
BLACK
6
CONTINUOUS
10
6.0830966929133856
20
-3.6479968110236221
11
6.0831891732283463
21
-3.6481091732283462
0
LINE
8
BLACK
6
CONTINUOUS
10
6.0831891732283463
20
-3.6481091732283462
11
6.0833226771653539
21
-3.6481671653543306
0
LINE
8
BLACK
6
CONTINUOUS
10
6.0833226771653539
20
-3.6481671653543306
11
6.085512913385827
21
-3.6499075196850392
0
LINE
8
BLACK
6
CONTINUOUS
10
6.085512913385827
20
-3.6499075196850392
11
6.0855938976377955
21
-3.6500168503937007
0
LINE
8
BLACK
6
CONTINUOUS
10
6.0855938976377955
20
-3.6500168503937007
11
6.0857161023622046
21
-3.6500770078740157
0
LINE
8
BLACK
6
CONTINUOUS
10
6.0857161023622046
20
-3.6500770078740157
11
6.0879042519685038
21
-3.6519927559055119
0
LINE
8
BLACK
6
CONTINUOUS
10
6.0879042519685038
20
-3.6519927559055119
11
6.0879748425196851
21
-3.6520982283464565
0
LINE
8
BLACK
6
CONTINUOUS
10
6.0879748425196851
20
-3.6520982283464565
11
6.0880862204724409
21
-3.6521593307086615
0
LINE
8
BLACK
6
CONTINUOUS
10
6.0880862204724409
20
-3.6521593307086615
11
6.0902716141732283
21
-3.6542512992125982
0
LINE
8
BLACK
6
CONTINUOUS
10
6.0902716141732283
20
-3.6542512992125982
11
6.0903330708661416
21
-3.654352559055118
0
LINE
8
BLACK
6
CONTINUOUS
10
6.0903330708661416
20
-3.654352559055118
11
6.0904344881889765
21
-3.6544138188976376
0
LINE
8
BLACK
6
CONTINUOUS
10
6.0904344881889765
20
-3.6544138188976376
11
6.0926164173228345
21
-3.656682992125984
0
LINE
8
BLACK
6
CONTINUOUS
10
6.0926164173228345
20
-3.656682992125984
11
6.0926697244094488
21
-3.6567796850393699
0
LINE
8
BLACK
6
CONTINUOUS
10
6.0926697244094488
20
-3.6567796850393699
11
6.0927620078740157
21
-3.6568403937007874
0
LINE
8
BLACK
6
CONTINUOUS
10
6.0927620078740157
20
-3.6568403937007874
11
6.0949397637795277
21
-3.6592877952755907
0
LINE
8
BLACK
6
CONTINUOUS
10
6.0949397637795277
20
-3.6592877952755907
11
6.0949859842519682
21
-3.6593798425196851
0
LINE
8
BLACK
6
CONTINUOUS
10
6.0949859842519682
20
-3.6593798425196851
11
6.095069960629921
21
-3.659439527559055
0
LINE
8
BLACK
6
CONTINUOUS
10
6.095069960629921
20
-3.659439527559055
11
6.0972428740157483
21
-3.6620661417322835
0
LINE
8
BLACK
6
CONTINUOUS
10
6.0972428740157483
20
-3.6620661417322835
11
6.0972513779527562
21
-3.6620847637795273
0
LINE
8
BLACK
6
CONTINUOUS
10
6.0972513779527562
20
-3.6620847637795273
11
6.0993121259842518
21
-3.6645796456692912
0
LINE
8
BLACK
6
CONTINUOUS
10
6.0993121259842518
20
-3.6645796456692912
11
6.1013489370078737
21
-3.6668718897637795
0
LINE
8
BLACK
6
CONTINUOUS
10
6.1013489370078737
20
-3.6668718897637795
11
6.103373346456693
21
-3.6689798031496061
0
LINE
8
BLACK
6
CONTINUOUS
10
6.103373346456693
20
-3.6689798031496061
11
6.105384212598425
21
-3.6709066929133858
0
LINE
8
BLACK
6
CONTINUOUS
10
6.105384212598425
20
-3.6709066929133858
11
6.1073778346456695
21
-3.6726535433070864
0
LINE
8
BLACK
6
CONTINUOUS
10
6.1073778346456695
20
-3.6726535433070864
11
6.1093518503937005
21
-3.6742231889763777
0
LINE
8
BLACK
6
CONTINUOUS
10
6.1093518503937005
20
-3.6742231889763777
11
6.1113035826771656
21
-3.6756185826771652
0
LINE
8
BLACK
6
CONTINUOUS
10
6.1113035826771656
20
-3.6756185826771652
11
6.1132314566929136
21
-3.6768437795275588
0
LINE
8
BLACK
6
CONTINUOUS
10
6.1132314566929136
20
-3.6768437795275588
11
6.1151327165354328
21
-3.6779023622047244
0
LINE
8
BLACK
6
CONTINUOUS
10
6.1151327165354328
20
-3.6779023622047244
11
6.1170074803149603
21
-3.6787997244094486
0
LINE
8
BLACK
6
CONTINUOUS
10
6.1170074803149603
20
-3.6787997244094486
11
6.1188540157480311
21
-3.6795404330708661
0
LINE
8
BLACK
6
CONTINUOUS
10
6.1188540157480311
20
-3.6795404330708661
11
6.1206750393700782
21
-3.680130433070866
0
LINE
8
BLACK
6
CONTINUOUS
10
6.1206750393700782
20
-3.680130433070866
11
6.1224726771653541
21
-3.6805750393700785
0
LINE
8
BLACK
6
CONTINUOUS
10
6.1224726771653541
20
-3.6805750393700785
11
6.1242503543307087
21
-3.6808788976377951
0
LINE
8
BLACK
6
CONTINUOUS
10
6.1242503543307087
20
-3.6808788976377951
11
6.126013031496063
21
-3.6810459842519685
0
LINE
8
BLACK
6
CONTINUOUS
10
6.126013031496063
20
-3.6810459842519685
11
6.1277664173228343
21
-3.6810789763779526
0
LINE
8
BLACK
6
CONTINUOUS
10
6.1277664173228343
20
-3.6810789763779526
11
6.1295159055118109
21
-3.6809792519685041
0
LINE
8
BLACK
6
CONTINUOUS
10
6.1295159055118109
20
-3.6809792519685041
11
6.1312687795275593
21
-3.6807463385826771
0
LINE
8
BLACK
6
CONTINUOUS
10
6.1312687795275593
20
-3.6807463385826771
11
6.1330291338582672
21
-3.6803788582677166
0
LINE
8
BLACK
6
CONTINUOUS
10
6.1330291338582672
20
-3.6803788582677166
11
6.1348012204724407
21
-3.6798742913385825
0
LINE
8
BLACK
6
CONTINUOUS
10
6.1348012204724407
20
-3.6798742913385825
11
6.1365883858267711
21
-3.6792291732283462
0
LINE
8
BLACK
6
CONTINUOUS
10
6.1365883858267711
20
-3.6792291732283462
11
6.1383920472440945
21
-3.6784401574803147
0
LINE
8
BLACK
6
CONTINUOUS
10
6.1383920472440945
20
-3.6784401574803147
11
6.1402114960629923
21
-3.6775044094488187
0
LINE
8
BLACK
6
CONTINUOUS
10
6.1402114960629923
20
-3.6775044094488187
11
6.1420479527559051
21
-3.6764179527559055
0
LINE
8
BLACK
6
CONTINUOUS
10
6.1420479527559051
20
-3.6764179527559055
11
6.1438981889763777
21
-3.6751792913385826
0
LINE
8
BLACK
6
CONTINUOUS
10
6.1438981889763777
20
-3.6751792913385826
11
6.1457603149606301
21
-3.673786614173228
0
LINE
8
BLACK
6
CONTINUOUS
10
6.1457603149606301
20
-3.673786614173228
11
6.1476337401574801
21
-3.6722371653543306
0
LINE
8
BLACK
6
CONTINUOUS
10
6.1476337401574801
20
-3.6722371653543306
11
6.1495135433070862
21
-3.6705321653543308
0
LINE
8
BLACK
6
CONTINUOUS
10
6.1495135433070862
20
-3.6705321653543308
11
6.1513982283464568
21
-3.6686703149606297
0
LINE
8
BLACK
6
CONTINUOUS
10
6.1513982283464568
20
-3.6686703149606297
11
6.1532849999999994
21
-3.6666519291338582
0
LINE
8
BLACK
6
CONTINUOUS
10
6.1532849999999994
20
-3.6666519291338582
11
6.1551721259842518
21
-3.6644764566929133
0
LINE
8
BLACK
6
CONTINUOUS
10
6.1551721259842518
20
-3.6644764566929133
11
6.1571132283464562
21
-3.6620753543307085
0
LINE
8
BLACK
6
CONTINUOUS
10
6.1571132283464562
20
-3.6620753543307085
11
6.1594364960629919
21
-3.6603844488188977
0
LINE
8
BLACK
6
CONTINUOUS
10
6.1594364960629919
20
-3.6603844488188977
11
6.1622940157480315
21
-3.6600816929133857
0
LINE
8
BLACK
6
CONTINUOUS
10
6.1622940157480315
20
-3.6600816929133857
11
6.1649200393700783
21
-3.6612482283464565
0
LINE
8
BLACK
6
CONTINUOUS
10
6.1649200393700783
20
-3.6612482283464565
11
6.1666109842519683
21
-3.6635714960629921
0
LINE
8
BLACK
6
CONTINUOUS
10
6.1666109842519683
20
-3.6635714960629921
11
6.1669137007874015
21
-3.6664290157480313
0
LINE
8
BLACK
6
CONTINUOUS
10
6.1669137007874015
20
-3.6664290157480313
11
6.1657471653543308
21
-3.6690550393700785
0
LINE
8
BLACK
6
CONTINUOUS
10
6.1657471653543308
20
-3.6690550393700785
11
6.1637457480314959
21
-3.6715308267716535
0
LINE
8
BLACK
6
CONTINUOUS
10
6.1637457480314959
20
-3.6715308267716535
11
6.1636655118110237
21
-3.6715892125984251
0
LINE
8
BLACK
6
CONTINUOUS
10
6.1636655118110237
20
-3.6715892125984251
11
6.1636220866141729
21
-3.6716785039370077
0
LINE
8
BLACK
6
CONTINUOUS
10
6.1636220866141729
20
-3.6716785039370077
11
6.1616045669291335
21
-3.6740042913385826
0
LINE
8
BLACK
6
CONTINUOUS
10
6.1616045669291335
20
-3.6740042913385826
11
6.1615164960629922
21
-3.6740637795275588
0
LINE
8
BLACK
6
CONTINUOUS
10
6.1615164960629922
20
-3.6740637795275588
11
6.1614665354330711
21
-3.6741575590551179
0
LINE
8
BLACK
6
CONTINUOUS
10
6.1614665354330711
20
-3.6741575590551179
11
6.1594335826771651
21
-3.6763323622047244
0
LINE
8
BLACK
6
CONTINUOUS
10
6.1594335826771651
20
-3.6763323622047244
11
6.1593370078740159
21
-3.6763925196850393
0
LINE
8
BLACK
6
CONTINUOUS
10
6.1593370078740159
20
-3.6763925196850393
11
6.1592795669291336
21
-3.6764906692913386
0
LINE
8
BLACK
6
CONTINUOUS
10
6.1592795669291336
20
-3.6764906692913386
11
6.1572319291338582
21
-3.6785135039370078
0
LINE
8
BLACK
6
CONTINUOUS
10
6.1572319291338582
20
-3.6785135039370078
11
6.1571260629921261
21
-3.6785737401574803
0
LINE
8
BLACK
6
CONTINUOUS
10
6.1571260629921261
20
-3.6785737401574803
11
6.1570601181102358
21
-3.6786761417322835
0
LINE
8
BLACK
6
CONTINUOUS
10
6.1570601181102358
20
-3.6786761417322835
11
6.1549984645669289
21
-3.6805461023622046
0
LINE
8
BLACK
6
CONTINUOUS
10
6.1549984645669289
20
-3.6805461023622046
11
6.1548824409448821
21
-3.6806057086614175
0
LINE
8
BLACK
6
CONTINUOUS
10
6.1548824409448821
20
-3.6806057086614175
11
6.1548069291338585
21
-3.6807120078740159
0
LINE
8
BLACK
6
CONTINUOUS
10
6.1548069291338585
20
-3.6807120078740159
11
6.1527320472440943
21
-3.6824281102362204
0
LINE
8
BLACK
6
CONTINUOUS
10
6.1527320472440943
20
-3.6824281102362204
11
6.1526051574803144
21
-3.6824861811023619
0
LINE
8
BLACK
6
CONTINUOUS
10
6.1526051574803144
20
-3.6824861811023619
11
6.1525188582677162
21
-3.6825958267716534
0
LINE
8
BLACK
6
CONTINUOUS
10
6.1525188582677162
20
-3.6825958267716534
11
6.1504313385826768
21
-3.6841570472440943
0
LINE
8
BLACK
6
CONTINUOUS
10
6.1504313385826768
20
-3.6841570472440943
11
6.1502929133858268
21
-3.6842123622047245
0
LINE
8
BLACK
6
CONTINUOUS
10
6.1502929133858268
20
-3.6842123622047245
11
6.1501947244094488
21
-3.6843245669291336
0
LINE
8
BLACK
6
CONTINUOUS
10
6.1501947244094488
20
-3.6843245669291336
11
6.1480954330708659
21
-3.6857299212598424
0
LINE
8
BLACK
6
CONTINUOUS
10
6.1480954330708659
20
-3.6857299212598424
11
6.147945
21
-3.6857811023622045
0
LINE
8
BLACK
6
CONTINUOUS
10
6.147945
20
-3.6857811023622045
11
6.1478338582677168
21
-3.6858946850393699
0
LINE
8
BLACK
6
CONTINUOUS
10
6.1478338582677168
20
-3.6858946850393699
11
6.1457234251968504
21
-3.6871432283464567
0
LINE
8
BLACK
6
CONTINUOUS
10
6.1457234251968504
20
-3.6871432283464567
11
6.1455607874015747
21
-3.6871886220472438
0
LINE
8
BLACK
6
CONTINUOUS
10
6.1455607874015747
20
-3.6871886220472438
11
6.1454358267716538
21
-3.6873020472440943
0
LINE
8
BLACK
6
CONTINUOUS
10
6.1454358267716538
20
-3.6873020472440943
11
6.1433149606299216
21
-3.6883928346456694
0
LINE
8
BLACK
6
CONTINUOUS
10
6.1433149606299216
20
-3.6883928346456694
11
6.1431404724409449
21
-3.6884305905511812
0
LINE
8
BLACK
6
CONTINUOUS
10
6.1431404724409449
20
-3.6884305905511812
11
6.1430009448818899
21
-3.6885421259842519
0
LINE
8
BLACK
6
CONTINUOUS
10
6.1430009448818899
20
-3.6885421259842519
11
6.1408703937007871
21
-3.6894741732283465
0
LINE
8
BLACK
6
CONTINUOUS
10
6.1408703937007871
20
-3.6894741732283465
11
6.1406844488188979
21
-3.6895023622047245
0
LINE
8
BLACK
6
CONTINUOUS
10
6.1406844488188979
20
-3.6895023622047245
11
6.1405301968503938
21
-3.6896098031496063
0
LINE
8
BLACK
6
CONTINUOUS
10
6.1405301968503938
20
-3.6896098031496063
11
6.1383906299212594
21
-3.6903820866141732
0
LINE
8
BLACK
6
CONTINUOUS
10
6.1383906299212594
20
-3.6903820866141732
11
6.1381948425196846
21
-3.6903986614173228
0
LINE
8
BLACK
6
CONTINUOUS
10
6.1381948425196846
20
-3.6903986614173228
11
6.1380262598425199
21
-3.6904995669291338
0
LINE
8
BLACK
6
CONTINUOUS
10
6.1380262598425199
20
-3.6904995669291338
11
6.1358784251968501
21
-3.6911111811023622
0
LINE
8
BLACK
6
CONTINUOUS
10
6.1358784251968501
20
-3.6911111811023622
11
6.1356744881889762
21
-3.6911143307086611
0
LINE
8
BLACK
6
CONTINUOUS
10
6.1356744881889762
20
-3.6911143307086611
11
6.1354924409448817
21
-3.6912062992125985
0
LINE
8
BLACK
6
CONTINUOUS
10
6.1354924409448817
20
-3.6912062992125985
11
6.1333370866141728
21
-3.6916562204724408
0
LINE
8
BLACK
6
CONTINUOUS
10
6.1333370866141728
20
-3.6916562204724408
11
6.1331276377952753
21
-3.6916444488188978
0
LINE
8
BLACK
6
CONTINUOUS
10
6.1331276377952753
20
-3.6916444488188978
11
6.1329338976377947
21
-3.6917249999999999
0
LINE
8
BLACK
6
CONTINUOUS
10
6.1329338976377947
20
-3.6917249999999999
11
6.130771614173228
21
-3.692012283464567
0
LINE
8
BLACK
6
CONTINUOUS
10
6.130771614173228
20
-3.692012283464567
11
6.1305594881889762
21
-3.6919846062992123
0
LINE
8
BLACK
6
CONTINUOUS
10
6.1305594881889762
20
-3.6919846062992123
11
6.1303564566929136
21
-3.6920516141732285
0
LINE
8
BLACK
6
CONTINUOUS
10
6.1303564566929136
20
-3.6920516141732285
11
6.128188070866142
21
-3.6921752362204723
0
LINE
8
BLACK
6
CONTINUOUS
10
6.128188070866142
20
-3.6921752362204723
11
6.1279769685039369
21
-3.692131377952756
0
LINE
8
BLACK
6
CONTINUOUS
10
6.1279769685039369
20
-3.692131377952756
11
6.1277676771653544
21
-3.6921832677165352
0
LINE
8
BLACK
6
CONTINUOUS
10
6.1277676771653544
20
-3.6921832677165352
11
6.1255938976377955
21
-3.6921423622047245
0
LINE
8
BLACK
6
CONTINUOUS
10
6.1255938976377955
20
-3.6921423622047245
11
6.1253869291338585
21
-3.6920826771653541
0
LINE
8
BLACK
6
CONTINUOUS
10
6.1253869291338585
20
-3.6920826771653541
11
6.1251745275590546
21
-3.6921185826771654
0
LINE
8
BLACK
6
CONTINUOUS
10
6.1251745275590546
20
-3.6921185826771654
11
6.1229960236220471
21
-3.691912086614173
0
LINE
8
BLACK
6
CONTINUOUS
10
6.1229960236220471
20
-3.691912086614173
11
6.1227964566929129
21
-3.6918377952755903
0
LINE
8
BLACK
6
CONTINUOUS
10
6.1227964566929129
20
-3.6918377952755903
11
6.1225844881889762
21
-3.6918574803149604
0
LINE
8
BLACK
6
CONTINUOUS
10
6.1225844881889762
20
-3.6918574803149604
11
6.1204020078740156
21
-3.6914844094488188
0
LINE
8
BLACK
6
CONTINUOUS
10
6.1204020078740156
20
-3.6914844094488188
11
6.1202128740157482
21
-3.691397401574803
0
LINE
8
BLACK
6
CONTINUOUS
10
6.1202128740157482
20
-3.691397401574803
11
6.1200047244094486
21
-3.6914014566929132
0
LINE
8
BLACK
6
CONTINUOUS
10
6.1200047244094486
20
-3.6914014566929132
11
6.117818897637795
21
-3.6908609055118111
0
LINE
8
BLACK
6
CONTINUOUS
10
6.117818897637795
20
-3.6908609055118111
11
6.1176420866141727
21
-3.6907633464566927
0
LINE
8
BLACK
6
CONTINUOUS
10
6.1176420866141727
20
-3.6907633464566927
11
6.1174405905511806
21
-3.6907529527559055
0
LINE
8
BLACK
6
CONTINUOUS
10
6.1174405905511806
20
-3.6907529527559055
11
6.1152522440944876
21
-3.6900439370078741
0
LINE
8
BLACK
6
CONTINUOUS
10
6.1152522440944876
20
-3.6900439370078741
11
6.1150893700787403
21
-3.6899383464566928
0
LINE
8
BLACK
6
CONTINUOUS
10
6.1150893700787403
20
-3.6899383464566928
11
6.1148966929133861
21
-3.6899151968503938
0
LINE
8
BLACK
6
CONTINUOUS
10
6.1148966929133861
20
-3.6899151968503938
11
6.1127064960629918
21
-3.6890366929133855
0
LINE
8
BLACK
6
CONTINUOUS
10
6.1127064960629918
20
-3.6890366929133855
11
6.1125583464566926
21
-3.6889256299212598
0
LINE
8
BLACK
6
CONTINUOUS
10
6.1125583464566926
20
-3.6889256299212598
11
6.1123762992125981
21
-3.6888916535433069
0
LINE
8
BLACK
6
CONTINUOUS
10
6.1123762992125981
20
-3.6888916535433069
11
6.1101849606299208
21
-3.6878427165354331
0
LINE
8
BLACK
6
CONTINUOUS
10
6.1101849606299208
20
-3.6878427165354331
11
6.1100515354330707
21
-3.6877284251968505
0
LINE
8
BLACK
6
CONTINUOUS
10
6.1100515354330707
20
-3.6877284251968505
11
6.1098812992125984
21
-3.6876856692913385
0
LINE
8
BLACK
6
CONTINUOUS
10
6.1098812992125984
20
-3.6876856692913385
11
6.1076895275590548
21
-3.6864653149606297
0
LINE
8
BLACK
6
CONTINUOUS
10
6.1076895275590548
20
-3.6864653149606297
11
6.1075705511811025
21
-3.6863499606299213
0
LINE
8
BLACK
6
CONTINUOUS
10
6.1075705511811025
20
-3.6863499606299213
11
6.1074125196850391
21
-3.6863003543307085
0
LINE
8
BLACK
6
CONTINUOUS
10
6.1074125196850391
20
-3.6863003543307085
11
6.1052210236220468
21
-3.6849076377952756
0
LINE
8
BLACK
6
CONTINUOUS
10
6.1052210236220468
20
-3.6849076377952756
11
6.1051157086614172
21
-3.6847929527559056
0
LINE
8
BLACK
6
CONTINUOUS
10
6.1051157086614172
20
-3.6847929527559056
11
6.1049699999999998
21
-3.6847383070866142
0
LINE
8
BLACK
6
CONTINUOUS
10
6.1049699999999998
20
-3.6847383070866142
11
6.1027795275590551
21
-3.6831722440944881
0
LINE
8
BLACK
6
CONTINUOUS
10
6.1027795275590551
20
-3.6831722440944881
11
6.1026868503937006
21
-3.6830595669291339
0
LINE
8
BLACK
6
CONTINUOUS
10
6.1026868503937006
20
-3.6830595669291339
11
6.1025531102362205
21
-3.6830014566929132
0
LINE
8
BLACK
6
CONTINUOUS
10
6.1025531102362205
20
-3.6830014566929132
11
6.10036437007874
21
-3.6812610629921259
0
LINE
8
BLACK
6
CONTINUOUS
10
6.10036437007874
20
-3.6812610629921259
11
6.1002832283464565
21
-3.6811514960629919
0
LINE
8
BLACK
6
CONTINUOUS
10
6.1002832283464565
20
-3.6811514960629919
11
6.1001609842519686
21
-3.6810912598425194
0
LINE
8
BLACK
6
CONTINUOUS
10
6.1001609842519686
20
-3.6810912598425194
11
6.0979746850393699
21
-3.6791755905511812
0
LINE
8
BLACK
6
CONTINUOUS
10
6.0979746850393699
20
-3.6791755905511812
11
6.0979038976377948
21
-3.6790697637795273
0
LINE
8
BLACK
6
CONTINUOUS
10
6.0979038976377948
20
-3.6790697637795273
11
6.0977923622047241
21
-3.6790085039370077
0
LINE
8
BLACK
6
CONTINUOUS
10
6.0977923622047241
20
-3.6790085039370077
11
6.0956091732283459
21
-3.6769165748031494
0
LINE
8
BLACK
6
CONTINUOUS
10
6.0956091732283459
20
-3.6769165748031494
11
6.0955475984251963
21
-3.6768149999999999
0
LINE
8
BLACK
6
CONTINUOUS
10
6.0955475984251963
20
-3.6768149999999999
11
6.0954460629921261
21
-3.6767536220472441
0
LINE
8
BLACK
6
CONTINUOUS
10
6.0954460629921261
20
-3.6767536220472441
11
6.0932667322834648
21
-3.6744844094488189
0
LINE
8
BLACK
6
CONTINUOUS
10
6.0932667322834648
20
-3.6744844094488189
11
6.0932133070866143
21
-3.674387401574803
0
LINE
8
BLACK
6
CONTINUOUS
10
6.0932133070866143
20
-3.674387401574803
11
6.0931208267716537
21
-3.6743264960629922
0
LINE
8
BLACK
6
CONTINUOUS
10
6.0931208267716537
20
-3.6743264960629922
11
6.0909461023622047
21
-3.6718790551181102
0
LINE
8
BLACK
6
CONTINUOUS
10
6.0909461023622047
20
-3.6718790551181102
11
6.0908998031496058
21
-3.6717867322834645
0
LINE
8
BLACK
6
CONTINUOUS
10
6.0908998031496058
20
-3.6717867322834645
11
6.0908157874015743
21
-3.6717269291338583
0
LINE
8
BLACK
6
CONTINUOUS
10
6.0908157874015743
20
-3.6717269291338583
11
6.0886462992125985
21
-3.6691003149606298
0
LINE
8
BLACK
6
CONTINUOUS
10
6.0886462992125985
20
-3.6691003149606298
11
6.0886379133858268
21
-3.6690819685039369
0
LINE
8
BLACK
6
CONTINUOUS
10
6.0886379133858268
20
-3.6690819685039369
11
6.0865787401574805
21
-3.6665928346456691
0
LINE
8
BLACK
6
CONTINUOUS
10
6.0865787401574805
20
-3.6665928346456691
11
6.0845388582677167
21
-3.6643004330708662
0
LINE
8
BLACK
6
CONTINUOUS
10
6.0845388582677167
20
-3.6643004330708662
11
6.0825114173228343
21
-3.6621918897637795
0
LINE
8
BLACK
6
CONTINUOUS
10
6.0825114173228343
20
-3.6621918897637795
11
6.0804983464566931
21
-3.6602648818897636
0
LINE
8
BLACK
6
CONTINUOUS
10
6.0804983464566931
20
-3.6602648818897636
11
6.0785021653543305
21
-3.658517244094488
0
LINE
8
BLACK
6
CONTINUOUS
10
6.0785021653543305
20
-3.658517244094488
11
6.0765266535433069
21
-3.6569475196850392
0
LINE
8
BLACK
6
CONTINUOUS
10
6.0765266535433069
20
-3.6569475196850392
11
6.0745731102362202
21
-3.6555515354330708
0
LINE
8
BLACK
6
CONTINUOUS
10
6.0745731102362202
20
-3.6555515354330708
11
6.0726450393700784
21
-3.654326692913386
0
LINE
8
BLACK
6
CONTINUOUS
10
6.0726450393700784
20
-3.654326692913386
11
6.0707425984251966
21
-3.6532676771653541
0
LINE
8
BLACK
6
CONTINUOUS
10
6.0707425984251966
20
-3.6532676771653541
11
6.0688671653543302
21
-3.6523700787401574
0
LINE
8
BLACK
6
CONTINUOUS
10
6.0688671653543302
20
-3.6523700787401574
11
6.067019724409449
21
-3.6516290944881891
0
LINE
8
BLACK
6
CONTINUOUS
10
6.067019724409449
20
-3.6516290944881891
11
6.0651990157480311
21
-3.6510391732283463
0
LINE
8
BLACK
6
CONTINUOUS
10
6.0651990157480311
20
-3.6510391732283463
11
6.0634020078740152
21
-3.65059468503937
0
LINE
8
BLACK
6
CONTINUOUS
10
6.0634020078740152
20
-3.65059468503937
11
6.0616247637795277
21
-3.6502907874015746
0
LINE
8
BLACK
6
CONTINUOUS
10
6.0616247637795277
20
-3.6502907874015746
11
6.0598633858267714
21
-3.6501237795275592
0
LINE
8
BLACK
6
CONTINUOUS
10
6.0598633858267714
20
-3.6501237795275592
11
6.0581109055118105
21
-3.6500907480314959
0
LINE
8
BLACK
6
CONTINUOUS
10
6.0581109055118105
20
-3.6500907480314959
11
6.0563624803149603
21
-3.6501905118110236
0
LINE
8
BLACK
6
CONTINUOUS
10
6.0563624803149603
20
-3.6501905118110236
11
6.0546107086614169
21
-3.6504233858267714
0
LINE
8
BLACK
6
CONTINUOUS
10
6.0546107086614169
20
-3.6504233858267714
11
6.0528516929133858
21
-3.6507907480314961
0
LINE
8
BLACK
6
CONTINUOUS
10
6.0528516929133858
20
-3.6507907480314961
11
6.0510810236220474
21
-3.6512952362204723
0
LINE
8
BLACK
6
CONTINUOUS
10
6.0510810236220474
20
-3.6512952362204723
11
6.0492952362204724
21
-3.6519401968503935
0
LINE
8
BLACK
6
CONTINUOUS
10
6.0492952362204724
20
-3.6519401968503935
11
6.0474931102362204
21
-3.65272905511811
0
LINE
8
BLACK
6
CONTINUOUS
10
6.0474931102362204
20
-3.65272905511811
11
6.0456745669291339
21
-3.6536648818897639
0
LINE
8
BLACK
6
CONTINUOUS
10
6.0456745669291339
20
-3.6536648818897639
11
6.0438398818897641
21
-3.6547509055118108
0
LINE
8
BLACK
6
CONTINUOUS
10
6.0438398818897641
20
-3.6547509055118108
11
6.0419901181102365
21
-3.6559898425196851
0
LINE
8
BLACK
6
CONTINUOUS
10
6.0419901181102365
20
-3.6559898425196851
11
6.0401291338582679
21
-3.6573823622047241
0
LINE
8
BLACK
6
CONTINUOUS
10
6.0401291338582679
20
-3.6573823622047241
11
6.0382567322834646
21
-3.6589316929133857
0
LINE
8
BLACK
6
CONTINUOUS
10
6.0382567322834646
20
-3.6589316929133857
11
6.0363782283464564
21
-3.6606361417322835
0
LINE
8
BLACK
6
CONTINUOUS
10
6.0363782283464564
20
-3.6606361417322835
11
6.034492874015748
21
-3.6624992913385825
0
LINE
8
BLACK
6
CONTINUOUS
10
6.034492874015748
20
-3.6624992913385825
11
6.0326059448818894
21
-3.6645183858267716
0
LINE
8
BLACK
6
CONTINUOUS
10
6.0326059448818894
20
-3.6645183858267716
11
6.0307199999999996
21
-3.6666927952755906
0
LINE
8
BLACK
6
CONTINUOUS
10
6.0307199999999996
20
-3.6666927952755906
11
6.0287787401574802
21
-3.6690942913385824
0
LINE
8
BLACK
6
CONTINUOUS
10
6.0287787401574802
20
-3.6690942913385824
11
6.0264555118110232
21
-3.6707852755905512
0
LINE
8
BLACK
6
CONTINUOUS
10
6.0264555118110232
20
-3.6707852755905512
11
6.0235979921259837
21
-3.6710881102362203
0
LINE
8
BLACK
6
CONTINUOUS
10
6.0235979921259837
20
-3.6710881102362203
11
6.0209719685039369
21
-3.6699216141732283
0
LINE
8
BLACK
6
CONTINUOUS
10
6.0209719685039369
20
-3.6699216141732283
11
6.0192809448818894
21
-3.6675983858267718
0
LINE
8
BLACK
6
CONTINUOUS
10
6.0192809448818894
20
-3.6675983858267718
11
6.0189781496062995
21
-3.6647408661417322
0
LINE
8
BLACK
6
CONTINUOUS
10
6.0189781496062995
20
-3.6647408661417322
11
6.0201446456692915
21
-3.662114842519685
0
LINE
8
BLACK
6
CONTINUOUS
10
6.0201446456692915
20
-3.662114842519685
11
6.0221459448818893
21
-3.6596390944881887
0
LINE
8
BLACK
6
CONTINUOUS
10
6.0221459448818893
20
-3.6596390944881887
11
6.022226062992126
21
-3.6595807480314959
0
LINE
8
BLACK
6
CONTINUOUS
10
6.022226062992126
20
-3.6595807480314959
11
6.0222694488188973
21
-3.6594916141732283
0
LINE
8
BLACK
6
CONTINUOUS
10
6.0222694488188973
20
-3.6594916141732283
11
6.0242866929133854
21
-3.6571657874015746
0
LINE
8
BLACK
6
CONTINUOUS
10
6.0242866929133854
20
-3.6571657874015746
11
6.0243745669291338
21
-3.6571063385826772
0
LINE
8
BLACK
6
CONTINUOUS
10
6.0243745669291338
20
-3.6571063385826772
11
6.0244244881889761
21
-3.6570127559055119
0
LINE
8
BLACK
6
CONTINUOUS
10
6.0244244881889761
20
-3.6570127559055119
11
6.0264569291338583
21
-3.6548379527559054
0
LINE
8
BLACK
6
CONTINUOUS
10
6.0264569291338583
20
-3.6548379527559054
11
6.0265533464566925
21
-3.6547777952755904
0
LINE
8
BLACK
6
CONTINUOUS
10
6.0265533464566925
20
-3.6547777952755904
11
6.0266107480314961
21
-3.6546798031496062
0
LINE
8
BLACK
6
CONTINUOUS
10
6.0266107480314961
20
-3.6546798031496062
11
6.0286577165354327
21
-3.6526569291338582
0
LINE
8
BLACK
6
CONTINUOUS
10
6.0286577165354327
20
-3.6526569291338582
11
6.0287635433070861
21
-3.652596653543307
0
LINE
8
BLACK
6
CONTINUOUS
10
6.0287635433070861
20
-3.652596653543307
11
6.0288294488188976
21
-3.6524943307086613
0
LINE
8
BLACK
6
CONTINUOUS
10
6.0288294488188976
20
-3.6524943307086613
11
6.0308902362204719
21
-3.6506244094488189
0
LINE
8
BLACK
6
CONTINUOUS
10
6.0308902362204719
20
-3.6506244094488189
11
6.0310061023622046
21
-3.6505648031496061
0
LINE
8
BLACK
6
CONTINUOUS
10
6.0310061023622046
20
-3.6505648031496061
11
6.0310816141732282
21
-3.6504585433070864
0
LINE
8
BLACK
6
CONTINUOUS
10
6.0310816141732282
20
-3.6504585433070864
11
6.0331555511811024
21
-3.6487425196850394
0
LINE
8
BLACK
6
CONTINUOUS
10
6.0331555511811024
20
-3.6487425196850394
11
6.0332823622047247
21
-3.6486844094488187
0
LINE
8
BLACK
6
CONTINUOUS
10
6.0332823622047247
20
-3.6486844094488187
11
6.0333686220472442
21
-3.6485748031496064
0
LINE
8
BLACK
6
CONTINUOUS
10
6.0333686220472442
20
-3.6485748031496064
11
6.0354550393700785
21
-3.6470135826771655
0
LINE
8
BLACK
6
CONTINUOUS
10
6.0354550393700785
20
-3.6470135826771655
11
6.0355933858267719
21
-3.6469581889763778
0
LINE
8
BLACK
6
CONTINUOUS
10
6.0355933858267719
20
-3.6469581889763778
11
6.0356916141732286
21
-3.6468459842519683
0
LINE
8
BLACK
6
CONTINUOUS
10
6.0356916141732286
20
-3.6468459842519683
11
6.0377898031496064
21
-3.6454406299212598
0
LINE
8
BLACK
6
CONTINUOUS
10
6.0377898031496064
20
-3.6454406299212598
11
6.0379401968503936
21
-3.6453893700787399
0
LINE
8
BLACK
6
CONTINUOUS
10
6.0379401968503936
20
-3.6453893700787399
11
6.0380513385826768
21
-3.6452758267716536
0
LINE
8
BLACK
6
CONTINUOUS
10
6.0380513385826768
20
-3.6452758267716536
11
6.0401606299212593
21
-3.6440272440944881
0
LINE
8
BLACK
6
CONTINUOUS
10
6.0401606299212593
20
-3.6440272440944881
11
6.0403231889763775
21
-3.6439817716535434
0
LINE
8
BLACK
6
CONTINUOUS
10
6.0403231889763775
20
-3.6439817716535434
11
6.0404482677165356
21
-3.6438682677165355
0
LINE
8
BLACK
6
CONTINUOUS
10
6.0404482677165356
20
-3.6438682677165355
11
6.0425678740157478
21
-3.6427775196850392
0
LINE
8
BLACK
6
CONTINUOUS
10
6.0425678740157478
20
-3.6427775196850392
11
6.042742440944882
21
-3.6427396456692911
0
LINE
8
BLACK
6
CONTINUOUS
10
6.042742440944882
20
-3.6427396456692911
11
6.042881968503937
21
-3.6426281496062991
0
LINE
8
BLACK
6
CONTINUOUS
10
6.042881968503937
20
-3.6426281496062991
11
6.0450112992125984
21
-3.6416961023622045
0
LINE
8
BLACK
6
CONTINUOUS
10
6.0450112992125984
20
-3.6416961023622045
11
6.0451972834645664
21
-3.641667834645669
0
LINE
8
BLACK
6
CONTINUOUS
10
6.0451972834645664
20
-3.641667834645669
11
6.045351614173228
21
-3.6415603543307085
0
LINE
8
BLACK
6
CONTINUOUS
10
6.045351614173228
20
-3.6415603543307085
11
6.0474899606299211
21
-3.6407880708661415
0
LINE
8
BLACK
6
CONTINUOUS
10
6.0474899606299211
20
-3.6407880708661415
11
6.0476858267716533
21
-3.6407714173228345
0
LINE
8
BLACK
6
CONTINUOUS
10
6.0476858267716533
20
-3.6407714173228345
11
6.0478544881889764
21
-3.6406704724409447
0
LINE
8
BLACK
6
CONTINUOUS
10
6.0478544881889764
20
-3.6406704724409447
11
6.0500011023622049
21
-3.6400588582677162
0
LINE
8
BLACK
6
CONTINUOUS
10
6.0500011023622049
20
-3.6400588582677162
11
6.0502051181102363
21
-3.6400556299212599
0
LINE
8
BLACK
6
CONTINUOUS
10
6.0502051181102363
20
-3.6400556299212599
11
6.0503873228346459
21
-3.6399636220472442
0
LINE
8
BLACK
6
CONTINUOUS
10
6.0503873228346459
20
-3.6399636220472442
11
6.0525415748031497
21
-3.6395137007874014
0
LINE
8
BLACK
6
CONTINUOUS
10
6.0525415748031497
20
-3.6395137007874014
11
6.0527511023622047
21
-3.6395253937007874
0
LINE
8
BLACK
6
CONTINUOUS
10
6.0527511023622047
20
-3.6395253937007874
11
6.0529450000000002
21
-3.6394448425196848
0
LINE
8
BLACK
6
CONTINUOUS
10
6.0529450000000002
20
-3.6394448425196848
11
6.0551061811023619
21
-3.6391575590551182
0
LINE
8
BLACK
6
CONTINUOUS
10
6.0551061811023619
20
-3.6391575590551182
11
6.0553183070866137
21
-3.6391851968503937
0
LINE
8
BLACK
6
CONTINUOUS
10
6.0553183070866137
20
-3.6391851968503937
11
6.0555214173228347
21
-3.639118188976378
0
LINE
8
BLACK
6
CONTINUOUS
10
6.0555214173228347
20
-3.639118188976378
11
6.0576888188976374
21
-3.6389945275590549
0
LINE
8
BLACK
6
CONTINUOUS
10
6.0576888188976374
20
-3.6389945275590549
11
6.0579000787401576
21
-3.6390383858267716
0
LINE
8
BLACK
6
CONTINUOUS
10
6.0579000787401576
20
-3.6390383858267716
11
6.0581095669291338
21
-3.6389864960629921
0
LINE
8
BLACK
6
CONTINUOUS
10
6.0581095669291338
20
-3.6389864960629921
11
6.0602825590551177
21
-3.639027440944882
0
LINE
8
BLACK
6
CONTINUOUS
10
6.0602825590551177
20
-3.5875173622047245
11
6.0604895669291334
21
-3.5875770078740157
0
LINE
8
BLACK
6
CONTINUOUS
10
6.0604895669291334
20
-3.5875770078740157
11
6.0607019685039365
21
-3.5875411811023623
0
LINE
8
BLACK
6
CONTINUOUS
10
6.0607019685039365
20
-3.5875411811023623
11
6.0628797244094486
21
-3.5877476771653543
0
LINE
8
BLACK
6
CONTINUOUS
10
6.0628797244094486
20
-3.5877476771653543
11
6.0630792125984252
21
-3.5878219291338582
0
LINE
8
BLACK
6
CONTINUOUS
10
6.0630792125984252
20
-3.5878219291338582
11
6.0632912598425195
21
-3.5878022834645669
0
LINE
8
BLACK
6
CONTINUOUS
10
6.0632912598425195
20
-3.5878022834645669
11
6.0654731889763775
21
-3.5881753543307084
0
LINE
8
BLACK
6
CONTINUOUS
10
6.0654731889763775
20
-3.5881753543307084
11
6.0656623228346458
21
-3.5882623622047243
0
LINE
8
BLACK
6
CONTINUOUS
10
6.0656623228346458
20
-3.5882623622047243
11
6.0658705118110232
21
-3.5882583464566928
0
LINE
8
BLACK
6
CONTINUOUS
10
6.0658705118110232
20
-3.5882583464566928
11
6.0680559448818894
21
-3.5887988976377954
0
LINE
8
BLACK
6
CONTINUOUS
10
6.0680559448818894
20
-3.5887988976377954
11
6.0682326377952753
21
-3.5888963779527558
0
LINE
8
BLACK
6
CONTINUOUS
10
6.0682326377952753
20
-3.5888963779527558
11
6.0684341732283462
21
-3.5889068110236217
0
LINE
8
BLACK
6
CONTINUOUS
10
6.0684341732283462
20
-3.5889068110236217
11
6.0706223228346454
21
-3.5896158267716536
0
LINE
8
BLACK
6
CONTINUOUS
10
6.0706223228346454
20
-3.5896158267716536
11
6.0707850393700786
21
-3.5897212992125982
0
LINE
8
BLACK
6
CONTINUOUS
10
6.0707850393700786
20
-3.5897212992125982
11
6.0709777165354328
21
-3.5897444881889764
0
LINE
8
BLACK
6
CONTINUOUS
10
6.0709777165354328
20
-3.5897444881889764
11
6.073167952755905
21
-3.5906229921259842
0
LINE
8
BLACK
6
CONTINUOUS
10
6.073167952755905
20
-3.5906229921259842
11
6.0733160236220467
21
-3.5907339763779529
0
LINE
8
BLACK
6
CONTINUOUS
10
6.0733160236220467
20
-3.5907339763779529
11
6.0734979133858262
21
-3.5907679527559053
0
LINE
8
BLACK
6
CONTINUOUS
10
6.0734979133858262
20
-3.5907679527559053
11
6.0756895275590548
21
-3.5918168897637797
0
LINE
8
BLACK
6
CONTINUOUS
10
6.0756895275590548
20
-3.5918168897637797
11
6.0758227952755908
21
-3.5919310236220472
0
LINE
8
BLACK
6
CONTINUOUS
10
6.0758227952755908
20
-3.5919310236220472
11
6.0759929133858268
21
-3.5919737795275588
0
LINE
8
BLACK
6
CONTINUOUS
10
6.0759929133858268
20
-3.5919737795275588
11
6.078185236220472
21
-3.5931940944881888
0
LINE
8
BLACK
6
CONTINUOUS
10
6.078185236220472
20
-3.5931940944881888
11
6.0783040551181102
21
-3.5933092519685039
0
LINE
8
BLACK
6
CONTINUOUS
10
6.0783040551181102
20
-3.5933092519685039
11
6.0784619291338577
21
-3.5933588188976375
0
LINE
8
BLACK
6
CONTINUOUS
10
6.0784619291338577
20
-3.5933588188976375
11
6.0806542519685038
21
-3.594751496062992
0
LINE
8
BLACK
6
CONTINUOUS
10
6.0806542519685038
20
-3.594751496062992
11
6.0807594881889759
21
-3.5948660236220471
0
LINE
8
BLACK
6
CONTINUOUS
10
6.0807594881889759
20
-3.5948660236220471
11
6.0809050787401571
21
-3.5949206299212597
0
LINE
8
BLACK
6
CONTINUOUS
10
6.0809050787401571
20
-3.5949206299212597
11
6.0830966929133856
21
-3.5964867322834646
0
LINE
8
BLACK
6
CONTINUOUS
10
6.0830966929133856
20
-3.5964867322834646
11
6.0831891732283463
21
-3.5965990944881887
0
LINE
8
BLACK
6
CONTINUOUS
10
6.0831891732283463
20
-3.5965990944881887
11
6.0833226771653539
21
-3.5966570866141732
0
LINE
8
BLACK
6
CONTINUOUS
10
6.0833226771653539
20
-3.5966570866141732
11
6.085512913385827
21
-3.5983974409448818
0
LINE
8
BLACK
6
CONTINUOUS
10
6.085512913385827
20
-3.5983974409448818
11
6.0855938976377955
21
-3.5985067716535433
0
LINE
8
BLACK
6
CONTINUOUS
10
6.0855938976377955
20
-3.5985067716535433
11
6.0857161023622046
21
-3.5985669291338582
0
LINE
8
BLACK
6
CONTINUOUS
10
6.0857161023622046
20
-3.5985669291338582
11
6.0879042519685038
21
-3.6004826771653544
0
LINE
8
BLACK
6
CONTINUOUS
10
6.0879042519685038
20
-3.6004826771653544
11
6.0879748425196851
21
-3.600588149606299
0
LINE
8
BLACK
6
CONTINUOUS
10
6.0879748425196851
20
-3.600588149606299
11
6.0880862204724409
21
-3.600649251968504
0
LINE
8
BLACK
6
CONTINUOUS
10
6.0880862204724409
20
-3.600649251968504
11
6.0902716141732283
21
-3.6027412204724407
0
LINE
8
BLACK
6
CONTINUOUS
10
6.0902716141732283
20
-3.6027412204724407
11
6.0903330708661416
21
-3.6028424803149606
0
LINE
8
BLACK
6
CONTINUOUS
10
6.0903330708661416
20
-3.6028424803149606
11
6.0904344881889765
21
-3.6029037401574802
0
LINE
8
BLACK
6
CONTINUOUS
10
6.0904344881889765
20
-3.6029037401574802
11
6.0926164173228345
21
-3.6051729133858266
0
LINE
8
BLACK
6
CONTINUOUS
10
6.0926164173228345
20
-3.6051729133858266
11
6.0926697244094488
21
-3.6052696062992124
0
LINE
8
BLACK
6
CONTINUOUS
10
6.0926697244094488
20
-3.6052696062992124
11
6.0927620078740157
21
-3.6053303149606299
0
LINE
8
BLACK
6
CONTINUOUS
10
6.0927620078740157
20
-3.6053303149606299
11
6.0949397637795277
21
-3.6077777165354328
0
LINE
8
BLACK
6
CONTINUOUS
10
6.0949397637795277
20
-3.6077777165354328
11
6.0949859842519682
21
-3.6078697637795276
0
LINE
8
BLACK
6
CONTINUOUS
10
6.0949859842519682
20
-3.6078697637795276
11
6.095069960629921
21
-3.6079294488188975
0
LINE
8
BLACK
6
CONTINUOUS
10
6.095069960629921
20
-3.6079294488188975
11
6.0960409055118108
21
-3.6091031102362203
0
LINE
8
BLACK
6
CONTINUOUS
10
6.0960409055118108
20
-3.6091031102362203
11
6.1202752755905507
21
-3.5985246456692912
0
LINE
8
BLACK
6
CONTINUOUS
10
6.1202752755905507
20
-3.5985246456692912
11
6.1232979527559053
21
-3.5980685039370077
0
LINE
8
BLACK
6
CONTINUOUS
10
6.1232979527559053
20
-3.5980685039370077
11
6.1261437795275588
21
-3.5991848031496061
0
LINE
8
BLACK
6
CONTINUOUS
10
6.1261437795275588
20
-3.5991848031496061
11
6.128050157480315
21
-3.6015744881889762
0
LINE
8
BLACK
6
CONTINUOUS
10
6.128050157480315
20
-3.6015744881889762
11
6.1285062992125985
21
-3.6045971653543307
0
LINE
8
BLACK
6
CONTINUOUS
10
6.1285062992125985
20
-3.6045971653543307
11
6.1273900000000001
21
-3.6074429921259843
0
LINE
8
BLACK
6
CONTINUOUS
10
6.1273900000000001
20
-3.6074429921259843
11
6.12500031496063
21
-3.60934937007874
0
LINE
8
BLACK
6
CONTINUOUS
10
6.12500031496063
20
-3.60934937007874
11
6.1043197244094483
21
-3.6183765748031496
0
LINE
8
BLACK
6
CONTINUOUS
10
6.1043197244094483
20
-3.6183765748031496
11
6.105384212598425
21
-3.6193966141732283
0
LINE
8
BLACK
6
CONTINUOUS
10
6.105384212598425
20
-3.6193966141732283
11
6.1073778346456695
21
-3.6211434645669289
0
LINE
8
BLACK
6
CONTINUOUS
10
6.1073778346456695
20
-3.6211434645669289
11
6.1093518503937005
21
-3.6227131102362202
0
LINE
8
BLACK
6
CONTINUOUS
10
6.1093518503937005
20
-3.6227131102362202
11
6.1113035826771656
21
-3.6241085039370078
0
LINE
8
BLACK
6
CONTINUOUS
10
6.1113035826771656
20
-3.6241085039370078
11
6.1132314566929136
21
-3.6253337007874014
0
LINE
8
BLACK
6
CONTINUOUS
10
6.1132314566929136
20
-3.6253337007874014
11
6.1151327165354328
21
-3.626392283464567
0
LINE
8
BLACK
6
CONTINUOUS
10
6.1151327165354328
20
-3.626392283464567
11
6.1170074803149603
21
-3.6272896456692911
0
LINE
8
BLACK
6
CONTINUOUS
10
6.1170074803149603
20
-3.6272896456692911
11
6.1188540157480311
21
-3.6280303543307086
0
LINE
8
BLACK
6
CONTINUOUS
10
6.1188540157480311
20
-3.6280303543307086
11
6.1206750393700782
21
-3.6286203543307085
0
LINE
8
BLACK
6
CONTINUOUS
10
6.1206750393700782
20
-3.6286203543307085
11
6.1224726771653541
21
-3.629064960629921
0
LINE
8
BLACK
6
CONTINUOUS
10
6.1224726771653541
20
-3.629064960629921
11
6.1242503543307087
21
-3.6293688188976376
0
LINE
8
BLACK
6
CONTINUOUS
10
6.1242503543307087
20
-3.6293688188976376
11
6.126013031496063
21
-3.629535905511811
0
LINE
8
BLACK
6
CONTINUOUS
10
6.126013031496063
20
-3.629535905511811
11
6.1277664173228343
21
-3.6295688976377951
0
LINE
8
BLACK
6
CONTINUOUS
10
6.1277664173228343
20
-3.6295688976377951
11
6.1295159055118109
21
-3.6294691732283462
0
LINE
8
BLACK
6
CONTINUOUS
10
6.1295159055118109
20
-3.6294691732283462
11
6.1312687795275593
21
-3.6292362598425196
0
LINE
8
BLACK
6
CONTINUOUS
10
6.1312687795275593
20
-3.6292362598425196
11
6.1330291338582672
21
-3.6288687795275592
0
LINE
8
BLACK
6
CONTINUOUS
10
6.1330291338582672
20
-3.6288687795275592
11
6.1348012204724407
21
-3.628364212598425
0
LINE
8
BLACK
6
CONTINUOUS
10
6.1348012204724407
20
-3.628364212598425
11
6.1365883858267711
21
-3.6277190944881887
0
LINE
8
BLACK
6
CONTINUOUS
10
6.1365883858267711
20
-3.6277190944881887
11
6.1383920472440945
21
-3.6269300787401573
0
LINE
8
BLACK
6
CONTINUOUS
10
6.1383920472440945
20
-3.6269300787401573
11
6.1402114960629923
21
-3.6259943307086613
0
LINE
8
BLACK
6
CONTINUOUS
10
6.1402114960629923
20
-3.6259943307086613
11
6.1420479527559051
21
-3.6249078740157481
0
LINE
8
BLACK
6
CONTINUOUS
10
6.1420479527559051
20
-3.6249078740157481
11
6.1438981889763777
21
-3.6236692125984251
0
LINE
8
BLACK
6
CONTINUOUS
10
6.1438981889763777
20
-3.6236692125984251
11
6.1457603149606301
21
-3.6222765354330706
0
LINE
8
BLACK
6
CONTINUOUS
10
6.1457603149606301
20
-3.6222765354330706
11
6.1476337401574801
21
-3.6207270866141732
0
LINE
8
BLACK
6
CONTINUOUS
10
6.1476337401574801
20
-3.6207270866141732
11
6.1495135433070862
21
-3.6190220866141734
0
LINE
8
BLACK
6
CONTINUOUS
10
6.1495135433070862
20
-3.6190220866141734
11
6.1513982283464568
21
-3.6171602362204722
0
LINE
8
BLACK
6
CONTINUOUS
10
6.1513982283464568
20
-3.6171602362204722
11
6.1532849999999994
21
-3.6151418503937007
0
LINE
8
BLACK
6
CONTINUOUS
10
6.1532849999999994
20
-3.6151418503937007
11
6.1551721259842518
21
-3.6129663779527559
0
LINE
8
BLACK
6
CONTINUOUS
10
6.1551721259842518
20
-3.6129663779527559
11
6.1571132283464562
21
-3.6105652755905511
0
LINE
8
BLACK
6
CONTINUOUS
10
6.1571132283464562
20
-3.6105652755905511
11
6.1594364960629919
21
-3.6088743700787402
0
LINE
8
BLACK
6
CONTINUOUS
10
6.1594364960629919
20
-3.6088743700787402
11
6.1622940157480315
21
-3.6085716141732282
0
LINE
8
BLACK
6
CONTINUOUS
10
6.1622940157480315
20
-3.6085716141732282
11
6.1649200393700783
21
-3.609738149606299
0
LINE
8
BLACK
6
CONTINUOUS
10
6.1649200393700783
20
-3.609738149606299
11
6.1666109842519683
21
-3.6120614173228347
0
LINE
8
BLACK
6
CONTINUOUS
10
6.1666109842519683
20
-3.6120614173228347
11
6.1669137007874015
21
-3.6149189370078738
0
LINE
8
BLACK
6
CONTINUOUS
10
6.1669137007874015
20
-3.6149189370078738
11
6.1657471653543308
21
-3.617544960629921
0
LINE
8
BLACK
6
CONTINUOUS
10
6.1657471653543308
20
-3.617544960629921
11
6.1637457480314959
21
-3.6200207480314961
0
LINE
8
BLACK
6
CONTINUOUS
10
6.1637457480314959
20
-3.6200207480314961
11
6.1636655118110237
21
-3.6200791338582676
0
LINE
8
BLACK
6
CONTINUOUS
10
6.1636655118110237
20
-3.6200791338582676
11
6.1636220866141729
21
-3.6201684251968502
0
LINE
8
BLACK
6
CONTINUOUS
10
6.1636220866141729
20
-3.6201684251968502
11
6.1616045669291335
21
-3.6224942125984252
0
LINE
8
BLACK
6
CONTINUOUS
10
6.1616045669291335
20
-3.6224942125984252
11
6.1615164960629922
21
-3.6225537007874014
0
LINE
8
BLACK
6
CONTINUOUS
10
6.1615164960629922
20
-3.6225537007874014
11
6.1614665354330711
21
-3.6226474803149604
0
LINE
8
BLACK
6
CONTINUOUS
10
6.1614665354330711
20
-3.6226474803149604
11
6.1594335826771651
21
-3.6248222834645669
0
LINE
8
BLACK
6
CONTINUOUS
10
6.1594335826771651
20
-3.6248222834645669
11
6.1593370078740159
21
-3.6248824409448819
0
LINE
8
BLACK
6
CONTINUOUS
10
6.1593370078740159
20
-3.6248824409448819
11
6.1592795669291336
21
-3.6249805905511812
0
LINE
8
BLACK
6
CONTINUOUS
10
6.1592795669291336
20
-3.6249805905511812
11
6.1572319291338582
21
-3.6270034251968504
0
LINE
8
BLACK
6
CONTINUOUS
10
6.1572319291338582
20
-3.6270034251968504
11
6.1571260629921261
21
-3.6270636614173228
0
LINE
8
BLACK
6
CONTINUOUS
10
6.1571260629921261
20
-3.6270636614173228
11
6.1570601181102358
21
-3.6271660629921261
0
LINE
8
BLACK
6
CONTINUOUS
10
6.1570601181102358
20
-3.6271660629921261
11
6.1549984645669289
21
-3.6290360236220471
0
LINE
8
BLACK
6
CONTINUOUS
10
6.1549984645669289
20
-3.6290360236220471
11
6.1548824409448821
21
-3.6290956299212596
0
LINE
8
BLACK
6
CONTINUOUS
10
6.1548824409448821
20
-3.6290956299212596
11
6.1548069291338585
21
-3.629201929133858
0
LINE
8
BLACK
6
CONTINUOUS
10
6.1548069291338585
20
-3.629201929133858
11
6.1527320472440943
21
-3.630918031496063
0
LINE
8
BLACK
6
CONTINUOUS
10
6.1527320472440943
20
-3.630918031496063
11
6.1526051574803144
21
-3.6309761023622045
0
LINE
8
BLACK
6
CONTINUOUS
10
6.1526051574803144
20
-3.6309761023622045
11
6.1525188582677162
21
-3.631085748031496
0
LINE
8
BLACK
6
CONTINUOUS
10
6.1525188582677162
20
-3.631085748031496
11
6.1504313385826768
21
-3.6326469685039369
0
LINE
8
BLACK
6
CONTINUOUS
10
6.1504313385826768
20
-3.6326469685039369
11
6.1502929133858268
21
-3.632702283464567
0
LINE
8
BLACK
6
CONTINUOUS
10
6.1502929133858268
20
-3.632702283464567
11
6.1501947244094488
21
-3.6328144881889761
0
LINE
8
BLACK
6
CONTINUOUS
10
6.1501947244094488
20
-3.6328144881889761
11
6.1480954330708659
21
-3.634219842519685
0
LINE
8
BLACK
6
CONTINUOUS
10
6.1480954330708659
20
-3.634219842519685
11
6.147945
21
-3.634271023622047
0
LINE
8
BLACK
6
CONTINUOUS
10
6.147945
20
-3.634271023622047
11
6.1478338582677168
21
-3.6343846062992125
0
LINE
8
BLACK
6
CONTINUOUS
10
6.1478338582677168
20
-3.6343846062992125
11
6.1457234251968504
21
-3.6356331496062992
0
LINE
8
BLACK
6
CONTINUOUS
10
6.1457234251968504
20
-3.6356331496062992
11
6.1455607874015747
21
-3.6356785433070864
0
LINE
8
BLACK
6
CONTINUOUS
10
6.1455607874015747
20
-3.6356785433070864
11
6.1454358267716538
21
-3.6357919685039368
0
LINE
8
BLACK
6
CONTINUOUS
10
6.1454358267716538
20
-3.6357919685039368
11
6.1433149606299216
21
-3.6368827559055119
0
LINE
8
BLACK
6
CONTINUOUS
10
6.1433149606299216
20
-3.6368827559055119
11
6.1431404724409449
21
-3.6369205118110237
0
LINE
8
BLACK
6
CONTINUOUS
10
6.1431404724409449
20
-3.6369205118110237
11
6.1430009448818899
21
-3.6370320472440945
0
LINE
8
BLACK
6
CONTINUOUS
10
6.1430009448818899
20
-3.6370320472440945
11
6.1408703937007871
21
-3.637964094488189
0
LINE
8
BLACK
6
CONTINUOUS
10
6.1408703937007871
20
-3.637964094488189
11
6.1406844488188979
21
-3.637992283464567
0
LINE
8
BLACK
6
CONTINUOUS
10
6.1406844488188979
20
-3.637992283464567
11
6.1405301968503938
21
-3.6380997244094488
0
LINE
8
BLACK
6
CONTINUOUS
10
6.1405301968503938
20
-3.6380997244094488
11
6.1383906299212594
21
-3.6388720078740158
0
LINE
8
BLACK
6
CONTINUOUS
10
6.1383906299212594
20
-3.6388720078740158
11
6.1381948425196846
21
-3.6388885826771653
0
LINE
8
BLACK
6
CONTINUOUS
10
6.1381948425196846
20
-3.6388885826771653
11
6.1380262598425199
21
-3.6389894881889764
0
LINE
8
BLACK
6
CONTINUOUS
10
6.1380262598425199
20
-3.6389894881889764
11
6.1358784251968501
21
-3.6396011023622048
0
LINE
8
BLACK
6
CONTINUOUS
10
6.1358784251968501
20
-3.6396011023622048
11
6.1356744881889762
21
-3.6396042519685037
0
LINE
8
BLACK
6
CONTINUOUS
10
6.1356744881889762
20
-3.6396042519685037
11
6.1354924409448817
21
-3.639696220472441
0
LINE
8
BLACK
6
CONTINUOUS
10
6.1354924409448817
20
-3.639696220472441
11
6.1333370866141728
21
-3.6401461417322833
0
LINE
8
BLACK
6
CONTINUOUS
10
6.1333370866141728
20
-3.6401461417322833
11
6.1331276377952753
21
-3.6401343700787399
0
LINE
8
BLACK
6
CONTINUOUS
10
6.1331276377952753
20
-3.6401343700787399
11
6.1329338976377947
21
-3.6402149212598425
0
LINE
8
BLACK
6
CONTINUOUS
10
6.1329338976377947
20
-3.6402149212598425
11
6.130771614173228
21
-3.6405022047244096
0
LINE
8
BLACK
6
CONTINUOUS
10
6.130771614173228
20
-3.6405022047244096
11
6.1305594881889762
21
-3.6404745275590549
0
LINE
8
BLACK
6
CONTINUOUS
10
6.1305594881889762
20
-3.6404745275590549
11
6.1303564566929136
21
-3.6405415354330706
0
LINE
8
BLACK
6
CONTINUOUS
10
6.1303564566929136
20
-3.6405415354330706
11
6.128188070866142
21
-3.6406651574803148
0
LINE
8
BLACK
6
CONTINUOUS
10
6.128188070866142
20
-3.6406651574803148
11
6.1279769685039369
21
-3.6406212992125981
0
LINE
8
BLACK
6
CONTINUOUS
10
6.1279769685039369
20
-3.6406212992125981
11
6.1277676771653544
21
-3.6406731889763777
0
LINE
8
BLACK
6
CONTINUOUS
10
6.1277676771653544
20
-3.6406731889763777
11
6.1255938976377955
21
-3.640632283464567
0
LINE
8
BLACK
6
CONTINUOUS
10
6.1255938976377955
20
-3.640632283464567
11
6.1253869291338585
21
-3.6405725984251966
0
LINE
8
BLACK
6
CONTINUOUS
10
6.1253869291338585
20
-3.6405725984251966
11
6.1251745275590546
21
-3.640608503937008
0
LINE
8
BLACK
6
CONTINUOUS
10
6.1251745275590546
20
-3.640608503937008
11
6.1229960236220471
21
-3.6404020078740156
0
LINE
8
BLACK
6
CONTINUOUS
10
6.1229960236220471
20
-3.6404020078740156
11
6.1227964566929129
21
-3.6403277165354329
0
LINE
8
BLACK
6
CONTINUOUS
10
6.1227964566929129
20
-3.6403277165354329
11
6.1225844881889762
21
-3.640347401574803
0
LINE
8
BLACK
6
CONTINUOUS
10
6.1225844881889762
20
-3.640347401574803
11
6.1204020078740156
21
-3.6399743307086614
0
LINE
8
BLACK
6
CONTINUOUS
10
6.1204020078740156
20
-3.6399743307086614
11
6.1202128740157482
21
-3.6398873228346456
0
LINE
8
BLACK
6
CONTINUOUS
10
6.1202128740157482
20
-3.6398873228346456
11
6.1200047244094486
21
-3.6398913779527557
0
LINE
8
BLACK
6
CONTINUOUS
10
6.1200047244094486
20
-3.6398913779527557
11
6.117818897637795
21
-3.6393508267716537
0
LINE
8
BLACK
6
CONTINUOUS
10
6.117818897637795
20
-3.6393508267716537
11
6.1176420866141727
21
-3.6392532677165352
0
LINE
8
BLACK
6
CONTINUOUS
10
6.1176420866141727
20
-3.6392532677165352
11
6.1174405905511806
21
-3.6392428740157481
0
LINE
8
BLACK
6
CONTINUOUS
10
6.1174405905511806
20
-3.6392428740157481
11
6.1152522440944876
21
-3.6385338582677162
0
LINE
8
BLACK
6
CONTINUOUS
10
6.1152522440944876
20
-3.6385338582677162
11
6.1150893700787403
21
-3.6384282677165354
0
LINE
8
BLACK
6
CONTINUOUS
10
6.1150893700787403
20
-3.6384282677165354
11
6.1148966929133861
21
-3.6384051181102359
0
LINE
8
BLACK
6
CONTINUOUS
10
6.1148966929133861
20
-3.6384051181102359
11
6.1127064960629918
21
-3.6375266141732281
0
LINE
8
BLACK
6
CONTINUOUS
10
6.1127064960629918
20
-3.6375266141732281
11
6.1125583464566926
21
-3.6374155511811024
0
LINE
8
BLACK
6
CONTINUOUS
10
6.1125583464566926
20
-3.6374155511811024
11
6.1123762992125981
21
-3.6373815748031495
0
LINE
8
BLACK
6
CONTINUOUS
10
6.1123762992125981
20
-3.6373815748031495
11
6.1101849606299208
21
-3.6363326377952756
0
LINE
8
BLACK
6
CONTINUOUS
10
6.1101849606299208
20
-3.6363326377952756
11
6.1100515354330707
21
-3.6362183464566926
0
LINE
8
BLACK
6
CONTINUOUS
10
6.1100515354330707
20
-3.6362183464566926
11
6.1098812992125984
21
-3.636175590551181
0
LINE
8
BLACK
6
CONTINUOUS
10
6.1098812992125984
20
-3.636175590551181
11
6.1076895275590548
21
-3.6349552362204722
0
LINE
8
BLACK
6
CONTINUOUS
10
6.1076895275590548
20
-3.6349552362204722
11
6.1075705511811025
21
-3.6348398818897638
0
LINE
8
BLACK
6
CONTINUOUS
10
6.1075705511811025
20
-3.6348398818897638
11
6.1074125196850391
21
-3.634790275590551
0
LINE
8
BLACK
6
CONTINUOUS
10
6.1074125196850391
20
-3.634790275590551
11
6.1052210236220468
21
-3.6333975590551182
0
LINE
8
BLACK
6
CONTINUOUS
10
6.1052210236220468
20
-3.6333975590551182
11
6.1051157086614172
21
-3.6332828740157481
0
LINE
8
BLACK
6
CONTINUOUS
10
6.1051157086614172
20
-3.6332828740157481
11
6.1049699999999998
21
-3.6332282283464568
0
LINE
8
BLACK
6
CONTINUOUS
10
6.1049699999999998
20
-3.6332282283464568
11
6.1027795275590551
21
-3.6316621653543306
0
LINE
8
BLACK
6
CONTINUOUS
10
6.1027795275590551
20
-3.6316621653543306
11
6.1026868503937006
21
-3.6315494881889765
0
LINE
8
BLACK
6
CONTINUOUS
10
6.1026868503937006
20
-3.6315494881889765
11
6.1025531102362205
21
-3.6314913779527558
0
LINE
8
BLACK
6
CONTINUOUS
10
6.1025531102362205
20
-3.6314913779527558
11
6.10036437007874
21
-3.6297509842519684
0
LINE
8
BLACK
6
CONTINUOUS
10
6.10036437007874
20
-3.6297509842519684
11
6.1002832283464565
21
-3.6296414173228344
0
LINE
8
BLACK
6
CONTINUOUS
10
6.1002832283464565
20
-3.6296414173228344
11
6.1001609842519686
21
-3.6295811811023619
0
LINE
8
BLACK
6
CONTINUOUS
10
6.1001609842519686
20
-3.6295811811023619
11
6.0979746850393699
21
-3.6276655118110237
0
LINE
8
BLACK
6
CONTINUOUS
10
6.0979746850393699
20
-3.6276655118110237
11
6.0979038976377948
21
-3.6275596850393699
0
LINE
8
BLACK
6
CONTINUOUS
10
6.0979038976377948
20
-3.6275596850393699
11
6.0977923622047241
21
-3.6274984251968503
0
LINE
8
BLACK
6
CONTINUOUS
10
6.0977923622047241
20
-3.6274984251968503
11
6.0956091732283459
21
-3.6254064960629919
0
LINE
8
BLACK
6
CONTINUOUS
10
6.0956091732283459
20
-3.6254064960629919
11
6.0955475984251963
21
-3.6253049212598425
0
LINE
8
BLACK
6
CONTINUOUS
10
6.0955475984251963
20
-3.6253049212598425
11
6.0954460629921261
21
-3.6252435433070866
0
LINE
8
BLACK
6
CONTINUOUS
10
6.0954460629921261
20
-3.6252435433070866
11
6.0934203149606301
21
-3.6231342519685037
0
LINE
8
BLACK
6
CONTINUOUS
10
6.0934203149606301
20
-3.6231342519685037
11
6.0753940157480315
21
-3.6310029133858266
0
LINE
8
BLACK
6
CONTINUOUS
10
6.0753940157480315
20
-3.6310029133858266
11
6.072371338582677
21
-3.6314590551181101
0
LINE
8
BLACK
6
CONTINUOUS
10
6.072371338582677
20
-3.6314590551181101
11
6.0695255118110234
21
-3.6303427559055117
0
LINE
8
BLACK
6
CONTINUOUS
10
6.0695255118110234
20
-3.6303427559055117
11
6.0676191338582672
21
-3.6279530708661416
0
LINE
8
BLACK
6
CONTINUOUS
10
6.0676191338582672
20
-3.6279530708661416
11
6.0671629921259838
21
-3.6249303937007875
0
LINE
8
BLACK
6
CONTINUOUS
10
6.0671629921259838
20
-3.6249303937007875
11
6.0682792913385821
21
-3.6220845669291339
0
LINE
8
BLACK
6
CONTINUOUS
10
6.0682792913385821
20
-3.6220845669291339
11
6.0706689763779522
21
-3.6201781889763778
0
LINE
8
BLACK
6
CONTINUOUS
10
6.0706689763779522
20
-3.6201781889763778
11
6.0853935039370075
21
-3.6137507874015746
0
LINE
8
BLACK
6
CONTINUOUS
10
6.0853935039370075
20
-3.6137507874015746
11
6.0845388582677167
21
-3.6127903543307087
0
LINE
8
BLACK
6
CONTINUOUS
10
6.0845388582677167
20
-3.6127903543307087
11
6.0825114173228343
21
-3.6106818110236221
0
LINE
8
BLACK
6
CONTINUOUS
10
6.0825114173228343
20
-3.6106818110236221
11
6.0804983464566931
21
-3.6087548031496062
0
LINE
8
BLACK
6
CONTINUOUS
10
6.0804983464566931
20
-3.6087548031496062
11
6.0785021653543305
21
-3.6070071653543305
0
LINE
8
BLACK
6
CONTINUOUS
10
6.0785021653543305
20
-3.6070071653543305
11
6.0765266535433069
21
-3.6054374409448817
0
LINE
8
BLACK
6
CONTINUOUS
10
6.0765266535433069
20
-3.6054374409448817
11
6.0745731102362202
21
-3.6040414566929133
0
LINE
8
BLACK
6
CONTINUOUS
10
6.0745731102362202
20
-3.6040414566929133
11
6.0726450393700784
21
-3.6028166141732281
0
LINE
8
BLACK
6
CONTINUOUS
10
6.0726450393700784
20
-3.6028166141732281
11
6.0707425984251966
21
-3.6017575984251966
0
LINE
8
BLACK
6
CONTINUOUS
10
6.0707425984251966
20
-3.6017575984251966
11
6.0688671653543302
21
-3.6008599999999999
0
LINE
8
BLACK
6
CONTINUOUS
10
6.0688671653543302
20
-3.6008599999999999
11
6.067019724409449
21
-3.6001190157480316
0
LINE
8
BLACK
6
CONTINUOUS
10
6.067019724409449
20
-3.6001190157480316
11
6.0651990157480311
21
-3.5995290944881888
0
LINE
8
BLACK
6
CONTINUOUS
10
6.0651990157480311
20
-3.5995290944881888
11
6.0634020078740152
21
-3.5990846062992126
0
LINE
8
BLACK
6
CONTINUOUS
10
6.0634020078740152
20
-3.5990846062992126
11
6.0616247637795277
21
-3.5987807086614172
0
LINE
8
BLACK
6
CONTINUOUS
10
6.0616247637795277
20
-3.5987807086614172
11
6.0598633858267714
21
-3.5986137007874013
0
LINE
8
BLACK
6
CONTINUOUS
10
6.0598633858267714
20
-3.5986137007874013
11
6.0581109055118105
21
-3.5985806692913385
0
LINE
8
BLACK
6
CONTINUOUS
10
6.0581109055118105
20
-3.5985806692913385
11
6.0563624803149603
21
-3.5986804330708662
0
LINE
8
BLACK
6
CONTINUOUS
10
6.0563624803149603
20
-3.5986804330708662
11
6.0546107086614169
21
-3.5989133070866139
0
LINE
8
BLACK
6
CONTINUOUS
10
6.0546107086614169
20
-3.5989133070866139
11
6.0528516929133858
21
-3.5992806692913386
0
LINE
8
BLACK
6
CONTINUOUS
10
6.0528516929133858
20
-3.5992806692913386
11
6.0510810236220474
21
-3.5997851574803148
0
LINE
8
BLACK
6
CONTINUOUS
10
6.0510810236220474
20
-3.5997851574803148
11
6.0492952362204724
21
-3.6004301181102361
0
LINE
8
BLACK
6
CONTINUOUS
10
6.0492952362204724
20
-3.6004301181102361
11
6.0474931102362204
21
-3.6012189763779525
0
LINE
8
BLACK
6
CONTINUOUS
10
6.0474931102362204
20
-3.6012189763779525
11
6.0456745669291339
21
-3.602154803149606
0
LINE
8
BLACK
6
CONTINUOUS
10
6.0456745669291339
20
-3.602154803149606
11
6.0438398818897641
21
-3.6032408267716534
0
LINE
8
BLACK
6
CONTINUOUS
10
6.0438398818897641
20
-3.6032408267716534
11
6.0419901181102365
21
-3.6044797637795276
0
LINE
8
BLACK
6
CONTINUOUS
10
6.0419901181102365
20
-3.6044797637795276
11
6.0401291338582679
21
-3.6058722834645667
0
LINE
8
BLACK
6
CONTINUOUS
10
6.0401291338582679
20
-3.6058722834645667
11
6.0382567322834646
21
-3.6074216141732283
0
LINE
8
BLACK
6
CONTINUOUS
10
6.0382567322834646
20
-3.6074216141732283
11
6.0363782283464564
21
-3.609126062992126
0
LINE
8
BLACK
6
CONTINUOUS
10
6.0363782283464564
20
-3.609126062992126
11
6.034492874015748
21
-3.6109892125984251
0
LINE
8
BLACK
6
CONTINUOUS
10
6.034492874015748
20
-3.6109892125984251
11
6.0326059448818894
21
-3.6130083070866141
0
LINE
8
BLACK
6
CONTINUOUS
10
6.0326059448818894
20
-3.6130083070866141
11
6.0307199999999996
21
-3.6151827165354331
0
LINE
8
BLACK
6
CONTINUOUS
10
6.0307199999999996
20
-3.6151827165354331
11
6.0287787401574802
21
-3.617584212598425
0
LINE
8
BLACK
6
CONTINUOUS
10
6.0287787401574802
20
-3.617584212598425
11
6.0264555118110232
21
-3.6192751968503938
0
LINE
8
BLACK
6
CONTINUOUS
10
6.0264555118110232
20
-3.6192751968503938
11
6.0235979921259837
21
-3.6195780314960628
0
LINE
8
BLACK
6
CONTINUOUS
10
6.0235979921259837
20
-3.6195780314960628
11
6.0209719685039369
21
-3.6184115354330708
0
LINE
8
BLACK
6
CONTINUOUS
10
6.0209719685039369
20
-3.6184115354330708
11
6.0192809448818894
21
-3.6160883070866139
0
LINE
8
BLACK
6
CONTINUOUS
10
6.0192809448818894
20
-3.6160883070866139
11
6.0189781496062995
21
-3.6132307874015748
0
LINE
8
BLACK
6
CONTINUOUS
10
6.0189781496062995
20
-3.6132307874015748
11
6.0201446456692915
21
-3.6106047637795275
0
LINE
8
BLACK
6
CONTINUOUS
10
6.0201446456692915
20
-3.6106047637795275
11
6.0221459448818893
21
-3.6081290157480312
0
LINE
8
BLACK
6
CONTINUOUS
10
6.0221459448818893
20
-3.6081290157480312
11
6.022226062992126
21
-3.6080706692913385
0
LINE
8
BLACK
6
CONTINUOUS
10
6.022226062992126
20
-3.6080706692913385
11
6.0222694488188973
21
-3.6079815354330709
0
LINE
8
BLACK
6
CONTINUOUS
10
6.0222694488188973
20
-3.6079815354330709
11
6.0242866929133854
21
-3.6056557086614172
0
LINE
8
BLACK
6
CONTINUOUS
10
6.0242866929133854
20
-3.6056557086614172
11
6.0243745669291338
21
-3.6055962598425197
0
LINE
8
BLACK
6
CONTINUOUS
10
6.0243745669291338
20
-3.6055962598425197
11
6.0244244881889761
21
-3.6055026771653544
0
LINE
8
BLACK
6
CONTINUOUS
10
6.0244244881889761
20
-3.6055026771653544
11
6.0264569291338583
21
-3.6033278740157479
0
LINE
8
BLACK
6
CONTINUOUS
10
6.0264569291338583
20
-3.6033278740157479
11
6.0265533464566925
21
-3.603267716535433
0
LINE
8
BLACK
6
CONTINUOUS
10
6.0265533464566925
20
-3.603267716535433
11
6.0266107480314961
21
-3.6031697244094487
0
LINE
8
BLACK
6
CONTINUOUS
10
6.0266107480314961
20
-3.6031697244094487
11
6.0286577165354327
21
-3.6011468503937007
0
LINE
8
BLACK
6
CONTINUOUS
10
6.0286577165354327
20
-3.6011468503937007
11
6.0287635433070861
21
-3.6010865748031495
0
LINE
8
BLACK
6
CONTINUOUS
10
6.0287635433070861
20
-3.6010865748031495
11
6.0288294488188976
21
-3.6009842519685038
0
LINE
8
BLACK
6
CONTINUOUS
10
6.0288294488188976
20
-3.6009842519685038
11
6.0308902362204719
21
-3.5991143307086615
0
LINE
8
BLACK
6
CONTINUOUS
10
6.0308902362204719
20
-3.5991143307086615
11
6.0310061023622046
21
-3.5990547244094486
0
LINE
8
BLACK
6
CONTINUOUS
10
6.0310061023622046
20
-3.5990547244094486
11
6.0310816141732282
21
-3.598948464566929
0
LINE
8
BLACK
6
CONTINUOUS
10
6.0310816141732282
20
-3.598948464566929
11
6.0331555511811024
21
-3.5972324409448819
0
LINE
8
BLACK
6
CONTINUOUS
10
6.0331555511811024
20
-3.5972324409448819
11
6.0332823622047247
21
-3.5971743307086612
0
LINE
8
BLACK
6
CONTINUOUS
10
6.0332823622047247
20
-3.5971743307086612
11
6.0333686220472442
21
-3.5970647244094489
0
LINE
8
BLACK
6
CONTINUOUS
10
6.0333686220472442
20
-3.5970647244094489
11
6.0354550393700785
21
-3.5955035039370076
0
LINE
8
BLACK
6
CONTINUOUS
10
6.0354550393700785
20
-3.5955035039370076
11
6.0355933858267719
21
-3.5954481102362204
0
LINE
8
BLACK
6
CONTINUOUS
10
6.0355933858267719
20
-3.5954481102362204
11
6.0356916141732286
21
-3.5953359055118108
0
LINE
8
BLACK
6
CONTINUOUS
10
6.0356916141732286
20
-3.5953359055118108
11
6.0377898031496064
21
-3.5939305511811024
0
LINE
8
BLACK
6
CONTINUOUS
10
6.0377898031496064
20
-3.5939305511811024
11
6.0379401968503936
21
-3.5938792913385824
0
LINE
8
BLACK
6
CONTINUOUS
10
6.0379401968503936
20
-3.5938792913385824
11
6.0380513385826768
21
-3.5937657480314962
0
LINE
8
BLACK
6
CONTINUOUS
10
6.0380513385826768
20
-3.5937657480314962
11
6.0401606299212593
21
-3.5925171653543306
0
LINE
8
BLACK
6
CONTINUOUS
10
6.0401606299212593
20
-3.5925171653543306
11
6.0403231889763775
21
-3.5924716929133855
0
LINE
8
BLACK
6
CONTINUOUS
10
6.0403231889763775
20
-3.5924716929133855
11
6.0404482677165356
21
-3.592358188976378
0
LINE
8
BLACK
6
CONTINUOUS
10
6.0404482677165356
20
-3.592358188976378
11
6.0425678740157478
21
-3.5912674409448817
0
LINE
8
BLACK
6
CONTINUOUS
10
6.0425678740157478
20
-3.5912674409448817
11
6.042742440944882
21
-3.5912295669291336
0
LINE
8
BLACK
6
CONTINUOUS
10
6.042742440944882
20
-3.5912295669291336
11
6.042881968503937
21
-3.5911180708661417
0
LINE
8
BLACK
6
CONTINUOUS
10
6.042881968503937
20
-3.5911180708661417
11
6.0450112992125984
21
-3.5901860236220471
0
LINE
8
BLACK
6
CONTINUOUS
10
6.0450112992125984
20
-3.5901860236220471
11
6.0451972834645664
21
-3.5901577559055116
0
LINE
8
BLACK
6
CONTINUOUS
10
6.0451972834645664
20
-3.5901577559055116
11
6.045351614173228
21
-3.590050275590551
0
LINE
8
BLACK
6
CONTINUOUS
10
6.045351614173228
20
-3.590050275590551
11
6.0474899606299211
21
-3.5892779921259841
0
LINE
8
BLACK
6
CONTINUOUS
10
6.0474899606299211
20
-3.5892779921259841
11
6.0476858267716533
21
-3.589261338582677
0
LINE
8
BLACK
6
CONTINUOUS
10
6.0476858267716533
20
-3.589261338582677
11
6.0478544881889764
21
-3.5891603937007872
0
LINE
8
BLACK
6
CONTINUOUS
10
6.0478544881889764
20
-3.5891603937007872
11
6.0500011023622049
21
-3.5885487795275588
0
LINE
8
BLACK
6
CONTINUOUS
10
6.0500011023622049
20
-3.5885487795275588
11
6.0502051181102363
21
-3.5885455511811024
0
LINE
8
BLACK
6
CONTINUOUS
10
6.0502051181102363
20
-3.5885455511811024
11
6.0503873228346459
21
-3.5884535433070863
0
LINE
8
BLACK
6
CONTINUOUS
10
6.0503873228346459
20
-3.5884535433070863
11
6.0525415748031497
21
-3.588003622047244
0
LINE
8
BLACK
6
CONTINUOUS
10
6.0525415748031497
20
-3.588003622047244
11
6.0527511023622047
21
-3.58801531496063
0
LINE
8
BLACK
6
CONTINUOUS
10
6.0527511023622047
20
-3.58801531496063
11
6.0529450000000002
21
-3.5879347637795274
0
LINE
8
BLACK
6
CONTINUOUS
10
6.0529450000000002
20
-3.5879347637795274
11
6.0551061811023619
21
-3.5876474803149607
0
LINE
8
BLACK
6
CONTINUOUS
10
6.0551061811023619
20
-3.5876474803149607
11
6.0553183070866137
21
-3.5876751181102362
0
LINE
8
BLACK
6
CONTINUOUS
10
6.0553183070866137
20
-3.5876751181102362
11
6.0555214173228347
21
-3.5876081102362205
0
LINE
8
BLACK
6
CONTINUOUS
10
6.0555214173228347
20
-3.5876081102362205
11
6.0576888188976374
21
-3.5874844488188975
0
LINE
8
BLACK
6
CONTINUOUS
10
6.0576888188976374
20
-3.5874844488188975
11
6.0579000787401576
21
-3.5875283070866142
0
LINE
8
BLACK
6
CONTINUOUS
10
6.0579000787401576
20
-3.5875283070866142
11
6.0581095669291338
21
-3.5874764173228346
0
LINE
8
BLACK
6
CONTINUOUS
10
6.0581095669291338
20
-3.5874764173228346
11
6.0602825590551177
21
-3.5875173622047245
0
LINE
8
BLACK
6
CONTINUOUS
10
6.1058953149606294
20
-3.0156187795275589
11
6.1060245669291335
21
-3.0155960236220474
0
LINE
8
BLACK
6
CONTINUOUS
10
6.1060245669291335
20
-3.0155960236220474
11
6.1061381496062994
21
-3.0156616141732284
0
LINE
8
BLACK
6
CONTINUOUS
10
6.1061381496062994
20
-3.0156616141732284
11
6.1065217322834648
21
-3.0157292519685037
0
LINE
8
BLACK
6
CONTINUOUS
10
6.1065217322834648
20
-3.0157292519685037
11
6.1071094094488192
21
-3.0162223622047244
0
LINE
8
BLACK
6
CONTINUOUS
10
6.1071094094488192
20
-3.0162223622047244
11
6.1077737401574801
21
-3.0166059448818898
0
LINE
8
BLACK
6
CONTINUOUS
10
6.1077737401574801
20
-3.0166059448818898
11
6.1078648425196853
21
-3.0168562598425197
0
LINE
8
BLACK
6
CONTINUOUS
10
6.1078648425196853
20
-3.0168562598425197
11
6.108068976377953
21
-3.0170275590551179
0
LINE
8
BLACK
6
CONTINUOUS
10
6.108068976377953
20
-3.0170275590551179
11
6.1082022047244093
21
-3.0177831102362203
0
LINE
8
BLACK
6
CONTINUOUS
10
6.1082022047244093
20
-3.0177831102362203
11
6.1084645669291335
21
-3.0185039370078739
0
LINE
8
BLACK
6
CONTINUOUS
10
6.1084645669291335
20
-3.0185039370078739
11
6.1084645669291335
21
-3.2185039370078741
0
LINE
8
BLACK
6
CONTINUOUS
10
6.1084645669291335
20
-3.2185039370078741
11
6.1084645669291335
21
-3.3055039370078738
0
LINE
8
BLACK
6
CONTINUOUS
10
6.1084645669291335
20
-3.3055039370078738
11
6.1084327165354333
21
-3.3056843700787399
0
LINE
8
BLACK
6
CONTINUOUS
10
6.1084327165354333
20
-3.3056843700787399
11
6.1084533464566926
21
-3.3057612598425195
0
LINE
8
BLACK
6
CONTINUOUS
10
6.1084533464566926
20
-3.3057612598425195
11
6.1083984251968504
21
-3.3058790157480313
0
LINE
8
BLACK
6
CONTINUOUS
10
6.1083984251968504
20
-3.3058790157480313
11
6.1082864960629921
21
-3.3065138582677163
0
LINE
8
BLACK
6
CONTINUOUS
10
6.1082864960629921
20
-3.3065138582677163
11
6.1078721259842519
21
-3.3070076377952757
0
LINE
8
BLACK
6
CONTINUOUS
10
6.1078721259842519
20
-3.3070076377952757
11
6.1075997244094484
21
-3.3075918503937007
0
LINE
8
BLACK
6
CONTINUOUS
10
6.1075997244094484
20
-3.3075918503937007
11
6.0405997244094483
21
-3.3745918503937009
0
LINE
8
BLACK
6
CONTINUOUS
10
6.0405997244094483
20
-3.3745918503937009
11
6.0404495669291336
21
-3.3746969685039367
0
LINE
8
BLACK
6
CONTINUOUS
10
6.0404495669291336
20
-3.3746969685039367
11
6.0404098031496058
21
-3.3747658661417321
0
LINE
8
BLACK
6
CONTINUOUS
10
6.0404098031496058
20
-3.3747658661417321
11
6.0402877165354329
21
-3.3748102755905509
0
LINE
8
BLACK
6
CONTINUOUS
10
6.0402877165354329
20
-3.3748102755905509
11
6.0397596850393702
21
-3.3751800393700786
0
LINE
8
BLACK
6
CONTINUOUS
10
6.0397596850393702
20
-3.3751800393700786
11
6.0391174803149603
21
-3.3752362204724409
0
LINE
8
BLACK
6
CONTINUOUS
10
6.0391174803149603
20
-3.3752362204724409
11
6.0385118110236222
21
-3.3754566929133856
0
LINE
8
BLACK
6
CONTINUOUS
10
6.0385118110236222
20
-3.3754566929133856
11
5.9721574803149604
21
-3.3754566929133856
0
LINE
8
BLACK
6
CONTINUOUS
10
5.9721574803149604
20
-3.3754566929133856
11
5.9721574803149604
21
-3.4236220472440944
0
LINE
8
BLACK
6
CONTINUOUS
10
5.9721574803149604
20
-3.4236220472440944
11
6.0277559055118113
21
-3.4236220472440944
0
LINE
8
BLACK
6
CONTINUOUS
10
6.0277559055118113
20
-3.4236220472440944
11
6.0279364173228345
21
-3.4236538582677163
0
LINE
8
BLACK
6
CONTINUOUS
10
6.0279364173228345
20
-3.4236538582677163
11
6.0280132283464569
21
-3.4236333070866141
0
LINE
8
BLACK
6
CONTINUOUS
10
6.0280132283464569
20
-3.4236333070866141
11
6.0281308661417325
21
-3.4236881496062992
0
LINE
8
BLACK
6
CONTINUOUS
10
6.0281308661417325
20
-3.4236881496062992
11
6.0287658267716537
21
-3.4238001181102362
0
LINE
8
BLACK
6
CONTINUOUS
10
6.0287658267716537
20
-3.4238001181102362
11
6.0292596456692911
21
-3.4242144881889764
0
LINE
8
BLACK
6
CONTINUOUS
10
6.0292596456692911
20
-3.4242144881889764
11
6.0298438188976373
21
-3.4244868897637795
0
LINE
8
BLACK
6
CONTINUOUS
10
6.0298438188976373
20
-3.4244868897637795
11
6.0936233464566927
21
-3.4882664173228344
0
LINE
8
BLACK
6
CONTINUOUS
10
6.0936233464566927
20
-3.4882664173228344
11
6.0937284645669294
21
-3.4884165354330707
0
LINE
8
BLACK
6
CONTINUOUS
10
6.0937284645669294
20
-3.4884165354330707
11
6.0937973622047243
21
-3.4884563385826772
0
LINE
8
BLACK
6
CONTINUOUS
10
6.0937973622047243
20
-3.4884563385826772
11
6.0938417716535431
21
-3.4885783858267714
0
LINE
8
BLACK
6
CONTINUOUS
10
6.0938417716535431
20
-3.4885783858267714
11
6.0942115354330708
21
-3.4891064566929133
0
LINE
8
BLACK
6
CONTINUOUS
10
6.0942115354330708
20
-3.4891064566929133
11
6.0942677165354331
21
-3.489748622047244
0
LINE
8
BLACK
6
CONTINUOUS
10
6.0942677165354331
20
-3.489748622047244
11
6.0944881889763778
21
-3.4903543307086613
0
LINE
8
BLACK
6
CONTINUOUS
10
6.0944881889763778
20
-3.4903543307086613
11
6.0944881889763778
21
-3.5242125984251969
0
LINE
8
BLACK
6
CONTINUOUS
10
6.0944881889763778
20
-3.5242125984251969
11
6.0944645669291333
21
-3.5243465354330707
0
LINE
8
BLACK
6
CONTINUOUS
10
6.0944645669291333
20
-3.5243465354330707
11
6.0944645669291333
21
-3.5685511811023622
0
LINE
8
BLACK
6
CONTINUOUS
10
6.0944645669291333
20
-3.5685511811023622
11
6.1825118110236224
21
-3.5685511811023622
0
LINE
8
BLACK
6
CONTINUOUS
10
6.1825118110236224
20
-3.5685511811023622
11
6.1828953149606294
21
-3.5686187795275588
0
LINE
8
BLACK
6
CONTINUOUS
10
6.1828953149606294
20
-3.5686187795275588
11
6.1830245669291335
21
-3.5685960236220473
0
LINE
8
BLACK
6
CONTINUOUS
10
6.1830245669291335
20
-3.5685960236220473
11
6.1831381496062994
21
-3.5686616141732284
0
LINE
8
BLACK
6
CONTINUOUS
10
6.1831381496062994
20
-3.5686616141732284
11
6.1835217322834648
21
-3.5687292519685037
0
LINE
8
BLACK
6
CONTINUOUS
10
6.1835217322834648
20
-3.5687292519685037
11
6.1841094094488192
21
-3.5692223622047243
0
LINE
8
BLACK
6
CONTINUOUS
10
6.1841094094488192
20
-3.5692223622047243
11
6.18477374015748
21
-3.5696059448818898
0
LINE
8
BLACK
6
CONTINUOUS
10
6.18477374015748
20
-3.5696059448818898
11
6.1848648425196853
21
-3.5698562598425196
0
LINE
8
BLACK
6
CONTINUOUS
10
6.1848648425196853
20
-3.5698562598425196
11
6.1850689763779529
21
-3.5700275590551178
0
LINE
8
BLACK
6
CONTINUOUS
10
6.1850689763779529
20
-3.5700275590551178
11
6.1852022047244093
21
-3.5707831102362202
0
LINE
8
BLACK
6
CONTINUOUS
10
6.1852022047244093
20
-3.5707831102362202
11
6.1854645669291335
21
-3.5715039370078738
0
LINE
8
BLACK
6
CONTINUOUS
10
6.1854645669291335
20
-3.5715039370078738
11
6.1854645669291335
21
-3.6605511811023623
0
LINE
8
BLACK
6
CONTINUOUS
10
6.1854645669291335
20
-3.6605511811023623
11
6.2395590551181099
21
-3.6605511811023623
0
LINE
8
BLACK
6
CONTINUOUS
10
6.2395590551181099
20
-3.6605511811023623
11
6.2395590551181099
21
-3.5715039370078738
0
LINE
8
BLACK
6
CONTINUOUS
10
6.2395590551181099
20
-3.5715039370078738
11
6.2396266535433069
21
-3.5711203937007872
0
LINE
8
BLACK
6
CONTINUOUS
10
6.2396266535433069
20
-3.5711203937007872
11
6.239603897637795
21
-3.5709911811023622
0
LINE
8
BLACK
6
CONTINUOUS
10
6.239603897637795
20
-3.5709911811023622
11
6.2396694881889765
21
-3.5708775590551181
0
LINE
8
BLACK
6
CONTINUOUS
10
6.2396694881889765
20
-3.5708775590551181
11
6.2397371259842522
21
-3.5704940157480314
0
LINE
8
BLACK
6
CONTINUOUS
10
6.2397371259842522
20
-3.5704940157480314
11
6.240230236220472
21
-3.5699062992125983
0
LINE
8
BLACK
6
CONTINUOUS
10
6.240230236220472
20
-3.5699062992125983
11
6.2406138188976374
21
-3.5692420078740157
0
LINE
8
BLACK
6
CONTINUOUS
10
6.2406138188976374
20
-3.5692420078740157
11
6.2408641338582678
21
-3.5691508661417322
0
LINE
8
BLACK
6
CONTINUOUS
10
6.2408641338582678
20
-3.5691508661417322
11
6.2410354330708664
21
-3.5689467716535432
0
LINE
8
BLACK
6
CONTINUOUS
10
6.2410354330708664
20
-3.5689467716535432
11
6.2417909842519688
21
-3.5688135039370077
0
LINE
8
BLACK
6
CONTINUOUS
10
6.2417909842519688
20
-3.5688135039370077
11
6.242511811023622
21
-3.5685511811023622
0
LINE
8
BLACK
6
CONTINUOUS
10
6.242511811023622
20
-3.5685511811023622
11
6.3025590551181097
21
-3.5685511811023622
0
LINE
8
BLACK
6
CONTINUOUS
10
6.3025590551181097
20
-3.5685511811023622
11
6.3025590551181097
21
-3.2214566929133857
0
LINE
8
BLACK
6
CONTINUOUS
10
6.3025590551181097
20
-3.2214566929133857
11
6.2155118110236218
21
-3.2214566929133857
0
LINE
8
BLACK
6
CONTINUOUS
10
6.2155118110236218
20
-3.2214566929133857
11
6.2145018897637794
21
-3.2212786220472438
0
LINE
8
BLACK
6
CONTINUOUS
10
6.2145018897637794
20
-3.2212786220472438
11
6.2129546456692912
21
-3.2199803149606296
0
LINE
8
BLACK
6
CONTINUOUS
10
6.2129546456692912
20
-3.2199803149606296
11
6.2126038976377949
21
-3.217991181102362
0
LINE
8
BLACK
6
CONTINUOUS
10
6.2126038976377949
20
-3.217991181102362
11
6.2136138188976373
21
-3.2162420078740155
0
LINE
8
BLACK
6
CONTINUOUS
10
6.2136138188976373
20
-3.2162420078740155
11
6.2155118110236218
21
-3.215551181102362
0
LINE
8
BLACK
6
CONTINUOUS
10
6.2155118110236218
20
-3.215551181102362
11
6.3025590551181097
21
-3.215551181102362
0
LINE
8
BLACK
6
CONTINUOUS
10
6.3025590551181097
20
-3.215551181102362
11
6.3025590551181097
21
-3.0214566929133859
0
LINE
8
BLACK
6
CONTINUOUS
10
6.3025590551181097
20
-3.0214566929133859
11
6.2155118110236218
21
-3.0214566929133859
0
LINE
8
BLACK
6
CONTINUOUS
10
6.2155118110236218
20
-3.0214566929133859
11
6.2145018897637794
21
-3.0212786220472441
0
LINE
8
BLACK
6
CONTINUOUS
10
6.2145018897637794
20
-3.0212786220472441
11
6.2129546456692912
21
-3.0199803149606299
0
LINE
8
BLACK
6
CONTINUOUS
10
6.2129546456692912
20
-3.0199803149606299
11
6.2126038976377949
21
-3.0179911811023623
0
LINE
8
BLACK
6
CONTINUOUS
10
6.2126038976377949
20
-3.0179911811023623
11
6.2136138188976373
21
-3.0162420078740158
0
LINE
8
BLACK
6
CONTINUOUS
10
6.2136138188976373
20
-3.0162420078740158
11
6.2155118110236218
21
-3.0155511811023623
0
LINE
8
BLACK
6
CONTINUOUS
10
6.2155118110236218
20
-3.0155511811023623
11
6.3055118110236217
21
-3.0155511811023623
0
LINE
8
BLACK
6
CONTINUOUS
10
6.3055118110236217
20
-3.0155511811023623
11
6.3058953149606296
21
-3.0156187795275589
0
LINE
8
BLACK
6
CONTINUOUS
10
6.3058953149606296
20
-3.0156187795275589
11
6.3060245669291337
21
-3.0155960236220474
0
LINE
8
BLACK
6
CONTINUOUS
10
6.3060245669291337
20
-3.0155960236220474
11
6.3061381496062987
21
-3.0156616141732284
0
LINE
8
BLACK
6
CONTINUOUS
10
6.3061381496062987
20
-3.0156616141732284
11
6.3065217322834641
21
-3.0157292519685037
0
LINE
8
BLACK
6
CONTINUOUS
10
6.3065217322834641
20
-3.0157292519685037
11
6.3071094094488185
21
-3.0162223622047244
0
LINE
8
BLACK
6
CONTINUOUS
10
6.3071094094488185
20
-3.0162223622047244
11
6.3077737401574803
21
-3.0166059448818898
0
LINE
8
BLACK
6
CONTINUOUS
10
6.3077737401574803
20
-3.0166059448818898
11
6.3078648425196846
21
-3.0168562598425197
0
LINE
8
BLACK
6
CONTINUOUS
10
6.3078648425196846
20
-3.0168562598425197
11
6.3080689763779523
21
-3.0170275590551179
0
LINE
8
BLACK
6
CONTINUOUS
10
6.3080689763779523
20
-3.0170275590551179
11
6.3082022047244095
21
-3.0177831102362203
0
LINE
8
BLACK
6
CONTINUOUS
10
6.3082022047244095
20
-3.0177831102362203
11
6.3084645669291337
21
-3.0185039370078739
0
LINE
8
BLACK
6
CONTINUOUS
10
6.3084645669291337
20
-3.0185039370078739
11
6.3084645669291337
21
-3.2185039370078741
0
LINE
8
BLACK
6
CONTINUOUS
10
6.3084645669291337
20
-3.2185039370078741
11
6.3084645669291337
21
-3.5685511811023622
0
LINE
8
BLACK
6
CONTINUOUS
10
6.3084645669291337
20
-3.5685511811023622
11
6.3673944881889764
21
-3.5685511811023622
0
LINE
8
BLACK
6
CONTINUOUS
10
6.3673944881889764
20
-3.5685511811023622
11
6.3466283070866139
21
-3.5401525196850394
0
LINE
8
BLACK
6
CONTINUOUS
10
6.3466283070866139
20
-3.5401525196850394
11
6.3461759448818897
21
-3.5392321653543308
0
LINE
8
BLACK
6
CONTINUOUS
10
6.3461759448818897
20
-3.5392321653543308
11
6.3463106692913387
21
-3.5372168897637795
0
LINE
8
BLACK
6
CONTINUOUS
10
6.3463106692913387
20
-3.5372168897637795
11
6.3477092913385826
21
-3.5357596456692915
0
LINE
8
BLACK
6
CONTINUOUS
10
6.3477092913385826
20
-3.5357596456692915
11
6.349717362204724
21
-3.5355424015748032
0
LINE
8
BLACK
6
CONTINUOUS
10
6.349717362204724
20
-3.5355424015748032
11
6.3513953149606301
21
-3.5366666929133856
0
LINE
8
BLACK
6
CONTINUOUS
10
6.3513953149606301
20
-3.5366666929133856
11
6.3715590551181105
21
-3.564241496062992
0
LINE
8
BLACK
6
CONTINUOUS
10
6.3715590551181105
20
-3.564241496062992
11
6.3715590551181105
21
-3.4635039370078737
0
LINE
8
BLACK
6
CONTINUOUS
10
6.3715590551181105
20
-3.4635039370078737
11
6.371590866141732
21
-3.4633233858267718
0
LINE
8
BLACK
6
CONTINUOUS
10
6.371590866141732
20
-3.4633233858267718
11
6.3715703149606302
21
-3.4632466141732281
0
LINE
8
BLACK
6
CONTINUOUS
10
6.3715703149606302
20
-3.4632466141732281
11
6.3716251574803149
21
-3.4631289370078737
0
LINE
8
BLACK
6
CONTINUOUS
10
6.3716251574803149
20
-3.4631289370078737
11
6.3717371259842519
21
-3.4624940157480313
0
LINE
8
BLACK
6
CONTINUOUS
10
6.3717371259842519
20
-3.4624940157480313
11
6.3721514960629921
21
-3.4620001574803148
0
LINE
8
BLACK
6
CONTINUOUS
10
6.3721514960629921
20
-3.4620001574803148
11
6.3724238976377947
21
-3.4614160236220473
0
LINE
8
BLACK
6
CONTINUOUS
10
6.3724238976377947
20
-3.4614160236220473
11
6.4124238976377947
21
-3.4214160236220472
0
LINE
8
BLACK
6
CONTINUOUS
10
6.4124238976377947
20
-3.4214160236220472
11
6.4164238976377952
21
-3.4174160236220472
0
LINE
8
BLACK
6
CONTINUOUS
10
6.4164238976377952
20
-3.4174160236220472
11
6.4165740157480311
21
-3.4173108661417322
0
LINE
8
BLACK
6
CONTINUOUS
10
6.4165740157480311
20
-3.4173108661417322
11
6.4166138188976376
21
-3.4172420078740156
0
LINE
8
BLACK
6
CONTINUOUS
10
6.4166138188976376
20
-3.4172420078740156
11
6.4167358661417317
21
-3.417197559055118
0
LINE
8
BLACK
6
CONTINUOUS
10
6.4167358661417317
20
-3.417197559055118
11
6.4172639370078741
21
-3.4168278346456691
0
LINE
8
BLACK
6
CONTINUOUS
10
6.4172639370078741
20
-3.4168278346456691
11
6.4179060629921256
21
-3.4167716535433068
0
LINE
8
BLACK
6
CONTINUOUS
10
6.4179060629921256
20
-3.4167716535433068
11
6.4185118110236221
21
-3.4165511811023621
0
LINE
8
BLACK
6
CONTINUOUS
10
6.4185118110236221
20
-3.4165511811023621
11
6.479881850393701
21
-3.4165511811023621
0
LINE
8
BLACK
6
CONTINUOUS
10
6.479881850393701
20
-3.4165511811023621
11
6.4536745669291333
21
-3.3973874409448817
0
LINE
8
BLACK
6
CONTINUOUS
10
6.4536745669291333
20
-3.3973874409448817
11
6.4529644488188973
21
-3.3966475590551179
0
LINE
8
BLACK
6
CONTINUOUS
10
6.4529644488188973
20
-3.3966475590551179
11
6.4524818503937009
21
-3.3946862992125983
0
LINE
8
BLACK
6
CONTINUOUS
10
6.4524818503937009
20
-3.3946862992125983
11
6.4533728346456689
21
-3.3928735826771654
0
LINE
8
BLACK
6
CONTINUOUS
10
6.4533728346456689
20
-3.3928735826771654
11
6.4552205511811023
21
-3.3920577559055118
0
LINE
8
BLACK
6
CONTINUOUS
10
6.4552205511811023
20
-3.3920577559055118
11
6.4571603937007875
21
-3.3926204330708662
0
LINE
8
BLACK
6
CONTINUOUS
10
6.4571603937007875
20
-3.3926204330708662
11
6.4898867716535431
21
-3.4165511811023621
0
LINE
8
BLACK
6
CONTINUOUS
10
6.4898867716535431
20
-3.4165511811023621
11
6.4901496062992123
21
-3.4165511811023621
0
LINE
8
BLACK
6
CONTINUOUS
10
6.4901496062992123
20
-3.4165511811023621
11
6.4901496062992123
21
-3.3791338582677164
0
LINE
8
BLACK
6
CONTINUOUS
10
6.4901496062992123
20
-3.3791338582677164
11
6.4908414960629921
21
-3.3774635433070865
0
LINE
8
BLACK
6
CONTINUOUS
10
6.4908414960629921
20
-3.3774635433070865
11
6.492511811023622
21
-3.3767716535433072
0
LINE
8
BLACK
6
CONTINUOUS
10
6.492511811023622
20
-3.3767716535433072
11
6.4941821259842518
21
-3.3774635433070865
0
LINE
8
BLACK
6
CONTINUOUS
10
6.4941821259842518
20
-3.3774635433070865
11
6.4948740157480316
21
-3.3791338582677164
0
LINE
8
BLACK
6
CONTINUOUS
10
6.4948740157480316
20
-3.3791338582677164
11
6.4948740157480316
21
-3.4168814173228346
0
LINE
8
BLACK
6
CONTINUOUS
10
6.4948740157480316
20
-3.4168814173228346
11
6.495464566929134
21
-3.4185039370078738
0
LINE
8
BLACK
6
CONTINUOUS
10
6.495464566929134
20
-3.4185039370078738
11
6.495464566929134
21
-3.4195039370078741
0
LINE
8
BLACK
6
CONTINUOUS
10
6.495464566929134
20
-3.4195039370078741
11
6.4953969291338582
21
-3.4198874409448816
0
LINE
8
BLACK
6
CONTINUOUS
10
6.4953969291338582
20
-3.4198874409448816
11
6.4954197244094489
21
-3.4200166929133857
0
LINE
8
BLACK
6
CONTINUOUS
10
6.4954197244094489
20
-3.4200166929133857
11
6.4953540944881887
21
-3.4201302755905512
0
LINE
8
BLACK
6
CONTINUOUS
10
6.4953540944881887
20
-3.4201302755905512
11
6.4952864960629917
21
-3.4205138582677166
0
LINE
8
BLACK
6
CONTINUOUS
10
6.4952864960629917
20
-3.4205138582677166
11
6.4948740157480316
21
-3.4210053937007872
0
LINE
8
BLACK
6
CONTINUOUS
10
6.4948740157480316
20
-3.4210053937007872
11
6.4948740157480316
21
-3.4578740157480312
0
LINE
8
BLACK
6
CONTINUOUS
10
6.4948740157480316
20
-3.4578740157480312
11
6.4941821259842518
21
-3.4595443307086615
0
LINE
8
BLACK
6
CONTINUOUS
10
6.4941821259842518
20
-3.4595443307086615
11
6.492511811023622
21
-3.4602362204724408
0
LINE
8
BLACK
6
CONTINUOUS
10
6.492511811023622
20
-3.4602362204724408
11
6.4908414960629921
21
-3.4595443307086615
0
LINE
8
BLACK
6
CONTINUOUS
10
6.4908414960629921
20
-3.4595443307086615
11
6.4901496062992123
21
-3.4578740157480312
0
LINE
8
BLACK
6
CONTINUOUS
10
6.4901496062992123
20
-3.4578740157480312
11
6.4901496062992123
21
-3.4232644881889764
0
LINE
8
BLACK
6
CONTINUOUS
10
6.4901496062992123
20
-3.4232644881889764
11
6.4571603937007875
21
-3.4473874409448819
0
LINE
8
BLACK
6
CONTINUOUS
10
6.4571603937007875
20
-3.4473874409448819
11
6.456240039370079
21
-3.447839803149606
0
LINE
8
BLACK
6
CONTINUOUS
10
6.456240039370079
20
-3.447839803149606
11
6.4542247637795276
21
-3.4477050787401575
0
LINE
8
BLACK
6
CONTINUOUS
10
6.4542247637795276
20
-3.4477050787401575
11
6.4527675196850396
21
-3.4463064566929131
0
LINE
8
BLACK
6
CONTINUOUS
10
6.4527675196850396
20
-3.4463064566929131
11
6.4525502755905508
21
-3.4442983858267717
0
LINE
8
BLACK
6
CONTINUOUS
10
6.4525502755905508
20
-3.4442983858267717
11
6.4536745669291333
21
-3.4426204330708661
0
LINE
8
BLACK
6
CONTINUOUS
10
6.4536745669291333
20
-3.4426204330708661
11
6.4812493700787401
21
-3.4224566929133857
0
LINE
8
BLACK
6
CONTINUOUS
10
6.4812493700787401
20
-3.4224566929133857
11
6.4197348818897639
21
-3.4224566929133857
0
LINE
8
BLACK
6
CONTINUOUS
10
6.4197348818897639
20
-3.4224566929133857
11
6.4165997244094486
21
-3.4255918503937006
0
LINE
8
BLACK
6
CONTINUOUS
10
6.4165997244094486
20
-3.4255918503937006
11
6.3774645669291337
21
-3.4647270078740156
0
LINE
8
BLACK
6
CONTINUOUS
10
6.3774645669291337
20
-3.4647270078740156
11
6.3774645669291337
21
-3.5628739370078741
0
LINE
8
BLACK
6
CONTINUOUS
10
6.3774645669291337
20
-3.5628739370078741
11
6.3966283070866137
21
-3.5366666929133856
0
LINE
8
BLACK
6
CONTINUOUS
10
6.3966283070866137
20
-3.5366666929133856
11
6.3973681889763778
21
-3.5359565748031496
0
LINE
8
BLACK
6
CONTINUOUS
10
6.3973681889763778
20
-3.5359565748031496
11
6.3993294488188974
21
-3.5354739763779528
0
LINE
8
BLACK
6
CONTINUOUS
10
6.3993294488188974
20
-3.5354739763779528
11
6.4011421653543303
21
-3.5363649606299212
0
LINE
8
BLACK
6
CONTINUOUS
10
6.4011421653543303
20
-3.5363649606299212
11
6.4019579921259844
21
-3.5382126377952754
0
LINE
8
BLACK
6
CONTINUOUS
10
6.4019579921259844
20
-3.5382126377952754
11
6.40139531496063
21
-3.5401525196850394
0
LINE
8
BLACK
6
CONTINUOUS
10
6.40139531496063
20
-3.5401525196850394
11
6.3806291338582675
21
-3.5685511811023622
0
LINE
8
BLACK
6
CONTINUOUS
10
6.3806291338582675
20
-3.5685511811023622
11
6.4245118110236223
21
-3.5685511811023622
0
LINE
8
BLACK
6
CONTINUOUS
10
6.4245118110236223
20
-3.5685511811023622
11
6.4248953149606294
21
-3.5686187795275588
0
LINE
8
BLACK
6
CONTINUOUS
10
6.4248953149606294
20
-3.5686187795275588
11
6.4250245669291335
21
-3.5685960236220473
0
LINE
8
BLACK
6
CONTINUOUS
10
6.4250245669291335
20
-3.5685960236220473
11
6.4251381496062994
21
-3.5686616141732284
0
LINE
8
BLACK
6
CONTINUOUS
10
6.4251381496062994
20
-3.5686616141732284
11
6.4255217322834648
21
-3.5687292519685037
0
LINE
8
BLACK
6
CONTINUOUS
10
6.4255217322834648
20
-3.5687292519685037
11
6.4261094094488191
21
-3.5692223622047243
0
LINE
8
BLACK
6
CONTINUOUS
10
6.4261094094488191
20
-3.5692223622047243
11
6.42677374015748
21
-3.5696059448818898
0
LINE
8
BLACK
6
CONTINUOUS
10
6.42677374015748
20
-3.5696059448818898
11
6.4268648425196853
21
-3.5698562598425196
0
LINE
8
BLACK
6
CONTINUOUS
10
6.4268648425196853
20
-3.5698562598425196
11
6.4270689763779529
21
-3.5700275590551178
0
LINE
8
BLACK
6
CONTINUOUS
10
6.4270689763779529
20
-3.5700275590551178
11
6.4272022047244093
21
-3.5707831102362202
0
LINE
8
BLACK
6
CONTINUOUS
10
6.4272022047244093
20
-3.5707831102362202
11
6.4274645669291335
21
-3.5715039370078738
0
LINE
8
BLACK
6
CONTINUOUS
10
6.4274645669291335
20
-3.5715039370078738
11
6.4274645669291335
21
-3.755503937007874
0
LINE
8
BLACK
6
CONTINUOUS
10
6.4274645669291335
20
-3.755503937007874
11
6.4273969291338577
21
-3.7558874409448819
0
LINE
8
BLACK
6
CONTINUOUS
10
6.4273969291338577
20
-3.7558874409448819
11
6.4274197244094484
21
-3.7560166929133856
0
LINE
8
BLACK
6
CONTINUOUS
10
6.4274197244094484
20
-3.7560166929133856
11
6.4273540944881891
21
-3.756130275590551
0
LINE
8
BLACK
6
CONTINUOUS
10
6.4273540944881891
20
-3.756130275590551
11
6.4272864960629921
21
-3.7565138582677164
0
LINE
8
BLACK
6
CONTINUOUS
10
6.4272864960629921
20
-3.7565138582677164
11
6.4267933464566926
21
-3.7571015354330708
0
LINE
8
BLACK
6
CONTINUOUS
10
6.4267933464566926
20
-3.7571015354330708
11
6.426409803149606
21
-3.7577658661417321
0
LINE
8
BLACK
6
CONTINUOUS
10
6.426409803149606
20
-3.7577658661417321
11
6.4261594488188978
21
-3.7578569685039369
0
LINE
8
BLACK
6
CONTINUOUS
10
6.4261594488188978
20
-3.7578569685039369
11
6.4259881889763779
21
-3.7580611023622046
0
LINE
8
BLACK
6
CONTINUOUS
10
6.4259881889763779
20
-3.7580611023622046
11
6.4252325984251968
21
-3.7581943307086614
0
LINE
8
BLACK
6
CONTINUOUS
10
6.4252325984251968
20
-3.7581943307086614
11
6.4245118110236223
21
-3.7584566929133856
0
LINE
8
BLACK
6
CONTINUOUS
10
6.4245118110236223
20
-3.7584566929133856
11
6.3774645669291337
21
-3.7584566929133856
0
LINE
8
BLACK
6
CONTINUOUS
10
6.3774645669291337
20
-3.7584566929133856
11
6.3774645669291337
21
-3.7587614173228348
0
LINE
8
BLACK
6
CONTINUOUS
10
6.3774645669291337
20
-3.7587614173228348
11
6.4023953149606294
21
-3.7928553543307086
0
LINE
8
BLACK
6
CONTINUOUS
10
6.4023953149606294
20
-3.7928553543307086
11
6.4028476771653544
21
-3.7937757086614172
0
LINE
8
BLACK
6
CONTINUOUS
10
6.4028476771653544
20
-3.7937757086614172
11
6.4027129527559055
21
-3.7957909842519686
0
LINE
8
BLACK
6
CONTINUOUS
10
6.4027129527559055
20
-3.7957909842519686
11
6.4013143307086615
21
-3.7972482283464566
0
LINE
8
BLACK
6
CONTINUOUS
10
6.4013143307086615
20
-3.7972482283464566
11
6.3993062598425192
21
-3.7974654724409449
0
LINE
8
BLACK
6
CONTINUOUS
10
6.3993062598425192
20
-3.7974654724409449
11
6.397628307086614
21
-3.796341181102362
0
LINE
8
BLACK
6
CONTINUOUS
10
6.397628307086614
20
-3.796341181102362
11
6.3774645669291337
21
-3.7687663385826773
0
LINE
8
BLACK
6
CONTINUOUS
10
6.3774645669291337
20
-3.7687663385826773
11
6.3774645669291337
21
-3.8222808661417322
0
LINE
8
BLACK
6
CONTINUOUS
10
6.3774645669291337
20
-3.8222808661417322
11
6.4237348818897635
21
-3.8685511811023621
0
LINE
8
BLACK
6
CONTINUOUS
10
6.4237348818897635
20
-3.8685511811023621
11
6.479881850393701
21
-3.8685511811023621
0
LINE
8
BLACK
6
CONTINUOUS
10
6.479881850393701
20
-3.8685511811023621
11
6.4536745669291333
21
-3.8493874409448816
0
LINE
8
BLACK
6
CONTINUOUS
10
6.4536745669291333
20
-3.8493874409448816
11
6.4529644488188973
21
-3.8486475590551179
0
LINE
8
BLACK
6
CONTINUOUS
10
6.4529644488188973
20
-3.8486475590551179
11
6.4524818503937009
21
-3.8466862992125983
0
LINE
8
BLACK
6
CONTINUOUS
10
6.4524818503937009
20
-3.8466862992125983
11
6.4533728346456689
21
-3.8448735826771654
0
LINE
8
BLACK
6
CONTINUOUS
10
6.4533728346456689
20
-3.8448735826771654
11
6.4552205511811023
21
-3.8440577559055118
0
LINE
8
BLACK
6
CONTINUOUS
10
6.4552205511811023
20
-3.8440577559055118
11
6.4571603937007875
21
-3.8446204330708662
0
LINE
8
BLACK
6
CONTINUOUS
10
6.4571603937007875
20
-3.8446204330708662
11
6.4898867716535431
21
-3.8685511811023621
0
LINE
8
BLACK
6
CONTINUOUS
10
6.4898867716535431
20
-3.8685511811023621
11
6.4901496062992123
21
-3.8685511811023621
0
LINE
8
BLACK
6
CONTINUOUS
10
6.4901496062992123
20
-3.8685511811023621
11
6.4901496062992123
21
-3.8291338582677166
0
LINE
8
BLACK
6
CONTINUOUS
10
6.4901496062992123
20
-3.8291338582677166
11
6.4908414960629921
21
-3.8274635433070867
0
LINE
8
BLACK
6
CONTINUOUS
10
6.4908414960629921
20
-3.8274635433070867
11
6.492511811023622
21
-3.826771653543307
0
LINE
8
BLACK
6
CONTINUOUS
10
6.492511811023622
20
-3.826771653543307
11
6.4941821259842518
21
-3.8274635433070867
0
LINE
8
BLACK
6
CONTINUOUS
10
6.4941821259842518
20
-3.8274635433070867
11
6.4948740157480316
21
-3.8291338582677166
0
LINE
8
BLACK
6
CONTINUOUS
10
6.4948740157480316
20
-3.8291338582677166
11
6.4948740157480316
21
-3.869863937007874
0
LINE
8
BLACK
6
CONTINUOUS
10
6.4948740157480316
20
-3.869863937007874
11
6.4950689763779526
21
-3.8700275590551181
0
LINE
8
BLACK
6
CONTINUOUS
10
6.4950689763779526
20
-3.8700275590551181
11
6.4954197244094489
21
-3.8720166929133857
0
LINE
8
BLACK
6
CONTINUOUS
10
6.4954197244094489
20
-3.8720166929133857
11
6.4948740157480316
21
-3.8729618503937009
0
LINE
8
BLACK
6
CONTINUOUS
10
6.4948740157480316
20
-3.8729618503937009
11
6.4948740157480316
21
-3.9078740157480314
0
LINE
8
BLACK
6
CONTINUOUS
10
6.4948740157480316
20
-3.9078740157480314
11
6.4941821259842518
21
-3.9095443307086613
0
LINE
8
BLACK
6
CONTINUOUS
10
6.4941821259842518
20
-3.9095443307086613
11
6.492511811023622
21
-3.910236220472441
0
LINE
8
BLACK
6
CONTINUOUS
10
6.492511811023622
20
-3.910236220472441
11
6.4908414960629921
21
-3.9095443307086613
0
LINE
8
BLACK
6
CONTINUOUS
10
6.4908414960629921
20
-3.9095443307086613
11
6.4901496062992123
21
-3.9078740157480314
0
LINE
8
BLACK
6
CONTINUOUS
10
6.4901496062992123
20
-3.9078740157480314
11
6.4901496062992123
21
-3.8752644881889764
0
LINE
8
BLACK
6
CONTINUOUS
10
6.4901496062992123
20
-3.8752644881889764
11
6.4571603937007875
21
-3.8993874409448819
0
LINE
8
BLACK
6
CONTINUOUS
10
6.4571603937007875
20
-3.8993874409448819
11
6.456240039370079
21
-3.8998398031496064
0
LINE
8
BLACK
6
CONTINUOUS
10
6.456240039370079
20
-3.8998398031496064
11
6.4542247637795276
21
-3.8997050787401575
0
LINE
8
BLACK
6
CONTINUOUS
10
6.4542247637795276
20
-3.8997050787401575
11
6.4527675196850396
21
-3.8983064566929131
0
LINE
8
BLACK
6
CONTINUOUS
10
6.4527675196850396
20
-3.8983064566929131
11
6.4525502755905508
21
-3.8962983858267717
0
LINE
8
BLACK
6
CONTINUOUS
10
6.4525502755905508
20
-3.8962983858267717
11
6.4536745669291333
21
-3.894620433070866
0
LINE
8
BLACK
6
CONTINUOUS
10
6.4536745669291333
20
-3.894620433070866
11
6.4812493700787401
21
-3.8744566929133857
0
LINE
8
BLACK
6
CONTINUOUS
10
6.4812493700787401
20
-3.8744566929133857
11
6.4225118110236217
21
-3.8744566929133857
0
LINE
8
BLACK
6
CONTINUOUS
10
6.4225118110236217
20
-3.8744566929133857
11
6.422331220472441
21
-3.874424842519685
0
LINE
8
BLACK
6
CONTINUOUS
10
6.422331220472441
20
-3.874424842519685
11
6.4222544488188973
21
-3.874445433070866
0
LINE
8
BLACK
6
CONTINUOUS
10
6.4222544488188973
20
-3.874445433070866
11
6.4221367716535429
21
-3.8743905511811021
0
LINE
8
BLACK
6
CONTINUOUS
10
6.4221367716535429
20
-3.8743905511811021
11
6.4215018897637792
21
-3.8742786220472438
0
LINE
8
BLACK
6
CONTINUOUS
10
6.4215018897637792
20
-3.8742786220472438
11
6.4210080314960631
21
-3.8738642125984253
0
LINE
8
BLACK
6
CONTINUOUS
10
6.4210080314960631
20
-3.8738642125984253
11
6.4204238976377948
21
-3.8735918503937006
0
LINE
8
BLACK
6
CONTINUOUS
10
6.4204238976377948
20
-3.8735918503937006
11
6.3724238976377947
21
-3.8255918503937005
0
LINE
8
BLACK
6
CONTINUOUS
10
6.3724238976377947
20
-3.8255918503937005
11
6.3723187401574801
21
-3.8254416929133859
0
LINE
8
BLACK
6
CONTINUOUS
10
6.3723187401574801
20
-3.8254416929133859
11
6.3722498818897639
21
-3.8254019291338581
0
LINE
8
BLACK
6
CONTINUOUS
10
6.3722498818897639
20
-3.8254019291338581
11
6.3722054330708664
21
-3.8252798425196848
0
LINE
8
BLACK
6
CONTINUOUS
10
6.3722054330708664
20
-3.8252798425196848
11
6.3718357086614175
21
-3.8247518110236221
0
LINE
8
BLACK
6
CONTINUOUS
10
6.3718357086614175
20
-3.8247518110236221
11
6.3717794881889764
21
-3.8241096062992126
0
LINE
8
BLACK
6
CONTINUOUS
10
6.3717794881889764
20
-3.8241096062992126
11
6.3715590551181105
21
-3.8235039370078741
0
LINE
8
BLACK
6
CONTINUOUS
10
6.3715590551181105
20
-3.8235039370078741
11
6.3715590551181105
21
-3.7701338976377952
0
LINE
8
BLACK
6
CONTINUOUS
10
6.3715590551181105
20
-3.7701338976377952
11
6.3523953149606296
21
-3.796341181102362
0
LINE
8
BLACK
6
CONTINUOUS
10
6.3523953149606296
20
-3.796341181102362
11
6.3516554330708663
21
-3.7970512992125984
0
LINE
8
BLACK
6
CONTINUOUS
10
6.3516554330708663
20
-3.7970512992125984
11
6.3496941732283467
21
-3.7975338976377953
0
LINE
8
BLACK
6
CONTINUOUS
10
6.3496941732283467
20
-3.7975338976377953
11
6.3478814566929129
21
-3.7966429133858268
0
LINE
8
BLACK
6
CONTINUOUS
10
6.3478814566929129
20
-3.7966429133858268
11
6.3470656299212598
21
-3.7947951968503935
0
LINE
8
BLACK
6
CONTINUOUS
10
6.3470656299212598
20
-3.7947951968503935
11
6.3476283070866142
21
-3.7928553543307086
0
LINE
8
BLACK
6
CONTINUOUS
10
6.3476283070866142
20
-3.7928553543307086
11
6.3715590551181105
21
-3.7601289763779526
0
LINE
8
BLACK
6
CONTINUOUS
10
6.3715590551181105
20
-3.7601289763779526
11
6.3715590551181105
21
-3.7584566929133856
0
LINE
8
BLACK
6
CONTINUOUS
10
6.3715590551181105
20
-3.7584566929133856
11
6.242511811023622
21
-3.7584566929133856
0
LINE
8
BLACK
6
CONTINUOUS
10
6.242511811023622
20
-3.7584566929133856
11
6.2421282677165353
21
-3.7583890551181103
0
LINE
8
BLACK
6
CONTINUOUS
10
6.2421282677165353
20
-3.7583890551181103
11
6.2419990551181099
21
-3.7584118503937005
0
LINE
8
BLACK
6
CONTINUOUS
10
6.2419990551181099
20
-3.7584118503937005
11
6.2418854330708662
21
-3.7583462204724407
0
LINE
8
BLACK
6
CONTINUOUS
10
6.2418854330708662
20
-3.7583462204724407
11
6.2415018897637795
21
-3.7582786220472442
0
LINE
8
BLACK
6
CONTINUOUS
10
6.2415018897637795
20
-3.7582786220472442
11
6.2409141732283464
21
-3.7577854724409447
0
LINE
8
BLACK
6
CONTINUOUS
10
6.2409141732283464
20
-3.7577854724409447
11
6.2402498818897634
21
-3.7574019291338581
0
LINE
8
BLACK
6
CONTINUOUS
10
6.2402498818897634
20
-3.7574019291338581
11
6.2401587401574803
21
-3.7571515748031494
0
LINE
8
BLACK
6
CONTINUOUS
10
6.2401587401574803
20
-3.7571515748031494
11
6.2399546456692914
21
-3.75698031496063
0
LINE
8
BLACK
6
CONTINUOUS
10
6.2399546456692914
20
-3.75698031496063
11
6.2398213779527554
21
-3.7562247244094489
0
LINE
8
BLACK
6
CONTINUOUS
10
6.2398213779527554
20
-3.7562247244094489
11
6.2395590551181099
21
-3.755503937007874
0
LINE
8
BLACK
6
CONTINUOUS
10
6.2395590551181099
20
-3.755503937007874
11
6.2395590551181099
21
-3.6664566929133859
0
LINE
8
BLACK
6
CONTINUOUS
10
6.2395590551181099
20
-3.6664566929133859
11
6.1854645669291335
21
-3.6664566929133859
0
LINE
8
BLACK
6
CONTINUOUS
10
6.1854645669291335
20
-3.6664566929133859
11
6.1854645669291335
21
-3.755503937007874
0
LINE
8
BLACK
6
CONTINUOUS
10
6.1854645669291335
20
-3.755503937007874
11
6.1853969291338577
21
-3.7558874409448819
0
LINE
8
BLACK
6
CONTINUOUS
10
6.1853969291338577
20
-3.7558874409448819
11
6.1854197244094484
21
-3.7560166929133856
0
LINE
8
BLACK
6
CONTINUOUS
10
6.1854197244094484
20
-3.7560166929133856
11
6.1853540944881891
21
-3.756130275590551
0
LINE
8
BLACK
6
CONTINUOUS
10
6.1853540944881891
20
-3.756130275590551
11
6.1852864960629921
21
-3.7565138582677164
0
LINE
8
BLACK
6
CONTINUOUS
10
6.1852864960629921
20
-3.7565138582677164
11
6.1847933464566927
21
-3.7571015354330708
0
LINE
8
BLACK
6
CONTINUOUS
10
6.1847933464566927
20
-3.7571015354330708
11
6.184409803149606
21
-3.7577658661417321
0
LINE
8
BLACK
6
CONTINUOUS
10
6.184409803149606
20
-3.7577658661417321
11
6.1841594488188978
21
-3.7578569685039369
0
LINE
8
BLACK
6
CONTINUOUS
10
6.1841594488188978
20
-3.7578569685039369
11
6.1839881889763779
21
-3.7580611023622046
0
LINE
8
BLACK
6
CONTINUOUS
10
6.1839881889763779
20
-3.7580611023622046
11
6.1832325984251968
21
-3.7581943307086614
0
LINE
8
BLACK
6
CONTINUOUS
10
6.1832325984251968
20
-3.7581943307086614
11
6.1825118110236224
21
-3.7584566929133856
0
LINE
8
BLACK
6
CONTINUOUS
10
6.1825118110236224
20
-3.7584566929133856
11
6.000511811023622
21
-3.7584566929133856
0
LINE
8
BLACK
6
CONTINUOUS
10
6.000511811023622
20
-3.7584566929133856
11
6.0001282677165353
21
-3.7583890551181103
0
LINE
8
BLACK
6
CONTINUOUS
10
6.0001282677165353
20
-3.7583890551181103
11
5.9999990551181099
21
-3.7584118503937005
0
LINE
8
BLACK
6
CONTINUOUS
10
5.9999990551181099
20
-3.7584118503937005
11
5.9998854330708662
21
-3.7583462204724407
0
LINE
8
BLACK
6
CONTINUOUS
10
5.9998854330708662
20
-3.7583462204724407
11
5.9995018897637795
21
-3.7582786220472442
0
LINE
8
BLACK
6
CONTINUOUS
10
5.9995018897637795
20
-3.7582786220472442
11
5.9989141732283464
21
-3.7577854724409447
0
LINE
8
BLACK
6
CONTINUOUS
10
5.9989141732283464
20
-3.7577854724409447
11
5.9982498818897634
21
-3.7574019291338581
0
LINE
8
BLACK
6
CONTINUOUS
10
5.9982498818897634
20
-3.7574019291338581
11
5.9981587401574803
21
-3.7571515748031494
0
LINE
8
BLACK
6
CONTINUOUS
10
5.9981587401574803
20
-3.7571515748031494
11
5.9979546456692914
21
-3.75698031496063
0
LINE
8
BLACK
6
CONTINUOUS
10
5.9979546456692914
20
-3.75698031496063
11
5.9978213779527554
21
-3.7562247244094489
0
LINE
8
BLACK
6
CONTINUOUS
10
5.9978213779527554
20
-3.7562247244094489
11
5.9975590551181099
21
-3.755503937007874
0
LINE
8
BLACK
6
CONTINUOUS
10
5.9975590551181099
20
-3.755503937007874
11
5.9975590551181099
21
-3.5715039370078738
0
LINE
8
BLACK
6
CONTINUOUS
10
5.9975590551181099
20
-3.5715039370078738
11
5.9976266535433069
21
-3.5711203937007872
0
LINE
8
BLACK
6
CONTINUOUS
10
5.9976266535433069
20
-3.5711203937007872
11
5.997603897637795
21
-3.5709911811023622
0
LINE
8
BLACK
6
CONTINUOUS
10
5.997603897637795
20
-3.5709911811023622
11
5.9976694881889765
21
-3.5708775590551181
0
LINE
8
BLACK
6
CONTINUOUS
10
5.9976694881889765
20
-3.5708775590551181
11
5.9977371259842522
21
-3.5704940157480314
0
LINE
8
BLACK
6
CONTINUOUS
10
5.9977371259842522
20
-3.5704940157480314
11
5.998230236220472
21
-3.5699062992125983
0
LINE
8
BLACK
6
CONTINUOUS
10
5.998230236220472
20
-3.5699062992125983
11
5.9986138188976375
21
-3.5692420078740157
0
LINE
8
BLACK
6
CONTINUOUS
10
5.9986138188976375
20
-3.5692420078740157
11
5.9988641338582678
21
-3.5691508661417322
0
LINE
8
BLACK
6
CONTINUOUS
10
5.9988641338582678
20
-3.5691508661417322
11
5.9990354330708664
21
-3.5689467716535432
0
LINE
8
BLACK
6
CONTINUOUS
10
5.9990354330708664
20
-3.5689467716535432
11
5.9997909842519688
21
-3.5688135039370077
0
LINE
8
BLACK
6
CONTINUOUS
10
5.9997909842519688
20
-3.5688135039370077
11
6.000511811023622
21
-3.5685511811023622
0
LINE
8
BLACK
6
CONTINUOUS
10
6.000511811023622
20
-3.5685511811023622
11
6.0885590551181101
21
-3.5685511811023622
0
LINE
8
BLACK
6
CONTINUOUS
10
6.0885590551181101
20
-3.5685511811023622
11
6.0885590551181101
21
-3.5235039370078738
0
LINE
8
BLACK
6
CONTINUOUS
10
6.0885590551181101
20
-3.5235039370078738
11
6.0885826771653546
21
-3.5233699606299211
0
LINE
8
BLACK
6
CONTINUOUS
10
6.0885826771653546
20
-3.5233699606299211
11
6.0885826771653546
21
-3.4915774015748031
0
LINE
8
BLACK
6
CONTINUOUS
10
6.0885826771653546
20
-3.4915774015748031
11
6.0265328346456695
21
-3.429527559055118
0
LINE
8
BLACK
6
CONTINUOUS
10
6.0265328346456695
20
-3.429527559055118
11
5.9721574803149604
21
-3.429527559055118
0
LINE
8
BLACK
6
CONTINUOUS
10
5.9721574803149604
20
-3.429527559055118
11
5.9721574803149604
21
-3.519031496062992
0
LINE
8
BLACK
6
CONTINUOUS
10
5.9721574803149604
20
-3.519031496062992
11
5.9720898425196847
21
-3.519415
0
LINE
8
BLACK
6
CONTINUOUS
10
5.9720898425196847
20
-3.519415
11
5.9721126377952753
21
-3.5195442519685041
0
LINE
8
BLACK
6
CONTINUOUS
10
5.9721126377952753
20
-3.5195442519685041
11
5.972047007874016
21
-3.5196578346456691
0
LINE
8
BLACK
6
CONTINUOUS
10
5.972047007874016
20
-3.5196578346456691
11
5.971979409448819
21
-3.5200414173228345
0
LINE
8
BLACK
6
CONTINUOUS
10
5.971979409448819
20
-3.5200414173228345
11
5.9714862598425196
21
-3.5206290944881888
0
LINE
8
BLACK
6
CONTINUOUS
10
5.9714862598425196
20
-3.5206290944881888
11
5.9711027165354329
21
-3.5212934251968502
0
LINE
8
BLACK
6
CONTINUOUS
10
5.9711027165354329
20
-3.5212934251968502
11
5.9708523622047247
21
-3.521384527559055
0
LINE
8
BLACK
6
CONTINUOUS
10
5.9708523622047247
20
-3.521384527559055
11
5.9706811023622048
21
-3.5215886614173226
0
LINE
8
BLACK
6
CONTINUOUS
10
5.9706811023622048
20
-3.5215886614173226
11
5.9699255118110237
21
-3.5217218897637794
0
LINE
8
BLACK
6
CONTINUOUS
10
5.9699255118110237
20
-3.5217218897637794
11
5.9692047244094484
21
-3.5219842519685041
0
LINE
8
BLACK
6
CONTINUOUS
10
5.9692047244094484
20
-3.5219842519685041
11
5.8401574803149607
21
-3.5219842519685041
0
LINE
8
BLACK
6
CONTINUOUS
10
5.8401574803149607
20
-3.5219842519685041
11
5.8401574803149607
21
-3.5700787401574803
0
LINE
8
BLACK
6
CONTINUOUS
10
5.8401574803149607
20
-3.5700787401574803
11
5.939204724409449
21
-3.5700787401574803
0
LINE
8
BLACK
6
CONTINUOUS
10
5.939204724409449
20
-3.5700787401574803
11
5.9394264960629917
21
-3.5701178346456692
0
LINE
8
BLACK
6
CONTINUOUS
10
5.9394264960629917
20
-3.5701178346456692
11
5.9395172440944881
21
-3.5700953543307086
0
LINE
8
BLACK
6
CONTINUOUS
10
5.9395172440944881
20
-3.5700953543307086
11
5.9396401968503936
21
-3.5701555118110235
0
LINE
8
BLACK
6
CONTINUOUS
10
5.9396401968503936
20
-3.5701555118110235
11
5.9402146456692915
21
-3.5702568110236221
0
LINE
8
BLACK
6
CONTINUOUS
10
5.9402146456692915
20
-3.5702568110236221
11
5.9407287401574802
21
-3.5706881889763777
0
LINE
8
BLACK
6
CONTINUOUS
10
5.9407287401574802
20
-3.5706881889763777
11
5.9413314960629924
21
-3.5709831496062989
0
LINE
8
BLACK
6
CONTINUOUS
10
5.9413314960629924
20
-3.5709831496062989
11
5.9414804724409445
21
-3.5713189763779525
0
LINE
8
BLACK
6
CONTINUOUS
10
5.9414804724409445
20
-3.5713189763779525
11
5.9417618897637796
21
-3.5715551181102363
0
LINE
8
BLACK
6
CONTINUOUS
10
5.9417618897637796
20
-3.5715551181102363
11
5.9418784251968502
21
-3.572216023622047
0
LINE
8
BLACK
6
CONTINUOUS
10
5.9418784251968502
20
-3.572216023622047
11
5.9421505511811024
21
-3.5728294488188976
0
LINE
8
BLACK
6
CONTINUOUS
10
5.9421505511811024
20
-3.5728294488188976
11
5.9420488188976375
21
-3.5731824015748033
0
LINE
8
BLACK
6
CONTINUOUS
10
5.9420488188976375
20
-3.5731824015748033
11
5.9421126377952751
21
-3.5735442519685039
0
LINE
8
BLACK
6
CONTINUOUS
10
5.9421126377952751
20
-3.5735442519685039
11
5.9417770866141728
21
-3.5741253937007875
0
LINE
8
BLACK
6
CONTINUOUS
10
5.9417770866141728
20
-3.5741253937007875
11
5.9415912598425198
21
-3.5747702755905513
0
LINE
8
BLACK
6
CONTINUOUS
10
5.9415912598425198
20
-3.5747702755905513
11
5.8397637795275585
21
-3.7145334251968505
0
LINE
8
BLACK
6
CONTINUOUS
10
5.8397637795275585
20
-3.7145334251968505
11
5.8397637795275585
21
-3.7797795275590551
0
LINE
8
BLACK
6
CONTINUOUS
10
5.8397637795275585
20
-3.7797795275590551
11
5.9285433070866143
21
-3.7797795275590551
0
LINE
8
BLACK
6
CONTINUOUS
10
5.9285433070866143
20
-3.7797795275590551
11
5.9289268110236222
21
-3.7798471259842521
0
LINE
8
BLACK
6
CONTINUOUS
10
5.9289268110236222
20
-3.7798471259842521
11
5.9290560629921263
21
-3.7798243700787402
0
LINE
8
BLACK
6
CONTINUOUS
10
5.9290560629921263
20
-3.7798243700787402
11
5.9291696456692913
21
-3.7798899606299212
0
LINE
8
BLACK
6
CONTINUOUS
10
5.9291696456692913
20
-3.7798899606299212
11
5.9295532283464567
21
-3.779957598425197
0
LINE
8
BLACK
6
CONTINUOUS
10
5.9295532283464567
20
-3.779957598425197
11
5.9301409055118111
21
-3.7804507086614172
0
LINE
8
BLACK
6
CONTINUOUS
10
5.9301409055118111
20
-3.7804507086614172
11
5.930805236220472
21
-3.7808342913385826
0
LINE
8
BLACK
6
CONTINUOUS
10
5.930805236220472
20
-3.7808342913385826
11
5.9308963385826772
21
-3.7810846062992125
0
LINE
8
BLACK
6
CONTINUOUS
10
5.9308963385826772
20
-3.7810846062992125
11
5.9311004724409448
21
-3.7812559055118111
0
LINE
8
BLACK
6
CONTINUOUS
10
5.9311004724409448
20
-3.7812559055118111
11
5.9312337007874012
21
-3.7820114566929135
0
LINE
8
BLACK
6
CONTINUOUS
10
5.9312337007874012
20
-3.7820114566929135
11
5.9314960629921263
21
-3.7827322834645667
0
LINE
8
BLACK
6
CONTINUOUS
10
5.9314960629921263
20
-3.7827322834645667
11
5.9314960629921263
21
-3.9667322834645669
0
LINE
8
BLACK
6
CONTINUOUS
10
5.9314960629921263
20
-3.9667322834645669
11
5.9314284251968505
21
-3.9671157874015748
0
LINE
8
BLACK
6
CONTINUOUS
10
5.9314284251968505
20
-3.9671157874015748
11
5.9314512204724412
21
-3.9672450393700784
0
LINE
8
BLACK
6
CONTINUOUS
10
5.9314512204724412
20
-3.9672450393700784
11
5.931385590551181
21
-3.9673586220472439
0
LINE
8
BLACK
6
CONTINUOUS
10
5.931385590551181
20
-3.9673586220472439
11
5.931317992125984
21
-3.9677422047244093
0
LINE
8
BLACK
6
CONTINUOUS
10
5.931317992125984
20
-3.9677422047244093
11
5.9308248425196846
21
-3.9683298818897637
0
LINE
8
BLACK
6
CONTINUOUS
10
5.9308248425196846
20
-3.9683298818897637
11
5.9304412992125979
21
-3.968994212598425
0
LINE
8
BLACK
6
CONTINUOUS
10
5.9304412992125979
20
-3.968994212598425
11
5.9301909448818897
21
-3.9690853149606298
0
LINE
8
BLACK
6
CONTINUOUS
10
5.9301909448818897
20
-3.9690853149606298
11
5.9300196850393698
21
-3.9692894488188974
0
LINE
8
BLACK
6
CONTINUOUS
10
5.9300196850393698
20
-3.9692894488188974
11
5.9292640944881887
21
-3.9694226771653542
0
LINE
8
BLACK
6
CONTINUOUS
10
5.9292640944881887
20
-3.9694226771653542
11
5.9285433070866143
21
-3.9696850393700784
0
LINE
8
BLACK
6
CONTINUOUS
10
5.9285433070866143
20
-3.9696850393700784
11
5.7465433070866139
21
-3.9696850393700784
0
LINE
8
BLACK
6
CONTINUOUS
10
5.7465433070866139
20
-3.9696850393700784
11
5.7461597637795272
21
-3.9696174015748031
0
LINE
8
BLACK
6
CONTINUOUS
10
5.7461597637795272
20
-3.9696174015748031
11
5.7460305511811018
21
-3.9696401968503938
0
LINE
8
BLACK
6
CONTINUOUS
10
5.7460305511811018
20
-3.9696401968503938
11
5.7459169291338581
21
-3.9695745669291336
0
LINE
8
BLACK
6
CONTINUOUS
10
5.7459169291338581
20
-3.9695745669291336
11
5.7455333858267714
21
-3.969506968503937
0
LINE
8
BLACK
6
CONTINUOUS
10
5.7455333858267714
20
-3.969506968503937
11
5.7449456692913383
21
-3.9690138188976376
0
LINE
8
BLACK
6
CONTINUOUS
10
5.7449456692913383
20
-3.9690138188976376
11
5.7442813779527562
21
-3.9686302755905509
0
LINE
8
BLACK
6
CONTINUOUS
10
5.7442813779527562
20
-3.9686302755905509
11
5.7441902362204722
21
-3.9683799212598423
0
LINE
8
BLACK
6
CONTINUOUS
10
5.7441902362204722
20
-3.9683799212598423
11
5.7439861417322833
21
-3.9682086614173229
0
LINE
8
BLACK
6
CONTINUOUS
10
5.7439861417322833
20
-3.9682086614173229
11
5.7438528740157482
21
-3.9674530708661417
0
LINE
8
BLACK
6
CONTINUOUS
10
5.7438528740157482
20
-3.9674530708661417
11
5.7435905511811018
21
-3.9667322834645669
0
LINE
8
BLACK
6
CONTINUOUS
10
5.7435905511811018
20
-3.9667322834645669
11
5.7435905511811018
21
-3.8726377952755904
0
LINE
8
BLACK
6
CONTINUOUS
10
5.7435905511811018
20
-3.8726377952755904
11
5.6819384645669286
21
-3.8726377952755904
0
LINE
8
BLACK
6
CONTINUOUS
10
5.6819384645669286
20
-3.8726377952755904
11
5.7088295275590548
21
-3.8923015354330706
0
LINE
8
BLACK
6
CONTINUOUS
10
5.7088295275590548
20
-3.8923015354330706
11
5.7095396456692908
21
-3.8930414173228347
0
LINE
8
BLACK
6
CONTINUOUS
10
5.7095396456692908
20
-3.8930414173228347
11
5.7100222440944881
21
-3.8950026771653543
0
LINE
8
BLACK
6
CONTINUOUS
10
5.7100222440944881
20
-3.8950026771653543
11
5.7091312598425192
21
-3.8968153937007872
0
LINE
8
BLACK
6
CONTINUOUS
10
5.7091312598425192
20
-3.8968153937007872
11
5.7072835826771655
21
-3.8976312204724408
0
LINE
8
BLACK
6
CONTINUOUS
10
5.7072835826771655
20
-3.8976312204724408
11
5.7053437007874015
21
-3.8970685433070864
0
LINE
8
BLACK
6
CONTINUOUS
10
5.7053437007874015
20
-3.8970685433070864
11
5.6711550787401572
21
-3.8720685433070865
0
LINE
8
BLACK
6
CONTINUOUS
10
5.6711550787401572
20
-3.8720685433070865
11
5.6708740157480317
21
-3.8717756692913383
0
LINE
8
BLACK
6
CONTINUOUS
10
5.6708740157480317
20
-3.8717756692913383
11
5.6708740157480317
21
-3.9078740157480314
0
LINE
8
BLACK
6
CONTINUOUS
10
5.6708740157480317
20
-3.9078740157480314
11
5.670182125984252
21
-3.9095443307086613
0
LINE
8
BLACK
6
CONTINUOUS
10
5.670182125984252
20
-3.9095443307086613
11
5.6685118110236221
21
-3.910236220472441
0
LINE
8
BLACK
6
CONTINUOUS
10
5.6685118110236221
20
-3.910236220472441
11
5.6668414960629923
21
-3.9095443307086613
0
LINE
8
BLACK
6
CONTINUOUS
10
5.6668414960629923
20
-3.9095443307086613
11
5.6661496062992125
21
-3.9078740157480314
0
LINE
8
BLACK
6
CONTINUOUS
10
5.6661496062992125
20
-3.9078740157480314
11
5.6661496062992125
21
-3.8291338582677166
0
LINE
8
BLACK
6
CONTINUOUS
10
5.6661496062992125
20
-3.8291338582677166
11
5.6668414960629923
21
-3.8274635433070867
0
LINE
8
BLACK
6
CONTINUOUS
10
5.6668414960629923
20
-3.8274635433070867
11
5.6685118110236221
21
-3.826771653543307
0
LINE
8
BLACK
6
CONTINUOUS
10
5.6685118110236221
20
-3.826771653543307
11
5.670182125984252
21
-3.8274635433070867
0
LINE
8
BLACK
6
CONTINUOUS
10
5.670182125984252
20
-3.8274635433070867
11
5.6708740157480317
21
-3.8291338582677166
0
LINE
8
BLACK
6
CONTINUOUS
10
5.6708740157480317
20
-3.8291338582677166
11
5.6708740157480317
21
-3.8675455511811023
0
LINE
8
BLACK
6
CONTINUOUS
10
5.6708740157480317
20
-3.8675455511811023
11
5.6709481889763778
21
-3.8675127952755903
0
LINE
8
BLACK
6
CONTINUOUS
10
5.6709481889763778
20
-3.8675127952755903
11
5.6710000000000003
21
-3.8674231102362202
0
LINE
8
BLACK
6
CONTINUOUS
10
5.6710000000000003
20
-3.8674231102362202
11
5.6710973622047245
21
-3.8673876377952756
0
LINE
8
BLACK
6
CONTINUOUS
10
5.6710973622047245
20
-3.8673876377952756
11
5.6711550787401572
21
-3.8673015354330706
0
LINE
8
BLACK
6
CONTINUOUS
10
5.6711550787401572
20
-3.8673015354330706
11
5.7053437007874015
21
-3.8423015354330707
0
LINE
8
BLACK
6
CONTINUOUS
10
5.7053437007874015
20
-3.8423015354330707
11
5.7062640551181101
21
-3.8418491732283462
0
LINE
8
BLACK
6
CONTINUOUS
10
5.7062640551181101
20
-3.8418491732283462
11
5.7082793307086614
21
-3.8419838976377951
0
LINE
8
BLACK
6
CONTINUOUS
10
5.7082793307086614
20
-3.8419838976377951
11
5.7097365748031494
21
-3.8433825196850391
0
LINE
8
BLACK
6
CONTINUOUS
10
5.7097365748031494
20
-3.8433825196850391
11
5.7099538188976373
21
-3.8453905905511809
0
LINE
8
BLACK
6
CONTINUOUS
10
5.7099538188976373
20
-3.8453905905511809
11
5.7088295275590548
21
-3.8470685433070866
0
LINE
8
BLACK
6
CONTINUOUS
10
5.7088295275590548
20
-3.8470685433070866
11
5.6819384645669286
21
-3.8667322834645668
0
LINE
8
BLACK
6
CONTINUOUS
10
5.6819384645669286
20
-3.8667322834645668
11
5.7435905511811018
21
-3.8667322834645668
0
LINE
8
BLACK
6
CONTINUOUS
10
5.7435905511811018
20
-3.8667322834645668
11
5.7435905511811018
21
-3.7827322834645667
0
LINE
8
BLACK
6
CONTINUOUS
10
5.7435905511811018
20
-3.7827322834645667
11
5.7436581496062988
21
-3.78234874015748
0
LINE
8
BLACK
6
CONTINUOUS
10
5.7436581496062988
20
-3.78234874015748
11
5.7436353937007869
21
-3.7822195275590551
0
LINE
8
BLACK
6
CONTINUOUS
10
5.7436353937007869
20
-3.7822195275590551
11
5.7437009842519684
21
-3.7821059055118109
0
LINE
8
BLACK
6
CONTINUOUS
10
5.7437009842519684
20
-3.7821059055118109
11
5.7437686220472441
21
-3.7817223622047242
0
LINE
8
BLACK
6
CONTINUOUS
10
5.7437686220472441
20
-3.7817223622047242
11
5.7442617322834648
21
-3.7811346456692911
0
LINE
8
BLACK
6
CONTINUOUS
10
5.7442617322834648
20
-3.7811346456692911
11
5.7446453149606294
21
-3.7804703543307085
0
LINE
8
BLACK
6
CONTINUOUS
10
5.7446453149606294
20
-3.7804703543307085
11
5.7448956299212597
21
-3.780379212598425
0
LINE
8
BLACK
6
CONTINUOUS
10
5.7448956299212597
20
-3.780379212598425
11
5.7450669291338583
21
-3.7801751181102361
0
LINE
8
BLACK
6
CONTINUOUS
10
5.7450669291338583
20
-3.7801751181102361
11
5.7458224803149607
21
-3.7800418503937006
0
LINE
8
BLACK
6
CONTINUOUS
10
5.7458224803149607
20
-3.7800418503937006
11
5.7465433070866139
21
-3.7797795275590551
0
LINE
8
BLACK
6
CONTINUOUS
10
5.7465433070866139
20
-3.7797795275590551
11
5.8338582677165354
21
-3.7797795275590551
0
LINE
8
BLACK
6
CONTINUOUS
10
5.8338582677165354
20
-3.7797795275590551
11
5.8338582677165354
21
-3.7133444488188974
0
LINE
8
BLACK
6
CONTINUOUS
10
5.8338582677165354
20
-3.7133444488188974
11
5.7407532677165349
21
-3.5746774803149606
0
LINE
8
BLACK
6
CONTINUOUS
10
5.7407532677165349
20
-3.5746774803149606
11
5.7403381496062993
21
-3.5737397244094486
0
LINE
8
BLACK
6
CONTINUOUS
10
5.7403381496062993
20
-3.5737397244094486
11
5.7405535433070867
21
-3.5717314566929135
0
LINE
8
BLACK
6
CONTINUOUS
10
5.7405535433070867
20
-3.5717314566929135
11
5.7420094488188971
21
-3.5703314566929132
0
LINE
8
BLACK
6
CONTINUOUS
10
5.7420094488188971
20
-3.5703314566929132
11
5.7440246062992122
21
-3.5701948818897637
0
LINE
8
BLACK
6
CONTINUOUS
10
5.7440246062992122
20
-3.5701948818897637
11
5.7443111417322834
21
-3.5704039763779525
0
LINE
8
BLACK
6
CONTINUOUS
10
5.7443111417322834
20
-3.5704039763779525
11
5.7452047244094491
21
-3.5700787401574803
0
LINE
8
BLACK
6
CONTINUOUS
10
5.7452047244094491
20
-3.5700787401574803
11
5.8342519685039367
21
-3.5700787401574803
0
LINE
8
BLACK
6
CONTINUOUS
10
5.8342519685039367
20
-3.5700787401574803
11
5.8342519685039367
21
-3.5219842519685041
0
LINE
8
BLACK
6
CONTINUOUS
10
5.8342519685039367
20
-3.5219842519685041
11
5.7872047244094489
21
-3.5219842519685041
0
LINE
8
BLACK
6
CONTINUOUS
10
5.7872047244094489
20
-3.5219842519685041
11
5.7868211811023622
21
-3.5219166141732283
0
LINE
8
BLACK
6
CONTINUOUS
10
5.7868211811023622
20
-3.5219166141732283
11
5.7866919685039369
21
-3.521939409448819
0
LINE
8
BLACK
6
CONTINUOUS
10
5.7866919685039369
20
-3.521939409448819
11
5.7865783464566931
21
-3.5218737795275588
0
LINE
8
BLACK
6
CONTINUOUS
10
5.7865783464566931
20
-3.5218737795275588
11
5.7861948031496064
21
-3.5218061811023622
0
LINE
8
BLACK
6
CONTINUOUS
10
5.7861948031496064
20
-3.5218061811023622
11
5.7856070866141733
21
-3.5213130314960628
0
LINE
8
BLACK
6
CONTINUOUS
10
5.7856070866141733
20
-3.5213130314960628
11
5.7849427952755903
21
-3.5209294881889761
0
LINE
8
BLACK
6
CONTINUOUS
10
5.7849427952755903
20
-3.5209294881889761
11
5.7848516535433072
21
-3.5206791338582675
0
LINE
8
BLACK
6
CONTINUOUS
10
5.7848516535433072
20
-3.5206791338582675
11
5.7846475590551183
21
-3.5205078740157481
0
LINE
8
BLACK
6
CONTINUOUS
10
5.7846475590551183
20
-3.5205078740157481
11
5.7845142913385823
21
-3.5197522834645669
0
LINE
8
BLACK
6
CONTINUOUS
10
5.7845142913385823
20
-3.5197522834645669
11
5.7842519685039369
21
-3.519031496062992
0
LINE
8
BLACK
6
CONTINUOUS
10
5.7842519685039369
20
-3.519031496062992
11
5.7842519685039369
21
-3.3926520866141732
0
LINE
8
BLACK
6
CONTINUOUS
10
5.7842519685039369
20
-3.3926520866141732
11
5.7531603937007869
21
-3.4153874409448819
0
LINE
8
BLACK
6
CONTINUOUS
10
5.7531603937007869
20
-3.4153874409448819
11
5.7522400393700783
21
-3.415839803149606
0
LINE
8
BLACK
6
CONTINUOUS
10
5.7522400393700783
20
-3.415839803149606
11
5.7502247637795278
21
-3.4157050787401575
0
LINE
8
BLACK
6
CONTINUOUS
10
5.7502247637795278
20
-3.4157050787401575
11
5.748767519685039
21
-3.4143064566929131
0
LINE
8
BLACK
6
CONTINUOUS
10
5.748767519685039
20
-3.4143064566929131
11
5.7485502755905511
21
-3.4122983858267717
0
LINE
8
BLACK
6
CONTINUOUS
10
5.7485502755905511
20
-3.4122983858267717
11
5.7496745669291336
21
-3.410620433070866
0
LINE
8
BLACK
6
CONTINUOUS
10
5.7496745669291336
20
-3.410620433070866
11
5.777895472440945
21
-3.3899842519685039
0
LINE
8
BLACK
6
CONTINUOUS
10
5.777895472440945
20
-3.3899842519685039
11
5.7494514173228346
21
-3.3899842519685039
0
LINE
8
BLACK
6
CONTINUOUS
10
5.7494514173228346
20
-3.3899842519685039
11
5.7320327952755905
21
-3.407402874015748
0
LINE
8
BLACK
6
CONTINUOUS
10
5.7320327952755905
20
-3.407402874015748
11
5.7162847637795275
21
-3.423150905511811
0
LINE
8
BLACK
6
CONTINUOUS
10
5.7162847637795275
20
-3.423150905511811
11
5.7161346062992129
21
-3.4232560236220473
0
LINE
8
BLACK
6
CONTINUOUS
10
5.7161346062992129
20
-3.4232560236220473
11
5.7160948425196851
21
-3.4233249212598422
0
LINE
8
BLACK
6
CONTINUOUS
10
5.7160948425196851
20
-3.4233249212598422
11
5.7159727559055113
21
-3.4233693307086615
0
LINE
8
BLACK
6
CONTINUOUS
10
5.7159727559055113
20
-3.4233693307086615
11
5.7154447244094486
21
-3.4237390944881887
0
LINE
8
BLACK
6
CONTINUOUS
10
5.7154447244094486
20
-3.4237390944881887
11
5.7148025196850396
21
-3.423795275590551
0
LINE
8
BLACK
6
CONTINUOUS
10
5.7148025196850396
20
-3.423795275590551
11
5.7141968503937006
21
-3.4240157480314961
0
LINE
8
BLACK
6
CONTINUOUS
10
5.7141968503937006
20
-3.4240157480314961
11
5.6708740157480317
21
-3.4240157480314961
0
LINE
8
BLACK
6
CONTINUOUS
10
5.6708740157480317
20
-3.4240157480314961
11
5.6708740157480317
21
-3.4578740157480312
0
LINE
8
BLACK
6
CONTINUOUS
10
5.6708740157480317
20
-3.4578740157480312
11
5.670182125984252
21
-3.4595443307086615
0
LINE
8
BLACK
6
CONTINUOUS
10
5.670182125984252
20
-3.4595443307086615
11
5.6685118110236221
21
-3.4602362204724408
0
LINE
8
BLACK
6
CONTINUOUS
10
5.6685118110236221
20
-3.4602362204724408
11
5.6668414960629923
21
-3.4595443307086615
0
LINE
8
BLACK
6
CONTINUOUS
10
5.6668414960629923
20
-3.4595443307086615
11
5.6661496062992125
21
-3.4578740157480312
0
LINE
8
BLACK
6
CONTINUOUS
10
5.6661496062992125
20
-3.4578740157480312
11
5.6661496062992125
21
-3.3791338582677164
0
LINE
8
BLACK
6
CONTINUOUS
10
5.6661496062992125
20
-3.3791338582677164
11
5.6668414960629923
21
-3.3774635433070865
0
LINE
8
BLACK
6
CONTINUOUS
10
5.6668414960629923
20
-3.3774635433070865
11
5.6685118110236221
21
-3.3767716535433072
0
LINE
8
BLACK
6
CONTINUOUS
10
5.6685118110236221
20
-3.3767716535433072
11
5.670182125984252
21
-3.3774635433070865
0
LINE
8
BLACK
6
CONTINUOUS
10
5.670182125984252
20
-3.3774635433070865
11
5.6708740157480317
21
-3.3791338582677164
0
LINE
8
BLACK
6
CONTINUOUS
10
5.6708740157480317
20
-3.3791338582677164
11
5.6708740157480317
21
-3.4181102362204725
0
LINE
8
BLACK
6
CONTINUOUS
10
5.6708740157480317
20
-3.4181102362204725
11
5.7129737795275588
21
-3.4181102362204725
0
LINE
8
BLACK
6
CONTINUOUS
10
5.7129737795275588
20
-3.4181102362204725
11
5.7278569685039367
21
-3.4032270472440942
0
LINE
8
BLACK
6
CONTINUOUS
10
5.7278569685039367
20
-3.4032270472440942
11
5.7461404330708659
21
-3.3849435826771654
0
LINE
8
BLACK
6
CONTINUOUS
10
5.7461404330708659
20
-3.3849435826771654
11
5.7462905905511814
21
-3.3848384251968504
0
LINE
8
BLACK
6
CONTINUOUS
10
5.7462905905511814
20
-3.3848384251968504
11
5.7463303543307083
21
-3.3847695669291338
0
LINE
8
BLACK
6
CONTINUOUS
10
5.7463303543307083
20
-3.3847695669291338
11
5.7464523228346458
21
-3.384725157480315
0
LINE
8
BLACK
6
CONTINUOUS
10
5.7464523228346458
20
-3.384725157480315
11
5.7469804724409448
21
-3.3843553543307086
0
LINE
8
BLACK
6
CONTINUOUS
10
5.7469804724409448
20
-3.3843553543307086
11
5.7476227165354326
21
-3.3842991338582675
0
LINE
8
BLACK
6
CONTINUOUS
10
5.7476227165354326
20
-3.3842991338582675
11
5.7482283464566928
21
-3.3840787401574803
0
LINE
8
BLACK
6
CONTINUOUS
10
5.7482283464566928
20
-3.3840787401574803
11
5.7752357480314958
21
-3.3840787401574803
0
LINE
8
BLACK
6
CONTINUOUS
10
5.7752357480314958
20
-3.3840787401574803
11
5.7496745669291336
21
-3.3653874409448816
0
LINE
8
BLACK
6
CONTINUOUS
10
5.7496745669291336
20
-3.3653874409448816
11
5.7489644488188976
21
-3.3646475590551179
0
LINE
8
BLACK
6
CONTINUOUS
10
5.7489644488188976
20
-3.3646475590551179
11
5.7484818503937003
21
-3.3626862992125983
0
LINE
8
BLACK
6
CONTINUOUS
10
5.7484818503937003
20
-3.3626862992125983
11
5.7493728346456692
21
-3.3608735826771654
0
LINE
8
BLACK
6
CONTINUOUS
10
5.7493728346456692
20
-3.3608735826771654
11
5.7512205511811025
21
-3.3600577559055118
0
LINE
8
BLACK
6
CONTINUOUS
10
5.7512205511811025
20
-3.3600577559055118
11
5.7531603937007869
21
-3.3606204330708662
0
LINE
8
BLACK
6
CONTINUOUS
10
5.7531603937007869
20
-3.3606204330708662
11
5.7842519685039369
21
-3.3833557480314962
0
LINE
8
BLACK
6
CONTINUOUS
10
5.7842519685039369
20
-3.3833557480314962
11
5.7842519685039369
21
-3.3350314960629919
0
LINE
8
BLACK
6
CONTINUOUS
10
5.7842519685039369
20
-3.3350314960629919
11
5.7843195669291338
21
-3.3346479527559056
0
LINE
8
BLACK
6
CONTINUOUS
10
5.7843195669291338
20
-3.3346479527559056
11
5.7842968110236219
21
-3.3345187401574803
0
LINE
8
BLACK
6
CONTINUOUS
10
5.7842968110236219
20
-3.3345187401574803
11
5.7843624015748034
21
-3.3344051181102361
0
LINE
8
BLACK
6
CONTINUOUS
10
5.7843624015748034
20
-3.3344051181102361
11
5.7844300393700783
21
-3.3340215748031494
0
LINE
8
BLACK
6
CONTINUOUS
10
5.7844300393700783
20
-3.3340215748031494
11
5.7849231496062989
21
-3.3334338582677163
0
LINE
8
BLACK
6
CONTINUOUS
10
5.7849231496062989
20
-3.3334338582677163
11
5.7853067322834644
21
-3.3327695669291337
0
LINE
8
BLACK
6
CONTINUOUS
10
5.7853067322834644
20
-3.3327695669291337
11
5.7855570472440947
21
-3.3326784251968502
0
LINE
8
BLACK
6
CONTINUOUS
10
5.7855570472440947
20
-3.3326784251968502
11
5.7857283464566924
21
-3.3324743307086613
0
LINE
8
BLACK
6
CONTINUOUS
10
5.7857283464566924
20
-3.3324743307086613
11
5.7864838976377948
21
-3.3323410629921257
0
LINE
8
BLACK
6
CONTINUOUS
10
5.7864838976377948
20
-3.3323410629921257
11
5.7872047244094489
21
-3.3320787401574803
0
LINE
8
BLACK
6
CONTINUOUS
10
5.7872047244094489
20
-3.3320787401574803
11
5.9692047244094484
21
-3.3320787401574803
0
LINE
8
BLACK
6
CONTINUOUS
10
5.9692047244094484
20
-3.3320787401574803
11
5.9695882283464563
21
-3.3321463385826773
0
LINE
8
BLACK
6
CONTINUOUS
10
5.9695882283464563
20
-3.3321463385826773
11
5.9697174803149604
21
-3.3321235826771654
0
LINE
8
BLACK
6
CONTINUOUS
10
5.9697174803149604
20
-3.3321235826771654
11
5.9698310629921263
21
-3.3321891732283464
0
LINE
8
BLACK
6
CONTINUOUS
10
5.9698310629921263
20
-3.3321891732283464
11
5.9702146456692908
21
-3.3322568110236221
0
LINE
8
BLACK
6
CONTINUOUS
10
5.9702146456692908
20
-3.3322568110236221
11
5.9708023228346452
21
-3.3327499212598424
0
LINE
8
BLACK
6
CONTINUOUS
10
5.9708023228346452
20
-3.3327499212598424
11
5.971466653543307
21
-3.3331335039370078
0
LINE
8
BLACK
6
CONTINUOUS
10
5.971466653543307
20
-3.3331335039370078
11
5.9715577559055113
21
-3.3333838188976377
0
LINE
8
BLACK
6
CONTINUOUS
10
5.9715577559055113
20
-3.3333838188976377
11
5.971761889763779
21
-3.3335551181102363
0
LINE
8
BLACK
6
CONTINUOUS
10
5.971761889763779
20
-3.3335551181102363
11
5.9718951181102362
21
-3.3343106692913387
0
LINE
8
BLACK
6
CONTINUOUS
10
5.9718951181102362
20
-3.3343106692913387
11
5.9721574803149604
21
-3.3350314960629919
0
LINE
8
BLACK
6
CONTINUOUS
10
5.9721574803149604
20
-3.3350314960629919
11
5.9721574803149604
21
-3.369551181102362
0
LINE
8
BLACK
6
CONTINUOUS
10
5.9721574803149604
20
-3.369551181102362
11
6.0372887401574804
21
-3.369551181102362
0
LINE
8
BLACK
6
CONTINUOUS
10
6.0372887401574804
20
-3.369551181102362
11
6.1025590551181104
21
-3.304280866141732
0
LINE
8
BLACK
6
CONTINUOUS
10
6.1025590551181104
20
-3.304280866141732
11
6.1025590551181104
21
-3.2214566929133857
0
LINE
8
BLACK
6
CONTINUOUS
10
6.1025590551181104
20
-3.2214566929133857
11
6.0155118110236216
21
-3.2214566929133857
0
LINE
8
BLACK
6
CONTINUOUS
10
6.0155118110236216
20
-3.2214566929133857
11
6.0145018897637792
21
-3.2212786220472438
0
LINE
8
BLACK
6
CONTINUOUS
10
6.0145018897637792
20
-3.2212786220472438
11
6.0129546456692911
21
-3.2199803149606296
0
LINE
8
BLACK
6
CONTINUOUS
10
6.0129546456692911
20
-3.2199803149606296
11
6.0126038976377956
21
-3.217991181102362
0
LINE
8
BLACK
6
CONTINUOUS
10
6.0126038976377956
20
-3.217991181102362
11
6.013613818897638
21
-3.2162420078740155
0
LINE
8
BLACK
6
CONTINUOUS
10
6.013613818897638
20
-3.2162420078740155
11
6.0155118110236216
21
-3.215551181102362
0
LINE
8
BLACK
6
CONTINUOUS
10
6.0155118110236216
20
-3.215551181102362
11
6.1025590551181104
21
-3.215551181102362
0
LINE
8
BLACK
6
CONTINUOUS
10
6.1025590551181104
20
-3.215551181102362
11
6.1025590551181104
21
-3.0214566929133859
0
LINE
8
BLACK
6
CONTINUOUS
10
6.1025590551181104
20
-3.0214566929133859
11
6.0155118110236216
21
-3.0214566929133859
0
LINE
8
BLACK
6
CONTINUOUS
10
6.0155118110236216
20
-3.0214566929133859
11
6.0145018897637792
21
-3.0212786220472441
0
LINE
8
BLACK
6
CONTINUOUS
10
6.0145018897637792
20
-3.0212786220472441
11
6.0129546456692911
21
-3.0199803149606299
0
LINE
8
BLACK
6
CONTINUOUS
10
6.0129546456692911
20
-3.0199803149606299
11
6.0126038976377956
21
-3.0179911811023623
0
LINE
8
BLACK
6
CONTINUOUS
10
6.0126038976377956
20
-3.0179911811023623
11
6.013613818897638
21
-3.0162420078740158
0
LINE
8
BLACK
6
CONTINUOUS
10
6.013613818897638
20
-3.0162420078740158
11
6.0155118110236216
21
-3.0155511811023623
0
LINE
8
BLACK
6
CONTINUOUS
10
6.0155118110236216
20
-3.0155511811023623
11
6.1055118110236215
21
-3.0155511811023623
0
LINE
8
BLACK
6
CONTINUOUS
10
6.1055118110236215
20
-3.0155511811023623
11
6.1058953149606294
21
-3.0156187795275589
0
LINE
8
BLACK
6
CONTINUOUS
10
5.7494960629921259
20
-3.7856850393700787
11
5.7494960629921259
21
-3.9637795275590548
0
LINE
8
BLACK
6
CONTINUOUS
10
5.7494960629921259
20
-3.9637795275590548
11
5.9255905511811022
21
-3.9637795275590548
0
LINE
8
BLACK
6
CONTINUOUS
10
5.9255905511811022
20
-3.9637795275590548
11
5.9255905511811022
21
-3.7856850393700787
0
LINE
8
BLACK
6
CONTINUOUS
10
5.9255905511811022
20
-3.7856850393700787
11
5.7494960629921259
21
-3.7856850393700787
0
LINE
8
BLACK
6
CONTINUOUS
10
6.245464566929134
20
-3.6664566929133859
11
6.245464566929134
21
-3.752551181102362
0
LINE
8
BLACK
6
CONTINUOUS
10
6.245464566929134
20
-3.752551181102362
11
6.3715590551181105
21
-3.752551181102362
0
LINE
8
BLACK
6
CONTINUOUS
10
6.3715590551181105
20
-3.752551181102362
11
6.3715590551181105
21
-3.7168157874015746
0
LINE
8
BLACK
6
CONTINUOUS
10
6.3715590551181105
20
-3.7168157874015746
11
6.3702537007874014
21
-3.7166090551181101
0
LINE
8
BLACK
6
CONTINUOUS
10
6.3702537007874014
20
-3.7166090551181101
11
6.3664124015748031
21
-3.714651811023622
0
LINE
8
BLACK
6
CONTINUOUS
10
6.3664124015748031
20
-3.714651811023622
11
6.3633639370078736
21
-3.7116033464566929
0
LINE
8
BLACK
6
CONTINUOUS
10
6.3633639370078736
20
-3.7116033464566929
11
6.3614066929133859
21
-3.7077620472440942
0
LINE
8
BLACK
6
CONTINUOUS
10
6.3614066929133859
20
-3.7077620472440942
11
6.360732283464567
21
-3.7035039370078739
0
LINE
8
BLACK
6
CONTINUOUS
10
6.360732283464567
20
-3.7035039370078739
11
6.3614066929133859
21
-3.6992458267716533
0
LINE
8
BLACK
6
CONTINUOUS
10
6.3614066929133859
20
-3.6992458267716533
11
6.3633639370078736
21
-3.695404527559055
0
LINE
8
BLACK
6
CONTINUOUS
10
6.3633639370078736
20
-3.695404527559055
11
6.3664124015748031
21
-3.6923560629921259
0
LINE
8
BLACK
6
CONTINUOUS
10
6.3664124015748031
20
-3.6923560629921259
11
6.3695401574803148
21
-3.6907623622047243
0
LINE
8
BLACK
6
CONTINUOUS
10
6.3695401574803148
20
-3.6907623622047243
11
6.2969930314960632
21
-3.6722699606299214
0
LINE
8
BLACK
6
CONTINUOUS
10
6.2969930314960632
20
-3.6722699606299214
11
6.2946112204724409
21
-3.6746518110236219
0
LINE
8
BLACK
6
CONTINUOUS
10
6.2946112204724409
20
-3.6746518110236219
11
6.2907699212598427
21
-3.6766090551181101
0
LINE
8
BLACK
6
CONTINUOUS
10
6.2907699212598427
20
-3.6766090551181101
11
6.2865118110236216
21
-3.677283464566929
0
LINE
8
BLACK
6
CONTINUOUS
10
6.2865118110236216
20
-3.677283464566929
11
6.2822537007874013
21
-3.6766090551181101
0
LINE
8
BLACK
6
CONTINUOUS
10
6.2822537007874013
20
-3.6766090551181101
11
6.2784124015748031
21
-3.6746518110236219
0
LINE
8
BLACK
6
CONTINUOUS
10
6.2784124015748031
20
-3.6746518110236219
11
6.2753639370078735
21
-3.6716033464566928
0
LINE
8
BLACK
6
CONTINUOUS
10
6.2753639370078735
20
-3.6716033464566928
11
6.2734066929133858
21
-3.6677620472440946
0
LINE
8
BLACK
6
CONTINUOUS
10
6.2734066929133858
20
-3.6677620472440946
11
6.2731999606299214
21
-3.6664566929133859
0
LINE
8
BLACK
6
CONTINUOUS
10
6.2731999606299214
20
-3.6664566929133859
11
6.245464566929134
21
-3.6664566929133859
0
LINE
8
BLACK
6
CONTINUOUS
10
6.3774645669291337
20
-3.5744566929133859
11
6.3774645669291337
21
-3.6101920472440945
0
LINE
8
BLACK
6
CONTINUOUS
10
6.3774645669291337
20
-3.6101920472440945
11
6.3787699212598428
21
-3.6103988188976377
0
LINE
8
BLACK
6
CONTINUOUS
10
6.3787699212598428
20
-3.6103988188976377
11
6.382611220472441
21
-3.6123560629921259
0
LINE
8
BLACK
6
CONTINUOUS
10
6.382611220472441
20
-3.6123560629921259
11
6.3856596850393696
21
-3.6154045275590549
0
LINE
8
BLACK
6
CONTINUOUS
10
6.3856596850393696
20
-3.6154045275590549
11
6.3876169291338583
21
-3.6192458267716536
0
LINE
8
BLACK
6
CONTINUOUS
10
6.3876169291338583
20
-3.6192458267716536
11
6.3882913385826772
21
-3.6235039370078739
0
LINE
8
BLACK
6
CONTINUOUS
10
6.3882913385826772
20
-3.6235039370078739
11
6.3876169291338583
21
-3.6277620472440946
0
LINE
8
BLACK
6
CONTINUOUS
10
6.3876169291338583
20
-3.6277620472440946
11
6.3856596850393696
21
-3.6316033464566928
0
LINE
8
BLACK
6
CONTINUOUS
10
6.3856596850393696
20
-3.6316033464566928
11
6.382611220472441
21
-3.6346518110236219
0
LINE
8
BLACK
6
CONTINUOUS
10
6.382611220472441
20
-3.6346518110236219
11
6.3787699212598428
21
-3.6366090551181101
0
LINE
8
BLACK
6
CONTINUOUS
10
6.3787699212598428
20
-3.6366090551181101
11
6.3745118110236216
21
-3.637283464566929
0
LINE
8
BLACK
6
CONTINUOUS
10
6.3745118110236216
20
-3.637283464566929
11
6.3702537007874014
21
-3.6366090551181101
0
LINE
8
BLACK
6
CONTINUOUS
10
6.3702537007874014
20
-3.6366090551181101
11
6.3664124015748031
21
-3.6346518110236219
0
LINE
8
BLACK
6
CONTINUOUS
10
6.3664124015748031
20
-3.6346518110236219
11
6.3633639370078736
21
-3.6316033464566928
0
LINE
8
BLACK
6
CONTINUOUS
10
6.3633639370078736
20
-3.6316033464566928
11
6.3614066929133859
21
-3.6277620472440946
0
LINE
8
BLACK
6
CONTINUOUS
10
6.3614066929133859
20
-3.6277620472440946
11
6.360732283464567
21
-3.6235039370078739
0
LINE
8
BLACK
6
CONTINUOUS
10
6.360732283464567
20
-3.6235039370078739
11
6.3614066929133859
21
-3.6192458267716536
0
LINE
8
BLACK
6
CONTINUOUS
10
6.3614066929133859
20
-3.6192458267716536
11
6.3633639370078736
21
-3.6154045275590549
0
LINE
8
BLACK
6
CONTINUOUS
10
6.3633639370078736
20
-3.6154045275590549
11
6.3664124015748031
21
-3.6123560629921259
0
LINE
8
BLACK
6
CONTINUOUS
10
6.3664124015748031
20
-3.6123560629921259
11
6.3702537007874014
21
-3.6103988188976377
0
LINE
8
BLACK
6
CONTINUOUS
10
6.3702537007874014
20
-3.6103988188976377
11
6.3715590551181105
21
-3.6101920472440945
0
LINE
8
BLACK
6
CONTINUOUS
10
6.3715590551181105
20
-3.6101920472440945
11
6.3715590551181105
21
-3.5744566929133859
0
LINE
8
BLACK
6
CONTINUOUS
10
6.3715590551181105
20
-3.5744566929133859
11
6.3084645669291337
21
-3.5744566929133859
0
LINE
8
BLACK
6
CONTINUOUS
10
6.3084645669291337
20
-3.5744566929133859
11
6.3084645669291337
21
-3.5962808661417323
0
LINE
8
BLACK
6
CONTINUOUS
10
6.3084645669291337
20
-3.5962808661417323
11
6.3355997244094491
21
-3.6234160236220472
0
LINE
8
BLACK
6
CONTINUOUS
10
6.3355997244094491
20
-3.6234160236220472
11
6.3357048425196849
21
-3.6235661811023623
0
LINE
8
BLACK
6
CONTINUOUS
10
6.3357048425196849
20
-3.6235661811023623
11
6.3357737401574798
21
-3.6236059448818896
0
LINE
8
BLACK
6
CONTINUOUS
10
6.3357737401574798
20
-3.6236059448818896
11
6.3358181102362208
21
-3.6237279133858267
0
LINE
8
BLACK
6
CONTINUOUS
10
6.3358181102362208
20
-3.6237279133858267
11
6.3361879527559051
21
-3.6242560629921261
0
LINE
8
BLACK
6
CONTINUOUS
10
6.3361879527559051
20
-3.6242560629921261
11
6.3362441338582673
21
-3.6248983070866139
0
LINE
8
BLACK
6
CONTINUOUS
10
6.3362441338582673
20
-3.6248983070866139
11
6.3364645669291333
21
-3.6255039370078741
0
LINE
8
BLACK
6
CONTINUOUS
10
6.3364645669291333
20
-3.6255039370078741
11
6.3364645669291333
21
-3.6701426377952755
0
LINE
8
BLACK
6
CONTINUOUS
10
6.3364645669291333
20
-3.6701426377952755
11
6.389970472440945
21
-3.6837814173228347
0
LINE
8
BLACK
6
CONTINUOUS
10
6.389970472440945
20
-3.6837814173228347
11
6.392636338582677
21
-3.6852774015748029
0
LINE
8
BLACK
6
CONTINUOUS
10
6.392636338582677
20
-3.6852774015748029
11
6.3941970078740153
21
-3.6879059448818898
0
LINE
8
BLACK
6
CONTINUOUS
10
6.3941970078740153
20
-3.6879059448818898
11
6.3942343307086613
21
-3.6909626377952756
0
LINE
8
BLACK
6
CONTINUOUS
10
6.3942343307086613
20
-3.6909626377952756
11
6.3927383070866144
21
-3.6936284645669288
0
LINE
8
BLACK
6
CONTINUOUS
10
6.3927383070866144
20
-3.6936284645669288
11
6.3901098031496062
21
-3.6951891338582676
0
LINE
8
BLACK
6
CONTINUOUS
10
6.3901098031496062
20
-3.6951891338582676
11
6.38705311023622
21
-3.6952264566929132
0
LINE
8
BLACK
6
CONTINUOUS
10
6.38705311023622
20
-3.6952264566929132
11
6.3849439763779525
21
-3.6946888188976379
0
LINE
8
BLACK
6
CONTINUOUS
10
6.3849439763779525
20
-3.6946888188976379
11
6.3856596850393696
21
-3.695404527559055
0
LINE
8
BLACK
6
CONTINUOUS
10
6.3856596850393696
20
-3.695404527559055
11
6.3876169291338583
21
-3.6992458267716533
0
LINE
8
BLACK
6
CONTINUOUS
10
6.3876169291338583
20
-3.6992458267716533
11
6.3882913385826772
21
-3.7035039370078739
0
LINE
8
BLACK
6
CONTINUOUS
10
6.3882913385826772
20
-3.7035039370078739
11
6.3876169291338583
21
-3.7077620472440942
0
LINE
8
BLACK
6
CONTINUOUS
10
6.3876169291338583
20
-3.7077620472440942
11
6.3856596850393696
21
-3.7116033464566929
0
LINE
8
BLACK
6
CONTINUOUS
10
6.3856596850393696
20
-3.7116033464566929
11
6.382611220472441
21
-3.714651811023622
0
LINE
8
BLACK
6
CONTINUOUS
10
6.382611220472441
20
-3.714651811023622
11
6.3787699212598428
21
-3.7166090551181101
0
LINE
8
BLACK
6
CONTINUOUS
10
6.3787699212598428
20
-3.7166090551181101
11
6.3774645669291337
21
-3.7168157874015746
0
LINE
8
BLACK
6
CONTINUOUS
10
6.3774645669291337
20
-3.7168157874015746
11
6.3774645669291337
21
-3.752551181102362
0
LINE
8
BLACK
6
CONTINUOUS
10
6.3774645669291337
20
-3.752551181102362
11
6.4215590551181103
21
-3.752551181102362
0
LINE
8
BLACK
6
CONTINUOUS
10
6.4215590551181103
20
-3.752551181102362
11
6.4215590551181103
21
-3.5744566929133859
0
LINE
8
BLACK
6
CONTINUOUS
10
6.4215590551181103
20
-3.5744566929133859
11
6.3774645669291337
21
-3.5744566929133859
0
LINE
8
BLACK
6
CONTINUOUS
10
6.003464566929134
20
-3.5744566929133859
11
6.003464566929134
21
-3.752551181102362
0
LINE
8
BLACK
6
CONTINUOUS
10
6.003464566929134
20
-3.752551181102362
11
6.1795590551181103
21
-3.752551181102362
0
LINE
8
BLACK
6
CONTINUOUS
10
6.1795590551181103
20
-3.752551181102362
11
6.1795590551181103
21
-3.5744566929133859
0
LINE
8
BLACK
6
CONTINUOUS
10
6.1795590551181103
20
-3.5744566929133859
11
6.003464566929134
21
-3.5744566929133859
0
LINE
8
BLACK
6
CONTINUOUS
10
5.7487438976377954
20
-3.5759842519685039
11
5.8373034645669293
21
-3.7078815354330708
0
LINE
8
BLACK
6
CONTINUOUS
10
5.8373034645669293
20
-3.7078815354330708
11
5.933400118110236
21
-3.5759842519685039
0
LINE
8
BLACK
6
CONTINUOUS
10
5.933400118110236
20
-3.5759842519685039
11
5.7487438976377954
21
-3.5759842519685039
0
LINE
8
BLACK
6
CONTINUOUS
10
6.245464566929134
20
-3.5744566929133859
11
6.245464566929134
21
-3.6605511811023623
0
LINE
8
BLACK
6
CONTINUOUS
10
6.245464566929134
20
-3.6605511811023623
11
6.2731999606299214
21
-3.6605511811023623
0
LINE
8
BLACK
6
CONTINUOUS
10
6.2731999606299214
20
-3.6605511811023623
11
6.2734066929133858
21
-3.6592458267716537
0
LINE
8
BLACK
6
CONTINUOUS
10
6.2734066929133858
20
-3.6592458267716537
11
6.2753639370078735
21
-3.655404527559055
0
LINE
8
BLACK
6
CONTINUOUS
10
6.2753639370078735
20
-3.655404527559055
11
6.2784124015748031
21
-3.6523560629921259
0
LINE
8
BLACK
6
CONTINUOUS
10
6.2784124015748031
20
-3.6523560629921259
11
6.2822537007874013
21
-3.6503988188976377
0
LINE
8
BLACK
6
CONTINUOUS
10
6.2822537007874013
20
-3.6503988188976377
11
6.2865118110236216
21
-3.6497244094488188
0
LINE
8
BLACK
6
CONTINUOUS
10
6.2865118110236216
20
-3.6497244094488188
11
6.2907699212598427
21
-3.6503988188976377
0
LINE
8
BLACK
6
CONTINUOUS
10
6.2907699212598427
20
-3.6503988188976377
11
6.2946112204724409
21
-3.6523560629921259
0
LINE
8
BLACK
6
CONTINUOUS
10
6.2946112204724409
20
-3.6523560629921259
11
6.2976596850393696
21
-3.655404527559055
0
LINE
8
BLACK
6
CONTINUOUS
10
6.2976596850393696
20
-3.655404527559055
11
6.2996169291338582
21
-3.6592458267716537
0
LINE
8
BLACK
6
CONTINUOUS
10
6.2996169291338582
20
-3.6592458267716537
11
6.2998651968503934
21
-3.6608133858267715
0
LINE
8
BLACK
6
CONTINUOUS
10
6.2998651968503934
20
-3.6608133858267715
11
6.3305590551181101
21
-3.6686373228346456
0
LINE
8
BLACK
6
CONTINUOUS
10
6.3305590551181101
20
-3.6686373228346456
11
6.3305590551181101
21
-3.6267270078740155
0
LINE
8
BLACK
6
CONTINUOUS
10
6.3305590551181101
20
-3.6267270078740155
11
6.3034238976377948
21
-3.5995918503937006
0
LINE
8
BLACK
6
CONTINUOUS
10
6.3034238976377948
20
-3.5995918503937006
11
6.3033187401574802
21
-3.5994416929133859
0
LINE
8
BLACK
6
CONTINUOUS
10
6.3033187401574802
20
-3.5994416929133859
11
6.303249881889764
21
-3.5994019291338581
0
LINE
8
BLACK
6
CONTINUOUS
10
6.303249881889764
20
-3.5994019291338581
11
6.3032054330708656
21
-3.5992798425196848
0
LINE
8
BLACK
6
CONTINUOUS
10
6.3032054330708656
20
-3.5992798425196848
11
6.3028357086614175
21
-3.5987518110236221
0
LINE
8
BLACK
6
CONTINUOUS
10
6.3028357086614175
20
-3.5987518110236221
11
6.3027794881889765
21
-3.5981096062992126
0
LINE
8
BLACK
6
CONTINUOUS
10
6.3027794881889765
20
-3.5981096062992126
11
6.3025590551181097
21
-3.5975039370078741
0
LINE
8
BLACK
6
CONTINUOUS
10
6.3025590551181097
20
-3.5975039370078741
11
6.3025590551181097
21
-3.5744566929133859
0
LINE
8
BLACK
6
CONTINUOUS
10
6.3025590551181097
20
-3.5744566929133859
11
6.245464566929134
21
-3.5744566929133859
0
LINE
8
BLACK
6
CONTINUOUS
10
5.7901574803149609
20
-3.3899842519685039
11
5.7901574803149609
21
-3.5160787401574805
0
LINE
8
BLACK
6
CONTINUOUS
10
5.7901574803149609
20
-3.5160787401574805
11
5.8342519685039367
21
-3.5160787401574805
0
LINE
8
BLACK
6
CONTINUOUS
10
5.8342519685039367
20
-3.5160787401574805
11
5.8342519685039367
21
-3.4803433464566926
0
LINE
8
BLACK
6
CONTINUOUS
10
5.8342519685039367
20
-3.4803433464566926
11
5.8329466141732285
21
-3.4801366141732282
0
LINE
8
BLACK
6
CONTINUOUS
10
5.8329466141732285
20
-3.4801366141732282
11
5.8291053149606302
21
-3.47817937007874
0
LINE
8
BLACK
6
CONTINUOUS
10
5.8291053149606302
20
-3.47817937007874
11
5.8260568503937007
21
-3.4751309055118109
0
LINE
8
BLACK
6
CONTINUOUS
10
5.8260568503937007
20
-3.4751309055118109
11
5.8240996062992121
21
-3.4712896062992127
0
LINE
8
BLACK
6
CONTINUOUS
10
5.8240996062992121
20
-3.4712896062992127
11
5.8234251968503932
21
-3.467031496062992
0
LINE
8
BLACK
6
CONTINUOUS
10
5.8234251968503932
20
-3.467031496062992
11
5.8240996062992121
21
-3.4627733858267717
0
LINE
8
BLACK
6
CONTINUOUS
10
5.8240996062992121
20
-3.4627733858267717
11
5.8260568503937007
21
-3.4589320866141731
0
LINE
8
BLACK
6
CONTINUOUS
10
5.8260568503937007
20
-3.4589320866141731
11
5.8291053149606302
21
-3.455883622047244
0
LINE
8
BLACK
6
CONTINUOUS
10
5.8291053149606302
20
-3.455883622047244
11
5.8329466141732285
21
-3.4539263779527558
0
LINE
8
BLACK
6
CONTINUOUS
10
5.8329466141732285
20
-3.4539263779527558
11
5.8372047244094487
21
-3.4532519685039369
0
LINE
8
BLACK
6
CONTINUOUS
10
5.8372047244094487
20
-3.4532519685039369
11
5.841462834645669
21
-3.4539263779527558
0
LINE
8
BLACK
6
CONTINUOUS
10
5.841462834645669
20
-3.4539263779527558
11
5.8453041338582672
21
-3.455883622047244
0
LINE
8
BLACK
6
CONTINUOUS
10
5.8453041338582672
20
-3.455883622047244
11
5.8483525984251967
21
-3.4589320866141731
0
LINE
8
BLACK
6
CONTINUOUS
10
5.8483525984251967
20
-3.4589320866141731
11
5.8503098425196853
21
-3.4627733858267717
0
LINE
8
BLACK
6
CONTINUOUS
10
5.8503098425196853
20
-3.4627733858267717
11
5.8509842519685042
21
-3.467031496062992
0
LINE
8
BLACK
6
CONTINUOUS
10
5.8509842519685042
20
-3.467031496062992
11
5.8503098425196853
21
-3.4712896062992127
0
LINE
8
BLACK
6
CONTINUOUS
10
5.8503098425196853
20
-3.4712896062992127
11
5.8483525984251967
21
-3.4751309055118109
0
LINE
8
BLACK
6
CONTINUOUS
10
5.8483525984251967
20
-3.4751309055118109
11
5.8453041338582672
21
-3.47817937007874
0
LINE
8
BLACK
6
CONTINUOUS
10
5.8453041338582672
20
-3.47817937007874
11
5.841462834645669
21
-3.4801366141732282
0
LINE
8
BLACK
6
CONTINUOUS
10
5.841462834645669
20
-3.4801366141732282
11
5.8401574803149607
21
-3.4803433464566926
0
LINE
8
BLACK
6
CONTINUOUS
10
5.8401574803149607
20
-3.4803433464566926
11
5.8401574803149607
21
-3.5160787401574805
0
LINE
8
BLACK
6
CONTINUOUS
10
5.8401574803149607
20
-3.5160787401574805
11
5.9662519685039372
21
-3.5160787401574805
0
LINE
8
BLACK
6
CONTINUOUS
10
5.9662519685039372
20
-3.5160787401574805
11
5.9662519685039372
21
-3.429527559055118
0
LINE
8
BLACK
6
CONTINUOUS
10
5.9662519685039372
20
-3.429527559055118
11
5.9385889370078742
21
-3.429527559055118
0
LINE
8
BLACK
6
CONTINUOUS
10
5.9385889370078742
20
-3.429527559055118
11
5.9383098425196845
21
-3.4312896062992126
0
LINE
8
BLACK
6
CONTINUOUS
10
5.9383098425196845
20
-3.4312896062992126
11
5.9363525984251968
21
-3.4351309055118109
0
LINE
8
BLACK
6
CONTINUOUS
10
5.9363525984251968
20
-3.4351309055118109
11
5.9333041338582673
21
-3.43817937007874
0
LINE
8
BLACK
6
CONTINUOUS
10
5.9333041338582673
20
-3.43817937007874
11
5.929462834645669
21
-3.4401366141732281
0
LINE
8
BLACK
6
CONTINUOUS
10
5.929462834645669
20
-3.4401366141732281
11
5.9252047244094488
21
-3.440811023622047
0
LINE
8
BLACK
6
CONTINUOUS
10
5.9252047244094488
20
-3.440811023622047
11
5.9209466141732285
21
-3.4401366141732281
0
LINE
8
BLACK
6
CONTINUOUS
10
5.9209466141732285
20
-3.4401366141732281
11
5.9171053149606294
21
-3.43817937007874
0
LINE
8
BLACK
6
CONTINUOUS
10
5.9171053149606294
20
-3.43817937007874
11
5.9140568503937008
21
-3.4351309055118109
0
LINE
8
BLACK
6
CONTINUOUS
10
5.9140568503937008
20
-3.4351309055118109
11
5.9120996062992122
21
-3.4312896062992126
0
LINE
8
BLACK
6
CONTINUOUS
10
5.9120996062992122
20
-3.4312896062992126
11
5.9118512992125982
21
-3.4297220078740156
0
LINE
8
BLACK
6
CONTINUOUS
10
5.9118512992125982
20
-3.4297220078740156
11
5.8217460236220475
21
-3.4067540157480316
0
LINE
8
BLACK
6
CONTINUOUS
10
5.8217460236220475
20
-3.4067540157480316
11
5.8190801968503933
21
-3.405258031496063
0
LINE
8
BLACK
6
CONTINUOUS
10
5.8190801968503933
20
-3.405258031496063
11
5.817519527559055
21
-3.4026294881889765
0
LINE
8
BLACK
6
CONTINUOUS
10
5.817519527559055
20
-3.4026294881889765
11
5.817482204724409
21
-3.3995727952755903
0
LINE
8
BLACK
6
CONTINUOUS
10
5.817482204724409
20
-3.3995727952755903
11
5.8189781889763781
21
-3.396906968503937
0
LINE
8
BLACK
6
CONTINUOUS
10
5.8189781889763781
20
-3.396906968503937
11
5.8216067322834641
21
-3.3953462992125982
0
LINE
8
BLACK
6
CONTINUOUS
10
5.8216067322834641
20
-3.3953462992125982
11
5.8246634251968503
21
-3.3953089763779527
0
LINE
8
BLACK
6
CONTINUOUS
10
5.8246634251968503
20
-3.3953089763779527
11
5.8267725196850391
21
-3.3958465748031497
0
LINE
8
BLACK
6
CONTINUOUS
10
5.8267725196850391
20
-3.3958465748031497
11
5.8260568503937007
21
-3.3951309055118108
0
LINE
8
BLACK
6
CONTINUOUS
10
5.8260568503937007
20
-3.3951309055118108
11
5.8240996062992121
21
-3.3912896062992126
0
LINE
8
BLACK
6
CONTINUOUS
10
5.8240996062992121
20
-3.3912896062992126
11
5.8238928740157476
21
-3.3899842519685039
0
LINE
8
BLACK
6
CONTINUOUS
10
5.8238928740157476
20
-3.3899842519685039
11
5.7901574803149609
21
-3.3899842519685039
0
LINE
8
BLACK
6
CONTINUOUS
10
5.9277348818897639
20
-3.3754566929133856
11
5.8909786614173223
21
-3.412212874015748
0
LINE
8
BLACK
6
CONTINUOUS
10
5.8909786614173223
20
-3.412212874015748
11
5.9147234645669293
21
-3.4182654330708662
0
LINE
8
BLACK
6
CONTINUOUS
10
5.9147234645669293
20
-3.4182654330708662
11
5.9171053149606294
21
-3.4158836220472439
0
LINE
8
BLACK
6
CONTINUOUS
10
5.9171053149606294
20
-3.4158836220472439
11
5.9209466141732285
21
-3.4139263779527558
0
LINE
8
BLACK
6
CONTINUOUS
10
5.9209466141732285
20
-3.4139263779527558
11
5.9252047244094488
21
-3.4132519685039369
0
LINE
8
BLACK
6
CONTINUOUS
10
5.9252047244094488
20
-3.4132519685039369
11
5.929462834645669
21
-3.4139263779527558
0
LINE
8
BLACK
6
CONTINUOUS
10
5.929462834645669
20
-3.4139263779527558
11
5.9333041338582673
21
-3.4158836220472439
0
LINE
8
BLACK
6
CONTINUOUS
10
5.9333041338582673
20
-3.4158836220472439
11
5.9363525984251968
21
-3.418932086614173
0
LINE
8
BLACK
6
CONTINUOUS
10
5.9363525984251968
20
-3.418932086614173
11
5.9383098425196845
21
-3.4227733858267717
0
LINE
8
BLACK
6
CONTINUOUS
10
5.9383098425196845
20
-3.4227733858267717
11
5.9384442519685035
21
-3.4236220472440944
0
LINE
8
BLACK
6
CONTINUOUS
10
5.9384442519685035
20
-3.4236220472440944
11
5.9662519685039372
21
-3.4236220472440944
0
LINE
8
BLACK
6
CONTINUOUS
10
5.9662519685039372
20
-3.4236220472440944
11
5.9662519685039372
21
-3.3754566929133856
0
LINE
8
BLACK
6
CONTINUOUS
10
5.9662519685039372
20
-3.3754566929133856
11
5.9277348818897639
21
-3.3754566929133856
0
LINE
8
BLACK
6
CONTINUOUS
10
5.7901574803149609
20
-3.3379842519685039
11
5.7901574803149609
21
-3.3840787401574803
0
LINE
8
BLACK
6
CONTINUOUS
10
5.7901574803149609
20
-3.3840787401574803
11
5.8238928740157476
21
-3.3840787401574803
0
LINE
8
BLACK
6
CONTINUOUS
10
5.8238928740157476
20
-3.3840787401574803
11
5.8240996062992121
21
-3.3827733858267717
0
LINE
8
BLACK
6
CONTINUOUS
10
5.8240996062992121
20
-3.3827733858267717
11
5.8260568503937007
21
-3.378932086614173
0
LINE
8
BLACK
6
CONTINUOUS
10
5.8260568503937007
20
-3.378932086614173
11
5.8291053149606302
21
-3.3758836220472439
0
LINE
8
BLACK
6
CONTINUOUS
10
5.8291053149606302
20
-3.3758836220472439
11
5.8329466141732285
21
-3.3739263779527557
0
LINE
8
BLACK
6
CONTINUOUS
10
5.8329466141732285
20
-3.3739263779527557
11
5.8372047244094487
21
-3.3732519685039368
0
LINE
8
BLACK
6
CONTINUOUS
10
5.8372047244094487
20
-3.3732519685039368
11
5.841462834645669
21
-3.3739263779527557
0
LINE
8
BLACK
6
CONTINUOUS
10
5.841462834645669
20
-3.3739263779527557
11
5.8453041338582672
21
-3.3758836220472439
0
LINE
8
BLACK
6
CONTINUOUS
10
5.8453041338582672
20
-3.3758836220472439
11
5.8483525984251967
21
-3.378932086614173
0
LINE
8
BLACK
6
CONTINUOUS
10
5.8483525984251967
20
-3.378932086614173
11
5.8503098425196853
21
-3.3827733858267717
0
LINE
8
BLACK
6
CONTINUOUS
10
5.8503098425196853
20
-3.3827733858267717
11
5.8509842519685042
21
-3.3870314960629919
0
LINE
8
BLACK
6
CONTINUOUS
10
5.8509842519685042
20
-3.3870314960629919
11
5.8503098425196853
21
-3.3912896062992126
0
LINE
8
BLACK
6
CONTINUOUS
10
5.8503098425196853
20
-3.3912896062992126
11
5.8483525984251967
21
-3.3951309055118108
0
LINE
8
BLACK
6
CONTINUOUS
10
5.8483525984251967
20
-3.3951309055118108
11
5.8453041338582672
21
-3.3981793700787399
0
LINE
8
BLACK
6
CONTINUOUS
10
5.8453041338582672
20
-3.3981793700787399
11
5.8421763385826768
21
-3.3997730314960628
0
LINE
8
BLACK
6
CONTINUOUS
10
5.8421763385826768
20
-3.3997730314960628
11
5.8843234645669291
21
-3.4105164173228344
0
LINE
8
BLACK
6
CONTINUOUS
10
5.8843234645669291
20
-3.4105164173228344
11
5.9244238976377952
21
-3.3704160236220471
0
LINE
8
BLACK
6
CONTINUOUS
10
5.9244238976377952
20
-3.3704160236220471
11
5.9245740157480311
21
-3.370310866141732
0
LINE
8
BLACK
6
CONTINUOUS
10
5.9245740157480311
20
-3.370310866141732
11
5.9246138188976376
21
-3.3702420078740158
0
LINE
8
BLACK
6
CONTINUOUS
10
5.9246138188976376
20
-3.3702420078740158
11
5.9247358661417318
21
-3.3701975590551179
0
LINE
8
BLACK
6
CONTINUOUS
10
5.9247358661417318
20
-3.3701975590551179
11
5.9252639370078741
21
-3.3698278346456694
0
LINE
8
BLACK
6
CONTINUOUS
10
5.9252639370078741
20
-3.3698278346456694
11
5.9259060629921256
21
-3.3697716535433071
0
LINE
8
BLACK
6
CONTINUOUS
10
5.9259060629921256
20
-3.3697716535433071
11
5.9265118110236221
21
-3.369551181102362
0
LINE
8
BLACK
6
CONTINUOUS
10
5.9265118110236221
20
-3.369551181102362
11
5.9662519685039372
21
-3.369551181102362
0
LINE
8
BLACK
6
CONTINUOUS
10
5.9662519685039372
20
-3.369551181102362
11
5.9662519685039372
21
-3.3379842519685039
0
LINE
8
BLACK
6
CONTINUOUS
10
5.9662519685039372
20
-3.3379842519685039
11
5.7901574803149609
21
-3.3379842519685039
0
LINE
8
BLACK
6
CONTINUOUS
10
6.8542203149606298
20
-3.9064424015748029
11
6.8555700000000002
21
-3.9084669685039368
0
LINE
8
BLACK
6
CONTINUOUS
10
6.8555700000000002
20
-3.9084669685039368
11
6.8554719291338584
21
-3.9108981889763776
0
LINE
8
BLACK
6
CONTINUOUS
10
6.8554719291338584
20
-3.9108981889763776
11
6.8539635433070867
21
-3.9128074409448819
0
LINE
8
BLACK
6
CONTINUOUS
10
6.8539635433070867
20
-3.9128074409448819
11
6.8332866535433068
21
-3.9265920078740155
0
LINE
8
BLACK
6
CONTINUOUS
10
6.8332866535433068
20
-3.9265920078740155
11
6.8539635433070867
21
-3.9403765748031496
0
LINE
8
BLACK
6
CONTINUOUS
10
6.8539635433070867
20
-3.9403765748031496
11
6.8554719291338584
21
-3.9422858267716534
0
LINE
8
BLACK
6
CONTINUOUS
10
6.8554719291338584
20
-3.9422858267716534
11
6.8555700000000002
21
-3.9447170472440942
0
LINE
8
BLACK
6
CONTINUOUS
10
6.8555700000000002
20
-3.9447170472440942
11
6.8542203149606298
21
-3.9467416141732281
0
LINE
8
BLACK
6
CONTINUOUS
10
6.8542203149606298
20
-3.9467416141732281
11
6.8519383858267711
21
-3.9475861811023623
0
LINE
8
BLACK
6
CONTINUOUS
10
6.8519383858267711
20
-3.9475861811023623
11
6.8495958267716537
21
-3.9469281496062991
0
LINE
8
BLACK
6
CONTINUOUS
10
6.8495958267716537
20
-3.9469281496062991
11
6.8261891338582679
21
-3.9313236614173226
0
LINE
8
BLACK
6
CONTINUOUS
10
6.8261891338582679
20
-3.9313236614173226
11
6.802782440944882
21
-3.9469281496062991
0
LINE
8
BLACK
6
CONTINUOUS
10
6.802782440944882
20
-3.9469281496062991
11
6.8004398818897638
21
-3.9475861811023623
0
LINE
8
BLACK
6
CONTINUOUS
10
6.8004398818897638
20
-3.9475861811023623
11
6.7981579527559051
21
-3.9467416141732281
0
LINE
8
BLACK
6
CONTINUOUS
10
6.7981579527559051
20
-3.9467416141732281
11
6.7968082677165356
21
-3.9447170472440942
0
LINE
8
BLACK
6
CONTINUOUS
10
6.7968082677165356
20
-3.9447170472440942
11
6.7969063385826773
21
-3.9422858267716534
0
LINE
8
BLACK
6
CONTINUOUS
10
6.7969063385826773
20
-3.9422858267716534
11
6.7984147244094491
21
-3.9403765748031496
0
LINE
8
BLACK
6
CONTINUOUS
10
6.7984147244094491
20
-3.9403765748031496
11
6.8190915748031493
21
-3.9265920078740155
0
LINE
8
BLACK
6
CONTINUOUS
10
6.8190915748031493
20
-3.9265920078740155
11
6.7984147244094491
21
-3.9128074409448819
0
LINE
8
BLACK
6
CONTINUOUS
10
6.7984147244094491
20
-3.9128074409448819
11
6.7969063385826773
21
-3.9108981889763776
0
LINE
8
BLACK
6
CONTINUOUS
10
6.7969063385826773
20
-3.9108981889763776
11
6.7968082677165356
21
-3.9084669685039368
0
LINE
8
BLACK
6
CONTINUOUS
10
6.7968082677165356
20
-3.9084669685039368
11
6.7981579527559051
21
-3.9064424015748029
0
LINE
8
BLACK
6
CONTINUOUS
10
6.7981579527559051
20
-3.9064424015748029
11
6.8004398818897638
21
-3.9055978346456692
0
LINE
8
BLACK
6
CONTINUOUS
10
6.8004398818897638
20
-3.9055978346456692
11
6.802782440944882
21
-3.9062558661417324
0
LINE
8
BLACK
6
CONTINUOUS
10
6.802782440944882
20
-3.9062558661417324
11
6.8261891338582679
21
-3.9218603149606297
0
LINE
8
BLACK
6
CONTINUOUS
10
6.8261891338582679
20
-3.9218603149606297
11
6.8495958267716537
21
-3.9062558661417324
0
LINE
8
BLACK
6
CONTINUOUS
10
6.8495958267716537
20
-3.9062558661417324
11
6.8519383858267711
21
-3.9055978346456692
0
LINE
8
BLACK
6
CONTINUOUS
10
6.8519383858267711
20
-3.9055978346456692
11
6.8542203149606298
21
-3.9064424015748029
0
LINE
8
BLACK
6
CONTINUOUS
10
6.0641444488188974
20
-3.8771644488188977
11
6.0642799606299214
21
-3.8771434645669292
0
LINE
8
BLACK
6
CONTINUOUS
10
6.0642799606299214
20
-3.8771434645669292
11
6.0643846062992122
21
-3.8772068110236217
0
LINE
8
BLACK
6
CONTINUOUS
10
6.0643846062992122
20
-3.8772068110236217
11
6.0647170472440948
21
-3.8772654330708662
0
LINE
8
BLACK
6
CONTINUOUS
10
6.0647170472440948
20
-3.8772654330708662
11
6.0653268110236223
21
-3.8777770866141732
0
LINE
8
BLACK
6
CONTINUOUS
10
6.0653268110236223
20
-3.8777770866141732
11
6.0660078740157477
21
-3.8781893307086612
0
LINE
8
BLACK
6
CONTINUOUS
10
6.0660078740157477
20
-3.8781893307086612
11
6.0660838188976376
21
-3.8784123228346457
0
LINE
8
BLACK
6
CONTINUOUS
10
6.0660838188976376
20
-3.8784123228346457
11
6.0662642913385829
21
-3.8785637401574804
0
LINE
8
BLACK
6
CONTINUOUS
10
6.0662642913385829
20
-3.8785637401574804
11
6.0664025196850391
21
-3.8793476771653541
0
LINE
8
BLACK
6
CONTINUOUS
10
6.0664025196850391
20
-3.8793476771653541
11
6.0666592519685034
21
-3.880101220472441
0
LINE
8
BLACK
6
CONTINUOUS
10
6.0666592519685034
20
-3.880101220472441
11
6.066574094488189
21
-3.8803208267716536
0
LINE
8
BLACK
6
CONTINUOUS
10
6.066574094488189
20
-3.8803208267716536
11
6.0666150393700784
21
-3.880552874015748
0
LINE
8
BLACK
6
CONTINUOUS
10
6.0666150393700784
20
-3.880552874015748
11
6.0662169291338586
21
-3.8812423228346455
0
LINE
8
BLACK
6
CONTINUOUS
10
6.0662169291338586
20
-3.8812423228346455
11
6.0659292913385823
21
-3.8819845275590552
0
LINE
8
BLACK
6
CONTINUOUS
10
6.0659292913385823
20
-3.8819845275590552
11
6.0569729527559053
21
-3.89222031496063
0
LINE
8
BLACK
6
CONTINUOUS
10
6.0569729527559053
20
-3.89222031496063
11
6.0572179921259846
21
-3.8922635433070867
0
LINE
8
BLACK
6
CONTINUOUS
10
6.0572179921259846
20
-3.8922635433070867
11
6.0573532283464564
21
-3.8923770078740159
0
LINE
8
BLACK
6
CONTINUOUS
10
6.0573532283464564
20
-3.8923770078740159
11
6.0575285826771657
21
-3.8923972047244093
0
LINE
8
BLACK
6
CONTINUOUS
10
6.0575285826771657
20
-3.8923972047244093
11
6.0612781102362208
21
-3.8942719685039369
0
LINE
8
BLACK
6
CONTINUOUS
10
6.0612781102362208
20
-3.8942719685039369
11
6.0619871653543305
21
-3.8947978740157478
0
LINE
8
BLACK
6
CONTINUOUS
10
6.0619871653543305
20
-3.8947978740157478
11
6.0620455118110232
21
-3.8948250787401575
0
LINE
8
BLACK
6
CONTINUOUS
10
6.0620455118110232
20
-3.8948250787401575
11
6.0639202755905508
21
-3.896699842519685
0
LINE
8
BLACK
6
CONTINUOUS
10
6.0639202755905508
20
-3.896699842519685
11
6.0644265354330704
21
-3.8974229133858267
0
LINE
8
BLACK
6
CONTINUOUS
10
6.0644265354330704
20
-3.8974229133858267
11
6.0644733858267719
21
-3.897467244094488
0
LINE
8
BLACK
6
CONTINUOUS
10
6.0644733858267719
20
-3.897467244094488
11
6.0663481496062994
21
-3.9012167716535431
0
LINE
8
BLACK
6
CONTINUOUS
10
6.0663481496062994
20
-3.9012167716535431
11
6.0666405118110234
21
-3.9021996850393701
0
LINE
8
BLACK
6
CONTINUOUS
10
6.0666405118110234
20
-3.9021996850393701
11
6.0665994881889764
21
-3.9023713779527558
0
LINE
8
BLACK
6
CONTINUOUS
10
6.0665994881889764
20
-3.9023713779527558
11
6.0666598818897635
21
-3.9025372834645666
0
LINE
8
BLACK
6
CONTINUOUS
10
6.0666598818897635
20
-3.9025372834645666
11
6.0666598818897635
21
-3.9119111023622049
0
LINE
8
BLACK
6
CONTINUOUS
10
6.0666598818897635
20
-3.9119111023622049
11
6.0664818110236221
21
-3.9129210236220473
0
LINE
8
BLACK
6
CONTINUOUS
10
6.0664818110236221
20
-3.9129210236220473
11
6.0663683070866137
21
-3.9130562598425196
0
LINE
8
BLACK
6
CONTINUOUS
10
6.0663683070866137
20
-3.9130562598425196
11
6.0663481496062994
21
-3.9132316141732284
0
LINE
8
BLACK
6
CONTINUOUS
10
6.0663481496062994
20
-3.9132316141732284
11
6.0644733858267719
21
-3.9169811417322835
0
LINE
8
BLACK
6
CONTINUOUS
10
6.0644733858267719
20
-3.9169811417322835
11
6.0639474409448821
21
-3.9176901968503937
0
LINE
8
BLACK
6
CONTINUOUS
10
6.0639474409448821
20
-3.9176901968503937
11
6.0639202755905508
21
-3.9177485433070864
0
LINE
8
BLACK
6
CONTINUOUS
10
6.0639202755905508
20
-3.9177485433070864
11
6.062045551181102
21
-3.919623307086614
0
LINE
8
BLACK
6
CONTINUOUS
10
6.062045551181102
20
-3.919623307086614
11
6.0613223622047245
21
-3.9201296850393699
0
LINE
8
BLACK
6
CONTINUOUS
10
6.0613223622047245
20
-3.9201296850393699
11
6.0612781102362208
21
-3.9201764566929134
0
LINE
8
BLACK
6
CONTINUOUS
10
6.0612781102362208
20
-3.9201764566929134
11
6.0575285826771657
21
-3.9220512204724409
0
LINE
8
BLACK
6
CONTINUOUS
10
6.0575285826771657
20
-3.9220512204724409
11
6.0565456299212599
21
-3.9223435826771653
0
LINE
8
BLACK
6
CONTINUOUS
10
6.0565456299212599
20
-3.9223435826771653
11
6.0563739370078737
21
-3.9223025590551179
0
LINE
8
BLACK
6
CONTINUOUS
10
6.0563739370078737
20
-3.9223025590551179
11
6.0562080708661412
21
-3.9223629527559054
0
LINE
8
BLACK
6
CONTINUOUS
10
6.0562080708661412
20
-3.9223629527559054
11
6.0449594881889759
21
-3.9223629527559054
0
LINE
8
BLACK
6
CONTINUOUS
10
6.0449594881889759
20
-3.9223629527559054
11
6.0439495669291334
21
-3.9221848818897636
0
LINE
8
BLACK
6
CONTINUOUS
10
6.0439495669291334
20
-3.9221848818897636
11
6.0438142913385828
21
-3.9220713779527556
0
LINE
8
BLACK
6
CONTINUOUS
10
6.0438142913385828
20
-3.9220713779527556
11
6.0436389763779523
21
-3.9220512204724409
0
LINE
8
BLACK
6
CONTINUOUS
10
6.0436389763779523
20
-3.9220512204724409
11
6.0398894488188972
21
-3.9201764566929134
0
LINE
8
BLACK
6
CONTINUOUS
10
6.0398894488188972
20
-3.9201764566929134
11
6.03918031496063
21
-3.9196504724409449
0
LINE
8
BLACK
6
CONTINUOUS
10
6.03918031496063
20
-3.9196504724409449
11
6.039122007874016
21
-3.919623307086614
0
LINE
8
BLACK
6
CONTINUOUS
10
6.039122007874016
20
-3.919623307086614
11
6.0372472440944884
21
-3.9177485039370077
0
LINE
8
BLACK
6
CONTINUOUS
10
6.0372472440944884
20
-3.9177485039370077
11
6.0366590551181103
21
-3.9169084645669292
0
LINE
8
BLACK
6
CONTINUOUS
10
6.0366590551181103
20
-3.9169084645669292
11
6.0364830708661419
21
-3.9148963779527559
0
LINE
8
BLACK
6
CONTINUOUS
10
6.0364830708661419
20
-3.9148963779527559
11
6.0376415748031498
21
-3.9132418503937005
0
LINE
8
BLACK
6
CONTINUOUS
10
6.0376415748031498
20
-3.9132418503937005
11
6.0395925590551176
21
-3.9127191338582676
0
LINE
8
BLACK
6
CONTINUOUS
10
6.0395925590551176
20
-3.9127191338582676
11
6.0414231496062989
21
-3.9135727559055118
0
LINE
8
BLACK
6
CONTINUOUS
10
6.0414231496062989
20
-3.9135727559055118
11
6.0429590551181098
21
-3.9151087007874015
0
LINE
8
BLACK
6
CONTINUOUS
10
6.0429590551181098
20
-3.9151087007874015
11
6.0456565354330705
21
-3.9164574409448818
0
LINE
8
BLACK
6
CONTINUOUS
10
6.0456565354330705
20
-3.9164574409448818
11
6.0555110236220475
21
-3.9164574409448818
0
LINE
8
BLACK
6
CONTINUOUS
10
6.0555110236220475
20
-3.9164574409448818
11
6.0582084645669294
21
-3.9151087007874015
0
LINE
8
BLACK
6
CONTINUOUS
10
6.0582084645669294
20
-3.9151087007874015
11
6.0594055905511812
21
-3.9139115354330709
0
LINE
8
BLACK
6
CONTINUOUS
10
6.0594055905511812
20
-3.9139115354330709
11
6.0607543700787403
21
-3.9112140551181103
0
LINE
8
BLACK
6
CONTINUOUS
10
6.0607543700787403
20
-3.9112140551181103
11
6.0607543700787403
21
-3.9032343307086612
0
LINE
8
BLACK
6
CONTINUOUS
10
6.0607543700787403
20
-3.9032343307086612
11
6.05940562992126
21
-3.9005368503937006
0
LINE
8
BLACK
6
CONTINUOUS
10
6.05940562992126
20
-3.9005368503937006
11
6.0582085039370082
21
-3.8993397244094488
0
LINE
8
BLACK
6
CONTINUOUS
10
6.0582085039370082
20
-3.8993397244094488
11
6.0555110236220475
21
-3.8979909842519684
0
LINE
8
BLACK
6
CONTINUOUS
10
6.0555110236220475
20
-3.8979909842519684
11
6.0505837795275585
21
-3.8979909842519684
0
LINE
8
BLACK
6
CONTINUOUS
10
6.0505837795275585
20
-3.8979909842519684
11
6.0501464173228348
21
-3.8979138582677164
0
LINE
8
BLACK
6
CONTINUOUS
10
6.0501464173228348
20
-3.8979138582677164
11
6.0500109448818895
21
-3.8979348818897637
0
LINE
8
BLACK
6
CONTINUOUS
10
6.0500109448818895
20
-3.8979348818897637
11
6.04990625984252
21
-3.8978714960629919
0
LINE
8
BLACK
6
CONTINUOUS
10
6.04990625984252
20
-3.8978714960629919
11
6.0495738582677161
21
-3.8978129133858266
0
LINE
8
BLACK
6
CONTINUOUS
10
6.0495738582677161
20
-3.8978129133858266
11
6.0489640551181099
21
-3.8973012204724409
0
LINE
8
BLACK
6
CONTINUOUS
10
6.0489640551181099
20
-3.8973012204724409
11
6.0482830314960632
21
-3.8968890157480316
0
LINE
8
BLACK
6
CONTINUOUS
10
6.0482830314960632
20
-3.8968890157480316
11
6.0482070472440945
21
-3.8966659842519684
0
LINE
8
BLACK
6
CONTINUOUS
10
6.0482070472440945
20
-3.8966659842519684
11
6.048026614173228
21
-3.8965146062992124
0
LINE
8
BLACK
6
CONTINUOUS
10
6.048026614173228
20
-3.8965146062992124
11
6.047888346456693
21
-3.89573062992126
0
LINE
8
BLACK
6
CONTINUOUS
10
6.047888346456693
20
-3.89573062992126
11
6.0476316535433066
21
-3.8949771259842518
0
LINE
8
BLACK
6
CONTINUOUS
10
6.0476316535433066
20
-3.8949771259842518
11
6.0477167716535432
21
-3.8947574803149605
0
LINE
8
BLACK
6
CONTINUOUS
10
6.0477167716535432
20
-3.8947574803149605
11
6.0476758661417325
21
-3.8945254724409448
0
LINE
8
BLACK
6
CONTINUOUS
10
6.0476758661417325
20
-3.8945254724409448
11
6.0480739370078735
21
-3.8938359842519685
0
LINE
8
BLACK
6
CONTINUOUS
10
6.0480739370078735
20
-3.8938359842519685
11
6.0483616141732286
21
-3.8930938188976376
0
LINE
8
BLACK
6
CONTINUOUS
10
6.0483616141732286
20
-3.8930938188976376
11
6.0571999606299212
21
-3.882992874015748
0
LINE
8
BLACK
6
CONTINUOUS
10
6.0571999606299212
20
-3.882992874015748
11
6.0393351968503932
21
-3.882992874015748
0
LINE
8
BLACK
6
CONTINUOUS
10
6.0393351968503932
20
-3.882992874015748
11
6.0383252755905508
21
-3.8828148031496061
0
LINE
8
BLACK
6
CONTINUOUS
10
6.0383252755905508
20
-3.8828148031496061
11
6.0367780314960626
21
-3.881516496062992
0
LINE
8
BLACK
6
CONTINUOUS
10
6.0367780314960626
20
-3.881516496062992
11
6.0364272834645671
21
-3.8795273622047244
0
LINE
8
BLACK
6
CONTINUOUS
10
6.0364272834645671
20
-3.8795273622047244
11
6.0374372047244096
21
-3.8777781889763778
0
LINE
8
BLACK
6
CONTINUOUS
10
6.0374372047244096
20
-3.8777781889763778
11
6.0393351968503932
21
-3.8770873622047244
0
LINE
8
BLACK
6
CONTINUOUS
10
6.0393351968503932
20
-3.8770873622047244
11
6.0637071259842514
21
-3.8770873622047244
0
LINE
8
BLACK
6
CONTINUOUS
10
6.0637071259842514
20
-3.8770873622047244
11
6.0641444488188974
21
-3.8771644488188977
0
LINE
8
BLACK
6
CONTINUOUS
10
6.1016397637795272
20
-3.8771644488188977
11
6.1017752755905512
21
-3.8771434645669292
0
LINE
8
BLACK
6
CONTINUOUS
10
6.1017752755905512
20
-3.8771434645669292
11
6.101879921259842
21
-3.8772068110236217
0
LINE
8
BLACK
6
CONTINUOUS
10
6.101879921259842
20
-3.8772068110236217
11
6.1022123622047246
21
-3.8772654330708662
0
LINE
8
BLACK
6
CONTINUOUS
10
6.1022123622047246
20
-3.8772654330708662
11
6.1028221259842521
21
-3.8777770866141732
0
LINE
8
BLACK
6
CONTINUOUS
10
6.1028221259842521
20
-3.8777770866141732
11
6.1035031889763776
21
-3.8781893307086612
0
LINE
8
BLACK
6
CONTINUOUS
10
6.1035031889763776
20
-3.8781893307086612
11
6.1035791338582674
21
-3.8784123228346457
0
LINE
8
BLACK
6
CONTINUOUS
10
6.1035791338582674
20
-3.8784123228346457
11
6.1037596062992128
21
-3.8785637401574804
0
LINE
8
BLACK
6
CONTINUOUS
10
6.1037596062992128
20
-3.8785637401574804
11
6.1038978346456689
21
-3.8793476771653541
0
LINE
8
BLACK
6
CONTINUOUS
10
6.1038978346456689
20
-3.8793476771653541
11
6.1041545669291342
21
-3.880101220472441
0
LINE
8
BLACK
6
CONTINUOUS
10
6.1041545669291342
20
-3.880101220472441
11
6.1040694094488188
21
-3.8803208267716536
0
LINE
8
BLACK
6
CONTINUOUS
10
6.1040694094488188
20
-3.8803208267716536
11
6.1041103543307083
21
-3.880552874015748
0
LINE
8
BLACK
6
CONTINUOUS
10
6.1041103543307083
20
-3.880552874015748
11
6.1037122440944884
21
-3.8812423228346455
0
LINE
8
BLACK
6
CONTINUOUS
10
6.1037122440944884
20
-3.8812423228346455
11
6.1034246062992121
21
-3.8819845275590552
0
LINE
8
BLACK
6
CONTINUOUS
10
6.1034246062992121
20
-3.8819845275590552
11
6.0944682677165352
21
-3.89222031496063
0
LINE
8
BLACK
6
CONTINUOUS
10
6.0944682677165352
20
-3.89222031496063
11
6.0947133070866144
21
-3.8922635433070867
0
LINE
8
BLACK
6
CONTINUOUS
10
6.0947133070866144
20
-3.8922635433070867
11
6.0948485433070863
21
-3.8923770078740159
0
LINE
8
BLACK
6
CONTINUOUS
10
6.0948485433070863
20
-3.8923770078740159
11
6.0950238976377955
21
-3.8923972047244093
0
LINE
8
BLACK
6
CONTINUOUS
10
6.0950238976377955
20
-3.8923972047244093
11
6.0987734251968506
21
-3.8942719685039369
0
LINE
8
BLACK
6
CONTINUOUS
10
6.0987734251968506
20
-3.8942719685039369
11
6.0994824803149603
21
-3.8947978740157478
0
LINE
8
BLACK
6
CONTINUOUS
10
6.0994824803149603
20
-3.8947978740157478
11
6.0995408267716531
21
-3.8948250787401575
0
LINE
8
BLACK
6
CONTINUOUS
10
6.0995408267716531
20
-3.8948250787401575
11
6.1014155905511807
21
-3.896699842519685
0
LINE
8
BLACK
6
CONTINUOUS
10
6.1014155905511807
20
-3.896699842519685
11
6.1019218503937003
21
-3.8974229133858267
0
LINE
8
BLACK
6
CONTINUOUS
10
6.1019218503937003
20
-3.8974229133858267
11
6.1019687007874017
21
-3.897467244094488
0
LINE
8
BLACK
6
CONTINUOUS
10
6.1019687007874017
20
-3.897467244094488
11
6.1038434645669293
21
-3.9012167716535431
0
LINE
8
BLACK
6
CONTINUOUS
10
6.1038434645669293
20
-3.9012167716535431
11
6.1041358267716532
21
-3.9021996850393701
0
LINE
8
BLACK
6
CONTINUOUS
10
6.1041358267716532
20
-3.9021996850393701
11
6.1040948031496063
21
-3.9023713779527558
0
LINE
8
BLACK
6
CONTINUOUS
10
6.1040948031496063
20
-3.9023713779527558
11
6.1041551968503933
21
-3.9025372834645666
0
LINE
8
BLACK
6
CONTINUOUS
10
6.1041551968503933
20
-3.9025372834645666
11
6.1041551968503933
21
-3.9119111023622049
0
LINE
8
BLACK
6
CONTINUOUS
10
6.1041551968503933
20
-3.9119111023622049
11
6.1039771259842519
21
-3.9129210236220473
0
LINE
8
BLACK
6
CONTINUOUS
10
6.1039771259842519
20
-3.9129210236220473
11
6.1038636220472435
21
-3.9130562598425196
0
LINE
8
BLACK
6
CONTINUOUS
10
6.1038636220472435
20
-3.9130562598425196
11
6.1038434645669293
21
-3.9132316141732284
0
LINE
8
BLACK
6
CONTINUOUS
10
6.1038434645669293
20
-3.9132316141732284
11
6.1019687007874017
21
-3.9169811417322835
0
LINE
8
BLACK
6
CONTINUOUS
10
6.1019687007874017
20
-3.9169811417322835
11
6.101442755905512
21
-3.9176901968503937
0
LINE
8
BLACK
6
CONTINUOUS
10
6.101442755905512
20
-3.9176901968503937
11
6.1014155905511807
21
-3.9177485433070864
0
LINE
8
BLACK
6
CONTINUOUS
10
6.1014155905511807
20
-3.9177485433070864
11
6.0995408661417319
21
-3.919623307086614
0
LINE
8
BLACK
6
CONTINUOUS
10
6.0995408661417319
20
-3.919623307086614
11
6.0988176771653544
21
-3.9201296850393699
0
LINE
8
BLACK
6
CONTINUOUS
10
6.0988176771653544
20
-3.9201296850393699
11
6.0987734251968506
21
-3.9201764566929134
0
LINE
8
BLACK
6
CONTINUOUS
10
6.0987734251968506
20
-3.9201764566929134
11
6.0950238976377955
21
-3.9220512204724409
0
LINE
8
BLACK
6
CONTINUOUS
10
6.0950238976377955
20
-3.9220512204724409
11
6.0940409448818897
21
-3.9223435826771653
0
LINE
8
BLACK
6
CONTINUOUS
10
6.0940409448818897
20
-3.9223435826771653
11
6.0938692519685036
21
-3.9223025590551179
0
LINE
8
BLACK
6
CONTINUOUS
10
6.0938692519685036
20
-3.9223025590551179
11
6.093703385826772
21
-3.9223629527559054
0
LINE
8
BLACK
6
CONTINUOUS
10
6.093703385826772
20
-3.9223629527559054
11
6.0824548031496057
21
-3.9223629527559054
0
LINE
8
BLACK
6
CONTINUOUS
10
6.0824548031496057
20
-3.9223629527559054
11
6.0814448818897633
21
-3.9221848818897636
0
LINE
8
BLACK
6
CONTINUOUS
10
6.0814448818897633
20
-3.9221848818897636
11
6.0813096062992127
21
-3.9220713779527556
0
LINE
8
BLACK
6
CONTINUOUS
10
6.0813096062992127
20
-3.9220713779527556
11
6.0811342913385822
21
-3.9220512204724409
0
LINE
8
BLACK
6
CONTINUOUS
10
6.0811342913385822
20
-3.9220512204724409
11
6.0773847637795271
21
-3.9201764566929134
0
LINE
8
BLACK
6
CONTINUOUS
10
6.0773847637795271
20
-3.9201764566929134
11
6.0766756299212599
21
-3.9196504724409449
0
LINE
8
BLACK
6
CONTINUOUS
10
6.0766756299212599
20
-3.9196504724409449
11
6.0766173228346458
21
-3.919623307086614
0
LINE
8
BLACK
6
CONTINUOUS
10
6.0766173228346458
20
-3.919623307086614
11
6.0747425590551183
21
-3.9177485039370077
0
LINE
8
BLACK
6
CONTINUOUS
10
6.0747425590551183
20
-3.9177485039370077
11
6.0741543700787402
21
-3.9169084645669292
0
LINE
8
BLACK
6
CONTINUOUS
10
6.0741543700787402
20
-3.9169084645669292
11
6.0739783858267717
21
-3.9148963779527559
0
LINE
8
BLACK
6
CONTINUOUS
10
6.0739783858267717
20
-3.9148963779527559
11
6.0751368897637796
21
-3.9132418503937005
0
LINE
8
BLACK
6
CONTINUOUS
10
6.0751368897637796
20
-3.9132418503937005
11
6.0770878740157475
21
-3.9127191338582676
0
LINE
8
BLACK
6
CONTINUOUS
10
6.0770878740157475
20
-3.9127191338582676
11
6.0789184645669287
21
-3.9135727559055118
0
LINE
8
BLACK
6
CONTINUOUS
10
6.0789184645669287
20
-3.9135727559055118
11
6.0804543700787397
21
-3.9151087007874015
0
LINE
8
BLACK
6
CONTINUOUS
10
6.0804543700787397
20
-3.9151087007874015
11
6.0831518503937003
21
-3.9164574409448818
0
LINE
8
BLACK
6
CONTINUOUS
10
6.0831518503937003
20
-3.9164574409448818
11
6.0930063385826774
21
-3.9164574409448818
0
LINE
8
BLACK
6
CONTINUOUS
10
6.0930063385826774
20
-3.9164574409448818
11
6.0957037795275593
21
-3.9151087007874015
0
LINE
8
BLACK
6
CONTINUOUS
10
6.0957037795275593
20
-3.9151087007874015
11
6.0969009055118111
21
-3.9139115354330709
0
LINE
8
BLACK
6
CONTINUOUS
10
6.0969009055118111
20
-3.9139115354330709
11
6.0982496850393701
21
-3.9112140551181103
0
LINE
8
BLACK
6
CONTINUOUS
10
6.0982496850393701
20
-3.9112140551181103
11
6.0982496850393701
21
-3.9032343307086612
0
LINE
8
BLACK
6
CONTINUOUS
10
6.0982496850393701
20
-3.9032343307086612
11
6.0969009448818898
21
-3.9005368503937006
0
LINE
8
BLACK
6
CONTINUOUS
10
6.0969009448818898
20
-3.9005368503937006
11
6.095703818897638
21
-3.8993397244094488
0
LINE
8
BLACK
6
CONTINUOUS
10
6.095703818897638
20
-3.8993397244094488
11
6.0930063385826774
21
-3.8979909842519684
0
LINE
8
BLACK
6
CONTINUOUS
10
6.0930063385826774
20
-3.8979909842519684
11
6.0880790944881884
21
-3.8979909842519684
0
LINE
8
BLACK
6
CONTINUOUS
10
6.0880790944881884
20
-3.8979909842519684
11
6.0876417322834646
21
-3.8979138582677164
0
LINE
8
BLACK
6
CONTINUOUS
10
6.0876417322834646
20
-3.8979138582677164
11
6.0875062598425194
21
-3.8979348818897637
0
LINE
8
BLACK
6
CONTINUOUS
10
6.0875062598425194
20
-3.8979348818897637
11
6.0874015748031498
21
-3.8978714960629919
0
LINE
8
BLACK
6
CONTINUOUS
10
6.0874015748031498
20
-3.8978714960629919
11
6.087069173228346
21
-3.8978129133858266
0
LINE
8
BLACK
6
CONTINUOUS
10
6.087069173228346
20
-3.8978129133858266
11
6.0864593700787397
21
-3.8973012204724409
0
LINE
8
BLACK
6
CONTINUOUS
10
6.0864593700787397
20
-3.8973012204724409
11
6.085778346456693
21
-3.8968890157480316
0
LINE
8
BLACK
6
CONTINUOUS
10
6.085778346456693
20
-3.8968890157480316
11
6.0857023622047244
21
-3.8966659842519684
0
LINE
8
BLACK
6
CONTINUOUS
10
6.0857023622047244
20
-3.8966659842519684
11
6.0855219291338578
21
-3.8965146062992124
0
LINE
8
BLACK
6
CONTINUOUS
10
6.0855219291338578
20
-3.8965146062992124
11
6.0853836614173229
21
-3.89573062992126
0
LINE
8
BLACK
6
CONTINUOUS
10
6.0853836614173229
20
-3.89573062992126
11
6.0851269685039373
21
-3.8949771259842518
0
LINE
8
BLACK
6
CONTINUOUS
10
6.0851269685039373
20
-3.8949771259842518
11
6.085212086614173
21
-3.8947574803149605
0
LINE
8
BLACK
6
CONTINUOUS
10
6.085212086614173
20
-3.8947574803149605
11
6.0851711811023623
21
-3.8945254724409448
0
LINE
8
BLACK
6
CONTINUOUS
10
6.0851711811023623
20
-3.8945254724409448
11
6.0855692519685034
21
-3.8938359842519685
0
LINE
8
BLACK
6
CONTINUOUS
10
6.0855692519685034
20
-3.8938359842519685
11
6.0858569291338585
21
-3.8930938188976376
0
LINE
8
BLACK
6
CONTINUOUS
10
6.0858569291338585
20
-3.8930938188976376
11
6.094695275590551
21
-3.882992874015748
0
LINE
8
BLACK
6
CONTINUOUS
10
6.094695275590551
20
-3.882992874015748
11
6.0768305118110231
21
-3.882992874015748
0
LINE
8
BLACK
6
CONTINUOUS
10
6.0768305118110231
20
-3.882992874015748
11
6.0758205905511806
21
-3.8828148031496061
0
LINE
8
BLACK
6
CONTINUOUS
10
6.0758205905511806
20
-3.8828148031496061
11
6.0742733464566925
21
-3.881516496062992
0
LINE
8
BLACK
6
CONTINUOUS
10
6.0742733464566925
20
-3.881516496062992
11
6.073922598425197
21
-3.8795273622047244
0
LINE
8
BLACK
6
CONTINUOUS
10
6.073922598425197
20
-3.8795273622047244
11
6.0749325196850394
21
-3.8777781889763778
0
LINE
8
BLACK
6
CONTINUOUS
10
6.0749325196850394
20
-3.8777781889763778
11
6.0768305118110231
21
-3.8770873622047244
0
LINE
8
BLACK
6
CONTINUOUS
10
6.0768305118110231
20
-3.8770873622047244
11
6.1012024409448822
21
-3.8770873622047244
0
LINE
8
BLACK
6
CONTINUOUS
10
6.1012024409448822
20
-3.8770873622047244
11
6.1016397637795272
21
-3.8771644488188977
0
LINE
8
BLACK
6
CONTINUOUS
10
6.2514887007874016
20
-3.8902644488188978
11
6.2516026771653541
21
-3.8902405905511812
0
LINE
8
BLACK
6
CONTINUOUS
10
6.2516026771653541
20
-3.8902405905511812
11
6.251725236220472
21
-3.8903061811023623
0
LINE
8
BLACK
6
CONTINUOUS
10
6.251725236220472
20
-3.8903061811023623
11
6.252193622047244
21
-3.8903887795275591
0
LINE
8
BLACK
6
CONTINUOUS
10
6.252193622047244
20
-3.8903887795275591
11
6.2527467322834642
21
-3.8908529133858267
0
LINE
8
BLACK
6
CONTINUOUS
10
6.2527467322834642
20
-3.8908529133858267
11
6.2533834645669293
21
-3.8911937007874013
0
LINE
8
BLACK
6
CONTINUOUS
10
6.2533834645669293
20
-3.8911937007874013
11
6.2535003149606299
21
-3.8914852362204724
0
LINE
8
BLACK
6
CONTINUOUS
10
6.2535003149606299
20
-3.8914852362204724
11
6.2537408661417322
21
-3.8916870866141733
0
LINE
8
BLACK
6
CONTINUOUS
10
6.2537408661417322
20
-3.8916870866141733
11
6.2538662598425194
21
-3.8923982283464564
0
LINE
8
BLACK
6
CONTINUOUS
10
6.2538662598425194
20
-3.8923982283464564
11
6.2541349212598423
21
-3.8930685039370077
0
LINE
8
BLACK
6
CONTINUOUS
10
6.2541349212598423
20
-3.8930685039370077
11
6.2540370472440943
21
-3.8933668503937007
0
LINE
8
BLACK
6
CONTINUOUS
10
6.2540370472440943
20
-3.8933668503937007
11
6.2540916141732286
21
-3.8936762204724409
0
LINE
8
BLACK
6
CONTINUOUS
10
6.2540916141732286
20
-3.8936762204724409
11
6.2537305118110238
21
-3.8943016141732283
0
LINE
8
BLACK
6
CONTINUOUS
10
6.2537305118110238
20
-3.8943016141732283
11
6.2535055118110234
21
-3.8949877559055119
0
LINE
8
BLACK
6
CONTINUOUS
10
6.2535055118110234
20
-3.8949877559055119
11
6.2366364960629923
21
-3.9164574409448818
0
LINE
8
BLACK
6
CONTINUOUS
10
6.2366364960629923
20
-3.9164574409448818
11
6.2511837007874016
21
-3.9164574409448818
0
LINE
8
BLACK
6
CONTINUOUS
10
6.2511837007874016
20
-3.9164574409448818
11
6.252193622047244
21
-3.9166355118110237
0
LINE
8
BLACK
6
CONTINUOUS
10
6.252193622047244
20
-3.9166355118110237
11
6.2537408661417322
21
-3.9179338188976378
0
LINE
8
BLACK
6
CONTINUOUS
10
6.2537408661417322
20
-3.9179338188976378
11
6.2540916141732286
21
-3.9199229527559054
0
LINE
8
BLACK
6
CONTINUOUS
10
6.2540916141732286
20
-3.9199229527559054
11
6.2530816929133861
21
-3.921672125984252
0
LINE
8
BLACK
6
CONTINUOUS
10
6.2530816929133861
20
-3.921672125984252
11
6.2511837007874016
21
-3.9223629527559054
0
LINE
8
BLACK
6
CONTINUOUS
10
6.2511837007874016
20
-3.9223629527559054
11
6.2305612992125985
21
-3.9223629527559054
0
LINE
8
BLACK
6
CONTINUOUS
10
6.2305612992125985
20
-3.9223629527559054
11
6.2302562598425197
21
-3.9223091732283462
0
LINE
8
BLACK
6
CONTINUOUS
10
6.2302562598425197
20
-3.9223091732283462
11
6.2301423228346451
21
-3.9223330708661415
0
LINE
8
BLACK
6
CONTINUOUS
10
6.2301423228346451
20
-3.9223330708661415
11
6.2300197244094484
21
-3.9222674409448817
0
LINE
8
BLACK
6
CONTINUOUS
10
6.2300197244094484
20
-3.9222674409448817
11
6.229551377952756
21
-3.9221848818897636
0
LINE
8
BLACK
6
CONTINUOUS
10
6.229551377952756
20
-3.9221848818897636
11
6.2289982283464562
21
-3.9217207086614172
0
LINE
8
BLACK
6
CONTINUOUS
10
6.2289982283464562
20
-3.9217207086614172
11
6.2283615354330708
21
-3.9213799606299213
0
LINE
8
BLACK
6
CONTINUOUS
10
6.2283615354330708
20
-3.9213799606299213
11
6.2282446456692915
21
-3.9210883858267715
0
LINE
8
BLACK
6
CONTINUOUS
10
6.2282446456692915
20
-3.9210883858267715
11
6.2280041338582679
21
-3.9208865748031494
0
LINE
8
BLACK
6
CONTINUOUS
10
6.2280041338582679
20
-3.9208865748031494
11
6.227878700787401
21
-3.9201753937007875
0
LINE
8
BLACK
6
CONTINUOUS
10
6.227878700787401
20
-3.9201753937007875
11
6.2276100787401569
21
-3.919505157480315
0
LINE
8
BLACK
6
CONTINUOUS
10
6.2276100787401569
20
-3.919505157480315
11
6.2277079133858262
21
-3.9192067716535433
0
LINE
8
BLACK
6
CONTINUOUS
10
6.2277079133858262
20
-3.9192067716535433
11
6.2276533858267715
21
-3.9188974409448818
0
LINE
8
BLACK
6
CONTINUOUS
10
6.2276533858267715
20
-3.9188974409448818
11
6.2280144488188975
21
-3.9182720078740156
0
LINE
8
BLACK
6
CONTINUOUS
10
6.2280144488188975
20
-3.9182720078740156
11
6.2282394881889767
21
-3.9175859055118107
0
LINE
8
BLACK
6
CONTINUOUS
10
6.2282394881889767
20
-3.9175859055118107
11
6.2451085039370078
21
-3.8961162204724409
0
LINE
8
BLACK
6
CONTINUOUS
10
6.2451085039370078
20
-3.8961162204724409
11
6.2305612992125985
21
-3.8961162204724409
0
LINE
8
BLACK
6
CONTINUOUS
10
6.2305612992125985
20
-3.8961162204724409
11
6.229551377952756
21
-3.895938149606299
0
LINE
8
BLACK
6
CONTINUOUS
10
6.229551377952756
20
-3.895938149606299
11
6.2280041338582679
21
-3.8946398425196849
0
LINE
8
BLACK
6
CONTINUOUS
10
6.2280041338582679
20
-3.8946398425196849
11
6.2276533858267715
21
-3.8926507086614173
0
LINE
8
BLACK
6
CONTINUOUS
10
6.2276533858267715
20
-3.8926507086614173
11
6.228663307086614
21
-3.8909015354330707
0
LINE
8
BLACK
6
CONTINUOUS
10
6.228663307086614
20
-3.8909015354330707
11
6.2305612992125985
21
-3.8902107086614173
0
LINE
8
BLACK
6
CONTINUOUS
10
6.2305612992125985
20
-3.8902107086614173
11
6.2511837007874016
21
-3.8902107086614173
0
LINE
8
BLACK
6
CONTINUOUS
10
6.2511837007874016
20
-3.8902107086614173
11
6.2514887007874016
21
-3.8902644488188978
0
LINE
8
BLACK
6
CONTINUOUS
10
6.0144944488188976
20
-3.8755688188976376
11
6.015834527559055
21
-3.8770800787401574
0
LINE
8
BLACK
6
CONTINUOUS
10
6.015834527559055
20
-3.8770800787401574
11
6.0158896850393697
21
-3.8790991338582677
0
LINE
8
BLACK
6
CONTINUOUS
10
6.0158896850393697
20
-3.8790991338582677
11
6.0078113779527555
21
-3.9033340551181102
0
LINE
8
BLACK
6
CONTINUOUS
10
6.0078113779527555
20
-3.9033340551181102
11
6.0195095275590553
21
-3.9033340551181102
0
LINE
8
BLACK
6
CONTINUOUS
10
6.0195095275590553
20
-3.9033340551181102
11
6.0195095275590553
21
-3.8931634645669289
0
LINE
8
BLACK
6
CONTINUOUS
10
6.0195095275590553
20
-3.8931634645669289
11
6.0196875984251967
21
-3.8921535433070864
0
LINE
8
BLACK
6
CONTINUOUS
10
6.0196875984251967
20
-3.8921535433070864
11
6.0209859055118109
21
-3.8906062992125983
0
LINE
8
BLACK
6
CONTINUOUS
10
6.0209859055118109
20
-3.8906062992125983
11
6.0229750393700785
21
-3.8902555511811023
0
LINE
8
BLACK
6
CONTINUOUS
10
6.0229750393700785
20
-3.8902555511811023
11
6.0247242125984251
21
-3.8912654724409448
0
LINE
8
BLACK
6
CONTINUOUS
10
6.0247242125984251
20
-3.8912654724409448
11
6.0254150393700785
21
-3.8931634645669289
0
LINE
8
BLACK
6
CONTINUOUS
10
6.0254150393700785
20
-3.8931634645669289
11
6.0254150393700785
21
-3.9033340551181102
0
LINE
8
BLACK
6
CONTINUOUS
10
6.0254150393700785
20
-3.9033340551181102
11
6.0280865748031491
21
-3.9033340551181102
0
LINE
8
BLACK
6
CONTINUOUS
10
6.0280865748031491
20
-3.9033340551181102
11
6.0290964960629916
21
-3.903512125984252
0
LINE
8
BLACK
6
CONTINUOUS
10
6.0290964960629916
20
-3.903512125984252
11
6.0306437401574806
21
-3.9048104330708662
0
LINE
8
BLACK
6
CONTINUOUS
10
6.0306437401574806
20
-3.9048104330708662
11
6.0309944881889761
21
-3.9067995669291338
0
LINE
8
BLACK
6
CONTINUOUS
10
6.0309944881889761
20
-3.9067995669291338
11
6.0299845669291336
21
-3.9085487401574803
0
LINE
8
BLACK
6
CONTINUOUS
10
6.0299845669291336
20
-3.9085487401574803
11
6.0280865748031491
21
-3.9092395669291338
0
LINE
8
BLACK
6
CONTINUOUS
10
6.0280865748031491
20
-3.9092395669291338
11
6.0254150393700785
21
-3.9092395669291338
0
LINE
8
BLACK
6
CONTINUOUS
10
6.0254150393700785
20
-3.9092395669291338
11
6.0254150393700785
21
-3.9194101968503938
0
LINE
8
BLACK
6
CONTINUOUS
10
6.0254150393700785
20
-3.9194101968503938
11
6.0252369685039371
21
-3.9204201181102363
0
LINE
8
BLACK
6
CONTINUOUS
10
6.0252369685039371
20
-3.9204201181102363
11
6.0239386614173229
21
-3.9219673622047244
0
LINE
8
BLACK
6
CONTINUOUS
10
6.0239386614173229
20
-3.9219673622047244
11
6.0219495275590553
21
-3.9223181102362203
0
LINE
8
BLACK
6
CONTINUOUS
10
6.0219495275590553
20
-3.9223181102362203
11
6.0202003543307088
21
-3.9213081889763779
0
LINE
8
BLACK
6
CONTINUOUS
10
6.0202003543307088
20
-3.9213081889763779
11
6.0195095275590553
21
-3.9194101968503938
0
LINE
8
BLACK
6
CONTINUOUS
10
6.0195095275590553
20
-3.9194101968503938
11
6.0195095275590553
21
-3.9092395669291338
0
LINE
8
BLACK
6
CONTINUOUS
10
6.0195095275590553
20
-3.9092395669291338
11
6.0037146456692909
21
-3.9092395669291338
0
LINE
8
BLACK
6
CONTINUOUS
10
6.0037146456692909
20
-3.9092395669291338
11
6.0027047244094485
21
-3.9090614960629919
0
LINE
8
BLACK
6
CONTINUOUS
10
6.0027047244094485
20
-3.9090614960629919
11
6.0025318503937006
21
-3.9089164173228346
0
LINE
8
BLACK
6
CONTINUOUS
10
6.0025318503937006
20
-3.9089164173228346
11
6.0023086220472441
21
-3.908883346456693
0
LINE
8
BLACK
6
CONTINUOUS
10
6.0023086220472441
20
-3.908883346456693
11
6.0017742913385828
21
-3.9082807480314958
0
LINE
8
BLACK
6
CONTINUOUS
10
6.0017742913385828
20
-3.9082807480314958
11
6.0011574803149603
21
-3.9077631889763778
0
LINE
8
BLACK
6
CONTINUOUS
10
6.0011574803149603
20
-3.9077631889763778
11
6.0011182677165351
21
-3.9075409448818896
0
LINE
8
BLACK
6
CONTINUOUS
10
6.0011182677165351
20
-3.9075409448818896
11
6.0009685826771655
21
-3.907372125984252
0
LINE
8
BLACK
6
CONTINUOUS
10
6.0009685826771655
20
-3.907372125984252
11
6.0009465748031499
21
-3.9065672047244093
0
LINE
8
BLACK
6
CONTINUOUS
10
6.0009465748031499
20
-3.9065672047244093
11
6.0008067322834648
21
-3.9057740551181102
0
LINE
8
BLACK
6
CONTINUOUS
10
6.0008067322834648
20
-3.9057740551181102
11
6.0009195669291335
21
-3.9055785826771654
0
LINE
8
BLACK
6
CONTINUOUS
10
6.0009195669291335
20
-3.9055785826771654
11
6.0009134251968499
21
-3.9053530708661417
0
LINE
8
BLACK
6
CONTINUOUS
10
6.0009134251968499
20
-3.9053530708661417
11
6.0102872440944877
21
-3.8772316141732284
0
LINE
8
BLACK
6
CONTINUOUS
10
6.0102872440944877
20
-3.8772316141732284
11
6.0107755118110235
21
-3.8763298425196848
0
LINE
8
BLACK
6
CONTINUOUS
10
6.0107755118110235
20
-3.8763298425196848
11
6.0124964960629921
21
-3.875272559055118
0
LINE
8
BLACK
6
CONTINUOUS
10
6.0124964960629921
20
-3.875272559055118
11
6.0144944488188976
21
-3.8755688188976376
0
LINE
8
BLACK
6
CONTINUOUS
10
6.1744427165354328
20
-3.8772006692913386
11
6.1748310629921255
21
-3.8771322047244094
0
LINE
8
BLACK
6
CONTINUOUS
10
6.1748310629921255
20
-3.8771322047244094
11
6.1753896062992126
21
-3.8774546850393699
0
LINE
8
BLACK
6
CONTINUOUS
10
6.1753896062992126
20
-3.8774546850393699
11
6.1760126771653541
21
-3.8776218503937008
0
LINE
8
BLACK
6
CONTINUOUS
10
6.1760126771653541
20
-3.8776218503937008
11
6.1762387795275586
21
-3.8779449606299212
0
LINE
8
BLACK
6
CONTINUOUS
10
6.1762387795275586
20
-3.8779449606299212
11
6.176580236220472
21
-3.8781421259842519
0
LINE
8
BLACK
6
CONTINUOUS
10
6.176580236220472
20
-3.8781421259842519
11
6.176800826771653
21
-3.878748188976378
0
LINE
8
BLACK
6
CONTINUOUS
10
6.176800826771653
20
-3.878748188976378
11
6.1771706692913382
21
-3.8792767322834645
0
LINE
8
BLACK
6
CONTINUOUS
10
6.1771706692913382
20
-3.8792767322834645
11
6.1771361811023624
21
-3.8796695275590549
0
LINE
8
BLACK
6
CONTINUOUS
10
6.1771361811023624
20
-3.8796695275590549
11
6.1772710629921255
21
-3.880040118110236
0
LINE
8
BLACK
6
CONTINUOUS
10
6.1772710629921255
20
-3.880040118110236
11
6.1772710629921255
21
-3.9194101968503938
0
LINE
8
BLACK
6
CONTINUOUS
10
6.1772710629921255
20
-3.9194101968503938
11
6.1770929921259841
21
-3.9204201181102363
0
LINE
8
BLACK
6
CONTINUOUS
10
6.1770929921259841
20
-3.9204201181102363
11
6.1757946850393699
21
-3.9219673622047244
0
LINE
8
BLACK
6
CONTINUOUS
10
6.1757946850393699
20
-3.9219673622047244
11
6.1738055511811023
21
-3.9223181102362203
0
LINE
8
BLACK
6
CONTINUOUS
10
6.1738055511811023
20
-3.9223181102362203
11
6.1720563779527557
21
-3.9213081889763779
0
LINE
8
BLACK
6
CONTINUOUS
10
6.1720563779527557
20
-3.9213081889763779
11
6.1713655511811023
21
-3.9194101968503938
0
LINE
8
BLACK
6
CONTINUOUS
10
6.1713655511811023
20
-3.9194101968503938
11
6.1713655511811023
21
-3.8933498425196849
0
LINE
8
BLACK
6
CONTINUOUS
10
6.1713655511811023
20
-3.8933498425196849
11
6.1638707086614168
21
-3.9094102362204723
0
LINE
8
BLACK
6
CONTINUOUS
10
6.1638707086614168
20
-3.9094102362204723
11
6.1636480314960629
21
-3.9097279921259842
0
LINE
8
BLACK
6
CONTINUOUS
10
6.1636480314960629
20
-3.9097279921259842
11
6.163614212598425
21
-3.9098544881889761
0
LINE
8
BLACK
6
CONTINUOUS
10
6.163614212598425
20
-3.9098544881889761
11
6.1635066141732286
21
-3.9099298425196851
0
LINE
8
BLACK
6
CONTINUOUS
10
6.1635066141732286
20
-3.9099298425196851
11
6.1632822440944883
21
-3.9102501181102363
0
LINE
8
BLACK
6
CONTINUOUS
10
6.1632822440944883
20
-3.9102501181102363
11
6.1625876771653543
21
-3.9105737007874013
0
LINE
8
BLACK
6
CONTINUOUS
10
6.1625876771653543
20
-3.9105737007874013
11
6.1619600393700784
21
-3.9110135433070865
0
LINE
8
BLACK
6
CONTINUOUS
10
6.1619600393700784
20
-3.9110135433070865
11
6.1616937007874011
21
-3.9109902755905512
0
LINE
8
BLACK
6
CONTINUOUS
10
6.1616937007874011
20
-3.9109902755905512
11
6.1614514566929133
21
-3.9111031889763779
0
LINE
8
BLACK
6
CONTINUOUS
10
6.1614514566929133
20
-3.9111031889763779
11
6.1607112204724412
21
-3.9109046062992125
0
LINE
8
BLACK
6
CONTINUOUS
10
6.1607112204724412
20
-3.9109046062992125
11
6.1599478740157476
21
-3.9108380314960627
0
LINE
8
BLACK
6
CONTINUOUS
10
6.1599478740157476
20
-3.9108380314960627
11
6.1597588188976378
21
-3.9106490944881891
0
LINE
8
BLACK
6
CONTINUOUS
10
6.1597588188976378
20
-3.9106490944881891
11
6.1595005905511808
21
-3.9105798425196849
0
LINE
8
BLACK
6
CONTINUOUS
10
6.1595005905511808
20
-3.9105798425196849
11
6.1590611811023619
21
-3.9099519291338583
0
LINE
8
BLACK
6
CONTINUOUS
10
6.1590611811023619
20
-3.9099519291338583
11
6.1585192125984252
21
-3.9094102755905511
0
LINE
8
BLACK
6
CONTINUOUS
10
6.1585192125984252
20
-3.9094102755905511
11
6.1510243700787397
21
-3.8933498425196849
0
LINE
8
BLACK
6
CONTINUOUS
10
6.1510243700787397
20
-3.8933498425196849
11
6.1510243700787397
21
-3.9194101968503938
0
LINE
8
BLACK
6
CONTINUOUS
10
6.1510243700787397
20
-3.9194101968503938
11
6.1508462992125983
21
-3.9204201181102363
0
LINE
8
BLACK
6
CONTINUOUS
10
6.1508462992125983
20
-3.9204201181102363
11
6.1495479921259841
21
-3.9219673622047244
0
LINE
8
BLACK
6
CONTINUOUS
10
6.1495479921259841
20
-3.9219673622047244
11
6.1475588582677165
21
-3.9223181102362203
0
LINE
8
BLACK
6
CONTINUOUS
10
6.1475588582677165
20
-3.9223181102362203
11
6.14580968503937
21
-3.9213081889763779
0
LINE
8
BLACK
6
CONTINUOUS
10
6.14580968503937
20
-3.9213081889763779
11
6.1451188582677165
21
-3.9194101968503938
0
LINE
8
BLACK
6
CONTINUOUS
10
6.1451188582677165
20
-3.9194101968503938
11
6.1451188582677165
21
-3.880040118110236
0
LINE
8
BLACK
6
CONTINUOUS
10
6.1451188582677165
20
-3.880040118110236
11
6.1452969291338579
21
-3.8790301968503935
0
LINE
8
BLACK
6
CONTINUOUS
10
6.1452969291338579
20
-3.8790301968503935
11
6.1455503937007876
21
-3.8787280708661416
0
LINE
8
BLACK
6
CONTINUOUS
10
6.1455503937007876
20
-3.8787280708661416
11
6.1456523622047241
21
-3.8783472047244092
0
LINE
8
BLACK
6
CONTINUOUS
10
6.1456523622047241
20
-3.8783472047244092
11
6.1461805905511806
21
-3.8779770472440944
0
LINE
8
BLACK
6
CONTINUOUS
10
6.1461805905511806
20
-3.8779770472440944
11
6.1465952362204721
21
-3.8774829527559054
0
LINE
8
BLACK
6
CONTINUOUS
10
6.1465952362204721
20
-3.8774829527559054
11
6.1469835433070861
21
-3.8774144488188975
0
LINE
8
BLACK
6
CONTINUOUS
10
6.1469835433070861
20
-3.8774144488188975
11
6.1473065354330707
21
-3.877188188976378
0
LINE
8
BLACK
6
CONTINUOUS
10
6.1473065354330707
20
-3.877188188976378
11
6.1479490944881885
21
-3.8772442125984252
0
LINE
8
BLACK
6
CONTINUOUS
10
6.1479490944881885
20
-3.8772442125984252
11
6.1485843700787397
21
-3.8771322047244094
0
LINE
8
BLACK
6
CONTINUOUS
10
6.1485843700787397
20
-3.8771322047244094
11
6.1489259055118106
21
-3.8773293700787401
0
LINE
8
BLACK
6
CONTINUOUS
10
6.1489259055118106
20
-3.8773293700787401
11
6.1493187007874015
21
-3.8773636614173226
0
LINE
8
BLACK
6
CONTINUOUS
10
6.1493187007874015
20
-3.8773636614173226
11
6.1497748818897637
21
-3.877819566929134
0
LINE
8
BLACK
6
CONTINUOUS
10
6.1497748818897637
20
-3.877819566929134
11
6.1503335433070863
21
-3.8781421259842519
0
LINE
8
BLACK
6
CONTINUOUS
10
6.1503335433070863
20
-3.8781421259842519
11
6.1504683858267715
21
-3.8785126771653542
0
LINE
8
BLACK
6
CONTINUOUS
10
6.1504683858267715
20
-3.8785126771653542
11
6.150747362204724
21
-3.8787914566929134
0
LINE
8
BLACK
6
CONTINUOUS
10
6.150747362204724
20
-3.8787914566929134
11
6.1611949212598427
21
-3.9011791338582675
0
LINE
8
BLACK
6
CONTINUOUS
10
6.1611949212598427
20
-3.9011791338582675
11
6.171642559055118
21
-3.8787914173228346
0
LINE
8
BLACK
6
CONTINUOUS
10
6.171642559055118
20
-3.8787914173228346
11
6.1722310236220475
21
-3.8779515748031494
0
LINE
8
BLACK
6
CONTINUOUS
10
6.1722310236220475
20
-3.8779515748031494
11
6.1725884251968504
21
-3.8777849999999998
0
LINE
8
BLACK
6
CONTINUOUS
10
6.1725884251968504
20
-3.8777849999999998
11
6.1728419291338579
21
-3.8774829527559054
0
LINE
8
BLACK
6
CONTINUOUS
10
6.1728419291338579
20
-3.8774829527559054
11
6.1734771259842516
21
-3.8773709055118109
0
LINE
8
BLACK
6
CONTINUOUS
10
6.1734771259842516
20
-3.8773709055118109
11
6.1740618503937004
21
-3.8770985039370078
0
LINE
8
BLACK
6
CONTINUOUS
10
6.1740618503937004
20
-3.8770985039370078
11
6.1744427165354328
21
-3.8772006692913386
0
LINE
8
BLACK
6
CONTINUOUS
10
6.217825078740157
20
-3.8781421259842519
11
6.2185159055118113
21
-3.880040118110236
0
LINE
8
BLACK
6
CONTINUOUS
10
6.2185159055118113
20
-3.880040118110236
11
6.2185159055118113
21
-3.9194101968503938
0
LINE
8
BLACK
6
CONTINUOUS
10
6.2185159055118113
20
-3.9194101968503938
11
6.218337834645669
21
-3.9204201181102363
0
LINE
8
BLACK
6
CONTINUOUS
10
6.218337834645669
20
-3.9204201181102363
11
6.2170395275590549
21
-3.9219673622047244
0
LINE
8
BLACK
6
CONTINUOUS
10
6.2170395275590549
20
-3.9219673622047244
11
6.2150503937007873
21
-3.9223181102362203
0
LINE
8
BLACK
6
CONTINUOUS
10
6.2150503937007873
20
-3.9223181102362203
11
6.2133012204724407
21
-3.9213081889763779
0
LINE
8
BLACK
6
CONTINUOUS
10
6.2133012204724407
20
-3.9213081889763779
11
6.2126103937007873
21
-3.9194101968503938
0
LINE
8
BLACK
6
CONTINUOUS
10
6.2126103937007873
20
-3.9194101968503938
11
6.2126103937007873
21
-3.9017405118110235
0
LINE
8
BLACK
6
CONTINUOUS
10
6.2126103937007873
20
-3.9017405118110235
11
6.1960187401574798
21
-3.9017405118110235
0
LINE
8
BLACK
6
CONTINUOUS
10
6.1960187401574798
20
-3.9017405118110235
11
6.1960187401574798
21
-3.9194101968503938
0
LINE
8
BLACK
6
CONTINUOUS
10
6.1960187401574798
20
-3.9194101968503938
11
6.1958406692913384
21
-3.9204201181102363
0
LINE
8
BLACK
6
CONTINUOUS
10
6.1958406692913384
20
-3.9204201181102363
11
6.1945423622047242
21
-3.9219673622047244
0
LINE
8
BLACK
6
CONTINUOUS
10
6.1945423622047242
20
-3.9219673622047244
11
6.1925532283464566
21
-3.9223181102362203
0
LINE
8
BLACK
6
CONTINUOUS
10
6.1925532283464566
20
-3.9223181102362203
11
6.19080405511811
21
-3.9213081889763779
0
LINE
8
BLACK
6
CONTINUOUS
10
6.19080405511811
20
-3.9213081889763779
11
6.1901132283464566
21
-3.9194101968503938
0
LINE
8
BLACK
6
CONTINUOUS
10
6.1901132283464566
20
-3.9194101968503938
11
6.1901132283464566
21
-3.880040118110236
0
LINE
8
BLACK
6
CONTINUOUS
10
6.1901132283464566
20
-3.880040118110236
11
6.190291299212598
21
-3.8790301968503935
0
LINE
8
BLACK
6
CONTINUOUS
10
6.190291299212598
20
-3.8790301968503935
11
6.1915896062992122
21
-3.8774829527559054
0
LINE
8
BLACK
6
CONTINUOUS
10
6.1915896062992122
20
-3.8774829527559054
11
6.1935787401574798
21
-3.8771322047244094
0
LINE
8
BLACK
6
CONTINUOUS
10
6.1935787401574798
20
-3.8771322047244094
11
6.1953279133858263
21
-3.8781421259842519
0
LINE
8
BLACK
6
CONTINUOUS
10
6.1953279133858263
20
-3.8781421259842519
11
6.1960187401574798
21
-3.880040118110236
0
LINE
8
BLACK
6
CONTINUOUS
10
6.1960187401574798
20
-3.880040118110236
11
6.1960187401574798
21
-3.8958349999999999
0
LINE
8
BLACK
6
CONTINUOUS
10
6.1960187401574798
20
-3.8958349999999999
11
6.2126103937007873
21
-3.8958349999999999
0
LINE
8
BLACK
6
CONTINUOUS
10
6.2126103937007873
20
-3.8958349999999999
11
6.2126103937007873
21
-3.880040118110236
0
LINE
8
BLACK
6
CONTINUOUS
10
6.2126103937007873
20
-3.880040118110236
11
6.2127884645669287
21
-3.8790301968503935
0
LINE
8
BLACK
6
CONTINUOUS
10
6.2127884645669287
20
-3.8790301968503935
11
6.2140867716535428
21
-3.8774829527559054
0
LINE
8
BLACK
6
CONTINUOUS
10
6.2140867716535428
20
-3.8774829527559054
11
6.2160759055118104
21
-3.8771322047244094
0
LINE
8
BLACK
6
CONTINUOUS
10
6.2160759055118104
20
-3.8771322047244094
11
6.217825078740157
21
-3.8781421259842519
0
LINE
8
BLACK
6
CONTINUOUS
10
5.3325220866141727
20
-3.8763775196850392
11
5.3334196456692915
21
-3.8765127165354332
0
LINE
8
BLACK
6
CONTINUOUS
10
5.3334196456692915
20
-3.8765127165354332
11
5.3382940157480316
21
-3.8789498818897639
0
LINE
8
BLACK
6
CONTINUOUS
10
5.3382940157480316
20
-3.8789498818897639
11
5.3387486220472438
21
-3.8793976377952757
0
LINE
8
BLACK
6
CONTINUOUS
10
5.3387486220472438
20
-3.8793976377952757
11
5.339317244094488
21
-3.8796873622047241
0
LINE
8
BLACK
6
CONTINUOUS
10
5.339317244094488
20
-3.8796873622047241
11
5.3417544488188975
21
-3.882124566929134
0
LINE
8
BLACK
6
CONTINUOUS
10
5.3417544488188975
20
-3.882124566929134
11
5.3420441338582672
21
-3.8826931496062991
0
LINE
8
BLACK
6
CONTINUOUS
10
5.3420441338582672
20
-3.8826931496062991
11
5.3424919291338577
21
-3.8831477952755904
0
LINE
8
BLACK
6
CONTINUOUS
10
5.3424919291338577
20
-3.8831477952755904
11
5.3449291338582672
21
-3.8880222047244093
0
LINE
8
BLACK
6
CONTINUOUS
10
5.3449291338582672
20
-3.8880222047244093
11
5.3450642913385824
21
-3.8889197244094489
0
LINE
8
BLACK
6
CONTINUOUS
10
5.3450642913385824
20
-3.8889197244094489
11
5.3452785433070868
21
-3.8895791338582675
0
LINE
8
BLACK
6
CONTINUOUS
10
5.3452785433070868
20
-3.8895791338582675
11
5.363521968503937
21
-3.876808779527559
0
LINE
8
BLACK
6
CONTINUOUS
10
5.363521968503937
20
-3.876808779527559
11
5.3658489370078737
21
-3.8760976771653541
0
LINE
8
BLACK
6
CONTINUOUS
10
5.3658489370078737
20
-3.8760976771653541
11
5.3681494881889762
21
-3.8768901968503937
0
LINE
8
BLACK
6
CONTINUOUS
10
5.3681494881889762
20
-3.8768901968503937
11
5.3695448425196846
21
-3.8788835433070865
0
LINE
8
BLACK
6
CONTINUOUS
10
5.3695448425196846
20
-3.8788835433070865
11
5.3695020472440946
21
-3.8813163779527557
0
LINE
8
BLACK
6
CONTINUOUS
10
5.3695020472440946
20
-3.8813163779527557
11
5.3680374015748029
21
-3.8832594094488186
0
LINE
8
BLACK
6
CONTINUOUS
10
5.3680374015748029
20
-3.8832594094488186
11
5.3453447637795275
21
-3.899144251968504
0
LINE
8
BLACK
6
CONTINUOUS
10
5.3453447637795275
20
-3.899144251968504
11
5.3453447637795275
21
-3.9053434251968504
0
LINE
8
BLACK
6
CONTINUOUS
10
5.3453447637795275
20
-3.9053434251968504
11
5.36577968503937
21
-3.9053434251968504
0
LINE
8
BLACK
6
CONTINUOUS
10
5.36577968503937
20
-3.9053434251968504
11
5.3680938188976377
21
-3.9060953149606297
0
LINE
8
BLACK
6
CONTINUOUS
10
5.3680938188976377
20
-3.9060953149606297
11
5.3695240157480315
21
-3.9080638188976375
0
LINE
8
BLACK
6
CONTINUOUS
10
5.3695240157480315
20
-3.9080638188976375
11
5.3695240157480315
21
-3.9104970472440943
0
LINE
8
BLACK
6
CONTINUOUS
10
5.3695240157480315
20
-3.9104970472440943
11
5.3680938188976377
21
-3.9124655511811022
0
LINE
8
BLACK
6
CONTINUOUS
10
5.3680938188976377
20
-3.9124655511811022
11
5.36577968503937
21
-3.9132174409448819
0
LINE
8
BLACK
6
CONTINUOUS
10
5.36577968503937
20
-3.9132174409448819
11
5.3145985826771653
21
-3.9132174409448819
0
LINE
8
BLACK
6
CONTINUOUS
10
5.3145985826771653
20
-3.9132174409448819
11
5.3140055511811024
21
-3.9130247637795277
0
LINE
8
BLACK
6
CONTINUOUS
10
5.3140055511811024
20
-3.9130247637795277
11
5.3133819685039372
21
-3.9130247637795277
0
LINE
8
BLACK
6
CONTINUOUS
10
5.3133819685039372
20
-3.9130247637795277
11
5.3128774803149605
21
-3.9126582283464568
0
LINE
8
BLACK
6
CONTINUOUS
10
5.3128774803149605
20
-3.9126582283464568
11
5.3122844488188976
21
-3.9124655511811022
0
LINE
8
BLACK
6
CONTINUOUS
10
5.3122844488188976
20
-3.9124655511811022
11
5.3119179133858268
21
-3.911961062992126
0
LINE
8
BLACK
6
CONTINUOUS
10
5.3119179133858268
20
-3.911961062992126
11
5.3114134645669289
21
-3.9115945669291339
0
LINE
8
BLACK
6
CONTINUOUS
10
5.3114134645669289
20
-3.9115945669291339
11
5.3112207480314959
21
-3.9110014960629922
0
LINE
8
BLACK
6
CONTINUOUS
10
5.3112207480314959
20
-3.9110014960629922
11
5.3108542519685038
21
-3.9104970472440943
0
LINE
8
BLACK
6
CONTINUOUS
10
5.3108542519685038
20
-3.9104970472440943
11
5.3108542519685038
21
-3.9098734251968503
0
LINE
8
BLACK
6
CONTINUOUS
10
5.3108542519685038
20
-3.9098734251968503
11
5.3106615748031496
21
-3.9092804330708661
0
LINE
8
BLACK
6
CONTINUOUS
10
5.3106615748031496
20
-3.9092804330708661
11
5.3106615748031496
21
-3.8897828740157481
0
LINE
8
BLACK
6
CONTINUOUS
10
5.3106615748031496
20
-3.8897828740157481
11
5.3109420078740159
21
-3.8889197244094489
0
LINE
8
BLACK
6
CONTINUOUS
10
5.3109420078740159
20
-3.8889197244094489
11
5.311077204724409
21
-3.8880222047244093
0
LINE
8
BLACK
6
CONTINUOUS
10
5.311077204724409
20
-3.8880222047244093
11
5.3135144094488185
21
-3.8831477559055116
0
LINE
8
BLACK
6
CONTINUOUS
10
5.3135144094488185
20
-3.8831477559055116
11
5.3139622047244091
21
-3.8826931102362203
0
LINE
8
BLACK
6
CONTINUOUS
10
5.3139622047244091
20
-3.8826931102362203
11
5.3142518897637796
21
-3.882124566929134
0
LINE
8
BLACK
6
CONTINUOUS
10
5.3142518897637796
20
-3.882124566929134
11
5.316689094488189
21
-3.8796873622047241
0
LINE
8
BLACK
6
CONTINUOUS
10
5.316689094488189
20
-3.8796873622047241
11
5.3172576771653546
21
-3.8793976377952757
0
LINE
8
BLACK
6
CONTINUOUS
10
5.3172576771653546
20
-3.8793976377952757
11
5.3177123228346455
21
-3.8789498818897639
0
LINE
8
BLACK
6
CONTINUOUS
10
5.3177123228346455
20
-3.8789498818897639
11
5.3225866929133856
21
-3.8765127165354332
0
LINE
8
BLACK
6
CONTINUOUS
10
5.3225866929133856
20
-3.8765127165354332
11
5.3234841338582672
21
-3.8763775196850392
0
LINE
8
BLACK
6
CONTINUOUS
10
5.3234841338582672
20
-3.8763775196850392
11
5.3243473622047244
21
-3.8760970866141733
0
LINE
8
BLACK
6
CONTINUOUS
10
5.3243473622047244
20
-3.8760970866141733
11
5.3316589763779527
21
-3.8760970866141733
0
LINE
8
BLACK
6
CONTINUOUS
10
5.3316589763779527
20
-3.8760970866141733
11
5.3325220866141727
21
-3.8763775196850392
0
LINE
8
BLACK
6
CONTINUOUS
10
5.3218051181102357
20
-3.8857068897637794
11
5.3202714173228349
21
-3.8872406299212598
0
LINE
8
BLACK
6
CONTINUOUS
10
5.3202714173228349
20
-3.8872406299212598
11
5.3185355905511811
21
-3.8907122834645667
0
LINE
8
BLACK
6
CONTINUOUS
10
5.3185355905511811
20
-3.8907122834645667
11
5.3185355905511811
21
-3.9053434251968504
0
LINE
8
BLACK
6
CONTINUOUS
10
5.3185355905511811
20
-3.9053434251968504
11
5.337470748031496
21
-3.9053434251968504
0
LINE
8
BLACK
6
CONTINUOUS
10
5.337470748031496
20
-3.9053434251968504
11
5.337470748031496
21
-3.8907122834645667
0
LINE
8
BLACK
6
CONTINUOUS
10
5.337470748031496
20
-3.8907122834645667
11
5.3357348818897634
21
-3.8872405905511811
0
LINE
8
BLACK
6
CONTINUOUS
10
5.3357348818897634
20
-3.8872405905511811
11
5.3342011811023617
21
-3.8857068897637794
0
LINE
8
BLACK
6
CONTINUOUS
10
5.3342011811023617
20
-3.8857068897637794
11
5.3307295669291337
21
-3.8839711023622048
0
LINE
8
BLACK
6
CONTINUOUS
10
5.3307295669291337
20
-3.8839711023622048
11
5.3252767716535434
21
-3.8839711023622048
0
LINE
8
BLACK
6
CONTINUOUS
10
5.3252767716535434
20
-3.8839711023622048
11
5.3218051181102357
21
-3.8857068897637794
0
LINE
8
BLACK
6
CONTINUOUS
10
5.3941821259842522
20
-3.8274635433070867
11
5.394874015748031
21
-3.8291338582677166
0
LINE
8
BLACK
6
CONTINUOUS
10
5.394874015748031
20
-3.8291338582677166
11
5.394874015748031
21
-3.9078740157480314
0
LINE
8
BLACK
6
CONTINUOUS
10
5.394874015748031
20
-3.9078740157480314
11
5.3941821259842522
21
-3.9095443307086613
0
LINE
8
BLACK
6
CONTINUOUS
10
5.3941821259842522
20
-3.9095443307086613
11
5.3925118110236223
21
-3.910236220472441
0
LINE
8
BLACK
6
CONTINUOUS
10
5.3925118110236223
20
-3.910236220472441
11
5.3908414960629916
21
-3.9095443307086613
0
LINE
8
BLACK
6
CONTINUOUS
10
5.3908414960629916
20
-3.9095443307086613
11
5.3901496062992127
21
-3.9078740157480314
0
LINE
8
BLACK
6
CONTINUOUS
10
5.3901496062992127
20
-3.9078740157480314
11
5.3901496062992127
21
-3.8291338582677166
0
LINE
8
BLACK
6
CONTINUOUS
10
5.3901496062992127
20
-3.8291338582677166
11
5.3908414960629916
21
-3.8274635433070867
0
LINE
8
BLACK
6
CONTINUOUS
10
5.3908414960629916
20
-3.8274635433070867
11
5.3925118110236223
21
-3.826771653543307
0
LINE
8
BLACK
6
CONTINUOUS
10
5.3925118110236223
20
-3.826771653543307
11
5.3941821259842522
21
-3.8274635433070867
0
LINE
8
BLACK
6
CONTINUOUS
10
6.7701821259842516
20
-3.8274635433070867
11
6.7708740157480314
21
-3.8291338582677166
0
LINE
8
BLACK
6
CONTINUOUS
10
6.7708740157480314
20
-3.8291338582677166
11
6.7708740157480314
21
-3.9078740157480314
0
LINE
8
BLACK
6
CONTINUOUS
10
6.7708740157480314
20
-3.9078740157480314
11
6.7701821259842516
21
-3.9095443307086613
0
LINE
8
BLACK
6
CONTINUOUS
10
6.7701821259842516
20
-3.9095443307086613
11
6.7685118110236218
21
-3.910236220472441
0
LINE
8
BLACK
6
CONTINUOUS
10
6.7685118110236218
20
-3.910236220472441
11
6.7668414960629919
21
-3.9095443307086613
0
LINE
8
BLACK
6
CONTINUOUS
10
6.7668414960629919
20
-3.9095443307086613
11
6.7661496062992121
21
-3.9078740157480314
0
LINE
8
BLACK
6
CONTINUOUS
10
6.7661496062992121
20
-3.9078740157480314
11
6.7661496062992121
21
-3.8291338582677166
0
LINE
8
BLACK
6
CONTINUOUS
10
6.7661496062992121
20
-3.8291338582677166
11
6.7668414960629919
21
-3.8274635433070867
0
LINE
8
BLACK
6
CONTINUOUS
10
6.7668414960629919
20
-3.8274635433070867
11
6.7685118110236218
21
-3.826771653543307
0
LINE
8
BLACK
6
CONTINUOUS
10
6.7685118110236218
20
-3.826771653543307
11
6.7701821259842516
21
-3.8274635433070867
0
LINE
8
BLACK
6
CONTINUOUS
10
6.8003452755905514
20
-3.8502003543307084
11
6.8661495275590552
21
-3.8940698818897639
0
LINE
8
BLACK
6
CONTINUOUS
10
6.8661495275590552
20
-3.8940698818897639
11
6.8676579527559056
21
-3.8959791338582677
0
LINE
8
BLACK
6
CONTINUOUS
10
6.8676579527559056
20
-3.8959791338582677
11
6.8677559842519686
21
-3.8984103543307085
0
LINE
8
BLACK
6
CONTINUOUS
10
6.8677559842519686
20
-3.8984103543307085
11
6.8664062992125983
21
-3.9004349212598424
0
LINE
8
BLACK
6
CONTINUOUS
10
6.8664062992125983
20
-3.9004349212598424
11
6.8641243700787404
21
-3.9012794881889761
0
LINE
8
BLACK
6
CONTINUOUS
10
6.8641243700787404
20
-3.9012794881889761
11
6.8617818110236222
21
-3.9006214566929134
0
LINE
8
BLACK
6
CONTINUOUS
10
6.8617818110236222
20
-3.9006214566929134
11
6.7959775590551184
21
-3.8567519291338583
0
LINE
8
BLACK
6
CONTINUOUS
10
6.7959775590551184
20
-3.8567519291338583
11
6.7944691732283466
21
-3.8548426771653541
0
LINE
8
BLACK
6
CONTINUOUS
10
6.7944691732283466
20
-3.8548426771653541
11
6.7943711023622049
21
-3.8524114566929133
0
LINE
8
BLACK
6
CONTINUOUS
10
6.7943711023622049
20
-3.8524114566929133
11
6.7957207874015744
21
-3.8503868897637794
0
LINE
8
BLACK
6
CONTINUOUS
10
6.7957207874015744
20
-3.8503868897637794
11
6.7980027165354331
21
-3.8495423228346457
0
LINE
8
BLACK
6
CONTINUOUS
10
6.7980027165354331
20
-3.8495423228346457
11
6.8003452755905514
21
-3.8502003543307084
0
LINE
8
BLACK
6
CONTINUOUS
10
5.36822031496063
20
-3.8257637401574804
11
5.3695699999999995
21
-3.8277883070866139
0
LINE
8
BLACK
6
CONTINUOUS
10
5.3695699999999995
20
-3.8277883070866139
11
5.3694719291338577
21
-3.8302195275590551
0
LINE
8
BLACK
6
CONTINUOUS
10
5.3694719291338577
20
-3.8302195275590551
11
5.3679635433070869
21
-3.8321287795275589
0
LINE
8
BLACK
6
CONTINUOUS
10
5.3679635433070869
20
-3.8321287795275589
11
5.347286653543307
21
-3.845913346456693
0
LINE
8
BLACK
6
CONTINUOUS
10
5.347286653543307
20
-3.845913346456693
11
5.3679635433070869
21
-3.8596979133858267
0
LINE
8
BLACK
6
CONTINUOUS
10
5.3679635433070869
20
-3.8596979133858267
11
5.3694719291338577
21
-3.8616071653543305
0
LINE
8
BLACK
6
CONTINUOUS
10
5.3694719291338577
20
-3.8616071653543305
11
5.3695699999999995
21
-3.8640383858267717
0
LINE
8
BLACK
6
CONTINUOUS
10
5.3695699999999995
20
-3.8640383858267717
11
5.36822031496063
21
-3.8660629527559056
0
LINE
8
BLACK
6
CONTINUOUS
10
5.36822031496063
20
-3.8660629527559056
11
5.3659383858267713
21
-3.8669075196850393
0
LINE
8
BLACK
6
CONTINUOUS
10
5.3659383858267713
20
-3.8669075196850393
11
5.363595826771653
21
-3.8662494881889762
0
LINE
8
BLACK
6
CONTINUOUS
10
5.363595826771653
20
-3.8662494881889762
11
5.3401891338582672
21
-3.8506450000000001
0
LINE
8
BLACK
6
CONTINUOUS
10
5.3401891338582672
20
-3.8506450000000001
11
5.3167824409448814
21
-3.8662494881889762
0
LINE
8
BLACK
6
CONTINUOUS
10
5.3167824409448814
20
-3.8662494881889762
11
5.314439881889764
21
-3.8669075196850393
0
LINE
8
BLACK
6
CONTINUOUS
10
5.314439881889764
20
-3.8669075196850393
11
5.3121579527559053
21
-3.8660629527559056
0
LINE
8
BLACK
6
CONTINUOUS
10
5.3121579527559053
20
-3.8660629527559056
11
5.3108082677165349
21
-3.8640383858267717
0
LINE
8
BLACK
6
CONTINUOUS
10
5.3108082677165349
20
-3.8640383858267717
11
5.3109063385826767
21
-3.8616071653543305
0
LINE
8
BLACK
6
CONTINUOUS
10
5.3109063385826767
20
-3.8616071653543305
11
5.3124147244094484
21
-3.8596979133858267
0
LINE
8
BLACK
6
CONTINUOUS
10
5.3124147244094484
20
-3.8596979133858267
11
5.3330915748031495
21
-3.845913346456693
0
LINE
8
BLACK
6
CONTINUOUS
10
5.3330915748031495
20
-3.845913346456693
11
5.3124147244094484
21
-3.8321287795275589
0
LINE
8
BLACK
6
CONTINUOUS
10
5.3124147244094484
20
-3.8321287795275589
11
5.3109063385826767
21
-3.8302195275590551
0
LINE
8
BLACK
6
CONTINUOUS
10
5.3109063385826767
20
-3.8302195275590551
11
5.3108082677165349
21
-3.8277883070866139
0
LINE
8
BLACK
6
CONTINUOUS
10
5.3108082677165349
20
-3.8277883070866139
11
5.3121579527559053
21
-3.8257637401574804
0
LINE
8
BLACK
6
CONTINUOUS
10
5.3121579527559053
20
-3.8257637401574804
11
5.314439881889764
21
-3.8249191732283463
0
LINE
8
BLACK
6
CONTINUOUS
10
5.314439881889764
20
-3.8249191732283463
11
5.3167824409448814
21
-3.8255772047244094
0
LINE
8
BLACK
6
CONTINUOUS
10
5.3167824409448814
20
-3.8255772047244094
11
5.3401891338582672
21
-3.8411816535433072
0
LINE
8
BLACK
6
CONTINUOUS
10
5.3401891338582672
20
-3.8411816535433072
11
5.363595826771653
21
-3.8255772047244094
0
LINE
8
BLACK
6
CONTINUOUS
10
5.363595826771653
20
-3.8255772047244094
11
5.3659383858267713
21
-3.8249191732283463
0
LINE
8
BLACK
6
CONTINUOUS
10
5.3659383858267713
20
-3.8249191732283463
11
5.36822031496063
21
-3.8257637401574804
0
LINE
8
BLACK
6
CONTINUOUS
10
6.8037837007874016
20
-3.8121668897637795
11
6.8045355905511808
21
-3.8144810236220472
0
LINE
8
BLACK
6
CONTINUOUS
10
6.8045355905511808
20
-3.8144810236220472
11
6.8045355905511808
21
-3.8251671653543307
0
LINE
8
BLACK
6
CONTINUOUS
10
6.8045355905511808
20
-3.8251671653543307
11
6.8517796850393697
21
-3.8251671653543307
0
LINE
8
BLACK
6
CONTINUOUS
10
6.8517796850393697
20
-3.8251671653543307
11
6.8540938188976375
21
-3.8259190551181104
0
LINE
8
BLACK
6
CONTINUOUS
10
6.8540938188976375
20
-3.8259190551181104
11
6.8555240157480313
21
-3.8278875590551182
0
LINE
8
BLACK
6
CONTINUOUS
10
6.8555240157480313
20
-3.8278875590551182
11
6.8555240157480313
21
-3.8303207874015746
0
LINE
8
BLACK
6
CONTINUOUS
10
6.8555240157480313
20
-3.8303207874015746
11
6.8540938188976375
21
-3.8322892913385824
0
LINE
8
BLACK
6
CONTINUOUS
10
6.8540938188976375
20
-3.8322892913385824
11
6.8517796850393697
21
-3.8330411811023621
0
LINE
8
BLACK
6
CONTINUOUS
10
6.8517796850393697
20
-3.8330411811023621
11
6.8045355905511808
21
-3.8330411811023621
0
LINE
8
BLACK
6
CONTINUOUS
10
6.8045355905511808
20
-3.8330411811023621
11
6.8045355905511808
21
-3.8437273622047243
0
LINE
8
BLACK
6
CONTINUOUS
10
6.8045355905511808
20
-3.8437273622047243
11
6.8037837007874016
21
-3.8460414960629921
0
LINE
8
BLACK
6
CONTINUOUS
10
6.8037837007874016
20
-3.8460414960629921
11
6.8018151968503933
21
-3.8474716929133859
0
LINE
8
BLACK
6
CONTINUOUS
10
6.8018151968503933
20
-3.8474716929133859
11
6.7993819685039369
21
-3.8474716929133859
0
LINE
8
BLACK
6
CONTINUOUS
10
6.7993819685039369
20
-3.8474716929133859
11
6.7974134645669286
21
-3.8460414960629921
0
LINE
8
BLACK
6
CONTINUOUS
10
6.7974134645669286
20
-3.8460414960629921
11
6.7966615748031494
21
-3.8437273622047243
0
LINE
8
BLACK
6
CONTINUOUS
10
6.7966615748031494
20
-3.8437273622047243
11
6.7966615748031494
21
-3.8144810236220472
0
LINE
8
BLACK
6
CONTINUOUS
10
6.7966615748031494
20
-3.8144810236220472
11
6.7974134645669286
21
-3.8121668897637795
0
LINE
8
BLACK
6
CONTINUOUS
10
6.7974134645669286
20
-3.8121668897637795
11
6.7993819685039369
21
-3.8107366929133857
0
LINE
8
BLACK
6
CONTINUOUS
10
6.7993819685039369
20
-3.8107366929133857
11
6.8018151968503933
21
-3.8107366929133857
0
LINE
8
BLACK
6
CONTINUOUS
10
6.8018151968503933
20
-3.8107366929133857
11
6.8037837007874016
21
-3.8121668897637795
0
LINE
8
BLACK
6
CONTINUOUS
10
6.0197226771653538
20
-3.7992654330708659
11
6.0198579133858265
21
-3.7993788976377951
0
LINE
8
BLACK
6
CONTINUOUS
10
6.0198579133858265
20
-3.7993788976377951
11
6.0200332677165349
21
-3.799399094488189
0
LINE
8
BLACK
6
CONTINUOUS
10
6.0200332677165349
20
-3.799399094488189
11
6.02378279527559
21
-3.8012738582677166
0
LINE
8
BLACK
6
CONTINUOUS
10
6.02378279527559
20
-3.8012738582677166
11
6.0244918503937006
21
-3.8017997637795276
0
LINE
8
BLACK
6
CONTINUOUS
10
6.0244918503937006
20
-3.8017997637795276
11
6.0245501968503934
21
-3.8018269685039368
0
LINE
8
BLACK
6
CONTINUOUS
10
6.0245501968503934
20
-3.8018269685039368
11
6.0264249606299209
21
-3.8037017322834643
0
LINE
8
BLACK
6
CONTINUOUS
10
6.0264249606299209
20
-3.8037017322834643
11
6.0269312204724406
21
-3.8044248031496064
0
LINE
8
BLACK
6
CONTINUOUS
10
6.0269312204724406
20
-3.8044248031496064
11
6.026978070866142
21
-3.8044691338582677
0
LINE
8
BLACK
6
CONTINUOUS
10
6.026978070866142
20
-3.8044691338582677
11
6.0288528346456696
21
-3.8082186614173228
0
LINE
8
BLACK
6
CONTINUOUS
10
6.0288528346456696
20
-3.8082186614173228
11
6.0291451968503935
21
-3.8092015748031494
0
LINE
8
BLACK
6
CONTINUOUS
10
6.0291451968503935
20
-3.8092015748031494
11
6.0291041732283466
21
-3.8093732677165355
0
LINE
8
BLACK
6
CONTINUOUS
10
6.0291041732283466
20
-3.8093732677165355
11
6.0291645669291336
21
-3.8095391732283463
0
LINE
8
BLACK
6
CONTINUOUS
10
6.0291645669291336
20
-3.8095391732283463
11
6.0291645669291336
21
-3.8114139370078739
0
LINE
8
BLACK
6
CONTINUOUS
10
6.0291645669291336
20
-3.8114139370078739
11
6.0289864960629922
21
-3.8124238582677163
0
LINE
8
BLACK
6
CONTINUOUS
10
6.0289864960629922
20
-3.8124238582677163
11
6.0288729921259838
21
-3.8125590944881891
0
LINE
8
BLACK
6
CONTINUOUS
10
6.0288729921259838
20
-3.8125590944881891
11
6.0288528346456696
21
-3.8127344488188974
0
LINE
8
BLACK
6
CONTINUOUS
10
6.0288528346456696
20
-3.8127344488188974
11
6.026978070866142
21
-3.8164839763779526
0
LINE
8
BLACK
6
CONTINUOUS
10
6.026978070866142
20
-3.8164839763779526
11
6.0264521653543301
21
-3.8171930314960627
0
LINE
8
BLACK
6
CONTINUOUS
10
6.0264521653543301
20
-3.8171930314960627
11
6.0264249606299209
21
-3.8172513779527559
0
LINE
8
BLACK
6
CONTINUOUS
10
6.0264249606299209
20
-3.8172513779527559
11
6.0247633464566928
21
-3.8189129921259841
0
LINE
8
BLACK
6
CONTINUOUS
10
6.0247633464566928
20
-3.8189129921259841
11
6.0264249606299209
21
-3.8205746062992123
0
LINE
8
BLACK
6
CONTINUOUS
10
6.0264249606299209
20
-3.8205746062992123
11
6.0269312204724406
21
-3.8212976771653544
0
LINE
8
BLACK
6
CONTINUOUS
10
6.0269312204724406
20
-3.8212976771653544
11
6.026978070866142
21
-3.8213420078740157
0
LINE
8
BLACK
6
CONTINUOUS
10
6.026978070866142
20
-3.8213420078740157
11
6.0288528346456696
21
-3.8250915354330708
0
LINE
8
BLACK
6
CONTINUOUS
10
6.0288528346456696
20
-3.8250915354330708
11
6.0291451968503935
21
-3.8260744488188974
0
LINE
8
BLACK
6
CONTINUOUS
10
6.0291451968503935
20
-3.8260744488188974
11
6.0291041732283466
21
-3.8262461417322835
0
LINE
8
BLACK
6
CONTINUOUS
10
6.0291041732283466
20
-3.8262461417322835
11
6.0291645669291336
21
-3.8264120472440943
0
LINE
8
BLACK
6
CONTINUOUS
10
6.0291645669291336
20
-3.8264120472440943
11
6.0291645669291336
21
-3.8339111023622046
0
LINE
8
BLACK
6
CONTINUOUS
10
6.0291645669291336
20
-3.8339111023622046
11
6.0289864960629922
21
-3.834921023622047
0
LINE
8
BLACK
6
CONTINUOUS
10
6.0289864960629922
20
-3.834921023622047
11
6.0288729921259838
21
-3.8350562598425197
0
LINE
8
BLACK
6
CONTINUOUS
10
6.0288729921259838
20
-3.8350562598425197
11
6.0288528346456696
21
-3.8352316141732281
0
LINE
8
BLACK
6
CONTINUOUS
10
6.0288528346456696
20
-3.8352316141732281
11
6.026978070866142
21
-3.8389811417322832
0
LINE
8
BLACK
6
CONTINUOUS
10
6.026978070866142
20
-3.8389811417322832
11
6.0264521259842514
21
-3.8396901968503938
0
LINE
8
BLACK
6
CONTINUOUS
10
6.0264521259842514
20
-3.8396901968503938
11
6.0264249606299209
21
-3.8397485433070866
0
LINE
8
BLACK
6
CONTINUOUS
10
6.0264249606299209
20
-3.8397485433070866
11
6.0245502362204721
21
-3.8416233070866141
0
LINE
8
BLACK
6
CONTINUOUS
10
6.0245502362204721
20
-3.8416233070866141
11
6.0238270472440947
21
-3.84212968503937
0
LINE
8
BLACK
6
CONTINUOUS
10
6.0238270472440947
20
-3.84212968503937
11
6.02378279527559
21
-3.8421764566929131
0
LINE
8
BLACK
6
CONTINUOUS
10
6.02378279527559
20
-3.8421764566929131
11
6.0200332677165349
21
-3.8440512204724411
0
LINE
8
BLACK
6
CONTINUOUS
10
6.0200332677165349
20
-3.8440512204724411
11
6.01905031496063
21
-3.8443435826771655
0
LINE
8
BLACK
6
CONTINUOUS
10
6.01905031496063
20
-3.8443435826771655
11
6.0188786220472439
21
-3.8443025590551181
0
LINE
8
BLACK
6
CONTINUOUS
10
6.0188786220472439
20
-3.8443025590551181
11
6.0187127559055114
21
-3.8443629527559056
0
LINE
8
BLACK
6
CONTINUOUS
10
6.0187127559055114
20
-3.8443629527559056
11
6.0112137007874011
21
-3.8443629527559056
0
LINE
8
BLACK
6
CONTINUOUS
10
6.0112137007874011
20
-3.8443629527559056
11
6.0102037795275587
21
-3.8441848818897637
0
LINE
8
BLACK
6
CONTINUOUS
10
6.0102037795275587
20
-3.8441848818897637
11
6.0100685039370081
21
-3.8440713779527558
0
LINE
8
BLACK
6
CONTINUOUS
10
6.0100685039370081
20
-3.8440713779527558
11
6.0098931889763776
21
-3.8440512204724411
0
LINE
8
BLACK
6
CONTINUOUS
10
6.0098931889763776
20
-3.8440512204724411
11
6.0061436614173225
21
-3.8421764566929131
0
LINE
8
BLACK
6
CONTINUOUS
10
6.0061436614173225
20
-3.8421764566929131
11
6.0054345275590553
21
-3.8416504724409446
0
LINE
8
BLACK
6
CONTINUOUS
10
6.0054345275590553
20
-3.8416504724409446
11
6.0053762204724412
21
-3.8416233070866141
0
LINE
8
BLACK
6
CONTINUOUS
10
6.0053762204724412
20
-3.8416233070866141
11
6.0035014566929137
21
-3.8397485039370078
0
LINE
8
BLACK
6
CONTINUOUS
10
6.0035014566929137
20
-3.8397485039370078
11
6.0029951574803144
21
-3.8390254330708662
0
LINE
8
BLACK
6
CONTINUOUS
10
6.0029951574803144
20
-3.8390254330708662
11
6.0029483858267714
21
-3.8389811417322832
0
LINE
8
BLACK
6
CONTINUOUS
10
6.0029483858267714
20
-3.8389811417322832
11
6.0010736220472438
21
-3.8352316141732281
0
LINE
8
BLACK
6
CONTINUOUS
10
6.0010736220472438
20
-3.8352316141732281
11
6.0007812598425199
21
-3.8342486614173228
0
LINE
8
BLACK
6
CONTINUOUS
10
6.0007812598425199
20
-3.8342486614173228
11
6.0008222440944881
21
-3.8340769685039371
0
LINE
8
BLACK
6
CONTINUOUS
10
6.0008222440944881
20
-3.8340769685039371
11
6.0007618897637798
21
-3.8339111023622046
0
LINE
8
BLACK
6
CONTINUOUS
10
6.0007618897637798
20
-3.8339111023622046
11
6.0007618897637798
21
-3.8264120472440943
0
LINE
8
BLACK
6
CONTINUOUS
10
6.0007618897637798
20
-3.8264120472440943
11
6.0009399606299212
21
-3.8254021259842519
0
LINE
8
BLACK
6
CONTINUOUS
10
6.0009399606299212
20
-3.8254021259842519
11
6.0010534251968499
21
-3.8252668503937008
0
LINE
8
BLACK
6
CONTINUOUS
10
6.0010534251968499
20
-3.8252668503937008
11
6.0010736220472438
21
-3.8250915354330708
0
LINE
8
BLACK
6
CONTINUOUS
10
6.0010736220472438
20
-3.8250915354330708
11
6.0029483858267714
21
-3.8213420078740157
0
LINE
8
BLACK
6
CONTINUOUS
10
6.0029483858267714
20
-3.8213420078740157
11
6.0034742913385823
21
-3.8206329133858268
0
LINE
8
BLACK
6
CONTINUOUS
10
6.0034742913385823
20
-3.8206329133858268
11
6.0035014960629915
21
-3.8205746062992123
0
LINE
8
BLACK
6
CONTINUOUS
10
6.0035014960629915
20
-3.8205746062992123
11
6.0051631102362206
21
-3.8189129921259841
0
LINE
8
BLACK
6
CONTINUOUS
10
6.0051631102362206
20
-3.8189129921259841
11
6.0035014960629915
21
-3.8172513779527559
0
LINE
8
BLACK
6
CONTINUOUS
10
6.0035014960629915
20
-3.8172513779527559
11
6.0029951968503932
21
-3.8165282677165355
0
LINE
8
BLACK
6
CONTINUOUS
10
6.0029951968503932
20
-3.8165282677165355
11
6.0029483858267714
21
-3.8164839763779526
0
LINE
8
BLACK
6
CONTINUOUS
10
6.0029483858267714
20
-3.8164839763779526
11
6.0010736220472438
21
-3.8127344488188974
0
LINE
8
BLACK
6
CONTINUOUS
10
6.0010736220472438
20
-3.8127344488188974
11
6.0007812598425199
21
-3.8117514960629921
0
LINE
8
BLACK
6
CONTINUOUS
10
6.0007812598425199
20
-3.8117514960629921
11
6.0008222440944881
21
-3.8115798031496064
0
LINE
8
BLACK
6
CONTINUOUS
10
6.0008222440944881
20
-3.8115798031496064
11
6.0007618897637798
21
-3.8114139370078739
0
LINE
8
BLACK
6
CONTINUOUS
10
6.0007618897637798
20
-3.8114139370078739
11
6.0007618897637798
21
-3.8095391732283463
0
LINE
8
BLACK
6
CONTINUOUS
10
6.0007618897637798
20
-3.8095391732283463
11
6.0009399606299212
21
-3.8085292519685039
0
LINE
8
BLACK
6
CONTINUOUS
10
6.0009399606299212
20
-3.8085292519685039
11
6.0010534251968499
21
-3.8083939763779528
0
LINE
8
BLACK
6
CONTINUOUS
10
6.0010534251968499
20
-3.8083939763779528
11
6.0010736220472438
21
-3.8082186614173228
0
LINE
8
BLACK
6
CONTINUOUS
10
6.0010736220472438
20
-3.8082186614173228
11
6.0029483858267714
21
-3.8044691338582677
0
LINE
8
BLACK
6
CONTINUOUS
10
6.0029483858267714
20
-3.8044691338582677
11
6.0034742913385823
21
-3.8037600393700788
0
LINE
8
BLACK
6
CONTINUOUS
10
6.0034742913385823
20
-3.8037600393700788
11
6.0035014960629915
21
-3.8037017322834643
0
LINE
8
BLACK
6
CONTINUOUS
10
6.0035014960629915
20
-3.8037017322834643
11
6.0053762598425191
21
-3.8018269685039368
0
LINE
8
BLACK
6
CONTINUOUS
10
6.0053762598425191
20
-3.8018269685039368
11
6.0060993307086612
21
-3.8013206692913384
0
LINE
8
BLACK
6
CONTINUOUS
10
6.0060993307086612
20
-3.8013206692913384
11
6.0061436614173225
21
-3.8012738582677166
0
LINE
8
BLACK
6
CONTINUOUS
10
6.0061436614173225
20
-3.8012738582677166
11
6.0098931889763776
21
-3.799399094488189
0
LINE
8
BLACK
6
CONTINUOUS
10
6.0098931889763776
20
-3.799399094488189
11
6.0108761023622046
21
-3.7991067322834646
0
LINE
8
BLACK
6
CONTINUOUS
10
6.0108761023622046
20
-3.7991067322834646
11
6.0110477952755907
21
-3.7991477165354328
0
LINE
8
BLACK
6
CONTINUOUS
10
6.0110477952755907
20
-3.7991477165354328
11
6.0112137007874011
21
-3.7990873622047245
0
LINE
8
BLACK
6
CONTINUOUS
10
6.0112137007874011
20
-3.7990873622047245
11
6.0187127559055114
21
-3.7990873622047245
0
LINE
8
BLACK
6
CONTINUOUS
10
6.0187127559055114
20
-3.7990873622047245
11
6.0197226771653538
21
-3.7992654330708659
0
LINE
8
BLACK
6
CONTINUOUS
10
6.0092132677165351
20
-3.8232144881889765
11
6.0080161417322833
21
-3.8244116141732283
0
LINE
8
BLACK
6
CONTINUOUS
10
6.0080161417322833
20
-3.8244116141732283
11
6.0066674015748029
21
-3.8271090944881889
0
LINE
8
BLACK
6
CONTINUOUS
10
6.0066674015748029
20
-3.8271090944881889
11
6.0066674015748029
21
-3.83321405511811
0
LINE
8
BLACK
6
CONTINUOUS
10
6.0066674015748029
20
-3.83321405511811
11
6.0080161417322833
21
-3.8359115354330706
0
LINE
8
BLACK
6
CONTINUOUS
10
6.0080161417322833
20
-3.8359115354330706
11
6.0092132677165351
21
-3.8371087007874016
0
LINE
8
BLACK
6
CONTINUOUS
10
6.0092132677165351
20
-3.8371087007874016
11
6.0119107480314957
21
-3.8384574409448819
0
LINE
8
BLACK
6
CONTINUOUS
10
6.0119107480314957
20
-3.8384574409448819
11
6.0180157086614168
21
-3.8384574409448819
0
LINE
8
BLACK
6
CONTINUOUS
10
6.0180157086614168
20
-3.8384574409448819
11
6.0207131496062987
21
-3.8371087007874016
0
LINE
8
BLACK
6
CONTINUOUS
10
6.0207131496062987
20
-3.8371087007874016
11
6.0219102755905514
21
-3.8359115354330706
0
LINE
8
BLACK
6
CONTINUOUS
10
6.0219102755905514
20
-3.8359115354330706
11
6.0232590551181104
21
-3.83321405511811
0
LINE
8
BLACK
6
CONTINUOUS
10
6.0232590551181104
20
-3.83321405511811
11
6.0232590551181104
21
-3.8271090944881889
0
LINE
8
BLACK
6
CONTINUOUS
10
6.0232590551181104
20
-3.8271090944881889
11
6.0219103149606301
21
-3.8244116141732283
0
LINE
8
BLACK
6
CONTINUOUS
10
6.0219103149606301
20
-3.8244116141732283
11
6.0207131889763774
21
-3.8232144881889765
0
LINE
8
BLACK
6
CONTINUOUS
10
6.0207131889763774
20
-3.8232144881889765
11
6.0180157086614168
21
-3.8218657480314961
0
LINE
8
BLACK
6
CONTINUOUS
10
6.0180157086614168
20
-3.8218657480314961
11
6.0119107480314957
21
-3.8218657480314961
0
LINE
8
BLACK
6
CONTINUOUS
10
6.0119107480314957
20
-3.8218657480314961
11
6.0092132677165351
21
-3.8232144881889765
0
LINE
8
BLACK
6
CONTINUOUS
10
6.0092132677165351
20
-3.8063416141732285
11
6.0080161417322833
21
-3.8075387401574803
0
LINE
8
BLACK
6
CONTINUOUS
10
6.0080161417322833
20
-3.8075387401574803
11
6.0066674015748029
21
-3.8102362204724409
0
LINE
8
BLACK
6
CONTINUOUS
10
6.0066674015748029
20
-3.8102362204724409
11
6.0066674015748029
21
-3.8107168897637793
0
LINE
8
BLACK
6
CONTINUOUS
10
6.0066674015748029
20
-3.8107168897637793
11
6.0080161417322833
21
-3.81341437007874
0
LINE
8
BLACK
6
CONTINUOUS
10
6.0080161417322833
20
-3.81341437007874
11
6.0092132677165351
21
-3.8146114960629922
0
LINE
8
BLACK
6
CONTINUOUS
10
6.0092132677165351
20
-3.8146114960629922
11
6.0119107480314957
21
-3.8159602362204725
0
LINE
8
BLACK
6
CONTINUOUS
10
6.0119107480314957
20
-3.8159602362204725
11
6.0180157086614168
21
-3.8159602362204725
0
LINE
8
BLACK
6
CONTINUOUS
10
6.0180157086614168
20
-3.8159602362204725
11
6.0207131889763774
21
-3.8146114960629922
0
LINE
8
BLACK
6
CONTINUOUS
10
6.0207131889763774
20
-3.8146114960629922
11
6.0219103149606301
21
-3.81341437007874
0
LINE
8
BLACK
6
CONTINUOUS
10
6.0219103149606301
20
-3.81341437007874
11
6.0232590551181104
21
-3.8107168897637793
0
LINE
8
BLACK
6
CONTINUOUS
10
6.0232590551181104
20
-3.8107168897637793
11
6.0232590551181104
21
-3.8102362204724409
0
LINE
8
BLACK
6
CONTINUOUS
10
6.0232590551181104
20
-3.8102362204724409
11
6.0219103149606301
21
-3.8075387401574803
0
LINE
8
BLACK
6
CONTINUOUS
10
6.0219103149606301
20
-3.8075387401574803
11
6.0207131889763774
21
-3.8063416141732285
0
LINE
8
BLACK
6
CONTINUOUS
10
6.0207131889763774
20
-3.8063416141732285
11
6.0180157086614168
21
-3.8049928740157481
0
LINE
8
BLACK
6
CONTINUOUS
10
6.0180157086614168
20
-3.8049928740157481
11
6.0119107480314957
21
-3.8049928740157481
0
LINE
8
BLACK
6
CONTINUOUS
10
6.0119107480314957
20
-3.8049928740157481
11
6.0092132677165351
21
-3.8063416141732285
0
LINE
8
BLACK
6
CONTINUOUS
10
6.0609675196850397
20
-3.7992654330708659
11
6.0625147637795278
21
-3.8005637401574801
0
LINE
8
BLACK
6
CONTINUOUS
10
6.0625147637795278
20
-3.8005637401574801
11
6.0628655118110233
21
-3.8025528740157482
0
LINE
8
BLACK
6
CONTINUOUS
10
6.0628655118110233
20
-3.8025528740157482
11
6.0618555905511808
21
-3.8043020472440943
0
LINE
8
BLACK
6
CONTINUOUS
10
6.0618555905511808
20
-3.8043020472440943
11
6.0599575984251963
21
-3.8049928740157481
0
LINE
8
BLACK
6
CONTINUOUS
10
6.0599575984251963
20
-3.8049928740157481
11
6.0531555905511807
21
-3.8049928740157481
0
LINE
8
BLACK
6
CONTINUOUS
10
6.0531555905511807
20
-3.8049928740157481
11
6.05045811023622
21
-3.8063416141732285
0
LINE
8
BLACK
6
CONTINUOUS
10
6.05045811023622
20
-3.8063416141732285
11
6.0491288976377948
21
-3.8076707874015745
0
LINE
8
BLACK
6
CONTINUOUS
10
6.0491288976377948
20
-3.8076707874015745
11
6.0458252755905511
21
-3.8126262598425198
0
LINE
8
BLACK
6
CONTINUOUS
10
6.0458252755905511
20
-3.8126262598425198
11
6.0450959842519687
21
-3.8155434645669288
0
LINE
8
BLACK
6
CONTINUOUS
10
6.0450959842519687
20
-3.8155434645669288
11
6.0473885039370074
21
-3.8143972047244095
0
LINE
8
BLACK
6
CONTINUOUS
10
6.0473885039370074
20
-3.8143972047244095
11
6.0483714173228345
21
-3.8141048425196851
0
LINE
8
BLACK
6
CONTINUOUS
10
6.0483714173228345
20
-3.8141048425196851
11
6.0485431102362206
21
-3.8141458267716533
0
LINE
8
BLACK
6
CONTINUOUS
10
6.0485431102362206
20
-3.8141458267716533
11
6.048709015748031
21
-3.814085472440945
0
LINE
8
BLACK
6
CONTINUOUS
10
6.048709015748031
20
-3.814085472440945
11
6.0562080708661412
21
-3.814085472440945
0
LINE
8
BLACK
6
CONTINUOUS
10
6.0562080708661412
20
-3.814085472440945
11
6.0572179921259846
21
-3.8142635433070864
0
LINE
8
BLACK
6
CONTINUOUS
10
6.0572179921259846
20
-3.8142635433070864
11
6.0573532283464564
21
-3.8143770078740156
0
LINE
8
BLACK
6
CONTINUOUS
10
6.0573532283464564
20
-3.8143770078740156
11
6.0575285826771657
21
-3.8143972047244095
0
LINE
8
BLACK
6
CONTINUOUS
10
6.0575285826771657
20
-3.8143972047244095
11
6.0612781102362208
21
-3.816271968503937
0
LINE
8
BLACK
6
CONTINUOUS
10
6.0612781102362208
20
-3.816271968503937
11
6.0619871653543305
21
-3.816797874015748
0
LINE
8
BLACK
6
CONTINUOUS
10
6.0619871653543305
20
-3.816797874015748
11
6.0620455118110232
21
-3.8168250787401572
0
LINE
8
BLACK
6
CONTINUOUS
10
6.0620455118110232
20
-3.8168250787401572
11
6.0639202755905508
21
-3.8186998425196848
0
LINE
8
BLACK
6
CONTINUOUS
10
6.0639202755905508
20
-3.8186998425196848
11
6.0644265354330704
21
-3.8194229133858268
0
LINE
8
BLACK
6
CONTINUOUS
10
6.0644265354330704
20
-3.8194229133858268
11
6.0644733858267719
21
-3.8194672440944881
0
LINE
8
BLACK
6
CONTINUOUS
10
6.0644733858267719
20
-3.8194672440944881
11
6.0663481496062994
21
-3.8232167716535432
0
LINE
8
BLACK
6
CONTINUOUS
10
6.0663481496062994
20
-3.8232167716535432
11
6.0666405118110234
21
-3.8241996850393698
0
LINE
8
BLACK
6
CONTINUOUS
10
6.0666405118110234
20
-3.8241996850393698
11
6.0665994881889764
21
-3.8243713779527559
0
LINE
8
BLACK
6
CONTINUOUS
10
6.0665994881889764
20
-3.8243713779527559
11
6.0666598818897635
21
-3.8245372834645668
0
LINE
8
BLACK
6
CONTINUOUS
10
6.0666598818897635
20
-3.8245372834645668
11
6.0666598818897635
21
-3.8339111023622046
0
LINE
8
BLACK
6
CONTINUOUS
10
6.0666598818897635
20
-3.8339111023622046
11
6.0664818110236221
21
-3.834921023622047
0
LINE
8
BLACK
6
CONTINUOUS
10
6.0664818110236221
20
-3.834921023622047
11
6.0663683070866137
21
-3.8350562598425197
0
LINE
8
BLACK
6
CONTINUOUS
10
6.0663683070866137
20
-3.8350562598425197
11
6.0663481496062994
21
-3.8352316141732281
0
LINE
8
BLACK
6
CONTINUOUS
10
6.0663481496062994
20
-3.8352316141732281
11
6.0644733858267719
21
-3.8389811417322832
0
LINE
8
BLACK
6
CONTINUOUS
10
6.0644733858267719
20
-3.8389811417322832
11
6.0639474409448821
21
-3.8396901968503938
0
LINE
8
BLACK
6
CONTINUOUS
10
6.0639474409448821
20
-3.8396901968503938
11
6.0639202755905508
21
-3.8397485433070866
0
LINE
8
BLACK
6
CONTINUOUS
10
6.0639202755905508
20
-3.8397485433070866
11
6.062045551181102
21
-3.8416233070866141
0
LINE
8
BLACK
6
CONTINUOUS
10
6.062045551181102
20
-3.8416233070866141
11
6.0613223622047245
21
-3.84212968503937
0
LINE
8
BLACK
6
CONTINUOUS
10
6.0613223622047245
20
-3.84212968503937
11
6.0612781102362208
21
-3.8421764566929131
0
LINE
8
BLACK
6
CONTINUOUS
10
6.0612781102362208
20
-3.8421764566929131
11
6.0575285826771657
21
-3.8440512204724411
0
LINE
8
BLACK
6
CONTINUOUS
10
6.0575285826771657
20
-3.8440512204724411
11
6.0565456299212599
21
-3.8443435826771655
0
LINE
8
BLACK
6
CONTINUOUS
10
6.0565456299212599
20
-3.8443435826771655
11
6.0563739370078737
21
-3.8443025590551181
0
LINE
8
BLACK
6
CONTINUOUS
10
6.0563739370078737
20
-3.8443025590551181
11
6.0562080708661412
21
-3.8443629527559056
0
LINE
8
BLACK
6
CONTINUOUS
10
6.0562080708661412
20
-3.8443629527559056
11
6.048709015748031
21
-3.8443629527559056
0
LINE
8
BLACK
6
CONTINUOUS
10
6.048709015748031
20
-3.8443629527559056
11
6.0476990944881885
21
-3.8441848818897637
0
LINE
8
BLACK
6
CONTINUOUS
10
6.0476990944881885
20
-3.8441848818897637
11
6.0475638188976379
21
-3.8440713779527558
0
LINE
8
BLACK
6
CONTINUOUS
10
6.0475638188976379
20
-3.8440713779527558
11
6.0473885039370074
21
-3.8440512204724411
0
LINE
8
BLACK
6
CONTINUOUS
10
6.0473885039370074
20
-3.8440512204724411
11
6.0436389763779523
21
-3.8421764566929131
0
LINE
8
BLACK
6
CONTINUOUS
10
6.0436389763779523
20
-3.8421764566929131
11
6.0429298425196851
21
-3.8416504724409446
0
LINE
8
BLACK
6
CONTINUOUS
10
6.0429298425196851
20
-3.8416504724409446
11
6.0428715354330711
21
-3.8416233070866141
0
LINE
8
BLACK
6
CONTINUOUS
10
6.0428715354330711
20
-3.8416233070866141
11
6.0409967716535435
21
-3.8397485039370078
0
LINE
8
BLACK
6
CONTINUOUS
10
6.0409967716535435
20
-3.8397485039370078
11
6.0404904724409452
21
-3.8390254330708662
0
LINE
8
BLACK
6
CONTINUOUS
10
6.0404904724409452
20
-3.8390254330708662
11
6.0404437007874012
21
-3.8389811417322832
0
LINE
8
BLACK
6
CONTINUOUS
10
6.0404437007874012
20
-3.8389811417322832
11
6.0385689370078737
21
-3.8352316141732281
0
LINE
8
BLACK
6
CONTINUOUS
10
6.0385689370078737
20
-3.8352316141732281
11
6.0382765748031497
21
-3.8342486614173228
0
LINE
8
BLACK
6
CONTINUOUS
10
6.0382765748031497
20
-3.8342486614173228
11
6.0383175590551179
21
-3.8340769685039371
0
LINE
8
BLACK
6
CONTINUOUS
10
6.0383175590551179
20
-3.8340769685039371
11
6.0382572047244096
21
-3.8339111023622046
0
LINE
8
BLACK
6
CONTINUOUS
10
6.0382572047244096
20
-3.8339111023622046
11
6.0382572047244096
21
-3.8189129921259841
0
LINE
8
BLACK
6
CONTINUOUS
10
6.0382572047244096
20
-3.8189129921259841
11
6.0383595275590549
21
-3.8183325984251968
0
LINE
8
BLACK
6
CONTINUOUS
10
6.0383595275590549
20
-3.8183325984251968
11
6.0383453543307084
21
-3.8181968503937007
0
LINE
8
BLACK
6
CONTINUOUS
10
6.0383453543307084
20
-3.8181968503937007
11
6.040220118110236
21
-3.8106977952755905
0
LINE
8
BLACK
6
CONTINUOUS
10
6.040220118110236
20
-3.8106977952755905
11
6.0406238188976378
21
-3.8097925984251968
0
LINE
8
BLACK
6
CONTINUOUS
10
6.0406238188976378
20
-3.8097925984251968
11
6.0406278740157475
21
-3.8097760236220473
0
LINE
8
BLACK
6
CONTINUOUS
10
6.0406278740157475
20
-3.8097760236220473
11
6.0443774015748026
21
-3.8041517322834646
0
LINE
8
BLACK
6
CONTINUOUS
10
6.0443774015748026
20
-3.8041517322834646
11
6.0446881889763775
21
-3.8038263385826769
0
LINE
8
BLACK
6
CONTINUOUS
10
6.0446881889763775
20
-3.8038263385826769
11
6.0447463385826774
21
-3.8037017322834643
0
LINE
8
BLACK
6
CONTINUOUS
10
6.0447463385826774
20
-3.8037017322834643
11
6.046621102362205
21
-3.8018269685039368
0
LINE
8
BLACK
6
CONTINUOUS
10
6.046621102362205
20
-3.8018269685039368
11
6.0473441732283462
21
-3.8013206692913384
0
LINE
8
BLACK
6
CONTINUOUS
10
6.0473441732283462
20
-3.8013206692913384
11
6.0473885039370074
21
-3.8012738582677166
0
LINE
8
BLACK
6
CONTINUOUS
10
6.0473885039370074
20
-3.8012738582677166
11
6.0511380314960626
21
-3.799399094488189
0
LINE
8
BLACK
6
CONTINUOUS
10
6.0511380314960626
20
-3.799399094488189
11
6.0521209448818896
21
-3.7991067322834646
0
LINE
8
BLACK
6
CONTINUOUS
10
6.0521209448818896
20
-3.7991067322834646
11
6.0522926377952757
21
-3.7991477165354328
0
LINE
8
BLACK
6
CONTINUOUS
10
6.0522926377952757
20
-3.7991477165354328
11
6.0524585433070861
21
-3.7990873622047245
0
LINE
8
BLACK
6
CONTINUOUS
10
6.0524585433070861
20
-3.7990873622047245
11
6.0599575984251963
21
-3.7990873622047245
0
LINE
8
BLACK
6
CONTINUOUS
10
6.0599575984251963
20
-3.7990873622047245
11
6.0609675196850397
21
-3.7992654330708659
0
LINE
8
BLACK
6
CONTINUOUS
10
6.0467085826771649
20
-3.8213397244094489
11
6.0455114566929131
21
-3.8225368503937007
0
LINE
8
BLACK
6
CONTINUOUS
10
6.0455114566929131
20
-3.8225368503937007
11
6.0441627165354328
21
-3.8252343307086614
0
LINE
8
BLACK
6
CONTINUOUS
10
6.0441627165354328
20
-3.8252343307086614
11
6.0441627165354328
21
-3.83321405511811
0
LINE
8
BLACK
6
CONTINUOUS
10
6.0441627165354328
20
-3.83321405511811
11
6.0455114566929131
21
-3.8359115354330706
0
LINE
8
BLACK
6
CONTINUOUS
10
6.0455114566929131
20
-3.8359115354330706
11
6.0467085826771649
21
-3.8371087007874016
0
LINE
8
BLACK
6
CONTINUOUS
10
6.0467085826771649
20
-3.8371087007874016
11
6.0494060629921256
21
-3.8384574409448819
0
LINE
8
BLACK
6
CONTINUOUS
10
6.0494060629921256
20
-3.8384574409448819
11
6.0555110236220475
21
-3.8384574409448819
0
LINE
8
BLACK
6
CONTINUOUS
10
6.0555110236220475
20
-3.8384574409448819
11
6.0582084645669294
21
-3.8371087007874016
0
LINE
8
BLACK
6
CONTINUOUS
10
6.0582084645669294
20
-3.8371087007874016
11
6.0594055905511812
21
-3.8359115354330706
0
LINE
8
BLACK
6
CONTINUOUS
10
6.0594055905511812
20
-3.8359115354330706
11
6.0607543700787403
21
-3.83321405511811
0
LINE
8
BLACK
6
CONTINUOUS
10
6.0607543700787403
20
-3.83321405511811
11
6.0607543700787403
21
-3.8252343307086614
0
LINE
8
BLACK
6
CONTINUOUS
10
6.0607543700787403
20
-3.8252343307086614
11
6.05940562992126
21
-3.8225368503937007
0
LINE
8
BLACK
6
CONTINUOUS
10
6.05940562992126
20
-3.8225368503937007
11
6.0582085039370082
21
-3.8213397244094489
0
LINE
8
BLACK
6
CONTINUOUS
10
6.0582085039370082
20
-3.8213397244094489
11
6.0555110236220475
21
-3.8199909842519686
0
LINE
8
BLACK
6
CONTINUOUS
10
6.0555110236220475
20
-3.8199909842519686
11
6.0494060629921256
21
-3.8199909842519686
0
LINE
8
BLACK
6
CONTINUOUS
10
6.0494060629921256
20
-3.8199909842519686
11
6.0467085826771649
21
-3.8213397244094489
0
LINE
8
BLACK
6
CONTINUOUS
10
6.0947133070866144
20
-3.7992654330708659
11
6.0948485433070863
21
-3.7993788976377951
0
LINE
8
BLACK
6
CONTINUOUS
10
6.0948485433070863
20
-3.7993788976377951
11
6.0950238976377955
21
-3.799399094488189
0
LINE
8
BLACK
6
CONTINUOUS
10
6.0950238976377955
20
-3.799399094488189
11
6.0987734251968506
21
-3.8012738582677166
0
LINE
8
BLACK
6
CONTINUOUS
10
6.0987734251968506
20
-3.8012738582677166
11
6.0994824803149603
21
-3.8017997637795276
0
LINE
8
BLACK
6
CONTINUOUS
10
6.0994824803149603
20
-3.8017997637795276
11
6.0995408267716531
21
-3.8018269685039368
0
LINE
8
BLACK
6
CONTINUOUS
10
6.0995408267716531
20
-3.8018269685039368
11
6.1014155905511807
21
-3.8037017322834643
0
LINE
8
BLACK
6
CONTINUOUS
10
6.1014155905511807
20
-3.8037017322834643
11
6.1019218503937003
21
-3.8044248031496064
0
LINE
8
BLACK
6
CONTINUOUS
10
6.1019218503937003
20
-3.8044248031496064
11
6.1019687007874017
21
-3.8044691338582677
0
LINE
8
BLACK
6
CONTINUOUS
10
6.1019687007874017
20
-3.8044691338582677
11
6.1038434645669293
21
-3.8082186614173228
0
LINE
8
BLACK
6
CONTINUOUS
10
6.1038434645669293
20
-3.8082186614173228
11
6.1041358267716532
21
-3.8092015748031494
0
LINE
8
BLACK
6
CONTINUOUS
10
6.1041358267716532
20
-3.8092015748031494
11
6.1040948031496063
21
-3.8093732677165355
0
LINE
8
BLACK
6
CONTINUOUS
10
6.1040948031496063
20
-3.8093732677165355
11
6.1041551968503933
21
-3.8095391732283463
0
LINE
8
BLACK
6
CONTINUOUS
10
6.1041551968503933
20
-3.8095391732283463
11
6.1041551968503933
21
-3.8114139370078739
0
LINE
8
BLACK
6
CONTINUOUS
10
6.1041551968503933
20
-3.8114139370078739
11
6.1039771259842519
21
-3.8124238582677163
0
LINE
8
BLACK
6
CONTINUOUS
10
6.1039771259842519
20
-3.8124238582677163
11
6.1038636220472435
21
-3.8125590944881891
0
LINE
8
BLACK
6
CONTINUOUS
10
6.1038636220472435
20
-3.8125590944881891
11
6.1038434645669293
21
-3.8127344488188974
0
LINE
8
BLACK
6
CONTINUOUS
10
6.1038434645669293
20
-3.8127344488188974
11
6.1019687007874017
21
-3.8164839763779526
0
LINE
8
BLACK
6
CONTINUOUS
10
6.1019687007874017
20
-3.8164839763779526
11
6.1014427952755907
21
-3.8171930314960627
0
LINE
8
BLACK
6
CONTINUOUS
10
6.1014427952755907
20
-3.8171930314960627
11
6.1014155905511807
21
-3.8172513779527559
0
LINE
8
BLACK
6
CONTINUOUS
10
6.1014155905511807
20
-3.8172513779527559
11
6.0997539763779525
21
-3.8189129921259841
0
LINE
8
BLACK
6
CONTINUOUS
10
6.0997539763779525
20
-3.8189129921259841
11
6.1014155905511807
21
-3.8205746062992123
0
LINE
8
BLACK
6
CONTINUOUS
10
6.1014155905511807
20
-3.8205746062992123
11
6.1019218503937003
21
-3.8212976771653544
0
LINE
8
BLACK
6
CONTINUOUS
10
6.1019218503937003
20
-3.8212976771653544
11
6.1019687007874017
21
-3.8213420078740157
0
LINE
8
BLACK
6
CONTINUOUS
10
6.1019687007874017
20
-3.8213420078740157
11
6.1038434645669293
21
-3.8250915354330708
0
LINE
8
BLACK
6
CONTINUOUS
10
6.1038434645669293
20
-3.8250915354330708
11
6.1041358267716532
21
-3.8260744488188974
0
LINE
8
BLACK
6
CONTINUOUS
10
6.1041358267716532
20
-3.8260744488188974
11
6.1040948031496063
21
-3.8262461417322835
0
LINE
8
BLACK
6
CONTINUOUS
10
6.1040948031496063
20
-3.8262461417322835
11
6.1041551968503933
21
-3.8264120472440943
0
LINE
8
BLACK
6
CONTINUOUS
10
6.1041551968503933
20
-3.8264120472440943
11
6.1041551968503933
21
-3.8339111023622046
0
LINE
8
BLACK
6
CONTINUOUS
10
6.1041551968503933
20
-3.8339111023622046
11
6.1039771259842519
21
-3.834921023622047
0
LINE
8
BLACK
6
CONTINUOUS
10
6.1039771259842519
20
-3.834921023622047
11
6.1038636220472435
21
-3.8350562598425197
0
LINE
8
BLACK
6
CONTINUOUS
10
6.1038636220472435
20
-3.8350562598425197
11
6.1038434645669293
21
-3.8352316141732281
0
LINE
8
BLACK
6
CONTINUOUS
10
6.1038434645669293
20
-3.8352316141732281
11
6.1019687007874017
21
-3.8389811417322832
0
LINE
8
BLACK
6
CONTINUOUS
10
6.1019687007874017
20
-3.8389811417322832
11
6.101442755905512
21
-3.8396901968503938
0
LINE
8
BLACK
6
CONTINUOUS
10
6.101442755905512
20
-3.8396901968503938
11
6.1014155905511807
21
-3.8397485433070866
0
LINE
8
BLACK
6
CONTINUOUS
10
6.1014155905511807
20
-3.8397485433070866
11
6.0995408661417319
21
-3.8416233070866141
0
LINE
8
BLACK
6
CONTINUOUS
10
6.0995408661417319
20
-3.8416233070866141
11
6.0988176771653544
21
-3.84212968503937
0
LINE
8
BLACK
6
CONTINUOUS
10
6.0988176771653544
20
-3.84212968503937
11
6.0987734251968506
21
-3.8421764566929131
0
LINE
8
BLACK
6
CONTINUOUS
10
6.0987734251968506
20
-3.8421764566929131
11
6.0950238976377955
21
-3.8440512204724411
0
LINE
8
BLACK
6
CONTINUOUS
10
6.0950238976377955
20
-3.8440512204724411
11
6.0940409448818897
21
-3.8443435826771655
0
LINE
8
BLACK
6
CONTINUOUS
10
6.0940409448818897
20
-3.8443435826771655
11
6.0938692519685036
21
-3.8443025590551181
0
LINE
8
BLACK
6
CONTINUOUS
10
6.0938692519685036
20
-3.8443025590551181
11
6.093703385826772
21
-3.8443629527559056
0
LINE
8
BLACK
6
CONTINUOUS
10
6.093703385826772
20
-3.8443629527559056
11
6.0862043307086608
21
-3.8443629527559056
0
LINE
8
BLACK
6
CONTINUOUS
10
6.0862043307086608
20
-3.8443629527559056
11
6.0851944094488184
21
-3.8441848818897637
0
LINE
8
BLACK
6
CONTINUOUS
10
6.0851944094488184
20
-3.8441848818897637
11
6.0850591338582678
21
-3.8440713779527558
0
LINE
8
BLACK
6
CONTINUOUS
10
6.0850591338582678
20
-3.8440713779527558
11
6.0848838188976373
21
-3.8440512204724411
0
LINE
8
BLACK
6
CONTINUOUS
10
6.0848838188976373
20
-3.8440512204724411
11
6.0811342913385822
21
-3.8421764566929131
0
LINE
8
BLACK
6
CONTINUOUS
10
6.0811342913385822
20
-3.8421764566929131
11
6.080425157480315
21
-3.8416504724409446
0
LINE
8
BLACK
6
CONTINUOUS
10
6.080425157480315
20
-3.8416504724409446
11
6.080366850393701
21
-3.8416233070866141
0
LINE
8
BLACK
6
CONTINUOUS
10
6.080366850393701
20
-3.8416233070866141
11
6.0784920866141734
21
-3.8397485039370078
0
LINE
8
BLACK
6
CONTINUOUS
10
6.0784920866141734
20
-3.8397485039370078
11
6.077985787401575
21
-3.8390254330708662
0
LINE
8
BLACK
6
CONTINUOUS
10
6.077985787401575
20
-3.8390254330708662
11
6.0779390157480311
21
-3.8389811417322832
0
LINE
8
BLACK
6
CONTINUOUS
10
6.0779390157480311
20
-3.8389811417322832
11
6.0760642519685035
21
-3.8352316141732281
0
LINE
8
BLACK
6
CONTINUOUS
10
6.0760642519685035
20
-3.8352316141732281
11
6.0757718897637796
21
-3.8342486614173228
0
LINE
8
BLACK
6
CONTINUOUS
10
6.0757718897637796
20
-3.8342486614173228
11
6.0758128740157478
21
-3.8340769685039371
0
LINE
8
BLACK
6
CONTINUOUS
10
6.0758128740157478
20
-3.8340769685039371
11
6.0757525196850395
21
-3.8339111023622046
0
LINE
8
BLACK
6
CONTINUOUS
10
6.0757525196850395
20
-3.8339111023622046
11
6.0757525196850395
21
-3.8264120472440943
0
LINE
8
BLACK
6
CONTINUOUS
10
6.0757525196850395
20
-3.8264120472440943
11
6.0759305905511809
21
-3.8254021259842519
0
LINE
8
BLACK
6
CONTINUOUS
10
6.0759305905511809
20
-3.8254021259842519
11
6.0760440551181105
21
-3.8252668503937008
0
LINE
8
BLACK
6
CONTINUOUS
10
6.0760440551181105
20
-3.8252668503937008
11
6.0760642519685035
21
-3.8250915354330708
0
LINE
8
BLACK
6
CONTINUOUS
10
6.0760642519685035
20
-3.8250915354330708
11
6.0779390157480311
21
-3.8213420078740157
0
LINE
8
BLACK
6
CONTINUOUS
10
6.0779390157480311
20
-3.8213420078740157
11
6.0784649212598421
21
-3.8206329133858268
0
LINE
8
BLACK
6
CONTINUOUS
10
6.0784649212598421
20
-3.8206329133858268
11
6.0784921259842521
21
-3.8205746062992123
0
LINE
8
BLACK
6
CONTINUOUS
10
6.0784921259842521
20
-3.8205746062992123
11
6.0801537401574803
21
-3.8189129921259841
0
LINE
8
BLACK
6
CONTINUOUS
10
6.0801537401574803
20
-3.8189129921259841
11
6.0784921259842521
21
-3.8172513779527559
0
LINE
8
BLACK
6
CONTINUOUS
10
6.0784921259842521
20
-3.8172513779527559
11
6.0779858267716538
21
-3.8165282677165355
0
LINE
8
BLACK
6
CONTINUOUS
10
6.0779858267716538
20
-3.8165282677165355
11
6.0779390157480311
21
-3.8164839763779526
0
LINE
8
BLACK
6
CONTINUOUS
10
6.0779390157480311
20
-3.8164839763779526
11
6.0760642519685035
21
-3.8127344488188974
0
LINE
8
BLACK
6
CONTINUOUS
10
6.0760642519685035
20
-3.8127344488188974
11
6.0757718897637796
21
-3.8117514960629921
0
LINE
8
BLACK
6
CONTINUOUS
10
6.0757718897637796
20
-3.8117514960629921
11
6.0758128740157478
21
-3.8115798031496064
0
LINE
8
BLACK
6
CONTINUOUS
10
6.0758128740157478
20
-3.8115798031496064
11
6.0757525196850395
21
-3.8114139370078739
0
LINE
8
BLACK
6
CONTINUOUS
10
6.0757525196850395
20
-3.8114139370078739
11
6.0757525196850395
21
-3.8095391732283463
0
LINE
8
BLACK
6
CONTINUOUS
10
6.0757525196850395
20
-3.8095391732283463
11
6.0759305905511809
21
-3.8085292519685039
0
LINE
8
BLACK
6
CONTINUOUS
10
6.0759305905511809
20
-3.8085292519685039
11
6.0760440551181105
21
-3.8083939763779528
0
LINE
8
BLACK
6
CONTINUOUS
10
6.0760440551181105
20
-3.8083939763779528
11
6.0760642519685035
21
-3.8082186614173228
0
LINE
8
BLACK
6
CONTINUOUS
10
6.0760642519685035
20
-3.8082186614173228
11
6.0779390157480311
21
-3.8044691338582677
0
LINE
8
BLACK
6
CONTINUOUS
10
6.0779390157480311
20
-3.8044691338582677
11
6.0784649212598421
21
-3.8037600393700788
0
LINE
8
BLACK
6
CONTINUOUS
10
6.0784649212598421
20
-3.8037600393700788
11
6.0784921259842521
21
-3.8037017322834643
0
LINE
8
BLACK
6
CONTINUOUS
10
6.0784921259842521
20
-3.8037017322834643
11
6.0803668897637797
21
-3.8018269685039368
0
LINE
8
BLACK
6
CONTINUOUS
10
6.0803668897637797
20
-3.8018269685039368
11
6.0810899606299209
21
-3.8013206692913384
0
LINE
8
BLACK
6
CONTINUOUS
10
6.0810899606299209
20
-3.8013206692913384
11
6.0811342913385822
21
-3.8012738582677166
0
LINE
8
BLACK
6
CONTINUOUS
10
6.0811342913385822
20
-3.8012738582677166
11
6.0848838188976373
21
-3.799399094488189
0
LINE
8
BLACK
6
CONTINUOUS
10
6.0848838188976373
20
-3.799399094488189
11
6.0858667322834643
21
-3.7991067322834646
0
LINE
8
BLACK
6
CONTINUOUS
10
6.0858667322834643
20
-3.7991067322834646
11
6.0860384251968505
21
-3.7991477165354328
0
LINE
8
BLACK
6
CONTINUOUS
10
6.0860384251968505
20
-3.7991477165354328
11
6.0862043307086608
21
-3.7990873622047245
0
LINE
8
BLACK
6
CONTINUOUS
10
6.0862043307086608
20
-3.7990873622047245
11
6.093703385826772
21
-3.7990873622047245
0
LINE
8
BLACK
6
CONTINUOUS
10
6.093703385826772
20
-3.7990873622047245
11
6.0947133070866144
21
-3.7992654330708659
0
LINE
8
BLACK
6
CONTINUOUS
10
6.0842038976377948
20
-3.8232144881889765
11
6.083006771653543
21
-3.8244116141732283
0
LINE
8
BLACK
6
CONTINUOUS
10
6.083006771653543
20
-3.8244116141732283
11
6.0816580314960627
21
-3.8271090944881889
0
LINE
8
BLACK
6
CONTINUOUS
10
6.0816580314960627
20
-3.8271090944881889
11
6.0816580314960627
21
-3.83321405511811
0
LINE
8
BLACK
6
CONTINUOUS
10
6.0816580314960627
20
-3.83321405511811
11
6.083006771653543
21
-3.8359115354330706
0
LINE
8
BLACK
6
CONTINUOUS
10
6.083006771653543
20
-3.8359115354330706
11
6.0842038976377948
21
-3.8371087007874016
0
LINE
8
BLACK
6
CONTINUOUS
10
6.0842038976377948
20
-3.8371087007874016
11
6.0869013779527554
21
-3.8384574409448819
0
LINE
8
BLACK
6
CONTINUOUS
10
6.0869013779527554
20
-3.8384574409448819
11
6.0930063385826774
21
-3.8384574409448819
0
LINE
8
BLACK
6
CONTINUOUS
10
6.0930063385826774
20
-3.8384574409448819
11
6.0957037795275593
21
-3.8371087007874016
0
LINE
8
BLACK
6
CONTINUOUS
10
6.0957037795275593
20
-3.8371087007874016
11
6.0969009055118111
21
-3.8359115354330706
0
LINE
8
BLACK
6
CONTINUOUS
10
6.0969009055118111
20
-3.8359115354330706
11
6.0982496850393701
21
-3.83321405511811
0
LINE
8
BLACK
6
CONTINUOUS
10
6.0982496850393701
20
-3.83321405511811
11
6.0982496850393701
21
-3.8271090944881889
0
LINE
8
BLACK
6
CONTINUOUS
10
6.0982496850393701
20
-3.8271090944881889
11
6.0969009448818898
21
-3.8244116141732283
0
LINE
8
BLACK
6
CONTINUOUS
10
6.0969009448818898
20
-3.8244116141732283
11
6.095703818897638
21
-3.8232144881889765
0
LINE
8
BLACK
6
CONTINUOUS
10
6.095703818897638
20
-3.8232144881889765
11
6.0930063385826774
21
-3.8218657480314961
0
LINE
8
BLACK
6
CONTINUOUS
10
6.0930063385826774
20
-3.8218657480314961
11
6.0869013779527554
21
-3.8218657480314961
0
LINE
8
BLACK
6
CONTINUOUS
10
6.0869013779527554
20
-3.8218657480314961
11
6.0842038976377948
21
-3.8232144881889765
0
LINE
8
BLACK
6
CONTINUOUS
10
6.0842038976377948
20
-3.8063416141732285
11
6.083006771653543
21
-3.8075387401574803
0
LINE
8
BLACK
6
CONTINUOUS
10
6.083006771653543
20
-3.8075387401574803
11
6.0816580314960627
21
-3.8102362204724409
0
LINE
8
BLACK
6
CONTINUOUS
10
6.0816580314960627
20
-3.8102362204724409
11
6.0816580314960627
21
-3.8107168897637793
0
LINE
8
BLACK
6
CONTINUOUS
10
6.0816580314960627
20
-3.8107168897637793
11
6.083006771653543
21
-3.81341437007874
0
LINE
8
BLACK
6
CONTINUOUS
10
6.083006771653543
20
-3.81341437007874
11
6.0842038976377948
21
-3.8146114960629922
0
LINE
8
BLACK
6
CONTINUOUS
10
6.0842038976377948
20
-3.8146114960629922
11
6.0869013779527554
21
-3.8159602362204725
0
LINE
8
BLACK
6
CONTINUOUS
10
6.0869013779527554
20
-3.8159602362204725
11
6.0930063385826774
21
-3.8159602362204725
0
LINE
8
BLACK
6
CONTINUOUS
10
6.0930063385826774
20
-3.8159602362204725
11
6.095703818897638
21
-3.8146114960629922
0
LINE
8
BLACK
6
CONTINUOUS
10
6.095703818897638
20
-3.8146114960629922
11
6.0969009448818898
21
-3.81341437007874
0
LINE
8
BLACK
6
CONTINUOUS
10
6.0969009448818898
20
-3.81341437007874
11
6.0982496850393701
21
-3.8107168897637793
0
LINE
8
BLACK
6
CONTINUOUS
10
6.0982496850393701
20
-3.8107168897637793
11
6.0982496850393701
21
-3.8102362204724409
0
LINE
8
BLACK
6
CONTINUOUS
10
6.0982496850393701
20
-3.8102362204724409
11
6.0969009448818898
21
-3.8075387401574803
0
LINE
8
BLACK
6
CONTINUOUS
10
6.0969009448818898
20
-3.8075387401574803
11
6.095703818897638
21
-3.8063416141732285
0
LINE
8
BLACK
6
CONTINUOUS
10
6.095703818897638
20
-3.8063416141732285
11
6.0930063385826774
21
-3.8049928740157481
0
LINE
8
BLACK
6
CONTINUOUS
10
6.0930063385826774
20
-3.8049928740157481
11
6.0869013779527554
21
-3.8049928740157481
0
LINE
8
BLACK
6
CONTINUOUS
10
6.0869013779527554
20
-3.8049928740157481
11
6.0842038976377948
21
-3.8063416141732285
0
LINE
8
BLACK
6
CONTINUOUS
10
6.2514887007874016
20
-3.8122644488188975
11
6.2516026771653541
21
-3.8122405905511809
0
LINE
8
BLACK
6
CONTINUOUS
10
6.2516026771653541
20
-3.8122405905511809
11
6.251725236220472
21
-3.812306181102362
0
LINE
8
BLACK
6
CONTINUOUS
10
6.251725236220472
20
-3.812306181102362
11
6.252193622047244
21
-3.8123887795275588
0
LINE
8
BLACK
6
CONTINUOUS
10
6.252193622047244
20
-3.8123887795275588
11
6.2527467322834642
21
-3.8128529133858269
0
LINE
8
BLACK
6
CONTINUOUS
10
6.2527467322834642
20
-3.8128529133858269
11
6.2533834645669293
21
-3.8131937007874015
0
LINE
8
BLACK
6
CONTINUOUS
10
6.2533834645669293
20
-3.8131937007874015
11
6.2535003149606299
21
-3.8134852362204725
0
LINE
8
BLACK
6
CONTINUOUS
10
6.2535003149606299
20
-3.8134852362204725
11
6.2537408661417322
21
-3.813687086614173
0
LINE
8
BLACK
6
CONTINUOUS
10
6.2537408661417322
20
-3.813687086614173
11
6.2538662598425194
21
-3.8143982283464566
0
LINE
8
BLACK
6
CONTINUOUS
10
6.2538662598425194
20
-3.8143982283464566
11
6.2541349212598423
21
-3.8150685039370078
0
LINE
8
BLACK
6
CONTINUOUS
10
6.2541349212598423
20
-3.8150685039370078
11
6.2540370472440943
21
-3.8153668503937008
0
LINE
8
BLACK
6
CONTINUOUS
10
6.2540370472440943
20
-3.8153668503937008
11
6.2540916141732286
21
-3.815676220472441
0
LINE
8
BLACK
6
CONTINUOUS
10
6.2540916141732286
20
-3.815676220472441
11
6.2537305118110238
21
-3.8163016141732284
0
LINE
8
BLACK
6
CONTINUOUS
10
6.2537305118110238
20
-3.8163016141732284
11
6.2535055118110234
21
-3.8169877559055116
0
LINE
8
BLACK
6
CONTINUOUS
10
6.2535055118110234
20
-3.8169877559055116
11
6.2366364960629923
21
-3.8384574409448819
0
LINE
8
BLACK
6
CONTINUOUS
10
6.2366364960629923
20
-3.8384574409448819
11
6.2511837007874016
21
-3.8384574409448819
0
LINE
8
BLACK
6
CONTINUOUS
10
6.2511837007874016
20
-3.8384574409448819
11
6.252193622047244
21
-3.8386355118110234
0
LINE
8
BLACK
6
CONTINUOUS
10
6.252193622047244
20
-3.8386355118110234
11
6.2537408661417322
21
-3.8399338188976375
0
LINE
8
BLACK
6
CONTINUOUS
10
6.2537408661417322
20
-3.8399338188976375
11
6.2540916141732286
21
-3.8419229527559056
0
LINE
8
BLACK
6
CONTINUOUS
10
6.2540916141732286
20
-3.8419229527559056
11
6.2530816929133861
21
-3.8436721259842517
0
LINE
8
BLACK
6
CONTINUOUS
10
6.2530816929133861
20
-3.8436721259842517
11
6.2511837007874016
21
-3.8443629527559056
0
LINE
8
BLACK
6
CONTINUOUS
10
6.2511837007874016
20
-3.8443629527559056
11
6.2305612992125985
21
-3.8443629527559056
0
LINE
8
BLACK
6
CONTINUOUS
10
6.2305612992125985
20
-3.8443629527559056
11
6.2302562598425197
21
-3.8443091732283463
0
LINE
8
BLACK
6
CONTINUOUS
10
6.2302562598425197
20
-3.8443091732283463
11
6.2301423228346451
21
-3.8443330708661416
0
LINE
8
BLACK
6
CONTINUOUS
10
6.2301423228346451
20
-3.8443330708661416
11
6.2300197244094484
21
-3.8442674409448818
0
LINE
8
BLACK
6
CONTINUOUS
10
6.2300197244094484
20
-3.8442674409448818
11
6.229551377952756
21
-3.8441848818897637
0
LINE
8
BLACK
6
CONTINUOUS
10
6.229551377952756
20
-3.8441848818897637
11
6.2289982283464562
21
-3.8437207086614174
0
LINE
8
BLACK
6
CONTINUOUS
10
6.2289982283464562
20
-3.8437207086614174
11
6.2283615354330708
21
-3.843379960629921
0
LINE
8
BLACK
6
CONTINUOUS
10
6.2283615354330708
20
-3.843379960629921
11
6.2282446456692915
21
-3.8430883858267717
0
LINE
8
BLACK
6
CONTINUOUS
10
6.2282446456692915
20
-3.8430883858267717
11
6.2280041338582679
21
-3.8428865748031495
0
LINE
8
BLACK
6
CONTINUOUS
10
6.2280041338582679
20
-3.8428865748031495
11
6.227878700787401
21
-3.8421753937007872
0
LINE
8
BLACK
6
CONTINUOUS
10
6.227878700787401
20
-3.8421753937007872
11
6.2276100787401569
21
-3.8415051574803147
0
LINE
8
BLACK
6
CONTINUOUS
10
6.2276100787401569
20
-3.8415051574803147
11
6.2277079133858262
21
-3.8412067716535434
0
LINE
8
BLACK
6
CONTINUOUS
10
6.2277079133858262
20
-3.8412067716535434
11
6.2276533858267715
21
-3.8408974409448819
0
LINE
8
BLACK
6
CONTINUOUS
10
6.2276533858267715
20
-3.8408974409448819
11
6.2280144488188975
21
-3.8402720078740158
0
LINE
8
BLACK
6
CONTINUOUS
10
6.2280144488188975
20
-3.8402720078740158
11
6.2282394881889767
21
-3.8395859055118109
0
LINE
8
BLACK
6
CONTINUOUS
10
6.2282394881889767
20
-3.8395859055118109
11
6.2451085039370078
21
-3.818116220472441
0
LINE
8
BLACK
6
CONTINUOUS
10
6.2451085039370078
20
-3.818116220472441
11
6.2305612992125985
21
-3.818116220472441
0
LINE
8
BLACK
6
CONTINUOUS
10
6.2305612992125985
20
-3.818116220472441
11
6.229551377952756
21
-3.8179381496062992
0
LINE
8
BLACK
6
CONTINUOUS
10
6.229551377952756
20
-3.8179381496062992
11
6.2280041338582679
21
-3.816639842519685
0
LINE
8
BLACK
6
CONTINUOUS
10
6.2280041338582679
20
-3.816639842519685
11
6.2276533858267715
21
-3.8146507086614174
0
LINE
8
BLACK
6
CONTINUOUS
10
6.2276533858267715
20
-3.8146507086614174
11
6.228663307086614
21
-3.8129015354330709
0
LINE
8
BLACK
6
CONTINUOUS
10
6.228663307086614
20
-3.8129015354330709
11
6.2305612992125985
21
-3.8122107086614174
0
LINE
8
BLACK
6
CONTINUOUS
10
6.2305612992125985
20
-3.8122107086614174
11
6.2511837007874016
21
-3.8122107086614174
0
LINE
8
BLACK
6
CONTINUOUS
10
6.2511837007874016
20
-3.8122107086614174
11
6.2514887007874016
21
-3.8122644488188975
0
LINE
8
BLACK
6
CONTINUOUS
10
6.1744427165354328
20
-3.7992006692913387
11
6.1748310629921255
21
-3.7991322047244092
0
LINE
8
BLACK
6
CONTINUOUS
10
6.1748310629921255
20
-3.7991322047244092
11
6.1753896062992126
21
-3.79945468503937
0
LINE
8
BLACK
6
CONTINUOUS
10
6.1753896062992126
20
-3.79945468503937
11
6.1760126771653541
21
-3.7996218503937005
0
LINE
8
BLACK
6
CONTINUOUS
10
6.1760126771653541
20
-3.7996218503937005
11
6.1762387795275586
21
-3.7999449606299214
0
LINE
8
BLACK
6
CONTINUOUS
10
6.1762387795275586
20
-3.7999449606299214
11
6.176580236220472
21
-3.8001421259842521
0
LINE
8
BLACK
6
CONTINUOUS
10
6.176580236220472
20
-3.8001421259842521
11
6.176800826771653
21
-3.8007481889763777
0
LINE
8
BLACK
6
CONTINUOUS
10
6.176800826771653
20
-3.8007481889763777
11
6.1771706692913382
21
-3.8012767322834646
0
LINE
8
BLACK
6
CONTINUOUS
10
6.1771706692913382
20
-3.8012767322834646
11
6.1771361811023624
21
-3.8016695275590551
0
LINE
8
BLACK
6
CONTINUOUS
10
6.1771361811023624
20
-3.8016695275590551
11
6.1772710629921255
21
-3.8020401181102361
0
LINE
8
BLACK
6
CONTINUOUS
10
6.1772710629921255
20
-3.8020401181102361
11
6.1772710629921255
21
-3.8414101968503935
0
LINE
8
BLACK
6
CONTINUOUS
10
6.1772710629921255
20
-3.8414101968503935
11
6.1770929921259841
21
-3.842420118110236
0
LINE
8
BLACK
6
CONTINUOUS
10
6.1770929921259841
20
-3.842420118110236
11
6.1757946850393699
21
-3.8439673622047241
0
LINE
8
BLACK
6
CONTINUOUS
10
6.1757946850393699
20
-3.8439673622047241
11
6.1738055511811023
21
-3.8443181102362205
0
LINE
8
BLACK
6
CONTINUOUS
10
6.1738055511811023
20
-3.8443181102362205
11
6.1720563779527557
21
-3.843308188976378
0
LINE
8
BLACK
6
CONTINUOUS
10
6.1720563779527557
20
-3.843308188976378
11
6.1713655511811023
21
-3.8414101968503935
0
LINE
8
BLACK
6
CONTINUOUS
10
6.1713655511811023
20
-3.8414101968503935
11
6.1713655511811023
21
-3.815349842519685
0
LINE
8
BLACK
6
CONTINUOUS
10
6.1713655511811023
20
-3.815349842519685
11
6.1638707086614168
21
-3.8314102362204725
0
LINE
8
BLACK
6
CONTINUOUS
10
6.1638707086614168
20
-3.8314102362204725
11
6.1636480314960629
21
-3.8317279921259844
0
LINE
8
BLACK
6
CONTINUOUS
10
6.1636480314960629
20
-3.8317279921259844
11
6.163614212598425
21
-3.8318544881889762
0
LINE
8
BLACK
6
CONTINUOUS
10
6.163614212598425
20
-3.8318544881889762
11
6.1635066141732286
21
-3.8319298425196848
0
LINE
8
BLACK
6
CONTINUOUS
10
6.1635066141732286
20
-3.8319298425196848
11
6.1632822440944883
21
-3.832250118110236
0
LINE
8
BLACK
6
CONTINUOUS
10
6.1632822440944883
20
-3.832250118110236
11
6.1625876771653543
21
-3.8325737007874014
0
LINE
8
BLACK
6
CONTINUOUS
10
6.1625876771653543
20
-3.8325737007874014
11
6.1619600393700784
21
-3.8330135433070867
0
LINE
8
BLACK
6
CONTINUOUS
10
6.1619600393700784
20
-3.8330135433070867
11
6.1616937007874011
21
-3.8329902755905509
0
LINE
8
BLACK
6
CONTINUOUS
10
6.1616937007874011
20
-3.8329902755905509
11
6.1614514566929133
21
-3.833103188976378
0
LINE
8
BLACK
6
CONTINUOUS
10
6.1614514566929133
20
-3.833103188976378
11
6.1607112204724412
21
-3.8329046062992127
0
LINE
8
BLACK
6
CONTINUOUS
10
6.1607112204724412
20
-3.8329046062992127
11
6.1599478740157476
21
-3.8328380314960628
0
LINE
8
BLACK
6
CONTINUOUS
10
6.1599478740157476
20
-3.8328380314960628
11
6.1597588188976378
21
-3.8326490944881888
0
LINE
8
BLACK
6
CONTINUOUS
10
6.1597588188976378
20
-3.8326490944881888
11
6.1595005905511808
21
-3.8325798425196851
0
LINE
8
BLACK
6
CONTINUOUS
10
6.1595005905511808
20
-3.8325798425196851
11
6.1590611811023619
21
-3.831951929133858
0
LINE
8
BLACK
6
CONTINUOUS
10
6.1590611811023619
20
-3.831951929133858
11
6.1585192125984252
21
-3.8314102755905513
0
LINE
8
BLACK
6
CONTINUOUS
10
6.1585192125984252
20
-3.8314102755905513
11
6.1510243700787397
21
-3.815349842519685
0
LINE
8
BLACK
6
CONTINUOUS
10
6.1510243700787397
20
-3.815349842519685
11
6.1510243700787397
21
-3.8414101968503935
0
LINE
8
BLACK
6
CONTINUOUS
10
6.1510243700787397
20
-3.8414101968503935
11
6.1508462992125983
21
-3.842420118110236
0
LINE
8
BLACK
6
CONTINUOUS
10
6.1508462992125983
20
-3.842420118110236
11
6.1495479921259841
21
-3.8439673622047241
0
LINE
8
BLACK
6
CONTINUOUS
10
6.1495479921259841
20
-3.8439673622047241
11
6.1475588582677165
21
-3.8443181102362205
0
LINE
8
BLACK
6
CONTINUOUS
10
6.1475588582677165
20
-3.8443181102362205
11
6.14580968503937
21
-3.843308188976378
0
LINE
8
BLACK
6
CONTINUOUS
10
6.14580968503937
20
-3.843308188976378
11
6.1451188582677165
21
-3.8414101968503935
0
LINE
8
BLACK
6
CONTINUOUS
10
6.1451188582677165
20
-3.8414101968503935
11
6.1451188582677165
21
-3.8020401181102361
0
LINE
8
BLACK
6
CONTINUOUS
10
6.1451188582677165
20
-3.8020401181102361
11
6.1452969291338579
21
-3.8010301968503937
0
LINE
8
BLACK
6
CONTINUOUS
10
6.1452969291338579
20
-3.8010301968503937
11
6.1455503937007876
21
-3.8007280708661417
0
LINE
8
BLACK
6
CONTINUOUS
10
6.1455503937007876
20
-3.8007280708661417
11
6.1456523622047241
21
-3.8003472047244093
0
LINE
8
BLACK
6
CONTINUOUS
10
6.1456523622047241
20
-3.8003472047244093
11
6.1461805905511806
21
-3.7999770472440946
0
LINE
8
BLACK
6
CONTINUOUS
10
6.1461805905511806
20
-3.7999770472440946
11
6.1465952362204721
21
-3.7994829527559055
0
LINE
8
BLACK
6
CONTINUOUS
10
6.1465952362204721
20
-3.7994829527559055
11
6.1469835433070861
21
-3.7994144488188977
0
LINE
8
BLACK
6
CONTINUOUS
10
6.1469835433070861
20
-3.7994144488188977
11
6.1473065354330707
21
-3.7991881889763777
0
LINE
8
BLACK
6
CONTINUOUS
10
6.1473065354330707
20
-3.7991881889763777
11
6.1479490944881885
21
-3.7992442125984249
0
LINE
8
BLACK
6
CONTINUOUS
10
6.1479490944881885
20
-3.7992442125984249
11
6.1485843700787397
21
-3.7991322047244092
0
LINE
8
BLACK
6
CONTINUOUS
10
6.1485843700787397
20
-3.7991322047244092
11
6.1489259055118106
21
-3.7993293700787403
0
LINE
8
BLACK
6
CONTINUOUS
10
6.1489259055118106
20
-3.7993293700787403
11
6.1493187007874015
21
-3.7993636614173227
0
LINE
8
BLACK
6
CONTINUOUS
10
6.1493187007874015
20
-3.7993636614173227
11
6.1497748818897637
21
-3.7998195669291337
0
LINE
8
BLACK
6
CONTINUOUS
10
6.1497748818897637
20
-3.7998195669291337
11
6.1503335433070863
21
-3.8001421259842521
0
LINE
8
BLACK
6
CONTINUOUS
10
6.1503335433070863
20
-3.8001421259842521
11
6.1504683858267715
21
-3.8005126771653543
0
LINE
8
BLACK
6
CONTINUOUS
10
6.1504683858267715
20
-3.8005126771653543
11
6.150747362204724
21
-3.8007914566929135
0
LINE
8
BLACK
6
CONTINUOUS
10
6.150747362204724
20
-3.8007914566929135
11
6.1611949212598427
21
-3.8231791338582677
0
LINE
8
BLACK
6
CONTINUOUS
10
6.1611949212598427
20
-3.8231791338582677
11
6.171642559055118
21
-3.8007914173228348
0
LINE
8
BLACK
6
CONTINUOUS
10
6.171642559055118
20
-3.8007914173228348
11
6.1722310236220475
21
-3.7999515748031496
0
LINE
8
BLACK
6
CONTINUOUS
10
6.1722310236220475
20
-3.7999515748031496
11
6.1725884251968504
21
-3.799785
0
LINE
8
BLACK
6
CONTINUOUS
10
6.1725884251968504
20
-3.799785
11
6.1728419291338579
21
-3.7994829527559055
0
LINE
8
BLACK
6
CONTINUOUS
10
6.1728419291338579
20
-3.7994829527559055
11
6.1734771259842516
21
-3.799370905511811
0
LINE
8
BLACK
6
CONTINUOUS
10
6.1734771259842516
20
-3.799370905511811
11
6.1740618503937004
21
-3.799098503937008
0
LINE
8
BLACK
6
CONTINUOUS
10
6.1740618503937004
20
-3.799098503937008
11
6.1744427165354328
21
-3.7992006692913387
0
LINE
8
BLACK
6
CONTINUOUS
10
6.217825078740157
20
-3.8001421259842521
11
6.2185159055118113
21
-3.8020401181102361
0
LINE
8
BLACK
6
CONTINUOUS
10
6.2185159055118113
20
-3.8020401181102361
11
6.2185159055118113
21
-3.8414101968503935
0
LINE
8
BLACK
6
CONTINUOUS
10
6.2185159055118113
20
-3.8414101968503935
11
6.218337834645669
21
-3.842420118110236
0
LINE
8
BLACK
6
CONTINUOUS
10
6.218337834645669
20
-3.842420118110236
11
6.2170395275590549
21
-3.8439673622047241
0
LINE
8
BLACK
6
CONTINUOUS
10
6.2170395275590549
20
-3.8439673622047241
11
6.2150503937007873
21
-3.8443181102362205
0
LINE
8
BLACK
6
CONTINUOUS
10
6.2150503937007873
20
-3.8443181102362205
11
6.2133012204724407
21
-3.843308188976378
0
LINE
8
BLACK
6
CONTINUOUS
10
6.2133012204724407
20
-3.843308188976378
11
6.2126103937007873
21
-3.8414101968503935
0
LINE
8
BLACK
6
CONTINUOUS
10
6.2126103937007873
20
-3.8414101968503935
11
6.2126103937007873
21
-3.8237405118110237
0
LINE
8
BLACK
6
CONTINUOUS
10
6.2126103937007873
20
-3.8237405118110237
11
6.1960187401574798
21
-3.8237405118110237
0
LINE
8
BLACK
6
CONTINUOUS
10
6.1960187401574798
20
-3.8237405118110237
11
6.1960187401574798
21
-3.8414101968503935
0
LINE
8
BLACK
6
CONTINUOUS
10
6.1960187401574798
20
-3.8414101968503935
11
6.1958406692913384
21
-3.842420118110236
0
LINE
8
BLACK
6
CONTINUOUS
10
6.1958406692913384
20
-3.842420118110236
11
6.1945423622047242
21
-3.8439673622047241
0
LINE
8
BLACK
6
CONTINUOUS
10
6.1945423622047242
20
-3.8439673622047241
11
6.1925532283464566
21
-3.8443181102362205
0
LINE
8
BLACK
6
CONTINUOUS
10
6.1925532283464566
20
-3.8443181102362205
11
6.19080405511811
21
-3.843308188976378
0
LINE
8
BLACK
6
CONTINUOUS
10
6.19080405511811
20
-3.843308188976378
11
6.1901132283464566
21
-3.8414101968503935
0
LINE
8
BLACK
6
CONTINUOUS
10
6.1901132283464566
20
-3.8414101968503935
11
6.1901132283464566
21
-3.8020401181102361
0
LINE
8
BLACK
6
CONTINUOUS
10
6.1901132283464566
20
-3.8020401181102361
11
6.190291299212598
21
-3.8010301968503937
0
LINE
8
BLACK
6
CONTINUOUS
10
6.190291299212598
20
-3.8010301968503937
11
6.1915896062992122
21
-3.7994829527559055
0
LINE
8
BLACK
6
CONTINUOUS
10
6.1915896062992122
20
-3.7994829527559055
11
6.1935787401574798
21
-3.7991322047244092
0
LINE
8
BLACK
6
CONTINUOUS
10
6.1935787401574798
20
-3.7991322047244092
11
6.1953279133858263
21
-3.8001421259842521
0
LINE
8
BLACK
6
CONTINUOUS
10
6.1953279133858263
20
-3.8001421259842521
11
6.1960187401574798
21
-3.8020401181102361
0
LINE
8
BLACK
6
CONTINUOUS
10
6.1960187401574798
20
-3.8020401181102361
11
6.1960187401574798
21
-3.8178350000000001
0
LINE
8
BLACK
6
CONTINUOUS
10
6.1960187401574798
20
-3.8178350000000001
11
6.2126103937007873
21
-3.8178350000000001
0
LINE
8
BLACK
6
CONTINUOUS
10
6.2126103937007873
20
-3.8178350000000001
11
6.2126103937007873
21
-3.8020401181102361
0
LINE
8
BLACK
6
CONTINUOUS
10
6.2126103937007873
20
-3.8020401181102361
11
6.2127884645669287
21
-3.8010301968503937
0
LINE
8
BLACK
6
CONTINUOUS
10
6.2127884645669287
20
-3.8010301968503937
11
6.2140867716535428
21
-3.7994829527559055
0
LINE
8
BLACK
6
CONTINUOUS
10
6.2140867716535428
20
-3.7994829527559055
11
6.2160759055118104
21
-3.7991322047244092
0
LINE
8
BLACK
6
CONTINUOUS
10
6.2160759055118104
20
-3.7991322047244092
11
6.217825078740157
21
-3.8001421259842521
0
LINE
8
BLACK
6
CONTINUOUS
10
6.8542203149606298
20
-3.7650850787401575
11
6.8555700000000002
21
-3.7671096456692914
0
LINE
8
BLACK
6
CONTINUOUS
10
6.8555700000000002
20
-3.7671096456692914
11
6.8554719291338584
21
-3.7695408661417322
0
LINE
8
BLACK
6
CONTINUOUS
10
6.8554719291338584
20
-3.7695408661417322
11
6.8539635433070867
21
-3.771450118110236
0
LINE
8
BLACK
6
CONTINUOUS
10
6.8539635433070867
20
-3.771450118110236
11
6.8332866535433068
21
-3.7852346850393701
0
LINE
8
BLACK
6
CONTINUOUS
10
6.8332866535433068
20
-3.7852346850393701
11
6.8539635433070867
21
-3.7990192519685038
0
LINE
8
BLACK
6
CONTINUOUS
10
6.8539635433070867
20
-3.7990192519685038
11
6.8554719291338584
21
-3.800928503937008
0
LINE
8
BLACK
6
CONTINUOUS
10
6.8554719291338584
20
-3.800928503937008
11
6.8555700000000002
21
-3.8033597244094488
0
LINE
8
BLACK
6
CONTINUOUS
10
6.8555700000000002
20
-3.8033597244094488
11
6.8542203149606298
21
-3.8053842913385827
0
LINE
8
BLACK
6
CONTINUOUS
10
6.8542203149606298
20
-3.8053842913385827
11
6.8519383858267711
21
-3.8062288582677164
0
LINE
8
BLACK
6
CONTINUOUS
10
6.8519383858267711
20
-3.8062288582677164
11
6.8495958267716537
21
-3.8055708267716533
0
LINE
8
BLACK
6
CONTINUOUS
10
6.8495958267716537
20
-3.8055708267716533
11
6.8261891338582679
21
-3.7899663385826772
0
LINE
8
BLACK
6
CONTINUOUS
10
6.8261891338582679
20
-3.7899663385826772
11
6.802782440944882
21
-3.8055708267716533
0
LINE
8
BLACK
6
CONTINUOUS
10
6.802782440944882
20
-3.8055708267716533
11
6.8004398818897638
21
-3.8062288582677164
0
LINE
8
BLACK
6
CONTINUOUS
10
6.8004398818897638
20
-3.8062288582677164
11
6.7981579527559051
21
-3.8053842913385827
0
LINE
8
BLACK
6
CONTINUOUS
10
6.7981579527559051
20
-3.8053842913385827
11
6.7968082677165356
21
-3.8033597244094488
0
LINE
8
BLACK
6
CONTINUOUS
10
6.7968082677165356
20
-3.8033597244094488
11
6.7969063385826773
21
-3.800928503937008
0
LINE
8
BLACK
6
CONTINUOUS
10
6.7969063385826773
20
-3.800928503937008
11
6.7984147244094491
21
-3.7990192519685038
0
LINE
8
BLACK
6
CONTINUOUS
10
6.7984147244094491
20
-3.7990192519685038
11
6.8190915748031493
21
-3.7852346850393701
0
LINE
8
BLACK
6
CONTINUOUS
10
6.8190915748031493
20
-3.7852346850393701
11
6.7984147244094491
21
-3.771450118110236
0
LINE
8
BLACK
6
CONTINUOUS
10
6.7984147244094491
20
-3.771450118110236
11
6.7969063385826773
21
-3.7695408661417322
0
LINE
8
BLACK
6
CONTINUOUS
10
6.7969063385826773
20
-3.7695408661417322
11
6.7968082677165356
21
-3.7671096456692914
0
LINE
8
BLACK
6
CONTINUOUS
10
6.7968082677165356
20
-3.7671096456692914
11
6.7981579527559051
21
-3.7650850787401575
0
LINE
8
BLACK
6
CONTINUOUS
10
6.7981579527559051
20
-3.7650850787401575
11
6.8004398818897638
21
-3.7642405118110234
0
LINE
8
BLACK
6
CONTINUOUS
10
6.8004398818897638
20
-3.7642405118110234
11
6.802782440944882
21
-3.7648985433070865
0
LINE
8
BLACK
6
CONTINUOUS
10
6.802782440944882
20
-3.7648985433070865
11
6.8261891338582679
21
-3.7805029921259843
0
LINE
8
BLACK
6
CONTINUOUS
10
6.8261891338582679
20
-3.7805029921259843
11
6.8495958267716537
21
-3.7648985433070865
0
LINE
8
BLACK
6
CONTINUOUS
10
6.8495958267716537
20
-3.7648985433070865
11
6.8519383858267711
21
-3.7642405118110234
0
LINE
8
BLACK
6
CONTINUOUS
10
6.8519383858267711
20
-3.7642405118110234
11
6.8542203149606298
21
-3.7650850787401575
0
LINE
8
BLACK
6
CONTINUOUS
10
5.5715522047244095
20
-3.7288336220472442
11
5.5722440944881892
21
-3.7305039370078741
0
LINE
8
BLACK
6
CONTINUOUS
10
5.5722440944881892
20
-3.7305039370078741
11
5.5715522047244095
21
-3.7321742519685039
0
LINE
8
BLACK
6
CONTINUOUS
10
5.5715522047244095
20
-3.7321742519685039
11
5.5698818897637796
21
-3.7328661417322833
0
LINE
8
BLACK
6
CONTINUOUS
10
5.5698818897637796
20
-3.7328661417322833
11
5.4911417322834648
21
-3.7328661417322833
0
LINE
8
BLACK
6
CONTINUOUS
10
5.4911417322834648
20
-3.7328661417322833
11
5.4894714173228349
21
-3.7321742519685039
0
LINE
8
BLACK
6
CONTINUOUS
10
5.4894714173228349
20
-3.7321742519685039
11
5.4887795275590552
21
-3.7305039370078741
0
LINE
8
BLACK
6
CONTINUOUS
10
5.4887795275590552
20
-3.7305039370078741
11
5.4894714173228349
21
-3.7288336220472442
0
LINE
8
BLACK
6
CONTINUOUS
10
5.4894714173228349
20
-3.7288336220472442
11
5.4911417322834648
21
-3.7281417322834645
0
LINE
8
BLACK
6
CONTINUOUS
10
5.4911417322834648
20
-3.7281417322834645
11
5.5698818897637796
21
-3.7281417322834645
0
LINE
8
BLACK
6
CONTINUOUS
10
5.5698818897637796
20
-3.7281417322834645
11
5.5715522047244095
21
-3.7288336220472442
0
LINE
8
BLACK
6
CONTINUOUS
10
6.6715522047244091
20
-3.7288336220472442
11
6.6722440944881889
21
-3.7305039370078741
0
LINE
8
BLACK
6
CONTINUOUS
10
6.6722440944881889
20
-3.7305039370078741
11
6.6715522047244091
21
-3.7321742519685039
0
LINE
8
BLACK
6
CONTINUOUS
10
6.6715522047244091
20
-3.7321742519685039
11
6.6698818897637793
21
-3.7328661417322833
0
LINE
8
BLACK
6
CONTINUOUS
10
6.6698818897637793
20
-3.7328661417322833
11
6.5911417322834644
21
-3.7328661417322833
0
LINE
8
BLACK
6
CONTINUOUS
10
6.5911417322834644
20
-3.7328661417322833
11
6.5894714173228346
21
-3.7321742519685039
0
LINE
8
BLACK
6
CONTINUOUS
10
6.5894714173228346
20
-3.7321742519685039
11
6.5887795275590548
21
-3.7305039370078741
0
LINE
8
BLACK
6
CONTINUOUS
10
6.5887795275590548
20
-3.7305039370078741
11
6.5894714173228346
21
-3.7288336220472442
0
LINE
8
BLACK
6
CONTINUOUS
10
6.5894714173228346
20
-3.7288336220472442
11
6.5911417322834644
21
-3.7281417322834645
0
LINE
8
BLACK
6
CONTINUOUS
10
6.5911417322834644
20
-3.7281417322834645
11
6.6698818897637793
21
-3.7281417322834645
0
LINE
8
BLACK
6
CONTINUOUS
10
6.6698818897637793
20
-3.7281417322834645
11
6.6715522047244091
21
-3.7288336220472442
0
LINE
8
BLACK
6
CONTINUOUS
10
5.5715522047244095
20
-3.5548336220472438
11
5.5722440944881892
21
-3.5565039370078741
0
LINE
8
BLACK
6
CONTINUOUS
10
5.5722440944881892
20
-3.5565039370078741
11
5.5715522047244095
21
-3.558174251968504
0
LINE
8
BLACK
6
CONTINUOUS
10
5.5715522047244095
20
-3.558174251968504
11
5.5698818897637796
21
-3.5588661417322833
0
LINE
8
BLACK
6
CONTINUOUS
10
5.5698818897637796
20
-3.5588661417322833
11
5.4911417322834648
21
-3.5588661417322833
0
LINE
8
BLACK
6
CONTINUOUS
10
5.4911417322834648
20
-3.5588661417322833
11
5.4894714173228349
21
-3.558174251968504
0
LINE
8
BLACK
6
CONTINUOUS
10
5.4894714173228349
20
-3.558174251968504
11
5.4887795275590552
21
-3.5565039370078741
0
LINE
8
BLACK
6
CONTINUOUS
10
5.4887795275590552
20
-3.5565039370078741
11
5.4894714173228349
21
-3.5548336220472438
0
LINE
8
BLACK
6
CONTINUOUS
10
5.4894714173228349
20
-3.5548336220472438
11
5.4911417322834648
21
-3.5541417322834645
0
LINE
8
BLACK
6
CONTINUOUS
10
5.4911417322834648
20
-3.5541417322834645
11
5.5698818897637796
21
-3.5541417322834645
0
LINE
8
BLACK
6
CONTINUOUS
10
5.5698818897637796
20
-3.5541417322834645
11
5.5715522047244095
21
-3.5548336220472438
0
LINE
8
BLACK
6
CONTINUOUS
10
6.6715522047244091
20
-3.5548336220472438
11
6.6722440944881889
21
-3.5565039370078741
0
LINE
8
BLACK
6
CONTINUOUS
10
6.6722440944881889
20
-3.5565039370078741
11
6.6715522047244091
21
-3.558174251968504
0
LINE
8
BLACK
6
CONTINUOUS
10
6.6715522047244091
20
-3.558174251968504
11
6.6698818897637793
21
-3.5588661417322833
0
LINE
8
BLACK
6
CONTINUOUS
10
6.6698818897637793
20
-3.5588661417322833
11
6.5911417322834644
21
-3.5588661417322833
0
LINE
8
BLACK
6
CONTINUOUS
10
6.5911417322834644
20
-3.5588661417322833
11
6.5894714173228346
21
-3.558174251968504
0
LINE
8
BLACK
6
CONTINUOUS
10
6.5894714173228346
20
-3.558174251968504
11
6.5887795275590548
21
-3.5565039370078741
0
LINE
8
BLACK
6
CONTINUOUS
10
6.5887795275590548
20
-3.5565039370078741
11
6.5894714173228346
21
-3.5548336220472438
0
LINE
8
BLACK
6
CONTINUOUS
10
6.5894714173228346
20
-3.5548336220472438
11
6.5911417322834644
21
-3.5541417322834645
0
LINE
8
BLACK
6
CONTINUOUS
10
6.5911417322834644
20
-3.5541417322834645
11
6.6698818897637793
21
-3.5541417322834645
0
LINE
8
BLACK
6
CONTINUOUS
10
6.6698818897637793
20
-3.5541417322834645
11
6.6715522047244091
21
-3.5548336220472438
0
LINE
8
BLACK
6
CONTINUOUS
10
6.8185220866141734
20
-3.4950561811023619
11
6.8194196456692913
21
-3.4951913779527559
0
LINE
8
BLACK
6
CONTINUOUS
10
6.8194196456692913
20
-3.4951913779527559
11
6.8242940157480314
21
-3.4976285433070866
0
LINE
8
BLACK
6
CONTINUOUS
10
6.8242940157480314
20
-3.4976285433070866
11
6.8247486220472435
21
-3.4980762992125984
0
LINE
8
BLACK
6
CONTINUOUS
10
6.8247486220472435
20
-3.4980762992125984
11
6.8253172440944878
21
-3.4983660236220473
0
LINE
8
BLACK
6
CONTINUOUS
10
6.8253172440944878
20
-3.4983660236220473
11
6.8277544488188973
21
-3.5008032283464567
0
LINE
8
BLACK
6
CONTINUOUS
10
6.8277544488188973
20
-3.5008032283464567
11
6.8280441338582678
21
-3.5013718110236218
0
LINE
8
BLACK
6
CONTINUOUS
10
6.8280441338582678
20
-3.5013718110236218
11
6.8284919291338584
21
-3.5018264566929131
0
LINE
8
BLACK
6
CONTINUOUS
10
6.8284919291338584
20
-3.5018264566929131
11
6.8309291338582678
21
-3.506700866141732
0
LINE
8
BLACK
6
CONTINUOUS
10
6.8309291338582678
20
-3.506700866141732
11
6.8310642913385822
21
-3.5075983858267716
0
LINE
8
BLACK
6
CONTINUOUS
10
6.8310642913385822
20
-3.5075983858267716
11
6.8312785433070866
21
-3.5082577952755907
0
LINE
8
BLACK
6
CONTINUOUS
10
6.8312785433070866
20
-3.5082577952755907
11
6.8495219685039368
21
-3.4954874409448817
0
LINE
8
BLACK
6
CONTINUOUS
10
6.8495219685039368
20
-3.4954874409448817
11
6.8518489370078735
21
-3.4947763385826769
0
LINE
8
BLACK
6
CONTINUOUS
10
6.8518489370078735
20
-3.4947763385826769
11
6.854149488188976
21
-3.4955688582677165
0
LINE
8
BLACK
6
CONTINUOUS
10
6.854149488188976
20
-3.4955688582677165
11
6.8555448425196852
21
-3.4975622047244093
0
LINE
8
BLACK
6
CONTINUOUS
10
6.8555448425196852
20
-3.4975622047244093
11
6.8555020472440944
21
-3.4999950393700785
0
LINE
8
BLACK
6
CONTINUOUS
10
6.8555020472440944
20
-3.4999950393700785
11
6.8540374015748027
21
-3.5019380708661418
0
LINE
8
BLACK
6
CONTINUOUS
10
6.8540374015748027
20
-3.5019380708661418
11
6.8313447637795273
21
-3.5178229133858268
0
LINE
8
BLACK
6
CONTINUOUS
10
6.8313447637795273
20
-3.5178229133858268
11
6.8313447637795273
21
-3.5240220866141732
0
LINE
8
BLACK
6
CONTINUOUS
10
6.8313447637795273
20
-3.5240220866141732
11
6.8517796850393697
21
-3.5240220866141732
0
LINE
8
BLACK
6
CONTINUOUS
10
6.8517796850393697
20
-3.5240220866141732
11
6.8540938188976375
21
-3.5247739763779529
0
LINE
8
BLACK
6
CONTINUOUS
10
6.8540938188976375
20
-3.5247739763779529
11
6.8555240157480313
21
-3.5267424803149607
0
LINE
8
BLACK
6
CONTINUOUS
10
6.8555240157480313
20
-3.5267424803149607
11
6.8555240157480313
21
-3.5291757086614171
0
LINE
8
BLACK
6
CONTINUOUS
10
6.8555240157480313
20
-3.5291757086614171
11
6.8540938188976375
21
-3.5311442125984249
0
LINE
8
BLACK
6
CONTINUOUS
10
6.8540938188976375
20
-3.5311442125984249
11
6.8517796850393697
21
-3.5318961023622046
0
LINE
8
BLACK
6
CONTINUOUS
10
6.8517796850393697
20
-3.5318961023622046
11
6.8005985826771651
21
-3.5318961023622046
0
LINE
8
BLACK
6
CONTINUOUS
10
6.8005985826771651
20
-3.5318961023622046
11
6.8000055511811022
21
-3.5317034251968504
0
LINE
8
BLACK
6
CONTINUOUS
10
6.8000055511811022
20
-3.5317034251968504
11
6.7993819685039369
21
-3.5317034251968504
0
LINE
8
BLACK
6
CONTINUOUS
10
6.7993819685039369
20
-3.5317034251968504
11
6.7988774803149603
21
-3.5313368897637796
0
LINE
8
BLACK
6
CONTINUOUS
10
6.7988774803149603
20
-3.5313368897637796
11
6.7982844488188974
21
-3.5311442125984249
0
LINE
8
BLACK
6
CONTINUOUS
10
6.7982844488188974
20
-3.5311442125984249
11
6.7979179133858265
21
-3.5306397244094487
0
LINE
8
BLACK
6
CONTINUOUS
10
6.7979179133858265
20
-3.5306397244094487
11
6.7974134645669286
21
-3.5302732283464566
0
LINE
8
BLACK
6
CONTINUOUS
10
6.7974134645669286
20
-3.5302732283464566
11
6.7972207480314957
21
-3.5296801574803149
0
LINE
8
BLACK
6
CONTINUOUS
10
6.7972207480314957
20
-3.5296801574803149
11
6.7968542519685036
21
-3.5291757086614171
0
LINE
8
BLACK
6
CONTINUOUS
10
6.7968542519685036
20
-3.5291757086614171
11
6.7968542519685036
21
-3.5285520866141731
0
LINE
8
BLACK
6
CONTINUOUS
10
6.7968542519685036
20
-3.5285520866141731
11
6.7966615748031494
21
-3.5279590944881889
0
LINE
8
BLACK
6
CONTINUOUS
10
6.7966615748031494
20
-3.5279590944881889
11
6.7966615748031494
21
-3.5084615354330708
0
LINE
8
BLACK
6
CONTINUOUS
10
6.7966615748031494
20
-3.5084615354330708
11
6.7969420078740157
21
-3.5075983858267716
0
LINE
8
BLACK
6
CONTINUOUS
10
6.7969420078740157
20
-3.5075983858267716
11
6.7970772047244097
21
-3.506700866141732
0
LINE
8
BLACK
6
CONTINUOUS
10
6.7970772047244097
20
-3.506700866141732
11
6.7995144094488191
21
-3.5018264173228344
0
LINE
8
BLACK
6
CONTINUOUS
10
6.7995144094488191
20
-3.5018264173228344
11
6.7999622047244097
21
-3.5013717716535431
0
LINE
8
BLACK
6
CONTINUOUS
10
6.7999622047244097
20
-3.5013717716535431
11
6.8002518897637794
21
-3.5008032283464567
0
LINE
8
BLACK
6
CONTINUOUS
10
6.8002518897637794
20
-3.5008032283464567
11
6.8026890944881888
21
-3.4983660236220473
0
LINE
8
BLACK
6
CONTINUOUS
10
6.8026890944881888
20
-3.4983660236220473
11
6.8032576771653543
21
-3.4980762992125984
0
LINE
8
BLACK
6
CONTINUOUS
10
6.8032576771653543
20
-3.4980762992125984
11
6.8037123228346452
21
-3.4976285433070866
0
LINE
8
BLACK
6
CONTINUOUS
10
6.8037123228346452
20
-3.4976285433070866
11
6.8085866929133854
21
-3.4951913779527559
0
LINE
8
BLACK
6
CONTINUOUS
10
6.8085866929133854
20
-3.4951913779527559
11
6.8094841338582679
21
-3.4950561811023619
0
LINE
8
BLACK
6
CONTINUOUS
10
6.8094841338582679
20
-3.4950561811023619
11
6.8103473622047241
21
-3.494775748031496
0
LINE
8
BLACK
6
CONTINUOUS
10
6.8103473622047241
20
-3.494775748031496
11
6.8176589763779525
21
-3.494775748031496
0
LINE
8
BLACK
6
CONTINUOUS
10
6.8176589763779525
20
-3.494775748031496
11
6.8185220866141734
21
-3.4950561811023619
0
LINE
8
BLACK
6
CONTINUOUS
10
6.8078051181102364
20
-3.5043855511811022
11
6.8062714173228347
21
-3.5059192913385826
0
LINE
8
BLACK
6
CONTINUOUS
10
6.8062714173228347
20
-3.5059192913385826
11
6.8045355905511808
21
-3.5093909448818899
0
LINE
8
BLACK
6
CONTINUOUS
10
6.8045355905511808
20
-3.5093909448818899
11
6.8045355905511808
21
-3.5240220866141732
0
LINE
8
BLACK
6
CONTINUOUS
10
6.8045355905511808
20
-3.5240220866141732
11
6.8234707480314958
21
-3.5240220866141732
0
LINE
8
BLACK
6
CONTINUOUS
10
6.8234707480314958
20
-3.5240220866141732
11
6.8234707480314958
21
-3.5093909448818899
0
LINE
8
BLACK
6
CONTINUOUS
10
6.8234707480314958
20
-3.5093909448818899
11
6.8217348818897641
21
-3.5059192519685038
0
LINE
8
BLACK
6
CONTINUOUS
10
6.8217348818897641
20
-3.5059192519685038
11
6.8202011811023624
21
-3.5043855511811022
0
LINE
8
BLACK
6
CONTINUOUS
10
6.8202011811023624
20
-3.5043855511811022
11
6.8167295669291335
21
-3.5026497637795275
0
LINE
8
BLACK
6
CONTINUOUS
10
6.8167295669291335
20
-3.5026497637795275
11
6.8112767716535432
21
-3.5026497637795275
0
LINE
8
BLACK
6
CONTINUOUS
10
6.8112767716535432
20
-3.5026497637795275
11
6.8078051181102364
21
-3.5043855511811022
0
LINE
8
BLACK
6
CONTINUOUS
10
6.8542203149606298
20
-3.4444424015748032
11
6.8555700000000002
21
-3.4464669685039371
0
LINE
8
BLACK
6
CONTINUOUS
10
6.8555700000000002
20
-3.4464669685039371
11
6.8554719291338584
21
-3.4488981889763779
0
LINE
8
BLACK
6
CONTINUOUS
10
6.8554719291338584
20
-3.4488981889763779
11
6.8539635433070867
21
-3.4508074409448817
0
LINE
8
BLACK
6
CONTINUOUS
10
6.8539635433070867
20
-3.4508074409448817
11
6.8332866535433068
21
-3.4645920078740158
0
LINE
8
BLACK
6
CONTINUOUS
10
6.8332866535433068
20
-3.4645920078740158
11
6.8539635433070867
21
-3.4783765748031494
0
LINE
8
BLACK
6
CONTINUOUS
10
6.8539635433070867
20
-3.4783765748031494
11
6.8554719291338584
21
-3.4802858267716537
0
LINE
8
BLACK
6
CONTINUOUS
10
6.8554719291338584
20
-3.4802858267716537
11
6.8555700000000002
21
-3.4827170472440945
0
LINE
8
BLACK
6
CONTINUOUS
10
6.8555700000000002
20
-3.4827170472440945
11
6.8542203149606298
21
-3.4847416141732284
0
LINE
8
BLACK
6
CONTINUOUS
10
6.8542203149606298
20
-3.4847416141732284
11
6.8519383858267711
21
-3.4855861811023621
0
LINE
8
BLACK
6
CONTINUOUS
10
6.8519383858267711
20
-3.4855861811023621
11
6.8495958267716537
21
-3.4849281496062989
0
LINE
8
BLACK
6
CONTINUOUS
10
6.8495958267716537
20
-3.4849281496062989
11
6.8261891338582679
21
-3.4693236614173228
0
LINE
8
BLACK
6
CONTINUOUS
10
6.8261891338582679
20
-3.4693236614173228
11
6.802782440944882
21
-3.4849281496062989
0
LINE
8
BLACK
6
CONTINUOUS
10
6.802782440944882
20
-3.4849281496062989
11
6.8004398818897638
21
-3.4855861811023621
0
LINE
8
BLACK
6
CONTINUOUS
10
6.8004398818897638
20
-3.4855861811023621
11
6.7981579527559051
21
-3.4847416141732284
0
LINE
8
BLACK
6
CONTINUOUS
10
6.7981579527559051
20
-3.4847416141732284
11
6.7968082677165356
21
-3.4827170472440945
0
LINE
8
BLACK
6
CONTINUOUS
10
6.7968082677165356
20
-3.4827170472440945
11
6.7969063385826773
21
-3.4802858267716537
0
LINE
8
BLACK
6
CONTINUOUS
10
6.7969063385826773
20
-3.4802858267716537
11
6.7984147244094491
21
-3.4783765748031494
0
LINE
8
BLACK
6
CONTINUOUS
10
6.7984147244094491
20
-3.4783765748031494
11
6.8190915748031493
21
-3.4645920078740158
0
LINE
8
BLACK
6
CONTINUOUS
10
6.8190915748031493
20
-3.4645920078740158
11
6.7984147244094491
21
-3.4508074409448817
0
LINE
8
BLACK
6
CONTINUOUS
10
6.7984147244094491
20
-3.4508074409448817
11
6.7969063385826773
21
-3.4488981889763779
0
LINE
8
BLACK
6
CONTINUOUS
10
6.7969063385826773
20
-3.4488981889763779
11
6.7968082677165356
21
-3.4464669685039371
0
LINE
8
BLACK
6
CONTINUOUS
10
6.7968082677165356
20
-3.4464669685039371
11
6.7981579527559051
21
-3.4444424015748032
0
LINE
8
BLACK
6
CONTINUOUS
10
6.7981579527559051
20
-3.4444424015748032
11
6.8004398818897638
21
-3.443597834645669
0
LINE
8
BLACK
6
CONTINUOUS
10
6.8004398818897638
20
-3.443597834645669
11
6.802782440944882
21
-3.4442558661417322
0
LINE
8
BLACK
6
CONTINUOUS
10
6.802782440944882
20
-3.4442558661417322
11
6.8261891338582679
21
-3.45986031496063
0
LINE
8
BLACK
6
CONTINUOUS
10
6.8261891338582679
20
-3.45986031496063
11
6.8495958267716537
21
-3.4442558661417322
0
LINE
8
BLACK
6
CONTINUOUS
10
6.8495958267716537
20
-3.4442558661417322
11
6.8519383858267711
21
-3.443597834645669
0
LINE
8
BLACK
6
CONTINUOUS
10
6.8519383858267711
20
-3.443597834645669
11
6.8542203149606298
21
-3.4444424015748032
0
LINE
8
BLACK
6
CONTINUOUS
10
5.3197837007874016
20
-3.4349385433070867
11
5.3205355905511809
21
-3.4372526771653544
0
LINE
8
BLACK
6
CONTINUOUS
10
5.3205355905511809
20
-3.4372526771653544
11
5.3205355905511809
21
-3.4479388188976379
0
LINE
8
BLACK
6
CONTINUOUS
10
5.3205355905511809
20
-3.4479388188976379
11
5.3677796850393698
21
-3.4479388188976379
0
LINE
8
BLACK
6
CONTINUOUS
10
5.3677796850393698
20
-3.4479388188976379
11
5.3700938188976375
21
-3.4486907086614171
0
LINE
8
BLACK
6
CONTINUOUS
10
5.3700938188976375
20
-3.4486907086614171
11
5.3715240157480313
21
-3.450659212598425
0
LINE
8
BLACK
6
CONTINUOUS
10
5.3715240157480313
20
-3.450659212598425
11
5.3715240157480313
21
-3.4530924409448818
0
LINE
8
BLACK
6
CONTINUOUS
10
5.3715240157480313
20
-3.4530924409448818
11
5.3700938188976375
21
-3.4550609448818896
0
LINE
8
BLACK
6
CONTINUOUS
10
5.3700938188976375
20
-3.4550609448818896
11
5.3677796850393698
21
-3.4558128346456694
0
LINE
8
BLACK
6
CONTINUOUS
10
5.3677796850393698
20
-3.4558128346456694
11
5.3205355905511809
21
-3.4558128346456694
0
LINE
8
BLACK
6
CONTINUOUS
10
5.3205355905511809
20
-3.4558128346456694
11
5.3205355905511809
21
-3.4664990157480315
0
LINE
8
BLACK
6
CONTINUOUS
10
5.3205355905511809
20
-3.4664990157480315
11
5.3197837007874016
21
-3.4688131496062993
0
LINE
8
BLACK
6
CONTINUOUS
10
5.3197837007874016
20
-3.4688131496062993
11
5.3178151968503933
21
-3.4702433464566926
0
LINE
8
BLACK
6
CONTINUOUS
10
5.3178151968503933
20
-3.4702433464566926
11
5.315381968503937
21
-3.4702433464566926
0
LINE
8
BLACK
6
CONTINUOUS
10
5.315381968503937
20
-3.4702433464566926
11
5.3134134645669286
21
-3.4688131496062993
0
LINE
8
BLACK
6
CONTINUOUS
10
5.3134134645669286
20
-3.4688131496062993
11
5.3126615748031494
21
-3.4664990157480315
0
LINE
8
BLACK
6
CONTINUOUS
10
5.3126615748031494
20
-3.4664990157480315
11
5.3126615748031494
21
-3.4372526771653544
0
LINE
8
BLACK
6
CONTINUOUS
10
5.3126615748031494
20
-3.4372526771653544
11
5.3134134645669286
21
-3.4349385433070867
0
LINE
8
BLACK
6
CONTINUOUS
10
5.3134134645669286
20
-3.4349385433070867
11
5.315381968503937
21
-3.4335083464566929
0
LINE
8
BLACK
6
CONTINUOUS
10
5.315381968503937
20
-3.4335083464566929
11
5.3178151968503933
21
-3.4335083464566929
0
LINE
8
BLACK
6
CONTINUOUS
10
5.3178151968503933
20
-3.4335083464566929
11
5.3197837007874016
21
-3.4349385433070867
0
LINE
8
BLACK
6
CONTINUOUS
10
5.3941821259842522
20
-3.3774635433070865
11
5.394874015748031
21
-3.3791338582677164
0
LINE
8
BLACK
6
CONTINUOUS
10
5.394874015748031
20
-3.3791338582677164
11
5.394874015748031
21
-3.4578740157480312
0
LINE
8
BLACK
6
CONTINUOUS
10
5.394874015748031
20
-3.4578740157480312
11
5.3941821259842522
21
-3.4595443307086615
0
LINE
8
BLACK
6
CONTINUOUS
10
5.3941821259842522
20
-3.4595443307086615
11
5.3925118110236223
21
-3.4602362204724408
0
LINE
8
BLACK
6
CONTINUOUS
10
5.3925118110236223
20
-3.4602362204724408
11
5.3908414960629916
21
-3.4595443307086615
0
LINE
8
BLACK
6
CONTINUOUS
10
5.3908414960629916
20
-3.4595443307086615
11
5.3901496062992127
21
-3.4578740157480312
0
LINE
8
BLACK
6
CONTINUOUS
10
5.3901496062992127
20
-3.4578740157480312
11
5.3901496062992127
21
-3.3791338582677164
0
LINE
8
BLACK
6
CONTINUOUS
10
5.3901496062992127
20
-3.3791338582677164
11
5.3908414960629916
21
-3.3774635433070865
0
LINE
8
BLACK
6
CONTINUOUS
10
5.3908414960629916
20
-3.3774635433070865
11
5.3925118110236223
21
-3.3767716535433072
0
LINE
8
BLACK
6
CONTINUOUS
10
5.3925118110236223
20
-3.3767716535433072
11
5.3941821259842522
21
-3.3774635433070865
0
LINE
8
BLACK
6
CONTINUOUS
10
6.7701821259842516
20
-3.3774635433070865
11
6.7708740157480314
21
-3.3791338582677164
0
LINE
8
BLACK
6
CONTINUOUS
10
6.7708740157480314
20
-3.3791338582677164
11
6.7708740157480314
21
-3.4578740157480312
0
LINE
8
BLACK
6
CONTINUOUS
10
6.7708740157480314
20
-3.4578740157480312
11
6.7701821259842516
21
-3.4595443307086615
0
LINE
8
BLACK
6
CONTINUOUS
10
6.7701821259842516
20
-3.4595443307086615
11
6.7685118110236218
21
-3.4602362204724408
0
LINE
8
BLACK
6
CONTINUOUS
10
6.7685118110236218
20
-3.4602362204724408
11
6.7668414960629919
21
-3.4595443307086615
0
LINE
8
BLACK
6
CONTINUOUS
10
6.7668414960629919
20
-3.4595443307086615
11
6.7661496062992121
21
-3.4578740157480312
0
LINE
8
BLACK
6
CONTINUOUS
10
6.7661496062992121
20
-3.4578740157480312
11
6.7661496062992121
21
-3.3791338582677164
0
LINE
8
BLACK
6
CONTINUOUS
10
6.7661496062992121
20
-3.3791338582677164
11
6.7668414960629919
21
-3.3774635433070865
0
LINE
8
BLACK
6
CONTINUOUS
10
6.7668414960629919
20
-3.3774635433070865
11
6.7685118110236218
21
-3.3767716535433072
0
LINE
8
BLACK
6
CONTINUOUS
10
6.7685118110236218
20
-3.3767716535433072
11
6.7701821259842516
21
-3.3774635433070865
0
LINE
8
BLACK
6
CONTINUOUS
10
6.8003452755905514
20
-3.3882003543307087
11
6.8661495275590552
21
-3.4320698818897637
0
LINE
8
BLACK
6
CONTINUOUS
10
6.8661495275590552
20
-3.4320698818897637
11
6.8676579527559056
21
-3.4339791338582675
0
LINE
8
BLACK
6
CONTINUOUS
10
6.8676579527559056
20
-3.4339791338582675
11
6.8677559842519686
21
-3.4364103543307087
0
LINE
8
BLACK
6
CONTINUOUS
10
6.8677559842519686
20
-3.4364103543307087
11
6.8664062992125983
21
-3.4384349212598426
0
LINE
8
BLACK
6
CONTINUOUS
10
6.8664062992125983
20
-3.4384349212598426
11
6.8641243700787404
21
-3.4392794881889763
0
LINE
8
BLACK
6
CONTINUOUS
10
6.8641243700787404
20
-3.4392794881889763
11
6.8617818110236222
21
-3.4386214566929132
0
LINE
8
BLACK
6
CONTINUOUS
10
6.8617818110236222
20
-3.4386214566929132
11
6.7959775590551184
21
-3.3947519291338581
0
LINE
8
BLACK
6
CONTINUOUS
10
6.7959775590551184
20
-3.3947519291338581
11
6.7944691732283466
21
-3.3928426771653544
0
LINE
8
BLACK
6
CONTINUOUS
10
6.7944691732283466
20
-3.3928426771653544
11
6.7943711023622049
21
-3.3904114566929131
0
LINE
8
BLACK
6
CONTINUOUS
10
6.7943711023622049
20
-3.3904114566929131
11
6.7957207874015744
21
-3.3883868897637797
0
LINE
8
BLACK
6
CONTINUOUS
10
6.7957207874015744
20
-3.3883868897637797
11
6.7980027165354331
21
-3.3875423228346455
0
LINE
8
BLACK
6
CONTINUOUS
10
6.7980027165354331
20
-3.3875423228346455
11
6.8003452755905514
21
-3.3882003543307087
0
LINE
8
BLACK
6
CONTINUOUS
10
5.3702203149606298
20
-3.3878567322834643
11
5.3715700000000002
21
-3.3898812992125982
0
LINE
8
BLACK
6
CONTINUOUS
10
5.3715700000000002
20
-3.3898812992125982
11
5.3714719291338584
21
-3.3923125196850394
0
LINE
8
BLACK
6
CONTINUOUS
10
5.3714719291338584
20
-3.3923125196850394
11
5.3699635433070867
21
-3.3942217716535432
0
LINE
8
BLACK
6
CONTINUOUS
10
5.3699635433070867
20
-3.3942217716535432
11
5.3492866535433068
21
-3.4080063385826769
0
LINE
8
BLACK
6
CONTINUOUS
10
5.3492866535433068
20
-3.4080063385826769
11
5.3699635433070867
21
-3.421790905511811
0
LINE
8
BLACK
6
CONTINUOUS
10
5.3699635433070867
20
-3.421790905511811
11
5.3714719291338584
21
-3.4237001574803148
0
LINE
8
BLACK
6
CONTINUOUS
10
5.3714719291338584
20
-3.4237001574803148
11
5.3715700000000002
21
-3.426131377952756
0
LINE
8
BLACK
6
CONTINUOUS
10
5.3715700000000002
20
-3.426131377952756
11
5.3702203149606298
21
-3.4281559448818899
0
LINE
8
BLACK
6
CONTINUOUS
10
5.3702203149606298
20
-3.4281559448818899
11
5.367938385826772
21
-3.4290005118110236
0
LINE
8
BLACK
6
CONTINUOUS
10
5.367938385826772
20
-3.4290005118110236
11
5.3655958267716537
21
-3.4283424803149605
0
LINE
8
BLACK
6
CONTINUOUS
10
5.3655958267716537
20
-3.4283424803149605
11
5.3421891338582679
21
-3.4127379921259844
0
LINE
8
BLACK
6
CONTINUOUS
10
5.3421891338582679
20
-3.4127379921259844
11
5.3187824409448821
21
-3.4283424803149605
0
LINE
8
BLACK
6
CONTINUOUS
10
5.3187824409448821
20
-3.4283424803149605
11
5.3164398818897638
21
-3.4290005118110236
0
LINE
8
BLACK
6
CONTINUOUS
10
5.3164398818897638
20
-3.4290005118110236
11
5.3141579527559051
21
-3.4281559448818899
0
LINE
8
BLACK
6
CONTINUOUS
10
5.3141579527559051
20
-3.4281559448818899
11
5.3128082677165356
21
-3.426131377952756
0
LINE
8
BLACK
6
CONTINUOUS
10
5.3128082677165356
20
-3.426131377952756
11
5.3129063385826774
21
-3.4237001574803148
0
LINE
8
BLACK
6
CONTINUOUS
10
5.3129063385826774
20
-3.4237001574803148
11
5.3144147244094491
21
-3.421790905511811
0
LINE
8
BLACK
6
CONTINUOUS
10
5.3144147244094491
20
-3.421790905511811
11
5.3350915748031493
21
-3.4080063385826769
0
LINE
8
BLACK
6
CONTINUOUS
10
5.3350915748031493
20
-3.4080063385826769
11
5.3144147244094491
21
-3.3942217716535432
0
LINE
8
BLACK
6
CONTINUOUS
10
5.3144147244094491
20
-3.3942217716535432
11
5.3129063385826774
21
-3.3923125196850394
0
LINE
8
BLACK
6
CONTINUOUS
10
5.3129063385826774
20
-3.3923125196850394
11
5.3128082677165356
21
-3.3898812992125982
0
LINE
8
BLACK
6
CONTINUOUS
10
5.3128082677165356
20
-3.3898812992125982
11
5.3141579527559051
21
-3.3878567322834643
0
LINE
8
BLACK
6
CONTINUOUS
10
5.3141579527559051
20
-3.3878567322834643
11
5.3164398818897638
21
-3.3870121653543306
0
LINE
8
BLACK
6
CONTINUOUS
10
5.3164398818897638
20
-3.3870121653543306
11
5.3187824409448821
21
-3.3876701968503937
0
LINE
8
BLACK
6
CONTINUOUS
10
5.3187824409448821
20
-3.3876701968503937
11
5.3421891338582679
21
-3.4032746456692911
0
LINE
8
BLACK
6
CONTINUOUS
10
5.3421891338582679
20
-3.4032746456692911
11
5.3655958267716537
21
-3.3876701968503937
0
LINE
8
BLACK
6
CONTINUOUS
10
5.3655958267716537
20
-3.3876701968503937
11
5.367938385826772
21
-3.3870121653543306
0
LINE
8
BLACK
6
CONTINUOUS
10
5.367938385826772
20
-3.3870121653543306
11
5.3702203149606298
21
-3.3878567322834643
0
LINE
8
BLACK
6
CONTINUOUS
10
6.8037837007874016
20
-3.3501668897637793
11
6.8045355905511808
21
-3.352481023622047
0
LINE
8
BLACK
6
CONTINUOUS
10
6.8045355905511808
20
-3.352481023622047
11
6.8045355905511808
21
-3.3631671653543305
0
LINE
8
BLACK
6
CONTINUOUS
10
6.8045355905511808
20
-3.3631671653543305
11
6.8517796850393697
21
-3.3631671653543305
0
LINE
8
BLACK
6
CONTINUOUS
10
6.8517796850393697
20
-3.3631671653543305
11
6.8540938188976375
21
-3.3639190551181102
0
LINE
8
BLACK
6
CONTINUOUS
10
6.8540938188976375
20
-3.3639190551181102
11
6.8555240157480313
21
-3.3658875590551181
0
LINE
8
BLACK
6
CONTINUOUS
10
6.8555240157480313
20
-3.3658875590551181
11
6.8555240157480313
21
-3.3683207874015748
0
LINE
8
BLACK
6
CONTINUOUS
10
6.8555240157480313
20
-3.3683207874015748
11
6.8540938188976375
21
-3.3702892913385827
0
LINE
8
BLACK
6
CONTINUOUS
10
6.8540938188976375
20
-3.3702892913385827
11
6.8517796850393697
21
-3.3710411811023619
0
LINE
8
BLACK
6
CONTINUOUS
10
6.8517796850393697
20
-3.3710411811023619
11
6.8045355905511808
21
-3.3710411811023619
0
LINE
8
BLACK
6
CONTINUOUS
10
6.8045355905511808
20
-3.3710411811023619
11
6.8045355905511808
21
-3.3817273622047241
0
LINE
8
BLACK
6
CONTINUOUS
10
6.8045355905511808
20
-3.3817273622047241
11
6.8037837007874016
21
-3.3840414960629919
0
LINE
8
BLACK
6
CONTINUOUS
10
6.8037837007874016
20
-3.3840414960629919
11
6.8018151968503933
21
-3.3854716929133857
0
LINE
8
BLACK
6
CONTINUOUS
10
6.8018151968503933
20
-3.3854716929133857
11
6.7993819685039369
21
-3.3854716929133857
0
LINE
8
BLACK
6
CONTINUOUS
10
6.7993819685039369
20
-3.3854716929133857
11
6.7974134645669286
21
-3.3840414960629919
0
LINE
8
BLACK
6
CONTINUOUS
10
6.7974134645669286
20
-3.3840414960629919
11
6.7966615748031494
21
-3.3817273622047241
0
LINE
8
BLACK
6
CONTINUOUS
10
6.7966615748031494
20
-3.3817273622047241
11
6.7966615748031494
21
-3.352481023622047
0
LINE
8
BLACK
6
CONTINUOUS
10
6.7966615748031494
20
-3.352481023622047
11
6.7974134645669286
21
-3.3501668897637793
0
LINE
8
BLACK
6
CONTINUOUS
10
6.7974134645669286
20
-3.3501668897637793
11
6.7993819685039369
21
-3.3487366929133859
0
LINE
8
BLACK
6
CONTINUOUS
10
6.7993819685039369
20
-3.3487366929133859
11
6.8018151968503933
21
-3.3487366929133859
0
LINE
8
BLACK
6
CONTINUOUS
10
6.8018151968503933
20
-3.3487366929133859
11
6.8037837007874016
21
-3.3501668897637793
0
LINE
8
BLACK
6
CONTINUOUS
10
6.8542203149606298
20
-3.3030850787401573
11
6.8555700000000002
21
-3.3051096456692912
0
LINE
8
BLACK
6
CONTINUOUS
10
6.8555700000000002
20
-3.3051096456692912
11
6.8554719291338584
21
-3.307540866141732
0
LINE
8
BLACK
6
CONTINUOUS
10
6.8554719291338584
20
-3.307540866141732
11
6.8539635433070867
21
-3.3094501181102363
0
LINE
8
BLACK
6
CONTINUOUS
10
6.8539635433070867
20
-3.3094501181102363
11
6.8332866535433068
21
-3.3232346850393699
0
LINE
8
BLACK
6
CONTINUOUS
10
6.8332866535433068
20
-3.3232346850393699
11
6.8539635433070867
21
-3.337019251968504
0
LINE
8
BLACK
6
CONTINUOUS
10
6.8539635433070867
20
-3.337019251968504
11
6.8554719291338584
21
-3.3389285039370078
0
LINE
8
BLACK
6
CONTINUOUS
10
6.8554719291338584
20
-3.3389285039370078
11
6.8555700000000002
21
-3.3413597244094486
0
LINE
8
BLACK
6
CONTINUOUS
10
6.8555700000000002
20
-3.3413597244094486
11
6.8542203149606298
21
-3.3433842913385825
0
LINE
8
BLACK
6
CONTINUOUS
10
6.8542203149606298
20
-3.3433842913385825
11
6.8519383858267711
21
-3.3442288582677167
0
LINE
8
BLACK
6
CONTINUOUS
10
6.8519383858267711
20
-3.3442288582677167
11
6.8495958267716537
21
-3.3435708267716535
0
LINE
8
BLACK
6
CONTINUOUS
10
6.8495958267716537
20
-3.3435708267716535
11
6.8261891338582679
21
-3.327966338582677
0
LINE
8
BLACK
6
CONTINUOUS
10
6.8261891338582679
20
-3.327966338582677
11
6.802782440944882
21
-3.3435708267716535
0
LINE
8
BLACK
6
CONTINUOUS
10
6.802782440944882
20
-3.3435708267716535
11
6.8004398818897638
21
-3.3442288582677167
0
LINE
8
BLACK
6
CONTINUOUS
10
6.8004398818897638
20
-3.3442288582677167
11
6.7981579527559051
21
-3.3433842913385825
0
LINE
8
BLACK
6
CONTINUOUS
10
6.7981579527559051
20
-3.3433842913385825
11
6.7968082677165356
21
-3.3413597244094486
0
LINE
8
BLACK
6
CONTINUOUS
10
6.7968082677165356
20
-3.3413597244094486
11
6.7969063385826773
21
-3.3389285039370078
0
LINE
8
BLACK
6
CONTINUOUS
10
6.7969063385826773
20
-3.3389285039370078
11
6.7984147244094491
21
-3.337019251968504
0
LINE
8
BLACK
6
CONTINUOUS
10
6.7984147244094491
20
-3.337019251968504
11
6.8190915748031493
21
-3.3232346850393699
0
LINE
8
BLACK
6
CONTINUOUS
10
6.8190915748031493
20
-3.3232346850393699
11
6.7984147244094491
21
-3.3094501181102363
0
LINE
8
BLACK
6
CONTINUOUS
10
6.7984147244094491
20
-3.3094501181102363
11
6.7969063385826773
21
-3.307540866141732
0
LINE
8
BLACK
6
CONTINUOUS
10
6.7969063385826773
20
-3.307540866141732
11
6.7968082677165356
21
-3.3051096456692912
0
LINE
8
BLACK
6
CONTINUOUS
10
6.7968082677165356
20
-3.3051096456692912
11
6.7981579527559051
21
-3.3030850787401573
0
LINE
8
BLACK
6
CONTINUOUS
10
6.7981579527559051
20
-3.3030850787401573
11
6.8004398818897638
21
-3.3022405118110236
0
LINE
8
BLACK
6
CONTINUOUS
10
6.8004398818897638
20
-3.3022405118110236
11
6.802782440944882
21
-3.3028985433070863
0
LINE
8
BLACK
6
CONTINUOUS
10
6.802782440944882
20
-3.3028985433070863
11
6.8261891338582679
21
-3.3185029921259841
0
LINE
8
BLACK
6
CONTINUOUS
10
6.8261891338582679
20
-3.3185029921259841
11
6.8495958267716537
21
-3.3028985433070863
0
LINE
8
BLACK
6
CONTINUOUS
10
6.8495958267716537
20
-3.3028985433070863
11
6.8519383858267711
21
-3.3022405118110236
0
LINE
8
BLACK
6
CONTINUOUS
10
6.8519383858267711
20
-3.3022405118110236
11
6.8542203149606298
21
-3.3030850787401573
0
LINE
8
BLACK
6
CONTINUOUS
10
5.5715522047244095
20
-3.278833622047244
11
5.5722440944881892
21
-3.2805039370078739
0
LINE
8
BLACK
6
CONTINUOUS
10
5.5722440944881892
20
-3.2805039370078739
11
5.5715522047244095
21
-3.2821742519685038
0
LINE
8
BLACK
6
CONTINUOUS
10
5.5715522047244095
20
-3.2821742519685038
11
5.5698818897637796
21
-3.2828661417322835
0
LINE
8
BLACK
6
CONTINUOUS
10
5.5698818897637796
20
-3.2828661417322835
11
5.4911417322834648
21
-3.2828661417322835
0
LINE
8
BLACK
6
CONTINUOUS
10
5.4911417322834648
20
-3.2828661417322835
11
5.4894714173228349
21
-3.2821742519685038
0
LINE
8
BLACK
6
CONTINUOUS
10
5.4894714173228349
20
-3.2821742519685038
11
5.4887795275590552
21
-3.2805039370078739
0
LINE
8
BLACK
6
CONTINUOUS
10
5.4887795275590552
20
-3.2805039370078739
11
5.4894714173228349
21
-3.278833622047244
0
LINE
8
BLACK
6
CONTINUOUS
10
5.4894714173228349
20
-3.278833622047244
11
5.4911417322834648
21
-3.2781417322834643
0
LINE
8
BLACK
6
CONTINUOUS
10
5.4911417322834648
20
-3.2781417322834643
11
5.5698818897637796
21
-3.2781417322834643
0
LINE
8
BLACK
6
CONTINUOUS
10
5.5698818897637796
20
-3.2781417322834643
11
5.5715522047244095
21
-3.278833622047244
0
LINE
8
BLACK
6
CONTINUOUS
10
6.6715522047244091
20
-3.278833622047244
11
6.6722440944881889
21
-3.2805039370078739
0
LINE
8
BLACK
6
CONTINUOUS
10
6.6722440944881889
20
-3.2805039370078739
11
6.6715522047244091
21
-3.2821742519685038
0
LINE
8
BLACK
6
CONTINUOUS
10
6.6715522047244091
20
-3.2821742519685038
11
6.6698818897637793
21
-3.2828661417322835
0
LINE
8
BLACK
6
CONTINUOUS
10
6.6698818897637793
20
-3.2828661417322835
11
6.5911417322834644
21
-3.2828661417322835
0
LINE
8
BLACK
6
CONTINUOUS
10
6.5911417322834644
20
-3.2828661417322835
11
6.5894714173228346
21
-3.2821742519685038
0
LINE
8
BLACK
6
CONTINUOUS
10
6.5894714173228346
20
-3.2821742519685038
11
6.5887795275590548
21
-3.2805039370078739
0
LINE
8
BLACK
6
CONTINUOUS
10
6.5887795275590548
20
-3.2805039370078739
11
6.5894714173228346
21
-3.278833622047244
0
LINE
8
BLACK
6
CONTINUOUS
10
6.5894714173228346
20
-3.278833622047244
11
6.5911417322834644
21
-3.2781417322834643
0
LINE
8
BLACK
6
CONTINUOUS
10
6.5911417322834644
20
-3.2781417322834643
11
6.6698818897637793
21
-3.2781417322834643
0
LINE
8
BLACK
6
CONTINUOUS
10
6.6698818897637793
20
-3.2781417322834643
11
6.6715522047244091
21
-3.278833622047244
0
LINE
8
BLACK
6
CONTINUOUS
10
6.7496503543307087
20
-3.196142125984252
11
6.7503411811023621
21
-3.198040118110236
0
LINE
8
BLACK
6
CONTINUOUS
10
6.7503411811023621
20
-3.198040118110236
11
6.7503411811023621
21
-3.2261615748031494
0
LINE
8
BLACK
6
CONTINUOUS
10
6.7503411811023621
20
-3.2261615748031494
11
6.7501878740157482
21
-3.2270309448818897
0
LINE
8
BLACK
6
CONTINUOUS
10
6.7501878740157482
20
-3.2270309448818897
11
6.7501896456692911
21
-3.2270953543307086
0
LINE
8
BLACK
6
CONTINUOUS
10
6.7501896456692911
20
-3.2270953543307086
11
6.7483148818897636
21
-3.2327196062992125
0
LINE
8
BLACK
6
CONTINUOUS
10
6.7483148818897636
20
-3.2327196062992125
11
6.7478265748031498
21
-3.2336213779527556
0
LINE
8
BLACK
6
CONTINUOUS
10
6.7478265748031498
20
-3.2336213779527556
11
6.7476761811023618
21
-3.23371374015748
0
LINE
8
BLACK
6
CONTINUOUS
10
6.7476761811023618
20
-3.23371374015748
11
6.7476016141732282
21
-3.2338737401574802
0
LINE
8
BLACK
6
CONTINUOUS
10
6.7476016141732282
20
-3.2338737401574802
11
6.7438520472440944
21
-3.2376233464566928
0
LINE
8
BLACK
6
CONTINUOUS
10
6.7438520472440944
20
-3.2376233464566928
11
6.7430120078740154
21
-3.2382115354330709
0
LINE
8
BLACK
6
CONTINUOUS
10
6.7430120078740154
20
-3.2382115354330709
11
6.7428361417322833
21
-3.2382268897637796
0
LINE
8
BLACK
6
CONTINUOUS
10
6.7428361417322833
20
-3.2382268897637796
11
6.7426978740157475
21
-3.2383366535433069
0
LINE
8
BLACK
6
CONTINUOUS
10
6.7426978740157475
20
-3.2383366535433069
11
6.7370735826771648
21
-3.2402114173228345
0
LINE
8
BLACK
6
CONTINUOUS
10
6.7370735826771648
20
-3.2402114173228345
11
6.7362003937007868
21
-3.2403408661417323
0
LINE
8
BLACK
6
CONTINUOUS
10
6.7362003937007868
20
-3.2403408661417323
11
6.7361398425196848
21
-3.2403629527559055
0
LINE
8
BLACK
6
CONTINUOUS
10
6.7361398425196848
20
-3.2403629527559055
11
6.7323903149606297
21
-3.2403629527559055
0
LINE
8
BLACK
6
CONTINUOUS
10
6.7323903149606297
20
-3.2403629527559055
11
6.7313803937007872
21
-3.2401848818897636
0
LINE
8
BLACK
6
CONTINUOUS
10
6.7313803937007872
20
-3.2401848818897636
11
6.7298331496062991
21
-3.2388865748031495
0
LINE
8
BLACK
6
CONTINUOUS
10
6.7298331496062991
20
-3.2388865748031495
11
6.7294824015748027
21
-3.2368974409448819
0
LINE
8
BLACK
6
CONTINUOUS
10
6.7294824015748027
20
-3.2368974409448819
11
6.7304923228346452
21
-3.2351482677165353
0
LINE
8
BLACK
6
CONTINUOUS
10
6.7304923228346452
20
-3.2351482677165353
11
6.7323903149606297
21
-3.2344574409448819
0
LINE
8
BLACK
6
CONTINUOUS
10
6.7323903149606297
20
-3.2344574409448819
11
6.7356607086614169
21
-3.2344574409448819
0
LINE
8
BLACK
6
CONTINUOUS
10
6.7356607086614169
20
-3.2344574409448819
11
6.7401690944881887
21
-3.2329546062992125
0
LINE
8
BLACK
6
CONTINUOUS
10
6.7401690944881887
20
-3.2329546062992125
11
6.7429328346456687
21
-3.2301908267716533
0
LINE
8
BLACK
6
CONTINUOUS
10
6.7429328346456687
20
-3.2301908267716533
11
6.7444356692913381
21
-3.2256824409448819
0
LINE
8
BLACK
6
CONTINUOUS
10
6.7444356692913381
20
-3.2256824409448819
11
6.7444356692913381
21
-3.198040118110236
0
LINE
8
BLACK
6
CONTINUOUS
10
6.7444356692913381
20
-3.198040118110236
11
6.7446137401574804
21
-3.1970301968503936
0
LINE
8
BLACK
6
CONTINUOUS
10
6.7446137401574804
20
-3.1970301968503936
11
6.7459120472440945
21
-3.1954829527559054
0
LINE
8
BLACK
6
CONTINUOUS
10
6.7459120472440945
20
-3.1954829527559054
11
6.7479011811023621
21
-3.1951322047244095
0
LINE
8
BLACK
6
CONTINUOUS
10
6.7479011811023621
20
-3.1951322047244095
11
6.7496503543307087
21
-3.196142125984252
0
LINE
8
BLACK
6
CONTINUOUS
10
6.7896431889763775
20
-3.1952654330708659
11
6.7899104330708662
21
-3.1954896850393699
0
LINE
8
BLACK
6
CONTINUOUS
10
6.7899104330708662
20
-3.1954896850393699
11
6.7902500393700782
21
-3.1955693307086612
0
LINE
8
BLACK
6
CONTINUOUS
10
6.7902500393700782
20
-3.1955693307086612
11
6.7906626377952755
21
-3.1961208661417322
0
LINE
8
BLACK
6
CONTINUOUS
10
6.7906626377952755
20
-3.1961208661417322
11
6.7911904330708657
21
-3.1965637401574805
0
LINE
8
BLACK
6
CONTINUOUS
10
6.7911904330708657
20
-3.1965637401574805
11
6.7912509842519686
21
-3.1969073228346456
0
LINE
8
BLACK
6
CONTINUOUS
10
6.7912509842519686
20
-3.1969073228346456
11
6.7914599606299211
21
-3.1971866141732281
0
LINE
8
BLACK
6
CONTINUOUS
10
6.7914599606299211
20
-3.1971866141732281
11
6.7914214960629922
21
-3.1978743307086615
0
LINE
8
BLACK
6
CONTINUOUS
10
6.7914214960629922
20
-3.1978743307086615
11
6.791541181102362
21
-3.1985528740157481
0
LINE
8
BLACK
6
CONTINUOUS
10
6.791541181102362
20
-3.1985528740157481
11
6.7913667322834641
21
-3.198855
0
LINE
8
BLACK
6
CONTINUOUS
10
6.7913667322834641
20
-3.198855
11
6.7913472834645665
21
-3.1992032677165354
0
LINE
8
BLACK
6
CONTINUOUS
10
6.7913472834645665
20
-3.1992032677165354
11
6.7744744094488185
21
-3.2385733464566928
0
LINE
8
BLACK
6
CONTINUOUS
10
6.7744744094488185
20
-3.2385733464566928
11
6.7739129133858267
21
-3.2394314566929134
0
LINE
8
BLACK
6
CONTINUOUS
10
6.7739129133858267
20
-3.2394314566929134
11
6.7721100787401571
21
-3.2403421653543307
0
LINE
8
BLACK
6
CONTINUOUS
10
6.7721100787401571
20
-3.2403421653543307
11
6.770143622047244
21
-3.239881023622047
0
LINE
8
BLACK
6
CONTINUOUS
10
6.770143622047244
20
-3.239881023622047
11
6.7689337007874011
21
-3.2382637007874013
0
LINE
8
BLACK
6
CONTINUOUS
10
6.7689337007874011
20
-3.2382637007874013
11
6.7690463779527557
21
-3.2362470472440945
0
LINE
8
BLACK
6
CONTINUOUS
10
6.7690463779527557
20
-3.2362470472440945
11
6.7841552755905514
21
-3.2009928740157481
0
LINE
8
BLACK
6
CONTINUOUS
10
6.7841552755905514
20
-3.2009928740157481
11
6.7623865748031493
21
-3.2009928740157481
0
LINE
8
BLACK
6
CONTINUOUS
10
6.7623865748031493
20
-3.2009928740157481
11
6.7613766535433069
21
-3.2008148031496062
0
LINE
8
BLACK
6
CONTINUOUS
10
6.7613766535433069
20
-3.2008148031496062
11
6.7598294094488187
21
-3.199516496062992
0
LINE
8
BLACK
6
CONTINUOUS
10
6.7598294094488187
20
-3.199516496062992
11
6.7594786614173223
21
-3.1975273622047244
0
LINE
8
BLACK
6
CONTINUOUS
10
6.7594786614173223
20
-3.1975273622047244
11
6.7604885826771648
21
-3.1957781889763779
0
LINE
8
BLACK
6
CONTINUOUS
10
6.7604885826771648
20
-3.1957781889763779
11
6.7623865748031493
21
-3.1950873622047244
0
LINE
8
BLACK
6
CONTINUOUS
10
6.7623865748031493
20
-3.1950873622047244
11
6.7886332677165351
21
-3.1950873622047244
0
LINE
8
BLACK
6
CONTINUOUS
10
6.7886332677165351
20
-3.1950873622047244
11
6.7896431889763775
21
-3.1952654330708659
0
LINE
8
BLACK
6
CONTINUOUS
10
5.3796503543307086
20
-3.1841421259842519
11
5.380341181102362
21
-3.186040118110236
0
LINE
8
BLACK
6
CONTINUOUS
10
5.380341181102362
20
-3.186040118110236
11
5.380341181102362
21
-3.2141615748031493
0
LINE
8
BLACK
6
CONTINUOUS
10
5.380341181102362
20
-3.2141615748031493
11
5.3801878740157481
21
-3.2150309448818897
0
LINE
8
BLACK
6
CONTINUOUS
10
5.3801878740157481
20
-3.2150309448818897
11
5.380189645669291
21
-3.2150953543307086
0
LINE
8
BLACK
6
CONTINUOUS
10
5.380189645669291
20
-3.2150953543307086
11
5.3783148818897635
21
-3.2207196062992125
0
LINE
8
BLACK
6
CONTINUOUS
10
5.3783148818897635
20
-3.2207196062992125
11
5.3778265748031497
21
-3.221621377952756
0
LINE
8
BLACK
6
CONTINUOUS
10
5.3778265748031497
20
-3.221621377952756
11
5.3776761811023617
21
-3.22171374015748
0
LINE
8
BLACK
6
CONTINUOUS
10
5.3776761811023617
20
-3.22171374015748
11
5.3776016141732281
21
-3.2218737401574802
0
LINE
8
BLACK
6
CONTINUOUS
10
5.3776016141732281
20
-3.2218737401574802
11
5.3738520472440943
21
-3.2256233464566928
0
LINE
8
BLACK
6
CONTINUOUS
10
5.3738520472440943
20
-3.2256233464566928
11
5.3730120078740153
21
-3.2262115354330709
0
LINE
8
BLACK
6
CONTINUOUS
10
5.3730120078740153
20
-3.2262115354330709
11
5.3728361417322832
21
-3.2262268897637796
0
LINE
8
BLACK
6
CONTINUOUS
10
5.3728361417322832
20
-3.2262268897637796
11
5.3726978740157483
21
-3.2263366535433069
0
LINE
8
BLACK
6
CONTINUOUS
10
5.3726978740157483
20
-3.2263366535433069
11
5.3670735826771656
21
-3.2282114173228345
0
LINE
8
BLACK
6
CONTINUOUS
10
5.3670735826771656
20
-3.2282114173228345
11
5.3662003937007876
21
-3.2283408661417323
0
LINE
8
BLACK
6
CONTINUOUS
10
5.3662003937007876
20
-3.2283408661417323
11
5.3661398425196847
21
-3.2283629527559055
0
LINE
8
BLACK
6
CONTINUOUS
10
5.3661398425196847
20
-3.2283629527559055
11
5.3623903149606296
21
-3.2283629527559055
0
LINE
8
BLACK
6
CONTINUOUS
10
5.3623903149606296
20
-3.2283629527559055
11
5.3613803937007871
21
-3.2281848818897636
0
LINE
8
BLACK
6
CONTINUOUS
10
5.3613803937007871
20
-3.2281848818897636
11
5.359833149606299
21
-3.2268865748031494
0
LINE
8
BLACK
6
CONTINUOUS
10
5.359833149606299
20
-3.2268865748031494
11
5.3594824015748026
21
-3.2248974409448818
0
LINE
8
BLACK
6
CONTINUOUS
10
5.3594824015748026
20
-3.2248974409448818
11
5.3604923228346459
21
-3.2231482677165353
0
LINE
8
BLACK
6
CONTINUOUS
10
5.3604923228346459
20
-3.2231482677165353
11
5.3623903149606296
21
-3.2224574409448818
0
LINE
8
BLACK
6
CONTINUOUS
10
5.3623903149606296
20
-3.2224574409448818
11
5.3656607086614176
21
-3.2224574409448818
0
LINE
8
BLACK
6
CONTINUOUS
10
5.3656607086614176
20
-3.2224574409448818
11
5.3701690944881886
21
-3.2209546062992125
0
LINE
8
BLACK
6
CONTINUOUS
10
5.3701690944881886
20
-3.2209546062992125
11
5.3729328346456695
21
-3.2181908267716537
0
LINE
8
BLACK
6
CONTINUOUS
10
5.3729328346456695
20
-3.2181908267716537
11
5.3744356692913389
21
-3.2136824409448819
0
LINE
8
BLACK
6
CONTINUOUS
10
5.3744356692913389
20
-3.2136824409448819
11
5.3744356692913389
21
-3.186040118110236
0
LINE
8
BLACK
6
CONTINUOUS
10
5.3744356692913389
20
-3.186040118110236
11
5.3746137401574803
21
-3.1850301968503936
0
LINE
8
BLACK
6
CONTINUOUS
10
5.3746137401574803
20
-3.1850301968503936
11
5.3759120472440944
21
-3.1834829527559054
0
LINE
8
BLACK
6
CONTINUOUS
10
5.3759120472440944
20
-3.1834829527559054
11
5.377901181102362
21
-3.1831322047244095
0
LINE
8
BLACK
6
CONTINUOUS
10
5.377901181102362
20
-3.1831322047244095
11
5.3796503543307086
21
-3.1841421259842519
0
LINE
8
BLACK
6
CONTINUOUS
10
5.4102693700787396
20
-3.1832654330708663
11
5.4104046062992124
21
-3.183378897637795
0
LINE
8
BLACK
6
CONTINUOUS
10
5.4104046062992124
20
-3.183378897637795
11
5.4105799606299207
21
-3.1833990944881889
0
LINE
8
BLACK
6
CONTINUOUS
10
5.4105799606299207
20
-3.1833990944881889
11
5.4143294881889759
21
-3.1852738582677165
0
LINE
8
BLACK
6
CONTINUOUS
10
5.4143294881889759
20
-3.1852738582677165
11
5.4150385433070864
21
-3.1857997637795274
0
LINE
8
BLACK
6
CONTINUOUS
10
5.4150385433070864
20
-3.1857997637795274
11
5.4150968897637792
21
-3.1858269685039371
0
LINE
8
BLACK
6
CONTINUOUS
10
5.4150968897637792
20
-3.1858269685039371
11
5.4169716535433068
21
-3.1877017322834647
0
LINE
8
BLACK
6
CONTINUOUS
10
5.4169716535433068
20
-3.1877017322834647
11
5.4174779133858264
21
-3.1884248031496063
0
LINE
8
BLACK
6
CONTINUOUS
10
5.4174779133858264
20
-3.1884248031496063
11
5.4175247637795279
21
-3.1884691338582676
0
LINE
8
BLACK
6
CONTINUOUS
10
5.4175247637795279
20
-3.1884691338582676
11
5.4193995275590554
21
-3.1922186614173227
0
LINE
8
BLACK
6
CONTINUOUS
10
5.4193995275590554
20
-3.1922186614173227
11
5.4196918897637794
21
-3.1932015748031497
0
LINE
8
BLACK
6
CONTINUOUS
10
5.4196918897637794
20
-3.1932015748031497
11
5.4196508661417324
21
-3.1933732677165354
0
LINE
8
BLACK
6
CONTINUOUS
10
5.4196508661417324
20
-3.1933732677165354
11
5.4197112598425194
21
-3.1935391732283462
0
LINE
8
BLACK
6
CONTINUOUS
10
5.4197112598425194
20
-3.1935391732283462
11
5.4197112598425194
21
-3.1972887007874013
0
LINE
8
BLACK
6
CONTINUOUS
10
5.4197112598425194
20
-3.1972887007874013
11
5.4195579527559055
21
-3.1981580708661417
0
LINE
8
BLACK
6
CONTINUOUS
10
5.4195579527559055
20
-3.1981580708661417
11
5.4195597244094484
21
-3.1982224803149606
0
LINE
8
BLACK
6
CONTINUOUS
10
5.4195597244094484
20
-3.1982224803149606
11
5.4176849606299209
21
-3.2038467322834645
0
LINE
8
BLACK
6
CONTINUOUS
10
5.4176849606299209
20
-3.2038467322834645
11
5.4171966535433071
21
-3.2047485039370076
0
LINE
8
BLACK
6
CONTINUOUS
10
5.4171966535433071
20
-3.2047485039370076
11
5.41704625984252
21
-3.204840866141732
0
LINE
8
BLACK
6
CONTINUOUS
10
5.41704625984252
20
-3.204840866141732
11
5.4169716535433068
21
-3.2050009055118109
0
LINE
8
BLACK
6
CONTINUOUS
10
5.4169716535433068
20
-3.2050009055118109
11
5.3995151574803151
21
-3.2224574409448818
0
LINE
8
BLACK
6
CONTINUOUS
10
5.3995151574803151
20
-3.2224574409448818
11
5.4167585039370074
21
-3.2224574409448818
0
LINE
8
BLACK
6
CONTINUOUS
10
5.4167585039370074
20
-3.2224574409448818
11
5.4177684251968499
21
-3.2226355118110237
0
LINE
8
BLACK
6
CONTINUOUS
10
5.4177684251968499
20
-3.2226355118110237
11
5.4193156692913389
21
-3.2239338188976379
0
LINE
8
BLACK
6
CONTINUOUS
10
5.4193156692913389
20
-3.2239338188976379
11
5.4196664173228344
21
-3.2259229527559055
0
LINE
8
BLACK
6
CONTINUOUS
10
5.4196664173228344
20
-3.2259229527559055
11
5.4186564960629919
21
-3.227672125984252
0
LINE
8
BLACK
6
CONTINUOUS
10
5.4186564960629919
20
-3.227672125984252
11
5.4167585039370074
21
-3.2283629527559055
0
LINE
8
BLACK
6
CONTINUOUS
10
5.4167585039370074
20
-3.2283629527559055
11
5.3923865748031492
21
-3.2283629527559055
0
LINE
8
BLACK
6
CONTINUOUS
10
5.3923865748031492
20
-3.2283629527559055
11
5.3917518110236218
21
-3.2282510236220472
0
LINE
8
BLACK
6
CONTINUOUS
10
5.3917518110236218
20
-3.2282510236220472
11
5.3916223622047239
21
-3.2282623622047244
0
LINE
8
BLACK
6
CONTINUOUS
10
5.3916223622047239
20
-3.2282623622047244
11
5.3915571259842521
21
-3.2282166929133855
0
LINE
8
BLACK
6
CONTINUOUS
10
5.3915571259842521
20
-3.2282166929133855
11
5.3913766535433068
21
-3.2281848818897636
0
LINE
8
BLACK
6
CONTINUOUS
10
5.3913766535433068
20
-3.2281848818897636
11
5.3906957874015751
21
-3.2276135826771655
0
LINE
8
BLACK
6
CONTINUOUS
10
5.3906957874015751
20
-3.2276135826771655
11
5.3899677952755907
21
-3.2271038188976378
0
LINE
8
BLACK
6
CONTINUOUS
10
5.3899677952755907
20
-3.2271038188976378
11
5.389932834645669
21
-3.2269733464566928
0
LINE
8
BLACK
6
CONTINUOUS
10
5.389932834645669
20
-3.2269733464566928
11
5.3898294094488186
21
-3.2268865748031494
0
LINE
8
BLACK
6
CONTINUOUS
10
5.3898294094488186
20
-3.2268865748031494
11
5.3896750393700783
21
-3.2260112204724409
0
LINE
8
BLACK
6
CONTINUOUS
10
5.3896750393700783
20
-3.2260112204724409
11
5.3894450787401578
21
-3.2251528740157478
0
LINE
8
BLACK
6
CONTINUOUS
10
5.3894450787401578
20
-3.2251528740157478
11
5.3895021259842517
21
-3.2250305118110236
0
LINE
8
BLACK
6
CONTINUOUS
10
5.3895021259842517
20
-3.2250305118110236
11
5.3894786614173231
21
-3.2248974409448818
0
LINE
8
BLACK
6
CONTINUOUS
10
5.3894786614173231
20
-3.2248974409448818
11
5.3899231496062994
21
-3.2241275196850392
0
LINE
8
BLACK
6
CONTINUOUS
10
5.3899231496062994
20
-3.2241275196850392
11
5.3902986614173223
21
-3.223322283464567
0
LINE
8
BLACK
6
CONTINUOUS
10
5.3902986614173223
20
-3.223322283464567
11
5.4123029133858269
21
-3.2013179527559052
0
LINE
8
BLACK
6
CONTINUOUS
10
5.4123029133858269
20
-3.2013179527559052
11
5.4138057480314963
21
-3.1968095669291339
0
LINE
8
BLACK
6
CONTINUOUS
10
5.4138057480314963
20
-3.1968095669291339
11
5.4138057480314963
21
-3.1942362204724408
0
LINE
8
BLACK
6
CONTINUOUS
10
5.4138057480314963
20
-3.1942362204724408
11
5.412457007874016
21
-3.1915387401574802
0
LINE
8
BLACK
6
CONTINUOUS
10
5.412457007874016
20
-3.1915387401574802
11
5.4112598818897633
21
-3.1903416141732284
0
LINE
8
BLACK
6
CONTINUOUS
10
5.4112598818897633
20
-3.1903416141732284
11
5.4085624015748026
21
-3.188992874015748
0
LINE
8
BLACK
6
CONTINUOUS
10
5.4085624015748026
20
-3.188992874015748
11
5.400582677165354
21
-3.188992874015748
0
LINE
8
BLACK
6
CONTINUOUS
10
5.400582677165354
20
-3.188992874015748
11
5.3978851968503934
21
-3.1903416141732284
0
LINE
8
BLACK
6
CONTINUOUS
10
5.3978851968503934
20
-3.1903416141732284
11
5.3963492519685037
21
-3.1918775590551181
0
LINE
8
BLACK
6
CONTINUOUS
10
5.3963492519685037
20
-3.1918775590551181
11
5.3955092125984248
21
-3.1924657480314962
0
LINE
8
BLACK
6
CONTINUOUS
10
5.3955092125984248
20
-3.1924657480314962
11
5.3934971259842515
21
-3.1926418110236221
0
LINE
8
BLACK
6
CONTINUOUS
10
5.3934971259842515
20
-3.1926418110236221
11
5.3918425590551182
21
-3.1914832677165355
0
LINE
8
BLACK
6
CONTINUOUS
10
5.3918425590551182
20
-3.1914832677165355
11
5.3913198425196853
21
-3.1895323228346455
0
LINE
8
BLACK
6
CONTINUOUS
10
5.3913198425196853
20
-3.1895323228346455
11
5.3921734251968498
21
-3.1877017322834647
0
LINE
8
BLACK
6
CONTINUOUS
10
5.3921734251968498
20
-3.1877017322834647
11
5.3940481889763774
21
-3.1858269685039371
0
LINE
8
BLACK
6
CONTINUOUS
10
5.3940481889763774
20
-3.1858269685039371
11
5.3947712598425195
21
-3.1853206692913387
0
LINE
8
BLACK
6
CONTINUOUS
10
5.3947712598425195
20
-3.1853206692913387
11
5.3948155905511808
21
-3.1852738582677165
0
LINE
8
BLACK
6
CONTINUOUS
10
5.3948155905511808
20
-3.1852738582677165
11
5.3985651181102359
21
-3.1833990944881889
0
LINE
8
BLACK
6
CONTINUOUS
10
5.3985651181102359
20
-3.1833990944881889
11
5.3995480314960629
21
-3.1831067322834645
0
LINE
8
BLACK
6
CONTINUOUS
10
5.3995480314960629
20
-3.1831067322834645
11
5.399719724409449
21
-3.1831477165354332
0
LINE
8
BLACK
6
CONTINUOUS
10
5.399719724409449
20
-3.1831477165354332
11
5.3998856299212594
21
-3.1830873622047244
0
LINE
8
BLACK
6
CONTINUOUS
10
5.3998856299212594
20
-3.1830873622047244
11
5.4092594488188972
21
-3.1830873622047244
0
LINE
8
BLACK
6
CONTINUOUS
10
5.4092594488188972
20
-3.1830873622047244
11
5.4102693700787396
21
-3.1832654330708663
0
LINE
8
BLACK
6
CONTINUOUS
10
5.7995853149606296
20
-3.16689968503937
11
5.8003783464566929
21
-3.1669716535433072
0
LINE
8
BLACK
6
CONTINUOUS
10
5.8003783464566929
20
-3.1669716535433072
11
5.800715866141732
21
-3.1672670078740155
0
LINE
8
BLACK
6
CONTINUOUS
10
5.800715866141732
20
-3.1672670078740155
11
5.8011424015748032
21
-3.1674055905511809
0
LINE
8
BLACK
6
CONTINUOUS
10
5.8011424015748032
20
-3.1674055905511809
11
5.8016103543307089
21
-3.16804968503937
0
LINE
8
BLACK
6
CONTINUOUS
10
5.8016103543307089
20
-3.16804968503937
11
5.8022095275590546
21
-3.1685739763779526
0
LINE
8
BLACK
6
CONTINUOUS
10
5.8022095275590546
20
-3.1685739763779526
11
5.8023089763779527
21
-3.1690112598425197
0
LINE
8
BLACK
6
CONTINUOUS
10
5.8023089763779527
20
-3.1690112598425197
11
5.802572598425197
21
-3.1693740944881887
0
LINE
8
BLACK
6
CONTINUOUS
10
5.802572598425197
20
-3.1693740944881887
11
5.802572598425197
21
-3.1701702362204722
0
LINE
8
BLACK
6
CONTINUOUS
10
5.802572598425197
20
-3.1701702362204722
11
5.8027491732283467
21
-3.1709465748031493
0
LINE
8
BLACK
6
CONTINUOUS
10
5.8027491732283467
20
-3.1709465748031493
11
5.802572598425197
21
-3.1713588188976378
0
LINE
8
BLACK
6
CONTINUOUS
10
5.802572598425197
20
-3.1713588188976378
11
5.802572598425197
21
-3.1718073228346455
0
LINE
8
BLACK
6
CONTINUOUS
10
5.802572598425197
20
-3.1718073228346455
11
5.8021046062992125
21
-3.1724513779527559
0
LINE
8
BLACK
6
CONTINUOUS
10
5.8021046062992125
20
-3.1724513779527559
11
5.8017911811023621
21
-3.1731832677165355
0
LINE
8
BLACK
6
CONTINUOUS
10
5.8017911811023621
20
-3.1731832677165355
11
5.7901689370078735
21
-3.1864657874015747
0
LINE
8
BLACK
6
CONTINUOUS
10
5.7901689370078735
20
-3.1864657874015747
11
5.790840196850394
21
-3.1865668897637796
0
LINE
8
BLACK
6
CONTINUOUS
10
5.790840196850394
20
-3.1865668897637796
11
5.7957145669291341
21
-3.189004094488189
0
LINE
8
BLACK
6
CONTINUOUS
10
5.7957145669291341
20
-3.189004094488189
11
5.7961691732283462
21
-3.1894518897637796
0
LINE
8
BLACK
6
CONTINUOUS
10
5.7961691732283462
20
-3.1894518897637796
11
5.7967377559055118
21
-3.1897415748031497
0
LINE
8
BLACK
6
CONTINUOUS
10
5.7967377559055118
20
-3.1897415748031497
11
5.7991749606299212
21
-3.1921787795275591
0
LINE
8
BLACK
6
CONTINUOUS
10
5.7991749606299212
20
-3.1921787795275591
11
5.7994646062992121
21
-3.1927473228346455
0
LINE
8
BLACK
6
CONTINUOUS
10
5.7994646062992121
20
-3.1927473228346455
11
5.7999124409448815
21
-3.1932019685039368
0
LINE
8
BLACK
6
CONTINUOUS
10
5.7999124409448815
20
-3.1932019685039368
11
5.8023496456692909
21
-3.1980763385826769
0
LINE
8
BLACK
6
CONTINUOUS
10
5.8023496456692909
20
-3.1980763385826769
11
5.8024848031496061
21
-3.1989738976377953
0
LINE
8
BLACK
6
CONTINUOUS
10
5.8024848031496061
20
-3.1989738976377953
11
5.8027652755905512
21
-3.1998370472440945
0
LINE
8
BLACK
6
CONTINUOUS
10
5.8027652755905512
20
-3.1998370472440945
11
5.8027652755905512
21
-3.2120230314960629
0
LINE
8
BLACK
6
CONTINUOUS
10
5.8027652755905512
20
-3.2120230314960629
11
5.8024848031496061
21
-3.2128861417322834
0
LINE
8
BLACK
6
CONTINUOUS
10
5.8024848031496061
20
-3.2128861417322834
11
5.8023496456692909
21
-3.2137837007874017
0
LINE
8
BLACK
6
CONTINUOUS
10
5.8023496456692909
20
-3.2137837007874017
11
5.7999124409448815
21
-3.2186581102362206
0
LINE
8
BLACK
6
CONTINUOUS
10
5.7999124409448815
20
-3.2186581102362206
11
5.7994646456692909
21
-3.2191127165354332
0
LINE
8
BLACK
6
CONTINUOUS
10
5.7994646456692909
20
-3.2191127165354332
11
5.7991749606299212
21
-3.219681338582677
0
LINE
8
BLACK
6
CONTINUOUS
10
5.7991749606299212
20
-3.219681338582677
11
5.7967377559055118
21
-3.2221185433070865
0
LINE
8
BLACK
6
CONTINUOUS
10
5.7967377559055118
20
-3.2221185433070865
11
5.7961691338582675
21
-3.2224082283464566
0
LINE
8
BLACK
6
CONTINUOUS
10
5.7961691338582675
20
-3.2224082283464566
11
5.7957145275590554
21
-3.2228560236220472
0
LINE
8
BLACK
6
CONTINUOUS
10
5.7957145275590554
20
-3.2228560236220472
11
5.7908401574803152
21
-3.2252931889763778
0
LINE
8
BLACK
6
CONTINUOUS
10
5.7908401574803152
20
-3.2252931889763778
11
5.7899425984251964
21
-3.2254283464566926
0
LINE
8
BLACK
6
CONTINUOUS
10
5.7899425984251964
20
-3.2254283464566926
11
5.7890794881889764
21
-3.2257088188976377
0
LINE
8
BLACK
6
CONTINUOUS
10
5.7890794881889764
20
-3.2257088188976377
11
5.7744562992125985
21
-3.2257088188976377
0
LINE
8
BLACK
6
CONTINUOUS
10
5.7744562992125985
20
-3.2257088188976377
11
5.7735930708661414
21
-3.2254283464566926
0
LINE
8
BLACK
6
CONTINUOUS
10
5.7735930708661414
20
-3.2254283464566926
11
5.7726956299212597
21
-3.2252931889763778
0
LINE
8
BLACK
6
CONTINUOUS
10
5.7726956299212597
20
-3.2252931889763778
11
5.7678212598425196
21
-3.2228560236220472
0
LINE
8
BLACK
6
CONTINUOUS
10
5.7678212598425196
20
-3.2228560236220472
11
5.7673666141732278
21
-3.2224082283464566
0
LINE
8
BLACK
6
CONTINUOUS
10
5.7673666141732278
20
-3.2224082283464566
11
5.7667980314960632
21
-3.2221185433070865
0
LINE
8
BLACK
6
CONTINUOUS
10
5.7667980314960632
20
-3.2221185433070865
11
5.7643608267716537
21
-3.219681338582677
0
LINE
8
BLACK
6
CONTINUOUS
10
5.7643608267716537
20
-3.219681338582677
11
5.7632561811023617
21
-3.2175133070866142
0
LINE
8
BLACK
6
CONTINUOUS
10
5.7632561811023617
20
-3.2175133070866142
11
5.7636368110236216
21
-3.2151100787401572
0
LINE
8
BLACK
6
CONTINUOUS
10
5.7636368110236216
20
-3.2151100787401572
11
5.7653573622047238
21
-3.2133895275590549
0
LINE
8
BLACK
6
CONTINUOUS
10
5.7653573622047238
20
-3.2133895275590549
11
5.7677605905511813
21
-3.2130088976377951
0
LINE
8
BLACK
6
CONTINUOUS
10
5.7677605905511813
20
-3.2130088976377951
11
5.7699286220472441
21
-3.2141135433070867
0
LINE
8
BLACK
6
CONTINUOUS
10
5.7699286220472441
20
-3.2141135433070867
11
5.7719140551181098
21
-3.2160989763779528
0
LINE
8
BLACK
6
CONTINUOUS
10
5.7719140551181098
20
-3.2160989763779528
11
5.7753857086614175
21
-3.2178348031496062
0
LINE
8
BLACK
6
CONTINUOUS
10
5.7753857086614175
20
-3.2178348031496062
11
5.7881500787401574
21
-3.2178348031496062
0
LINE
8
BLACK
6
CONTINUOUS
10
5.7881500787401574
20
-3.2178348031496062
11
5.7916216929133855
21
-3.2160989763779528
0
LINE
8
BLACK
6
CONTINUOUS
10
5.7916216929133855
20
-3.2160989763779528
11
5.7931553937007871
21
-3.2145652755905512
0
LINE
8
BLACK
6
CONTINUOUS
10
5.7931553937007871
20
-3.2145652755905512
11
5.7948912598425197
21
-3.2110935826771652
0
LINE
8
BLACK
6
CONTINUOUS
10
5.7948912598425197
20
-3.2110935826771652
11
5.7948912598425197
21
-3.2007664960629922
0
LINE
8
BLACK
6
CONTINUOUS
10
5.7948912598425197
20
-3.2007664960629922
11
5.7931553937007871
21
-3.1972948031496062
0
LINE
8
BLACK
6
CONTINUOUS
10
5.7931553937007871
20
-3.1972948031496062
11
5.7916216929133855
21
-3.1957611023622046
0
LINE
8
BLACK
6
CONTINUOUS
10
5.7916216929133855
20
-3.1957611023622046
11
5.7881500393700787
21
-3.1940252755905512
0
LINE
8
BLACK
6
CONTINUOUS
10
5.7881500393700787
20
-3.1940252755905512
11
5.7817678740157481
21
-3.1940252755905512
0
LINE
8
BLACK
6
CONTINUOUS
10
5.7817678740157481
20
-3.1940252755905512
11
5.7810107874015744
21
-3.193779251968504
0
LINE
8
BLACK
6
CONTINUOUS
10
5.7810107874015744
20
-3.193779251968504
11
5.7802177952755907
21
-3.1937073228346455
0
LINE
8
BLACK
6
CONTINUOUS
10
5.7802177952755907
20
-3.1937073228346455
11
5.779880236220472
21
-3.1934119291338581
0
LINE
8
BLACK
6
CONTINUOUS
10
5.779880236220472
20
-3.1934119291338581
11
5.7794537401574804
21
-3.1932733858267714
0
LINE
8
BLACK
6
CONTINUOUS
10
5.7794537401574804
20
-3.1932733858267714
11
5.7789857480314959
21
-3.192629251968504
0
LINE
8
BLACK
6
CONTINUOUS
10
5.7789857480314959
20
-3.192629251968504
11
5.7783866141732281
21
-3.1921049999999997
0
LINE
8
BLACK
6
CONTINUOUS
10
5.7783866141732281
20
-3.1921049999999997
11
5.7782871259842521
21
-3.1916676771653543
0
LINE
8
BLACK
6
CONTINUOUS
10
5.7782871259842521
20
-3.1916676771653543
11
5.7780235433070866
21
-3.1913048818897636
0
LINE
8
BLACK
6
CONTINUOUS
10
5.7780235433070866
20
-3.1913048818897636
11
5.7780235433070866
21
-3.1905087007874013
0
LINE
8
BLACK
6
CONTINUOUS
10
5.7780235433070866
20
-3.1905087007874013
11
5.7778469685039369
21
-3.189732401574803
0
LINE
8
BLACK
6
CONTINUOUS
10
5.7778469685039369
20
-3.189732401574803
11
5.7780235433070866
21
-3.1893201181102362
0
LINE
8
BLACK
6
CONTINUOUS
10
5.7780235433070866
20
-3.1893201181102362
11
5.7780235433070866
21
-3.1888716535433068
0
LINE
8
BLACK
6
CONTINUOUS
10
5.7780235433070866
20
-3.1888716535433068
11
5.7784914960629923
21
-3.1882275590551181
0
LINE
8
BLACK
6
CONTINUOUS
10
5.7784914960629923
20
-3.1882275590551181
11
5.7788049606299214
21
-3.1874957086614173
0
LINE
8
BLACK
6
CONTINUOUS
10
5.7788049606299214
20
-3.1874957086614173
11
5.7901519685039373
21
-3.1745277165354331
0
LINE
8
BLACK
6
CONTINUOUS
10
5.7901519685039373
20
-3.1745277165354331
11
5.7671447244094489
21
-3.1745277165354331
0
LINE
8
BLACK
6
CONTINUOUS
10
5.7671447244094489
20
-3.1745277165354331
11
5.7648305905511812
21
-3.1737758267716534
0
LINE
8
BLACK
6
CONTINUOUS
10
5.7648305905511812
20
-3.1737758267716534
11
5.7634003937007874
21
-3.1718073228346455
0
LINE
8
BLACK
6
CONTINUOUS
10
5.7634003937007874
20
-3.1718073228346455
11
5.7634003937007874
21
-3.1693740944881887
0
LINE
8
BLACK
6
CONTINUOUS
10
5.7634003937007874
20
-3.1693740944881887
11
5.7648305905511812
21
-3.1674055905511809
0
LINE
8
BLACK
6
CONTINUOUS
10
5.7648305905511812
20
-3.1674055905511809
11
5.7671447244094489
21
-3.1666537007874016
0
LINE
8
BLACK
6
CONTINUOUS
10
5.7671447244094489
20
-3.1666537007874016
11
5.7988282677165355
21
-3.1666537007874016
0
LINE
8
BLACK
6
CONTINUOUS
10
5.7988282677165355
20
-3.1666537007874016
11
5.7995853149606296
21
-3.16689968503937
0
LINE
8
BLACK
6
CONTINUOUS
10
5.8921987401574798
20
-3.16689968503937
11
5.8929917716535432
21
-3.1669716535433072
0
LINE
8
BLACK
6
CONTINUOUS
10
5.8929917716535432
20
-3.1669716535433072
11
5.8933292913385822
21
-3.1672670078740155
0
LINE
8
BLACK
6
CONTINUOUS
10
5.8933292913385822
20
-3.1672670078740155
11
5.8937558267716534
21
-3.1674055905511809
0
LINE
8
BLACK
6
CONTINUOUS
10
5.8937558267716534
20
-3.1674055905511809
11
5.8942237795275592
21
-3.16804968503937
0
LINE
8
BLACK
6
CONTINUOUS
10
5.8942237795275592
20
-3.16804968503937
11
5.8948229527559057
21
-3.1685739763779526
0
LINE
8
BLACK
6
CONTINUOUS
10
5.8948229527559057
20
-3.1685739763779526
11
5.894922401574803
21
-3.1690112598425197
0
LINE
8
BLACK
6
CONTINUOUS
10
5.894922401574803
20
-3.1690112598425197
11
5.8951860236220472
21
-3.1693740944881887
0
LINE
8
BLACK
6
CONTINUOUS
10
5.8951860236220472
20
-3.1693740944881887
11
5.8951860236220472
21
-3.1701702362204722
0
LINE
8
BLACK
6
CONTINUOUS
10
5.8951860236220472
20
-3.1701702362204722
11
5.8953625984251969
21
-3.1709465748031493
0
LINE
8
BLACK
6
CONTINUOUS
10
5.8953625984251969
20
-3.1709465748031493
11
5.8951860236220472
21
-3.1713588188976378
0
LINE
8
BLACK
6
CONTINUOUS
10
5.8951860236220472
20
-3.1713588188976378
11
5.8951860236220472
21
-3.1718073228346455
0
LINE
8
BLACK
6
CONTINUOUS
10
5.8951860236220472
20
-3.1718073228346455
11
5.8947180314960628
21
-3.1724513779527559
0
LINE
8
BLACK
6
CONTINUOUS
10
5.8947180314960628
20
-3.1724513779527559
11
5.8944046062992124
21
-3.1731832677165355
0
LINE
8
BLACK
6
CONTINUOUS
10
5.8944046062992124
20
-3.1731832677165355
11
5.8827823622047246
21
-3.1864657874015747
0
LINE
8
BLACK
6
CONTINUOUS
10
5.8827823622047246
20
-3.1864657874015747
11
5.8834536220472442
21
-3.1865668897637796
0
LINE
8
BLACK
6
CONTINUOUS
10
5.8834536220472442
20
-3.1865668897637796
11
5.8883279921259843
21
-3.189004094488189
0
LINE
8
BLACK
6
CONTINUOUS
10
5.8883279921259843
20
-3.189004094488189
11
5.8887825984251965
21
-3.1894518897637796
0
LINE
8
BLACK
6
CONTINUOUS
10
5.8887825984251965
20
-3.1894518897637796
11
5.889351181102362
21
-3.1897415748031497
0
LINE
8
BLACK
6
CONTINUOUS
10
5.889351181102362
20
-3.1897415748031497
11
5.8917883858267714
21
-3.1921787795275591
0
LINE
8
BLACK
6
CONTINUOUS
10
5.8917883858267714
20
-3.1921787795275591
11
5.8920780314960632
21
-3.1927473228346455
0
LINE
8
BLACK
6
CONTINUOUS
10
5.8920780314960632
20
-3.1927473228346455
11
5.8925258661417326
21
-3.1932019685039368
0
LINE
8
BLACK
6
CONTINUOUS
10
5.8925258661417326
20
-3.1932019685039368
11
5.894963070866142
21
-3.1980763385826769
0
LINE
8
BLACK
6
CONTINUOUS
10
5.894963070866142
20
-3.1980763385826769
11
5.8950982283464564
21
-3.1989738976377953
0
LINE
8
BLACK
6
CONTINUOUS
10
5.8950982283464564
20
-3.1989738976377953
11
5.8953787007874014
21
-3.1998370472440945
0
LINE
8
BLACK
6
CONTINUOUS
10
5.8953787007874014
20
-3.1998370472440945
11
5.8953787007874014
21
-3.2120230314960629
0
LINE
8
BLACK
6
CONTINUOUS
10
5.8953787007874014
20
-3.2120230314960629
11
5.8950982283464564
21
-3.2128861417322834
0
LINE
8
BLACK
6
CONTINUOUS
10
5.8950982283464564
20
-3.2128861417322834
11
5.894963070866142
21
-3.2137837007874017
0
LINE
8
BLACK
6
CONTINUOUS
10
5.894963070866142
20
-3.2137837007874017
11
5.8925258661417326
21
-3.2186581102362206
0
LINE
8
BLACK
6
CONTINUOUS
10
5.8925258661417326
20
-3.2186581102362206
11
5.892078070866142
21
-3.2191127165354332
0
LINE
8
BLACK
6
CONTINUOUS
10
5.892078070866142
20
-3.2191127165354332
11
5.8917883858267714
21
-3.219681338582677
0
LINE
8
BLACK
6
CONTINUOUS
10
5.8917883858267714
20
-3.219681338582677
11
5.889351181102362
21
-3.2221185433070865
0
LINE
8
BLACK
6
CONTINUOUS
10
5.889351181102362
20
-3.2221185433070865
11
5.8887825590551177
21
-3.2224082283464566
0
LINE
8
BLACK
6
CONTINUOUS
10
5.8887825590551177
20
-3.2224082283464566
11
5.8883279527559056
21
-3.2228560236220472
0
LINE
8
BLACK
6
CONTINUOUS
10
5.8883279527559056
20
-3.2228560236220472
11
5.8834535826771654
21
-3.2252931889763778
0
LINE
8
BLACK
6
CONTINUOUS
10
5.8834535826771654
20
-3.2252931889763778
11
5.8825560236220475
21
-3.2254283464566926
0
LINE
8
BLACK
6
CONTINUOUS
10
5.8825560236220475
20
-3.2254283464566926
11
5.8816929133858267
21
-3.2257088188976377
0
LINE
8
BLACK
6
CONTINUOUS
10
5.8816929133858267
20
-3.2257088188976377
11
5.8670697244094487
21
-3.2257088188976377
0
LINE
8
BLACK
6
CONTINUOUS
10
5.8670697244094487
20
-3.2257088188976377
11
5.8662064960629916
21
-3.2254283464566926
0
LINE
8
BLACK
6
CONTINUOUS
10
5.8662064960629916
20
-3.2254283464566926
11
5.86530905511811
21
-3.2252931889763778
0
LINE
8
BLACK
6
CONTINUOUS
10
5.86530905511811
20
-3.2252931889763778
11
5.8604346850393698
21
-3.2228560236220472
0
LINE
8
BLACK
6
CONTINUOUS
10
5.8604346850393698
20
-3.2228560236220472
11
5.8599800393700789
21
-3.2224082283464566
0
LINE
8
BLACK
6
CONTINUOUS
10
5.8599800393700789
20
-3.2224082283464566
11
5.8594114566929134
21
-3.2221185433070865
0
LINE
8
BLACK
6
CONTINUOUS
10
5.8594114566929134
20
-3.2221185433070865
11
5.856974251968504
21
-3.219681338582677
0
LINE
8
BLACK
6
CONTINUOUS
10
5.856974251968504
20
-3.219681338582677
11
5.8558696062992128
21
-3.2175133070866142
0
LINE
8
BLACK
6
CONTINUOUS
10
5.8558696062992128
20
-3.2175133070866142
11
5.8562502362204727
21
-3.2151100787401572
0
LINE
8
BLACK
6
CONTINUOUS
10
5.8562502362204727
20
-3.2151100787401572
11
5.857970787401575
21
-3.2133895275590549
0
LINE
8
BLACK
6
CONTINUOUS
10
5.857970787401575
20
-3.2133895275590549
11
5.8603740157480315
21
-3.2130088976377951
0
LINE
8
BLACK
6
CONTINUOUS
10
5.8603740157480315
20
-3.2130088976377951
11
5.8625420472440943
21
-3.2141135433070867
0
LINE
8
BLACK
6
CONTINUOUS
10
5.8625420472440943
20
-3.2141135433070867
11
5.8645274803149601
21
-3.2160989763779528
0
LINE
8
BLACK
6
CONTINUOUS
10
5.8645274803149601
20
-3.2160989763779528
11
5.8679991338582678
21
-3.2178348031496062
0
LINE
8
BLACK
6
CONTINUOUS
10
5.8679991338582678
20
-3.2178348031496062
11
5.8807635039370076
21
-3.2178348031496062
0
LINE
8
BLACK
6
CONTINUOUS
10
5.8807635039370076
20
-3.2178348031496062
11
5.8842351181102357
21
-3.2160989763779528
0
LINE
8
BLACK
6
CONTINUOUS
10
5.8842351181102357
20
-3.2160989763779528
11
5.8857688188976374
21
-3.2145652755905512
0
LINE
8
BLACK
6
CONTINUOUS
10
5.8857688188976374
20
-3.2145652755905512
11
5.88750468503937
21
-3.2110935826771652
0
LINE
8
BLACK
6
CONTINUOUS
10
5.88750468503937
20
-3.2110935826771652
11
5.88750468503937
21
-3.2007664960629922
0
LINE
8
BLACK
6
CONTINUOUS
10
5.88750468503937
20
-3.2007664960629922
11
5.8857688188976374
21
-3.1972948031496062
0
LINE
8
BLACK
6
CONTINUOUS
10
5.8857688188976374
20
-3.1972948031496062
11
5.8842351181102357
21
-3.1957611023622046
0
LINE
8
BLACK
6
CONTINUOUS
10
5.8842351181102357
20
-3.1957611023622046
11
5.8807634645669289
21
-3.1940252755905512
0
LINE
8
BLACK
6
CONTINUOUS
10
5.8807634645669289
20
-3.1940252755905512
11
5.8743812992125983
21
-3.1940252755905512
0
LINE
8
BLACK
6
CONTINUOUS
10
5.8743812992125983
20
-3.1940252755905512
11
5.8736242125984255
21
-3.193779251968504
0
LINE
8
BLACK
6
CONTINUOUS
10
5.8736242125984255
20
-3.193779251968504
11
5.8728312204724409
21
-3.1937073228346455
0
LINE
8
BLACK
6
CONTINUOUS
10
5.8728312204724409
20
-3.1937073228346455
11
5.8724936614173231
21
-3.1934119291338581
0
LINE
8
BLACK
6
CONTINUOUS
10
5.8724936614173231
20
-3.1934119291338581
11
5.8720671653543306
21
-3.1932733858267714
0
LINE
8
BLACK
6
CONTINUOUS
10
5.8720671653543306
20
-3.1932733858267714
11
5.8715991732283461
21
-3.192629251968504
0
LINE
8
BLACK
6
CONTINUOUS
10
5.8715991732283461
20
-3.192629251968504
11
5.8710000393700783
21
-3.1921049999999997
0
LINE
8
BLACK
6
CONTINUOUS
10
5.8710000393700783
20
-3.1921049999999997
11
5.8709005511811023
21
-3.1916676771653543
0
LINE
8
BLACK
6
CONTINUOUS
10
5.8709005511811023
20
-3.1916676771653543
11
5.8706369685039368
21
-3.1913048818897636
0
LINE
8
BLACK
6
CONTINUOUS
10
5.8706369685039368
20
-3.1913048818897636
11
5.8706369685039368
21
-3.1905087007874013
0
LINE
8
BLACK
6
CONTINUOUS
10
5.8706369685039368
20
-3.1905087007874013
11
5.8704603937007871
21
-3.189732401574803
0
LINE
8
BLACK
6
CONTINUOUS
10
5.8704603937007871
20
-3.189732401574803
11
5.8706369685039368
21
-3.1893201181102362
0
LINE
8
BLACK
6
CONTINUOUS
10
5.8706369685039368
20
-3.1893201181102362
11
5.8706369685039368
21
-3.1888716535433068
0
LINE
8
BLACK
6
CONTINUOUS
10
5.8706369685039368
20
-3.1888716535433068
11
5.8711049212598425
21
-3.1882275590551181
0
LINE
8
BLACK
6
CONTINUOUS
10
5.8711049212598425
20
-3.1882275590551181
11
5.8714183858267717
21
-3.1874957086614173
0
LINE
8
BLACK
6
CONTINUOUS
10
5.8714183858267717
20
-3.1874957086614173
11
5.8827653937007875
21
-3.1745277165354331
0
LINE
8
BLACK
6
CONTINUOUS
10
5.8827653937007875
20
-3.1745277165354331
11
5.8597581496062991
21
-3.1745277165354331
0
LINE
8
BLACK
6
CONTINUOUS
10
5.8597581496062991
20
-3.1745277165354331
11
5.8574440157480314
21
-3.1737758267716534
0
LINE
8
BLACK
6
CONTINUOUS
10
5.8574440157480314
20
-3.1737758267716534
11
5.8560138188976376
21
-3.1718073228346455
0
LINE
8
BLACK
6
CONTINUOUS
10
5.8560138188976376
20
-3.1718073228346455
11
5.8560138188976376
21
-3.1693740944881887
0
LINE
8
BLACK
6
CONTINUOUS
10
5.8560138188976376
20
-3.1693740944881887
11
5.8574440157480314
21
-3.1674055905511809
0
LINE
8
BLACK
6
CONTINUOUS
10
5.8574440157480314
20
-3.1674055905511809
11
5.8597581496062991
21
-3.1666537007874016
0
LINE
8
BLACK
6
CONTINUOUS
10
5.8597581496062991
20
-3.1666537007874016
11
5.8914416929133857
21
-3.1666537007874016
0
LINE
8
BLACK
6
CONTINUOUS
10
5.8914416929133857
20
-3.1666537007874016
11
5.8921987401574798
21
-3.16689968503937
0
LINE
8
BLACK
6
CONTINUOUS
10
5.8499104330708658
20
-3.1674232283464567
11
5.8513256299212602
21
-3.1694025196850393
0
LINE
8
BLACK
6
CONTINUOUS
10
5.8513256299212602
20
-3.1694025196850393
11
5.8513071259842517
21
-3.1718356692913385
0
LINE
8
BLACK
6
CONTINUOUS
10
5.8513071259842517
20
-3.1718356692913385
11
5.8342467322834644
21
-3.2230168110236219
0
LINE
8
BLACK
6
CONTINUOUS
10
5.8342467322834644
20
-3.2230168110236219
11
5.8335411023622044
21
-3.2239726377952755
0
LINE
8
BLACK
6
CONTINUOUS
10
5.8335411023622044
20
-3.2239726377952755
11
5.8328499999999996
21
-3.2249392519685038
0
LINE
8
BLACK
6
CONTINUOUS
10
5.8328499999999996
20
-3.2249392519685038
11
5.8328202755905512
21
-3.2249491338582676
0
LINE
8
BLACK
6
CONTINUOUS
10
5.8328202755905512
20
-3.2249491338582676
11
5.8328016535433074
21
-3.2249744094488189
0
LINE
8
BLACK
6
CONTINUOUS
10
5.8328016535433074
20
-3.2249744094488189
11
5.8316667716535431
21
-3.2253336220472439
0
LINE
8
BLACK
6
CONTINUOUS
10
5.8316667716535431
20
-3.2253336220472439
11
5.8305416535433068
21
-3.2257087007874015
0
LINE
8
BLACK
6
CONTINUOUS
10
5.8305416535433068
20
-3.2257087007874015
11
5.830511811023622
21
-3.2256992519685039
0
LINE
8
BLACK
6
CONTINUOUS
10
5.830511811023622
20
-3.2256992519685039
11
5.8304818897637798
21
-3.2257087401574802
0
LINE
8
BLACK
6
CONTINUOUS
10
5.8304818897637798
20
-3.2257087401574802
11
5.8293543700787405
21
-3.2253328740157481
0
LINE
8
BLACK
6
CONTINUOUS
10
5.8293543700787405
20
-3.2253328740157481
11
5.8282218897637792
21
-3.2249744094488189
0
LINE
8
BLACK
6
CONTINUOUS
10
5.8282218897637792
20
-3.2249744094488189
11
5.8282032283464567
21
-3.2249491338582676
0
LINE
8
BLACK
6
CONTINUOUS
10
5.8282032283464567
20
-3.2249491338582676
11
5.8281735433070869
21
-3.2249392519685038
0
LINE
8
BLACK
6
CONTINUOUS
10
5.8281735433070869
20
-3.2249392519685038
11
5.8274824015748026
21
-3.2239726377952755
0
LINE
8
BLACK
6
CONTINUOUS
10
5.8274824015748026
20
-3.2239726377952755
11
5.8267768110236222
21
-3.2230168110236219
0
LINE
8
BLACK
6
CONTINUOUS
10
5.8267768110236222
20
-3.2230168110236219
11
5.8097164566929136
21
-3.1718357086614173
0
LINE
8
BLACK
6
CONTINUOUS
10
5.8097164566929136
20
-3.1718357086614173
11
5.8096979527559052
21
-3.169402559055118
0
LINE
8
BLACK
6
CONTINUOUS
10
5.8096979527559052
20
-3.169402559055118
11
5.8111131889763774
21
-3.1674232677165355
0
LINE
8
BLACK
6
CONTINUOUS
10
5.8111131889763774
20
-3.1674232677165355
11
5.8134215354330712
21
-3.1666537795275591
0
LINE
8
BLACK
6
CONTINUOUS
10
5.8134215354330712
20
-3.1666537795275591
11
5.8157412992125979
21
-3.1673881102362205
0
LINE
8
BLACK
6
CONTINUOUS
10
5.8157412992125979
20
-3.1673881102362205
11
5.8171863779527557
21
-3.1693457086614174
0
LINE
8
BLACK
6
CONTINUOUS
10
5.8171863779527557
20
-3.1693457086614174
11
5.8305117716535433
21
-3.2093219291338584
0
LINE
8
BLACK
6
CONTINUOUS
10
5.8305117716535433
20
-3.2093219291338584
11
5.8438372047244096
21
-3.1693457086614174
0
LINE
8
BLACK
6
CONTINUOUS
10
5.8438372047244096
20
-3.1693457086614174
11
5.8452822834645666
21
-3.1673880708661417
0
LINE
8
BLACK
6
CONTINUOUS
10
5.8452822834645666
20
-3.1673880708661417
11
5.8476020472440942
21
-3.1666537795275591
0
LINE
8
BLACK
6
CONTINUOUS
10
5.8476020472440942
20
-3.1666537795275591
11
5.8499104330708658
21
-3.1674232283464567
0
LINE
8
BLACK
6
CONTINUOUS
10
6.5029648031496059
20
-3.1885665748031498
11
6.5037166929133861
21
-3.190880708661417
0
LINE
8
BLACK
6
CONTINUOUS
10
6.5037166929133861
20
-3.190880708661417
11
6.5037166929133861
21
-3.2201270472440946
0
LINE
8
BLACK
6
CONTINUOUS
10
6.5037166929133861
20
-3.2201270472440946
11
6.5029648031496059
21
-3.2224411811023623
0
LINE
8
BLACK
6
CONTINUOUS
10
6.5029648031496059
20
-3.2224411811023623
11
6.5009962992125985
21
-3.2238713779527557
0
LINE
8
BLACK
6
CONTINUOUS
10
6.5009962992125985
20
-3.2238713779527557
11
6.4985630708661413
21
-3.2238713779527557
0
LINE
8
BLACK
6
CONTINUOUS
10
6.4985630708661413
20
-3.2238713779527557
11
6.4965945669291338
21
-3.2224411811023623
0
LINE
8
BLACK
6
CONTINUOUS
10
6.4965945669291338
20
-3.2224411811023623
11
6.4958426771653546
21
-3.2201270472440946
0
LINE
8
BLACK
6
CONTINUOUS
10
6.4958426771653546
20
-3.2201270472440946
11
6.4958426771653546
21
-3.2094409055118112
0
LINE
8
BLACK
6
CONTINUOUS
10
6.4958426771653546
20
-3.2094409055118112
11
6.4605405905511812
21
-3.2094409055118112
0
LINE
8
BLACK
6
CONTINUOUS
10
6.4605405905511812
20
-3.2094409055118112
11
6.4635684645669294
21
-3.2124688188976376
0
LINE
8
BLACK
6
CONTINUOUS
10
6.4635684645669294
20
-3.2124688188976376
11
6.4638581102362203
21
-3.2130372834645669
0
LINE
8
BLACK
6
CONTINUOUS
10
6.4638581102362203
20
-3.2130372834645669
11
6.4643059448818896
21
-3.2134919685039369
0
LINE
8
BLACK
6
CONTINUOUS
10
6.4643059448818896
20
-3.2134919685039369
11
6.466743149606299
21
-3.2183663385826771
0
LINE
8
BLACK
6
CONTINUOUS
10
6.466743149606299
20
-3.2183663385826771
11
6.4671055511811026
21
-3.2207724409448817
0
LINE
8
BLACK
6
CONTINUOUS
10
6.4671055511811026
20
-3.2207724409448817
11
6.4659844881889761
21
-3.222931968503937
0
LINE
8
BLACK
6
CONTINUOUS
10
6.4659844881889761
20
-3.222931968503937
11
6.4638081102362204
21
-3.2240201574803149
0
LINE
8
BLACK
6
CONTINUOUS
10
6.4638081102362204
20
-3.2240201574803149
11
6.4614078346456694
21
-3.2236212992125983
0
LINE
8
BLACK
6
CONTINUOUS
10
6.4614078346456694
20
-3.2236212992125983
11
6.4597003937007873
21
-3.2218877559055117
0
LINE
8
BLACK
6
CONTINUOUS
10
6.4597003937007873
20
-3.2218877559055117
11
6.4575488582677165
21
-3.2175846850393701
0
LINE
8
BLACK
6
CONTINUOUS
10
6.4575488582677165
20
-3.2175846850393701
11
6.453401968503937
21
-3.2134378346456693
0
LINE
8
BLACK
6
CONTINUOUS
10
6.453401968503937
20
-3.2134378346456693
11
6.4464147244094487
21
-3.2087796850393699
0
LINE
8
BLACK
6
CONTINUOUS
10
6.4464147244094487
20
-3.2087796850393699
11
6.4463633070866138
21
-3.2087146456692914
0
LINE
8
BLACK
6
CONTINUOUS
10
6.4463633070866138
20
-3.2087146456692914
11
6.4462844488188971
21
-3.2086890157480314
0
LINE
8
BLACK
6
CONTINUOUS
10
6.4462844488188971
20
-3.2086890157480314
11
6.4456134645669287
21
-3.2077654724409448
0
LINE
8
BLACK
6
CONTINUOUS
10
6.4456134645669287
20
-3.2077654724409448
11
6.444906338582677
21
-3.2068704330708662
0
LINE
8
BLACK
6
CONTINUOUS
10
6.444906338582677
20
-3.2068704330708662
11
6.4449029921259839
21
-3.2067875984251968
0
LINE
8
BLACK
6
CONTINUOUS
10
6.4449029921259839
20
-3.2067875984251968
11
6.4448542519685041
21
-3.2067205118110236
0
LINE
8
BLACK
6
CONTINUOUS
10
6.4448542519685041
20
-3.2067205118110236
11
6.4448542519685041
21
-3.2055791732283465
0
LINE
8
BLACK
6
CONTINUOUS
10
6.4448542519685041
20
-3.2055791732283465
11
6.4448082677165353
21
-3.2044392125984249
0
LINE
8
BLACK
6
CONTINUOUS
10
6.4448082677165353
20
-3.2044392125984249
11
6.4448542519685041
21
-3.2043701968503937
0
LINE
8
BLACK
6
CONTINUOUS
10
6.4448542519685041
20
-3.2043701968503937
11
6.4448542519685041
21
-3.2042872834645668
0
LINE
8
BLACK
6
CONTINUOUS
10
6.4448542519685041
20
-3.2042872834645668
11
6.4455251181102362
21
-3.2033638582677164
0
LINE
8
BLACK
6
CONTINUOUS
10
6.4455251181102362
20
-3.2033638582677164
11
6.4461579527559056
21
-3.2024146456692915
0
LINE
8
BLACK
6
CONTINUOUS
10
6.4461579527559056
20
-3.2024146456692915
11
6.4462356692913385
21
-3.2023858661417322
0
LINE
8
BLACK
6
CONTINUOUS
10
6.4462356692913385
20
-3.2023858661417322
11
6.4462844488188971
21
-3.2023187795275589
0
LINE
8
BLACK
6
CONTINUOUS
10
6.4462844488188971
20
-3.2023187795275589
11
6.4473696062992127
21
-3.2019661811023621
0
LINE
8
BLACK
6
CONTINUOUS
10
6.4473696062992127
20
-3.2019661811023621
11
6.4484398818897635
21
-3.2015700787401573
0
LINE
8
BLACK
6
CONTINUOUS
10
6.4484398818897635
20
-3.2015700787401573
11
6.448519724409449
21
-3.2015924803149605
0
LINE
8
BLACK
6
CONTINUOUS
10
6.448519724409449
20
-3.2015924803149605
11
6.4485985826771648
21
-3.2015668897637792
0
LINE
8
BLACK
6
CONTINUOUS
10
6.4485985826771648
20
-3.2015668897637792
11
6.4958426771653546
21
-3.2015668897637792
0
LINE
8
BLACK
6
CONTINUOUS
10
6.4958426771653546
20
-3.2015668897637792
11
6.4958426771653546
21
-3.190880708661417
0
LINE
8
BLACK
6
CONTINUOUS
10
6.4958426771653546
20
-3.190880708661417
11
6.4965945669291338
21
-3.1885665748031498
0
LINE
8
BLACK
6
CONTINUOUS
10
6.4965945669291338
20
-3.1885665748031498
11
6.4985630708661413
21
-3.187136377952756
0
LINE
8
BLACK
6
CONTINUOUS
10
6.4985630708661413
20
-3.187136377952756
11
6.5009962992125985
21
-3.187136377952756
0
LINE
8
BLACK
6
CONTINUOUS
10
6.5009962992125985
20
-3.187136377952756
11
6.5029648031496059
21
-3.1885665748031498
0
LINE
8
BLACK
6
CONTINUOUS
10
6.20589531496063
20
-3.0156187795275589
11
6.2060245669291341
21
-3.0155960236220474
0
LINE
8
BLACK
6
CONTINUOUS
10
6.2060245669291341
20
-3.0155960236220474
11
6.2061381496062991
21
-3.0156616141732284
0
LINE
8
BLACK
6
CONTINUOUS
10
6.2061381496062991
20
-3.0156616141732284
11
6.2065217322834645
21
-3.0157292519685037
0
LINE
8
BLACK
6
CONTINUOUS
10
6.2065217322834645
20
-3.0157292519685037
11
6.2071094094488188
21
-3.0162223622047244
0
LINE
8
BLACK
6
CONTINUOUS
10
6.2071094094488188
20
-3.0162223622047244
11
6.2077737401574797
21
-3.0166059448818898
0
LINE
8
BLACK
6
CONTINUOUS
10
6.2077737401574797
20
-3.0166059448818898
11
6.207864842519685
21
-3.0168562598425197
0
LINE
8
BLACK
6
CONTINUOUS
10
6.207864842519685
20
-3.0168562598425197
11
6.2080689763779526
21
-3.0170275590551179
0
LINE
8
BLACK
6
CONTINUOUS
10
6.2080689763779526
20
-3.0170275590551179
11
6.208202204724409
21
-3.0177831102362203
0
LINE
8
BLACK
6
CONTINUOUS
10
6.208202204724409
20
-3.0177831102362203
11
6.2084645669291341
21
-3.0185039370078739
0
LINE
8
BLACK
6
CONTINUOUS
10
6.2084645669291341
20
-3.0185039370078739
11
6.2084645669291341
21
-3.2185039370078741
0
LINE
8
BLACK
6
CONTINUOUS
10
6.2084645669291341
20
-3.2185039370078741
11
6.2083969291338583
21
-3.218887440944882
0
LINE
8
BLACK
6
CONTINUOUS
10
6.2083969291338583
20
-3.218887440944882
11
6.208419724409449
21
-3.2190166929133857
0
LINE
8
BLACK
6
CONTINUOUS
10
6.208419724409449
20
-3.2190166929133857
11
6.2083540944881888
21
-3.2191302755905511
0
LINE
8
BLACK
6
CONTINUOUS
10
6.2083540944881888
20
-3.2191302755905511
11
6.2082864960629918
21
-3.2195138582677165
0
LINE
8
BLACK
6
CONTINUOUS
10
6.2082864960629918
20
-3.2195138582677165
11
6.2077933464566923
21
-3.2201015354330709
0
LINE
8
BLACK
6
CONTINUOUS
10
6.2077933464566923
20
-3.2201015354330709
11
6.2074098031496066
21
-3.2207658661417322
0
LINE
8
BLACK
6
CONTINUOUS
10
6.2074098031496066
20
-3.2207658661417322
11
6.2071594488188975
21
-3.220856968503937
0
LINE
8
BLACK
6
CONTINUOUS
10
6.2071594488188975
20
-3.220856968503937
11
6.2069881889763776
21
-3.2210611023622047
0
LINE
8
BLACK
6
CONTINUOUS
10
6.2069881889763776
20
-3.2210611023622047
11
6.2062325984251965
21
-3.2211943307086615
0
LINE
8
BLACK
6
CONTINUOUS
10
6.2062325984251965
20
-3.2211943307086615
11
6.205511811023622
21
-3.2214566929133857
0
LINE
8
BLACK
6
CONTINUOUS
10
6.205511811023622
20
-3.2214566929133857
11
6.1155118110236222
21
-3.2214566929133857
0
LINE
8
BLACK
6
CONTINUOUS
10
6.1155118110236222
20
-3.2214566929133857
11
6.1145018897637797
21
-3.2212786220472438
0
LINE
8
BLACK
6
CONTINUOUS
10
6.1145018897637797
20
-3.2212786220472438
11
6.1129546456692916
21
-3.2199803149606296
0
LINE
8
BLACK
6
CONTINUOUS
10
6.1129546456692916
20
-3.2199803149606296
11
6.1126038976377952
21
-3.217991181102362
0
LINE
8
BLACK
6
CONTINUOUS
10
6.1126038976377952
20
-3.217991181102362
11
6.1136138188976377
21
-3.2162420078740155
0
LINE
8
BLACK
6
CONTINUOUS
10
6.1136138188976377
20
-3.2162420078740155
11
6.1155118110236222
21
-3.215551181102362
0
LINE
8
BLACK
6
CONTINUOUS
10
6.1155118110236222
20
-3.215551181102362
11
6.20255905511811
21
-3.215551181102362
0
LINE
8
BLACK
6
CONTINUOUS
10
6.20255905511811
20
-3.215551181102362
11
6.20255905511811
21
-3.0214566929133859
0
LINE
8
BLACK
6
CONTINUOUS
10
6.20255905511811
20
-3.0214566929133859
11
6.1155118110236222
21
-3.0214566929133859
0
LINE
8
BLACK
6
CONTINUOUS
10
6.1155118110236222
20
-3.0214566929133859
11
6.1145018897637797
21
-3.0212786220472441
0
LINE
8
BLACK
6
CONTINUOUS
10
6.1145018897637797
20
-3.0212786220472441
11
6.1129546456692916
21
-3.0199803149606299
0
LINE
8
BLACK
6
CONTINUOUS
10
6.1129546456692916
20
-3.0199803149606299
11
6.1126038976377952
21
-3.0179911811023623
0
LINE
8
BLACK
6
CONTINUOUS
10
6.1126038976377952
20
-3.0179911811023623
11
6.1136138188976377
21
-3.0162420078740158
0
LINE
8
BLACK
6
CONTINUOUS
10
6.1136138188976377
20
-3.0162420078740158
11
6.1155118110236222
21
-3.0155511811023623
0
LINE
8
BLACK
6
CONTINUOUS
10
6.1155118110236222
20
-3.0155511811023623
11
6.205511811023622
21
-3.0155511811023623
0
LINE
8
BLACK
6
CONTINUOUS
10
6.205511811023622
20
-3.0155511811023623
11
6.20589531496063
21
-3.0156187795275589
0
LINE
8
BLACK
6
CONTINUOUS
10
6.4058953149606301
20
-3.0156187795275589
11
6.4060245669291334
21
-3.0155960236220474
0
LINE
8
BLACK
6
CONTINUOUS
10
6.4060245669291334
20
-3.0155960236220474
11
6.4061381496062992
21
-3.0156616141732284
0
LINE
8
BLACK
6
CONTINUOUS
10
6.4061381496062992
20
-3.0156616141732284
11
6.4065217322834647
21
-3.0157292519685037
0
LINE
8
BLACK
6
CONTINUOUS
10
6.4065217322834647
20
-3.0157292519685037
11
6.407109409448819
21
-3.0162223622047244
0
LINE
8
BLACK
6
CONTINUOUS
10
6.407109409448819
20
-3.0162223622047244
11
6.4077737401574799
21
-3.0166059448818898
0
LINE
8
BLACK
6
CONTINUOUS
10
6.4077737401574799
20
-3.0166059448818898
11
6.4078648425196851
21
-3.0168562598425197
0
LINE
8
BLACK
6
CONTINUOUS
10
6.4078648425196851
20
-3.0168562598425197
11
6.4080689763779528
21
-3.0170275590551179
0
LINE
8
BLACK
6
CONTINUOUS
10
6.4080689763779528
20
-3.0170275590551179
11
6.4082022047244092
21
-3.0177831102362203
0
LINE
8
BLACK
6
CONTINUOUS
10
6.4082022047244092
20
-3.0177831102362203
11
6.4084645669291334
21
-3.0185039370078739
0
LINE
8
BLACK
6
CONTINUOUS
10
6.4084645669291334
20
-3.0185039370078739
11
6.4084645669291334
21
-3.2185039370078741
0
LINE
8
BLACK
6
CONTINUOUS
10
6.4084645669291334
20
-3.2185039370078741
11
6.4083969291338585
21
-3.218887440944882
0
LINE
8
BLACK
6
CONTINUOUS
10
6.4083969291338585
20
-3.218887440944882
11
6.4084197244094483
21
-3.2190166929133857
0
LINE
8
BLACK
6
CONTINUOUS
10
6.4084197244094483
20
-3.2190166929133857
11
6.4083540944881889
21
-3.2191302755905511
0
LINE
8
BLACK
6
CONTINUOUS
10
6.4083540944881889
20
-3.2191302755905511
11
6.4082864960629919
21
-3.2195138582677165
0
LINE
8
BLACK
6
CONTINUOUS
10
6.4082864960629919
20
-3.2195138582677165
11
6.4077933464566925
21
-3.2201015354330709
0
LINE
8
BLACK
6
CONTINUOUS
10
6.4077933464566925
20
-3.2201015354330709
11
6.4074098031496058
21
-3.2207658661417322
0
LINE
8
BLACK
6
CONTINUOUS
10
6.4074098031496058
20
-3.2207658661417322
11
6.4071594488188977
21
-3.220856968503937
0
LINE
8
BLACK
6
CONTINUOUS
10
6.4071594488188977
20
-3.220856968503937
11
6.4069881889763778
21
-3.2210611023622047
0
LINE
8
BLACK
6
CONTINUOUS
10
6.4069881889763778
20
-3.2210611023622047
11
6.4062325984251967
21
-3.2211943307086615
0
LINE
8
BLACK
6
CONTINUOUS
10
6.4062325984251967
20
-3.2211943307086615
11
6.4055118110236222
21
-3.2214566929133857
0
LINE
8
BLACK
6
CONTINUOUS
10
6.4055118110236222
20
-3.2214566929133857
11
6.3155118110236215
21
-3.2214566929133857
0
LINE
8
BLACK
6
CONTINUOUS
10
6.3155118110236215
20
-3.2214566929133857
11
6.314501889763779
21
-3.2212786220472438
0
LINE
8
BLACK
6
CONTINUOUS
10
6.314501889763779
20
-3.2212786220472438
11
6.3129546456692909
21
-3.2199803149606296
0
LINE
8
BLACK
6
CONTINUOUS
10
6.3129546456692909
20
-3.2199803149606296
11
6.3126038976377954
21
-3.217991181102362
0
LINE
8
BLACK
6
CONTINUOUS
10
6.3126038976377954
20
-3.217991181102362
11
6.3136138188976378
21
-3.2162420078740155
0
LINE
8
BLACK
6
CONTINUOUS
10
6.3136138188976378
20
-3.2162420078740155
11
6.3155118110236215
21
-3.215551181102362
0
LINE
8
BLACK
6
CONTINUOUS
10
6.3155118110236215
20
-3.215551181102362
11
6.4025590551181102
21
-3.215551181102362
0
LINE
8
BLACK
6
CONTINUOUS
10
6.4025590551181102
20
-3.215551181102362
11
6.4025590551181102
21
-3.0214566929133859
0
LINE
8
BLACK
6
CONTINUOUS
10
6.4025590551181102
20
-3.0214566929133859
11
6.3155118110236215
21
-3.0214566929133859
0
LINE
8
BLACK
6
CONTINUOUS
10
6.3155118110236215
20
-3.0214566929133859
11
6.314501889763779
21
-3.0212786220472441
0
LINE
8
BLACK
6
CONTINUOUS
10
6.314501889763779
20
-3.0212786220472441
11
6.3129546456692909
21
-3.0199803149606299
0
LINE
8
BLACK
6
CONTINUOUS
10
6.3129546456692909
20
-3.0199803149606299
11
6.3126038976377954
21
-3.0179911811023623
0
LINE
8
BLACK
6
CONTINUOUS
10
6.3126038976377954
20
-3.0179911811023623
11
6.3136138188976378
21
-3.0162420078740158
0
LINE
8
BLACK
6
CONTINUOUS
10
6.3136138188976378
20
-3.0162420078740158
11
6.3155118110236215
21
-3.0155511811023623
0
LINE
8
BLACK
6
CONTINUOUS
10
6.3155118110236215
20
-3.0155511811023623
11
6.4055118110236222
21
-3.0155511811023623
0
LINE
8
BLACK
6
CONTINUOUS
10
6.4055118110236222
20
-3.0155511811023623
11
6.4058953149606301
21
-3.0156187795275589
0
LINE
8
BLACK
6
CONTINUOUS
10
5.9808953149606294
20
-2.9406187795275591
11
5.9810245669291335
21
-2.9405960236220472
0
LINE
8
BLACK
6
CONTINUOUS
10
5.9810245669291335
20
-2.9405960236220472
11
5.9811381496062994
21
-2.9406616141732282
0
LINE
8
BLACK
6
CONTINUOUS
10
5.9811381496062994
20
-2.9406616141732282
11
5.9815217322834648
21
-2.940729251968504
0
LINE
8
BLACK
6
CONTINUOUS
10
5.9815217322834648
20
-2.940729251968504
11
5.9821094094488192
21
-2.9412223622047242
0
LINE
8
BLACK
6
CONTINUOUS
10
5.9821094094488192
20
-2.9412223622047242
11
5.9827737401574801
21
-2.9416059448818896
0
LINE
8
BLACK
6
CONTINUOUS
10
5.9827737401574801
20
-2.9416059448818896
11
5.9828648425196853
21
-2.9418562598425195
0
LINE
8
BLACK
6
CONTINUOUS
10
5.9828648425196853
20
-2.9418562598425195
11
5.983068976377953
21
-2.9420275590551181
0
LINE
8
BLACK
6
CONTINUOUS
10
5.983068976377953
20
-2.9420275590551181
11
5.9832022047244093
21
-2.9427831102362205
0
LINE
8
BLACK
6
CONTINUOUS
10
5.9832022047244093
20
-2.9427831102362205
11
5.9834645669291335
21
-2.9435039370078742
0
LINE
8
BLACK
6
CONTINUOUS
10
5.9834645669291335
20
-2.9435039370078742
11
5.9834645669291335
21
-3.1435039370078739
0
LINE
8
BLACK
6
CONTINUOUS
10
5.9834645669291335
20
-3.1435039370078739
11
5.9833969291338578
21
-3.1438874409448818
0
LINE
8
BLACK
6
CONTINUOUS
10
5.9833969291338578
20
-3.1438874409448818
11
5.9834197244094485
21
-3.1440166929133859
0
LINE
8
BLACK
6
CONTINUOUS
10
5.9834197244094485
20
-3.1440166929133859
11
5.9833540944881891
21
-3.1441302755905509
0
LINE
8
BLACK
6
CONTINUOUS
10
5.9833540944881891
20
-3.1441302755905509
11
5.9832864960629921
21
-3.1445138582677163
0
LINE
8
BLACK
6
CONTINUOUS
10
5.9832864960629921
20
-3.1445138582677163
11
5.9827933464566927
21
-3.1451015354330707
0
LINE
8
BLACK
6
CONTINUOUS
10
5.9827933464566927
20
-3.1451015354330707
11
5.982409803149606
21
-3.145765866141732
0
LINE
8
BLACK
6
CONTINUOUS
10
5.982409803149606
20
-3.145765866141732
11
5.9821594488188978
21
-3.1458569685039368
0
LINE
8
BLACK
6
CONTINUOUS
10
5.9821594488188978
20
-3.1458569685039368
11
5.981988188976378
21
-3.1460611023622045
0
LINE
8
BLACK
6
CONTINUOUS
10
5.981988188976378
20
-3.1460611023622045
11
5.9812325984251968
21
-3.1461943307086613
0
LINE
8
BLACK
6
CONTINUOUS
10
5.9812325984251968
20
-3.1461943307086613
11
5.9805118110236215
21
-3.1464566929133859
0
LINE
8
BLACK
6
CONTINUOUS
10
5.9805118110236215
20
-3.1464566929133859
11
5.6805118110236217
21
-3.1464566929133859
0
LINE
8
BLACK
6
CONTINUOUS
10
5.6805118110236217
20
-3.1464566929133859
11
5.680128267716535
21
-3.1463890551181102
0
LINE
8
BLACK
6
CONTINUOUS
10
5.680128267716535
20
-3.1463890551181102
11
5.6799990551181105
21
-3.1464118503937009
0
LINE
8
BLACK
6
CONTINUOUS
10
5.6799990551181105
20
-3.1464118503937009
11
5.6798854330708659
21
-3.1463462204724411
0
LINE
8
BLACK
6
CONTINUOUS
10
5.6798854330708659
20
-3.1463462204724411
11
5.6795018897637792
21
-3.1462786220472441
0
LINE
8
BLACK
6
CONTINUOUS
10
5.6795018897637792
20
-3.1462786220472441
11
5.6789141732283461
21
-3.1457854724409446
0
LINE
8
BLACK
6
CONTINUOUS
10
5.6789141732283461
20
-3.1457854724409446
11
5.678249881889764
21
-3.1454019291338584
0
LINE
8
BLACK
6
CONTINUOUS
10
5.678249881889764
20
-3.1454019291338584
11
5.67815874015748
21
-3.1451515748031493
0
LINE
8
BLACK
6
CONTINUOUS
10
5.67815874015748
20
-3.1451515748031493
11
5.6779546456692911
21
-3.1449803149606299
0
LINE
8
BLACK
6
CONTINUOUS
10
5.6779546456692911
20
-3.1449803149606299
11
5.677821377952756
21
-3.1442247244094488
0
LINE
8
BLACK
6
CONTINUOUS
10
5.677821377952756
20
-3.1442247244094488
11
5.6775590551181105
21
-3.1435039370078739
0
LINE
8
BLACK
6
CONTINUOUS
10
5.6775590551181105
20
-3.1435039370078739
11
5.6775590551181105
21
-2.9435039370078742
0
LINE
8
BLACK
6
CONTINUOUS
10
5.6775590551181105
20
-2.9435039370078742
11
5.6776266535433066
21
-2.9431203937007875
0
LINE
8
BLACK
6
CONTINUOUS
10
5.6776266535433066
20
-2.9431203937007875
11
5.6776038976377947
21
-2.9429911811023621
0
LINE
8
BLACK
6
CONTINUOUS
10
5.6776038976377947
20
-2.9429911811023621
11
5.6776694881889762
21
-2.9428775590551179
0
LINE
8
BLACK
6
CONTINUOUS
10
5.6776694881889762
20
-2.9428775590551179
11
5.677737125984252
21
-2.9424940157480313
0
LINE
8
BLACK
6
CONTINUOUS
10
5.677737125984252
20
-2.9424940157480313
11
5.6782302362204726
21
-2.9419062992125982
0
LINE
8
BLACK
6
CONTINUOUS
10
5.6782302362204726
20
-2.9419062992125982
11
5.6786138188976381
21
-2.9412420078740156
0
LINE
8
BLACK
6
CONTINUOUS
10
5.6786138188976381
20
-2.9412420078740156
11
5.6788641338582675
21
-2.941150866141732
0
LINE
8
BLACK
6
CONTINUOUS
10
5.6788641338582675
20
-2.941150866141732
11
5.6790354330708661
21
-2.9409467716535431
0
LINE
8
BLACK
6
CONTINUOUS
10
5.6790354330708661
20
-2.9409467716535431
11
5.6797909842519685
21
-2.940813503937008
0
LINE
8
BLACK
6
CONTINUOUS
10
5.6797909842519685
20
-2.940813503937008
11
5.6805118110236217
21
-2.9405511811023621
0
LINE
8
BLACK
6
CONTINUOUS
10
5.6805118110236217
20
-2.9405511811023621
11
5.9805118110236215
21
-2.9405511811023621
0
LINE
8
BLACK
6
CONTINUOUS
10
5.9805118110236215
20
-2.9405511811023621
11
5.9808953149606294
21
-2.9406187795275591
0
LINE
8
BLACK
6
CONTINUOUS
10
5.6834645669291337
20
-2.9464566929133857
11
5.6834645669291337
21
-3.1405511811023623
0
LINE
8
BLACK
6
CONTINUOUS
10
5.6834645669291337
20
-3.1405511811023623
11
5.9775590551181104
21
-3.1405511811023623
0
LINE
8
BLACK
6
CONTINUOUS
10
5.9775590551181104
20
-3.1405511811023623
11
5.9775590551181104
21
-2.9464566929133857
0
LINE
8
BLACK
6
CONTINUOUS
10
5.9775590551181104
20
-2.9464566929133857
11
5.6834645669291337
21
-2.9464566929133857
0
LINE
8
BLACK
6
CONTINUOUS
10
6.1488440944881892
20
-2.9634206299212598
11
6.1495959842519685
21
-2.9657347637795275
0
LINE
8
BLACK
6
CONTINUOUS
10
6.1495959842519685
20
-2.9657347637795275
11
6.1495959842519685
21
-2.9723253543307084
0
LINE
8
BLACK
6
CONTINUOUS
10
6.1495959842519685
20
-2.9723253543307084
11
6.1636566929133858
21
-2.9754499606299212
0
LINE
8
BLACK
6
CONTINUOUS
10
6.1636566929133858
20
-2.9754499606299212
11
6.1636566929133858
21
-2.9706091732283464
0
LINE
8
BLACK
6
CONTINUOUS
10
6.1636566929133858
20
-2.9706091732283464
11
6.1644085826771651
21
-2.9682950393700787
0
LINE
8
BLACK
6
CONTINUOUS
10
6.1644085826771651
20
-2.9682950393700787
11
6.1663770866141734
21
-2.9668648425196849
0
LINE
8
BLACK
6
CONTINUOUS
10
6.1663770866141734
20
-2.9668648425196849
11
6.1688103149606297
21
-2.9668648425196849
0
LINE
8
BLACK
6
CONTINUOUS
10
6.1688103149606297
20
-2.9668648425196849
11
6.170778818897638
21
-2.9682950393700787
0
LINE
8
BLACK
6
CONTINUOUS
10
6.170778818897638
20
-2.9682950393700787
11
6.1715307086614173
21
-2.9706091732283464
0
LINE
8
BLACK
6
CONTINUOUS
10
6.1715307086614173
20
-2.9706091732283464
11
6.1715307086614173
21
-2.9771997637795273
0
LINE
8
BLACK
6
CONTINUOUS
10
6.1715307086614173
20
-2.9771997637795273
11
6.1903825196850395
21
-2.9813890551181101
0
LINE
8
BLACK
6
CONTINUOUS
10
6.1903825196850395
20
-2.9813890551181101
11
6.1924784251968505
21
-2.9826250393700788
0
LINE
8
BLACK
6
CONTINUOUS
10
6.1924784251968505
20
-2.9826250393700788
11
6.1934475196850389
21
-2.984856929133858
0
LINE
8
BLACK
6
CONTINUOUS
10
6.1934475196850389
20
-2.984856929133858
11
6.19291968503937
21
-2.9872322047244095
0
LINE
8
BLACK
6
CONTINUOUS
10
6.19291968503937
20
-2.9872322047244095
11
6.1910965354330711
21
-2.9888435826771653
0
LINE
8
BLACK
6
CONTINUOUS
10
6.1910965354330711
20
-2.9888435826771653
11
6.1886744094488186
21
-2.989075590551181
0
LINE
8
BLACK
6
CONTINUOUS
10
6.1886744094488186
20
-2.989075590551181
11
6.1715307086614173
21
-2.9852658661417322
0
LINE
8
BLACK
6
CONTINUOUS
10
6.1715307086614173
20
-2.9852658661417322
11
6.1715307086614173
21
-2.994260118110236
0
LINE
8
BLACK
6
CONTINUOUS
10
6.1715307086614173
20
-2.994260118110236
11
6.1903825196850395
21
-2.9984494094488188
0
LINE
8
BLACK
6
CONTINUOUS
10
6.1903825196850395
20
-2.9984494094488188
11
6.1924784251968505
21
-2.9996853937007875
0
LINE
8
BLACK
6
CONTINUOUS
10
6.1924784251968505
20
-2.9996853937007875
11
6.1934475196850389
21
-3.0019172834645667
0
LINE
8
BLACK
6
CONTINUOUS
10
6.1934475196850389
20
-3.0019172834645667
11
6.19291968503937
21
-3.0042925590551182
0
LINE
8
BLACK
6
CONTINUOUS
10
6.19291968503937
20
-3.0042925590551182
11
6.1910965354330711
21
-3.0059039370078739
0
LINE
8
BLACK
6
CONTINUOUS
10
6.1910965354330711
20
-3.0059039370078739
11
6.1886744094488186
21
-3.0061359448818896
0
LINE
8
BLACK
6
CONTINUOUS
10
6.1886744094488186
20
-3.0061359448818896
11
6.1715307086614173
21
-3.0023262204724408
0
LINE
8
BLACK
6
CONTINUOUS
10
6.1715307086614173
20
-3.0023262204724408
11
6.1715307086614173
21
-3.0071670866141731
0
LINE
8
BLACK
6
CONTINUOUS
10
6.1715307086614173
20
-3.0071670866141731
11
6.170778818897638
21
-3.0094812204724408
0
LINE
8
BLACK
6
CONTINUOUS
10
6.170778818897638
20
-3.0094812204724408
11
6.1688103149606297
21
-3.0109114173228346
0
LINE
8
BLACK
6
CONTINUOUS
10
6.1688103149606297
20
-3.0109114173228346
11
6.1663770866141734
21
-3.0109114173228346
0
LINE
8
BLACK
6
CONTINUOUS
10
6.1663770866141734
20
-3.0109114173228346
11
6.1644085826771651
21
-3.0094812204724408
0
LINE
8
BLACK
6
CONTINUOUS
10
6.1644085826771651
20
-3.0094812204724408
11
6.1636566929133858
21
-3.0071670866141731
0
LINE
8
BLACK
6
CONTINUOUS
10
6.1636566929133858
20
-3.0071670866141731
11
6.1636566929133858
21
-3.0005764566929134
0
LINE
8
BLACK
6
CONTINUOUS
10
6.1636566929133858
20
-3.0005764566929134
11
6.1495959842519685
21
-2.9974518503937007
0
LINE
8
BLACK
6
CONTINUOUS
10
6.1495959842519685
20
-2.9974518503937007
11
6.1495959842519685
21
-3.0022926771653542
0
LINE
8
BLACK
6
CONTINUOUS
10
6.1495959842519685
20
-3.0022926771653542
11
6.1488440944881892
21
-3.0046068110236219
0
LINE
8
BLACK
6
CONTINUOUS
10
6.1488440944881892
20
-3.0046068110236219
11
6.1468755905511809
21
-3.0060370078740157
0
LINE
8
BLACK
6
CONTINUOUS
10
6.1468755905511809
20
-3.0060370078740157
11
6.1444423622047246
21
-3.0060370078740157
0
LINE
8
BLACK
6
CONTINUOUS
10
6.1444423622047246
20
-3.0060370078740157
11
6.1424738582677163
21
-3.0046068110236219
0
LINE
8
BLACK
6
CONTINUOUS
10
6.1424738582677163
20
-3.0046068110236219
11
6.141721968503937
21
-3.0022926771653542
0
LINE
8
BLACK
6
CONTINUOUS
10
6.141721968503937
20
-3.0022926771653542
11
6.141721968503937
21
-2.9957020472440945
0
LINE
8
BLACK
6
CONTINUOUS
10
6.141721968503937
20
-2.9957020472440945
11
6.1228701574803148
21
-2.9915127952755904
0
LINE
8
BLACK
6
CONTINUOUS
10
6.1228701574803148
20
-2.9915127952755904
11
6.1207742519685038
21
-2.9902768110236222
0
LINE
8
BLACK
6
CONTINUOUS
10
6.1207742519685038
20
-2.9902768110236222
11
6.1198051181102358
21
-2.9880449212598426
0
LINE
8
BLACK
6
CONTINUOUS
10
6.1198051181102358
20
-2.9880449212598426
11
6.1203329527559056
21
-2.9856696456692911
0
LINE
8
BLACK
6
CONTINUOUS
10
6.1203329527559056
20
-2.9856696456692911
11
6.1221561417322832
21
-2.9840582677165353
0
LINE
8
BLACK
6
CONTINUOUS
10
6.1221561417322832
20
-2.9840582677165353
11
6.1245782677165357
21
-2.9838262598425196
0
LINE
8
BLACK
6
CONTINUOUS
10
6.1245782677165357
20
-2.9838262598425196
11
6.141721968503937
21
-2.9876359448818897
0
LINE
8
BLACK
6
CONTINUOUS
10
6.141721968503937
20
-2.9876359448818897
11
6.141721968503937
21
-2.9786416929133859
0
LINE
8
BLACK
6
CONTINUOUS
10
6.141721968503937
20
-2.9786416929133859
11
6.1228701574803148
21
-2.9744524409448818
0
LINE
8
BLACK
6
CONTINUOUS
10
6.1228701574803148
20
-2.9744524409448818
11
6.1207742519685038
21
-2.9732164566929131
0
LINE
8
BLACK
6
CONTINUOUS
10
6.1207742519685038
20
-2.9732164566929131
11
6.1198051181102358
21
-2.9709845669291339
0
LINE
8
BLACK
6
CONTINUOUS
10
6.1198051181102358
20
-2.9709845669291339
11
6.1203329527559056
21
-2.9686092913385824
0
LINE
8
BLACK
6
CONTINUOUS
10
6.1203329527559056
20
-2.9686092913385824
11
6.1221561417322832
21
-2.9669979133858266
0
LINE
8
BLACK
6
CONTINUOUS
10
6.1221561417322832
20
-2.9669979133858266
11
6.1245782677165357
21
-2.966765905511811
0
LINE
8
BLACK
6
CONTINUOUS
10
6.1245782677165357
20
-2.966765905511811
11
6.141721968503937
21
-2.970575590551181
0
LINE
8
BLACK
6
CONTINUOUS
10
6.141721968503937
20
-2.970575590551181
11
6.141721968503937
21
-2.9657347637795275
0
LINE
8
BLACK
6
CONTINUOUS
10
6.141721968503937
20
-2.9657347637795275
11
6.1424738582677163
21
-2.9634206299212598
0
LINE
8
BLACK
6
CONTINUOUS
10
6.1424738582677163
20
-2.9634206299212598
11
6.1444423622047246
21
-2.961990433070866
0
LINE
8
BLACK
6
CONTINUOUS
10
6.1444423622047246
20
-2.961990433070866
11
6.1468755905511809
21
-2.961990433070866
0
LINE
8
BLACK
6
CONTINUOUS
10
6.1468755905511809
20
-2.961990433070866
11
6.1488440944881892
21
-2.9634206299212598
0
LINE
8
BLACK
6
CONTINUOUS
10
6.1495959842519685
20
-2.9893857086614171
11
6.1636566929133858
21
-2.9925103149606298
0
LINE
8
BLACK
6
CONTINUOUS
10
6.1636566929133858
20
-2.9925103149606298
11
6.1636566929133858
21
-2.9835161023622048
0
LINE
8
BLACK
6
CONTINUOUS
10
6.1636566929133858
20
-2.9835161023622048
11
6.1495959842519685
21
-2.980391496062992
0
LINE
8
BLACK
6
CONTINUOUS
10
6.1495959842519685
20
-2.980391496062992
11
6.1495959842519685
21
-2.9893857086614171
0
LINE
8
BLACK
6
CONTINUOUS
10
6.0796891732283465
20
-2.9706441732283464
11
6.0821263779527559
21
-2.9730813385826771
0
LINE
8
BLACK
6
CONTINUOUS
10
6.0821263779527559
20
-2.9730813385826771
11
6.0825384251968506
21
-2.9738900393700787
0
LINE
8
BLACK
6
CONTINUOUS
10
6.0825384251968506
20
-2.9738900393700787
11
6.0830774803149605
21
-2.9746202755905511
0
LINE
8
BLACK
6
CONTINUOUS
10
6.0830774803149605
20
-2.9746202755905511
11
6.0855146456692912
21
-2.9819318503937007
0
LINE
8
BLACK
6
CONTINUOUS
10
6.0855146456692912
20
-2.9819318503937007
11
6.085519488188976
21
-2.9825699212598424
0
LINE
8
BLACK
6
CONTINUOUS
10
6.085519488188976
20
-2.9825699212598424
11
6.0857166929133859
21
-2.9831768503937006
0
LINE
8
BLACK
6
CONTINUOUS
10
6.0857166929133859
20
-2.9831768503937006
11
6.0857166929133859
21
-2.9880512204724408
0
LINE
8
BLACK
6
CONTINUOUS
10
6.0857166929133859
20
-2.9880512204724408
11
6.0855195275590548
21
-2.9886580314960631
0
LINE
8
BLACK
6
CONTINUOUS
10
6.0855195275590548
20
-2.9886580314960631
11
6.08551468503937
21
-2.9892961811023619
0
LINE
8
BLACK
6
CONTINUOUS
10
6.08551468503937
20
-2.9892961811023619
11
6.0830774803149605
21
-2.9966077559055115
0
LINE
8
BLACK
6
CONTINUOUS
10
6.0830774803149605
20
-2.9966077559055115
11
6.0825385433070869
21
-2.9973377952755906
0
LINE
8
BLACK
6
CONTINUOUS
10
6.0825385433070869
20
-2.9973377952755906
11
6.0821264173228347
21
-2.998146692913386
0
LINE
8
BLACK
6
CONTINUOUS
10
6.0821264173228347
20
-2.998146692913386
11
6.0772520078740158
21
-3.0030211023622049
0
LINE
8
BLACK
6
CONTINUOUS
10
6.0772520078740158
20
-3.0030211023622049
11
6.0766834251968502
21
-3.0033107480314958
0
LINE
8
BLACK
6
CONTINUOUS
10
6.0766834251968502
20
-3.0033107480314958
11
6.0762288188976372
21
-3.0037585826771651
0
LINE
8
BLACK
6
CONTINUOUS
10
6.0762288188976372
20
-3.0037585826771651
11
6.0713543700787405
21
-3.0061957874015746
0
LINE
8
BLACK
6
CONTINUOUS
10
6.0713543700787405
20
-3.0061957874015746
11
6.0709204724409451
21
-3.0062611023622048
0
LINE
8
BLACK
6
CONTINUOUS
10
6.0709204724409451
20
-3.0062611023622048
11
6.0705485826771648
21
-3.0064938582677163
0
LINE
8
BLACK
6
CONTINUOUS
10
6.0705485826771648
20
-3.0064938582677163
11
6.060799763779527
21
-3.008931023622047
0
LINE
8
BLACK
6
CONTINUOUS
10
6.060799763779527
20
-3.008931023622047
11
6.0603109448818895
21
-3.0088971259842521
0
LINE
8
BLACK
6
CONTINUOUS
10
6.0603109448818895
20
-3.0088971259842521
11
6.0598449212598426
21
-3.0090485826771651
0
LINE
8
BLACK
6
CONTINUOUS
10
6.0598449212598426
20
-3.0090485826771651
11
6.0525333464566931
21
-3.0090485826771651
0
LINE
8
BLACK
6
CONTINUOUS
10
6.0525333464566931
20
-3.0090485826771651
11
6.0520672834645666
21
-3.0088971259842521
0
LINE
8
BLACK
6
CONTINUOUS
10
6.0520672834645666
20
-3.0088971259842521
11
6.0515785039370078
21
-3.008931023622047
0
LINE
8
BLACK
6
CONTINUOUS
10
6.0515785039370078
20
-3.008931023622047
11
6.0418297244094488
21
-3.0064938582677163
0
LINE
8
BLACK
6
CONTINUOUS
10
6.0418297244094488
20
-3.0064938582677163
11
6.0414577952755906
21
-3.0062611417322835
0
LINE
8
BLACK
6
CONTINUOUS
10
6.0414577952755906
20
-3.0062611417322835
11
6.0410238582677165
21
-3.0061957874015746
0
LINE
8
BLACK
6
CONTINUOUS
10
6.0410238582677165
20
-3.0061957874015746
11
6.0361494881889763
21
-3.0037585826771651
0
LINE
8
BLACK
6
CONTINUOUS
10
6.0361494881889763
20
-3.0037585826771651
11
6.0356948425196846
21
-3.0033107874015745
0
LINE
8
BLACK
6
CONTINUOUS
10
6.0356948425196846
20
-3.0033107874015745
11
6.0351262992125987
21
-3.0030211023622049
0
LINE
8
BLACK
6
CONTINUOUS
10
6.0351262992125987
20
-3.0030211023622049
11
6.0302518897637798
21
-2.998146692913386
0
LINE
8
BLACK
6
CONTINUOUS
10
6.0302518897637798
20
-2.998146692913386
11
6.0298398031496063
21
-2.9973379527559056
0
LINE
8
BLACK
6
CONTINUOUS
10
6.0298398031496063
20
-2.9973379527559056
11
6.029300826771653
21
-2.9966077952755903
0
LINE
8
BLACK
6
CONTINUOUS
10
6.029300826771653
20
-2.9966077952755903
11
6.0268636220472436
21
-2.9892962204724407
0
LINE
8
BLACK
6
CONTINUOUS
10
6.0268636220472436
20
-2.9892962204724407
11
6.02685874015748
21
-2.9886581102362202
0
LINE
8
BLACK
6
CONTINUOUS
10
6.02685874015748
20
-2.9886581102362202
11
6.0266615748031498
21
-2.9880512204724408
0
LINE
8
BLACK
6
CONTINUOUS
10
6.0266615748031498
20
-2.9880512204724408
11
6.0266615748031498
21
-2.9831768503937006
0
LINE
8
BLACK
6
CONTINUOUS
10
6.0266615748031498
20
-2.9831768503937006
11
6.02685874015748
21
-2.9825699212598424
0
LINE
8
BLACK
6
CONTINUOUS
10
6.02685874015748
20
-2.9825699212598424
11
6.0268636220472436
21
-2.9819318503937007
0
LINE
8
BLACK
6
CONTINUOUS
10
6.0268636220472436
20
-2.9819318503937007
11
6.029300826771653
21
-2.9746202362204723
0
LINE
8
BLACK
6
CONTINUOUS
10
6.029300826771653
20
-2.9746202362204723
11
6.0298398818897638
21
-2.9738899606299212
0
LINE
8
BLACK
6
CONTINUOUS
10
6.0298398818897638
20
-2.9738899606299212
11
6.0302519291338585
21
-2.9730813385826771
0
LINE
8
BLACK
6
CONTINUOUS
10
6.0302519291338585
20
-2.9730813385826771
11
6.032689133858268
21
-2.9706441732283464
0
LINE
8
BLACK
6
CONTINUOUS
10
6.032689133858268
20
-2.9706441732283464
11
6.0348571259842521
21
-2.9695395275590553
0
LINE
8
BLACK
6
CONTINUOUS
10
6.0348571259842521
20
-2.9695395275590553
11
6.0372603937007874
21
-2.9699201574803147
0
LINE
8
BLACK
6
CONTINUOUS
10
6.0372603937007874
20
-2.9699201574803147
11
6.0389809055118109
21
-2.9716407480314961
0
LINE
8
BLACK
6
CONTINUOUS
10
6.0389809055118109
20
-2.9716407480314961
11
6.0393615354330707
21
-2.9740439763779527
0
LINE
8
BLACK
6
CONTINUOUS
10
6.0393615354330707
20
-2.9740439763779527
11
6.0382568503937009
21
-2.9762119685039368
0
LINE
8
BLACK
6
CONTINUOUS
10
6.0382568503937009
20
-2.9762119685039368
11
6.036476811023622
21
-2.9779919291338581
0
LINE
8
BLACK
6
CONTINUOUS
10
6.036476811023622
20
-2.9779919291338581
11
6.0345355905511813
21
-2.9838157086614174
0
LINE
8
BLACK
6
CONTINUOUS
10
6.0345355905511813
20
-2.9838157086614174
11
6.0345355905511813
21
-2.9874123228346456
0
LINE
8
BLACK
6
CONTINUOUS
10
6.0345355905511813
20
-2.9874123228346456
11
6.036476811023622
21
-2.993236023622047
0
LINE
8
BLACK
6
CONTINUOUS
10
6.036476811023622
20
-2.993236023622047
11
6.0402423228346453
21
-2.9970015354330708
0
LINE
8
BLACK
6
CONTINUOUS
10
6.0402423228346453
20
-2.9970015354330708
11
6.0441588188976381
21
-2.9989598031496061
0
LINE
8
BLACK
6
CONTINUOUS
10
6.0441588188976381
20
-2.9989598031496061
11
6.0530179921259837
21
-3.0011745669291336
0
LINE
8
BLACK
6
CONTINUOUS
10
6.0530179921259837
20
-3.0011745669291336
11
6.0593603149606299
21
-3.0011745669291336
0
LINE
8
BLACK
6
CONTINUOUS
10
6.0593603149606299
20
-3.0011745669291336
11
6.0682194881889764
21
-2.9989597637795273
0
LINE
8
BLACK
6
CONTINUOUS
10
6.0682194881889764
20
-2.9989597637795273
11
6.0721359448818895
21
-2.9970015748031495
0
LINE
8
BLACK
6
CONTINUOUS
10
6.0721359448818895
20
-2.9970015748031495
11
6.0759014566929128
21
-2.993236023622047
0
LINE
8
BLACK
6
CONTINUOUS
10
6.0759014566929128
20
-2.993236023622047
11
6.0778426771653544
21
-2.9874123622047244
0
LINE
8
BLACK
6
CONTINUOUS
10
6.0778426771653544
20
-2.9874123622047244
11
6.0778426771653544
21
-2.9838157480314962
0
LINE
8
BLACK
6
CONTINUOUS
10
6.0778426771653544
20
-2.9838157480314962
11
6.0759014566929128
21
-2.9779919291338581
0
LINE
8
BLACK
6
CONTINUOUS
10
6.0759014566929128
20
-2.9779919291338581
11
6.0741214566929136
21
-2.9762119685039368
0
LINE
8
BLACK
6
CONTINUOUS
10
6.0741214566929136
20
-2.9762119685039368
11
6.0730167716535428
21
-2.9740439763779527
0
LINE
8
BLACK
6
CONTINUOUS
10
6.0730167716535428
20
-2.9740439763779527
11
6.0733974015748027
21
-2.9716407480314961
0
LINE
8
BLACK
6
CONTINUOUS
10
6.0733974015748027
20
-2.9716407480314961
11
6.0751179133858271
21
-2.9699201574803147
0
LINE
8
BLACK
6
CONTINUOUS
10
6.0751179133858271
20
-2.9699201574803147
11
6.0775211811023624
21
-2.9695394881889765
0
LINE
8
BLACK
6
CONTINUOUS
10
6.0775211811023624
20
-2.9695394881889765
11
6.0796891732283465
21
-2.9706441732283464
0
LINE
8
BLACK
6
CONTINUOUS
10
6.352844094488189
20
-2.9594206299212598
11
6.3535959842519683
21
-2.9617347637795275
0
LINE
8
BLACK
6
CONTINUOUS
10
6.3535959842519683
20
-2.9617347637795275
11
6.3535959842519683
21
-2.9683253543307084
0
LINE
8
BLACK
6
CONTINUOUS
10
6.3535959842519683
20
-2.9683253543307084
11
6.3676566929133855
21
-2.9714499606299212
0
LINE
8
BLACK
6
CONTINUOUS
10
6.3676566929133855
20
-2.9714499606299212
11
6.3676566929133855
21
-2.9666091732283464
0
LINE
8
BLACK
6
CONTINUOUS
10
6.3676566929133855
20
-2.9666091732283464
11
6.3684085826771648
21
-2.9642950393700787
0
LINE
8
BLACK
6
CONTINUOUS
10
6.3684085826771648
20
-2.9642950393700787
11
6.3703770866141731
21
-2.9628648425196848
0
LINE
8
BLACK
6
CONTINUOUS
10
6.3703770866141731
20
-2.9628648425196848
11
6.3728103149606294
21
-2.9628648425196848
0
LINE
8
BLACK
6
CONTINUOUS
10
6.3728103149606294
20
-2.9628648425196848
11
6.3747788188976378
21
-2.9642950393700787
0
LINE
8
BLACK
6
CONTINUOUS
10
6.3747788188976378
20
-2.9642950393700787
11
6.375530708661417
21
-2.9666091732283464
0
LINE
8
BLACK
6
CONTINUOUS
10
6.375530708661417
20
-2.9666091732283464
11
6.375530708661417
21
-2.9731997637795273
0
LINE
8
BLACK
6
CONTINUOUS
10
6.375530708661417
20
-2.9731997637795273
11
6.3943825196850392
21
-2.9773890551181101
0
LINE
8
BLACK
6
CONTINUOUS
10
6.3943825196850392
20
-2.9773890551181101
11
6.3964784251968503
21
-2.9786250393700788
0
LINE
8
BLACK
6
CONTINUOUS
10
6.3964784251968503
20
-2.9786250393700788
11
6.3974475196850396
21
-2.980856929133858
0
LINE
8
BLACK
6
CONTINUOUS
10
6.3974475196850396
20
-2.980856929133858
11
6.3969196850393697
21
-2.9832322047244095
0
LINE
8
BLACK
6
CONTINUOUS
10
6.3969196850393697
20
-2.9832322047244095
11
6.3950965354330709
21
-2.9848435826771653
0
LINE
8
BLACK
6
CONTINUOUS
10
6.3950965354330709
20
-2.9848435826771653
11
6.3926744094488184
21
-2.985075590551181
0
LINE
8
BLACK
6
CONTINUOUS
10
6.3926744094488184
20
-2.985075590551181
11
6.375530708661417
21
-2.9812658661417322
0
LINE
8
BLACK
6
CONTINUOUS
10
6.375530708661417
20
-2.9812658661417322
11
6.375530708661417
21
-2.990260118110236
0
LINE
8
BLACK
6
CONTINUOUS
10
6.375530708661417
20
-2.990260118110236
11
6.3943825196850392
21
-2.9944494094488188
0
LINE
8
BLACK
6
CONTINUOUS
10
6.3943825196850392
20
-2.9944494094488188
11
6.3964784251968503
21
-2.9956853937007875
0
LINE
8
BLACK
6
CONTINUOUS
10
6.3964784251968503
20
-2.9956853937007875
11
6.3974475196850396
21
-2.9979172834645667
0
LINE
8
BLACK
6
CONTINUOUS
10
6.3974475196850396
20
-2.9979172834645667
11
6.3969196850393697
21
-3.0002925590551182
0
LINE
8
BLACK
6
CONTINUOUS
10
6.3969196850393697
20
-3.0002925590551182
11
6.3950965354330709
21
-3.0019039370078739
0
LINE
8
BLACK
6
CONTINUOUS
10
6.3950965354330709
20
-3.0019039370078739
11
6.3926744094488184
21
-3.0021359448818896
0
LINE
8
BLACK
6
CONTINUOUS
10
6.3926744094488184
20
-3.0021359448818896
11
6.375530708661417
21
-2.9983262204724408
0
LINE
8
BLACK
6
CONTINUOUS
10
6.375530708661417
20
-2.9983262204724408
11
6.375530708661417
21
-3.0031670866141731
0
LINE
8
BLACK
6
CONTINUOUS
10
6.375530708661417
20
-3.0031670866141731
11
6.3747788188976378
21
-3.0054812204724408
0
LINE
8
BLACK
6
CONTINUOUS
10
6.3747788188976378
20
-3.0054812204724408
11
6.3728103149606294
21
-3.0069114173228346
0
LINE
8
BLACK
6
CONTINUOUS
10
6.3728103149606294
20
-3.0069114173228346
11
6.3703770866141731
21
-3.0069114173228346
0
LINE
8
BLACK
6
CONTINUOUS
10
6.3703770866141731
20
-3.0069114173228346
11
6.3684085826771648
21
-3.0054812204724408
0
LINE
8
BLACK
6
CONTINUOUS
10
6.3684085826771648
20
-3.0054812204724408
11
6.3676566929133855
21
-3.0031670866141731
0
LINE
8
BLACK
6
CONTINUOUS
10
6.3676566929133855
20
-3.0031670866141731
11
6.3676566929133855
21
-2.9965764566929134
0
LINE
8
BLACK
6
CONTINUOUS
10
6.3676566929133855
20
-2.9965764566929134
11
6.3535959842519683
21
-2.9934518503937007
0
LINE
8
BLACK
6
CONTINUOUS
10
6.3535959842519683
20
-2.9934518503937007
11
6.3535959842519683
21
-2.9982926771653542
0
LINE
8
BLACK
6
CONTINUOUS
10
6.3535959842519683
20
-2.9982926771653542
11
6.352844094488189
21
-3.0006068110236219
0
LINE
8
BLACK
6
CONTINUOUS
10
6.352844094488189
20
-3.0006068110236219
11
6.3508755905511807
21
-3.0020370078740157
0
LINE
8
BLACK
6
CONTINUOUS
10
6.3508755905511807
20
-3.0020370078740157
11
6.3484423622047244
21
-3.0020370078740157
0
LINE
8
BLACK
6
CONTINUOUS
10
6.3484423622047244
20
-3.0020370078740157
11
6.346473858267716
21
-3.0006068110236219
0
LINE
8
BLACK
6
CONTINUOUS
10
6.346473858267716
20
-3.0006068110236219
11
6.3457219685039368
21
-2.9982926771653542
0
LINE
8
BLACK
6
CONTINUOUS
10
6.3457219685039368
20
-2.9982926771653542
11
6.3457219685039368
21
-2.9917020472440945
0
LINE
8
BLACK
6
CONTINUOUS
10
6.3457219685039368
20
-2.9917020472440945
11
6.3268701574803146
21
-2.9875127952755904
0
LINE
8
BLACK
6
CONTINUOUS
10
6.3268701574803146
20
-2.9875127952755904
11
6.3247742519685035
21
-2.9862768110236222
0
LINE
8
BLACK
6
CONTINUOUS
10
6.3247742519685035
20
-2.9862768110236222
11
6.3238051181102364
21
-2.9840449212598426
0
LINE
8
BLACK
6
CONTINUOUS
10
6.3238051181102364
20
-2.9840449212598426
11
6.3243329527559053
21
-2.9816696456692915
0
LINE
8
BLACK
6
CONTINUOUS
10
6.3243329527559053
20
-2.9816696456692915
11
6.3261561417322829
21
-2.9800582677165353
0
LINE
8
BLACK
6
CONTINUOUS
10
6.3261561417322829
20
-2.9800582677165353
11
6.3285782677165354
21
-2.9798262598425196
0
LINE
8
BLACK
6
CONTINUOUS
10
6.3285782677165354
20
-2.9798262598425196
11
6.3457219685039368
21
-2.9836359448818897
0
LINE
8
BLACK
6
CONTINUOUS
10
6.3457219685039368
20
-2.9836359448818897
11
6.3457219685039368
21
-2.9746416929133859
0
LINE
8
BLACK
6
CONTINUOUS
10
6.3457219685039368
20
-2.9746416929133859
11
6.3268701574803146
21
-2.9704524409448818
0
LINE
8
BLACK
6
CONTINUOUS
10
6.3268701574803146
20
-2.9704524409448818
11
6.3247742519685035
21
-2.9692164566929131
0
LINE
8
BLACK
6
CONTINUOUS
10
6.3247742519685035
20
-2.9692164566929131
11
6.3238051181102364
21
-2.9669845669291339
0
LINE
8
BLACK
6
CONTINUOUS
10
6.3238051181102364
20
-2.9669845669291339
11
6.3243329527559053
21
-2.9646092913385824
0
LINE
8
BLACK
6
CONTINUOUS
10
6.3243329527559053
20
-2.9646092913385824
11
6.3261561417322829
21
-2.9629979133858266
0
LINE
8
BLACK
6
CONTINUOUS
10
6.3261561417322829
20
-2.9629979133858266
11
6.3285782677165354
21
-2.962765905511811
0
LINE
8
BLACK
6
CONTINUOUS
10
6.3285782677165354
20
-2.962765905511811
11
6.3457219685039368
21
-2.966575590551181
0
LINE
8
BLACK
6
CONTINUOUS
10
6.3457219685039368
20
-2.966575590551181
11
6.3457219685039368
21
-2.9617347637795275
0
LINE
8
BLACK
6
CONTINUOUS
10
6.3457219685039368
20
-2.9617347637795275
11
6.346473858267716
21
-2.9594206299212598
0
LINE
8
BLACK
6
CONTINUOUS
10
6.346473858267716
20
-2.9594206299212598
11
6.3484423622047244
21
-2.957990433070866
0
LINE
8
BLACK
6
CONTINUOUS
10
6.3484423622047244
20
-2.957990433070866
11
6.3508755905511807
21
-2.957990433070866
0
LINE
8
BLACK
6
CONTINUOUS
10
6.3508755905511807
20
-2.957990433070866
11
6.352844094488189
21
-2.9594206299212598
0
LINE
8
BLACK
6
CONTINUOUS
10
6.3535959842519683
20
-2.9853857086614171
11
6.3676566929133855
21
-2.9885103149606298
0
LINE
8
BLACK
6
CONTINUOUS
10
6.3676566929133855
20
-2.9885103149606298
11
6.3676566929133855
21
-2.9795161023622048
0
LINE
8
BLACK
6
CONTINUOUS
10
6.3676566929133855
20
-2.9795161023622048
11
6.3535959842519683
21
-2.976391496062992
0
LINE
8
BLACK
6
CONTINUOUS
10
6.3535959842519683
20
-2.976391496062992
11
6.3535959842519683
21
-2.9853857086614171
0
LINE
8
BLACK
6
CONTINUOUS
10
6.2816891732283464
20
-2.9646441732283462
11
6.2841263779527559
21
-2.9670813385826773
0
LINE
8
BLACK
6
CONTINUOUS
10
6.2841263779527559
20
-2.9670813385826773
11
6.2845384251968506
21
-2.9678900393700789
0
LINE
8
BLACK
6
CONTINUOUS
10
6.2845384251968506
20
-2.9678900393700789
11
6.2850774803149605
21
-2.9686202755905513
0
LINE
8
BLACK
6
CONTINUOUS
10
6.2850774803149605
20
-2.9686202755905513
11
6.2875146456692912
21
-2.9759318503937009
0
LINE
8
BLACK
6
CONTINUOUS
10
6.2875146456692912
20
-2.9759318503937009
11
6.287519488188976
21
-2.9765699212598427
0
LINE
8
BLACK
6
CONTINUOUS
10
6.287519488188976
20
-2.9765699212598427
11
6.2877166929133859
21
-2.9771768503937008
0
LINE
8
BLACK
6
CONTINUOUS
10
6.2877166929133859
20
-2.9771768503937008
11
6.2877166929133859
21
-2.982051220472441
0
LINE
8
BLACK
6
CONTINUOUS
10
6.2877166929133859
20
-2.982051220472441
11
6.2875195275590547
21
-2.9826580314960629
0
LINE
8
BLACK
6
CONTINUOUS
10
6.2875195275590547
20
-2.9826580314960629
11
6.2875146850393699
21
-2.9832961811023622
0
LINE
8
BLACK
6
CONTINUOUS
10
6.2875146850393699
20
-2.9832961811023622
11
6.2850774803149605
21
-2.9906077559055118
0
LINE
8
BLACK
6
CONTINUOUS
10
6.2850774803149605
20
-2.9906077559055118
11
6.2845385433070868
21
-2.9913377952755904
0
LINE
8
BLACK
6
CONTINUOUS
10
6.2845385433070868
20
-2.9913377952755904
11
6.2841264173228346
21
-2.9921466929133858
0
LINE
8
BLACK
6
CONTINUOUS
10
6.2841264173228346
20
-2.9921466929133858
11
6.2792520078740157
21
-2.9970211023622046
0
LINE
8
BLACK
6
CONTINUOUS
10
6.2792520078740157
20
-2.9970211023622046
11
6.2786834251968502
21
-2.997310748031496
0
LINE
8
BLACK
6
CONTINUOUS
10
6.2786834251968502
20
-2.997310748031496
11
6.2782288188976381
21
-2.9977585826771653
0
LINE
8
BLACK
6
CONTINUOUS
10
6.2782288188976381
20
-2.9977585826771653
11
6.2733543700787404
21
-3.0001957874015748
0
LINE
8
BLACK
6
CONTINUOUS
10
6.2733543700787404
20
-3.0001957874015748
11
6.2729204724409451
21
-3.0002611023622046
0
LINE
8
BLACK
6
CONTINUOUS
10
6.2729204724409451
20
-3.0002611023622046
11
6.2725485826771656
21
-3.0004938582677165
0
LINE
8
BLACK
6
CONTINUOUS
10
6.2725485826771656
20
-3.0004938582677165
11
6.2627997637795279
21
-3.0029310236220472
0
LINE
8
BLACK
6
CONTINUOUS
10
6.2627997637795279
20
-3.0029310236220472
11
6.2623109448818894
21
-3.0028971259842518
0
LINE
8
BLACK
6
CONTINUOUS
10
6.2623109448818894
20
-3.0028971259842518
11
6.2618449212598426
21
-3.0030485826771653
0
LINE
8
BLACK
6
CONTINUOUS
10
6.2618449212598426
20
-3.0030485826771653
11
6.254533346456693
21
-3.0030485826771653
0
LINE
8
BLACK
6
CONTINUOUS
10
6.254533346456693
20
-3.0030485826771653
11
6.2540672834645665
21
-3.0028971259842518
0
LINE
8
BLACK
6
CONTINUOUS
10
6.2540672834645665
20
-3.0028971259842518
11
6.2535785039370078
21
-3.0029310236220472
0
LINE
8
BLACK
6
CONTINUOUS
10
6.2535785039370078
20
-3.0029310236220472
11
6.2438297244094487
21
-3.0004938582677165
0
LINE
8
BLACK
6
CONTINUOUS
10
6.2438297244094487
20
-3.0004938582677165
11
6.2434577952755905
21
-3.0002611417322833
0
LINE
8
BLACK
6
CONTINUOUS
10
6.2434577952755905
20
-3.0002611417322833
11
6.2430238582677164
21
-3.0001957874015748
0
LINE
8
BLACK
6
CONTINUOUS
10
6.2430238582677164
20
-3.0001957874015748
11
6.2381494881889763
21
-2.9977585826771653
0
LINE
8
BLACK
6
CONTINUOUS
10
6.2381494881889763
20
-2.9977585826771653
11
6.2376948425196845
21
-2.9973107874015747
0
LINE
8
BLACK
6
CONTINUOUS
10
6.2376948425196845
20
-2.9973107874015747
11
6.2371262992125986
21
-2.9970211023622046
0
LINE
8
BLACK
6
CONTINUOUS
10
6.2371262992125986
20
-2.9970211023622046
11
6.2322518897637798
21
-2.9921466929133858
0
LINE
8
BLACK
6
CONTINUOUS
10
6.2322518897637798
20
-2.9921466929133858
11
6.2318398031496063
21
-2.9913379527559054
0
LINE
8
BLACK
6
CONTINUOUS
10
6.2318398031496063
20
-2.9913379527559054
11
6.231300826771653
21
-2.9906077952755905
0
LINE
8
BLACK
6
CONTINUOUS
10
6.231300826771653
20
-2.9906077952755905
11
6.2288636220472435
21
-2.9832962204724409
0
LINE
8
BLACK
6
CONTINUOUS
10
6.2288636220472435
20
-2.9832962204724409
11
6.22885874015748
21
-2.9826581102362204
0
LINE
8
BLACK
6
CONTINUOUS
10
6.22885874015748
20
-2.9826581102362204
11
6.2286615748031497
21
-2.982051220472441
0
LINE
8
BLACK
6
CONTINUOUS
10
6.2286615748031497
20
-2.982051220472441
11
6.2286615748031497
21
-2.9771768503937008
0
LINE
8
BLACK
6
CONTINUOUS
10
6.2286615748031497
20
-2.9771768503937008
11
6.22885874015748
21
-2.9765699212598427
0
LINE
8
BLACK
6
CONTINUOUS
10
6.22885874015748
20
-2.9765699212598427
11
6.2288636220472435
21
-2.9759318503937009
0
LINE
8
BLACK
6
CONTINUOUS
10
6.2288636220472435
20
-2.9759318503937009
11
6.231300826771653
21
-2.9686202362204726
0
LINE
8
BLACK
6
CONTINUOUS
10
6.231300826771653
20
-2.9686202362204726
11
6.2318398818897638
21
-2.9678899606299214
0
LINE
8
BLACK
6
CONTINUOUS
10
6.2318398818897638
20
-2.9678899606299214
11
6.2322519291338585
21
-2.9670813385826773
0
LINE
8
BLACK
6
CONTINUOUS
10
6.2322519291338585
20
-2.9670813385826773
11
6.234689133858268
21
-2.9646441732283462
0
LINE
8
BLACK
6
CONTINUOUS
10
6.234689133858268
20
-2.9646441732283462
11
6.236857125984252
21
-2.963539527559055
0
LINE
8
BLACK
6
CONTINUOUS
10
6.236857125984252
20
-2.963539527559055
11
6.2392603937007873
21
-2.9639201574803149
0
LINE
8
BLACK
6
CONTINUOUS
10
6.2392603937007873
20
-2.9639201574803149
11
6.2409809055118108
21
-2.9656407480314959
0
LINE
8
BLACK
6
CONTINUOUS
10
6.2409809055118108
20
-2.9656407480314959
11
6.2413615354330707
21
-2.9680439763779525
0
LINE
8
BLACK
6
CONTINUOUS
10
6.2413615354330707
20
-2.9680439763779525
11
6.2402568503937008
21
-2.970211968503937
0
LINE
8
BLACK
6
CONTINUOUS
10
6.2402568503937008
20
-2.970211968503937
11
6.2384768110236219
21
-2.9719919291338583
0
LINE
8
BLACK
6
CONTINUOUS
10
6.2384768110236219
20
-2.9719919291338583
11
6.2365355905511812
21
-2.9778157086614172
0
LINE
8
BLACK
6
CONTINUOUS
10
6.2365355905511812
20
-2.9778157086614172
11
6.2365355905511812
21
-2.9814123228346454
0
LINE
8
BLACK
6
CONTINUOUS
10
6.2365355905511812
20
-2.9814123228346454
11
6.2384768110236219
21
-2.9872360236220472
0
LINE
8
BLACK
6
CONTINUOUS
10
6.2384768110236219
20
-2.9872360236220472
11
6.2422423228346453
21
-2.991001535433071
0
LINE
8
BLACK
6
CONTINUOUS
10
6.2422423228346453
20
-2.991001535433071
11
6.246158818897638
21
-2.9929598031496063
0
LINE
8
BLACK
6
CONTINUOUS
10
6.246158818897638
20
-2.9929598031496063
11
6.2550179921259845
21
-2.9951745669291339
0
LINE
8
BLACK
6
CONTINUOUS
10
6.2550179921259845
20
-2.9951745669291339
11
6.2613603149606298
21
-2.9951745669291339
0
LINE
8
BLACK
6
CONTINUOUS
10
6.2613603149606298
20
-2.9951745669291339
11
6.2702194881889763
21
-2.9929597637795275
0
LINE
8
BLACK
6
CONTINUOUS
10
6.2702194881889763
20
-2.9929597637795275
11
6.2741359448818894
21
-2.9910015748031493
0
LINE
8
BLACK
6
CONTINUOUS
10
6.2741359448818894
20
-2.9910015748031493
11
6.2779014566929137
21
-2.9872360236220472
0
LINE
8
BLACK
6
CONTINUOUS
10
6.2779014566929137
20
-2.9872360236220472
11
6.2798426771653544
21
-2.9814123622047242
0
LINE
8
BLACK
6
CONTINUOUS
10
6.2798426771653544
20
-2.9814123622047242
11
6.2798426771653544
21
-2.977815748031496
0
LINE
8
BLACK
6
CONTINUOUS
10
6.2798426771653544
20
-2.977815748031496
11
6.2779014566929137
21
-2.9719919291338583
0
LINE
8
BLACK
6
CONTINUOUS
10
6.2779014566929137
20
-2.9719919291338583
11
6.2761214566929135
21
-2.970211968503937
0
LINE
8
BLACK
6
CONTINUOUS
10
6.2761214566929135
20
-2.970211968503937
11
6.2750167716535428
21
-2.9680439763779525
0
LINE
8
BLACK
6
CONTINUOUS
10
6.2750167716535428
20
-2.9680439763779525
11
6.2753974015748026
21
-2.9656407480314959
0
LINE
8
BLACK
6
CONTINUOUS
10
6.2753974015748026
20
-2.9656407480314959
11
6.277117913385827
21
-2.9639201574803149
0
LINE
8
BLACK
6
CONTINUOUS
10
6.277117913385827
20
-2.9639201574803149
11
6.2795211811023623
21
-2.9635394881889763
0
LINE
8
BLACK
6
CONTINUOUS
10
6.2795211811023623
20
-2.9635394881889763
11
6.2816891732283464
21
-2.9646441732283462
0
LINE
8
BLACK
6
CONTINUOUS
10
6.0337837007874011
20
-2.9272444094488188
11
6.0345355905511813
21
-2.9295585433070865
0
LINE
8
BLACK
6
CONTINUOUS
10
6.0345355905511813
20
-2.9295585433070865
11
6.0345355905511813
21
-2.94024468503937
0
LINE
8
BLACK
6
CONTINUOUS
10
6.0345355905511813
20
-2.94024468503937
11
6.0817796850393702
21
-2.94024468503937
0
LINE
8
BLACK
6
CONTINUOUS
10
6.0817796850393702
20
-2.94024468503937
11
6.0840938188976379
21
-2.9409965748031497
0
LINE
8
BLACK
6
CONTINUOUS
10
6.0840938188976379
20
-2.9409965748031497
11
6.0855240157480317
21
-2.9429650787401576
0
LINE
8
BLACK
6
CONTINUOUS
10
6.0855240157480317
20
-2.9429650787401576
11
6.0855240157480317
21
-2.9453983070866143
0
LINE
8
BLACK
6
CONTINUOUS
10
6.0855240157480317
20
-2.9453983070866143
11
6.0840938188976379
21
-2.9473668110236222
0
LINE
8
BLACK
6
CONTINUOUS
10
6.0840938188976379
20
-2.9473668110236222
11
6.0817796850393702
21
-2.9481187007874015
0
LINE
8
BLACK
6
CONTINUOUS
10
6.0817796850393702
20
-2.9481187007874015
11
6.0345355905511813
21
-2.9481187007874015
0
LINE
8
BLACK
6
CONTINUOUS
10
6.0345355905511813
20
-2.9481187007874015
11
6.0345355905511813
21
-2.9588048818897636
0
LINE
8
BLACK
6
CONTINUOUS
10
6.0345355905511813
20
-2.9588048818897636
11
6.0337837007874011
21
-2.9611190157480314
0
LINE
8
BLACK
6
CONTINUOUS
10
6.0337837007874011
20
-2.9611190157480314
11
6.0318151968503937
21
-2.9625492125984252
0
LINE
8
BLACK
6
CONTINUOUS
10
6.0318151968503937
20
-2.9625492125984252
11
6.0293819685039365
21
-2.9625492125984252
0
LINE
8
BLACK
6
CONTINUOUS
10
6.0293819685039365
20
-2.9625492125984252
11
6.0274134645669291
21
-2.9611190157480314
0
LINE
8
BLACK
6
CONTINUOUS
10
6.0274134645669291
20
-2.9611190157480314
11
6.0266615748031498
21
-2.9588048818897636
0
LINE
8
BLACK
6
CONTINUOUS
10
6.0266615748031498
20
-2.9588048818897636
11
6.0266615748031498
21
-2.9295585433070865
0
LINE
8
BLACK
6
CONTINUOUS
10
6.0266615748031498
20
-2.9295585433070865
11
6.0274134645669291
21
-2.9272444094488188
0
LINE
8
BLACK
6
CONTINUOUS
10
6.0274134645669291
20
-2.9272444094488188
11
6.0293819685039365
21
-2.925814212598425
0
LINE
8
BLACK
6
CONTINUOUS
10
6.0293819685039365
20
-2.925814212598425
11
6.0318151968503937
21
-2.925814212598425
0
LINE
8
BLACK
6
CONTINUOUS
10
6.0318151968503937
20
-2.925814212598425
11
6.0337837007874011
21
-2.9272444094488188
0
LINE
8
BLACK
6
CONTINUOUS
10
6.2357837007874011
20
-2.921244409448819
11
6.2365355905511812
21
-2.9235585433070868
0
LINE
8
BLACK
6
CONTINUOUS
10
6.2365355905511812
20
-2.9235585433070868
11
6.2365355905511812
21
-2.9342446850393702
0
LINE
8
BLACK
6
CONTINUOUS
10
6.2365355905511812
20
-2.9342446850393702
11
6.2837796850393701
21
-2.9342446850393702
0
LINE
8
BLACK
6
CONTINUOUS
10
6.2837796850393701
20
-2.9342446850393702
11
6.2860938188976379
21
-2.9349965748031495
0
LINE
8
BLACK
6
CONTINUOUS
10
6.2860938188976379
20
-2.9349965748031495
11
6.2875240157480317
21
-2.9369650787401573
0
LINE
8
BLACK
6
CONTINUOUS
10
6.2875240157480317
20
-2.9369650787401573
11
6.2875240157480317
21
-2.9393983070866141
0
LINE
8
BLACK
6
CONTINUOUS
10
6.2875240157480317
20
-2.9393983070866141
11
6.2860938188976379
21
-2.941366811023622
0
LINE
8
BLACK
6
CONTINUOUS
10
6.2860938188976379
20
-2.941366811023622
11
6.2837796850393701
21
-2.9421187007874017
0
LINE
8
BLACK
6
CONTINUOUS
10
6.2837796850393701
20
-2.9421187007874017
11
6.2365355905511812
21
-2.9421187007874017
0
LINE
8
BLACK
6
CONTINUOUS
10
6.2365355905511812
20
-2.9421187007874017
11
6.2365355905511812
21
-2.9528048818897639
0
LINE
8
BLACK
6
CONTINUOUS
10
6.2365355905511812
20
-2.9528048818897639
11
6.2357837007874011
21
-2.9551190157480316
0
LINE
8
BLACK
6
CONTINUOUS
10
6.2357837007874011
20
-2.9551190157480316
11
6.2338151968503936
21
-2.956549212598425
0
LINE
8
BLACK
6
CONTINUOUS
10
6.2338151968503936
20
-2.956549212598425
11
6.2313819685039364
21
-2.956549212598425
0
LINE
8
BLACK
6
CONTINUOUS
10
6.2313819685039364
20
-2.956549212598425
11
6.229413464566929
21
-2.9551190157480316
0
LINE
8
BLACK
6
CONTINUOUS
10
6.229413464566929
20
-2.9551190157480316
11
6.2286615748031497
21
-2.9528048818897639
0
LINE
8
BLACK
6
CONTINUOUS
10
6.2286615748031497
20
-2.9528048818897639
11
6.2286615748031497
21
-2.9235585433070868
0
LINE
8
BLACK
6
CONTINUOUS
10
6.2286615748031497
20
-2.9235585433070868
11
6.229413464566929
21
-2.921244409448819
0
LINE
8
BLACK
6
CONTINUOUS
10
6.229413464566929
20
-2.921244409448819
11
6.2313819685039364
21
-2.9198142125984252
0
LINE
8
BLACK
6
CONTINUOUS
10
6.2313819685039364
20
-2.9198142125984252
11
6.2338151968503936
21
-2.9198142125984252
0
LINE
8
BLACK
6
CONTINUOUS
10
6.2338151968503936
20
-2.9198142125984252
11
6.2357837007874011
21
-2.921244409448819
0
LINE
8
BLACK
6
CONTINUOUS
10
6.1776891732283463
20
-2.9166441732283466
11
6.1801263779527558
21
-2.9190813385826773
0
LINE
8
BLACK
6
CONTINUOUS
10
6.1801263779527558
20
-2.9190813385826773
11
6.1805384251968505
21
-2.9198900393700788
0
LINE
8
BLACK
6
CONTINUOUS
10
6.1805384251968505
20
-2.9198900393700788
11
6.1810774803149604
21
-2.9206202755905513
0
LINE
8
BLACK
6
CONTINUOUS
10
6.1810774803149604
20
-2.9206202755905513
11
6.1835146456692911
21
-2.9279318503937009
0
LINE
8
BLACK
6
CONTINUOUS
10
6.1835146456692911
20
-2.9279318503937009
11
6.1835194881889759
21
-2.9285699212598426
0
LINE
8
BLACK
6
CONTINUOUS
10
6.1835194881889759
20
-2.9285699212598426
11
6.1837166929133858
21
-2.9291768503937008
0
LINE
8
BLACK
6
CONTINUOUS
10
6.1837166929133858
20
-2.9291768503937008
11
6.1837166929133858
21
-2.9340512204724409
0
LINE
8
BLACK
6
CONTINUOUS
10
6.1837166929133858
20
-2.9340512204724409
11
6.1835195275590547
21
-2.9346580314960629
0
LINE
8
BLACK
6
CONTINUOUS
10
6.1835195275590547
20
-2.9346580314960629
11
6.1835146850393699
21
-2.9352961811023621
0
LINE
8
BLACK
6
CONTINUOUS
10
6.1835146850393699
20
-2.9352961811023621
11
6.1810774803149604
21
-2.9426077559055117
0
LINE
8
BLACK
6
CONTINUOUS
10
6.1810774803149604
20
-2.9426077559055117
11
6.1805385433070867
21
-2.9433377952755904
0
LINE
8
BLACK
6
CONTINUOUS
10
6.1805385433070867
20
-2.9433377952755904
11
6.1801264173228345
21
-2.9441466929133857
0
LINE
8
BLACK
6
CONTINUOUS
10
6.1801264173228345
20
-2.9441466929133857
11
6.1752520078740156
21
-2.9490211023622046
0
LINE
8
BLACK
6
CONTINUOUS
10
6.1752520078740156
20
-2.9490211023622046
11
6.1746834251968501
21
-2.949310748031496
0
LINE
8
BLACK
6
CONTINUOUS
10
6.1746834251968501
20
-2.949310748031496
11
6.174228818897638
21
-2.9497585826771653
0
LINE
8
BLACK
6
CONTINUOUS
10
6.174228818897638
20
-2.9497585826771653
11
6.1693543700787403
21
-2.9521957874015747
0
LINE
8
BLACK
6
CONTINUOUS
10
6.1693543700787403
20
-2.9521957874015747
11
6.168920472440945
21
-2.9522611023622045
0
LINE
8
BLACK
6
CONTINUOUS
10
6.168920472440945
20
-2.9522611023622045
11
6.1685485826771655
21
-2.9524938582677165
0
LINE
8
BLACK
6
CONTINUOUS
10
6.1685485826771655
20
-2.9524938582677165
11
6.1587997637795278
21
-2.9549310236220472
0
LINE
8
BLACK
6
CONTINUOUS
10
6.1587997637795278
20
-2.9549310236220472
11
6.1583109448818893
21
-2.9548971259842518
0
LINE
8
BLACK
6
CONTINUOUS
10
6.1583109448818893
20
-2.9548971259842518
11
6.1578449212598425
21
-2.9550485826771653
0
LINE
8
BLACK
6
CONTINUOUS
10
6.1578449212598425
20
-2.9550485826771653
11
6.1505333464566929
21
-2.9550485826771653
0
LINE
8
BLACK
6
CONTINUOUS
10
6.1505333464566929
20
-2.9550485826771653
11
6.1500672834645664
21
-2.9548971259842518
0
LINE
8
BLACK
6
CONTINUOUS
10
6.1500672834645664
20
-2.9548971259842518
11
6.1495785039370077
21
-2.9549310236220472
0
LINE
8
BLACK
6
CONTINUOUS
10
6.1495785039370077
20
-2.9549310236220472
11
6.1398297244094486
21
-2.9524938582677165
0
LINE
8
BLACK
6
CONTINUOUS
10
6.1398297244094486
20
-2.9524938582677165
11
6.1394577952755904
21
-2.9522611417322833
0
LINE
8
BLACK
6
CONTINUOUS
10
6.1394577952755904
20
-2.9522611417322833
11
6.1390238582677163
21
-2.9521957874015747
0
LINE
8
BLACK
6
CONTINUOUS
10
6.1390238582677163
20
-2.9521957874015747
11
6.1341494881889762
21
-2.9497585826771653
0
LINE
8
BLACK
6
CONTINUOUS
10
6.1341494881889762
20
-2.9497585826771653
11
6.1336948425196853
21
-2.9493107874015747
0
LINE
8
BLACK
6
CONTINUOUS
10
6.1336948425196853
20
-2.9493107874015747
11
6.1331262992125986
21
-2.9490211023622046
0
LINE
8
BLACK
6
CONTINUOUS
10
6.1331262992125986
20
-2.9490211023622046
11
6.1282518897637797
21
-2.9441466929133857
0
LINE
8
BLACK
6
CONTINUOUS
10
6.1282518897637797
20
-2.9441466929133857
11
6.1278398031496062
21
-2.9433379527559054
0
LINE
8
BLACK
6
CONTINUOUS
10
6.1278398031496062
20
-2.9433379527559054
11
6.1273008267716538
21
-2.9426077952755905
0
LINE
8
BLACK
6
CONTINUOUS
10
6.1273008267716538
20
-2.9426077952755905
11
6.1248636220472443
21
-2.9352962204724409
0
LINE
8
BLACK
6
CONTINUOUS
10
6.1248636220472443
20
-2.9352962204724409
11
6.1248587401574799
21
-2.9346581102362204
0
LINE
8
BLACK
6
CONTINUOUS
10
6.1248587401574799
20
-2.9346581102362204
11
6.1246615748031497
21
-2.9340512204724409
0
LINE
8
BLACK
6
CONTINUOUS
10
6.1246615748031497
20
-2.9340512204724409
11
6.1246615748031497
21
-2.9291768503937008
0
LINE
8
BLACK
6
CONTINUOUS
10
6.1246615748031497
20
-2.9291768503937008
11
6.1248587401574799
21
-2.9285699212598426
0
LINE
8
BLACK
6
CONTINUOUS
10
6.1248587401574799
20
-2.9285699212598426
11
6.1248636220472443
21
-2.9279318503937009
0
LINE
8
BLACK
6
CONTINUOUS
10
6.1248636220472443
20
-2.9279318503937009
11
6.1273008267716538
21
-2.9206202362204725
0
LINE
8
BLACK
6
CONTINUOUS
10
6.1273008267716538
20
-2.9206202362204725
11
6.1278398818897637
21
-2.9198899606299213
0
LINE
8
BLACK
6
CONTINUOUS
10
6.1278398818897637
20
-2.9198899606299213
11
6.1282519291338584
21
-2.9190813385826773
0
LINE
8
BLACK
6
CONTINUOUS
10
6.1282519291338584
20
-2.9190813385826773
11
6.1306891338582679
21
-2.9166441732283466
0
LINE
8
BLACK
6
CONTINUOUS
10
6.1306891338582679
20
-2.9166441732283466
11
6.1328571259842519
21
-2.915539527559055
0
LINE
8
BLACK
6
CONTINUOUS
10
6.1328571259842519
20
-2.915539527559055
11
6.1352603937007872
21
-2.9159201574803149
0
LINE
8
BLACK
6
CONTINUOUS
10
6.1352603937007872
20
-2.9159201574803149
11
6.1369809055118107
21
-2.9176407480314959
0
LINE
8
BLACK
6
CONTINUOUS
10
6.1369809055118107
20
-2.9176407480314959
11
6.1373615354330706
21
-2.9200439763779529
0
LINE
8
BLACK
6
CONTINUOUS
10
6.1373615354330706
20
-2.9200439763779529
11
6.1362568503937007
21
-2.9222119685039369
0
LINE
8
BLACK
6
CONTINUOUS
10
6.1362568503937007
20
-2.9222119685039369
11
6.1344768110236219
21
-2.9239919291338583
0
LINE
8
BLACK
6
CONTINUOUS
10
6.1344768110236219
20
-2.9239919291338583
11
6.1325355905511811
21
-2.9298157086614172
0
LINE
8
BLACK
6
CONTINUOUS
10
6.1325355905511811
20
-2.9298157086614172
11
6.1325355905511811
21
-2.9334123228346458
0
LINE
8
BLACK
6
CONTINUOUS
10
6.1325355905511811
20
-2.9334123228346458
11
6.1344768110236219
21
-2.9392360236220472
0
LINE
8
BLACK
6
CONTINUOUS
10
6.1344768110236219
20
-2.9392360236220472
11
6.1382423228346452
21
-2.943001535433071
0
LINE
8
BLACK
6
CONTINUOUS
10
6.1382423228346452
20
-2.943001535433071
11
6.1421588188976379
21
-2.9449598031496063
0
LINE
8
BLACK
6
CONTINUOUS
10
6.1421588188976379
20
-2.9449598031496063
11
6.1510179921259844
21
-2.9471745669291338
0
LINE
8
BLACK
6
CONTINUOUS
10
6.1510179921259844
20
-2.9471745669291338
11
6.1573603149606297
21
-2.9471745669291338
0
LINE
8
BLACK
6
CONTINUOUS
10
6.1573603149606297
20
-2.9471745669291338
11
6.1662194881889762
21
-2.9449597637795275
0
LINE
8
BLACK
6
CONTINUOUS
10
6.1662194881889762
20
-2.9449597637795275
11
6.1701359448818893
21
-2.9430015748031497
0
LINE
8
BLACK
6
CONTINUOUS
10
6.1701359448818893
20
-2.9430015748031497
11
6.1739014566929136
21
-2.9392360236220472
0
LINE
8
BLACK
6
CONTINUOUS
10
6.1739014566929136
20
-2.9392360236220472
11
6.1758426771653543
21
-2.9334123622047241
0
LINE
8
BLACK
6
CONTINUOUS
10
6.1758426771653543
20
-2.9334123622047241
11
6.1758426771653543
21
-2.9298157480314959
0
LINE
8
BLACK
6
CONTINUOUS
10
6.1758426771653543
20
-2.9298157480314959
11
6.1739014566929136
21
-2.9239919291338583
0
LINE
8
BLACK
6
CONTINUOUS
10
6.1739014566929136
20
-2.9239919291338583
11
6.1721214566929135
21
-2.9222119685039369
0
LINE
8
BLACK
6
CONTINUOUS
10
6.1721214566929135
20
-2.9222119685039369
11
6.1710167716535436
21
-2.9200439763779529
0
LINE
8
BLACK
6
CONTINUOUS
10
6.1710167716535436
20
-2.9200439763779529
11
6.1713974015748034
21
-2.9176407480314959
0
LINE
8
BLACK
6
CONTINUOUS
10
6.1713974015748034
20
-2.9176407480314959
11
6.1731179133858269
21
-2.9159201574803149
0
LINE
8
BLACK
6
CONTINUOUS
10
6.1731179133858269
20
-2.9159201574803149
11
6.1755211811023623
21
-2.9155394881889762
0
LINE
8
BLACK
6
CONTINUOUS
10
6.1755211811023623
20
-2.9155394881889762
11
6.1776891732283463
21
-2.9166441732283466
0
LINE
8
BLACK
6
CONTINUOUS
10
6.3816891732283461
20
-2.9126441732283466
11
6.3841263779527555
21
-2.9150813385826773
0
LINE
8
BLACK
6
CONTINUOUS
10
6.3841263779527555
20
-2.9150813385826773
11
6.3845384251968502
21
-2.9158900393700788
0
LINE
8
BLACK
6
CONTINUOUS
10
6.3845384251968502
20
-2.9158900393700788
11
6.3850774803149601
21
-2.9166202755905513
0
LINE
8
BLACK
6
CONTINUOUS
10
6.3850774803149601
20
-2.9166202755905513
11
6.3875146456692908
21
-2.9239318503937008
0
LINE
8
BLACK
6
CONTINUOUS
10
6.3875146456692908
20
-2.9239318503937008
11
6.3875194881889765
21
-2.9245699212598426
0
LINE
8
BLACK
6
CONTINUOUS
10
6.3875194881889765
20
-2.9245699212598426
11
6.3877166929133855
21
-2.9251768503937008
0
LINE
8
BLACK
6
CONTINUOUS
10
6.3877166929133855
20
-2.9251768503937008
11
6.3877166929133855
21
-2.9300512204724409
0
LINE
8
BLACK
6
CONTINUOUS
10
6.3877166929133855
20
-2.9300512204724409
11
6.3875195275590553
21
-2.9306580314960629
0
LINE
8
BLACK
6
CONTINUOUS
10
6.3875195275590553
20
-2.9306580314960629
11
6.3875146850393696
21
-2.9312961811023621
0
LINE
8
BLACK
6
CONTINUOUS
10
6.3875146850393696
20
-2.9312961811023621
11
6.3850774803149601
21
-2.9386077559055117
0
LINE
8
BLACK
6
CONTINUOUS
10
6.3850774803149601
20
-2.9386077559055117
11
6.3845385433070865
21
-2.9393377952755904
0
LINE
8
BLACK
6
CONTINUOUS
10
6.3845385433070865
20
-2.9393377952755904
11
6.3841264173228343
21
-2.9401466929133857
0
LINE
8
BLACK
6
CONTINUOUS
10
6.3841264173228343
20
-2.9401466929133857
11
6.3792520078740154
21
-2.9450211023622046
0
LINE
8
BLACK
6
CONTINUOUS
10
6.3792520078740154
20
-2.9450211023622046
11
6.3786834251968498
21
-2.945310748031496
0
LINE
8
BLACK
6
CONTINUOUS
10
6.3786834251968498
20
-2.945310748031496
11
6.3782288188976377
21
-2.9457585826771653
0
LINE
8
BLACK
6
CONTINUOUS
10
6.3782288188976377
20
-2.9457585826771653
11
6.3733543700787401
21
-2.9481957874015747
0
LINE
8
BLACK
6
CONTINUOUS
10
6.3733543700787401
20
-2.9481957874015747
11
6.3729204724409447
21
-2.9482611023622045
0
LINE
8
BLACK
6
CONTINUOUS
10
6.3729204724409447
20
-2.9482611023622045
11
6.3725485826771653
21
-2.9484938582677165
0
LINE
8
BLACK
6
CONTINUOUS
10
6.3725485826771653
20
-2.9484938582677165
11
6.3627997637795275
21
-2.9509310236220472
0
LINE
8
BLACK
6
CONTINUOUS
10
6.3627997637795275
20
-2.9509310236220472
11
6.36231094488189
21
-2.9508971259842518
0
LINE
8
BLACK
6
CONTINUOUS
10
6.36231094488189
20
-2.9508971259842518
11
6.3618449212598422
21
-2.9510485826771653
0
LINE
8
BLACK
6
CONTINUOUS
10
6.3618449212598422
20
-2.9510485826771653
11
6.3545333464566927
21
-2.9510485826771653
0
LINE
8
BLACK
6
CONTINUOUS
10
6.3545333464566927
20
-2.9510485826771653
11
6.3540672834645671
21
-2.9508971259842518
0
LINE
8
BLACK
6
CONTINUOUS
10
6.3540672834645671
20
-2.9508971259842518
11
6.3535785039370074
21
-2.9509310236220472
0
LINE
8
BLACK
6
CONTINUOUS
10
6.3535785039370074
20
-2.9509310236220472
11
6.3438297244094484
21
-2.9484938582677165
0
LINE
8
BLACK
6
CONTINUOUS
10
6.3438297244094484
20
-2.9484938582677165
11
6.3434577952755902
21
-2.9482611417322833
0
LINE
8
BLACK
6
CONTINUOUS
10
6.3434577952755902
20
-2.9482611417322833
11
6.3430238582677161
21
-2.9481957874015747
0
LINE
8
BLACK
6
CONTINUOUS
10
6.3430238582677161
20
-2.9481957874015747
11
6.3381494881889759
21
-2.9457585826771653
0
LINE
8
BLACK
6
CONTINUOUS
10
6.3381494881889759
20
-2.9457585826771653
11
6.3376948425196851
21
-2.9453107874015747
0
LINE
8
BLACK
6
CONTINUOUS
10
6.3376948425196851
20
-2.9453107874015747
11
6.3371262992125983
21
-2.9450211023622046
0
LINE
8
BLACK
6
CONTINUOUS
10
6.3371262992125983
20
-2.9450211023622046
11
6.3322518897637794
21
-2.9401466929133857
0
LINE
8
BLACK
6
CONTINUOUS
10
6.3322518897637794
20
-2.9401466929133857
11
6.3318398031496059
21
-2.9393379527559054
0
LINE
8
BLACK
6
CONTINUOUS
10
6.3318398031496059
20
-2.9393379527559054
11
6.3313008267716535
21
-2.9386077952755905
0
LINE
8
BLACK
6
CONTINUOUS
10
6.3313008267716535
20
-2.9386077952755905
11
6.3288636220472441
21
-2.9312962204724409
0
LINE
8
BLACK
6
CONTINUOUS
10
6.3288636220472441
20
-2.9312962204724409
11
6.3288587401574805
21
-2.9306581102362204
0
LINE
8
BLACK
6
CONTINUOUS
10
6.3288587401574805
20
-2.9306581102362204
11
6.3286615748031494
21
-2.9300512204724409
0
LINE
8
BLACK
6
CONTINUOUS
10
6.3286615748031494
20
-2.9300512204724409
11
6.3286615748031494
21
-2.9251768503937008
0
LINE
8
BLACK
6
CONTINUOUS
10
6.3286615748031494
20
-2.9251768503937008
11
6.3288587401574805
21
-2.9245699212598426
0
LINE
8
BLACK
6
CONTINUOUS
10
6.3288587401574805
20
-2.9245699212598426
11
6.3288636220472441
21
-2.9239318503937008
0
LINE
8
BLACK
6
CONTINUOUS
10
6.3288636220472441
20
-2.9239318503937008
11
6.3313008267716535
21
-2.9166202362204725
0
LINE
8
BLACK
6
CONTINUOUS
10
6.3313008267716535
20
-2.9166202362204725
11
6.3318398818897634
21
-2.9158899606299213
0
LINE
8
BLACK
6
CONTINUOUS
10
6.3318398818897634
20
-2.9158899606299213
11
6.3322519291338581
21
-2.9150813385826773
0
LINE
8
BLACK
6
CONTINUOUS
10
6.3322519291338581
20
-2.9150813385826773
11
6.3346891338582676
21
-2.9126441732283466
0
LINE
8
BLACK
6
CONTINUOUS
10
6.3346891338582676
20
-2.9126441732283466
11
6.3368571259842517
21
-2.911539527559055
0
LINE
8
BLACK
6
CONTINUOUS
10
6.3368571259842517
20
-2.911539527559055
11
6.339260393700787
21
-2.9119201574803149
0
LINE
8
BLACK
6
CONTINUOUS
10
6.339260393700787
20
-2.9119201574803149
11
6.3409809055118105
21
-2.9136407480314959
0
LINE
8
BLACK
6
CONTINUOUS
10
6.3409809055118105
20
-2.9136407480314959
11
6.3413615354330704
21
-2.9160439763779529
0
LINE
8
BLACK
6
CONTINUOUS
10
6.3413615354330704
20
-2.9160439763779529
11
6.3402568503937005
21
-2.9182119685039369
0
LINE
8
BLACK
6
CONTINUOUS
10
6.3402568503937005
20
-2.9182119685039369
11
6.3384768110236216
21
-2.9199919291338583
0
LINE
8
BLACK
6
CONTINUOUS
10
6.3384768110236216
20
-2.9199919291338583
11
6.3365355905511809
21
-2.9258157086614172
0
LINE
8
BLACK
6
CONTINUOUS
10
6.3365355905511809
20
-2.9258157086614172
11
6.3365355905511809
21
-2.9294123228346458
0
LINE
8
BLACK
6
CONTINUOUS
10
6.3365355905511809
20
-2.9294123228346458
11
6.3384768110236216
21
-2.9352360236220472
0
LINE
8
BLACK
6
CONTINUOUS
10
6.3384768110236216
20
-2.9352360236220472
11
6.3422423228346458
21
-2.939001535433071
0
LINE
8
BLACK
6
CONTINUOUS
10
6.3422423228346458
20
-2.939001535433071
11
6.3461588188976377
21
-2.9409598031496063
0
LINE
8
BLACK
6
CONTINUOUS
10
6.3461588188976377
20
-2.9409598031496063
11
6.3550179921259842
21
-2.9431745669291338
0
LINE
8
BLACK
6
CONTINUOUS
10
6.3550179921259842
20
-2.9431745669291338
11
6.3613603149606295
21
-2.9431745669291338
0
LINE
8
BLACK
6
CONTINUOUS
10
6.3613603149606295
20
-2.9431745669291338
11
6.370219488188976
21
-2.9409597637795275
0
LINE
8
BLACK
6
CONTINUOUS
10
6.370219488188976
20
-2.9409597637795275
11
6.3741359448818899
21
-2.9390015748031497
0
LINE
8
BLACK
6
CONTINUOUS
10
6.3741359448818899
20
-2.9390015748031497
11
6.3779014566929133
21
-2.9352360236220472
0
LINE
8
BLACK
6
CONTINUOUS
10
6.3779014566929133
20
-2.9352360236220472
11
6.379842677165354
21
-2.9294123622047246
0
LINE
8
BLACK
6
CONTINUOUS
10
6.379842677165354
20
-2.9294123622047246
11
6.379842677165354
21
-2.9258157480314959
0
LINE
8
BLACK
6
CONTINUOUS
10
6.379842677165354
20
-2.9258157480314959
11
6.3779014566929133
21
-2.9199919291338583
0
LINE
8
BLACK
6
CONTINUOUS
10
6.3779014566929133
20
-2.9199919291338583
11
6.3761214566929132
21
-2.9182119685039369
0
LINE
8
BLACK
6
CONTINUOUS
10
6.3761214566929132
20
-2.9182119685039369
11
6.3750167716535433
21
-2.9160439763779529
0
LINE
8
BLACK
6
CONTINUOUS
10
6.3750167716535433
20
-2.9160439763779529
11
6.3753974015748032
21
-2.9136407480314959
0
LINE
8
BLACK
6
CONTINUOUS
10
6.3753974015748032
20
-2.9136407480314959
11
6.3771179133858267
21
-2.9119201574803149
0
LINE
8
BLACK
6
CONTINUOUS
10
6.3771179133858267
20
-2.9119201574803149
11
6.379521181102362
21
-2.9115394881889762
0
LINE
8
BLACK
6
CONTINUOUS
10
6.379521181102362
20
-2.9115394881889762
11
6.3816891732283461
21
-2.9126441732283466
0
LINE
8
BLACK
6
CONTINUOUS
10
5.7179308267716538
20
-2.8606004330708661
11
5.7192607874015744
21
-2.8608725984251966
0
LINE
8
BLACK
6
CONTINUOUS
10
5.7192607874015744
20
-2.8608725984251966
11
5.7248850787401571
21
-2.8636847637795273
0
LINE
8
BLACK
6
CONTINUOUS
10
5.7248850787401571
20
-2.8636847637795273
11
5.7255964173228344
21
-2.8643155511811025
0
LINE
8
BLACK
6
CONTINUOUS
10
5.7255964173228344
20
-2.8643155511811025
11
5.7264198425196851
21
-2.8647909448818898
0
LINE
8
BLACK
6
CONTINUOUS
10
5.7264198425196851
20
-2.8647909448818898
11
5.7292320078740158
21
-2.8676030708661417
0
LINE
8
BLACK
6
CONTINUOUS
10
5.7292320078740158
20
-2.8676030708661417
11
5.7297074015748031
21
-2.8684264960629919
0
LINE
8
BLACK
6
CONTINUOUS
10
5.7297074015748031
20
-2.8684264960629919
11
5.7303382677165349
21
-2.8691379133858268
0
LINE
8
BLACK
6
CONTINUOUS
10
5.7303382677165349
20
-2.8691379133858268
11
5.7331503937007868
21
-2.8747622440944882
0
LINE
8
BLACK
6
CONTINUOUS
10
5.7331503937007868
20
-2.8747622440944882
11
5.7334224803149603
21
-2.8760919685039368
0
LINE
8
BLACK
6
CONTINUOUS
10
5.7334224803149603
20
-2.8760919685039368
11
5.7337738582677167
21
-2.8774032283464566
0
LINE
8
BLACK
6
CONTINUOUS
10
5.7337738582677167
20
-2.8774032283464566
11
5.7337738582677167
21
-2.8858396850393699
0
LINE
8
BLACK
6
CONTINUOUS
10
5.7337738582677167
20
-2.8858396850393699
11
5.7334224803149603
21
-2.887150905511811
0
LINE
8
BLACK
6
CONTINUOUS
10
5.7334224803149603
20
-2.887150905511811
11
5.7331503937007868
21
-2.8884806692913387
0
LINE
8
BLACK
6
CONTINUOUS
10
5.7331503937007868
20
-2.8884806692913387
11
5.7303382677165349
21
-2.8941050000000001
0
LINE
8
BLACK
6
CONTINUOUS
10
5.7303382677165349
20
-2.8941050000000001
11
5.7297074015748031
21
-2.8948163779527558
0
LINE
8
BLACK
6
CONTINUOUS
10
5.7297074015748031
20
-2.8948163779527558
11
5.7292320472440945
21
-2.8956398031496065
0
LINE
8
BLACK
6
CONTINUOUS
10
5.7292320472440945
20
-2.8956398031496065
11
5.7264198818897638
21
-2.8984519685039372
0
LINE
8
BLACK
6
CONTINUOUS
10
5.7264198818897638
20
-2.8984519685039372
11
5.7255964566929132
21
-2.8989273228346457
0
LINE
8
BLACK
6
CONTINUOUS
10
5.7255964566929132
20
-2.8989273228346457
11
5.7248850787401571
21
-2.899558188976378
0
LINE
8
BLACK
6
CONTINUOUS
10
5.7248850787401571
20
-2.899558188976378
11
5.7192607874015744
21
-2.9023703149606299
0
LINE
8
BLACK
6
CONTINUOUS
10
5.7192607874015744
20
-2.9023703149606299
11
5.7179309055118113
21
-2.9026424409448817
0
LINE
8
BLACK
6
CONTINUOUS
10
5.7179309055118113
20
-2.9026424409448817
11
5.7166197637795273
21
-2.9029937795275589
0
LINE
8
BLACK
6
CONTINUOUS
10
5.7166197637795273
20
-2.9029937795275589
11
5.7000280708661419
21
-2.9029937795275589
0
LINE
8
BLACK
6
CONTINUOUS
10
5.7000280708661419
20
-2.9029937795275589
11
5.7000280708661419
21
-2.9252097637795273
0
LINE
8
BLACK
6
CONTINUOUS
10
5.7000280708661419
20
-2.9252097637795273
11
5.6992368897637791
21
-2.9281625196850394
0
LINE
8
BLACK
6
CONTINUOUS
10
5.6992368897637791
20
-2.9281625196850394
11
5.6970753149606299
21
-2.930324094488189
0
LINE
8
BLACK
6
CONTINUOUS
10
5.6970753149606299
20
-2.930324094488189
11
5.6941225590551179
21
-2.931115275590551
0
LINE
8
BLACK
6
CONTINUOUS
10
5.6941225590551179
20
-2.931115275590551
11
5.6911698031496059
21
-2.930324094488189
0
LINE
8
BLACK
6
CONTINUOUS
10
5.6911698031496059
20
-2.930324094488189
11
5.6890082283464567
21
-2.9281625196850394
0
LINE
8
BLACK
6
CONTINUOUS
10
5.6890082283464567
20
-2.9281625196850394
11
5.6882170472440947
21
-2.9252097637795273
0
LINE
8
BLACK
6
CONTINUOUS
10
5.6882170472440947
20
-2.9252097637795273
11
5.6882170472440947
21
-2.8661546456692912
0
LINE
8
BLACK
6
CONTINUOUS
10
5.6882170472440947
20
-2.8661546456692912
11
5.6890082283464567
21
-2.8632018897637797
0
LINE
8
BLACK
6
CONTINUOUS
10
5.6890082283464567
20
-2.8632018897637797
11
5.6911698031496059
21
-2.86104031496063
0
LINE
8
BLACK
6
CONTINUOUS
10
5.6911698031496059
20
-2.86104031496063
11
5.6941225590551179
21
-2.8602491338582676
0
LINE
8
BLACK
6
CONTINUOUS
10
5.6941225590551179
20
-2.8602491338582676
11
5.7166197637795273
21
-2.8602491338582676
0
LINE
8
BLACK
6
CONTINUOUS
10
5.7166197637795273
20
-2.8602491338582676
11
5.7179308267716538
21
-2.8606004330708661
0
LINE
8
BLACK
6
CONTINUOUS
10
5.7000280708661419
20
-2.8911827559055117
11
5.7152256692913381
21
-2.8911827559055117
0
LINE
8
BLACK
6
CONTINUOUS
10
5.7152256692913381
20
-2.8911827559055117
11
5.7187458267716531
21
-2.8894226771653542
0
LINE
8
BLACK
6
CONTINUOUS
10
5.7187458267716531
20
-2.8894226771653542
11
5.7202027165354332
21
-2.8879657874015749
0
LINE
8
BLACK
6
CONTINUOUS
10
5.7202027165354332
20
-2.8879657874015749
11
5.7219628346456695
21
-2.8844455905511812
0
LINE
8
BLACK
6
CONTINUOUS
10
5.7219628346456695
20
-2.8844455905511812
11
5.7219628346456695
21
-2.878797283464567
0
LINE
8
BLACK
6
CONTINUOUS
10
5.7219628346456695
20
-2.878797283464567
11
5.720202755905512
21
-2.875277125984252
0
LINE
8
BLACK
6
CONTINUOUS
10
5.720202755905512
20
-2.875277125984252
11
5.7187459055118106
21
-2.8738202755905511
0
LINE
8
BLACK
6
CONTINUOUS
10
5.7187459055118106
20
-2.8738202755905511
11
5.7152256692913381
21
-2.8720601574803148
0
LINE
8
BLACK
6
CONTINUOUS
10
5.7152256692913381
20
-2.8720601574803148
11
5.7000280708661419
21
-2.8720601574803148
0
LINE
8
BLACK
6
CONTINUOUS
10
5.7000280708661419
20
-2.8720601574803148
11
5.7000280708661419
21
-2.8911827559055117
0
LINE
8
BLACK
6
CONTINUOUS
10
5.7769859448818899
20
-2.8606004330708661
11
5.7783159055118105
21
-2.8608725984251966
0
LINE
8
BLACK
6
CONTINUOUS
10
5.7783159055118105
20
-2.8608725984251966
11
5.7839401968503932
21
-2.8636847637795273
0
LINE
8
BLACK
6
CONTINUOUS
10
5.7839401968503932
20
-2.8636847637795273
11
5.7846515354330705
21
-2.8643155511811025
0
LINE
8
BLACK
6
CONTINUOUS
10
5.7846515354330705
20
-2.8643155511811025
11
5.7854749999999999
21
-2.8647909842519685
0
LINE
8
BLACK
6
CONTINUOUS
10
5.7854749999999999
20
-2.8647909842519685
11
5.7910992913385826
21
-2.8704152755905512
0
LINE
8
BLACK
6
CONTINUOUS
10
5.7910992913385826
20
-2.8704152755905512
11
5.7911249212598426
21
-2.87045968503937
0
LINE
8
BLACK
6
CONTINUOUS
10
5.7911249212598426
20
-2.87045968503937
11
5.7911689370078738
21
-2.8704861023622046
0
LINE
8
BLACK
6
CONTINUOUS
10
5.7911689370078738
20
-2.8704861023622046
11
5.791887362204724
21
-2.871780275590551
0
LINE
8
BLACK
6
CONTINUOUS
10
5.791887362204724
20
-2.871780275590551
11
5.7926277559055119
21
-2.8730626377952757
0
LINE
8
BLACK
6
CONTINUOUS
10
5.7926277559055119
20
-2.8730626377952757
11
5.7926277559055119
21
-2.873113937007874
0
LINE
8
BLACK
6
CONTINUOUS
10
5.7926277559055119
20
-2.873113937007874
11
5.7926526377952756
21
-2.873158779527559
0
LINE
8
BLACK
6
CONTINUOUS
10
5.7926526377952756
20
-2.873158779527559
11
5.7954648031496063
21
-2.8844073622047244
0
LINE
8
BLACK
6
CONTINUOUS
10
5.7954648031496063
20
-2.8844073622047244
11
5.7954525196850391
21
-2.8851358661417321
0
LINE
8
BLACK
6
CONTINUOUS
10
5.7954525196850391
20
-2.8851358661417321
11
5.7956411417322835
21
-2.8858396850393699
0
LINE
8
BLACK
6
CONTINUOUS
10
5.7956411417322835
20
-2.8858396850393699
11
5.7956411417322835
21
-2.9055247244094486
0
LINE
8
BLACK
6
CONTINUOUS
10
5.7956411417322835
20
-2.9055247244094486
11
5.7954525196850391
21
-2.9062285039370077
0
LINE
8
BLACK
6
CONTINUOUS
10
5.7954525196850391
20
-2.9062285039370077
11
5.7954648031496063
21
-2.9069570472440942
0
LINE
8
BLACK
6
CONTINUOUS
10
5.7954648031496063
20
-2.9069570472440942
11
5.7926526377952756
21
-2.91820562992126
0
LINE
8
BLACK
6
CONTINUOUS
10
5.7926526377952756
20
-2.91820562992126
11
5.7926277559055119
21
-2.9182504330708663
0
LINE
8
BLACK
6
CONTINUOUS
10
5.7926277559055119
20
-2.9182504330708663
11
5.7926277559055119
21
-2.9183017322834646
0
LINE
8
BLACK
6
CONTINUOUS
10
5.7926277559055119
20
-2.9183017322834646
11
5.791887677165354
21
-2.9195835433070867
0
LINE
8
BLACK
6
CONTINUOUS
10
5.791887677165354
20
-2.9195835433070867
11
5.7911689370078738
21
-2.920878307086614
0
LINE
8
BLACK
6
CONTINUOUS
10
5.7911689370078738
20
-2.920878307086614
11
5.7911249212598426
21
-2.9209046850393698
0
LINE
8
BLACK
6
CONTINUOUS
10
5.7911249212598426
20
-2.9209046850393698
11
5.7910992913385826
21
-2.9209491338582678
0
LINE
8
BLACK
6
CONTINUOUS
10
5.7910992913385826
20
-2.9209491338582678
11
5.7854749999999999
21
-2.9265734645669292
0
LINE
8
BLACK
6
CONTINUOUS
10
5.7854749999999999
20
-2.9265734645669292
11
5.7846515748031493
21
-2.9270488188976378
0
LINE
8
BLACK
6
CONTINUOUS
10
5.7846515748031493
20
-2.9270488188976378
11
5.7839401968503932
21
-2.92767968503937
0
LINE
8
BLACK
6
CONTINUOUS
10
5.7839401968503932
20
-2.92767968503937
11
5.7783159055118105
21
-2.930491811023622
0
LINE
8
BLACK
6
CONTINUOUS
10
5.7783159055118105
20
-2.930491811023622
11
5.7769860236220474
21
-2.9307639370078737
0
LINE
8
BLACK
6
CONTINUOUS
10
5.7769860236220474
20
-2.9307639370078737
11
5.7756748818897634
21
-2.931115275590551
0
LINE
8
BLACK
6
CONTINUOUS
10
5.7756748818897634
20
-2.931115275590551
11
5.7644262992125981
21
-2.931115275590551
0
LINE
8
BLACK
6
CONTINUOUS
10
5.7644262992125981
20
-2.931115275590551
11
5.7631150393700787
21
-2.930763897637795
0
LINE
8
BLACK
6
CONTINUOUS
10
5.7631150393700787
20
-2.930763897637795
11
5.7617853149606297
21
-2.930491811023622
0
LINE
8
BLACK
6
CONTINUOUS
10
5.7617853149606297
20
-2.930491811023622
11
5.7561609842519683
21
-2.92767968503937
0
LINE
8
BLACK
6
CONTINUOUS
10
5.7561609842519683
20
-2.92767968503937
11
5.7554495669291335
21
-2.9270488188976378
0
LINE
8
BLACK
6
CONTINUOUS
10
5.7554495669291335
20
-2.9270488188976378
11
5.7546261811023625
21
-2.9265734645669292
0
LINE
8
BLACK
6
CONTINUOUS
10
5.7546261811023625
20
-2.9265734645669292
11
5.749001850393701
21
-2.9209491338582678
0
LINE
8
BLACK
6
CONTINUOUS
10
5.749001850393701
20
-2.9209491338582678
11
5.7489761811023623
21
-2.9209046850393698
0
LINE
8
BLACK
6
CONTINUOUS
10
5.7489761811023623
20
-2.9209046850393698
11
5.7489322047244089
21
-2.920878307086614
0
LINE
8
BLACK
6
CONTINUOUS
10
5.7489322047244089
20
-2.920878307086614
11
5.7482140157480313
21
-2.9195845669291338
0
LINE
8
BLACK
6
CONTINUOUS
10
5.7482140157480313
20
-2.9195845669291338
11
5.7474733858267717
21
-2.9183017716535433
0
LINE
8
BLACK
6
CONTINUOUS
10
5.7474733858267717
20
-2.9183017716535433
11
5.7474733858267717
21
-2.9182503937007875
0
LINE
8
BLACK
6
CONTINUOUS
10
5.7474733858267717
20
-2.9182503937007875
11
5.747448503937008
21
-2.9182055905511812
0
LINE
8
BLACK
6
CONTINUOUS
10
5.747448503937008
20
-2.9182055905511812
11
5.7446363779527561
21
-2.9069570078740159
0
LINE
8
BLACK
6
CONTINUOUS
10
5.7446363779527561
20
-2.9069570078740159
11
5.7446486220472437
21
-2.9062285433070865
0
LINE
8
BLACK
6
CONTINUOUS
10
5.7446486220472437
20
-2.9062285433070865
11
5.7444600393700789
21
-2.9055247244094486
0
LINE
8
BLACK
6
CONTINUOUS
10
5.7444600393700789
20
-2.9055247244094486
11
5.7444600393700789
21
-2.8858396850393699
0
LINE
8
BLACK
6
CONTINUOUS
10
5.7444600393700789
20
-2.8858396850393699
11
5.7446486220472437
21
-2.8851358267716534
0
LINE
8
BLACK
6
CONTINUOUS
10
5.7446486220472437
20
-2.8851358267716534
11
5.7446363779527561
21
-2.8844074015748031
0
LINE
8
BLACK
6
CONTINUOUS
10
5.7446363779527561
20
-2.8844074015748031
11
5.747448503937008
21
-2.8731588188976378
0
LINE
8
BLACK
6
CONTINUOUS
10
5.747448503937008
20
-2.8731588188976378
11
5.7474733858267717
21
-2.8731139763779527
0
LINE
8
BLACK
6
CONTINUOUS
10
5.7474733858267717
20
-2.8731139763779527
11
5.7474733858267717
21
-2.8730626377952757
0
LINE
8
BLACK
6
CONTINUOUS
10
5.7474733858267717
20
-2.8730626377952757
11
5.7482140157480313
21
-2.871779803149606
0
LINE
8
BLACK
6
CONTINUOUS
10
5.7482140157480313
20
-2.871779803149606
11
5.7489322047244089
21
-2.8704861023622046
0
LINE
8
BLACK
6
CONTINUOUS
10
5.7489322047244089
20
-2.8704861023622046
11
5.7489761811023623
21
-2.87045968503937
0
LINE
8
BLACK
6
CONTINUOUS
10
5.7489761811023623
20
-2.87045968503937
11
5.749001850393701
21
-2.8704152755905512
0
LINE
8
BLACK
6
CONTINUOUS
10
5.749001850393701
20
-2.8704152755905512
11
5.7546261811023625
21
-2.8647909842519685
0
LINE
8
BLACK
6
CONTINUOUS
10
5.7546261811023625
20
-2.8647909842519685
11
5.7554495669291335
21
-2.8643155511811025
0
LINE
8
BLACK
6
CONTINUOUS
10
5.7554495669291335
20
-2.8643155511811025
11
5.7561609842519683
21
-2.8636847637795273
0
LINE
8
BLACK
6
CONTINUOUS
10
5.7561609842519683
20
-2.8636847637795273
11
5.7617852362204722
21
-2.8608725984251966
0
LINE
8
BLACK
6
CONTINUOUS
10
5.7617852362204722
20
-2.8608725984251966
11
5.7631152362204725
21
-2.8606003937007873
0
LINE
8
BLACK
6
CONTINUOUS
10
5.7631152362204725
20
-2.8606003937007873
11
5.7644262992125981
21
-2.8602491338582676
0
LINE
8
BLACK
6
CONTINUOUS
10
5.7644262992125981
20
-2.8602491338582676
11
5.7756748818897634
21
-2.8602491338582676
0
LINE
8
BLACK
6
CONTINUOUS
10
5.7756748818897634
20
-2.8602491338582676
11
5.7769859448818899
21
-2.8606004330708661
0
LINE
8
BLACK
6
CONTINUOUS
10
5.7623001574803148
20
-2.8738202362204723
11
5.7585101181102365
21
-2.8776103149606298
0
LINE
8
BLACK
6
CONTINUOUS
10
5.7585101181102365
20
-2.8776103149606298
11
5.7562710629921261
21
-2.8865665748031497
0
LINE
8
BLACK
6
CONTINUOUS
10
5.7562710629921261
20
-2.8865665748031497
11
5.7562710629921261
21
-2.9047977952755906
0
LINE
8
BLACK
6
CONTINUOUS
10
5.7562710629921261
20
-2.9047977952755906
11
5.7585101181102365
21
-2.9137540944881888
0
LINE
8
BLACK
6
CONTINUOUS
10
5.7585101181102365
20
-2.9137540944881888
11
5.7623001574803148
21
-2.9175441338582675
0
LINE
8
BLACK
6
CONTINUOUS
10
5.7623001574803148
20
-2.9175441338582675
11
5.7658203937007872
21
-2.9193042519685037
0
LINE
8
BLACK
6
CONTINUOUS
10
5.7658203937007872
20
-2.9193042519685037
11
5.7742807874015742
21
-2.9193042519685037
0
LINE
8
BLACK
6
CONTINUOUS
10
5.7742807874015742
20
-2.9193042519685037
11
5.7778009448818892
21
-2.9175441732283462
0
LINE
8
BLACK
6
CONTINUOUS
10
5.7778009448818892
20
-2.9175441732283462
11
5.7815909842519684
21
-2.9137540944881888
0
LINE
8
BLACK
6
CONTINUOUS
10
5.7815909842519684
20
-2.9137540944881888
11
5.7838301181102363
21
-2.9047977559055118
0
LINE
8
BLACK
6
CONTINUOUS
10
5.7838301181102363
20
-2.9047977559055118
11
5.7838301181102363
21
-2.8865666141732285
0
LINE
8
BLACK
6
CONTINUOUS
10
5.7838301181102363
20
-2.8865666141732285
11
5.7815909842519684
21
-2.877610275590551
0
LINE
8
BLACK
6
CONTINUOUS
10
5.7815909842519684
20
-2.877610275590551
11
5.777800984251968
21
-2.8738202755905511
0
LINE
8
BLACK
6
CONTINUOUS
10
5.777800984251968
20
-2.8738202755905511
11
5.7742807874015742
21
-2.8720601574803148
0
LINE
8
BLACK
6
CONTINUOUS
10
5.7742807874015742
20
-2.8720601574803148
11
5.7658203937007872
21
-2.8720601574803148
0
LINE
8
BLACK
6
CONTINUOUS
10
5.7658203937007872
20
-2.8720601574803148
11
5.7623001574803148
21
-2.8738202362204723
0
LINE
8
BLACK
6
CONTINUOUS
10
5.9136107874015744
20
-2.86104031496063
11
5.9157723622047245
21
-2.8632018897637797
0
LINE
8
BLACK
6
CONTINUOUS
10
5.9157723622047245
20
-2.8632018897637797
11
5.9165635433070864
21
-2.8661546456692912
0
LINE
8
BLACK
6
CONTINUOUS
10
5.9165635433070864
20
-2.8661546456692912
11
5.9157723622047245
21
-2.8691074015748033
0
LINE
8
BLACK
6
CONTINUOUS
10
5.9157723622047245
20
-2.8691074015748033
11
5.9136107874015744
21
-2.8712689763779529
0
LINE
8
BLACK
6
CONTINUOUS
10
5.9136107874015744
20
-2.8712689763779529
11
5.9106580314960633
21
-2.8720601574803148
0
LINE
8
BLACK
6
CONTINUOUS
10
5.9106580314960633
20
-2.8720601574803148
11
5.8884420472440944
21
-2.8720601574803148
0
LINE
8
BLACK
6
CONTINUOUS
10
5.8884420472440944
20
-2.8720601574803148
11
5.8884420472440944
21
-2.8883706299212597
0
LINE
8
BLACK
6
CONTINUOUS
10
5.8884420472440944
20
-2.8883706299212597
11
5.9022215748031499
21
-2.8883706299212597
0
LINE
8
BLACK
6
CONTINUOUS
10
5.9022215748031499
20
-2.8883706299212597
11
5.905174330708661
21
-2.8891618110236221
0
LINE
8
BLACK
6
CONTINUOUS
10
5.905174330708661
20
-2.8891618110236221
11
5.9073359055118111
21
-2.8913233858267717
0
LINE
8
BLACK
6
CONTINUOUS
10
5.9073359055118111
20
-2.8913233858267717
11
5.9081270866141731
21
-2.8942761417322833
0
LINE
8
BLACK
6
CONTINUOUS
10
5.9081270866141731
20
-2.8942761417322833
11
5.9073359055118111
21
-2.8972288976377953
0
LINE
8
BLACK
6
CONTINUOUS
10
5.9073359055118111
20
-2.8972288976377953
11
5.905174330708661
21
-2.8993904724409449
0
LINE
8
BLACK
6
CONTINUOUS
10
5.905174330708661
20
-2.8993904724409449
11
5.9022215748031499
21
-2.9001816535433069
0
LINE
8
BLACK
6
CONTINUOUS
10
5.9022215748031499
20
-2.9001816535433069
11
5.8884420472440944
21
-2.9001816535433069
0
LINE
8
BLACK
6
CONTINUOUS
10
5.8884420472440944
20
-2.9001816535433069
11
5.8884420472440944
21
-2.9193042519685037
0
LINE
8
BLACK
6
CONTINUOUS
10
5.8884420472440944
20
-2.9193042519685037
11
5.9106580314960633
21
-2.9193042519685037
0
LINE
8
BLACK
6
CONTINUOUS
10
5.9106580314960633
20
-2.9193042519685037
11
5.9136107874015744
21
-2.9200954330708662
0
LINE
8
BLACK
6
CONTINUOUS
10
5.9136107874015744
20
-2.9200954330708662
11
5.9157723622047245
21
-2.9222570078740158
0
LINE
8
BLACK
6
CONTINUOUS
10
5.9157723622047245
20
-2.9222570078740158
11
5.9165635433070864
21
-2.9252097637795273
0
LINE
8
BLACK
6
CONTINUOUS
10
5.9165635433070864
20
-2.9252097637795273
11
5.9157723622047245
21
-2.9281625196850394
0
LINE
8
BLACK
6
CONTINUOUS
10
5.9157723622047245
20
-2.9281625196850394
11
5.9136107874015744
21
-2.930324094488189
0
LINE
8
BLACK
6
CONTINUOUS
10
5.9136107874015744
20
-2.930324094488189
11
5.9106580314960633
21
-2.931115275590551
0
LINE
8
BLACK
6
CONTINUOUS
10
5.9106580314960633
20
-2.931115275590551
11
5.8825365354330703
21
-2.931115275590551
0
LINE
8
BLACK
6
CONTINUOUS
10
5.8825365354330703
20
-2.931115275590551
11
5.8795837795275592
21
-2.930324094488189
0
LINE
8
BLACK
6
CONTINUOUS
10
5.8795837795275592
20
-2.930324094488189
11
5.8774222047244091
21
-2.9281625196850394
0
LINE
8
BLACK
6
CONTINUOUS
10
5.8774222047244091
20
-2.9281625196850394
11
5.8766310236220471
21
-2.9252097637795273
0
LINE
8
BLACK
6
CONTINUOUS
10
5.8766310236220471
20
-2.9252097637795273
11
5.8766310236220471
21
-2.8661546456692912
0
LINE
8
BLACK
6
CONTINUOUS
10
5.8766310236220471
20
-2.8661546456692912
11
5.8774222047244091
21
-2.8632018897637797
0
LINE
8
BLACK
6
CONTINUOUS
10
5.8774222047244091
20
-2.8632018897637797
11
5.8795837795275592
21
-2.86104031496063
0
LINE
8
BLACK
6
CONTINUOUS
10
5.8795837795275592
20
-2.86104031496063
11
5.8825365354330703
21
-2.8602491338582676
0
LINE
8
BLACK
6
CONTINUOUS
10
5.8825365354330703
20
-2.8602491338582676
11
5.9106580314960633
21
-2.8602491338582676
0
LINE
8
BLACK
6
CONTINUOUS
10
5.9106580314960633
20
-2.8602491338582676
11
5.9136107874015744
21
-2.86104031496063
0
LINE
8
BLACK
6
CONTINUOUS
10
5.9597756299212596
20
-2.8606004330708661
11
5.9611055905511812
21
-2.8608725984251966
0
LINE
8
BLACK
6
CONTINUOUS
10
5.9611055905511812
20
-2.8608725984251966
11
5.9667298818897638
21
-2.8636847637795273
0
LINE
8
BLACK
6
CONTINUOUS
10
5.9667298818897638
20
-2.8636847637795273
11
5.9674412204724412
21
-2.8643155511811025
0
LINE
8
BLACK
6
CONTINUOUS
10
5.9674412204724412
20
-2.8643155511811025
11
5.9682646456692909
21
-2.8647909448818898
0
LINE
8
BLACK
6
CONTINUOUS
10
5.9682646456692909
20
-2.8647909448818898
11
5.9710768110236216
21
-2.8676030708661417
0
LINE
8
BLACK
6
CONTINUOUS
10
5.9710768110236216
20
-2.8676030708661417
11
5.971552204724409
21
-2.8684264960629919
0
LINE
8
BLACK
6
CONTINUOUS
10
5.971552204724409
20
-2.8684264960629919
11
5.9721830708661416
21
-2.8691379133858268
0
LINE
8
BLACK
6
CONTINUOUS
10
5.9721830708661416
20
-2.8691379133858268
11
5.9749951968503936
21
-2.8747622440944882
0
LINE
8
BLACK
6
CONTINUOUS
10
5.9749951968503936
20
-2.8747622440944882
11
5.975267283464567
21
-2.8760919685039368
0
LINE
8
BLACK
6
CONTINUOUS
10
5.975267283464567
20
-2.8760919685039368
11
5.9756186614173226
21
-2.8774032283464566
0
LINE
8
BLACK
6
CONTINUOUS
10
5.9756186614173226
20
-2.8774032283464566
11
5.9756186614173226
21
-2.8858396850393699
0
LINE
8
BLACK
6
CONTINUOUS
10
5.9756186614173226
20
-2.8858396850393699
11
5.975267283464567
21
-2.887150905511811
0
LINE
8
BLACK
6
CONTINUOUS
10
5.975267283464567
20
-2.887150905511811
11
5.9749951968503936
21
-2.8884806692913387
0
LINE
8
BLACK
6
CONTINUOUS
10
5.9749951968503936
20
-2.8884806692913387
11
5.9721830708661416
21
-2.8941050000000001
0
LINE
8
BLACK
6
CONTINUOUS
10
5.9721830708661416
20
-2.8941050000000001
11
5.971552204724409
21
-2.8948163779527558
0
LINE
8
BLACK
6
CONTINUOUS
10
5.971552204724409
20
-2.8948163779527558
11
5.9710768503937004
21
-2.8956398031496065
0
LINE
8
BLACK
6
CONTINUOUS
10
5.9710768503937004
20
-2.8956398031496065
11
5.9682646850393697
21
-2.8984519685039372
0
LINE
8
BLACK
6
CONTINUOUS
10
5.9682646850393697
20
-2.8984519685039372
11
5.9674412598425199
21
-2.8989273228346457
0
LINE
8
BLACK
6
CONTINUOUS
10
5.9674412598425199
20
-2.8989273228346457
11
5.9667298818897638
21
-2.899558188976378
0
LINE
8
BLACK
6
CONTINUOUS
10
5.9667298818897638
20
-2.899558188976378
11
5.9611055905511812
21
-2.9023703149606299
0
LINE
8
BLACK
6
CONTINUOUS
10
5.9611055905511812
20
-2.9023703149606299
11
5.9609555905511806
21
-2.9024009842519685
0
LINE
8
BLACK
6
CONTINUOUS
10
5.9609555905511806
20
-2.9024009842519685
11
5.9745511417322836
21
-2.9218231889763779
0
LINE
8
BLACK
6
CONTINUOUS
10
5.9745511417322836
20
-2.9218231889763779
11
5.9755962598425194
21
-2.9246958661417324
0
LINE
8
BLACK
6
CONTINUOUS
10
5.9755962598425194
20
-2.9246958661417324
11
5.9750649999999998
21
-2.9277062992125984
0
LINE
8
BLACK
6
CONTINUOUS
10
5.9750649999999998
20
-2.9277062992125984
11
5.9730997244094484
21
-2.9300477559055116
0
LINE
8
BLACK
6
CONTINUOUS
10
5.9730997244094484
20
-2.9300477559055116
11
5.9702270472440944
21
-2.9310928740157478
0
LINE
8
BLACK
6
CONTINUOUS
10
5.9702270472440944
20
-2.9310928740157478
11
5.9672166141732284
21
-2.9305616141732282
0
LINE
8
BLACK
6
CONTINUOUS
10
5.9672166141732284
20
-2.9305616141732282
11
5.9648751574803152
21
-2.9285963385826772
0
LINE
8
BLACK
6
CONTINUOUS
10
5.9648751574803152
20
-2.9285963385826772
11
5.9469533858267711
21
-2.9029937795275589
0
LINE
8
BLACK
6
CONTINUOUS
10
5.9469533858267711
20
-2.9029937795275589
11
5.9418728740157478
21
-2.9029937795275589
0
LINE
8
BLACK
6
CONTINUOUS
10
5.9418728740157478
20
-2.9029937795275589
11
5.9418728740157478
21
-2.9252097637795273
0
LINE
8
BLACK
6
CONTINUOUS
10
5.9418728740157478
20
-2.9252097637795273
11
5.9410816929133858
21
-2.9281625196850394
0
LINE
8
BLACK
6
CONTINUOUS
10
5.9410816929133858
20
-2.9281625196850394
11
5.9389201181102358
21
-2.930324094488189
0
LINE
8
BLACK
6
CONTINUOUS
10
5.9389201181102358
20
-2.930324094488189
11
5.9359673622047247
21
-2.931115275590551
0
LINE
8
BLACK
6
CONTINUOUS
10
5.9359673622047247
20
-2.931115275590551
11
5.9330146062992126
21
-2.930324094488189
0
LINE
8
BLACK
6
CONTINUOUS
10
5.9330146062992126
20
-2.930324094488189
11
5.9308530314960626
21
-2.9281625196850394
0
LINE
8
BLACK
6
CONTINUOUS
10
5.9308530314960626
20
-2.9281625196850394
11
5.9300618503937006
21
-2.9252097637795273
0
LINE
8
BLACK
6
CONTINUOUS
10
5.9300618503937006
20
-2.9252097637795273
11
5.9300618503937006
21
-2.8661546456692912
0
LINE
8
BLACK
6
CONTINUOUS
10
5.9300618503937006
20
-2.8661546456692912
11
5.9308530314960626
21
-2.8632018897637797
0
LINE
8
BLACK
6
CONTINUOUS
10
5.9308530314960626
20
-2.8632018897637797
11
5.9330146062992126
21
-2.86104031496063
0
LINE
8
BLACK
6
CONTINUOUS
10
5.9330146062992126
20
-2.86104031496063
11
5.9359673622047247
21
-2.8602491338582676
0
LINE
8
BLACK
6
CONTINUOUS
10
5.9359673622047247
20
-2.8602491338582676
11
5.9584645669291341
21
-2.8602491338582676
0
LINE
8
BLACK
6
CONTINUOUS
10
5.9584645669291341
20
-2.8602491338582676
11
5.9597756299212596
21
-2.8606004330708661
0
LINE
8
BLACK
6
CONTINUOUS
10
5.9418728740157478
20
-2.8911827559055117
11
5.9570704724409449
21
-2.8911827559055117
0
LINE
8
BLACK
6
CONTINUOUS
10
5.9570704724409449
20
-2.8911827559055117
11
5.9605906299212599
21
-2.8894226771653542
0
LINE
8
BLACK
6
CONTINUOUS
10
5.9605906299212599
20
-2.8894226771653542
11
5.9620475196850391
21
-2.8879657874015749
0
LINE
8
BLACK
6
CONTINUOUS
10
5.9620475196850391
20
-2.8879657874015749
11
5.9638076377952753
21
-2.8844455905511812
0
LINE
8
BLACK
6
CONTINUOUS
10
5.9638076377952753
20
-2.8844455905511812
11
5.9638076377952753
21
-2.878797283464567
0
LINE
8
BLACK
6
CONTINUOUS
10
5.9638076377952753
20
-2.878797283464567
11
5.9620475590551179
21
-2.875277125984252
0
LINE
8
BLACK
6
CONTINUOUS
10
5.9620475590551179
20
-2.875277125984252
11
5.9605907086614174
21
-2.8738202755905511
0
LINE
8
BLACK
6
CONTINUOUS
10
5.9605907086614174
20
-2.8738202755905511
11
5.9570704724409449
21
-2.8720601574803148
0
LINE
8
BLACK
6
CONTINUOUS
10
5.9570704724409449
20
-2.8720601574803148
11
5.9418728740157478
21
-2.8720601574803148
0
LINE
8
BLACK
6
CONTINUOUS
10
5.9418728740157478
20
-2.8720601574803148
11
5.9418728740157478
21
-2.8911827559055117
0
LINE
8
BLACK
6
CONTINUOUS
10
5.8640964173228349
20
-2.861863307086614
11
5.8656985433070865
21
-2.864466771653543
0
LINE
8
BLACK
6
CONTINUOUS
10
5.8656985433070865
20
-2.864466771653543
11
5.8657842913385823
21
-2.8675224803149604
0
LINE
8
BLACK
6
CONTINUOUS
10
5.8657842913385823
20
-2.8675224803149604
11
5.8517235433070862
21
-2.9265775984251969
0
LINE
8
BLACK
6
CONTINUOUS
10
5.8517235433070862
20
-2.9265775984251969
11
5.8516811417322829
21
-2.9266559842519686
0
LINE
8
BLACK
6
CONTINUOUS
10
5.8516811417322829
20
-2.9266559842519686
11
5.8516810629921254
21
-2.9267450393700787
0
LINE
8
BLACK
6
CONTINUOUS
10
5.8516810629921254
20
-2.9267450393700787
11
5.8509572834645667
21
-2.9279951574803147
0
LINE
8
BLACK
6
CONTINUOUS
10
5.8509572834645667
20
-2.9279951574803147
11
5.8502699606299213
21
-2.9292668110236222
0
LINE
8
BLACK
6
CONTINUOUS
10
5.8502699606299213
20
-2.9292668110236222
11
5.8501940551181102
21
-2.9293135039370077
0
LINE
8
BLACK
6
CONTINUOUS
10
5.8501940551181102
20
-2.9293135039370077
11
5.8501494488188976
21
-2.929390590551181
0
LINE
8
BLACK
6
CONTINUOUS
10
5.8501494488188976
20
-2.929390590551181
11
5.8488975590551178
21
-2.9301113385826771
0
LINE
8
BLACK
6
CONTINUOUS
10
5.8488975590551178
20
-2.9301113385826771
11
5.8476664960629918
21
-2.9308689370078738
0
LINE
8
BLACK
6
CONTINUOUS
10
5.8476664960629918
20
-2.9308689370078738
11
5.847577401574803
21
-2.9308714173228347
0
LINE
8
BLACK
6
CONTINUOUS
10
5.847577401574803
20
-2.9308714173228347
11
5.8475002362204727
21
-2.9309158661417323
0
LINE
8
BLACK
6
CONTINUOUS
10
5.8475002362204727
20
-2.9309158661417323
11
5.8460557874015748
21
-2.9309141338582676
0
LINE
8
BLACK
6
CONTINUOUS
10
5.8460557874015748
20
-2.9309141338582676
11
5.8446107874015745
21
-2.93095468503937
0
LINE
8
BLACK
6
CONTINUOUS
10
5.8446107874015745
20
-2.93095468503937
11
5.8445323622047241
21
-2.9309122834645667
0
LINE
8
BLACK
6
CONTINUOUS
10
5.8445323622047241
20
-2.9309122834645667
11
5.8444433464566927
21
-2.9309122047244092
0
LINE
8
BLACK
6
CONTINUOUS
10
5.8444433464566927
20
-2.9309122047244092
11
5.843193188976378
21
-2.9301884251968504
0
LINE
8
BLACK
6
CONTINUOUS
10
5.843193188976378
20
-2.9301884251968504
11
5.8419215748031492
21
-2.9295011023622046
0
LINE
8
BLACK
6
CONTINUOUS
10
5.8419215748031492
20
-2.9295011023622046
11
5.8418748425196849
21
-2.9294251968503935
0
LINE
8
BLACK
6
CONTINUOUS
10
5.8418748425196849
20
-2.9294251968503935
11
5.8417977952755908
21
-2.9293805905511809
0
LINE
8
BLACK
6
CONTINUOUS
10
5.8417977952755908
20
-2.9293805905511809
11
5.8410770078740155
21
-2.9281287007874015
0
LINE
8
BLACK
6
CONTINUOUS
10
5.8410770078740155
20
-2.9281287007874015
11
5.8403194488188976
21
-2.9268976377952756
0
LINE
8
BLACK
6
CONTINUOUS
10
5.8403194488188976
20
-2.9268976377952756
11
5.8403169291338584
21
-2.9268085433070867
0
LINE
8
BLACK
6
CONTINUOUS
10
5.8403169291338584
20
-2.9268085433070867
11
5.8402725196850396
21
-2.926731377952756
0
LINE
8
BLACK
6
CONTINUOUS
10
5.8402725196850396
20
-2.926731377952756
11
5.8347299999999995
21
-2.9059470078740155
0
LINE
8
BLACK
6
CONTINUOUS
10
5.8347299999999995
20
-2.9059470078740155
11
5.8291875196850391
21
-2.926731377952756
0
LINE
8
BLACK
6
CONTINUOUS
10
5.8291875196850391
20
-2.926731377952756
11
5.8291430708661416
21
-2.9268085433070867
0
LINE
8
BLACK
6
CONTINUOUS
10
5.8291430708661416
20
-2.9268085433070867
11
5.8291405905511811
21
-2.9268976377952756
0
LINE
8
BLACK
6
CONTINUOUS
10
5.8291405905511811
20
-2.9268976377952756
11
5.8283829921259844
21
-2.9281287007874015
0
LINE
8
BLACK
6
CONTINUOUS
10
5.8283829921259844
20
-2.9281287007874015
11
5.8276622440944879
21
-2.9293805905511809
0
LINE
8
BLACK
6
CONTINUOUS
10
5.8276622440944879
20
-2.9293805905511809
11
5.827585157480315
21
-2.9294251968503935
0
LINE
8
BLACK
6
CONTINUOUS
10
5.827585157480315
20
-2.9294251968503935
11
5.8275384645669286
21
-2.9295011023622046
0
LINE
8
BLACK
6
CONTINUOUS
10
5.8275384645669286
20
-2.9295011023622046
11
5.826266811023622
21
-2.9301884251968504
0
LINE
8
BLACK
6
CONTINUOUS
10
5.826266811023622
20
-2.9301884251968504
11
5.825016692913386
21
-2.9309122047244092
0
LINE
8
BLACK
6
CONTINUOUS
10
5.825016692913386
20
-2.9309122047244092
11
5.8249276377952759
21
-2.9309122834645667
0
LINE
8
BLACK
6
CONTINUOUS
10
5.8249276377952759
20
-2.9309122834645667
11
5.8248492519685042
21
-2.93095468503937
0
LINE
8
BLACK
6
CONTINUOUS
10
5.8248492519685042
20
-2.93095468503937
11
5.8234042125984251
21
-2.9309141338582676
0
LINE
8
BLACK
6
CONTINUOUS
10
5.8234042125984251
20
-2.9309141338582676
11
5.821959803149606
21
-2.9309158661417323
0
LINE
8
BLACK
6
CONTINUOUS
10
5.821959803149606
20
-2.9309158661417323
11
5.821882598425197
21
-2.9308714173228347
0
LINE
8
BLACK
6
CONTINUOUS
10
5.821882598425197
20
-2.9308714173228347
11
5.8217935433070869
21
-2.9308689370078738
0
LINE
8
BLACK
6
CONTINUOUS
10
5.8217935433070869
20
-2.9308689370078738
11
5.8205624409448822
21
-2.9301113385826771
0
LINE
8
BLACK
6
CONTINUOUS
10
5.8205624409448822
20
-2.9301113385826771
11
5.8193105905511811
21
-2.929390590551181
0
LINE
8
BLACK
6
CONTINUOUS
10
5.8193105905511811
20
-2.929390590551181
11
5.8192659448818898
21
-2.9293135039370077
0
LINE
8
BLACK
6
CONTINUOUS
10
5.8192659448818898
20
-2.9293135039370077
11
5.8191900787401574
21
-2.9292668110236222
0
LINE
8
BLACK
6
CONTINUOUS
10
5.8191900787401574
20
-2.9292668110236222
11
5.8185027165354333
21
-2.9279951574803147
0
LINE
8
BLACK
6
CONTINUOUS
10
5.8185027165354333
20
-2.9279951574803147
11
5.8177789763779524
21
-2.9267450393700787
0
LINE
8
BLACK
6
CONTINUOUS
10
5.8177789763779524
20
-2.9267450393700787
11
5.8177788582677161
21
-2.9266559842519686
0
LINE
8
BLACK
6
CONTINUOUS
10
5.8177788582677161
20
-2.9266559842519686
11
5.8177364960629916
21
-2.9265775984251969
0
LINE
8
BLACK
6
CONTINUOUS
10
5.8177364960629916
20
-2.9265775984251969
11
5.8036757480314956
21
-2.8675224803149604
0
LINE
8
BLACK
6
CONTINUOUS
10
5.8036757480314956
20
-2.8675224803149604
11
5.8037614960629922
21
-2.864466771653543
0
LINE
8
BLACK
6
CONTINUOUS
10
5.8037614960629922
20
-2.864466771653543
11
5.8053636220472438
21
-2.861863307086614
0
LINE
8
BLACK
6
CONTINUOUS
10
5.8053636220472438
20
-2.861863307086614
11
5.808052834645669
21
-2.8604097244094486
0
LINE
8
BLACK
6
CONTINUOUS
10
5.808052834645669
20
-2.8604097244094486
11
5.8111085433070864
21
-2.8604954724409448
0
LINE
8
BLACK
6
CONTINUOUS
10
5.8111085433070864
20
-2.8604954724409448
11
5.8137120078740159
21
-2.8620975984251968
0
LINE
8
BLACK
6
CONTINUOUS
10
5.8137120078740159
20
-2.8620975984251968
11
5.8151655905511808
21
-2.8647868110236221
0
LINE
8
BLACK
6
CONTINUOUS
10
5.8151655905511808
20
-2.8647868110236221
11
5.8238055511811027
21
-2.90107468503937
0
LINE
8
BLACK
6
CONTINUOUS
10
5.8238055511811027
20
-2.90107468503937
11
5.8290238976377955
21
-2.8815059448818898
0
LINE
8
BLACK
6
CONTINUOUS
10
5.8290238976377955
20
-2.8815059448818898
11
5.8290274803149602
21
-2.8814996456692912
0
LINE
8
BLACK
6
CONTINUOUS
10
5.8290274803149602
20
-2.8814996456692912
11
5.829027519685039
21
-2.8814922834645667
0
LINE
8
BLACK
6
CONTINUOUS
10
5.829027519685039
20
-2.8814922834645667
11
5.8297934251968506
21
-2.8801693307086613
0
LINE
8
BLACK
6
CONTINUOUS
10
5.8297934251968506
20
-2.8801693307086613
11
5.8305491732283468
21
-2.8788567322834644
0
LINE
8
BLACK
6
CONTINUOUS
10
5.8305491732283468
20
-2.8788567322834644
11
5.8305554724409445
21
-2.878853031496063
0
LINE
8
BLACK
6
CONTINUOUS
10
5.8305554724409445
20
-2.878853031496063
11
5.8305591732283464
21
-2.8788467322834643
0
LINE
8
BLACK
6
CONTINUOUS
10
5.8305591732283464
20
-2.8788467322834643
11
5.8318814960629917
21
-2.8780853543307088
0
LINE
8
BLACK
6
CONTINUOUS
10
5.8318814960629917
20
-2.8780853543307088
11
5.8331947244094486
21
-2.8773251181102362
0
LINE
8
BLACK
6
CONTINUOUS
10
5.8331947244094486
20
-2.8773251181102362
11
5.8332019685039365
21
-2.8773250787401574
0
LINE
8
BLACK
6
CONTINUOUS
10
5.8332019685039365
20
-2.8773250787401574
11
5.8332083464566926
21
-2.8773214566929135
0
LINE
8
BLACK
6
CONTINUOUS
10
5.8332083464566926
20
-2.8773214566929135
11
5.8347381889763774
21
-2.8773232677165352
0
LINE
8
BLACK
6
CONTINUOUS
10
5.8347381889763774
20
-2.8773232677165352
11
5.8362516141732286
21
-2.8773214566929135
0
LINE
8
BLACK
6
CONTINUOUS
10
5.8362516141732286
20
-2.8773214566929135
11
5.8362578740157476
21
-2.8773250393700787
0
LINE
8
BLACK
6
CONTINUOUS
10
5.8362578740157476
20
-2.8773250393700787
11
5.8362652755905513
21
-2.8773250787401574
0
LINE
8
BLACK
6
CONTINUOUS
10
5.8362652755905513
20
-2.8773250787401574
11
5.8375881889763779
21
-2.8780909842519686
0
LINE
8
BLACK
6
CONTINUOUS
10
5.8375881889763779
20
-2.8780909842519686
11
5.8389008267716536
21
-2.8788467322834643
0
LINE
8
BLACK
6
CONTINUOUS
10
5.8389008267716536
20
-2.8788467322834643
11
5.8389044881889767
21
-2.878853031496063
0
LINE
8
BLACK
6
CONTINUOUS
10
5.8389044881889767
20
-2.878853031496063
11
5.8389108267716532
21
-2.8788567322834644
0
LINE
8
BLACK
6
CONTINUOUS
10
5.8389108267716532
20
-2.8788567322834644
11
5.8396721653543304
21
-2.8801790551181101
0
LINE
8
BLACK
6
CONTINUOUS
10
5.8396721653543304
20
-2.8801790551181101
11
5.8404324409448813
21
-2.8814922834645667
0
LINE
8
BLACK
6
CONTINUOUS
10
5.8404324409448813
20
-2.8814922834645667
11
5.8404324409448813
21
-2.8814995275590549
0
LINE
8
BLACK
6
CONTINUOUS
10
5.8404324409448813
20
-2.8814995275590549
11
5.8404361023622045
21
-2.8815059055118111
0
LINE
8
BLACK
6
CONTINUOUS
10
5.8404361023622045
20
-2.8815059055118111
11
5.8456544488188973
21
-2.90107468503937
0
LINE
8
BLACK
6
CONTINUOUS
10
5.8456544488188973
20
-2.90107468503937
11
5.8542944488188979
21
-2.8647868110236221
0
LINE
8
BLACK
6
CONTINUOUS
10
5.8542944488188979
20
-2.8647868110236221
11
5.8557480314960628
21
-2.8620975984251968
0
LINE
8
BLACK
6
CONTINUOUS
10
5.8557480314960628
20
-2.8620975984251968
11
5.8583514960629923
21
-2.8604954724409448
0
LINE
8
BLACK
6
CONTINUOUS
10
5.8583514960629923
20
-2.8604954724409448
11
5.8614072047244097
21
-2.8604097244094486
0
LINE
8
BLACK
6
CONTINUOUS
10
5.8614072047244097
20
-2.8604097244094486
11
5.8640964173228349
21
-2.861863307086614
0
LINE
8
BLACK
6
CONTINUOUS
10
6.1317837007874019
20
-2.873244409448819
11
6.1325355905511811
21
-2.8755585433070867
0
LINE
8
BLACK
6
CONTINUOUS
10
6.1325355905511811
20
-2.8755585433070867
11
6.1325355905511811
21
-2.8862446850393702
0
LINE
8
BLACK
6
CONTINUOUS
10
6.1325355905511811
20
-2.8862446850393702
11
6.17977968503937
21
-2.8862446850393702
0
LINE
8
BLACK
6
CONTINUOUS
10
6.17977968503937
20
-2.8862446850393702
11
6.1820938188976378
21
-2.8869965748031494
0
LINE
8
BLACK
6
CONTINUOUS
10
6.1820938188976378
20
-2.8869965748031494
11
6.1835240157480316
21
-2.8889650787401573
0
LINE
8
BLACK
6
CONTINUOUS
10
6.1835240157480316
20
-2.8889650787401573
11
6.1835240157480316
21
-2.8913983070866141
0
LINE
8
BLACK
6
CONTINUOUS
10
6.1835240157480316
20
-2.8913983070866141
11
6.1820938188976378
21
-2.8933668110236219
0
LINE
8
BLACK
6
CONTINUOUS
10
6.1820938188976378
20
-2.8933668110236219
11
6.17977968503937
21
-2.8941187007874016
0
LINE
8
BLACK
6
CONTINUOUS
10
6.17977968503937
20
-2.8941187007874016
11
6.1325355905511811
21
-2.8941187007874016
0
LINE
8
BLACK
6
CONTINUOUS
10
6.1325355905511811
20
-2.8941187007874016
11
6.1325355905511811
21
-2.9048048818897638
0
LINE
8
BLACK
6
CONTINUOUS
10
6.1325355905511811
20
-2.9048048818897638
11
6.1317837007874019
21
-2.9071190157480316
0
LINE
8
BLACK
6
CONTINUOUS
10
6.1317837007874019
20
-2.9071190157480316
11
6.1298151968503936
21
-2.9085492125984249
0
LINE
8
BLACK
6
CONTINUOUS
10
6.1298151968503936
20
-2.9085492125984249
11
6.1273819685039372
21
-2.9085492125984249
0
LINE
8
BLACK
6
CONTINUOUS
10
6.1273819685039372
20
-2.9085492125984249
11
6.1254134645669289
21
-2.9071190157480316
0
LINE
8
BLACK
6
CONTINUOUS
10
6.1254134645669289
20
-2.9071190157480316
11
6.1246615748031497
21
-2.9048048818897638
0
LINE
8
BLACK
6
CONTINUOUS
10
6.1246615748031497
20
-2.9048048818897638
11
6.1246615748031497
21
-2.8755585433070867
0
LINE
8
BLACK
6
CONTINUOUS
10
6.1246615748031497
20
-2.8755585433070867
11
6.1254134645669289
21
-2.873244409448819
0
LINE
8
BLACK
6
CONTINUOUS
10
6.1254134645669289
20
-2.873244409448819
11
6.1273819685039372
21
-2.8718142125984252
0
LINE
8
BLACK
6
CONTINUOUS
10
6.1273819685039372
20
-2.8718142125984252
11
6.1298151968503936
21
-2.8718142125984252
0
LINE
8
BLACK
6
CONTINUOUS
10
6.1298151968503936
20
-2.8718142125984252
11
6.1317837007874019
21
-2.873244409448819
0
LINE
8
BLACK
6
CONTINUOUS
10
6.3357837007874016
20
-2.869244409448819
11
6.3365355905511809
21
-2.8715585433070867
0
LINE
8
BLACK
6
CONTINUOUS
10
6.3365355905511809
20
-2.8715585433070867
11
6.3365355905511809
21
-2.8822446850393701
0
LINE
8
BLACK
6
CONTINUOUS
10
6.3365355905511809
20
-2.8822446850393701
11
6.3837796850393698
21
-2.8822446850393701
0
LINE
8
BLACK
6
CONTINUOUS
10
6.3837796850393698
20
-2.8822446850393701
11
6.3860938188976375
21
-2.8829965748031494
0
LINE
8
BLACK
6
CONTINUOUS
10
6.3860938188976375
20
-2.8829965748031494
11
6.3875240157480313
21
-2.8849650787401573
0
LINE
8
BLACK
6
CONTINUOUS
10
6.3875240157480313
20
-2.8849650787401573
11
6.3875240157480313
21
-2.887398307086614
0
LINE
8
BLACK
6
CONTINUOUS
10
6.3875240157480313
20
-2.887398307086614
11
6.3860938188976375
21
-2.8893668110236219
0
LINE
8
BLACK
6
CONTINUOUS
10
6.3860938188976375
20
-2.8893668110236219
11
6.3837796850393698
21
-2.8901187007874016
0
LINE
8
BLACK
6
CONTINUOUS
10
6.3837796850393698
20
-2.8901187007874016
11
6.3365355905511809
21
-2.8901187007874016
0
LINE
8
BLACK
6
CONTINUOUS
10
6.3365355905511809
20
-2.8901187007874016
11
6.3365355905511809
21
-2.9008048818897638
0
LINE
8
BLACK
6
CONTINUOUS
10
6.3365355905511809
20
-2.9008048818897638
11
6.3357837007874016
21
-2.9031190157480316
0
LINE
8
BLACK
6
CONTINUOUS
10
6.3357837007874016
20
-2.9031190157480316
11
6.3338151968503933
21
-2.9045492125984249
0
LINE
8
BLACK
6
CONTINUOUS
10
6.3338151968503933
20
-2.9045492125984249
11
6.331381968503937
21
-2.9045492125984249
0
LINE
8
BLACK
6
CONTINUOUS
10
6.331381968503937
20
-2.9045492125984249
11
6.3294134645669287
21
-2.9031190157480316
0
LINE
8
BLACK
6
CONTINUOUS
10
6.3294134645669287
20
-2.9031190157480316
11
6.3286615748031494
21
-2.9008048818897638
0
LINE
8
BLACK
6
CONTINUOUS
10
6.3286615748031494
20
-2.9008048818897638
11
6.3286615748031494
21
-2.8715585433070867
0
LINE
8
BLACK
6
CONTINUOUS
10
6.3286615748031494
20
-2.8715585433070867
11
6.3294134645669287
21
-2.869244409448819
0
LINE
8
BLACK
6
CONTINUOUS
10
6.3294134645669287
20
-2.869244409448819
11
6.331381968503937
21
-2.8678142125984252
0
LINE
8
BLACK
6
CONTINUOUS
10
6.331381968503937
20
-2.8678142125984252
11
6.3338151968503933
21
-2.8678142125984252
0
LINE
8
BLACK
6
CONTINUOUS
10
6.3338151968503933
20
-2.8678142125984252
11
6.3357837007874016
21
-2.869244409448819
0
CIRCLE
8
BLACK
10
6.0555118110236217
20
-3.1685039370078738
40
0.0068897637795276
0
CIRCLE
8
BLACK
10
6.0555118110236217
20
-3.0685039370078742
40
0.0068897637795276
0
CIRCLE
8
BLACK
10
6.3555118110236215
20
-3.1685039370078738
40
0.0068897637795276
0
CIRCLE
8
BLACK
10
6.3555118110236215
20
-3.0685039370078742
40
0.0068897637795276
0
CIRCLE
8
BLACK
10
6.2555118110236219
20
-3.1685039370078738
40
0.0068897637795276
0
CIRCLE
8
BLACK
10
6.2555118110236219
20
-3.0685039370078742
40
0.0068897637795276
0
CIRCLE
8
BLACK
10
6.4505118110236221
20
-4.2885039370078744
40
0.0068897637795276
0
CIRCLE
8
BLACK
10
6.4505118110236221
20
-4.1885039370078738
40
0.0068897637795276
0
CIRCLE
8
BLACK
10
6.6305118110236219
20
-3.868503937007874
40
0.0068897637795276
0
CIRCLE
8
BLACK
10
6.5305118110236222
20
-3.7685039370078739
40
0.0068897637795276
0
CIRCLE
8
BLACK
10
6.5305118110236222
20
-3.9685039370078741
40
0.0068897637795276
0
CIRCLE
8
BLACK
10
6.7305118110236215
20
-3.7685039370078739
40
0.0068897637795276
0
CIRCLE
8
BLACK
10
6.7305118110236215
20
-3.9685039370078741
40
0.0068897637795276
0
CIRCLE
8
BLACK
10
5.4805118110236215
20
-3.0435039370078738
40
0.0068897637795276
0
CIRCLE
8
BLACK
10
5.7305118110236215
20
-3.0935039370078741
40
0.0068897637795276
0
CIRCLE
8
BLACK
10
5.7305118110236215
20
-2.993503937007874
40
0.0068897637795276
0
CIRCLE
8
BLACK
10
5.830511811023622
20
-3.0935039370078741
40
0.0068897637795276
0
CIRCLE
8
BLACK
10
5.830511811023622
20
-2.993503937007874
40
0.0068897637795276
0
CIRCLE
8
BLACK
10
5.9305118110236217
20
-3.0935039370078741
40
0.0068897637795276
0
CIRCLE
8
BLACK
10
5.9305118110236217
20
-2.993503937007874
40
0.0068897637795276
0
CIRCLE
8
BLACK
10
6.6805118110236217
20
-4.2435039370078735
40
0.0068897637795276
0
CIRCLE
8
BLACK
10
6.1555118110236222
20
-3.1685039370078738
40
0.0068897637795276
0
CIRCLE
8
BLACK
10
6.1555118110236222
20
-3.0685039370078742
40
0.0068897637795276
0
CIRCLE
8
BLACK
10
5.5305118110236222
20
-3.4185039370078738
40
0.0068897637795276
0
CIRCLE
8
BLACK
10
5.4305118110236217
20
-3.3185039370078742
40
0.0068897637795276
0
CIRCLE
8
BLACK
10
5.4305118110236217
20
-3.5185039370078739
40
0.0068897637795276
0
CIRCLE
8
BLACK
10
5.6305118110236219
20
-3.3185039370078742
40
0.0068897637795276
0
CIRCLE
8
BLACK
10
5.6305118110236219
20
-3.5185039370078739
40
0.0068897637795276
0
CIRCLE
8
BLACK
10
6.6805118110236217
20
-3.0435039370078738
40
0.0068897637795276
0
CIRCLE
8
BLACK
10
6.6305118110236219
20
-3.4185039370078738
40
0.0068897637795276
0
CIRCLE
8
BLACK
10
6.5305118110236222
20
-3.3185039370078742
40
0.0068897637795276
0
CIRCLE
8
BLACK
10
6.5305118110236222
20
-3.5185039370078739
40
0.0068897637795276
0
CIRCLE
8
BLACK
10
6.7305118110236215
20
-3.3185039370078742
40
0.0068897637795276
0
CIRCLE
8
BLACK
10
6.7305118110236215
20
-3.5185039370078739
40
0.0068897637795276
0
CIRCLE
8
BLACK
10
5.5305118110236222
20
-3.868503937007874
40
0.0068897637795276
0
CIRCLE
8
BLACK
10
5.4305118110236217
20
-3.7685039370078739
40
0.0068897637795276
0
CIRCLE
8
BLACK
10
5.4305118110236217
20
-3.9685039370078741
40
0.0068897637795276
0
CIRCLE
8
BLACK
10
5.6305118110236219
20
-3.7685039370078739
40
0.0068897637795276
0
CIRCLE
8
BLACK
10
5.6305118110236219
20
-3.9685039370078741
40
0.0068897637795276
0
CIRCLE
8
BLACK
10
5.4805118110236215
20
-4.2435039370078735
40
0.0068897637795276
0
CIRCLE
8
BLACK
10
6.1355118110236218
20
-4.2885039370078744
40
0.0068897637795276
  0
ENDSEC
  0
EOF
