  0
SECTION
  2
HEADER
  9
$ANGBASE
  50
0.0
  9
$ANGDIR
  70
1
  9
$MEASUREMENT
  70
0
  0
ENDSEC
  0
SECTION
  2
TABLES
  0
TABLE
  2
LTYPE
  70
4
  0
LTYPE
  5
40F
  2
CONTINUOUS
  70
0
  3
Solid line
  72
65
  73
0
  40
0.0
  0
LTYPE
  5
410
  2
DASHDOT
 70
0
  3
Dash Dot ____ _ ____ _
 72
65
 73
4
 40
2.0
 49
1.25
 49
-0.25
 49
0.25
 49
-0.25
  0
LTYPE
  5
411
  2
DASHED
 70
0
  3
Dashed __ __ __ __ __
 72
65
 73
2
 40
0.75
 49
0.5
 49
-0.25
  0
LTYPE
  5
43B
  2
DOTTED
 70
0
  3
Dotted .  .  .  .
 72
65
 73
2
 40
0.2
 49
0.0
 49
-0.2
  0
ENDTAB
  0
TABLE
  2
STYLE
  70
4
  0
STYLE
  2
KICAD
  70
0
  40
0
  41
1
  42
1
  50
0
  71
0
  3
isocp.shx
  0
STYLE
  2
KICADB
  70
0
  40
0
  41
1
  42
1
  50
0
  71
0
  3
isocp.shx
  0
STYLE
  2
KICADI
  70
0
  40
0
  41
1
  42
1
  50
15
  71
0
  3
isocp.shx
  0
STYLE
  2
KICADBI
  70
0
  40
0
  41
1
  42
1
  50
15
  71
0
  3
isocp.shx
  0
ENDTAB
  0
TABLE
  2
LAYER
  70
1
  0
LAYER
  2
BLACK
  70
0
  62
7
  6
CONTINUOUS
  0
ENDTAB
  0
ENDSEC
  0
SECTION
  2
ENTITIES
0
LINE
8
BLACK
6
CONTINUOUS
10
6.5008953149606299
20
-4.135618779527559
11
6.501024566929134
21
-4.135596023622047
0
LINE
8
BLACK
6
CONTINUOUS
10
6.501024566929134
20
-4.135596023622047
11
6.501138149606299
21
-4.1356616141732285
0
LINE
8
BLACK
6
CONTINUOUS
10
6.501138149606299
20
-4.1356616141732285
11
6.5015217322834644
21
-4.1357292519685043
0
LINE
8
BLACK
6
CONTINUOUS
10
6.5015217322834644
20
-4.1357292519685043
11
6.5021094094488188
21
-4.1362223622047241
0
LINE
8
BLACK
6
CONTINUOUS
10
6.5021094094488188
20
-4.1362223622047241
11
6.5027737401574806
21
-4.1366059448818895
0
LINE
8
BLACK
6
CONTINUOUS
10
6.5027737401574806
20
-4.1366059448818895
11
6.5028648425196849
21
-4.1368562598425198
0
LINE
8
BLACK
6
CONTINUOUS
10
6.5028648425196849
20
-4.1368562598425198
11
6.5030689763779526
21
-4.1370275590551184
0
LINE
8
BLACK
6
CONTINUOUS
10
6.5030689763779526
20
-4.1370275590551184
11
6.5032022047244089
21
-4.1377831102362208
0
LINE
8
BLACK
6
CONTINUOUS
10
6.5032022047244089
20
-4.1377831102362208
11
6.503464566929134
21
-4.138503937007874
0
LINE
8
BLACK
6
CONTINUOUS
10
6.503464566929134
20
-4.138503937007874
11
6.503464566929134
21
-4.3385039370078742
0
LINE
8
BLACK
6
CONTINUOUS
10
6.503464566929134
20
-4.3385039370078742
11
6.5033969291338583
21
-4.3388874409448821
0
LINE
8
BLACK
6
CONTINUOUS
10
6.5033969291338583
20
-4.3388874409448821
11
6.5034197244094489
21
-4.3390166929133853
0
LINE
8
BLACK
6
CONTINUOUS
10
6.5034197244094489
20
-4.3390166929133853
11
6.5033540944881887
21
-4.3391302755905512
0
LINE
8
BLACK
6
CONTINUOUS
10
6.5033540944881887
20
-4.3391302755905512
11
6.5032864960629917
21
-4.3395138582677166
0
LINE
8
BLACK
6
CONTINUOUS
10
6.5032864960629917
20
-4.3395138582677166
11
6.5027933464566932
21
-4.340101535433071
0
LINE
8
BLACK
6
CONTINUOUS
10
6.5027933464566932
20
-4.340101535433071
11
6.5024098031496065
21
-4.3407658661417319
0
LINE
8
BLACK
6
CONTINUOUS
10
6.5024098031496065
20
-4.3407658661417319
11
6.5021594488188974
21
-4.3408569685039371
0
LINE
8
BLACK
6
CONTINUOUS
10
6.5021594488188974
20
-4.3408569685039371
11
6.5019881889763775
21
-4.3410611023622048
0
LINE
8
BLACK
6
CONTINUOUS
10
6.5019881889763775
20
-4.3410611023622048
11
6.5012325984251964
21
-4.3411943307086611
0
LINE
8
BLACK
6
CONTINUOUS
10
6.5012325984251964
20
-4.3411943307086611
11
6.500511811023622
21
-4.3414566929133853
0
LINE
8
BLACK
6
CONTINUOUS
10
6.500511811023622
20
-4.3414566929133853
11
6.4005118110236223
21
-4.3414566929133853
0
LINE
8
BLACK
6
CONTINUOUS
10
6.4005118110236223
20
-4.3414566929133853
11
6.4001282677165356
21
-4.3413890551181105
0
LINE
8
BLACK
6
CONTINUOUS
10
6.4001282677165356
20
-4.3413890551181105
11
6.3999990551181103
21
-4.3414118503937003
0
LINE
8
BLACK
6
CONTINUOUS
10
6.3999990551181103
20
-4.3414118503937003
11
6.3998854330708657
21
-4.3413462204724409
0
LINE
8
BLACK
6
CONTINUOUS
10
6.3998854330708657
20
-4.3413462204724409
11
6.399501889763779
21
-4.3412786220472439
0
LINE
8
BLACK
6
CONTINUOUS
10
6.399501889763779
20
-4.3412786220472439
11
6.3989141732283459
21
-4.3407854724409445
0
LINE
8
BLACK
6
CONTINUOUS
10
6.3989141732283459
20
-4.3407854724409445
11
6.3982498818897637
21
-4.3404019291338578
0
LINE
8
BLACK
6
CONTINUOUS
10
6.3982498818897637
20
-4.3404019291338578
11
6.3981587401574798
21
-4.3401515748031496
0
LINE
8
BLACK
6
CONTINUOUS
10
6.3981587401574798
20
-4.3401515748031496
11
6.3979546456692908
21
-4.3399803149606297
0
LINE
8
BLACK
6
CONTINUOUS
10
6.3979546456692908
20
-4.3399803149606297
11
6.3978213779527557
21
-4.3392247244094486
0
LINE
8
BLACK
6
CONTINUOUS
10
6.3978213779527557
20
-4.3392247244094486
11
6.3975590551181103
21
-4.3385039370078742
0
LINE
8
BLACK
6
CONTINUOUS
10
6.3975590551181103
20
-4.3385039370078742
11
6.3975590551181103
21
-4.138503937007874
0
LINE
8
BLACK
6
CONTINUOUS
10
6.3975590551181103
20
-4.138503937007874
11
6.3976266535433073
21
-4.1381203937007873
0
LINE
8
BLACK
6
CONTINUOUS
10
6.3976266535433073
20
-4.1381203937007873
11
6.3976038976377954
21
-4.137991181102362
0
LINE
8
BLACK
6
CONTINUOUS
10
6.3976038976377954
20
-4.137991181102362
11
6.397669488188976
21
-4.1378775590551182
0
LINE
8
BLACK
6
CONTINUOUS
10
6.397669488188976
20
-4.1378775590551182
11
6.3977371259842517
21
-4.1374940157480316
0
LINE
8
BLACK
6
CONTINUOUS
10
6.3977371259842517
20
-4.1374940157480316
11
6.3982302362204724
21
-4.1369062992125984
0
LINE
8
BLACK
6
CONTINUOUS
10
6.3982302362204724
20
-4.1369062992125984
11
6.3986138188976378
21
-4.1362420078740154
0
LINE
8
BLACK
6
CONTINUOUS
10
6.3986138188976378
20
-4.1362420078740154
11
6.3988641338582672
21
-4.1361508661417323
0
LINE
8
BLACK
6
CONTINUOUS
10
6.3988641338582672
20
-4.1361508661417323
11
6.3990354330708659
21
-4.1359467716535434
0
LINE
8
BLACK
6
CONTINUOUS
10
6.3990354330708659
20
-4.1359467716535434
11
6.3997909842519682
21
-4.1358135039370074
0
LINE
8
BLACK
6
CONTINUOUS
10
6.3997909842519682
20
-4.1358135039370074
11
6.4005118110236223
21
-4.135551181102362
0
LINE
8
BLACK
6
CONTINUOUS
10
6.4005118110236223
20
-4.135551181102362
11
6.500511811023622
21
-4.135551181102362
0
LINE
8
BLACK
6
CONTINUOUS
10
6.500511811023622
20
-4.135551181102362
11
6.5008953149606299
21
-4.135618779527559
0
LINE
8
BLACK
6
CONTINUOUS
10
6.4034645669291335
20
-4.141456692913386
11
6.4034645669291335
21
-4.3355511811023622
0
LINE
8
BLACK
6
CONTINUOUS
10
6.4034645669291335
20
-4.3355511811023622
11
6.4975590551181099
21
-4.3355511811023622
0
LINE
8
BLACK
6
CONTINUOUS
10
6.4975590551181099
20
-4.3355511811023622
11
6.4975590551181099
21
-4.141456692913386
0
LINE
8
BLACK
6
CONTINUOUS
10
6.4975590551181099
20
-4.141456692913386
11
6.4034645669291335
21
-4.141456692913386
0
LINE
8
BLACK
6
CONTINUOUS
10
6.2074625196850395
20
-4.2631421259842517
11
6.2081533464566929
21
-4.2650401181102362
0
LINE
8
BLACK
6
CONTINUOUS
10
6.2081533464566929
20
-4.2650401181102362
11
6.2081533464566929
21
-4.2804087007874019
0
LINE
8
BLACK
6
CONTINUOUS
10
6.2081533464566929
20
-4.2804087007874019
11
6.2256098425196846
21
-4.2629522047244093
0
LINE
8
BLACK
6
CONTINUOUS
10
6.2256098425196846
20
-4.2629522047244093
11
6.2264498818897636
21
-4.2623640157480311
0
LINE
8
BLACK
6
CONTINUOUS
10
6.2264498818897636
20
-4.2623640157480311
11
6.2284619685039369
21
-4.262187992125984
0
LINE
8
BLACK
6
CONTINUOUS
10
6.2284619685039369
20
-4.262187992125984
11
6.230116535433071
21
-4.2633464960629919
0
LINE
8
BLACK
6
CONTINUOUS
10
6.230116535433071
20
-4.2633464960629919
11
6.2306392519685039
21
-4.2652974803149606
0
LINE
8
BLACK
6
CONTINUOUS
10
6.2306392519685039
20
-4.2652974803149606
11
6.2297856692913385
21
-4.2671280314960631
0
LINE
8
BLACK
6
CONTINUOUS
10
6.2297856692913385
20
-4.2671280314960631
11
6.2147236220472442
21
-4.2821900393700787
0
LINE
8
BLACK
6
CONTINUOUS
10
6.2147236220472442
20
-4.2821900393700787
11
6.2300599606299212
21
-4.3026385433070864
0
LINE
8
BLACK
6
CONTINUOUS
10
6.2300599606299212
20
-4.3026385433070864
11
6.2305234645669287
21
-4.3035533464566926
0
LINE
8
BLACK
6
CONTINUOUS
10
6.2305234645669287
20
-4.3035533464566926
11
6.2304131496062993
21
-4.3055701181102357
0
LINE
8
BLACK
6
CONTINUOUS
10
6.2304131496062993
20
-4.3055701181102357
11
6.2290322834645666
21
-4.3070441732283467
0
LINE
8
BLACK
6
CONTINUOUS
10
6.2290322834645666
20
-4.3070441732283467
11
6.2270270078740158
21
-4.3072857480314957
0
LINE
8
BLACK
6
CONTINUOUS
10
6.2270270078740158
20
-4.3072857480314957
11
6.2253355511811019
21
-4.3061818503937008
0
LINE
8
BLACK
6
CONTINUOUS
10
6.2253355511811019
20
-4.3061818503937008
11
6.210505393700787
21
-4.2864082677165349
0
LINE
8
BLACK
6
CONTINUOUS
10
6.210505393700787
20
-4.2864082677165349
11
6.2081533464566929
21
-4.2887603543307087
0
LINE
8
BLACK
6
CONTINUOUS
10
6.2081533464566929
20
-4.2887603543307087
11
6.2081533464566929
21
-4.3044101968503936
0
LINE
8
BLACK
6
CONTINUOUS
10
6.2081533464566929
20
-4.3044101968503936
11
6.2079752755905506
21
-4.3054201181102361
0
LINE
8
BLACK
6
CONTINUOUS
10
6.2079752755905506
20
-4.3054201181102361
11
6.2066769685039365
21
-4.3069673622047242
0
LINE
8
BLACK
6
CONTINUOUS
10
6.2066769685039365
20
-4.3069673622047242
11
6.2046878346456689
21
-4.3073181102362206
0
LINE
8
BLACK
6
CONTINUOUS
10
6.2046878346456689
20
-4.3073181102362206
11
6.2029386614173223
21
-4.3063081889763781
0
LINE
8
BLACK
6
CONTINUOUS
10
6.2029386614173223
20
-4.3063081889763781
11
6.2022478346456689
21
-4.3044101968503936
0
LINE
8
BLACK
6
CONTINUOUS
10
6.2022478346456689
20
-4.3044101968503936
11
6.2022478346456689
21
-4.2650401181102362
0
LINE
8
BLACK
6
CONTINUOUS
10
6.2022478346456689
20
-4.2650401181102362
11
6.2024259055118112
21
-4.2640301968503938
0
LINE
8
BLACK
6
CONTINUOUS
10
6.2024259055118112
20
-4.2640301968503938
11
6.2037242125984253
21
-4.2624829527559056
0
LINE
8
BLACK
6
CONTINUOUS
10
6.2037242125984253
20
-4.2624829527559056
11
6.2057133464566929
21
-4.2621322047244092
0
LINE
8
BLACK
6
CONTINUOUS
10
6.2057133464566929
20
-4.2621322047244092
11
6.2074625196850395
21
-4.2631421259842517
0
LINE
8
BLACK
6
CONTINUOUS
10
5.4976353937007874
20
-4.0430595275590546
11
5.4976997637795275
21
-4.0430577952755904
0
LINE
8
BLACK
6
CONTINUOUS
10
5.4976997637795275
20
-4.0430577952755904
11
5.5033240551181102
21
-4.0449325590551179
0
LINE
8
BLACK
6
CONTINUOUS
10
5.5033240551181102
20
-4.0449325590551179
11
5.5042258267716537
21
-4.0454208267716538
0
LINE
8
BLACK
6
CONTINUOUS
10
5.5042258267716537
20
-4.0454208267716538
11
5.5052831102362205
21
-4.0471418110236224
0
LINE
8
BLACK
6
CONTINUOUS
10
5.5052831102362205
20
-4.0471418110236224
11
5.5049868503937009
21
-4.0491397637795279
0
LINE
8
BLACK
6
CONTINUOUS
10
5.5049868503937009
20
-4.0491397637795279
11
5.5034755905511812
21
-4.0504798425196853
0
LINE
8
BLACK
6
CONTINUOUS
10
5.5034755905511812
20
-4.0504798425196853
11
5.5014565354330704
21
-4.050535
0
LINE
8
BLACK
6
CONTINUOUS
10
5.5014565354330704
20
-4.050535
11
5.4962868897637795
21
-4.0488117716535434
0
LINE
8
BLACK
6
CONTINUOUS
10
5.4962868897637795
20
-4.0488117716535434
11
5.4880892519685034
21
-4.0488117716535434
0
LINE
8
BLACK
6
CONTINUOUS
10
5.4880892519685034
20
-4.0488117716535434
11
5.4853917716535427
21
-4.0501605118110238
0
LINE
8
BLACK
6
CONTINUOUS
10
5.4853917716535427
20
-4.0501605118110238
11
5.4841946456692909
21
-4.0513576377952756
0
LINE
8
BLACK
6
CONTINUOUS
10
5.4841946456692909
20
-4.0513576377952756
11
5.4828459055118106
21
-4.0540551181102362
0
LINE
8
BLACK
6
CONTINUOUS
10
5.4828459055118106
20
-4.0540551181102362
11
5.4828459055118106
21
-4.0564105511811022
0
LINE
8
BLACK
6
CONTINUOUS
10
5.4828459055118106
20
-4.0564105511811022
11
5.4841946456692909
21
-4.0591080314960628
0
LINE
8
BLACK
6
CONTINUOUS
10
5.4841946456692909
20
-4.0591080314960628
11
5.4853917716535427
21
-4.0603051574803146
0
LINE
8
BLACK
6
CONTINUOUS
10
5.4853917716535427
20
-4.0603051574803146
11
5.4884227559055114
21
-4.06182062992126
0
LINE
8
BLACK
6
CONTINUOUS
10
5.4884227559055114
20
-4.06182062992126
11
5.4956074015748033
21
-4.0636168110236222
0
LINE
8
BLACK
6
CONTINUOUS
10
5.4956074015748033
20
-4.0636168110236222
11
5.4960728346456689
21
-4.0638243700787404
0
LINE
8
BLACK
6
CONTINUOUS
10
5.4960728346456689
20
-4.0638243700787404
11
5.4962117716535435
21
-4.0638403937007874
0
LINE
8
BLACK
6
CONTINUOUS
10
5.4962117716535435
20
-4.0638403937007874
11
5.4999612992125986
21
-4.065715157480315
0
LINE
8
BLACK
6
CONTINUOUS
10
5.4999612992125986
20
-4.065715157480315
11
5.5006703543307083
21
-4.066241062992126
0
LINE
8
BLACK
6
CONTINUOUS
10
5.5006703543307083
20
-4.066241062992126
11
5.5007287007874011
21
-4.0662682677165352
0
LINE
8
BLACK
6
CONTINUOUS
10
5.5007287007874011
20
-4.0662682677165352
11
5.5026034645669286
21
-4.0681430314960627
0
LINE
8
BLACK
6
CONTINUOUS
10
5.5026034645669286
20
-4.0681430314960627
11
5.5031097244094491
21
-4.0688661023622048
0
LINE
8
BLACK
6
CONTINUOUS
10
5.5031097244094491
20
-4.0688661023622048
11
5.5031565748031497
21
-4.0689104330708661
0
LINE
8
BLACK
6
CONTINUOUS
10
5.5031565748031497
20
-4.0689104330708661
11
5.5050313385826772
21
-4.0726599606299212
0
LINE
8
BLACK
6
CONTINUOUS
10
5.5050313385826772
20
-4.0726599606299212
11
5.5053237007874012
21
-4.0736428740157482
0
LINE
8
BLACK
6
CONTINUOUS
10
5.5053237007874012
20
-4.0736428740157482
11
5.5052826771653542
21
-4.0738145669291335
0
LINE
8
BLACK
6
CONTINUOUS
10
5.5052826771653542
20
-4.0738145669291335
11
5.5053430708661413
21
-4.0739804724409447
0
LINE
8
BLACK
6
CONTINUOUS
10
5.5053430708661413
20
-4.0739804724409447
11
5.5053430708661413
21
-4.0777299999999999
0
LINE
8
BLACK
6
CONTINUOUS
10
5.5053430708661413
20
-4.0777299999999999
11
5.5051649999999999
21
-4.0787399212598423
0
LINE
8
BLACK
6
CONTINUOUS
10
5.5051649999999999
20
-4.0787399212598423
11
5.5050514960629924
21
-4.078875157480315
0
LINE
8
BLACK
6
CONTINUOUS
10
5.5050514960629924
20
-4.078875157480315
11
5.5050313385826772
21
-4.0790505118110234
0
LINE
8
BLACK
6
CONTINUOUS
10
5.5050313385826772
20
-4.0790505118110234
11
5.5031565748031497
21
-4.0828000393700785
0
LINE
8
BLACK
6
CONTINUOUS
10
5.5031565748031497
20
-4.0828000393700785
11
5.50263062992126
21
-4.0835090944881891
0
LINE
8
BLACK
6
CONTINUOUS
10
5.50263062992126
20
-4.0835090944881891
11
5.5026034645669286
21
-4.0835674409448819
0
LINE
8
BLACK
6
CONTINUOUS
10
5.5026034645669286
20
-4.0835674409448819
11
5.5007287401574798
21
-4.0854422047244094
0
LINE
8
BLACK
6
CONTINUOUS
10
5.5007287401574798
20
-4.0854422047244094
11
5.5000055511811023
21
-4.0859485826771653
0
LINE
8
BLACK
6
CONTINUOUS
10
5.5000055511811023
20
-4.0859485826771653
11
5.4999612992125986
21
-4.0859953543307084
0
LINE
8
BLACK
6
CONTINUOUS
10
5.4999612992125986
20
-4.0859953543307084
11
5.4962117716535435
21
-4.0878701181102359
0
LINE
8
BLACK
6
CONTINUOUS
10
5.4962117716535435
20
-4.0878701181102359
11
5.4952288188976377
21
-4.0881624803149608
0
LINE
8
BLACK
6
CONTINUOUS
10
5.4952288188976377
20
-4.0881624803149608
11
5.4950571259842516
21
-4.0881214566929129
0
LINE
8
BLACK
6
CONTINUOUS
10
5.4950571259842516
20
-4.0881214566929129
11
5.4948912598425199
21
-4.0881818503937009
0
LINE
8
BLACK
6
CONTINUOUS
10
5.4948912598425199
20
-4.0881818503937009
11
5.4855174409448821
21
-4.0881818503937009
0
LINE
8
BLACK
6
CONTINUOUS
10
5.4855174409448821
20
-4.0881818503937009
11
5.4846480314960626
21
-4.0880285433070869
0
LINE
8
BLACK
6
CONTINUOUS
10
5.4846480314960626
20
-4.0880285433070869
11
5.4845836614173225
21
-4.0880303149606299
0
LINE
8
BLACK
6
CONTINUOUS
10
5.4845836614173225
20
-4.0880303149606299
11
5.4789594094488185
21
-4.0861555511811023
0
LINE
8
BLACK
6
CONTINUOUS
10
5.4789594094488185
20
-4.0861555511811023
11
5.4780576377952759
21
-4.0856672440944877
0
LINE
8
BLACK
6
CONTINUOUS
10
5.4780576377952759
20
-4.0856672440944877
11
5.4770003543307082
21
-4.0839462992125988
0
LINE
8
BLACK
6
CONTINUOUS
10
5.4770003543307082
20
-4.0839462992125988
11
5.4772966141732287
21
-4.0819483070866145
0
LINE
8
BLACK
6
CONTINUOUS
10
5.4772966141732287
20
-4.0819483070866145
11
5.4788078346456688
21
-4.080608267716535
0
LINE
8
BLACK
6
CONTINUOUS
10
5.4788078346456688
20
-4.080608267716535
11
5.4808268897637795
21
-4.0805531102362202
0
LINE
8
BLACK
6
CONTINUOUS
10
5.4808268897637795
20
-4.0805531102362202
11
5.4859965748031492
21
-4.0822763385826768
0
LINE
8
BLACK
6
CONTINUOUS
10
5.4859965748031492
20
-4.0822763385826768
11
5.4941942125984253
21
-4.0822763385826768
0
LINE
8
BLACK
6
CONTINUOUS
10
5.4941942125984253
20
-4.0822763385826768
11
5.4968916535433072
21
-4.0809275984251965
0
LINE
8
BLACK
6
CONTINUOUS
10
5.4968916535433072
20
-4.0809275984251965
11
5.498088779527559
21
-4.0797304330708659
0
LINE
8
BLACK
6
CONTINUOUS
10
5.498088779527559
20
-4.0797304330708659
11
5.4994375590551181
21
-4.0770329527559053
0
LINE
8
BLACK
6
CONTINUOUS
10
5.4994375590551181
20
-4.0770329527559053
11
5.4994375590551181
21
-4.0746775196850393
0
LINE
8
BLACK
6
CONTINUOUS
10
5.4994375590551181
20
-4.0746775196850393
11
5.4980888188976378
21
-4.0719800393700787
0
LINE
8
BLACK
6
CONTINUOUS
10
5.4980888188976378
20
-4.0719800393700787
11
5.496891692913386
21
-4.0707829133858269
0
LINE
8
BLACK
6
CONTINUOUS
10
5.496891692913386
20
-4.0707829133858269
11
5.4938607086614173
21
-4.0692674015748027
0
LINE
8
BLACK
6
CONTINUOUS
10
5.4938607086614173
20
-4.0692674015748027
11
5.4866760629921263
21
-4.0674712598425193
0
LINE
8
BLACK
6
CONTINUOUS
10
5.4866760629921263
20
-4.0674712598425193
11
5.4862105905511811
21
-4.0672636614173223
0
LINE
8
BLACK
6
CONTINUOUS
10
5.4862105905511811
20
-4.0672636614173223
11
5.4860716929133861
21
-4.0672476771653541
0
LINE
8
BLACK
6
CONTINUOUS
10
5.4860716929133861
20
-4.0672476771653541
11
5.4823221653543301
21
-4.0653729133858265
0
LINE
8
BLACK
6
CONTINUOUS
10
5.4823221653543301
20
-4.0653729133858265
11
5.4816130708661417
21
-4.0648470078740155
0
LINE
8
BLACK
6
CONTINUOUS
10
5.4816130708661417
20
-4.0648470078740155
11
5.4815547637795277
21
-4.0648198031496063
0
LINE
8
BLACK
6
CONTINUOUS
10
5.4815547637795277
20
-4.0648198031496063
11
5.4796800000000001
21
-4.0629450393700788
0
LINE
8
BLACK
6
CONTINUOUS
10
5.4796800000000001
20
-4.0629450393700788
11
5.4791737007874017
21
-4.0622219291338579
0
LINE
8
BLACK
6
CONTINUOUS
10
5.4791737007874017
20
-4.0622219291338579
11
5.479126889763779
21
-4.0621776377952754
0
LINE
8
BLACK
6
CONTINUOUS
10
5.479126889763779
20
-4.0621776377952754
11
5.4772521259842515
21
-4.0584281102362203
0
LINE
8
BLACK
6
CONTINUOUS
10
5.4772521259842515
20
-4.0584281102362203
11
5.4769597637795275
21
-4.0574451574803145
0
LINE
8
BLACK
6
CONTINUOUS
10
5.4769597637795275
20
-4.0574451574803145
11
5.4770007480314957
21
-4.0572734645669293
0
LINE
8
BLACK
6
CONTINUOUS
10
5.4770007480314957
20
-4.0572734645669293
11
5.4769403937007874
21
-4.0571075984251967
0
LINE
8
BLACK
6
CONTINUOUS
10
5.4769403937007874
20
-4.0571075984251967
11
5.4769403937007874
21
-4.0533580708661416
0
LINE
8
BLACK
6
CONTINUOUS
10
5.4769403937007874
20
-4.0533580708661416
11
5.4771184645669289
21
-4.0523481496062992
0
LINE
8
BLACK
6
CONTINUOUS
10
5.4771184645669289
20
-4.0523481496062992
11
5.4772319291338585
21
-4.0522128740157477
0
LINE
8
BLACK
6
CONTINUOUS
10
5.4772319291338585
20
-4.0522128740157477
11
5.4772521259842515
21
-4.0520375590551181
0
LINE
8
BLACK
6
CONTINUOUS
10
5.4772521259842515
20
-4.0520375590551181
11
5.479126889763779
21
-4.048288031496063
0
LINE
8
BLACK
6
CONTINUOUS
10
5.479126889763779
20
-4.048288031496063
11
5.47965279527559
21
-4.0475789370078736
0
LINE
8
BLACK
6
CONTINUOUS
10
5.47965279527559
20
-4.0475789370078736
11
5.4796800000000001
21
-4.0475206299212596
0
LINE
8
BLACK
6
CONTINUOUS
10
5.4796800000000001
20
-4.0475206299212596
11
5.4815547637795277
21
-4.045645866141732
0
LINE
8
BLACK
6
CONTINUOUS
10
5.4815547637795277
20
-4.045645866141732
11
5.4822778346456689
21
-4.0451395669291337
0
LINE
8
BLACK
6
CONTINUOUS
10
5.4822778346456689
20
-4.0451395669291337
11
5.4823221653543301
21
-4.0450927559055119
0
LINE
8
BLACK
6
CONTINUOUS
10
5.4823221653543301
20
-4.0450927559055119
11
5.4860716929133861
21
-4.0432179921259843
0
LINE
8
BLACK
6
CONTINUOUS
10
5.4860716929133861
20
-4.0432179921259843
11
5.4870546062992123
21
-4.0429256299212595
0
LINE
8
BLACK
6
CONTINUOUS
10
5.4870546062992123
20
-4.0429256299212595
11
5.4872262992125984
21
-4.0429666141732286
0
LINE
8
BLACK
6
CONTINUOUS
10
5.4872262992125984
20
-4.0429666141732286
11
5.4873922047244097
21
-4.0429062598425194
0
LINE
8
BLACK
6
CONTINUOUS
10
5.4873922047244097
20
-4.0429062598425194
11
5.4967660236220475
21
-4.0429062598425194
0
LINE
8
BLACK
6
CONTINUOUS
10
5.4967660236220475
20
-4.0429062598425194
11
5.4976353937007874
21
-4.0430595275590546
0
LINE
8
BLACK
6
CONTINUOUS
10
6.597635393700787
20
-4.0430595275590546
11
6.5976997637795272
21
-4.0430577952755904
0
LINE
8
BLACK
6
CONTINUOUS
10
6.5976997637795272
20
-4.0430577952755904
11
6.6033240551181098
21
-4.0449325590551179
0
LINE
8
BLACK
6
CONTINUOUS
10
6.6033240551181098
20
-4.0449325590551179
11
6.6042258267716534
21
-4.0454208267716538
0
LINE
8
BLACK
6
CONTINUOUS
10
6.6042258267716534
20
-4.0454208267716538
11
6.6052831102362202
21
-4.0471418110236224
0
LINE
8
BLACK
6
CONTINUOUS
10
6.6052831102362202
20
-4.0471418110236224
11
6.6049868503937006
21
-4.0491397637795279
0
LINE
8
BLACK
6
CONTINUOUS
10
6.6049868503937006
20
-4.0491397637795279
11
6.6034755905511808
21
-4.0504798425196853
0
LINE
8
BLACK
6
CONTINUOUS
10
6.6034755905511808
20
-4.0504798425196853
11
6.601456535433071
21
-4.050535
0
LINE
8
BLACK
6
CONTINUOUS
10
6.601456535433071
20
-4.050535
11
6.5962868897637792
21
-4.0488117716535434
0
LINE
8
BLACK
6
CONTINUOUS
10
6.5962868897637792
20
-4.0488117716535434
11
6.5880892519685039
21
-4.0488117716535434
0
LINE
8
BLACK
6
CONTINUOUS
10
6.5880892519685039
20
-4.0488117716535434
11
6.5853917716535433
21
-4.0501605118110238
0
LINE
8
BLACK
6
CONTINUOUS
10
6.5853917716535433
20
-4.0501605118110238
11
6.5841946456692915
21
-4.0513576377952756
0
LINE
8
BLACK
6
CONTINUOUS
10
6.5841946456692915
20
-4.0513576377952756
11
6.5828459055118111
21
-4.0540551181102362
0
LINE
8
BLACK
6
CONTINUOUS
10
6.5828459055118111
20
-4.0540551181102362
11
6.5828459055118111
21
-4.0564105511811022
0
LINE
8
BLACK
6
CONTINUOUS
10
6.5828459055118111
20
-4.0564105511811022
11
6.5841946456692915
21
-4.0591080314960628
0
LINE
8
BLACK
6
CONTINUOUS
10
6.5841946456692915
20
-4.0591080314960628
11
6.5853917716535433
21
-4.0603051574803146
0
LINE
8
BLACK
6
CONTINUOUS
10
6.5853917716535433
20
-4.0603051574803146
11
6.588422755905512
21
-4.06182062992126
0
LINE
8
BLACK
6
CONTINUOUS
10
6.588422755905512
20
-4.06182062992126
11
6.595607401574803
21
-4.0636168110236222
0
LINE
8
BLACK
6
CONTINUOUS
10
6.595607401574803
20
-4.0636168110236222
11
6.5960728346456694
21
-4.0638243700787404
0
LINE
8
BLACK
6
CONTINUOUS
10
6.5960728346456694
20
-4.0638243700787404
11
6.5962117716535431
21
-4.0638403937007874
0
LINE
8
BLACK
6
CONTINUOUS
10
6.5962117716535431
20
-4.0638403937007874
11
6.5999612992125982
21
-4.065715157480315
0
LINE
8
BLACK
6
CONTINUOUS
10
6.5999612992125982
20
-4.065715157480315
11
6.6006703543307088
21
-4.066241062992126
0
LINE
8
BLACK
6
CONTINUOUS
10
6.6006703543307088
20
-4.066241062992126
11
6.6007287007874016
21
-4.0662682677165352
0
LINE
8
BLACK
6
CONTINUOUS
10
6.6007287007874016
20
-4.0662682677165352
11
6.6026034645669291
21
-4.0681430314960627
0
LINE
8
BLACK
6
CONTINUOUS
10
6.6026034645669291
20
-4.0681430314960627
11
6.6031097244094488
21
-4.0688661023622048
0
LINE
8
BLACK
6
CONTINUOUS
10
6.6031097244094488
20
-4.0688661023622048
11
6.6031565748031493
21
-4.0689104330708661
0
LINE
8
BLACK
6
CONTINUOUS
10
6.6031565748031493
20
-4.0689104330708661
11
6.6050313385826769
21
-4.0726599606299212
0
LINE
8
BLACK
6
CONTINUOUS
10
6.6050313385826769
20
-4.0726599606299212
11
6.6053237007874017
21
-4.0736428740157482
0
LINE
8
BLACK
6
CONTINUOUS
10
6.6053237007874017
20
-4.0736428740157482
11
6.6052826771653539
21
-4.0738145669291335
0
LINE
8
BLACK
6
CONTINUOUS
10
6.6052826771653539
20
-4.0738145669291335
11
6.6053430708661418
21
-4.0739804724409447
0
LINE
8
BLACK
6
CONTINUOUS
10
6.6053430708661418
20
-4.0739804724409447
11
6.6053430708661418
21
-4.0777299999999999
0
LINE
8
BLACK
6
CONTINUOUS
10
6.6053430708661418
20
-4.0777299999999999
11
6.6051649999999995
21
-4.0787399212598423
0
LINE
8
BLACK
6
CONTINUOUS
10
6.6051649999999995
20
-4.0787399212598423
11
6.605051496062992
21
-4.078875157480315
0
LINE
8
BLACK
6
CONTINUOUS
10
6.605051496062992
20
-4.078875157480315
11
6.6050313385826769
21
-4.0790505118110234
0
LINE
8
BLACK
6
CONTINUOUS
10
6.6050313385826769
20
-4.0790505118110234
11
6.6031565748031493
21
-4.0828000393700785
0
LINE
8
BLACK
6
CONTINUOUS
10
6.6031565748031493
20
-4.0828000393700785
11
6.6026306299212596
21
-4.0835090944881891
0
LINE
8
BLACK
6
CONTINUOUS
10
6.6026306299212596
20
-4.0835090944881891
11
6.6026034645669291
21
-4.0835674409448819
0
LINE
8
BLACK
6
CONTINUOUS
10
6.6026034645669291
20
-4.0835674409448819
11
6.6007287401574803
21
-4.0854422047244094
0
LINE
8
BLACK
6
CONTINUOUS
10
6.6007287401574803
20
-4.0854422047244094
11
6.600005551181102
21
-4.0859485826771653
0
LINE
8
BLACK
6
CONTINUOUS
10
6.600005551181102
20
-4.0859485826771653
11
6.5999612992125982
21
-4.0859953543307084
0
LINE
8
BLACK
6
CONTINUOUS
10
6.5999612992125982
20
-4.0859953543307084
11
6.5962117716535431
21
-4.0878701181102359
0
LINE
8
BLACK
6
CONTINUOUS
10
6.5962117716535431
20
-4.0878701181102359
11
6.5952288188976373
21
-4.0881624803149608
0
LINE
8
BLACK
6
CONTINUOUS
10
6.5952288188976373
20
-4.0881624803149608
11
6.5950571259842521
21
-4.0881214566929129
0
LINE
8
BLACK
6
CONTINUOUS
10
6.5950571259842521
20
-4.0881214566929129
11
6.5948912598425196
21
-4.0881818503937009
0
LINE
8
BLACK
6
CONTINUOUS
10
6.5948912598425196
20
-4.0881818503937009
11
6.5855174409448818
21
-4.0881818503937009
0
LINE
8
BLACK
6
CONTINUOUS
10
6.5855174409448818
20
-4.0881818503937009
11
6.5846480314960631
21
-4.0880285433070869
0
LINE
8
BLACK
6
CONTINUOUS
10
6.5846480314960631
20
-4.0880285433070869
11
6.584583661417323
21
-4.0880303149606299
0
LINE
8
BLACK
6
CONTINUOUS
10
6.584583661417323
20
-4.0880303149606299
11
6.5789594094488191
21
-4.0861555511811023
0
LINE
8
BLACK
6
CONTINUOUS
10
6.5789594094488191
20
-4.0861555511811023
11
6.5780576377952755
21
-4.0856672440944877
0
LINE
8
BLACK
6
CONTINUOUS
10
6.5780576377952755
20
-4.0856672440944877
11
6.5770003543307087
21
-4.0839462992125988
0
LINE
8
BLACK
6
CONTINUOUS
10
6.5770003543307087
20
-4.0839462992125988
11
6.5772966141732283
21
-4.0819483070866145
0
LINE
8
BLACK
6
CONTINUOUS
10
6.5772966141732283
20
-4.0819483070866145
11
6.5788078346456693
21
-4.080608267716535
0
LINE
8
BLACK
6
CONTINUOUS
10
6.5788078346456693
20
-4.080608267716535
11
6.5808268897637792
21
-4.0805531102362202
0
LINE
8
BLACK
6
CONTINUOUS
10
6.5808268897637792
20
-4.0805531102362202
11
6.5859965748031497
21
-4.0822763385826768
0
LINE
8
BLACK
6
CONTINUOUS
10
6.5859965748031497
20
-4.0822763385826768
11
6.594194212598425
21
-4.0822763385826768
0
LINE
8
BLACK
6
CONTINUOUS
10
6.594194212598425
20
-4.0822763385826768
11
6.5968916535433069
21
-4.0809275984251965
0
LINE
8
BLACK
6
CONTINUOUS
10
6.5968916535433069
20
-4.0809275984251965
11
6.5980887795275587
21
-4.0797304330708659
0
LINE
8
BLACK
6
CONTINUOUS
10
6.5980887795275587
20
-4.0797304330708659
11
6.5994375590551178
21
-4.0770329527559053
0
LINE
8
BLACK
6
CONTINUOUS
10
6.5994375590551178
20
-4.0770329527559053
11
6.5994375590551178
21
-4.0746775196850393
0
LINE
8
BLACK
6
CONTINUOUS
10
6.5994375590551178
20
-4.0746775196850393
11
6.5980888188976374
21
-4.0719800393700787
0
LINE
8
BLACK
6
CONTINUOUS
10
6.5980888188976374
20
-4.0719800393700787
11
6.5968916929133856
21
-4.0707829133858269
0
LINE
8
BLACK
6
CONTINUOUS
10
6.5968916929133856
20
-4.0707829133858269
11
6.5938607086614169
21
-4.0692674015748027
0
LINE
8
BLACK
6
CONTINUOUS
10
6.5938607086614169
20
-4.0692674015748027
11
6.5866760629921259
21
-4.0674712598425193
0
LINE
8
BLACK
6
CONTINUOUS
10
6.5866760629921259
20
-4.0674712598425193
11
6.5862105905511807
21
-4.0672636614173223
0
LINE
8
BLACK
6
CONTINUOUS
10
6.5862105905511807
20
-4.0672636614173223
11
6.5860716929133858
21
-4.0672476771653541
0
LINE
8
BLACK
6
CONTINUOUS
10
6.5860716929133858
20
-4.0672476771653541
11
6.5823221653543307
21
-4.0653729133858265
0
LINE
8
BLACK
6
CONTINUOUS
10
6.5823221653543307
20
-4.0653729133858265
11
6.5816130708661413
21
-4.0648470078740155
0
LINE
8
BLACK
6
CONTINUOUS
10
6.5816130708661413
20
-4.0648470078740155
11
6.5815547637795273
21
-4.0648198031496063
0
LINE
8
BLACK
6
CONTINUOUS
10
6.5815547637795273
20
-4.0648198031496063
11
6.5796799999999998
21
-4.0629450393700788
0
LINE
8
BLACK
6
CONTINUOUS
10
6.5796799999999998
20
-4.0629450393700788
11
6.5791737007874014
21
-4.0622219291338579
0
LINE
8
BLACK
6
CONTINUOUS
10
6.5791737007874014
20
-4.0622219291338579
11
6.5791268897637796
21
-4.0621776377952754
0
LINE
8
BLACK
6
CONTINUOUS
10
6.5791268897637796
20
-4.0621776377952754
11
6.577252125984252
21
-4.0584281102362203
0
LINE
8
BLACK
6
CONTINUOUS
10
6.577252125984252
20
-4.0584281102362203
11
6.5769597637795272
21
-4.0574451574803145
0
LINE
8
BLACK
6
CONTINUOUS
10
6.5769597637795272
20
-4.0574451574803145
11
6.5770007480314963
21
-4.0572734645669293
0
LINE
8
BLACK
6
CONTINUOUS
10
6.5770007480314963
20
-4.0572734645669293
11
6.5769403937007871
21
-4.0571075984251967
0
LINE
8
BLACK
6
CONTINUOUS
10
6.5769403937007871
20
-4.0571075984251967
11
6.5769403937007871
21
-4.0533580708661416
0
LINE
8
BLACK
6
CONTINUOUS
10
6.5769403937007871
20
-4.0533580708661416
11
6.5771184645669294
21
-4.0523481496062992
0
LINE
8
BLACK
6
CONTINUOUS
10
6.5771184645669294
20
-4.0523481496062992
11
6.5772319291338581
21
-4.0522128740157477
0
LINE
8
BLACK
6
CONTINUOUS
10
6.5772319291338581
20
-4.0522128740157477
11
6.577252125984252
21
-4.0520375590551181
0
LINE
8
BLACK
6
CONTINUOUS
10
6.577252125984252
20
-4.0520375590551181
11
6.5791268897637796
21
-4.048288031496063
0
LINE
8
BLACK
6
CONTINUOUS
10
6.5791268897637796
20
-4.048288031496063
11
6.5796527952755905
21
-4.0475789370078736
0
LINE
8
BLACK
6
CONTINUOUS
10
6.5796527952755905
20
-4.0475789370078736
11
6.5796799999999998
21
-4.0475206299212596
0
LINE
8
BLACK
6
CONTINUOUS
10
6.5796799999999998
20
-4.0475206299212596
11
6.5815547637795273
21
-4.045645866141732
0
LINE
8
BLACK
6
CONTINUOUS
10
6.5815547637795273
20
-4.045645866141732
11
6.5822778346456694
21
-4.0451395669291337
0
LINE
8
BLACK
6
CONTINUOUS
10
6.5822778346456694
20
-4.0451395669291337
11
6.5823221653543307
21
-4.0450927559055119
0
LINE
8
BLACK
6
CONTINUOUS
10
6.5823221653543307
20
-4.0450927559055119
11
6.5860716929133858
21
-4.0432179921259843
0
LINE
8
BLACK
6
CONTINUOUS
10
6.5860716929133858
20
-4.0432179921259843
11
6.5870546062992128
21
-4.0429256299212595
0
LINE
8
BLACK
6
CONTINUOUS
10
6.5870546062992128
20
-4.0429256299212595
11
6.5872262992125981
21
-4.0429666141732286
0
LINE
8
BLACK
6
CONTINUOUS
10
6.5872262992125981
20
-4.0429666141732286
11
6.5873922047244093
21
-4.0429062598425194
0
LINE
8
BLACK
6
CONTINUOUS
10
6.5873922047244093
20
-4.0429062598425194
11
6.5967660236220471
21
-4.0429062598425194
0
LINE
8
BLACK
6
CONTINUOUS
10
6.5967660236220471
20
-4.0429062598425194
11
6.597635393700787
21
-4.0430595275590546
0
LINE
8
BLACK
6
CONTINUOUS
10
5.5722386614173223
20
-4.0431254724409449
11
5.5731626377952752
21
-4.0432624803149606
0
LINE
8
BLACK
6
CONTINUOUS
10
5.5731626377952752
20
-4.0432624803149606
11
5.57321905511811
21
-4.0433261023622045
0
LINE
8
BLACK
6
CONTINUOUS
10
5.57321905511811
20
-4.0433261023622045
11
5.5733023228346452
21
-4.043343149606299
0
LINE
8
BLACK
6
CONTINUOUS
10
5.5733023228346452
20
-4.043343149606299
11
5.5738829527559055
21
-4.0440748031496065
0
LINE
8
BLACK
6
CONTINUOUS
10
5.5738829527559055
20
-4.0440748031496065
11
5.5745027165354326
21
-4.0447737401574804
0
LINE
8
BLACK
6
CONTINUOUS
10
5.5745027165354326
20
-4.0447737401574804
11
5.5745050000000003
21
-4.0448586614173223
0
LINE
8
BLACK
6
CONTINUOUS
10
5.5745050000000003
20
-4.0448586614173223
11
5.5745578740157482
21
-4.0449252755905514
0
LINE
8
BLACK
6
CONTINUOUS
10
5.5745578740157482
20
-4.0449252755905514
11
5.5876812204724411
21
-4.0842953543307088
0
LINE
8
BLACK
6
CONTINUOUS
10
5.5876812204724411
20
-4.0842953543307088
11
5.587831653543307
21
-4.0853097244094485
0
LINE
8
BLACK
6
CONTINUOUS
10
5.587831653543307
20
-4.0853097244094485
11
5.5870892519685036
21
-4.0871881496062992
0
LINE
8
BLACK
6
CONTINUOUS
10
5.5870892519685036
20
-4.0871881496062992
11
5.5853131102362203
21
-4.0881499212598422
0
LINE
8
BLACK
6
CONTINUOUS
10
5.5853131102362203
20
-4.0881499212598422
11
5.5833343307086611
21
-4.0877449606299212
0
LINE
8
BLACK
6
CONTINUOUS
10
5.5833343307086611
20
-4.0877449606299212
11
5.582078779527559
21
-4.0861628346456689
0
LINE
8
BLACK
6
CONTINUOUS
10
5.582078779527559
20
-4.0861628346456689
11
5.5790022440944878
21
-4.0769332283464568
0
LINE
8
BLACK
6
CONTINUOUS
10
5.5790022440944878
20
-4.0769332283464568
11
5.5645110629921257
21
-4.0769332283464568
0
LINE
8
BLACK
6
CONTINUOUS
10
5.5645110629921257
20
-4.0769332283464568
11
5.5614345275590553
21
-4.0861628346456689
0
LINE
8
BLACK
6
CONTINUOUS
10
5.5614345275590553
20
-4.0861628346456689
11
5.5609462204724407
21
-4.0870646062992124
0
LINE
8
BLACK
6
CONTINUOUS
10
5.5609462204724407
20
-4.0870646062992124
11
5.5592252755905509
21
-4.0881218897637792
0
LINE
8
BLACK
6
CONTINUOUS
10
5.5592252755905509
20
-4.0881218897637792
11
5.5572272834645666
21
-4.0878256299212596
0
LINE
8
BLACK
6
CONTINUOUS
10
5.5572272834645666
20
-4.0878256299212596
11
5.555887244094488
21
-4.0863144094488186
0
LINE
8
BLACK
6
CONTINUOUS
10
5.555887244094488
20
-4.0863144094488186
11
5.5558320866141733
21
-4.0842953543307088
0
LINE
8
BLACK
6
CONTINUOUS
10
5.5558320866141733
20
-4.0842953543307088
11
5.5689554330708662
21
-4.0449252755905514
0
LINE
8
BLACK
6
CONTINUOUS
10
5.5689554330708662
20
-4.0449252755905514
11
5.5694437007874011
21
-4.0440235039370078
0
LINE
8
BLACK
6
CONTINUOUS
10
5.5694437007874011
20
-4.0440235039370078
11
5.5695161417322829
21
-4.0439789763779528
0
LINE
8
BLACK
6
CONTINUOUS
10
5.5695161417322829
20
-4.0439789763779528
11
5.5695474015748028
21
-4.0438999606299211
0
LINE
8
BLACK
6
CONTINUOUS
10
5.5695474015748028
20
-4.0438999606299211
11
5.5703687007874017
21
-4.0434551968503936
0
LINE
8
BLACK
6
CONTINUOUS
10
5.5703687007874017
20
-4.0434551968503936
11
5.5711646850393697
21
-4.042966220472441
0
LINE
8
BLACK
6
CONTINUOUS
10
5.5711646850393697
20
-4.042966220472441
11
5.57124874015748
21
-4.0429786614173224
0
LINE
8
BLACK
6
CONTINUOUS
10
5.57124874015748
20
-4.0429786614173224
11
5.5713235433070869
21
-4.042938188976378
0
LINE
8
BLACK
6
CONTINUOUS
10
5.5713235433070869
20
-4.042938188976378
11
5.5722386614173223
21
-4.0431254724409449
0
LINE
8
BLACK
6
CONTINUOUS
10
5.566479566929134
20
-4.0710277165354327
11
5.5770337401574803
21
-4.0710277165354327
0
LINE
8
BLACK
6
CONTINUOUS
10
5.5770337401574803
20
-4.0710277165354327
11
5.5717566535433072
21
-4.0551964173228345
0
LINE
8
BLACK
6
CONTINUOUS
10
5.5717566535433072
20
-4.0551964173228345
11
5.566479566929134
21
-4.0710277165354327
0
LINE
8
BLACK
6
CONTINUOUS
10
6.6722386614173228
20
-4.0431254724409449
11
6.6731626377952757
21
-4.0432624803149606
0
LINE
8
BLACK
6
CONTINUOUS
10
6.6731626377952757
20
-4.0432624803149606
11
6.6732190551181096
21
-4.0433261023622045
0
LINE
8
BLACK
6
CONTINUOUS
10
6.6732190551181096
20
-4.0433261023622045
11
6.6733023228346458
21
-4.043343149606299
0
LINE
8
BLACK
6
CONTINUOUS
10
6.6733023228346458
20
-4.043343149606299
11
6.6738829527559052
21
-4.0440748031496065
0
LINE
8
BLACK
6
CONTINUOUS
10
6.6738829527559052
20
-4.0440748031496065
11
6.6745027165354331
21
-4.0447737401574804
0
LINE
8
BLACK
6
CONTINUOUS
10
6.6745027165354331
20
-4.0447737401574804
11
6.6745049999999999
21
-4.0448586614173223
0
LINE
8
BLACK
6
CONTINUOUS
10
6.6745049999999999
20
-4.0448586614173223
11
6.6745578740157478
21
-4.0449252755905514
0
LINE
8
BLACK
6
CONTINUOUS
10
6.6745578740157478
20
-4.0449252755905514
11
6.6876812204724407
21
-4.0842953543307088
0
LINE
8
BLACK
6
CONTINUOUS
10
6.6876812204724407
20
-4.0842953543307088
11
6.6878316535433067
21
-4.0853097244094485
0
LINE
8
BLACK
6
CONTINUOUS
10
6.6878316535433067
20
-4.0853097244094485
11
6.6870892519685041
21
-4.0871881496062992
0
LINE
8
BLACK
6
CONTINUOUS
10
6.6870892519685041
20
-4.0871881496062992
11
6.68531311023622
21
-4.0881499212598422
0
LINE
8
BLACK
6
CONTINUOUS
10
6.68531311023622
20
-4.0881499212598422
11
6.6833343307086617
21
-4.0877449606299212
0
LINE
8
BLACK
6
CONTINUOUS
10
6.6833343307086617
20
-4.0877449606299212
11
6.6820787795275587
21
-4.0861628346456689
0
LINE
8
BLACK
6
CONTINUOUS
10
6.6820787795275587
20
-4.0861628346456689
11
6.6790022440944883
21
-4.0769332283464568
0
LINE
8
BLACK
6
CONTINUOUS
10
6.6790022440944883
20
-4.0769332283464568
11
6.6645110629921263
21
-4.0769332283464568
0
LINE
8
BLACK
6
CONTINUOUS
10
6.6645110629921263
20
-4.0769332283464568
11
6.661434527559055
21
-4.0861628346456689
0
LINE
8
BLACK
6
CONTINUOUS
10
6.661434527559055
20
-4.0861628346456689
11
6.6609462204724412
21
-4.0870646062992124
0
LINE
8
BLACK
6
CONTINUOUS
10
6.6609462204724412
20
-4.0870646062992124
11
6.6592252755905514
21
-4.0881218897637792
0
LINE
8
BLACK
6
CONTINUOUS
10
6.6592252755905514
20
-4.0881218897637792
11
6.6572272834645672
21
-4.0878256299212596
0
LINE
8
BLACK
6
CONTINUOUS
10
6.6572272834645672
20
-4.0878256299212596
11
6.6558872440944876
21
-4.0863144094488186
0
LINE
8
BLACK
6
CONTINUOUS
10
6.6558872440944876
20
-4.0863144094488186
11
6.6558320866141729
21
-4.0842953543307088
0
LINE
8
BLACK
6
CONTINUOUS
10
6.6558320866141729
20
-4.0842953543307088
11
6.6689554330708658
21
-4.0449252755905514
0
LINE
8
BLACK
6
CONTINUOUS
10
6.6689554330708658
20
-4.0449252755905514
11
6.6694437007874017
21
-4.0440235039370078
0
LINE
8
BLACK
6
CONTINUOUS
10
6.6694437007874017
20
-4.0440235039370078
11
6.6695161417322835
21
-4.0439789763779528
0
LINE
8
BLACK
6
CONTINUOUS
10
6.6695161417322835
20
-4.0439789763779528
11
6.6695474015748033
21
-4.0438999606299211
0
LINE
8
BLACK
6
CONTINUOUS
10
6.6695474015748033
20
-4.0438999606299211
11
6.6703687007874013
21
-4.0434551968503936
0
LINE
8
BLACK
6
CONTINUOUS
10
6.6703687007874013
20
-4.0434551968503936
11
6.6711646850393702
21
-4.042966220472441
0
LINE
8
BLACK
6
CONTINUOUS
10
6.6711646850393702
20
-4.042966220472441
11
6.6712487401574805
21
-4.0429786614173224
0
LINE
8
BLACK
6
CONTINUOUS
10
6.6712487401574805
20
-4.0429786614173224
11
6.6713235433070865
21
-4.042938188976378
0
LINE
8
BLACK
6
CONTINUOUS
10
6.6713235433070865
20
-4.042938188976378
11
6.6722386614173228
21
-4.0431254724409449
0
LINE
8
BLACK
6
CONTINUOUS
10
6.6664795669291337
20
-4.0710277165354327
11
6.67703374015748
21
-4.0710277165354327
0
LINE
8
BLACK
6
CONTINUOUS
10
6.67703374015748
20
-4.0710277165354327
11
6.6717566535433068
21
-4.0551964173228345
0
LINE
8
BLACK
6
CONTINUOUS
10
6.6717566535433068
20
-4.0551964173228345
11
6.6664795669291337
21
-4.0710277165354327
0
LINE
8
BLACK
6
CONTINUOUS
10
5.5456343307086611
20
-4.043019566929134
11
5.5460226771653538
21
-4.0429511023622045
0
LINE
8
BLACK
6
CONTINUOUS
10
5.5460226771653538
20
-4.0429511023622045
11
5.546581220472441
21
-4.0432735826771653
0
LINE
8
BLACK
6
CONTINUOUS
10
5.546581220472441
20
-4.0432735826771653
11
5.5472042913385824
21
-4.0434407480314958
0
LINE
8
BLACK
6
CONTINUOUS
10
5.5472042913385824
20
-4.0434407480314958
11
5.5474303937007869
21
-4.0437638582677167
0
LINE
8
BLACK
6
CONTINUOUS
10
5.5474303937007869
20
-4.0437638582677167
11
5.5477718503937004
21
-4.0439610236220469
0
LINE
8
BLACK
6
CONTINUOUS
10
5.5477718503937004
20
-4.0439610236220469
11
5.5479924409448822
21
-4.0445670866141734
0
LINE
8
BLACK
6
CONTINUOUS
10
5.5479924409448822
20
-4.0445670866141734
11
5.5483622834645665
21
-4.0450956299212599
0
LINE
8
BLACK
6
CONTINUOUS
10
5.5483622834645665
20
-4.0450956299212599
11
5.5483277952755907
21
-4.0454884251968499
0
LINE
8
BLACK
6
CONTINUOUS
10
5.5483277952755907
20
-4.0454884251968499
11
5.5484626771653538
21
-4.0458590157480314
0
LINE
8
BLACK
6
CONTINUOUS
10
5.5484626771653538
20
-4.0458590157480314
11
5.5484626771653538
21
-4.0852290944881888
0
LINE
8
BLACK
6
CONTINUOUS
10
5.5484626771653538
20
-4.0852290944881888
11
5.5482846062992124
21
-4.0862390157480313
0
LINE
8
BLACK
6
CONTINUOUS
10
5.5482846062992124
20
-4.0862390157480313
11
5.5469862992125982
21
-4.0877862598425194
0
LINE
8
BLACK
6
CONTINUOUS
10
5.5469862992125982
20
-4.0877862598425194
11
5.5449971653543306
21
-4.0881370078740158
0
LINE
8
BLACK
6
CONTINUOUS
10
5.5449971653543306
20
-4.0881370078740158
11
5.5432479921259841
21
-4.0871270866141733
0
LINE
8
BLACK
6
CONTINUOUS
10
5.5432479921259841
20
-4.0871270866141733
11
5.5425571653543306
21
-4.0852290944881888
0
LINE
8
BLACK
6
CONTINUOUS
10
5.5425571653543306
20
-4.0852290944881888
11
5.5425571653543306
21
-4.0591687401574799
0
LINE
8
BLACK
6
CONTINUOUS
10
5.5425571653543306
20
-4.0591687401574799
11
5.5350623228346452
21
-4.0752291338582678
0
LINE
8
BLACK
6
CONTINUOUS
10
5.5350623228346452
20
-4.0752291338582678
11
5.5348396456692912
21
-4.0755468897637792
0
LINE
8
BLACK
6
CONTINUOUS
10
5.5348396456692912
20
-4.0755468897637792
11
5.5348058267716533
21
-4.0756733858267715
0
LINE
8
BLACK
6
CONTINUOUS
10
5.5348058267716533
20
-4.0756733858267715
11
5.534698228346457
21
-4.0757487401574801
0
LINE
8
BLACK
6
CONTINUOUS
10
5.534698228346457
20
-4.0757487401574801
11
5.5344738582677167
21
-4.0760690157480317
0
LINE
8
BLACK
6
CONTINUOUS
10
5.5344738582677167
20
-4.0760690157480317
11
5.5337792913385826
21
-4.0763925984251967
0
LINE
8
BLACK
6
CONTINUOUS
10
5.5337792913385826
20
-4.0763925984251967
11
5.5331516535433067
21
-4.076832440944882
0
LINE
8
BLACK
6
CONTINUOUS
10
5.5331516535433067
20
-4.076832440944882
11
5.5328853149606294
21
-4.0768091732283462
0
LINE
8
BLACK
6
CONTINUOUS
10
5.5328853149606294
20
-4.0768091732283462
11
5.5326430708661416
21
-4.0769220866141733
0
LINE
8
BLACK
6
CONTINUOUS
10
5.5326430708661416
20
-4.0769220866141733
11
5.5319028346456696
21
-4.076723503937008
0
LINE
8
BLACK
6
CONTINUOUS
10
5.5319028346456696
20
-4.076723503937008
11
5.5311394881889759
21
-4.0766569291338586
0
LINE
8
BLACK
6
CONTINUOUS
10
5.5311394881889759
20
-4.0766569291338586
11
5.5309504330708661
21
-4.0764679921259841
0
LINE
8
BLACK
6
CONTINUOUS
10
5.5309504330708661
20
-4.0764679921259841
11
5.5306922047244091
21
-4.0763987401574804
0
LINE
8
BLACK
6
CONTINUOUS
10
5.5306922047244091
20
-4.0763987401574804
11
5.5302527952755902
21
-4.0757708267716533
0
LINE
8
BLACK
6
CONTINUOUS
10
5.5302527952755902
20
-4.0757708267716533
11
5.5297108267716535
21
-4.0752291732283465
0
LINE
8
BLACK
6
CONTINUOUS
10
5.5297108267716535
20
-4.0752291732283465
11
5.522215984251968
21
-4.0591687401574799
0
LINE
8
BLACK
6
CONTINUOUS
10
5.522215984251968
20
-4.0591687401574799
11
5.522215984251968
21
-4.0852290944881888
0
LINE
8
BLACK
6
CONTINUOUS
10
5.522215984251968
20
-4.0852290944881888
11
5.5220379133858266
21
-4.0862390157480313
0
LINE
8
BLACK
6
CONTINUOUS
10
5.5220379133858266
20
-4.0862390157480313
11
5.5207396062992125
21
-4.0877862598425194
0
LINE
8
BLACK
6
CONTINUOUS
10
5.5207396062992125
20
-4.0877862598425194
11
5.5187504724409449
21
-4.0881370078740158
0
LINE
8
BLACK
6
CONTINUOUS
10
5.5187504724409449
20
-4.0881370078740158
11
5.5170012992125983
21
-4.0871270866141733
0
LINE
8
BLACK
6
CONTINUOUS
10
5.5170012992125983
20
-4.0871270866141733
11
5.5163104724409449
21
-4.0852290944881888
0
LINE
8
BLACK
6
CONTINUOUS
10
5.5163104724409449
20
-4.0852290944881888
11
5.5163104724409449
21
-4.0458590157480314
0
LINE
8
BLACK
6
CONTINUOUS
10
5.5163104724409449
20
-4.0458590157480314
11
5.5164885433070863
21
-4.044849094488189
0
LINE
8
BLACK
6
CONTINUOUS
10
5.5164885433070863
20
-4.044849094488189
11
5.5167420078740159
21
-4.044546968503937
0
LINE
8
BLACK
6
CONTINUOUS
10
5.5167420078740159
20
-4.044546968503937
11
5.5168439763779524
21
-4.0441661023622046
0
LINE
8
BLACK
6
CONTINUOUS
10
5.5168439763779524
20
-4.0441661023622046
11
5.5173722047244089
21
-4.0437959448818894
0
LINE
8
BLACK
6
CONTINUOUS
10
5.5173722047244089
20
-4.0437959448818894
11
5.5177868503937004
21
-4.0433018503937008
0
LINE
8
BLACK
6
CONTINUOUS
10
5.5177868503937004
20
-4.0433018503937008
11
5.5181751574803144
21
-4.0432333464566925
0
LINE
8
BLACK
6
CONTINUOUS
10
5.5181751574803144
20
-4.0432333464566925
11
5.518498149606299
21
-4.043007086614173
0
LINE
8
BLACK
6
CONTINUOUS
10
5.518498149606299
20
-4.043007086614173
11
5.5191407086614168
21
-4.0430631102362202
0
LINE
8
BLACK
6
CONTINUOUS
10
5.5191407086614168
20
-4.0430631102362202
11
5.519775984251968
21
-4.0429511023622045
0
LINE
8
BLACK
6
CONTINUOUS
10
5.519775984251968
20
-4.0429511023622045
11
5.5201175196850389
21
-4.0431482677165356
0
LINE
8
BLACK
6
CONTINUOUS
10
5.5201175196850389
20
-4.0431482677165356
11
5.5205103149606298
21
-4.0431825590551176
0
LINE
8
BLACK
6
CONTINUOUS
10
5.5205103149606298
20
-4.0431825590551176
11
5.5209664960629921
21
-4.0436384645669294
0
LINE
8
BLACK
6
CONTINUOUS
10
5.5209664960629921
20
-4.0436384645669294
11
5.5215251574803146
21
-4.0439610236220469
0
LINE
8
BLACK
6
CONTINUOUS
10
5.5215251574803146
20
-4.0439610236220469
11
5.5216599999999998
21
-4.0443315748031496
0
LINE
8
BLACK
6
CONTINUOUS
10
5.5216599999999998
20
-4.0443315748031496
11
5.5219389763779523
21
-4.0446103543307084
0
LINE
8
BLACK
6
CONTINUOUS
10
5.5219389763779523
20
-4.0446103543307084
11
5.532386535433071
21
-4.0669980314960625
0
LINE
8
BLACK
6
CONTINUOUS
10
5.532386535433071
20
-4.0669980314960625
11
5.5428341732283464
21
-4.0446103149606296
0
LINE
8
BLACK
6
CONTINUOUS
10
5.5428341732283464
20
-4.0446103149606296
11
5.5434226377952758
21
-4.0437704724409445
0
LINE
8
BLACK
6
CONTINUOUS
10
5.5434226377952758
20
-4.0437704724409445
11
5.5437800393700787
21
-4.0436038976377953
0
LINE
8
BLACK
6
CONTINUOUS
10
5.5437800393700787
20
-4.0436038976377953
11
5.5440335433070862
21
-4.0433018503937008
0
LINE
8
BLACK
6
CONTINUOUS
10
5.5440335433070862
20
-4.0433018503937008
11
5.5446687401574799
21
-4.0431898031496063
0
LINE
8
BLACK
6
CONTINUOUS
10
5.5446687401574799
20
-4.0431898031496063
11
5.5452534645669287
21
-4.0429174015748028
0
LINE
8
BLACK
6
CONTINUOUS
10
5.5452534645669287
20
-4.0429174015748028
11
5.5456343307086611
21
-4.043019566929134
0
LINE
8
BLACK
6
CONTINUOUS
10
6.6456343307086616
20
-4.043019566929134
11
6.6460226771653543
21
-4.0429511023622045
0
LINE
8
BLACK
6
CONTINUOUS
10
6.6460226771653543
20
-4.0429511023622045
11
6.6465812204724406
21
-4.0432735826771653
0
LINE
8
BLACK
6
CONTINUOUS
10
6.6465812204724406
20
-4.0432735826771653
11
6.6472042913385829
21
-4.0434407480314958
0
LINE
8
BLACK
6
CONTINUOUS
10
6.6472042913385829
20
-4.0434407480314958
11
6.6474303937007875
21
-4.0437638582677167
0
LINE
8
BLACK
6
CONTINUOUS
10
6.6474303937007875
20
-4.0437638582677167
11
6.6477718503937009
21
-4.0439610236220469
0
LINE
8
BLACK
6
CONTINUOUS
10
6.6477718503937009
20
-4.0439610236220469
11
6.6479924409448818
21
-4.0445670866141734
0
LINE
8
BLACK
6
CONTINUOUS
10
6.6479924409448818
20
-4.0445670866141734
11
6.648362283464567
21
-4.0450956299212599
0
LINE
8
BLACK
6
CONTINUOUS
10
6.648362283464567
20
-4.0450956299212599
11
6.6483277952755904
21
-4.0454884251968499
0
LINE
8
BLACK
6
CONTINUOUS
10
6.6483277952755904
20
-4.0454884251968499
11
6.6484626771653543
21
-4.0458590157480314
0
LINE
8
BLACK
6
CONTINUOUS
10
6.6484626771653543
20
-4.0458590157480314
11
6.6484626771653543
21
-4.0852290944881888
0
LINE
8
BLACK
6
CONTINUOUS
10
6.6484626771653543
20
-4.0852290944881888
11
6.648284606299212
21
-4.0862390157480313
0
LINE
8
BLACK
6
CONTINUOUS
10
6.648284606299212
20
-4.0862390157480313
11
6.6469862992125979
21
-4.0877862598425194
0
LINE
8
BLACK
6
CONTINUOUS
10
6.6469862992125979
20
-4.0877862598425194
11
6.6449971653543303
21
-4.0881370078740158
0
LINE
8
BLACK
6
CONTINUOUS
10
6.6449971653543303
20
-4.0881370078740158
11
6.6432479921259837
21
-4.0871270866141733
0
LINE
8
BLACK
6
CONTINUOUS
10
6.6432479921259837
20
-4.0871270866141733
11
6.6425571653543303
21
-4.0852290944881888
0
LINE
8
BLACK
6
CONTINUOUS
10
6.6425571653543303
20
-4.0852290944881888
11
6.6425571653543303
21
-4.0591687401574799
0
LINE
8
BLACK
6
CONTINUOUS
10
6.6425571653543303
20
-4.0591687401574799
11
6.6350623228346457
21
-4.0752291338582678
0
LINE
8
BLACK
6
CONTINUOUS
10
6.6350623228346457
20
-4.0752291338582678
11
6.6348396456692909
21
-4.0755468897637792
0
LINE
8
BLACK
6
CONTINUOUS
10
6.6348396456692909
20
-4.0755468897637792
11
6.634805826771653
21
-4.0756733858267715
0
LINE
8
BLACK
6
CONTINUOUS
10
6.634805826771653
20
-4.0756733858267715
11
6.6346982283464566
21
-4.0757487401574801
0
LINE
8
BLACK
6
CONTINUOUS
10
6.6346982283464566
20
-4.0757487401574801
11
6.6344738582677163
21
-4.0760690157480317
0
LINE
8
BLACK
6
CONTINUOUS
10
6.6344738582677163
20
-4.0760690157480317
11
6.6337792913385822
21
-4.0763925984251967
0
LINE
8
BLACK
6
CONTINUOUS
10
6.6337792913385822
20
-4.0763925984251967
11
6.6331516535433073
21
-4.076832440944882
0
LINE
8
BLACK
6
CONTINUOUS
10
6.6331516535433073
20
-4.076832440944882
11
6.6328853149606299
21
-4.0768091732283462
0
LINE
8
BLACK
6
CONTINUOUS
10
6.6328853149606299
20
-4.0768091732283462
11
6.6326430708661412
21
-4.0769220866141733
0
LINE
8
BLACK
6
CONTINUOUS
10
6.6326430708661412
20
-4.0769220866141733
11
6.6319028346456692
21
-4.076723503937008
0
LINE
8
BLACK
6
CONTINUOUS
10
6.6319028346456692
20
-4.076723503937008
11
6.6311394881889765
21
-4.0766569291338586
0
LINE
8
BLACK
6
CONTINUOUS
10
6.6311394881889765
20
-4.0766569291338586
11
6.6309504330708657
21
-4.0764679921259841
0
LINE
8
BLACK
6
CONTINUOUS
10
6.6309504330708657
20
-4.0764679921259841
11
6.6306922047244097
21
-4.0763987401574804
0
LINE
8
BLACK
6
CONTINUOUS
10
6.6306922047244097
20
-4.0763987401574804
11
6.6302527952755907
21
-4.0757708267716533
0
LINE
8
BLACK
6
CONTINUOUS
10
6.6302527952755907
20
-4.0757708267716533
11
6.6297108267716531
21
-4.0752291732283465
0
LINE
8
BLACK
6
CONTINUOUS
10
6.6297108267716531
20
-4.0752291732283465
11
6.6222159842519686
21
-4.0591687401574799
0
LINE
8
BLACK
6
CONTINUOUS
10
6.6222159842519686
20
-4.0591687401574799
11
6.6222159842519686
21
-4.0852290944881888
0
LINE
8
BLACK
6
CONTINUOUS
10
6.6222159842519686
20
-4.0852290944881888
11
6.6220379133858263
21
-4.0862390157480313
0
LINE
8
BLACK
6
CONTINUOUS
10
6.6220379133858263
20
-4.0862390157480313
11
6.6207396062992121
21
-4.0877862598425194
0
LINE
8
BLACK
6
CONTINUOUS
10
6.6207396062992121
20
-4.0877862598425194
11
6.6187504724409445
21
-4.0881370078740158
0
LINE
8
BLACK
6
CONTINUOUS
10
6.6187504724409445
20
-4.0881370078740158
11
6.6170012992125979
21
-4.0871270866141733
0
LINE
8
BLACK
6
CONTINUOUS
10
6.6170012992125979
20
-4.0871270866141733
11
6.6163104724409445
21
-4.0852290944881888
0
LINE
8
BLACK
6
CONTINUOUS
10
6.6163104724409445
20
-4.0852290944881888
11
6.6163104724409445
21
-4.0458590157480314
0
LINE
8
BLACK
6
CONTINUOUS
10
6.6163104724409445
20
-4.0458590157480314
11
6.6164885433070868
21
-4.044849094488189
0
LINE
8
BLACK
6
CONTINUOUS
10
6.6164885433070868
20
-4.044849094488189
11
6.6167420078740156
21
-4.044546968503937
0
LINE
8
BLACK
6
CONTINUOUS
10
6.6167420078740156
20
-4.044546968503937
11
6.616843976377953
21
-4.0441661023622046
0
LINE
8
BLACK
6
CONTINUOUS
10
6.616843976377953
20
-4.0441661023622046
11
6.6173722047244095
21
-4.0437959448818894
0
LINE
8
BLACK
6
CONTINUOUS
10
6.6173722047244095
20
-4.0437959448818894
11
6.617786850393701
21
-4.0433018503937008
0
LINE
8
BLACK
6
CONTINUOUS
10
6.617786850393701
20
-4.0433018503937008
11
6.6181751574803149
21
-4.0432333464566925
0
LINE
8
BLACK
6
CONTINUOUS
10
6.6181751574803149
20
-4.0432333464566925
11
6.6184981496062987
21
-4.043007086614173
0
LINE
8
BLACK
6
CONTINUOUS
10
6.6184981496062987
20
-4.043007086614173
11
6.6191407086614173
21
-4.0430631102362202
0
LINE
8
BLACK
6
CONTINUOUS
10
6.6191407086614173
20
-4.0430631102362202
11
6.6197759842519686
21
-4.0429511023622045
0
LINE
8
BLACK
6
CONTINUOUS
10
6.6197759842519686
20
-4.0429511023622045
11
6.6201175196850395
21
-4.0431482677165356
0
LINE
8
BLACK
6
CONTINUOUS
10
6.6201175196850395
20
-4.0431482677165356
11
6.6205103149606295
21
-4.0431825590551176
0
LINE
8
BLACK
6
CONTINUOUS
10
6.6205103149606295
20
-4.0431825590551176
11
6.6209664960629917
21
-4.0436384645669294
0
LINE
8
BLACK
6
CONTINUOUS
10
6.6209664960629917
20
-4.0436384645669294
11
6.6215251574803151
21
-4.0439610236220469
0
LINE
8
BLACK
6
CONTINUOUS
10
6.6215251574803151
20
-4.0439610236220469
11
6.6216599999999994
21
-4.0443315748031496
0
LINE
8
BLACK
6
CONTINUOUS
10
6.6216599999999994
20
-4.0443315748031496
11
6.6219389763779528
21
-4.0446103543307084
0
LINE
8
BLACK
6
CONTINUOUS
10
6.6219389763779528
20
-4.0446103543307084
11
6.6323865354330707
21
-4.0669980314960625
0
LINE
8
BLACK
6
CONTINUOUS
10
6.6323865354330707
20
-4.0669980314960625
11
6.642834173228346
21
-4.0446103149606296
0
LINE
8
BLACK
6
CONTINUOUS
10
6.642834173228346
20
-4.0446103149606296
11
6.6434226377952754
21
-4.0437704724409445
0
LINE
8
BLACK
6
CONTINUOUS
10
6.6434226377952754
20
-4.0437704724409445
11
6.6437800393700783
21
-4.0436038976377953
0
LINE
8
BLACK
6
CONTINUOUS
10
6.6437800393700783
20
-4.0436038976377953
11
6.6440335433070867
21
-4.0433018503937008
0
LINE
8
BLACK
6
CONTINUOUS
10
6.6440335433070867
20
-4.0433018503937008
11
6.6446687401574804
21
-4.0431898031496063
0
LINE
8
BLACK
6
CONTINUOUS
10
6.6446687401574804
20
-4.0431898031496063
11
6.6452534645669292
21
-4.0429174015748028
0
LINE
8
BLACK
6
CONTINUOUS
10
6.6452534645669292
20
-4.0429174015748028
11
6.6456343307086616
21
-4.043019566929134
0
LINE
8
BLACK
6
CONTINUOUS
10
5.5196503543307083
20
-3.845142125984252
11
5.5203411811023617
21
-3.8470401181102361
0
LINE
8
BLACK
6
CONTINUOUS
10
5.5203411811023617
20
-3.8470401181102361
11
5.5203411811023617
21
-3.8751615748031494
0
LINE
8
BLACK
6
CONTINUOUS
10
5.5203411811023617
20
-3.8751615748031494
11
5.5201878740157477
21
-3.8760309448818897
0
LINE
8
BLACK
6
CONTINUOUS
10
5.5201878740157477
20
-3.8760309448818897
11
5.5201896456692916
21
-3.8760953543307086
0
LINE
8
BLACK
6
CONTINUOUS
10
5.5201896456692916
20
-3.8760953543307086
11
5.518314881889764
21
-3.8817196062992125
0
LINE
8
BLACK
6
CONTINUOUS
10
5.518314881889764
20
-3.8817196062992125
11
5.5178265748031494
21
-3.8826213779527556
0
LINE
8
BLACK
6
CONTINUOUS
10
5.5178265748031494
20
-3.8826213779527556
11
5.5176761811023622
21
-3.8827137401574801
0
LINE
8
BLACK
6
CONTINUOUS
10
5.5176761811023622
20
-3.8827137401574801
11
5.5176016141732278
21
-3.8828737401574802
0
LINE
8
BLACK
6
CONTINUOUS
10
5.5176016141732278
20
-3.8828737401574802
11
5.5138520472440939
21
-3.8866233464566928
0
LINE
8
BLACK
6
CONTINUOUS
10
5.5138520472440939
20
-3.8866233464566928
11
5.5130120078740159
21
-3.887211535433071
0
LINE
8
BLACK
6
CONTINUOUS
10
5.5130120078740159
20
-3.887211535433071
11
5.5128361417322838
21
-3.8872268897637796
0
LINE
8
BLACK
6
CONTINUOUS
10
5.5128361417322838
20
-3.8872268897637796
11
5.512697874015748
21
-3.8873366535433069
0
LINE
8
BLACK
6
CONTINUOUS
10
5.512697874015748
20
-3.8873366535433069
11
5.5070735826771653
21
-3.8892114173228345
0
LINE
8
BLACK
6
CONTINUOUS
10
5.5070735826771653
20
-3.8892114173228345
11
5.5062003937007873
21
-3.8893408661417324
0
LINE
8
BLACK
6
CONTINUOUS
10
5.5062003937007873
20
-3.8893408661417324
11
5.5061398425196852
21
-3.8893629527559055
0
LINE
8
BLACK
6
CONTINUOUS
10
5.5061398425196852
20
-3.8893629527559055
11
5.5023903149606301
21
-3.8893629527559055
0
LINE
8
BLACK
6
CONTINUOUS
10
5.5023903149606301
20
-3.8893629527559055
11
5.5013803937007877
21
-3.8891848818897636
0
LINE
8
BLACK
6
CONTINUOUS
10
5.5013803937007877
20
-3.8891848818897636
11
5.4998331496062987
21
-3.8878865748031495
0
LINE
8
BLACK
6
CONTINUOUS
10
5.4998331496062987
20
-3.8878865748031495
11
5.4994824015748032
21
-3.8858974409448819
0
LINE
8
BLACK
6
CONTINUOUS
10
5.4994824015748032
20
-3.8858974409448819
11
5.5004923228346456
21
-3.8841482677165353
0
LINE
8
BLACK
6
CONTINUOUS
10
5.5004923228346456
20
-3.8841482677165353
11
5.5023903149606301
21
-3.8834574409448819
0
LINE
8
BLACK
6
CONTINUOUS
10
5.5023903149606301
20
-3.8834574409448819
11
5.5056607086614173
21
-3.8834574409448819
0
LINE
8
BLACK
6
CONTINUOUS
10
5.5056607086614173
20
-3.8834574409448819
11
5.5101690944881891
21
-3.8819546062992125
0
LINE
8
BLACK
6
CONTINUOUS
10
5.5101690944881891
20
-3.8819546062992125
11
5.5129328346456692
21
-3.8791908267716533
0
LINE
8
BLACK
6
CONTINUOUS
10
5.5129328346456692
20
-3.8791908267716533
11
5.5144356692913385
21
-3.8746824409448819
0
LINE
8
BLACK
6
CONTINUOUS
10
5.5144356692913385
20
-3.8746824409448819
11
5.5144356692913385
21
-3.8470401181102361
0
LINE
8
BLACK
6
CONTINUOUS
10
5.5144356692913385
20
-3.8470401181102361
11
5.51461374015748
21
-3.8460301968503936
0
LINE
8
BLACK
6
CONTINUOUS
10
5.51461374015748
20
-3.8460301968503936
11
5.5159120472440941
21
-3.8444829527559055
0
LINE
8
BLACK
6
CONTINUOUS
10
5.5159120472440941
20
-3.8444829527559055
11
5.5179011811023617
21
-3.8441322047244095
0
LINE
8
BLACK
6
CONTINUOUS
10
5.5179011811023617
20
-3.8441322047244095
11
5.5196503543307083
21
-3.845142125984252
0
LINE
8
BLACK
6
CONTINUOUS
10
5.557195826771653
20
-3.8441644488188977
11
5.557331338582677
21
-3.8441434645669292
0
LINE
8
BLACK
6
CONTINUOUS
10
5.557331338582677
20
-3.8441434645669292
11
5.5574359842519687
21
-3.8442068110236218
0
LINE
8
BLACK
6
CONTINUOUS
10
5.5574359842519687
20
-3.8442068110236218
11
5.5577684251968504
21
-3.8442654330708659
0
LINE
8
BLACK
6
CONTINUOUS
10
5.5577684251968504
20
-3.8442654330708659
11
5.5583781889763779
21
-3.8447770866141733
0
LINE
8
BLACK
6
CONTINUOUS
10
5.5583781889763779
20
-3.8447770866141733
11
5.5590592519685034
21
-3.8451893307086613
0
LINE
8
BLACK
6
CONTINUOUS
10
5.5590592519685034
20
-3.8451893307086613
11
5.5591351968503933
21
-3.8454123228346457
0
LINE
8
BLACK
6
CONTINUOUS
10
5.5591351968503933
20
-3.8454123228346457
11
5.5593156692913386
21
-3.84556374015748
0
LINE
8
BLACK
6
CONTINUOUS
10
5.5593156692913386
20
-3.84556374015748
11
5.5594538976377947
21
-3.8463476771653542
0
LINE
8
BLACK
6
CONTINUOUS
10
5.5594538976377947
20
-3.8463476771653542
11
5.55971062992126
21
-3.8471012204724411
0
LINE
8
BLACK
6
CONTINUOUS
10
5.55971062992126
20
-3.8471012204724411
11
5.5596254724409446
21
-3.8473208267716537
0
LINE
8
BLACK
6
CONTINUOUS
10
5.5596254724409446
20
-3.8473208267716537
11
5.559666417322835
21
-3.8475528740157481
0
LINE
8
BLACK
6
CONTINUOUS
10
5.559666417322835
20
-3.8475528740157481
11
5.5592683070866142
21
-3.8482423228346456
0
LINE
8
BLACK
6
CONTINUOUS
10
5.5592683070866142
20
-3.8482423228346456
11
5.5589806692913388
21
-3.8489845275590548
0
LINE
8
BLACK
6
CONTINUOUS
10
5.5589806692913388
20
-3.8489845275590548
11
5.550024330708661
21
-3.8592203149606297
0
LINE
8
BLACK
6
CONTINUOUS
10
5.550024330708661
20
-3.8592203149606297
11
5.5502693700787402
21
-3.8592635433070863
0
LINE
8
BLACK
6
CONTINUOUS
10
5.5502693700787402
20
-3.8592635433070863
11
5.5504046062992121
21
-3.8593770078740155
0
LINE
8
BLACK
6
CONTINUOUS
10
5.5504046062992121
20
-3.8593770078740155
11
5.5505799606299213
21
-3.8593972047244094
0
LINE
8
BLACK
6
CONTINUOUS
10
5.5505799606299213
20
-3.8593972047244094
11
5.5543294881889764
21
-3.8612719685039369
0
LINE
8
BLACK
6
CONTINUOUS
10
5.5543294881889764
20
-3.8612719685039369
11
5.5550385433070861
21
-3.8617978740157479
0
LINE
8
BLACK
6
CONTINUOUS
10
5.5550385433070861
20
-3.8617978740157479
11
5.5550968897637798
21
-3.8618250787401576
0
LINE
8
BLACK
6
CONTINUOUS
10
5.5550968897637798
20
-3.8618250787401576
11
5.5569716535433074
21
-3.8636998425196851
0
LINE
8
BLACK
6
CONTINUOUS
10
5.5569716535433074
20
-3.8636998425196851
11
5.557477913385827
21
-3.8644229133858268
0
LINE
8
BLACK
6
CONTINUOUS
10
5.557477913385827
20
-3.8644229133858268
11
5.5575247637795275
21
-3.8644672440944881
0
LINE
8
BLACK
6
CONTINUOUS
10
5.5575247637795275
20
-3.8644672440944881
11
5.5593995275590551
21
-3.8682167716535432
0
LINE
8
BLACK
6
CONTINUOUS
10
5.5593995275590551
20
-3.8682167716535432
11
5.559691889763779
21
-3.8691996850393702
0
LINE
8
BLACK
6
CONTINUOUS
10
5.559691889763779
20
-3.8691996850393702
11
5.5596508661417321
21
-3.8693713779527559
0
LINE
8
BLACK
6
CONTINUOUS
10
5.5596508661417321
20
-3.8693713779527559
11
5.5597112598425191
21
-3.8695372834645667
0
LINE
8
BLACK
6
CONTINUOUS
10
5.5597112598425191
20
-3.8695372834645667
11
5.5597112598425191
21
-3.8789111023622045
0
LINE
8
BLACK
6
CONTINUOUS
10
5.5597112598425191
20
-3.8789111023622045
11
5.5595331889763777
21
-3.8799210236220469
0
LINE
8
BLACK
6
CONTINUOUS
10
5.5595331889763777
20
-3.8799210236220469
11
5.5594196850393702
21
-3.8800562598425197
0
LINE
8
BLACK
6
CONTINUOUS
10
5.5594196850393702
20
-3.8800562598425197
11
5.5593995275590551
21
-3.880231614173228
0
LINE
8
BLACK
6
CONTINUOUS
10
5.5593995275590551
20
-3.880231614173228
11
5.5575247637795275
21
-3.8839811417322836
0
LINE
8
BLACK
6
CONTINUOUS
10
5.5575247637795275
20
-3.8839811417322836
11
5.5569988188976378
21
-3.8846901968503937
0
LINE
8
BLACK
6
CONTINUOUS
10
5.5569988188976378
20
-3.8846901968503937
11
5.5569716535433074
21
-3.8847485433070865
0
LINE
8
BLACK
6
CONTINUOUS
10
5.5569716535433074
20
-3.8847485433070865
11
5.5550969291338586
21
-3.8866233070866141
0
LINE
8
BLACK
6
CONTINUOUS
10
5.5550969291338586
20
-3.8866233070866141
11
5.5543737401574802
21
-3.88712968503937
0
LINE
8
BLACK
6
CONTINUOUS
10
5.5543737401574802
20
-3.88712968503937
11
5.5543294881889764
21
-3.8871764566929135
0
LINE
8
BLACK
6
CONTINUOUS
10
5.5543294881889764
20
-3.8871764566929135
11
5.5505799606299213
21
-3.889051220472441
0
LINE
8
BLACK
6
CONTINUOUS
10
5.5505799606299213
20
-3.889051220472441
11
5.5495970078740156
21
-3.8893435826771654
0
LINE
8
BLACK
6
CONTINUOUS
10
5.5495970078740156
20
-3.8893435826771654
11
5.5494253149606294
21
-3.889302559055118
0
LINE
8
BLACK
6
CONTINUOUS
10
5.5494253149606294
20
-3.889302559055118
11
5.5492594488188978
21
-3.8893629527559055
0
LINE
8
BLACK
6
CONTINUOUS
10
5.5492594488188978
20
-3.8893629527559055
11
5.5380108661417324
21
-3.8893629527559055
0
LINE
8
BLACK
6
CONTINUOUS
10
5.5380108661417324
20
-3.8893629527559055
11
5.53700094488189
21
-3.8891848818897636
0
LINE
8
BLACK
6
CONTINUOUS
10
5.53700094488189
20
-3.8891848818897636
11
5.5368656692913385
21
-3.8890713779527557
0
LINE
8
BLACK
6
CONTINUOUS
10
5.5368656692913385
20
-3.8890713779527557
11
5.5366903543307089
21
-3.889051220472441
0
LINE
8
BLACK
6
CONTINUOUS
10
5.5366903543307089
20
-3.889051220472441
11
5.5329408267716538
21
-3.8871764566929135
0
LINE
8
BLACK
6
CONTINUOUS
10
5.5329408267716538
20
-3.8871764566929135
11
5.5322316929133857
21
-3.886650472440945
0
LINE
8
BLACK
6
CONTINUOUS
10
5.5322316929133857
20
-3.886650472440945
11
5.5321733858267716
21
-3.8866233070866141
0
LINE
8
BLACK
6
CONTINUOUS
10
5.5321733858267716
20
-3.8866233070866141
11
5.5302986220472441
21
-3.8847485039370078
0
LINE
8
BLACK
6
CONTINUOUS
10
5.5302986220472441
20
-3.8847485039370078
11
5.529710433070866
21
-3.8839084645669288
0
LINE
8
BLACK
6
CONTINUOUS
10
5.529710433070866
20
-3.8839084645669288
11
5.5295344488188976
21
-3.881896377952756
0
LINE
8
BLACK
6
CONTINUOUS
10
5.5295344488188976
20
-3.881896377952756
11
5.5306929527559054
21
-3.8802418503937006
0
LINE
8
BLACK
6
CONTINUOUS
10
5.5306929527559054
20
-3.8802418503937006
11
5.5326439370078742
21
-3.8797191338582677
0
LINE
8
BLACK
6
CONTINUOUS
10
5.5326439370078742
20
-3.8797191338582677
11
5.5344745275590546
21
-3.8805727559055119
0
LINE
8
BLACK
6
CONTINUOUS
10
5.5344745275590546
20
-3.8805727559055119
11
5.5360104330708664
21
-3.8821087007874016
0
LINE
8
BLACK
6
CONTINUOUS
10
5.5360104330708664
20
-3.8821087007874016
11
5.538707913385827
21
-3.8834574409448819
0
LINE
8
BLACK
6
CONTINUOUS
10
5.538707913385827
20
-3.8834574409448819
11
5.5485624015748032
21
-3.8834574409448819
0
LINE
8
BLACK
6
CONTINUOUS
10
5.5485624015748032
20
-3.8834574409448819
11
5.5512598425196851
21
-3.8821087007874016
0
LINE
8
BLACK
6
CONTINUOUS
10
5.5512598425196851
20
-3.8821087007874016
11
5.5524569685039369
21
-3.880911535433071
0
LINE
8
BLACK
6
CONTINUOUS
10
5.5524569685039369
20
-3.880911535433071
11
5.553805748031496
21
-3.8782140551181103
0
LINE
8
BLACK
6
CONTINUOUS
10
5.553805748031496
20
-3.8782140551181103
11
5.553805748031496
21
-3.8702343307086613
0
LINE
8
BLACK
6
CONTINUOUS
10
5.553805748031496
20
-3.8702343307086613
11
5.5524570078740156
21
-3.8675368503937007
0
LINE
8
BLACK
6
CONTINUOUS
10
5.5524570078740156
20
-3.8675368503937007
11
5.5512598818897638
21
-3.8663397244094488
0
LINE
8
BLACK
6
CONTINUOUS
10
5.5512598818897638
20
-3.8663397244094488
11
5.5485624015748032
21
-3.8649909842519685
0
LINE
8
BLACK
6
CONTINUOUS
10
5.5485624015748032
20
-3.8649909842519685
11
5.5436351574803151
21
-3.8649909842519685
0
LINE
8
BLACK
6
CONTINUOUS
10
5.5436351574803151
20
-3.8649909842519685
11
5.5431977952755904
21
-3.8649138582677165
0
LINE
8
BLACK
6
CONTINUOUS
10
5.5431977952755904
20
-3.8649138582677165
11
5.5430623228346452
21
-3.8649348818897638
0
LINE
8
BLACK
6
CONTINUOUS
10
5.5430623228346452
20
-3.8649348818897638
11
5.5429576377952756
21
-3.864871496062992
0
LINE
8
BLACK
6
CONTINUOUS
10
5.5429576377952756
20
-3.864871496062992
11
5.5426252362204727
21
-3.8648129133858267
0
LINE
8
BLACK
6
CONTINUOUS
10
5.5426252362204727
20
-3.8648129133858267
11
5.5420154330708664
21
-3.864301220472441
0
LINE
8
BLACK
6
CONTINUOUS
10
5.5420154330708664
20
-3.864301220472441
11
5.5413344094488188
21
-3.8638890157480312
0
LINE
8
BLACK
6
CONTINUOUS
10
5.5413344094488188
20
-3.8638890157480312
11
5.5412584251968502
21
-3.8636659842519685
0
LINE
8
BLACK
6
CONTINUOUS
10
5.5412584251968502
20
-3.8636659842519685
11
5.5410779921259845
21
-3.8635146062992125
0
LINE
8
BLACK
6
CONTINUOUS
10
5.5410779921259845
20
-3.8635146062992125
11
5.5409397244094487
21
-3.8627306299212596
0
LINE
8
BLACK
6
CONTINUOUS
10
5.5409397244094487
20
-3.8627306299212596
11
5.5406830314960631
21
-3.8619771259842519
0
LINE
8
BLACK
6
CONTINUOUS
10
5.5406830314960631
20
-3.8619771259842519
11
5.5407681496062988
21
-3.8617574803149606
0
LINE
8
BLACK
6
CONTINUOUS
10
5.5407681496062988
20
-3.8617574803149606
11
5.5407272440944881
21
-3.8615254724409449
0
LINE
8
BLACK
6
CONTINUOUS
10
5.5407272440944881
20
-3.8615254724409449
11
5.5411253149606301
21
-3.8608359842519686
0
LINE
8
BLACK
6
CONTINUOUS
10
5.5411253149606301
20
-3.8608359842519686
11
5.5414129921259843
21
-3.8600938188976377
0
LINE
8
BLACK
6
CONTINUOUS
10
5.5414129921259843
20
-3.8600938188976377
11
5.5502513385826768
21
-3.8499928740157481
0
LINE
8
BLACK
6
CONTINUOUS
10
5.5502513385826768
20
-3.8499928740157481
11
5.5323865748031498
21
-3.8499928740157481
0
LINE
8
BLACK
6
CONTINUOUS
10
5.5323865748031498
20
-3.8499928740157481
11
5.5313766535433073
21
-3.8498148031496062
0
LINE
8
BLACK
6
CONTINUOUS
10
5.5313766535433073
20
-3.8498148031496062
11
5.5298294094488192
21
-3.8485164960629921
0
LINE
8
BLACK
6
CONTINUOUS
10
5.5298294094488192
20
-3.8485164960629921
11
5.5294786614173228
21
-3.8465273622047245
0
LINE
8
BLACK
6
CONTINUOUS
10
5.5294786614173228
20
-3.8465273622047245
11
5.5304885826771653
21
-3.8447781889763779
0
LINE
8
BLACK
6
CONTINUOUS
10
5.5304885826771653
20
-3.8447781889763779
11
5.5323865748031498
21
-3.8440873622047245
0
LINE
8
BLACK
6
CONTINUOUS
10
5.5323865748031498
20
-3.8440873622047245
11
5.556758503937008
21
-3.8440873622047245
0
LINE
8
BLACK
6
CONTINUOUS
10
5.556758503937008
20
-3.8440873622047245
11
5.557195826771653
21
-3.8441644488188977
0
LINE
8
BLACK
6
CONTINUOUS
10
5.5493237007874017
20
-3.7698885039370076
11
5.5615351574803151
21
-3.7730238582677162
0
LINE
8
BLACK
6
CONTINUOUS
10
5.5615351574803151
20
-3.7730238582677162
11
5.5732573622047239
21
-3.7776649999999998
0
LINE
8
BLACK
6
CONTINUOUS
10
5.5732573622047239
20
-3.7776649999999998
11
5.5843054330708659
21
-3.7837387401574802
0
LINE
8
BLACK
6
CONTINUOUS
10
5.5843054330708659
20
-3.7837387401574802
11
5.5945051574803148
21
-3.7911492519685037
0
LINE
8
BLACK
6
CONTINUOUS
10
5.5945051574803148
20
-3.7911492519685037
11
5.6036956692913389
21
-3.7997797244094489
0
LINE
8
BLACK
6
CONTINUOUS
10
5.6036956692913389
20
-3.7997797244094489
11
5.611732007874016
21
-3.8094940157480313
0
LINE
8
BLACK
6
CONTINUOUS
10
5.611732007874016
20
-3.8094940157480313
11
5.6184874803149603
21
-3.8201388976377952
0
LINE
8
BLACK
6
CONTINUOUS
10
5.6184874803149603
20
-3.8201388976377952
11
5.6238555118110236
21
-3.8315465354330707
0
LINE
8
BLACK
6
CONTINUOUS
10
5.6238555118110236
20
-3.8315465354330707
11
5.6277514566929137
21
-3.8435370472440944
0
LINE
8
BLACK
6
CONTINUOUS
10
5.6277514566929137
20
-3.8435370472440944
11
5.6301138582677162
21
-3.8559212598425194
0
LINE
8
BLACK
6
CONTINUOUS
10
5.6301138582677162
20
-3.8559212598425194
11
5.6309055118110232
21
-3.868503937007874
0
LINE
8
BLACK
6
CONTINUOUS
10
5.6309055118110232
20
-3.868503937007874
11
5.6301138582677162
21
-3.8810866141732281
0
LINE
8
BLACK
6
CONTINUOUS
10
5.6301138582677162
20
-3.8810866141732281
11
5.6277514566929137
21
-3.8934708267716536
0
LINE
8
BLACK
6
CONTINUOUS
10
5.6277514566929137
20
-3.8934708267716536
11
5.6238555118110236
21
-3.9054613385826769
0
LINE
8
BLACK
6
CONTINUOUS
10
5.6238555118110236
20
-3.9054613385826769
11
5.6184874803149603
21
-3.9168689763779527
0
LINE
8
BLACK
6
CONTINUOUS
10
5.6184874803149603
20
-3.9168689763779527
11
5.611732007874016
21
-3.9275138582677163
0
LINE
8
BLACK
6
CONTINUOUS
10
5.611732007874016
20
-3.9275138582677163
11
5.6036956692913389
21
-3.9372281496062991
0
LINE
8
BLACK
6
CONTINUOUS
10
5.6036956692913389
20
-3.9372281496062991
11
5.5945051574803148
21
-3.9458586220472438
0
LINE
8
BLACK
6
CONTINUOUS
10
5.5945051574803148
20
-3.9458586220472438
11
5.5843054330708659
21
-3.9532691338582677
0
LINE
8
BLACK
6
CONTINUOUS
10
5.5843054330708659
20
-3.9532691338582677
11
5.5732573622047239
21
-3.9593428740157481
0
LINE
8
BLACK
6
CONTINUOUS
10
5.5732573622047239
20
-3.9593428740157481
11
5.5615351574803151
21
-3.9639840157480313
0
LINE
8
BLACK
6
CONTINUOUS
10
5.5615351574803151
20
-3.9639840157480313
11
5.5493237007874017
21
-3.9671193700787399
0
LINE
8
BLACK
6
CONTINUOUS
10
5.5493237007874017
20
-3.9671193700787399
11
5.5368155905511811
21
-3.9686995275590551
0
LINE
8
BLACK
6
CONTINUOUS
10
5.5368155905511811
20
-3.9686995275590551
11
5.5242080314960624
21
-3.9686995275590551
0
LINE
8
BLACK
6
CONTINUOUS
10
5.5242080314960624
20
-3.9686995275590551
11
5.5116999212598428
21
-3.9671193700787399
0
LINE
8
BLACK
6
CONTINUOUS
10
5.5116999212598428
20
-3.9671193700787399
11
5.4994884645669293
21
-3.9639840157480313
0
LINE
8
BLACK
6
CONTINUOUS
10
5.4994884645669293
20
-3.9639840157480313
11
5.4877662598425196
21
-3.9593428740157481
0
LINE
8
BLACK
6
CONTINUOUS
10
5.4877662598425196
20
-3.9593428740157481
11
5.4767181889763776
21
-3.9532691338582677
0
LINE
8
BLACK
6
CONTINUOUS
10
5.4767181889763776
20
-3.9532691338582677
11
5.4665184645669287
21
-3.9458586220472438
0
LINE
8
BLACK
6
CONTINUOUS
10
5.4665184645669287
20
-3.9458586220472438
11
5.4573279527559055
21
-3.9372281496062991
0
LINE
8
BLACK
6
CONTINUOUS
10
5.4573279527559055
20
-3.9372281496062991
11
5.4492916141732284
21
-3.9275138582677163
0
LINE
8
BLACK
6
CONTINUOUS
10
5.4492916141732284
20
-3.9275138582677163
11
5.4425361417322833
21
-3.9168689763779527
0
LINE
8
BLACK
6
CONTINUOUS
10
5.4425361417322833
20
-3.9168689763779527
11
5.4371681102362199
21
-3.9054613385826769
0
LINE
8
BLACK
6
CONTINUOUS
10
5.4371681102362199
20
-3.9054613385826769
11
5.4332721653543308
21
-3.8934708267716536
0
LINE
8
BLACK
6
CONTINUOUS
10
5.4332721653543308
20
-3.8934708267716536
11
5.4309097637795274
21
-3.8810866141732281
0
LINE
8
BLACK
6
CONTINUOUS
10
5.4309097637795274
20
-3.8810866141732281
11
5.4301181102362204
21
-3.868503937007874
0
LINE
8
BLACK
6
CONTINUOUS
10
5.4301181102362204
20
-3.868503937007874
11
5.4309097637795274
21
-3.8559212598425194
0
LINE
8
BLACK
6
CONTINUOUS
10
5.4309097637795274
20
-3.8559212598425194
11
5.4332721653543308
21
-3.8435370472440944
0
LINE
8
BLACK
6
CONTINUOUS
10
5.4332721653543308
20
-3.8435370472440944
11
5.4371681102362199
21
-3.8315465354330707
0
LINE
8
BLACK
6
CONTINUOUS
10
5.4371681102362199
20
-3.8315465354330707
11
5.4425361417322833
21
-3.8201388976377952
0
LINE
8
BLACK
6
CONTINUOUS
10
5.4425361417322833
20
-3.8201388976377952
11
5.4492916141732284
21
-3.8094940157480313
0
LINE
8
BLACK
6
CONTINUOUS
10
5.4492916141732284
20
-3.8094940157480313
11
5.4573279527559055
21
-3.7997797244094489
0
LINE
8
BLACK
6
CONTINUOUS
10
5.4573279527559055
20
-3.7997797244094489
11
5.4665184645669287
21
-3.7911492519685037
0
LINE
8
BLACK
6
CONTINUOUS
10
5.4665184645669287
20
-3.7911492519685037
11
5.4767181889763776
21
-3.7837387401574802
0
LINE
8
BLACK
6
CONTINUOUS
10
5.4767181889763776
20
-3.7837387401574802
11
5.4877662598425196
21
-3.7776649999999998
0
LINE
8
BLACK
6
CONTINUOUS
10
5.4877662598425196
20
-3.7776649999999998
11
5.4994884645669293
21
-3.7730238582677162
0
LINE
8
BLACK
6
CONTINUOUS
10
5.4994884645669293
20
-3.7730238582677162
11
5.5116999212598428
21
-3.7698885039370076
0
LINE
8
BLACK
6
CONTINUOUS
10
5.5116999212598428
20
-3.7698885039370076
11
5.5242080314960624
21
-3.7683083464566929
0
LINE
8
BLACK
6
CONTINUOUS
10
5.5242080314960624
20
-3.7683083464566929
11
5.5368155905511811
21
-3.7683083464566929
0
LINE
8
BLACK
6
CONTINUOUS
10
5.5368155905511811
20
-3.7683083464566929
11
5.5493237007874017
21
-3.7698885039370076
0
LINE
8
BLACK
6
CONTINUOUS
10
5.4346264960629922
20
-3.8806170866141732
11
5.4369007480314959
21
-3.8925391732283465
0
LINE
8
BLACK
6
CONTINUOUS
10
5.4369007480314959
20
-3.8925391732283465
11
5.4406513385826774
21
-3.9040822047244093
0
LINE
8
BLACK
6
CONTINUOUS
10
5.4406513385826774
20
-3.9040822047244093
11
5.4458190551181103
21
-3.9150641732283464
0
LINE
8
BLACK
6
CONTINUOUS
10
5.4458190551181103
20
-3.9150641732283464
11
5.4523224015748033
21
-3.9253118503937006
0
LINE
8
BLACK
6
CONTINUOUS
10
5.4523224015748033
20
-3.9253118503937006
11
5.4600588976377953
21
-3.934663622047244
0
LINE
8
BLACK
6
CONTINUOUS
10
5.4600588976377953
20
-3.934663622047244
11
5.4689064566929133
21
-3.9429720472440946
0
LINE
8
BLACK
6
CONTINUOUS
10
5.4689064566929133
20
-3.9429720472440946
11
5.4787255511811024
21
-3.9501060236220473
0
LINE
8
BLACK
6
CONTINUOUS
10
5.4787255511811024
20
-3.9501060236220473
11
5.4893613385826772
21
-3.9559531102362202
0
LINE
8
BLACK
6
CONTINUOUS
10
5.4893613385826772
20
-3.9559531102362202
11
5.5006461023622046
21
-3.9604210629921259
0
LINE
8
BLACK
6
CONTINUOUS
10
5.5006461023622046
20
-3.9604210629921259
11
5.5124018897637796
21
-3.9634394488188978
0
LINE
8
BLACK
6
CONTINUOUS
10
5.5124018897637796
20
-3.9634394488188978
11
5.5244432677165349
21
-3.9649606299212596
0
LINE
8
BLACK
6
CONTINUOUS
10
5.5244432677165349
20
-3.9649606299212596
11
5.5365803543307086
21
-3.9649606299212596
0
LINE
8
BLACK
6
CONTINUOUS
10
5.5365803543307086
20
-3.9649606299212596
11
5.5486217322834648
21
-3.9634394488188978
0
LINE
8
BLACK
6
CONTINUOUS
10
5.5486217322834648
20
-3.9634394488188978
11
5.5603775196850389
21
-3.9604210629921259
0
LINE
8
BLACK
6
CONTINUOUS
10
5.5603775196850389
20
-3.9604210629921259
11
5.5716622834645664
21
-3.9559531102362202
0
LINE
8
BLACK
6
CONTINUOUS
10
5.5716622834645664
20
-3.9559531102362202
11
5.582298070866142
21
-3.9501060236220473
0
LINE
8
BLACK
6
CONTINUOUS
10
5.582298070866142
20
-3.9501060236220473
11
5.5921171653543302
21
-3.9429720472440946
0
LINE
8
BLACK
6
CONTINUOUS
10
5.5921171653543302
20
-3.9429720472440946
11
5.6009647244094483
21
-3.934663622047244
0
LINE
8
BLACK
6
CONTINUOUS
10
5.6009647244094483
20
-3.934663622047244
11
5.6087012204724411
21
-3.9253118503937006
0
LINE
8
BLACK
6
CONTINUOUS
10
5.6087012204724411
20
-3.9253118503937006
11
5.6152045669291342
21
-3.9150641732283464
0
LINE
8
BLACK
6
CONTINUOUS
10
5.6152045669291342
20
-3.9150641732283464
11
5.6203722834645671
21
-3.9040822047244093
0
LINE
8
BLACK
6
CONTINUOUS
10
5.6203722834645671
20
-3.9040822047244093
11
5.6241228740157476
21
-3.8925391732283465
0
LINE
8
BLACK
6
CONTINUOUS
10
5.6241228740157476
20
-3.8925391732283465
11
5.6263971259842522
21
-3.8806170866141732
0
LINE
8
BLACK
6
CONTINUOUS
10
5.6263971259842522
20
-3.8806170866141732
11
5.6271592125984249
21
-3.868503937007874
0
LINE
8
BLACK
6
CONTINUOUS
10
5.6271592125984249
20
-3.868503937007874
11
5.6263971259842522
21
-3.8563907874015748
0
LINE
8
BLACK
6
CONTINUOUS
10
5.6263971259842522
20
-3.8563907874015748
11
5.6241228740157476
21
-3.8444687007874014
0
LINE
8
BLACK
6
CONTINUOUS
10
5.6241228740157476
20
-3.8444687007874014
11
5.6203722834645671
21
-3.8329256692913387
0
LINE
8
BLACK
6
CONTINUOUS
10
5.6203722834645671
20
-3.8329256692913387
11
5.6152045669291342
21
-3.8219437007874015
0
LINE
8
BLACK
6
CONTINUOUS
10
5.6152045669291342
20
-3.8219437007874015
11
5.6087012204724411
21
-3.811696023622047
0
LINE
8
BLACK
6
CONTINUOUS
10
5.6087012204724411
20
-3.811696023622047
11
5.6009647244094483
21
-3.802344251968504
0
LINE
8
BLACK
6
CONTINUOUS
10
5.6009647244094483
20
-3.802344251968504
11
5.5921171653543302
21
-3.7940358267716534
0
LINE
8
BLACK
6
CONTINUOUS
10
5.5921171653543302
20
-3.7940358267716534
11
5.582298070866142
21
-3.7869018503937006
0
LINE
8
BLACK
6
CONTINUOUS
10
5.582298070866142
20
-3.7869018503937006
11
5.5716622834645664
21
-3.7810547637795273
0
LINE
8
BLACK
6
CONTINUOUS
10
5.5716622834645664
20
-3.7810547637795273
11
5.5603775196850389
21
-3.776586811023622
0
LINE
8
BLACK
6
CONTINUOUS
10
5.5603775196850389
20
-3.776586811023622
11
5.5486217322834648
21
-3.7735684251968502
0
LINE
8
BLACK
6
CONTINUOUS
10
5.5486217322834648
20
-3.7735684251968502
11
5.5365803543307086
21
-3.7720472440944879
0
LINE
8
BLACK
6
CONTINUOUS
10
5.5365803543307086
20
-3.7720472440944879
11
5.5244432677165349
21
-3.7720472440944879
0
LINE
8
BLACK
6
CONTINUOUS
10
5.5244432677165349
20
-3.7720472440944879
11
5.5124018897637796
21
-3.7735684251968502
0
LINE
8
BLACK
6
CONTINUOUS
10
5.5124018897637796
20
-3.7735684251968502
11
5.5006461023622046
21
-3.776586811023622
0
LINE
8
BLACK
6
CONTINUOUS
10
5.5006461023622046
20
-3.776586811023622
11
5.4893613385826772
21
-3.7810547637795273
0
LINE
8
BLACK
6
CONTINUOUS
10
5.4893613385826772
20
-3.7810547637795273
11
5.4787255511811024
21
-3.7869018503937006
0
LINE
8
BLACK
6
CONTINUOUS
10
5.4787255511811024
20
-3.7869018503937006
11
5.4689064566929133
21
-3.7940358267716534
0
LINE
8
BLACK
6
CONTINUOUS
10
5.4689064566929133
20
-3.7940358267716534
11
5.4600588976377953
21
-3.802344251968504
0
LINE
8
BLACK
6
CONTINUOUS
10
5.4600588976377953
20
-3.802344251968504
11
5.4523224015748033
21
-3.811696023622047
0
LINE
8
BLACK
6
CONTINUOUS
10
5.4523224015748033
20
-3.811696023622047
11
5.4458190551181103
21
-3.8219437007874015
0
LINE
8
BLACK
6
CONTINUOUS
10
5.4458190551181103
20
-3.8219437007874015
11
5.4406513385826774
21
-3.8329256692913387
0
LINE
8
BLACK
6
CONTINUOUS
10
5.4406513385826774
20
-3.8329256692913387
11
5.4369007480314959
21
-3.8444687007874014
0
LINE
8
BLACK
6
CONTINUOUS
10
5.4369007480314959
20
-3.8444687007874014
11
5.4346264960629922
21
-3.8563907874015748
0
LINE
8
BLACK
6
CONTINUOUS
10
5.4346264960629922
20
-3.8563907874015748
11
5.4338644094488187
21
-3.868503937007874
0
LINE
8
BLACK
6
CONTINUOUS
10
5.4338644094488187
20
-3.868503937007874
11
5.4346264960629922
21
-3.8806170866141732
0
LINE
8
BLACK
6
CONTINUOUS
10
5.6663385826771648
20
-3.7307086614173226
11
5.6677305118110235
21
-3.7312852362204723
0
LINE
8
BLACK
6
CONTINUOUS
10
5.6677305118110235
20
-3.7312852362204723
11
5.6683070866141732
21
-3.7326771653543305
0
LINE
8
BLACK
6
CONTINUOUS
10
5.6683070866141732
20
-3.7326771653543305
11
5.6683070866141732
21
-4.004330708661417
0
LINE
8
BLACK
6
CONTINUOUS
10
5.6683070866141732
20
-4.004330708661417
11
5.6677305118110235
21
-4.0057226377952757
0
LINE
8
BLACK
6
CONTINUOUS
10
5.6677305118110235
20
-4.0057226377952757
11
5.6663385826771648
21
-4.0062992125984254
0
LINE
8
BLACK
6
CONTINUOUS
10
5.6663385826771648
20
-4.0062992125984254
11
5.3946850393700787
21
-4.0062992125984254
0
LINE
8
BLACK
6
CONTINUOUS
10
5.3946850393700787
20
-4.0062992125984254
11
5.39329311023622
21
-4.0057226377952757
0
LINE
8
BLACK
6
CONTINUOUS
10
5.39329311023622
20
-4.0057226377952757
11
5.3927165354330704
21
-4.004330708661417
0
LINE
8
BLACK
6
CONTINUOUS
10
5.3927165354330704
20
-4.004330708661417
11
5.3927165354330704
21
-3.7326771653543305
0
LINE
8
BLACK
6
CONTINUOUS
10
5.3927165354330704
20
-3.7326771653543305
11
5.39329311023622
21
-3.7312852362204723
0
LINE
8
BLACK
6
CONTINUOUS
10
5.39329311023622
20
-3.7312852362204723
11
5.3946850393700787
21
-3.7307086614173226
0
LINE
8
BLACK
6
CONTINUOUS
10
5.3946850393700787
20
-3.7307086614173226
11
5.6663385826771648
21
-3.7307086614173226
0
LINE
8
BLACK
6
CONTINUOUS
10
5.3966535433070861
20
-3.7346456692913383
11
5.3966535433070861
21
-4.0023622047244096
0
LINE
8
BLACK
6
CONTINUOUS
10
5.3966535433070861
20
-4.0023622047244096
11
5.6643700787401574
21
-4.0023622047244096
0
LINE
8
BLACK
6
CONTINUOUS
10
5.6643700787401574
20
-4.0023622047244096
11
5.6643700787401574
21
-3.7346456692913383
0
LINE
8
BLACK
6
CONTINUOUS
10
5.6643700787401574
20
-3.7346456692913383
11
5.3966535433070861
21
-3.7346456692913383
0
LINE
8
BLACK
6
CONTINUOUS
10
6.6196503543307088
20
-3.845142125984252
11
6.6203411811023622
21
-3.8470401181102361
0
LINE
8
BLACK
6
CONTINUOUS
10
6.6203411811023622
20
-3.8470401181102361
11
6.6203411811023622
21
-3.8751615748031494
0
LINE
8
BLACK
6
CONTINUOUS
10
6.6203411811023622
20
-3.8751615748031494
11
6.6201878740157483
21
-3.8760309448818897
0
LINE
8
BLACK
6
CONTINUOUS
10
6.6201878740157483
20
-3.8760309448818897
11
6.6201896456692912
21
-3.8760953543307086
0
LINE
8
BLACK
6
CONTINUOUS
10
6.6201896456692912
20
-3.8760953543307086
11
6.6183148818897637
21
-3.8817196062992125
0
LINE
8
BLACK
6
CONTINUOUS
10
6.6183148818897637
20
-3.8817196062992125
11
6.6178265748031491
21
-3.8826213779527556
0
LINE
8
BLACK
6
CONTINUOUS
10
6.6178265748031491
20
-3.8826213779527556
11
6.6176761811023619
21
-3.8827137401574801
0
LINE
8
BLACK
6
CONTINUOUS
10
6.6176761811023619
20
-3.8827137401574801
11
6.6176016141732283
21
-3.8828737401574802
0
LINE
8
BLACK
6
CONTINUOUS
10
6.6176016141732283
20
-3.8828737401574802
11
6.6138520472440945
21
-3.8866233464566928
0
LINE
8
BLACK
6
CONTINUOUS
10
6.6138520472440945
20
-3.8866233464566928
11
6.6130120078740156
21
-3.887211535433071
0
LINE
8
BLACK
6
CONTINUOUS
10
6.6130120078740156
20
-3.887211535433071
11
6.6128361417322834
21
-3.8872268897637796
0
LINE
8
BLACK
6
CONTINUOUS
10
6.6128361417322834
20
-3.8872268897637796
11
6.6126978740157476
21
-3.8873366535433069
0
LINE
8
BLACK
6
CONTINUOUS
10
6.6126978740157476
20
-3.8873366535433069
11
6.6070735826771649
21
-3.8892114173228345
0
LINE
8
BLACK
6
CONTINUOUS
10
6.6070735826771649
20
-3.8892114173228345
11
6.6062003937007869
21
-3.8893408661417324
0
LINE
8
BLACK
6
CONTINUOUS
10
6.6062003937007869
20
-3.8893408661417324
11
6.6061398425196849
21
-3.8893629527559055
0
LINE
8
BLACK
6
CONTINUOUS
10
6.6061398425196849
20
-3.8893629527559055
11
6.6023903149606298
21
-3.8893629527559055
0
LINE
8
BLACK
6
CONTINUOUS
10
6.6023903149606298
20
-3.8893629527559055
11
6.6013803937007873
21
-3.8891848818897636
0
LINE
8
BLACK
6
CONTINUOUS
10
6.6013803937007873
20
-3.8891848818897636
11
6.5998331496062992
21
-3.8878865748031495
0
LINE
8
BLACK
6
CONTINUOUS
10
6.5998331496062992
20
-3.8878865748031495
11
6.5994824015748028
21
-3.8858974409448819
0
LINE
8
BLACK
6
CONTINUOUS
10
6.5994824015748028
20
-3.8858974409448819
11
6.6004923228346453
21
-3.8841482677165353
0
LINE
8
BLACK
6
CONTINUOUS
10
6.6004923228346453
20
-3.8841482677165353
11
6.6023903149606298
21
-3.8834574409448819
0
LINE
8
BLACK
6
CONTINUOUS
10
6.6023903149606298
20
-3.8834574409448819
11
6.605660708661417
21
-3.8834574409448819
0
LINE
8
BLACK
6
CONTINUOUS
10
6.605660708661417
20
-3.8834574409448819
11
6.6101690944881888
21
-3.8819546062992125
0
LINE
8
BLACK
6
CONTINUOUS
10
6.6101690944881888
20
-3.8819546062992125
11
6.6129328346456688
21
-3.8791908267716533
0
LINE
8
BLACK
6
CONTINUOUS
10
6.6129328346456688
20
-3.8791908267716533
11
6.6144356692913382
21
-3.8746824409448819
0
LINE
8
BLACK
6
CONTINUOUS
10
6.6144356692913382
20
-3.8746824409448819
11
6.6144356692913382
21
-3.8470401181102361
0
LINE
8
BLACK
6
CONTINUOUS
10
6.6144356692913382
20
-3.8470401181102361
11
6.6146137401574805
21
-3.8460301968503936
0
LINE
8
BLACK
6
CONTINUOUS
10
6.6146137401574805
20
-3.8460301968503936
11
6.6159120472440947
21
-3.8444829527559055
0
LINE
8
BLACK
6
CONTINUOUS
10
6.6159120472440947
20
-3.8444829527559055
11
6.6179011811023623
21
-3.8441322047244095
0
LINE
8
BLACK
6
CONTINUOUS
10
6.6179011811023623
20
-3.8441322047244095
11
6.6196503543307088
21
-3.845142125984252
0
LINE
8
BLACK
6
CONTINUOUS
10
6.6502693700787399
20
-3.8442654330708659
11
6.6504046062992126
21
-3.8443788976377951
0
LINE
8
BLACK
6
CONTINUOUS
10
6.6504046062992126
20
-3.8443788976377951
11
6.650579960629921
21
-3.844399094488189
0
LINE
8
BLACK
6
CONTINUOUS
10
6.650579960629921
20
-3.844399094488189
11
6.6543294881889761
21
-3.8462738582677165
0
LINE
8
BLACK
6
CONTINUOUS
10
6.6543294881889761
20
-3.8462738582677165
11
6.6550385433070867
21
-3.8467997637795275
0
LINE
8
BLACK
6
CONTINUOUS
10
6.6550385433070867
20
-3.8467997637795275
11
6.6550968897637794
21
-3.8468269685039371
0
LINE
8
BLACK
6
CONTINUOUS
10
6.6550968897637794
20
-3.8468269685039371
11
6.656971653543307
21
-3.8487017322834647
0
LINE
8
BLACK
6
CONTINUOUS
10
6.656971653543307
20
-3.8487017322834647
11
6.6574779133858266
21
-3.8494248031496063
0
LINE
8
BLACK
6
CONTINUOUS
10
6.6574779133858266
20
-3.8494248031496063
11
6.6575247637795272
21
-3.8494691338582676
0
LINE
8
BLACK
6
CONTINUOUS
10
6.6575247637795272
20
-3.8494691338582676
11
6.6593995275590547
21
-3.8532186614173227
0
LINE
8
BLACK
6
CONTINUOUS
10
6.6593995275590547
20
-3.8532186614173227
11
6.6596918897637796
21
-3.8542015748031497
0
LINE
8
BLACK
6
CONTINUOUS
10
6.6596918897637796
20
-3.8542015748031497
11
6.6596508661417317
21
-3.8543732677165354
0
LINE
8
BLACK
6
CONTINUOUS
10
6.6596508661417317
20
-3.8543732677165354
11
6.6597112598425197
21
-3.8545391732283463
0
LINE
8
BLACK
6
CONTINUOUS
10
6.6597112598425197
20
-3.8545391732283463
11
6.6597112598425197
21
-3.8564139370078738
0
LINE
8
BLACK
6
CONTINUOUS
10
6.6597112598425197
20
-3.8564139370078738
11
6.6595331889763774
21
-3.8574238582677163
0
LINE
8
BLACK
6
CONTINUOUS
10
6.6595331889763774
20
-3.8574238582677163
11
6.6594196850393699
21
-3.857559094488189
0
LINE
8
BLACK
6
CONTINUOUS
10
6.6594196850393699
20
-3.857559094488189
11
6.6593995275590547
21
-3.8577344488188974
0
LINE
8
BLACK
6
CONTINUOUS
10
6.6593995275590547
20
-3.8577344488188974
11
6.6575247637795272
21
-3.8614839763779525
0
LINE
8
BLACK
6
CONTINUOUS
10
6.6575247637795272
20
-3.8614839763779525
11
6.6569988582677162
21
-3.8621930314960631
0
LINE
8
BLACK
6
CONTINUOUS
10
6.6569988582677162
20
-3.8621930314960631
11
6.656971653543307
21
-3.8622513779527559
0
LINE
8
BLACK
6
CONTINUOUS
10
6.656971653543307
20
-3.8622513779527559
11
6.6553100393700788
21
-3.863912992125984
0
LINE
8
BLACK
6
CONTINUOUS
10
6.6553100393700788
20
-3.863912992125984
11
6.656971653543307
21
-3.8655746062992127
0
LINE
8
BLACK
6
CONTINUOUS
10
6.656971653543307
20
-3.8655746062992127
11
6.6574779133858266
21
-3.8662976771653543
0
LINE
8
BLACK
6
CONTINUOUS
10
6.6574779133858266
20
-3.8662976771653543
11
6.6575247637795272
21
-3.8663420078740156
0
LINE
8
BLACK
6
CONTINUOUS
10
6.6575247637795272
20
-3.8663420078740156
11
6.6593995275590547
21
-3.8700915354330707
0
LINE
8
BLACK
6
CONTINUOUS
10
6.6593995275590547
20
-3.8700915354330707
11
6.6596918897637796
21
-3.8710744488188977
0
LINE
8
BLACK
6
CONTINUOUS
10
6.6596918897637796
20
-3.8710744488188977
11
6.6596508661417317
21
-3.8712461417322834
0
LINE
8
BLACK
6
CONTINUOUS
10
6.6596508661417317
20
-3.8712461417322834
11
6.6597112598425197
21
-3.8714120472440943
0
LINE
8
BLACK
6
CONTINUOUS
10
6.6597112598425197
20
-3.8714120472440943
11
6.6597112598425197
21
-3.8789111023622045
0
LINE
8
BLACK
6
CONTINUOUS
10
6.6597112598425197
20
-3.8789111023622045
11
6.6595331889763774
21
-3.8799210236220469
0
LINE
8
BLACK
6
CONTINUOUS
10
6.6595331889763774
20
-3.8799210236220469
11
6.6594196850393699
21
-3.8800562598425197
0
LINE
8
BLACK
6
CONTINUOUS
10
6.6594196850393699
20
-3.8800562598425197
11
6.6593995275590547
21
-3.880231614173228
0
LINE
8
BLACK
6
CONTINUOUS
10
6.6593995275590547
20
-3.880231614173228
11
6.6575247637795272
21
-3.8839811417322836
0
LINE
8
BLACK
6
CONTINUOUS
10
6.6575247637795272
20
-3.8839811417322836
11
6.6569988188976374
21
-3.8846901968503937
0
LINE
8
BLACK
6
CONTINUOUS
10
6.6569988188976374
20
-3.8846901968503937
11
6.656971653543307
21
-3.8847485433070865
0
LINE
8
BLACK
6
CONTINUOUS
10
6.656971653543307
20
-3.8847485433070865
11
6.6550969291338582
21
-3.8866233070866141
0
LINE
8
BLACK
6
CONTINUOUS
10
6.6550969291338582
20
-3.8866233070866141
11
6.6543737401574798
21
-3.88712968503937
0
LINE
8
BLACK
6
CONTINUOUS
10
6.6543737401574798
20
-3.88712968503937
11
6.6543294881889761
21
-3.8871764566929135
0
LINE
8
BLACK
6
CONTINUOUS
10
6.6543294881889761
20
-3.8871764566929135
11
6.650579960629921
21
-3.889051220472441
0
LINE
8
BLACK
6
CONTINUOUS
10
6.650579960629921
20
-3.889051220472441
11
6.6495970078740152
21
-3.8893435826771654
0
LINE
8
BLACK
6
CONTINUOUS
10
6.6495970078740152
20
-3.8893435826771654
11
6.6494253149606299
21
-3.889302559055118
0
LINE
8
BLACK
6
CONTINUOUS
10
6.6494253149606299
20
-3.889302559055118
11
6.6492594488188974
21
-3.8893629527559055
0
LINE
8
BLACK
6
CONTINUOUS
10
6.6492594488188974
20
-3.8893629527559055
11
6.6417603937007872
21
-3.8893629527559055
0
LINE
8
BLACK
6
CONTINUOUS
10
6.6417603937007872
20
-3.8893629527559055
11
6.6407504724409447
21
-3.8891848818897636
0
LINE
8
BLACK
6
CONTINUOUS
10
6.6407504724409447
20
-3.8891848818897636
11
6.6406151968503933
21
-3.8890713779527557
0
LINE
8
BLACK
6
CONTINUOUS
10
6.6406151968503933
20
-3.8890713779527557
11
6.6404398818897636
21
-3.889051220472441
0
LINE
8
BLACK
6
CONTINUOUS
10
6.6404398818897636
20
-3.889051220472441
11
6.6366903543307085
21
-3.8871764566929135
0
LINE
8
BLACK
6
CONTINUOUS
10
6.6366903543307085
20
-3.8871764566929135
11
6.6359812204724404
21
-3.886650472440945
0
LINE
8
BLACK
6
CONTINUOUS
10
6.6359812204724404
20
-3.886650472440945
11
6.6359229133858264
21
-3.8866233070866141
0
LINE
8
BLACK
6
CONTINUOUS
10
6.6359229133858264
20
-3.8866233070866141
11
6.6340481496062988
21
-3.8847485039370078
0
LINE
8
BLACK
6
CONTINUOUS
10
6.6340481496062988
20
-3.8847485039370078
11
6.6335418503937005
21
-3.8840254330708661
0
LINE
8
BLACK
6
CONTINUOUS
10
6.6335418503937005
20
-3.8840254330708661
11
6.6334950787401574
21
-3.8839811417322836
0
LINE
8
BLACK
6
CONTINUOUS
10
6.6334950787401574
20
-3.8839811417322836
11
6.6316203149606299
21
-3.880231614173228
0
LINE
8
BLACK
6
CONTINUOUS
10
6.6316203149606299
20
-3.880231614173228
11
6.631327952755905
21
-3.8792486614173227
0
LINE
8
BLACK
6
CONTINUOUS
10
6.631327952755905
20
-3.8792486614173227
11
6.6313689370078741
21
-3.879076968503937
0
LINE
8
BLACK
6
CONTINUOUS
10
6.6313689370078741
20
-3.879076968503937
11
6.6313085826771649
21
-3.8789111023622045
0
LINE
8
BLACK
6
CONTINUOUS
10
6.6313085826771649
20
-3.8789111023622045
11
6.6313085826771649
21
-3.8714120472440943
0
LINE
8
BLACK
6
CONTINUOUS
10
6.6313085826771649
20
-3.8714120472440943
11
6.6314866535433072
21
-3.8704021259842518
0
LINE
8
BLACK
6
CONTINUOUS
10
6.6314866535433072
20
-3.8704021259842518
11
6.631600118110236
21
-3.8702668503937008
0
LINE
8
BLACK
6
CONTINUOUS
10
6.631600118110236
20
-3.8702668503937008
11
6.6316203149606299
21
-3.8700915354330707
0
LINE
8
BLACK
6
CONTINUOUS
10
6.6316203149606299
20
-3.8700915354330707
11
6.6334950787401574
21
-3.8663420078740156
0
LINE
8
BLACK
6
CONTINUOUS
10
6.6334950787401574
20
-3.8663420078740156
11
6.6340209842519684
21
-3.8656329133858267
0
LINE
8
BLACK
6
CONTINUOUS
10
6.6340209842519684
20
-3.8656329133858267
11
6.6340481889763776
21
-3.8655746062992127
0
LINE
8
BLACK
6
CONTINUOUS
10
6.6340481889763776
20
-3.8655746062992127
11
6.6357098031496058
21
-3.863912992125984
0
LINE
8
BLACK
6
CONTINUOUS
10
6.6357098031496058
20
-3.863912992125984
11
6.6340481889763776
21
-3.8622513779527559
0
LINE
8
BLACK
6
CONTINUOUS
10
6.6340481889763776
20
-3.8622513779527559
11
6.6335418897637792
21
-3.8615282677165355
0
LINE
8
BLACK
6
CONTINUOUS
10
6.6335418897637792
20
-3.8615282677165355
11
6.6334950787401574
21
-3.8614839763779525
0
LINE
8
BLACK
6
CONTINUOUS
10
6.6334950787401574
20
-3.8614839763779525
11
6.6316203149606299
21
-3.8577344488188974
0
LINE
8
BLACK
6
CONTINUOUS
10
6.6316203149606299
20
-3.8577344488188974
11
6.631327952755905
21
-3.8567514960629921
0
LINE
8
BLACK
6
CONTINUOUS
10
6.631327952755905
20
-3.8567514960629921
11
6.6313689370078741
21
-3.8565798031496064
0
LINE
8
BLACK
6
CONTINUOUS
10
6.6313689370078741
20
-3.8565798031496064
11
6.6313085826771649
21
-3.8564139370078738
0
LINE
8
BLACK
6
CONTINUOUS
10
6.6313085826771649
20
-3.8564139370078738
11
6.6313085826771649
21
-3.8545391732283463
0
LINE
8
BLACK
6
CONTINUOUS
10
6.6313085826771649
20
-3.8545391732283463
11
6.6314866535433072
21
-3.8535292519685038
0
LINE
8
BLACK
6
CONTINUOUS
10
6.6314866535433072
20
-3.8535292519685038
11
6.631600118110236
21
-3.8533939763779528
0
LINE
8
BLACK
6
CONTINUOUS
10
6.631600118110236
20
-3.8533939763779528
11
6.6316203149606299
21
-3.8532186614173227
0
LINE
8
BLACK
6
CONTINUOUS
10
6.6316203149606299
20
-3.8532186614173227
11
6.6334950787401574
21
-3.8494691338582676
0
LINE
8
BLACK
6
CONTINUOUS
10
6.6334950787401574
20
-3.8494691338582676
11
6.6340209842519684
21
-3.8487600393700787
0
LINE
8
BLACK
6
CONTINUOUS
10
6.6340209842519684
20
-3.8487600393700787
11
6.6340481889763776
21
-3.8487017322834647
0
LINE
8
BLACK
6
CONTINUOUS
10
6.6340481889763776
20
-3.8487017322834647
11
6.6359229527559052
21
-3.8468269685039371
0
LINE
8
BLACK
6
CONTINUOUS
10
6.6359229527559052
20
-3.8468269685039371
11
6.6366460236220473
21
-3.8463206692913383
0
LINE
8
BLACK
6
CONTINUOUS
10
6.6366460236220473
20
-3.8463206692913383
11
6.6366903543307085
21
-3.8462738582677165
0
LINE
8
BLACK
6
CONTINUOUS
10
6.6366903543307085
20
-3.8462738582677165
11
6.6404398818897636
21
-3.844399094488189
0
LINE
8
BLACK
6
CONTINUOUS
10
6.6404398818897636
20
-3.844399094488189
11
6.6414227952755907
21
-3.8441067322834646
0
LINE
8
BLACK
6
CONTINUOUS
10
6.6414227952755907
20
-3.8441067322834646
11
6.6415944881889759
21
-3.8441477165354332
0
LINE
8
BLACK
6
CONTINUOUS
10
6.6415944881889759
20
-3.8441477165354332
11
6.6417603937007872
21
-3.8440873622047245
0
LINE
8
BLACK
6
CONTINUOUS
10
6.6417603937007872
20
-3.8440873622047245
11
6.6492594488188974
21
-3.8440873622047245
0
LINE
8
BLACK
6
CONTINUOUS
10
6.6492594488188974
20
-3.8440873622047245
11
6.6502693700787399
21
-3.8442654330708659
0
LINE
8
BLACK
6
CONTINUOUS
10
6.6397599606299211
20
-3.8682144881889764
11
6.6385628346456693
21
-3.8694116141732282
0
LINE
8
BLACK
6
CONTINUOUS
10
6.6385628346456693
20
-3.8694116141732282
11
6.637214094488189
21
-3.8721090944881889
0
LINE
8
BLACK
6
CONTINUOUS
10
6.637214094488189
20
-3.8721090944881889
11
6.637214094488189
21
-3.8782140551181103
0
LINE
8
BLACK
6
CONTINUOUS
10
6.637214094488189
20
-3.8782140551181103
11
6.6385628346456693
21
-3.880911535433071
0
LINE
8
BLACK
6
CONTINUOUS
10
6.6385628346456693
20
-3.880911535433071
11
6.6397599606299211
21
-3.8821087007874016
0
LINE
8
BLACK
6
CONTINUOUS
10
6.6397599606299211
20
-3.8821087007874016
11
6.6424574409448818
21
-3.8834574409448819
0
LINE
8
BLACK
6
CONTINUOUS
10
6.6424574409448818
20
-3.8834574409448819
11
6.6485624015748028
21
-3.8834574409448819
0
LINE
8
BLACK
6
CONTINUOUS
10
6.6485624015748028
20
-3.8834574409448819
11
6.6512598425196847
21
-3.8821087007874016
0
LINE
8
BLACK
6
CONTINUOUS
10
6.6512598425196847
20
-3.8821087007874016
11
6.6524569685039365
21
-3.880911535433071
0
LINE
8
BLACK
6
CONTINUOUS
10
6.6524569685039365
20
-3.880911535433071
11
6.6538057480314956
21
-3.8782140551181103
0
LINE
8
BLACK
6
CONTINUOUS
10
6.6538057480314956
20
-3.8782140551181103
11
6.6538057480314956
21
-3.8721090944881889
0
LINE
8
BLACK
6
CONTINUOUS
10
6.6538057480314956
20
-3.8721090944881889
11
6.6524570078740153
21
-3.8694116141732282
0
LINE
8
BLACK
6
CONTINUOUS
10
6.6524570078740153
20
-3.8694116141732282
11
6.6512598818897635
21
-3.8682144881889764
0
LINE
8
BLACK
6
CONTINUOUS
10
6.6512598818897635
20
-3.8682144881889764
11
6.6485624015748028
21
-3.8668657480314961
0
LINE
8
BLACK
6
CONTINUOUS
10
6.6485624015748028
20
-3.8668657480314961
11
6.6424574409448818
21
-3.8668657480314961
0
LINE
8
BLACK
6
CONTINUOUS
10
6.6424574409448818
20
-3.8668657480314961
11
6.6397599606299211
21
-3.8682144881889764
0
LINE
8
BLACK
6
CONTINUOUS
10
6.6397599606299211
20
-3.8513416141732284
11
6.6385628346456693
21
-3.8525387401574802
0
LINE
8
BLACK
6
CONTINUOUS
10
6.6385628346456693
20
-3.8525387401574802
11
6.637214094488189
21
-3.8552362204724409
0
LINE
8
BLACK
6
CONTINUOUS
10
6.637214094488189
20
-3.8552362204724409
11
6.637214094488189
21
-3.8557168897637792
0
LINE
8
BLACK
6
CONTINUOUS
10
6.637214094488189
20
-3.8557168897637792
11
6.6385628346456693
21
-3.8584143700787399
0
LINE
8
BLACK
6
CONTINUOUS
10
6.6385628346456693
20
-3.8584143700787399
11
6.6397599606299211
21
-3.8596114960629921
0
LINE
8
BLACK
6
CONTINUOUS
10
6.6397599606299211
20
-3.8596114960629921
11
6.6424574409448818
21
-3.8609602362204725
0
LINE
8
BLACK
6
CONTINUOUS
10
6.6424574409448818
20
-3.8609602362204725
11
6.6485624015748028
21
-3.8609602362204725
0
LINE
8
BLACK
6
CONTINUOUS
10
6.6485624015748028
20
-3.8609602362204725
11
6.6512598818897635
21
-3.8596114960629921
0
LINE
8
BLACK
6
CONTINUOUS
10
6.6512598818897635
20
-3.8596114960629921
11
6.6524570078740153
21
-3.8584143700787399
0
LINE
8
BLACK
6
CONTINUOUS
10
6.6524570078740153
20
-3.8584143700787399
11
6.6538057480314956
21
-3.8557168897637792
0
LINE
8
BLACK
6
CONTINUOUS
10
6.6538057480314956
20
-3.8557168897637792
11
6.6538057480314956
21
-3.8552362204724409
0
LINE
8
BLACK
6
CONTINUOUS
10
6.6538057480314956
20
-3.8552362204724409
11
6.6524570078740153
21
-3.8525387401574802
0
LINE
8
BLACK
6
CONTINUOUS
10
6.6524570078740153
20
-3.8525387401574802
11
6.6512598818897635
21
-3.8513416141732284
0
LINE
8
BLACK
6
CONTINUOUS
10
6.6512598818897635
20
-3.8513416141732284
11
6.6485624015748028
21
-3.8499928740157481
0
LINE
8
BLACK
6
CONTINUOUS
10
6.6485624015748028
20
-3.8499928740157481
11
6.6424574409448818
21
-3.8499928740157481
0
LINE
8
BLACK
6
CONTINUOUS
10
6.6424574409448818
20
-3.8499928740157481
11
6.6397599606299211
21
-3.8513416141732284
0
LINE
8
BLACK
6
CONTINUOUS
10
6.6493237007874013
20
-3.7698885039370076
11
6.6615351574803148
21
-3.7730238582677162
0
LINE
8
BLACK
6
CONTINUOUS
10
6.6615351574803148
20
-3.7730238582677162
11
6.6732573622047244
21
-3.7776649999999998
0
LINE
8
BLACK
6
CONTINUOUS
10
6.6732573622047244
20
-3.7776649999999998
11
6.6843054330708656
21
-3.7837387401574802
0
LINE
8
BLACK
6
CONTINUOUS
10
6.6843054330708656
20
-3.7837387401574802
11
6.6945051574803145
21
-3.7911492519685037
0
LINE
8
BLACK
6
CONTINUOUS
10
6.6945051574803145
20
-3.7911492519685037
11
6.7036956692913385
21
-3.7997797244094489
0
LINE
8
BLACK
6
CONTINUOUS
10
6.7036956692913385
20
-3.7997797244094489
11
6.7117320078740157
21
-3.8094940157480313
0
LINE
8
BLACK
6
CONTINUOUS
10
6.7117320078740157
20
-3.8094940157480313
11
6.7184874803149608
21
-3.8201388976377952
0
LINE
8
BLACK
6
CONTINUOUS
10
6.7184874803149608
20
-3.8201388976377952
11
6.7238555118110233
21
-3.8315465354330707
0
LINE
8
BLACK
6
CONTINUOUS
10
6.7238555118110233
20
-3.8315465354330707
11
6.7277514566929133
21
-3.8435370472440944
0
LINE
8
BLACK
6
CONTINUOUS
10
6.7277514566929133
20
-3.8435370472440944
11
6.7301138582677167
21
-3.8559212598425194
0
LINE
8
BLACK
6
CONTINUOUS
10
6.7301138582677167
20
-3.8559212598425194
11
6.7309055118110237
21
-3.868503937007874
0
LINE
8
BLACK
6
CONTINUOUS
10
6.7309055118110237
20
-3.868503937007874
11
6.7301138582677167
21
-3.8810866141732281
0
LINE
8
BLACK
6
CONTINUOUS
10
6.7301138582677167
20
-3.8810866141732281
11
6.7277514566929133
21
-3.8934708267716536
0
LINE
8
BLACK
6
CONTINUOUS
10
6.7277514566929133
20
-3.8934708267716536
11
6.7238555118110233
21
-3.9054613385826769
0
LINE
8
BLACK
6
CONTINUOUS
10
6.7238555118110233
20
-3.9054613385826769
11
6.7184874803149608
21
-3.9168689763779527
0
LINE
8
BLACK
6
CONTINUOUS
10
6.7184874803149608
20
-3.9168689763779527
11
6.7117320078740157
21
-3.9275138582677163
0
LINE
8
BLACK
6
CONTINUOUS
10
6.7117320078740157
20
-3.9275138582677163
11
6.7036956692913385
21
-3.9372281496062991
0
LINE
8
BLACK
6
CONTINUOUS
10
6.7036956692913385
20
-3.9372281496062991
11
6.6945051574803145
21
-3.9458586220472438
0
LINE
8
BLACK
6
CONTINUOUS
10
6.6945051574803145
20
-3.9458586220472438
11
6.6843054330708656
21
-3.9532691338582677
0
LINE
8
BLACK
6
CONTINUOUS
10
6.6843054330708656
20
-3.9532691338582677
11
6.6732573622047244
21
-3.9593428740157481
0
LINE
8
BLACK
6
CONTINUOUS
10
6.6732573622047244
20
-3.9593428740157481
11
6.6615351574803148
21
-3.9639840157480313
0
LINE
8
BLACK
6
CONTINUOUS
10
6.6615351574803148
20
-3.9639840157480313
11
6.6493237007874013
21
-3.9671193700787399
0
LINE
8
BLACK
6
CONTINUOUS
10
6.6493237007874013
20
-3.9671193700787399
11
6.6368155905511808
21
-3.9686995275590551
0
LINE
8
BLACK
6
CONTINUOUS
10
6.6368155905511808
20
-3.9686995275590551
11
6.624208031496063
21
-3.9686995275590551
0
LINE
8
BLACK
6
CONTINUOUS
10
6.624208031496063
20
-3.9686995275590551
11
6.6116999212598424
21
-3.9671193700787399
0
LINE
8
BLACK
6
CONTINUOUS
10
6.6116999212598424
20
-3.9671193700787399
11
6.5994884645669289
21
-3.9639840157480313
0
LINE
8
BLACK
6
CONTINUOUS
10
6.5994884645669289
20
-3.9639840157480313
11
6.5877662598425193
21
-3.9593428740157481
0
LINE
8
BLACK
6
CONTINUOUS
10
6.5877662598425193
20
-3.9593428740157481
11
6.5767181889763782
21
-3.9532691338582677
0
LINE
8
BLACK
6
CONTINUOUS
10
6.5767181889763782
20
-3.9532691338582677
11
6.5665184645669292
21
-3.9458586220472438
0
LINE
8
BLACK
6
CONTINUOUS
10
6.5665184645669292
20
-3.9458586220472438
11
6.5573279527559052
21
-3.9372281496062991
0
LINE
8
BLACK
6
CONTINUOUS
10
6.5573279527559052
20
-3.9372281496062991
11
6.549291614173228
21
-3.9275138582677163
0
LINE
8
BLACK
6
CONTINUOUS
10
6.549291614173228
20
-3.9275138582677163
11
6.5425361417322829
21
-3.9168689763779527
0
LINE
8
BLACK
6
CONTINUOUS
10
6.5425361417322829
20
-3.9168689763779527
11
6.5371681102362205
21
-3.9054613385826769
0
LINE
8
BLACK
6
CONTINUOUS
10
6.5371681102362205
20
-3.9054613385826769
11
6.5332721653543304
21
-3.8934708267716536
0
LINE
8
BLACK
6
CONTINUOUS
10
6.5332721653543304
20
-3.8934708267716536
11
6.530909763779527
21
-3.8810866141732281
0
LINE
8
BLACK
6
CONTINUOUS
10
6.530909763779527
20
-3.8810866141732281
11
6.53011811023622
21
-3.868503937007874
0
LINE
8
BLACK
6
CONTINUOUS
10
6.53011811023622
20
-3.868503937007874
11
6.530909763779527
21
-3.8559212598425194
0
LINE
8
BLACK
6
CONTINUOUS
10
6.530909763779527
20
-3.8559212598425194
11
6.5332721653543304
21
-3.8435370472440944
0
LINE
8
BLACK
6
CONTINUOUS
10
6.5332721653543304
20
-3.8435370472440944
11
6.5371681102362205
21
-3.8315465354330707
0
LINE
8
BLACK
6
CONTINUOUS
10
6.5371681102362205
20
-3.8315465354330707
11
6.5425361417322829
21
-3.8201388976377952
0
LINE
8
BLACK
6
CONTINUOUS
10
6.5425361417322829
20
-3.8201388976377952
11
6.549291614173228
21
-3.8094940157480313
0
LINE
8
BLACK
6
CONTINUOUS
10
6.549291614173228
20
-3.8094940157480313
11
6.5573279527559052
21
-3.7997797244094489
0
LINE
8
BLACK
6
CONTINUOUS
10
6.5573279527559052
20
-3.7997797244094489
11
6.5665184645669292
21
-3.7911492519685037
0
LINE
8
BLACK
6
CONTINUOUS
10
6.5665184645669292
20
-3.7911492519685037
11
6.5767181889763782
21
-3.7837387401574802
0
LINE
8
BLACK
6
CONTINUOUS
10
6.5767181889763782
20
-3.7837387401574802
11
6.5877662598425193
21
-3.7776649999999998
0
LINE
8
BLACK
6
CONTINUOUS
10
6.5877662598425193
20
-3.7776649999999998
11
6.5994884645669289
21
-3.7730238582677162
0
LINE
8
BLACK
6
CONTINUOUS
10
6.5994884645669289
20
-3.7730238582677162
11
6.6116999212598424
21
-3.7698885039370076
0
LINE
8
BLACK
6
CONTINUOUS
10
6.6116999212598424
20
-3.7698885039370076
11
6.624208031496063
21
-3.7683083464566929
0
LINE
8
BLACK
6
CONTINUOUS
10
6.624208031496063
20
-3.7683083464566929
11
6.6368155905511808
21
-3.7683083464566929
0
LINE
8
BLACK
6
CONTINUOUS
10
6.6368155905511808
20
-3.7683083464566929
11
6.6493237007874013
21
-3.7698885039370076
0
LINE
8
BLACK
6
CONTINUOUS
10
6.5346264960629918
20
-3.8806170866141732
11
6.5369007480314956
21
-3.8925391732283465
0
LINE
8
BLACK
6
CONTINUOUS
10
6.5369007480314956
20
-3.8925391732283465
11
6.540651338582677
21
-3.9040822047244093
0
LINE
8
BLACK
6
CONTINUOUS
10
6.540651338582677
20
-3.9040822047244093
11
6.5458190551181099
21
-3.9150641732283464
0
LINE
8
BLACK
6
CONTINUOUS
10
6.5458190551181099
20
-3.9150641732283464
11
6.5523224015748029
21
-3.9253118503937006
0
LINE
8
BLACK
6
CONTINUOUS
10
6.5523224015748029
20
-3.9253118503937006
11
6.5600588976377949
21
-3.934663622047244
0
LINE
8
BLACK
6
CONTINUOUS
10
6.5600588976377949
20
-3.934663622047244
11
6.568906456692913
21
-3.9429720472440946
0
LINE
8
BLACK
6
CONTINUOUS
10
6.568906456692913
20
-3.9429720472440946
11
6.578725551181102
21
-3.9501060236220473
0
LINE
8
BLACK
6
CONTINUOUS
10
6.578725551181102
20
-3.9501060236220473
11
6.5893613385826768
21
-3.9559531102362202
0
LINE
8
BLACK
6
CONTINUOUS
10
6.5893613385826768
20
-3.9559531102362202
11
6.6006461023622043
21
-3.9604210629921259
0
LINE
8
BLACK
6
CONTINUOUS
10
6.6006461023622043
20
-3.9604210629921259
11
6.6124018897637793
21
-3.9634394488188978
0
LINE
8
BLACK
6
CONTINUOUS
10
6.6124018897637793
20
-3.9634394488188978
11
6.6244432677165355
21
-3.9649606299212596
0
LINE
8
BLACK
6
CONTINUOUS
10
6.6244432677165355
20
-3.9649606299212596
11
6.6365803543307083
21
-3.9649606299212596
0
LINE
8
BLACK
6
CONTINUOUS
10
6.6365803543307083
20
-3.9649606299212596
11
6.6486217322834644
21
-3.9634394488188978
0
LINE
8
BLACK
6
CONTINUOUS
10
6.6486217322834644
20
-3.9634394488188978
11
6.6603775196850394
21
-3.9604210629921259
0
LINE
8
BLACK
6
CONTINUOUS
10
6.6603775196850394
20
-3.9604210629921259
11
6.6716622834645669
21
-3.9559531102362202
0
LINE
8
BLACK
6
CONTINUOUS
10
6.6716622834645669
20
-3.9559531102362202
11
6.6822980708661417
21
-3.9501060236220473
0
LINE
8
BLACK
6
CONTINUOUS
10
6.6822980708661417
20
-3.9501060236220473
11
6.6921171653543308
21
-3.9429720472440946
0
LINE
8
BLACK
6
CONTINUOUS
10
6.6921171653543308
20
-3.9429720472440946
11
6.7009647244094488
21
-3.934663622047244
0
LINE
8
BLACK
6
CONTINUOUS
10
6.7009647244094488
20
-3.934663622047244
11
6.7087012204724408
21
-3.9253118503937006
0
LINE
8
BLACK
6
CONTINUOUS
10
6.7087012204724408
20
-3.9253118503937006
11
6.7152045669291338
21
-3.9150641732283464
0
LINE
8
BLACK
6
CONTINUOUS
10
6.7152045669291338
20
-3.9150641732283464
11
6.7203722834645667
21
-3.9040822047244093
0
LINE
8
BLACK
6
CONTINUOUS
10
6.7203722834645667
20
-3.9040822047244093
11
6.7241228740157482
21
-3.8925391732283465
0
LINE
8
BLACK
6
CONTINUOUS
10
6.7241228740157482
20
-3.8925391732283465
11
6.7263971259842519
21
-3.8806170866141732
0
LINE
8
BLACK
6
CONTINUOUS
10
6.7263971259842519
20
-3.8806170866141732
11
6.7271592125984254
21
-3.868503937007874
0
LINE
8
BLACK
6
CONTINUOUS
10
6.7271592125984254
20
-3.868503937007874
11
6.7263971259842519
21
-3.8563907874015748
0
LINE
8
BLACK
6
CONTINUOUS
10
6.7263971259842519
20
-3.8563907874015748
11
6.7241228740157482
21
-3.8444687007874014
0
LINE
8
BLACK
6
CONTINUOUS
10
6.7241228740157482
20
-3.8444687007874014
11
6.7203722834645667
21
-3.8329256692913387
0
LINE
8
BLACK
6
CONTINUOUS
10
6.7203722834645667
20
-3.8329256692913387
11
6.7152045669291338
21
-3.8219437007874015
0
LINE
8
BLACK
6
CONTINUOUS
10
6.7152045669291338
20
-3.8219437007874015
11
6.7087012204724408
21
-3.811696023622047
0
LINE
8
BLACK
6
CONTINUOUS
10
6.7087012204724408
20
-3.811696023622047
11
6.7009647244094488
21
-3.802344251968504
0
LINE
8
BLACK
6
CONTINUOUS
10
6.7009647244094488
20
-3.802344251968504
11
6.6921171653543308
21
-3.7940358267716534
0
LINE
8
BLACK
6
CONTINUOUS
10
6.6921171653543308
20
-3.7940358267716534
11
6.6822980708661417
21
-3.7869018503937006
0
LINE
8
BLACK
6
CONTINUOUS
10
6.6822980708661417
20
-3.7869018503937006
11
6.6716622834645669
21
-3.7810547637795273
0
LINE
8
BLACK
6
CONTINUOUS
10
6.6716622834645669
20
-3.7810547637795273
11
6.6603775196850394
21
-3.776586811023622
0
LINE
8
BLACK
6
CONTINUOUS
10
6.6603775196850394
20
-3.776586811023622
11
6.6486217322834644
21
-3.7735684251968502
0
LINE
8
BLACK
6
CONTINUOUS
10
6.6486217322834644
20
-3.7735684251968502
11
6.6365803543307083
21
-3.7720472440944879
0
LINE
8
BLACK
6
CONTINUOUS
10
6.6365803543307083
20
-3.7720472440944879
11
6.6244432677165355
21
-3.7720472440944879
0
LINE
8
BLACK
6
CONTINUOUS
10
6.6244432677165355
20
-3.7720472440944879
11
6.6124018897637793
21
-3.7735684251968502
0
LINE
8
BLACK
6
CONTINUOUS
10
6.6124018897637793
20
-3.7735684251968502
11
6.6006461023622043
21
-3.776586811023622
0
LINE
8
BLACK
6
CONTINUOUS
10
6.6006461023622043
20
-3.776586811023622
11
6.5893613385826768
21
-3.7810547637795273
0
LINE
8
BLACK
6
CONTINUOUS
10
6.5893613385826768
20
-3.7810547637795273
11
6.578725551181102
21
-3.7869018503937006
0
LINE
8
BLACK
6
CONTINUOUS
10
6.578725551181102
20
-3.7869018503937006
11
6.568906456692913
21
-3.7940358267716534
0
LINE
8
BLACK
6
CONTINUOUS
10
6.568906456692913
20
-3.7940358267716534
11
6.5600588976377949
21
-3.802344251968504
0
LINE
8
BLACK
6
CONTINUOUS
10
6.5600588976377949
20
-3.802344251968504
11
6.5523224015748029
21
-3.811696023622047
0
LINE
8
BLACK
6
CONTINUOUS
10
6.5523224015748029
20
-3.811696023622047
11
6.5458190551181099
21
-3.8219437007874015
0
LINE
8
BLACK
6
CONTINUOUS
10
6.5458190551181099
20
-3.8219437007874015
11
6.540651338582677
21
-3.8329256692913387
0
LINE
8
BLACK
6
CONTINUOUS
10
6.540651338582677
20
-3.8329256692913387
11
6.5369007480314956
21
-3.8444687007874014
0
LINE
8
BLACK
6
CONTINUOUS
10
6.5369007480314956
20
-3.8444687007874014
11
6.5346264960629918
21
-3.8563907874015748
0
LINE
8
BLACK
6
CONTINUOUS
10
6.5346264960629918
20
-3.8563907874015748
11
6.5338644094488192
21
-3.868503937007874
0
LINE
8
BLACK
6
CONTINUOUS
10
6.5338644094488192
20
-3.868503937007874
11
6.5346264960629918
21
-3.8806170866141732
0
LINE
8
BLACK
6
CONTINUOUS
10
6.7663385826771654
20
-3.7307086614173226
11
6.7677305118110231
21
-3.7312852362204723
0
LINE
8
BLACK
6
CONTINUOUS
10
6.7677305118110231
20
-3.7312852362204723
11
6.7683070866141728
21
-3.7326771653543305
0
LINE
8
BLACK
6
CONTINUOUS
10
6.7683070866141728
20
-3.7326771653543305
11
6.7683070866141728
21
-4.004330708661417
0
LINE
8
BLACK
6
CONTINUOUS
10
6.7683070866141728
20
-4.004330708661417
11
6.7677305118110231
21
-4.0057226377952757
0
LINE
8
BLACK
6
CONTINUOUS
10
6.7677305118110231
20
-4.0057226377952757
11
6.7663385826771654
21
-4.0062992125984254
0
LINE
8
BLACK
6
CONTINUOUS
10
6.7663385826771654
20
-4.0062992125984254
11
6.4946850393700783
21
-4.0062992125984254
0
LINE
8
BLACK
6
CONTINUOUS
10
6.4946850393700783
20
-4.0062992125984254
11
6.4932931102362206
21
-4.0057226377952757
0
LINE
8
BLACK
6
CONTINUOUS
10
6.4932931102362206
20
-4.0057226377952757
11
6.4927165354330709
21
-4.004330708661417
0
LINE
8
BLACK
6
CONTINUOUS
10
6.4927165354330709
20
-4.004330708661417
11
6.4927165354330709
21
-3.7326771653543305
0
LINE
8
BLACK
6
CONTINUOUS
10
6.4927165354330709
20
-3.7326771653543305
11
6.4932931102362206
21
-3.7312852362204723
0
LINE
8
BLACK
6
CONTINUOUS
10
6.4932931102362206
20
-3.7312852362204723
11
6.4946850393700783
21
-3.7307086614173226
0
LINE
8
BLACK
6
CONTINUOUS
10
6.4946850393700783
20
-3.7307086614173226
11
6.7663385826771654
21
-3.7307086614173226
0
LINE
8
BLACK
6
CONTINUOUS
10
6.4966535433070867
20
-3.7346456692913383
11
6.4966535433070867
21
-4.0023622047244096
0
LINE
8
BLACK
6
CONTINUOUS
10
6.4966535433070867
20
-4.0023622047244096
11
6.7643700787401571
21
-4.0023622047244096
0
LINE
8
BLACK
6
CONTINUOUS
10
6.7643700787401571
20
-4.0023622047244096
11
6.7643700787401571
21
-3.7346456692913383
0
LINE
8
BLACK
6
CONTINUOUS
10
6.7643700787401571
20
-3.7346456692913383
11
6.4966535433070867
21
-3.7346456692913383
0
LINE
8
BLACK
6
CONTINUOUS
10
5.4976353937007874
20
-3.5930595275590549
11
5.4976997637795275
21
-3.5930577952755907
0
LINE
8
BLACK
6
CONTINUOUS
10
5.4976997637795275
20
-3.5930577952755907
11
5.5033240551181102
21
-3.5949325590551182
0
LINE
8
BLACK
6
CONTINUOUS
10
5.5033240551181102
20
-3.5949325590551182
11
5.5042258267716537
21
-3.5954208267716536
0
LINE
8
BLACK
6
CONTINUOUS
10
5.5042258267716537
20
-3.5954208267716536
11
5.5052831102362205
21
-3.5971418110236222
0
LINE
8
BLACK
6
CONTINUOUS
10
5.5052831102362205
20
-3.5971418110236222
11
5.5049868503937009
21
-3.5991397637795273
0
LINE
8
BLACK
6
CONTINUOUS
10
5.5049868503937009
20
-3.5991397637795273
11
5.5034755905511812
21
-3.6004798425196851
0
LINE
8
BLACK
6
CONTINUOUS
10
5.5034755905511812
20
-3.6004798425196851
11
5.5014565354330704
21
-3.6005349999999998
0
LINE
8
BLACK
6
CONTINUOUS
10
5.5014565354330704
20
-3.6005349999999998
11
5.4962868897637795
21
-3.5988117716535433
0
LINE
8
BLACK
6
CONTINUOUS
10
5.4962868897637795
20
-3.5988117716535433
11
5.4880892519685034
21
-3.5988117716535433
0
LINE
8
BLACK
6
CONTINUOUS
10
5.4880892519685034
20
-3.5988117716535433
11
5.4853917716535427
21
-3.6001605118110236
0
LINE
8
BLACK
6
CONTINUOUS
10
5.4853917716535427
20
-3.6001605118110236
11
5.4841946456692909
21
-3.6013576377952754
0
LINE
8
BLACK
6
CONTINUOUS
10
5.4841946456692909
20
-3.6013576377952754
11
5.4828459055118106
21
-3.604055118110236
0
LINE
8
BLACK
6
CONTINUOUS
10
5.4828459055118106
20
-3.604055118110236
11
5.4828459055118106
21
-3.6064105511811024
0
LINE
8
BLACK
6
CONTINUOUS
10
5.4828459055118106
20
-3.6064105511811024
11
5.4841946456692909
21
-3.6091080314960631
0
LINE
8
BLACK
6
CONTINUOUS
10
5.4841946456692909
20
-3.6091080314960631
11
5.4853917716535427
21
-3.6103051574803149
0
LINE
8
BLACK
6
CONTINUOUS
10
5.4853917716535427
20
-3.6103051574803149
11
5.4884227559055114
21
-3.6118206299212599
0
LINE
8
BLACK
6
CONTINUOUS
10
5.4884227559055114
20
-3.6118206299212599
11
5.4956074015748033
21
-3.613616811023622
0
LINE
8
BLACK
6
CONTINUOUS
10
5.4956074015748033
20
-3.613616811023622
11
5.4960728346456689
21
-3.6138243700787402
0
LINE
8
BLACK
6
CONTINUOUS
10
5.4960728346456689
20
-3.6138243700787402
11
5.4962117716535435
21
-3.6138403937007872
0
LINE
8
BLACK
6
CONTINUOUS
10
5.4962117716535435
20
-3.6138403937007872
11
5.4999612992125986
21
-3.6157151574803148
0
LINE
8
BLACK
6
CONTINUOUS
10
5.4999612992125986
20
-3.6157151574803148
11
5.5006703543307083
21
-3.6162410629921258
0
LINE
8
BLACK
6
CONTINUOUS
10
5.5006703543307083
20
-3.6162410629921258
11
5.5007287007874011
21
-3.6162682677165354
0
LINE
8
BLACK
6
CONTINUOUS
10
5.5007287007874011
20
-3.6162682677165354
11
5.5026034645669286
21
-3.618143031496063
0
LINE
8
BLACK
6
CONTINUOUS
10
5.5026034645669286
20
-3.618143031496063
11
5.5031097244094491
21
-3.6188661023622046
0
LINE
8
BLACK
6
CONTINUOUS
10
5.5031097244094491
20
-3.6188661023622046
11
5.5031565748031497
21
-3.6189104330708659
0
LINE
8
BLACK
6
CONTINUOUS
10
5.5031565748031497
20
-3.6189104330708659
11
5.5050313385826772
21
-3.622659960629921
0
LINE
8
BLACK
6
CONTINUOUS
10
5.5050313385826772
20
-3.622659960629921
11
5.5053237007874012
21
-3.623642874015748
0
LINE
8
BLACK
6
CONTINUOUS
10
5.5053237007874012
20
-3.623642874015748
11
5.5052826771653542
21
-3.6238145669291337
0
LINE
8
BLACK
6
CONTINUOUS
10
5.5052826771653542
20
-3.6238145669291337
11
5.5053430708661413
21
-3.623980472440945
0
LINE
8
BLACK
6
CONTINUOUS
10
5.5053430708661413
20
-3.623980472440945
11
5.5053430708661413
21
-3.6277300000000001
0
LINE
8
BLACK
6
CONTINUOUS
10
5.5053430708661413
20
-3.6277300000000001
11
5.5051649999999999
21
-3.6287399212598426
0
LINE
8
BLACK
6
CONTINUOUS
10
5.5051649999999999
20
-3.6287399212598426
11
5.5050514960629924
21
-3.6288751574803149
0
LINE
8
BLACK
6
CONTINUOUS
10
5.5050514960629924
20
-3.6288751574803149
11
5.5050313385826772
21
-3.6290505118110237
0
LINE
8
BLACK
6
CONTINUOUS
10
5.5050313385826772
20
-3.6290505118110237
11
5.5031565748031497
21
-3.6328000393700788
0
LINE
8
BLACK
6
CONTINUOUS
10
5.5031565748031497
20
-3.6328000393700788
11
5.50263062992126
21
-3.6335090944881889
0
LINE
8
BLACK
6
CONTINUOUS
10
5.50263062992126
20
-3.6335090944881889
11
5.5026034645669286
21
-3.6335674409448817
0
LINE
8
BLACK
6
CONTINUOUS
10
5.5026034645669286
20
-3.6335674409448817
11
5.5007287401574798
21
-3.6354422047244093
0
LINE
8
BLACK
6
CONTINUOUS
10
5.5007287401574798
20
-3.6354422047244093
11
5.5000055511811023
21
-3.6359485826771651
0
LINE
8
BLACK
6
CONTINUOUS
10
5.5000055511811023
20
-3.6359485826771651
11
5.4999612992125986
21
-3.6359953543307086
0
LINE
8
BLACK
6
CONTINUOUS
10
5.4999612992125986
20
-3.6359953543307086
11
5.4962117716535435
21
-3.6378701181102362
0
LINE
8
BLACK
6
CONTINUOUS
10
5.4962117716535435
20
-3.6378701181102362
11
5.4952288188976377
21
-3.6381624803149606
0
LINE
8
BLACK
6
CONTINUOUS
10
5.4952288188976377
20
-3.6381624803149606
11
5.4950571259842516
21
-3.6381214566929132
0
LINE
8
BLACK
6
CONTINUOUS
10
5.4950571259842516
20
-3.6381214566929132
11
5.4948912598425199
21
-3.6381818503937007
0
LINE
8
BLACK
6
CONTINUOUS
10
5.4948912598425199
20
-3.6381818503937007
11
5.4855174409448821
21
-3.6381818503937007
0
LINE
8
BLACK
6
CONTINUOUS
10
5.4855174409448821
20
-3.6381818503937007
11
5.4846480314960626
21
-3.6380285433070867
0
LINE
8
BLACK
6
CONTINUOUS
10
5.4846480314960626
20
-3.6380285433070867
11
5.4845836614173225
21
-3.6380303149606297
0
LINE
8
BLACK
6
CONTINUOUS
10
5.4845836614173225
20
-3.6380303149606297
11
5.4789594094488185
21
-3.6361555511811021
0
LINE
8
BLACK
6
CONTINUOUS
10
5.4789594094488185
20
-3.6361555511811021
11
5.4780576377952759
21
-3.6356672440944879
0
LINE
8
BLACK
6
CONTINUOUS
10
5.4780576377952759
20
-3.6356672440944879
11
5.4770003543307082
21
-3.6339462992125982
0
LINE
8
BLACK
6
CONTINUOUS
10
5.4770003543307082
20
-3.6339462992125982
11
5.4772966141732287
21
-3.6319483070866139
0
LINE
8
BLACK
6
CONTINUOUS
10
5.4772966141732287
20
-3.6319483070866139
11
5.4788078346456688
21
-3.6306082677165352
0
LINE
8
BLACK
6
CONTINUOUS
10
5.4788078346456688
20
-3.6306082677165352
11
5.4808268897637795
21
-3.6305531102362205
0
LINE
8
BLACK
6
CONTINUOUS
10
5.4808268897637795
20
-3.6305531102362205
11
5.4859965748031492
21
-3.6322763385826771
0
LINE
8
BLACK
6
CONTINUOUS
10
5.4859965748031492
20
-3.6322763385826771
11
5.4941942125984253
21
-3.6322763385826771
0
LINE
8
BLACK
6
CONTINUOUS
10
5.4941942125984253
20
-3.6322763385826771
11
5.4968916535433072
21
-3.6309275984251967
0
LINE
8
BLACK
6
CONTINUOUS
10
5.4968916535433072
20
-3.6309275984251967
11
5.498088779527559
21
-3.6297304330708662
0
LINE
8
BLACK
6
CONTINUOUS
10
5.498088779527559
20
-3.6297304330708662
11
5.4994375590551181
21
-3.6270329527559055
0
LINE
8
BLACK
6
CONTINUOUS
10
5.4994375590551181
20
-3.6270329527559055
11
5.4994375590551181
21
-3.6246775196850392
0
LINE
8
BLACK
6
CONTINUOUS
10
5.4994375590551181
20
-3.6246775196850392
11
5.4980888188976378
21
-3.6219800393700785
0
LINE
8
BLACK
6
CONTINUOUS
10
5.4980888188976378
20
-3.6219800393700785
11
5.496891692913386
21
-3.6207829133858267
0
LINE
8
BLACK
6
CONTINUOUS
10
5.496891692913386
20
-3.6207829133858267
11
5.4938607086614173
21
-3.619267401574803
0
LINE
8
BLACK
6
CONTINUOUS
10
5.4938607086614173
20
-3.619267401574803
11
5.4866760629921263
21
-3.6174712598425196
0
LINE
8
BLACK
6
CONTINUOUS
10
5.4866760629921263
20
-3.6174712598425196
11
5.4862105905511811
21
-3.6172636614173226
0
LINE
8
BLACK
6
CONTINUOUS
10
5.4862105905511811
20
-3.6172636614173226
11
5.4860716929133861
21
-3.6172476771653543
0
LINE
8
BLACK
6
CONTINUOUS
10
5.4860716929133861
20
-3.6172476771653543
11
5.4823221653543301
21
-3.6153729133858268
0
LINE
8
BLACK
6
CONTINUOUS
10
5.4823221653543301
20
-3.6153729133858268
11
5.4816130708661417
21
-3.6148470078740158
0
LINE
8
BLACK
6
CONTINUOUS
10
5.4816130708661417
20
-3.6148470078740158
11
5.4815547637795277
21
-3.6148198031496062
0
LINE
8
BLACK
6
CONTINUOUS
10
5.4815547637795277
20
-3.6148198031496062
11
5.4796800000000001
21
-3.6129450393700786
0
LINE
8
BLACK
6
CONTINUOUS
10
5.4796800000000001
20
-3.6129450393700786
11
5.4791737007874017
21
-3.6122219291338582
0
LINE
8
BLACK
6
CONTINUOUS
10
5.4791737007874017
20
-3.6122219291338582
11
5.479126889763779
21
-3.6121776377952757
0
LINE
8
BLACK
6
CONTINUOUS
10
5.479126889763779
20
-3.6121776377952757
11
5.4772521259842515
21
-3.6084281102362206
0
LINE
8
BLACK
6
CONTINUOUS
10
5.4772521259842515
20
-3.6084281102362206
11
5.4769597637795275
21
-3.6074451574803148
0
LINE
8
BLACK
6
CONTINUOUS
10
5.4769597637795275
20
-3.6074451574803148
11
5.4770007480314957
21
-3.6072734645669291
0
LINE
8
BLACK
6
CONTINUOUS
10
5.4770007480314957
20
-3.6072734645669291
11
5.4769403937007874
21
-3.6071075984251966
0
LINE
8
BLACK
6
CONTINUOUS
10
5.4769403937007874
20
-3.6071075984251966
11
5.4769403937007874
21
-3.6033580708661415
0
LINE
8
BLACK
6
CONTINUOUS
10
5.4769403937007874
20
-3.6033580708661415
11
5.4771184645669289
21
-3.602348149606299
0
LINE
8
BLACK
6
CONTINUOUS
10
5.4771184645669289
20
-3.602348149606299
11
5.4772319291338585
21
-3.602212874015748
0
LINE
8
BLACK
6
CONTINUOUS
10
5.4772319291338585
20
-3.602212874015748
11
5.4772521259842515
21
-3.6020375590551179
0
LINE
8
BLACK
6
CONTINUOUS
10
5.4772521259842515
20
-3.6020375590551179
11
5.479126889763779
21
-3.5982880314960628
0
LINE
8
BLACK
6
CONTINUOUS
10
5.479126889763779
20
-3.5982880314960628
11
5.47965279527559
21
-3.5975789370078739
0
LINE
8
BLACK
6
CONTINUOUS
10
5.47965279527559
20
-3.5975789370078739
11
5.4796800000000001
21
-3.5975206299212599
0
LINE
8
BLACK
6
CONTINUOUS
10
5.4796800000000001
20
-3.5975206299212599
11
5.4815547637795277
21
-3.5956458661417323
0
LINE
8
BLACK
6
CONTINUOUS
10
5.4815547637795277
20
-3.5956458661417323
11
5.4822778346456689
21
-3.5951395669291339
0
LINE
8
BLACK
6
CONTINUOUS
10
5.4822778346456689
20
-3.5951395669291339
11
5.4823221653543301
21
-3.5950927559055117
0
LINE
8
BLACK
6
CONTINUOUS
10
5.4823221653543301
20
-3.5950927559055117
11
5.4860716929133861
21
-3.5932179921259841
0
LINE
8
BLACK
6
CONTINUOUS
10
5.4860716929133861
20
-3.5932179921259841
11
5.4870546062992123
21
-3.5929256299212597
0
LINE
8
BLACK
6
CONTINUOUS
10
5.4870546062992123
20
-3.5929256299212597
11
5.4872262992125984
21
-3.5929666141732284
0
LINE
8
BLACK
6
CONTINUOUS
10
5.4872262992125984
20
-3.5929666141732284
11
5.4873922047244097
21
-3.5929062598425197
0
LINE
8
BLACK
6
CONTINUOUS
10
5.4873922047244097
20
-3.5929062598425197
11
5.4967660236220475
21
-3.5929062598425197
0
LINE
8
BLACK
6
CONTINUOUS
10
5.4967660236220475
20
-3.5929062598425197
11
5.4976353937007874
21
-3.5930595275590549
0
LINE
8
BLACK
6
CONTINUOUS
10
6.597635393700787
20
-3.5930595275590549
11
6.5976997637795272
21
-3.5930577952755907
0
LINE
8
BLACK
6
CONTINUOUS
10
6.5976997637795272
20
-3.5930577952755907
11
6.6033240551181098
21
-3.5949325590551182
0
LINE
8
BLACK
6
CONTINUOUS
10
6.6033240551181098
20
-3.5949325590551182
11
6.6042258267716534
21
-3.5954208267716536
0
LINE
8
BLACK
6
CONTINUOUS
10
6.6042258267716534
20
-3.5954208267716536
11
6.6052831102362202
21
-3.5971418110236222
0
LINE
8
BLACK
6
CONTINUOUS
10
6.6052831102362202
20
-3.5971418110236222
11
6.6049868503937006
21
-3.5991397637795273
0
LINE
8
BLACK
6
CONTINUOUS
10
6.6049868503937006
20
-3.5991397637795273
11
6.6034755905511808
21
-3.6004798425196851
0
LINE
8
BLACK
6
CONTINUOUS
10
6.6034755905511808
20
-3.6004798425196851
11
6.601456535433071
21
-3.6005349999999998
0
LINE
8
BLACK
6
CONTINUOUS
10
6.601456535433071
20
-3.6005349999999998
11
6.5962868897637792
21
-3.5988117716535433
0
LINE
8
BLACK
6
CONTINUOUS
10
6.5962868897637792
20
-3.5988117716535433
11
6.5880892519685039
21
-3.5988117716535433
0
LINE
8
BLACK
6
CONTINUOUS
10
6.5880892519685039
20
-3.5988117716535433
11
6.5853917716535433
21
-3.6001605118110236
0
LINE
8
BLACK
6
CONTINUOUS
10
6.5853917716535433
20
-3.6001605118110236
11
6.5841946456692915
21
-3.6013576377952754
0
LINE
8
BLACK
6
CONTINUOUS
10
6.5841946456692915
20
-3.6013576377952754
11
6.5828459055118111
21
-3.604055118110236
0
LINE
8
BLACK
6
CONTINUOUS
10
6.5828459055118111
20
-3.604055118110236
11
6.5828459055118111
21
-3.6064105511811024
0
LINE
8
BLACK
6
CONTINUOUS
10
6.5828459055118111
20
-3.6064105511811024
11
6.5841946456692915
21
-3.6091080314960631
0
LINE
8
BLACK
6
CONTINUOUS
10
6.5841946456692915
20
-3.6091080314960631
11
6.5853917716535433
21
-3.6103051574803149
0
LINE
8
BLACK
6
CONTINUOUS
10
6.5853917716535433
20
-3.6103051574803149
11
6.588422755905512
21
-3.6118206299212599
0
LINE
8
BLACK
6
CONTINUOUS
10
6.588422755905512
20
-3.6118206299212599
11
6.595607401574803
21
-3.613616811023622
0
LINE
8
BLACK
6
CONTINUOUS
10
6.595607401574803
20
-3.613616811023622
11
6.5960728346456694
21
-3.6138243700787402
0
LINE
8
BLACK
6
CONTINUOUS
10
6.5960728346456694
20
-3.6138243700787402
11
6.5962117716535431
21
-3.6138403937007872
0
LINE
8
BLACK
6
CONTINUOUS
10
6.5962117716535431
20
-3.6138403937007872
11
6.5999612992125982
21
-3.6157151574803148
0
LINE
8
BLACK
6
CONTINUOUS
10
6.5999612992125982
20
-3.6157151574803148
11
6.6006703543307088
21
-3.6162410629921258
0
LINE
8
BLACK
6
CONTINUOUS
10
6.6006703543307088
20
-3.6162410629921258
11
6.6007287007874016
21
-3.6162682677165354
0
LINE
8
BLACK
6
CONTINUOUS
10
6.6007287007874016
20
-3.6162682677165354
11
6.6026034645669291
21
-3.618143031496063
0
LINE
8
BLACK
6
CONTINUOUS
10
6.6026034645669291
20
-3.618143031496063
11
6.6031097244094488
21
-3.6188661023622046
0
LINE
8
BLACK
6
CONTINUOUS
10
6.6031097244094488
20
-3.6188661023622046
11
6.6031565748031493
21
-3.6189104330708659
0
LINE
8
BLACK
6
CONTINUOUS
10
6.6031565748031493
20
-3.6189104330708659
11
6.6050313385826769
21
-3.622659960629921
0
LINE
8
BLACK
6
CONTINUOUS
10
6.6050313385826769
20
-3.622659960629921
11
6.6053237007874017
21
-3.623642874015748
0
LINE
8
BLACK
6
CONTINUOUS
10
6.6053237007874017
20
-3.623642874015748
11
6.6052826771653539
21
-3.6238145669291337
0
LINE
8
BLACK
6
CONTINUOUS
10
6.6052826771653539
20
-3.6238145669291337
11
6.6053430708661418
21
-3.623980472440945
0
LINE
8
BLACK
6
CONTINUOUS
10
6.6053430708661418
20
-3.623980472440945
11
6.6053430708661418
21
-3.6277300000000001
0
LINE
8
BLACK
6
CONTINUOUS
10
6.6053430708661418
20
-3.6277300000000001
11
6.6051649999999995
21
-3.6287399212598426
0
LINE
8
BLACK
6
CONTINUOUS
10
6.6051649999999995
20
-3.6287399212598426
11
6.605051496062992
21
-3.6288751574803149
0
LINE
8
BLACK
6
CONTINUOUS
10
6.605051496062992
20
-3.6288751574803149
11
6.6050313385826769
21
-3.6290505118110237
0
LINE
8
BLACK
6
CONTINUOUS
10
6.6050313385826769
20
-3.6290505118110237
11
6.6031565748031493
21
-3.6328000393700788
0
LINE
8
BLACK
6
CONTINUOUS
10
6.6031565748031493
20
-3.6328000393700788
11
6.6026306299212596
21
-3.6335090944881889
0
LINE
8
BLACK
6
CONTINUOUS
10
6.6026306299212596
20
-3.6335090944881889
11
6.6026034645669291
21
-3.6335674409448817
0
LINE
8
BLACK
6
CONTINUOUS
10
6.6026034645669291
20
-3.6335674409448817
11
6.6007287401574803
21
-3.6354422047244093
0
LINE
8
BLACK
6
CONTINUOUS
10
6.6007287401574803
20
-3.6354422047244093
11
6.600005551181102
21
-3.6359485826771651
0
LINE
8
BLACK
6
CONTINUOUS
10
6.600005551181102
20
-3.6359485826771651
11
6.5999612992125982
21
-3.6359953543307086
0
LINE
8
BLACK
6
CONTINUOUS
10
6.5999612992125982
20
-3.6359953543307086
11
6.5962117716535431
21
-3.6378701181102362
0
LINE
8
BLACK
6
CONTINUOUS
10
6.5962117716535431
20
-3.6378701181102362
11
6.5952288188976373
21
-3.6381624803149606
0
LINE
8
BLACK
6
CONTINUOUS
10
6.5952288188976373
20
-3.6381624803149606
11
6.5950571259842521
21
-3.6381214566929132
0
LINE
8
BLACK
6
CONTINUOUS
10
6.5950571259842521
20
-3.6381214566929132
11
6.5948912598425196
21
-3.6381818503937007
0
LINE
8
BLACK
6
CONTINUOUS
10
6.5948912598425196
20
-3.6381818503937007
11
6.5855174409448818
21
-3.6381818503937007
0
LINE
8
BLACK
6
CONTINUOUS
10
6.5855174409448818
20
-3.6381818503937007
11
6.5846480314960631
21
-3.6380285433070867
0
LINE
8
BLACK
6
CONTINUOUS
10
6.5846480314960631
20
-3.6380285433070867
11
6.584583661417323
21
-3.6380303149606297
0
LINE
8
BLACK
6
CONTINUOUS
10
6.584583661417323
20
-3.6380303149606297
11
6.5789594094488191
21
-3.6361555511811021
0
LINE
8
BLACK
6
CONTINUOUS
10
6.5789594094488191
20
-3.6361555511811021
11
6.5780576377952755
21
-3.6356672440944879
0
LINE
8
BLACK
6
CONTINUOUS
10
6.5780576377952755
20
-3.6356672440944879
11
6.5770003543307087
21
-3.6339462992125982
0
LINE
8
BLACK
6
CONTINUOUS
10
6.5770003543307087
20
-3.6339462992125982
11
6.5772966141732283
21
-3.6319483070866139
0
LINE
8
BLACK
6
CONTINUOUS
10
6.5772966141732283
20
-3.6319483070866139
11
6.5788078346456693
21
-3.6306082677165352
0
LINE
8
BLACK
6
CONTINUOUS
10
6.5788078346456693
20
-3.6306082677165352
11
6.5808268897637792
21
-3.6305531102362205
0
LINE
8
BLACK
6
CONTINUOUS
10
6.5808268897637792
20
-3.6305531102362205
11
6.5859965748031497
21
-3.6322763385826771
0
LINE
8
BLACK
6
CONTINUOUS
10
6.5859965748031497
20
-3.6322763385826771
11
6.594194212598425
21
-3.6322763385826771
0
LINE
8
BLACK
6
CONTINUOUS
10
6.594194212598425
20
-3.6322763385826771
11
6.5968916535433069
21
-3.6309275984251967
0
LINE
8
BLACK
6
CONTINUOUS
10
6.5968916535433069
20
-3.6309275984251967
11
6.5980887795275587
21
-3.6297304330708662
0
LINE
8
BLACK
6
CONTINUOUS
10
6.5980887795275587
20
-3.6297304330708662
11
6.5994375590551178
21
-3.6270329527559055
0
LINE
8
BLACK
6
CONTINUOUS
10
6.5994375590551178
20
-3.6270329527559055
11
6.5994375590551178
21
-3.6246775196850392
0
LINE
8
BLACK
6
CONTINUOUS
10
6.5994375590551178
20
-3.6246775196850392
11
6.5980888188976374
21
-3.6219800393700785
0
LINE
8
BLACK
6
CONTINUOUS
10
6.5980888188976374
20
-3.6219800393700785
11
6.5968916929133856
21
-3.6207829133858267
0
LINE
8
BLACK
6
CONTINUOUS
10
6.5968916929133856
20
-3.6207829133858267
11
6.5938607086614169
21
-3.619267401574803
0
LINE
8
BLACK
6
CONTINUOUS
10
6.5938607086614169
20
-3.619267401574803
11
6.5866760629921259
21
-3.6174712598425196
0
LINE
8
BLACK
6
CONTINUOUS
10
6.5866760629921259
20
-3.6174712598425196
11
6.5862105905511807
21
-3.6172636614173226
0
LINE
8
BLACK
6
CONTINUOUS
10
6.5862105905511807
20
-3.6172636614173226
11
6.5860716929133858
21
-3.6172476771653543
0
LINE
8
BLACK
6
CONTINUOUS
10
6.5860716929133858
20
-3.6172476771653543
11
6.5823221653543307
21
-3.6153729133858268
0
LINE
8
BLACK
6
CONTINUOUS
10
6.5823221653543307
20
-3.6153729133858268
11
6.5816130708661413
21
-3.6148470078740158
0
LINE
8
BLACK
6
CONTINUOUS
10
6.5816130708661413
20
-3.6148470078740158
11
6.5815547637795273
21
-3.6148198031496062
0
LINE
8
BLACK
6
CONTINUOUS
10
6.5815547637795273
20
-3.6148198031496062
11
6.5796799999999998
21
-3.6129450393700786
0
LINE
8
BLACK
6
CONTINUOUS
10
6.5796799999999998
20
-3.6129450393700786
11
6.5791737007874014
21
-3.6122219291338582
0
LINE
8
BLACK
6
CONTINUOUS
10
6.5791737007874014
20
-3.6122219291338582
11
6.5791268897637796
21
-3.6121776377952757
0
LINE
8
BLACK
6
CONTINUOUS
10
6.5791268897637796
20
-3.6121776377952757
11
6.577252125984252
21
-3.6084281102362206
0
LINE
8
BLACK
6
CONTINUOUS
10
6.577252125984252
20
-3.6084281102362206
11
6.5769597637795272
21
-3.6074451574803148
0
LINE
8
BLACK
6
CONTINUOUS
10
6.5769597637795272
20
-3.6074451574803148
11
6.5770007480314963
21
-3.6072734645669291
0
LINE
8
BLACK
6
CONTINUOUS
10
6.5770007480314963
20
-3.6072734645669291
11
6.5769403937007871
21
-3.6071075984251966
0
LINE
8
BLACK
6
CONTINUOUS
10
6.5769403937007871
20
-3.6071075984251966
11
6.5769403937007871
21
-3.6033580708661415
0
LINE
8
BLACK
6
CONTINUOUS
10
6.5769403937007871
20
-3.6033580708661415
11
6.5771184645669294
21
-3.602348149606299
0
LINE
8
BLACK
6
CONTINUOUS
10
6.5771184645669294
20
-3.602348149606299
11
6.5772319291338581
21
-3.602212874015748
0
LINE
8
BLACK
6
CONTINUOUS
10
6.5772319291338581
20
-3.602212874015748
11
6.577252125984252
21
-3.6020375590551179
0
LINE
8
BLACK
6
CONTINUOUS
10
6.577252125984252
20
-3.6020375590551179
11
6.5791268897637796
21
-3.5982880314960628
0
LINE
8
BLACK
6
CONTINUOUS
10
6.5791268897637796
20
-3.5982880314960628
11
6.5796527952755905
21
-3.5975789370078739
0
LINE
8
BLACK
6
CONTINUOUS
10
6.5796527952755905
20
-3.5975789370078739
11
6.5796799999999998
21
-3.5975206299212599
0
LINE
8
BLACK
6
CONTINUOUS
10
6.5796799999999998
20
-3.5975206299212599
11
6.5815547637795273
21
-3.5956458661417323
0
LINE
8
BLACK
6
CONTINUOUS
10
6.5815547637795273
20
-3.5956458661417323
11
6.5822778346456694
21
-3.5951395669291339
0
LINE
8
BLACK
6
CONTINUOUS
10
6.5822778346456694
20
-3.5951395669291339
11
6.5823221653543307
21
-3.5950927559055117
0
LINE
8
BLACK
6
CONTINUOUS
10
6.5823221653543307
20
-3.5950927559055117
11
6.5860716929133858
21
-3.5932179921259841
0
LINE
8
BLACK
6
CONTINUOUS
10
6.5860716929133858
20
-3.5932179921259841
11
6.5870546062992128
21
-3.5929256299212597
0
LINE
8
BLACK
6
CONTINUOUS
10
6.5870546062992128
20
-3.5929256299212597
11
6.5872262992125981
21
-3.5929666141732284
0
LINE
8
BLACK
6
CONTINUOUS
10
6.5872262992125981
20
-3.5929666141732284
11
6.5873922047244093
21
-3.5929062598425197
0
LINE
8
BLACK
6
CONTINUOUS
10
6.5873922047244093
20
-3.5929062598425197
11
6.5967660236220471
21
-3.5929062598425197
0
LINE
8
BLACK
6
CONTINUOUS
10
6.5967660236220471
20
-3.5929062598425197
11
6.597635393700787
21
-3.5930595275590549
0
LINE
8
BLACK
6
CONTINUOUS
10
5.5722386614173223
20
-3.5931254724409447
11
5.5731626377952752
21
-3.5932624803149604
0
LINE
8
BLACK
6
CONTINUOUS
10
5.5731626377952752
20
-3.5932624803149604
11
5.57321905511811
21
-3.5933261023622047
0
LINE
8
BLACK
6
CONTINUOUS
10
5.57321905511811
20
-3.5933261023622047
11
5.5733023228346452
21
-3.5933431496062993
0
LINE
8
BLACK
6
CONTINUOUS
10
5.5733023228346452
20
-3.5933431496062993
11
5.5738829527559055
21
-3.5940748031496064
0
LINE
8
BLACK
6
CONTINUOUS
10
5.5738829527559055
20
-3.5940748031496064
11
5.5745027165354326
21
-3.5947737401574802
0
LINE
8
BLACK
6
CONTINUOUS
10
5.5745027165354326
20
-3.5947737401574802
11
5.5745050000000003
21
-3.5948586614173226
0
LINE
8
BLACK
6
CONTINUOUS
10
5.5745050000000003
20
-3.5948586614173226
11
5.5745578740157482
21
-3.5949252755905512
0
LINE
8
BLACK
6
CONTINUOUS
10
5.5745578740157482
20
-3.5949252755905512
11
5.5876812204724411
21
-3.6342953543307086
0
LINE
8
BLACK
6
CONTINUOUS
10
5.5876812204724411
20
-3.6342953543307086
11
5.587831653543307
21
-3.6353097244094488
0
LINE
8
BLACK
6
CONTINUOUS
10
5.587831653543307
20
-3.6353097244094488
11
5.5870892519685036
21
-3.637188149606299
0
LINE
8
BLACK
6
CONTINUOUS
10
5.5870892519685036
20
-3.637188149606299
11
5.5853131102362203
21
-3.6381499212598425
0
LINE
8
BLACK
6
CONTINUOUS
10
5.5853131102362203
20
-3.6381499212598425
11
5.5833343307086611
21
-3.637744960629921
0
LINE
8
BLACK
6
CONTINUOUS
10
5.5833343307086611
20
-3.637744960629921
11
5.582078779527559
21
-3.6361628346456691
0
LINE
8
BLACK
6
CONTINUOUS
10
5.582078779527559
20
-3.6361628346456691
11
5.5790022440944878
21
-3.6269332283464566
0
LINE
8
BLACK
6
CONTINUOUS
10
5.5790022440944878
20
-3.6269332283464566
11
5.5645110629921257
21
-3.6269332283464566
0
LINE
8
BLACK
6
CONTINUOUS
10
5.5645110629921257
20
-3.6269332283464566
11
5.5614345275590553
21
-3.6361628346456691
0
LINE
8
BLACK
6
CONTINUOUS
10
5.5614345275590553
20
-3.6361628346456691
11
5.5609462204724407
21
-3.6370646062992127
0
LINE
8
BLACK
6
CONTINUOUS
10
5.5609462204724407
20
-3.6370646062992127
11
5.5592252755905509
21
-3.6381218897637795
0
LINE
8
BLACK
6
CONTINUOUS
10
5.5592252755905509
20
-3.6381218897637795
11
5.5572272834645666
21
-3.6378256299212599
0
LINE
8
BLACK
6
CONTINUOUS
10
5.5572272834645666
20
-3.6378256299212599
11
5.555887244094488
21
-3.6363144094488189
0
LINE
8
BLACK
6
CONTINUOUS
10
5.555887244094488
20
-3.6363144094488189
11
5.5558320866141733
21
-3.6342953543307086
0
LINE
8
BLACK
6
CONTINUOUS
10
5.5558320866141733
20
-3.6342953543307086
11
5.5689554330708662
21
-3.5949252755905512
0
LINE
8
BLACK
6
CONTINUOUS
10
5.5689554330708662
20
-3.5949252755905512
11
5.5694437007874011
21
-3.5940235039370076
0
LINE
8
BLACK
6
CONTINUOUS
10
5.5694437007874011
20
-3.5940235039370076
11
5.5695161417322829
21
-3.5939789763779526
0
LINE
8
BLACK
6
CONTINUOUS
10
5.5695161417322829
20
-3.5939789763779526
11
5.5695474015748028
21
-3.5938999606299213
0
LINE
8
BLACK
6
CONTINUOUS
10
5.5695474015748028
20
-3.5938999606299213
11
5.5703687007874017
21
-3.5934551968503938
0
LINE
8
BLACK
6
CONTINUOUS
10
5.5703687007874017
20
-3.5934551968503938
11
5.5711646850393697
21
-3.5929662204724409
0
LINE
8
BLACK
6
CONTINUOUS
10
5.5711646850393697
20
-3.5929662204724409
11
5.57124874015748
21
-3.5929786614173227
0
LINE
8
BLACK
6
CONTINUOUS
10
5.57124874015748
20
-3.5929786614173227
11
5.5713235433070869
21
-3.5929381889763778
0
LINE
8
BLACK
6
CONTINUOUS
10
5.5713235433070869
20
-3.5929381889763778
11
5.5722386614173223
21
-3.5931254724409447
0
LINE
8
BLACK
6
CONTINUOUS
10
5.566479566929134
20
-3.621027716535433
11
5.5770337401574803
21
-3.621027716535433
0
LINE
8
BLACK
6
CONTINUOUS
10
5.5770337401574803
20
-3.621027716535433
11
5.5717566535433072
21
-3.6051964173228344
0
LINE
8
BLACK
6
CONTINUOUS
10
5.5717566535433072
20
-3.6051964173228344
11
5.566479566929134
21
-3.621027716535433
0
LINE
8
BLACK
6
CONTINUOUS
10
6.6722386614173228
20
-3.5931254724409447
11
6.6731626377952757
21
-3.5932624803149604
0
LINE
8
BLACK
6
CONTINUOUS
10
6.6731626377952757
20
-3.5932624803149604
11
6.6732190551181096
21
-3.5933261023622047
0
LINE
8
BLACK
6
CONTINUOUS
10
6.6732190551181096
20
-3.5933261023622047
11
6.6733023228346458
21
-3.5933431496062993
0
LINE
8
BLACK
6
CONTINUOUS
10
6.6733023228346458
20
-3.5933431496062993
11
6.6738829527559052
21
-3.5940748031496064
0
LINE
8
BLACK
6
CONTINUOUS
10
6.6738829527559052
20
-3.5940748031496064
11
6.6745027165354331
21
-3.5947737401574802
0
LINE
8
BLACK
6
CONTINUOUS
10
6.6745027165354331
20
-3.5947737401574802
11
6.6745049999999999
21
-3.5948586614173226
0
LINE
8
BLACK
6
CONTINUOUS
10
6.6745049999999999
20
-3.5948586614173226
11
6.6745578740157478
21
-3.5949252755905512
0
LINE
8
BLACK
6
CONTINUOUS
10
6.6745578740157478
20
-3.5949252755905512
11
6.6876812204724407
21
-3.6342953543307086
0
LINE
8
BLACK
6
CONTINUOUS
10
6.6876812204724407
20
-3.6342953543307086
11
6.6878316535433067
21
-3.6353097244094488
0
LINE
8
BLACK
6
CONTINUOUS
10
6.6878316535433067
20
-3.6353097244094488
11
6.6870892519685041
21
-3.637188149606299
0
LINE
8
BLACK
6
CONTINUOUS
10
6.6870892519685041
20
-3.637188149606299
11
6.68531311023622
21
-3.6381499212598425
0
LINE
8
BLACK
6
CONTINUOUS
10
6.68531311023622
20
-3.6381499212598425
11
6.6833343307086617
21
-3.637744960629921
0
LINE
8
BLACK
6
CONTINUOUS
10
6.6833343307086617
20
-3.637744960629921
11
6.6820787795275587
21
-3.6361628346456691
0
LINE
8
BLACK
6
CONTINUOUS
10
6.6820787795275587
20
-3.6361628346456691
11
6.6790022440944883
21
-3.6269332283464566
0
LINE
8
BLACK
6
CONTINUOUS
10
6.6790022440944883
20
-3.6269332283464566
11
6.6645110629921263
21
-3.6269332283464566
0
LINE
8
BLACK
6
CONTINUOUS
10
6.6645110629921263
20
-3.6269332283464566
11
6.661434527559055
21
-3.6361628346456691
0
LINE
8
BLACK
6
CONTINUOUS
10
6.661434527559055
20
-3.6361628346456691
11
6.6609462204724412
21
-3.6370646062992127
0
LINE
8
BLACK
6
CONTINUOUS
10
6.6609462204724412
20
-3.6370646062992127
11
6.6592252755905514
21
-3.6381218897637795
0
LINE
8
BLACK
6
CONTINUOUS
10
6.6592252755905514
20
-3.6381218897637795
11
6.6572272834645672
21
-3.6378256299212599
0
LINE
8
BLACK
6
CONTINUOUS
10
6.6572272834645672
20
-3.6378256299212599
11
6.6558872440944876
21
-3.6363144094488189
0
LINE
8
BLACK
6
CONTINUOUS
10
6.6558872440944876
20
-3.6363144094488189
11
6.6558320866141729
21
-3.6342953543307086
0
LINE
8
BLACK
6
CONTINUOUS
10
6.6558320866141729
20
-3.6342953543307086
11
6.6689554330708658
21
-3.5949252755905512
0
LINE
8
BLACK
6
CONTINUOUS
10
6.6689554330708658
20
-3.5949252755905512
11
6.6694437007874017
21
-3.5940235039370076
0
LINE
8
BLACK
6
CONTINUOUS
10
6.6694437007874017
20
-3.5940235039370076
11
6.6695161417322835
21
-3.5939789763779526
0
LINE
8
BLACK
6
CONTINUOUS
10
6.6695161417322835
20
-3.5939789763779526
11
6.6695474015748033
21
-3.5938999606299213
0
LINE
8
BLACK
6
CONTINUOUS
10
6.6695474015748033
20
-3.5938999606299213
11
6.6703687007874013
21
-3.5934551968503938
0
LINE
8
BLACK
6
CONTINUOUS
10
6.6703687007874013
20
-3.5934551968503938
11
6.6711646850393702
21
-3.5929662204724409
0
LINE
8
BLACK
6
CONTINUOUS
10
6.6711646850393702
20
-3.5929662204724409
11
6.6712487401574805
21
-3.5929786614173227
0
LINE
8
BLACK
6
CONTINUOUS
10
6.6712487401574805
20
-3.5929786614173227
11
6.6713235433070865
21
-3.5929381889763778
0
LINE
8
BLACK
6
CONTINUOUS
10
6.6713235433070865
20
-3.5929381889763778
11
6.6722386614173228
21
-3.5931254724409447
0
LINE
8
BLACK
6
CONTINUOUS
10
6.6664795669291337
20
-3.621027716535433
11
6.67703374015748
21
-3.621027716535433
0
LINE
8
BLACK
6
CONTINUOUS
10
6.67703374015748
20
-3.621027716535433
11
6.6717566535433068
21
-3.6051964173228344
0
LINE
8
BLACK
6
CONTINUOUS
10
6.6717566535433068
20
-3.6051964173228344
11
6.6664795669291337
21
-3.621027716535433
0
LINE
8
BLACK
6
CONTINUOUS
10
5.5456343307086611
20
-3.5930195669291338
11
5.5460226771653538
21
-3.5929511023622047
0
LINE
8
BLACK
6
CONTINUOUS
10
5.5460226771653538
20
-3.5929511023622047
11
5.546581220472441
21
-3.5932735826771651
0
LINE
8
BLACK
6
CONTINUOUS
10
5.546581220472441
20
-3.5932735826771651
11
5.5472042913385824
21
-3.593440748031496
0
LINE
8
BLACK
6
CONTINUOUS
10
5.5472042913385824
20
-3.593440748031496
11
5.5474303937007869
21
-3.5937638582677165
0
LINE
8
BLACK
6
CONTINUOUS
10
5.5474303937007869
20
-3.5937638582677165
11
5.5477718503937004
21
-3.5939610236220472
0
LINE
8
BLACK
6
CONTINUOUS
10
5.5477718503937004
20
-3.5939610236220472
11
5.5479924409448822
21
-3.5945670866141732
0
LINE
8
BLACK
6
CONTINUOUS
10
5.5479924409448822
20
-3.5945670866141732
11
5.5483622834645665
21
-3.5950956299212598
0
LINE
8
BLACK
6
CONTINUOUS
10
5.5483622834645665
20
-3.5950956299212598
11
5.5483277952755907
21
-3.5954884251968502
0
LINE
8
BLACK
6
CONTINUOUS
10
5.5483277952755907
20
-3.5954884251968502
11
5.5484626771653538
21
-3.5958590157480312
0
LINE
8
BLACK
6
CONTINUOUS
10
5.5484626771653538
20
-3.5958590157480312
11
5.5484626771653538
21
-3.6352290944881891
0
LINE
8
BLACK
6
CONTINUOUS
10
5.5484626771653538
20
-3.6352290944881891
11
5.5482846062992124
21
-3.6362390157480315
0
LINE
8
BLACK
6
CONTINUOUS
10
5.5482846062992124
20
-3.6362390157480315
11
5.5469862992125982
21
-3.6377862598425197
0
LINE
8
BLACK
6
CONTINUOUS
10
5.5469862992125982
20
-3.6377862598425197
11
5.5449971653543306
21
-3.6381370078740156
0
LINE
8
BLACK
6
CONTINUOUS
10
5.5449971653543306
20
-3.6381370078740156
11
5.5432479921259841
21
-3.6371270866141732
0
LINE
8
BLACK
6
CONTINUOUS
10
5.5432479921259841
20
-3.6371270866141732
11
5.5425571653543306
21
-3.6352290944881891
0
LINE
8
BLACK
6
CONTINUOUS
10
5.5425571653543306
20
-3.6352290944881891
11
5.5425571653543306
21
-3.6091687401574801
0
LINE
8
BLACK
6
CONTINUOUS
10
5.5425571653543306
20
-3.6091687401574801
11
5.5350623228346452
21
-3.6252291338582676
0
LINE
8
BLACK
6
CONTINUOUS
10
5.5350623228346452
20
-3.6252291338582676
11
5.5348396456692912
21
-3.6255468897637795
0
LINE
8
BLACK
6
CONTINUOUS
10
5.5348396456692912
20
-3.6255468897637795
11
5.5348058267716533
21
-3.6256733858267718
0
LINE
8
BLACK
6
CONTINUOUS
10
5.5348058267716533
20
-3.6256733858267718
11
5.534698228346457
21
-3.6257487401574804
0
LINE
8
BLACK
6
CONTINUOUS
10
5.534698228346457
20
-3.6257487401574804
11
5.5344738582677167
21
-3.6260690157480315
0
LINE
8
BLACK
6
CONTINUOUS
10
5.5344738582677167
20
-3.6260690157480315
11
5.5337792913385826
21
-3.6263925984251966
0
LINE
8
BLACK
6
CONTINUOUS
10
5.5337792913385826
20
-3.6263925984251966
11
5.5331516535433067
21
-3.6268324409448818
0
LINE
8
BLACK
6
CONTINUOUS
10
5.5331516535433067
20
-3.6268324409448818
11
5.5328853149606294
21
-3.6268091732283465
0
LINE
8
BLACK
6
CONTINUOUS
10
5.5328853149606294
20
-3.6268091732283465
11
5.5326430708661416
21
-3.6269220866141731
0
LINE
8
BLACK
6
CONTINUOUS
10
5.5326430708661416
20
-3.6269220866141731
11
5.5319028346456696
21
-3.6267235039370078
0
LINE
8
BLACK
6
CONTINUOUS
10
5.5319028346456696
20
-3.6267235039370078
11
5.5311394881889759
21
-3.6266569291338584
0
LINE
8
BLACK
6
CONTINUOUS
10
5.5311394881889759
20
-3.6266569291338584
11
5.5309504330708661
21
-3.6264679921259844
0
LINE
8
BLACK
6
CONTINUOUS
10
5.5309504330708661
20
-3.6264679921259844
11
5.5306922047244091
21
-3.6263987401574802
0
LINE
8
BLACK
6
CONTINUOUS
10
5.5306922047244091
20
-3.6263987401574802
11
5.5302527952755902
21
-3.6257708267716535
0
LINE
8
BLACK
6
CONTINUOUS
10
5.5302527952755902
20
-3.6257708267716535
11
5.5297108267716535
21
-3.6252291732283464
0
LINE
8
BLACK
6
CONTINUOUS
10
5.5297108267716535
20
-3.6252291732283464
11
5.522215984251968
21
-3.6091687401574801
0
LINE
8
BLACK
6
CONTINUOUS
10
5.522215984251968
20
-3.6091687401574801
11
5.522215984251968
21
-3.6352290944881891
0
LINE
8
BLACK
6
CONTINUOUS
10
5.522215984251968
20
-3.6352290944881891
11
5.5220379133858266
21
-3.6362390157480315
0
LINE
8
BLACK
6
CONTINUOUS
10
5.5220379133858266
20
-3.6362390157480315
11
5.5207396062992125
21
-3.6377862598425197
0
LINE
8
BLACK
6
CONTINUOUS
10
5.5207396062992125
20
-3.6377862598425197
11
5.5187504724409449
21
-3.6381370078740156
0
LINE
8
BLACK
6
CONTINUOUS
10
5.5187504724409449
20
-3.6381370078740156
11
5.5170012992125983
21
-3.6371270866141732
0
LINE
8
BLACK
6
CONTINUOUS
10
5.5170012992125983
20
-3.6371270866141732
11
5.5163104724409449
21
-3.6352290944881891
0
LINE
8
BLACK
6
CONTINUOUS
10
5.5163104724409449
20
-3.6352290944881891
11
5.5163104724409449
21
-3.5958590157480312
0
LINE
8
BLACK
6
CONTINUOUS
10
5.5163104724409449
20
-3.5958590157480312
11
5.5164885433070863
21
-3.5948490944881888
0
LINE
8
BLACK
6
CONTINUOUS
10
5.5164885433070863
20
-3.5948490944881888
11
5.5167420078740159
21
-3.5945469685039368
0
LINE
8
BLACK
6
CONTINUOUS
10
5.5167420078740159
20
-3.5945469685039368
11
5.5168439763779524
21
-3.5941661023622045
0
LINE
8
BLACK
6
CONTINUOUS
10
5.5168439763779524
20
-3.5941661023622045
11
5.5173722047244089
21
-3.5937959448818897
0
LINE
8
BLACK
6
CONTINUOUS
10
5.5173722047244089
20
-3.5937959448818897
11
5.5177868503937004
21
-3.5933018503937006
0
LINE
8
BLACK
6
CONTINUOUS
10
5.5177868503937004
20
-3.5933018503937006
11
5.5181751574803144
21
-3.5932333464566928
0
LINE
8
BLACK
6
CONTINUOUS
10
5.5181751574803144
20
-3.5932333464566928
11
5.518498149606299
21
-3.5930070866141732
0
LINE
8
BLACK
6
CONTINUOUS
10
5.518498149606299
20
-3.5930070866141732
11
5.5191407086614168
21
-3.5930631102362205
0
LINE
8
BLACK
6
CONTINUOUS
10
5.5191407086614168
20
-3.5930631102362205
11
5.519775984251968
21
-3.5929511023622047
0
LINE
8
BLACK
6
CONTINUOUS
10
5.519775984251968
20
-3.5929511023622047
11
5.5201175196850389
21
-3.5931482677165354
0
LINE
8
BLACK
6
CONTINUOUS
10
5.5201175196850389
20
-3.5931482677165354
11
5.5205103149606298
21
-3.5931825590551179
0
LINE
8
BLACK
6
CONTINUOUS
10
5.5205103149606298
20
-3.5931825590551179
11
5.5209664960629921
21
-3.5936384645669293
0
LINE
8
BLACK
6
CONTINUOUS
10
5.5209664960629921
20
-3.5936384645669293
11
5.5215251574803146
21
-3.5939610236220472
0
LINE
8
BLACK
6
CONTINUOUS
10
5.5215251574803146
20
-3.5939610236220472
11
5.5216599999999998
21
-3.5943315748031495
0
LINE
8
BLACK
6
CONTINUOUS
10
5.5216599999999998
20
-3.5943315748031495
11
5.5219389763779523
21
-3.5946103543307086
0
LINE
8
BLACK
6
CONTINUOUS
10
5.5219389763779523
20
-3.5946103543307086
11
5.532386535433071
21
-3.6169980314960628
0
LINE
8
BLACK
6
CONTINUOUS
10
5.532386535433071
20
-3.6169980314960628
11
5.5428341732283464
21
-3.5946103149606299
0
LINE
8
BLACK
6
CONTINUOUS
10
5.5428341732283464
20
-3.5946103149606299
11
5.5434226377952758
21
-3.5937704724409447
0
LINE
8
BLACK
6
CONTINUOUS
10
5.5434226377952758
20
-3.5937704724409447
11
5.5437800393700787
21
-3.5936038976377951
0
LINE
8
BLACK
6
CONTINUOUS
10
5.5437800393700787
20
-3.5936038976377951
11
5.5440335433070862
21
-3.5933018503937006
0
LINE
8
BLACK
6
CONTINUOUS
10
5.5440335433070862
20
-3.5933018503937006
11
5.5446687401574799
21
-3.5931898031496061
0
LINE
8
BLACK
6
CONTINUOUS
10
5.5446687401574799
20
-3.5931898031496061
11
5.5452534645669287
21
-3.5929174015748031
0
LINE
8
BLACK
6
CONTINUOUS
10
5.5452534645669287
20
-3.5929174015748031
11
5.5456343307086611
21
-3.5930195669291338
0
LINE
8
BLACK
6
CONTINUOUS
10
6.6456343307086616
20
-3.5930195669291338
11
6.6460226771653543
21
-3.5929511023622047
0
LINE
8
BLACK
6
CONTINUOUS
10
6.6460226771653543
20
-3.5929511023622047
11
6.6465812204724406
21
-3.5932735826771651
0
LINE
8
BLACK
6
CONTINUOUS
10
6.6465812204724406
20
-3.5932735826771651
11
6.6472042913385829
21
-3.593440748031496
0
LINE
8
BLACK
6
CONTINUOUS
10
6.6472042913385829
20
-3.593440748031496
11
6.6474303937007875
21
-3.5937638582677165
0
LINE
8
BLACK
6
CONTINUOUS
10
6.6474303937007875
20
-3.5937638582677165
11
6.6477718503937009
21
-3.5939610236220472
0
LINE
8
BLACK
6
CONTINUOUS
10
6.6477718503937009
20
-3.5939610236220472
11
6.6479924409448818
21
-3.5945670866141732
0
LINE
8
BLACK
6
CONTINUOUS
10
6.6479924409448818
20
-3.5945670866141732
11
6.648362283464567
21
-3.5950956299212598
0
LINE
8
BLACK
6
CONTINUOUS
10
6.648362283464567
20
-3.5950956299212598
11
6.6483277952755904
21
-3.5954884251968502
0
LINE
8
BLACK
6
CONTINUOUS
10
6.6483277952755904
20
-3.5954884251968502
11
6.6484626771653543
21
-3.5958590157480312
0
LINE
8
BLACK
6
CONTINUOUS
10
6.6484626771653543
20
-3.5958590157480312
11
6.6484626771653543
21
-3.6352290944881891
0
LINE
8
BLACK
6
CONTINUOUS
10
6.6484626771653543
20
-3.6352290944881891
11
6.648284606299212
21
-3.6362390157480315
0
LINE
8
BLACK
6
CONTINUOUS
10
6.648284606299212
20
-3.6362390157480315
11
6.6469862992125979
21
-3.6377862598425197
0
LINE
8
BLACK
6
CONTINUOUS
10
6.6469862992125979
20
-3.6377862598425197
11
6.6449971653543303
21
-3.6381370078740156
0
LINE
8
BLACK
6
CONTINUOUS
10
6.6449971653543303
20
-3.6381370078740156
11
6.6432479921259837
21
-3.6371270866141732
0
LINE
8
BLACK
6
CONTINUOUS
10
6.6432479921259837
20
-3.6371270866141732
11
6.6425571653543303
21
-3.6352290944881891
0
LINE
8
BLACK
6
CONTINUOUS
10
6.6425571653543303
20
-3.6352290944881891
11
6.6425571653543303
21
-3.6091687401574801
0
LINE
8
BLACK
6
CONTINUOUS
10
6.6425571653543303
20
-3.6091687401574801
11
6.6350623228346457
21
-3.6252291338582676
0
LINE
8
BLACK
6
CONTINUOUS
10
6.6350623228346457
20
-3.6252291338582676
11
6.6348396456692909
21
-3.6255468897637795
0
LINE
8
BLACK
6
CONTINUOUS
10
6.6348396456692909
20
-3.6255468897637795
11
6.634805826771653
21
-3.6256733858267718
0
LINE
8
BLACK
6
CONTINUOUS
10
6.634805826771653
20
-3.6256733858267718
11
6.6346982283464566
21
-3.6257487401574804
0
LINE
8
BLACK
6
CONTINUOUS
10
6.6346982283464566
20
-3.6257487401574804
11
6.6344738582677163
21
-3.6260690157480315
0
LINE
8
BLACK
6
CONTINUOUS
10
6.6344738582677163
20
-3.6260690157480315
11
6.6337792913385822
21
-3.6263925984251966
0
LINE
8
BLACK
6
CONTINUOUS
10
6.6337792913385822
20
-3.6263925984251966
11
6.6331516535433073
21
-3.6268324409448818
0
LINE
8
BLACK
6
CONTINUOUS
10
6.6331516535433073
20
-3.6268324409448818
11
6.6328853149606299
21
-3.6268091732283465
0
LINE
8
BLACK
6
CONTINUOUS
10
6.6328853149606299
20
-3.6268091732283465
11
6.6326430708661412
21
-3.6269220866141731
0
LINE
8
BLACK
6
CONTINUOUS
10
6.6326430708661412
20
-3.6269220866141731
11
6.6319028346456692
21
-3.6267235039370078
0
LINE
8
BLACK
6
CONTINUOUS
10
6.6319028346456692
20
-3.6267235039370078
11
6.6311394881889765
21
-3.6266569291338584
0
LINE
8
BLACK
6
CONTINUOUS
10
6.6311394881889765
20
-3.6266569291338584
11
6.6309504330708657
21
-3.6264679921259844
0
LINE
8
BLACK
6
CONTINUOUS
10
6.6309504330708657
20
-3.6264679921259844
11
6.6306922047244097
21
-3.6263987401574802
0
LINE
8
BLACK
6
CONTINUOUS
10
6.6306922047244097
20
-3.6263987401574802
11
6.6302527952755907
21
-3.6257708267716535
0
LINE
8
BLACK
6
CONTINUOUS
10
6.6302527952755907
20
-3.6257708267716535
11
6.6297108267716531
21
-3.6252291732283464
0
LINE
8
BLACK
6
CONTINUOUS
10
6.6297108267716531
20
-3.6252291732283464
11
6.6222159842519686
21
-3.6091687401574801
0
LINE
8
BLACK
6
CONTINUOUS
10
6.6222159842519686
20
-3.6091687401574801
11
6.6222159842519686
21
-3.6352290944881891
0
LINE
8
BLACK
6
CONTINUOUS
10
6.6222159842519686
20
-3.6352290944881891
11
6.6220379133858263
21
-3.6362390157480315
0
LINE
8
BLACK
6
CONTINUOUS
10
6.6220379133858263
20
-3.6362390157480315
11
6.6207396062992121
21
-3.6377862598425197
0
LINE
8
BLACK
6
CONTINUOUS
10
6.6207396062992121
20
-3.6377862598425197
11
6.6187504724409445
21
-3.6381370078740156
0
LINE
8
BLACK
6
CONTINUOUS
10
6.6187504724409445
20
-3.6381370078740156
11
6.6170012992125979
21
-3.6371270866141732
0
LINE
8
BLACK
6
CONTINUOUS
10
6.6170012992125979
20
-3.6371270866141732
11
6.6163104724409445
21
-3.6352290944881891
0
LINE
8
BLACK
6
CONTINUOUS
10
6.6163104724409445
20
-3.6352290944881891
11
6.6163104724409445
21
-3.5958590157480312
0
LINE
8
BLACK
6
CONTINUOUS
10
6.6163104724409445
20
-3.5958590157480312
11
6.6164885433070868
21
-3.5948490944881888
0
LINE
8
BLACK
6
CONTINUOUS
10
6.6164885433070868
20
-3.5948490944881888
11
6.6167420078740156
21
-3.5945469685039368
0
LINE
8
BLACK
6
CONTINUOUS
10
6.6167420078740156
20
-3.5945469685039368
11
6.616843976377953
21
-3.5941661023622045
0
LINE
8
BLACK
6
CONTINUOUS
10
6.616843976377953
20
-3.5941661023622045
11
6.6173722047244095
21
-3.5937959448818897
0
LINE
8
BLACK
6
CONTINUOUS
10
6.6173722047244095
20
-3.5937959448818897
11
6.617786850393701
21
-3.5933018503937006
0
LINE
8
BLACK
6
CONTINUOUS
10
6.617786850393701
20
-3.5933018503937006
11
6.6181751574803149
21
-3.5932333464566928
0
LINE
8
BLACK
6
CONTINUOUS
10
6.6181751574803149
20
-3.5932333464566928
11
6.6184981496062987
21
-3.5930070866141732
0
LINE
8
BLACK
6
CONTINUOUS
10
6.6184981496062987
20
-3.5930070866141732
11
6.6191407086614173
21
-3.5930631102362205
0
LINE
8
BLACK
6
CONTINUOUS
10
6.6191407086614173
20
-3.5930631102362205
11
6.6197759842519686
21
-3.5929511023622047
0
LINE
8
BLACK
6
CONTINUOUS
10
6.6197759842519686
20
-3.5929511023622047
11
6.6201175196850395
21
-3.5931482677165354
0
LINE
8
BLACK
6
CONTINUOUS
10
6.6201175196850395
20
-3.5931482677165354
11
6.6205103149606295
21
-3.5931825590551179
0
LINE
8
BLACK
6
CONTINUOUS
10
6.6205103149606295
20
-3.5931825590551179
11
6.6209664960629917
21
-3.5936384645669293
0
LINE
8
BLACK
6
CONTINUOUS
10
6.6209664960629917
20
-3.5936384645669293
11
6.6215251574803151
21
-3.5939610236220472
0
LINE
8
BLACK
6
CONTINUOUS
10
6.6215251574803151
20
-3.5939610236220472
11
6.6216599999999994
21
-3.5943315748031495
0
LINE
8
BLACK
6
CONTINUOUS
10
6.6216599999999994
20
-3.5943315748031495
11
6.6219389763779528
21
-3.5946103543307086
0
LINE
8
BLACK
6
CONTINUOUS
10
6.6219389763779528
20
-3.5946103543307086
11
6.6323865354330707
21
-3.6169980314960628
0
LINE
8
BLACK
6
CONTINUOUS
10
6.6323865354330707
20
-3.6169980314960628
11
6.642834173228346
21
-3.5946103149606299
0
LINE
8
BLACK
6
CONTINUOUS
10
6.642834173228346
20
-3.5946103149606299
11
6.6434226377952754
21
-3.5937704724409447
0
LINE
8
BLACK
6
CONTINUOUS
10
6.6434226377952754
20
-3.5937704724409447
11
6.6437800393700783
21
-3.5936038976377951
0
LINE
8
BLACK
6
CONTINUOUS
10
6.6437800393700783
20
-3.5936038976377951
11
6.6440335433070867
21
-3.5933018503937006
0
LINE
8
BLACK
6
CONTINUOUS
10
6.6440335433070867
20
-3.5933018503937006
11
6.6446687401574804
21
-3.5931898031496061
0
LINE
8
BLACK
6
CONTINUOUS
10
6.6446687401574804
20
-3.5931898031496061
11
6.6452534645669292
21
-3.5929174015748031
0
LINE
8
BLACK
6
CONTINUOUS
10
6.6452534645669292
20
-3.5929174015748031
11
6.6456343307086616
21
-3.5930195669291338
0
LINE
8
BLACK
6
CONTINUOUS
10
5.5196503543307083
20
-3.3951421259842518
11
5.5203411811023617
21
-3.3970401181102363
0
LINE
8
BLACK
6
CONTINUOUS
10
5.5203411811023617
20
-3.3970401181102363
11
5.5203411811023617
21
-3.4251615748031496
0
LINE
8
BLACK
6
CONTINUOUS
10
5.5203411811023617
20
-3.4251615748031496
11
5.5201878740157477
21
-3.4260309448818895
0
LINE
8
BLACK
6
CONTINUOUS
10
5.5201878740157477
20
-3.4260309448818895
11
5.5201896456692916
21
-3.4260953543307084
0
LINE
8
BLACK
6
CONTINUOUS
10
5.5201896456692916
20
-3.4260953543307084
11
5.518314881889764
21
-3.4317196062992124
0
LINE
8
BLACK
6
CONTINUOUS
10
5.518314881889764
20
-3.4317196062992124
11
5.5178265748031494
21
-3.4326213779527559
0
LINE
8
BLACK
6
CONTINUOUS
10
5.5178265748031494
20
-3.4326213779527559
11
5.5176761811023622
21
-3.4327137401574803
0
LINE
8
BLACK
6
CONTINUOUS
10
5.5176761811023622
20
-3.4327137401574803
11
5.5176016141732278
21
-3.43287374015748
0
LINE
8
BLACK
6
CONTINUOUS
10
5.5176016141732278
20
-3.43287374015748
11
5.5138520472440939
21
-3.4366233464566927
0
LINE
8
BLACK
6
CONTINUOUS
10
5.5138520472440939
20
-3.4366233464566927
11
5.5130120078740159
21
-3.4372115354330708
0
LINE
8
BLACK
6
CONTINUOUS
10
5.5130120078740159
20
-3.4372115354330708
11
5.5128361417322838
21
-3.4372268897637794
0
LINE
8
BLACK
6
CONTINUOUS
10
5.5128361417322838
20
-3.4372268897637794
11
5.512697874015748
21
-3.4373366535433072
0
LINE
8
BLACK
6
CONTINUOUS
10
5.512697874015748
20
-3.4373366535433072
11
5.5070735826771653
21
-3.4392114173228348
0
LINE
8
BLACK
6
CONTINUOUS
10
5.5070735826771653
20
-3.4392114173228348
11
5.5062003937007873
21
-3.4393408661417322
0
LINE
8
BLACK
6
CONTINUOUS
10
5.5062003937007873
20
-3.4393408661417322
11
5.5061398425196852
21
-3.4393629527559053
0
LINE
8
BLACK
6
CONTINUOUS
10
5.5061398425196852
20
-3.4393629527559053
11
5.5023903149606301
21
-3.4393629527559053
0
LINE
8
BLACK
6
CONTINUOUS
10
5.5023903149606301
20
-3.4393629527559053
11
5.5013803937007877
21
-3.4391848818897639
0
LINE
8
BLACK
6
CONTINUOUS
10
5.5013803937007877
20
-3.4391848818897639
11
5.4998331496062987
21
-3.4378865748031497
0
LINE
8
BLACK
6
CONTINUOUS
10
5.4998331496062987
20
-3.4378865748031497
11
5.4994824015748032
21
-3.4358974409448817
0
LINE
8
BLACK
6
CONTINUOUS
10
5.4994824015748032
20
-3.4358974409448817
11
5.5004923228346456
21
-3.4341482677165351
0
LINE
8
BLACK
6
CONTINUOUS
10
5.5004923228346456
20
-3.4341482677165351
11
5.5023903149606301
21
-3.4334574409448817
0
LINE
8
BLACK
6
CONTINUOUS
10
5.5023903149606301
20
-3.4334574409448817
11
5.5056607086614173
21
-3.4334574409448817
0
LINE
8
BLACK
6
CONTINUOUS
10
5.5056607086614173
20
-3.4334574409448817
11
5.5101690944881891
21
-3.4319546062992123
0
LINE
8
BLACK
6
CONTINUOUS
10
5.5101690944881891
20
-3.4319546062992123
11
5.5129328346456692
21
-3.4291908267716535
0
LINE
8
BLACK
6
CONTINUOUS
10
5.5129328346456692
20
-3.4291908267716535
11
5.5144356692913385
21
-3.4246824409448817
0
LINE
8
BLACK
6
CONTINUOUS
10
5.5144356692913385
20
-3.4246824409448817
11
5.5144356692913385
21
-3.3970401181102363
0
LINE
8
BLACK
6
CONTINUOUS
10
5.5144356692913385
20
-3.3970401181102363
11
5.51461374015748
21
-3.3960301968503934
0
LINE
8
BLACK
6
CONTINUOUS
10
5.51461374015748
20
-3.3960301968503934
11
5.5159120472440941
21
-3.3944829527559053
0
LINE
8
BLACK
6
CONTINUOUS
10
5.5159120472440941
20
-3.3944829527559053
11
5.5179011811023617
21
-3.3941322047244094
0
LINE
8
BLACK
6
CONTINUOUS
10
5.5179011811023617
20
-3.3941322047244094
11
5.5196503543307083
21
-3.3951421259842518
0
LINE
8
BLACK
6
CONTINUOUS
10
5.5502693700787402
20
-3.3942654330708661
11
5.5504046062992121
21
-3.3943788976377953
0
LINE
8
BLACK
6
CONTINUOUS
10
5.5504046062992121
20
-3.3943788976377953
11
5.5505799606299213
21
-3.3943990944881888
0
LINE
8
BLACK
6
CONTINUOUS
10
5.5505799606299213
20
-3.3943990944881888
11
5.5543294881889764
21
-3.3962738582677163
0
LINE
8
BLACK
6
CONTINUOUS
10
5.5543294881889764
20
-3.3962738582677163
11
5.5550385433070861
21
-3.3967997637795273
0
LINE
8
BLACK
6
CONTINUOUS
10
5.5550385433070861
20
-3.3967997637795273
11
5.5550968897637798
21
-3.3968269685039369
0
LINE
8
BLACK
6
CONTINUOUS
10
5.5550968897637798
20
-3.3968269685039369
11
5.5569716535433074
21
-3.3987017322834645
0
LINE
8
BLACK
6
CONTINUOUS
10
5.5569716535433074
20
-3.3987017322834645
11
5.557477913385827
21
-3.3994248031496062
0
LINE
8
BLACK
6
CONTINUOUS
10
5.557477913385827
20
-3.3994248031496062
11
5.5575247637795275
21
-3.3994691338582674
0
LINE
8
BLACK
6
CONTINUOUS
10
5.5575247637795275
20
-3.3994691338582674
11
5.5593995275590551
21
-3.4032186614173225
0
LINE
8
BLACK
6
CONTINUOUS
10
5.5593995275590551
20
-3.4032186614173225
11
5.559691889763779
21
-3.4042015748031496
0
LINE
8
BLACK
6
CONTINUOUS
10
5.559691889763779
20
-3.4042015748031496
11
5.5596508661417321
21
-3.4043732677165353
0
LINE
8
BLACK
6
CONTINUOUS
10
5.5596508661417321
20
-3.4043732677165353
11
5.5597112598425191
21
-3.4045391732283465
0
LINE
8
BLACK
6
CONTINUOUS
10
5.5597112598425191
20
-3.4045391732283465
11
5.5597112598425191
21
-3.4082887007874016
0
LINE
8
BLACK
6
CONTINUOUS
10
5.5597112598425191
20
-3.4082887007874016
11
5.5595579527559051
21
-3.4091580708661415
0
LINE
8
BLACK
6
CONTINUOUS
10
5.5595579527559051
20
-3.4091580708661415
11
5.559559724409449
21
-3.4092224803149604
0
LINE
8
BLACK
6
CONTINUOUS
10
5.559559724409449
20
-3.4092224803149604
11
5.5576849606299215
21
-3.4148467322834644
0
LINE
8
BLACK
6
CONTINUOUS
10
5.5576849606299215
20
-3.4148467322834644
11
5.5571966535433068
21
-3.4157485039370079
0
LINE
8
BLACK
6
CONTINUOUS
10
5.5571966535433068
20
-3.4157485039370079
11
5.5570462598425197
21
-3.4158408661417323
0
LINE
8
BLACK
6
CONTINUOUS
10
5.5570462598425197
20
-3.4158408661417323
11
5.5569716535433074
21
-3.4160009055118108
0
LINE
8
BLACK
6
CONTINUOUS
10
5.5569716535433074
20
-3.4160009055118108
11
5.5395151574803148
21
-3.4334574409448817
0
LINE
8
BLACK
6
CONTINUOUS
10
5.5395151574803148
20
-3.4334574409448817
11
5.556758503937008
21
-3.4334574409448817
0
LINE
8
BLACK
6
CONTINUOUS
10
5.556758503937008
20
-3.4334574409448817
11
5.5577684251968504
21
-3.4336355118110236
0
LINE
8
BLACK
6
CONTINUOUS
10
5.5577684251968504
20
-3.4336355118110236
11
5.5593156692913386
21
-3.4349338188976377
0
LINE
8
BLACK
6
CONTINUOUS
10
5.5593156692913386
20
-3.4349338188976377
11
5.559666417322835
21
-3.4369229527559053
0
LINE
8
BLACK
6
CONTINUOUS
10
5.559666417322835
20
-3.4369229527559053
11
5.5586564960629916
21
-3.4386721259842519
0
LINE
8
BLACK
6
CONTINUOUS
10
5.5586564960629916
20
-3.4386721259842519
11
5.556758503937008
21
-3.4393629527559053
0
LINE
8
BLACK
6
CONTINUOUS
10
5.556758503937008
20
-3.4393629527559053
11
5.5323865748031498
21
-3.4393629527559053
0
LINE
8
BLACK
6
CONTINUOUS
10
5.5323865748031498
20
-3.4393629527559053
11
5.5317518110236223
21
-3.439251023622047
0
LINE
8
BLACK
6
CONTINUOUS
10
5.5317518110236223
20
-3.439251023622047
11
5.5316223622047245
21
-3.4392623622047243
0
LINE
8
BLACK
6
CONTINUOUS
10
5.5316223622047245
20
-3.4392623622047243
11
5.5315571259842518
21
-3.4392166929133858
0
LINE
8
BLACK
6
CONTINUOUS
10
5.5315571259842518
20
-3.4392166929133858
11
5.5313766535433073
21
-3.4391848818897639
0
LINE
8
BLACK
6
CONTINUOUS
10
5.5313766535433073
20
-3.4391848818897639
11
5.5306957874015747
21
-3.4386135826771653
0
LINE
8
BLACK
6
CONTINUOUS
10
5.5306957874015747
20
-3.4386135826771653
11
5.5299677952755903
21
-3.4381038188976376
0
LINE
8
BLACK
6
CONTINUOUS
10
5.5299677952755903
20
-3.4381038188976376
11
5.5299328346456695
21
-3.4379733464566926
0
LINE
8
BLACK
6
CONTINUOUS
10
5.5299328346456695
20
-3.4379733464566926
11
5.5298294094488192
21
-3.4378865748031497
0
LINE
8
BLACK
6
CONTINUOUS
10
5.5298294094488192
20
-3.4378865748031497
11
5.5296750393700789
21
-3.4370112204724408
0
LINE
8
BLACK
6
CONTINUOUS
10
5.5296750393700789
20
-3.4370112204724408
11
5.5294450787401574
21
-3.4361528740157481
0
LINE
8
BLACK
6
CONTINUOUS
10
5.5294450787401574
20
-3.4361528740157481
11
5.5295021259842523
21
-3.4360305118110235
0
LINE
8
BLACK
6
CONTINUOUS
10
5.5295021259842523
20
-3.4360305118110235
11
5.5294786614173228
21
-3.4358974409448817
0
LINE
8
BLACK
6
CONTINUOUS
10
5.5294786614173228
20
-3.4358974409448817
11
5.529923149606299
21
-3.4351275196850395
0
LINE
8
BLACK
6
CONTINUOUS
10
5.529923149606299
20
-3.4351275196850395
11
5.5302986614173228
21
-3.4343222834645668
0
LINE
8
BLACK
6
CONTINUOUS
10
5.5302986614173228
20
-3.4343222834645668
11
5.5523029133858266
21
-3.4123179527559055
0
LINE
8
BLACK
6
CONTINUOUS
10
5.5523029133858266
20
-3.4123179527559055
11
5.553805748031496
21
-3.4078095669291337
0
LINE
8
BLACK
6
CONTINUOUS
10
5.553805748031496
20
-3.4078095669291337
11
5.553805748031496
21
-3.4052362204724407
0
LINE
8
BLACK
6
CONTINUOUS
10
5.553805748031496
20
-3.4052362204724407
11
5.5524570078740156
21
-3.40253874015748
0
LINE
8
BLACK
6
CONTINUOUS
10
5.5524570078740156
20
-3.40253874015748
11
5.5512598818897638
21
-3.4013416141732282
0
LINE
8
BLACK
6
CONTINUOUS
10
5.5512598818897638
20
-3.4013416141732282
11
5.5485624015748032
21
-3.3999928740157479
0
LINE
8
BLACK
6
CONTINUOUS
10
5.5485624015748032
20
-3.3999928740157479
11
5.5405826771653546
21
-3.3999928740157479
0
LINE
8
BLACK
6
CONTINUOUS
10
5.5405826771653546
20
-3.3999928740157479
11
5.5378851968503939
21
-3.4013416141732282
0
LINE
8
BLACK
6
CONTINUOUS
10
5.5378851968503939
20
-3.4013416141732282
11
5.5363492519685042
21
-3.4028775590551179
0
LINE
8
BLACK
6
CONTINUOUS
10
5.5363492519685042
20
-3.4028775590551179
11
5.5355092125984253
21
-3.403465748031496
0
LINE
8
BLACK
6
CONTINUOUS
10
5.5355092125984253
20
-3.403465748031496
11
5.533497125984252
21
-3.403641811023622
0
LINE
8
BLACK
6
CONTINUOUS
10
5.533497125984252
20
-3.403641811023622
11
5.5318425590551179
21
-3.4024832677165353
0
LINE
8
BLACK
6
CONTINUOUS
10
5.5318425590551179
20
-3.4024832677165353
11
5.531319842519685
21
-3.4005323228346458
0
LINE
8
BLACK
6
CONTINUOUS
10
5.531319842519685
20
-3.4005323228346458
11
5.5321734251968504
21
-3.3987017322834645
0
LINE
8
BLACK
6
CONTINUOUS
10
5.5321734251968504
20
-3.3987017322834645
11
5.534048188976378
21
-3.3968269685039369
0
LINE
8
BLACK
6
CONTINUOUS
10
5.534048188976378
20
-3.3968269685039369
11
5.5347712598425192
21
-3.3963206692913386
0
LINE
8
BLACK
6
CONTINUOUS
10
5.5347712598425192
20
-3.3963206692913386
11
5.5348155905511813
21
-3.3962738582677163
0
LINE
8
BLACK
6
CONTINUOUS
10
5.5348155905511813
20
-3.3962738582677163
11
5.5385651181102364
21
-3.3943990944881888
0
LINE
8
BLACK
6
CONTINUOUS
10
5.5385651181102364
20
-3.3943990944881888
11
5.5395480314960626
21
-3.3941067322834644
0
LINE
8
BLACK
6
CONTINUOUS
10
5.5395480314960626
20
-3.3941067322834644
11
5.5397197244094487
21
-3.394147716535433
0
LINE
8
BLACK
6
CONTINUOUS
10
5.5397197244094487
20
-3.394147716535433
11
5.53988562992126
21
-3.3940873622047243
0
LINE
8
BLACK
6
CONTINUOUS
10
5.53988562992126
20
-3.3940873622047243
11
5.5492594488188978
21
-3.3940873622047243
0
LINE
8
BLACK
6
CONTINUOUS
10
5.5492594488188978
20
-3.3940873622047243
11
5.5502693700787402
21
-3.3942654330708661
0
LINE
8
BLACK
6
CONTINUOUS
10
5.5493237007874017
20
-3.3198885039370079
11
5.5615351574803151
21
-3.3230238582677165
0
LINE
8
BLACK
6
CONTINUOUS
10
5.5615351574803151
20
-3.3230238582677165
11
5.5732573622047239
21
-3.3276650000000001
0
LINE
8
BLACK
6
CONTINUOUS
10
5.5732573622047239
20
-3.3276650000000001
11
5.5843054330708659
21
-3.3337387401574801
0
LINE
8
BLACK
6
CONTINUOUS
10
5.5843054330708659
20
-3.3337387401574801
11
5.5945051574803148
21
-3.341149251968504
0
LINE
8
BLACK
6
CONTINUOUS
10
5.5945051574803148
20
-3.341149251968504
11
5.6036956692913389
21
-3.3497797244094487
0
LINE
8
BLACK
6
CONTINUOUS
10
5.6036956692913389
20
-3.3497797244094487
11
5.611732007874016
21
-3.3594940157480315
0
LINE
8
BLACK
6
CONTINUOUS
10
5.611732007874016
20
-3.3594940157480315
11
5.6184874803149603
21
-3.3701388976377951
0
LINE
8
BLACK
6
CONTINUOUS
10
5.6184874803149603
20
-3.3701388976377951
11
5.6238555118110236
21
-3.3815465354330709
0
LINE
8
BLACK
6
CONTINUOUS
10
5.6238555118110236
20
-3.3815465354330709
11
5.6277514566929137
21
-3.3935370472440942
0
LINE
8
BLACK
6
CONTINUOUS
10
5.6277514566929137
20
-3.3935370472440942
11
5.6301138582677162
21
-3.4059212598425197
0
LINE
8
BLACK
6
CONTINUOUS
10
5.6301138582677162
20
-3.4059212598425197
11
5.6309055118110232
21
-3.4185039370078738
0
LINE
8
BLACK
6
CONTINUOUS
10
5.6309055118110232
20
-3.4185039370078738
11
5.6301138582677162
21
-3.4310866141732284
0
LINE
8
BLACK
6
CONTINUOUS
10
5.6301138582677162
20
-3.4310866141732284
11
5.6277514566929137
21
-3.4434708267716534
0
LINE
8
BLACK
6
CONTINUOUS
10
5.6277514566929137
20
-3.4434708267716534
11
5.6238555118110236
21
-3.4554613385826771
0
LINE
8
BLACK
6
CONTINUOUS
10
5.6238555118110236
20
-3.4554613385826771
11
5.6184874803149603
21
-3.4668689763779525
0
LINE
8
BLACK
6
CONTINUOUS
10
5.6184874803149603
20
-3.4668689763779525
11
5.611732007874016
21
-3.4775138582677165
0
LINE
8
BLACK
6
CONTINUOUS
10
5.611732007874016
20
-3.4775138582677165
11
5.6036956692913389
21
-3.4872281496062993
0
LINE
8
BLACK
6
CONTINUOUS
10
5.6036956692913389
20
-3.4872281496062993
11
5.5945051574803148
21
-3.4958586220472441
0
LINE
8
BLACK
6
CONTINUOUS
10
5.5945051574803148
20
-3.4958586220472441
11
5.5843054330708659
21
-3.5032691338582675
0
LINE
8
BLACK
6
CONTINUOUS
10
5.5843054330708659
20
-3.5032691338582675
11
5.5732573622047239
21
-3.509342874015748
0
LINE
8
BLACK
6
CONTINUOUS
10
5.5732573622047239
20
-3.509342874015748
11
5.5615351574803151
21
-3.5139840157480315
0
LINE
8
BLACK
6
CONTINUOUS
10
5.5615351574803151
20
-3.5139840157480315
11
5.5493237007874017
21
-3.5171193700787402
0
LINE
8
BLACK
6
CONTINUOUS
10
5.5493237007874017
20
-3.5171193700787402
11
5.5368155905511811
21
-3.5186995275590549
0
LINE
8
BLACK
6
CONTINUOUS
10
5.5368155905511811
20
-3.5186995275590549
11
5.5242080314960624
21
-3.5186995275590549
0
LINE
8
BLACK
6
CONTINUOUS
10
5.5242080314960624
20
-3.5186995275590549
11
5.5116999212598428
21
-3.5171193700787402
0
LINE
8
BLACK
6
CONTINUOUS
10
5.5116999212598428
20
-3.5171193700787402
11
5.4994884645669293
21
-3.5139840157480315
0
LINE
8
BLACK
6
CONTINUOUS
10
5.4994884645669293
20
-3.5139840157480315
11
5.4877662598425196
21
-3.509342874015748
0
LINE
8
BLACK
6
CONTINUOUS
10
5.4877662598425196
20
-3.509342874015748
11
5.4767181889763776
21
-3.5032691338582675
0
LINE
8
BLACK
6
CONTINUOUS
10
5.4767181889763776
20
-3.5032691338582675
11
5.4665184645669287
21
-3.4958586220472441
0
LINE
8
BLACK
6
CONTINUOUS
10
5.4665184645669287
20
-3.4958586220472441
11
5.4573279527559055
21
-3.4872281496062993
0
LINE
8
BLACK
6
CONTINUOUS
10
5.4573279527559055
20
-3.4872281496062993
11
5.4492916141732284
21
-3.4775138582677165
0
LINE
8
BLACK
6
CONTINUOUS
10
5.4492916141732284
20
-3.4775138582677165
11
5.4425361417322833
21
-3.4668689763779525
0
LINE
8
BLACK
6
CONTINUOUS
10
5.4425361417322833
20
-3.4668689763779525
11
5.4371681102362199
21
-3.4554613385826771
0
LINE
8
BLACK
6
CONTINUOUS
10
5.4371681102362199
20
-3.4554613385826771
11
5.4332721653543308
21
-3.4434708267716534
0
LINE
8
BLACK
6
CONTINUOUS
10
5.4332721653543308
20
-3.4434708267716534
11
5.4309097637795274
21
-3.4310866141732284
0
LINE
8
BLACK
6
CONTINUOUS
10
5.4309097637795274
20
-3.4310866141732284
11
5.4301181102362204
21
-3.4185039370078738
0
LINE
8
BLACK
6
CONTINUOUS
10
5.4301181102362204
20
-3.4185039370078738
11
5.4309097637795274
21
-3.4059212598425197
0
LINE
8
BLACK
6
CONTINUOUS
10
5.4309097637795274
20
-3.4059212598425197
11
5.4332721653543308
21
-3.3935370472440942
0
LINE
8
BLACK
6
CONTINUOUS
10
5.4332721653543308
20
-3.3935370472440942
11
5.4371681102362199
21
-3.3815465354330709
0
LINE
8
BLACK
6
CONTINUOUS
10
5.4371681102362199
20
-3.3815465354330709
11
5.4425361417322833
21
-3.3701388976377951
0
LINE
8
BLACK
6
CONTINUOUS
10
5.4425361417322833
20
-3.3701388976377951
11
5.4492916141732284
21
-3.3594940157480315
0
LINE
8
BLACK
6
CONTINUOUS
10
5.4492916141732284
20
-3.3594940157480315
11
5.4573279527559055
21
-3.3497797244094487
0
LINE
8
BLACK
6
CONTINUOUS
10
5.4573279527559055
20
-3.3497797244094487
11
5.4665184645669287
21
-3.341149251968504
0
LINE
8
BLACK
6
CONTINUOUS
10
5.4665184645669287
20
-3.341149251968504
11
5.4767181889763776
21
-3.3337387401574801
0
LINE
8
BLACK
6
CONTINUOUS
10
5.4767181889763776
20
-3.3337387401574801
11
5.4877662598425196
21
-3.3276650000000001
0
LINE
8
BLACK
6
CONTINUOUS
10
5.4877662598425196
20
-3.3276650000000001
11
5.4994884645669293
21
-3.3230238582677165
0
LINE
8
BLACK
6
CONTINUOUS
10
5.4994884645669293
20
-3.3230238582677165
11
5.5116999212598428
21
-3.3198885039370079
0
LINE
8
BLACK
6
CONTINUOUS
10
5.5116999212598428
20
-3.3198885039370079
11
5.5242080314960624
21
-3.3183083464566927
0
LINE
8
BLACK
6
CONTINUOUS
10
5.5242080314960624
20
-3.3183083464566927
11
5.5368155905511811
21
-3.3183083464566927
0
LINE
8
BLACK
6
CONTINUOUS
10
5.5368155905511811
20
-3.3183083464566927
11
5.5493237007874017
21
-3.3198885039370079
0
LINE
8
BLACK
6
CONTINUOUS
10
5.4346264960629922
20
-3.430617086614173
11
5.4369007480314959
21
-3.4425391732283463
0
LINE
8
BLACK
6
CONTINUOUS
10
5.4369007480314959
20
-3.4425391732283463
11
5.4406513385826774
21
-3.4540822047244095
0
LINE
8
BLACK
6
CONTINUOUS
10
5.4406513385826774
20
-3.4540822047244095
11
5.4458190551181103
21
-3.4650641732283463
0
LINE
8
BLACK
6
CONTINUOUS
10
5.4458190551181103
20
-3.4650641732283463
11
5.4523224015748033
21
-3.4753118503937008
0
LINE
8
BLACK
6
CONTINUOUS
10
5.4523224015748033
20
-3.4753118503937008
11
5.4600588976377953
21
-3.4846636220472442
0
LINE
8
BLACK
6
CONTINUOUS
10
5.4600588976377953
20
-3.4846636220472442
11
5.4689064566929133
21
-3.4929720472440944
0
LINE
8
BLACK
6
CONTINUOUS
10
5.4689064566929133
20
-3.4929720472440944
11
5.4787255511811024
21
-3.5001060236220471
0
LINE
8
BLACK
6
CONTINUOUS
10
5.4787255511811024
20
-3.5001060236220471
11
5.4893613385826772
21
-3.5059531102362205
0
LINE
8
BLACK
6
CONTINUOUS
10
5.4893613385826772
20
-3.5059531102362205
11
5.5006461023622046
21
-3.5104210629921258
0
LINE
8
BLACK
6
CONTINUOUS
10
5.5006461023622046
20
-3.5104210629921258
11
5.5124018897637796
21
-3.5134394488188976
0
LINE
8
BLACK
6
CONTINUOUS
10
5.5124018897637796
20
-3.5134394488188976
11
5.5244432677165349
21
-3.5149606299212599
0
LINE
8
BLACK
6
CONTINUOUS
10
5.5244432677165349
20
-3.5149606299212599
11
5.5365803543307086
21
-3.5149606299212599
0
LINE
8
BLACK
6
CONTINUOUS
10
5.5365803543307086
20
-3.5149606299212599
11
5.5486217322834648
21
-3.5134394488188976
0
LINE
8
BLACK
6
CONTINUOUS
10
5.5486217322834648
20
-3.5134394488188976
11
5.5603775196850389
21
-3.5104210629921258
0
LINE
8
BLACK
6
CONTINUOUS
10
5.5603775196850389
20
-3.5104210629921258
11
5.5716622834645664
21
-3.5059531102362205
0
LINE
8
BLACK
6
CONTINUOUS
10
5.5716622834645664
20
-3.5059531102362205
11
5.582298070866142
21
-3.5001060236220471
0
LINE
8
BLACK
6
CONTINUOUS
10
5.582298070866142
20
-3.5001060236220471
11
5.5921171653543302
21
-3.4929720472440944
0
LINE
8
BLACK
6
CONTINUOUS
10
5.5921171653543302
20
-3.4929720472440944
11
5.6009647244094483
21
-3.4846636220472442
0
LINE
8
BLACK
6
CONTINUOUS
10
5.6009647244094483
20
-3.4846636220472442
11
5.6087012204724411
21
-3.4753118503937008
0
LINE
8
BLACK
6
CONTINUOUS
10
5.6087012204724411
20
-3.4753118503937008
11
5.6152045669291342
21
-3.4650641732283463
0
LINE
8
BLACK
6
CONTINUOUS
10
5.6152045669291342
20
-3.4650641732283463
11
5.6203722834645671
21
-3.4540822047244095
0
LINE
8
BLACK
6
CONTINUOUS
10
5.6203722834645671
20
-3.4540822047244095
11
5.6241228740157476
21
-3.4425391732283463
0
LINE
8
BLACK
6
CONTINUOUS
10
5.6241228740157476
20
-3.4425391732283463
11
5.6263971259842522
21
-3.430617086614173
0
LINE
8
BLACK
6
CONTINUOUS
10
5.6263971259842522
20
-3.430617086614173
11
5.6271592125984249
21
-3.4185039370078738
0
LINE
8
BLACK
6
CONTINUOUS
10
5.6271592125984249
20
-3.4185039370078738
11
5.6263971259842522
21
-3.4063907874015746
0
LINE
8
BLACK
6
CONTINUOUS
10
5.6263971259842522
20
-3.4063907874015746
11
5.6241228740157476
21
-3.3944687007874017
0
LINE
8
BLACK
6
CONTINUOUS
10
5.6241228740157476
20
-3.3944687007874017
11
5.6203722834645671
21
-3.3829256692913385
0
LINE
8
BLACK
6
CONTINUOUS
10
5.6203722834645671
20
-3.3829256692913385
11
5.6152045669291342
21
-3.3719437007874014
0
LINE
8
BLACK
6
CONTINUOUS
10
5.6152045669291342
20
-3.3719437007874014
11
5.6087012204724411
21
-3.3616960236220472
0
LINE
8
BLACK
6
CONTINUOUS
10
5.6087012204724411
20
-3.3616960236220472
11
5.6009647244094483
21
-3.3523442519685038
0
LINE
8
BLACK
6
CONTINUOUS
10
5.6009647244094483
20
-3.3523442519685038
11
5.5921171653543302
21
-3.3440358267716537
0
LINE
8
BLACK
6
CONTINUOUS
10
5.5921171653543302
20
-3.3440358267716537
11
5.582298070866142
21
-3.3369018503937009
0
LINE
8
BLACK
6
CONTINUOUS
10
5.582298070866142
20
-3.3369018503937009
11
5.5716622834645664
21
-3.3310547637795276
0
LINE
8
BLACK
6
CONTINUOUS
10
5.5716622834645664
20
-3.3310547637795276
11
5.5603775196850389
21
-3.3265868110236219
0
LINE
8
BLACK
6
CONTINUOUS
10
5.5603775196850389
20
-3.3265868110236219
11
5.5486217322834648
21
-3.3235684251968505
0
LINE
8
BLACK
6
CONTINUOUS
10
5.5486217322834648
20
-3.3235684251968505
11
5.5365803543307086
21
-3.3220472440944881
0
LINE
8
BLACK
6
CONTINUOUS
10
5.5365803543307086
20
-3.3220472440944881
11
5.5244432677165349
21
-3.3220472440944881
0
LINE
8
BLACK
6
CONTINUOUS
10
5.5244432677165349
20
-3.3220472440944881
11
5.5124018897637796
21
-3.3235684251968505
0
LINE
8
BLACK
6
CONTINUOUS
10
5.5124018897637796
20
-3.3235684251968505
11
5.5006461023622046
21
-3.3265868110236219
0
LINE
8
BLACK
6
CONTINUOUS
10
5.5006461023622046
20
-3.3265868110236219
11
5.4893613385826772
21
-3.3310547637795276
0
LINE
8
BLACK
6
CONTINUOUS
10
5.4893613385826772
20
-3.3310547637795276
11
5.4787255511811024
21
-3.3369018503937009
0
LINE
8
BLACK
6
CONTINUOUS
10
5.4787255511811024
20
-3.3369018503937009
11
5.4689064566929133
21
-3.3440358267716537
0
LINE
8
BLACK
6
CONTINUOUS
10
5.4689064566929133
20
-3.3440358267716537
11
5.4600588976377953
21
-3.3523442519685038
0
LINE
8
BLACK
6
CONTINUOUS
10
5.4600588976377953
20
-3.3523442519685038
11
5.4523224015748033
21
-3.3616960236220472
0
LINE
8
BLACK
6
CONTINUOUS
10
5.4523224015748033
20
-3.3616960236220472
11
5.4458190551181103
21
-3.3719437007874014
0
LINE
8
BLACK
6
CONTINUOUS
10
5.4458190551181103
20
-3.3719437007874014
11
5.4406513385826774
21
-3.3829256692913385
0
LINE
8
BLACK
6
CONTINUOUS
10
5.4406513385826774
20
-3.3829256692913385
11
5.4369007480314959
21
-3.3944687007874017
0
LINE
8
BLACK
6
CONTINUOUS
10
5.4369007480314959
20
-3.3944687007874017
11
5.4346264960629922
21
-3.4063907874015746
0
LINE
8
BLACK
6
CONTINUOUS
10
5.4346264960629922
20
-3.4063907874015746
11
5.4338644094488187
21
-3.4185039370078738
0
LINE
8
BLACK
6
CONTINUOUS
10
5.4338644094488187
20
-3.4185039370078738
11
5.4346264960629922
21
-3.430617086614173
0
LINE
8
BLACK
6
CONTINUOUS
10
5.6663385826771648
20
-3.2807086614173229
11
5.6677305118110235
21
-3.2812852362204725
0
LINE
8
BLACK
6
CONTINUOUS
10
5.6677305118110235
20
-3.2812852362204725
11
5.6683070866141732
21
-3.2826771653543307
0
LINE
8
BLACK
6
CONTINUOUS
10
5.6683070866141732
20
-3.2826771653543307
11
5.6683070866141732
21
-3.5543307086614173
0
LINE
8
BLACK
6
CONTINUOUS
10
5.6683070866141732
20
-3.5543307086614173
11
5.6677305118110235
21
-3.5557226377952755
0
LINE
8
BLACK
6
CONTINUOUS
10
5.6677305118110235
20
-3.5557226377952755
11
5.6663385826771648
21
-3.5562992125984252
0
LINE
8
BLACK
6
CONTINUOUS
10
5.6663385826771648
20
-3.5562992125984252
11
5.3946850393700787
21
-3.5562992125984252
0
LINE
8
BLACK
6
CONTINUOUS
10
5.3946850393700787
20
-3.5562992125984252
11
5.39329311023622
21
-3.5557226377952755
0
LINE
8
BLACK
6
CONTINUOUS
10
5.39329311023622
20
-3.5557226377952755
11
5.3927165354330704
21
-3.5543307086614173
0
LINE
8
BLACK
6
CONTINUOUS
10
5.3927165354330704
20
-3.5543307086614173
11
5.3927165354330704
21
-3.2826771653543307
0
LINE
8
BLACK
6
CONTINUOUS
10
5.3927165354330704
20
-3.2826771653543307
11
5.39329311023622
21
-3.2812852362204725
0
LINE
8
BLACK
6
CONTINUOUS
10
5.39329311023622
20
-3.2812852362204725
11
5.3946850393700787
21
-3.2807086614173229
0
LINE
8
BLACK
6
CONTINUOUS
10
5.3946850393700787
20
-3.2807086614173229
11
5.6663385826771648
21
-3.2807086614173229
0
LINE
8
BLACK
6
CONTINUOUS
10
5.3966535433070861
20
-3.2846456692913386
11
5.3966535433070861
21
-3.5523622047244094
0
LINE
8
BLACK
6
CONTINUOUS
10
5.3966535433070861
20
-3.5523622047244094
11
5.6643700787401574
21
-3.5523622047244094
0
LINE
8
BLACK
6
CONTINUOUS
10
5.6643700787401574
20
-3.5523622047244094
11
5.6643700787401574
21
-3.2846456692913386
0
LINE
8
BLACK
6
CONTINUOUS
10
5.6643700787401574
20
-3.2846456692913386
11
5.3966535433070861
21
-3.2846456692913386
0
LINE
8
BLACK
6
CONTINUOUS
10
6.6196503543307088
20
-3.3951421259842518
11
6.6203411811023622
21
-3.3970401181102363
0
LINE
8
BLACK
6
CONTINUOUS
10
6.6203411811023622
20
-3.3970401181102363
11
6.6203411811023622
21
-3.4251615748031496
0
LINE
8
BLACK
6
CONTINUOUS
10
6.6203411811023622
20
-3.4251615748031496
11
6.6201878740157483
21
-3.4260309448818895
0
LINE
8
BLACK
6
CONTINUOUS
10
6.6201878740157483
20
-3.4260309448818895
11
6.6201896456692912
21
-3.4260953543307084
0
LINE
8
BLACK
6
CONTINUOUS
10
6.6201896456692912
20
-3.4260953543307084
11
6.6183148818897637
21
-3.4317196062992124
0
LINE
8
BLACK
6
CONTINUOUS
10
6.6183148818897637
20
-3.4317196062992124
11
6.6178265748031491
21
-3.4326213779527559
0
LINE
8
BLACK
6
CONTINUOUS
10
6.6178265748031491
20
-3.4326213779527559
11
6.6176761811023619
21
-3.4327137401574803
0
LINE
8
BLACK
6
CONTINUOUS
10
6.6176761811023619
20
-3.4327137401574803
11
6.6176016141732283
21
-3.43287374015748
0
LINE
8
BLACK
6
CONTINUOUS
10
6.6176016141732283
20
-3.43287374015748
11
6.6138520472440945
21
-3.4366233464566927
0
LINE
8
BLACK
6
CONTINUOUS
10
6.6138520472440945
20
-3.4366233464566927
11
6.6130120078740156
21
-3.4372115354330708
0
LINE
8
BLACK
6
CONTINUOUS
10
6.6130120078740156
20
-3.4372115354330708
11
6.6128361417322834
21
-3.4372268897637794
0
LINE
8
BLACK
6
CONTINUOUS
10
6.6128361417322834
20
-3.4372268897637794
11
6.6126978740157476
21
-3.4373366535433072
0
LINE
8
BLACK
6
CONTINUOUS
10
6.6126978740157476
20
-3.4373366535433072
11
6.6070735826771649
21
-3.4392114173228348
0
LINE
8
BLACK
6
CONTINUOUS
10
6.6070735826771649
20
-3.4392114173228348
11
6.6062003937007869
21
-3.4393408661417322
0
LINE
8
BLACK
6
CONTINUOUS
10
6.6062003937007869
20
-3.4393408661417322
11
6.6061398425196849
21
-3.4393629527559053
0
LINE
8
BLACK
6
CONTINUOUS
10
6.6061398425196849
20
-3.4393629527559053
11
6.6023903149606298
21
-3.4393629527559053
0
LINE
8
BLACK
6
CONTINUOUS
10
6.6023903149606298
20
-3.4393629527559053
11
6.6013803937007873
21
-3.4391848818897639
0
LINE
8
BLACK
6
CONTINUOUS
10
6.6013803937007873
20
-3.4391848818897639
11
6.5998331496062992
21
-3.4378865748031497
0
LINE
8
BLACK
6
CONTINUOUS
10
6.5998331496062992
20
-3.4378865748031497
11
6.5994824015748028
21
-3.4358974409448817
0
LINE
8
BLACK
6
CONTINUOUS
10
6.5994824015748028
20
-3.4358974409448817
11
6.6004923228346453
21
-3.4341482677165351
0
LINE
8
BLACK
6
CONTINUOUS
10
6.6004923228346453
20
-3.4341482677165351
11
6.6023903149606298
21
-3.4334574409448817
0
LINE
8
BLACK
6
CONTINUOUS
10
6.6023903149606298
20
-3.4334574409448817
11
6.605660708661417
21
-3.4334574409448817
0
LINE
8
BLACK
6
CONTINUOUS
10
6.605660708661417
20
-3.4334574409448817
11
6.6101690944881888
21
-3.4319546062992123
0
LINE
8
BLACK
6
CONTINUOUS
10
6.6101690944881888
20
-3.4319546062992123
11
6.6129328346456688
21
-3.4291908267716535
0
LINE
8
BLACK
6
CONTINUOUS
10
6.6129328346456688
20
-3.4291908267716535
11
6.6144356692913382
21
-3.4246824409448817
0
LINE
8
BLACK
6
CONTINUOUS
10
6.6144356692913382
20
-3.4246824409448817
11
6.6144356692913382
21
-3.3970401181102363
0
LINE
8
BLACK
6
CONTINUOUS
10
6.6144356692913382
20
-3.3970401181102363
11
6.6146137401574805
21
-3.3960301968503934
0
LINE
8
BLACK
6
CONTINUOUS
10
6.6146137401574805
20
-3.3960301968503934
11
6.6159120472440947
21
-3.3944829527559053
0
LINE
8
BLACK
6
CONTINUOUS
10
6.6159120472440947
20
-3.3944829527559053
11
6.6179011811023623
21
-3.3941322047244094
0
LINE
8
BLACK
6
CONTINUOUS
10
6.6179011811023623
20
-3.3941322047244094
11
6.6196503543307088
21
-3.3951421259842518
0
LINE
8
BLACK
6
CONTINUOUS
10
6.6596431889763776
20
-3.3942654330708661
11
6.6599104330708663
21
-3.3944896850393702
0
LINE
8
BLACK
6
CONTINUOUS
10
6.6599104330708663
20
-3.3944896850393702
11
6.6602500393700783
21
-3.3945693307086615
0
LINE
8
BLACK
6
CONTINUOUS
10
6.6602500393700783
20
-3.3945693307086615
11
6.6606626377952756
21
-3.395120866141732
0
LINE
8
BLACK
6
CONTINUOUS
10
6.6606626377952756
20
-3.395120866141732
11
6.6611904330708658
21
-3.3955637401574803
0
LINE
8
BLACK
6
CONTINUOUS
10
6.6611904330708658
20
-3.3955637401574803
11
6.6612509842519687
21
-3.3959073228346455
0
LINE
8
BLACK
6
CONTINUOUS
10
6.6612509842519687
20
-3.3959073228346455
11
6.6614599606299212
21
-3.3961866141732284
0
LINE
8
BLACK
6
CONTINUOUS
10
6.6614599606299212
20
-3.3961866141732284
11
6.6614214960629923
21
-3.3968743307086613
0
LINE
8
BLACK
6
CONTINUOUS
10
6.6614214960629923
20
-3.3968743307086613
11
6.6615411811023622
21
-3.3975528740157479
0
LINE
8
BLACK
6
CONTINUOUS
10
6.6615411811023622
20
-3.3975528740157479
11
6.6613667322834642
21
-3.3978549999999998
0
LINE
8
BLACK
6
CONTINUOUS
10
6.6613667322834642
20
-3.3978549999999998
11
6.6613472834645666
21
-3.3982032677165352
0
LINE
8
BLACK
6
CONTINUOUS
10
6.6613472834645666
20
-3.3982032677165352
11
6.6444744094488186
21
-3.4375733464566927
0
LINE
8
BLACK
6
CONTINUOUS
10
6.6444744094488186
20
-3.4375733464566927
11
6.6439129133858268
21
-3.4384314566929133
0
LINE
8
BLACK
6
CONTINUOUS
10
6.6439129133858268
20
-3.4384314566929133
11
6.6421100787401572
21
-3.4393421653543306
0
LINE
8
BLACK
6
CONTINUOUS
10
6.6421100787401572
20
-3.4393421653543306
11
6.6401436220472441
21
-3.4388810236220473
0
LINE
8
BLACK
6
CONTINUOUS
10
6.6401436220472441
20
-3.4388810236220473
11
6.6389337007874012
21
-3.4372637007874016
0
LINE
8
BLACK
6
CONTINUOUS
10
6.6389337007874012
20
-3.4372637007874016
11
6.6390463779527558
21
-3.4352470472440944
0
LINE
8
BLACK
6
CONTINUOUS
10
6.6390463779527558
20
-3.4352470472440944
11
6.6541552755905506
21
-3.3999928740157479
0
LINE
8
BLACK
6
CONTINUOUS
10
6.6541552755905506
20
-3.3999928740157479
11
6.6323865748031494
21
-3.3999928740157479
0
LINE
8
BLACK
6
CONTINUOUS
10
6.6323865748031494
20
-3.3999928740157479
11
6.631376653543307
21
-3.399814803149606
0
LINE
8
BLACK
6
CONTINUOUS
10
6.631376653543307
20
-3.399814803149606
11
6.6298294094488188
21
-3.3985164960629919
0
LINE
8
BLACK
6
CONTINUOUS
10
6.6298294094488188
20
-3.3985164960629919
11
6.6294786614173224
21
-3.3965273622047243
0
LINE
8
BLACK
6
CONTINUOUS
10
6.6294786614173224
20
-3.3965273622047243
11
6.6304885826771649
21
-3.3947781889763777
0
LINE
8
BLACK
6
CONTINUOUS
10
6.6304885826771649
20
-3.3947781889763777
11
6.6323865748031494
21
-3.3940873622047243
0
LINE
8
BLACK
6
CONTINUOUS
10
6.6323865748031494
20
-3.3940873622047243
11
6.6586332677165352
21
-3.3940873622047243
0
LINE
8
BLACK
6
CONTINUOUS
10
6.6586332677165352
20
-3.3940873622047243
11
6.6596431889763776
21
-3.3942654330708661
0
LINE
8
BLACK
6
CONTINUOUS
10
6.6493237007874013
20
-3.3198885039370079
11
6.6615351574803148
21
-3.3230238582677165
0
LINE
8
BLACK
6
CONTINUOUS
10
6.6615351574803148
20
-3.3230238582677165
11
6.6732573622047244
21
-3.3276650000000001
0
LINE
8
BLACK
6
CONTINUOUS
10
6.6732573622047244
20
-3.3276650000000001
11
6.6843054330708656
21
-3.3337387401574801
0
LINE
8
BLACK
6
CONTINUOUS
10
6.6843054330708656
20
-3.3337387401574801
11
6.6945051574803145
21
-3.341149251968504
0
LINE
8
BLACK
6
CONTINUOUS
10
6.6945051574803145
20
-3.341149251968504
11
6.7036956692913385
21
-3.3497797244094487
0
LINE
8
BLACK
6
CONTINUOUS
10
6.7036956692913385
20
-3.3497797244094487
11
6.7117320078740157
21
-3.3594940157480315
0
LINE
8
BLACK
6
CONTINUOUS
10
6.7117320078740157
20
-3.3594940157480315
11
6.7184874803149608
21
-3.3701388976377951
0
LINE
8
BLACK
6
CONTINUOUS
10
6.7184874803149608
20
-3.3701388976377951
11
6.7238555118110233
21
-3.3815465354330709
0
LINE
8
BLACK
6
CONTINUOUS
10
6.7238555118110233
20
-3.3815465354330709
11
6.7277514566929133
21
-3.3935370472440942
0
LINE
8
BLACK
6
CONTINUOUS
10
6.7277514566929133
20
-3.3935370472440942
11
6.7301138582677167
21
-3.4059212598425197
0
LINE
8
BLACK
6
CONTINUOUS
10
6.7301138582677167
20
-3.4059212598425197
11
6.7309055118110237
21
-3.4185039370078738
0
LINE
8
BLACK
6
CONTINUOUS
10
6.7309055118110237
20
-3.4185039370078738
11
6.7301138582677167
21
-3.4310866141732284
0
LINE
8
BLACK
6
CONTINUOUS
10
6.7301138582677167
20
-3.4310866141732284
11
6.7277514566929133
21
-3.4434708267716534
0
LINE
8
BLACK
6
CONTINUOUS
10
6.7277514566929133
20
-3.4434708267716534
11
6.7238555118110233
21
-3.4554613385826771
0
LINE
8
BLACK
6
CONTINUOUS
10
6.7238555118110233
20
-3.4554613385826771
11
6.7184874803149608
21
-3.4668689763779525
0
LINE
8
BLACK
6
CONTINUOUS
10
6.7184874803149608
20
-3.4668689763779525
11
6.7117320078740157
21
-3.4775138582677165
0
LINE
8
BLACK
6
CONTINUOUS
10
6.7117320078740157
20
-3.4775138582677165
11
6.7036956692913385
21
-3.4872281496062993
0
LINE
8
BLACK
6
CONTINUOUS
10
6.7036956692913385
20
-3.4872281496062993
11
6.6945051574803145
21
-3.4958586220472441
0
LINE
8
BLACK
6
CONTINUOUS
10
6.6945051574803145
20
-3.4958586220472441
11
6.6843054330708656
21
-3.5032691338582675
0
LINE
8
BLACK
6
CONTINUOUS
10
6.6843054330708656
20
-3.5032691338582675
11
6.6732573622047244
21
-3.509342874015748
0
LINE
8
BLACK
6
CONTINUOUS
10
6.6732573622047244
20
-3.509342874015748
11
6.6615351574803148
21
-3.5139840157480315
0
LINE
8
BLACK
6
CONTINUOUS
10
6.6615351574803148
20
-3.5139840157480315
11
6.6493237007874013
21
-3.5171193700787402
0
LINE
8
BLACK
6
CONTINUOUS
10
6.6493237007874013
20
-3.5171193700787402
11
6.6368155905511808
21
-3.5186995275590549
0
LINE
8
BLACK
6
CONTINUOUS
10
6.6368155905511808
20
-3.5186995275590549
11
6.624208031496063
21
-3.5186995275590549
0
LINE
8
BLACK
6
CONTINUOUS
10
6.624208031496063
20
-3.5186995275590549
11
6.6116999212598424
21
-3.5171193700787402
0
LINE
8
BLACK
6
CONTINUOUS
10
6.6116999212598424
20
-3.5171193700787402
11
6.5994884645669289
21
-3.5139840157480315
0
LINE
8
BLACK
6
CONTINUOUS
10
6.5994884645669289
20
-3.5139840157480315
11
6.5877662598425193
21
-3.509342874015748
0
LINE
8
BLACK
6
CONTINUOUS
10
6.5877662598425193
20
-3.509342874015748
11
6.5767181889763782
21
-3.5032691338582675
0
LINE
8
BLACK
6
CONTINUOUS
10
6.5767181889763782
20
-3.5032691338582675
11
6.5665184645669292
21
-3.4958586220472441
0
LINE
8
BLACK
6
CONTINUOUS
10
6.5665184645669292
20
-3.4958586220472441
11
6.5573279527559052
21
-3.4872281496062993
0
LINE
8
BLACK
6
CONTINUOUS
10
6.5573279527559052
20
-3.4872281496062993
11
6.549291614173228
21
-3.4775138582677165
0
LINE
8
BLACK
6
CONTINUOUS
10
6.549291614173228
20
-3.4775138582677165
11
6.5425361417322829
21
-3.4668689763779525
0
LINE
8
BLACK
6
CONTINUOUS
10
6.5425361417322829
20
-3.4668689763779525
11
6.5371681102362205
21
-3.4554613385826771
0
LINE
8
BLACK
6
CONTINUOUS
10
6.5371681102362205
20
-3.4554613385826771
11
6.5332721653543304
21
-3.4434708267716534
0
LINE
8
BLACK
6
CONTINUOUS
10
6.5332721653543304
20
-3.4434708267716534
11
6.530909763779527
21
-3.4310866141732284
0
LINE
8
BLACK
6
CONTINUOUS
10
6.530909763779527
20
-3.4310866141732284
11
6.53011811023622
21
-3.4185039370078738
0
LINE
8
BLACK
6
CONTINUOUS
10
6.53011811023622
20
-3.4185039370078738
11
6.530909763779527
21
-3.4059212598425197
0
LINE
8
BLACK
6
CONTINUOUS
10
6.530909763779527
20
-3.4059212598425197
11
6.5332721653543304
21
-3.3935370472440942
0
LINE
8
BLACK
6
CONTINUOUS
10
6.5332721653543304
20
-3.3935370472440942
11
6.5371681102362205
21
-3.3815465354330709
0
LINE
8
BLACK
6
CONTINUOUS
10
6.5371681102362205
20
-3.3815465354330709
11
6.5425361417322829
21
-3.3701388976377951
0
LINE
8
BLACK
6
CONTINUOUS
10
6.5425361417322829
20
-3.3701388976377951
11
6.549291614173228
21
-3.3594940157480315
0
LINE
8
BLACK
6
CONTINUOUS
10
6.549291614173228
20
-3.3594940157480315
11
6.5573279527559052
21
-3.3497797244094487
0
LINE
8
BLACK
6
CONTINUOUS
10
6.5573279527559052
20
-3.3497797244094487
11
6.5665184645669292
21
-3.341149251968504
0
LINE
8
BLACK
6
CONTINUOUS
10
6.5665184645669292
20
-3.341149251968504
11
6.5767181889763782
21
-3.3337387401574801
0
LINE
8
BLACK
6
CONTINUOUS
10
6.5767181889763782
20
-3.3337387401574801
11
6.5877662598425193
21
-3.3276650000000001
0
LINE
8
BLACK
6
CONTINUOUS
10
6.5877662598425193
20
-3.3276650000000001
11
6.5994884645669289
21
-3.3230238582677165
0
LINE
8
BLACK
6
CONTINUOUS
10
6.5994884645669289
20
-3.3230238582677165
11
6.6116999212598424
21
-3.3198885039370079
0
LINE
8
BLACK
6
CONTINUOUS
10
6.6116999212598424
20
-3.3198885039370079
11
6.624208031496063
21
-3.3183083464566927
0
LINE
8
BLACK
6
CONTINUOUS
10
6.624208031496063
20
-3.3183083464566927
11
6.6368155905511808
21
-3.3183083464566927
0
LINE
8
BLACK
6
CONTINUOUS
10
6.6368155905511808
20
-3.3183083464566927
11
6.6493237007874013
21
-3.3198885039370079
0
LINE
8
BLACK
6
CONTINUOUS
10
6.5346264960629918
20
-3.430617086614173
11
6.5369007480314956
21
-3.4425391732283463
0
LINE
8
BLACK
6
CONTINUOUS
10
6.5369007480314956
20
-3.4425391732283463
11
6.540651338582677
21
-3.4540822047244095
0
LINE
8
BLACK
6
CONTINUOUS
10
6.540651338582677
20
-3.4540822047244095
11
6.5458190551181099
21
-3.4650641732283463
0
LINE
8
BLACK
6
CONTINUOUS
10
6.5458190551181099
20
-3.4650641732283463
11
6.5523224015748029
21
-3.4753118503937008
0
LINE
8
BLACK
6
CONTINUOUS
10
6.5523224015748029
20
-3.4753118503937008
11
6.5600588976377949
21
-3.4846636220472442
0
LINE
8
BLACK
6
CONTINUOUS
10
6.5600588976377949
20
-3.4846636220472442
11
6.568906456692913
21
-3.4929720472440944
0
LINE
8
BLACK
6
CONTINUOUS
10
6.568906456692913
20
-3.4929720472440944
11
6.578725551181102
21
-3.5001060236220471
0
LINE
8
BLACK
6
CONTINUOUS
10
6.578725551181102
20
-3.5001060236220471
11
6.5893613385826768
21
-3.5059531102362205
0
LINE
8
BLACK
6
CONTINUOUS
10
6.5893613385826768
20
-3.5059531102362205
11
6.6006461023622043
21
-3.5104210629921258
0
LINE
8
BLACK
6
CONTINUOUS
10
6.6006461023622043
20
-3.5104210629921258
11
6.6124018897637793
21
-3.5134394488188976
0
LINE
8
BLACK
6
CONTINUOUS
10
6.6124018897637793
20
-3.5134394488188976
11
6.6244432677165355
21
-3.5149606299212599
0
LINE
8
BLACK
6
CONTINUOUS
10
6.6244432677165355
20
-3.5149606299212599
11
6.6365803543307083
21
-3.5149606299212599
0
LINE
8
BLACK
6
CONTINUOUS
10
6.6365803543307083
20
-3.5149606299212599
11
6.6486217322834644
21
-3.5134394488188976
0
LINE
8
BLACK
6
CONTINUOUS
10
6.6486217322834644
20
-3.5134394488188976
11
6.6603775196850394
21
-3.5104210629921258
0
LINE
8
BLACK
6
CONTINUOUS
10
6.6603775196850394
20
-3.5104210629921258
11
6.6716622834645669
21
-3.5059531102362205
0
LINE
8
BLACK
6
CONTINUOUS
10
6.6716622834645669
20
-3.5059531102362205
11
6.6822980708661417
21
-3.5001060236220471
0
LINE
8
BLACK
6
CONTINUOUS
10
6.6822980708661417
20
-3.5001060236220471
11
6.6921171653543308
21
-3.4929720472440944
0
LINE
8
BLACK
6
CONTINUOUS
10
6.6921171653543308
20
-3.4929720472440944
11
6.7009647244094488
21
-3.4846636220472442
0
LINE
8
BLACK
6
CONTINUOUS
10
6.7009647244094488
20
-3.4846636220472442
11
6.7087012204724408
21
-3.4753118503937008
0
LINE
8
BLACK
6
CONTINUOUS
10
6.7087012204724408
20
-3.4753118503937008
11
6.7152045669291338
21
-3.4650641732283463
0
LINE
8
BLACK
6
CONTINUOUS
10
6.7152045669291338
20
-3.4650641732283463
11
6.7203722834645667
21
-3.4540822047244095
0
LINE
8
BLACK
6
CONTINUOUS
10
6.7203722834645667
20
-3.4540822047244095
11
6.7241228740157482
21
-3.4425391732283463
0
LINE
8
BLACK
6
CONTINUOUS
10
6.7241228740157482
20
-3.4425391732283463
11
6.7263971259842519
21
-3.430617086614173
0
LINE
8
BLACK
6
CONTINUOUS
10
6.7263971259842519
20
-3.430617086614173
11
6.7271592125984254
21
-3.4185039370078738
0
LINE
8
BLACK
6
CONTINUOUS
10
6.7271592125984254
20
-3.4185039370078738
11
6.7263971259842519
21
-3.4063907874015746
0
LINE
8
BLACK
6
CONTINUOUS
10
6.7263971259842519
20
-3.4063907874015746
11
6.7241228740157482
21
-3.3944687007874017
0
LINE
8
BLACK
6
CONTINUOUS
10
6.7241228740157482
20
-3.3944687007874017
11
6.7203722834645667
21
-3.3829256692913385
0
LINE
8
BLACK
6
CONTINUOUS
10
6.7203722834645667
20
-3.3829256692913385
11
6.7152045669291338
21
-3.3719437007874014
0
LINE
8
BLACK
6
CONTINUOUS
10
6.7152045669291338
20
-3.3719437007874014
11
6.7087012204724408
21
-3.3616960236220472
0
LINE
8
BLACK
6
CONTINUOUS
10
6.7087012204724408
20
-3.3616960236220472
11
6.7009647244094488
21
-3.3523442519685038
0
LINE
8
BLACK
6
CONTINUOUS
10
6.7009647244094488
20
-3.3523442519685038
11
6.6921171653543308
21
-3.3440358267716537
0
LINE
8
BLACK
6
CONTINUOUS
10
6.6921171653543308
20
-3.3440358267716537
11
6.6822980708661417
21
-3.3369018503937009
0
LINE
8
BLACK
6
CONTINUOUS
10
6.6822980708661417
20
-3.3369018503937009
11
6.6716622834645669
21
-3.3310547637795276
0
LINE
8
BLACK
6
CONTINUOUS
10
6.6716622834645669
20
-3.3310547637795276
11
6.6603775196850394
21
-3.3265868110236219
0
LINE
8
BLACK
6
CONTINUOUS
10
6.6603775196850394
20
-3.3265868110236219
11
6.6486217322834644
21
-3.3235684251968505
0
LINE
8
BLACK
6
CONTINUOUS
10
6.6486217322834644
20
-3.3235684251968505
11
6.6365803543307083
21
-3.3220472440944881
0
LINE
8
BLACK
6
CONTINUOUS
10
6.6365803543307083
20
-3.3220472440944881
11
6.6244432677165355
21
-3.3220472440944881
0
LINE
8
BLACK
6
CONTINUOUS
10
6.6244432677165355
20
-3.3220472440944881
11
6.6124018897637793
21
-3.3235684251968505
0
LINE
8
BLACK
6
CONTINUOUS
10
6.6124018897637793
20
-3.3235684251968505
11
6.6006461023622043
21
-3.3265868110236219
0
LINE
8
BLACK
6
CONTINUOUS
10
6.6006461023622043
20
-3.3265868110236219
11
6.5893613385826768
21
-3.3310547637795276
0
LINE
8
BLACK
6
CONTINUOUS
10
6.5893613385826768
20
-3.3310547637795276
11
6.578725551181102
21
-3.3369018503937009
0
LINE
8
BLACK
6
CONTINUOUS
10
6.578725551181102
20
-3.3369018503937009
11
6.568906456692913
21
-3.3440358267716537
0
LINE
8
BLACK
6
CONTINUOUS
10
6.568906456692913
20
-3.3440358267716537
11
6.5600588976377949
21
-3.3523442519685038
0
LINE
8
BLACK
6
CONTINUOUS
10
6.5600588976377949
20
-3.3523442519685038
11
6.5523224015748029
21
-3.3616960236220472
0
LINE
8
BLACK
6
CONTINUOUS
10
6.5523224015748029
20
-3.3616960236220472
11
6.5458190551181099
21
-3.3719437007874014
0
LINE
8
BLACK
6
CONTINUOUS
10
6.5458190551181099
20
-3.3719437007874014
11
6.540651338582677
21
-3.3829256692913385
0
LINE
8
BLACK
6
CONTINUOUS
10
6.540651338582677
20
-3.3829256692913385
11
6.5369007480314956
21
-3.3944687007874017
0
LINE
8
BLACK
6
CONTINUOUS
10
6.5369007480314956
20
-3.3944687007874017
11
6.5346264960629918
21
-3.4063907874015746
0
LINE
8
BLACK
6
CONTINUOUS
10
6.5346264960629918
20
-3.4063907874015746
11
6.5338644094488192
21
-3.4185039370078738
0
LINE
8
BLACK
6
CONTINUOUS
10
6.5338644094488192
20
-3.4185039370078738
11
6.5346264960629918
21
-3.430617086614173
0
LINE
8
BLACK
6
CONTINUOUS
10
6.7663385826771654
20
-3.2807086614173229
11
6.7677305118110231
21
-3.2812852362204725
0
LINE
8
BLACK
6
CONTINUOUS
10
6.7677305118110231
20
-3.2812852362204725
11
6.7683070866141728
21
-3.2826771653543307
0
LINE
8
BLACK
6
CONTINUOUS
10
6.7683070866141728
20
-3.2826771653543307
11
6.7683070866141728
21
-3.5543307086614173
0
LINE
8
BLACK
6
CONTINUOUS
10
6.7683070866141728
20
-3.5543307086614173
11
6.7677305118110231
21
-3.5557226377952755
0
LINE
8
BLACK
6
CONTINUOUS
10
6.7677305118110231
20
-3.5557226377952755
11
6.7663385826771654
21
-3.5562992125984252
0
LINE
8
BLACK
6
CONTINUOUS
10
6.7663385826771654
20
-3.5562992125984252
11
6.4946850393700783
21
-3.5562992125984252
0
LINE
8
BLACK
6
CONTINUOUS
10
6.4946850393700783
20
-3.5562992125984252
11
6.4932931102362206
21
-3.5557226377952755
0
LINE
8
BLACK
6
CONTINUOUS
10
6.4932931102362206
20
-3.5557226377952755
11
6.4927165354330709
21
-3.5543307086614173
0
LINE
8
BLACK
6
CONTINUOUS
10
6.4927165354330709
20
-3.5543307086614173
11
6.4927165354330709
21
-3.2826771653543307
0
LINE
8
BLACK
6
CONTINUOUS
10
6.4927165354330709
20
-3.2826771653543307
11
6.4932931102362206
21
-3.2812852362204725
0
LINE
8
BLACK
6
CONTINUOUS
10
6.4932931102362206
20
-3.2812852362204725
11
6.4946850393700783
21
-3.2807086614173229
0
LINE
8
BLACK
6
CONTINUOUS
10
6.4946850393700783
20
-3.2807086614173229
11
6.7663385826771654
21
-3.2807086614173229
0
LINE
8
BLACK
6
CONTINUOUS
10
6.4966535433070867
20
-3.2846456692913386
11
6.4966535433070867
21
-3.5523622047244094
0
LINE
8
BLACK
6
CONTINUOUS
10
6.4966535433070867
20
-3.5523622047244094
11
6.7643700787401571
21
-3.5523622047244094
0
LINE
8
BLACK
6
CONTINUOUS
10
6.7643700787401571
20
-3.5523622047244094
11
6.7643700787401571
21
-3.2846456692913386
0
LINE
8
BLACK
6
CONTINUOUS
10
6.7643700787401571
20
-3.2846456692913386
11
6.4966535433070867
21
-3.2846456692913386
0
LINE
8
BLACK
6
CONTINUOUS
10
6.1055118110236215
20
-3.0155511811023623
11
6.205511811023622
21
-3.0155511811023623
0
LINE
8
BLACK
6
CONTINUOUS
10
6.205511811023622
20
-3.0155511811023623
11
6.3055118110236217
21
-3.0155511811023623
0
LINE
8
BLACK
6
CONTINUOUS
10
6.3055118110236217
20
-3.0155511811023623
11
6.4055118110236222
21
-3.0155511811023623
0
LINE
8
BLACK
6
CONTINUOUS
10
6.4055118110236222
20
-3.0155511811023623
11
6.4058953149606301
21
-3.0156187795275589
0
LINE
8
BLACK
6
CONTINUOUS
10
6.4058953149606301
20
-3.0156187795275589
11
6.4060245669291334
21
-3.0155960236220474
0
LINE
8
BLACK
6
CONTINUOUS
10
6.4060245669291334
20
-3.0155960236220474
11
6.4061381496062992
21
-3.0156616141732284
0
LINE
8
BLACK
6
CONTINUOUS
10
6.4061381496062992
20
-3.0156616141732284
11
6.4065217322834647
21
-3.0157292519685037
0
LINE
8
BLACK
6
CONTINUOUS
10
6.4065217322834647
20
-3.0157292519685037
11
6.407109409448819
21
-3.0162223622047244
0
LINE
8
BLACK
6
CONTINUOUS
10
6.407109409448819
20
-3.0162223622047244
11
6.4077737401574799
21
-3.0166059448818898
0
LINE
8
BLACK
6
CONTINUOUS
10
6.4077737401574799
20
-3.0166059448818898
11
6.4078648425196851
21
-3.0168562598425197
0
LINE
8
BLACK
6
CONTINUOUS
10
6.4078648425196851
20
-3.0168562598425197
11
6.4080689763779528
21
-3.0170275590551179
0
LINE
8
BLACK
6
CONTINUOUS
10
6.4080689763779528
20
-3.0170275590551179
11
6.4082022047244092
21
-3.0177831102362203
0
LINE
8
BLACK
6
CONTINUOUS
10
6.4082022047244092
20
-3.0177831102362203
11
6.4084645669291334
21
-3.0185039370078739
0
LINE
8
BLACK
6
CONTINUOUS
10
6.4084645669291334
20
-3.0185039370078739
11
6.4084645669291334
21
-3.2185039370078741
0
LINE
8
BLACK
6
CONTINUOUS
10
6.4084645669291334
20
-3.2185039370078741
11
6.4083969291338585
21
-3.218887440944882
0
LINE
8
BLACK
6
CONTINUOUS
10
6.4083969291338585
20
-3.218887440944882
11
6.4084197244094483
21
-3.2190166929133857
0
LINE
8
BLACK
6
CONTINUOUS
10
6.4084197244094483
20
-3.2190166929133857
11
6.4083540944881889
21
-3.2191302755905511
0
LINE
8
BLACK
6
CONTINUOUS
10
6.4083540944881889
20
-3.2191302755905511
11
6.4082864960629919
21
-3.2195138582677165
0
LINE
8
BLACK
6
CONTINUOUS
10
6.4082864960629919
20
-3.2195138582677165
11
6.4077933464566925
21
-3.2201015354330709
0
LINE
8
BLACK
6
CONTINUOUS
10
6.4077933464566925
20
-3.2201015354330709
11
6.4074098031496058
21
-3.2207658661417322
0
LINE
8
BLACK
6
CONTINUOUS
10
6.4074098031496058
20
-3.2207658661417322
11
6.4071594488188977
21
-3.220856968503937
0
LINE
8
BLACK
6
CONTINUOUS
10
6.4071594488188977
20
-3.220856968503937
11
6.4069881889763778
21
-3.2210611023622047
0
LINE
8
BLACK
6
CONTINUOUS
10
6.4069881889763778
20
-3.2210611023622047
11
6.4062325984251967
21
-3.2211943307086615
0
LINE
8
BLACK
6
CONTINUOUS
10
6.4062325984251967
20
-3.2211943307086615
11
6.4055118110236222
21
-3.2214566929133857
0
LINE
8
BLACK
6
CONTINUOUS
10
6.4055118110236222
20
-3.2214566929133857
11
6.3055118110236217
21
-3.2214566929133857
0
LINE
8
BLACK
6
CONTINUOUS
10
6.3055118110236217
20
-3.2214566929133857
11
6.205511811023622
21
-3.2214566929133857
0
LINE
8
BLACK
6
CONTINUOUS
10
6.205511811023622
20
-3.2214566929133857
11
6.1055118110236215
21
-3.2214566929133857
0
LINE
8
BLACK
6
CONTINUOUS
10
6.1055118110236215
20
-3.2214566929133857
11
6.0055118110236219
21
-3.2214566929133857
0
LINE
8
BLACK
6
CONTINUOUS
10
6.0055118110236219
20
-3.2214566929133857
11
6.0051282677165352
21
-3.2213890551181104
0
LINE
8
BLACK
6
CONTINUOUS
10
6.0051282677165352
20
-3.2213890551181104
11
6.0049990551181098
21
-3.2214118503937006
0
LINE
8
BLACK
6
CONTINUOUS
10
6.0049990551181098
20
-3.2214118503937006
11
6.0048854330708661
21
-3.2213462204724408
0
LINE
8
BLACK
6
CONTINUOUS
10
6.0048854330708661
20
-3.2213462204724408
11
6.0045018897637794
21
-3.2212786220472438
0
LINE
8
BLACK
6
CONTINUOUS
10
6.0045018897637794
20
-3.2212786220472438
11
6.0039141732283463
21
-3.2207854724409448
0
LINE
8
BLACK
6
CONTINUOUS
10
6.0039141732283463
20
-3.2207854724409448
11
6.0032498818897633
21
-3.2204019291338581
0
LINE
8
BLACK
6
CONTINUOUS
10
6.0032498818897633
20
-3.2204019291338581
11
6.0031587401574802
21
-3.2201515748031495
0
LINE
8
BLACK
6
CONTINUOUS
10
6.0031587401574802
20
-3.2201515748031495
11
6.0029546456692913
21
-3.2199803149606296
0
LINE
8
BLACK
6
CONTINUOUS
10
6.0029546456692913
20
-3.2199803149606296
11
6.0028213779527562
21
-3.219224724409449
0
LINE
8
BLACK
6
CONTINUOUS
10
6.0028213779527562
20
-3.219224724409449
11
6.0025590551181098
21
-3.2185039370078741
0
LINE
8
BLACK
6
CONTINUOUS
10
6.0025590551181098
20
-3.2185039370078741
11
6.0025590551181098
21
-3.0185039370078739
0
LINE
8
BLACK
6
CONTINUOUS
10
6.0025590551181098
20
-3.0185039370078739
11
6.0026266535433068
21
-3.0181203937007872
0
LINE
8
BLACK
6
CONTINUOUS
10
6.0026266535433068
20
-3.0181203937007872
11
6.0026038976377949
21
-3.0179911811023623
0
LINE
8
BLACK
6
CONTINUOUS
10
6.0026038976377949
20
-3.0179911811023623
11
6.0026694881889764
21
-3.0178775590551181
0
LINE
8
BLACK
6
CONTINUOUS
10
6.0026694881889764
20
-3.0178775590551181
11
6.0027371259842521
21
-3.0174940157480314
0
LINE
8
BLACK
6
CONTINUOUS
10
6.0027371259842521
20
-3.0174940157480314
11
6.0032302362204719
21
-3.0169062992125983
0
LINE
8
BLACK
6
CONTINUOUS
10
6.0032302362204719
20
-3.0169062992125983
11
6.0036138188976373
21
-3.0162420078740158
0
LINE
8
BLACK
6
CONTINUOUS
10
6.0036138188976373
20
-3.0162420078740158
11
6.0038641338582677
21
-3.0161508661417322
0
LINE
8
BLACK
6
CONTINUOUS
10
6.0038641338582677
20
-3.0161508661417322
11
6.0040354330708663
21
-3.0159467716535433
0
LINE
8
BLACK
6
CONTINUOUS
10
6.0040354330708663
20
-3.0159467716535433
11
6.0047909842519687
21
-3.0158135039370078
0
LINE
8
BLACK
6
CONTINUOUS
10
6.0047909842519687
20
-3.0158135039370078
11
6.0055118110236219
21
-3.0155511811023623
0
LINE
8
BLACK
6
CONTINUOUS
10
6.0055118110236219
20
-3.0155511811023623
11
6.1055118110236215
21
-3.0155511811023623
0
LINE
8
BLACK
6
CONTINUOUS
10
6.3084645669291337
20
-3.0214566929133859
11
6.3084645669291337
21
-3.215551181102362
0
LINE
8
BLACK
6
CONTINUOUS
10
6.3084645669291337
20
-3.215551181102362
11
6.4025590551181102
21
-3.215551181102362
0
LINE
8
BLACK
6
CONTINUOUS
10
6.4025590551181102
20
-3.215551181102362
11
6.4025590551181102
21
-3.0214566929133859
0
LINE
8
BLACK
6
CONTINUOUS
10
6.4025590551181102
20
-3.0214566929133859
11
6.3084645669291337
21
-3.0214566929133859
0
LINE
8
BLACK
6
CONTINUOUS
10
6.2084645669291341
20
-3.0214566929133859
11
6.2084645669291341
21
-3.215551181102362
0
LINE
8
BLACK
6
CONTINUOUS
10
6.2084645669291341
20
-3.215551181102362
11
6.3025590551181097
21
-3.215551181102362
0
LINE
8
BLACK
6
CONTINUOUS
10
6.3025590551181097
20
-3.215551181102362
11
6.3025590551181097
21
-3.0214566929133859
0
LINE
8
BLACK
6
CONTINUOUS
10
6.3025590551181097
20
-3.0214566929133859
11
6.2084645669291341
21
-3.0214566929133859
0
LINE
8
BLACK
6
CONTINUOUS
10
6.1084645669291335
20
-3.0214566929133859
11
6.1084645669291335
21
-3.215551181102362
0
LINE
8
BLACK
6
CONTINUOUS
10
6.1084645669291335
20
-3.215551181102362
11
6.20255905511811
21
-3.215551181102362
0
LINE
8
BLACK
6
CONTINUOUS
10
6.20255905511811
20
-3.215551181102362
11
6.20255905511811
21
-3.0214566929133859
0
LINE
8
BLACK
6
CONTINUOUS
10
6.20255905511811
20
-3.0214566929133859
11
6.1084645669291335
21
-3.0214566929133859
0
LINE
8
BLACK
6
CONTINUOUS
10
6.0084645669291339
20
-3.0214566929133859
11
6.0084645669291339
21
-3.215551181102362
0
LINE
8
BLACK
6
CONTINUOUS
10
6.0084645669291339
20
-3.215551181102362
11
6.1025590551181104
21
-3.215551181102362
0
LINE
8
BLACK
6
CONTINUOUS
10
6.1025590551181104
20
-3.215551181102362
11
6.1025590551181104
21
-3.0214566929133859
0
LINE
8
BLACK
6
CONTINUOUS
10
6.1025590551181104
20
-3.0214566929133859
11
6.0084645669291339
21
-3.0214566929133859
0
LINE
8
BLACK
6
CONTINUOUS
10
5.9808953149606294
20
-2.9406187795275591
11
5.9810245669291335
21
-2.9405960236220472
0
LINE
8
BLACK
6
CONTINUOUS
10
5.9810245669291335
20
-2.9405960236220472
11
5.9811381496062994
21
-2.9406616141732282
0
LINE
8
BLACK
6
CONTINUOUS
10
5.9811381496062994
20
-2.9406616141732282
11
5.9815217322834648
21
-2.940729251968504
0
LINE
8
BLACK
6
CONTINUOUS
10
5.9815217322834648
20
-2.940729251968504
11
5.9821094094488192
21
-2.9412223622047242
0
LINE
8
BLACK
6
CONTINUOUS
10
5.9821094094488192
20
-2.9412223622047242
11
5.9827737401574801
21
-2.9416059448818896
0
LINE
8
BLACK
6
CONTINUOUS
10
5.9827737401574801
20
-2.9416059448818896
11
5.9828648425196853
21
-2.9418562598425195
0
LINE
8
BLACK
6
CONTINUOUS
10
5.9828648425196853
20
-2.9418562598425195
11
5.983068976377953
21
-2.9420275590551181
0
LINE
8
BLACK
6
CONTINUOUS
10
5.983068976377953
20
-2.9420275590551181
11
5.9832022047244093
21
-2.9427831102362205
0
LINE
8
BLACK
6
CONTINUOUS
10
5.9832022047244093
20
-2.9427831102362205
11
5.9834645669291335
21
-2.9435039370078742
0
LINE
8
BLACK
6
CONTINUOUS
10
5.9834645669291335
20
-2.9435039370078742
11
5.9834645669291335
21
-3.1435039370078739
0
LINE
8
BLACK
6
CONTINUOUS
10
5.9834645669291335
20
-3.1435039370078739
11
5.9833969291338578
21
-3.1438874409448818
0
LINE
8
BLACK
6
CONTINUOUS
10
5.9833969291338578
20
-3.1438874409448818
11
5.9834197244094485
21
-3.1440166929133859
0
LINE
8
BLACK
6
CONTINUOUS
10
5.9834197244094485
20
-3.1440166929133859
11
5.9833540944881891
21
-3.1441302755905509
0
LINE
8
BLACK
6
CONTINUOUS
10
5.9833540944881891
20
-3.1441302755905509
11
5.9832864960629921
21
-3.1445138582677163
0
LINE
8
BLACK
6
CONTINUOUS
10
5.9832864960629921
20
-3.1445138582677163
11
5.9827933464566927
21
-3.1451015354330707
0
LINE
8
BLACK
6
CONTINUOUS
10
5.9827933464566927
20
-3.1451015354330707
11
5.982409803149606
21
-3.145765866141732
0
LINE
8
BLACK
6
CONTINUOUS
10
5.982409803149606
20
-3.145765866141732
11
5.9821594488188978
21
-3.1458569685039368
0
LINE
8
BLACK
6
CONTINUOUS
10
5.9821594488188978
20
-3.1458569685039368
11
5.981988188976378
21
-3.1460611023622045
0
LINE
8
BLACK
6
CONTINUOUS
10
5.981988188976378
20
-3.1460611023622045
11
5.9812325984251968
21
-3.1461943307086613
0
LINE
8
BLACK
6
CONTINUOUS
10
5.9812325984251968
20
-3.1461943307086613
11
5.9805118110236215
21
-3.1464566929133859
0
LINE
8
BLACK
6
CONTINUOUS
10
5.9805118110236215
20
-3.1464566929133859
11
5.6805118110236217
21
-3.1464566929133859
0
LINE
8
BLACK
6
CONTINUOUS
10
5.6805118110236217
20
-3.1464566929133859
11
5.680128267716535
21
-3.1463890551181102
0
LINE
8
BLACK
6
CONTINUOUS
10
5.680128267716535
20
-3.1463890551181102
11
5.6799990551181105
21
-3.1464118503937009
0
LINE
8
BLACK
6
CONTINUOUS
10
5.6799990551181105
20
-3.1464118503937009
11
5.6798854330708659
21
-3.1463462204724411
0
LINE
8
BLACK
6
CONTINUOUS
10
5.6798854330708659
20
-3.1463462204724411
11
5.6795018897637792
21
-3.1462786220472441
0
LINE
8
BLACK
6
CONTINUOUS
10
5.6795018897637792
20
-3.1462786220472441
11
5.6789141732283461
21
-3.1457854724409446
0
LINE
8
BLACK
6
CONTINUOUS
10
5.6789141732283461
20
-3.1457854724409446
11
5.678249881889764
21
-3.1454019291338584
0
LINE
8
BLACK
6
CONTINUOUS
10
5.678249881889764
20
-3.1454019291338584
11
5.67815874015748
21
-3.1451515748031493
0
LINE
8
BLACK
6
CONTINUOUS
10
5.67815874015748
20
-3.1451515748031493
11
5.6779546456692911
21
-3.1449803149606299
0
LINE
8
BLACK
6
CONTINUOUS
10
5.6779546456692911
20
-3.1449803149606299
11
5.677821377952756
21
-3.1442247244094488
0
LINE
8
BLACK
6
CONTINUOUS
10
5.677821377952756
20
-3.1442247244094488
11
5.6775590551181105
21
-3.1435039370078739
0
LINE
8
BLACK
6
CONTINUOUS
10
5.6775590551181105
20
-3.1435039370078739
11
5.6775590551181105
21
-2.9435039370078742
0
LINE
8
BLACK
6
CONTINUOUS
10
5.6775590551181105
20
-2.9435039370078742
11
5.6776266535433066
21
-2.9431203937007875
0
LINE
8
BLACK
6
CONTINUOUS
10
5.6776266535433066
20
-2.9431203937007875
11
5.6776038976377947
21
-2.9429911811023621
0
LINE
8
BLACK
6
CONTINUOUS
10
5.6776038976377947
20
-2.9429911811023621
11
5.6776694881889762
21
-2.9428775590551179
0
LINE
8
BLACK
6
CONTINUOUS
10
5.6776694881889762
20
-2.9428775590551179
11
5.677737125984252
21
-2.9424940157480313
0
LINE
8
BLACK
6
CONTINUOUS
10
5.677737125984252
20
-2.9424940157480313
11
5.6782302362204726
21
-2.9419062992125982
0
LINE
8
BLACK
6
CONTINUOUS
10
5.6782302362204726
20
-2.9419062992125982
11
5.6786138188976381
21
-2.9412420078740156
0
LINE
8
BLACK
6
CONTINUOUS
10
5.6786138188976381
20
-2.9412420078740156
11
5.6788641338582675
21
-2.941150866141732
0
LINE
8
BLACK
6
CONTINUOUS
10
5.6788641338582675
20
-2.941150866141732
11
5.6790354330708661
21
-2.9409467716535431
0
LINE
8
BLACK
6
CONTINUOUS
10
5.6790354330708661
20
-2.9409467716535431
11
5.6797909842519685
21
-2.940813503937008
0
LINE
8
BLACK
6
CONTINUOUS
10
5.6797909842519685
20
-2.940813503937008
11
5.6805118110236217
21
-2.9405511811023621
0
LINE
8
BLACK
6
CONTINUOUS
10
5.6805118110236217
20
-2.9405511811023621
11
5.9805118110236215
21
-2.9405511811023621
0
LINE
8
BLACK
6
CONTINUOUS
10
5.9805118110236215
20
-2.9405511811023621
11
5.9808953149606294
21
-2.9406187795275591
0
LINE
8
BLACK
6
CONTINUOUS
10
5.6834645669291337
20
-2.9464566929133857
11
5.6834645669291337
21
-3.1405511811023623
0
LINE
8
BLACK
6
CONTINUOUS
10
5.6834645669291337
20
-3.1405511811023623
11
5.9775590551181104
21
-3.1405511811023623
0
LINE
8
BLACK
6
CONTINUOUS
10
5.9775590551181104
20
-3.1405511811023623
11
5.9775590551181104
21
-2.9464566929133857
0
LINE
8
BLACK
6
CONTINUOUS
10
5.9775590551181104
20
-2.9464566929133857
11
5.6834645669291337
21
-2.9464566929133857
  0
ENDSEC
  0
EOF
