  0
SECTION
  2
HEADER
  9
$ANGBASE
  50
0.0
  9
$ANGDIR
  70
1
  9
$MEASUREMENT
  70
0
  0
ENDSEC
  0
SECTION
  2
TABLES
  0
TABLE
  2
LTYPE
  70
4
  0
LTYPE
  5
40F
  2
CONTINUOUS
  70
0
  3
Solid line
  72
65
  73
0
  40
0.0
  0
LTYPE
  5
410
  2
DASHDOT
 70
0
  3
Dash Dot ____ _ ____ _
 72
65
 73
4
 40
2.0
 49
1.25
 49
-0.25
 49
0.25
 49
-0.25
  0
LTYPE
  5
411
  2
DASHED
 70
0
  3
Dashed __ __ __ __ __
 72
65
 73
2
 40
0.75
 49
0.5
 49
-0.25
  0
LTYPE
  5
43B
  2
DOTTED
 70
0
  3
Dotted .  .  .  .
 72
65
 73
2
 40
0.2
 49
0.0
 49
-0.2
  0
ENDTAB
  0
TABLE
  2
STYLE
  70
4
  0
STYLE
  2
KICAD
  70
0
  40
0
  41
1
  42
1
  50
0
  71
0
  3
isocp.shx
  0
STYLE
  2
KICADB
  70
0
  40
0
  41
1
  42
1
  50
0
  71
0
  3
isocp.shx
  0
STYLE
  2
KICADI
  70
0
  40
0
  41
1
  42
1
  50
15
  71
0
  3
isocp.shx
  0
STYLE
  2
KICADBI
  70
0
  40
0
  41
1
  42
1
  50
15
  71
0
  3
isocp.shx
  0
ENDTAB
  0
TABLE
  2
LAYER
  70
1
  0
LAYER
  2
BLACK
  70
0
  62
7
  6
CONTINUOUS
  0
ENDTAB
  0
ENDSEC
  0
SECTION
  2
ENTITIES
0
LINE
8
BLACK
6
CONTINUOUS
10
6.4805118110236215
20
-4.2185039370078741
11
6.4602244488188978
21
-4.2185039370078741
0
LINE
8
BLACK
6
CONTINUOUS
10
6.4602244488188978
20
-4.2185039370078741
11
6.4602986614173226
21
-4.2585039370078741
0
LINE
8
BLACK
6
CONTINUOUS
10
6.4602986614173226
20
-4.2585039370078741
11
6.4805118110236215
21
-4.2585039370078741
0
LINE
8
BLACK
6
CONTINUOUS
10
6.4805118110236215
20
-4.2585039370078741
11
6.4805118110236215
21
-4.3185039370078737
0
LINE
8
BLACK
6
CONTINUOUS
10
6.4805118110236215
20
-4.3185039370078737
11
6.4342799212598427
21
-4.3185039370078737
0
LINE
8
BLACK
6
CONTINUOUS
10
6.4342799212598427
20
-4.3185039370078737
11
6.4024715354330706
21
-4.3504636614173231
0
LINE
8
BLACK
6
CONTINUOUS
10
6.4024715354330706
20
-4.3504636614173231
11
6.4009801968503934
21
-4.3516874803149603
0
LINE
8
BLACK
6
CONTINUOUS
10
6.4009801968503934
20
-4.3516874803149603
11
6.4009800393700784
21
-4.3516876771653541
0
LINE
8
BLACK
6
CONTINUOUS
10
6.4009800393700784
20
-4.3516876771653541
11
6.3974320078740154
21
-4.3531573228346456
0
LINE
8
BLACK
6
CONTINUOUS
10
6.3974320078740154
20
-4.3531573228346456
11
6.3780118110236215
21
-4.3532567716535429
0
LINE
8
BLACK
6
CONTINUOUS
10
6.3780118110236215
20
-4.3532567716535429
11
6.3780118110236215
21
-4.3710039370078739
0
LINE
8
BLACK
6
CONTINUOUS
10
6.3780118110236215
20
-4.3710039370078739
11
6.3467899606299207
21
-4.3710039370078739
0
LINE
8
BLACK
6
CONTINUOUS
10
6.3467899606299207
20
-4.3710039370078739
11
6.3222549606299214
21
-4.3956802362204721
0
LINE
8
BLACK
6
CONTINUOUS
10
6.3222549606299214
20
-4.3956802362204721
11
6.3207636220472443
21
-4.3969040551181102
0
LINE
8
BLACK
6
CONTINUOUS
10
6.3207636220472443
20
-4.3969040551181102
11
6.3207634645669293
21
-4.396904251968504
0
LINE
8
BLACK
6
CONTINUOUS
10
6.3207634645669293
20
-4.396904251968504
11
6.3172154330708663
21
-4.3983738976377955
0
LINE
8
BLACK
6
CONTINUOUS
10
6.3172154330708663
20
-4.3983738976377955
11
6.0015157480314958
21
-4.3985630314960629
0
LINE
8
BLACK
6
CONTINUOUS
10
6.0015157480314958
20
-4.3985630314960629
11
5.9995955511811019
21
-4.3983738976377955
0
LINE
8
BLACK
6
CONTINUOUS
10
5.9995955511811019
20
-4.3983738976377955
11
5.9960475196850389
21
-4.396904251968504
0
LINE
8
BLACK
6
CONTINUOUS
10
5.9960475196850389
20
-4.396904251968504
11
5.9960365354330705
21
-4.3968932677165355
0
LINE
8
BLACK
6
CONTINUOUS
10
5.9960365354330705
20
-4.3968932677165355
11
5.9419535433070862
21
-4.3430039370078743
0
LINE
8
BLACK
6
CONTINUOUS
10
5.9419535433070862
20
-4.3430039370078743
11
5.9107991732283462
21
-4.3430039370078743
0
LINE
8
BLACK
6
CONTINUOUS
10
5.9107991732283462
20
-4.3430039370078743
11
5.9107991732283462
21
-4.3090022440944882
0
LINE
8
BLACK
6
CONTINUOUS
10
5.9107991732283462
20
-4.3090022440944882
11
5.8873456299212599
21
-4.2856859055118113
0
LINE
8
BLACK
6
CONTINUOUS
10
5.8873456299212599
20
-4.2856859055118113
11
5.886366377952756
21
-4.284492716535433
0
LINE
8
BLACK
6
CONTINUOUS
10
5.886366377952756
20
-4.284492716535433
11
5.8851906692913385
21
-4.2816542913385822
0
LINE
8
BLACK
6
CONTINUOUS
10
5.8851906692913385
20
-4.2816542913385822
11
5.8850584251968501
21
-4.226968503937008
0
LINE
8
BLACK
6
CONTINUOUS
10
5.8850584251968501
20
-4.226968503937008
11
5.8801181102362206
21
-4.226968503937008
0
LINE
8
BLACK
6
CONTINUOUS
10
5.8801181102362206
20
-4.226968503937008
11
5.8801181102362206
21
-4.211220472440945
0
LINE
8
BLACK
6
CONTINUOUS
10
5.8801181102362206
20
-4.211220472440945
11
5.9057086614173224
21
-4.211220472440945
0
LINE
8
BLACK
6
CONTINUOUS
10
5.9057086614173224
20
-4.211220472440945
11
5.9057086614173224
21
-4.226968503937008
0
LINE
8
BLACK
6
CONTINUOUS
10
5.9057086614173224
20
-4.226968503937008
11
5.9006588582677164
21
-4.226968503937008
0
LINE
8
BLACK
6
CONTINUOUS
10
5.9006588582677164
20
-4.226968503937008
11
5.9007799606299214
21
-4.2770427165354326
0
LINE
8
BLACK
6
CONTINUOUS
10
5.9007799606299214
20
-4.2770427165354326
11
5.9118056692913381
21
-4.2880039370078737
0
LINE
8
BLACK
6
CONTINUOUS
10
5.9118056692913381
20
-4.2880039370078737
11
5.9457991732283464
21
-4.2880039370078737
0
LINE
8
BLACK
6
CONTINUOUS
10
5.9457991732283464
20
-4.2880039370078737
11
5.9457991732283464
21
-4.3193088976377956
0
LINE
8
BLACK
6
CONTINUOUS
10
5.9457991732283464
20
-4.3193088976377956
11
6.0057683464566924
21
-4.3790634251968505
0
LINE
8
BLACK
6
CONTINUOUS
10
6.0057683464566924
20
-4.3790634251968505
11
6.3114584645669289
21
-4.3788802755905509
0
LINE
8
BLACK
6
CONTINUOUS
10
6.3114584645669289
20
-4.3788802755905509
11
6.3430118110236222
21
-4.347145196850394
0
LINE
8
BLACK
6
CONTINUOUS
10
6.3430118110236222
20
-4.347145196850394
11
6.3430118110236222
21
-4.3160039370078742
0
LINE
8
BLACK
6
CONTINUOUS
10
6.3430118110236222
20
-4.3160039370078742
11
6.3780118110236215
21
-4.3160039370078742
0
LINE
8
BLACK
6
CONTINUOUS
10
6.3780118110236215
20
-4.3160039370078742
11
6.3780118110236215
21
-4.3337510629921256
0
LINE
8
BLACK
6
CONTINUOUS
10
6.3780118110236215
20
-4.3337510629921256
11
6.3916620472440941
21
-4.3336811023622044
0
LINE
8
BLACK
6
CONTINUOUS
10
6.3916620472440941
20
-4.3336811023622044
11
6.4205118110236219
21
-4.304694133858268
0
LINE
8
BLACK
6
CONTINUOUS
10
6.4205118110236219
20
-4.304694133858268
11
6.4205118110236219
21
-4.2585039370078741
0
LINE
8
BLACK
6
CONTINUOUS
10
6.4205118110236219
20
-4.2585039370078741
11
6.4407991732283465
21
-4.2585039370078741
0
LINE
8
BLACK
6
CONTINUOUS
10
6.4407991732283465
20
-4.2585039370078741
11
6.4407249606299208
21
-4.2185039370078741
0
LINE
8
BLACK
6
CONTINUOUS
10
6.4407249606299208
20
-4.2185039370078741
11
6.4205118110236219
21
-4.2185039370078741
0
LINE
8
BLACK
6
CONTINUOUS
10
6.4205118110236219
20
-4.2185039370078741
11
6.4205118110236219
21
-4.1585039370078736
0
LINE
8
BLACK
6
CONTINUOUS
10
6.4205118110236219
20
-4.1585039370078736
11
6.4805118110236215
21
-4.1585039370078736
0
LINE
8
BLACK
6
CONTINUOUS
10
6.4805118110236215
20
-4.1585039370078736
11
6.4805118110236215
21
-4.2185039370078741
0
LINE
8
BLACK
6
CONTINUOUS
10
6.2359055118110236
20
-4.2802892913385824
11
6.2359800393700784
21
-4.2803201968503934
0
LINE
8
BLACK
6
CONTINUOUS
10
6.2359800393700784
20
-4.2803201968503934
11
6.2359883070866138
21
-4.2803284645669288
0
LINE
8
BLACK
6
CONTINUOUS
10
6.2359883070866138
20
-4.2803284645669288
11
6.2718335039370077
21
-4.3160039370078742
0
LINE
8
BLACK
6
CONTINUOUS
10
6.2718335039370077
20
-4.3160039370078742
11
6.3030118110236222
21
-4.3160039370078742
0
LINE
8
BLACK
6
CONTINUOUS
10
6.3030118110236222
20
-4.3160039370078742
11
6.3030118110236222
21
-4.3710039370078739
0
LINE
8
BLACK
6
CONTINUOUS
10
6.3030118110236222
20
-4.3710039370078739
11
6.268011811023622
21
-4.3710039370078739
0
LINE
8
BLACK
6
CONTINUOUS
10
6.268011811023622
20
-4.3710039370078739
11
6.268011811023622
21
-4.3397128346456695
0
LINE
8
BLACK
6
CONTINUOUS
10
6.268011811023622
20
-4.3397128346456695
11
6.2359055118110236
21
-4.3077585826771649
0
LINE
8
BLACK
6
CONTINUOUS
10
6.2359055118110236
20
-4.3077585826771649
11
6.2359055118110236
21
-4.318031496062992
0
LINE
8
BLACK
6
CONTINUOUS
10
6.2359055118110236
20
-4.318031496062992
11
6.1985039370078736
21
-4.318031496062992
0
LINE
8
BLACK
6
CONTINUOUS
10
6.1985039370078736
20
-4.318031496062992
11
6.1985039370078736
21
-4.2589763779527559
0
LINE
8
BLACK
6
CONTINUOUS
10
6.1985039370078736
20
-4.2589763779527559
11
6.2359055118110236
21
-4.2589763779527559
0
LINE
8
BLACK
6
CONTINUOUS
10
6.2359055118110236
20
-4.2589763779527559
11
6.2359055118110236
21
-4.2802892913385824
0
LINE
8
BLACK
6
CONTINUOUS
10
5.7220118110236218
20
-4.1607129527559055
11
5.7420499606299211
21
-4.1606632677165356
0
LINE
8
BLACK
6
CONTINUOUS
10
5.7420499606299211
20
-4.1606632677165356
11
5.7427713779527556
21
-4.1592474803149608
0
LINE
8
BLACK
6
CONTINUOUS
10
5.7427713779527556
20
-4.1592474803149608
11
5.7462553543307084
21
-4.155763503937008
0
LINE
8
BLACK
6
CONTINUOUS
10
5.7462553543307084
20
-4.155763503937008
11
5.7506453937007871
21
-4.1535266535433069
0
LINE
8
BLACK
6
CONTINUOUS
10
5.7506453937007871
20
-4.1535266535433069
11
5.7555118110236219
21
-4.1527559055118113
0
LINE
8
BLACK
6
CONTINUOUS
10
5.7555118110236219
20
-4.1527559055118113
11
5.7603782283464566
21
-4.1535266535433069
0
LINE
8
BLACK
6
CONTINUOUS
10
5.7603782283464566
20
-4.1535266535433069
11
5.7647682677165353
21
-4.155763503937008
0
LINE
8
BLACK
6
CONTINUOUS
10
5.7647682677165353
20
-4.155763503937008
11
5.7682522440944881
21
-4.1592474803149608
0
LINE
8
BLACK
6
CONTINUOUS
10
5.7682522440944881
20
-4.1592474803149608
11
5.7687156299212594
21
-4.1601569685039372
0
LINE
8
BLACK
6
CONTINUOUS
10
5.7687156299212594
20
-4.1601569685039372
11
5.8053149606299215
21
-4.1600698031496064
0
LINE
8
BLACK
6
CONTINUOUS
10
5.8053149606299215
20
-4.1600698031496064
11
5.8053149606299215
21
-4.1600393700787404
0
LINE
8
BLACK
6
CONTINUOUS
10
5.8053149606299215
20
-4.1600393700787404
11
5.8309055118110233
21
-4.1600393700787404
0
LINE
8
BLACK
6
CONTINUOUS
10
5.8309055118110233
20
-4.1600393700787404
11
5.8309055118110233
21
-4.1600724803149607
0
LINE
8
BLACK
6
CONTINUOUS
10
5.8309055118110233
20
-4.1600724803149607
11
5.8349212598425195
21
-4.1600393700787404
0
LINE
8
BLACK
6
CONTINUOUS
10
5.8349212598425195
20
-4.1600393700787404
11
5.836457401574803
21
-4.1601906692913388
0
LINE
8
BLACK
6
CONTINUOUS
10
5.836457401574803
20
-4.1601906692913388
11
5.8392958267716537
21
-4.1613663779527554
0
LINE
8
BLACK
6
CONTINUOUS
10
5.8392958267716537
20
-4.1613663779527554
11
5.8580796062992126
21
-4.1799361811023621
0
LINE
8
BLACK
6
CONTINUOUS
10
5.8580796062992126
20
-4.1799361811023621
11
5.8590588188976378
21
-4.1811293700787404
0
LINE
8
BLACK
6
CONTINUOUS
10
5.8590588188976378
20
-4.1811293700787404
11
5.8602345275590553
21
-4.1839677952755903
0
LINE
8
BLACK
6
CONTINUOUS
10
5.8602345275590553
20
-4.1839677952755903
11
5.8603549212598427
21
-4.2880039370078737
0
LINE
8
BLACK
6
CONTINUOUS
10
5.8603549212598427
20
-4.2880039370078737
11
5.8707991732283462
21
-4.2880039370078737
0
LINE
8
BLACK
6
CONTINUOUS
10
5.8707991732283462
20
-4.2880039370078737
11
5.8707991732283462
21
-4.3430039370078743
0
LINE
8
BLACK
6
CONTINUOUS
10
5.8707991732283462
20
-4.3430039370078743
11
5.8357991732283461
21
-4.3430039370078743
0
LINE
8
BLACK
6
CONTINUOUS
10
5.8357991732283461
20
-4.3430039370078743
11
5.8357991732283461
21
-4.3252433070866143
0
LINE
8
BLACK
6
CONTINUOUS
10
5.8357991732283461
20
-4.3252433070866143
11
5.8207024409448813
21
-4.325310157480315
0
LINE
8
BLACK
6
CONTINUOUS
10
5.8207024409448813
20
-4.325310157480315
11
5.819768267716535
21
-4.3262443700787401
0
LINE
8
BLACK
6
CONTINUOUS
10
5.819768267716535
20
-4.3262443700787401
11
5.8153782283464563
21
-4.3284812204724412
0
LINE
8
BLACK
6
CONTINUOUS
10
5.8153782283464563
20
-4.3284812204724412
11
5.8105118110236216
21
-4.3292519685039368
0
LINE
8
BLACK
6
CONTINUOUS
10
5.8105118110236216
20
-4.3292519685039368
11
5.8056453937007877
21
-4.3284812204724412
0
LINE
8
BLACK
6
CONTINUOUS
10
5.8056453937007877
20
-4.3284812204724412
11
5.8012553543307082
21
-4.3262443700787401
0
LINE
8
BLACK
6
CONTINUOUS
10
5.8012553543307082
20
-4.3262443700787401
11
5.7977713779527562
21
-4.3227603937007872
0
LINE
8
BLACK
6
CONTINUOUS
10
5.7977713779527562
20
-4.3227603937007872
11
5.7955345275590551
21
-4.3183703543307086
0
LINE
8
BLACK
6
CONTINUOUS
10
5.7955345275590551
20
-4.3183703543307086
11
5.7947637795275586
21
-4.3135039370078738
0
LINE
8
BLACK
6
CONTINUOUS
10
5.7947637795275586
20
-4.3135039370078738
11
5.7955345275590551
21
-4.3086375196850391
0
LINE
8
BLACK
6
CONTINUOUS
10
5.7955345275590551
20
-4.3086375196850391
11
5.7977713779527562
21
-4.3042474803149604
0
LINE
8
BLACK
6
CONTINUOUS
10
5.7977713779527562
20
-4.3042474803149604
11
5.8012553543307082
21
-4.3007635039370076
0
LINE
8
BLACK
6
CONTINUOUS
10
5.8012553543307082
20
-4.3007635039370076
11
5.8056453937007877
21
-4.2985266535433073
0
LINE
8
BLACK
6
CONTINUOUS
10
5.8056453937007877
20
-4.2985266535433073
11
5.8105118110236216
21
-4.2977559055118109
0
LINE
8
BLACK
6
CONTINUOUS
10
5.8105118110236216
20
-4.2977559055118109
11
5.8153782283464563
21
-4.2985266535433073
0
LINE
8
BLACK
6
CONTINUOUS
10
5.8153782283464563
20
-4.2985266535433073
11
5.819768267716535
21
-4.3007635039370076
0
LINE
8
BLACK
6
CONTINUOUS
10
5.819768267716535
20
-4.3007635039370076
11
5.8232522440944878
21
-4.3042474803149604
0
LINE
8
BLACK
6
CONTINUOUS
10
5.8232522440944878
20
-4.3042474803149604
11
5.8240387007874013
21
-4.3057909842519688
0
LINE
8
BLACK
6
CONTINUOUS
10
5.8240387007874013
20
-4.3057909842519688
11
5.8357991732283461
21
-4.305738897637795
0
LINE
8
BLACK
6
CONTINUOUS
10
5.8357991732283461
20
-4.305738897637795
11
5.8357991732283461
21
-4.2880039370078737
0
LINE
8
BLACK
6
CONTINUOUS
10
5.8357991732283461
20
-4.2880039370078737
11
5.8447564173228344
21
-4.2880039370078737
0
LINE
8
BLACK
6
CONTINUOUS
10
5.8447564173228344
20
-4.2880039370078737
11
5.8446413385826768
21
-4.188594881889764
0
LINE
8
BLACK
6
CONTINUOUS
10
5.8446413385826768
20
-4.188594881889764
11
5.8321062204724408
21
-4.1762024803149602
0
LINE
8
BLACK
6
CONTINUOUS
10
5.8321062204724408
20
-4.1762024803149602
11
5.8320479527559055
21
-4.1762266535433072
0
LINE
8
BLACK
6
CONTINUOUS
10
5.8320479527559055
20
-4.1762266535433072
11
5.8187007874015748
21
-4.1763779527559057
0
LINE
8
BLACK
6
CONTINUOUS
10
5.8187007874015748
20
-4.1763779527559057
11
5.8171646456692914
21
-4.1762266535433072
0
LINE
8
BLACK
6
CONTINUOUS
10
5.8171646456692914
20
-4.1762266535433072
11
5.8161041732283465
21
-4.1757874015748033
0
LINE
8
BLACK
6
CONTINUOUS
10
5.8161041732283465
20
-4.1757874015748033
11
5.8053149606299215
21
-4.1757874015748033
0
LINE
8
BLACK
6
CONTINUOUS
10
5.8053149606299215
20
-4.1757874015748033
11
5.8053149606299215
21
-4.175670196850394
0
LINE
8
BLACK
6
CONTINUOUS
10
5.8053149606299215
20
-4.175670196850394
11
5.7692735039370078
21
-4.1757560236220472
0
LINE
8
BLACK
6
CONTINUOUS
10
5.7692735039370078
20
-4.1757560236220472
11
5.7682522440944881
21
-4.1777603937007877
0
LINE
8
BLACK
6
CONTINUOUS
10
5.7682522440944881
20
-4.1777603937007877
11
5.7647682677165353
21
-4.1812443700787405
0
LINE
8
BLACK
6
CONTINUOUS
10
5.7647682677165353
20
-4.1812443700787405
11
5.7603782283464566
21
-4.1834812204724408
0
LINE
8
BLACK
6
CONTINUOUS
10
5.7603782283464566
20
-4.1834812204724408
11
5.7555118110236219
21
-4.1842519685039372
0
LINE
8
BLACK
6
CONTINUOUS
10
5.7555118110236219
20
-4.1842519685039372
11
5.7506453937007871
21
-4.1834812204724408
0
LINE
8
BLACK
6
CONTINUOUS
10
5.7506453937007871
20
-4.1834812204724408
11
5.7462553543307084
21
-4.1812443700787405
0
LINE
8
BLACK
6
CONTINUOUS
10
5.7462553543307084
20
-4.1812443700787405
11
5.7427713779527556
21
-4.1777603937007877
0
LINE
8
BLACK
6
CONTINUOUS
10
5.7427713779527556
20
-4.1777603937007877
11
5.7420088582677167
21
-4.1762638976377948
0
LINE
8
BLACK
6
CONTINUOUS
10
5.7420088582677167
20
-4.1762638976377948
11
5.7220118110236218
21
-4.1763134645669293
0
LINE
8
BLACK
6
CONTINUOUS
10
5.7220118110236218
20
-4.1763134645669293
11
5.7220118110236218
21
-4.1845039370078743
0
LINE
8
BLACK
6
CONTINUOUS
10
5.7220118110236218
20
-4.1845039370078743
11
5.6670118110236221
21
-4.1845039370078743
0
LINE
8
BLACK
6
CONTINUOUS
10
5.6670118110236221
20
-4.1845039370078743
11
5.6670118110236221
21
-4.1495039370078741
0
LINE
8
BLACK
6
CONTINUOUS
10
5.6670118110236221
20
-4.1495039370078741
11
5.7220118110236218
21
-4.1495039370078741
0
LINE
8
BLACK
6
CONTINUOUS
10
5.7220118110236218
20
-4.1495039370078741
11
5.7220118110236218
21
-4.1607129527559055
0
LINE
8
BLACK
6
CONTINUOUS
10
6.0725196850393699
20
-4.318031496062992
11
6.0381862204724408
21
-4.318031496062992
0
LINE
8
BLACK
6
CONTINUOUS
10
6.0381862204724408
20
-4.318031496062992
11
6.0357786220472436
21
-4.3204636614173229
0
LINE
8
BLACK
6
CONTINUOUS
10
6.0357786220472436
20
-4.3204636614173229
11
6.0342872834645664
21
-4.321687480314961
0
LINE
8
BLACK
6
CONTINUOUS
10
6.0342872834645664
20
-4.321687480314961
11
6.0342871259842514
21
-4.3216876771653538
0
LINE
8
BLACK
6
CONTINUOUS
10
6.0342871259842514
20
-4.3216876771653538
11
6.0307390944881885
21
-4.3231573228346454
0
LINE
8
BLACK
6
CONTINUOUS
10
6.0307390944881885
20
-4.3231573228346454
11
6.0227808661417326
21
-4.3232317322834648
0
LINE
8
BLACK
6
CONTINUOUS
10
6.0227808661417326
20
-4.3232317322834648
11
6.0197682677165352
21
-4.3262443700787401
0
LINE
8
BLACK
6
CONTINUOUS
10
6.0197682677165352
20
-4.3262443700787401
11
6.0153782283464565
21
-4.3284812204724412
0
LINE
8
BLACK
6
CONTINUOUS
10
6.0153782283464565
20
-4.3284812204724412
11
6.0105118110236218
21
-4.3292519685039368
0
LINE
8
BLACK
6
CONTINUOUS
10
6.0105118110236218
20
-4.3292519685039368
11
6.005645393700787
21
-4.3284812204724412
0
LINE
8
BLACK
6
CONTINUOUS
10
6.005645393700787
20
-4.3284812204724412
11
6.0012553543307083
21
-4.3262443700787401
0
LINE
8
BLACK
6
CONTINUOUS
10
6.0012553543307083
20
-4.3262443700787401
11
5.9977713779527555
21
-4.3227603937007872
0
LINE
8
BLACK
6
CONTINUOUS
10
5.9977713779527555
20
-4.3227603937007872
11
5.9955345275590552
21
-4.3183703543307086
0
LINE
8
BLACK
6
CONTINUOUS
10
5.9955345275590552
20
-4.3183703543307086
11
5.9947637795275588
21
-4.3135039370078738
0
LINE
8
BLACK
6
CONTINUOUS
10
5.9947637795275588
20
-4.3135039370078738
11
5.9955345275590552
21
-4.3086375196850391
0
LINE
8
BLACK
6
CONTINUOUS
10
5.9955345275590552
20
-4.3086375196850391
11
5.9977713779527555
21
-4.3042474803149604
0
LINE
8
BLACK
6
CONTINUOUS
10
5.9977713779527555
20
-4.3042474803149604
11
6.0012553543307083
21
-4.3007635039370076
0
LINE
8
BLACK
6
CONTINUOUS
10
6.0012553543307083
20
-4.3007635039370076
11
6.005645393700787
21
-4.2985266535433073
0
LINE
8
BLACK
6
CONTINUOUS
10
6.005645393700787
20
-4.2985266535433073
11
6.0105118110236218
21
-4.2977559055118109
0
LINE
8
BLACK
6
CONTINUOUS
10
6.0105118110236218
20
-4.2977559055118109
11
6.0153782283464565
21
-4.2985266535433073
0
LINE
8
BLACK
6
CONTINUOUS
10
6.0153782283464565
20
-4.2985266535433073
11
6.0197682677165352
21
-4.3007635039370076
0
LINE
8
BLACK
6
CONTINUOUS
10
6.0197682677165352
20
-4.3007635039370076
11
6.022723149606299
21
-4.3037183858267714
0
LINE
8
BLACK
6
CONTINUOUS
10
6.022723149606299
20
-4.3037183858267714
11
6.0249292913385828
21
-4.3036977559055121
0
LINE
8
BLACK
6
CONTINUOUS
10
6.0249292913385828
20
-4.3036977559055121
11
6.0351181102362199
21
-4.2934050393700787
0
LINE
8
BLACK
6
CONTINUOUS
10
6.0351181102362199
20
-4.2934050393700787
11
6.0351181102362199
21
-4.2589763779527559
0
LINE
8
BLACK
6
CONTINUOUS
10
6.0351181102362199
20
-4.2589763779527559
11
6.0725196850393699
21
-4.2589763779527559
0
LINE
8
BLACK
6
CONTINUOUS
10
6.0725196850393699
20
-4.2589763779527559
11
6.0725196850393699
21
-4.318031496062992
0
LINE
8
BLACK
6
CONTINUOUS
10
6.2739101574803149
20
-4.0705293700787397
11
6.2767041338582672
21
-4.0723962598425194
0
LINE
8
BLACK
6
CONTINUOUS
10
6.2767041338582672
20
-4.0723962598425194
11
6.2888836614173229
21
-4.0845757874015751
0
LINE
8
BLACK
6
CONTINUOUS
10
6.2888836614173229
20
-4.0845757874015751
11
6.2907505511811026
21
-4.0873697637795274
0
LINE
8
BLACK
6
CONTINUOUS
10
6.2907505511811026
20
-4.0873697637795274
11
6.2914061417322831
21
-4.0906655118110233
0
LINE
8
BLACK
6
CONTINUOUS
10
6.2914061417322831
20
-4.0906655118110233
11
6.2907505511811026
21
-4.0939612598425192
0
LINE
8
BLACK
6
CONTINUOUS
10
6.2907505511811026
20
-4.0939612598425192
11
6.2888836614173229
21
-4.0967552755905512
0
LINE
8
BLACK
6
CONTINUOUS
10
6.2888836614173229
20
-4.0967552755905512
11
6.2757916141732286
21
-4.1098472834645667
0
LINE
8
BLACK
6
CONTINUOUS
10
6.2757916141732286
20
-4.1098472834645667
11
6.2759098818897634
21
-4.1510039370078742
0
LINE
8
BLACK
6
CONTINUOUS
10
6.2759098818897634
20
-4.1510039370078742
11
6.3030118110236222
21
-4.1510039370078742
0
LINE
8
BLACK
6
CONTINUOUS
10
6.3030118110236222
20
-4.1510039370078742
11
6.3030118110236222
21
-4.2060039370078739
0
LINE
8
BLACK
6
CONTINUOUS
10
6.3030118110236222
20
-4.2060039370078739
11
6.2952331102362207
21
-4.2060039370078739
0
LINE
8
BLACK
6
CONTINUOUS
10
6.2952331102362207
20
-4.2060039370078739
11
6.2952908267716534
21
-4.2310039370078742
0
LINE
8
BLACK
6
CONTINUOUS
10
6.2952908267716534
20
-4.2310039370078742
11
6.3030118110236222
21
-4.2310039370078742
0
LINE
8
BLACK
6
CONTINUOUS
10
6.3030118110236222
20
-4.2310039370078742
11
6.3030118110236222
21
-4.286003937007874
0
LINE
8
BLACK
6
CONTINUOUS
10
6.3030118110236222
20
-4.286003937007874
11
6.268011811023622
21
-4.286003937007874
0
LINE
8
BLACK
6
CONTINUOUS
10
6.268011811023622
20
-4.286003937007874
11
6.268011811023622
21
-4.2310039370078742
0
LINE
8
BLACK
6
CONTINUOUS
10
6.268011811023622
20
-4.2310039370078742
11
6.2757905118110235
21
-4.2310039370078742
0
LINE
8
BLACK
6
CONTINUOUS
10
6.2757905118110235
20
-4.2310039370078742
11
6.2757327952755908
21
-4.2060039370078739
0
LINE
8
BLACK
6
CONTINUOUS
10
6.2757327952755908
20
-4.2060039370078739
11
6.268011811023622
21
-4.2060039370078739
0
LINE
8
BLACK
6
CONTINUOUS
10
6.268011811023622
20
-4.2060039370078739
11
6.268011811023622
21
-4.1781719291338586
0
LINE
8
BLACK
6
CONTINUOUS
10
6.268011811023622
20
-4.1781719291338586
11
6.1727362204724407
21
-4.178319724409449
0
LINE
8
BLACK
6
CONTINUOUS
10
6.1727362204724407
20
-4.178319724409449
11
6.1727362204724407
21
-4.1835137795275585
0
LINE
8
BLACK
6
CONTINUOUS
10
6.1727362204724407
20
-4.1835137795275585
11
6.1720806692913381
21
-4.1868095275590553
0
LINE
8
BLACK
6
CONTINUOUS
10
6.1720806692913381
20
-4.1868095275590553
11
6.1702137795275593
21
-4.1896035433070864
0
LINE
8
BLACK
6
CONTINUOUS
10
6.1702137795275593
20
-4.1896035433070864
11
6.1674197637795274
21
-4.1914704330708661
0
LINE
8
BLACK
6
CONTINUOUS
10
6.1674197637795274
20
-4.1914704330708661
11
6.1641240157480315
21
-4.1921259842519687
0
LINE
8
BLACK
6
CONTINUOUS
10
6.1641240157480315
20
-4.1921259842519687
11
6.1468996062992121
21
-4.1921259842519687
0
LINE
8
BLACK
6
CONTINUOUS
10
6.1468996062992121
20
-4.1921259842519687
11
6.1436038582677162
21
-4.1914704330708661
0
LINE
8
BLACK
6
CONTINUOUS
10
6.1436038582677162
20
-4.1914704330708661
11
6.1408098425196851
21
-4.1896035433070864
0
LINE
8
BLACK
6
CONTINUOUS
10
6.1408098425196851
20
-4.1896035433070864
11
6.1389429527559054
21
-4.1868095275590553
0
LINE
8
BLACK
6
CONTINUOUS
10
6.1389429527559054
20
-4.1868095275590553
11
6.1382874015748028
21
-4.1835137795275585
0
LINE
8
BLACK
6
CONTINUOUS
10
6.1382874015748028
20
-4.1835137795275585
11
6.1382874015748028
21
-4.1534940944881891
0
LINE
8
BLACK
6
CONTINUOUS
10
6.1382874015748028
20
-4.1534940944881891
11
6.1389429527559054
21
-4.1501983464566932
0
LINE
8
BLACK
6
CONTINUOUS
10
6.1389429527559054
20
-4.1501983464566932
11
6.1408098425196851
21
-4.1474043307086612
0
LINE
8
BLACK
6
CONTINUOUS
10
6.1408098425196851
20
-4.1474043307086612
11
6.1436038582677162
21
-4.1455374409448815
0
LINE
8
BLACK
6
CONTINUOUS
10
6.1436038582677162
20
-4.1455374409448815
11
6.1468996062992121
21
-4.1448818897637798
0
LINE
8
BLACK
6
CONTINUOUS
10
6.1468996062992121
20
-4.1448818897637798
11
6.1641240157480315
21
-4.1448818897637798
0
LINE
8
BLACK
6
CONTINUOUS
10
6.1641240157480315
20
-4.1448818897637798
11
6.1674197637795274
21
-4.1455374409448815
0
LINE
8
BLACK
6
CONTINUOUS
10
6.1674197637795274
20
-4.1455374409448815
11
6.1702137795275593
21
-4.1474043307086612
0
LINE
8
BLACK
6
CONTINUOUS
10
6.1702137795275593
20
-4.1474043307086612
11
6.1720806692913381
21
-4.1501983464566932
0
LINE
8
BLACK
6
CONTINUOUS
10
6.1720806692913381
20
-4.1501983464566932
11
6.1727362204724407
21
-4.1534940944881891
0
LINE
8
BLACK
6
CONTINUOUS
10
6.1727362204724407
20
-4.1534940944881891
11
6.1727362204724407
21
-4.1588208267716533
0
LINE
8
BLACK
6
CONTINUOUS
10
6.1727362204724407
20
-4.1588208267716533
11
6.2564305511811025
21
-4.1586909842519688
0
LINE
8
BLACK
6
CONTINUOUS
10
6.2564305511811025
20
-4.1586909842519688
11
6.2563151574803149
21
-4.1185424015748033
0
LINE
8
BLACK
6
CONTINUOUS
10
6.2563151574803149
20
-4.1185424015748033
11
6.2554770472440939
21
-4.1179824015748032
0
LINE
8
BLACK
6
CONTINUOUS
10
6.2554770472440939
20
-4.1179824015748032
11
6.2432975196850391
21
-4.1058028740157475
0
LINE
8
BLACK
6
CONTINUOUS
10
6.2432975196850391
20
-4.1058028740157475
11
6.2414306299212594
21
-4.1030088976377952
0
LINE
8
BLACK
6
CONTINUOUS
10
6.2414306299212594
20
-4.1030088976377952
11
6.2407750393700789
21
-4.0997131496062993
0
LINE
8
BLACK
6
CONTINUOUS
10
6.2407750393700789
20
-4.0997131496062993
11
6.2414306299212594
21
-4.0964174015748034
0
LINE
8
BLACK
6
CONTINUOUS
10
6.2414306299212594
20
-4.0964174015748034
11
6.2432975196850391
21
-4.0936233858267714
0
LINE
8
BLACK
6
CONTINUOUS
10
6.2432975196850391
20
-4.0936233858267714
11
6.2645246456692911
21
-4.0723962598425194
0
LINE
8
BLACK
6
CONTINUOUS
10
6.2645246456692911
20
-4.0723962598425194
11
6.2673186614173231
21
-4.0705293700787397
0
LINE
8
BLACK
6
CONTINUOUS
10
6.2673186614173231
20
-4.0705293700787397
11
6.270614409448819
21
-4.0698737795275592
0
LINE
8
BLACK
6
CONTINUOUS
10
6.270614409448819
20
-4.0698737795275592
11
6.2739101574803149
21
-4.0705293700787397
0
LINE
8
BLACK
6
CONTINUOUS
10
5.7833782283464563
20
-4.204526653543307
11
5.787768267716535
21
-4.2067635039370082
0
LINE
8
BLACK
6
CONTINUOUS
10
5.787768267716535
20
-4.2067635039370082
11
5.7912522440944878
21
-4.2102474803149601
0
LINE
8
BLACK
6
CONTINUOUS
10
5.7912522440944878
20
-4.2102474803149601
11
5.7917977952755901
21
-4.211318188976378
0
LINE
8
BLACK
6
CONTINUOUS
10
5.7917977952755901
20
-4.211318188976378
11
5.8053149606299215
21
-4.2112679921259843
0
LINE
8
BLACK
6
CONTINUOUS
10
5.8053149606299215
20
-4.2112679921259843
11
5.8053149606299215
21
-4.211220472440945
0
LINE
8
BLACK
6
CONTINUOUS
10
5.8053149606299215
20
-4.211220472440945
11
5.8309055118110233
21
-4.211220472440945
0
LINE
8
BLACK
6
CONTINUOUS
10
5.8309055118110233
20
-4.211220472440945
11
5.8309055118110233
21
-4.226968503937008
0
LINE
8
BLACK
6
CONTINUOUS
10
5.8309055118110233
20
-4.226968503937008
11
5.8053149606299215
21
-4.226968503937008
0
LINE
8
BLACK
6
CONTINUOUS
10
5.8053149606299215
20
-4.226968503937008
11
5.8053149606299215
21
-4.2268704330708662
0
LINE
8
BLACK
6
CONTINUOUS
10
5.8053149606299215
20
-4.2268704330708662
11
5.7921903543307085
21
-4.226919173228346
0
LINE
8
BLACK
6
CONTINUOUS
10
5.7921903543307085
20
-4.226919173228346
11
5.7912522440944878
21
-4.2287603937007869
0
LINE
8
BLACK
6
CONTINUOUS
10
5.7912522440944878
20
-4.2287603937007869
11
5.787768267716535
21
-4.2322443700787398
0
LINE
8
BLACK
6
CONTINUOUS
10
5.787768267716535
20
-4.2322443700787398
11
5.7833782283464563
21
-4.2344812204724409
0
LINE
8
BLACK
6
CONTINUOUS
10
5.7833782283464563
20
-4.2344812204724409
11
5.7785118110236215
21
-4.2352519685039365
0
LINE
8
BLACK
6
CONTINUOUS
10
5.7785118110236215
20
-4.2352519685039365
11
5.7736453937007877
21
-4.2344812204724409
0
LINE
8
BLACK
6
CONTINUOUS
10
5.7736453937007877
20
-4.2344812204724409
11
5.7692553543307081
21
-4.2322443700787398
0
LINE
8
BLACK
6
CONTINUOUS
10
5.7692553543307081
20
-4.2322443700787398
11
5.7657713779527562
21
-4.2287603937007869
0
LINE
8
BLACK
6
CONTINUOUS
10
5.7657713779527562
20
-4.2287603937007869
11
5.763534527559055
21
-4.2243703543307083
0
LINE
8
BLACK
6
CONTINUOUS
10
5.763534527559055
20
-4.2243703543307083
11
5.7627637795275586
21
-4.2195039370078735
0
LINE
8
BLACK
6
CONTINUOUS
10
5.7627637795275586
20
-4.2195039370078735
11
5.763534527559055
21
-4.2146375196850396
0
LINE
8
BLACK
6
CONTINUOUS
10
5.763534527559055
20
-4.2146375196850396
11
5.7657713779527562
21
-4.2102474803149601
0
LINE
8
BLACK
6
CONTINUOUS
10
5.7657713779527562
20
-4.2102474803149601
11
5.7692553543307081
21
-4.2067635039370082
0
LINE
8
BLACK
6
CONTINUOUS
10
5.7692553543307081
20
-4.2067635039370082
11
5.7736453937007877
21
-4.204526653543307
0
LINE
8
BLACK
6
CONTINUOUS
10
5.7736453937007877
20
-4.204526653543307
11
5.7785118110236215
21
-4.2037559055118106
0
LINE
8
BLACK
6
CONTINUOUS
10
5.7785118110236215
20
-4.2037559055118106
11
5.7833782283464563
21
-4.204526653543307
0
LINE
8
BLACK
6
CONTINUOUS
10
6.0837583464566931
20
-4.1455374409448815
11
6.0865523622047242
21
-4.1474043307086612
0
LINE
8
BLACK
6
CONTINUOUS
10
6.0865523622047242
20
-4.1474043307086612
11
6.0884192519685039
21
-4.1501983464566932
0
LINE
8
BLACK
6
CONTINUOUS
10
6.0884192519685039
20
-4.1501983464566932
11
6.0890748031496065
21
-4.1534940944881891
0
LINE
8
BLACK
6
CONTINUOUS
10
6.0890748031496065
20
-4.1534940944881891
11
6.0890748031496065
21
-4.1835137795275585
0
LINE
8
BLACK
6
CONTINUOUS
10
6.0890748031496065
20
-4.1835137795275585
11
6.0884192519685039
21
-4.1868095275590553
0
LINE
8
BLACK
6
CONTINUOUS
10
6.0884192519685039
20
-4.1868095275590553
11
6.0865523622047242
21
-4.1896035433070864
0
LINE
8
BLACK
6
CONTINUOUS
10
6.0865523622047242
20
-4.1896035433070864
11
6.0837583464566931
21
-4.1914704330708661
0
LINE
8
BLACK
6
CONTINUOUS
10
6.0837583464566931
20
-4.1914704330708661
11
6.0804625984251963
21
-4.1921259842519687
0
LINE
8
BLACK
6
CONTINUOUS
10
6.0804625984251963
20
-4.1921259842519687
11
6.0632381889763778
21
-4.1921259842519687
0
LINE
8
BLACK
6
CONTINUOUS
10
6.0632381889763778
20
-4.1921259842519687
11
6.0599424409448819
21
-4.1914704330708661
0
LINE
8
BLACK
6
CONTINUOUS
10
6.0599424409448819
20
-4.1914704330708661
11
6.0571484251968499
21
-4.1896035433070864
0
LINE
8
BLACK
6
CONTINUOUS
10
6.0571484251968499
20
-4.1896035433070864
11
6.0552815354330711
21
-4.1868095275590553
0
LINE
8
BLACK
6
CONTINUOUS
10
6.0552815354330711
20
-4.1868095275590553
11
6.0546259842519685
21
-4.1835137795275585
0
LINE
8
BLACK
6
CONTINUOUS
10
6.0546259842519685
20
-4.1835137795275585
11
6.0546259842519685
21
-4.1781961417322835
0
LINE
8
BLACK
6
CONTINUOUS
10
6.0546259842519685
20
-4.1781961417322835
11
6.0080118110236223
21
-4.1782906692913384
0
LINE
8
BLACK
6
CONTINUOUS
10
6.0080118110236223
20
-4.1782906692913384
11
6.0080118110236223
21
-4.1860039370078743
0
LINE
8
BLACK
6
CONTINUOUS
10
6.0080118110236223
20
-4.1860039370078743
11
5.9530118110236216
21
-4.1860039370078743
0
LINE
8
BLACK
6
CONTINUOUS
10
5.9530118110236216
20
-4.1860039370078743
11
5.9530118110236216
21
-4.1756846850393696
0
LINE
8
BLACK
6
CONTINUOUS
10
5.9530118110236216
20
-4.1756846850393696
11
5.9057086614173224
21
-4.175765511811024
0
LINE
8
BLACK
6
CONTINUOUS
10
5.9057086614173224
20
-4.175765511811024
11
5.9057086614173224
21
-4.1757874015748033
0
LINE
8
BLACK
6
CONTINUOUS
10
5.9057086614173224
20
-4.1757874015748033
11
5.8929133858267715
21
-4.1757874015748033
0
LINE
8
BLACK
6
CONTINUOUS
10
5.8929133858267715
20
-4.1757874015748033
11
5.8801181102362206
21
-4.1757874015748033
0
LINE
8
BLACK
6
CONTINUOUS
10
5.8801181102362206
20
-4.1757874015748033
11
5.8801181102362206
21
-4.1600393700787404
0
LINE
8
BLACK
6
CONTINUOUS
10
5.8801181102362206
20
-4.1600393700787404
11
5.9057086614173224
21
-4.1600393700787404
0
LINE
8
BLACK
6
CONTINUOUS
10
5.9057086614173224
20
-4.1600393700787404
11
5.9057086614173224
21
-4.1601661417322831
0
LINE
8
BLACK
6
CONTINUOUS
10
5.9057086614173224
20
-4.1601661417322831
11
5.9530118110236216
21
-4.1600853149606296
0
LINE
8
BLACK
6
CONTINUOUS
10
5.9530118110236216
20
-4.1600853149606296
11
5.9530118110236216
21
-4.1510039370078742
0
LINE
8
BLACK
6
CONTINUOUS
10
5.9530118110236216
20
-4.1510039370078742
11
6.0080118110236223
21
-4.1510039370078742
0
LINE
8
BLACK
6
CONTINUOUS
10
6.0080118110236223
20
-4.1510039370078742
11
6.0080118110236223
21
-4.1587908661417323
0
LINE
8
BLACK
6
CONTINUOUS
10
6.0080118110236223
20
-4.1587908661417323
11
6.0546259842519685
21
-4.1586963385826774
0
LINE
8
BLACK
6
CONTINUOUS
10
6.0546259842519685
20
-4.1586963385826774
11
6.0546259842519685
21
-4.1534940944881891
0
LINE
8
BLACK
6
CONTINUOUS
10
6.0546259842519685
20
-4.1534940944881891
11
6.0552815354330711
21
-4.1501983464566932
0
LINE
8
BLACK
6
CONTINUOUS
10
6.0552815354330711
20
-4.1501983464566932
11
6.0571484251968499
21
-4.1474043307086612
0
LINE
8
BLACK
6
CONTINUOUS
10
6.0571484251968499
20
-4.1474043307086612
11
6.0599424409448819
21
-4.1455374409448815
0
LINE
8
BLACK
6
CONTINUOUS
10
6.0599424409448819
20
-4.1455374409448815
11
6.0632381889763778
21
-4.1448818897637798
0
LINE
8
BLACK
6
CONTINUOUS
10
6.0632381889763778
20
-4.1448818897637798
11
6.0804625984251963
21
-4.1448818897637798
0
LINE
8
BLACK
6
CONTINUOUS
10
6.0804625984251963
20
-4.1448818897637798
11
6.0837583464566931
21
-4.1455374409448815
0
LINE
8
BLACK
6
CONTINUOUS
10
5.5425788582677162
20
-3.8260927165354328
11
5.5501664173228349
21
-3.8290321653543304
0
LINE
8
BLACK
6
CONTINUOUS
10
5.5501664173228349
20
-3.8290321653543304
11
5.5570846850393698
21
-3.8333157874015749
0
LINE
8
BLACK
6
CONTINUOUS
10
5.5570846850393698
20
-3.8333157874015749
11
5.5630980314960627
21
-3.838797677165354
0
LINE
8
BLACK
6
CONTINUOUS
10
5.5630980314960627
20
-3.838797677165354
11
5.568001692913386
21
-3.845291181102362
0
LINE
8
BLACK
6
CONTINUOUS
10
5.568001692913386
20
-3.845291181102362
11
5.5711727165354326
21
-3.8516594488188978
0
LINE
8
BLACK
6
CONTINUOUS
10
5.5711727165354326
20
-3.8516594488188978
11
5.6812038976377952
21
-3.8515551181102361
0
LINE
8
BLACK
6
CONTINUOUS
10
5.6812038976377952
20
-3.8515551181102361
11
5.681203937007874
21
-3.8515551181102361
0
LINE
8
BLACK
6
CONTINUOUS
10
5.681203937007874
20
-3.8515551181102361
11
5.6812041732283465
21
-3.8515551181102361
0
LINE
8
BLACK
6
CONTINUOUS
10
5.6812041732283465
20
-3.8515551181102361
11
5.6825490551181099
21
-3.8516432283464566
0
LINE
8
BLACK
6
CONTINUOUS
10
5.6825490551181099
20
-3.8516432283464566
11
5.6885550787401575
21
-3.8520368503937008
0
LINE
8
BLACK
6
CONTINUOUS
10
5.6885550787401575
20
-3.8520368503937008
11
5.6957804330708663
21
-3.8534739370078741
0
LINE
8
BLACK
6
CONTINUOUS
10
5.6957804330708663
20
-3.8534739370078741
11
5.7027564173228349
21
-3.8558418897637794
0
LINE
8
BLACK
6
CONTINUOUS
10
5.7027564173228349
20
-3.8558418897637794
11
5.7093636220472437
21
-3.859100118110236
0
LINE
8
BLACK
6
CONTINUOUS
10
5.7093636220472437
20
-3.859100118110236
11
5.7154890157480311
21
-3.863192874015748
0
LINE
8
BLACK
6
CONTINUOUS
10
5.7154890157480311
20
-3.863192874015748
11
5.7210277952755906
21
-3.8680501574803148
0
LINE
8
BLACK
6
CONTINUOUS
10
5.7210277952755906
20
-3.8680501574803148
11
5.7210275196850393
21
-3.868050433070866
0
LINE
8
BLACK
6
CONTINUOUS
10
5.7210275196850393
20
-3.868050433070866
11
5.7215242519685034
21
-3.868713937007874
0
LINE
8
BLACK
6
CONTINUOUS
10
5.7215242519685034
20
-3.868713937007874
11
5.7309651968503932
21
-3.8779880708661416
0
LINE
8
BLACK
6
CONTINUOUS
10
5.7309651968503932
20
-3.8779880708661416
11
5.7324270078740156
21
-3.8796549212598426
0
LINE
8
BLACK
6
CONTINUOUS
10
5.7324270078740156
20
-3.8796549212598426
11
5.7324271259842519
21
-3.8796551574803151
0
LINE
8
BLACK
6
CONTINUOUS
10
5.7324271259842519
20
-3.8796551574803151
11
5.7358225590551184
21
-3.8835269685039369
0
LINE
8
BLACK
6
CONTINUOUS
10
5.7358225590551184
20
-3.8835269685039369
11
5.7399153149606299
21
-3.8896523228346456
0
LINE
8
BLACK
6
CONTINUOUS
10
5.7399153149606299
20
-3.8896523228346456
11
5.7431735039370073
21
-3.8962594881889765
0
LINE
8
BLACK
6
CONTINUOUS
10
5.7431735039370073
20
-3.8962594881889765
11
5.7455414173228343
21
-3.9032353937007871
0
LINE
8
BLACK
6
CONTINUOUS
10
5.7455414173228343
20
-3.9032353937007871
11
5.746978503937008
21
-3.9104607086614172
0
LINE
8
BLACK
6
CONTINUOUS
10
5.746978503937008
20
-3.9104607086614172
11
5.7473151181102358
21
-3.9155973622047244
0
LINE
8
BLACK
6
CONTINUOUS
10
5.7473151181102358
20
-3.9155973622047244
11
5.7473156299212595
21
-3.9155992913385824
0
LINE
8
BLACK
6
CONTINUOUS
10
5.7473156299212595
20
-3.9155992913385824
11
5.7473156299212595
21
-3.9156055905511811
0
LINE
8
BLACK
6
CONTINUOUS
10
5.7473156299212595
20
-3.9156055905511811
11
5.7474602362204728
21
-3.917811811023622
0
LINE
8
BLACK
6
CONTINUOUS
10
5.7474602362204728
20
-3.917811811023622
11
5.7474606299212594
21
-3.917811811023622
0
LINE
8
BLACK
6
CONTINUOUS
10
5.7474606299212594
20
-3.917811811023622
11
5.7473299212598423
21
-3.9187205905511808
0
LINE
8
BLACK
6
CONTINUOUS
10
5.7473299212598423
20
-3.9187205905511808
11
5.7474606299212594
21
-3.9471962992125982
0
LINE
8
BLACK
6
CONTINUOUS
10
5.7474606299212594
20
-3.9471962992125982
11
5.7474606299212594
21
-3.9471965354330707
0
LINE
8
BLACK
6
CONTINUOUS
10
5.7474606299212594
20
-3.9471965354330707
11
5.7474610236220469
21
-3.9471965354330707
0
LINE
8
BLACK
6
CONTINUOUS
10
5.7474610236220469
20
-3.9471965354330707
11
5.7474609842519682
21
-3.9494048031496063
0
LINE
8
BLACK
6
CONTINUOUS
10
5.7474609842519682
20
-3.9494048031496063
11
5.7483225590551177
21
-3.9537364960629922
0
LINE
8
BLACK
6
CONTINUOUS
10
5.7483225590551177
20
-3.9537364960629922
11
5.7500126377952752
21
-3.9578168897637793
0
LINE
8
BLACK
6
CONTINUOUS
10
5.7500126377952752
20
-3.9578168897637793
11
5.7524662992125979
21
-3.9614891338582678
0
LINE
8
BLACK
6
CONTINUOUS
10
5.7524662992125979
20
-3.9614891338582678
11
5.7540277952755901
21
-3.9630506299212596
0
LINE
8
BLACK
6
CONTINUOUS
10
5.7540277952755901
20
-3.9630506299212596
11
5.7540277559055113
21
-3.9630506692913383
0
LINE
8
BLACK
6
CONTINUOUS
10
5.7540277559055113
20
-3.9630506692913383
11
5.7544873228346454
21
-3.9636646062992127
0
LINE
8
BLACK
6
CONTINUOUS
10
5.7544873228346454
20
-3.9636646062992127
11
5.7609651968503934
21
-3.9699880708661417
0
LINE
8
BLACK
6
CONTINUOUS
10
5.7609651968503934
20
-3.9699880708661417
11
5.7609688188976378
21
-3.9699922047244094
0
LINE
8
BLACK
6
CONTINUOUS
10
5.7609688188976378
20
-3.9699922047244094
11
5.7625263385826768
21
-3.9715497637795276
0
LINE
8
BLACK
6
CONTINUOUS
10
5.7625263385826768
20
-3.9715497637795276
11
5.7661986614173228
21
-3.9740034645669291
0
LINE
8
BLACK
6
CONTINUOUS
10
5.7661986614173228
20
-3.9740034645669291
11
5.770279133858268
21
-3.9756935826771653
0
LINE
8
BLACK
6
CONTINUOUS
10
5.770279133858268
20
-3.9756935826771653
11
5.7746109055118113
21
-3.9765551574803149
0
LINE
8
BLACK
6
CONTINUOUS
10
5.7746109055118113
20
-3.9765551574803149
11
5.7768192125984248
21
-3.9765551181102361
0
LINE
8
BLACK
6
CONTINUOUS
10
5.7768192125984248
20
-3.9765551181102361
11
5.7777503543307089
21
-3.9766889763779525
0
LINE
8
BLACK
6
CONTINUOUS
10
5.7777503543307089
20
-3.9766889763779525
11
5.8155511811023617
21
-3.9765551181102361
0
LINE
8
BLACK
6
CONTINUOUS
10
5.8155511811023617
20
-3.9765551181102361
11
5.8177634645669292
21
-3.9767001181102359
0
LINE
8
BLACK
6
CONTINUOUS
10
5.8177634645669292
20
-3.9767001181102359
11
5.8220372047244089
21
-3.9778452755905511
0
LINE
8
BLACK
6
CONTINUOUS
10
5.8220372047244089
20
-3.9778452755905511
11
5.8258689763779525
21
-3.9800575196850394
0
LINE
8
BLACK
6
CONTINUOUS
10
5.8258689763779525
20
-3.9800575196850394
11
5.8275043700787403
21
-3.9816929133858268
0
LINE
8
BLACK
6
CONTINUOUS
10
5.8275043700787403
20
-3.9816929133858268
11
5.8450787401574802
21
-3.9816929133858268
0
LINE
8
BLACK
6
CONTINUOUS
10
5.8450787401574802
20
-3.9816929133858268
11
5.8450787401574802
21
-4.0053149606299208
0
LINE
8
BLACK
6
CONTINUOUS
10
5.8450787401574802
20
-4.0053149606299208
11
5.8275043700787403
21
-4.0053149606299208
0
LINE
8
BLACK
6
CONTINUOUS
10
5.8275043700787403
20
-4.0053149606299208
11
5.8258689763779525
21
-4.0069503543307086
0
LINE
8
BLACK
6
CONTINUOUS
10
5.8258689763779525
20
-4.0069503543307086
11
5.8220372047244089
21
-4.0091625984251964
0
LINE
8
BLACK
6
CONTINUOUS
10
5.8220372047244089
20
-4.0091625984251964
11
5.8177634645669292
21
-4.0103077559055116
0
LINE
8
BLACK
6
CONTINUOUS
10
5.8177634645669292
20
-4.0103077559055116
11
5.7768196850393698
21
-4.0104527165354327
0
LINE
8
BLACK
6
CONTINUOUS
10
5.7768196850393698
20
-4.0104527165354327
11
5.7768196850393698
21
-4.0104527559055114
0
LINE
8
BLACK
6
CONTINUOUS
10
5.7768196850393698
20
-4.0104527559055114
11
5.7768196456692911
21
-4.0104527165354327
0
LINE
8
BLACK
6
CONTINUOUS
10
5.7768196456692911
20
-4.0104527165354327
11
5.7768194488188973
21
-4.0104527559055114
0
LINE
8
BLACK
6
CONTINUOUS
10
5.7768194488188973
20
-4.0104527559055114
11
5.7754745275590551
21
-4.0103646062992127
0
LINE
8
BLACK
6
CONTINUOUS
10
5.7754745275590551
20
-4.0103646062992127
11
5.7694685433070863
21
-4.0099710236220467
0
LINE
8
BLACK
6
CONTINUOUS
10
5.7694685433070863
20
-4.0099710236220467
11
5.7622431889763774
21
-4.0085339370078739
0
LINE
8
BLACK
6
CONTINUOUS
10
5.7622431889763774
20
-4.0085339370078739
11
5.7552672047244089
21
-4.0061659842519681
0
LINE
8
BLACK
6
CONTINUOUS
10
5.7552672047244089
20
-4.0061659842519681
11
5.7486600000000001
21
-4.002907755905512
0
LINE
8
BLACK
6
CONTINUOUS
10
5.7486600000000001
20
-4.002907755905512
11
5.7425346062992126
21
-3.998815
0
LINE
8
BLACK
6
CONTINUOUS
10
5.7425346062992126
20
-3.998815
11
5.7369958267716532
21
-3.9939577165354332
0
LINE
8
BLACK
6
CONTINUOUS
10
5.7369958267716532
20
-3.9939577165354332
11
5.7369961023622045
21
-3.9939574409448819
0
LINE
8
BLACK
6
CONTINUOUS
10
5.7369961023622045
20
-3.9939574409448819
11
5.7365364566929129
21
-3.9933434645669292
0
LINE
8
BLACK
6
CONTINUOUS
10
5.7365364566929129
20
-3.9933434645669292
11
5.7300584251968498
21
-3.9870197637795273
0
LINE
8
BLACK
6
CONTINUOUS
10
5.7300584251968498
20
-3.9870197637795273
11
5.7300567716535431
21
-3.9870179133858268
0
LINE
8
BLACK
6
CONTINUOUS
10
5.7300567716535431
20
-3.9870179133858268
11
5.7292640944881885
21
-3.9861140157480315
0
LINE
8
BLACK
6
CONTINUOUS
10
5.7292640944881885
20
-3.9861140157480315
11
5.7285966141732283
21
-3.9853529133858268
0
LINE
8
BLACK
6
CONTINUOUS
10
5.7285966141732283
20
-3.9853529133858268
11
5.7285965354330708
21
-3.9853527559055117
0
LINE
8
BLACK
6
CONTINUOUS
10
5.7285965354330708
20
-3.9853527559055117
11
5.7252010629921255
21
-3.9814809055118108
0
LINE
8
BLACK
6
CONTINUOUS
10
5.7252010629921255
20
-3.9814809055118108
11
5.721108307086614
21
-3.9753555511811021
0
LINE
8
BLACK
6
CONTINUOUS
10
5.721108307086614
20
-3.9753555511811021
11
5.7178501181102357
21
-3.9687483858267716
0
LINE
8
BLACK
6
CONTINUOUS
10
5.7178501181102357
20
-3.9687483858267716
11
5.7154822047244096
21
-3.9617724803149605
0
LINE
8
BLACK
6
CONTINUOUS
10
5.7154822047244096
20
-3.9617724803149605
11
5.7140451181102359
21
-3.9545471653543305
0
LINE
8
BLACK
6
CONTINUOUS
10
5.7140451181102359
20
-3.9545471653543305
11
5.7137084645669294
21
-3.9494104724409449
0
LINE
8
BLACK
6
CONTINUOUS
10
5.7137084645669294
20
-3.9494104724409449
11
5.7137079921259843
21
-3.9494085826771652
0
LINE
8
BLACK
6
CONTINUOUS
10
5.7137079921259843
20
-3.9494085826771652
11
5.7137079527559056
21
-3.9494022440944883
0
LINE
8
BLACK
6
CONTINUOUS
10
5.7137079527559056
20
-3.9494022440944883
11
5.7135633858267711
21
-3.9471960629921261
0
LINE
8
BLACK
6
CONTINUOUS
10
5.7135633858267711
20
-3.9471960629921261
11
5.7135629921259845
21
-3.9471960629921261
0
LINE
8
BLACK
6
CONTINUOUS
10
5.7135629921259845
20
-3.9471960629921261
11
5.7136936614173228
21
-3.9462872440944881
0
LINE
8
BLACK
6
CONTINUOUS
10
5.7136936614173228
20
-3.9462872440944881
11
5.7135629921259845
21
-3.9178115748031495
0
LINE
8
BLACK
6
CONTINUOUS
10
5.7135629921259845
20
-3.9178115748031495
11
5.7135629921259845
21
-3.9178113385826769
0
LINE
8
BLACK
6
CONTINUOUS
10
5.7135629921259845
20
-3.9178113385826769
11
5.713562598425197
21
-3.9178113385826769
0
LINE
8
BLACK
6
CONTINUOUS
10
5.713562598425197
20
-3.9178113385826769
11
5.7135626377952757
21
-3.9156030708661418
0
LINE
8
BLACK
6
CONTINUOUS
10
5.7135626377952757
20
-3.9156030708661418
11
5.7127010629921262
21
-3.9112713779527559
0
LINE
8
BLACK
6
CONTINUOUS
10
5.7127010629921262
20
-3.9112713779527559
11
5.7110109842519687
21
-3.9071909842519683
0
LINE
8
BLACK
6
CONTINUOUS
10
5.7110109842519687
20
-3.9071909842519683
11
5.7085573228346451
21
-3.9035187401574802
0
LINE
8
BLACK
6
CONTINUOUS
10
5.7085573228346451
20
-3.9035187401574802
11
5.7069958267716538
21
-3.9019572440944881
0
LINE
8
BLACK
6
CONTINUOUS
10
5.7069958267716538
20
-3.9019572440944881
11
5.7069958661417317
21
-3.9019572047244093
0
LINE
8
BLACK
6
CONTINUOUS
10
5.7069958661417317
20
-3.9019572047244093
11
5.7064992519685038
21
-3.9012938188976376
0
LINE
8
BLACK
6
CONTINUOUS
10
5.7064992519685038
20
-3.9012938188976376
11
5.6970584251968504
21
-3.8920197637795275
0
LINE
8
BLACK
6
CONTINUOUS
10
5.6970584251968504
20
-3.8920197637795275
11
5.6970550393700785
21
-3.8920159055118111
0
LINE
8
BLACK
6
CONTINUOUS
10
5.6970550393700785
20
-3.8920159055118111
11
5.695497283464567
21
-3.8904581102362203
0
LINE
8
BLACK
6
CONTINUOUS
10
5.695497283464567
20
-3.8904581102362203
11
5.6918249606299209
21
-3.8880044094488189
0
LINE
8
BLACK
6
CONTINUOUS
10
5.6918249606299209
20
-3.8880044094488189
11
5.6877444881889758
21
-3.8863142913385826
0
LINE
8
BLACK
6
CONTINUOUS
10
5.6877444881889758
20
-3.8863142913385826
11
5.6834127165354333
21
-3.8854527165354331
0
LINE
8
BLACK
6
CONTINUOUS
10
5.6834127165354333
20
-3.8854527165354331
11
5.681204409448819
21
-3.8854527559055119
0
LINE
8
BLACK
6
CONTINUOUS
10
5.681204409448819
20
-3.8854527559055119
11
5.6802169291338585
21
-3.8853107874015747
0
LINE
8
BLACK
6
CONTINUOUS
10
5.6802169291338585
20
-3.8853107874015747
11
5.571139960629921
21
-3.885414212598425
0
LINE
8
BLACK
6
CONTINUOUS
10
5.571139960629921
20
-3.885414212598425
11
5.568001692913386
21
-3.891716692913386
0
LINE
8
BLACK
6
CONTINUOUS
10
5.568001692913386
20
-3.891716692913386
11
5.5630980314960627
21
-3.8982101968503935
0
LINE
8
BLACK
6
CONTINUOUS
10
5.5630980314960627
20
-3.8982101968503935
11
5.5570846850393698
21
-3.9036920866141731
0
LINE
8
BLACK
6
CONTINUOUS
10
5.5570846850393698
20
-3.9036920866141731
11
5.5501664173228349
21
-3.9079757086614171
0
LINE
8
BLACK
6
CONTINUOUS
10
5.5501664173228349
20
-3.9079757086614171
11
5.5425788582677162
21
-3.9109151574803147
0
LINE
8
BLACK
6
CONTINUOUS
10
5.5425788582677162
20
-3.9109151574803147
11
5.5345803543307088
21
-3.91241031496063
0
LINE
8
BLACK
6
CONTINUOUS
10
5.5345803543307088
20
-3.91241031496063
11
5.5264432677165356
21
-3.91241031496063
0
LINE
8
BLACK
6
CONTINUOUS
10
5.5264432677165356
20
-3.91241031496063
11
5.5184447637795273
21
-3.9109151574803147
0
LINE
8
BLACK
6
CONTINUOUS
10
5.5184447637795273
20
-3.9109151574803147
11
5.5108572047244095
21
-3.9079757086614171
0
LINE
8
BLACK
6
CONTINUOUS
10
5.5108572047244095
20
-3.9079757086614171
11
5.5039389370078737
21
-3.9036920866141731
0
LINE
8
BLACK
6
CONTINUOUS
10
5.5039389370078737
20
-3.9036920866141731
11
5.4979255905511808
21
-3.8982101968503935
0
LINE
8
BLACK
6
CONTINUOUS
10
5.4979255905511808
20
-3.8982101968503935
11
5.4930219291338584
21
-3.891716692913386
0
LINE
8
BLACK
6
CONTINUOUS
10
5.4930219291338584
20
-3.891716692913386
11
5.4893949212598425
21
-3.8844327165354331
0
LINE
8
BLACK
6
CONTINUOUS
10
5.4893949212598425
20
-3.8844327165354331
11
5.4871681102362206
21
-3.8766062598425197
0
LINE
8
BLACK
6
CONTINUOUS
10
5.4871681102362206
20
-3.8766062598425197
11
5.4864173228346456
21
-3.868503937007874
0
LINE
8
BLACK
6
CONTINUOUS
10
5.4864173228346456
20
-3.868503937007874
11
5.4871681102362206
21
-3.8604016141732282
0
LINE
8
BLACK
6
CONTINUOUS
10
5.4871681102362206
20
-3.8604016141732282
11
5.4893949212598425
21
-3.8525751574803149
0
LINE
8
BLACK
6
CONTINUOUS
10
5.4893949212598425
20
-3.8525751574803149
11
5.4930219291338584
21
-3.845291181102362
0
LINE
8
BLACK
6
CONTINUOUS
10
5.4930219291338584
20
-3.845291181102362
11
5.4979255905511808
21
-3.838797677165354
0
LINE
8
BLACK
6
CONTINUOUS
10
5.4979255905511808
20
-3.838797677165354
11
5.5039389370078737
21
-3.8333157874015749
0
LINE
8
BLACK
6
CONTINUOUS
10
5.5039389370078737
20
-3.8333157874015749
11
5.5108572047244095
21
-3.8290321653543304
0
LINE
8
BLACK
6
CONTINUOUS
10
5.5108572047244095
20
-3.8290321653543304
11
5.5184447637795273
21
-3.8260927165354328
0
LINE
8
BLACK
6
CONTINUOUS
10
5.5184447637795273
20
-3.8260927165354328
11
5.5264432677165356
21
-3.824597559055118
0
LINE
8
BLACK
6
CONTINUOUS
10
5.5264432677165356
20
-3.824597559055118
11
5.5345803543307088
21
-3.824597559055118
0
LINE
8
BLACK
6
CONTINUOUS
10
5.5345803543307088
20
-3.824597559055118
11
5.5425788582677162
21
-3.8260927165354328
0
LINE
8
BLACK
6
CONTINUOUS
10
6.2460629921259843
20
-3.9702755905511808
11
6.2373279921259845
21
-3.9702755905511808
0
LINE
8
BLACK
6
CONTINUOUS
10
6.2373279921259845
20
-3.9702755905511808
11
6.2374212598425194
21
-4.0061847244094491
0
LINE
8
BLACK
6
CONTINUOUS
10
6.2374212598425194
20
-4.0061847244094491
11
6.2374046456692911
21
-4.0064381889763778
0
LINE
8
BLACK
6
CONTINUOUS
10
6.2374046456692911
20
-4.0064381889763778
11
6.2369394881889759
21
-4.0135357086614176
0
LINE
8
BLACK
6
CONTINUOUS
10
6.2369394881889759
20
-4.0135357086614176
11
6.2355023622047243
21
-4.0207610629921255
0
LINE
8
BLACK
6
CONTINUOUS
10
6.2355023622047243
20
-4.0207610629921255
11
6.2331343700787398
21
-4.0277370078740153
0
LINE
8
BLACK
6
CONTINUOUS
10
6.2331343700787398
20
-4.0277370078740153
11
6.2319686614173229
21
-4.0301008267716538
0
LINE
8
BLACK
6
CONTINUOUS
10
6.2319686614173229
20
-4.0301008267716538
11
6.2322485826771654
21
-4.0315079527559057
0
LINE
8
BLACK
6
CONTINUOUS
10
6.2322485826771654
20
-4.0315079527559057
11
6.2315929921259841
21
-4.0348037007874016
0
LINE
8
BLACK
6
CONTINUOUS
10
6.2315929921259841
20
-4.0348037007874016
11
6.2297261023622044
21
-4.0375977165354326
0
LINE
8
BLACK
6
CONTINUOUS
10
6.2297261023622044
20
-4.0375977165354326
11
6.2084989763779523
21
-4.0588248425196847
0
LINE
8
BLACK
6
CONTINUOUS
10
6.2084989763779523
20
-4.0588248425196847
11
6.2057049606299213
21
-4.0606917322834644
0
LINE
8
BLACK
6
CONTINUOUS
10
6.2057049606299213
20
-4.0606917322834644
11
6.2024092125984254
21
-4.0613473228346457
0
LINE
8
BLACK
6
CONTINUOUS
10
6.2024092125984254
20
-4.0613473228346457
11
6.1991134645669286
21
-4.0606917322834644
0
LINE
8
BLACK
6
CONTINUOUS
10
6.1991134645669286
20
-4.0606917322834644
11
6.1989249212598425
21
-4.0605657480314958
0
LINE
8
BLACK
6
CONTINUOUS
10
6.1989249212598425
20
-4.0605657480314958
11
6.1988857480314961
21
-4.0605820078740154
0
LINE
8
BLACK
6
CONTINUOUS
10
6.1988857480314961
20
-4.0605820078740154
11
6.1914939370078743
21
-4.0623569291338582
0
LINE
8
BLACK
6
CONTINUOUS
10
6.1914939370078743
20
-4.0623569291338582
11
6.1862761023622044
21
-4.0627677952755903
0
LINE
8
BLACK
6
CONTINUOUS
10
6.1862761023622044
20
-4.0627677952755903
11
6.1861270472440948
21
-4.0628077559055118
0
LINE
8
BLACK
6
CONTINUOUS
10
6.1861270472440948
20
-4.0628077559055118
11
6.1857596062992126
21
-4.0628084645669293
0
LINE
8
BLACK
6
CONTINUOUS
10
6.1857596062992126
20
-4.0628084645669293
11
6.1839155118110236
21
-4.0629537007874017
0
LINE
8
BLACK
6
CONTINUOUS
10
6.1839155118110236
20
-4.0629537007874017
11
6.1839155118110236
21
-4.0629527559055116
0
LINE
8
BLACK
6
CONTINUOUS
10
6.1839155118110236
20
-4.0629527559055116
11
6.1829505118110237
21
-4.0628140551181104
0
LINE
8
BLACK
6
CONTINUOUS
10
6.1829505118110237
20
-4.0628140551181104
11
6.1305118110236219
21
-4.0629180314960633
0
LINE
8
BLACK
6
CONTINUOUS
10
6.1305118110236219
20
-4.0629180314960633
11
6.1305118110236219
21
-4.0735039370078736
0
LINE
8
BLACK
6
CONTINUOUS
10
6.1305118110236219
20
-4.0735039370078736
11
6.0955118110236217
21
-4.0735039370078736
0
LINE
8
BLACK
6
CONTINUOUS
10
6.0955118110236217
20
-4.0735039370078736
11
6.0955118110236217
21
-4.0185039370078739
0
LINE
8
BLACK
6
CONTINUOUS
10
6.0955118110236217
20
-4.0185039370078739
11
6.1305118110236219
21
-4.0185039370078739
0
LINE
8
BLACK
6
CONTINUOUS
10
6.1305118110236219
20
-4.0185039370078739
11
6.1305118110236219
21
-4.0291610236220468
0
LINE
8
BLACK
6
CONTINUOUS
10
6.1305118110236219
20
-4.0291610236220468
11
6.1839139763779523
21
-4.0290551181102359
0
LINE
8
BLACK
6
CONTINUOUS
10
6.1839139763779523
20
-4.0290551181102359
11
6.183914015748031
21
-4.0290551181102359
0
LINE
8
BLACK
6
CONTINUOUS
10
6.183914015748031
20
-4.0290551181102359
11
6.1839147637795273
21
-4.0290551181102359
0
LINE
8
BLACK
6
CONTINUOUS
10
6.1839147637795273
20
-4.0290551181102359
11
6.1839291338582676
21
-4.0290560236220472
0
LINE
8
BLACK
6
CONTINUOUS
10
6.1839291338582676
20
-4.0290560236220472
11
6.1858292913385826
21
-4.0290559842519684
0
LINE
8
BLACK
6
CONTINUOUS
10
6.1858292913385826
20
-4.0290559842519684
11
6.1895292913385829
21
-4.0280644488188972
0
LINE
8
BLACK
6
CONTINUOUS
10
6.1895292913385829
20
-4.0280644488188972
11
6.1919240551181103
21
-4.0266816929133862
0
LINE
8
BLACK
6
CONTINUOUS
10
6.1919240551181103
20
-4.0266816929133862
11
6.1993035826771656
21
-4.0193021653543308
0
LINE
8
BLACK
6
CONTINUOUS
10
6.1993035826771656
20
-4.0193021653543308
11
6.2009718897637791
21
-4.0168053543307085
0
LINE
8
BLACK
6
CONTINUOUS
10
6.2009718897637791
20
-4.0168053543307085
11
6.2026620472440941
21
-4.0127249212598421
0
LINE
8
BLACK
6
CONTINUOUS
10
6.2026620472440941
20
-4.0127249212598421
11
6.2035236614173224
21
-4.0083931889763775
0
LINE
8
BLACK
6
CONTINUOUS
10
6.2035236614173224
20
-4.0083931889763775
11
6.2035236220472436
21
-4.0061848425196853
0
LINE
8
BLACK
6
CONTINUOUS
10
6.2035236220472436
20
-4.0061848425196853
11
6.2036603937007877
21
-4.0052333858267719
0
LINE
8
BLACK
6
CONTINUOUS
10
6.2036603937007877
20
-4.0052333858267719
11
6.2035696456692913
21
-3.9702755905511808
0
LINE
8
BLACK
6
CONTINUOUS
10
6.2035696456692913
20
-3.9702755905511808
11
6.1948818897637796
21
-3.9702755905511808
0
LINE
8
BLACK
6
CONTINUOUS
10
6.1948818897637796
20
-3.9702755905511808
11
6.1948818897637796
21
-3.9348425196850392
0
LINE
8
BLACK
6
CONTINUOUS
10
6.1948818897637796
20
-3.9348425196850392
11
6.2460629921259843
21
-3.9348425196850392
0
LINE
8
BLACK
6
CONTINUOUS
10
6.2460629921259843
20
-3.9348425196850392
11
6.2460629921259843
21
-3.9702755905511808
0
LINE
8
BLACK
6
CONTINUOUS
10
5.9705490551181102
20
-3.9766432283464566
11
5.9765550787401569
21
-3.9770368503937008
0
LINE
8
BLACK
6
CONTINUOUS
10
5.9765550787401569
20
-3.9770368503937008
11
5.9837804330708657
21
-3.9784739370078741
0
LINE
8
BLACK
6
CONTINUOUS
10
5.9837804330708657
20
-3.9784739370078741
11
5.9907564173228343
21
-3.9808418897637794
0
LINE
8
BLACK
6
CONTINUOUS
10
5.9907564173228343
20
-3.9808418897637794
11
5.9973636220472439
21
-3.984100118110236
0
LINE
8
BLACK
6
CONTINUOUS
10
5.9973636220472439
20
-3.984100118110236
11
6.0034890157480314
21
-3.988192874015748
0
LINE
8
BLACK
6
CONTINUOUS
10
6.0034890157480314
20
-3.988192874015748
11
6.0090277952755908
21
-3.9930501574803148
0
LINE
8
BLACK
6
CONTINUOUS
10
6.0090277952755908
20
-3.9930501574803148
11
6.0090275196850396
21
-3.993050433070866
0
LINE
8
BLACK
6
CONTINUOUS
10
6.0090275196850396
20
-3.993050433070866
11
6.0096059448818897
21
-3.9938230708661417
0
LINE
8
BLACK
6
CONTINUOUS
10
6.0096059448818897
20
-3.9938230708661417
11
6.0344060629921259
21
-4.0185039370078739
0
LINE
8
BLACK
6
CONTINUOUS
10
6.0344060629921259
20
-4.0185039370078739
11
6.0555118110236217
21
-4.0185039370078739
0
LINE
8
BLACK
6
CONTINUOUS
10
6.0555118110236217
20
-4.0185039370078739
11
6.0555118110236217
21
-4.0735039370078736
0
LINE
8
BLACK
6
CONTINUOUS
10
6.0555118110236217
20
-4.0735039370078736
11
6.0205118110236215
21
-4.0735039370078736
0
LINE
8
BLACK
6
CONTINUOUS
10
6.0205118110236215
20
-4.0735039370078736
11
6.0205118110236215
21
-4.0523026377952753
0
LINE
8
BLACK
6
CONTINUOUS
10
6.0205118110236215
20
-4.0523026377952753
11
5.9850584251968506
21
-4.0170197637795271
0
LINE
8
BLACK
6
CONTINUOUS
10
5.9850584251968506
20
-4.0170197637795271
11
5.9850550393700788
21
-4.0170159055118111
0
LINE
8
BLACK
6
CONTINUOUS
10
5.9850550393700788
20
-4.0170159055118111
11
5.9834972834645672
21
-4.0154581102362208
0
LINE
8
BLACK
6
CONTINUOUS
10
5.9834972834645672
20
-4.0154581102362208
11
5.9798249606299212
21
-4.0130044094488184
0
LINE
8
BLACK
6
CONTINUOUS
10
5.9798249606299212
20
-4.0130044094488184
11
5.9757444881889761
21
-4.0113142913385822
0
LINE
8
BLACK
6
CONTINUOUS
10
5.9757444881889761
20
-4.0113142913385822
11
5.9714127165354327
21
-4.0104527165354327
0
LINE
8
BLACK
6
CONTINUOUS
10
5.9714127165354327
20
-4.0104527165354327
11
5.9692044094488184
21
-4.0104527559055114
0
LINE
8
BLACK
6
CONTINUOUS
10
5.9692044094488184
20
-4.0104527559055114
11
5.9683163385826772
21
-4.0103250787401574
0
LINE
8
BLACK
6
CONTINUOUS
10
5.9683163385826772
20
-4.0103250787401574
11
5.945472440944882
21
-4.0104527559055114
0
LINE
8
BLACK
6
CONTINUOUS
10
5.945472440944882
20
-4.0104527559055114
11
5.9432601574803146
21
-4.0103077559055116
0
LINE
8
BLACK
6
CONTINUOUS
10
5.9432601574803146
20
-4.0103077559055116
11
5.9389864173228348
21
-4.0091625984251964
0
LINE
8
BLACK
6
CONTINUOUS
10
5.9389864173228348
20
-4.0091625984251964
11
5.9351546456692912
21
-4.0069503543307086
0
LINE
8
BLACK
6
CONTINUOUS
10
5.9351546456692912
20
-4.0069503543307086
11
5.9335192519685034
21
-4.0053149606299208
0
LINE
8
BLACK
6
CONTINUOUS
10
5.9335192519685034
20
-4.0053149606299208
11
5.9159448818897635
21
-4.0053149606299208
0
LINE
8
BLACK
6
CONTINUOUS
10
5.9159448818897635
20
-4.0053149606299208
11
5.9159448818897635
21
-3.9816929133858268
0
LINE
8
BLACK
6
CONTINUOUS
10
5.9159448818897635
20
-3.9816929133858268
11
5.9335192519685034
21
-3.9816929133858268
0
LINE
8
BLACK
6
CONTINUOUS
10
5.9335192519685034
20
-3.9816929133858268
11
5.9351546456692912
21
-3.9800575196850394
0
LINE
8
BLACK
6
CONTINUOUS
10
5.9351546456692912
20
-3.9800575196850394
11
5.9389864173228348
21
-3.9778452755905511
0
LINE
8
BLACK
6
CONTINUOUS
10
5.9389864173228348
20
-3.9778452755905511
11
5.9432601574803146
21
-3.9767001181102359
0
LINE
8
BLACK
6
CONTINUOUS
10
5.9432601574803146
20
-3.9767001181102359
11
5.9692038976377955
21
-3.9765551181102361
0
LINE
8
BLACK
6
CONTINUOUS
10
5.9692038976377955
20
-3.9765551181102361
11
5.9692039370078742
21
-3.9765551181102361
0
LINE
8
BLACK
6
CONTINUOUS
10
5.9692039370078742
20
-3.9765551181102361
11
5.9692041732283467
21
-3.9765551181102361
0
LINE
8
BLACK
6
CONTINUOUS
10
5.9692041732283467
20
-3.9765551181102361
11
5.9705490551181102
21
-3.9766432283464566
0
LINE
8
BLACK
6
CONTINUOUS
10
6.3687167322834641
20
-3.8215918897637793
11
6.3806657874015746
21
-3.8334568503937008
0
LINE
8
BLACK
6
CONTINUOUS
10
6.3806657874015746
20
-3.8334568503937008
11
6.3806699606299215
21
-3.8334616141732281
0
LINE
8
BLACK
6
CONTINUOUS
10
6.3806699606299215
20
-3.8334616141732281
11
6.3835292519685041
21
-3.836320905511811
0
LINE
8
BLACK
6
CONTINUOUS
10
6.3835292519685041
20
-3.836320905511811
11
6.3899554724409446
21
-3.8412518503937005
0
LINE
8
BLACK
6
CONTINUOUS
10
6.3899554724409446
20
-3.8412518503937005
11
6.3969703543307084
21
-3.8453018503937009
0
LINE
8
BLACK
6
CONTINUOUS
10
6.3969703543307084
20
-3.8453018503937009
11
6.4044538582677166
21
-3.8484015748031495
0
LINE
8
BLACK
6
CONTINUOUS
10
6.4044538582677166
20
-3.8484015748031495
11
6.4122779527559057
21
-3.8504979527559056
0
LINE
8
BLACK
6
CONTINUOUS
10
6.4122779527559057
20
-3.8504979527559056
11
6.416121496062992
21
-3.8510039370078739
0
LINE
8
BLACK
6
CONTINUOUS
10
6.416121496062992
20
-3.8510039370078739
11
6.4520903543307089
21
-3.8510039370078739
0
LINE
8
BLACK
6
CONTINUOUS
10
6.4520903543307089
20
-3.8510039370078739
11
6.4520903543307089
21
-3.8516794094488187
0
LINE
8
BLACK
6
CONTINUOUS
10
6.4520903543307089
20
-3.8516794094488187
11
6.5898887401574804
21
-3.8515833858267716
0
LINE
8
BLACK
6
CONTINUOUS
10
6.5898887401574804
20
-3.8515833858267716
11
6.5930219291338581
21
-3.845291181102362
0
LINE
8
BLACK
6
CONTINUOUS
10
6.5930219291338581
20
-3.845291181102362
11
6.5979255905511813
21
-3.838797677165354
0
LINE
8
BLACK
6
CONTINUOUS
10
6.5979255905511813
20
-3.838797677165354
11
6.6039389370078743
21
-3.8333157874015749
0
LINE
8
BLACK
6
CONTINUOUS
10
6.6039389370078743
20
-3.8333157874015749
11
6.6108572047244092
21
-3.8290321653543304
0
LINE
8
BLACK
6
CONTINUOUS
10
6.6108572047244092
20
-3.8290321653543304
11
6.6184447637795278
21
-3.8260927165354328
0
LINE
8
BLACK
6
CONTINUOUS
10
6.6184447637795278
20
-3.8260927165354328
11
6.6264432677165352
21
-3.824597559055118
0
LINE
8
BLACK
6
CONTINUOUS
10
6.6264432677165352
20
-3.824597559055118
11
6.6345803543307085
21
-3.824597559055118
0
LINE
8
BLACK
6
CONTINUOUS
10
6.6345803543307085
20
-3.824597559055118
11
6.6425788582677168
21
-3.8260927165354328
0
LINE
8
BLACK
6
CONTINUOUS
10
6.6425788582677168
20
-3.8260927165354328
11
6.6501664173228345
21
-3.8290321653543304
0
LINE
8
BLACK
6
CONTINUOUS
10
6.6501664173228345
20
-3.8290321653543304
11
6.6570846850393703
21
-3.8333157874015749
0
LINE
8
BLACK
6
CONTINUOUS
10
6.6570846850393703
20
-3.8333157874015749
11
6.6630980314960633
21
-3.838797677165354
0
LINE
8
BLACK
6
CONTINUOUS
10
6.6630980314960633
20
-3.838797677165354
11
6.6680016929133856
21
-3.845291181102362
0
LINE
8
BLACK
6
CONTINUOUS
10
6.6680016929133856
20
-3.845291181102362
11
6.6716287007874016
21
-3.8525751574803149
0
LINE
8
BLACK
6
CONTINUOUS
10
6.6716287007874016
20
-3.8525751574803149
11
6.6738555118110234
21
-3.8604016141732282
0
LINE
8
BLACK
6
CONTINUOUS
10
6.6738555118110234
20
-3.8604016141732282
11
6.6746062992125985
21
-3.868503937007874
0
LINE
8
BLACK
6
CONTINUOUS
10
6.6746062992125985
20
-3.868503937007874
11
6.6738555118110234
21
-3.8766062598425197
0
LINE
8
BLACK
6
CONTINUOUS
10
6.6738555118110234
20
-3.8766062598425197
11
6.6716287007874016
21
-3.8844327165354331
0
LINE
8
BLACK
6
CONTINUOUS
10
6.6716287007874016
20
-3.8844327165354331
11
6.6680016929133856
21
-3.891716692913386
0
LINE
8
BLACK
6
CONTINUOUS
10
6.6680016929133856
20
-3.891716692913386
11
6.6630980314960633
21
-3.8982101968503935
0
LINE
8
BLACK
6
CONTINUOUS
10
6.6630980314960633
20
-3.8982101968503935
11
6.6570846850393703
21
-3.9036920866141731
0
LINE
8
BLACK
6
CONTINUOUS
10
6.6570846850393703
20
-3.9036920866141731
11
6.6501664173228345
21
-3.9079757086614171
0
LINE
8
BLACK
6
CONTINUOUS
10
6.6501664173228345
20
-3.9079757086614171
11
6.6425788582677168
21
-3.9109151574803147
0
LINE
8
BLACK
6
CONTINUOUS
10
6.6425788582677168
20
-3.9109151574803147
11
6.6345803543307085
21
-3.91241031496063
0
LINE
8
BLACK
6
CONTINUOUS
10
6.6345803543307085
20
-3.91241031496063
11
6.6264432677165352
21
-3.91241031496063
0
LINE
8
BLACK
6
CONTINUOUS
10
6.6264432677165352
20
-3.91241031496063
11
6.6184447637795278
21
-3.9109151574803147
0
LINE
8
BLACK
6
CONTINUOUS
10
6.6184447637795278
20
-3.9109151574803147
11
6.6108572047244092
21
-3.9079757086614171
0
LINE
8
BLACK
6
CONTINUOUS
10
6.6108572047244092
20
-3.9079757086614171
11
6.6039389370078743
21
-3.9036920866141731
0
LINE
8
BLACK
6
CONTINUOUS
10
6.6039389370078743
20
-3.9036920866141731
11
6.5979255905511813
21
-3.8982101968503935
0
LINE
8
BLACK
6
CONTINUOUS
10
6.5979255905511813
20
-3.8982101968503935
11
6.5930219291338581
21
-3.891716692913386
0
LINE
8
BLACK
6
CONTINUOUS
10
6.5930219291338581
20
-3.891716692913386
11
6.5898455118110233
21
-3.8853375984251968
0
LINE
8
BLACK
6
CONTINUOUS
10
6.5898455118110233
20
-3.8853375984251968
11
6.4520903543307089
21
-3.8854335826771651
0
LINE
8
BLACK
6
CONTINUOUS
10
6.4520903543307089
20
-3.8854335826771651
11
6.4520903543307089
21
-3.8860039370078741
0
LINE
8
BLACK
6
CONTINUOUS
10
6.4520903543307089
20
-3.8860039370078741
11
6.3970903543307083
21
-3.8860039370078741
0
LINE
8
BLACK
6
CONTINUOUS
10
6.3970903543307083
20
-3.8860039370078741
11
6.3970903543307083
21
-3.8813322440944882
0
LINE
8
BLACK
6
CONTINUOUS
10
6.3970903543307083
20
-3.8813322440944882
11
6.3927548031496064
21
-3.8800832283464568
0
LINE
8
BLACK
6
CONTINUOUS
10
6.3927548031496064
20
-3.8800832283464568
11
6.3828409448818899
21
-3.8759768503937009
0
LINE
8
BLACK
6
CONTINUOUS
10
6.3828409448818899
20
-3.8759768503937009
11
6.3734491732283463
21
-3.8707862598425198
0
LINE
8
BLACK
6
CONTINUOUS
10
6.3734491732283463
20
-3.8707862598425198
11
6.364697598425197
21
-3.8645767716535433
0
LINE
8
BLACK
6
CONTINUOUS
10
6.364697598425197
20
-3.8645767716535433
11
6.3566963385826769
21
-3.8574264960629918
0
LINE
8
BLACK
6
CONTINUOUS
10
6.3566963385826769
20
-3.8574264960629918
11
6.3566966141732282
21
-3.8574261811023622
0
LINE
8
BLACK
6
CONTINUOUS
10
6.3566966141732282
20
-3.8574261811023622
11
6.3561327559055121
21
-3.8566729921259841
0
LINE
8
BLACK
6
CONTINUOUS
10
6.3561327559055121
20
-3.8566729921259841
11
6.3347866141732281
21
-3.8354770472440944
0
LINE
8
BLACK
6
CONTINUOUS
10
6.3347866141732281
20
-3.8354770472440944
11
6.3137167322834644
21
-3.8354770472440944
0
LINE
8
BLACK
6
CONTINUOUS
10
6.3137167322834644
20
-3.8354770472440944
11
6.3137167322834644
21
-3.8004770472440943
0
LINE
8
BLACK
6
CONTINUOUS
10
6.3137167322834644
20
-3.8004770472440943
11
6.3687167322834641
21
-3.8004770472440943
0
LINE
8
BLACK
6
CONTINUOUS
10
6.3687167322834641
20
-3.8004770472440943
11
6.3687167322834641
21
-3.8215918897637793
0
LINE
8
BLACK
6
CONTINUOUS
10
6.0304197637795278
20
-3.790537440944882
11
6.0332137795275589
21
-3.7924043307086612
0
LINE
8
BLACK
6
CONTINUOUS
10
6.0332137795275589
20
-3.7924043307086612
11
6.0350806692913386
21
-3.7951983464566927
0
LINE
8
BLACK
6
CONTINUOUS
10
6.0350806692913386
20
-3.7951983464566927
11
6.0353760629921256
21
-3.7966835433070867
0
LINE
8
BLACK
6
CONTINUOUS
10
6.0353760629921256
20
-3.7966835433070867
11
6.1832196456692916
21
-3.7965551181102359
0
LINE
8
BLACK
6
CONTINUOUS
10
6.1832196456692916
20
-3.7965551181102359
11
6.1832196850393704
21
-3.7965551181102359
0
LINE
8
BLACK
6
CONTINUOUS
10
6.1832196850393704
20
-3.7965551181102359
11
6.183219921259842
21
-3.7965551181102359
0
LINE
8
BLACK
6
CONTINUOUS
10
6.183219921259842
20
-3.7965551181102359
11
6.1845648031496063
21
-3.7966432283464564
0
LINE
8
BLACK
6
CONTINUOUS
10
6.1845648031496063
20
-3.7966432283464564
11
6.190570826771653
21
-3.7970368503937006
0
LINE
8
BLACK
6
CONTINUOUS
10
6.190570826771653
20
-3.7970368503937006
11
6.1977961811023619
21
-3.7984739370078739
0
LINE
8
BLACK
6
CONTINUOUS
10
6.1977961811023619
20
-3.7984739370078739
11
6.2047721653543304
21
-3.8008418897637792
0
LINE
8
BLACK
6
CONTINUOUS
10
6.2047721653543304
20
-3.8008418897637792
11
6.206512519685039
21
-3.8017001181102361
0
LINE
8
BLACK
6
CONTINUOUS
10
6.206512519685039
20
-3.8017001181102361
11
6.2067398425196849
21
-3.8017001181102361
0
LINE
8
BLACK
6
CONTINUOUS
10
6.2067398425196849
20
-3.8017001181102361
11
6.2110135826771655
21
-3.8028452755905513
0
LINE
8
BLACK
6
CONTINUOUS
10
6.2110135826771655
20
-3.8028452755905513
11
6.2148453149606295
21
-3.8050575196850391
0
LINE
8
BLACK
6
CONTINUOUS
10
6.2148453149606295
20
-3.8050575196850391
11
6.2220549212598426
21
-3.8121831889763778
0
LINE
8
BLACK
6
CONTINUOUS
10
6.2220549212598426
20
-3.8121831889763778
11
6.2230435433070861
21
-3.8130501574803151
0
LINE
8
BLACK
6
CONTINUOUS
10
6.2230435433070861
20
-3.8130501574803151
11
6.2230432677165357
21
-3.8130504330708659
0
LINE
8
BLACK
6
CONTINUOUS
10
6.2230432677165357
20
-3.8130504330708659
11
6.2233586220472441
21
-3.8134716929133856
0
LINE
8
BLACK
6
CONTINUOUS
10
6.2233586220472441
20
-3.8134716929133856
11
6.2266576377952756
21
-3.8167322834645669
0
LINE
8
BLACK
6
CONTINUOUS
10
6.2266576377952756
20
-3.8167322834645669
11
6.2460629921259843
21
-3.8167322834645669
0
LINE
8
BLACK
6
CONTINUOUS
10
6.2460629921259843
20
-3.8167322834645669
11
6.2460629921259843
21
-3.8521653543307086
0
LINE
8
BLACK
6
CONTINUOUS
10
6.2460629921259843
20
-3.8521653543307086
11
6.1948818897637796
21
-3.8521653543307086
0
LINE
8
BLACK
6
CONTINUOUS
10
6.1948818897637796
20
-3.8521653543307086
11
6.1948818897637796
21
-3.8337000787401574
0
LINE
8
BLACK
6
CONTINUOUS
10
6.1948818897637796
20
-3.8337000787401574
11
6.1938407086614173
21
-3.8330044094488187
0
LINE
8
BLACK
6
CONTINUOUS
10
6.1938407086614173
20
-3.8330044094488187
11
6.1897602362204722
21
-3.8313142913385825
0
LINE
8
BLACK
6
CONTINUOUS
10
6.1897602362204722
20
-3.8313142913385825
11
6.1854284645669289
21
-3.830452716535433
0
LINE
8
BLACK
6
CONTINUOUS
10
6.1854284645669289
20
-3.830452716535433
11
6.1832201574803145
21
-3.8304527559055117
0
LINE
8
BLACK
6
CONTINUOUS
10
6.1832201574803145
20
-3.8304527559055117
11
6.182230905511811
21
-3.8303105118110237
0
LINE
8
BLACK
6
CONTINUOUS
10
6.182230905511811
20
-3.8303105118110237
11
6.0353534251968499
21
-3.8304381102362206
0
LINE
8
BLACK
6
CONTINUOUS
10
6.0353534251968499
20
-3.8304381102362206
11
6.0350806692913386
21
-3.8318095275590549
0
LINE
8
BLACK
6
CONTINUOUS
10
6.0350806692913386
20
-3.8318095275590549
11
6.0332137795275589
21
-3.8346035433070864
0
LINE
8
BLACK
6
CONTINUOUS
10
6.0332137795275589
20
-3.8346035433070864
11
6.0304197637795278
21
-3.8364704330708661
0
LINE
8
BLACK
6
CONTINUOUS
10
6.0304197637795278
20
-3.8364704330708661
11
6.027124015748031
21
-3.8371259842519683
0
LINE
8
BLACK
6
CONTINUOUS
10
6.027124015748031
20
-3.8371259842519683
11
6.0098996062992125
21
-3.8371259842519683
0
LINE
8
BLACK
6
CONTINUOUS
10
6.0098996062992125
20
-3.8371259842519683
11
6.0066038582677166
21
-3.8364704330708661
0
LINE
8
BLACK
6
CONTINUOUS
10
6.0066038582677166
20
-3.8364704330708661
11
6.0038098425196846
21
-3.8346035433070864
0
LINE
8
BLACK
6
CONTINUOUS
10
6.0038098425196846
20
-3.8346035433070864
11
6.0019429527559049
21
-3.8318095275590549
0
LINE
8
BLACK
6
CONTINUOUS
10
6.0019429527559049
20
-3.8318095275590549
11
6.0012874015748032
21
-3.828513779527559
0
LINE
8
BLACK
6
CONTINUOUS
10
6.0012874015748032
20
-3.828513779527559
11
6.0012874015748032
21
-3.7984940944881891
0
LINE
8
BLACK
6
CONTINUOUS
10
6.0012874015748032
20
-3.7984940944881891
11
6.0019429527559049
21
-3.7951983464566927
0
LINE
8
BLACK
6
CONTINUOUS
10
6.0019429527559049
20
-3.7951983464566927
11
6.0038098425196846
21
-3.7924043307086612
0
LINE
8
BLACK
6
CONTINUOUS
10
6.0038098425196846
20
-3.7924043307086612
11
6.0066038582677166
21
-3.790537440944882
0
LINE
8
BLACK
6
CONTINUOUS
10
6.0066038582677166
20
-3.790537440944882
11
6.0098996062992125
21
-3.7898818897637794
0
LINE
8
BLACK
6
CONTINUOUS
10
6.0098996062992125
20
-3.7898818897637794
11
6.027124015748031
21
-3.7898818897637794
0
LINE
8
BLACK
6
CONTINUOUS
10
6.027124015748031
20
-3.7898818897637794
11
6.0304197637795278
21
-3.790537440944882
0
LINE
8
BLACK
6
CONTINUOUS
10
5.8650777165354331
20
-3.7971789763779529
11
5.9179038582677164
21
-3.7970970866141731
0
LINE
8
BLACK
6
CONTINUOUS
10
5.9179038582677164
20
-3.7970970866141731
11
5.9182815354330707
21
-3.7951983464566927
0
LINE
8
BLACK
6
CONTINUOUS
10
5.9182815354330707
20
-3.7951983464566927
11
5.9201484251968504
21
-3.7924043307086612
0
LINE
8
BLACK
6
CONTINUOUS
10
5.9201484251968504
20
-3.7924043307086612
11
5.9229424409448814
21
-3.790537440944882
0
LINE
8
BLACK
6
CONTINUOUS
10
5.9229424409448814
20
-3.790537440944882
11
5.9262381889763782
21
-3.7898818897637794
0
LINE
8
BLACK
6
CONTINUOUS
10
5.9262381889763782
20
-3.7898818897637794
11
5.9434625984251968
21
-3.7898818897637794
0
LINE
8
BLACK
6
CONTINUOUS
10
5.9434625984251968
20
-3.7898818897637794
11
5.9467583464566927
21
-3.790537440944882
0
LINE
8
BLACK
6
CONTINUOUS
10
5.9467583464566927
20
-3.790537440944882
11
5.9495523622047246
21
-3.7924043307086612
0
LINE
8
BLACK
6
CONTINUOUS
10
5.9495523622047246
20
-3.7924043307086612
11
5.9514192519685034
21
-3.7951983464566927
0
LINE
8
BLACK
6
CONTINUOUS
10
5.9514192519685034
20
-3.7951983464566927
11
5.952074803149606
21
-3.7984940944881891
0
LINE
8
BLACK
6
CONTINUOUS
10
5.952074803149606
20
-3.7984940944881891
11
5.952074803149606
21
-3.828513779527559
0
LINE
8
BLACK
6
CONTINUOUS
10
5.952074803149606
20
-3.828513779527559
11
5.9514192519685034
21
-3.8318095275590549
0
LINE
8
BLACK
6
CONTINUOUS
10
5.9514192519685034
20
-3.8318095275590549
11
5.9495523622047246
21
-3.8346035433070864
0
LINE
8
BLACK
6
CONTINUOUS
10
5.9495523622047246
20
-3.8346035433070864
11
5.9467583464566927
21
-3.8364704330708661
0
LINE
8
BLACK
6
CONTINUOUS
10
5.9467583464566927
20
-3.8364704330708661
11
5.9434625984251968
21
-3.8371259842519683
0
LINE
8
BLACK
6
CONTINUOUS
10
5.9434625984251968
20
-3.8371259842519683
11
5.9262381889763782
21
-3.8371259842519683
0
LINE
8
BLACK
6
CONTINUOUS
10
5.9262381889763782
20
-3.8371259842519683
11
5.9229424409448814
21
-3.8364704330708661
0
LINE
8
BLACK
6
CONTINUOUS
10
5.9229424409448814
20
-3.8364704330708661
11
5.9201484251968504
21
-3.8346035433070864
0
LINE
8
BLACK
6
CONTINUOUS
10
5.9201484251968504
20
-3.8346035433070864
11
5.9182815354330707
21
-3.8318095275590549
0
LINE
8
BLACK
6
CONTINUOUS
10
5.9182815354330707
20
-3.8318095275590549
11
5.9180912204724407
21
-3.8308528346456692
0
LINE
8
BLACK
6
CONTINUOUS
10
5.9180912204724407
20
-3.8308528346456692
11
5.8508403149606298
21
-3.8309571259842521
0
LINE
8
BLACK
6
CONTINUOUS
10
5.8508403149606298
20
-3.8309571259842521
11
5.8359572440944882
21
-3.8458402362204724
0
LINE
8
BLACK
6
CONTINUOUS
10
5.8359572440944882
20
-3.8458402362204724
11
5.8112085039370074
21
-3.821091496062992
0
LINE
8
BLACK
6
CONTINUOUS
10
5.8112085039370074
20
-3.821091496062992
11
5.8500993700787403
21
-3.7822006299212596
0
LINE
8
BLACK
6
CONTINUOUS
10
5.8500993700787403
20
-3.7822006299212596
11
5.8650777165354331
21
-3.7971789763779529
0
LINE
8
BLACK
6
CONTINUOUS
10
5.8059055118110239
20
-3.6769685039370077
11
5.8008865748031493
21
-3.6769685039370077
0
LINE
8
BLACK
6
CONTINUOUS
10
5.8008865748031493
20
-3.6769685039370077
11
5.8008992519685041
21
-3.6791959842519684
0
LINE
8
BLACK
6
CONTINUOUS
10
5.8008992519685041
20
-3.6791959842519684
11
5.8034280314960629
21
-3.6806559448818899
0
LINE
8
BLACK
6
CONTINUOUS
10
5.8034280314960629
20
-3.6806559448818899
11
5.8065566535433071
21
-3.6837845669291336
0
LINE
8
BLACK
6
CONTINUOUS
10
5.8065566535433071
20
-3.6837845669291336
11
5.8087688976377949
21
-3.6876163385826772
0
LINE
8
BLACK
6
CONTINUOUS
10
5.8087688976377949
20
-3.6876163385826772
11
5.8099140551181101
21
-3.6918900787401574
0
LINE
8
BLACK
6
CONTINUOUS
10
5.8099140551181101
20
-3.6918900787401574
11
5.8100244488188979
21
-3.7421257086614172
0
LINE
8
BLACK
6
CONTINUOUS
10
5.8100244488188979
20
-3.7421257086614172
11
5.8218151181102362
21
-3.753916377952756
0
LINE
8
BLACK
6
CONTINUOUS
10
5.8218151181102362
20
-3.753916377952756
11
5.7829242519685042
21
-3.792807244094488
0
LINE
8
BLACK
6
CONTINUOUS
10
5.7829242519685042
20
-3.792807244094488
11
5.7581755118110234
21
-3.7680585039370076
0
LINE
8
BLACK
6
CONTINUOUS
10
5.7581755118110234
20
-3.7680585039370076
11
5.776284133858268
21
-3.7499498425196851
0
LINE
8
BLACK
6
CONTINUOUS
10
5.776284133858268
20
-3.7499498425196851
11
5.7761614173228342
21
-3.6941023622047244
0
LINE
8
BLACK
6
CONTINUOUS
10
5.7761614173228342
20
-3.6941023622047244
11
5.7763064173228349
21
-3.6918900787401574
0
LINE
8
BLACK
6
CONTINUOUS
10
5.7763064173228349
20
-3.6918900787401574
11
5.7774515748031492
21
-3.6876163385826772
0
LINE
8
BLACK
6
CONTINUOUS
10
5.7774515748031492
20
-3.6876163385826772
11
5.7796638188976379
21
-3.6837845669291336
0
LINE
8
BLACK
6
CONTINUOUS
10
5.7796638188976379
20
-3.6837845669291336
11
5.7827924409448821
21
-3.6806559448818899
0
LINE
8
BLACK
6
CONTINUOUS
10
5.7827924409448821
20
-3.6806559448818899
11
5.7852938582677167
21
-3.6792117322834645
0
LINE
8
BLACK
6
CONTINUOUS
10
5.7852938582677167
20
-3.6792117322834645
11
5.7852811023622044
21
-3.6769685039370077
0
LINE
8
BLACK
6
CONTINUOUS
10
5.7852811023622044
20
-3.6769685039370077
11
5.7803149606299211
21
-3.6769685039370077
0
LINE
8
BLACK
6
CONTINUOUS
10
5.7803149606299211
20
-3.6769685039370077
11
5.7803149606299211
21
-3.6612204724409447
0
LINE
8
BLACK
6
CONTINUOUS
10
5.7803149606299211
20
-3.6612204724409447
11
5.8059055118110239
21
-3.6612204724409447
0
LINE
8
BLACK
6
CONTINUOUS
10
5.8059055118110239
20
-3.6612204724409447
11
5.8059055118110239
21
-3.6769685039370077
0
LINE
8
BLACK
6
CONTINUOUS
10
6.3557086614173226
20
-3.6762179921259843
11
6.3561704724409447
21
-3.6770179133858267
0
LINE
8
BLACK
6
CONTINUOUS
10
6.3561704724409447
20
-3.6770179133858267
11
6.3573156299212599
21
-3.6812916535433069
0
LINE
8
BLACK
6
CONTINUOUS
10
6.3573156299212599
20
-3.6812916535433069
11
6.357420708661417
21
-3.7254770472440946
0
LINE
8
BLACK
6
CONTINUOUS
10
6.357420708661417
20
-3.7254770472440946
11
6.3687167322834641
21
-3.7254770472440946
0
LINE
8
BLACK
6
CONTINUOUS
10
6.3687167322834641
20
-3.7254770472440946
11
6.3687167322834641
21
-3.7604770472440943
0
LINE
8
BLACK
6
CONTINUOUS
10
6.3687167322834641
20
-3.7604770472440943
11
6.3137167322834644
21
-3.7604770472440943
0
LINE
8
BLACK
6
CONTINUOUS
10
6.3137167322834644
20
-3.7604770472440943
11
6.3137167322834644
21
-3.7254770472440946
0
LINE
8
BLACK
6
CONTINUOUS
10
6.3137167322834644
20
-3.7254770472440946
11
6.3236627952755908
21
-3.7254770472440946
0
LINE
8
BLACK
6
CONTINUOUS
10
6.3236627952755908
20
-3.7254770472440946
11
6.3235629921259839
21
-3.6835039370078739
0
LINE
8
BLACK
6
CONTINUOUS
10
6.3235629921259839
20
-3.6835039370078739
11
6.3237079921259838
21
-3.6812916535433069
0
LINE
8
BLACK
6
CONTINUOUS
10
6.3237079921259838
20
-3.6812916535433069
11
6.324853149606299
21
-3.6770179133858267
0
LINE
8
BLACK
6
CONTINUOUS
10
6.324853149606299
20
-3.6770179133858267
11
6.3270653937007877
21
-3.6731861417322835
0
LINE
8
BLACK
6
CONTINUOUS
10
6.3270653937007877
20
-3.6731861417322835
11
6.3301181102362207
21
-3.6701334251968505
0
LINE
8
BLACK
6
CONTINUOUS
10
6.3301181102362207
20
-3.6701334251968505
11
6.3301181102362207
21
-3.6612204724409447
0
LINE
8
BLACK
6
CONTINUOUS
10
6.3301181102362207
20
-3.6612204724409447
11
6.3557086614173226
21
-3.6612204724409447
0
LINE
8
BLACK
6
CONTINUOUS
10
6.3557086614173226
20
-3.6612204724409447
11
6.3557086614173226
21
-3.6762179921259843
0
LINE
8
BLACK
6
CONTINUOUS
10
6.2809055118110235
20
-3.6769685039370077
11
6.2758700787401569
21
-3.6769685039370077
0
LINE
8
BLACK
6
CONTINUOUS
10
6.2758700787401569
20
-3.6769685039370077
11
6.2759842519685041
21
-3.7059055118110233
0
LINE
8
BLACK
6
CONTINUOUS
10
6.2759842519685041
20
-3.7059055118110233
11
6.2758329527559056
21
-3.7074416535433068
0
LINE
8
BLACK
6
CONTINUOUS
10
6.2758329527559056
20
-3.7074416535433068
11
6.2746572440944881
21
-3.7102800787401575
0
LINE
8
BLACK
6
CONTINUOUS
10
6.2746572440944881
20
-3.7102800787401575
11
6.2706086614173229
21
-3.7143924409448816
0
LINE
8
BLACK
6
CONTINUOUS
10
6.2706086614173229
20
-3.7143924409448816
11
6.2712598425196848
21
-3.7185039370078741
0
LINE
8
BLACK
6
CONTINUOUS
10
6.2712598425196848
20
-3.7185039370078741
11
6.2704890944881893
21
-3.7233703543307084
0
LINE
8
BLACK
6
CONTINUOUS
10
6.2704890944881893
20
-3.7233703543307084
11
6.2682522440944881
21
-3.7277603937007875
0
LINE
8
BLACK
6
CONTINUOUS
10
6.2682522440944881
20
-3.7277603937007875
11
6.2647682677165353
21
-3.7312443700787399
0
LINE
8
BLACK
6
CONTINUOUS
10
6.2647682677165353
20
-3.7312443700787399
11
6.2603782283464566
21
-3.733481220472441
0
LINE
8
BLACK
6
CONTINUOUS
10
6.2603782283464566
20
-3.733481220472441
11
6.2555118110236219
21
-3.734251968503937
0
LINE
8
BLACK
6
CONTINUOUS
10
6.2555118110236219
20
-3.734251968503937
11
6.2506453937007871
21
-3.733481220472441
0
LINE
8
BLACK
6
CONTINUOUS
10
6.2506453937007871
20
-3.733481220472441
11
6.2462553543307084
21
-3.7312443700787399
0
LINE
8
BLACK
6
CONTINUOUS
10
6.2462553543307084
20
-3.7312443700787399
11
6.2427713779527556
21
-3.7277603937007875
0
LINE
8
BLACK
6
CONTINUOUS
10
6.2427713779527556
20
-3.7277603937007875
11
6.2405345275590554
21
-3.7233703543307084
0
LINE
8
BLACK
6
CONTINUOUS
10
6.2405345275590554
20
-3.7233703543307084
11
6.2397637795275589
21
-3.7185039370078741
0
LINE
8
BLACK
6
CONTINUOUS
10
6.2397637795275589
20
-3.7185039370078741
11
6.2405345275590554
21
-3.7136375196850393
0
LINE
8
BLACK
6
CONTINUOUS
10
6.2405345275590554
20
-3.7136375196850393
11
6.2427713779527556
21
-3.7092474803149607
0
LINE
8
BLACK
6
CONTINUOUS
10
6.2427713779527556
20
-3.7092474803149607
11
6.2462553543307084
21
-3.7057635039370078
0
LINE
8
BLACK
6
CONTINUOUS
10
6.2462553543307084
20
-3.7057635039370078
11
6.2506453937007871
21
-3.7035266535433071
0
LINE
8
BLACK
6
CONTINUOUS
10
6.2506453937007871
20
-3.7035266535433071
11
6.2555118110236219
21
-3.7027559055118111
0
LINE
8
BLACK
6
CONTINUOUS
10
6.2555118110236219
20
-3.7027559055118111
11
6.2595345275590546
21
-3.7033930314960628
0
LINE
8
BLACK
6
CONTINUOUS
10
6.2595345275590546
20
-3.7033930314960628
11
6.2603681889763774
21
-3.7025462204724406
0
LINE
8
BLACK
6
CONTINUOUS
10
6.2603681889763774
20
-3.7025462204724406
11
6.2602672834645672
21
-3.6769685039370077
0
LINE
8
BLACK
6
CONTINUOUS
10
6.2602672834645672
20
-3.6769685039370077
11
6.2553149606299208
21
-3.6769685039370077
0
LINE
8
BLACK
6
CONTINUOUS
10
6.2553149606299208
20
-3.6769685039370077
11
6.2553149606299208
21
-3.6612204724409447
0
LINE
8
BLACK
6
CONTINUOUS
10
6.2553149606299208
20
-3.6612204724409447
11
6.2809055118110235
21
-3.6612204724409447
0
LINE
8
BLACK
6
CONTINUOUS
10
6.2809055118110235
20
-3.6612204724409447
11
6.2809055118110235
21
-3.6769685039370077
0
LINE
8
BLACK
6
CONTINUOUS
10
6.1230118110236216
20
-3.6266630708661416
11
6.1530118110236218
21
-3.6266067322834643
0
LINE
8
BLACK
6
CONTINUOUS
10
6.1530118110236218
20
-3.6266067322834643
11
6.1530118110236218
21
-3.6260039370078738
0
LINE
8
BLACK
6
CONTINUOUS
10
6.1530118110236218
20
-3.6260039370078738
11
6.2080118110236215
21
-3.6260039370078738
0
LINE
8
BLACK
6
CONTINUOUS
10
6.2080118110236215
20
-3.6260039370078738
11
6.2080118110236215
21
-3.6266175984251969
0
LINE
8
BLACK
6
CONTINUOUS
10
6.2080118110236215
20
-3.6266175984251969
11
6.2305118110236215
21
-3.626555118110236
0
LINE
8
BLACK
6
CONTINUOUS
10
6.2305118110236215
20
-3.626555118110236
11
6.232724094488189
21
-3.6267001181102363
0
LINE
8
BLACK
6
CONTINUOUS
10
6.232724094488189
20
-3.6267001181102363
11
6.2369978346456696
21
-3.627845275590551
0
LINE
8
BLACK
6
CONTINUOUS
10
6.2369978346456696
20
-3.627845275590551
11
6.2408296062992124
21
-3.6300575196850393
0
LINE
8
BLACK
6
CONTINUOUS
10
6.2408296062992124
20
-3.6300575196850393
11
6.2439582283464565
21
-3.6331861417322835
0
LINE
8
BLACK
6
CONTINUOUS
10
6.2439582283464565
20
-3.6331861417322835
11
6.2454197637795277
21
-3.6357176377952753
0
LINE
8
BLACK
6
CONTINUOUS
10
6.2454197637795277
20
-3.6357176377952753
11
6.2553149606299208
21
-3.6356793700787402
0
LINE
8
BLACK
6
CONTINUOUS
10
6.2553149606299208
20
-3.6356793700787402
11
6.2553149606299208
21
-3.6356299212598424
0
LINE
8
BLACK
6
CONTINUOUS
10
6.2553149606299208
20
-3.6356299212598424
11
6.2809055118110235
21
-3.6356299212598424
0
LINE
8
BLACK
6
CONTINUOUS
10
6.2809055118110235
20
-3.6356299212598424
11
6.2809055118110235
21
-3.6513779527559054
0
LINE
8
BLACK
6
CONTINUOUS
10
6.2809055118110235
20
-3.6513779527559054
11
6.2553149606299208
21
-3.6513779527559054
0
LINE
8
BLACK
6
CONTINUOUS
10
6.2553149606299208
20
-3.6513779527559054
11
6.2553149606299208
21
-3.6512820472440946
0
LINE
8
BLACK
6
CONTINUOUS
10
6.2553149606299208
20
-3.6512820472440946
11
6.2454023622047243
21
-3.6513203543307085
0
LINE
8
BLACK
6
CONTINUOUS
10
6.2454023622047243
20
-3.6513203543307085
11
6.2439582283464565
21
-3.6538217322834643
0
LINE
8
BLACK
6
CONTINUOUS
10
6.2439582283464565
20
-3.6538217322834643
11
6.2408296062992124
21
-3.6569503543307085
0
LINE
8
BLACK
6
CONTINUOUS
10
6.2408296062992124
20
-3.6569503543307085
11
6.2369978346456696
21
-3.6591625984251968
0
LINE
8
BLACK
6
CONTINUOUS
10
6.2369978346456696
20
-3.6591625984251968
11
6.232724094488189
21
-3.6603077559055119
0
LINE
8
BLACK
6
CONTINUOUS
10
6.232724094488189
20
-3.6603077559055119
11
6.2080118110236215
21
-3.6603763779527556
0
LINE
8
BLACK
6
CONTINUOUS
10
6.2080118110236215
20
-3.6603763779527556
11
6.2080118110236215
21
-3.661003937007874
0
LINE
8
BLACK
6
CONTINUOUS
10
6.2080118110236215
20
-3.661003937007874
11
6.1530118110236218
21
-3.661003937007874
0
LINE
8
BLACK
6
CONTINUOUS
10
6.1530118110236218
20
-3.661003937007874
11
6.1530118110236218
21
-3.6603635433070867
0
LINE
8
BLACK
6
CONTINUOUS
10
6.1530118110236218
20
-3.6603635433070867
11
6.1230118110236216
21
-3.6604198818897635
0
LINE
8
BLACK
6
CONTINUOUS
10
6.1230118110236216
20
-3.6604198818897635
11
6.1230118110236216
21
-3.6710039370078738
0
LINE
8
BLACK
6
CONTINUOUS
10
6.1230118110236216
20
-3.6710039370078738
11
6.0880118110236223
21
-3.6710039370078738
0
LINE
8
BLACK
6
CONTINUOUS
10
6.0880118110236223
20
-3.6710039370078738
11
6.0880118110236223
21
-3.616003937007874
0
LINE
8
BLACK
6
CONTINUOUS
10
6.0880118110236223
20
-3.616003937007874
11
6.1230118110236216
21
-3.616003937007874
0
LINE
8
BLACK
6
CONTINUOUS
10
6.1230118110236216
20
-3.616003937007874
11
6.1230118110236216
21
-3.6266630708661416
0
LINE
8
BLACK
6
CONTINUOUS
10
6.3830118110236223
20
-3.0110039370078741
11
6.3652129527559049
21
-3.0110039370078741
0
LINE
8
BLACK
6
CONTINUOUS
10
6.3652129527559049
20
-3.0110039370078741
11
6.3652805511811019
21
-3.0385039370078739
0
LINE
8
BLACK
6
CONTINUOUS
10
6.3652805511811019
20
-3.0385039370078739
11
6.3855118110236218
21
-3.0385039370078739
0
LINE
8
BLACK
6
CONTINUOUS
10
6.3855118110236218
20
-3.0385039370078739
11
6.3855118110236218
21
-3.098503937007874
0
LINE
8
BLACK
6
CONTINUOUS
10
6.3855118110236218
20
-3.098503937007874
11
6.3652244488188972
21
-3.098503937007874
0
LINE
8
BLACK
6
CONTINUOUS
10
6.3652244488188972
20
-3.098503937007874
11
6.3652986614173228
21
-3.138503937007874
0
LINE
8
BLACK
6
CONTINUOUS
10
6.3652986614173228
20
-3.138503937007874
11
6.3855118110236218
21
-3.138503937007874
0
LINE
8
BLACK
6
CONTINUOUS
10
6.3855118110236218
20
-3.138503937007874
11
6.3855118110236218
21
-3.1985039370078741
0
LINE
8
BLACK
6
CONTINUOUS
10
6.3855118110236218
20
-3.1985039370078741
11
6.3652244488188972
21
-3.1985039370078741
0
LINE
8
BLACK
6
CONTINUOUS
10
6.3652244488188972
20
-3.1985039370078741
11
6.3653543307086613
21
-3.2685039370078739
0
LINE
8
BLACK
6
CONTINUOUS
10
6.3653543307086613
20
-3.2685039370078739
11
6.3651651968503939
21
-3.2704241338582678
0
LINE
8
BLACK
6
CONTINUOUS
10
6.3651651968503939
20
-3.2704241338582678
11
6.3636955511811024
21
-3.2739721653543308
0
LINE
8
BLACK
6
CONTINUOUS
10
6.3636955511811024
20
-3.2739721653543308
11
6.3636943700787398
21
-3.2739733070866142
0
LINE
8
BLACK
6
CONTINUOUS
10
6.3636943700787398
20
-3.2739733070866142
11
6.3559012598425193
21
-3.2820339370078742
0
LINE
8
BLACK
6
CONTINUOUS
10
6.3559012598425193
20
-3.2820339370078742
11
6.3544099212598422
21
-3.2832577559055118
0
LINE
8
BLACK
6
CONTINUOUS
10
6.3544099212598422
20
-3.2832577559055118
11
6.3544097637795272
21
-3.2832579527559056
0
LINE
8
BLACK
6
CONTINUOUS
10
6.3544097637795272
20
-3.2832579527559056
11
6.3508617322834642
21
-3.2847275984251967
0
LINE
8
BLACK
6
CONTINUOUS
10
6.3508617322834642
20
-3.2847275984251967
11
6.2882401181102363
21
-3.2848508267716534
0
LINE
8
BLACK
6
CONTINUOUS
10
6.2882401181102363
20
-3.2848508267716534
11
6.2882401181102363
21
-3.3006647637795274
0
LINE
8
BLACK
6
CONTINUOUS
10
6.2882401181102363
20
-3.3006647637795274
11
6.2429301181102357
21
-3.3006647637795274
0
LINE
8
BLACK
6
CONTINUOUS
10
6.2429301181102357
20
-3.3006647637795274
11
6.2081720472440942
21
-3.3355845669291337
0
LINE
8
BLACK
6
CONTINUOUS
10
6.2081720472440942
20
-3.3355845669291337
11
6.208350039370079
21
-3.4956738188976377
0
LINE
8
BLACK
6
CONTINUOUS
10
6.208350039370079
20
-3.4956738188976377
11
6.2750699606299207
21
-3.5621426377952754
0
LINE
8
BLACK
6
CONTINUOUS
10
6.2750699606299207
20
-3.5621426377952754
11
6.2762940157480314
21
-3.5636341732283463
0
LINE
8
BLACK
6
CONTINUOUS
10
6.2762940157480314
20
-3.5636341732283463
11
6.2777636614173229
21
-3.5671822047244093
0
LINE
8
BLACK
6
CONTINUOUS
10
6.2777636614173229
20
-3.5671822047244093
11
6.2777636614173229
21
-3.5671927165354331
0
LINE
8
BLACK
6
CONTINUOUS
10
6.2777636614173229
20
-3.5671927165354331
11
6.2779233858267718
21
-3.6100393700787401
0
LINE
8
BLACK
6
CONTINUOUS
10
6.2779233858267718
20
-3.6100393700787401
11
6.2809055118110235
21
-3.6100393700787401
0
LINE
8
BLACK
6
CONTINUOUS
10
6.2809055118110235
20
-3.6100393700787401
11
6.2809055118110235
21
-3.6257874015748031
0
LINE
8
BLACK
6
CONTINUOUS
10
6.2809055118110235
20
-3.6257874015748031
11
6.273888188976378
21
-3.6257874015748031
0
LINE
8
BLACK
6
CONTINUOUS
10
6.273888188976378
20
-3.6257874015748031
11
6.2735784645669286
21
-3.626097125984252
0
LINE
8
BLACK
6
CONTINUOUS
10
6.2735784645669286
20
-3.626097125984252
11
6.2700304330708656
21
-3.6275667716535431
0
LINE
8
BLACK
6
CONTINUOUS
10
6.2700304330708656
20
-3.6275667716535431
11
6.2661900393700787
21
-3.6275667716535431
0
LINE
8
BLACK
6
CONTINUOUS
10
6.2661900393700787
20
-3.6275667716535431
11
6.2626420078740157
21
-3.626097125984252
0
LINE
8
BLACK
6
CONTINUOUS
10
6.2626420078740157
20
-3.626097125984252
11
6.2623322834645672
21
-3.6257874015748031
0
LINE
8
BLACK
6
CONTINUOUS
10
6.2623322834645672
20
-3.6257874015748031
11
6.2553149606299208
21
-3.6257874015748031
0
LINE
8
BLACK
6
CONTINUOUS
10
6.2553149606299208
20
-3.6257874015748031
11
6.2553149606299208
21
-3.6100393700787401
0
LINE
8
BLACK
6
CONTINUOUS
10
6.2553149606299208
20
-3.6100393700787401
11
6.2584203543307089
21
-3.6100393700787401
0
LINE
8
BLACK
6
CONTINUOUS
10
6.2584203543307089
20
-3.6100393700787401
11
6.2582820078740156
21
-3.5729425196850393
0
LINE
8
BLACK
6
CONTINUOUS
10
6.2582820078740156
20
-3.5729425196850393
11
6.1915520866141733
21
-3.5064636614173228
0
LINE
8
BLACK
6
CONTINUOUS
10
6.1915520866141733
20
-3.5064636614173228
11
6.1903282283464565
21
-3.5049723228346457
0
LINE
8
BLACK
6
CONTINUOUS
10
6.1903282283464565
20
-3.5049723228346457
11
6.1903280708661415
21
-3.5049721653543306
0
LINE
8
BLACK
6
CONTINUOUS
10
6.1903280708661415
20
-3.5049721653543306
11
6.1888584251968499
21
-3.5014241338582677
0
LINE
8
BLACK
6
CONTINUOUS
10
6.1888584251968499
20
-3.5014241338582677
11
6.1886692913385826
21
-3.3313379527559053
0
LINE
8
BLACK
6
CONTINUOUS
10
6.1886692913385826
20
-3.3313379527559053
11
6.1888584251968499
21
-3.3294177559055118
0
LINE
8
BLACK
6
CONTINUOUS
10
6.1888584251968499
20
-3.3294177559055118
11
6.1903280708661415
21
-3.3258697244094488
0
LINE
8
BLACK
6
CONTINUOUS
10
6.1903280708661415
20
-3.3258697244094488
11
6.1903364960629919
21
-3.3258612598425197
0
LINE
8
BLACK
6
CONTINUOUS
10
6.1903364960629919
20
-3.3258612598425197
11
6.2213109842519687
21
-3.2947426377952755
0
LINE
8
BLACK
6
CONTINUOUS
10
6.2213109842519687
20
-3.2947426377952755
11
6.2213109842519687
21
-3.2494836614173228
0
LINE
8
BLACK
6
CONTINUOUS
10
6.2213109842519687
20
-3.2494836614173228
11
6.2882401181102363
21
-3.2494836614173228
0
LINE
8
BLACK
6
CONTINUOUS
10
6.2882401181102363
20
-3.2494836614173228
11
6.2882401181102363
21
-3.2653511417322836
0
LINE
8
BLACK
6
CONTINUOUS
10
6.2882401181102363
20
-3.2653511417322836
11
6.3449794094488183
21
-3.2652394881889761
0
LINE
8
BLACK
6
CONTINUOUS
10
6.3449794094488183
20
-3.2652394881889761
11
6.3458471259842515
21
-3.264341968503937
0
LINE
8
BLACK
6
CONTINUOUS
10
6.3458471259842515
20
-3.264341968503937
11
6.3457249606299211
21
-3.1985039370078741
0
LINE
8
BLACK
6
CONTINUOUS
10
6.3457249606299211
20
-3.1985039370078741
11
6.3255118110236221
21
-3.1985039370078741
0
LINE
8
BLACK
6
CONTINUOUS
10
6.3255118110236221
20
-3.1985039370078741
11
6.3255118110236221
21
-3.138503937007874
0
LINE
8
BLACK
6
CONTINUOUS
10
6.3255118110236221
20
-3.138503937007874
11
6.3457991732283467
21
-3.138503937007874
0
LINE
8
BLACK
6
CONTINUOUS
10
6.3457991732283467
20
-3.138503937007874
11
6.3457249606299211
21
-3.098503937007874
0
LINE
8
BLACK
6
CONTINUOUS
10
6.3457249606299211
20
-3.098503937007874
11
6.3255118110236221
21
-3.098503937007874
0
LINE
8
BLACK
6
CONTINUOUS
10
6.3255118110236221
20
-3.098503937007874
11
6.3255118110236221
21
-3.0385039370078739
0
LINE
8
BLACK
6
CONTINUOUS
10
6.3255118110236221
20
-3.0385039370078739
11
6.345779921259842
21
-3.0385039370078739
0
LINE
8
BLACK
6
CONTINUOUS
10
6.345779921259842
20
-3.0385039370078739
11
6.3457123228346459
21
-3.0110039370078741
0
LINE
8
BLACK
6
CONTINUOUS
10
6.3457123228346459
20
-3.0110039370078741
11
6.3280118110236216
21
-3.0110039370078741
0
LINE
8
BLACK
6
CONTINUOUS
10
6.3280118110236216
20
-3.0110039370078741
11
6.3280118110236216
21
-2.9760039370078739
0
LINE
8
BLACK
6
CONTINUOUS
10
6.3280118110236216
20
-2.9760039370078739
11
6.3830118110236223
21
-2.9760039370078739
0
LINE
8
BLACK
6
CONTINUOUS
10
6.3830118110236223
20
-2.9760039370078739
11
6.3830118110236223
21
-3.0110039370078741
0
LINE
8
BLACK
6
CONTINUOUS
10
5.880708661417323
20
-3.6769685039370077
11
5.8756730314960626
21
-3.6769685039370077
0
LINE
8
BLACK
6
CONTINUOUS
10
5.8756730314960626
20
-3.6769685039370077
11
5.8757874015748026
21
-3.7061023622047244
0
LINE
8
BLACK
6
CONTINUOUS
10
5.8757874015748026
20
-3.7061023622047244
11
5.875636102362205
21
-3.7076385039370079
0
LINE
8
BLACK
6
CONTINUOUS
10
5.875636102362205
20
-3.7076385039370079
11
5.8744603937007875
21
-3.7104769291338582
0
LINE
8
BLACK
6
CONTINUOUS
10
5.8744603937007875
20
-3.7104769291338582
11
5.8706083464566925
21
-3.7143905118110236
0
LINE
8
BLACK
6
CONTINUOUS
10
5.8706083464566925
20
-3.7143905118110236
11
5.8712598425196845
21
-3.7185039370078741
0
LINE
8
BLACK
6
CONTINUOUS
10
5.8712598425196845
20
-3.7185039370078741
11
5.8704890944881889
21
-3.7233703543307084
0
LINE
8
BLACK
6
CONTINUOUS
10
5.8704890944881889
20
-3.7233703543307084
11
5.8682522440944878
21
-3.7277603937007875
0
LINE
8
BLACK
6
CONTINUOUS
10
5.8682522440944878
20
-3.7277603937007875
11
5.8647682677165349
21
-3.7312443700787399
0
LINE
8
BLACK
6
CONTINUOUS
10
5.8647682677165349
20
-3.7312443700787399
11
5.8603782283464563
21
-3.733481220472441
0
LINE
8
BLACK
6
CONTINUOUS
10
5.8603782283464563
20
-3.733481220472441
11
5.8555118110236215
21
-3.734251968503937
0
LINE
8
BLACK
6
CONTINUOUS
10
5.8555118110236215
20
-3.734251968503937
11
5.8506453937007876
21
-3.733481220472441
0
LINE
8
BLACK
6
CONTINUOUS
10
5.8506453937007876
20
-3.733481220472441
11
5.8462553543307081
21
-3.7312443700787399
0
LINE
8
BLACK
6
CONTINUOUS
10
5.8462553543307081
20
-3.7312443700787399
11
5.8427713779527561
21
-3.7277603937007875
0
LINE
8
BLACK
6
CONTINUOUS
10
5.8427713779527561
20
-3.7277603937007875
11
5.840534527559055
21
-3.7233703543307084
0
LINE
8
BLACK
6
CONTINUOUS
10
5.840534527559055
20
-3.7233703543307084
11
5.8397637795275585
21
-3.7185039370078741
0
LINE
8
BLACK
6
CONTINUOUS
10
5.8397637795275585
20
-3.7185039370078741
11
5.840534527559055
21
-3.7136375196850393
0
LINE
8
BLACK
6
CONTINUOUS
10
5.840534527559055
20
-3.7136375196850393
11
5.8427713779527561
21
-3.7092474803149607
0
LINE
8
BLACK
6
CONTINUOUS
10
5.8427713779527561
20
-3.7092474803149607
11
5.8462553543307081
21
-3.7057635039370078
0
LINE
8
BLACK
6
CONTINUOUS
10
5.8462553543307081
20
-3.7057635039370078
11
5.8506453937007876
21
-3.7035266535433071
0
LINE
8
BLACK
6
CONTINUOUS
10
5.8506453937007876
20
-3.7035266535433071
11
5.8555118110236215
21
-3.7027559055118111
0
LINE
8
BLACK
6
CONTINUOUS
10
5.8555118110236215
20
-3.7027559055118111
11
5.8595324409448821
21
-3.703392677165354
0
LINE
8
BLACK
6
CONTINUOUS
10
5.8595324409448821
20
-3.703392677165354
11
5.8601714173228343
21
-3.7027435039370076
0
LINE
8
BLACK
6
CONTINUOUS
10
5.8601714173228343
20
-3.7027435039370076
11
5.8600702755905507
21
-3.6769685039370077
0
LINE
8
BLACK
6
CONTINUOUS
10
5.8600702755905507
20
-3.6769685039370077
11
5.8551181102362202
21
-3.6769685039370077
0
LINE
8
BLACK
6
CONTINUOUS
10
5.8551181102362202
20
-3.6769685039370077
11
5.8551181102362202
21
-3.6612204724409447
0
LINE
8
BLACK
6
CONTINUOUS
10
5.8551181102362202
20
-3.6612204724409447
11
5.880708661417323
21
-3.6612204724409447
0
LINE
8
BLACK
6
CONTINUOUS
10
5.880708661417323
20
-3.6612204724409447
11
5.880708661417323
21
-3.6769685039370077
0
LINE
8
BLACK
6
CONTINUOUS
10
6.0480118110236223
20
-3.6710039370078738
11
6.0130118110236221
21
-3.6710039370078738
0
LINE
8
BLACK
6
CONTINUOUS
10
6.0130118110236221
20
-3.6710039370078738
11
6.0130118110236221
21
-3.6603447637795274
0
LINE
8
BLACK
6
CONTINUOUS
10
6.0130118110236221
20
-3.6603447637795274
11
5.9830118110236219
21
-3.6604011023622047
0
LINE
8
BLACK
6
CONTINUOUS
10
5.9830118110236219
20
-3.6604011023622047
11
5.9830118110236219
21
-3.661003937007874
0
LINE
8
BLACK
6
CONTINUOUS
10
5.9830118110236219
20
-3.661003937007874
11
5.9280118110236222
21
-3.661003937007874
0
LINE
8
BLACK
6
CONTINUOUS
10
5.9280118110236222
20
-3.661003937007874
11
5.9280118110236222
21
-3.660383031496063
0
LINE
8
BLACK
6
CONTINUOUS
10
5.9280118110236222
20
-3.660383031496063
11
5.9005118110236223
21
-3.6604527559055118
0
LINE
8
BLACK
6
CONTINUOUS
10
5.9005118110236223
20
-3.6604527559055118
11
5.8982995275590548
21
-3.6603077559055119
0
LINE
8
BLACK
6
CONTINUOUS
10
5.8982995275590548
20
-3.6603077559055119
11
5.8940257874015742
21
-3.6591625984251968
0
LINE
8
BLACK
6
CONTINUOUS
10
5.8940257874015742
20
-3.6591625984251968
11
5.8901940157480315
21
-3.6569503543307085
0
LINE
8
BLACK
6
CONTINUOUS
10
5.8901940157480315
20
-3.6569503543307085
11
5.8870653937007873
21
-3.6538217322834643
0
LINE
8
BLACK
6
CONTINUOUS
10
5.8870653937007873
20
-3.6538217322834643
11
5.885609173228346
21
-3.6512994881889762
0
LINE
8
BLACK
6
CONTINUOUS
10
5.885609173228346
20
-3.6512994881889762
11
5.880708661417323
21
-3.651321220472441
0
LINE
8
BLACK
6
CONTINUOUS
10
5.880708661417323
20
-3.651321220472441
11
5.880708661417323
21
-3.6513779527559054
0
LINE
8
BLACK
6
CONTINUOUS
10
5.880708661417323
20
-3.6513779527559054
11
5.8679133858267711
21
-3.6513779527559054
0
LINE
8
BLACK
6
CONTINUOUS
10
5.8679133858267711
20
-3.6513779527559054
11
5.8551181102362202
21
-3.6513779527559054
0
LINE
8
BLACK
6
CONTINUOUS
10
5.8551181102362202
20
-3.6513779527559054
11
5.8551181102362202
21
-3.6356299212598424
0
LINE
8
BLACK
6
CONTINUOUS
10
5.8551181102362202
20
-3.6356299212598424
11
5.880708661417323
21
-3.6356299212598424
0
LINE
8
BLACK
6
CONTINUOUS
10
5.880708661417323
20
-3.6356299212598424
11
5.880708661417323
21
-3.6357176771653541
0
LINE
8
BLACK
6
CONTINUOUS
10
5.880708661417323
20
-3.6357176771653541
11
5.8856163779527559
21
-3.635695905511811
0
LINE
8
BLACK
6
CONTINUOUS
10
5.8856163779527559
20
-3.635695905511811
11
5.8870653937007873
21
-3.6331861417322835
0
LINE
8
BLACK
6
CONTINUOUS
10
5.8870653937007873
20
-3.6331861417322835
11
5.8901940157480315
21
-3.6300575196850393
0
LINE
8
BLACK
6
CONTINUOUS
10
5.8901940157480315
20
-3.6300575196850393
11
5.8940257874015742
21
-3.627845275590551
0
LINE
8
BLACK
6
CONTINUOUS
10
5.8940257874015742
20
-3.627845275590551
11
5.8982995275590548
21
-3.6267001181102363
0
LINE
8
BLACK
6
CONTINUOUS
10
5.8982995275590548
20
-3.6267001181102363
11
5.9280118110236222
21
-3.626624803149606
0
LINE
8
BLACK
6
CONTINUOUS
10
5.9280118110236222
20
-3.626624803149606
11
5.9280118110236222
21
-3.6260039370078738
0
LINE
8
BLACK
6
CONTINUOUS
10
5.9280118110236222
20
-3.6260039370078738
11
5.9830118110236219
21
-3.6260039370078738
0
LINE
8
BLACK
6
CONTINUOUS
10
5.9830118110236219
20
-3.6260039370078738
11
5.9830118110236219
21
-3.6266442913385828
0
LINE
8
BLACK
6
CONTINUOUS
10
5.9830118110236219
20
-3.6266442913385828
11
6.0130118110236221
21
-3.6265879527559055
0
LINE
8
BLACK
6
CONTINUOUS
10
6.0130118110236221
20
-3.6265879527559055
11
6.0130118110236221
21
-3.616003937007874
0
LINE
8
BLACK
6
CONTINUOUS
10
6.0130118110236221
20
-3.616003937007874
11
6.0480118110236223
21
-3.616003937007874
0
LINE
8
BLACK
6
CONTINUOUS
10
6.0480118110236223
20
-3.616003937007874
11
6.0480118110236223
21
-3.6710039370078738
0
LINE
8
BLACK
6
CONTINUOUS
10
6.0830118110236215
20
-3.0110039370078741
11
6.0652129527559051
21
-3.0110039370078741
0
LINE
8
BLACK
6
CONTINUOUS
10
6.0652129527559051
20
-3.0110039370078741
11
6.0652805511811021
21
-3.0385039370078739
0
LINE
8
BLACK
6
CONTINUOUS
10
6.0652805511811021
20
-3.0385039370078739
11
6.0855118110236219
21
-3.0385039370078739
0
LINE
8
BLACK
6
CONTINUOUS
10
6.0855118110236219
20
-3.0385039370078739
11
6.0855118110236219
21
-3.098503937007874
0
LINE
8
BLACK
6
CONTINUOUS
10
6.0855118110236219
20
-3.098503937007874
11
6.0652244488188973
21
-3.098503937007874
0
LINE
8
BLACK
6
CONTINUOUS
10
6.0652244488188973
20
-3.098503937007874
11
6.065298661417323
21
-3.138503937007874
0
LINE
8
BLACK
6
CONTINUOUS
10
6.065298661417323
20
-3.138503937007874
11
6.0855118110236219
21
-3.138503937007874
0
LINE
8
BLACK
6
CONTINUOUS
10
6.0855118110236219
20
-3.138503937007874
11
6.0855118110236219
21
-3.1985039370078741
0
LINE
8
BLACK
6
CONTINUOUS
10
6.0855118110236219
20
-3.1985039370078741
11
6.065191023622047
21
-3.1985039370078741
0
LINE
8
BLACK
6
CONTINUOUS
10
6.065191023622047
20
-3.1985039370078741
11
6.0653543307086615
21
-3.400503937007874
0
LINE
8
BLACK
6
CONTINUOUS
10
6.0653543307086615
20
-3.400503937007874
11
6.065289527559055
21
-3.4011614566929134
0
LINE
8
BLACK
6
CONTINUOUS
10
6.065289527559055
20
-3.4011614566929134
11
6.0653543307086615
21
-3.4025039370078738
0
LINE
8
BLACK
6
CONTINUOUS
10
6.0653543307086615
20
-3.4025039370078738
11
6.065165236220472
21
-3.4044237007874014
0
LINE
8
BLACK
6
CONTINUOUS
10
6.065165236220472
20
-3.4044237007874014
11
6.065165236220472
21
-3.4044240944881889
0
LINE
8
BLACK
6
CONTINUOUS
10
6.065165236220472
20
-3.4044240944881889
11
6.0636955905511813
21
-3.4079721259842519
0
LINE
8
BLACK
6
CONTINUOUS
10
6.0636955905511813
20
-3.4079721259842519
11
5.9200077559055115
21
-3.5519124015748029
0
LINE
8
BLACK
6
CONTINUOUS
10
5.9200077559055115
20
-3.5519124015748029
11
5.9202598425196848
21
-3.553503937007874
0
LINE
8
BLACK
6
CONTINUOUS
10
5.9202598425196848
20
-3.553503937007874
11
5.9194890944881893
21
-3.5583703543307084
0
LINE
8
BLACK
6
CONTINUOUS
10
5.9194890944881893
20
-3.5583703543307084
11
5.9172522440944881
21
-3.5627603937007875
0
LINE
8
BLACK
6
CONTINUOUS
10
5.9172522440944881
20
-3.5627603937007875
11
5.9137682677165353
21
-3.5662443700787403
0
LINE
8
BLACK
6
CONTINUOUS
10
5.9137682677165353
20
-3.5662443700787403
11
5.9093782283464567
21
-3.568481220472441
0
LINE
8
BLACK
6
CONTINUOUS
10
5.9093782283464567
20
-3.568481220472441
11
5.9045118110236219
21
-3.569251968503937
0
LINE
8
BLACK
6
CONTINUOUS
10
5.9045118110236219
20
-3.569251968503937
11
5.8996453937007871
21
-3.568481220472441
0
LINE
8
BLACK
6
CONTINUOUS
10
5.8996453937007871
20
-3.568481220472441
11
5.8959346456692909
21
-3.5665904724409447
0
LINE
8
BLACK
6
CONTINUOUS
10
5.8959346456692909
20
-3.5665904724409447
11
5.8756662598425198
21
-3.5870483858267717
0
LINE
8
BLACK
6
CONTINUOUS
10
5.8756662598425198
20
-3.5870483858267717
11
5.8757564960629916
21
-3.6100393700787401
0
LINE
8
BLACK
6
CONTINUOUS
10
5.8757564960629916
20
-3.6100393700787401
11
5.880708661417323
21
-3.6100393700787401
0
LINE
8
BLACK
6
CONTINUOUS
10
5.880708661417323
20
-3.6100393700787401
11
5.880708661417323
21
-3.6257874015748031
0
LINE
8
BLACK
6
CONTINUOUS
10
5.880708661417323
20
-3.6257874015748031
11
5.8551181102362202
21
-3.6257874015748031
0
LINE
8
BLACK
6
CONTINUOUS
10
5.8551181102362202
20
-3.6257874015748031
11
5.8551181102362202
21
-3.6100393700787401
0
LINE
8
BLACK
6
CONTINUOUS
10
5.8551181102362202
20
-3.6100393700787401
11
5.8601537401574806
21
-3.6100393700787401
0
LINE
8
BLACK
6
CONTINUOUS
10
5.8601537401574806
20
-3.6100393700787401
11
5.8600621259842516
21
-3.5866899606299212
0
LINE
8
BLACK
6
CONTINUOUS
10
5.8600621259842516
20
-3.5866899606299212
11
5.8597296456692911
21
-3.5863574803149607
0
LINE
8
BLACK
6
CONTINUOUS
10
5.8597296456692911
20
-3.5863574803149607
11
5.8582599999999996
21
-3.5828094488188977
0
LINE
8
BLACK
6
CONTINUOUS
10
5.8582599999999996
20
-3.5828094488188977
11
5.8582599999999996
21
-3.5789691338582674
0
LINE
8
BLACK
6
CONTINUOUS
10
5.8582599999999996
20
-3.5789691338582674
11
5.8597296456692911
21
-3.5754211023622045
0
LINE
8
BLACK
6
CONTINUOUS
10
5.8597296456692911
20
-3.5754211023622045
11
5.8883390157480315
21
-3.546544212598425
0
LINE
8
BLACK
6
CONTINUOUS
10
5.8883390157480315
20
-3.546544212598425
11
5.8898303149606299
21
-3.5453203543307086
0
LINE
8
BLACK
6
CONTINUOUS
10
5.8898303149606299
20
-3.5453203543307086
11
5.8898305118110237
21
-3.5453201968503936
0
LINE
8
BLACK
6
CONTINUOUS
10
5.8898305118110237
20
-3.5453201968503936
11
5.8915977559055115
21
-3.544588149606299
0
LINE
8
BLACK
6
CONTINUOUS
10
5.8915977559055115
20
-3.544588149606299
11
5.8917713779527556
21
-3.5442474803149606
0
LINE
8
BLACK
6
CONTINUOUS
10
5.8917713779527556
20
-3.5442474803149606
11
5.8952553543307085
21
-3.5407635039370078
0
LINE
8
BLACK
6
CONTINUOUS
10
5.8952553543307085
20
-3.5407635039370078
11
5.8996453937007871
21
-3.5385266535433071
0
LINE
8
BLACK
6
CONTINUOUS
10
5.8996453937007871
20
-3.5385266535433071
11
5.9045118110236219
21
-3.5377559055118111
0
LINE
8
BLACK
6
CONTINUOUS
10
5.9045118110236219
20
-3.5377559055118111
11
5.9063061811023623
21
-3.5380400787401576
0
LINE
8
BLACK
6
CONTINUOUS
10
5.9063061811023623
20
-3.5380400787401576
11
6.0458550393700783
21
-3.3982460236220473
0
LINE
8
BLACK
6
CONTINUOUS
10
6.0458550393700783
20
-3.3982460236220473
11
6.0456935433070864
21
-3.1985039370078741
0
LINE
8
BLACK
6
CONTINUOUS
10
6.0456935433070864
20
-3.1985039370078741
11
6.0255118110236223
21
-3.1985039370078741
0
LINE
8
BLACK
6
CONTINUOUS
10
6.0255118110236223
20
-3.1985039370078741
11
6.0255118110236223
21
-3.138503937007874
0
LINE
8
BLACK
6
CONTINUOUS
10
6.0255118110236223
20
-3.138503937007874
11
6.045799173228346
21
-3.138503937007874
0
LINE
8
BLACK
6
CONTINUOUS
10
6.045799173228346
20
-3.138503937007874
11
6.0457249606299213
21
-3.098503937007874
0
LINE
8
BLACK
6
CONTINUOUS
10
6.0457249606299213
20
-3.098503937007874
11
6.0255118110236223
21
-3.098503937007874
0
LINE
8
BLACK
6
CONTINUOUS
10
6.0255118110236223
20
-3.098503937007874
11
6.0255118110236223
21
-3.0385039370078739
0
LINE
8
BLACK
6
CONTINUOUS
10
6.0255118110236223
20
-3.0385039370078739
11
6.0457799212598422
21
-3.0385039370078739
0
LINE
8
BLACK
6
CONTINUOUS
10
6.0457799212598422
20
-3.0385039370078739
11
6.0457123228346452
21
-3.0110039370078741
0
LINE
8
BLACK
6
CONTINUOUS
10
6.0457123228346452
20
-3.0110039370078741
11
6.0280118110236218
21
-3.0110039370078741
0
LINE
8
BLACK
6
CONTINUOUS
10
6.0280118110236218
20
-3.0110039370078741
11
6.0280118110236218
21
-2.9760039370078739
0
LINE
8
BLACK
6
CONTINUOUS
10
6.0280118110236218
20
-2.9760039370078739
11
6.0830118110236215
21
-2.9760039370078739
0
LINE
8
BLACK
6
CONTINUOUS
10
6.0830118110236215
20
-2.9760039370078739
11
6.0830118110236215
21
-3.0110039370078741
0
LINE
8
BLACK
6
CONTINUOUS
10
6.1830118110236221
20
-3.0110039370078741
11
6.1652129527559056
21
-3.0110039370078741
0
LINE
8
BLACK
6
CONTINUOUS
10
6.1652129527559056
20
-3.0110039370078741
11
6.1652805511811026
21
-3.0385039370078739
0
LINE
8
BLACK
6
CONTINUOUS
10
6.1652805511811026
20
-3.0385039370078739
11
6.1855118110236216
21
-3.0385039370078739
0
LINE
8
BLACK
6
CONTINUOUS
10
6.1855118110236216
20
-3.0385039370078739
11
6.1855118110236216
21
-3.098503937007874
0
LINE
8
BLACK
6
CONTINUOUS
10
6.1855118110236216
20
-3.098503937007874
11
6.1652244488188979
21
-3.098503937007874
0
LINE
8
BLACK
6
CONTINUOUS
10
6.1652244488188979
20
-3.098503937007874
11
6.1652986614173226
21
-3.138503937007874
0
LINE
8
BLACK
6
CONTINUOUS
10
6.1652986614173226
20
-3.138503937007874
11
6.1855118110236216
21
-3.138503937007874
0
LINE
8
BLACK
6
CONTINUOUS
10
6.1855118110236216
20
-3.138503937007874
11
6.1855118110236216
21
-3.1985039370078741
0
LINE
8
BLACK
6
CONTINUOUS
10
6.1855118110236216
20
-3.1985039370078741
11
6.1652466535433073
21
-3.1985039370078741
0
LINE
8
BLACK
6
CONTINUOUS
10
6.1652466535433073
20
-3.1985039370078741
11
6.1653543307086611
21
-3.2407086614173228
0
LINE
8
BLACK
6
CONTINUOUS
10
6.1653543307086611
20
-3.2407086614173228
11
6.1651651968503938
21
-3.2426288582677163
0
LINE
8
BLACK
6
CONTINUOUS
10
6.1651651968503938
20
-3.2426288582677163
11
6.1646527559055118
21
-3.2438660236220471
0
LINE
8
BLACK
6
CONTINUOUS
10
6.1646527559055118
20
-3.2438660236220471
11
6.163695590551181
21
-3.2461768503937005
0
LINE
8
BLACK
6
CONTINUOUS
10
6.163695590551181
20
-3.2461768503937005
11
6.1539763779527554
21
-3.2559677952755903
0
LINE
8
BLACK
6
CONTINUOUS
10
6.1539763779527554
20
-3.2559677952755903
11
6.1539763779527554
21
-3.3012992125984253
0
LINE
8
BLACK
6
CONTINUOUS
10
6.1539763779527554
20
-3.3012992125984253
11
6.0870472440944878
21
-3.3012992125984253
0
LINE
8
BLACK
6
CONTINUOUS
10
6.0870472440944878
20
-3.3012992125984253
11
6.0870472440944878
21
-3.2501181102362202
0
LINE
8
BLACK
6
CONTINUOUS
10
6.0870472440944878
20
-3.2501181102362202
11
6.1323029133858267
21
-3.2501181102362202
0
LINE
8
BLACK
6
CONTINUOUS
10
6.1323029133858267
20
-3.2501181102362202
11
6.1458427165354328
21
-3.2364782677165356
0
LINE
8
BLACK
6
CONTINUOUS
10
6.1458427165354328
20
-3.2364782677165356
11
6.1457458267716536
21
-3.1985039370078741
0
LINE
8
BLACK
6
CONTINUOUS
10
6.1457458267716536
20
-3.1985039370078741
11
6.125511811023622
21
-3.1985039370078741
0
LINE
8
BLACK
6
CONTINUOUS
10
6.125511811023622
20
-3.1985039370078741
11
6.125511811023622
21
-3.138503937007874
0
LINE
8
BLACK
6
CONTINUOUS
10
6.125511811023622
20
-3.138503937007874
11
6.1457991732283466
21
-3.138503937007874
0
LINE
8
BLACK
6
CONTINUOUS
10
6.1457991732283466
20
-3.138503937007874
11
6.1457249606299209
21
-3.098503937007874
0
LINE
8
BLACK
6
CONTINUOUS
10
6.1457249606299209
20
-3.098503937007874
11
6.125511811023622
21
-3.098503937007874
0
LINE
8
BLACK
6
CONTINUOUS
10
6.125511811023622
20
-3.098503937007874
11
6.125511811023622
21
-3.0385039370078739
0
LINE
8
BLACK
6
CONTINUOUS
10
6.125511811023622
20
-3.0385039370078739
11
6.1457799212598427
21
-3.0385039370078739
0
LINE
8
BLACK
6
CONTINUOUS
10
6.1457799212598427
20
-3.0385039370078739
11
6.1457123228346457
21
-3.0110039370078741
0
LINE
8
BLACK
6
CONTINUOUS
10
6.1457123228346457
20
-3.0110039370078741
11
6.1280118110236215
21
-3.0110039370078741
0
LINE
8
BLACK
6
CONTINUOUS
10
6.1280118110236215
20
-3.0110039370078741
11
6.1280118110236215
21
-2.9760039370078739
0
LINE
8
BLACK
6
CONTINUOUS
10
6.1280118110236215
20
-2.9760039370078739
11
6.1830118110236221
21
-2.9760039370078739
0
LINE
8
BLACK
6
CONTINUOUS
10
6.1830118110236221
20
-2.9760039370078739
11
6.1830118110236221
21
-3.0110039370078741
0
LINE
8
BLACK
6
CONTINUOUS
10
5.5425788582677162
20
-3.3760927165354331
11
5.5501664173228349
21
-3.3790321653543307
0
LINE
8
BLACK
6
CONTINUOUS
10
5.5501664173228349
20
-3.3790321653543307
11
5.5570846850393698
21
-3.3833157874015747
0
LINE
8
BLACK
6
CONTINUOUS
10
5.5570846850393698
20
-3.3833157874015747
11
5.5630980314960627
21
-3.3887976771653543
0
LINE
8
BLACK
6
CONTINUOUS
10
5.5630980314960627
20
-3.3887976771653543
11
5.568001692913386
21
-3.3952911811023623
0
LINE
8
BLACK
6
CONTINUOUS
10
5.568001692913386
20
-3.3952911811023623
11
5.5711440157480316
21
-3.4016018110236219
0
LINE
8
BLACK
6
CONTINUOUS
10
5.5711440157480316
20
-3.4016018110236219
11
5.5915118110236222
21
-3.4015551181102364
0
LINE
8
BLACK
6
CONTINUOUS
10
5.5915118110236222
20
-3.4015551181102364
11
5.5934864566929132
21
-3.401684527559055
0
LINE
8
BLACK
6
CONTINUOUS
10
5.5934864566929132
20
-3.401684527559055
11
5.6282813385826769
21
-3.4015551181102364
0
LINE
8
BLACK
6
CONTINUOUS
10
5.6282813385826769
20
-3.4015551181102364
11
5.6299415748031496
21
-3.4016639370078741
0
LINE
8
BLACK
6
CONTINUOUS
10
5.6299415748031496
20
-3.4016639370078741
11
5.6415886614173223
21
-3.4015551181102364
0
LINE
8
BLACK
6
CONTINUOUS
10
5.6415886614173223
20
-3.4015551181102364
11
5.641588700787401
21
-3.4015551181102364
0
LINE
8
BLACK
6
CONTINUOUS
10
5.641588700787401
20
-3.4015551181102364
11
5.6415889370078736
21
-3.4015551181102364
0
LINE
8
BLACK
6
CONTINUOUS
10
5.6415889370078736
20
-3.4015551181102364
11
5.6415896062992124
21
-3.4015551574803147
0
LINE
8
BLACK
6
CONTINUOUS
10
5.6415896062992124
20
-3.4015551574803147
11
5.654826889763779
21
-3.4022052755905512
0
LINE
8
BLACK
6
CONTINUOUS
10
5.654826889763779
20
-3.4022052755905512
11
5.6679375984251967
21
-3.4041499212598425
0
LINE
8
BLACK
6
CONTINUOUS
10
5.6679375984251967
20
-3.4041499212598425
11
5.6807945669291335
21
-3.4073702362204723
0
LINE
8
BLACK
6
CONTINUOUS
10
5.6807945669291335
20
-3.4073702362204723
11
5.6932739763779523
21
-3.4118352755905512
0
LINE
8
BLACK
6
CONTINUOUS
10
5.6932739763779523
20
-3.4118352755905512
11
5.7052556299212593
21
-3.4175020078740155
0
LINE
8
BLACK
6
CONTINUOUS
10
5.7052556299212593
20
-3.4175020078740155
11
5.7166241732283467
21
-3.4243159055118109
0
LINE
8
BLACK
6
CONTINUOUS
10
5.7166241732283467
20
-3.4243159055118109
11
5.7272700787401574
21
-3.4322112598425196
0
LINE
8
BLACK
6
CONTINUOUS
10
5.7272700787401574
20
-3.4322112598425196
11
5.7283903149606301
21
-3.4332265748031494
0
LINE
8
BLACK
6
CONTINUOUS
10
5.7283903149606301
20
-3.4332265748031494
11
5.7298295669291335
21
-3.4340575196850391
0
LINE
8
BLACK
6
CONTINUOUS
10
5.7298295669291335
20
-3.4340575196850391
11
5.7370664566929133
21
-3.44109
0
LINE
8
BLACK
6
CONTINUOUS
10
5.7370664566929133
20
-3.44109
11
5.7370908267716532
21
-3.4411120866141731
0
LINE
8
BLACK
6
CONTINUOUS
10
5.7370908267716532
20
-3.4411120866141731
11
5.737090039370079
21
-3.4411129133858265
0
LINE
8
BLACK
6
CONTINUOUS
10
5.737090039370079
20
-3.4411129133858265
11
5.7370901181102365
21
-3.441112992125984
0
LINE
8
BLACK
6
CONTINUOUS
10
5.7370901181102365
20
-3.441112992125984
11
5.7384270078740158
21
-3.4426374015748031
0
LINE
8
BLACK
6
CONTINUOUS
10
5.7384270078740158
20
-3.4426374015748031
11
5.7705012204724406
21
-3.474524094488189
0
LINE
8
BLACK
6
CONTINUOUS
10
5.7705012204724406
20
-3.474524094488189
11
5.7705020472440944
21
-3.4745250393700786
0
LINE
8
BLACK
6
CONTINUOUS
10
5.7705020472440944
20
-3.4745250393700786
11
5.7794020866141729
21
-3.4843448818897635
0
LINE
8
BLACK
6
CONTINUOUS
10
5.7794020866141729
20
-3.4843448818897635
11
5.7872973622047246
21
-3.4949906692913384
0
LINE
8
BLACK
6
CONTINUOUS
10
5.7872973622047246
20
-3.4949906692913384
11
5.7941111811023625
21
-3.5063590944881891
0
LINE
8
BLACK
6
CONTINUOUS
10
5.7941111811023625
20
-3.5063590944881891
11
5.7997778346456688
21
-3.5183406692913386
0
LINE
8
BLACK
6
CONTINUOUS
10
5.7997778346456688
20
-3.5183406692913386
11
5.8042428346456694
21
-3.5308199606299211
0
LINE
8
BLACK
6
CONTINUOUS
10
5.8042428346456694
20
-3.5308199606299211
11
5.8074631496062992
21
-3.5436768110236221
0
LINE
8
BLACK
6
CONTINUOUS
10
5.8074631496062992
20
-3.5436768110236221
11
5.8094077559055117
21
-3.5567874015748031
0
LINE
8
BLACK
6
CONTINUOUS
10
5.8094077559055117
20
-3.5567874015748031
11
5.810057913385827
21
-3.5700254724409448
0
LINE
8
BLACK
6
CONTINUOUS
10
5.810057913385827
20
-3.5700254724409448
11
5.8100590551181099
21
-3.5700254724409448
0
LINE
8
BLACK
6
CONTINUOUS
10
5.8100590551181099
20
-3.5700254724409448
11
5.8099315354330709
21
-3.5709122047244093
0
LINE
8
BLACK
6
CONTINUOUS
10
5.8099315354330709
20
-3.5709122047244093
11
5.8100590551181099
21
-3.5935039370078741
0
LINE
8
BLACK
6
CONTINUOUS
10
5.8100590551181099
20
-3.5935039370078741
11
5.8099140551181101
21
-3.5957162204724407
0
LINE
8
BLACK
6
CONTINUOUS
10
5.8099140551181101
20
-3.5957162204724407
11
5.8087688976377949
21
-3.5999899606299213
0
LINE
8
BLACK
6
CONTINUOUS
10
5.8087688976377949
20
-3.5999899606299213
11
5.8065566535433071
21
-3.6038217322834645
0
LINE
8
BLACK
6
CONTINUOUS
10
5.8065566535433071
20
-3.6038217322834645
11
5.8034280314960629
21
-3.6069503543307087
0
LINE
8
BLACK
6
CONTINUOUS
10
5.8034280314960629
20
-3.6069503543307087
11
5.8009287007874013
21
-3.6083932677165356
0
LINE
8
BLACK
6
CONTINUOUS
10
5.8009287007874013
20
-3.6083932677165356
11
5.800938346456693
21
-3.6100393700787401
0
LINE
8
BLACK
6
CONTINUOUS
10
5.800938346456693
20
-3.6100393700787401
11
5.8059055118110239
21
-3.6100393700787401
0
LINE
8
BLACK
6
CONTINUOUS
10
5.8059055118110239
20
-3.6100393700787401
11
5.8059055118110239
21
-3.6257874015748031
0
LINE
8
BLACK
6
CONTINUOUS
10
5.8059055118110239
20
-3.6257874015748031
11
5.7803149606299211
21
-3.6257874015748031
0
LINE
8
BLACK
6
CONTINUOUS
10
5.7803149606299211
20
-3.6257874015748031
11
5.7803149606299211
21
-3.6100393700787401
0
LINE
8
BLACK
6
CONTINUOUS
10
5.7803149606299211
20
-3.6100393700787401
11
5.7853326377952756
21
-3.6100393700787401
0
LINE
8
BLACK
6
CONTINUOUS
10
5.7853326377952756
20
-3.6100393700787401
11
5.7853231496062989
21
-3.6084114173228348
0
LINE
8
BLACK
6
CONTINUOUS
10
5.7853231496062989
20
-3.6084114173228348
11
5.7827924409448821
21
-3.6069503543307087
0
LINE
8
BLACK
6
CONTINUOUS
10
5.7827924409448821
20
-3.6069503543307087
11
5.7796638188976379
21
-3.6038217322834645
0
LINE
8
BLACK
6
CONTINUOUS
10
5.7796638188976379
20
-3.6038217322834645
11
5.7774515748031492
21
-3.5999899606299213
0
LINE
8
BLACK
6
CONTINUOUS
10
5.7774515748031492
20
-3.5999899606299213
11
5.7763064173228349
21
-3.5957162204724407
0
LINE
8
BLACK
6
CONTINUOUS
10
5.7763064173228349
20
-3.5957162204724407
11
5.7761614173228342
21
-3.5833328346456694
0
LINE
8
BLACK
6
CONTINUOUS
10
5.7761614173228342
20
-3.5833328346456694
11
5.7762305511811025
21
-3.5822777165354331
0
LINE
8
BLACK
6
CONTINUOUS
10
5.7762305511811025
20
-3.5822777165354331
11
5.7761614173228342
21
-3.5700252362204723
0
LINE
8
BLACK
6
CONTINUOUS
10
5.7761614173228342
20
-3.5700252362204723
11
5.7761614173228342
21
-3.5700249999999998
0
LINE
8
BLACK
6
CONTINUOUS
10
5.7761614173228342
20
-3.5700249999999998
11
5.7761602755905512
21
-3.5700249999999998
0
LINE
8
BLACK
6
CONTINUOUS
10
5.7761602755905512
20
-3.5700249999999998
11
5.7761603543307087
21
-3.564343937007874
0
LINE
8
BLACK
6
CONTINUOUS
10
5.7761603543307087
20
-3.564343937007874
11
5.7748883464566925
21
-3.5530532283464566
0
LINE
8
BLACK
6
CONTINUOUS
10
5.7748883464566925
20
-3.5530532283464566
11
5.7723601968503937
21
-3.5419759448818895
0
LINE
8
BLACK
6
CONTINUOUS
10
5.7723601968503937
20
-3.5419759448818895
11
5.7686076377952755
21
-3.5312513779527559
0
LINE
8
BLACK
6
CONTINUOUS
10
5.7686076377952755
20
-3.5312513779527559
11
5.7636779133858269
21
-3.5210143700787402
0
LINE
8
BLACK
6
CONTINUOUS
10
5.7636779133858269
20
-3.5210143700787402
11
5.7576329921259841
21
-3.5113937007874014
0
LINE
8
BLACK
6
CONTINUOUS
10
5.7576329921259841
20
-3.5113937007874014
11
5.7505488976377954
21
-3.5025103543307088
0
LINE
8
BLACK
6
CONTINUOUS
10
5.7505488976377954
20
-3.5025103543307088
11
5.7465318110236216
21
-3.4984932283464567
0
LINE
8
BLACK
6
CONTINUOUS
10
5.7465318110236216
20
-3.4984932283464567
11
5.7465318503937004
21
-3.498493188976378
0
LINE
8
BLACK
6
CONTINUOUS
10
5.7465318503937004
20
-3.498493188976378
11
5.7459602755905514
21
-3.4977296850393702
0
LINE
8
BLACK
6
CONTINUOUS
10
5.7459602755905514
20
-3.4977296850393702
11
5.7131211417322829
21
-3.4650824803149605
0
LINE
8
BLACK
6
CONTINUOUS
10
5.7131211417322829
20
-3.4650824803149605
11
5.7131209842519688
21
-3.4650823622047242
0
LINE
8
BLACK
6
CONTINUOUS
10
5.7131209842519688
20
-3.4650823622047242
11
5.7131209842519688
21
-3.4650823228346455
0
LINE
8
BLACK
6
CONTINUOUS
10
5.7131209842519688
20
-3.4650823228346455
11
5.7131209055118113
21
-3.465082244094488
0
LINE
8
BLACK
6
CONTINUOUS
10
5.7131209055118113
20
-3.465082244094488
11
5.7131096456692916
21
-3.465069409448819
0
LINE
8
BLACK
6
CONTINUOUS
10
5.7131096456692916
20
-3.465069409448819
11
5.7091046062992126
21
-3.4610644488188975
0
LINE
8
BLACK
6
CONTINUOUS
10
5.7091046062992126
20
-3.4610644488188975
11
5.7002211417322837
21
-3.4539802755905513
0
LINE
8
BLACK
6
CONTINUOUS
10
5.7002211417322837
20
-3.4539802755905513
11
5.6906003937007874
21
-3.447935275590551
0
LINE
8
BLACK
6
CONTINUOUS
10
5.6906003937007874
20
-3.447935275590551
11
5.680363267716535
21
-3.4430054724409449
0
LINE
8
BLACK
6
CONTINUOUS
10
5.680363267716535
20
-3.4430054724409449
11
5.6696385826771651
21
-3.4392529133858267
0
LINE
8
BLACK
6
CONTINUOUS
10
5.6696385826771651
20
-3.4392529133858267
11
5.6585611417322834
21
-3.43672468503937
0
LINE
8
BLACK
6
CONTINUOUS
10
5.6585611417322834
20
-3.43672468503937
11
5.6472703149606298
21
-3.4354526771653542
0
LINE
8
BLACK
6
CONTINUOUS
10
5.6472703149606298
20
-3.4354526771653542
11
5.6415891732283461
21
-3.4354527559055117
0
LINE
8
BLACK
6
CONTINUOUS
10
5.6415891732283461
20
-3.4354527559055117
11
5.6415890944881886
21
-3.4354527165354329
0
LINE
8
BLACK
6
CONTINUOUS
10
5.6415890944881886
20
-3.4354527165354329
11
5.6415889370078736
21
-3.4354527559055117
0
LINE
8
BLACK
6
CONTINUOUS
10
5.6415889370078736
20
-3.4354527559055117
11
5.639928661417323
21
-3.4353438976377952
0
LINE
8
BLACK
6
CONTINUOUS
10
5.639928661417323
20
-3.4353438976377952
11
5.6282813385826769
21
-3.4354527559055117
0
LINE
8
BLACK
6
CONTINUOUS
10
5.6282813385826769
20
-3.4354527559055117
11
5.6263066535433071
21
-3.4353233070866143
0
LINE
8
BLACK
6
CONTINUOUS
10
5.6263066535433071
20
-3.4353233070866143
11
5.5915118110236222
21
-3.4354527559055117
0
LINE
8
BLACK
6
CONTINUOUS
10
5.5915118110236222
20
-3.4354527559055117
11
5.5894491338582677
21
-3.4353175590551182
0
LINE
8
BLACK
6
CONTINUOUS
10
5.5894491338582677
20
-3.4353175590551182
11
5.571167204724409
21
-3.4353594881889764
0
LINE
8
BLACK
6
CONTINUOUS
10
5.571167204724409
20
-3.4353594881889764
11
5.568001692913386
21
-3.4417166929133858
0
LINE
8
BLACK
6
CONTINUOUS
10
5.568001692913386
20
-3.4417166929133858
11
5.5630980314960627
21
-3.4482101968503938
0
LINE
8
BLACK
6
CONTINUOUS
10
5.5630980314960627
20
-3.4482101968503938
11
5.5570846850393698
21
-3.4536920866141729
0
LINE
8
BLACK
6
CONTINUOUS
10
5.5570846850393698
20
-3.4536920866141729
11
5.5501664173228349
21
-3.4579757086614173
0
LINE
8
BLACK
6
CONTINUOUS
10
5.5501664173228349
20
-3.4579757086614173
11
5.5425788582677162
21
-3.460915157480315
0
LINE
8
BLACK
6
CONTINUOUS
10
5.5425788582677162
20
-3.460915157480315
11
5.5345803543307088
21
-3.4624103149606298
0
LINE
8
BLACK
6
CONTINUOUS
10
5.5345803543307088
20
-3.4624103149606298
11
5.5264432677165356
21
-3.4624103149606298
0
LINE
8
BLACK
6
CONTINUOUS
10
5.5264432677165356
20
-3.4624103149606298
11
5.5184447637795273
21
-3.460915157480315
0
LINE
8
BLACK
6
CONTINUOUS
10
5.5184447637795273
20
-3.460915157480315
11
5.5108572047244095
21
-3.4579757086614173
0
LINE
8
BLACK
6
CONTINUOUS
10
5.5108572047244095
20
-3.4579757086614173
11
5.5039389370078737
21
-3.4536920866141729
0
LINE
8
BLACK
6
CONTINUOUS
10
5.5039389370078737
20
-3.4536920866141729
11
5.4979255905511808
21
-3.4482101968503938
0
LINE
8
BLACK
6
CONTINUOUS
10
5.4979255905511808
20
-3.4482101968503938
11
5.4930219291338584
21
-3.4417166929133858
0
LINE
8
BLACK
6
CONTINUOUS
10
5.4930219291338584
20
-3.4417166929133858
11
5.4893949212598425
21
-3.4344327165354329
0
LINE
8
BLACK
6
CONTINUOUS
10
5.4893949212598425
20
-3.4344327165354329
11
5.4871681102362206
21
-3.4266062598425195
0
LINE
8
BLACK
6
CONTINUOUS
10
5.4871681102362206
20
-3.4266062598425195
11
5.4864173228346456
21
-3.4185039370078738
0
LINE
8
BLACK
6
CONTINUOUS
10
5.4864173228346456
20
-3.4185039370078738
11
5.4871681102362206
21
-3.4104016141732281
0
LINE
8
BLACK
6
CONTINUOUS
10
5.4871681102362206
20
-3.4104016141732281
11
5.4893949212598425
21
-3.4025751574803147
0
LINE
8
BLACK
6
CONTINUOUS
10
5.4893949212598425
20
-3.4025751574803147
11
5.4930219291338584
21
-3.3952911811023623
0
LINE
8
BLACK
6
CONTINUOUS
10
5.4930219291338584
20
-3.3952911811023623
11
5.4979255905511808
21
-3.3887976771653543
0
LINE
8
BLACK
6
CONTINUOUS
10
5.4979255905511808
20
-3.3887976771653543
11
5.5039389370078737
21
-3.3833157874015747
0
LINE
8
BLACK
6
CONTINUOUS
10
5.5039389370078737
20
-3.3833157874015747
11
5.5108572047244095
21
-3.3790321653543307
0
LINE
8
BLACK
6
CONTINUOUS
10
5.5108572047244095
20
-3.3790321653543307
11
5.5184447637795273
21
-3.3760927165354331
0
LINE
8
BLACK
6
CONTINUOUS
10
5.5184447637795273
20
-3.3760927165354331
11
5.5264432677165356
21
-3.3745975590551178
0
LINE
8
BLACK
6
CONTINUOUS
10
5.5264432677165356
20
-3.3745975590551178
11
5.5345803543307088
21
-3.3745975590551178
0
LINE
8
BLACK
6
CONTINUOUS
10
5.5345803543307088
20
-3.3745975590551178
11
5.5425788582677162
21
-3.3760927165354331
0
LINE
8
BLACK
6
CONTINUOUS
10
6.368247716535433
20
-3.5637924803149605
11
6.357363346456693
21
-3.5637924803149605
0
LINE
8
BLACK
6
CONTINUOUS
10
6.357363346456693
20
-3.5637924803149605
11
6.3574606299212597
21
-3.6035039370078739
0
LINE
8
BLACK
6
CONTINUOUS
10
6.3574606299212597
20
-3.6035039370078739
11
6.3573156299212599
21
-3.6057162204724409
0
LINE
8
BLACK
6
CONTINUOUS
10
6.3573156299212599
20
-3.6057162204724409
11
6.3561704724409447
21
-3.6099899606299211
0
LINE
8
BLACK
6
CONTINUOUS
10
6.3561704724409447
20
-3.6099899606299211
11
6.3557086614173226
21
-3.6107898425196852
0
LINE
8
BLACK
6
CONTINUOUS
10
6.3557086614173226
20
-3.6107898425196852
11
6.3557086614173226
21
-3.6257874015748031
0
LINE
8
BLACK
6
CONTINUOUS
10
6.3557086614173226
20
-3.6257874015748031
11
6.3301181102362207
21
-3.6257874015748031
0
LINE
8
BLACK
6
CONTINUOUS
10
6.3301181102362207
20
-3.6257874015748031
11
6.3301181102362207
21
-3.6168744488188977
0
LINE
8
BLACK
6
CONTINUOUS
10
6.3301181102362207
20
-3.6168744488188977
11
6.3270653937007877
21
-3.6138217322834647
0
LINE
8
BLACK
6
CONTINUOUS
10
6.3270653937007877
20
-3.6138217322834647
11
6.324853149606299
21
-3.6099899606299211
0
LINE
8
BLACK
6
CONTINUOUS
10
6.324853149606299
20
-3.6099899606299211
11
6.3237079921259838
21
-3.6057162204724409
0
LINE
8
BLACK
6
CONTINUOUS
10
6.3237079921259838
20
-3.6057162204724409
11
6.323605275590551
21
-3.5637924803149605
0
LINE
8
BLACK
6
CONTINUOUS
10
6.323605275590551
20
-3.5637924803149605
11
6.3132477165354333
21
-3.5637924803149605
0
LINE
8
BLACK
6
CONTINUOUS
10
6.3132477165354333
20
-3.5637924803149605
11
6.3132477165354333
21
-3.5287924803149604
0
LINE
8
BLACK
6
CONTINUOUS
10
6.3132477165354333
20
-3.5287924803149604
11
6.368247716535433
21
-3.5287924803149604
0
LINE
8
BLACK
6
CONTINUOUS
10
6.368247716535433
20
-3.5287924803149604
11
6.368247716535433
21
-3.5637924803149605
0
LINE
8
BLACK
6
CONTINUOUS
10
6.6425788582677168
20
-3.3760927165354331
11
6.6501664173228345
21
-3.3790321653543307
0
LINE
8
BLACK
6
CONTINUOUS
10
6.6501664173228345
20
-3.3790321653543307
11
6.6570846850393703
21
-3.3833157874015747
0
LINE
8
BLACK
6
CONTINUOUS
10
6.6570846850393703
20
-3.3833157874015747
11
6.6630980314960633
21
-3.3887976771653543
0
LINE
8
BLACK
6
CONTINUOUS
10
6.6630980314960633
20
-3.3887976771653543
11
6.6680016929133856
21
-3.3952911811023623
0
LINE
8
BLACK
6
CONTINUOUS
10
6.6680016929133856
20
-3.3952911811023623
11
6.6716287007874016
21
-3.4025751574803147
0
LINE
8
BLACK
6
CONTINUOUS
10
6.6716287007874016
20
-3.4025751574803147
11
6.6738555118110234
21
-3.4104016141732281
0
LINE
8
BLACK
6
CONTINUOUS
10
6.6738555118110234
20
-3.4104016141732281
11
6.6746062992125985
21
-3.4185039370078738
0
LINE
8
BLACK
6
CONTINUOUS
10
6.6746062992125985
20
-3.4185039370078738
11
6.6738555118110234
21
-3.4266062598425195
0
LINE
8
BLACK
6
CONTINUOUS
10
6.6738555118110234
20
-3.4266062598425195
11
6.6716287007874016
21
-3.4344327165354329
0
LINE
8
BLACK
6
CONTINUOUS
10
6.6716287007874016
20
-3.4344327165354329
11
6.6680016929133856
21
-3.4417166929133858
0
LINE
8
BLACK
6
CONTINUOUS
10
6.6680016929133856
20
-3.4417166929133858
11
6.6630980314960633
21
-3.4482101968503938
0
LINE
8
BLACK
6
CONTINUOUS
10
6.6630980314960633
20
-3.4482101968503938
11
6.6570846850393703
21
-3.4536920866141729
0
LINE
8
BLACK
6
CONTINUOUS
10
6.6570846850393703
20
-3.4536920866141729
11
6.6501664173228345
21
-3.4579757086614173
0
LINE
8
BLACK
6
CONTINUOUS
10
6.6501664173228345
20
-3.4579757086614173
11
6.6425788582677168
21
-3.460915157480315
0
LINE
8
BLACK
6
CONTINUOUS
10
6.6425788582677168
20
-3.460915157480315
11
6.6345803543307085
21
-3.4624103149606298
0
LINE
8
BLACK
6
CONTINUOUS
10
6.6345803543307085
20
-3.4624103149606298
11
6.6264432677165352
21
-3.4624103149606298
0
LINE
8
BLACK
6
CONTINUOUS
10
6.6264432677165352
20
-3.4624103149606298
11
6.6184447637795278
21
-3.460915157480315
0
LINE
8
BLACK
6
CONTINUOUS
10
6.6184447637795278
20
-3.460915157480315
11
6.6108572047244092
21
-3.4579757086614173
0
LINE
8
BLACK
6
CONTINUOUS
10
6.6108572047244092
20
-3.4579757086614173
11
6.6039389370078743
21
-3.4536920866141729
0
LINE
8
BLACK
6
CONTINUOUS
10
6.6039389370078743
20
-3.4536920866141729
11
6.5979255905511813
21
-3.4482101968503938
0
LINE
8
BLACK
6
CONTINUOUS
10
6.5979255905511813
20
-3.4482101968503938
11
6.5930219291338581
21
-3.4417166929133858
0
LINE
8
BLACK
6
CONTINUOUS
10
6.5930219291338581
20
-3.4417166929133858
11
6.5898454724409445
21
-3.4353375196850391
0
LINE
8
BLACK
6
CONTINUOUS
10
6.5898454724409445
20
-3.4353375196850391
11
6.4515802755905511
21
-3.4354336220472441
0
LINE
8
BLACK
6
CONTINUOUS
10
6.4515802755905511
20
-3.4354336220472441
11
6.4515802755905511
21
-3.4360039370078739
0
LINE
8
BLACK
6
CONTINUOUS
10
6.4515802755905511
20
-3.4360039370078739
11
6.4048683464566931
21
-3.4360039370078739
0
LINE
8
BLACK
6
CONTINUOUS
10
6.4048683464566931
20
-3.4360039370078739
11
6.4033034251968504
21
-3.436315157480315
0
LINE
8
BLACK
6
CONTINUOUS
10
6.4033034251968504
20
-3.436315157480315
11
6.3992231102362203
21
-3.4380051181102362
0
LINE
8
BLACK
6
CONTINUOUS
10
6.3992231102362203
20
-3.4380051181102362
11
6.3955509055118105
21
-3.4404587007874015
0
LINE
8
BLACK
6
CONTINUOUS
10
6.3955509055118105
20
-3.4404587007874015
11
6.3939893700787396
21
-3.4420200787401574
0
LINE
8
BLACK
6
CONTINUOUS
10
6.3939893700787396
20
-3.4420200787401574
11
6.3932165748031498
21
-3.4425985039370079
0
LINE
8
BLACK
6
CONTINUOUS
10
6.3932165748031498
20
-3.4425985039370079
11
6.368247716535433
21
-3.4676872047244092
0
LINE
8
BLACK
6
CONTINUOUS
10
6.368247716535433
20
-3.4676872047244092
11
6.368247716535433
21
-3.4887924803149604
0
LINE
8
BLACK
6
CONTINUOUS
10
6.368247716535433
20
-3.4887924803149604
11
6.3132477165354333
21
-3.4887924803149604
0
LINE
8
BLACK
6
CONTINUOUS
10
6.3132477165354333
20
-3.4887924803149604
11
6.3132477165354333
21
-3.4537924803149607
0
LINE
8
BLACK
6
CONTINUOUS
10
6.3132477165354333
20
-3.4537924803149607
11
6.3344492125984253
21
-3.4537924803149607
0
LINE
8
BLACK
6
CONTINUOUS
10
6.3344492125984253
20
-3.4537924803149607
11
6.3700203937007869
21
-3.4180505511811021
0
LINE
8
BLACK
6
CONTINUOUS
10
6.3700203937007869
20
-3.4180505511811021
11
6.3700205905511806
21
-3.4180503149606301
0
LINE
8
BLACK
6
CONTINUOUS
10
6.3700205905511806
20
-3.4180503149606301
11
6.3700207086614169
21
-3.4180502362204725
0
LINE
8
BLACK
6
CONTINUOUS
10
6.3700207086614169
20
-3.4180502362204725
11
6.3709081102362202
21
-3.4172720472440945
0
LINE
8
BLACK
6
CONTINUOUS
10
6.3709081102362202
20
-3.4172720472440945
11
6.3716872440944883
21
-3.4165887401574802
0
LINE
8
BLACK
6
CONTINUOUS
10
6.3716872440944883
20
-3.4165887401574802
11
6.371687440944882
21
-3.4165885826771651
0
LINE
8
BLACK
6
CONTINUOUS
10
6.371687440944882
20
-3.4165885826771651
11
6.3755595275590551
21
-3.4131931102362203
0
LINE
8
BLACK
6
CONTINUOUS
10
6.3755595275590551
20
-3.4131931102362203
11
6.3816849212598425
21
-3.4091004724409446
0
LINE
8
BLACK
6
CONTINUOUS
10
6.3816849212598425
20
-3.4091004724409446
11
6.3882921259842522
21
-3.405842401574803
0
LINE
8
BLACK
6
CONTINUOUS
10
6.3882921259842522
20
-3.405842401574803
11
6.395268070866142
21
-3.4034746456692915
0
LINE
8
BLACK
6
CONTINUOUS
10
6.395268070866142
20
-3.4034746456692915
11
6.3965802755905514
21
-3.4032136614173227
0
LINE
8
BLACK
6
CONTINUOUS
10
6.3965802755905514
20
-3.4032136614173227
11
6.3965802755905514
21
-3.4010039370078737
0
LINE
8
BLACK
6
CONTINUOUS
10
6.3965802755905514
20
-3.4010039370078737
11
6.4515802755905511
21
-3.4010039370078737
0
LINE
8
BLACK
6
CONTINUOUS
10
6.4515802755905511
20
-3.4010039370078737
11
6.4515802755905511
21
-3.4016794488188977
0
LINE
8
BLACK
6
CONTINUOUS
10
6.4515802755905511
20
-3.4016794488188977
11
6.5898887795275591
21
-3.4015833464566927
0
LINE
8
BLACK
6
CONTINUOUS
10
6.5898887795275591
20
-3.4015833464566927
11
6.5930219291338581
21
-3.3952911811023623
0
LINE
8
BLACK
6
CONTINUOUS
10
6.5930219291338581
20
-3.3952911811023623
11
6.5979255905511813
21
-3.3887976771653543
0
LINE
8
BLACK
6
CONTINUOUS
10
6.5979255905511813
20
-3.3887976771653543
11
6.6039389370078743
21
-3.3833157874015747
0
LINE
8
BLACK
6
CONTINUOUS
10
6.6039389370078743
20
-3.3833157874015747
11
6.6108572047244092
21
-3.3790321653543307
0
LINE
8
BLACK
6
CONTINUOUS
10
6.6108572047244092
20
-3.3790321653543307
11
6.6184447637795278
21
-3.3760927165354331
0
LINE
8
BLACK
6
CONTINUOUS
10
6.6184447637795278
20
-3.3760927165354331
11
6.6264432677165352
21
-3.3745975590551178
0
LINE
8
BLACK
6
CONTINUOUS
10
6.6264432677165352
20
-3.3745975590551178
11
6.6345803543307085
21
-3.3745975590551178
0
LINE
8
BLACK
6
CONTINUOUS
10
6.6345803543307085
20
-3.3745975590551178
11
6.6425788582677168
21
-3.3760927165354331
0
LINE
8
BLACK
6
CONTINUOUS
10
5.8605118110236223
20
-3.0235039370078738
11
5.8461674409448818
21
-3.0235039370078738
0
LINE
8
BLACK
6
CONTINUOUS
10
5.8461674409448818
20
-3.0235039370078738
11
5.8462202362204723
21
-3.0635039370078738
0
LINE
8
BLACK
6
CONTINUOUS
10
5.8462202362204723
20
-3.0635039370078738
11
5.8605118110236223
21
-3.0635039370078738
0
LINE
8
BLACK
6
CONTINUOUS
10
5.8605118110236223
20
-3.0635039370078738
11
5.8605118110236223
21
-3.1235039370078739
0
LINE
8
BLACK
6
CONTINUOUS
10
5.8605118110236223
20
-3.1235039370078739
11
5.846185196850394
21
-3.1235039370078739
0
LINE
8
BLACK
6
CONTINUOUS
10
5.846185196850394
20
-3.1235039370078739
11
5.846259842519685
21
-3.1633453937007872
0
LINE
8
BLACK
6
CONTINUOUS
10
5.846259842519685
20
-3.1633453937007872
11
5.8461251181102361
21
-3.1654009055118109
0
LINE
8
BLACK
6
CONTINUOUS
10
5.8461251181102361
20
-3.1654009055118109
11
5.8450611023622043
21
-3.1693718897637795
0
LINE
8
BLACK
6
CONTINUOUS
10
5.8450611023622043
20
-3.1693718897637795
11
5.8430055511811023
21
-3.1729322047244093
0
LINE
8
BLACK
6
CONTINUOUS
10
5.8430055511811023
20
-3.1729322047244093
11
5.8154842519685035
21
-3.2005334251968502
0
LINE
8
BLACK
6
CONTINUOUS
10
5.8154842519685035
20
-3.2005334251968502
11
5.8154842519685035
21
-3.2630186220472441
0
LINE
8
BLACK
6
CONTINUOUS
10
5.8154842519685035
20
-3.2630186220472441
11
5.71705905511811
21
-3.2630186220472441
0
LINE
8
BLACK
6
CONTINUOUS
10
5.71705905511811
20
-3.2630186220472441
11
5.71705905511811
21
-3.1921524803149603
0
LINE
8
BLACK
6
CONTINUOUS
10
5.71705905511811
20
-3.1921524803149603
11
5.7795493307086616
21
-3.1921524803149603
0
LINE
8
BLACK
6
CONTINUOUS
10
5.7795493307086616
20
-3.1921524803149603
11
5.8148822047244098
21
-3.1567168897637794
0
LINE
8
BLACK
6
CONTINUOUS
10
5.8148822047244098
20
-3.1567168897637794
11
5.8148200000000001
21
-3.1235039370078739
0
LINE
8
BLACK
6
CONTINUOUS
10
5.8148200000000001
20
-3.1235039370078739
11
5.8005118110236218
21
-3.1235039370078739
0
LINE
8
BLACK
6
CONTINUOUS
10
5.8005118110236218
20
-3.1235039370078739
11
5.8005118110236218
21
-3.0635039370078738
0
LINE
8
BLACK
6
CONTINUOUS
10
5.8005118110236218
20
-3.0635039370078738
11
5.8148561811023622
21
-3.0635039370078738
0
LINE
8
BLACK
6
CONTINUOUS
10
5.8148561811023622
20
-3.0635039370078738
11
5.8148033858267718
21
-3.0235039370078738
0
LINE
8
BLACK
6
CONTINUOUS
10
5.8148033858267718
20
-3.0235039370078738
11
5.8005118110236218
21
-3.0235039370078738
0
LINE
8
BLACK
6
CONTINUOUS
10
5.8005118110236218
20
-3.0235039370078738
11
5.8005118110236218
21
-2.9635039370078737
0
LINE
8
BLACK
6
CONTINUOUS
10
5.8005118110236218
20
-2.9635039370078737
11
5.8605118110236223
21
-2.9635039370078737
0
LINE
8
BLACK
6
CONTINUOUS
10
5.8605118110236223
20
-2.9635039370078737
11
5.8605118110236223
21
-3.0235039370078738
0
LINE
8
BLACK
6
CONTINUOUS
10
6.4827911811023622
20
-3.1791011023622047
11
6.4833697637795273
21
-3.1791011023622047
0
LINE
8
BLACK
6
CONTINUOUS
10
6.4833697637795273
20
-3.1791011023622047
11
6.4839099212598423
21
-3.1793248425196849
0
LINE
8
BLACK
6
CONTINUOUS
10
6.4839099212598423
20
-3.1793248425196849
11
6.4844832677165352
21
-3.179439527559055
0
LINE
8
BLACK
6
CONTINUOUS
10
6.4844832677165352
20
-3.179439527559055
11
6.4849640551181098
21
-3.1797614960629921
0
LINE
8
BLACK
6
CONTINUOUS
10
6.4849640551181098
20
-3.1797614960629921
11
6.4854985826771649
21
-3.1799829133858268
0
LINE
8
BLACK
6
CONTINUOUS
10
6.4854985826771649
20
-3.1799829133858268
11
6.4859118897637797
21
-3.1803962204724407
0
LINE
8
BLACK
6
CONTINUOUS
10
6.4859118897637797
20
-3.1803962204724407
11
6.4863978346456692
21
-3.1807216535433072
0
LINE
8
BLACK
6
CONTINUOUS
10
6.4863978346456692
20
-3.1807216535433072
11
6.4867188582677162
21
-3.1812031889763777
0
LINE
8
BLACK
6
CONTINUOUS
10
6.4867188582677162
20
-3.1812031889763777
11
6.4871278740157479
21
-3.1816122047244093
0
LINE
8
BLACK
6
CONTINUOUS
10
6.4871278740157479
20
-3.1816122047244093
11
6.4873515748031494
21
-3.1821522834645668
0
LINE
8
BLACK
6
CONTINUOUS
10
6.4873515748031494
20
-3.1821522834645668
11
6.487676023622047
21
-3.1826389370078738
0
LINE
8
BLACK
6
CONTINUOUS
10
6.487676023622047
20
-3.1826389370078738
11
6.487788307086614
21
-3.1832065748031497
0
LINE
8
BLACK
6
CONTINUOUS
10
6.487788307086614
20
-3.1832065748031497
11
6.48800968503937
21
-3.1837410236220474
0
LINE
8
BLACK
6
CONTINUOUS
10
6.48800968503937
20
-3.1837410236220474
11
6.4880113385826768
21
-3.184334094488189
0
LINE
8
BLACK
6
CONTINUOUS
10
6.4880113385826768
20
-3.184334094488189
11
6.4881231496062988
21
-3.1848993307086615
0
LINE
8
BLACK
6
CONTINUOUS
10
6.4881231496062988
20
-3.1848993307086615
11
6.4880144488188973
21
-3.1854427952755904
0
LINE
8
BLACK
6
CONTINUOUS
10
6.4880144488188973
20
-3.1854427952755904
11
6.4881231496062988
21
-3.2242632283464565
0
LINE
8
BLACK
6
CONTINUOUS
10
6.4881231496062988
20
-3.2242632283464565
11
6.48800968503937
21
-3.2254153543307087
0
LINE
8
BLACK
6
CONTINUOUS
10
6.48800968503937
20
-3.2254153543307087
11
6.4871278740157479
21
-3.2275441732283463
0
LINE
8
BLACK
6
CONTINUOUS
10
6.4871278740157479
20
-3.2275441732283463
11
6.4854985826771649
21
-3.2291734645669292
0
LINE
8
BLACK
6
CONTINUOUS
10
6.4854985826771649
20
-3.2291734645669292
11
6.4833697637795273
21
-3.2300552755905509
0
LINE
8
BLACK
6
CONTINUOUS
10
6.4833697637795273
20
-3.2300552755905509
11
6.4810655118110239
21
-3.2300552755905509
0
LINE
8
BLACK
6
CONTINUOUS
10
6.4810655118110239
20
-3.2300552755905509
11
6.4789366929133854
21
-3.2291734645669292
0
LINE
8
BLACK
6
CONTINUOUS
10
6.4789366929133854
20
-3.2291734645669292
11
6.4773074015748033
21
-3.2275441732283463
0
LINE
8
BLACK
6
CONTINUOUS
10
6.4773074015748033
20
-3.2275441732283463
11
6.4764255905511812
21
-3.2254153543307087
0
LINE
8
BLACK
6
CONTINUOUS
10
6.4764255905511812
20
-3.2254153543307087
11
6.4763426377952751
21
-3.1957938188976378
0
LINE
8
BLACK
6
CONTINUOUS
10
6.4763426377952751
20
-3.1957938188976378
11
6.426438307086614
21
-3.2291769291338581
0
LINE
8
BLACK
6
CONTINUOUS
10
6.426438307086614
20
-3.2291769291338581
11
6.4254167322834643
21
-3.2297215748031496
0
LINE
8
BLACK
6
CONTINUOUS
10
6.4254167322834643
20
-3.2297215748031496
11
6.4248492125984251
21
-3.2298338188976379
0
LINE
8
BLACK
6
CONTINUOUS
10
6.4248492125984251
20
-3.2298338188976379
11
6.4243146456692912
21
-3.2300552755905509
0
LINE
8
BLACK
6
CONTINUOUS
10
6.4243146456692912
20
-3.2300552755905509
11
6.4237298818897637
21
-3.2300552755905509
0
LINE
8
BLACK
6
CONTINUOUS
10
6.4237298818897637
20
-3.2300552755905509
11
6.4231562992125983
21
-3.2301687401574801
0
LINE
8
BLACK
6
CONTINUOUS
10
6.4231562992125983
20
-3.2301687401574801
11
6.4225889763779529
21
-3.2300552755905509
0
LINE
8
BLACK
6
CONTINUOUS
10
6.4225889763779529
20
-3.2300552755905509
11
6.4220103937007869
21
-3.2300552755905509
0
LINE
8
BLACK
6
CONTINUOUS
10
6.4220103937007869
20
-3.2300552755905509
11
6.421470196850394
21
-3.2298314960629919
0
LINE
8
BLACK
6
CONTINUOUS
10
6.421470196850394
20
-3.2298314960629919
11
6.420896889763779
21
-3.2297168503937006
0
LINE
8
BLACK
6
CONTINUOUS
10
6.420896889763779
20
-3.2297168503937006
11
6.4204160629921256
21
-3.2293948425196848
0
LINE
8
BLACK
6
CONTINUOUS
10
6.4204160629921256
20
-3.2293948425196848
11
6.4198815748031492
21
-3.2291734645669292
0
LINE
8
BLACK
6
CONTINUOUS
10
6.4198815748031492
20
-3.2291734645669292
11
6.4194682283464566
21
-3.2287601181102361
0
LINE
8
BLACK
6
CONTINUOUS
10
6.4194682283464566
20
-3.2287601181102361
11
6.4189823228346459
21
-3.2284347244094489
0
LINE
8
BLACK
6
CONTINUOUS
10
6.4189823228346459
20
-3.2284347244094489
11
6.418661299212598
21
-3.227953188976378
0
LINE
8
BLACK
6
CONTINUOUS
10
6.418661299212598
20
-3.227953188976378
11
6.4182522834645672
21
-3.2275441732283463
0
LINE
8
BLACK
6
CONTINUOUS
10
6.4182522834645672
20
-3.2275441732283463
11
6.4180285039370073
21
-3.2270039370078738
0
LINE
8
BLACK
6
CONTINUOUS
10
6.4180285039370073
20
-3.2270039370078738
11
6.417704173228346
21
-3.2265174409448818
0
LINE
8
BLACK
6
CONTINUOUS
10
6.417704173228346
20
-3.2265174409448818
11
6.4175918897637798
21
-3.2259499212598426
0
LINE
8
BLACK
6
CONTINUOUS
10
6.4175918897637798
20
-3.2259499212598426
11
6.4173704724409451
21
-3.2254153543307087
0
LINE
8
BLACK
6
CONTINUOUS
10
6.4173704724409451
20
-3.2254153543307087
11
6.4173687795275587
21
-3.2248221653543307
0
LINE
8
BLACK
6
CONTINUOUS
10
6.4173687795275587
20
-3.2248221653543307
11
6.4172570078740154
21
-3.2242570078740158
0
LINE
8
BLACK
6
CONTINUOUS
10
6.4172570078740154
20
-3.2242570078740158
11
6.4173656692913381
21
-3.2237135039370077
0
LINE
8
BLACK
6
CONTINUOUS
10
6.4173656692913381
20
-3.2237135039370077
11
6.4172570078740154
21
-3.1848931496062991
0
LINE
8
BLACK
6
CONTINUOUS
10
6.4172570078740154
20
-3.1848931496062991
11
6.4173704724409451
21
-3.1837410236220474
0
LINE
8
BLACK
6
CONTINUOUS
10
6.4173704724409451
20
-3.1837410236220474
11
6.4182522834645672
21
-3.1816122047244093
0
LINE
8
BLACK
6
CONTINUOUS
10
6.4182522834645672
20
-3.1816122047244093
11
6.4198815748031492
21
-3.1799829133858268
0
LINE
8
BLACK
6
CONTINUOUS
10
6.4198815748031492
20
-3.1799829133858268
11
6.4220103937007869
21
-3.1791011023622047
0
LINE
8
BLACK
6
CONTINUOUS
10
6.4220103937007869
20
-3.1791011023622047
11
6.4243146456692912
21
-3.1791011023622047
0
LINE
8
BLACK
6
CONTINUOUS
10
6.4243146456692912
20
-3.1791011023622047
11
6.4264434645669288
21
-3.1799829133858268
0
LINE
8
BLACK
6
CONTINUOUS
10
6.4264434645669288
20
-3.1799829133858268
11
6.4280727559055117
21
-3.1816122047244093
0
LINE
8
BLACK
6
CONTINUOUS
10
6.4280727559055117
20
-3.1816122047244093
11
6.4289545669291339
21
-3.1837410236220474
0
LINE
8
BLACK
6
CONTINUOUS
10
6.4289545669291339
20
-3.1837410236220474
11
6.4290374803149604
21
-3.2133625196850395
0
LINE
8
BLACK
6
CONTINUOUS
10
6.4290374803149604
20
-3.2133625196850395
11
6.4789418503937011
21
-3.1799794488188975
0
LINE
8
BLACK
6
CONTINUOUS
10
6.4789418503937011
20
-3.1799794488188975
11
6.4799634251968499
21
-3.1794347637795273
0
LINE
8
BLACK
6
CONTINUOUS
10
6.4799634251968499
20
-3.1794347637795273
11
6.4805310629921262
21
-3.1793224409448819
0
LINE
8
BLACK
6
CONTINUOUS
10
6.4805310629921262
20
-3.1793224409448819
11
6.4810655118110239
21
-3.1791011023622047
0
LINE
8
BLACK
6
CONTINUOUS
10
6.4810655118110239
20
-3.1791011023622047
11
6.4816502362204726
21
-3.1791011023622047
0
LINE
8
BLACK
6
CONTINUOUS
10
6.4816502362204726
20
-3.1791011023622047
11
6.4822238582677167
21
-3.1789876377952755
0
LINE
8
BLACK
6
CONTINUOUS
10
6.4822238582677167
20
-3.1789876377952755
11
6.4827911811023622
21
-3.1791011023622047
0
LINE
8
BLACK
6
CONTINUOUS
10
6.4571092125984251
20
-3.1227644488188977
11
6.4571953543307083
21
-3.1227516535433071
0
LINE
8
BLACK
6
CONTINUOUS
10
6.4571953543307083
20
-3.1227516535433071
11
6.4573452362204726
21
-3.122787716535433
0
LINE
8
BLACK
6
CONTINUOUS
10
6.4573452362204726
20
-3.122787716535433
11
6.458060433070866
21
-3.1228581496062993
0
LINE
8
BLACK
6
CONTINUOUS
10
6.458060433070866
20
-3.1228581496062993
11
6.4586455118110235
21
-3.1231005118110238
0
LINE
8
BLACK
6
CONTINUOUS
10
6.4586455118110235
20
-3.1231005118110238
11
6.4695891732283464
21
-3.1257331496062992
0
LINE
8
BLACK
6
CONTINUOUS
10
6.4695891732283464
20
-3.1257331496062992
11
6.469674133858268
21
-3.1257635039370077
0
LINE
8
BLACK
6
CONTINUOUS
10
6.469674133858268
20
-3.1257635039370077
11
6.4697166929133854
21
-3.1257665354330708
0
LINE
8
BLACK
6
CONTINUOUS
10
6.4697166929133854
20
-3.1257665354330708
11
6.4698149999999996
21
-3.1258138188976377
0
LINE
8
BLACK
6
CONTINUOUS
10
6.4698149999999996
20
-3.1258138188976377
11
6.4706793700787397
21
-3.1261226377952753
0
LINE
8
BLACK
6
CONTINUOUS
10
6.4706793700787397
20
-3.1261226377952753
11
6.4710911811023619
21
-3.1264277559055116
0
LINE
8
BLACK
6
CONTINUOUS
10
6.4710911811023619
20
-3.1264277559055116
11
6.4764222047244093
21
-3.1289924409448817
0
LINE
8
BLACK
6
CONTINUOUS
10
6.4764222047244093
20
-3.1289924409448817
11
6.4769179921259843
21
-3.129304527559055
0
LINE
8
BLACK
6
CONTINUOUS
10
6.4769179921259843
20
-3.129304527559055
11
6.4770620866141728
21
-3.1293642125984253
0
LINE
8
BLACK
6
CONTINUOUS
10
6.4770620866141728
20
-3.1293642125984253
11
6.4771517322834642
21
-3.129451653543307
0
LINE
8
BLACK
6
CONTINUOUS
10
6.4771517322834642
20
-3.129451653543307
11
6.477401968503937
21
-3.1296091732283462
0
LINE
8
BLACK
6
CONTINUOUS
10
6.477401968503937
20
-3.1296091732283462
11
6.4778890944881891
21
-3.1301708661417322
0
LINE
8
BLACK
6
CONTINUOUS
10
6.4778890944881891
20
-3.1301708661417322
11
6.4835813385826766
21
-3.1357229527559056
0
LINE
8
BLACK
6
CONTINUOUS
10
6.4835813385826766
20
-3.1357229527559056
11
6.4843157874015747
21
-3.1366178346456692
0
LINE
8
BLACK
6
CONTINUOUS
10
6.4843157874015747
20
-3.1366178346456692
11
6.4843969685039369
21
-3.1368138582677165
0
LINE
8
BLACK
6
CONTINUOUS
10
6.4843969685039369
20
-3.1368138582677165
11
6.4845360236220468
21
-3.1369741732283463
0
LINE
8
BLACK
6
CONTINUOUS
10
6.4845360236220468
20
-3.1369741732283463
11
6.4849040551181103
21
-3.1380381496062992
0
LINE
8
BLACK
6
CONTINUOUS
10
6.4849040551181103
20
-3.1380381496062992
11
6.4851975590551181
21
-3.1387466929133856
0
LINE
8
BLACK
6
CONTINUOUS
10
6.4851975590551181
20
-3.1387466929133856
11
6.4851975590551181
21
-3.1388864960629919
0
LINE
8
BLACK
6
CONTINUOUS
10
6.4851975590551181
20
-3.1388864960629919
11
6.4878201181102364
21
-3.1464677559055119
0
LINE
8
BLACK
6
CONTINUOUS
10
6.4878201181102364
20
-3.1464677559055119
11
6.4879499999999997
21
-3.1470390944881887
0
LINE
8
BLACK
6
CONTINUOUS
10
6.4879499999999997
20
-3.1470390944881887
11
6.48800968503937
21
-3.1471831102362202
0
LINE
8
BLACK
6
CONTINUOUS
10
6.48800968503937
20
-3.1471831102362202
11
6.4880118110236218
21
-3.1473108267716534
0
LINE
8
BLACK
6
CONTINUOUS
10
6.4880118110236218
20
-3.1473108267716534
11
6.488076811023622
21
-3.1475966535433071
0
LINE
8
BLACK
6
CONTINUOUS
10
6.488076811023622
20
-3.1475966535433071
11
6.4880280708661413
21
-3.1482820472440944
0
LINE
8
BLACK
6
CONTINUOUS
10
6.4880280708661413
20
-3.1482820472440944
11
6.4881231496062988
21
-3.1539595275590551
0
LINE
8
BLACK
6
CONTINUOUS
10
6.4881231496062988
20
-3.1539595275590551
11
6.4880657086614173
21
-3.1545424015748029
0
LINE
8
BLACK
6
CONTINUOUS
10
6.4880657086614173
20
-3.1545424015748029
11
6.488076811023622
21
-3.1546981102362204
0
LINE
8
BLACK
6
CONTINUOUS
10
6.488076811023622
20
-3.1546981102362204
11
6.4880387007874019
21
-3.1548168110236219
0
LINE
8
BLACK
6
CONTINUOUS
10
6.4880387007874019
20
-3.1548168110236219
11
6.48800968503937
21
-3.1551116535433068
0
LINE
8
BLACK
6
CONTINUOUS
10
6.48800968503937
20
-3.1551116535433068
11
6.4877189370078741
21
-3.1558134645669291
0
LINE
8
BLACK
6
CONTINUOUS
10
6.4877189370078741
20
-3.1558134645669291
11
6.4850079921259844
21
-3.164263464566929
0
LINE
8
BLACK
6
CONTINUOUS
10
6.4850079921259844
20
-3.164263464566929
11
6.4845360236220468
21
-3.1653205905511812
0
LINE
8
BLACK
6
CONTINUOUS
10
6.4845360236220468
20
-3.1653205905511812
11
6.4843968897637794
21
-3.1654809842519684
0
LINE
8
BLACK
6
CONTINUOUS
10
6.4843968897637794
20
-3.1654809842519684
11
6.4843157480314959
21
-3.1656769291338582
0
LINE
8
BLACK
6
CONTINUOUS
10
6.4843157480314959
20
-3.1656769291338582
11
6.4833655118110238
21
-3.1666701181102361
0
LINE
8
BLACK
6
CONTINUOUS
10
6.4833655118110238
20
-3.1666701181102361
11
6.4830262598425197
21
-3.1670612992125982
0
LINE
8
BLACK
6
CONTINUOUS
10
6.4830262598425197
20
-3.1670612992125982
11
6.4829592125984252
21
-3.167094803149606
0
LINE
8
BLACK
6
CONTINUOUS
10
6.4829592125984252
20
-3.167094803149606
11
6.4807691338582671
21
-3.1693839763779525
0
LINE
8
BLACK
6
CONTINUOUS
10
6.4807691338582671
20
-3.1693839763779525
11
6.4798742125984248
21
-3.1701183858267714
0
LINE
8
BLACK
6
CONTINUOUS
10
6.4798742125984248
20
-3.1701183858267714
11
6.4777453937007872
21
-3.1710001574803148
0
LINE
8
BLACK
6
CONTINUOUS
10
6.4777453937007872
20
-3.1710001574803148
11
6.4754412204724412
21
-3.1710001574803148
0
LINE
8
BLACK
6
CONTINUOUS
10
6.4754412204724412
20
-3.1710001574803148
11
6.4733124015748027
21
-3.1701183464566927
0
LINE
8
BLACK
6
CONTINUOUS
10
6.4733124015748027
20
-3.1701183464566927
11
6.4716830708661419
21
-3.1684889763779527
0
LINE
8
BLACK
6
CONTINUOUS
10
6.4716830708661419
20
-3.1684889763779527
11
6.4708012992125985
21
-3.1663601574803151
0
LINE
8
BLACK
6
CONTINUOUS
10
6.4708012992125985
20
-3.1663601574803151
11
6.4708012992125985
21
-3.1640559842519682
0
LINE
8
BLACK
6
CONTINUOUS
10
6.4708012992125985
20
-3.1640559842519682
11
6.4716831102362207
21
-3.1619271653543306
0
LINE
8
BLACK
6
CONTINUOUS
10
6.4716831102362207
20
-3.1619271653543306
11
6.474356141732283
21
-3.1591331496062991
0
LINE
8
BLACK
6
CONTINUOUS
10
6.474356141732283
20
-3.1591331496062991
11
6.4763869291338585
21
-3.1528033858267714
0
LINE
8
BLACK
6
CONTINUOUS
10
6.4763869291338585
20
-3.1528033858267714
11
6.4763241338582676
21
-3.1490542913385826
0
LINE
8
BLACK
6
CONTINUOUS
10
6.4763241338582676
20
-3.1490542913385826
11
6.474209409448819
21
-3.1429409842519682
0
LINE
8
BLACK
6
CONTINUOUS
10
6.474209409448819
20
-3.1429409842519682
11
6.4701342519685037
21
-3.1389661811023619
0
LINE
8
BLACK
6
CONTINUOUS
10
6.4701342519685037
20
-3.1389661811023619
11
6.4657246456692912
21
-3.1368448031496063
0
LINE
8
BLACK
6
CONTINUOUS
10
6.4657246456692912
20
-3.1368448031496063
11
6.4558462598425193
21
-3.1344684251968502
0
LINE
8
BLACK
6
CONTINUOUS
10
6.4558462598425193
20
-3.1344684251968502
11
6.4488300000000001
21
-3.1345514566929134
0
LINE
8
BLACK
6
CONTINUOUS
10
6.4488300000000001
20
-3.1345514566929134
11
6.4389344094488186
21
-3.137119094488189
0
LINE
8
BLACK
6
CONTINUOUS
10
6.4389344094488186
20
-3.137119094488189
11
6.4348830314960628
21
-3.1392226377952754
0
LINE
8
BLACK
6
CONTINUOUS
10
6.4348830314960628
20
-3.1392226377952754
11
6.4310155905511808
21
-3.1431876771653542
0
LINE
8
BLACK
6
CONTINUOUS
10
6.4310155905511808
20
-3.1431876771653542
11
6.4289931889763778
21
-3.1494912598425198
0
LINE
8
BLACK
6
CONTINUOUS
10
6.4289931889763778
20
-3.1494912598425198
11
6.4290559842519688
21
-3.1532405118110236
0
LINE
8
BLACK
6
CONTINUOUS
10
6.4290559842519688
20
-3.1532405118110236
11
6.4311522440944877
21
-3.1593002362204725
0
LINE
8
BLACK
6
CONTINUOUS
10
6.4311522440944877
20
-3.1593002362204725
11
6.4329626377952751
21
-3.161032283464567
0
LINE
8
BLACK
6
CONTINUOUS
10
6.4329626377952751
20
-3.161032283464567
11
6.4336970866141732
21
-3.1619271653543306
0
LINE
8
BLACK
6
CONTINUOUS
10
6.4336970866141732
20
-3.1619271653543306
11
6.4345788188976378
21
-3.164056023622047
0
LINE
8
BLACK
6
CONTINUOUS
10
6.4345788188976378
20
-3.164056023622047
11
6.4345788188976378
21
-3.1663601968503938
0
LINE
8
BLACK
6
CONTINUOUS
10
6.4345788188976378
20
-3.1663601968503938
11
6.4336970866141732
21
-3.1684890157480314
0
LINE
8
BLACK
6
CONTINUOUS
10
6.4336970866141732
20
-3.1684890157480314
11
6.4320677165354327
21
-3.1701183858267714
0
LINE
8
BLACK
6
CONTINUOUS
10
6.4320677165354327
20
-3.1701183858267714
11
6.4299388976377951
21
-3.1710001181102361
0
LINE
8
BLACK
6
CONTINUOUS
10
6.4299388976377951
20
-3.1710001181102361
11
6.4276347244094483
21
-3.1710001181102361
0
LINE
8
BLACK
6
CONTINUOUS
10
6.4276347244094483
20
-3.1710001181102361
11
6.4255058661417319
21
-3.1701183858267714
0
LINE
8
BLACK
6
CONTINUOUS
10
6.4255058661417319
20
-3.1701183858267714
11
6.4217988582677163
21
-3.1665718110236218
0
LINE
8
BLACK
6
CONTINUOUS
10
6.4217988582677163
20
-3.1665718110236218
11
6.4210644094488192
21
-3.1656768897637795
0
LINE
8
BLACK
6
CONTINUOUS
10
6.4210644094488192
20
-3.1656768897637795
11
6.4209831889763782
21
-3.1654808267716534
0
LINE
8
BLACK
6
CONTINUOUS
10
6.4209831889763782
20
-3.1654808267716534
11
6.4208442125984249
21
-3.1653205905511812
0
LINE
8
BLACK
6
CONTINUOUS
10
6.4208442125984249
20
-3.1653205905511812
11
6.4204762598425198
21
-3.1642570078740158
0
LINE
8
BLACK
6
CONTINUOUS
10
6.4204762598425198
20
-3.1642570078740158
11
6.4201826377952758
21
-3.1635480708661419
0
LINE
8
BLACK
6
CONTINUOUS
10
6.4201826377952758
20
-3.1635480708661419
11
6.4201826377952758
21
-3.1634081102362206
0
LINE
8
BLACK
6
CONTINUOUS
10
6.4201826377952758
20
-3.1634081102362206
11
6.4175600787401574
21
-3.1558270078740156
0
LINE
8
BLACK
6
CONTINUOUS
10
6.4175600787401574
20
-3.1558270078740156
11
6.4174301968503933
21
-3.1552558267716533
0
LINE
8
BLACK
6
CONTINUOUS
10
6.4174301968503933
20
-3.1552558267716533
11
6.4173704724409451
21
-3.1551116535433068
0
LINE
8
BLACK
6
CONTINUOUS
10
6.4173704724409451
20
-3.1551116535433068
11
6.4173683070866137
21
-3.1549837401574803
0
LINE
8
BLACK
6
CONTINUOUS
10
6.4173683070866137
20
-3.1549837401574803
11
6.4173033858267718
21
-3.1546981496062991
0
LINE
8
BLACK
6
CONTINUOUS
10
6.4173033858267718
20
-3.1546981496062991
11
6.4173520472440941
21
-3.1540129921259843
0
LINE
8
BLACK
6
CONTINUOUS
10
6.4173520472440941
20
-3.1540129921259843
11
6.4172570078740154
21
-3.1483352362204724
0
LINE
8
BLACK
6
CONTINUOUS
10
6.4172570078740154
20
-3.1483352362204724
11
6.417314409448819
21
-3.1477520866141733
0
LINE
8
BLACK
6
CONTINUOUS
10
6.417314409448819
20
-3.1477520866141733
11
6.4173033858267718
21
-3.1475966141732283
0
LINE
8
BLACK
6
CONTINUOUS
10
6.4173033858267718
20
-3.1475966141732283
11
6.4173414173228345
21
-3.1474780314960631
0
LINE
8
BLACK
6
CONTINUOUS
10
6.4173414173228345
20
-3.1474780314960631
11
6.4173704724409451
21
-3.1471831102362202
0
LINE
8
BLACK
6
CONTINUOUS
10
6.4173704724409451
20
-3.1471831102362202
11
6.4176612992125985
21
-3.1464809448818896
0
LINE
8
BLACK
6
CONTINUOUS
10
6.4176612992125985
20
-3.1464809448818896
11
6.4203722047244094
21
-3.1380312992125985
0
LINE
8
BLACK
6
CONTINUOUS
10
6.4203722047244094
20
-3.1380312992125985
11
6.4208442125984249
21
-3.1369741732283463
0
LINE
8
BLACK
6
CONTINUOUS
10
6.4208442125984249
20
-3.1369741732283463
11
6.4209831889763782
21
-3.1368138976377953
0
LINE
8
BLACK
6
CONTINUOUS
10
6.4209831889763782
20
-3.1368138976377953
11
6.4210644094488192
21
-3.136617874015748
0
LINE
8
BLACK
6
CONTINUOUS
10
6.4210644094488192
20
-3.136617874015748
11
6.4218659842519683
21
-3.135796023622047
0
LINE
8
BLACK
6
CONTINUOUS
10
6.4218659842519683
20
-3.135796023622047
11
6.4223539370078742
21
-3.1352334645669289
0
LINE
8
BLACK
6
CONTINUOUS
10
6.4223539370078742
20
-3.1352334645669289
11
6.4224725984251965
21
-3.135174094488189
0
LINE
8
BLACK
6
CONTINUOUS
10
6.4224725984251965
20
-3.135174094488189
11
6.427423149606299
21
-3.130098661417323
0
LINE
8
BLACK
6
CONTINUOUS
10
6.427423149606299
20
-3.130098661417323
11
6.4278759842519682
21
-3.1297269685039368
0
LINE
8
BLACK
6
CONTINUOUS
10
6.4278759842519682
20
-3.1297269685039368
11
6.4279781889763781
21
-3.1296091732283462
0
LINE
8
BLACK
6
CONTINUOUS
10
6.4279781889763781
20
-3.1296091732283462
11
6.4280907874015742
21
-3.1295506692913384
0
LINE
8
BLACK
6
CONTINUOUS
10
6.4280907874015742
20
-3.1295506692913384
11
6.4283180314960626
21
-3.1293642125984253
0
LINE
8
BLACK
6
CONTINUOUS
10
6.4283180314960626
20
-3.1293642125984253
11
6.4289703937007872
21
-3.1290939763779528
0
LINE
8
BLACK
6
CONTINUOUS
10
6.4289703937007872
20
-3.1290939763779528
11
6.4345822047244097
21
-3.126180275590551
0
LINE
8
BLACK
6
CONTINUOUS
10
6.4345822047244097
20
-3.126180275590551
11
6.4346665354330703
21
-3.126147992125984
0
LINE
8
BLACK
6
CONTINUOUS
10
6.4346665354330703
20
-3.126147992125984
11
6.4347007874015745
21
-3.1261226377952753
0
LINE
8
BLACK
6
CONTINUOUS
10
6.4347007874015745
20
-3.1261226377952753
11
6.4348003149606301
21
-3.1260967716535433
0
LINE
8
BLACK
6
CONTINUOUS
10
6.4348003149606301
20
-3.1260967716535433
11
6.4356634645669288
21
-3.1257665354330708
0
LINE
8
BLACK
6
CONTINUOUS
10
6.4356634645669288
20
-3.1257665354330708
11
6.4362277165354334
21
-3.1257264173228347
0
LINE
8
BLACK
6
CONTINUOUS
10
6.4362277165354334
20
-3.1257264173228347
11
6.447039566929134
21
-3.1229210236220473
0
LINE
8
BLACK
6
CONTINUOUS
10
6.447039566929134
20
-3.1229210236220473
11
6.4472392125984248
21
-3.1228914960629921
0
LINE
8
BLACK
6
CONTINUOUS
10
6.4472392125984248
20
-3.1228914960629921
11
6.4473197244094491
21
-3.1228581496062993
0
LINE
8
BLACK
6
CONTINUOUS
10
6.4473197244094491
20
-3.1228581496062993
11
6.4474772834645666
21
-3.1228562598425196
0
LINE
8
BLACK
6
CONTINUOUS
10
6.4474772834645666
20
-3.1228562598425196
11
6.4481848031496058
21
-3.1227516535433071
0
LINE
8
BLACK
6
CONTINUOUS
10
6.4481848031496058
20
-3.1227516535433071
11
6.4487839763779524
21
-3.1228407874015747
0
LINE
8
BLACK
6
CONTINUOUS
10
6.4487839763779524
20
-3.1228407874015747
11
6.4569083070866142
21
-3.1227446850393701
0
LINE
8
BLACK
6
CONTINUOUS
10
6.4569083070866142
20
-3.1227446850393701
11
6.4571092125984251
21
-3.1227644488188977
0
LINE
8
BLACK
6
CONTINUOUS
10
6.4826864173228342
20
-3.0956184251968502
11
6.4863934645669286
21
-3.0991649999999997
0
LINE
8
BLACK
6
CONTINUOUS
10
6.4863934645669286
20
-3.0991649999999997
11
6.4871279133858266
21
-3.1000598818897638
0
LINE
8
BLACK
6
CONTINUOUS
10
6.4871279133858266
20
-3.1000598818897638
11
6.4874931102362199
21
-3.1009416535433072
0
LINE
8
BLACK
6
CONTINUOUS
10
6.4874931102362199
20
-3.1009416535433072
11
6.48800968503937
21
-3.1021887007874014
0
LINE
8
BLACK
6
CONTINUOUS
10
6.48800968503937
20
-3.1021887007874014
11
6.48800968503937
21
-3.1044929527559053
0
LINE
8
BLACK
6
CONTINUOUS
10
6.48800968503937
20
-3.1044929527559053
11
6.4877992519685037
21
-3.1050009448818896
0
LINE
8
BLACK
6
CONTINUOUS
10
6.4877992519685037
20
-3.1050009448818896
11
6.4871279133858266
21
-3.1066217322834646
0
LINE
8
BLACK
6
CONTINUOUS
10
6.4871279133858266
20
-3.1066217322834646
11
6.4835813779527554
21
-3.1103287795275589
0
LINE
8
BLACK
6
CONTINUOUS
10
6.4835813779527554
20
-3.1103287795275589
11
6.482686456692913
21
-3.1110632283464565
0
LINE
8
BLACK
6
CONTINUOUS
10
6.482686456692913
20
-3.1110632283464565
11
6.4826864173228342
21
-3.1110632677165353
0
LINE
8
BLACK
6
CONTINUOUS
10
6.4826864173228342
20
-3.1110632677165353
11
6.4814394094488188
21
-3.1115797637795275
0
LINE
8
BLACK
6
CONTINUOUS
10
6.4814394094488188
20
-3.1115797637795275
11
6.4805576377952754
21
-3.1119450393700787
0
LINE
8
BLACK
6
CONTINUOUS
10
6.4805576377952754
20
-3.1119450393700787
11
6.4782534645669294
21
-3.1119450393700787
0
LINE
8
BLACK
6
CONTINUOUS
10
6.4782534645669294
20
-3.1119450393700787
11
6.4782534251968507
21
-3.1119450393700787
0
LINE
8
BLACK
6
CONTINUOUS
10
6.4782534251968507
20
-3.1119450393700787
11
6.4761246062992122
21
-3.1110632677165353
0
LINE
8
BLACK
6
CONTINUOUS
10
6.4761246062992122
20
-3.1110632677165353
11
6.4724175196850391
21
-3.107516653543307
0
LINE
8
BLACK
6
CONTINUOUS
10
6.4724175196850391
20
-3.107516653543307
11
6.4716830708661419
21
-3.1066217322834646
0
LINE
8
BLACK
6
CONTINUOUS
10
6.4716830708661419
20
-3.1066217322834646
11
6.4710117322834648
21
-3.1050009448818896
0
LINE
8
BLACK
6
CONTINUOUS
10
6.4710117322834648
20
-3.1050009448818896
11
6.4708012992125985
21
-3.1044929527559053
0
LINE
8
BLACK
6
CONTINUOUS
10
6.4708012992125985
20
-3.1044929527559053
11
6.4708012992125985
21
-3.1021887007874014
0
LINE
8
BLACK
6
CONTINUOUS
10
6.4708012992125985
20
-3.1021887007874014
11
6.4711665354330705
21
-3.1013069291338584
0
LINE
8
BLACK
6
CONTINUOUS
10
6.4711665354330705
20
-3.1013069291338584
11
6.4716830708661419
21
-3.1000599212598425
0
LINE
8
BLACK
6
CONTINUOUS
10
6.4716830708661419
20
-3.1000599212598425
11
6.4716831102362207
21
-3.1000598818897638
0
LINE
8
BLACK
6
CONTINUOUS
10
6.4716831102362207
20
-3.1000598818897638
11
6.4752297244094486
21
-3.096352834645669
0
LINE
8
BLACK
6
CONTINUOUS
10
6.4752297244094486
20
-3.096352834645669
11
6.4761246062992122
21
-3.0956184251968502
0
LINE
8
BLACK
6
CONTINUOUS
10
6.4761246062992122
20
-3.0956184251968502
11
6.4782534251968507
21
-3.0947366535433072
0
LINE
8
BLACK
6
CONTINUOUS
10
6.4782534251968507
20
-3.0947366535433072
11
6.4805575984251966
21
-3.0947366535433072
0
LINE
8
BLACK
6
CONTINUOUS
10
6.4805575984251966
20
-3.0947366535433072
11
6.4826864173228342
21
-3.0956184251968502
0
LINE
8
BLACK
6
CONTINUOUS
10
6.4833697637795273
20
-3.0384936614173226
11
6.4854985826771649
21
-3.0393754724409447
0
LINE
8
BLACK
6
CONTINUOUS
10
6.4854985826771649
20
-3.0393754724409447
11
6.4871278740157479
21
-3.0410047637795277
0
LINE
8
BLACK
6
CONTINUOUS
10
6.4871278740157479
20
-3.0410047637795277
11
6.48800968503937
21
-3.0431335826771653
0
LINE
8
BLACK
6
CONTINUOUS
10
6.48800968503937
20
-3.0431335826771653
11
6.4881231496062988
21
-3.0667829133858269
0
LINE
8
BLACK
6
CONTINUOUS
10
6.4881231496062988
20
-3.0667829133858269
11
6.48800968503937
21
-3.0679350393700786
0
LINE
8
BLACK
6
CONTINUOUS
10
6.48800968503937
20
-3.0679350393700786
11
6.4879284645669291
21
-3.0681310236220471
0
LINE
8
BLACK
6
CONTINUOUS
10
6.4879284645669291
20
-3.0681310236220471
11
6.4879134645669287
21
-3.0683426771653544
0
LINE
8
BLACK
6
CONTINUOUS
10
6.4879134645669287
20
-3.0683426771653544
11
6.4873907874015746
21
-3.0694290944881888
0
LINE
8
BLACK
6
CONTINUOUS
10
6.4873907874015746
20
-3.0694290944881888
11
6.4871278740157479
21
-3.0700638582677167
0
LINE
8
BLACK
6
CONTINUOUS
10
6.4871278740157479
20
-3.0700638582677167
11
6.4870460629921256
21
-3.0701456299212597
0
LINE
8
BLACK
6
CONTINUOUS
10
6.4870460629921256
20
-3.0701456299212597
11
6.4846875590551178
21
-3.0750482283464566
0
LINE
8
BLACK
6
CONTINUOUS
10
6.4846875590551178
20
-3.0750482283464566
11
6.484375472440945
21
-3.0755439370078741
0
LINE
8
BLACK
6
CONTINUOUS
10
6.484375472440945
20
-3.0755439370078741
11
6.4843157874015747
21
-3.0756881102362206
0
LINE
8
BLACK
6
CONTINUOUS
10
6.4843157874015747
20
-3.0756881102362206
11
6.4842250393700782
21
-3.0757829133858268
0
LINE
8
BLACK
6
CONTINUOUS
10
6.4842250393700782
20
-3.0757829133858268
11
6.4840708267716538
21
-3.0760279527559056
0
LINE
8
BLACK
6
CONTINUOUS
10
6.4840708267716538
20
-3.0760279527559056
11
6.4835999212598425
21
-3.0764362992125984
0
LINE
8
BLACK
6
CONTINUOUS
10
6.4835999212598425
20
-3.0764362992125984
11
6.4807691732283459
21
-3.0793951968503936
0
LINE
8
BLACK
6
CONTINUOUS
10
6.4807691732283459
20
-3.0793951968503936
11
6.4803163385826767
21
-3.0797668110236218
0
LINE
8
BLACK
6
CONTINUOUS
10
6.4803163385826767
20
-3.0797668110236218
11
6.4802141338582677
21
-3.07988468503937
0
LINE
8
BLACK
6
CONTINUOUS
10
6.4802141338582677
20
-3.07988468503937
11
6.4801014173228344
21
-3.0799431889763778
0
LINE
8
BLACK
6
CONTINUOUS
10
6.4801014173228344
20
-3.0799431889763778
11
6.4798742519685035
21
-3.0801296456692913
0
LINE
8
BLACK
6
CONTINUOUS
10
6.4798742519685035
20
-3.0801296456692913
11
6.4792219291338577
21
-3.0803998031496063
0
LINE
8
BLACK
6
CONTINUOUS
10
6.4792219291338577
20
-3.0803998031496063
11
6.4736100787401574
21
-3.0833135433070864
0
LINE
8
BLACK
6
CONTINUOUS
10
6.4736100787401574
20
-3.0833135433070864
11
6.4725288188976373
21
-3.0837273228346458
0
LINE
8
BLACK
6
CONTINUOUS
10
6.4725288188976373
20
-3.0837273228346458
11
6.4723171653543305
21
-3.0837423228346457
0
LINE
8
BLACK
6
CONTINUOUS
10
6.4723171653543305
20
-3.0837423228346457
11
6.472121181102362
21
-3.0838235433070866
0
LINE
8
BLACK
6
CONTINUOUS
10
6.472121181102362
20
-3.0838235433070866
11
6.470985433070866
21
-3.0838369685039368
0
LINE
8
BLACK
6
CONTINUOUS
10
6.470985433070866
20
-3.0838369685039368
11
6.4702303937007875
21
-3.0838906299212598
0
LINE
8
BLACK
6
CONTINUOUS
10
6.4702303937007875
20
-3.0838906299212598
11
6.4701008267716533
21
-3.0838474409448819
0
LINE
8
BLACK
6
CONTINUOUS
10
6.4701008267716533
20
-3.0838474409448819
11
6.4625325984251969
21
-3.0839370078740158
0
LINE
8
BLACK
6
CONTINUOUS
10
6.4625325984251969
20
-3.0839370078740158
11
6.4613804724409452
21
-3.0838235433070866
0
LINE
8
BLACK
6
CONTINUOUS
10
6.4613804724409452
20
-3.0838235433070866
11
6.4611844488188979
21
-3.0837423228346457
0
LINE
8
BLACK
6
CONTINUOUS
10
6.4611844488188979
20
-3.0837423228346457
11
6.460972834645669
21
-3.0837273228346458
0
LINE
8
BLACK
6
CONTINUOUS
10
6.460972834645669
20
-3.0837273228346458
11
6.4598863779527553
21
-3.0832046456692912
0
LINE
8
BLACK
6
CONTINUOUS
10
6.4598863779527553
20
-3.0832046456692912
11
6.4592516535433067
21
-3.0829417322834645
0
LINE
8
BLACK
6
CONTINUOUS
10
6.4592516535433067
20
-3.0829417322834645
11
6.4591698425196853
21
-3.0828599212598427
0
LINE
8
BLACK
6
CONTINUOUS
10
6.4591698425196853
20
-3.0828599212598427
11
6.4542672834645671
21
-3.0805014173228344
0
LINE
8
BLACK
6
CONTINUOUS
10
6.4542672834645671
20
-3.0805014173228344
11
6.4537715354330709
21
-3.0801893307086612
0
LINE
8
BLACK
6
CONTINUOUS
10
6.4537715354330709
20
-3.0801893307086612
11
6.4536274015748027
21
-3.0801296456692913
0
LINE
8
BLACK
6
CONTINUOUS
10
6.4536274015748027
20
-3.0801296456692913
11
6.4535325590551178
21
-3.0800388976377953
0
LINE
8
BLACK
6
CONTINUOUS
10
6.4535325590551178
20
-3.0800388976377953
11
6.4532875590551182
21
-3.07988468503937
0
LINE
8
BLACK
6
CONTINUOUS
10
6.4532875590551182
20
-3.07988468503937
11
6.4528791732283466
21
-3.0794137795275591
0
LINE
8
BLACK
6
CONTINUOUS
10
6.4528791732283466
20
-3.0794137795275591
11
6.4499203149606297
21
-3.0765830314960629
0
LINE
8
BLACK
6
CONTINUOUS
10
6.4499203149606297
20
-3.0765830314960629
11
6.4498811417322832
21
-3.0765353149606298
0
LINE
8
BLACK
6
CONTINUOUS
10
6.4498811417322832
20
-3.0765353149606298
11
6.4498355511811019
21
-3.0765830314960629
0
LINE
8
BLACK
6
CONTINUOUS
10
6.4498355511811019
20
-3.0765830314960629
11
6.4493827165354327
21
-3.0769546456692911
0
LINE
8
BLACK
6
CONTINUOUS
10
6.4493827165354327
20
-3.0769546456692911
11
6.4492805118110237
21
-3.0770725196850393
0
LINE
8
BLACK
6
CONTINUOUS
10
6.4492805118110237
20
-3.0770725196850393
11
6.4491677952755904
21
-3.077131023622047
0
LINE
8
BLACK
6
CONTINUOUS
10
6.4491677952755904
20
-3.077131023622047
11
6.4489406299212595
21
-3.0773174803149606
0
LINE
8
BLACK
6
CONTINUOUS
10
6.4489406299212595
20
-3.0773174803149606
11
6.4482883464566925
21
-3.0775876377952756
0
LINE
8
BLACK
6
CONTINUOUS
10
6.4482883464566925
20
-3.0775876377952756
11
6.4426764566929133
21
-3.0805014173228344
0
LINE
8
BLACK
6
CONTINUOUS
10
6.4426764566929133
20
-3.0805014173228344
11
6.441595236220472
21
-3.0809151574803151
0
LINE
8
BLACK
6
CONTINUOUS
10
6.441595236220472
20
-3.0809151574803151
11
6.441383622047244
21
-3.080930157480315
0
LINE
8
BLACK
6
CONTINUOUS
10
6.441383622047244
20
-3.080930157480315
11
6.441187559055118
21
-3.0810114173228347
0
LINE
8
BLACK
6
CONTINUOUS
10
6.441187559055118
20
-3.0810114173228347
11
6.4399489370078742
21
-3.0810321259842519
0
LINE
8
BLACK
6
CONTINUOUS
10
6.4399489370078742
20
-3.0810321259842519
11
6.4392968110236222
21
-3.0810785039370079
0
LINE
8
BLACK
6
CONTINUOUS
10
6.4392968110236222
20
-3.0810785039370079
11
6.4391955905511811
21
-3.0810447637795275
0
LINE
8
BLACK
6
CONTINUOUS
10
6.4391955905511811
20
-3.0810447637795275
11
6.4344111023622048
21
-3.0811248818897639
0
LINE
8
BLACK
6
CONTINUOUS
10
6.4344111023622048
20
-3.0811248818897639
11
6.4332589763779522
21
-3.0810114173228347
0
LINE
8
BLACK
6
CONTINUOUS
10
6.4332589763779522
20
-3.0810114173228347
11
6.4330628740157483
21
-3.080930157480315
0
LINE
8
BLACK
6
CONTINUOUS
10
6.4330628740157483
20
-3.080930157480315
11
6.4328512992125981
21
-3.0809151574803151
0
LINE
8
BLACK
6
CONTINUOUS
10
6.4328512992125981
20
-3.0809151574803151
11
6.431765236220472
21
-3.0803926377952755
0
LINE
8
BLACK
6
CONTINUOUS
10
6.431765236220472
20
-3.0803926377952755
11
6.4311301574803146
21
-3.0801296062992125
0
LINE
8
BLACK
6
CONTINUOUS
10
6.4311301574803146
20
-3.0801296062992125
11
6.4310483070866145
21
-3.0800477559055119
0
LINE
8
BLACK
6
CONTINUOUS
10
6.4310483070866145
20
-3.0800477559055119
11
6.426145787401575
21
-3.0776892519685037
0
LINE
8
BLACK
6
CONTINUOUS
10
6.426145787401575
20
-3.0776892519685037
11
6.4256500393700788
21
-3.0773771653543305
0
LINE
8
BLACK
6
CONTINUOUS
10
6.4256500393700788
20
-3.0773771653543305
11
6.4255058661417319
21
-3.0773174803149606
0
LINE
8
BLACK
6
CONTINUOUS
10
6.4255058661417319
20
-3.0773174803149606
11
6.4254109842519682
21
-3.0772267322834645
0
LINE
8
BLACK
6
CONTINUOUS
10
6.4254109842519682
20
-3.0772267322834645
11
6.4251660236220474
21
-3.0770725196850393
0
LINE
8
BLACK
6
CONTINUOUS
10
6.4251660236220474
20
-3.0770725196850393
11
6.424757598425197
21
-3.0766015748031497
0
LINE
8
BLACK
6
CONTINUOUS
10
6.424757598425197
20
-3.0766015748031497
11
6.4217988582677163
21
-3.073770905511811
0
LINE
8
BLACK
6
CONTINUOUS
10
6.4217988582677163
20
-3.073770905511811
11
6.4214272047244094
21
-3.0733180708661418
0
LINE
8
BLACK
6
CONTINUOUS
10
6.4214272047244094
20
-3.0733180708661418
11
6.42130937007874
21
-3.0732158661417324
0
LINE
8
BLACK
6
CONTINUOUS
10
6.42130937007874
20
-3.0732158661417324
11
6.4212508267716535
21
-3.073103149606299
0
LINE
8
BLACK
6
CONTINUOUS
10
6.4212508267716535
20
-3.073103149606299
11
6.4210644094488192
21
-3.0728759842519686
0
LINE
8
BLACK
6
CONTINUOUS
10
6.4210644094488192
20
-3.0728759842519686
11
6.420794212598425
21
-3.0722236614173228
0
LINE
8
BLACK
6
CONTINUOUS
10
6.420794212598425
20
-3.0722236614173228
11
6.4178804724409444
21
-3.0666117716535433
0
LINE
8
BLACK
6
CONTINUOUS
10
6.4178804724409444
20
-3.0666117716535433
11
6.4174666929133855
21
-3.0655305511811024
0
LINE
8
BLACK
6
CONTINUOUS
10
6.4174666929133855
20
-3.0655305511811024
11
6.4174516141732285
21
-3.0653188188976377
0
LINE
8
BLACK
6
CONTINUOUS
10
6.4174516141732285
20
-3.0653188188976377
11
6.4173704724409451
21
-3.0651228740157479
0
LINE
8
BLACK
6
CONTINUOUS
10
6.4173704724409451
20
-3.0651228740157479
11
6.417364881889764
21
-3.0640977165354331
0
LINE
8
BLACK
6
CONTINUOUS
10
6.417364881889764
20
-3.0640977165354331
11
6.4173033858267718
21
-3.0632320866141733
0
LINE
8
BLACK
6
CONTINUOUS
10
6.4173033858267718
20
-3.0632320866141733
11
6.4173592519685041
21
-3.0630644488188974
0
LINE
8
BLACK
6
CONTINUOUS
10
6.4173592519685041
20
-3.0630644488188974
11
6.4172570078740154
21
-3.0442857086614175
0
LINE
8
BLACK
6
CONTINUOUS
10
6.4172570078740154
20
-3.0442857086614175
11
6.4173704724409451
21
-3.0431335826771653
0
LINE
8
BLACK
6
CONTINUOUS
10
6.4173704724409451
20
-3.0431335826771653
11
6.4182522834645672
21
-3.0410047637795277
0
LINE
8
BLACK
6
CONTINUOUS
10
6.4182522834645672
20
-3.0410047637795277
11
6.4198815748031492
21
-3.0393754724409447
0
LINE
8
BLACK
6
CONTINUOUS
10
6.4198815748031492
20
-3.0393754724409447
11
6.4220103937007869
21
-3.0384936614173226
0
LINE
8
BLACK
6
CONTINUOUS
10
6.4220103937007869
20
-3.0384936614173226
11
6.4822176377952756
21
-3.0383801968503938
0
LINE
8
BLACK
6
CONTINUOUS
10
6.4822176377952756
20
-3.0383801968503938
11
6.4833697637795273
21
-3.0384936614173226
0
LINE
8
BLACK
6
CONTINUOUS
10
6.4571141338582674
20
-3.0501272047244092
11
6.4571857086614175
21
-3.0632755118110238
0
LINE
8
BLACK
6
CONTINUOUS
10
6.4571857086614175
20
-3.0632755118110238
11
6.4592737401574798
21
-3.0693114960629919
0
LINE
8
BLACK
6
CONTINUOUS
10
6.4592737401574798
20
-3.0693114960629919
11
6.4605344094488188
21
-3.0705175984251967
0
LINE
8
BLACK
6
CONTINUOUS
10
6.4605344094488188
20
-3.0705175984251967
11
6.4640478740157477
21
-3.0722078740157479
0
LINE
8
BLACK
6
CONTINUOUS
10
6.4640478740157477
20
-3.0722078740157479
11
6.4697081889763774
21
-3.0721408661417322
0
LINE
8
BLACK
6
CONTINUOUS
10
6.4697081889763774
20
-3.0721408661417322
11
6.4732474015748034
21
-3.0703033070866139
0
LINE
8
BLACK
6
CONTINUOUS
10
6.4732474015748034
20
-3.0703033070866139
11
6.4747037401574801
21
-3.0687810629921257
0
LINE
8
BLACK
6
CONTINUOUS
10
6.4747037401574801
20
-3.0687810629921257
11
6.4764125984251963
21
-3.0652289763779526
0
LINE
8
BLACK
6
CONTINUOUS
10
6.4764125984251963
20
-3.0652289763779526
11
6.4763399606299208
21
-3.0500909842519683
0
LINE
8
BLACK
6
CONTINUOUS
10
6.4763399606299208
20
-3.0500909842519683
11
6.4571141338582674
21
-3.0501272047244092
0
LINE
8
BLACK
6
CONTINUOUS
10
6.4289929133858266
20
-3.0501801968503934
11
6.4290612204724411
21
-3.0627255118110237
0
LINE
8
BLACK
6
CONTINUOUS
10
6.4290612204724411
20
-3.0627255118110237
11
6.4308907480314961
21
-3.0662491732283463
0
LINE
8
BLACK
6
CONTINUOUS
10
6.4308907480314961
20
-3.0662491732283463
11
6.4324129527559055
21
-3.0677054724409447
0
LINE
8
BLACK
6
CONTINUOUS
10
6.4324129527559055
20
-3.0677054724409447
11
6.4359000787401577
21
-3.0693830708661416
0
LINE
8
BLACK
6
CONTINUOUS
10
6.4359000787401577
20
-3.0693830708661416
11
6.4387621653543308
21
-3.0693351574803147
0
LINE
8
BLACK
6
CONTINUOUS
10
6.4387621653543308
20
-3.0693351574803147
11
6.442313858267716
21
-3.0674910629921257
0
LINE
8
BLACK
6
CONTINUOUS
10
6.442313858267716
20
-3.0674910629921257
11
6.4437700787401573
21
-3.0659689763779525
0
LINE
8
BLACK
6
CONTINUOUS
10
6.4437700787401573
20
-3.0659689763779525
11
6.4454772440944881
21
-3.0624203937007874
0
LINE
8
BLACK
6
CONTINUOUS
10
6.4454772440944881
20
-3.0624203937007874
11
6.4454103937007874
21
-3.0501492913385828
0
LINE
8
BLACK
6
CONTINUOUS
10
6.4454103937007874
20
-3.0501492913385828
11
6.4289929133858266
21
-3.0501801968503934
0
LINE
8
BLACK
6
CONTINUOUS
10
6.4833697637795273
20
-2.9400684645669291
11
6.4854985826771649
21
-2.9409502755905512
0
LINE
8
BLACK
6
CONTINUOUS
10
6.4854985826771649
20
-2.9409502755905512
11
6.4871278740157479
21
-2.9425795669291337
0
LINE
8
BLACK
6
CONTINUOUS
10
6.4871278740157479
20
-2.9425795669291337
11
6.48800968503937
21
-2.9447083858267717
0
LINE
8
BLACK
6
CONTINUOUS
10
6.48800968503937
20
-2.9447083858267717
11
6.4881231496062988
21
-2.9739820078740156
0
LINE
8
BLACK
6
CONTINUOUS
10
6.4881231496062988
20
-2.9739820078740156
11
6.48800968503937
21
-2.9751341338582677
0
LINE
8
BLACK
6
CONTINUOUS
10
6.48800968503937
20
-2.9751341338582677
11
6.4871278740157479
21
-2.9772629527559054
0
LINE
8
BLACK
6
CONTINUOUS
10
6.4871278740157479
20
-2.9772629527559054
11
6.4854985826771649
21
-2.9788922440944883
0
LINE
8
BLACK
6
CONTINUOUS
10
6.4854985826771649
20
-2.9788922440944883
11
6.4838543700787401
21
-2.9795732677165354
0
LINE
8
BLACK
6
CONTINUOUS
10
6.4838543700787401
20
-2.9795732677165354
11
6.4858383858267716
21
-2.9805653149606299
0
LINE
8
BLACK
6
CONTINUOUS
10
6.4858383858267716
20
-2.9805653149606299
11
6.48734811023622
21
-2.9823060236220473
0
LINE
8
BLACK
6
CONTINUOUS
10
6.48734811023622
20
-2.9823060236220473
11
6.488076811023622
21
-2.9844920078740156
0
LINE
8
BLACK
6
CONTINUOUS
10
6.488076811023622
20
-2.9844920078740156
11
6.48791342519685
21
-2.9867904330708659
0
LINE
8
BLACK
6
CONTINUOUS
10
6.48791342519685
20
-2.9867904330708659
11
6.4868829921259845
21
-2.9888513779527557
0
LINE
8
BLACK
6
CONTINUOUS
10
6.4868829921259845
20
-2.9888513779527557
11
6.4851422440944884
21
-2.9903611023622045
0
LINE
8
BLACK
6
CONTINUOUS
10
6.4851422440944884
20
-2.9903611023622045
11
6.4711575196850388
21
-2.995050472440945
0
LINE
8
BLACK
6
CONTINUOUS
10
6.4711575196850388
20
-2.995050472440945
11
6.4712338188976375
21
-3.0147400393700785
0
LINE
8
BLACK
6
CONTINUOUS
10
6.4712338188976375
20
-3.0147400393700785
11
6.4840851181102357
21
-3.0189982677165355
0
LINE
8
BLACK
6
CONTINUOUS
10
6.4840851181102357
20
-3.0189982677165355
11
6.4851422440944884
21
-3.0194702362204722
0
LINE
8
BLACK
6
CONTINUOUS
10
6.4851422440944884
20
-3.0194702362204722
11
6.4868829921259845
21
-3.020979960629921
0
LINE
8
BLACK
6
CONTINUOUS
10
6.4868829921259845
20
-3.020979960629921
11
6.48791342519685
21
-3.0230409055118108
0
LINE
8
BLACK
6
CONTINUOUS
10
6.48791342519685
20
-3.0230409055118108
11
6.488076811023622
21
-3.0253393307086616
0
LINE
8
BLACK
6
CONTINUOUS
10
6.488076811023622
20
-3.0253393307086616
11
6.48734811023622
21
-3.0275253149606298
0
LINE
8
BLACK
6
CONTINUOUS
10
6.48734811023622
20
-3.0275253149606298
11
6.4858383858267716
21
-3.0292660236220472
0
LINE
8
BLACK
6
CONTINUOUS
10
6.4858383858267716
20
-3.0292660236220472
11
6.4837774803149602
21
-3.0302964960629919
0
LINE
8
BLACK
6
CONTINUOUS
10
6.4837774803149602
20
-3.0302964960629919
11
6.4814790551181103
21
-3.0304598818897639
0
LINE
8
BLACK
6
CONTINUOUS
10
6.4814790551181103
20
-3.0304598818897639
11
6.4643024409448815
21
-3.0247684645669293
0
LINE
8
BLACK
6
CONTINUOUS
10
6.4643024409448815
20
-3.0247684645669293
11
6.4641926377952759
21
-3.0247684645669293
0
LINE
8
BLACK
6
CONTINUOUS
10
6.4641926377952759
20
-3.0247684645669293
11
6.4637536614173223
21
-3.0245866141732285
0
LINE
8
BLACK
6
CONTINUOUS
10
6.4637536614173223
20
-3.0245866141732285
11
6.4212950393700785
21
-3.0105181102362204
0
LINE
8
BLACK
6
CONTINUOUS
10
6.4212950393700785
20
-3.0105181102362204
11
6.4202379133858267
21
-3.0100461417322832
0
LINE
8
BLACK
6
CONTINUOUS
10
6.4202379133858267
20
-3.0100461417322832
11
6.4199191338582677
21
-3.0097696456692913
0
LINE
8
BLACK
6
CONTINUOUS
10
6.4199191338582677
20
-3.0097696456692913
11
6.4195417716535434
21
-3.0095809842519685
0
LINE
8
BLACK
6
CONTINUOUS
10
6.4195417716535434
20
-3.0095809842519685
11
6.4190565748031494
21
-3.0090215748031497
0
LINE
8
BLACK
6
CONTINUOUS
10
6.4190565748031494
20
-3.0090215748031497
11
6.4184972047244093
21
-3.0085364173228344
0
LINE
8
BLACK
6
CONTINUOUS
10
6.4184972047244093
20
-3.0085364173228344
11
6.4183085039370074
21
-3.0081590157480314
0
LINE
8
BLACK
6
CONTINUOUS
10
6.4183085039370074
20
-3.0081590157480314
11
6.4180320472440942
21
-3.0078402755905511
0
LINE
8
BLACK
6
CONTINUOUS
10
6.4180320472440942
20
-3.0078402755905511
11
6.417797874015748
21
-3.0071378346456692
0
LINE
8
BLACK
6
CONTINUOUS
10
6.417797874015748
20
-3.0071378346456692
11
6.4174667322834642
21
-3.0064755118110233
0
LINE
8
BLACK
6
CONTINUOUS
10
6.4174667322834642
20
-3.0064755118110233
11
6.417436811023622
21
-3.0060545669291336
0
LINE
8
BLACK
6
CONTINUOUS
10
6.417436811023622
20
-3.0060545669291336
11
6.4173033858267718
21
-3.0056542913385824
0
LINE
8
BLACK
6
CONTINUOUS
10
6.4173033858267718
20
-3.0056542913385824
11
6.4173558661417323
21
-3.0049156692913384
0
LINE
8
BLACK
6
CONTINUOUS
10
6.4173558661417323
20
-3.0049156692913384
11
6.4173033858267718
21
-3.0041770472440943
0
LINE
8
BLACK
6
CONTINUOUS
10
6.4173033858267718
20
-3.0041770472440943
11
6.417436811023622
21
-3.0037767322834643
0
LINE
8
BLACK
6
CONTINUOUS
10
6.417436811023622
20
-3.0037767322834643
11
6.4174667322834642
21
-3.0033558267716534
0
LINE
8
BLACK
6
CONTINUOUS
10
6.4174667322834642
20
-3.0033558267716534
11
6.417797874015748
21
-3.0026934645669292
0
LINE
8
BLACK
6
CONTINUOUS
10
6.417797874015748
20
-3.0026934645669292
11
6.4180320472440942
21
-3.001991062992126
0
LINE
8
BLACK
6
CONTINUOUS
10
6.4180320472440942
20
-3.001991062992126
11
6.4183085039370074
21
-3.001672283464567
0
LINE
8
BLACK
6
CONTINUOUS
10
6.4183085039370074
20
-3.001672283464567
11
6.4184972047244093
21
-3.0012949212598423
0
LINE
8
BLACK
6
CONTINUOUS
10
6.4184972047244093
20
-3.0012949212598423
11
6.4190565748031494
21
-3.0008097244094487
0
LINE
8
BLACK
6
CONTINUOUS
10
6.4190565748031494
20
-3.0008097244094487
11
6.4195417716535434
21
-3.0002503543307086
0
LINE
8
BLACK
6
CONTINUOUS
10
6.4195417716535434
20
-3.0002503543307086
11
6.4199191338582677
21
-3.0000616535433071
0
LINE
8
BLACK
6
CONTINUOUS
10
6.4199191338582677
20
-3.0000616535433071
11
6.4202379133858267
21
-2.9997851968503935
0
LINE
8
BLACK
6
CONTINUOUS
10
6.4202379133858267
20
-2.9997851968503935
11
6.4209488188976378
21
-2.9995467716535433
0
LINE
8
BLACK
6
CONTINUOUS
10
6.4209488188976378
20
-2.9995467716535433
11
6.421602677165354
21
-2.9992198818897635
0
LINE
8
BLACK
6
CONTINUOUS
10
6.421602677165354
20
-2.9992198818897635
11
6.4220101181102365
21
-2.9991909055118109
0
LINE
8
BLACK
6
CONTINUOUS
10
6.4220101181102365
20
-2.9991909055118109
11
6.4803501574803146
21
-2.9796281496062993
0
LINE
8
BLACK
6
CONTINUOUS
10
6.4803501574803146
20
-2.9796281496062993
11
6.4805845669291333
21
-2.9795748425196851
0
LINE
8
BLACK
6
CONTINUOUS
10
6.4805845669291333
20
-2.9795748425196851
11
6.4789366929133854
21
-2.9788922440944883
0
LINE
8
BLACK
6
CONTINUOUS
10
6.4789366929133854
20
-2.9788922440944883
11
6.4773074015748033
21
-2.9772629527559054
0
LINE
8
BLACK
6
CONTINUOUS
10
6.4773074015748033
20
-2.9772629527559054
11
6.4764255905511812
21
-2.9751341338582677
0
LINE
8
BLACK
6
CONTINUOUS
10
6.4764255905511812
20
-2.9751341338582677
11
6.4763346062992122
21
-2.9516657874015748
0
LINE
8
BLACK
6
CONTINUOUS
10
6.4763346062992122
20
-2.9516657874015748
11
6.4231625196850395
21
-2.9517660236220471
0
LINE
8
BLACK
6
CONTINUOUS
10
6.4231625196850395
20
-2.9517660236220471
11
6.4220103937007869
21
-2.9516525590551179
0
LINE
8
BLACK
6
CONTINUOUS
10
6.4220103937007869
20
-2.9516525590551179
11
6.4198815748031492
21
-2.9507707480314962
0
LINE
8
BLACK
6
CONTINUOUS
10
6.4198815748031492
20
-2.9507707480314962
11
6.4182522834645672
21
-2.9491414566929133
0
LINE
8
BLACK
6
CONTINUOUS
10
6.4182522834645672
20
-2.9491414566929133
11
6.4173704724409451
21
-2.9470126377952757
0
LINE
8
BLACK
6
CONTINUOUS
10
6.4173704724409451
20
-2.9470126377952757
11
6.4173704724409451
21
-2.9447083858267717
0
LINE
8
BLACK
6
CONTINUOUS
10
6.4173704724409451
20
-2.9447083858267717
11
6.4182522834645672
21
-2.9425795669291337
0
LINE
8
BLACK
6
CONTINUOUS
10
6.4182522834645672
20
-2.9425795669291337
11
6.4198815748031492
21
-2.9409502755905512
0
LINE
8
BLACK
6
CONTINUOUS
10
6.4198815748031492
20
-2.9409502755905512
11
6.4220103937007869
21
-2.9400684645669291
0
LINE
8
BLACK
6
CONTINUOUS
10
6.4220103937007869
20
-2.9400684645669291
11
6.4822176377952756
21
-2.9399549999999999
0
LINE
8
BLACK
6
CONTINUOUS
10
6.4822176377952756
20
-2.9399549999999999
11
6.4833697637795273
21
-2.9400684645669291
0
LINE
8
BLACK
6
CONTINUOUS
10
6.4416612204724411
20
-3.0049412598425196
11
6.4595167716535435
21
-3.0108576377952754
0
LINE
8
BLACK
6
CONTINUOUS
10
6.4595167716535435
20
-3.0108576377952754
11
6.4594706692913384
21
-2.9989693307086616
0
LINE
8
BLACK
6
CONTINUOUS
10
6.4594706692913384
20
-2.9989693307086616
11
6.4416612204724411
21
-3.0049412598425196
0
LINE
8
BLACK
6
CONTINUOUS
10
6.4833697637795273
20
-2.8725768897637796
11
6.4854985826771649
21
-2.8734587007874013
0
LINE
8
BLACK
6
CONTINUOUS
10
6.4854985826771649
20
-2.8734587007874013
11
6.4871278740157479
21
-2.8750879921259842
0
LINE
8
BLACK
6
CONTINUOUS
10
6.4871278740157479
20
-2.8750879921259842
11
6.48800968503937
21
-2.8772168110236218
0
LINE
8
BLACK
6
CONTINUOUS
10
6.48800968503937
20
-2.8772168110236218
11
6.48800968503937
21
-2.8795210629921257
0
LINE
8
BLACK
6
CONTINUOUS
10
6.48800968503937
20
-2.8795210629921257
11
6.4871278740157479
21
-2.8816498818897638
0
LINE
8
BLACK
6
CONTINUOUS
10
6.4871278740157479
20
-2.8816498818897638
11
6.4854985826771649
21
-2.8832791732283463
0
LINE
8
BLACK
6
CONTINUOUS
10
6.4854985826771649
20
-2.8832791732283463
11
6.4833697637795273
21
-2.8841609842519684
0
LINE
8
BLACK
6
CONTINUOUS
10
6.4833697637795273
20
-2.8841609842519684
11
6.4495620078740155
21
-2.8842246850393698
0
LINE
8
BLACK
6
CONTINUOUS
10
6.4495620078740155
20
-2.8842246850393698
11
6.4678421259842516
21
-2.8927025196850393
0
LINE
8
BLACK
6
CONTINUOUS
10
6.4678421259842516
20
-2.8927025196850393
11
6.4682638976377955
21
-2.8929523622047242
0
LINE
8
BLACK
6
CONTINUOUS
10
6.4682638976377955
20
-2.8929523622047242
11
6.468406889763779
21
-2.89300437007874
0
LINE
8
BLACK
6
CONTINUOUS
10
6.468406889763779
20
-2.89300437007874
11
6.4685079921259838
21
-2.8930969291338582
0
LINE
8
BLACK
6
CONTINUOUS
10
6.4685079921259838
20
-2.8930969291338582
11
6.4688381889763775
21
-2.893292559055118
0
LINE
8
BLACK
6
CONTINUOUS
10
6.4688381889763775
20
-2.893292559055118
11
6.469444094488189
21
-2.8939541732283462
0
LINE
8
BLACK
6
CONTINUOUS
10
6.469444094488189
20
-2.8939541732283462
11
6.4701062204724407
21
-2.8945605511811023
0
LINE
8
BLACK
6
CONTINUOUS
10
6.4701062204724407
20
-2.8945605511811023
11
6.4702172440944876
21
-2.8947984645669291
0
LINE
8
BLACK
6
CONTINUOUS
10
6.4702172440944876
20
-2.8947984645669291
11
6.4703943700787399
21
-2.8949918897637796
0
LINE
8
BLACK
6
CONTINUOUS
10
6.4703943700787399
20
-2.8949918897637796
11
6.4707009055118112
21
-2.8958348425196849
0
LINE
8
BLACK
6
CONTINUOUS
10
6.4707009055118112
20
-2.8958348425196849
11
6.4710806692913385
21
-2.8966486220472438
0
LINE
8
BLACK
6
CONTINUOUS
10
6.4710806692913385
20
-2.8966486220472438
11
6.4710921653543307
21
-2.8969108661417322
0
LINE
8
BLACK
6
CONTINUOUS
10
6.4710921653543307
20
-2.8969108661417322
11
6.4711818110236221
21
-2.8971573228346457
0
LINE
8
BLACK
6
CONTINUOUS
10
6.4711818110236221
20
-2.8971573228346457
11
6.4711424015748031
21
-2.8980539763779527
0
LINE
8
BLACK
6
CONTINUOUS
10
6.4711424015748031
20
-2.8980539763779527
11
6.4711818110236221
21
-2.8989506299212597
0
LINE
8
BLACK
6
CONTINUOUS
10
6.4711818110236221
20
-2.8989506299212597
11
6.4710921653543307
21
-2.8991970472440944
0
LINE
8
BLACK
6
CONTINUOUS
10
6.4710921653543307
20
-2.8991970472440944
11
6.4710806692913385
21
-2.8994593307086611
0
LINE
8
BLACK
6
CONTINUOUS
10
6.4710806692913385
20
-2.8994593307086611
11
6.4707009055118112
21
-2.9002730708661417
0
LINE
8
BLACK
6
CONTINUOUS
10
6.4707009055118112
20
-2.9002730708661417
11
6.4703943700787399
21
-2.9011160629921258
0
LINE
8
BLACK
6
CONTINUOUS
10
6.4703943700787399
20
-2.9011160629921258
11
6.4702172440944876
21
-2.9013094488188975
0
LINE
8
BLACK
6
CONTINUOUS
10
6.4702172440944876
20
-2.9013094488188975
11
6.4701062204724407
21
-2.9015474015748031
0
LINE
8
BLACK
6
CONTINUOUS
10
6.4701062204724407
20
-2.9015474015748031
11
6.469444094488189
21
-2.9021537401574804
0
LINE
8
BLACK
6
CONTINUOUS
10
6.469444094488189
20
-2.9021537401574804
11
6.4688381889763775
21
-2.9028153937007874
0
LINE
8
BLACK
6
CONTINUOUS
10
6.4688381889763775
20
-2.9028153937007874
11
6.4685988582677165
21
-2.9029277559055116
0
LINE
8
BLACK
6
CONTINUOUS
10
6.4685988582677165
20
-2.9029277559055116
11
6.468406889763779
21
-2.9031035826771654
0
LINE
8
BLACK
6
CONTINUOUS
10
6.468406889763779
20
-2.9031035826771654
11
6.4675981496062986
21
-2.9033976377952757
0
LINE
8
BLACK
6
CONTINUOUS
10
6.4675981496062986
20
-2.9033976377952757
11
6.4495016929133859
21
-2.9118951574803149
0
LINE
8
BLACK
6
CONTINUOUS
10
6.4495016929133859
20
-2.9118951574803149
11
6.4822176377952756
21
-2.9118335039370078
0
LINE
8
BLACK
6
CONTINUOUS
10
6.4822176377952756
20
-2.9118335039370078
11
6.4833697637795273
21
-2.911946968503937
0
LINE
8
BLACK
6
CONTINUOUS
10
6.4833697637795273
20
-2.911946968503937
11
6.4854985826771649
21
-2.9128287795275591
0
LINE
8
BLACK
6
CONTINUOUS
10
6.4854985826771649
20
-2.9128287795275591
11
6.4871278740157479
21
-2.9144580708661416
0
LINE
8
BLACK
6
CONTINUOUS
10
6.4871278740157479
20
-2.9144580708661416
11
6.48800968503937
21
-2.9165868897637797
0
LINE
8
BLACK
6
CONTINUOUS
10
6.48800968503937
20
-2.9165868897637797
11
6.48800968503937
21
-2.9188911417322836
0
LINE
8
BLACK
6
CONTINUOUS
10
6.48800968503937
20
-2.9188911417322836
11
6.4871278740157479
21
-2.9210199606299212
0
LINE
8
BLACK
6
CONTINUOUS
10
6.4871278740157479
20
-2.9210199606299212
11
6.4854985826771649
21
-2.9226492519685037
0
LINE
8
BLACK
6
CONTINUOUS
10
6.4854985826771649
20
-2.9226492519685037
11
6.4833697637795273
21
-2.9235310629921258
0
LINE
8
BLACK
6
CONTINUOUS
10
6.4833697637795273
20
-2.9235310629921258
11
6.4231625196850395
21
-2.923644527559055
0
LINE
8
BLACK
6
CONTINUOUS
10
6.4231625196850395
20
-2.923644527559055
11
6.4224051574803145
21
-2.9235699212598423
0
LINE
8
BLACK
6
CONTINUOUS
10
6.4224051574803145
20
-2.9235699212598423
11
6.422265866141732
21
-2.9235760629921259
0
LINE
8
BLACK
6
CONTINUOUS
10
6.422265866141732
20
-2.9235760629921259
11
6.4221910236220472
21
-2.9235488188976375
0
LINE
8
BLACK
6
CONTINUOUS
10
6.4221910236220472
20
-2.9235488188976375
11
6.4220103937007869
21
-2.9235310629921258
0
LINE
8
BLACK
6
CONTINUOUS
10
6.4220103937007869
20
-2.9235310629921258
11
6.4210635826771654
21
-2.9231388582677167
0
LINE
8
BLACK
6
CONTINUOUS
10
6.4210635826771654
20
-2.9231388582677167
11
6.4201003937007872
21
-2.9227886220472441
0
LINE
8
BLACK
6
CONTINUOUS
10
6.4201003937007872
20
-2.9227886220472441
11
6.4200032283464568
21
-2.9226996456692911
0
LINE
8
BLACK
6
CONTINUOUS
10
6.4200032283464568
20
-2.9226996456692911
11
6.4198815748031492
21
-2.9226492519685037
0
LINE
8
BLACK
6
CONTINUOUS
10
6.4198815748031492
20
-2.9226492519685037
11
6.419157244094488
21
-2.9219249212598424
0
LINE
8
BLACK
6
CONTINUOUS
10
6.419157244094488
20
-2.9219249212598424
11
6.4184010629921255
21
-2.9212324409448818
0
LINE
8
BLACK
6
CONTINUOUS
10
6.4184010629921255
20
-2.9212324409448818
11
6.4183453149606295
21
-2.921112992125984
0
LINE
8
BLACK
6
CONTINUOUS
10
6.4183453149606295
20
-2.921112992125984
11
6.4182522834645672
21
-2.9210199606299212
0
LINE
8
BLACK
6
CONTINUOUS
10
6.4182522834645672
20
-2.9210199606299212
11
6.4178601181102364
21
-2.9200732677165355
0
LINE
8
BLACK
6
CONTINUOUS
10
6.4178601181102364
20
-2.9200732677165355
11
6.4174266535433073
21
-2.9191443307086615
0
LINE
8
BLACK
6
CONTINUOUS
10
6.4174266535433073
20
-2.9191443307086615
11
6.4174208661417325
21
-2.9190127952755907
0
LINE
8
BLACK
6
CONTINUOUS
10
6.4174208661417325
20
-2.9190127952755907
11
6.4173704724409451
21
-2.9188911417322836
0
LINE
8
BLACK
6
CONTINUOUS
10
6.4173704724409451
20
-2.9188911417322836
11
6.4173704724409451
21
-2.9178661417322833
0
LINE
8
BLACK
6
CONTINUOUS
10
6.4173704724409451
20
-2.9178661417322833
11
6.417325472440945
21
-2.9168423622047244
0
LINE
8
BLACK
6
CONTINUOUS
10
6.417325472440945
20
-2.9168423622047244
11
6.4173704724409451
21
-2.9167185826771651
0
LINE
8
BLACK
6
CONTINUOUS
10
6.4173704724409451
20
-2.9167185826771651
11
6.4173704724409451
21
-2.9165868897637797
0
LINE
8
BLACK
6
CONTINUOUS
10
6.4173704724409451
20
-2.9165868897637797
11
6.417762637795275
21
-2.9156400787401573
0
LINE
8
BLACK
6
CONTINUOUS
10
6.417762637795275
20
-2.9156400787401573
11
6.4181129133858263
21
-2.9146768897637796
0
LINE
8
BLACK
6
CONTINUOUS
10
6.4181129133858263
20
-2.9146768897637796
11
6.4182018503937011
21
-2.9145797244094487
0
LINE
8
BLACK
6
CONTINUOUS
10
6.4182018503937011
20
-2.9145797244094487
11
6.4182522834645672
21
-2.9144580708661416
0
LINE
8
BLACK
6
CONTINUOUS
10
6.4182522834645672
20
-2.9144580708661416
11
6.4189765748031498
21
-2.9137337401574803
0
LINE
8
BLACK
6
CONTINUOUS
10
6.4189765748031498
20
-2.9137337401574803
11
6.4196690944881887
21
-2.9129775590551179
0
LINE
8
BLACK
6
CONTINUOUS
10
6.4196690944881887
20
-2.9129775590551179
11
6.4197891732283461
21
-2.9129211417322836
0
LINE
8
BLACK
6
CONTINUOUS
10
6.4197891732283461
20
-2.9129211417322836
11
6.4198815748031492
21
-2.9128287795275591
0
LINE
8
BLACK
6
CONTINUOUS
10
6.4198815748031492
20
-2.9128287795275591
11
6.4207670866141733
21
-2.9124619291338583
0
LINE
8
BLACK
6
CONTINUOUS
10
6.4207670866141733
20
-2.9124619291338583
11
6.4515107874015749
21
-2.8980257480314959
0
LINE
8
BLACK
6
CONTINUOUS
10
6.4515107874015749
20
-2.8980257480314959
11
6.4206651574803146
21
-2.8837203937007874
0
LINE
8
BLACK
6
CONTINUOUS
10
6.4206651574803146
20
-2.8837203937007874
11
6.4200102362204721
21
-2.8833324409448817
0
LINE
8
BLACK
6
CONTINUOUS
10
6.4200102362204721
20
-2.8833324409448817
11
6.4198815748031492
21
-2.8832791732283463
0
LINE
8
BLACK
6
CONTINUOUS
10
6.4198815748031492
20
-2.8832791732283463
11
6.4198253149606295
21
-2.8832229133858269
0
LINE
8
BLACK
6
CONTINUOUS
10
6.4198253149606295
20
-2.8832229133858269
11
6.4196690944881887
21
-2.8831303937007875
0
LINE
8
BLACK
6
CONTINUOUS
10
6.4196690944881887
20
-2.8831303937007875
11
6.4189765748031498
21
-2.8823741732283463
0
LINE
8
BLACK
6
CONTINUOUS
10
6.4189765748031498
20
-2.8823741732283463
11
6.4182522834645672
21
-2.8816498818897638
0
LINE
8
BLACK
6
CONTINUOUS
10
6.4182522834645672
20
-2.8816498818897638
11
6.4182018503937011
21
-2.881528188976378
0
LINE
8
BLACK
6
CONTINUOUS
10
6.4182018503937011
20
-2.881528188976378
11
6.4181129133858263
21
-2.8814310629921258
0
LINE
8
BLACK
6
CONTINUOUS
10
6.4181129133858263
20
-2.8814310629921258
11
6.417762637795275
21
-2.8804678346456694
0
LINE
8
BLACK
6
CONTINUOUS
10
6.417762637795275
20
-2.8804678346456694
11
6.4173704724409451
21
-2.8795210629921257
0
LINE
8
BLACK
6
CONTINUOUS
10
6.4173704724409451
20
-2.8795210629921257
11
6.4173704724409451
21
-2.8793893307086615
0
LINE
8
BLACK
6
CONTINUOUS
10
6.4173704724409451
20
-2.8793893307086615
11
6.417325472440945
21
-2.879265590551181
0
LINE
8
BLACK
6
CONTINUOUS
10
6.417325472440945
20
-2.879265590551181
11
6.4173704724409451
21
-2.8782417716535433
0
LINE
8
BLACK
6
CONTINUOUS
10
6.4173704724409451
20
-2.8782417716535433
11
6.4173704724409451
21
-2.8772168110236218
0
LINE
8
BLACK
6
CONTINUOUS
10
6.4173704724409451
20
-2.8772168110236218
11
6.4174208661417325
21
-2.877095118110236
0
LINE
8
BLACK
6
CONTINUOUS
10
6.4174208661417325
20
-2.877095118110236
11
6.4174266535433073
21
-2.8769636220472439
0
LINE
8
BLACK
6
CONTINUOUS
10
6.4174266535433073
20
-2.8769636220472439
11
6.4178601181102364
21
-2.8760346456692911
0
LINE
8
BLACK
6
CONTINUOUS
10
6.4178601181102364
20
-2.8760346456692911
11
6.4182522834645672
21
-2.8750879921259842
0
LINE
8
BLACK
6
CONTINUOUS
10
6.4182522834645672
20
-2.8750879921259842
11
6.4183453149606295
21
-2.8749949212598422
0
LINE
8
BLACK
6
CONTINUOUS
10
6.4183453149606295
20
-2.8749949212598422
11
6.4184010629921255
21
-2.8748755118110236
0
LINE
8
BLACK
6
CONTINUOUS
10
6.4184010629921255
20
-2.8748755118110236
11
6.419157244094488
21
-2.8741829921259843
0
LINE
8
BLACK
6
CONTINUOUS
10
6.419157244094488
20
-2.8741829921259843
11
6.4198815748031492
21
-2.8734587007874013
0
LINE
8
BLACK
6
CONTINUOUS
10
6.4198815748031492
20
-2.8734587007874013
11
6.4200032283464568
21
-2.8734082677165356
0
LINE
8
BLACK
6
CONTINUOUS
10
6.4200032283464568
20
-2.8734082677165356
11
6.4201003937007872
21
-2.8733193307086613
0
LINE
8
BLACK
6
CONTINUOUS
10
6.4201003937007872
20
-2.8733193307086613
11
6.4210635826771654
21
-2.87296905511811
0
LINE
8
BLACK
6
CONTINUOUS
10
6.4210635826771654
20
-2.87296905511811
11
6.4220103937007869
21
-2.8725768897637796
0
LINE
8
BLACK
6
CONTINUOUS
10
6.4220103937007869
20
-2.8725768897637796
11
6.4221427952755903
21
-2.8725766141732283
0
LINE
8
BLACK
6
CONTINUOUS
10
6.4221427952755903
20
-2.8725766141732283
11
6.422265866141732
21
-2.8725318897637795
0
LINE
8
BLACK
6
CONTINUOUS
10
6.422265866141732
20
-2.8725318897637795
11
6.4232370472440943
21
-2.8725745669291336
0
LINE
8
BLACK
6
CONTINUOUS
10
6.4232370472440943
20
-2.8725745669291336
11
6.4822176377952756
21
-2.8724634251968504
0
LINE
8
BLACK
6
CONTINUOUS
10
6.4822176377952756
20
-2.8724634251968504
11
6.4833697637795273
21
-2.8725768897637796
0
LINE
8
BLACK
6
CONTINUOUS
10
6.2830118110236217
20
-3.0110039370078741
11
6.2652129527559053
21
-3.0110039370078741
0
LINE
8
BLACK
6
CONTINUOUS
10
6.2652129527559053
20
-3.0110039370078741
11
6.2652805511811023
21
-3.0385039370078739
0
LINE
8
BLACK
6
CONTINUOUS
10
6.2652805511811023
20
-3.0385039370078739
11
6.2855118110236221
21
-3.0385039370078739
0
LINE
8
BLACK
6
CONTINUOUS
10
6.2855118110236221
20
-3.0385039370078739
11
6.2855118110236221
21
-3.098503937007874
0
LINE
8
BLACK
6
CONTINUOUS
10
6.2855118110236221
20
-3.098503937007874
11
6.2652244488188975
21
-3.098503937007874
0
LINE
8
BLACK
6
CONTINUOUS
10
6.2652244488188975
20
-3.098503937007874
11
6.2652986614173223
21
-3.138503937007874
0
LINE
8
BLACK
6
CONTINUOUS
10
6.2652986614173223
20
-3.138503937007874
11
6.2855118110236221
21
-3.138503937007874
0
LINE
8
BLACK
6
CONTINUOUS
10
6.2855118110236221
20
-3.138503937007874
11
6.2855118110236221
21
-3.1985039370078741
0
LINE
8
BLACK
6
CONTINUOUS
10
6.2855118110236221
20
-3.1985039370078741
11
6.2255118110236216
21
-3.1985039370078741
0
LINE
8
BLACK
6
CONTINUOUS
10
6.2255118110236216
20
-3.1985039370078741
11
6.2255118110236216
21
-3.138503937007874
0
LINE
8
BLACK
6
CONTINUOUS
10
6.2255118110236216
20
-3.138503937007874
11
6.2457991732283462
21
-3.138503937007874
0
LINE
8
BLACK
6
CONTINUOUS
10
6.2457991732283462
20
-3.138503937007874
11
6.2457249606299214
21
-3.098503937007874
0
LINE
8
BLACK
6
CONTINUOUS
10
6.2457249606299214
20
-3.098503937007874
11
6.2255118110236216
21
-3.098503937007874
0
LINE
8
BLACK
6
CONTINUOUS
10
6.2255118110236216
20
-3.098503937007874
11
6.2255118110236216
21
-3.0385039370078739
0
LINE
8
BLACK
6
CONTINUOUS
10
6.2255118110236216
20
-3.0385039370078739
11
6.2457799212598424
21
-3.0385039370078739
0
LINE
8
BLACK
6
CONTINUOUS
10
6.2457799212598424
20
-3.0385039370078739
11
6.2457123228346454
21
-3.0110039370078741
0
LINE
8
BLACK
6
CONTINUOUS
10
6.2457123228346454
20
-3.0110039370078741
11
6.228011811023622
21
-3.0110039370078741
0
LINE
8
BLACK
6
CONTINUOUS
10
6.228011811023622
20
-3.0110039370078741
11
6.228011811023622
21
-2.9760039370078739
0
LINE
8
BLACK
6
CONTINUOUS
10
6.228011811023622
20
-2.9760039370078739
11
6.2830118110236217
21
-2.9760039370078739
0
LINE
8
BLACK
6
CONTINUOUS
10
6.2830118110236217
20
-2.9760039370078739
11
6.2830118110236217
21
-3.0110039370078741
0
LINE
8
BLACK
6
CONTINUOUS
10
6.1830118110236221
20
-2.9360039370078739
11
6.1280118110236215
21
-2.9360039370078739
0
LINE
8
BLACK
6
CONTINUOUS
10
6.1280118110236215
20
-2.9360039370078739
11
6.1280118110236215
21
-2.9010039370078737
0
LINE
8
BLACK
6
CONTINUOUS
10
6.1280118110236215
20
-2.9010039370078737
11
6.1830118110236221
21
-2.9010039370078737
0
LINE
8
BLACK
6
CONTINUOUS
10
6.1830118110236221
20
-2.9010039370078737
11
6.1830118110236221
21
-2.9360039370078739
0
LINE
8
BLACK
6
CONTINUOUS
10
6.3830118110236223
20
-2.9360039370078739
11
6.3280118110236216
21
-2.9360039370078739
0
LINE
8
BLACK
6
CONTINUOUS
10
6.3280118110236216
20
-2.9360039370078739
11
6.3280118110236216
21
-2.9010039370078737
0
LINE
8
BLACK
6
CONTINUOUS
10
6.3280118110236216
20
-2.9010039370078737
11
6.3830118110236223
21
-2.9010039370078737
0
LINE
8
BLACK
6
CONTINUOUS
10
6.3830118110236223
20
-2.9010039370078737
11
6.3830118110236223
21
-2.9360039370078739
0
LINE
8
BLACK
6
CONTINUOUS
10
6.8689051574803148
20
-2.854248307086614
11
6.8703210629921259
21
-2.8561971259842518
0
LINE
8
BLACK
6
CONTINUOUS
10
6.8703210629921259
20
-2.8561971259842518
11
6.8705118110236221
21
-2.8574015748031494
0
LINE
8
BLACK
6
CONTINUOUS
10
6.8705118110236221
20
-2.8574015748031494
11
6.8705118110236221
21
-4.4296062992125984
0
LINE
8
BLACK
6
CONTINUOUS
10
6.8705118110236221
20
-4.4296062992125984
11
6.8697674409448819
21
-4.4318972834645667
0
LINE
8
BLACK
6
CONTINUOUS
10
6.8697674409448819
20
-4.4318972834645667
11
6.8678186220472437
21
-4.4333131889763777
0
LINE
8
BLACK
6
CONTINUOUS
10
6.8678186220472437
20
-4.4333131889763777
11
6.8666141732283466
21
-4.4335039370078739
0
LINE
8
BLACK
6
CONTINUOUS
10
6.8666141732283466
20
-4.4335039370078739
11
5.2944094488188975
21
-4.4335039370078739
0
LINE
8
BLACK
6
CONTINUOUS
10
5.2944094488188975
20
-4.4335039370078739
11
5.2921184645669292
21
-4.4327595669291338
0
LINE
8
BLACK
6
CONTINUOUS
10
5.2921184645669292
20
-4.4327595669291338
11
5.2907025590551182
21
-4.4308107480314955
0
LINE
8
BLACK
6
CONTINUOUS
10
5.2907025590551182
20
-4.4308107480314955
11
5.290511811023622
21
-4.4296062992125984
0
LINE
8
BLACK
6
CONTINUOUS
10
5.290511811023622
20
-4.4296062992125984
11
5.290511811023622
21
-4.1487264960629924
0
LINE
8
BLACK
6
CONTINUOUS
10
5.290511811023622
20
-4.1487264960629924
11
5.290511811023622
21
-4.0979094881889759
0
LINE
8
BLACK
6
CONTINUOUS
10
5.290511811023622
20
-4.0979094881889759
11
5.290511811023622
21
-4.0727402362204721
0
LINE
8
BLACK
6
CONTINUOUS
10
5.290511811023622
20
-4.0727402362204721
11
5.290511811023622
21
-4.0494094881889762
0
LINE
8
BLACK
6
CONTINUOUS
10
5.290511811023622
20
-4.0494094881889762
11
5.290511811023622
21
-3.9685038188976378
0
LINE
8
BLACK
6
CONTINUOUS
10
5.290511811023622
20
-3.9685038188976378
11
5.290511811023622
21
-3.868503779527559
0
LINE
8
BLACK
6
CONTINUOUS
10
5.290511811023622
20
-3.868503779527559
11
5.290511811023622
21
-3.7685038188976376
0
LINE
8
BLACK
6
CONTINUOUS
10
5.290511811023622
20
-3.7685038188976376
11
5.290511811023622
21
-3.5185038188976376
0
LINE
8
BLACK
6
CONTINUOUS
10
5.290511811023622
20
-3.5185038188976376
11
5.290511811023622
21
-3.4185037795275588
0
LINE
8
BLACK
6
CONTINUOUS
10
5.290511811023622
20
-3.4185037795275588
11
5.290511811023622
21
-3.3185038188976379
0
LINE
8
BLACK
6
CONTINUOUS
10
5.290511811023622
20
-3.3185038188976379
11
5.290511811023622
21
-3.1913750393700786
0
LINE
8
BLACK
6
CONTINUOUS
10
5.290511811023622
20
-3.1913750393700786
11
5.290511811023622
21
-3.0617402362204724
0
LINE
8
BLACK
6
CONTINUOUS
10
5.290511811023622
20
-3.0617402362204724
11
5.290511811023622
21
-2.9617402362204723
0
LINE
8
BLACK
6
CONTINUOUS
10
5.290511811023622
20
-2.9617402362204723
11
5.290511811023622
21
-2.9244094881889762
0
LINE
8
BLACK
6
CONTINUOUS
10
5.290511811023622
20
-2.9244094881889762
11
5.290511811023622
21
-2.8992402362204723
0
LINE
8
BLACK
6
CONTINUOUS
10
5.290511811023622
20
-2.8992402362204723
11
5.290511811023622
21
-2.8574015748031494
0
LINE
8
BLACK
6
CONTINUOUS
10
5.290511811023622
20
-2.8574015748031494
11
5.2912561811023622
21
-2.8551105905511811
0
LINE
8
BLACK
6
CONTINUOUS
10
5.2912561811023622
20
-2.8551105905511811
11
5.2932049999999995
21
-2.8536946850393701
0
LINE
8
BLACK
6
CONTINUOUS
10
5.2932049999999995
20
-2.8536946850393701
11
5.2944094488188975
21
-2.8535039370078739
0
LINE
8
BLACK
6
CONTINUOUS
10
5.2944094488188975
20
-2.8535039370078739
11
6.8666141732283466
21
-2.8535039370078739
0
LINE
8
BLACK
6
CONTINUOUS
10
6.8666141732283466
20
-2.8535039370078739
11
6.8689051574803148
21
-2.854248307086614
0
LINE
8
BLACK
6
CONTINUOUS
10
6.2676146062992126
20
-4.0621053937007874
11
6.2630273622047241
21
-4.0635958267716532
0
LINE
8
BLACK
6
CONTINUOUS
10
6.2630273622047241
20
-4.0635958267716532
11
6.259861732283464
21
-4.0658958267716532
0
LINE
8
BLACK
6
CONTINUOUS
10
6.259861732283464
20
-4.0658958267716532
11
6.2367970866141729
21
-4.0889604724409452
0
LINE
8
BLACK
6
CONTINUOUS
10
6.2367970866141729
20
-4.0889604724409452
11
6.2344970866141729
21
-4.0921261023622044
0
LINE
8
BLACK
6
CONTINUOUS
10
6.2344970866141729
20
-4.0921261023622044
11
6.2334199212598422
21
-4.0954412992125979
0
LINE
8
BLACK
6
CONTINUOUS
10
6.2334199212598422
20
-4.0954412992125979
11
6.2328813779527561
21
-4.0970988976377951
0
LINE
8
BLACK
6
CONTINUOUS
10
6.2328813779527561
20
-4.0970988976377951
11
6.2328813779527561
21
-4.1023274015748035
0
LINE
8
BLACK
6
CONTINUOUS
10
6.2328813779527561
20
-4.1023274015748035
11
6.2344970866141729
21
-4.107300078740157
0
LINE
8
BLACK
6
CONTINUOUS
10
6.2344970866141729
20
-4.107300078740157
11
6.2367972834645666
21
-4.1104660236220472
0
LINE
8
BLACK
6
CONTINUOUS
10
6.2367972834645666
20
-4.1104660236220472
11
6.2472128346456692
21
-4.1208815748031498
0
LINE
8
BLACK
6
CONTINUOUS
10
6.2472128346456692
20
-4.1208815748031498
11
6.2483063779527557
21
-4.1230278346456695
0
LINE
8
BLACK
6
CONTINUOUS
10
6.2483063779527557
20
-4.1230278346456695
11
6.2483543700787401
21
-4.1236375590551182
0
LINE
8
BLACK
6
CONTINUOUS
10
6.2483543700787401
20
-4.1236375590551182
11
6.2483543700787401
21
-4.1468700787401573
0
LINE
8
BLACK
6
CONTINUOUS
10
6.2483543700787401
20
-4.1468700787401573
11
6.2476099999999999
21
-4.1491610629921256
0
LINE
8
BLACK
6
CONTINUOUS
10
6.2476099999999999
20
-4.1491610629921256
11
6.2456611811023617
21
-4.1505769685039366
0
LINE
8
BLACK
6
CONTINUOUS
10
6.2456611811023617
20
-4.1505769685039366
11
6.2444567322834645
21
-4.1507677165354329
0
LINE
8
BLACK
6
CONTINUOUS
10
6.2444567322834645
20
-4.1507677165354329
11
6.1836416535433072
21
-4.1507677165354329
0
LINE
8
BLACK
6
CONTINUOUS
10
6.1836416535433072
20
-4.1507677165354329
11
6.181350669291338
21
-4.1500233464566927
0
LINE
8
BLACK
6
CONTINUOUS
10
6.181350669291338
20
-4.1500233464566927
11
6.1802750787401575
21
-4.1485431102362202
0
LINE
8
BLACK
6
CONTINUOUS
10
6.1802750787401575
20
-4.1485431102362202
11
6.1801570472440943
21
-4.1486032677165356
0
LINE
8
BLACK
6
CONTINUOUS
10
6.1801570472440943
20
-4.1486032677165356
11
6.1790465748031496
21
-4.1464238582677169
0
LINE
8
BLACK
6
CONTINUOUS
10
6.1790465748031496
20
-4.1464238582677169
11
6.1776440157480312
21
-4.1436712204724406
0
LINE
8
BLACK
6
CONTINUOUS
10
6.1776440157480312
20
-4.1436712204724406
11
6.173946889763779
21
-4.1399740944881893
0
LINE
8
BLACK
6
CONTINUOUS
10
6.173946889763779
20
-4.1399740944881893
11
6.1737846850393696
21
-4.1398914566929133
0
LINE
8
BLACK
6
CONTINUOUS
10
6.1737846850393696
20
-4.1398914566929133
11
6.1692883070866138
21
-4.1376003937007875
0
LINE
8
BLACK
6
CONTINUOUS
10
6.1692883070866138
20
-4.1376003937007875
11
6.1692881889763775
21
-4.1376003543307087
0
LINE
8
BLACK
6
CONTINUOUS
10
6.1692881889763775
20
-4.1376003543307087
11
6.1683218897637797
21
-4.1374472834645672
0
LINE
8
BLACK
6
CONTINUOUS
10
6.1683218897637797
20
-4.1374472834645672
11
6.1654231889763782
21
-4.1369881889763782
0
LINE
8
BLACK
6
CONTINUOUS
10
6.1654231889763782
20
-4.1369881889763782
11
6.1654230708661419
21
-4.1369881889763782
0
LINE
8
BLACK
6
CONTINUOUS
10
6.1654230708661419
20
-4.1369881889763782
11
6.1456005511811025
21
-4.1369881889763782
0
LINE
8
BLACK
6
CONTINUOUS
10
6.1456005511811025
20
-4.1369881889763782
11
6.1456004330708662
21
-4.1369881889763782
0
LINE
8
BLACK
6
CONTINUOUS
10
6.1456004330708662
20
-4.1369881889763782
11
6.141735433070866
21
-4.1376003543307087
0
LINE
8
BLACK
6
CONTINUOUS
10
6.141735433070866
20
-4.1376003543307087
11
6.141735275590551
21
-4.1376003937007875
0
LINE
8
BLACK
6
CONTINUOUS
10
6.141735275590551
20
-4.1376003937007875
11
6.1370767716535433
21
-4.1399740551181106
0
LINE
8
BLACK
6
CONTINUOUS
10
6.1370767716535433
20
-4.1399740551181106
11
6.1333795669291336
21
-4.1436712598425194
0
LINE
8
BLACK
6
CONTINUOUS
10
6.1333795669291336
20
-4.1436712598425194
11
6.1310059055118105
21
-4.1483297637795271
0
LINE
8
BLACK
6
CONTINUOUS
10
6.1310059055118105
20
-4.1483297637795271
11
6.1310058661417317
21
-4.1483299212598421
0
LINE
8
BLACK
6
CONTINUOUS
10
6.1310058661417317
20
-4.1483299212598421
11
6.1303937007874012
21
-4.1521949212598424
0
LINE
8
BLACK
6
CONTINUOUS
10
6.1303937007874012
20
-4.1521949212598424
11
6.1303937007874012
21
-4.1848129133858265
0
LINE
8
BLACK
6
CONTINUOUS
10
6.1303937007874012
20
-4.1848129133858265
11
6.1310058661417317
21
-4.1886779133858267
0
LINE
8
BLACK
6
CONTINUOUS
10
6.1310058661417317
20
-4.1886779133858267
11
6.1310059055118105
21
-4.1886780708661417
0
LINE
8
BLACK
6
CONTINUOUS
10
6.1310059055118105
20
-4.1886780708661417
11
6.1328767322834645
21
-4.1923496850393702
0
LINE
8
BLACK
6
CONTINUOUS
10
6.1328767322834645
20
-4.1923496850393702
11
6.1333796062992123
21
-4.193336653543307
0
LINE
8
BLACK
6
CONTINUOUS
10
6.1333796062992123
20
-4.193336653543307
11
6.1370767322834645
21
-4.1970337795275592
0
LINE
8
BLACK
6
CONTINUOUS
10
6.1370767322834645
20
-4.1970337795275592
11
6.141735433070866
21
-4.1994075196850389
0
LINE
8
BLACK
6
CONTINUOUS
10
6.141735433070866
20
-4.1994075196850389
11
6.1443555118110238
21
-4.1998224803149604
0
LINE
8
BLACK
6
CONTINUOUS
10
6.1443555118110238
20
-4.1998224803149604
11
6.1456004330708662
21
-4.2000196850393703
0
LINE
8
BLACK
6
CONTINUOUS
10
6.1456004330708662
20
-4.2000196850393703
11
6.1456005511811025
21
-4.2000196850393703
0
LINE
8
BLACK
6
CONTINUOUS
10
6.1456005511811025
20
-4.2000196850393703
11
6.1654231889763782
21
-4.2000196850393703
0
LINE
8
BLACK
6
CONTINUOUS
10
6.1654231889763782
20
-4.2000196850393703
11
6.1665473622047244
21
-4.1998415748031492
0
LINE
8
BLACK
6
CONTINUOUS
10
6.1665473622047244
20
-4.1998415748031492
11
6.1692881889763775
21
-4.1994075196850389
0
LINE
8
BLACK
6
CONTINUOUS
10
6.1692881889763775
20
-4.1994075196850389
11
6.173946889763779
21
-4.1970337795275592
0
LINE
8
BLACK
6
CONTINUOUS
10
6.173946889763779
20
-4.1970337795275592
11
6.1776440157480312
21
-4.193336653543307
0
LINE
8
BLACK
6
CONTINUOUS
10
6.1776440157480312
20
-4.193336653543307
11
6.1799916141732281
21
-4.188729291338583
0
LINE
8
BLACK
6
CONTINUOUS
10
6.1799916141732281
20
-4.188729291338583
11
6.1801570472440943
21
-4.1884046062992129
0
LINE
8
BLACK
6
CONTINUOUS
10
6.1801570472440943
20
-4.1884046062992129
11
6.1802751181102362
21
-4.1884647637795274
0
LINE
8
BLACK
6
CONTINUOUS
10
6.1802751181102362
20
-4.1884647637795274
11
6.1813509842519681
21
-4.1869843307086612
0
LINE
8
BLACK
6
CONTINUOUS
10
6.1813509842519681
20
-4.1869843307086612
11
6.1836416535433072
21
-4.1862401574803147
0
LINE
8
BLACK
6
CONTINUOUS
10
6.1836416535433072
20
-4.1862401574803147
11
6.2562204724409449
21
-4.1862401574803147
0
LINE
8
BLACK
6
CONTINUOUS
10
6.2562204724409449
20
-4.1862401574803147
11
6.2585114566929132
21
-4.1869845275590549
0
LINE
8
BLACK
6
CONTINUOUS
10
6.2585114566929132
20
-4.1869845275590549
11
6.2599273622047242
21
-4.1889333464566931
0
LINE
8
BLACK
6
CONTINUOUS
10
6.2599273622047242
20
-4.1889333464566931
11
6.2601181102362204
21
-4.1901377952755903
0
LINE
8
BLACK
6
CONTINUOUS
10
6.2601181102362204
20
-4.1901377952755903
11
6.2601181102362204
21
-4.2067813385826769
0
LINE
8
BLACK
6
CONTINUOUS
10
6.2601181102362204
20
-4.2067813385826769
11
6.2601181496062992
21
-4.2067818110236219
0
LINE
8
BLACK
6
CONTINUOUS
10
6.2601181496062992
20
-4.2067818110236219
11
6.2605760629921257
21
-4.2090837401574799
0
LINE
8
BLACK
6
CONTINUOUS
10
6.2605760629921257
20
-4.2090837401574799
11
6.2605761417322832
21
-4.2090839763779524
0
LINE
8
BLACK
6
CONTINUOUS
10
6.2605761417322832
20
-4.2090839763779524
11
6.2623206692913387
21
-4.211694803149606
0
LINE
8
BLACK
6
CONTINUOUS
10
6.2623206692913387
20
-4.211694803149606
11
6.2623207874015749
21
-4.211694960629921
0
LINE
8
BLACK
6
CONTINUOUS
10
6.2623207874015749
20
-4.211694960629921
11
6.264931850393701
21
-4.2134396456692915
0
LINE
8
BLACK
6
CONTINUOUS
10
6.264931850393701
20
-4.2134396456692915
11
6.2649319685039373
21
-4.2134396456692915
0
LINE
8
BLACK
6
CONTINUOUS
10
6.2649319685039373
20
-4.2134396456692915
11
6.2652864566929134
21
-4.2135864960629918
0
LINE
8
BLACK
6
CONTINUOUS
10
6.2652864566929134
20
-4.2135864960629918
11
6.2652333858267717
21
-4.2137145669291334
0
LINE
8
BLACK
6
CONTINUOUS
10
6.2652333858267717
20
-4.2137145669291334
11
6.2667397244094483
21
-4.2145578740157479
0
LINE
8
BLACK
6
CONTINUOUS
10
6.2667397244094483
20
-4.2145578740157479
11
6.2677485039370078
21
-4.2167453149606295
0
LINE
8
BLACK
6
CONTINUOUS
10
6.2677485039370078
20
-4.2167453149606295
11
6.2677755905511807
21
-4.2172039763779523
0
LINE
8
BLACK
6
CONTINUOUS
10
6.2677755905511807
20
-4.2172039763779523
11
6.2677755905511807
21
-4.2198038582677162
0
LINE
8
BLACK
6
CONTINUOUS
10
6.2677755905511807
20
-4.2198038582677162
11
6.2670312204724405
21
-4.2220948425196854
0
LINE
8
BLACK
6
CONTINUOUS
10
6.2670312204724405
20
-4.2220948425196854
11
6.2652676771653546
21
-4.223376102362205
0
LINE
8
BLACK
6
CONTINUOUS
10
6.2652676771653546
20
-4.223376102362205
11
6.2652864566929134
21
-4.2234213779527554
0
LINE
8
BLACK
6
CONTINUOUS
10
6.2652864566929134
20
-4.2234213779527554
11
6.2650979133858264
21
-4.2234994488188979
0
LINE
8
BLACK
6
CONTINUOUS
10
6.2650979133858264
20
-4.2234994488188979
11
6.2650824015748032
21
-4.2235107480314964
0
LINE
8
BLACK
6
CONTINUOUS
10
6.2650824015748032
20
-4.2235107480314964
11
6.2650507086614171
21
-4.2235190157480318
0
LINE
8
BLACK
6
CONTINUOUS
10
6.2650507086614171
20
-4.2235190157480318
11
6.2649317322834648
21
-4.2235682677165354
0
LINE
8
BLACK
6
CONTINUOUS
10
6.2649317322834648
20
-4.2235682677165354
11
6.2623209055118112
21
-4.2253127952755909
0
LINE
8
BLACK
6
CONTINUOUS
10
6.2623209055118112
20
-4.2253127952755909
11
6.2623206692913387
21
-4.2253130314960625
0
LINE
8
BLACK
6
CONTINUOUS
10
6.2623206692913387
20
-4.2253130314960625
11
6.2605761417322832
21
-4.2279238582677161
0
LINE
8
BLACK
6
CONTINUOUS
10
6.2605761417322832
20
-4.2279238582677161
11
6.2605760629921257
21
-4.2279240944881886
0
LINE
8
BLACK
6
CONTINUOUS
10
6.2605760629921257
20
-4.2279240944881886
11
6.2601181496062992
21
-4.2302260236220475
0
LINE
8
BLACK
6
CONTINUOUS
10
6.2601181496062992
20
-4.2302260236220475
11
6.2601181102362204
21
-4.2302264960629916
0
LINE
8
BLACK
6
CONTINUOUS
10
6.2601181102362204
20
-4.2302264960629916
11
6.2601181102362204
21
-4.2836176771653545
0
LINE
8
BLACK
6
CONTINUOUS
10
6.2601181102362204
20
-4.2836176771653545
11
6.2593737401574803
21
-4.2859086614173227
0
LINE
8
BLACK
6
CONTINUOUS
10
6.2593737401574803
20
-4.2859086614173227
11
6.2574249212598421
21
-4.2873245669291338
0
LINE
8
BLACK
6
CONTINUOUS
10
6.2574249212598421
20
-4.2873245669291338
11
6.2550160236220469
21
-4.2873245669291338
0
LINE
8
BLACK
6
CONTINUOUS
10
6.2550160236220469
20
-4.2873245669291338
11
6.253464409448819
21
-4.2863737401574804
0
LINE
8
BLACK
6
CONTINUOUS
10
6.253464409448819
20
-4.2863737401574804
11
6.2449407874015748
21
-4.2778501181102362
0
LINE
8
BLACK
6
CONTINUOUS
10
6.2449407874015748
20
-4.2778501181102362
11
6.2438472047244096
21
-4.275703779527559
0
LINE
8
BLACK
6
CONTINUOUS
10
6.2438472047244096
20
-4.275703779527559
11
6.2437992125984252
21
-4.2750940551181102
0
LINE
8
BLACK
6
CONTINUOUS
10
6.2437992125984252
20
-4.2750940551181102
11
6.2437992125984252
21
-4.2581989370078741
0
LINE
8
BLACK
6
CONTINUOUS
10
6.2437992125984252
20
-4.2581989370078741
11
6.2437991338582677
21
-4.2581984645669291
0
LINE
8
BLACK
6
CONTINUOUS
10
6.2437991338582677
20
-4.2581984645669291
11
6.2436537401574803
21
-4.2574674803149604
0
LINE
8
BLACK
6
CONTINUOUS
10
6.2436537401574803
20
-4.2574674803149604
11
6.2433412204724412
21
-4.2558964173228349
0
LINE
8
BLACK
6
CONTINUOUS
10
6.2433412204724412
20
-4.2558964173228349
11
6.2415965354330707
21
-4.2532853543307088
0
LINE
8
BLACK
6
CONTINUOUS
10
6.2415965354330707
20
-4.2532853543307088
11
6.2415963779527557
21
-4.2532852362204725
0
LINE
8
BLACK
6
CONTINUOUS
10
6.2415963779527557
20
-4.2532852362204725
11
6.2389855511811021
21
-4.251540708661417
0
LINE
8
BLACK
6
CONTINUOUS
10
6.2389855511811021
20
-4.251540708661417
11
6.2389854724409446
21
-4.2515406692913382
0
LINE
8
BLACK
6
CONTINUOUS
10
6.2389854724409446
20
-4.2515406692913382
11
6.2389853543307083
21
-4.2515406299212595
0
LINE
8
BLACK
6
CONTINUOUS
10
6.2389853543307083
20
-4.2515406299212595
11
6.2389853149606296
21
-4.2515406299212595
0
LINE
8
BLACK
6
CONTINUOUS
10
6.2389853149606296
20
-4.2515406299212595
11
6.2366833858267716
21
-4.251082716535433
0
LINE
8
BLACK
6
CONTINUOUS
10
6.2366833858267716
20
-4.251082716535433
11
6.2366829921259841
21
-4.2510826771653543
0
LINE
8
BLACK
6
CONTINUOUS
10
6.2366829921259841
20
-4.2510826771653543
11
6.1977264566929131
21
-4.2510826771653543
0
LINE
8
BLACK
6
CONTINUOUS
10
6.1977264566929131
20
-4.2510826771653543
11
6.1977264173228344
21
-4.2510826771653543
0
LINE
8
BLACK
6
CONTINUOUS
10
6.1977264173228344
20
-4.2510826771653543
11
6.1977260236220468
21
-4.251082716535433
0
LINE
8
BLACK
6
CONTINUOUS
10
6.1977260236220468
20
-4.251082716535433
11
6.1954240944881889
21
-4.2515406299212595
0
LINE
8
BLACK
6
CONTINUOUS
10
6.1954240944881889
20
-4.2515406299212595
11
6.1954238582677164
21
-4.251540708661417
0
LINE
8
BLACK
6
CONTINUOUS
10
6.1954238582677164
20
-4.251540708661417
11
6.1925615354330708
21
-4.2534533070866143
0
LINE
8
BLACK
6
CONTINUOUS
10
6.1925615354330708
20
-4.2534533070866143
11
6.1902431102362208
21
-4.2541072047244093
0
LINE
8
BLACK
6
CONTINUOUS
10
6.1902431102362208
20
-4.2541072047244093
11
6.1879831102362202
21
-4.253273464566929
0
LINE
8
BLACK
6
CONTINUOUS
10
6.1879831102362202
20
-4.253273464566929
11
6.1872428346456694
21
-4.2525035039370076
0
LINE
8
BLACK
6
CONTINUOUS
10
6.1872428346456694
20
-4.2525035039370076
11
6.1858672834645665
21
-4.2506102362204725
0
LINE
8
BLACK
6
CONTINUOUS
10
6.1858672834645665
20
-4.2506102362204725
11
6.1835745275590552
21
-4.2474544881889766
0
LINE
8
BLACK
6
CONTINUOUS
10
6.1835745275590552
20
-4.2474544881889766
11
6.1765612598425195
21
-4.2404412204724409
0
LINE
8
BLACK
6
CONTINUOUS
10
6.1765612598425195
20
-4.2404412204724409
11
6.1685372047244096
21
-4.2346114173228342
0
LINE
8
BLACK
6
CONTINUOUS
10
6.1685372047244096
20
-4.2346114173228342
11
6.1685371653543308
21
-4.2346113779527554
0
LINE
8
BLACK
6
CONTINUOUS
10
6.1685371653543308
20
-4.2346113779527554
11
6.1685370866141733
21
-4.2346113385826767
0
LINE
8
BLACK
6
CONTINUOUS
10
6.1685370866141733
20
-4.2346113385826767
11
6.1596999606299212
21
-4.2301086220472444
0
LINE
8
BLACK
6
CONTINUOUS
10
6.1596999606299212
20
-4.2301086220472444
11
6.1502669291338581
21
-4.227043622047244
0
LINE
8
BLACK
6
CONTINUOUS
10
6.1502669291338581
20
-4.227043622047244
11
6.140471062992126
21
-4.2254921259842515
0
LINE
8
BLACK
6
CONTINUOUS
10
6.140471062992126
20
-4.2254921259842515
11
6.1404709448818897
21
-4.2254921259842515
0
LINE
8
BLACK
6
CONTINUOUS
10
6.1404709448818897
20
-4.2254921259842515
11
6.1305526771653538
21
-4.2254921259842515
0
LINE
8
BLACK
6
CONTINUOUS
10
6.1305526771653538
20
-4.2254921259842515
11
6.1305525590551175
21
-4.2254921259842515
0
LINE
8
BLACK
6
CONTINUOUS
10
6.1305525590551175
20
-4.2254921259842515
11
6.1207566535433067
21
-4.227043622047244
0
LINE
8
BLACK
6
CONTINUOUS
10
6.1207566535433067
20
-4.227043622047244
11
6.1113236220472436
21
-4.2301086220472444
0
LINE
8
BLACK
6
CONTINUOUS
10
6.1113236220472436
20
-4.2301086220472444
11
6.1024864960629923
21
-4.2346113385826767
0
LINE
8
BLACK
6
CONTINUOUS
10
6.1024864960629923
20
-4.2346113385826767
11
6.0944624015748028
21
-4.2404411811023621
0
LINE
8
BLACK
6
CONTINUOUS
10
6.0944624015748028
20
-4.2404411811023621
11
6.0874490551181104
21
-4.2474545275590554
0
LINE
8
BLACK
6
CONTINUOUS
10
6.0874490551181104
20
-4.2474545275590554
11
6.0837807480314963
21
-4.2525035433070864
0
LINE
8
BLACK
6
CONTINUOUS
10
6.0837807480314963
20
-4.2525035433070864
11
6.0818318897637793
21
-4.2539194488188974
0
LINE
8
BLACK
6
CONTINUOUS
10
6.0818318897637793
20
-4.2539194488188974
11
6.0794230314960629
21
-4.2539194488188974
0
LINE
8
BLACK
6
CONTINUOUS
10
6.0794230314960629
20
-4.2539194488188974
11
6.078462047244094
21
-4.2534533070866143
0
LINE
8
BLACK
6
CONTINUOUS
10
6.078462047244094
20
-4.2534533070866143
11
6.0782105118110232
21
-4.2532852362204725
0
LINE
8
BLACK
6
CONTINUOUS
10
6.0782105118110232
20
-4.2532852362204725
11
6.0770405905511806
21
-4.2525035039370076
0
LINE
8
BLACK
6
CONTINUOUS
10
6.0770405905511806
20
-4.2525035039370076
11
6.0755997244094484
21
-4.251540708661417
0
LINE
8
BLACK
6
CONTINUOUS
10
6.0755997244094484
20
-4.251540708661417
11
6.0755996456692909
21
-4.2515406692913382
0
LINE
8
BLACK
6
CONTINUOUS
10
6.0755996456692909
20
-4.2515406692913382
11
6.0755995275590546
21
-4.2515406299212595
0
LINE
8
BLACK
6
CONTINUOUS
10
6.0755995275590546
20
-4.2515406299212595
11
6.0755994881889759
21
-4.2515406299212595
0
LINE
8
BLACK
6
CONTINUOUS
10
6.0755994881889759
20
-4.2515406299212595
11
6.0732975590551179
21
-4.251082716535433
0
LINE
8
BLACK
6
CONTINUOUS
10
6.0732975590551179
20
-4.251082716535433
11
6.0732971653543304
21
-4.2510826771653543
0
LINE
8
BLACK
6
CONTINUOUS
10
6.0732971653543304
20
-4.2510826771653543
11
6.0343406299212594
21
-4.2510826771653543
0
LINE
8
BLACK
6
CONTINUOUS
10
6.0343406299212594
20
-4.2510826771653543
11
6.0343405905511807
21
-4.2510826771653543
0
LINE
8
BLACK
6
CONTINUOUS
10
6.0343405905511807
20
-4.2510826771653543
11
6.0343401968503931
21
-4.251082716535433
0
LINE
8
BLACK
6
CONTINUOUS
10
6.0343401968503931
20
-4.251082716535433
11
6.0320382677165352
21
-4.2515406299212595
0
LINE
8
BLACK
6
CONTINUOUS
10
6.0320382677165352
20
-4.2515406299212595
11
6.0320380314960627
21
-4.251540708661417
0
LINE
8
BLACK
6
CONTINUOUS
10
6.0320380314960627
20
-4.251540708661417
11
6.0294272047244091
21
-4.2532852362204725
0
LINE
8
BLACK
6
CONTINUOUS
10
6.0294272047244091
20
-4.2532852362204725
11
6.0294269685039366
21
-4.253285472440945
0
LINE
8
BLACK
6
CONTINUOUS
10
6.0294269685039366
20
-4.253285472440945
11
6.0276824409448819
21
-4.2558962992125986
0
LINE
8
BLACK
6
CONTINUOUS
10
6.0276824409448819
20
-4.2558962992125986
11
6.0276823622047244
21
-4.2558965354330711
0
LINE
8
BLACK
6
CONTINUOUS
10
6.0276823622047244
20
-4.2558965354330711
11
6.0275431889763782
21
-4.2565962204724412
0
LINE
8
BLACK
6
CONTINUOUS
10
6.0275431889763782
20
-4.2565962204724412
11
6.0263661417322831
21
-4.2586979133858263
0
LINE
8
BLACK
6
CONTINUOUS
10
6.0263661417322831
20
-4.2586979133858263
11
6.0241785039370077
21
-4.2597063779527558
0
LINE
8
BLACK
6
CONTINUOUS
10
6.0241785039370077
20
-4.2597063779527558
11
6.0218159448818893
21
-4.2592363779527558
0
LINE
8
BLACK
6
CONTINUOUS
10
6.0218159448818893
20
-4.2592363779527558
11
6.0201808267716537
21
-4.2574674803149604
0
LINE
8
BLACK
6
CONTINUOUS
10
6.0201808267716537
20
-4.2574674803149604
11
6.0198228346456695
21
-4.2558357480314957
0
LINE
8
BLACK
6
CONTINUOUS
10
6.0198228346456695
20
-4.2558357480314957
11
6.0198228346456695
21
-4.2494094881889763
0
LINE
8
BLACK
6
CONTINUOUS
10
6.0198228346456695
20
-4.2494094881889763
11
6.0198227952755907
21
-4.2494094488188976
0
LINE
8
BLACK
6
CONTINUOUS
10
6.0198227952755907
20
-4.2494094488188976
11
6.0080118110236223
21
-4.2494094488188976
0
LINE
8
BLACK
6
CONTINUOUS
10
6.0080118110236223
20
-4.2494094488188976
11
6.0080118110236223
21
-4.2610039370078736
0
LINE
8
BLACK
6
CONTINUOUS
10
6.0080118110236223
20
-4.2610039370078736
11
5.9864173228346456
21
-4.2610039370078736
0
LINE
8
BLACK
6
CONTINUOUS
10
5.9864173228346456
20
-4.2610039370078736
11
5.9864173228346456
21
-4.2728148818897633
0
LINE
8
BLACK
6
CONTINUOUS
10
5.9864173228346456
20
-4.2728148818897633
11
5.9864173622047243
21
-4.2728149212598421
0
LINE
8
BLACK
6
CONTINUOUS
10
5.9864173622047243
20
-4.2728149212598421
11
6.0097751968503932
21
-4.2728149212598421
0
LINE
8
BLACK
6
CONTINUOUS
10
6.0097751968503932
20
-4.2728149212598421
11
6.0097752362204719
21
-4.2728148818897633
0
LINE
8
BLACK
6
CONTINUOUS
10
6.0097752362204719
20
-4.2728148818897633
11
6.0107627559055112
21
-4.272700393700787
0
LINE
8
BLACK
6
CONTINUOUS
10
6.0107627559055112
20
-4.272700393700787
11
6.0148022440944882
21
-4.2709167716535434
0
LINE
8
BLACK
6
CONTINUOUS
10
6.0148022440944882
20
-4.2709167716535434
11
6.0179246456692912
21
-4.2677943700787404
0
LINE
8
BLACK
6
CONTINUOUS
10
6.0179246456692912
20
-4.2677943700787404
11
6.0197612204724411
21
-4.2636349212598423
0
LINE
8
BLACK
6
CONTINUOUS
10
6.0197612204724411
20
-4.2636349212598423
11
6.0213675590551183
21
-4.2618398425196853
0
LINE
8
BLACK
6
CONTINUOUS
10
6.0213675590551183
20
-4.2618398425196853
11
6.0237222047244092
21
-4.2613317322834643
0
LINE
8
BLACK
6
CONTINUOUS
10
6.0237222047244092
20
-4.2613317322834643
11
6.0259258661417325
21
-4.2623047244094483
0
LINE
8
BLACK
6
CONTINUOUS
10
6.0259258661417325
20
-4.2623047244094483
11
6.0271367322834646
21
-4.2643871259842516
0
LINE
8
BLACK
6
CONTINUOUS
10
6.0271367322834646
20
-4.2643871259842516
11
6.0272244094488183
21
-4.2652092519685034
0
LINE
8
BLACK
6
CONTINUOUS
10
6.0272244094488183
20
-4.2652092519685034
11
6.0272244094488183
21
-4.2884011023622044
0
LINE
8
BLACK
6
CONTINUOUS
10
6.0272244094488183
20
-4.2884011023622044
11
6.026480039370079
21
-4.2906920866141736
0
LINE
8
BLACK
6
CONTINUOUS
10
6.026480039370079
20
-4.2906920866141736
11
6.0260826771653546
21
-4.2911572834645666
0
LINE
8
BLACK
6
CONTINUOUS
10
6.0260826771653546
20
-4.2911572834645666
11
6.0256565748031496
21
-4.2915833464566928
0
LINE
8
BLACK
6
CONTINUOUS
10
6.0256565748031496
20
-4.2915833464566928
11
6.0235101968503937
21
-4.2926768503937005
0
LINE
8
BLACK
6
CONTINUOUS
10
6.0235101968503937
20
-4.2926768503937005
11
6.0214090944881891
21
-4.2924281102362203
0
LINE
8
BLACK
6
CONTINUOUS
10
6.0214090944881891
20
-4.2924281102362203
11
6.0166835433070869
21
-4.2904707086614176
0
LINE
8
BLACK
6
CONTINUOUS
10
6.0166835433070869
20
-4.2904707086614176
11
6.0166834251968506
21
-4.2904706692913388
0
LINE
8
BLACK
6
CONTINUOUS
10
6.0166834251968506
20
-4.2904706692913388
11
6.0166833858267719
21
-4.2904706692913388
0
LINE
8
BLACK
6
CONTINUOUS
10
6.0166833858267719
20
-4.2904706692913388
11
6.0105118503937005
21
-4.2896581889763779
0
LINE
8
BLACK
6
CONTINUOUS
10
6.0105118503937005
20
-4.2896581889763779
11
6.010511771653543
21
-4.2896581889763779
0
LINE
8
BLACK
6
CONTINUOUS
10
6.010511771653543
20
-4.2896581889763779
11
6.0043401968503938
21
-4.2904706692913388
0
LINE
8
BLACK
6
CONTINUOUS
10
6.0043401968503938
20
-4.2904706692913388
11
6.0043398818897638
21
-4.2904707480314963
0
LINE
8
BLACK
6
CONTINUOUS
10
6.0043398818897638
20
-4.2904707480314963
11
5.9985890157480313
21
-4.2928528346456689
0
LINE
8
BLACK
6
CONTINUOUS
10
5.9985890157480313
20
-4.2928528346456689
11
5.9985889763779525
21
-4.2928528346456689
0
LINE
8
BLACK
6
CONTINUOUS
10
5.9985889763779525
20
-4.2928528346456689
11
5.9936505118110235
21
-4.296642244094488
0
LINE
8
BLACK
6
CONTINUOUS
10
5.9936505118110235
20
-4.296642244094488
11
5.993650118110236
21
-4.2966426377952756
0
LINE
8
BLACK
6
CONTINUOUS
10
5.993650118110236
20
-4.2966426377952756
11
5.9898607086614168
21
-4.3015811023622046
0
LINE
8
BLACK
6
CONTINUOUS
10
5.9898607086614168
20
-4.3015811023622046
11
5.9898607086614168
21
-4.3015811417322833
0
LINE
8
BLACK
6
CONTINUOUS
10
5.9898607086614168
20
-4.3015811417322833
11
5.9874786220472442
21
-4.3073320078740158
0
LINE
8
BLACK
6
CONTINUOUS
10
5.9874786220472442
20
-4.3073320078740158
11
5.9874785433070867
21
-4.3073323228346458
0
LINE
8
BLACK
6
CONTINUOUS
10
5.9874785433070867
20
-4.3073323228346458
11
5.9866660629921258
21
-4.3135038976377951
0
LINE
8
BLACK
6
CONTINUOUS
10
5.9866660629921258
20
-4.3135038976377951
11
5.9866660629921258
21
-4.3135039370078738
0
LINE
8
BLACK
6
CONTINUOUS
10
5.9866660629921258
20
-4.3135039370078738
11
5.9874785433070867
21
-4.3196755118110239
0
LINE
8
BLACK
6
CONTINUOUS
10
5.9874785433070867
20
-4.3196755118110239
11
5.9874786220472442
21
-4.3196758267716531
0
LINE
8
BLACK
6
CONTINUOUS
10
5.9874786220472442
20
-4.3196758267716531
11
5.9898607086614168
21
-4.3254266929133856
0
LINE
8
BLACK
6
CONTINUOUS
10
5.9898607086614168
20
-4.3254266929133856
11
5.9898607086614168
21
-4.3254267322834643
0
LINE
8
BLACK
6
CONTINUOUS
10
5.9898607086614168
20
-4.3254267322834643
11
5.993650118110236
21
-4.3303651968503933
0
LINE
8
BLACK
6
CONTINUOUS
10
5.993650118110236
20
-4.3303651968503933
11
5.9936503149606297
21
-4.3303654330708659
0
LINE
8
BLACK
6
CONTINUOUS
10
5.9936503149606297
20
-4.3303654330708659
11
5.9985889370078738
21
-4.3341549606299212
0
LINE
8
BLACK
6
CONTINUOUS
10
5.9985889370078738
20
-4.3341549606299212
11
6.0043400787401575
21
-4.336537165354331
0
LINE
8
BLACK
6
CONTINUOUS
10
6.0043400787401575
20
-4.336537165354331
11
6.0089688582677168
21
-4.3371465354330709
0
LINE
8
BLACK
6
CONTINUOUS
10
6.0089688582677168
20
-4.3371465354330709
11
6.010511771653543
21
-4.3373496850393698
0
LINE
8
BLACK
6
CONTINUOUS
10
6.010511771653543
20
-4.3373496850393698
11
6.0105118110236218
21
-4.3373496850393698
0
LINE
8
BLACK
6
CONTINUOUS
10
6.0105118110236218
20
-4.3373496850393698
11
6.0105118503937005
21
-4.3373496850393698
0
LINE
8
BLACK
6
CONTINUOUS
10
6.0105118503937005
20
-4.3373496850393698
11
6.0117461417322833
21
-4.3371871653543304
0
LINE
8
BLACK
6
CONTINUOUS
10
6.0117461417322833
20
-4.3371871653543304
11
6.0166835433070869
21
-4.336537165354331
0
LINE
8
BLACK
6
CONTINUOUS
10
6.0166835433070869
20
-4.336537165354331
11
6.0224346850393697
21
-4.3341549606299212
0
LINE
8
BLACK
6
CONTINUOUS
10
6.0224346850393697
20
-4.3341549606299212
11
6.0251836614173229
21
-4.3320455511811025
0
LINE
8
BLACK
6
CONTINUOUS
10
6.0251836614173229
20
-4.3320455511811025
11
6.0274543700787397
21
-4.3312414960629919
0
LINE
8
BLACK
6
CONTINUOUS
10
6.0274543700787397
20
-4.3312414960629919
11
6.0275563779527559
21
-4.3312401574803152
0
LINE
8
BLACK
6
CONTINUOUS
10
6.0275563779527559
20
-4.3312401574803152
11
6.0311538188976375
21
-4.3312401574803152
0
LINE
8
BLACK
6
CONTINUOUS
10
6.0311538188976375
20
-4.3312401574803152
11
6.031153897637795
21
-4.3312401574803152
0
LINE
8
BLACK
6
CONTINUOUS
10
6.031153897637795
20
-4.3312401574803152
11
6.0350465354330707
21
-4.3301971259842515
0
LINE
8
BLACK
6
CONTINUOUS
10
6.0350465354330707
20
-4.3301971259842515
11
6.0356648425196848
21
-4.3300314566929137
0
LINE
8
BLACK
6
CONTINUOUS
10
6.0356648425196848
20
-4.3300314566929137
11
6.0397092125984253
21
-4.3276964173228345
0
LINE
8
BLACK
6
CONTINUOUS
10
6.0397092125984253
20
-4.3276964173228345
11
6.0403388976377954
21
-4.3270666929133856
0
LINE
8
BLACK
6
CONTINUOUS
10
6.0403388976377954
20
-4.3270666929133856
11
6.0424851574803151
21
-4.3259731889763779
0
LINE
8
BLACK
6
CONTINUOUS
10
6.0424851574803151
20
-4.3259731889763779
11
6.0430948818897638
21
-4.3259251968503936
0
LINE
8
BLACK
6
CONTINUOUS
10
6.0430948818897638
20
-4.3259251968503936
11
6.0732971259842516
21
-4.3259251968503936
0
LINE
8
BLACK
6
CONTINUOUS
10
6.0732971259842516
20
-4.3259251968503936
11
6.0732971653543304
21
-4.3259251968503936
0
LINE
8
BLACK
6
CONTINUOUS
10
6.0732971653543304
20
-4.3259251968503936
11
6.0755996456692909
21
-4.3254672047244096
0
LINE
8
BLACK
6
CONTINUOUS
10
6.0755996456692909
20
-4.3254672047244096
11
6.078210708661417
21
-4.3237225196850391
0
LINE
8
BLACK
6
CONTINUOUS
10
6.078210708661417
20
-4.3237225196850391
11
6.0782107480314957
21
-4.3237224409448816
0
LINE
8
BLACK
6
CONTINUOUS
10
6.0782107480314957
20
-4.3237224409448816
11
6.0784620078740152
21
-4.3235545669291335
0
LINE
8
BLACK
6
CONTINUOUS
10
6.0784620078740152
20
-4.3235545669291335
11
6.0807804330708661
21
-4.3229006299212598
0
LINE
8
BLACK
6
CONTINUOUS
10
6.0807804330708661
20
-4.3229006299212598
11
6.0830404330708658
21
-4.3237343307086613
0
LINE
8
BLACK
6
CONTINUOUS
10
6.0830404330708658
20
-4.3237343307086613
11
6.08378062992126
21
-4.3245041732283465
0
LINE
8
BLACK
6
CONTINUOUS
10
6.08378062992126
20
-4.3245041732283465
11
6.0874490944881892
21
-4.3295533858267712
0
LINE
8
BLACK
6
CONTINUOUS
10
6.0874490944881892
20
-4.3295533858267712
11
6.094462362204724
21
-4.3365666535433069
0
LINE
8
BLACK
6
CONTINUOUS
10
6.094462362204724
20
-4.3365666535433069
11
6.1024864173228348
21
-4.3423964566929136
0
LINE
8
BLACK
6
CONTINUOUS
10
6.1024864173228348
20
-4.3423964566929136
11
6.1113236614173223
21
-4.3468992519685035
0
LINE
8
BLACK
6
CONTINUOUS
10
6.1113236614173223
20
-4.3468992519685035
11
6.1207564960629917
21
-4.3499641732283463
0
LINE
8
BLACK
6
CONTINUOUS
10
6.1207564960629917
20
-4.3499641732283463
11
6.1207565354330704
21
-4.3499641732283463
0
LINE
8
BLACK
6
CONTINUOUS
10
6.1207565354330704
20
-4.3499641732283463
11
6.1207566535433067
21
-4.349964212598425
0
LINE
8
BLACK
6
CONTINUOUS
10
6.1207566535433067
20
-4.349964212598425
11
6.1305525590551175
21
-4.3515157480314963
0
LINE
8
BLACK
6
CONTINUOUS
10
6.1305525590551175
20
-4.3515157480314963
11
6.1305526771653538
21
-4.3515157480314963
0
LINE
8
BLACK
6
CONTINUOUS
10
6.1305526771653538
20
-4.3515157480314963
11
6.140471062992126
21
-4.3515157480314963
0
LINE
8
BLACK
6
CONTINUOUS
10
6.140471062992126
20
-4.3515157480314963
11
6.1502669291338581
21
-4.349964212598425
0
LINE
8
BLACK
6
CONTINUOUS
10
6.1502669291338581
20
-4.349964212598425
11
6.1502669685039368
21
-4.3499641732283463
0
LINE
8
BLACK
6
CONTINUOUS
10
6.1502669685039368
20
-4.3499641732283463
11
6.1502671259842518
21
-4.3499641732283463
0
LINE
8
BLACK
6
CONTINUOUS
10
6.1502671259842518
20
-4.3499641732283463
11
6.1596999606299212
21
-4.3468992519685035
0
LINE
8
BLACK
6
CONTINUOUS
10
6.1596999606299212
20
-4.3468992519685035
11
6.1685372047244096
21
-4.3423964566929136
0
LINE
8
BLACK
6
CONTINUOUS
10
6.1685372047244096
20
-4.3423964566929136
11
6.1765612598425195
21
-4.3365666535433069
0
LINE
8
BLACK
6
CONTINUOUS
10
6.1765612598425195
20
-4.3365666535433069
11
6.1835745275590552
21
-4.3295533858267712
0
LINE
8
BLACK
6
CONTINUOUS
10
6.1835745275590552
20
-4.3295533858267712
11
6.1872429133858269
21
-4.324504251968504
0
LINE
8
BLACK
6
CONTINUOUS
10
6.1872429133858269
20
-4.324504251968504
11
6.1891916535433067
21
-4.3230884251968504
0
LINE
8
BLACK
6
CONTINUOUS
10
6.1891916535433067
20
-4.3230884251968504
11
6.1916005118110231
21
-4.3230883858267717
0
LINE
8
BLACK
6
CONTINUOUS
10
6.1916005118110231
20
-4.3230883858267717
11
6.1925615354330708
21
-4.3235545275590548
0
LINE
8
BLACK
6
CONTINUOUS
10
6.1925615354330708
20
-4.3235545275590548
11
6.1928128740157478
21
-4.3237224409448816
0
LINE
8
BLACK
6
CONTINUOUS
10
6.1928128740157478
20
-4.3237224409448816
11
6.1928129133858265
21
-4.3237225196850391
0
LINE
8
BLACK
6
CONTINUOUS
10
6.1928129133858265
20
-4.3237225196850391
11
6.1954239763779526
21
-4.3254672047244096
0
LINE
8
BLACK
6
CONTINUOUS
10
6.1954239763779526
20
-4.3254672047244096
11
6.1969347637795273
21
-4.3257677165354327
0
LINE
8
BLACK
6
CONTINUOUS
10
6.1969347637795273
20
-4.3257677165354327
11
6.1977260236220468
21
-4.3259251181102361
0
LINE
8
BLACK
6
CONTINUOUS
10
6.1977260236220468
20
-4.3259251181102361
11
6.1977262204724406
21
-4.3259251181102361
0
LINE
8
BLACK
6
CONTINUOUS
10
6.1977262204724406
20
-4.3259251181102361
11
6.1977264566929131
21
-4.3259251968503936
0
LINE
8
BLACK
6
CONTINUOUS
10
6.1977264566929131
20
-4.3259251968503936
11
6.1977264960629919
21
-4.3259251968503936
0
LINE
8
BLACK
6
CONTINUOUS
10
6.1977264960629919
20
-4.3259251968503936
11
6.2366829527559053
21
-4.3259251968503936
0
LINE
8
BLACK
6
CONTINUOUS
10
6.2366829527559053
20
-4.3259251968503936
11
6.2366829921259841
21
-4.3259251968503936
0
LINE
8
BLACK
6
CONTINUOUS
10
6.2366829921259841
20
-4.3259251968503936
11
6.2389854724409446
21
-4.3254672047244096
0
LINE
8
BLACK
6
CONTINUOUS
10
6.2389854724409446
20
-4.3254672047244096
11
6.2389857086614171
21
-4.3254670078740158
0
LINE
8
BLACK
6
CONTINUOUS
10
6.2389857086614171
20
-4.3254670078740158
11
6.2389879921259839
21
-4.3254661023622045
0
LINE
8
BLACK
6
CONTINUOUS
10
6.2389879921259839
20
-4.3254661023622045
11
6.2389927559055121
21
-4.325465708661417
0
LINE
8
BLACK
6
CONTINUOUS
10
6.2389927559055121
20
-4.325465708661417
11
6.2393619685039372
21
-4.3253922834645664
0
LINE
8
BLACK
6
CONTINUOUS
10
6.2393619685039372
20
-4.3253922834645664
11
6.2393706299212601
21
-4.3254359448818898
0
LINE
8
BLACK
6
CONTINUOUS
10
6.2393706299212601
20
-4.3254359448818898
11
6.2413894488188975
21
-4.3252768897637797
0
LINE
8
BLACK
6
CONTINUOUS
10
6.2413894488188975
20
-4.3252768897637797
11
6.2432359448818895
21
-4.326310866141732
0
LINE
8
BLACK
6
CONTINUOUS
10
6.2432359448818895
20
-4.326310866141732
11
6.2589765354330709
21
-4.3420514566929134
0
LINE
8
BLACK
6
CONTINUOUS
10
6.2589765354330709
20
-4.3420514566929134
11
6.2600701181102361
21
-4.3441977952755906
0
LINE
8
BLACK
6
CONTINUOUS
10
6.2600701181102361
20
-4.3441977952755906
11
6.2601181102362204
21
-4.3448075196850393
0
LINE
8
BLACK
6
CONTINUOUS
10
6.2601181102362204
20
-4.3448075196850393
11
6.2601181102362204
21
-4.3670866535433071
0
LINE
8
BLACK
6
CONTINUOUS
10
6.2601181102362204
20
-4.3670866535433071
11
6.2593737401574803
21
-4.3693776377952753
0
LINE
8
BLACK
6
CONTINUOUS
10
6.2593737401574803
20
-4.3693776377952753
11
6.2574249212598421
21
-4.3707935433070864
0
LINE
8
BLACK
6
CONTINUOUS
10
6.2574249212598421
20
-4.3707935433070864
11
6.2562204724409449
21
-4.3709842913385826
0
LINE
8
BLACK
6
CONTINUOUS
10
6.2562204724409449
20
-4.3709842913385826
11
6.0104768110236222
21
-4.3709842913385826
0
LINE
8
BLACK
6
CONTINUOUS
10
6.0104768110236222
20
-4.3709842913385826
11
6.008185826771653
21
-4.3702399212598424
0
LINE
8
BLACK
6
CONTINUOUS
10
6.008185826771653
20
-4.3702399212598424
11
6.0077207480314962
21
-4.369842716535433
0
LINE
8
BLACK
6
CONTINUOUS
10
6.0077207480314962
20
-4.369842716535433
11
5.9548344488188976
21
-4.3169564173228343
0
LINE
8
BLACK
6
CONTINUOUS
10
5.9548344488188976
20
-4.3169564173228343
11
5.9537408661417324
21
-4.3148100787401571
0
LINE
8
BLACK
6
CONTINUOUS
10
5.9537408661417324
20
-4.3148100787401571
11
5.953692874015748
21
-4.3142003543307084
0
LINE
8
BLACK
6
CONTINUOUS
10
5.953692874015748
20
-4.3142003543307084
11
5.953692874015748
21
-4.287226496062992
0
LINE
8
BLACK
6
CONTINUOUS
10
5.953692874015748
20
-4.287226496062992
11
5.9536927952755905
21
-4.287226023622047
0
LINE
8
BLACK
6
CONTINUOUS
10
5.9536927952755905
20
-4.287226023622047
11
5.9534307480314963
21
-4.2859086614173227
0
LINE
8
BLACK
6
CONTINUOUS
10
5.9534307480314963
20
-4.2859086614173227
11
5.953234881889764
21
-4.2849239763779527
0
LINE
8
BLACK
6
CONTINUOUS
10
5.953234881889764
20
-4.2849239763779527
11
5.9514901968503935
21
-4.2823129133858266
0
LINE
8
BLACK
6
CONTINUOUS
10
5.9514901968503935
20
-4.2823129133858266
11
5.9514900393700785
21
-4.2823127952755904
0
LINE
8
BLACK
6
CONTINUOUS
10
5.9514900393700785
20
-4.2823127952755904
11
5.9488792125984249
21
-4.2805682677165358
0
LINE
8
BLACK
6
CONTINUOUS
10
5.9488792125984249
20
-4.2805682677165358
11
5.9488791338582674
21
-4.280568228346457
0
LINE
8
BLACK
6
CONTINUOUS
10
5.9488791338582674
20
-4.280568228346457
11
5.9488790157480311
21
-4.2805681889763783
0
LINE
8
BLACK
6
CONTINUOUS
10
5.9488790157480311
20
-4.2805681889763783
11
5.9488789763779524
21
-4.2805681889763783
0
LINE
8
BLACK
6
CONTINUOUS
10
5.9488789763779524
20
-4.2805681889763783
11
5.9465770472440944
21
-4.2801102755905509
0
LINE
8
BLACK
6
CONTINUOUS
10
5.9465770472440944
20
-4.2801102755905509
11
5.9465766535433069
21
-4.2801102362204722
0
LINE
8
BLACK
6
CONTINUOUS
10
5.9465766535433069
20
-4.2801102362204722
11
5.9465766141732281
21
-4.2801102362204722
0
LINE
8
BLACK
6
CONTINUOUS
10
5.9465766141732281
20
-4.2801102362204722
11
5.9168188976377953
21
-4.2801102362204722
0
LINE
8
BLACK
6
CONTINUOUS
10
5.9168188976377953
20
-4.2801102362204722
11
5.9145279133858271
21
-4.279365866141732
0
LINE
8
BLACK
6
CONTINUOUS
10
5.9145279133858271
20
-4.279365866141732
11
5.9140628346456694
21
-4.2789686614173226
0
LINE
8
BLACK
6
CONTINUOUS
10
5.9140628346456694
20
-4.2789686614173226
11
5.9098226771653541
21
-4.2747285039370082
0
LINE
8
BLACK
6
CONTINUOUS
10
5.9098226771653541
20
-4.2747285039370082
11
5.9087290944881889
21
-4.272582165354331
0
LINE
8
BLACK
6
CONTINUOUS
10
5.9087290944881889
20
-4.272582165354331
11
5.9086811023622046
21
-4.2719724409448814
0
LINE
8
BLACK
6
CONTINUOUS
10
5.9086811023622046
20
-4.2719724409448814
11
5.9086811023622046
21
-4.2494094881889763
0
LINE
8
BLACK
6
CONTINUOUS
10
5.9086811023622046
20
-4.2494094881889763
11
5.9086811023622046
21
-4.2365593700787398
0
LINE
8
BLACK
6
CONTINUOUS
10
5.9086811023622046
20
-4.2365593700787398
11
5.9094254724409447
21
-4.2342683858267716
0
LINE
8
BLACK
6
CONTINUOUS
10
5.9094254724409447
20
-4.2342683858267716
11
5.9104133070866141
21
-4.2333186220472436
0
LINE
8
BLACK
6
CONTINUOUS
10
5.9104133070866141
20
-4.2333186220472436
11
5.910620275590551
21
-4.23318031496063
0
LINE
8
BLACK
6
CONTINUOUS
10
5.910620275590551
20
-4.23318031496063
11
5.9113996850393695
21
-4.2326595275590551
0
LINE
8
BLACK
6
CONTINUOUS
10
5.9113996850393695
20
-4.2326595275590551
11
5.9131443700787401
21
-4.230048464566929
0
LINE
8
BLACK
6
CONTINUOUS
10
5.9131443700787401
20
-4.230048464566929
11
5.913602362204724
21
-4.2277459842519685
0
LINE
8
BLACK
6
CONTINUOUS
10
5.913602362204724
20
-4.2277459842519685
11
5.913602362204724
21
-4.2242402362204725
0
LINE
8
BLACK
6
CONTINUOUS
10
5.913602362204724
20
-4.2242402362204725
11
5.913602362204724
21
-4.2118020078740157
0
LINE
8
BLACK
6
CONTINUOUS
10
5.913602362204724
20
-4.2118020078740157
11
5.9143467322834642
21
-4.2095110236220474
0
LINE
8
BLACK
6
CONTINUOUS
10
5.9143467322834642
20
-4.2095110236220474
11
5.9147440157480311
21
-4.209045905511811
0
LINE
8
BLACK
6
CONTINUOUS
10
5.9147440157480311
20
-4.209045905511811
11
5.9156214960629923
21
-4.2081684251968499
0
LINE
8
BLACK
6
CONTINUOUS
10
5.9156214960629923
20
-4.2081684251968499
11
5.9174051181102358
21
-4.2041288188976376
0
LINE
8
BLACK
6
CONTINUOUS
10
5.9174051181102358
20
-4.2041288188976376
11
5.9175196456692909
21
-4.2031416141732283
0
LINE
8
BLACK
6
CONTINUOUS
10
5.9175196456692909
20
-4.2031416141732283
11
5.9175196850393696
21
-4.2031415354330708
0
LINE
8
BLACK
6
CONTINUOUS
10
5.9175196850393696
20
-4.2031415354330708
11
5.9175196850393696
21
-4.1994094881889765
0
LINE
8
BLACK
6
CONTINUOUS
10
5.9175196850393696
20
-4.1994094881889765
11
5.9175196456692909
21
-4.1994094488188978
0
LINE
8
BLACK
6
CONTINUOUS
10
5.9175196456692909
20
-4.1994094488188978
11
5.9057086614173224
21
-4.1994094488188978
0
LINE
8
BLACK
6
CONTINUOUS
10
5.9057086614173224
20
-4.1994094488188978
11
5.9057086614173224
21
-4.2013779527559052
0
LINE
8
BLACK
6
CONTINUOUS
10
5.9057086614173224
20
-4.2013779527559052
11
5.8801181102362206
21
-4.2013779527559052
0
LINE
8
BLACK
6
CONTINUOUS
10
5.8801181102362206
20
-4.2013779527559052
11
5.8801181102362206
21
-4.1856299212598422
0
LINE
8
BLACK
6
CONTINUOUS
10
5.8801181102362206
20
-4.1856299212598422
11
5.9057086614173224
21
-4.1856299212598422
0
LINE
8
BLACK
6
CONTINUOUS
10
5.9057086614173224
20
-4.1856299212598422
11
5.9057086614173224
21
-4.1875984251968505
0
LINE
8
BLACK
6
CONTINUOUS
10
5.9057086614173224
20
-4.1875984251968505
11
5.9175196062992121
21
-4.1875984251968505
0
LINE
8
BLACK
6
CONTINUOUS
10
5.9175196062992121
20
-4.1875984251968505
11
5.9175196456692909
21
-4.1875983858267718
0
LINE
8
BLACK
6
CONTINUOUS
10
5.9175196456692909
20
-4.1875983858267718
11
5.9175196456692909
21
-4.1875787401574804
0
LINE
8
BLACK
6
CONTINUOUS
10
5.9175196456692909
20
-4.1875787401574804
11
5.9182640157480311
21
-4.1852877559055113
0
LINE
8
BLACK
6
CONTINUOUS
10
5.9182640157480311
20
-4.1852877559055113
11
5.9202128346456693
21
-4.1838718503937011
0
LINE
8
BLACK
6
CONTINUOUS
10
5.9202128346456693
20
-4.1838718503937011
11
5.9214172834645664
21
-4.1836811023622049
0
LINE
8
BLACK
6
CONTINUOUS
10
5.9214172834645664
20
-4.1836811023622049
11
5.9413026771653543
21
-4.1836811023622049
0
LINE
8
BLACK
6
CONTINUOUS
10
5.9413026771653543
20
-4.1836811023622049
11
5.9435936614173226
21
-4.1844254724409451
0
LINE
8
BLACK
6
CONTINUOUS
10
5.9435936614173226
20
-4.1844254724409451
11
5.9450095669291336
21
-4.1863742913385824
0
LINE
8
BLACK
6
CONTINUOUS
10
5.9450095669291336
20
-4.1863742913385824
11
5.9451253937007875
21
-4.1868182677165358
0
LINE
8
BLACK
6
CONTINUOUS
10
5.9451253937007875
20
-4.1868182677165358
11
5.9455760629921262
21
-4.1890837401574803
0
LINE
8
BLACK
6
CONTINUOUS
10
5.9455760629921262
20
-4.1890837401574803
11
5.9455761417322837
21
-4.1890839763779528
0
LINE
8
BLACK
6
CONTINUOUS
10
5.9455761417322837
20
-4.1890839763779528
11
5.9472153543307087
21
-4.1915371653543305
0
LINE
8
BLACK
6
CONTINUOUS
10
5.9472153543307087
20
-4.1915371653543305
11
5.9473207874015745
21
-4.1916949606299214
0
LINE
8
BLACK
6
CONTINUOUS
10
5.9473207874015745
20
-4.1916949606299214
11
5.9499318503937006
21
-4.1934396456692911
0
LINE
8
BLACK
6
CONTINUOUS
10
5.9499318503937006
20
-4.1934396456692911
11
5.9516823228346452
21
-4.1937878346456694
0
LINE
8
BLACK
6
CONTINUOUS
10
5.9516823228346452
20
-4.1937878346456694
11
5.9522338976377949
21
-4.1938975590551184
0
LINE
8
BLACK
6
CONTINUOUS
10
5.9522338976377949
20
-4.1938975590551184
11
5.9522340944881886
21
-4.1938975590551184
0
LINE
8
BLACK
6
CONTINUOUS
10
5.9522340944881886
20
-4.1938975590551184
11
5.9522343307086611
21
-4.1938976377952759
0
LINE
8
BLACK
6
CONTINUOUS
10
5.9522343307086611
20
-4.1938976377952759
11
5.9522343700787399
21
-4.1938976377952759
0
LINE
8
BLACK
6
CONTINUOUS
10
5.9522343700787399
20
-4.1938976377952759
11
6.008789251968504
21
-4.1938976377952759
0
LINE
8
BLACK
6
CONTINUOUS
10
6.008789251968504
20
-4.1938976377952759
11
6.0087892913385827
21
-4.1938976377952759
0
LINE
8
BLACK
6
CONTINUOUS
10
6.0087892913385827
20
-4.1938976377952759
11
6.0110917716535432
21
-4.1934396456692911
0
LINE
8
BLACK
6
CONTINUOUS
10
6.0110917716535432
20
-4.1934396456692911
11
6.0137028346456693
21
-4.1916949606299214
0
LINE
8
BLACK
6
CONTINUOUS
10
6.0137028346456693
20
-4.1916949606299214
11
6.015447519685039
21
-4.1890838976377953
0
LINE
8
BLACK
6
CONTINUOUS
10
6.015447519685039
20
-4.1890838976377953
11
6.0154475590551177
21
-4.1890836614173228
0
LINE
8
BLACK
6
CONTINUOUS
10
6.0154475590551177
20
-4.1890836614173228
11
6.0155943700787402
21
-4.188729291338583
0
LINE
8
BLACK
6
CONTINUOUS
10
6.0155943700787402
20
-4.188729291338583
11
6.0157224409448817
21
-4.1887823228346459
0
LINE
8
BLACK
6
CONTINUOUS
10
6.0157224409448817
20
-4.1887823228346459
11
6.0165657480314962
21
-4.1872760236220472
0
LINE
8
BLACK
6
CONTINUOUS
10
6.0165657480314962
20
-4.1872760236220472
11
6.0187531889763779
21
-4.1862672440944877
0
LINE
8
BLACK
6
CONTINUOUS
10
6.0187531889763779
20
-4.1862672440944877
11
6.0192118503937007
21
-4.1862401574803147
0
LINE
8
BLACK
6
CONTINUOUS
10
6.0192118503937007
20
-4.1862401574803147
11
6.0437205511811021
21
-4.1862401574803147
0
LINE
8
BLACK
6
CONTINUOUS
10
6.0437205511811021
20
-4.1862401574803147
11
6.0460115354330703
21
-4.1869845275590549
0
LINE
8
BLACK
6
CONTINUOUS
10
6.0460115354330703
20
-4.1869845275590549
11
6.047087086614173
21
-4.1884647244094486
0
LINE
8
BLACK
6
CONTINUOUS
10
6.047087086614173
20
-4.1884647244094486
11
6.047205157480315
21
-4.1884046062992129
0
LINE
8
BLACK
6
CONTINUOUS
10
6.047205157480315
20
-4.1884046062992129
11
6.0492153149606294
21
-4.1923496850393702
0
LINE
8
BLACK
6
CONTINUOUS
10
6.0492153149606294
20
-4.1923496850393702
11
6.049718188976378
21
-4.193336653543307
0
LINE
8
BLACK
6
CONTINUOUS
10
6.049718188976378
20
-4.193336653543307
11
6.0534153149606293
21
-4.1970337795275592
0
LINE
8
BLACK
6
CONTINUOUS
10
6.0534153149606293
20
-4.1970337795275592
11
6.0580740157480317
21
-4.1994075196850389
0
LINE
8
BLACK
6
CONTINUOUS
10
6.0580740157480317
20
-4.1994075196850389
11
6.0606940944881886
21
-4.1998224803149604
0
LINE
8
BLACK
6
CONTINUOUS
10
6.0606940944881886
20
-4.1998224803149604
11
6.0619390157480311
21
-4.2000196850393703
0
LINE
8
BLACK
6
CONTINUOUS
10
6.0619390157480311
20
-4.2000196850393703
11
6.0619391338582673
21
-4.2000196850393703
0
LINE
8
BLACK
6
CONTINUOUS
10
6.0619391338582673
20
-4.2000196850393703
11
6.081761771653543
21
-4.2000196850393703
0
LINE
8
BLACK
6
CONTINUOUS
10
6.081761771653543
20
-4.2000196850393703
11
6.0828859448818893
21
-4.1998415748031492
0
LINE
8
BLACK
6
CONTINUOUS
10
6.0828859448818893
20
-4.1998415748031492
11
6.0856267716535433
21
-4.1994075196850389
0
LINE
8
BLACK
6
CONTINUOUS
10
6.0856267716535433
20
-4.1994075196850389
11
6.0902854724409448
21
-4.1970337795275592
0
LINE
8
BLACK
6
CONTINUOUS
10
6.0902854724409448
20
-4.1970337795275592
11
6.093982598425197
21
-4.193336653543307
0
LINE
8
BLACK
6
CONTINUOUS
10
6.093982598425197
20
-4.193336653543307
11
6.0963563385826767
21
-4.1886779527559055
0
LINE
8
BLACK
6
CONTINUOUS
10
6.0963563385826767
20
-4.1886779527559055
11
6.0968907086614168
21
-4.1853040551181104
0
LINE
8
BLACK
6
CONTINUOUS
10
6.0968907086614168
20
-4.1853040551181104
11
6.0969685039370081
21
-4.1848129133858265
0
LINE
8
BLACK
6
CONTINUOUS
10
6.0969685039370081
20
-4.1848129133858265
11
6.0969685039370081
21
-4.1521949212598424
0
LINE
8
BLACK
6
CONTINUOUS
10
6.0969685039370081
20
-4.1521949212598424
11
6.0967122440944879
21
-4.1505769685039366
0
LINE
8
BLACK
6
CONTINUOUS
10
6.0967122440944879
20
-4.1505769685039366
11
6.0963563385826767
21
-4.1483299212598421
0
LINE
8
BLACK
6
CONTINUOUS
10
6.0963563385826767
20
-4.1483299212598421
11
6.093982598425197
21
-4.1436712204724406
0
LINE
8
BLACK
6
CONTINUOUS
10
6.093982598425197
20
-4.1436712204724406
11
6.0902854724409448
21
-4.1399740944881893
0
LINE
8
BLACK
6
CONTINUOUS
10
6.0902854724409448
20
-4.1399740944881893
11
6.0901232677165353
21
-4.1398914566929133
0
LINE
8
BLACK
6
CONTINUOUS
10
6.0901232677165353
20
-4.1398914566929133
11
6.0856268897637795
21
-4.1376003937007875
0
LINE
8
BLACK
6
CONTINUOUS
10
6.0856268897637795
20
-4.1376003937007875
11
6.0856267716535433
21
-4.1376003543307087
0
LINE
8
BLACK
6
CONTINUOUS
10
6.0856267716535433
20
-4.1376003543307087
11
6.0846604724409445
21
-4.1374472834645672
0
LINE
8
BLACK
6
CONTINUOUS
10
6.0846604724409445
20
-4.1374472834645672
11
6.081761771653543
21
-4.1369881889763782
0
LINE
8
BLACK
6
CONTINUOUS
10
6.081761771653543
20
-4.1369881889763782
11
6.0817616535433068
21
-4.1369881889763782
0
LINE
8
BLACK
6
CONTINUOUS
10
6.0817616535433068
20
-4.1369881889763782
11
6.0619391338582673
21
-4.1369881889763782
0
LINE
8
BLACK
6
CONTINUOUS
10
6.0619391338582673
20
-4.1369881889763782
11
6.0619390157480311
21
-4.1369881889763782
0
LINE
8
BLACK
6
CONTINUOUS
10
6.0619390157480311
20
-4.1369881889763782
11
6.0580740157480317
21
-4.1376003543307087
0
LINE
8
BLACK
6
CONTINUOUS
10
6.0580740157480317
20
-4.1376003543307087
11
6.0580738582677167
21
-4.1376003937007875
0
LINE
8
BLACK
6
CONTINUOUS
10
6.0580738582677167
20
-4.1376003937007875
11
6.0534153543307081
21
-4.1399740551181106
0
LINE
8
BLACK
6
CONTINUOUS
10
6.0534153543307081
20
-4.1399740551181106
11
6.0497181496062993
21
-4.1436712598425194
0
LINE
8
BLACK
6
CONTINUOUS
10
6.0497181496062993
20
-4.1436712598425194
11
6.047205157480315
21
-4.1486032677165356
0
LINE
8
BLACK
6
CONTINUOUS
10
6.047205157480315
20
-4.1486032677165356
11
6.0470870472440943
21
-4.1485430708661415
0
LINE
8
BLACK
6
CONTINUOUS
10
6.0470870472440943
20
-4.1485430708661415
11
6.0460112204724412
21
-4.1500235433070864
0
LINE
8
BLACK
6
CONTINUOUS
10
6.0460112204724412
20
-4.1500235433070864
11
6.0437205511811021
21
-4.1507677165354329
0
LINE
8
BLACK
6
CONTINUOUS
10
6.0437205511811021
20
-4.1507677165354329
11
6.0192118503937007
21
-4.1507677165354329
0
LINE
8
BLACK
6
CONTINUOUS
10
6.0192118503937007
20
-4.1507677165354329
11
6.0169208661417324
21
-4.1500233464566927
0
LINE
8
BLACK
6
CONTINUOUS
10
6.0169208661417324
20
-4.1500233464566927
11
6.015639566929134
21
-4.1482598425196846
0
LINE
8
BLACK
6
CONTINUOUS
10
6.015639566929134
20
-4.1482598425196846
11
6.0155943700787402
21
-4.1482785826771655
0
LINE
8
BLACK
6
CONTINUOUS
10
6.0155943700787402
20
-4.1482785826771655
11
6.0155162992125986
21
-4.1480901574803148
0
LINE
8
BLACK
6
CONTINUOUS
10
6.0155162992125986
20
-4.1480901574803148
11
6.0155049606299213
21
-4.1480745275590554
0
LINE
8
BLACK
6
CONTINUOUS
10
6.0155049606299213
20
-4.1480745275590554
11
6.0154966141732285
21
-4.1480426377952755
0
LINE
8
BLACK
6
CONTINUOUS
10
6.0154966141732285
20
-4.1480426377952755
11
6.015447519685039
21
-4.1479240944881886
0
LINE
8
BLACK
6
CONTINUOUS
10
6.015447519685039
20
-4.1479240944881886
11
6.015447519685039
21
-4.1479239763779523
0
LINE
8
BLACK
6
CONTINUOUS
10
6.015447519685039
20
-4.1479239763779523
11
6.0137028346456693
21
-4.1453129133858271
0
LINE
8
BLACK
6
CONTINUOUS
10
6.0137028346456693
20
-4.1453129133858271
11
6.0127229921259842
21
-4.1446581889763783
0
LINE
8
BLACK
6
CONTINUOUS
10
6.0127229921259842
20
-4.1446581889763783
11
6.0110918503937008
21
-4.1435682677165353
0
LINE
8
BLACK
6
CONTINUOUS
10
6.0110918503937008
20
-4.1435682677165353
11
6.0110917716535432
21
-4.1435682283464566
0
LINE
8
BLACK
6
CONTINUOUS
10
6.0110917716535432
20
-4.1435682283464566
11
6.011091653543307
21
-4.1435681889763778
0
LINE
8
BLACK
6
CONTINUOUS
10
6.011091653543307
20
-4.1435681889763778
11
6.0110916141732282
21
-4.1435681889763778
0
LINE
8
BLACK
6
CONTINUOUS
10
6.0110916141732282
20
-4.1435681889763778
11
6.0087896850393703
21
-4.1431102755905513
0
LINE
8
BLACK
6
CONTINUOUS
10
6.0087896850393703
20
-4.1431102755905513
11
6.0087892913385827
21
-4.1431102362204726
0
LINE
8
BLACK
6
CONTINUOUS
10
6.0087892913385827
20
-4.1431102362204726
11
5.9522343307086611
21
-4.1431102362204726
0
LINE
8
BLACK
6
CONTINUOUS
10
5.9522343307086611
20
-4.1431102362204726
11
5.9522342913385824
21
-4.1431102362204726
0
LINE
8
BLACK
6
CONTINUOUS
10
5.9522342913385824
20
-4.1431102362204726
11
5.9522338976377949
21
-4.1431102755905513
0
LINE
8
BLACK
6
CONTINUOUS
10
5.9522338976377949
20
-4.1431102755905513
11
5.9499319685039369
21
-4.1435681889763778
0
LINE
8
BLACK
6
CONTINUOUS
10
5.9499319685039369
20
-4.1435681889763778
11
5.9499317322834644
21
-4.1435682677165353
0
LINE
8
BLACK
6
CONTINUOUS
10
5.9499317322834644
20
-4.1435682677165353
11
5.9473209055118108
21
-4.1453127952755908
0
LINE
8
BLACK
6
CONTINUOUS
10
5.9473209055118108
20
-4.1453127952755908
11
5.9473206692913383
21
-4.1453130314960633
0
LINE
8
BLACK
6
CONTINUOUS
10
5.9473206692913383
20
-4.1453130314960633
11
5.9455761417322837
21
-4.147923858267716
0
LINE
8
BLACK
6
CONTINUOUS
10
5.9455761417322837
20
-4.147923858267716
11
5.9455760629921262
21
-4.1479240944881886
0
LINE
8
BLACK
6
CONTINUOUS
10
5.9455760629921262
20
-4.1479240944881886
11
5.9453603543307088
21
-4.1490085039370079
0
LINE
8
BLACK
6
CONTINUOUS
10
5.9453603543307088
20
-4.1490085039370079
11
5.9441833070866137
21
-4.1511101968503938
0
LINE
8
BLACK
6
CONTINUOUS
10
5.9441833070866137
20
-4.1511101968503938
11
5.9419956692913383
21
-4.1521186614173224
0
LINE
8
BLACK
6
CONTINUOUS
10
5.9419956692913383
20
-4.1521186614173224
11
5.9415376377952756
21
-4.1521456692913388
0
LINE
8
BLACK
6
CONTINUOUS
10
5.9415376377952756
20
-4.1521456692913388
11
5.9064861417322829
21
-4.1521456692913388
0
LINE
8
BLACK
6
CONTINUOUS
10
5.9064861417322829
20
-4.1521456692913388
11
5.8793406299212601
21
-4.1521456692913388
0
LINE
8
BLACK
6
CONTINUOUS
10
5.8793406299212601
20
-4.1521456692913388
11
5.8793405905511813
21
-4.1521456692913388
0
LINE
8
BLACK
6
CONTINUOUS
10
5.8793405905511813
20
-4.1521456692913388
11
5.8793401968503938
21
-4.1521457086614175
0
LINE
8
BLACK
6
CONTINUOUS
10
5.8793401968503938
20
-4.1521457086614175
11
5.8770382677165349
21
-4.152603622047244
0
LINE
8
BLACK
6
CONTINUOUS
10
5.8770382677165349
20
-4.152603622047244
11
5.8770380314960633
21
-4.1526037007874015
0
LINE
8
BLACK
6
CONTINUOUS
10
5.8770380314960633
20
-4.1526037007874015
11
5.8744272047244097
21
-4.154348228346457
0
LINE
8
BLACK
6
CONTINUOUS
10
5.8744272047244097
20
-4.154348228346457
11
5.8744269685039372
21
-4.1543484645669286
0
LINE
8
BLACK
6
CONTINUOUS
10
5.8744269685039372
20
-4.1543484645669286
11
5.8726824409448817
21
-4.1569592913385822
0
LINE
8
BLACK
6
CONTINUOUS
10
5.8726824409448817
20
-4.1569592913385822
11
5.8726823622047242
21
-4.1569595275590547
0
LINE
8
BLACK
6
CONTINUOUS
10
5.8726823622047242
20
-4.1569595275590547
11
5.8722244488188977
21
-4.1592614566929136
0
LINE
8
BLACK
6
CONTINUOUS
10
5.8722244488188977
20
-4.1592614566929136
11
5.872224409448819
21
-4.1592619291338586
0
LINE
8
BLACK
6
CONTINUOUS
10
5.872224409448819
20
-4.1592619291338586
11
5.872224409448819
21
-4.1735869685039368
0
LINE
8
BLACK
6
CONTINUOUS
10
5.872224409448819
20
-4.1735869685039368
11
5.8714800393700788
21
-4.1758779527559051
0
LINE
8
BLACK
6
CONTINUOUS
10
5.8714800393700788
20
-4.1758779527559051
11
5.8695312204724406
21
-4.1772938582677162
0
LINE
8
BLACK
6
CONTINUOUS
10
5.8695312204724406
20
-4.1772938582677162
11
5.8671223228346454
21
-4.1772938582677162
0
LINE
8
BLACK
6
CONTINUOUS
10
5.8671223228346454
20
-4.1772938582677162
11
5.8652346850393702
21
-4.1759598425196849
0
LINE
8
BLACK
6
CONTINUOUS
10
5.8652346850393702
20
-4.1759598425196849
11
5.8651293307086609
21
-4.1758225590551179
0
LINE
8
BLACK
6
CONTINUOUS
10
5.8651293307086609
20
-4.1758225590551179
11
5.8651291732283459
21
-4.1758224015748029
0
LINE
8
BLACK
6
CONTINUOUS
10
5.8651291732283459
20
-4.1758224015748029
11
5.8651291338582672
21
-4.1758223228346454
0
LINE
8
BLACK
6
CONTINUOUS
10
5.8651291338582672
20
-4.1758223228346454
11
5.8621934251968506
21
-4.1728866141732279
0
LINE
8
BLACK
6
CONTINUOUS
10
5.8621934251968506
20
-4.1728866141732279
11
5.8621933070866143
21
-4.1728865354330704
0
LINE
8
BLACK
6
CONTINUOUS
10
5.8621933070866143
20
-4.1728865354330704
11
5.8620572834645666
21
-4.1727504724409448
0
LINE
8
BLACK
6
CONTINUOUS
10
5.8620572834645666
20
-4.1727504724409448
11
5.862057047244094
21
-4.172750275590551
0
LINE
8
BLACK
6
CONTINUOUS
10
5.862057047244094
20
-4.172750275590551
11
5.8446028740157479
21
-4.1552960629921261
0
LINE
8
BLACK
6
CONTINUOUS
10
5.8446028740157479
20
-4.1552960629921261
11
5.8446026771653541
21
-4.155295905511811
0
LINE
8
BLACK
6
CONTINUOUS
10
5.8446026771653541
20
-4.155295905511811
11
5.8410075196850393
21
-4.1532202362204726
0
LINE
8
BLACK
6
CONTINUOUS
10
5.8410075196850393
20
-4.1532202362204726
11
5.8410075984251968
21
-4.1532202362204726
0
LINE
8
BLACK
6
CONTINUOUS
10
5.8410075984251968
20
-4.1532202362204726
11
5.839022007874016
21
-4.1526882283464568
0
LINE
8
BLACK
6
CONTINUOUS
10
5.839022007874016
20
-4.1526882283464568
11
5.8369971259842517
21
-4.1521456692913388
0
LINE
8
BLACK
6
CONTINUOUS
10
5.8369971259842517
20
-4.1521456692913388
11
5.8369970472440942
21
-4.1521456692913388
0
LINE
8
BLACK
6
CONTINUOUS
10
5.8369970472440942
20
-4.1521456692913388
11
5.7743522047244094
21
-4.1521456692913388
0
LINE
8
BLACK
6
CONTINUOUS
10
5.7743522047244094
20
-4.1521456692913388
11
5.7720612204724411
21
-4.1514012992125986
0
LINE
8
BLACK
6
CONTINUOUS
10
5.7720612204724411
20
-4.1514012992125986
11
5.7719794881889763
21
-4.1513402362204728
0
LINE
8
BLACK
6
CONTINUOUS
10
5.7719794881889763
20
-4.1513402362204728
11
5.7683341732283466
21
-4.1485431102362202
0
LINE
8
BLACK
6
CONTINUOUS
10
5.7683341732283466
20
-4.1485431102362202
11
5.7674346850393698
21
-4.1478529133858268
0
LINE
8
BLACK
6
CONTINUOUS
10
5.7674346850393698
20
-4.1478529133858268
11
5.7674346456692911
21
-4.1478528740157481
0
LINE
8
BLACK
6
CONTINUOUS
10
5.7674346456692911
20
-4.1478528740157481
11
5.7674345669291336
21
-4.1478528346456693
0
LINE
8
BLACK
6
CONTINUOUS
10
5.7674345669291336
20
-4.1478528346456693
11
5.7616837007874011
21
-4.1454707480314958
0
LINE
8
BLACK
6
CONTINUOUS
10
5.7616837007874011
20
-4.1454707480314958
11
5.7616833858267711
21
-4.1454706692913383
0
LINE
8
BLACK
6
CONTINUOUS
10
5.7616833858267711
20
-4.1454706692913383
11
5.7555118503937006
21
-4.1446581889763783
0
LINE
8
BLACK
6
CONTINUOUS
10
5.7555118503937006
20
-4.1446581889763783
11
5.7555117716535431
21
-4.1446581889763783
0
LINE
8
BLACK
6
CONTINUOUS
10
5.7555117716535431
20
-4.1446581889763783
11
5.7493401968503939
21
-4.1454706692913383
0
LINE
8
BLACK
6
CONTINUOUS
10
5.7493401968503939
20
-4.1454706692913383
11
5.7493398818897639
21
-4.1454707480314958
0
LINE
8
BLACK
6
CONTINUOUS
10
5.7493398818897639
20
-4.1454707480314958
11
5.7435890157480314
21
-4.1478528346456693
0
LINE
8
BLACK
6
CONTINUOUS
10
5.7435890157480314
20
-4.1478528346456693
11
5.7435889763779526
21
-4.1478528346456693
0
LINE
8
BLACK
6
CONTINUOUS
10
5.7435889763779526
20
-4.1478528346456693
11
5.7384476377952751
21
-4.1517979527559055
0
LINE
8
BLACK
6
CONTINUOUS
10
5.7384476377952751
20
-4.1517979527559055
11
5.7384058661417319
21
-4.1517435433070862
0
LINE
8
BLACK
6
CONTINUOUS
10
5.7384058661417319
20
-4.1517435433070862
11
5.736551811023622
21
-4.1526882283464568
0
LINE
8
BLACK
6
CONTINUOUS
10
5.736551811023622
20
-4.1526882283464568
11
5.7359420866141733
21
-4.1527362204724412
0
LINE
8
BLACK
6
CONTINUOUS
10
5.7359420866141733
20
-4.1527362204724412
11
5.7338031496062989
21
-4.1527362204724412
0
LINE
8
BLACK
6
CONTINUOUS
10
5.7338031496062989
20
-4.1527362204724412
11
5.7315121653543306
21
-4.151991850393701
0
LINE
8
BLACK
6
CONTINUOUS
10
5.7315121653543306
20
-4.151991850393701
11
5.7300962598425196
21
-4.1500430314960628
0
LINE
8
BLACK
6
CONTINUOUS
10
5.7300962598425196
20
-4.1500430314960628
11
5.7299055118110234
21
-4.1488385826771657
0
LINE
8
BLACK
6
CONTINUOUS
10
5.7299055118110234
20
-4.1488385826771657
11
5.7299055118110234
21
-4.1487264960629924
0
LINE
8
BLACK
6
CONTINUOUS
10
5.7299055118110234
20
-4.1487264960629924
11
5.7299054330708659
21
-4.1487260236220473
0
LINE
8
BLACK
6
CONTINUOUS
10
5.7299054330708659
20
-4.1487260236220473
11
5.7297459055118107
21
-4.1479240944881886
0
LINE
8
BLACK
6
CONTINUOUS
10
5.7297459055118107
20
-4.1479240944881886
11
5.7294475196850394
21
-4.1464239763779522
0
LINE
8
BLACK
6
CONTINUOUS
10
5.7294475196850394
20
-4.1464239763779522
11
5.7277028346456689
21
-4.143812913385827
0
LINE
8
BLACK
6
CONTINUOUS
10
5.7277028346456689
20
-4.143812913385827
11
5.7277026771653539
21
-4.1438127952755908
0
LINE
8
BLACK
6
CONTINUOUS
10
5.7277026771653539
20
-4.1438127952755908
11
5.7250918503937003
21
-4.1420682677165352
0
LINE
8
BLACK
6
CONTINUOUS
10
5.7250918503937003
20
-4.1420682677165352
11
5.7250917716535428
21
-4.1420682283464565
0
LINE
8
BLACK
6
CONTINUOUS
10
5.7250917716535428
20
-4.1420682283464565
11
5.7250916535433065
21
-4.1420681889763777
0
LINE
8
BLACK
6
CONTINUOUS
10
5.7250916535433065
20
-4.1420681889763777
11
5.7250916141732286
21
-4.1420681889763777
0
LINE
8
BLACK
6
CONTINUOUS
10
5.7250916141732286
20
-4.1420681889763777
11
5.7227896850393698
21
-4.1416102755905513
0
LINE
8
BLACK
6
CONTINUOUS
10
5.7227896850393698
20
-4.1416102755905513
11
5.7227892913385823
21
-4.1416102362204725
0
LINE
8
BLACK
6
CONTINUOUS
10
5.7227892913385823
20
-4.1416102362204725
11
5.6662343307086616
21
-4.1416102362204725
0
LINE
8
BLACK
6
CONTINUOUS
10
5.6662343307086616
20
-4.1416102362204725
11
5.6662342913385828
21
-4.1416102362204725
0
LINE
8
BLACK
6
CONTINUOUS
10
5.6662342913385828
20
-4.1416102362204725
11
5.6662338976377953
21
-4.1416102755905513
0
LINE
8
BLACK
6
CONTINUOUS
10
5.6662338976377953
20
-4.1416102755905513
11
5.6639319685039373
21
-4.1420681889763777
0
LINE
8
BLACK
6
CONTINUOUS
10
5.6639319685039373
20
-4.1420681889763777
11
5.6639317322834648
21
-4.1420682677165352
0
LINE
8
BLACK
6
CONTINUOUS
10
5.6639317322834648
20
-4.1420682677165352
11
5.6613209055118112
21
-4.1438127952755908
0
LINE
8
BLACK
6
CONTINUOUS
10
5.6613209055118112
20
-4.1438127952755908
11
5.6613206692913387
21
-4.1438130314960633
0
LINE
8
BLACK
6
CONTINUOUS
10
5.6613206692913387
20
-4.1438130314960633
11
5.6595761417322832
21
-4.1464238582677169
0
LINE
8
BLACK
6
CONTINUOUS
10
5.6595761417322832
20
-4.1464238582677169
11
5.6595760629921257
21
-4.1464240944881885
0
LINE
8
BLACK
6
CONTINUOUS
10
5.6595760629921257
20
-4.1464240944881885
11
5.6591181496062992
21
-4.1487260236220473
0
LINE
8
BLACK
6
CONTINUOUS
10
5.6591181496062992
20
-4.1487260236220473
11
5.6591181102362205
21
-4.1487264960629924
0
LINE
8
BLACK
6
CONTINUOUS
10
5.6591181102362205
20
-4.1487264960629924
11
5.6591181102362205
21
-4.1852813385826773
0
LINE
8
BLACK
6
CONTINUOUS
10
5.6591181102362205
20
-4.1852813385826773
11
5.6591181496062992
21
-4.1852818110236223
0
LINE
8
BLACK
6
CONTINUOUS
10
5.6591181496062992
20
-4.1852818110236223
11
5.6595760629921257
21
-4.1875837401574802
0
LINE
8
BLACK
6
CONTINUOUS
10
5.6595760629921257
20
-4.1875837401574802
11
5.6595761417322832
21
-4.1875839763779528
0
LINE
8
BLACK
6
CONTINUOUS
10
5.6595761417322832
20
-4.1875839763779528
11
5.6613206692913387
21
-4.1901948031496064
0
LINE
8
BLACK
6
CONTINUOUS
10
5.6613206692913387
20
-4.1901948031496064
11
5.661320787401575
21
-4.1901949606299214
0
LINE
8
BLACK
6
CONTINUOUS
10
5.661320787401575
20
-4.1901949606299214
11
5.6639318503937011
21
-4.191939645669291
0
LINE
8
BLACK
6
CONTINUOUS
10
5.6639318503937011
20
-4.191939645669291
11
5.6656823228346456
21
-4.1922878346456693
0
LINE
8
BLACK
6
CONTINUOUS
10
5.6656823228346456
20
-4.1922878346456693
11
5.6662338976377953
21
-4.1923975590551184
0
LINE
8
BLACK
6
CONTINUOUS
10
5.6662338976377953
20
-4.1923975590551184
11
5.666234094488189
21
-4.1923975590551184
0
LINE
8
BLACK
6
CONTINUOUS
10
5.666234094488189
20
-4.1923975590551184
11
5.6662343307086616
21
-4.1923976377952759
0
LINE
8
BLACK
6
CONTINUOUS
10
5.6662343307086616
20
-4.1923976377952759
11
5.6662343700787403
21
-4.1923976377952759
0
LINE
8
BLACK
6
CONTINUOUS
10
5.6662343700787403
20
-4.1923976377952759
11
5.7227892519685035
21
-4.1923976377952759
0
LINE
8
BLACK
6
CONTINUOUS
10
5.7227892519685035
20
-4.1923976377952759
11
5.7227892913385823
21
-4.1923976377952759
0
LINE
8
BLACK
6
CONTINUOUS
10
5.7227892913385823
20
-4.1923976377952759
11
5.7250917716535428
21
-4.191939645669291
0
LINE
8
BLACK
6
CONTINUOUS
10
5.7250917716535428
20
-4.191939645669291
11
5.7277028346456689
21
-4.1901949606299214
0
LINE
8
BLACK
6
CONTINUOUS
10
5.7277028346456689
20
-4.1901949606299214
11
5.7294475196850394
21
-4.1875838976377953
0
LINE
8
BLACK
6
CONTINUOUS
10
5.7294475196850394
20
-4.1875838976377953
11
5.729482362204724
21
-4.1874087401574807
0
LINE
8
BLACK
6
CONTINUOUS
10
5.729482362204724
20
-4.1874087401574807
11
5.7306594881889765
21
-4.1853070472440947
0
LINE
8
BLACK
6
CONTINUOUS
10
5.7306594881889765
20
-4.1853070472440947
11
5.7328471259842519
21
-4.1842986614173228
0
LINE
8
BLACK
6
CONTINUOUS
10
5.7328471259842519
20
-4.1842986614173228
11
5.7333050787401572
21
-4.1842716535433073
0
LINE
8
BLACK
6
CONTINUOUS
10
5.7333050787401572
20
-4.1842716535433073
11
5.7359420866141733
21
-4.1842716535433073
0
LINE
8
BLACK
6
CONTINUOUS
10
5.7359420866141733
20
-4.1842716535433073
11
5.7382330708661415
21
-4.1850160236220475
0
LINE
8
BLACK
6
CONTINUOUS
10
5.7382330708661415
20
-4.1850160236220475
11
5.7385703543307089
21
-4.1853040551181104
0
LINE
8
BLACK
6
CONTINUOUS
10
5.7385703543307089
20
-4.1853040551181104
11
5.7386502362204723
21
-4.1853653543307088
0
LINE
8
BLACK
6
CONTINUOUS
10
5.7386502362204723
20
-4.1853653543307088
11
5.7386503149606298
21
-4.1853654330708663
0
LINE
8
BLACK
6
CONTINUOUS
10
5.7386503149606298
20
-4.1853654330708663
11
5.7435889370078739
21
-4.1891549606299208
0
LINE
8
BLACK
6
CONTINUOUS
10
5.7435889370078739
20
-4.1891549606299208
11
5.7435889763779526
21
-4.1891549606299208
0
LINE
8
BLACK
6
CONTINUOUS
10
5.7435889763779526
20
-4.1891549606299208
11
5.7435890157480314
21
-4.1891549999999995
0
LINE
8
BLACK
6
CONTINUOUS
10
5.7435890157480314
20
-4.1891549999999995
11
5.7493398818897639
21
-4.191537086614173
0
LINE
8
BLACK
6
CONTINUOUS
10
5.7493398818897639
20
-4.191537086614173
11
5.7493400787401576
21
-4.1915371653543305
0
LINE
8
BLACK
6
CONTINUOUS
10
5.7493400787401576
20
-4.1915371653543305
11
5.7531224409448818
21
-4.192035118110236
0
LINE
8
BLACK
6
CONTINUOUS
10
5.7531224409448818
20
-4.192035118110236
11
5.7555117716535431
21
-4.1923496850393702
0
LINE
8
BLACK
6
CONTINUOUS
10
5.7555117716535431
20
-4.1923496850393702
11
5.7555118110236219
21
-4.1923496850393702
0
LINE
8
BLACK
6
CONTINUOUS
10
5.7555118110236219
20
-4.1923496850393702
11
5.7555118503937006
21
-4.1923496850393702
0
LINE
8
BLACK
6
CONTINUOUS
10
5.7555118503937006
20
-4.1923496850393702
11
5.7567461417322834
21
-4.1921871653543308
0
LINE
8
BLACK
6
CONTINUOUS
10
5.7567461417322834
20
-4.1921871653543308
11
5.7616835433070861
21
-4.1915371653543305
0
LINE
8
BLACK
6
CONTINUOUS
10
5.7616835433070861
20
-4.1915371653543305
11
5.7674346850393698
21
-4.1891549606299208
0
LINE
8
BLACK
6
CONTINUOUS
10
5.7674346850393698
20
-4.1891549606299208
11
5.7723733070866139
21
-4.1853654330708663
0
LINE
8
BLACK
6
CONTINUOUS
10
5.7723733070866139
20
-4.1853654330708663
11
5.7724956299212593
21
-4.1852060236220474
0
LINE
8
BLACK
6
CONTINUOUS
10
5.7724956299212593
20
-4.1852060236220474
11
5.7744808267716534
21
-4.183841614173228
0
LINE
8
BLACK
6
CONTINUOUS
10
5.7744808267716534
20
-4.183841614173228
11
5.7755878346456688
21
-4.1836811023622049
0
LINE
8
BLACK
6
CONTINUOUS
10
5.7755878346456688
20
-4.1836811023622049
11
5.8045374803149601
21
-4.1836811023622049
0
LINE
8
BLACK
6
CONTINUOUS
10
5.8045374803149601
20
-4.1836811023622049
11
5.8139077559055119
21
-4.1836811023622049
0
LINE
8
BLACK
6
CONTINUOUS
10
5.8139077559055119
20
-4.1836811023622049
11
5.8149164960629918
21
-4.183813897637795
0
LINE
8
BLACK
6
CONTINUOUS
10
5.8149164960629918
20
-4.183813897637795
11
5.8166249212598427
21
-4.1842716535433073
0
LINE
8
BLACK
6
CONTINUOUS
10
5.8166249212598427
20
-4.1842716535433073
11
5.820776653543307
21
-4.1842716535433073
0
LINE
8
BLACK
6
CONTINUOUS
10
5.820776653543307
20
-4.1842716535433073
11
5.8273661417322833
21
-4.1842716535433073
0
LINE
8
BLACK
6
CONTINUOUS
10
5.8273661417322833
20
-4.1842716535433073
11
5.8296571259842516
21
-4.1850160236220475
0
LINE
8
BLACK
6
CONTINUOUS
10
5.8296571259842516
20
-4.1850160236220475
11
5.8301221653543305
21
-4.1854132283464569
0
LINE
8
BLACK
6
CONTINUOUS
10
5.8301221653543305
20
-4.1854132283464569
11
5.8356024803149609
21
-4.1908935039370077
0
LINE
8
BLACK
6
CONTINUOUS
10
5.8356024803149609
20
-4.1908935039370077
11
5.8366961023622048
21
-4.1930398425196849
0
LINE
8
BLACK
6
CONTINUOUS
10
5.8366961023622048
20
-4.1930398425196849
11
5.8367440944881892
21
-4.1936495669291336
0
LINE
8
BLACK
6
CONTINUOUS
10
5.8367440944881892
20
-4.1936495669291336
11
5.8367440944881892
21
-4.1995841732283461
0
LINE
8
BLACK
6
CONTINUOUS
10
5.8367440944881892
20
-4.1995841732283461
11
5.835999724409449
21
-4.2018751574803153
0
LINE
8
BLACK
6
CONTINUOUS
10
5.835999724409449
20
-4.2018751574803153
11
5.8340509055118108
21
-4.2032910629921263
0
LINE
8
BLACK
6
CONTINUOUS
10
5.8340509055118108
20
-4.2032910629921263
11
5.8320861417322831
21
-4.203406929133858
0
LINE
8
BLACK
6
CONTINUOUS
10
5.8320861417322831
20
-4.203406929133858
11
5.8316832677165351
21
-4.2033267716535434
0
LINE
8
BLACK
6
CONTINUOUS
10
5.8316832677165351
20
-4.2033267716535434
11
5.8316829921259838
21
-4.2033267716535434
0
LINE
8
BLACK
6
CONTINUOUS
10
5.8316829921259838
20
-4.2033267716535434
11
5.8201861023622046
21
-4.2033267716535434
0
LINE
8
BLACK
6
CONTINUOUS
10
5.8201861023622046
20
-4.2033267716535434
11
5.7975881889763778
21
-4.2033267716535434
0
LINE
8
BLACK
6
CONTINUOUS
10
5.7975881889763778
20
-4.2033267716535434
11
5.7952972047244096
21
-4.2025824015748032
0
LINE
8
BLACK
6
CONTINUOUS
10
5.7952972047244096
20
-4.2025824015748032
11
5.7952154724409448
21
-4.2025213385826774
0
LINE
8
BLACK
6
CONTINUOUS
10
5.7952154724409448
20
-4.2025213385826774
11
5.7913876771653543
21
-4.1995841732283461
0
LINE
8
BLACK
6
CONTINUOUS
10
5.7913876771653543
20
-4.1995841732283461
11
5.7904346850393695
21
-4.198852913385827
0
LINE
8
BLACK
6
CONTINUOUS
10
5.7904346850393695
20
-4.198852913385827
11
5.7904346456692908
21
-4.1988528740157482
0
LINE
8
BLACK
6
CONTINUOUS
10
5.7904346456692908
20
-4.1988528740157482
11
5.7904345669291342
21
-4.1988528346456695
0
LINE
8
BLACK
6
CONTINUOUS
10
5.7904345669291342
20
-4.1988528346456695
11
5.7846837007874017
21
-4.196470748031496
0
LINE
8
BLACK
6
CONTINUOUS
10
5.7846837007874017
20
-4.196470748031496
11
5.7846833858267717
21
-4.1964706692913385
0
LINE
8
BLACK
6
CONTINUOUS
10
5.7846833858267717
20
-4.1964706692913385
11
5.7785118503937003
21
-4.1956581889763775
0
LINE
8
BLACK
6
CONTINUOUS
10
5.7785118503937003
20
-4.1956581889763775
11
5.7785117716535428
21
-4.1956581889763775
0
LINE
8
BLACK
6
CONTINUOUS
10
5.7785117716535428
20
-4.1956581889763775
11
5.7723401968503936
21
-4.1964706692913385
0
LINE
8
BLACK
6
CONTINUOUS
10
5.7723401968503936
20
-4.1964706692913385
11
5.7723398818897635
21
-4.196470748031496
0
LINE
8
BLACK
6
CONTINUOUS
10
5.7723398818897635
20
-4.196470748031496
11
5.7665890157480311
21
-4.1988528346456695
0
LINE
8
BLACK
6
CONTINUOUS
10
5.7665890157480311
20
-4.1988528346456695
11
5.7665889763779523
21
-4.1988528346456695
0
LINE
8
BLACK
6
CONTINUOUS
10
5.7665889763779523
20
-4.1988528346456695
11
5.7616505118110233
21
-4.2026422440944877
0
LINE
8
BLACK
6
CONTINUOUS
10
5.7616505118110233
20
-4.2026422440944877
11
5.7616501181102358
21
-4.2026426377952752
0
LINE
8
BLACK
6
CONTINUOUS
10
5.7616501181102358
20
-4.2026426377952752
11
5.7578607086614175
21
-4.2075811023622043
0
LINE
8
BLACK
6
CONTINUOUS
10
5.7578607086614175
20
-4.2075811023622043
11
5.7578607086614175
21
-4.207581141732283
0
LINE
8
BLACK
6
CONTINUOUS
10
5.7578607086614175
20
-4.207581141732283
11
5.755478622047244
21
-4.2133320078740155
0
LINE
8
BLACK
6
CONTINUOUS
10
5.755478622047244
20
-4.2133320078740155
11
5.7554785433070865
21
-4.2133323228346455
0
LINE
8
BLACK
6
CONTINUOUS
10
5.7554785433070865
20
-4.2133323228346455
11
5.7546660629921256
21
-4.2195038976377948
0
LINE
8
BLACK
6
CONTINUOUS
10
5.7546660629921256
20
-4.2195038976377948
11
5.7546660629921256
21
-4.2195039370078735
0
LINE
8
BLACK
6
CONTINUOUS
10
5.7546660629921256
20
-4.2195039370078735
11
5.7554785433070865
21
-4.2256755118110236
0
LINE
8
BLACK
6
CONTINUOUS
10
5.7554785433070865
20
-4.2256755118110236
11
5.755478622047244
21
-4.2256758267716537
0
LINE
8
BLACK
6
CONTINUOUS
10
5.755478622047244
20
-4.2256758267716537
11
5.7578607086614175
21
-4.2314266929133861
0
LINE
8
BLACK
6
CONTINUOUS
10
5.7578607086614175
20
-4.2314266929133861
11
5.7578607086614175
21
-4.2314267322834649
0
LINE
8
BLACK
6
CONTINUOUS
10
5.7578607086614175
20
-4.2314267322834649
11
5.7615420472440944
21
-4.2362243307086613
0
LINE
8
BLACK
6
CONTINUOUS
10
5.7615420472440944
20
-4.2362243307086613
11
5.7616503149606295
21
-4.2363654330708664
0
LINE
8
BLACK
6
CONTINUOUS
10
5.7616503149606295
20
-4.2363654330708664
11
5.7665889370078736
21
-4.2401549606299209
0
LINE
8
BLACK
6
CONTINUOUS
10
5.7665889370078736
20
-4.2401549606299209
11
5.7665889763779523
21
-4.2401549606299209
0
LINE
8
BLACK
6
CONTINUOUS
10
5.7665889763779523
20
-4.2401549606299209
11
5.7665890157480311
21
-4.2401549999999997
0
LINE
8
BLACK
6
CONTINUOUS
10
5.7665890157480311
20
-4.2401549999999997
11
5.7723398818897635
21
-4.2425370866141732
0
LINE
8
BLACK
6
CONTINUOUS
10
5.7723398818897635
20
-4.2425370866141732
11
5.7723400787401573
21
-4.2425371653543307
0
LINE
8
BLACK
6
CONTINUOUS
10
5.7723400787401573
20
-4.2425371653543307
11
5.7769688582677166
21
-4.2431465354330706
0
LINE
8
BLACK
6
CONTINUOUS
10
5.7769688582677166
20
-4.2431465354330706
11
5.7785117716535428
21
-4.2433496850393704
0
LINE
8
BLACK
6
CONTINUOUS
10
5.7785117716535428
20
-4.2433496850393704
11
5.7785118110236215
21
-4.2433496850393704
0
LINE
8
BLACK
6
CONTINUOUS
10
5.7785118110236215
20
-4.2433496850393704
11
5.7785118503937003
21
-4.2433496850393704
0
LINE
8
BLACK
6
CONTINUOUS
10
5.7785118503937003
20
-4.2433496850393704
11
5.7797461417322831
21
-4.2431871653543309
0
LINE
8
BLACK
6
CONTINUOUS
10
5.7797461417322831
20
-4.2431871653543309
11
5.7846835433070867
21
-4.2425371653543307
0
LINE
8
BLACK
6
CONTINUOUS
10
5.7846835433070867
20
-4.2425371653543307
11
5.7904346850393695
21
-4.2401549606299209
0
LINE
8
BLACK
6
CONTINUOUS
10
5.7904346850393695
20
-4.2401549606299209
11
5.7953733070866145
21
-4.2363654330708664
0
LINE
8
BLACK
6
CONTINUOUS
10
5.7953733070866145
20
-4.2363654330708664
11
5.7953735433070861
21
-4.2363650787401577
0
LINE
8
BLACK
6
CONTINUOUS
10
5.7953735433070861
20
-4.2363650787401577
11
5.7955539370078739
21
-4.2361847637795274
0
LINE
8
BLACK
6
CONTINUOUS
10
5.7955539370078739
20
-4.2361847637795274
11
5.7955935039370079
21
-4.2362243307086613
0
LINE
8
BLACK
6
CONTINUOUS
10
5.7955935039370079
20
-4.2362243307086613
11
5.7973416535433069
21
-4.2350227559055114
0
LINE
8
BLACK
6
CONTINUOUS
10
5.7973416535433069
20
-4.2350227559055114
11
5.7984488582677161
21
-4.2348622047244096
0
LINE
8
BLACK
6
CONTINUOUS
10
5.7984488582677161
20
-4.2348622047244096
11
5.8316829527559051
21
-4.2348622047244096
0
LINE
8
BLACK
6
CONTINUOUS
10
5.8316829527559051
20
-4.2348622047244096
11
5.8316829921259838
21
-4.2348622047244096
0
LINE
8
BLACK
6
CONTINUOUS
10
5.8316829921259838
20
-4.2348622047244096
11
5.8320859448818894
21
-4.234782047244094
0
LINE
8
BLACK
6
CONTINUOUS
10
5.8320859448818894
20
-4.234782047244094
11
5.8344780708661412
21
-4.2350650787401571
0
LINE
8
BLACK
6
CONTINUOUS
10
5.8344780708661412
20
-4.2350650787401571
11
5.8362470472440942
21
-4.2367001181102362
0
LINE
8
BLACK
6
CONTINUOUS
10
5.8362470472440942
20
-4.2367001181102362
11
5.8367440944881892
21
-4.2386047637795272
0
LINE
8
BLACK
6
CONTINUOUS
10
5.8367440944881892
20
-4.2386047637795272
11
5.8367440944881892
21
-4.2765688976377954
0
LINE
8
BLACK
6
CONTINUOUS
10
5.8367440944881892
20
-4.2765688976377954
11
5.835999724409449
21
-4.2788598818897636
0
LINE
8
BLACK
6
CONTINUOUS
10
5.835999724409449
20
-4.2788598818897636
11
5.8340509055118108
21
-4.2802757874015747
0
LINE
8
BLACK
6
CONTINUOUS
10
5.8340509055118108
20
-4.2802757874015747
11
5.8336069685039371
21
-4.2803916141732286
0
LINE
8
BLACK
6
CONTINUOUS
10
5.8336069685039371
20
-4.2803916141732286
11
5.8327192913385826
21
-4.2805681889763783
0
LINE
8
BLACK
6
CONTINUOUS
10
5.8327192913385826
20
-4.2805681889763783
11
5.8327190944881888
21
-4.2805682677165358
0
LINE
8
BLACK
6
CONTINUOUS
10
5.8327190944881888
20
-4.2805682677165358
11
5.8301082677165352
21
-4.2823127952755904
0
LINE
8
BLACK
6
CONTINUOUS
10
5.8301082677165352
20
-4.2823127952755904
11
5.8301080314960627
21
-4.2823130314960629
0
LINE
8
BLACK
6
CONTINUOUS
10
5.8301080314960627
20
-4.2823130314960629
11
5.8283635039370081
21
-4.2849238582677165
0
LINE
8
BLACK
6
CONTINUOUS
10
5.8283635039370081
20
-4.2849238582677165
11
5.8283634251968506
21
-4.284924094488189
0
LINE
8
BLACK
6
CONTINUOUS
10
5.8283634251968506
20
-4.284924094488189
11
5.8279055118110232
21
-4.287226023622047
0
LINE
8
BLACK
6
CONTINUOUS
10
5.8279055118110232
20
-4.287226023622047
11
5.8279054724409445
21
-4.287226496062992
0
LINE
8
BLACK
6
CONTINUOUS
10
5.8279054724409445
20
-4.287226496062992
11
5.8279054724409445
21
-4.2892857480314959
0
LINE
8
BLACK
6
CONTINUOUS
10
5.8279054724409445
20
-4.2892857480314959
11
5.8271611023622043
21
-4.2915767322834641
0
LINE
8
BLACK
6
CONTINUOUS
10
5.8271611023622043
20
-4.2915767322834641
11
5.825212283464567
21
-4.2929926377952752
0
LINE
8
BLACK
6
CONTINUOUS
10
5.825212283464567
20
-4.2929926377952752
11
5.8228033858267718
21
-4.2929926377952752
0
LINE
8
BLACK
6
CONTINUOUS
10
5.8228033858267718
20
-4.2929926377952752
11
5.8225162992125981
21
-4.2928866929133855
0
LINE
8
BLACK
6
CONTINUOUS
10
5.8225162992125981
20
-4.2928866929133855
11
5.8166837007874017
21
-4.2904707480314963
0
LINE
8
BLACK
6
CONTINUOUS
10
5.8166837007874017
20
-4.2904707480314963
11
5.8166833858267717
21
-4.2904706692913388
0
LINE
8
BLACK
6
CONTINUOUS
10
5.8166833858267717
20
-4.2904706692913388
11
5.8105118503937003
21
-4.2896581889763779
0
LINE
8
BLACK
6
CONTINUOUS
10
5.8105118503937003
20
-4.2896581889763779
11
5.8105117716535428
21
-4.2896581889763779
0
LINE
8
BLACK
6
CONTINUOUS
10
5.8105117716535428
20
-4.2896581889763779
11
5.8043401968503936
21
-4.2904706692913388
0
LINE
8
BLACK
6
CONTINUOUS
10
5.8043401968503936
20
-4.2904706692913388
11
5.8043398818897636
21
-4.2904707480314963
0
LINE
8
BLACK
6
CONTINUOUS
10
5.8043398818897636
20
-4.2904707480314963
11
5.7985890157480311
21
-4.2928528346456689
0
LINE
8
BLACK
6
CONTINUOUS
10
5.7985890157480311
20
-4.2928528346456689
11
5.7985889763779523
21
-4.2928528346456689
0
LINE
8
BLACK
6
CONTINUOUS
10
5.7985889763779523
20
-4.2928528346456689
11
5.7936505118110233
21
-4.296642244094488
0
LINE
8
BLACK
6
CONTINUOUS
10
5.7936505118110233
20
-4.296642244094488
11
5.7936501181102358
21
-4.2966426377952756
0
LINE
8
BLACK
6
CONTINUOUS
10
5.7936501181102358
20
-4.2966426377952756
11
5.7898607086614176
21
-4.3015811023622046
0
LINE
8
BLACK
6
CONTINUOUS
10
5.7898607086614176
20
-4.3015811023622046
11
5.7898607086614176
21
-4.3015811417322833
0
LINE
8
BLACK
6
CONTINUOUS
10
5.7898607086614176
20
-4.3015811417322833
11
5.7874786220472441
21
-4.3073320078740158
0
LINE
8
BLACK
6
CONTINUOUS
10
5.7874786220472441
20
-4.3073320078740158
11
5.7874785433070866
21
-4.3073323228346458
0
LINE
8
BLACK
6
CONTINUOUS
10
5.7874785433070866
20
-4.3073323228346458
11
5.7866660629921256
21
-4.3135038976377951
0
LINE
8
BLACK
6
CONTINUOUS
10
5.7866660629921256
20
-4.3135038976377951
11
5.7866660629921256
21
-4.3135039370078738
0
LINE
8
BLACK
6
CONTINUOUS
10
5.7866660629921256
20
-4.3135039370078738
11
5.7874785433070866
21
-4.3196755118110239
0
LINE
8
BLACK
6
CONTINUOUS
10
5.7874785433070866
20
-4.3196755118110239
11
5.7874786220472441
21
-4.3196758267716531
0
LINE
8
BLACK
6
CONTINUOUS
10
5.7874786220472441
20
-4.3196758267716531
11
5.7898607086614176
21
-4.3254266929133856
0
LINE
8
BLACK
6
CONTINUOUS
10
5.7898607086614176
20
-4.3254266929133856
11
5.7898607086614176
21
-4.3254267322834643
0
LINE
8
BLACK
6
CONTINUOUS
10
5.7898607086614176
20
-4.3254267322834643
11
5.7936501181102358
21
-4.3303651968503933
0
LINE
8
BLACK
6
CONTINUOUS
10
5.7936501181102358
20
-4.3303651968503933
11
5.7936503149606295
21
-4.3303654330708659
0
LINE
8
BLACK
6
CONTINUOUS
10
5.7936503149606295
20
-4.3303654330708659
11
5.7985889370078736
21
-4.3341549606299212
0
LINE
8
BLACK
6
CONTINUOUS
10
5.7985889370078736
20
-4.3341549606299212
11
5.8043400787401573
21
-4.336537165354331
0
LINE
8
BLACK
6
CONTINUOUS
10
5.8043400787401573
20
-4.336537165354331
11
5.8089688582677166
21
-4.3371465354330709
0
LINE
8
BLACK
6
CONTINUOUS
10
5.8089688582677166
20
-4.3371465354330709
11
5.8105117716535428
21
-4.3373496850393698
0
LINE
8
BLACK
6
CONTINUOUS
10
5.8105117716535428
20
-4.3373496850393698
11
5.8105118110236216
21
-4.3373496850393698
0
LINE
8
BLACK
6
CONTINUOUS
10
5.8105118110236216
20
-4.3373496850393698
11
5.8105118503937003
21
-4.3373496850393698
0
LINE
8
BLACK
6
CONTINUOUS
10
5.8105118503937003
20
-4.3373496850393698
11
5.8117461417322831
21
-4.3371871653543304
0
LINE
8
BLACK
6
CONTINUOUS
10
5.8117461417322831
20
-4.3371871653543304
11
5.8166835433070867
21
-4.336537165354331
0
LINE
8
BLACK
6
CONTINUOUS
10
5.8166835433070867
20
-4.336537165354331
11
5.8224346850393696
21
-4.3341549606299212
0
LINE
8
BLACK
6
CONTINUOUS
10
5.8224346850393696
20
-4.3341549606299212
11
5.8224347637795271
21
-4.3341548818897637
0
LINE
8
BLACK
6
CONTINUOUS
10
5.8224347637795271
20
-4.3341548818897637
11
5.8225162598425193
21
-4.3341211417322834
0
LINE
8
BLACK
6
CONTINUOUS
10
5.8225162598425193
20
-4.3341211417322834
11
5.8249177165354329
21
-4.3339321259842523
0
LINE
8
BLACK
6
CONTINUOUS
10
5.8249177165354329
20
-4.3339321259842523
11
5.8269716141732282
21
-4.3351907480314962
0
LINE
8
BLACK
6
CONTINUOUS
10
5.8269716141732282
20
-4.3351907480314962
11
5.8278934645669294
21
-4.3374162598425192
0
LINE
8
BLACK
6
CONTINUOUS
10
5.8278934645669294
20
-4.3374162598425192
11
5.8279054724409445
21
-4.337722086614173
0
LINE
8
BLACK
6
CONTINUOUS
10
5.8279054724409445
20
-4.337722086614173
11
5.8279054724409445
21
-4.3437813385826773
0
LINE
8
BLACK
6
CONTINUOUS
10
5.8279054724409445
20
-4.3437813385826773
11
5.8279055118110232
21
-4.3437818110236224
0
LINE
8
BLACK
6
CONTINUOUS
10
5.8279055118110232
20
-4.3437818110236224
11
5.8283634251968506
21
-4.3460837401574803
0
LINE
8
BLACK
6
CONTINUOUS
10
5.8283634251968506
20
-4.3460837401574803
11
5.8283635039370081
21
-4.3460839763779529
0
LINE
8
BLACK
6
CONTINUOUS
10
5.8283635039370081
20
-4.3460839763779529
11
5.8289082677165354
21
-4.3468992519685035
0
LINE
8
BLACK
6
CONTINUOUS
10
5.8289082677165354
20
-4.3468992519685035
11
5.830108149606299
21
-4.3486949606299214
0
LINE
8
BLACK
6
CONTINUOUS
10
5.830108149606299
20
-4.3486949606299214
11
5.8327192125984251
21
-4.3504396456692911
0
LINE
8
BLACK
6
CONTINUOUS
10
5.8327192125984251
20
-4.3504396456692911
11
5.8344696850393696
21
-4.3507878346456694
0
LINE
8
BLACK
6
CONTINUOUS
10
5.8344696850393696
20
-4.3507878346456694
11
5.8350212598425193
21
-4.3508975590551184
0
LINE
8
BLACK
6
CONTINUOUS
10
5.8350212598425193
20
-4.3508975590551184
11
5.8350214566929131
21
-4.3508975590551184
0
LINE
8
BLACK
6
CONTINUOUS
10
5.8350214566929131
20
-4.3508975590551184
11
5.8350216929133856
21
-4.3508976377952751
0
LINE
8
BLACK
6
CONTINUOUS
10
5.8350216929133856
20
-4.3508976377952751
11
5.8350217322834643
21
-4.3508976377952751
0
LINE
8
BLACK
6
CONTINUOUS
10
5.8350217322834643
20
-4.3508976377952751
11
5.871576614173228
21
-4.3508976377952751
0
LINE
8
BLACK
6
CONTINUOUS
10
5.871576614173228
20
-4.3508976377952751
11
5.8715766535433067
21
-4.3508976377952751
0
LINE
8
BLACK
6
CONTINUOUS
10
5.8715766535433067
20
-4.3508976377952751
11
5.8738791338582672
21
-4.3504396456692911
0
LINE
8
BLACK
6
CONTINUOUS
10
5.8738791338582672
20
-4.3504396456692911
11
5.8764901968503933
21
-4.3486949606299214
0
LINE
8
BLACK
6
CONTINUOUS
10
5.8764901968503933
20
-4.3486949606299214
11
5.8782348818897638
21
-4.3460838976377953
0
LINE
8
BLACK
6
CONTINUOUS
10
5.8782348818897638
20
-4.3460838976377953
11
5.8786928740157478
21
-4.3437814173228348
0
LINE
8
BLACK
6
CONTINUOUS
10
5.8786928740157478
20
-4.3437814173228348
11
5.8786928740157478
21
-4.2976062992125987
0
LINE
8
BLACK
6
CONTINUOUS
10
5.8786928740157478
20
-4.2976062992125987
11
5.879437244094488
21
-4.2953153149606296
0
LINE
8
BLACK
6
CONTINUOUS
10
5.879437244094488
20
-4.2953153149606296
11
5.8813860629921262
21
-4.2938994094488185
0
LINE
8
BLACK
6
CONTINUOUS
10
5.8813860629921262
20
-4.2938994094488185
11
5.8837949606299214
21
-4.2938994094488185
0
LINE
8
BLACK
6
CONTINUOUS
10
5.8837949606299214
20
-4.2938994094488185
11
5.885346456692913
21
-4.2948501574803153
0
LINE
8
BLACK
6
CONTINUOUS
10
5.885346456692913
20
-4.2948501574803153
11
5.8918111811023621
21
-4.3013148425196848
0
LINE
8
BLACK
6
CONTINUOUS
10
5.8918111811023621
20
-4.3013148425196848
11
5.9017638976377951
21
-4.3112675590551177
0
LINE
8
BLACK
6
CONTINUOUS
10
5.9017638976377951
20
-4.3112675590551177
11
5.9028574803149603
21
-4.3134138976377949
0
LINE
8
BLACK
6
CONTINUOUS
10
5.9028574803149603
20
-4.3134138976377949
11
5.9029054724409447
21
-4.3140236220472437
0
LINE
8
BLACK
6
CONTINUOUS
10
5.9029054724409447
20
-4.3140236220472437
11
5.9029054724409447
21
-4.3437813385826773
0
LINE
8
BLACK
6
CONTINUOUS
10
5.9029054724409447
20
-4.3437813385826773
11
5.9029055118110234
21
-4.3437818110236224
0
LINE
8
BLACK
6
CONTINUOUS
10
5.9029055118110234
20
-4.3437818110236224
11
5.9033634251968499
21
-4.3460837401574803
0
LINE
8
BLACK
6
CONTINUOUS
10
5.9033634251968499
20
-4.3460837401574803
11
5.9033635039370074
21
-4.3460839763779529
0
LINE
8
BLACK
6
CONTINUOUS
10
5.9033635039370074
20
-4.3460839763779529
11
5.9039082677165355
21
-4.3468992519685035
0
LINE
8
BLACK
6
CONTINUOUS
10
5.9039082677165355
20
-4.3468992519685035
11
5.9051081496062992
21
-4.3486949606299214
0
LINE
8
BLACK
6
CONTINUOUS
10
5.9051081496062992
20
-4.3486949606299214
11
5.9077192125984253
21
-4.3504396456692911
0
LINE
8
BLACK
6
CONTINUOUS
10
5.9077192125984253
20
-4.3504396456692911
11
5.9094696850393698
21
-4.3507878346456694
0
LINE
8
BLACK
6
CONTINUOUS
10
5.9094696850393698
20
-4.3507878346456694
11
5.9100212598425195
21
-4.3508975590551184
0
LINE
8
BLACK
6
CONTINUOUS
10
5.9100212598425195
20
-4.3508975590551184
11
5.9100214566929132
21
-4.3508975590551184
0
LINE
8
BLACK
6
CONTINUOUS
10
5.9100214566929132
20
-4.3508975590551184
11
5.9100216929133857
21
-4.3508976377952751
0
LINE
8
BLACK
6
CONTINUOUS
10
5.9100216929133857
20
-4.3508976377952751
11
5.9369955905511809
21
-4.3508976377952751
0
LINE
8
BLACK
6
CONTINUOUS
10
5.9369955905511809
20
-4.3508976377952751
11
5.9392865748031491
21
-4.3516420078740152
0
LINE
8
BLACK
6
CONTINUOUS
10
5.9392865748031491
20
-4.3516420078740152
11
5.9397516535433068
21
-4.3520392125984255
0
LINE
8
BLACK
6
CONTINUOUS
10
5.9397516535433068
20
-4.3520392125984255
11
5.9906254330708659
21
-4.4029129921259837
0
LINE
8
BLACK
6
CONTINUOUS
10
5.9906254330708659
20
-4.4029129921259837
11
5.9929604724409451
21
-4.4042611023622049
0
LINE
8
BLACK
6
CONTINUOUS
10
5.9929604724409451
20
-4.4042611023622049
11
5.9946698425196852
21
-4.4052480314960629
0
LINE
8
BLACK
6
CONTINUOUS
10
5.9946698425196852
20
-4.4052480314960629
11
5.9991807480314963
21
-4.4064567322834645
0
LINE
8
BLACK
6
CONTINUOUS
10
5.9991807480314963
20
-4.4064567322834645
11
5.9991808267716538
21
-4.4064567322834645
0
LINE
8
BLACK
6
CONTINUOUS
10
5.9991808267716538
20
-4.4064567322834645
11
6.3176302362204719
21
-4.4064567322834645
0
LINE
8
BLACK
6
CONTINUOUS
10
6.3176302362204719
20
-4.4064567322834645
11
6.3211877165354329
21
-4.4055034645669293
0
LINE
8
BLACK
6
CONTINUOUS
10
6.3211877165354329
20
-4.4055034645669293
11
6.3211878346456691
21
-4.4055034645669293
0
LINE
8
BLACK
6
CONTINUOUS
10
6.3211878346456691
20
-4.4055034645669293
11
6.3217087401574803
21
-4.4053638582677168
0
LINE
8
BLACK
6
CONTINUOUS
10
6.3217087401574803
20
-4.4053638582677168
11
6.3221411811023618
21
-4.4052480314960629
0
LINE
8
BLACK
6
CONTINUOUS
10
6.3221411811023618
20
-4.4052480314960629
11
6.3261855511811023
21
-4.4029129921259837
0
LINE
8
BLACK
6
CONTINUOUS
10
6.3261855511811023
20
-4.4029129921259837
11
6.3490593307086609
21
-4.3800392125984251
0
LINE
8
BLACK
6
CONTINUOUS
10
6.3490593307086609
20
-4.3800392125984251
11
6.3512056692913381
21
-4.3789456299212599
0
LINE
8
BLACK
6
CONTINUOUS
10
6.3512056692913381
20
-4.3789456299212599
11
6.3518153937007868
21
-4.3788976377952755
0
LINE
8
BLACK
6
CONTINUOUS
10
6.3518153937007868
20
-4.3788976377952755
11
6.3787892519685041
21
-4.3788976377952755
0
LINE
8
BLACK
6
CONTINUOUS
10
6.3787892519685041
20
-4.3788976377952755
11
6.3787892913385829
21
-4.3788976377952755
0
LINE
8
BLACK
6
CONTINUOUS
10
6.3787892913385829
20
-4.3788976377952755
11
6.3810917716535434
21
-4.3784396456692916
0
LINE
8
BLACK
6
CONTINUOUS
10
6.3810917716535434
20
-4.3784396456692916
11
6.3837028346456695
21
-4.376694960629921
0
LINE
8
BLACK
6
CONTINUOUS
10
6.3837028346456695
20
-4.376694960629921
11
6.3854475196850391
21
-4.3740838976377949
0
LINE
8
BLACK
6
CONTINUOUS
10
6.3854475196850391
20
-4.3740838976377949
11
6.3859055118110231
21
-4.3717814173228344
0
LINE
8
BLACK
6
CONTINUOUS
10
6.3859055118110231
20
-4.3717814173228344
11
6.3859055118110231
21
-4.3651377952755901
0
LINE
8
BLACK
6
CONTINUOUS
10
6.3859055118110231
20
-4.3651377952755901
11
6.3866498818897632
21
-4.3628468110236218
0
LINE
8
BLACK
6
CONTINUOUS
10
6.3866498818897632
20
-4.3628468110236218
11
6.3885987007874014
21
-4.3614309055118108
0
LINE
8
BLACK
6
CONTINUOUS
10
6.3885987007874014
20
-4.3614309055118108
11
6.3898031496062995
21
-4.3612401574803146
0
LINE
8
BLACK
6
CONTINUOUS
10
6.3898031496062995
20
-4.3612401574803146
11
6.397846811023622
21
-4.3612401574803146
0
LINE
8
BLACK
6
CONTINUOUS
10
6.397846811023622
20
-4.3612401574803146
11
6.4014042913385829
21
-4.3602868897637794
0
LINE
8
BLACK
6
CONTINUOUS
10
6.4014042913385829
20
-4.3602868897637794
11
6.4014044094488192
21
-4.3602868897637794
0
LINE
8
BLACK
6
CONTINUOUS
10
6.4014044094488192
20
-4.3602868897637794
11
6.4019253149606294
21
-4.3601472834645669
0
LINE
8
BLACK
6
CONTINUOUS
10
6.4019253149606294
20
-4.3601472834645669
11
6.4023577559055118
21
-4.360031456692913
0
LINE
8
BLACK
6
CONTINUOUS
10
6.4023577559055118
20
-4.360031456692913
11
6.4064021259842514
21
-4.3576964173228347
0
LINE
8
BLACK
6
CONTINUOUS
10
6.4064021259842514
20
-4.3576964173228347
11
6.4365593307086613
21
-4.3275392125984249
0
LINE
8
BLACK
6
CONTINUOUS
10
6.4365593307086613
20
-4.3275392125984249
11
6.4387056692913385
21
-4.3264456299212597
0
LINE
8
BLACK
6
CONTINUOUS
10
6.4387056692913385
20
-4.3264456299212597
11
6.4393153937007872
21
-4.3263976377952753
0
LINE
8
BLACK
6
CONTINUOUS
10
6.4393153937007872
20
-4.3263976377952753
11
6.4812892519685041
21
-4.3263976377952753
0
LINE
8
BLACK
6
CONTINUOUS
10
6.4812892519685041
20
-4.3263976377952753
11
6.4812892913385829
21
-4.3263976377952753
0
LINE
8
BLACK
6
CONTINUOUS
10
6.4812892913385829
20
-4.3263976377952753
11
6.4835917716535434
21
-4.3259396456692913
0
LINE
8
BLACK
6
CONTINUOUS
10
6.4835917716535434
20
-4.3259396456692913
11
6.4862028346456695
21
-4.3241949606299208
0
LINE
8
BLACK
6
CONTINUOUS
10
6.4862028346456695
20
-4.3241949606299208
11
6.4879475196850391
21
-4.3215838976377956
0
LINE
8
BLACK
6
CONTINUOUS
10
6.4879475196850391
20
-4.3215838976377956
11
6.4884055118110231
21
-4.3192814173228342
0
LINE
8
BLACK
6
CONTINUOUS
10
6.4884055118110231
20
-4.3192814173228342
11
6.4884055118110231
21
-4.2577264566929136
0
LINE
8
BLACK
6
CONTINUOUS
10
6.4884055118110231
20
-4.2577264566929136
11
6.4879475196850391
21
-4.2554239763779522
0
LINE
8
BLACK
6
CONTINUOUS
10
6.4879475196850391
20
-4.2554239763779522
11
6.4862028346456695
21
-4.252812913385827
0
LINE
8
BLACK
6
CONTINUOUS
10
6.4862028346456695
20
-4.252812913385827
11
6.4858818503937004
21
-4.2525984251968501
0
LINE
8
BLACK
6
CONTINUOUS
10
6.4858818503937004
20
-4.2525984251968501
11
6.4835918503937009
21
-4.2510682677165352
0
LINE
8
BLACK
6
CONTINUOUS
10
6.4835918503937009
20
-4.2510682677165352
11
6.4835917716535434
21
-4.2510682283464565
0
LINE
8
BLACK
6
CONTINUOUS
10
6.4835917716535434
20
-4.2510682283464565
11
6.4835916535433071
21
-4.2510681889763777
0
LINE
8
BLACK
6
CONTINUOUS
10
6.4835916535433071
20
-4.2510681889763777
11
6.4835916141732284
21
-4.2510681889763777
0
LINE
8
BLACK
6
CONTINUOUS
10
6.4835916141732284
20
-4.2510681889763777
11
6.4812896850393695
21
-4.2506102755905513
0
LINE
8
BLACK
6
CONTINUOUS
10
6.4812896850393695
20
-4.2506102755905513
11
6.4812892913385829
21
-4.2506102362204725
0
LINE
8
BLACK
6
CONTINUOUS
10
6.4812892913385829
20
-4.2506102362204725
11
6.4812892519685041
21
-4.2506102362204725
0
LINE
8
BLACK
6
CONTINUOUS
10
6.4812892519685041
20
-4.2506102362204725
11
6.4721456692913382
21
-4.2506102362204725
0
LINE
8
BLACK
6
CONTINUOUS
10
6.4721456692913382
20
-4.2506102362204725
11
6.4698546850393699
21
-4.2498658661417323
0
LINE
8
BLACK
6
CONTINUOUS
10
6.4698546850393699
20
-4.2498658661417323
11
6.4684387795275589
21
-4.2479170472440941
0
LINE
8
BLACK
6
CONTINUOUS
10
6.4684387795275589
20
-4.2479170472440941
11
6.4682480314960626
21
-4.246712598425197
0
LINE
8
BLACK
6
CONTINUOUS
10
6.4682480314960626
20
-4.246712598425197
11
6.4682480314960626
21
-4.2302952755905512
0
LINE
8
BLACK
6
CONTINUOUS
10
6.4682480314960626
20
-4.2302952755905512
11
6.4689924015748028
21
-4.2280042913385829
0
LINE
8
BLACK
6
CONTINUOUS
10
6.4689924015748028
20
-4.2280042913385829
11
6.470941220472441
21
-4.2265883858267719
0
LINE
8
BLACK
6
CONTINUOUS
10
6.470941220472441
20
-4.2265883858267719
11
6.4721456692913382
21
-4.2263976377952757
0
LINE
8
BLACK
6
CONTINUOUS
10
6.4721456692913382
20
-4.2263976377952757
11
6.4812892519685041
21
-4.2263976377952757
0
LINE
8
BLACK
6
CONTINUOUS
10
6.4812892519685041
20
-4.2263976377952757
11
6.4812892913385829
21
-4.2263976377952757
0
LINE
8
BLACK
6
CONTINUOUS
10
6.4812892913385829
20
-4.2263976377952757
11
6.4835917716535434
21
-4.2259396456692908
0
LINE
8
BLACK
6
CONTINUOUS
10
6.4835917716535434
20
-4.2259396456692908
11
6.4862028346456695
21
-4.2241949606299212
0
LINE
8
BLACK
6
CONTINUOUS
10
6.4862028346456695
20
-4.2241949606299212
11
6.4879475196850391
21
-4.2215838976377951
0
LINE
8
BLACK
6
CONTINUOUS
10
6.4879475196850391
20
-4.2215838976377951
11
6.4884055118110231
21
-4.2192814173228346
0
LINE
8
BLACK
6
CONTINUOUS
10
6.4884055118110231
20
-4.2192814173228346
11
6.4884055118110231
21
-4.1577264566929131
0
LINE
8
BLACK
6
CONTINUOUS
10
6.4884055118110231
20
-4.1577264566929131
11
6.4879475196850391
21
-4.1554239763779526
0
LINE
8
BLACK
6
CONTINUOUS
10
6.4879475196850391
20
-4.1554239763779526
11
6.4878619291338584
21
-4.155295905511811
0
LINE
8
BLACK
6
CONTINUOUS
10
6.4878619291338584
20
-4.155295905511811
11
6.486202913385827
21
-4.1528130314960627
0
LINE
8
BLACK
6
CONTINUOUS
10
6.486202913385827
20
-4.1528130314960627
11
6.4862028346456695
21
-4.1528129133858265
0
LINE
8
BLACK
6
CONTINUOUS
10
6.4862028346456695
20
-4.1528129133858265
11
6.4860880708661419
21
-4.1527362204724412
0
LINE
8
BLACK
6
CONTINUOUS
10
6.4860880708661419
20
-4.1527362204724412
11
6.4835918503937009
21
-4.1510682677165356
0
LINE
8
BLACK
6
CONTINUOUS
10
6.4835918503937009
20
-4.1510682677165356
11
6.4835917716535434
21
-4.1510682283464568
0
LINE
8
BLACK
6
CONTINUOUS
10
6.4835917716535434
20
-4.1510682283464568
11
6.4835916535433071
21
-4.1510681889763781
0
LINE
8
BLACK
6
CONTINUOUS
10
6.4835916535433071
20
-4.1510681889763781
11
6.4835916141732284
21
-4.1510681889763781
0
LINE
8
BLACK
6
CONTINUOUS
10
6.4835916141732284
20
-4.1510681889763781
11
6.4812896850393695
21
-4.1506102755905507
0
LINE
8
BLACK
6
CONTINUOUS
10
6.4812896850393695
20
-4.1506102755905507
11
6.4812892913385829
21
-4.150610236220472
0
LINE
8
BLACK
6
CONTINUOUS
10
6.4812892913385829
20
-4.150610236220472
11
6.4197343307086614
21
-4.150610236220472
0
LINE
8
BLACK
6
CONTINUOUS
10
6.4197343307086614
20
-4.150610236220472
11
6.4197342913385826
21
-4.150610236220472
0
LINE
8
BLACK
6
CONTINUOUS
10
6.4197342913385826
20
-4.150610236220472
11
6.4197338976377951
21
-4.1506102755905507
0
LINE
8
BLACK
6
CONTINUOUS
10
6.4197338976377951
20
-4.1506102755905507
11
6.4174319685039372
21
-4.1510681889763781
0
LINE
8
BLACK
6
CONTINUOUS
10
6.4174319685039372
20
-4.1510681889763781
11
6.4174317322834646
21
-4.1510682677165356
0
LINE
8
BLACK
6
CONTINUOUS
10
6.4174317322834646
20
-4.1510682677165356
11
6.4148209055118111
21
-4.1528127952755902
0
LINE
8
BLACK
6
CONTINUOUS
10
6.4148209055118111
20
-4.1528127952755902
11
6.4148206692913385
21
-4.1528130314960627
0
LINE
8
BLACK
6
CONTINUOUS
10
6.4148206692913385
20
-4.1528130314960627
11
6.4131615748031496
21
-4.1552960629921261
0
LINE
8
BLACK
6
CONTINUOUS
10
6.4131615748031496
20
-4.1552960629921261
11
6.4130761023622043
21
-4.1554239763779526
0
LINE
8
BLACK
6
CONTINUOUS
10
6.4130761023622043
20
-4.1554239763779526
11
6.4130760629921255
21
-4.1554240157480313
0
LINE
8
BLACK
6
CONTINUOUS
10
6.4130760629921255
20
-4.1554240157480313
11
6.4130760629921255
21
-4.1554240944881888
0
LINE
8
BLACK
6
CONTINUOUS
10
6.4130760629921255
20
-4.1554240944881888
11
6.4126181496062991
21
-4.1577260236220468
0
LINE
8
BLACK
6
CONTINUOUS
10
6.4126181496062991
20
-4.1577260236220468
11
6.4126181102362203
21
-4.1577264960629918
0
LINE
8
BLACK
6
CONTINUOUS
10
6.4126181102362203
20
-4.1577264960629918
11
6.4126181102362203
21
-4.2192813385826771
0
LINE
8
BLACK
6
CONTINUOUS
10
6.4126181102362203
20
-4.2192813385826771
11
6.4126181496062991
21
-4.2192818110236221
0
LINE
8
BLACK
6
CONTINUOUS
10
6.4126181496062991
20
-4.2192818110236221
11
6.4130760629921255
21
-4.2215837401574801
0
LINE
8
BLACK
6
CONTINUOUS
10
6.4130760629921255
20
-4.2215837401574801
11
6.413076141732283
21
-4.2215839763779526
0
LINE
8
BLACK
6
CONTINUOUS
10
6.413076141732283
20
-4.2215839763779526
11
6.4148206692913385
21
-4.2241948031496062
0
LINE
8
BLACK
6
CONTINUOUS
10
6.4148206692913385
20
-4.2241948031496062
11
6.4148207874015748
21
-4.2241949606299212
0
LINE
8
BLACK
6
CONTINUOUS
10
6.4148207874015748
20
-4.2241949606299212
11
6.4174318503937009
21
-4.2259396456692908
0
LINE
8
BLACK
6
CONTINUOUS
10
6.4174318503937009
20
-4.2259396456692908
11
6.4191823228346454
21
-4.2262878346456692
0
LINE
8
BLACK
6
CONTINUOUS
10
6.4191823228346454
20
-4.2262878346456692
11
6.4197338976377951
21
-4.2263975590551182
0
LINE
8
BLACK
6
CONTINUOUS
10
6.4197338976377951
20
-4.2263975590551182
11
6.4197340944881889
21
-4.2263975590551182
0
LINE
8
BLACK
6
CONTINUOUS
10
6.4197340944881889
20
-4.2263975590551182
11
6.4197343307086614
21
-4.2263976377952757
0
LINE
8
BLACK
6
CONTINUOUS
10
6.4197343307086614
20
-4.2263976377952757
11
6.4288779527559052
21
-4.2263976377952757
0
LINE
8
BLACK
6
CONTINUOUS
10
6.4288779527559052
20
-4.2263976377952757
11
6.4311689370078735
21
-4.2271420078740158
0
LINE
8
BLACK
6
CONTINUOUS
10
6.4311689370078735
20
-4.2271420078740158
11
6.4325848425196845
21
-4.2290908267716532
0
LINE
8
BLACK
6
CONTINUOUS
10
6.4325848425196845
20
-4.2290908267716532
11
6.4327755905511808
21
-4.2302952755905512
0
LINE
8
BLACK
6
CONTINUOUS
10
6.4327755905511808
20
-4.2302952755905512
11
6.4327755905511808
21
-4.246712598425197
0
LINE
8
BLACK
6
CONTINUOUS
10
6.4327755905511808
20
-4.246712598425197
11
6.4320312204724406
21
-4.2490035826771653
0
LINE
8
BLACK
6
CONTINUOUS
10
6.4320312204724406
20
-4.2490035826771653
11
6.4300824015748033
21
-4.2504194881889763
0
LINE
8
BLACK
6
CONTINUOUS
10
6.4300824015748033
20
-4.2504194881889763
11
6.4288779527559052
21
-4.2506102362204725
0
LINE
8
BLACK
6
CONTINUOUS
10
6.4288779527559052
20
-4.2506102362204725
11
6.4197343307086614
21
-4.2506102362204725
0
LINE
8
BLACK
6
CONTINUOUS
10
6.4197343307086614
20
-4.2506102362204725
11
6.4197342913385826
21
-4.2506102362204725
0
LINE
8
BLACK
6
CONTINUOUS
10
6.4197342913385826
20
-4.2506102362204725
11
6.4197338976377951
21
-4.2506102755905513
0
LINE
8
BLACK
6
CONTINUOUS
10
6.4197338976377951
20
-4.2506102755905513
11
6.4174319685039372
21
-4.2510681889763777
0
LINE
8
BLACK
6
CONTINUOUS
10
6.4174319685039372
20
-4.2510681889763777
11
6.4174317322834646
21
-4.2510682677165352
0
LINE
8
BLACK
6
CONTINUOUS
10
6.4174317322834646
20
-4.2510682677165352
11
6.4148209055118111
21
-4.2528127952755908
0
LINE
8
BLACK
6
CONTINUOUS
10
6.4148209055118111
20
-4.2528127952755908
11
6.4148206692913385
21
-4.2528130314960633
0
LINE
8
BLACK
6
CONTINUOUS
10
6.4148206692913385
20
-4.2528130314960633
11
6.413076141732283
21
-4.2554238582677169
0
LINE
8
BLACK
6
CONTINUOUS
10
6.413076141732283
20
-4.2554238582677169
11
6.4130760629921255
21
-4.2554240944881885
0
LINE
8
BLACK
6
CONTINUOUS
10
6.4130760629921255
20
-4.2554240944881885
11
6.4126181496062991
21
-4.2577260236220473
0
LINE
8
BLACK
6
CONTINUOUS
10
6.4126181496062991
20
-4.2577260236220473
11
6.4126181102362203
21
-4.2577264960629924
0
LINE
8
BLACK
6
CONTINUOUS
10
6.4126181102362203
20
-4.2577264960629924
11
6.4126181102362203
21
-4.2997003543307084
0
LINE
8
BLACK
6
CONTINUOUS
10
6.4126181102362203
20
-4.2997003543307084
11
6.4118737401574801
21
-4.3019913385826767
0
LINE
8
BLACK
6
CONTINUOUS
10
6.4118737401574801
20
-4.3019913385826767
11
6.4114765354330707
21
-4.3024564173228343
0
LINE
8
BLACK
6
CONTINUOUS
10
6.4114765354330707
20
-4.3024564173228343
11
6.3925592125984254
21
-4.3213737401574805
0
LINE
8
BLACK
6
CONTINUOUS
10
6.3925592125984254
20
-4.3213737401574805
11
6.3904128740157482
21
-4.3224673228346457
0
LINE
8
BLACK
6
CONTINUOUS
10
6.3904128740157482
20
-4.3224673228346457
11
6.3880336614173228
21
-4.3220905118110231
0
LINE
8
BLACK
6
CONTINUOUS
10
6.3880336614173228
20
-4.3220905118110231
11
6.3863303149606301
21
-4.3203871653543304
0
LINE
8
BLACK
6
CONTINUOUS
10
6.3863303149606301
20
-4.3203871653543304
11
6.3859055118110231
21
-4.3186176771653546
0
LINE
8
BLACK
6
CONTINUOUS
10
6.3859055118110231
20
-4.3186176771653546
11
6.3859055118110231
21
-4.3152264960629925
0
LINE
8
BLACK
6
CONTINUOUS
10
6.3859055118110231
20
-4.3152264960629925
11
6.3859054330708656
21
-4.3152260236220474
0
LINE
8
BLACK
6
CONTINUOUS
10
6.3859054330708656
20
-4.3152260236220474
11
6.3855449606299208
21
-4.3134138976377949
0
LINE
8
BLACK
6
CONTINUOUS
10
6.3855449606299208
20
-4.3134138976377949
11
6.3854475196850391
21
-4.3129239763779523
0
LINE
8
BLACK
6
CONTINUOUS
10
6.3854475196850391
20
-4.3129239763779523
11
6.3837028346456695
21
-4.3103129133858271
0
LINE
8
BLACK
6
CONTINUOUS
10
6.3837028346456695
20
-4.3103129133858271
11
6.3837026771653544
21
-4.3103127952755909
0
LINE
8
BLACK
6
CONTINUOUS
10
6.3837026771653544
20
-4.3103127952755909
11
6.3810918503937009
21
-4.3085682677165353
0
LINE
8
BLACK
6
CONTINUOUS
10
6.3810918503937009
20
-4.3085682677165353
11
6.3810917716535434
21
-4.3085682283464566
0
LINE
8
BLACK
6
CONTINUOUS
10
6.3810917716535434
20
-4.3085682283464566
11
6.3810916535433071
21
-4.3085681889763778
0
LINE
8
BLACK
6
CONTINUOUS
10
6.3810916535433071
20
-4.3085681889763778
11
6.3810916141732283
21
-4.3085681889763778
0
LINE
8
BLACK
6
CONTINUOUS
10
6.3810916141732283
20
-4.3085681889763778
11
6.3787896850393695
21
-4.3081102755905514
0
LINE
8
BLACK
6
CONTINUOUS
10
6.3787896850393695
20
-4.3081102755905514
11
6.3787892913385829
21
-4.3081102362204726
0
LINE
8
BLACK
6
CONTINUOUS
10
6.3787892913385829
20
-4.3081102362204726
11
6.3422343307086617
21
-4.3081102362204726
0
LINE
8
BLACK
6
CONTINUOUS
10
6.3422343307086617
20
-4.3081102362204726
11
6.342234291338583
21
-4.3081102362204726
0
LINE
8
BLACK
6
CONTINUOUS
10
6.342234291338583
20
-4.3081102362204726
11
6.3422338976377954
21
-4.3081102755905514
0
LINE
8
BLACK
6
CONTINUOUS
10
6.3422338976377954
20
-4.3081102755905514
11
6.3399319685039366
21
-4.3085681889763778
0
LINE
8
BLACK
6
CONTINUOUS
10
6.3399319685039366
20
-4.3085681889763778
11
6.3399317322834641
21
-4.3085682677165353
0
LINE
8
BLACK
6
CONTINUOUS
10
6.3399317322834641
20
-4.3085682677165353
11
6.3373209055118105
21
-4.3103127952755909
0
LINE
8
BLACK
6
CONTINUOUS
10
6.3373209055118105
20
-4.3103127952755909
11
6.3373206692913389
21
-4.3103130314960625
0
LINE
8
BLACK
6
CONTINUOUS
10
6.3373206692913389
20
-4.3103130314960625
11
6.3355761417322833
21
-4.3129238582677161
0
LINE
8
BLACK
6
CONTINUOUS
10
6.3355761417322833
20
-4.3129238582677161
11
6.3355760629921258
21
-4.3129240944881886
0
LINE
8
BLACK
6
CONTINUOUS
10
6.3355760629921258
20
-4.3129240944881886
11
6.3351181496062994
21
-4.3152260236220474
0
LINE
8
BLACK
6
CONTINUOUS
10
6.3351181496062994
20
-4.3152260236220474
11
6.3351181102362206
21
-4.3152264960629925
0
LINE
8
BLACK
6
CONTINUOUS
10
6.3351181102362206
20
-4.3152264960629925
11
6.3351181102362206
21
-4.3422003149606301
0
LINE
8
BLACK
6
CONTINUOUS
10
6.3351181102362206
20
-4.3422003149606301
11
6.3343737401574804
21
-4.3444912992125984
0
LINE
8
BLACK
6
CONTINUOUS
10
6.3343737401574804
20
-4.3444912992125984
11
6.333976535433071
21
-4.344956377952756
0
LINE
8
BLACK
6
CONTINUOUS
10
6.333976535433071
20
-4.344956377952756
11
6.3175592125984252
21
-4.3613737007874018
0
LINE
8
BLACK
6
CONTINUOUS
10
6.3175592125984252
20
-4.3613737007874018
11
6.315412874015748
21
-4.362467283464567
0
LINE
8
BLACK
6
CONTINUOUS
10
6.315412874015748
20
-4.362467283464567
11
6.3130336614173226
21
-4.3620904724409444
0
LINE
8
BLACK
6
CONTINUOUS
10
6.3130336614173226
20
-4.3620904724409444
11
6.3113303149606299
21
-4.3603871259842517
0
LINE
8
BLACK
6
CONTINUOUS
10
6.3113303149606299
20
-4.3603871259842517
11
6.3109055118110238
21
-4.3586176377952759
0
LINE
8
BLACK
6
CONTINUOUS
10
6.3109055118110238
20
-4.3586176377952759
11
6.3109055118110238
21
-4.3152264960629925
0
LINE
8
BLACK
6
CONTINUOUS
10
6.3109055118110238
20
-4.3152264960629925
11
6.3109054330708663
21
-4.3152260236220474
0
LINE
8
BLACK
6
CONTINUOUS
10
6.3109054330708663
20
-4.3152260236220474
11
6.3105449606299215
21
-4.3134138976377949
0
LINE
8
BLACK
6
CONTINUOUS
10
6.3105449606299215
20
-4.3134138976377949
11
6.3104475196850389
21
-4.3129239763779523
0
LINE
8
BLACK
6
CONTINUOUS
10
6.3104475196850389
20
-4.3129239763779523
11
6.3087028346456693
21
-4.3103129133858271
0
LINE
8
BLACK
6
CONTINUOUS
10
6.3087028346456693
20
-4.3103129133858271
11
6.3087026771653543
21
-4.3103127952755909
0
LINE
8
BLACK
6
CONTINUOUS
10
6.3087026771653543
20
-4.3103127952755909
11
6.3060918503937007
21
-4.3085682677165353
0
LINE
8
BLACK
6
CONTINUOUS
10
6.3060918503937007
20
-4.3085682677165353
11
6.3060917716535432
21
-4.3085682283464566
0
LINE
8
BLACK
6
CONTINUOUS
10
6.3060917716535432
20
-4.3085682283464566
11
6.3060916535433069
21
-4.3085681889763778
0
LINE
8
BLACK
6
CONTINUOUS
10
6.3060916535433069
20
-4.3085681889763778
11
6.3060916141732282
21
-4.3085681889763778
0
LINE
8
BLACK
6
CONTINUOUS
10
6.3060916141732282
20
-4.3085681889763778
11
6.3037896850393702
21
-4.3081102755905514
0
LINE
8
BLACK
6
CONTINUOUS
10
6.3037896850393702
20
-4.3081102755905514
11
6.3037892913385827
21
-4.3081102362204726
0
LINE
8
BLACK
6
CONTINUOUS
10
6.3037892913385827
20
-4.3081102362204726
11
6.3037892519685039
21
-4.3081102362204726
0
LINE
8
BLACK
6
CONTINUOUS
10
6.3037892519685039
20
-4.3081102362204726
11
6.2768153937007876
21
-4.3081102362204726
0
LINE
8
BLACK
6
CONTINUOUS
10
6.2768153937007876
20
-4.3081102362204726
11
6.2745244094488184
21
-4.3073658661417324
0
LINE
8
BLACK
6
CONTINUOUS
10
6.2745244094488184
20
-4.3073658661417324
11
6.2740593307086616
21
-4.306968661417323
0
LINE
8
BLACK
6
CONTINUOUS
10
6.2740593307086616
20
-4.306968661417323
11
6.2676420078740156
21
-4.300551338582677
0
LINE
8
BLACK
6
CONTINUOUS
10
6.2676420078740156
20
-4.300551338582677
11
6.2665484251968504
21
-4.2984049999999998
0
LINE
8
BLACK
6
CONTINUOUS
10
6.2665484251968504
20
-4.2984049999999998
11
6.2669252362204722
21
-4.2960257874015744
0
LINE
8
BLACK
6
CONTINUOUS
10
6.2669252362204722
20
-4.2960257874015744
11
6.2686285826771648
21
-4.2943224409448817
0
LINE
8
BLACK
6
CONTINUOUS
10
6.2686285826771648
20
-4.2943224409448817
11
6.2703980708661415
21
-4.2938976377952756
0
LINE
8
BLACK
6
CONTINUOUS
10
6.2703980708661415
20
-4.2938976377952756
11
6.3037892519685039
21
-4.2938976377952756
0
LINE
8
BLACK
6
CONTINUOUS
10
6.3037892519685039
20
-4.2938976377952756
11
6.3037892913385827
21
-4.2938976377952756
0
LINE
8
BLACK
6
CONTINUOUS
10
6.3037892913385827
20
-4.2938976377952756
11
6.3060917716535432
21
-4.2934396456692916
0
LINE
8
BLACK
6
CONTINUOUS
10
6.3060917716535432
20
-4.2934396456692916
11
6.3087028346456693
21
-4.2916949606299211
0
LINE
8
BLACK
6
CONTINUOUS
10
6.3087028346456693
20
-4.2916949606299211
11
6.3104475196850389
21
-4.289083897637795
0
LINE
8
BLACK
6
CONTINUOUS
10
6.3104475196850389
20
-4.289083897637795
11
6.3109055118110238
21
-4.2867814173228345
0
LINE
8
BLACK
6
CONTINUOUS
10
6.3109055118110238
20
-4.2867814173228345
11
6.3109055118110238
21
-4.264409488188976
0
LINE
8
BLACK
6
CONTINUOUS
10
6.3109055118110238
20
-4.264409488188976
11
6.3109055118110238
21
-4.2302264566929129
0
LINE
8
BLACK
6
CONTINUOUS
10
6.3109055118110238
20
-4.2302264566929129
11
6.3107093307086615
21
-4.2292402362204724
0
LINE
8
BLACK
6
CONTINUOUS
10
6.3107093307086615
20
-4.2292402362204724
11
6.3104475196850389
21
-4.2279239763779524
0
LINE
8
BLACK
6
CONTINUOUS
10
6.3104475196850389
20
-4.2279239763779524
11
6.3087028346456693
21
-4.2253129133858263
0
LINE
8
BLACK
6
CONTINUOUS
10
6.3087028346456693
20
-4.2253129133858263
11
6.3087026771653543
21
-4.2253127952755909
0
LINE
8
BLACK
6
CONTINUOUS
10
6.3087026771653543
20
-4.2253127952755909
11
6.3060918503937007
21
-4.2235682677165354
0
LINE
8
BLACK
6
CONTINUOUS
10
6.3060918503937007
20
-4.2235682677165354
11
6.3057371653543308
21
-4.2234213779527554
0
LINE
8
BLACK
6
CONTINUOUS
10
6.3057371653543308
20
-4.2234213779527554
11
6.3057901181102363
21
-4.2232935039370076
0
LINE
8
BLACK
6
CONTINUOUS
10
6.3057901181102363
20
-4.2232935039370076
11
6.3042827165354325
21
-4.2224486614173227
0
LINE
8
BLACK
6
CONTINUOUS
10
6.3042827165354325
20
-4.2224486614173227
11
6.3032749212598427
21
-4.220260748031496
0
LINE
8
BLACK
6
CONTINUOUS
10
6.3032749212598427
20
-4.220260748031496
11
6.3032480314960626
21
-4.2198038582677162
0
LINE
8
BLACK
6
CONTINUOUS
10
6.3032480314960626
20
-4.2198038582677162
11
6.3032480314960626
21
-4.2172039763779523
0
LINE
8
BLACK
6
CONTINUOUS
10
6.3032480314960626
20
-4.2172039763779523
11
6.3039924015748028
21
-4.214912992125984
0
LINE
8
BLACK
6
CONTINUOUS
10
6.3039924015748028
20
-4.214912992125984
11
6.3057558661417321
21
-4.2136316929133857
0
LINE
8
BLACK
6
CONTINUOUS
10
6.3057558661417321
20
-4.2136316929133857
11
6.3057371653543308
21
-4.2135864960629918
0
LINE
8
BLACK
6
CONTINUOUS
10
6.3057371653543308
20
-4.2135864960629918
11
6.3059255511811019
21
-4.2135084251968502
0
LINE
8
BLACK
6
CONTINUOUS
10
6.3059255511811019
20
-4.2135084251968502
11
6.305941220472441
21
-4.213497086614173
0
LINE
8
BLACK
6
CONTINUOUS
10
6.305941220472441
20
-4.213497086614173
11
6.3059730708661412
21
-4.2134887401574801
0
LINE
8
BLACK
6
CONTINUOUS
10
6.3059730708661412
20
-4.2134887401574801
11
6.3060915354330707
21
-4.2134396850393703
0
LINE
8
BLACK
6
CONTINUOUS
10
6.3060915354330707
20
-4.2134396850393703
11
6.3060917716535432
21
-4.2134396456692915
0
LINE
8
BLACK
6
CONTINUOUS
10
6.3060917716535432
20
-4.2134396456692915
11
6.3087028346456693
21
-4.211694960629921
0
LINE
8
BLACK
6
CONTINUOUS
10
6.3087028346456693
20
-4.211694960629921
11
6.3104475196850389
21
-4.2090838976377949
0
LINE
8
BLACK
6
CONTINUOUS
10
6.3104475196850389
20
-4.2090838976377949
11
6.3109055118110238
21
-4.2067814173228344
0
LINE
8
BLACK
6
CONTINUOUS
10
6.3109055118110238
20
-4.2067814173228344
11
6.3109055118110238
21
-4.1502264566929137
0
LINE
8
BLACK
6
CONTINUOUS
10
6.3109055118110238
20
-4.1502264566929137
11
6.3107093307086615
21
-4.1492402362204723
0
LINE
8
BLACK
6
CONTINUOUS
10
6.3107093307086615
20
-4.1492402362204723
11
6.3104475196850389
21
-4.1479239763779523
0
LINE
8
BLACK
6
CONTINUOUS
10
6.3104475196850389
20
-4.1479239763779523
11
6.3087028346456693
21
-4.1453129133858271
0
LINE
8
BLACK
6
CONTINUOUS
10
6.3087028346456693
20
-4.1453129133858271
11
6.3077229921259841
21
-4.1446581889763783
0
LINE
8
BLACK
6
CONTINUOUS
10
6.3077229921259841
20
-4.1446581889763783
11
6.3060918503937007
21
-4.1435682677165353
0
LINE
8
BLACK
6
CONTINUOUS
10
6.3060918503937007
20
-4.1435682677165353
11
6.3060917716535432
21
-4.1435682283464566
0
LINE
8
BLACK
6
CONTINUOUS
10
6.3060917716535432
20
-4.1435682283464566
11
6.3060916535433069
21
-4.1435681889763778
0
LINE
8
BLACK
6
CONTINUOUS
10
6.3060916535433069
20
-4.1435681889763778
11
6.3060916141732282
21
-4.1435681889763778
0
LINE
8
BLACK
6
CONTINUOUS
10
6.3060916141732282
20
-4.1435681889763778
11
6.3037896850393702
21
-4.1431102755905513
0
LINE
8
BLACK
6
CONTINUOUS
10
6.3037896850393702
20
-4.1431102755905513
11
6.3037892913385827
21
-4.1431102362204726
0
LINE
8
BLACK
6
CONTINUOUS
10
6.3037892913385827
20
-4.1431102362204726
11
6.3037892519685039
21
-4.1431102362204726
0
LINE
8
BLACK
6
CONTINUOUS
10
6.3037892519685039
20
-4.1431102362204726
11
6.2877244488188975
21
-4.1431102362204726
0
LINE
8
BLACK
6
CONTINUOUS
10
6.2877244488188975
20
-4.1431102362204726
11
6.2854334645669292
21
-4.1423658661417324
0
LINE
8
BLACK
6
CONTINUOUS
10
6.2854334645669292
20
-4.1423658661417324
11
6.2840175590551182
21
-4.1404170472440942
0
LINE
8
BLACK
6
CONTINUOUS
10
6.2840175590551182
20
-4.1404170472440942
11
6.2838268110236219
21
-4.1392125984251971
0
LINE
8
BLACK
6
CONTINUOUS
10
6.2838268110236219
20
-4.1392125984251971
11
6.2838268110236219
21
-4.1145899212598422
0
LINE
8
BLACK
6
CONTINUOUS
10
6.2838268110236219
20
-4.1145899212598422
11
6.2845711811023621
21
-4.112298937007874
0
LINE
8
BLACK
6
CONTINUOUS
10
6.2845711811023621
20
-4.112298937007874
11
6.284968149606299
21
-4.1118340944881888
0
LINE
8
BLACK
6
CONTINUOUS
10
6.284968149606299
20
-4.1118340944881888
11
6.2953838976377954
21
-4.1014183858267712
0
LINE
8
BLACK
6
CONTINUOUS
10
6.2953838976377954
20
-4.1014183858267712
11
6.2976840944881891
21
-4.0982524803149607
0
LINE
8
BLACK
6
CONTINUOUS
10
6.2976840944881891
20
-4.0982524803149607
11
6.2992998031496059
21
-4.0932797637795275
0
LINE
8
BLACK
6
CONTINUOUS
10
6.2992998031496059
20
-4.0932797637795275
11
6.2992998031496059
21
-4.0880512598425192
0
LINE
8
BLACK
6
CONTINUOUS
10
6.2992998031496059
20
-4.0880512598425192
11
6.2976840944881891
21
-4.0830785826771656
0
LINE
8
BLACK
6
CONTINUOUS
10
6.2976840944881891
20
-4.0830785826771656
11
6.2953838976377954
21
-4.0799126377952755
0
LINE
8
BLACK
6
CONTINUOUS
10
6.2953838976377954
20
-4.0799126377952755
11
6.2813672834645669
21
-4.0658960236220469
0
LINE
8
BLACK
6
CONTINUOUS
10
6.2813672834645669
20
-4.0658960236220469
11
6.2813671259842518
21
-4.0658959055118107
0
LINE
8
BLACK
6
CONTINUOUS
10
6.2813671259842518
20
-4.0658959055118107
11
6.2813670866141731
21
-4.0658958661417319
0
LINE
8
BLACK
6
CONTINUOUS
10
6.2813670866141731
20
-4.0658958661417319
11
6.2782013385826767
21
-4.0635958267716532
0
LINE
8
BLACK
6
CONTINUOUS
10
6.2782013385826767
20
-4.0635958267716532
11
6.2782012204724404
21
-4.0635957874015745
0
LINE
8
BLACK
6
CONTINUOUS
10
6.2782012204724404
20
-4.0635957874015745
11
6.2780152362204724
21
-4.0635353543307087
0
LINE
8
BLACK
6
CONTINUOUS
10
6.2780152362204724
20
-4.0635353543307087
11
6.2732286614173223
21
-4.0619801181102364
0
LINE
8
BLACK
6
CONTINUOUS
10
6.2732286614173223
20
-4.0619801181102364
11
6.2680001574803148
21
-4.0619801181102364
0
LINE
8
BLACK
6
CONTINUOUS
10
6.2680001574803148
20
-4.0619801181102364
11
6.2676146062992126
21
-4.0621053937007874
0
LINE
8
BLACK
6
CONTINUOUS
10
6.3780118110236215
20
-4.286003937007874
11
6.3664173228346455
21
-4.286003937007874
0
LINE
8
BLACK
6
CONTINUOUS
10
6.3664173228346455
20
-4.286003937007874
11
6.3664173228346455
21
-4.2978148818897637
0
LINE
8
BLACK
6
CONTINUOUS
10
6.3664173228346455
20
-4.2978148818897637
11
6.3664173622047242
21
-4.2978149212598424
0
LINE
8
BLACK
6
CONTINUOUS
10
6.3664173622047242
20
-4.2978149212598424
11
6.3797751968503933
21
-4.2978149212598424
0
LINE
8
BLACK
6
CONTINUOUS
10
6.3797751968503933
20
-4.2978149212598424
11
6.379775236220472
21
-4.2978148818897637
0
LINE
8
BLACK
6
CONTINUOUS
10
6.379775236220472
20
-4.2978148818897637
11
6.3807627559055113
21
-4.2977003937007874
0
LINE
8
BLACK
6
CONTINUOUS
10
6.3807627559055113
20
-4.2977003937007874
11
6.3848022440944883
21
-4.2959167716535429
0
LINE
8
BLACK
6
CONTINUOUS
10
6.3848022440944883
20
-4.2959167716535429
11
6.3879246456692913
21
-4.2927943700787399
0
LINE
8
BLACK
6
CONTINUOUS
10
6.3879246456692913
20
-4.2927943700787399
11
6.3897082677165349
21
-4.2887548031496063
0
LINE
8
BLACK
6
CONTINUOUS
10
6.3897082677165349
20
-4.2887548031496063
11
6.3898227952755908
21
-4.2877675984251971
0
LINE
8
BLACK
6
CONTINUOUS
10
6.3898227952755908
20
-4.2877675984251971
11
6.3898228346456696
21
-4.2877675196850396
0
LINE
8
BLACK
6
CONTINUOUS
10
6.3898228346456696
20
-4.2877675196850396
11
6.3898228346456696
21
-4.264409488188976
0
LINE
8
BLACK
6
CONTINUOUS
10
6.3898228346456696
20
-4.264409488188976
11
6.3898227952755908
21
-4.2644094488188973
0
LINE
8
BLACK
6
CONTINUOUS
10
6.3898227952755908
20
-4.2644094488188973
11
6.3780118110236215
21
-4.2644094488188973
0
LINE
8
BLACK
6
CONTINUOUS
10
6.3780118110236215
20
-4.2644094488188973
11
6.3780118110236215
21
-4.286003937007874
0
LINE
8
BLACK
6
CONTINUOUS
10
6.3780118110236215
20
-4.2060039370078739
11
6.3664173228346455
21
-4.2060039370078739
0
LINE
8
BLACK
6
CONTINUOUS
10
6.3664173228346455
20
-4.2060039370078739
11
6.3664173228346455
21
-4.2310039370078742
0
LINE
8
BLACK
6
CONTINUOUS
10
6.3664173228346455
20
-4.2310039370078742
11
6.3780118110236215
21
-4.2310039370078742
0
LINE
8
BLACK
6
CONTINUOUS
10
6.3780118110236215
20
-4.2310039370078742
11
6.3780118110236215
21
-4.2525984251968501
0
LINE
8
BLACK
6
CONTINUOUS
10
6.3780118110236215
20
-4.2525984251968501
11
6.3898227559055121
21
-4.2525984251968501
0
LINE
8
BLACK
6
CONTINUOUS
10
6.3898227559055121
20
-4.2525984251968501
11
6.3898227952755908
21
-4.2525983858267713
0
LINE
8
BLACK
6
CONTINUOUS
10
6.3898227952755908
20
-4.2525983858267713
11
6.3898227952755908
21
-4.2292405511811024
0
LINE
8
BLACK
6
CONTINUOUS
10
6.3898227952755908
20
-4.2292405511811024
11
6.3898227559055121
21
-4.2292404724409449
0
LINE
8
BLACK
6
CONTINUOUS
10
6.3898227559055121
20
-4.2292404724409449
11
6.3897082677165349
21
-4.2282529527559056
0
LINE
8
BLACK
6
CONTINUOUS
10
6.3897082677165349
20
-4.2282529527559056
11
6.3879246456692913
21
-4.2242134645669287
0
LINE
8
BLACK
6
CONTINUOUS
10
6.3879246456692913
20
-4.2242134645669287
11
6.3849711811023617
21
-4.22126
0
LINE
8
BLACK
6
CONTINUOUS
10
6.3849711811023617
20
-4.22126
11
6.3838775984251965
21
-4.2191136614173228
0
LINE
8
BLACK
6
CONTINUOUS
10
6.3838775984251965
20
-4.2191136614173228
11
6.3842544094488192
21
-4.2167344488188974
0
LINE
8
BLACK
6
CONTINUOUS
10
6.3842544094488192
20
-4.2167344488188974
11
6.3849711811023617
21
-4.2157478740157481
0
LINE
8
BLACK
6
CONTINUOUS
10
6.3849711811023617
20
-4.2157478740157481
11
6.3879246456692913
21
-4.2127943700787398
0
LINE
8
BLACK
6
CONTINUOUS
10
6.3879246456692913
20
-4.2127943700787398
11
6.3897082677165349
21
-4.2087548031496063
0
LINE
8
BLACK
6
CONTINUOUS
10
6.3897082677165349
20
-4.2087548031496063
11
6.3898227952755908
21
-4.207767598425197
0
LINE
8
BLACK
6
CONTINUOUS
10
6.3898227952755908
20
-4.207767598425197
11
6.3898228346456696
21
-4.2077675196850395
0
LINE
8
BLACK
6
CONTINUOUS
10
6.3898228346456696
20
-4.2077675196850395
11
6.3898228346456696
21
-4.184409488188976
0
LINE
8
BLACK
6
CONTINUOUS
10
6.3898228346456696
20
-4.184409488188976
11
6.3898227952755908
21
-4.1844094488188972
0
LINE
8
BLACK
6
CONTINUOUS
10
6.3898227952755908
20
-4.1844094488188972
11
6.3780118110236215
21
-4.1844094488188972
0
LINE
8
BLACK
6
CONTINUOUS
10
6.3780118110236215
20
-4.1844094488188972
11
6.3780118110236215
21
-4.2060039370078739
0
LINE
8
BLACK
6
CONTINUOUS
10
5.7220118110236218
20
-4.1095039370078741
11
5.700417322834646
21
-4.1095039370078741
0
LINE
8
BLACK
6
CONTINUOUS
10
5.700417322834646
20
-4.1095039370078741
11
5.700417322834646
21
-4.1213148818897638
0
LINE
8
BLACK
6
CONTINUOUS
10
5.700417322834646
20
-4.1213148818897638
11
5.7004173622047238
21
-4.1213149212598426
0
LINE
8
BLACK
6
CONTINUOUS
10
5.7004173622047238
20
-4.1213149212598426
11
5.7237751968503936
21
-4.1213149212598426
0
LINE
8
BLACK
6
CONTINUOUS
10
5.7237751968503936
20
-4.1213149212598426
11
5.7237752362204724
21
-4.1213148818897638
0
LINE
8
BLACK
6
CONTINUOUS
10
5.7237752362204724
20
-4.1213148818897638
11
5.7247627559055116
21
-4.1212003937007875
0
LINE
8
BLACK
6
CONTINUOUS
10
5.7247627559055116
20
-4.1212003937007875
11
5.7288022440944877
21
-4.119416771653543
0
LINE
8
BLACK
6
CONTINUOUS
10
5.7288022440944877
20
-4.119416771653543
11
5.7319246456692916
21
-4.11629437007874
0
LINE
8
BLACK
6
CONTINUOUS
10
5.7319246456692916
20
-4.11629437007874
11
5.7337082677165352
21
-4.1122548031496065
0
LINE
8
BLACK
6
CONTINUOUS
10
5.7337082677165352
20
-4.1122548031496065
11
5.7338227952755902
21
-4.1112675984251972
0
LINE
8
BLACK
6
CONTINUOUS
10
5.7338227952755902
20
-4.1112675984251972
11
5.733822834645669
21
-4.1112675196850397
0
LINE
8
BLACK
6
CONTINUOUS
10
5.733822834645669
20
-4.1112675196850397
11
5.733822834645669
21
-4.0979094881889759
0
LINE
8
BLACK
6
CONTINUOUS
10
5.733822834645669
20
-4.0979094881889759
11
5.7338227952755902
21
-4.0979094488188972
0
LINE
8
BLACK
6
CONTINUOUS
10
5.7338227952755902
20
-4.0979094488188972
11
5.7220118110236218
21
-4.0979094488188972
0
LINE
8
BLACK
6
CONTINUOUS
10
5.7220118110236218
20
-4.0979094488188972
11
5.7220118110236218
21
-4.1095039370078741
0
LINE
8
BLACK
6
CONTINUOUS
10
5.521449960629921
20
-3.8171099212598425
11
5.5126628740157475
21
-3.8194644094488188
0
LINE
8
BLACK
6
CONTINUOUS
10
5.5126628740157475
20
-3.8194644094488188
11
5.5044184645669292
21
-3.8233088188976376
0
LINE
8
BLACK
6
CONTINUOUS
10
5.5044184645669292
20
-3.8233088188976376
11
5.4969669685039371
21
-3.8285263779527559
0
LINE
8
BLACK
6
CONTINUOUS
10
5.4969669685039371
20
-3.8285263779527559
11
5.4905342519685041
21
-3.8349590944881888
0
LINE
8
BLACK
6
CONTINUOUS
10
5.4905342519685041
20
-3.8349590944881888
11
5.4853166929133854
21
-3.8424105905511809
0
LINE
8
BLACK
6
CONTINUOUS
10
5.4853166929133854
20
-3.8424105905511809
11
5.4814722834645666
21
-3.8506549999999997
0
LINE
8
BLACK
6
CONTINUOUS
10
5.4814722834645666
20
-3.8506549999999997
11
5.4791177952755907
21
-3.8594420866141732
0
LINE
8
BLACK
6
CONTINUOUS
10
5.4791177952755907
20
-3.8594420866141732
11
5.4783250393700786
21
-3.868503779527559
0
LINE
8
BLACK
6
CONTINUOUS
10
5.4783250393700786
20
-3.868503779527559
11
5.4783250393700786
21
-3.8685040551181102
0
LINE
8
BLACK
6
CONTINUOUS
10
5.4783250393700786
20
-3.8685040551181102
11
5.4791177952755907
21
-3.877565748031496
0
LINE
8
BLACK
6
CONTINUOUS
10
5.4791177952755907
20
-3.877565748031496
11
5.4791178346456695
21
-3.8775660236220473
0
LINE
8
BLACK
6
CONTINUOUS
10
5.4791178346456695
20
-3.8775660236220473
11
5.4791178740157482
21
-3.877566062992126
0
LINE
8
BLACK
6
CONTINUOUS
10
5.4791178740157482
20
-3.877566062992126
11
5.4814722834645666
21
-3.8863528740157478
0
LINE
8
BLACK
6
CONTINUOUS
10
5.4814722834645666
20
-3.8863528740157478
11
5.4853167322834642
21
-3.8945973228346458
0
LINE
8
BLACK
6
CONTINUOUS
10
5.4853167322834642
20
-3.8945973228346458
11
5.4905344094488191
21
-3.9020489370078741
0
LINE
8
BLACK
6
CONTINUOUS
10
5.4905344094488191
20
-3.9020489370078741
11
5.4969668110236221
21
-3.9084813385826771
0
LINE
8
BLACK
6
CONTINUOUS
10
5.4969668110236221
20
-3.9084813385826771
11
5.5044184251968504
21
-3.9136990157480316
0
LINE
8
BLACK
6
CONTINUOUS
10
5.5044184251968504
20
-3.9136990157480316
11
5.5126628740157475
21
-3.9175434645669291
0
LINE
8
BLACK
6
CONTINUOUS
10
5.5126628740157475
20
-3.9175434645669291
11
5.5214496850393697
21
-3.919897874015748
0
LINE
8
BLACK
6
CONTINUOUS
10
5.5214496850393697
20
-3.919897874015748
11
5.5214498425196847
21
-3.919897874015748
0
LINE
8
BLACK
6
CONTINUOUS
10
5.5214498425196847
20
-3.919897874015748
11
5.521449960629921
21
-3.9198979133858267
0
LINE
8
BLACK
6
CONTINUOUS
10
5.521449960629921
20
-3.9198979133858267
11
5.530511692913386
21
-3.9206907086614171
0
LINE
8
BLACK
6
CONTINUOUS
10
5.530511692913386
20
-3.9206907086614171
11
5.5305118110236222
21
-3.9206907086614171
0
LINE
8
BLACK
6
CONTINUOUS
10
5.5305118110236222
20
-3.9206907086614171
11
5.5305119291338585
21
-3.9206907086614171
0
LINE
8
BLACK
6
CONTINUOUS
10
5.5305119291338585
20
-3.9206907086614171
11
5.5395736220472438
21
-3.9198979133858267
0
LINE
8
BLACK
6
CONTINUOUS
10
5.5395736220472438
20
-3.9198979133858267
11
5.5395736614173225
21
-3.919897874015748
0
LINE
8
BLACK
6
CONTINUOUS
10
5.5395736614173225
20
-3.919897874015748
11
5.5395739370078738
21
-3.919897874015748
0
LINE
8
BLACK
6
CONTINUOUS
10
5.5395739370078738
20
-3.919897874015748
11
5.548360748031496
21
-3.9175434645669291
0
LINE
8
BLACK
6
CONTINUOUS
10
5.548360748031496
20
-3.9175434645669291
11
5.556605196850394
21
-3.9136990157480316
0
LINE
8
BLACK
6
CONTINUOUS
10
5.556605196850394
20
-3.9136990157480316
11
5.5640568110236215
21
-3.9084813385826771
0
LINE
8
BLACK
6
CONTINUOUS
10
5.5640568110236215
20
-3.9084813385826771
11
5.5704892125984253
21
-3.9020489370078741
0
LINE
8
BLACK
6
CONTINUOUS
10
5.5704892125984253
20
-3.9020489370078741
11
5.5754189763779527
21
-3.8950084645669292
0
LINE
8
BLACK
6
CONTINUOUS
10
5.5754189763779527
20
-3.8950084645669292
11
5.5773427952755901
21
-3.8935588188976378
0
LINE
8
BLACK
6
CONTINUOUS
10
5.5773427952755901
20
-3.8935588188976378
11
5.5786117322834645
21
-3.8933464566929135
0
LINE
8
BLACK
6
CONTINUOUS
10
5.5786117322834645
20
-3.8933464566929135
11
5.6781879527559056
21
-3.8933464566929135
0
LINE
8
BLACK
6
CONTINUOUS
10
5.6781879527559056
20
-3.8933464566929135
11
5.6781881102362206
21
-3.8933464960629922
0
LINE
8
BLACK
6
CONTINUOUS
10
5.6781881102362206
20
-3.8933464960629922
11
5.6809491338582676
21
-3.8933464566929135
0
LINE
8
BLACK
6
CONTINUOUS
10
5.6809491338582676
20
-3.8933464566929135
11
5.681457834645669
21
-3.8933798031496063
0
LINE
8
BLACK
6
CONTINUOUS
10
5.681457834645669
20
-3.8933798031496063
11
5.6844558267716536
21
-3.8937744488188977
0
LINE
8
BLACK
6
CONTINUOUS
10
5.6844558267716536
20
-3.8937744488188977
11
5.6854385826771656
21
-3.8940377559055119
0
LINE
8
BLACK
6
CONTINUOUS
10
5.6854385826771656
20
-3.8940377559055119
11
5.6877822047244093
21
-3.8950085039370079
0
LINE
8
BLACK
6
CONTINUOUS
10
5.6877822047244093
20
-3.8950085039370079
11
5.6879942519685036
21
-3.8950963385826771
0
LINE
8
BLACK
6
CONTINUOUS
10
5.6879942519685036
20
-3.8950963385826771
11
5.6888753149606295
21
-3.8956049999999998
0
LINE
8
BLACK
6
CONTINUOUS
10
5.6888753149606295
20
-3.8956049999999998
11
5.6901041732283462
21
-3.8965478740157478
0
LINE
8
BLACK
6
CONTINUOUS
10
5.6901041732283462
20
-3.8965478740157478
11
5.6912721653543308
21
-3.897444094488189
0
LINE
8
BLACK
6
CONTINUOUS
10
5.6912721653543308
20
-3.897444094488189
11
5.6916554330708662
21
-3.8977801968503938
0
LINE
8
BLACK
6
CONTINUOUS
10
5.6916554330708662
20
-3.8977801968503938
11
5.6999194881889759
21
-3.9060442125984252
0
LINE
8
BLACK
6
CONTINUOUS
10
5.6999194881889759
20
-3.9060442125984252
11
5.7012336614173229
21
-3.9073584251968505
0
LINE
8
BLACK
6
CONTINUOUS
10
5.7012336614173229
20
-3.9073584251968505
11
5.701569566929134
21
-3.9077414960629921
0
LINE
8
BLACK
6
CONTINUOUS
10
5.701569566929134
20
-3.9077414960629921
11
5.7034103149606299
21
-3.9101404724409448
0
LINE
8
BLACK
6
CONTINUOUS
10
5.7034103149606299
20
-3.9101404724409448
11
5.7039190157480313
21
-3.9110216141732281
0
LINE
8
BLACK
6
CONTINUOUS
10
5.7039190157480313
20
-3.9110216141732281
11
5.7049775590551182
21
-3.9135772440944883
0
LINE
8
BLACK
6
CONTINUOUS
10
5.7049775590551182
20
-3.9135772440944883
11
5.7052409055118112
21
-3.9145601181102361
0
LINE
8
BLACK
6
CONTINUOUS
10
5.7052409055118112
20
-3.9145601181102361
11
5.7056359055118113
21
-3.9175609448818896
0
LINE
8
BLACK
6
CONTINUOUS
10
5.7056359055118113
20
-3.9175609448818896
11
5.7056692519685042
21
-3.9180696062992126
0
LINE
8
BLACK
6
CONTINUOUS
10
5.7056692519685042
20
-3.9180696062992126
11
5.7056692519685042
21
-3.9210662598425197
0
LINE
8
BLACK
6
CONTINUOUS
10
5.7056692519685042
20
-3.9210662598425197
11
5.7056692913385829
21
-3.921066929133858
0
LINE
8
BLACK
6
CONTINUOUS
10
5.7056692913385829
20
-3.921066929133858
11
5.7056692913385829
21
-3.9498149212598426
0
LINE
8
BLACK
6
CONTINUOUS
10
5.7056692913385829
20
-3.9498149212598426
11
5.705669606299212
21
-3.9498218897637796
0
LINE
8
BLACK
6
CONTINUOUS
10
5.705669606299212
20
-3.9498218897637796
11
5.705669606299212
21
-3.9514047637795273
0
LINE
8
BLACK
6
CONTINUOUS
10
5.705669606299212
20
-3.9514047637795273
11
5.7067681889763779
21
-3.9597500787401576
0
LINE
8
BLACK
6
CONTINUOUS
10
5.7067681889763779
20
-3.9597500787401576
11
5.7089466535433067
21
-3.9678806692913384
0
LINE
8
BLACK
6
CONTINUOUS
10
5.7089466535433067
20
-3.9678806692913384
11
5.7089468503937004
21
-3.967881220472441
0
LINE
8
BLACK
6
CONTINUOUS
10
5.7089468503937004
20
-3.967881220472441
11
5.7121677952755903
21
-3.9756574803149607
0
LINE
8
BLACK
6
CONTINUOUS
10
5.7121677952755903
20
-3.9756574803149607
11
5.712167834645669
21
-3.9756575196850394
0
LINE
8
BLACK
6
CONTINUOUS
10
5.712167834645669
20
-3.9756575196850394
11
5.7163763385826769
21
-3.9829471259842517
0
LINE
8
BLACK
6
CONTINUOUS
10
5.7163763385826769
20
-3.9829471259842517
11
5.7215003149606298
21
-3.9896249999999998
0
LINE
8
BLACK
6
CONTINUOUS
10
5.7215003149606298
20
-3.9896249999999998
11
5.7215003937007873
21
-3.9896250787401573
0
LINE
8
BLACK
6
CONTINUOUS
10
5.7215003937007873
20
-3.9896250787401573
11
5.7215005511811023
21
-3.989625275590551
0
LINE
8
BLACK
6
CONTINUOUS
10
5.7215005511811023
20
-3.989625275590551
11
5.7227464960629923
21
-3.9908712598425198
0
LINE
8
BLACK
6
CONTINUOUS
10
5.7227464960629923
20
-3.9908712598425198
11
5.7227465748031499
21
-3.9908713385826773
0
LINE
8
BLACK
6
CONTINUOUS
10
5.7227465748031499
20
-3.9908713385826773
11
5.7290591732283467
21
-3.9971838976377954
0
LINE
8
BLACK
6
CONTINUOUS
10
5.7290591732283467
20
-3.9971838976377954
11
5.7290592913385829
21
-3.9971840551181099
0
LINE
8
BLACK
6
CONTINUOUS
10
5.7290592913385829
20
-3.9971840551181099
11
5.7290593307086617
21
-3.9971840551181099
0
LINE
8
BLACK
6
CONTINUOUS
10
5.7290593307086617
20
-3.9971840551181099
11
5.7292814566929131
21
-3.9974061811023622
0
LINE
8
BLACK
6
CONTINUOUS
10
5.7292814566929131
20
-3.9974061811023622
11
5.7292814960629919
21
-3.9974062598425197
0
LINE
8
BLACK
6
CONTINUOUS
10
5.7292814960629919
20
-3.9974062598425197
11
5.7302726377952755
21
-3.9983974015748029
0
LINE
8
BLACK
6
CONTINUOUS
10
5.7302726377952755
20
-3.9983974015748029
11
5.7302731889763781
21
-3.9983985039370076
0
LINE
8
BLACK
6
CONTINUOUS
10
5.7302731889763781
20
-3.9983985039370076
11
5.7314141732283463
21
-3.9995394488188976
0
LINE
8
BLACK
6
CONTINUOUS
10
5.7314141732283463
20
-3.9995394488188976
11
5.7314141732283463
21
-3.9995394881889763
0
LINE
8
BLACK
6
CONTINUOUS
10
5.7314141732283463
20
-3.9995394881889763
11
5.7343902362204719
21
-4.0025154724409449
0
LINE
8
BLACK
6
CONTINUOUS
10
5.7343902362204719
20
-4.0025154724409449
11
5.734390393700787
21
-4.0025155905511811
0
LINE
8
BLACK
6
CONTINUOUS
10
5.734390393700787
20
-4.0025155905511811
11
5.7343904724409445
21
-4.0025156692913386
0
LINE
8
BLACK
6
CONTINUOUS
10
5.7343904724409445
20
-4.0025156692913386
11
5.7352412992125981
21
-4.0031685039370082
0
LINE
8
BLACK
6
CONTINUOUS
10
5.7352412992125981
20
-4.0031685039370082
11
5.7410683070866142
21
-4.0076396456692915
0
LINE
8
BLACK
6
CONTINUOUS
10
5.7410683070866142
20
-4.0076396456692915
11
5.7410685826771655
21
-4.0076398031496065
0
LINE
8
BLACK
6
CONTINUOUS
10
5.7410685826771655
20
-4.0076398031496065
11
5.7410685433070867
21
-4.0076398031496065
0
LINE
8
BLACK
6
CONTINUOUS
10
5.7410685433070867
20
-4.0076398031496065
11
5.7423766535433067
21
-4.0083950000000002
0
LINE
8
BLACK
6
CONTINUOUS
10
5.7423766535433067
20
-4.0083950000000002
11
5.7483581102362207
21
-4.0118483070866144
0
LINE
8
BLACK
6
CONTINUOUS
10
5.7483581102362207
20
-4.0118483070866144
11
5.7507562598425199
21
-4.0128416141732286
0
LINE
8
BLACK
6
CONTINUOUS
10
5.7507562598425199
20
-4.0128416141732286
11
5.7561342519685041
21
-4.0150692125984255
0
LINE
8
BLACK
6
CONTINUOUS
10
5.7561342519685041
20
-4.0150692125984255
11
5.7561346456692908
21
-4.0150693307086609
0
LINE
8
BLACK
6
CONTINUOUS
10
5.7561346456692908
20
-4.0150693307086609
11
5.7561348818897633
21
-4.0150694488188972
0
LINE
8
BLACK
6
CONTINUOUS
10
5.7561348818897633
20
-4.0150694488188972
11
5.7642655905511813
21
-4.0172479527559055
0
LINE
8
BLACK
6
CONTINUOUS
10
5.7642655905511813
20
-4.0172479527559055
11
5.7726110629921257
21
-4.0183465354330705
0
LINE
8
BLACK
6
CONTINUOUS
10
5.7726110629921257
20
-4.0183465354330705
11
5.7732568110236215
21
-4.0183464960629918
0
LINE
8
BLACK
6
CONTINUOUS
10
5.7732568110236215
20
-4.0183464960629918
11
5.7755477559055119
21
-4.0190907480314957
0
LINE
8
BLACK
6
CONTINUOUS
10
5.7755477559055119
20
-4.0190907480314957
11
5.7769637401574805
21
-4.0210395275590551
0
LINE
8
BLACK
6
CONTINUOUS
10
5.7769637401574805
20
-4.0210395275590551
11
5.7769638582677167
21
-4.0234483858267716
0
LINE
8
BLACK
6
CONTINUOUS
10
5.7769638582677167
20
-4.0234483858267716
11
5.7762730708661412
21
-4.0245757874015746
0
LINE
8
BLACK
6
CONTINUOUS
10
5.7762730708661412
20
-4.0245757874015746
11
5.7763148818897641
21
-4.0246044488188977
0
LINE
8
BLACK
6
CONTINUOUS
10
5.7763148818897641
20
-4.0246044488188977
11
5.7761107874015742
21
-4.024902362204724
0
LINE
8
BLACK
6
CONTINUOUS
10
5.7761107874015742
20
-4.024902362204724
11
5.7743271259842519
21
-4.0289420078740159
0
LINE
8
BLACK
6
CONTINUOUS
10
5.7743271259842519
20
-4.0289420078740159
11
5.7742125984251969
21
-4.0299292125984252
0
LINE
8
BLACK
6
CONTINUOUS
10
5.7742125984251969
20
-4.0299292125984252
11
5.7742125984251969
21
-4.0375983858267714
0
LINE
8
BLACK
6
CONTINUOUS
10
5.7742125984251969
20
-4.0375983858267714
11
5.7742126377952756
21
-4.0375984251968502
0
LINE
8
BLACK
6
CONTINUOUS
10
5.7742126377952756
20
-4.0375984251968502
11
5.7860236220472441
21
-4.0375984251968502
0
LINE
8
BLACK
6
CONTINUOUS
10
5.7860236220472441
20
-4.0375984251968502
11
5.7860236220472441
21
-4.031692913385827
0
LINE
8
BLACK
6
CONTINUOUS
10
5.7860236220472441
20
-4.031692913385827
11
5.8450787401574802
21
-4.031692913385827
0
LINE
8
BLACK
6
CONTINUOUS
10
5.8450787401574802
20
-4.031692913385827
11
5.8450787401574802
21
-4.0375984251968502
0
LINE
8
BLACK
6
CONTINUOUS
10
5.8450787401574802
20
-4.0375984251968502
11
5.8568896850393699
21
-4.0375984251968502
0
LINE
8
BLACK
6
CONTINUOUS
10
5.8568896850393699
20
-4.0375984251968502
11
5.8568897244094487
21
-4.0375983858267714
0
LINE
8
BLACK
6
CONTINUOUS
10
5.8568897244094487
20
-4.0375983858267714
11
5.8568897244094487
21
-4.0299295275590552
0
LINE
8
BLACK
6
CONTINUOUS
10
5.8568897244094487
20
-4.0299295275590552
11
5.8568896850393699
21
-4.0299294488188977
0
LINE
8
BLACK
6
CONTINUOUS
10
5.8568896850393699
20
-4.0299294488188977
11
5.8568896456692912
21
-4.0299292125984252
0
LINE
8
BLACK
6
CONTINUOUS
10
5.8568896456692912
20
-4.0299292125984252
11
5.8567751968503936
21
-4.0289419291338584
0
LINE
8
BLACK
6
CONTINUOUS
10
5.8567751968503936
20
-4.0289419291338584
11
5.8549915748031491
21
-4.0249024409448815
0
LINE
8
BLACK
6
CONTINUOUS
10
5.8549915748031491
20
-4.0249024409448815
11
5.8518691732283461
21
-4.0217800393700784
0
LINE
8
BLACK
6
CONTINUOUS
10
5.8518691732283461
20
-4.0217800393700784
11
5.8478561811023617
21
-4.0200081496062987
0
LINE
8
BLACK
6
CONTINUOUS
10
5.8478561811023617
20
-4.0200081496062987
11
5.8460610629921259
21
-4.0184018110236224
0
LINE
8
BLACK
6
CONTINUOUS
10
5.8460610629921259
20
-4.0184018110236224
11
5.8455529921259846
21
-4.0160471259842518
0
LINE
8
BLACK
6
CONTINUOUS
10
5.8455529921259846
20
-4.0160471259842518
11
5.8465259842519686
21
-4.0138435039370082
0
LINE
8
BLACK
6
CONTINUOUS
10
5.8465259842519686
20
-4.0138435039370082
11
5.8479391338582678
21
-4.0128415748031498
0
LINE
8
BLACK
6
CONTINUOUS
10
5.8479391338582678
20
-4.0128415748031498
11
5.8481582677165349
21
-4.0127507480314959
0
LINE
8
BLACK
6
CONTINUOUS
10
5.8481582677165349
20
-4.0127507480314959
11
5.8481587007874012
21
-4.0127506692913384
0
LINE
8
BLACK
6
CONTINUOUS
10
5.8481587007874012
20
-4.0127506692913384
11
5.8507697637795273
21
-4.0110059842519687
0
LINE
8
BLACK
6
CONTINUOUS
10
5.8507697637795273
20
-4.0110059842519687
11
5.8525144488188978
21
-4.0083949212598426
0
LINE
8
BLACK
6
CONTINUOUS
10
5.8525144488188978
20
-4.0083949212598426
11
5.8529724409448818
21
-4.0060924409448821
0
LINE
8
BLACK
6
CONTINUOUS
10
5.8529724409448818
20
-4.0060924409448821
11
5.8529724409448818
21
-3.9809154330708663
0
LINE
8
BLACK
6
CONTINUOUS
10
5.8529724409448818
20
-3.9809154330708663
11
5.8525144488188978
21
-3.9786129527559053
0
LINE
8
BLACK
6
CONTINUOUS
10
5.8525144488188978
20
-3.9786129527559053
11
5.8507697637795273
21
-3.9760018897637792
0
LINE
8
BLACK
6
CONTINUOUS
10
5.8507697637795273
20
-3.9760018897637792
11
5.8507696062992123
21
-3.9760017716535434
0
LINE
8
BLACK
6
CONTINUOUS
10
5.8507696062992123
20
-3.9760017716535434
11
5.8481587795275587
21
-3.9742572440944879
0
LINE
8
BLACK
6
CONTINUOUS
10
5.8481587795275587
20
-3.9742572440944879
11
5.8479388976377953
21
-3.9741661811023623
0
LINE
8
BLACK
6
CONTINUOUS
10
5.8479388976377953
20
-3.9741661811023623
11
5.8461072047244089
21
-3.9726016929133858
0
LINE
8
BLACK
6
CONTINUOUS
10
5.8461072047244089
20
-3.9726016929133858
11
5.8455448818897633
21
-3.9702593700787401
0
LINE
8
BLACK
6
CONTINUOUS
10
5.8455448818897633
20
-3.9702593700787401
11
5.8464667716535432
21
-3.9680338976377953
0
LINE
8
BLACK
6
CONTINUOUS
10
5.8464667716535432
20
-3.9680338976377953
11
5.8478562204724405
21
-3.9669996850393701
0
LINE
8
BLACK
6
CONTINUOUS
10
5.8478562204724405
20
-3.9669996850393701
11
5.8518691338582673
21
-3.9652278346456691
0
LINE
8
BLACK
6
CONTINUOUS
10
5.8518691338582673
20
-3.9652278346456691
11
5.8549915748031491
21
-3.9621053937007873
0
LINE
8
BLACK
6
CONTINUOUS
10
5.8549915748031491
20
-3.9621053937007873
11
5.8567751968503936
21
-3.9580658267716533
0
LINE
8
BLACK
6
CONTINUOUS
10
5.8567751968503936
20
-3.9580658267716533
11
5.8568897244094487
21
-3.957078622047244
0
LINE
8
BLACK
6
CONTINUOUS
10
5.8568897244094487
20
-3.957078622047244
11
5.8568897637795274
21
-3.9570785433070865
0
LINE
8
BLACK
6
CONTINUOUS
10
5.8568897637795274
20
-3.9570785433070865
11
5.8568897637795274
21
-3.9494094881889761
0
LINE
8
BLACK
6
CONTINUOUS
10
5.8568897637795274
20
-3.9494094881889761
11
5.8568897244094487
21
-3.9494094488188973
0
LINE
8
BLACK
6
CONTINUOUS
10
5.8568897244094487
20
-3.9494094488188973
11
5.8450787401574802
21
-3.9494094488188973
0
LINE
8
BLACK
6
CONTINUOUS
10
5.8450787401574802
20
-3.9494094488188973
11
5.8450787401574802
21
-3.9553149606299214
0
LINE
8
BLACK
6
CONTINUOUS
10
5.8450787401574802
20
-3.9553149606299214
11
5.7860236220472441
21
-3.9553149606299214
0
LINE
8
BLACK
6
CONTINUOUS
10
5.7860236220472441
20
-3.9553149606299214
11
5.7860236220472441
21
-3.9494094488188973
0
LINE
8
BLACK
6
CONTINUOUS
10
5.7860236220472441
20
-3.9494094488188973
11
5.7742126771653544
21
-3.9494094488188973
0
LINE
8
BLACK
6
CONTINUOUS
10
5.7742126771653544
20
-3.9494094488188973
11
5.7742126377952756
21
-3.9494094881889761
0
LINE
8
BLACK
6
CONTINUOUS
10
5.7742126377952756
20
-3.9494094881889761
11
5.7742126377952756
21
-3.9570783858267715
0
LINE
8
BLACK
6
CONTINUOUS
10
5.7742126377952756
20
-3.9570783858267715
11
5.7743271259842519
21
-3.9580659055118108
0
LINE
8
BLACK
6
CONTINUOUS
10
5.7743271259842519
20
-3.9580659055118108
11
5.7761405118110236
21
-3.9621728346456693
0
LINE
8
BLACK
6
CONTINUOUS
10
5.7761405118110236
20
-3.9621728346456693
11
5.7763849212598428
21
-3.9645692913385826
0
LINE
8
BLACK
6
CONTINUOUS
10
5.7763849212598428
20
-3.9645692913385826
11
5.7751740551181099
21
-3.9666516929133859
0
LINE
8
BLACK
6
CONTINUOUS
10
5.7751740551181099
20
-3.9666516929133859
11
5.7729703937007875
21
-3.9676246850393699
0
LINE
8
BLACK
6
CONTINUOUS
10
5.7729703937007875
20
-3.9676246850393699
11
5.7710833858267714
21
-3.9673481102362205
0
LINE
8
BLACK
6
CONTINUOUS
10
5.7710833858267714
20
-3.9673481102362205
11
5.7700293307086614
21
-3.9669114960629921
0
LINE
8
BLACK
6
CONTINUOUS
10
5.7700293307086614
20
-3.9669114960629921
11
5.7691482283464568
21
-3.9664027952755903
0
LINE
8
BLACK
6
CONTINUOUS
10
5.7691482283464568
20
-3.9664027952755903
11
5.7667515748031493
21
-3.9645638582677165
0
LINE
8
BLACK
6
CONTINUOUS
10
5.7667515748031493
20
-3.9645638582677165
11
5.7663682677165351
21
-3.9642277165354329
0
LINE
8
BLACK
6
CONTINUOUS
10
5.7663682677165351
20
-3.9642277165354329
11
5.76517311023622
21
-3.9630325984251966
0
LINE
8
BLACK
6
CONTINUOUS
10
5.76517311023622
20
-3.9630325984251966
11
5.7651728740157475
21
-3.9630324015748029
0
LINE
8
BLACK
6
CONTINUOUS
10
5.7651728740157475
20
-3.9630324015748029
11
5.7597901574803148
21
-3.9576496456692913
0
LINE
8
BLACK
6
CONTINUOUS
10
5.7597901574803148
20
-3.9576496456692913
11
5.7594539763779524
21
-3.9572662992125984
0
LINE
8
BLACK
6
CONTINUOUS
10
5.7594539763779524
20
-3.9572662992125984
11
5.7576132677165353
21
-3.9548673622047241
0
LINE
8
BLACK
6
CONTINUOUS
10
5.7576132677165353
20
-3.9548673622047241
11
5.7571045669291339
21
-3.9539862204724407
0
LINE
8
BLACK
6
CONTINUOUS
10
5.7571045669291339
20
-3.9539862204724407
11
5.756046023622047
21
-3.9514305905511811
0
LINE
8
BLACK
6
CONTINUOUS
10
5.756046023622047
20
-3.9514305905511811
11
5.7557827165354327
21
-3.9504478346456691
0
LINE
8
BLACK
6
CONTINUOUS
10
5.7557827165354327
20
-3.9504478346456691
11
5.7553876771653538
21
-3.9474468897637793
0
LINE
8
BLACK
6
CONTINUOUS
10
5.7553876771653538
20
-3.9474468897637793
11
5.755354330708661
21
-3.9469381889763779
0
LINE
8
BLACK
6
CONTINUOUS
10
5.755354330708661
20
-3.9469381889763779
11
5.7553543700787397
21
-3.9441802362204723
0
LINE
8
BLACK
6
CONTINUOUS
10
5.7553543700787397
20
-3.9441802362204723
11
5.755354330708661
21
-3.9441800393700785
0
LINE
8
BLACK
6
CONTINUOUS
10
5.755354330708661
20
-3.9441800393700785
11
5.755354330708661
21
-3.9299292125984251
0
LINE
8
BLACK
6
CONTINUOUS
10
5.755354330708661
20
-3.9299292125984251
11
5.755354330708661
21
-3.9153648031496062
0
LINE
8
BLACK
6
CONTINUOUS
10
5.755354330708661
20
-3.9153648031496062
11
5.755354330708661
21
-3.9151757480314959
0
LINE
8
BLACK
6
CONTINUOUS
10
5.755354330708661
20
-3.9151757480314959
11
5.7553539763779522
21
-3.9151686614173227
0
LINE
8
BLACK
6
CONTINUOUS
10
5.7553539763779522
20
-3.9151686614173227
11
5.7553539763779522
21
-3.9145601181102361
0
LINE
8
BLACK
6
CONTINUOUS
10
5.7553539763779522
20
-3.9145601181102361
11
5.755354015748031
21
-3.9136032283464566
0
LINE
8
BLACK
6
CONTINUOUS
10
5.755354015748031
20
-3.9136032283464566
11
5.754255433070866
21
-3.9052577952755905
0
LINE
8
BLACK
6
CONTINUOUS
10
5.754255433070866
20
-3.9052577952755905
11
5.7520769291338585
21
-3.8971271259842517
0
LINE
8
BLACK
6
CONTINUOUS
10
5.7520769291338585
20
-3.8971271259842517
11
5.7505495275590546
21
-3.8934395669291337
0
LINE
8
BLACK
6
CONTINUOUS
10
5.7505495275590546
20
-3.8934395669291337
11
5.7488557874015749
21
-3.8893503543307086
0
LINE
8
BLACK
6
CONTINUOUS
10
5.7488557874015749
20
-3.8893503543307086
11
5.7488557480314961
21
-3.8893503149606299
0
LINE
8
BLACK
6
CONTINUOUS
10
5.7488557480314961
20
-3.8893503149606299
11
5.7446472440944882
21
-3.8820607086614172
0
LINE
8
BLACK
6
CONTINUOUS
10
5.7446472440944882
20
-3.8820607086614172
11
5.7395231496062991
21
-3.8753826771653541
0
LINE
8
BLACK
6
CONTINUOUS
10
5.7395231496062991
20
-3.8753826771653541
11
5.7365470866141735
21
-3.8724065748031493
0
LINE
8
BLACK
6
CONTINUOUS
10
5.7365470866141735
20
-3.8724065748031493
11
5.7344141338582677
21
-3.8702735826771653
0
LINE
8
BLACK
6
CONTINUOUS
10
5.7344141338582677
20
-3.8702735826771653
11
5.7344141338582677
21
-3.870273622047244
0
LINE
8
BLACK
6
CONTINUOUS
10
5.7344141338582677
20
-3.870273622047244
11
5.727751023622047
21
-3.8636105118110233
0
LINE
8
BLACK
6
CONTINUOUS
10
5.727751023622047
20
-3.8636105118110233
11
5.7277504330708657
21
-3.8636093700787399
0
LINE
8
BLACK
6
CONTINUOUS
10
5.7277504330708657
20
-3.8636093700787399
11
5.7266094094488187
21
-3.8624683858267717
0
LINE
8
BLACK
6
CONTINUOUS
10
5.7266094094488187
20
-3.8624683858267717
11
5.7266094488188974
21
-3.8624683858267717
0
LINE
8
BLACK
6
CONTINUOUS
10
5.7266094488188974
20
-3.8624683858267717
11
5.7236333858267718
21
-3.8594924015748031
0
LINE
8
BLACK
6
CONTINUOUS
10
5.7236333858267718
20
-3.8594924015748031
11
5.7236331889763781
21
-3.8594922440944881
0
LINE
8
BLACK
6
CONTINUOUS
10
5.7236331889763781
20
-3.8594922440944881
11
5.7236331102362206
21
-3.8594921653543306
0
LINE
8
BLACK
6
CONTINUOUS
10
5.7236331102362206
20
-3.8594921653543306
11
5.7212570472440945
21
-3.8576689763779526
0
LINE
8
BLACK
6
CONTINUOUS
10
5.7212570472440945
20
-3.8576689763779526
11
5.7169553149606296
21
-3.8543682283464564
0
LINE
8
BLACK
6
CONTINUOUS
10
5.7169553149606296
20
-3.8543682283464564
11
5.7169550787401571
21
-3.8543680708661419
0
LINE
8
BLACK
6
CONTINUOUS
10
5.7169550787401571
20
-3.8543680708661419
11
5.7169549999999996
21
-3.8543680314960631
0
LINE
8
BLACK
6
CONTINUOUS
10
5.7169549999999996
20
-3.8543680314960631
11
5.7169550393700783
21
-3.8543680314960631
0
LINE
8
BLACK
6
CONTINUOUS
10
5.7169550393700783
20
-3.8543680314960631
11
5.7128042913385828
21
-3.8519716929133856
0
LINE
8
BLACK
6
CONTINUOUS
10
5.7128042913385828
20
-3.8519716929133856
11
5.7096655118110231
21
-3.850159566929134
0
LINE
8
BLACK
6
CONTINUOUS
10
5.7096655118110231
20
-3.850159566929134
11
5.7091351181102361
21
-3.8499398818897639
0
LINE
8
BLACK
6
CONTINUOUS
10
5.7091351181102361
20
-3.8499398818897639
11
5.7018892125984246
21
-3.8469385826771654
0
LINE
8
BLACK
6
CONTINUOUS
10
5.7018892125984246
20
-3.8469385826771654
11
5.701888661417323
21
-3.8469383858267716
0
LINE
8
BLACK
6
CONTINUOUS
10
5.701888661417323
20
-3.8469383858267716
11
5.6937580314960625
21
-3.8447599212598425
0
LINE
8
BLACK
6
CONTINUOUS
10
5.6937580314960625
20
-3.8447599212598425
11
5.6910806692913383
21
-3.8444074803149606
0
LINE
8
BLACK
6
CONTINUOUS
10
5.6910806692913383
20
-3.8444074803149606
11
5.6854125590551181
21
-3.843661338582677
0
LINE
8
BLACK
6
CONTINUOUS
10
5.6854125590551181
20
-3.843661338582677
11
5.6854125196850394
21
-3.843661338582677
0
LINE
8
BLACK
6
CONTINUOUS
10
5.6854125196850394
20
-3.843661338582677
11
5.6812038188976377
21
-3.8436614173228345
0
LINE
8
BLACK
6
CONTINUOUS
10
5.6812038188976377
20
-3.8436614173228345
11
5.5786117322834645
21
-3.8436614173228345
0
LINE
8
BLACK
6
CONTINUOUS
10
5.5786117322834645
20
-3.8436614173228345
11
5.5763207480314962
21
-3.8429170472440943
0
LINE
8
BLACK
6
CONTINUOUS
10
5.5763207480314962
20
-3.8429170472440943
11
5.5754189763779527
21
-3.84199937007874
0
LINE
8
BLACK
6
CONTINUOUS
10
5.5754189763779527
20
-3.84199937007874
11
5.5704893307086616
21
-3.8349590944881888
0
LINE
8
BLACK
6
CONTINUOUS
10
5.5704893307086616
20
-3.8349590944881888
11
5.5704892913385828
21
-3.8349590551181101
0
LINE
8
BLACK
6
CONTINUOUS
10
5.5704892913385828
20
-3.8349590551181101
11
5.5704892125984253
21
-3.8349589370078738
0
LINE
8
BLACK
6
CONTINUOUS
10
5.5704892125984253
20
-3.8349589370078738
11
5.5640568110236215
21
-3.8285265354330709
0
LINE
8
BLACK
6
CONTINUOUS
10
5.5640568110236215
20
-3.8285265354330709
11
5.5640566535433074
21
-3.8285264173228346
0
LINE
8
BLACK
6
CONTINUOUS
10
5.5640566535433074
20
-3.8285264173228346
11
5.5640566141732286
21
-3.8285263779527559
0
LINE
8
BLACK
6
CONTINUOUS
10
5.5640566141732286
20
-3.8285263779527559
11
5.5598817716535436
21
-3.825603149606299
0
LINE
8
BLACK
6
CONTINUOUS
10
5.5598817716535436
20
-3.825603149606299
11
5.556605196850394
21
-3.8233088582677164
0
LINE
8
BLACK
6
CONTINUOUS
10
5.556605196850394
20
-3.8233088582677164
11
5.548360748031496
21
-3.8194644094488188
0
LINE
8
BLACK
6
CONTINUOUS
10
5.548360748031496
20
-3.8194644094488188
11
5.5395739370078738
21
-3.81711
0
LINE
8
BLACK
6
CONTINUOUS
10
5.5395739370078738
20
-3.81711
11
5.5395738976377951
21
-3.8171099606299213
0
LINE
8
BLACK
6
CONTINUOUS
10
5.5395738976377951
20
-3.8171099606299213
11
5.5395736220472438
21
-3.8171099212598425
0
LINE
8
BLACK
6
CONTINUOUS
10
5.5395736220472438
20
-3.8171099212598425
11
5.5305119291338585
21
-3.8163171653543304
0
LINE
8
BLACK
6
CONTINUOUS
10
5.5305119291338585
20
-3.8163171653543304
11
5.530511692913386
21
-3.8163171653543304
0
LINE
8
BLACK
6
CONTINUOUS
10
5.530511692913386
20
-3.8163171653543304
11
5.521449960629921
21
-3.8171099212598425
0
LINE
8
BLACK
6
CONTINUOUS
10
6.1941039763779528
20
-3.9269488582677163
11
6.191802047244094
21
-3.9274067716535432
0
LINE
8
BLACK
6
CONTINUOUS
10
6.191802047244094
20
-3.9274067716535432
11
6.1918018110236215
21
-3.9274068503937007
0
LINE
8
BLACK
6
CONTINUOUS
10
6.1918018110236215
20
-3.9274068503937007
11
6.1891909842519688
21
-3.9291513779527558
0
LINE
8
BLACK
6
CONTINUOUS
10
6.1891909842519688
20
-3.9291513779527558
11
6.1891907480314963
21
-3.9291516141732283
0
LINE
8
BLACK
6
CONTINUOUS
10
6.1891907480314963
20
-3.9291516141732283
11
6.1874462204724407
21
-3.9317624409448819
0
LINE
8
BLACK
6
CONTINUOUS
10
6.1874462204724407
20
-3.9317624409448819
11
6.1874461417322832
21
-3.9317626771653544
0
LINE
8
BLACK
6
CONTINUOUS
10
6.1874461417322832
20
-3.9317626771653544
11
6.1869882283464568
21
-3.9340646062992124
0
LINE
8
BLACK
6
CONTINUOUS
10
6.1869882283464568
20
-3.9340646062992124
11
6.186988188976378
21
-3.9340650787401574
0
LINE
8
BLACK
6
CONTINUOUS
10
6.186988188976378
20
-3.9340650787401574
11
6.186988188976378
21
-3.9710529921259843
0
LINE
8
BLACK
6
CONTINUOUS
10
6.186988188976378
20
-3.9710529921259843
11
6.1869882283464568
21
-3.9710534645669289
0
LINE
8
BLACK
6
CONTINUOUS
10
6.1869882283464568
20
-3.9710534645669289
11
6.1874461417322832
21
-3.9733553937007873
0
LINE
8
BLACK
6
CONTINUOUS
10
6.1874461417322832
20
-3.9733553937007873
11
6.1874462204724407
21
-3.9733556299212598
0
LINE
8
BLACK
6
CONTINUOUS
10
6.1874462204724407
20
-3.9733556299212598
11
6.1889842913385822
21
-3.9756574803149607
0
LINE
8
BLACK
6
CONTINUOUS
10
6.1889842913385822
20
-3.9756574803149607
11
6.1891908661417325
21
-3.9759666141732284
0
LINE
8
BLACK
6
CONTINUOUS
10
6.1891908661417325
20
-3.9759666141732284
11
6.1918019291338577
21
-3.9777112992125985
0
LINE
8
BLACK
6
CONTINUOUS
10
6.1918019291338577
20
-3.9777112992125985
11
6.1924927559055121
21
-3.9778487007874013
0
LINE
8
BLACK
6
CONTINUOUS
10
6.1924927559055121
20
-3.9778487007874013
11
6.1945944094488183
21
-3.9790256692913384
0
LINE
8
BLACK
6
CONTINUOUS
10
6.1945944094488183
20
-3.9790256692913384
11
6.1956029133858266
21
-3.9812132677165355
0
LINE
8
BLACK
6
CONTINUOUS
10
6.1956029133858266
20
-3.9812132677165355
11
6.195629921259842
21
-3.9816714173228345
0
LINE
8
BLACK
6
CONTINUOUS
10
6.195629921259842
20
-3.9816714173228345
11
6.195629921259842
21
-4.0059294488188977
0
LINE
8
BLACK
6
CONTINUOUS
10
6.195629921259842
20
-4.0059294488188977
11
6.1955965748031492
21
-4.0064381889763778
0
LINE
8
BLACK
6
CONTINUOUS
10
6.1955965748031492
20
-4.0064381889763778
11
6.1952018897637791
21
-4.0094361811023624
0
LINE
8
BLACK
6
CONTINUOUS
10
6.1952018897637791
20
-4.0094361811023624
11
6.194938543307086
21
-4.0104189763779523
0
LINE
8
BLACK
6
CONTINUOUS
10
6.194938543307086
20
-4.0104189763779523
11
6.1938799606299213
21
-4.0129746850393699
0
LINE
8
BLACK
6
CONTINUOUS
10
6.1938799606299213
20
-4.0129746850393699
11
6.1933712204724412
21
-4.0138559055118108
0
LINE
8
BLACK
6
CONTINUOUS
10
6.1933712204724412
20
-4.0138559055118108
11
6.1928169291338584
21
-4.0145782677165354
0
LINE
8
BLACK
6
CONTINUOUS
10
6.1928169291338584
20
-4.0145782677165354
11
6.1924807874015748
21
-4.0149615748031495
0
LINE
8
BLACK
6
CONTINUOUS
10
6.1924807874015748
20
-4.0149615748031495
11
6.1876709055118111
21
-4.0197714566929132
0
LINE
8
BLACK
6
CONTINUOUS
10
6.1876709055118111
20
-4.0197714566929132
11
6.1864064566929136
21
-4.0206162992125982
0
LINE
8
BLACK
6
CONTINUOUS
10
6.1864064566929136
20
-4.0206162992125982
11
6.1861099212598427
21
-4.0207391338582674
0
LINE
8
BLACK
6
CONTINUOUS
10
6.1861099212598427
20
-4.0207391338582674
11
6.1851273228346457
21
-4.0210024803149604
0
LINE
8
BLACK
6
CONTINUOUS
10
6.1851273228346457
20
-4.0210024803149604
11
6.1841741732283459
21
-4.0211280314960627
0
LINE
8
BLACK
6
CONTINUOUS
10
6.1841741732283459
20
-4.0211280314960627
11
6.1836651574803145
21
-4.0211614173228343
0
LINE
8
BLACK
6
CONTINUOUS
10
6.1836651574803145
20
-4.0211614173228343
11
6.1422764566929136
21
-4.0211614173228343
0
LINE
8
BLACK
6
CONTINUOUS
10
6.1422764566929136
20
-4.0211614173228343
11
6.1399854724409444
21
-4.0204170472440941
0
LINE
8
BLACK
6
CONTINUOUS
10
6.1399854724409444
20
-4.0204170472440941
11
6.1385695669291334
21
-4.0184682283464568
0
LINE
8
BLACK
6
CONTINUOUS
10
6.1385695669291334
20
-4.0184682283464568
11
6.1384532677165353
21
-4.0179122047244098
0
LINE
8
BLACK
6
CONTINUOUS
10
6.1384532677165353
20
-4.0179122047244098
11
6.1384429133858269
21
-4.0179142913385828
0
LINE
8
BLACK
6
CONTINUOUS
10
6.1384429133858269
20
-4.0179142913385828
11
6.1380714566929129
21
-4.0160471259842518
0
LINE
8
BLACK
6
CONTINUOUS
10
6.1380714566929129
20
-4.0160471259842518
11
6.1379475196850395
21
-4.0154239763779529
0
LINE
8
BLACK
6
CONTINUOUS
10
6.1379475196850395
20
-4.0154239763779529
11
6.136202834645669
21
-4.0128129133858268
0
LINE
8
BLACK
6
CONTINUOUS
10
6.136202834645669
20
-4.0128129133858268
11
6.1361095669291341
21
-4.0127505905511809
0
LINE
8
BLACK
6
CONTINUOUS
10
6.1361095669291341
20
-4.0127505905511809
11
6.1335918503937004
21
-4.011068267716535
0
LINE
8
BLACK
6
CONTINUOUS
10
6.1335918503937004
20
-4.011068267716535
11
6.1335917716535429
21
-4.0110682283464563
0
LINE
8
BLACK
6
CONTINUOUS
10
6.1335917716535429
20
-4.0110682283464563
11
6.1335916535433066
21
-4.0110681889763775
0
LINE
8
BLACK
6
CONTINUOUS
10
6.1335916535433066
20
-4.0110681889763775
11
6.1335916141732278
21
-4.0110681889763775
0
LINE
8
BLACK
6
CONTINUOUS
10
6.1335916141732278
20
-4.0110681889763775
11
6.1312896850393699
21
-4.0106102755905511
0
LINE
8
BLACK
6
CONTINUOUS
10
6.1312896850393699
20
-4.0106102755905511
11
6.1312892913385824
21
-4.0106102362204723
0
LINE
8
BLACK
6
CONTINUOUS
10
6.1312892913385824
20
-4.0106102362204723
11
6.0947343307086612
21
-4.0106102362204723
0
LINE
8
BLACK
6
CONTINUOUS
10
6.0947343307086612
20
-4.0106102362204723
11
6.0947342913385825
21
-4.0106102362204723
0
LINE
8
BLACK
6
CONTINUOUS
10
6.0947342913385825
20
-4.0106102362204723
11
6.0947338976377949
21
-4.0106102755905511
0
LINE
8
BLACK
6
CONTINUOUS
10
6.0947338976377949
20
-4.0106102755905511
11
6.092431968503937
21
-4.0110681889763775
0
LINE
8
BLACK
6
CONTINUOUS
10
6.092431968503937
20
-4.0110681889763775
11
6.0924317322834645
21
-4.011068267716535
0
LINE
8
BLACK
6
CONTINUOUS
10
6.0924317322834645
20
-4.011068267716535
11
6.0898209055118109
21
-4.0128127952755905
0
LINE
8
BLACK
6
CONTINUOUS
10
6.0898209055118109
20
-4.0128127952755905
11
6.0898206692913384
21
-4.0128130314960631
0
LINE
8
BLACK
6
CONTINUOUS
10
6.0898206692913384
20
-4.0128130314960631
11
6.0880761417322837
21
-4.0154238582677166
0
LINE
8
BLACK
6
CONTINUOUS
10
6.0880761417322837
20
-4.0154238582677166
11
6.0880760629921262
21
-4.0154240944881892
0
LINE
8
BLACK
6
CONTINUOUS
10
6.0880760629921262
20
-4.0154240944881892
11
6.0876181496062989
21
-4.0177260236220471
0
LINE
8
BLACK
6
CONTINUOUS
10
6.0876181496062989
20
-4.0177260236220471
11
6.0876181102362201
21
-4.0177264960629921
0
LINE
8
BLACK
6
CONTINUOUS
10
6.0876181102362201
20
-4.0177264960629921
11
6.0876181102362201
21
-4.0742813385826775
0
LINE
8
BLACK
6
CONTINUOUS
10
6.0876181102362201
20
-4.0742813385826775
11
6.0876181496062989
21
-4.0742818110236216
0
LINE
8
BLACK
6
CONTINUOUS
10
6.0876181496062989
20
-4.0742818110236216
11
6.0880760629921262
21
-4.0765837401574805
0
LINE
8
BLACK
6
CONTINUOUS
10
6.0880760629921262
20
-4.0765837401574805
11
6.088076102362205
21
-4.0765838976377955
0
LINE
8
BLACK
6
CONTINUOUS
10
6.088076102362205
20
-4.0765838976377955
11
6.0898207874015746
21
-4.0791949606299216
0
LINE
8
BLACK
6
CONTINUOUS
10
6.0898207874015746
20
-4.0791949606299216
11
6.0924318503937007
21
-4.0809396456692912
0
LINE
8
BLACK
6
CONTINUOUS
10
6.0924318503937007
20
-4.0809396456692912
11
6.0941823228346452
21
-4.0812878346456696
0
LINE
8
BLACK
6
CONTINUOUS
10
6.0941823228346452
20
-4.0812878346456696
11
6.0947338976377949
21
-4.0813975590551177
0
LINE
8
BLACK
6
CONTINUOUS
10
6.0947338976377949
20
-4.0813975590551177
11
6.0947340944881887
21
-4.0813975590551177
0
LINE
8
BLACK
6
CONTINUOUS
10
6.0947340944881887
20
-4.0813975590551177
11
6.0947343307086612
21
-4.0813976377952752
0
LINE
8
BLACK
6
CONTINUOUS
10
6.0947343307086612
20
-4.0813976377952752
11
6.09473437007874
21
-4.0813976377952752
0
LINE
8
BLACK
6
CONTINUOUS
10
6.09473437007874
20
-4.0813976377952752
11
6.1312892519685036
21
-4.0813976377952752
0
LINE
8
BLACK
6
CONTINUOUS
10
6.1312892519685036
20
-4.0813976377952752
11
6.1312892913385824
21
-4.0813976377952752
0
LINE
8
BLACK
6
CONTINUOUS
10
6.1312892913385824
20
-4.0813976377952752
11
6.1335917716535429
21
-4.0809396456692912
0
LINE
8
BLACK
6
CONTINUOUS
10
6.1335917716535429
20
-4.0809396456692912
11
6.136202834645669
21
-4.0791949606299216
0
LINE
8
BLACK
6
CONTINUOUS
10
6.136202834645669
20
-4.0791949606299216
11
6.1379475196850395
21
-4.0765838976377955
0
LINE
8
BLACK
6
CONTINUOUS
10
6.1379475196850395
20
-4.0765838976377955
11
6.1381684251968505
21
-4.0754731889763782
0
LINE
8
BLACK
6
CONTINUOUS
10
6.1381684251968505
20
-4.0754731889763782
11
6.1384429133858269
21
-4.0740935826771656
0
LINE
8
BLACK
6
CONTINUOUS
10
6.1384429133858269
20
-4.0740935826771656
11
6.1385092519685038
21
-4.0741067716535433
0
LINE
8
BLACK
6
CONTINUOUS
10
6.1385092519685038
20
-4.0741067716535433
11
6.1393629527559055
21
-4.072155078740157
0
LINE
8
BLACK
6
CONTINUOUS
10
6.1393629527559055
20
-4.072155078740157
11
6.1414411811023619
21
-4.0709370078740159
0
LINE
8
BLACK
6
CONTINUOUS
10
6.1414411811023619
20
-4.0709370078740159
11
6.1422764566929136
21
-4.0708464566929132
0
LINE
8
BLACK
6
CONTINUOUS
10
6.1422764566929136
20
-4.0708464566929132
11
6.1806595669291333
21
-4.0708464566929132
0
LINE
8
BLACK
6
CONTINUOUS
10
6.1806595669291333
20
-4.0708464566929132
11
6.1806614566929134
21
-4.0708465354330707
0
LINE
8
BLACK
6
CONTINUOUS
10
6.1806614566929134
20
-4.0708465354330707
11
6.1808992125984252
21
-4.070846496062992
0
LINE
8
BLACK
6
CONTINUOUS
10
6.1808992125984252
20
-4.070846496062992
11
6.180899409448819
21
-4.0708465748031495
0
LINE
8
BLACK
6
CONTINUOUS
10
6.180899409448819
20
-4.0708465748031495
11
6.1823003937007872
21
-4.070846496062992
0
LINE
8
BLACK
6
CONTINUOUS
10
6.1823003937007872
20
-4.070846496062992
11
6.1823033464566928
21
-4.070847440944882
0
LINE
8
BLACK
6
CONTINUOUS
10
6.1823033464566928
20
-4.070847440944882
11
6.1839158661417324
21
-4.0708473622047245
0
LINE
8
BLACK
6
CONTINUOUS
10
6.1839158661417324
20
-4.0708473622047245
11
6.1839158661417324
21
-4.0708474015748033
0
LINE
8
BLACK
6
CONTINUOUS
10
6.1839158661417324
20
-4.0708474015748033
11
6.1876084645669289
21
-4.0708472440944883
0
LINE
8
BLACK
6
CONTINUOUS
10
6.1876084645669289
20
-4.0708472440944883
11
6.1876088582677164
21
-4.0708472047244095
0
LINE
8
BLACK
6
CONTINUOUS
10
6.1876088582677164
20
-4.0708472047244095
11
6.1898638582677163
21
-4.0705501968503937
0
LINE
8
BLACK
6
CONTINUOUS
10
6.1898638582677163
20
-4.0705501968503937
11
6.1949305118110232
21
-4.0698829921259838
0
LINE
8
BLACK
6
CONTINUOUS
10
6.1949305118110232
20
-4.0698829921259838
11
6.1975637007874012
21
-4.0691772834645672
0
LINE
8
BLACK
6
CONTINUOUS
10
6.1975637007874012
20
-4.0691772834645672
11
6.1994865354330706
21
-4.0692275590551183
0
LINE
8
BLACK
6
CONTINUOUS
10
6.1994865354330706
20
-4.0692275590551183
11
6.1994920472440942
21
-4.0691929921259842
0
LINE
8
BLACK
6
CONTINUOUS
10
6.1994920472440942
20
-4.0691929921259842
11
6.1997547637795272
21
-4.0692346062992124
0
LINE
8
BLACK
6
CONTINUOUS
10
6.1997547637795272
20
-4.0692346062992124
11
6.1997771259842516
21
-4.0692351574803149
0
LINE
8
BLACK
6
CONTINUOUS
10
6.1997771259842516
20
-4.0692351574803149
11
6.1997949606299212
21
-4.0692409842519686
0
LINE
8
BLACK
6
CONTINUOUS
10
6.1997949606299212
20
-4.0692409842519686
11
6.1997949999999999
21
-4.0692409842519686
0
LINE
8
BLACK
6
CONTINUOUS
10
6.1997949999999999
20
-4.0692409842519686
11
6.2050233858267712
21
-4.0692409842519686
0
LINE
8
BLACK
6
CONTINUOUS
10
6.2050233858267712
20
-4.0692409842519686
11
6.2050234645669287
21
-4.0692409842519686
0
LINE
8
BLACK
6
CONTINUOUS
10
6.2050234645669287
20
-4.0692409842519686
11
6.2099961811023618
21
-4.0676252755905509
0
LINE
8
BLACK
6
CONTINUOUS
10
6.2099961811023618
20
-4.0676252755905509
11
6.2131620866141732
21
-4.0653250787401571
0
LINE
8
BLACK
6
CONTINUOUS
10
6.2131620866141732
20
-4.0653250787401571
11
6.2362263385826768
21
-4.0422608267716535
0
LINE
8
BLACK
6
CONTINUOUS
10
6.2362263385826768
20
-4.0422608267716535
11
6.2385265354330706
21
-4.0390949212598422
0
LINE
8
BLACK
6
CONTINUOUS
10
6.2385265354330706
20
-4.0390949212598422
11
6.2401422440944883
21
-4.034122204724409
0
LINE
8
BLACK
6
CONTINUOUS
10
6.2401422440944883
20
-4.034122204724409
11
6.2401422440944883
21
-4.0322210236220473
0
LINE
8
BLACK
6
CONTINUOUS
10
6.2401422440944883
20
-4.0322210236220473
11
6.2404388976377954
21
-4.0307295275590551
0
LINE
8
BLACK
6
CONTINUOUS
10
6.2404388976377954
20
-4.0307295275590551
11
6.2420378346456689
21
-4.0268693700787397
0
LINE
8
BLACK
6
CONTINUOUS
10
6.2420378346456689
20
-4.0268693700787397
11
6.244216377952756
21
-4.0187387007874014
0
LINE
8
BLACK
6
CONTINUOUS
10
6.244216377952756
20
-4.0187387007874014
11
6.2453149999999997
21
-4.0103932677165357
0
LINE
8
BLACK
6
CONTINUOUS
10
6.2453149999999997
20
-4.0103932677165357
11
6.245314960629921
21
-4.0061845275590553
0
LINE
8
BLACK
6
CONTINUOUS
10
6.245314960629921
20
-4.0061845275590553
11
6.245314960629921
21
-4.0051333070866137
0
LINE
8
BLACK
6
CONTINUOUS
10
6.245314960629921
20
-4.0051333070866137
11
6.245314960629921
21
-3.9816714173228345
0
LINE
8
BLACK
6
CONTINUOUS
10
6.245314960629921
20
-3.9816714173228345
11
6.2460593307086612
21
-3.9793804330708662
0
LINE
8
BLACK
6
CONTINUOUS
10
6.2460593307086612
20
-3.9793804330708662
11
6.2480081496062994
21
-3.9779645275590552
0
LINE
8
BLACK
6
CONTINUOUS
10
6.2480081496062994
20
-3.9779645275590552
11
6.248451614173228
21
-3.9778487795275588
0
LINE
8
BLACK
6
CONTINUOUS
10
6.248451614173228
20
-3.9778487795275588
11
6.2491429527559053
21
-3.9777112992125985
0
LINE
8
BLACK
6
CONTINUOUS
10
6.2491429527559053
20
-3.9777112992125985
11
6.2517540157480314
21
-3.9759666141732284
0
LINE
8
BLACK
6
CONTINUOUS
10
6.2517540157480314
20
-3.9759666141732284
11
6.253498700787401
21
-3.9733555511811023
0
LINE
8
BLACK
6
CONTINUOUS
10
6.253498700787401
20
-3.9733555511811023
11
6.2539566929133859
21
-3.9710530708661418
0
LINE
8
BLACK
6
CONTINUOUS
10
6.2539566929133859
20
-3.9710530708661418
11
6.2539566929133859
21
-3.9494094881889761
0
LINE
8
BLACK
6
CONTINUOUS
10
6.2539566929133859
20
-3.9494094881889761
11
6.2539566929133859
21
-3.9340650393700787
0
LINE
8
BLACK
6
CONTINUOUS
10
6.2539566929133859
20
-3.9340650393700787
11
6.253498700787401
21
-3.9317625590551182
0
LINE
8
BLACK
6
CONTINUOUS
10
6.253498700787401
20
-3.9317625590551182
11
6.2517540157480314
21
-3.9291514960629921
0
LINE
8
BLACK
6
CONTINUOUS
10
6.2517540157480314
20
-3.9291514960629921
11
6.2514403937007872
21
-3.9289419291338583
0
LINE
8
BLACK
6
CONTINUOUS
10
6.2514403937007872
20
-3.9289419291338583
11
6.2491430314960628
21
-3.9274068503937007
0
LINE
8
BLACK
6
CONTINUOUS
10
6.2491430314960628
20
-3.9274068503937007
11
6.2491429527559053
21
-3.927406811023622
0
LINE
8
BLACK
6
CONTINUOUS
10
6.2491429527559053
20
-3.927406811023622
11
6.249142834645669
21
-3.9274067716535432
0
LINE
8
BLACK
6
CONTINUOUS
10
6.249142834645669
20
-3.9274067716535432
11
6.2491427952755902
21
-3.9274067716535432
0
LINE
8
BLACK
6
CONTINUOUS
10
6.2491427952755902
20
-3.9274067716535432
11
6.2468408661417323
21
-3.9269488582677163
0
LINE
8
BLACK
6
CONTINUOUS
10
6.2468408661417323
20
-3.9269488582677163
11
6.2468404724409448
21
-3.9269488188976376
0
LINE
8
BLACK
6
CONTINUOUS
10
6.2468404724409448
20
-3.9269488188976376
11
6.1941044094488191
21
-3.9269488188976376
0
LINE
8
BLACK
6
CONTINUOUS
10
6.1941044094488191
20
-3.9269488188976376
11
6.1941043700787404
21
-3.9269488188976376
0
LINE
8
BLACK
6
CONTINUOUS
10
6.1941043700787404
20
-3.9269488188976376
11
6.1941039763779528
21
-3.9269488582677163
0
LINE
8
BLACK
6
CONTINUOUS
10
5.9041338582677163
20
-4.0375983858267714
11
5.9041338976377951
21
-4.0375984251968502
0
LINE
8
BLACK
6
CONTINUOUS
10
5.9041338976377951
20
-4.0375984251968502
11
5.9159448818897635
21
-4.0375984251968502
0
LINE
8
BLACK
6
CONTINUOUS
10
5.9159448818897635
20
-4.0375984251968502
11
5.9159448818897635
21
-4.031692913385827
0
LINE
8
BLACK
6
CONTINUOUS
10
5.9159448818897635
20
-4.031692913385827
11
5.9749999999999996
21
-4.031692913385827
0
LINE
8
BLACK
6
CONTINUOUS
10
5.9749999999999996
20
-4.031692913385827
11
5.9749999999999996
21
-4.0375984251968502
0
LINE
8
BLACK
6
CONTINUOUS
10
5.9749999999999996
20
-4.0375984251968502
11
5.9868109448818894
21
-4.0375984251968502
0
LINE
8
BLACK
6
CONTINUOUS
10
5.9868109448818894
20
-4.0375984251968502
11
5.9878862204724408
21
-4.0365231496062988
0
LINE
8
BLACK
6
CONTINUOUS
10
5.9878862204724408
20
-4.0365231496062988
11
5.9900325196850392
21
-4.0354295275590548
0
LINE
8
BLACK
6
CONTINUOUS
10
5.9900325196850392
20
-4.0354295275590548
11
5.9924117322834647
21
-4.0358063385826775
0
LINE
8
BLACK
6
CONTINUOUS
10
5.9924117322834647
20
-4.0358063385826775
11
5.9933983464566927
21
-4.03652311023622
0
LINE
8
BLACK
6
CONTINUOUS
10
5.9933983464566927
20
-4.03652311023622
11
6.0114765354330704
21
-4.0546012992125986
0
LINE
8
BLACK
6
CONTINUOUS
10
6.0114765354330704
20
-4.0546012992125986
11
6.0125701181102365
21
-4.0567476377952758
0
LINE
8
BLACK
6
CONTINUOUS
10
6.0125701181102365
20
-4.0567476377952758
11
6.0126181102362199
21
-4.0573573622047245
0
LINE
8
BLACK
6
CONTINUOUS
10
6.0126181102362199
20
-4.0573573622047245
11
6.0126181102362199
21
-4.0742813385826775
0
LINE
8
BLACK
6
CONTINUOUS
10
6.0126181102362199
20
-4.0742813385826775
11
6.0126181496062987
21
-4.0742818110236216
0
LINE
8
BLACK
6
CONTINUOUS
10
6.0126181496062987
20
-4.0742818110236216
11
6.013076062992126
21
-4.0765837401574805
0
LINE
8
BLACK
6
CONTINUOUS
10
6.013076062992126
20
-4.0765837401574805
11
6.0130761023622048
21
-4.0765838976377955
0
LINE
8
BLACK
6
CONTINUOUS
10
6.0130761023622048
20
-4.0765838976377955
11
6.0148207874015744
21
-4.0791949606299216
0
LINE
8
BLACK
6
CONTINUOUS
10
6.0148207874015744
20
-4.0791949606299216
11
6.0174318503937005
21
-4.0809396456692912
0
LINE
8
BLACK
6
CONTINUOUS
10
6.0174318503937005
20
-4.0809396456692912
11
6.0191823228346459
21
-4.0812878346456696
0
LINE
8
BLACK
6
CONTINUOUS
10
6.0191823228346459
20
-4.0812878346456696
11
6.0197338976377948
21
-4.0813975590551177
0
LINE
8
BLACK
6
CONTINUOUS
10
6.0197338976377948
20
-4.0813975590551177
11
6.0197340944881885
21
-4.0813975590551177
0
LINE
8
BLACK
6
CONTINUOUS
10
6.0197340944881885
20
-4.0813975590551177
11
6.019734330708661
21
-4.0813976377952752
0
LINE
8
BLACK
6
CONTINUOUS
10
6.019734330708661
20
-4.0813976377952752
11
6.0197343700787398
21
-4.0813976377952752
0
LINE
8
BLACK
6
CONTINUOUS
10
6.0197343700787398
20
-4.0813976377952752
11
6.0562892519685034
21
-4.0813976377952752
0
LINE
8
BLACK
6
CONTINUOUS
10
6.0562892519685034
20
-4.0813976377952752
11
6.0562892913385822
21
-4.0813976377952752
0
LINE
8
BLACK
6
CONTINUOUS
10
6.0562892913385822
20
-4.0813976377952752
11
6.0585917716535436
21
-4.0809396456692912
0
LINE
8
BLACK
6
CONTINUOUS
10
6.0585917716535436
20
-4.0809396456692912
11
6.0612028346456688
21
-4.0791949606299216
0
LINE
8
BLACK
6
CONTINUOUS
10
6.0612028346456688
20
-4.0791949606299216
11
6.0629475196850393
21
-4.0765838976377955
0
LINE
8
BLACK
6
CONTINUOUS
10
6.0629475196850393
20
-4.0765838976377955
11
6.0634055118110233
21
-4.0742814173228341
0
LINE
8
BLACK
6
CONTINUOUS
10
6.0634055118110233
20
-4.0742814173228341
11
6.0634055118110233
21
-4.0177264960629921
0
LINE
8
BLACK
6
CONTINUOUS
10
6.0634055118110233
20
-4.0177264960629921
11
6.0634055118110233
21
-4.0177264566929134
0
LINE
8
BLACK
6
CONTINUOUS
10
6.0634055118110233
20
-4.0177264566929134
11
6.0629475196850393
21
-4.0154239763779529
0
LINE
8
BLACK
6
CONTINUOUS
10
6.0629475196850393
20
-4.0154239763779529
11
6.0612028346456688
21
-4.0128129133858268
0
LINE
8
BLACK
6
CONTINUOUS
10
6.0612028346456688
20
-4.0128129133858268
11
6.0611095669291339
21
-4.0127505905511809
0
LINE
8
BLACK
6
CONTINUOUS
10
6.0611095669291339
20
-4.0127505905511809
11
6.0585918503937011
21
-4.011068267716535
0
LINE
8
BLACK
6
CONTINUOUS
10
6.0585918503937011
20
-4.011068267716535
11
6.0585917716535436
21
-4.0110682283464563
0
LINE
8
BLACK
6
CONTINUOUS
10
6.0585917716535436
20
-4.0110682283464563
11
6.0585916535433073
21
-4.0110681889763775
0
LINE
8
BLACK
6
CONTINUOUS
10
6.0585916535433073
20
-4.0110681889763775
11
6.0585916141732286
21
-4.0110681889763775
0
LINE
8
BLACK
6
CONTINUOUS
10
6.0585916141732286
20
-4.0110681889763775
11
6.0562896850393697
21
-4.0106102755905511
0
LINE
8
BLACK
6
CONTINUOUS
10
6.0562896850393697
20
-4.0106102755905511
11
6.0562892913385822
21
-4.0106102362204723
0
LINE
8
BLACK
6
CONTINUOUS
10
6.0562892913385822
20
-4.0106102362204723
11
6.0562892519685034
21
-4.0106102362204723
0
LINE
8
BLACK
6
CONTINUOUS
10
6.0562892519685034
20
-4.0106102362204723
11
6.0393652362204726
21
-4.0106102362204723
0
LINE
8
BLACK
6
CONTINUOUS
10
6.0393652362204726
20
-4.0106102362204723
11
6.0370742519685034
21
-4.0098658661417321
0
LINE
8
BLACK
6
CONTINUOUS
10
6.0370742519685034
20
-4.0098658661417321
11
6.0366091732283467
21
-4.0094686614173227
0
LINE
8
BLACK
6
CONTINUOUS
10
6.0366091732283467
20
-4.0094686614173227
11
6.0157510236220473
21
-3.9886105118110233
0
LINE
8
BLACK
6
CONTINUOUS
10
6.0157510236220473
20
-3.9886105118110233
11
6.015750433070866
21
-3.9886093700787399
0
LINE
8
BLACK
6
CONTINUOUS
10
6.015750433070866
20
-3.9886093700787399
11
6.0146094094488189
21
-3.9874683858267717
0
LINE
8
BLACK
6
CONTINUOUS
10
6.0146094094488189
20
-3.9874683858267717
11
6.0146094488188977
21
-3.9874683858267717
0
LINE
8
BLACK
6
CONTINUOUS
10
6.0146094488188977
20
-3.9874683858267717
11
6.0116333858267712
21
-3.9844924015748031
0
LINE
8
BLACK
6
CONTINUOUS
10
6.0116333858267712
20
-3.9844924015748031
11
6.0116331889763774
21
-3.9844922440944881
0
LINE
8
BLACK
6
CONTINUOUS
10
6.0116331889763774
20
-3.9844922440944881
11
6.0116331102362199
21
-3.9844921653543306
0
LINE
8
BLACK
6
CONTINUOUS
10
6.0116331102362199
20
-3.9844921653543306
11
6.0073598425196852
21
-3.9812132677165355
0
LINE
8
BLACK
6
CONTINUOUS
10
6.0073598425196852
20
-3.9812132677165355
11
6.0049553149606298
21
-3.9793682283464564
0
LINE
8
BLACK
6
CONTINUOUS
10
6.0049553149606298
20
-3.9793682283464564
11
6.0049550787401573
21
-3.9793680708661419
0
LINE
8
BLACK
6
CONTINUOUS
10
6.0049550787401573
20
-3.9793680708661419
11
6.0049549999999998
21
-3.9793680314960631
0
LINE
8
BLACK
6
CONTINUOUS
10
6.0049549999999998
20
-3.9793680314960631
11
6.0049550393700786
21
-3.9793680314960631
0
LINE
8
BLACK
6
CONTINUOUS
10
6.0049550393700786
20
-3.9793680314960631
11
6.0006031889763776
21
-3.9768555905511809
0
LINE
8
BLACK
6
CONTINUOUS
10
6.0006031889763776
20
-3.9768555905511809
11
5.9976655118110234
21
-3.975159566929134
0
LINE
8
BLACK
6
CONTINUOUS
10
5.9976655118110234
20
-3.975159566929134
11
5.9954870472440946
21
-3.9742572440944879
0
LINE
8
BLACK
6
CONTINUOUS
10
5.9954870472440946
20
-3.9742572440944879
11
5.9898892125984249
21
-3.9719385826771654
0
LINE
8
BLACK
6
CONTINUOUS
10
5.9898892125984249
20
-3.9719385826771654
11
5.9898886614173223
21
-3.9719383858267716
0
LINE
8
BLACK
6
CONTINUOUS
10
5.9898886614173223
20
-3.9719383858267716
11
5.9847301968503936
21
-3.9705562598425197
0
LINE
8
BLACK
6
CONTINUOUS
10
5.9847301968503936
20
-3.9705562598425197
11
5.9827099212598425
21
-3.9692442913385828
0
LINE
8
BLACK
6
CONTINUOUS
10
5.9827099212598425
20
-3.9692442913385828
11
5.9818466535433066
21
-3.9669954330708661
0
LINE
8
BLACK
6
CONTINUOUS
10
5.9818466535433066
20
-3.9669954330708661
11
5.9824700787401577
21
-3.964668622047244
0
LINE
8
BLACK
6
CONTINUOUS
10
5.9824700787401577
20
-3.964668622047244
11
5.9829829133858263
21
-3.9640353543307087
0
LINE
8
BLACK
6
CONTINUOUS
10
5.9829829133858263
20
-3.9640353543307087
11
5.9849127952755907
21
-3.962105433070866
0
LINE
8
BLACK
6
CONTINUOUS
10
5.9849127952755907
20
-3.962105433070866
11
5.9866964566929131
21
-3.9580658267716533
0
LINE
8
BLACK
6
CONTINUOUS
10
5.9866964566929131
20
-3.9580658267716533
11
5.9868109842519681
21
-3.957078622047244
0
LINE
8
BLACK
6
CONTINUOUS
10
5.9868109842519681
20
-3.957078622047244
11
5.9868110236220469
21
-3.9570785433070865
0
LINE
8
BLACK
6
CONTINUOUS
10
5.9868110236220469
20
-3.9570785433070865
11
5.9868110236220469
21
-3.9494094881889761
0
LINE
8
BLACK
6
CONTINUOUS
10
5.9868110236220469
20
-3.9494094881889761
11
5.9868109842519681
21
-3.9494094488188973
0
LINE
8
BLACK
6
CONTINUOUS
10
5.9868109842519681
20
-3.9494094488188973
11
5.9749999999999996
21
-3.9494094488188973
0
LINE
8
BLACK
6
CONTINUOUS
10
5.9749999999999996
20
-3.9494094488188973
11
5.9749999999999996
21
-3.9553149606299214
0
LINE
8
BLACK
6
CONTINUOUS
10
5.9749999999999996
20
-3.9553149606299214
11
5.9159448818897635
21
-3.9553149606299214
0
LINE
8
BLACK
6
CONTINUOUS
10
5.9159448818897635
20
-3.9553149606299214
11
5.9159448818897635
21
-3.9494094488188973
0
LINE
8
BLACK
6
CONTINUOUS
10
5.9159448818897635
20
-3.9494094488188973
11
5.9041339370078738
21
-3.9494094488188973
0
LINE
8
BLACK
6
CONTINUOUS
10
5.9041339370078738
20
-3.9494094488188973
11
5.9041338976377951
21
-3.9494094881889761
0
LINE
8
BLACK
6
CONTINUOUS
10
5.9041338976377951
20
-3.9494094881889761
11
5.9041338976377951
21
-3.9570783858267715
0
LINE
8
BLACK
6
CONTINUOUS
10
5.9041338976377951
20
-3.9570783858267715
11
5.9042483858267714
21
-3.9580659055118108
0
LINE
8
BLACK
6
CONTINUOUS
10
5.9042483858267714
20
-3.9580659055118108
11
5.9060320078740158
21
-3.9621053937007873
0
LINE
8
BLACK
6
CONTINUOUS
10
5.9060320078740158
20
-3.9621053937007873
11
5.9091544094488189
21
-3.9652277952755903
0
LINE
8
BLACK
6
CONTINUOUS
10
5.9091544094488189
20
-3.9652277952755903
11
5.9131674015748033
21
-3.9669996850393701
0
LINE
8
BLACK
6
CONTINUOUS
10
5.9131674015748033
20
-3.9669996850393701
11
5.9149624803149603
21
-3.9686060236220473
0
LINE
8
BLACK
6
CONTINUOUS
10
5.9149624803149603
20
-3.9686060236220473
11
5.9154705905511813
21
-3.9709606692913386
0
LINE
8
BLACK
6
CONTINUOUS
10
5.9154705905511813
20
-3.9709606692913386
11
5.9144975984251964
21
-3.9731642913385827
0
LINE
8
BLACK
6
CONTINUOUS
10
5.9144975984251964
20
-3.9731642913385827
11
5.9130847637795272
21
-3.9741661417322836
0
LINE
8
BLACK
6
CONTINUOUS
10
5.9130847637795272
20
-3.9741661417322836
11
5.9128648818897638
21
-3.9742572047244096
0
LINE
8
BLACK
6
CONTINUOUS
10
5.9128648818897638
20
-3.9742572047244096
11
5.9102539763779527
21
-3.9760017716535434
0
LINE
8
BLACK
6
CONTINUOUS
10
5.9102539763779527
20
-3.9760017716535434
11
5.9102537401574802
21
-3.9760020078740155
0
LINE
8
BLACK
6
CONTINUOUS
10
5.9102537401574802
20
-3.9760020078740155
11
5.9085092125984247
21
-3.9786128346456691
0
LINE
8
BLACK
6
CONTINUOUS
10
5.9085092125984247
20
-3.9786128346456691
11
5.9085091338582671
21
-3.9786130708661416
0
LINE
8
BLACK
6
CONTINUOUS
10
5.9085091338582671
20
-3.9786130708661416
11
5.9080512204724407
21
-3.980915
0
LINE
8
BLACK
6
CONTINUOUS
10
5.9080512204724407
20
-3.980915
11
5.9080511811023619
21
-3.980915472440945
0
LINE
8
BLACK
6
CONTINUOUS
10
5.9080511811023619
20
-3.980915472440945
11
5.9080511811023619
21
-4.0060923622047246
0
LINE
8
BLACK
6
CONTINUOUS
10
5.9080511811023619
20
-4.0060923622047246
11
5.9080512204724407
21
-4.0060928346456688
0
LINE
8
BLACK
6
CONTINUOUS
10
5.9080512204724407
20
-4.0060928346456688
11
5.9085091338582671
21
-4.0083947637795276
0
LINE
8
BLACK
6
CONTINUOUS
10
5.9085091338582671
20
-4.0083947637795276
11
5.9085092125984247
21
-4.0083950000000002
0
LINE
8
BLACK
6
CONTINUOUS
10
5.9085092125984247
20
-4.0083950000000002
11
5.9094920472440942
21
-4.0098658661417321
0
LINE
8
BLACK
6
CONTINUOUS
10
5.9094920472440942
20
-4.0098658661417321
11
5.9102538582677164
21
-4.0110059842519687
0
LINE
8
BLACK
6
CONTINUOUS
10
5.9102538582677164
20
-4.0110059842519687
11
5.9128649212598425
21
-4.0127506692913384
0
LINE
8
BLACK
6
CONTINUOUS
10
5.9128649212598425
20
-4.0127506692913384
11
5.9128650393700788
21
-4.0127506692913384
0
LINE
8
BLACK
6
CONTINUOUS
10
5.9128650393700788
20
-4.0127506692913384
11
5.9130845669291334
21
-4.0128416141732286
0
LINE
8
BLACK
6
CONTINUOUS
10
5.9130845669291334
20
-4.0128416141732286
11
5.9149162992125985
21
-4.0144060236220476
0
LINE
8
BLACK
6
CONTINUOUS
10
5.9149162992125985
20
-4.0144060236220476
11
5.9154787007874017
21
-4.0167483070866137
0
LINE
8
BLACK
6
CONTINUOUS
10
5.9154787007874017
20
-4.0167483070866137
11
5.914556929133858
21
-4.0189738582677164
0
LINE
8
BLACK
6
CONTINUOUS
10
5.914556929133858
20
-4.0189738582677164
11
5.9131674015748033
21
-4.0200081496062987
0
LINE
8
BLACK
6
CONTINUOUS
10
5.9131674015748033
20
-4.0200081496062987
11
5.9091544094488189
21
-4.0217800393700784
0
LINE
8
BLACK
6
CONTINUOUS
10
5.9091544094488189
20
-4.0217800393700784
11
5.9060320078740158
21
-4.0249024409448815
0
LINE
8
BLACK
6
CONTINUOUS
10
5.9060320078740158
20
-4.0249024409448815
11
5.9042483858267714
21
-4.0289420078740159
0
LINE
8
BLACK
6
CONTINUOUS
10
5.9042483858267714
20
-4.0289420078740159
11
5.9041338582677163
21
-4.0299292125984252
0
LINE
8
BLACK
6
CONTINUOUS
10
5.9041338582677163
20
-4.0299292125984252
11
5.9041338582677163
21
-4.0375983858267714
0
LINE
8
BLACK
6
CONTINUOUS
10
5.8450787401574802
20
-4.0553149606299215
11
5.8214566929133857
21
-4.0553149606299215
0
LINE
8
BLACK
6
CONTINUOUS
10
5.8214566929133857
20
-4.0553149606299215
11
5.8214566929133857
21
-4.0671259055118112
0
LINE
8
BLACK
6
CONTINUOUS
10
5.8214566929133857
20
-4.0671259055118112
11
5.8214567322834645
21
-4.0671259448818899
0
LINE
8
BLACK
6
CONTINUOUS
10
5.8214567322834645
20
-4.0671259448818899
11
5.846842125984252
21
-4.0671259448818899
0
LINE
8
BLACK
6
CONTINUOUS
10
5.846842125984252
20
-4.0671259448818899
11
5.8468421653543308
21
-4.0671259055118112
0
LINE
8
BLACK
6
CONTINUOUS
10
5.8468421653543308
20
-4.0671259055118112
11
5.8478296850393701
21
-4.0670114173228349
0
LINE
8
BLACK
6
CONTINUOUS
10
5.8478296850393701
20
-4.0670114173228349
11
5.8518691732283461
21
-4.0652277952755904
0
LINE
8
BLACK
6
CONTINUOUS
10
5.8518691732283461
20
-4.0652277952755904
11
5.8549915748031491
21
-4.0621053937007874
0
LINE
8
BLACK
6
CONTINUOUS
10
5.8549915748031491
20
-4.0621053937007874
11
5.8567751968503936
21
-4.0580658267716538
0
LINE
8
BLACK
6
CONTINUOUS
10
5.8567751968503936
20
-4.0580658267716538
11
5.8568897244094487
21
-4.0570786220472437
0
LINE
8
BLACK
6
CONTINUOUS
10
5.8568897244094487
20
-4.0570786220472437
11
5.8568897637795274
21
-4.0570785433070862
0
LINE
8
BLACK
6
CONTINUOUS
10
5.8568897637795274
20
-4.0570785433070862
11
5.8568897637795274
21
-4.0494094881889762
0
LINE
8
BLACK
6
CONTINUOUS
10
5.8568897637795274
20
-4.0494094881889762
11
5.8568897244094487
21
-4.0494094488188974
0
LINE
8
BLACK
6
CONTINUOUS
10
5.8568897244094487
20
-4.0494094488188974
11
5.8450787401574802
21
-4.0494094488188974
0
LINE
8
BLACK
6
CONTINUOUS
10
5.8450787401574802
20
-4.0494094488188974
11
5.8450787401574802
21
-4.0553149606299215
0
LINE
8
BLACK
6
CONTINUOUS
10
5.9749999999999996
20
-4.0553149606299215
11
5.9513779527559052
21
-4.0553149606299215
0
LINE
8
BLACK
6
CONTINUOUS
10
5.9513779527559052
20
-4.0553149606299215
11
5.9513779527559052
21
-4.0671259055118112
0
LINE
8
BLACK
6
CONTINUOUS
10
5.9513779527559052
20
-4.0671259055118112
11
5.951377992125984
21
-4.0671259448818899
0
LINE
8
BLACK
6
CONTINUOUS
10
5.951377992125984
20
-4.0671259448818899
11
5.9767633858267715
21
-4.0671259448818899
0
LINE
8
BLACK
6
CONTINUOUS
10
5.9767633858267715
20
-4.0671259448818899
11
5.9767634251968502
21
-4.0671259055118112
0
LINE
8
BLACK
6
CONTINUOUS
10
5.9767634251968502
20
-4.0671259055118112
11
5.9777509448818895
21
-4.0670114173228349
0
LINE
8
BLACK
6
CONTINUOUS
10
5.9777509448818895
20
-4.0670114173228349
11
5.9817904330708664
21
-4.0652277952755904
0
LINE
8
BLACK
6
CONTINUOUS
10
5.9817904330708664
20
-4.0652277952755904
11
5.9849128346456695
21
-4.0621053937007874
0
LINE
8
BLACK
6
CONTINUOUS
10
5.9849128346456695
20
-4.0621053937007874
11
5.9866964566929131
21
-4.0580658267716538
0
LINE
8
BLACK
6
CONTINUOUS
10
5.9866964566929131
20
-4.0580658267716538
11
5.9867577559055114
21
-4.0575372834645664
0
LINE
8
BLACK
6
CONTINUOUS
10
5.9867577559055114
20
-4.0575372834645664
11
5.9863278346456692
21
-4.0568938582677161
0
LINE
8
BLACK
6
CONTINUOUS
10
5.9863278346456692
20
-4.0568938582677161
11
5.9856535433070865
21
-4.053503937007874
0
LINE
8
BLACK
6
CONTINUOUS
10
5.9856535433070865
20
-4.053503937007874
11
5.9863278346456692
21
-4.0501140157480311
0
LINE
8
BLACK
6
CONTINUOUS
10
5.9863278346456692
20
-4.0501140157480311
11
5.9867986220472442
21
-4.0494094488188974
0
LINE
8
BLACK
6
CONTINUOUS
10
5.9867986220472442
20
-4.0494094488188974
11
5.9749999999999996
21
-4.0494094488188974
0
LINE
8
BLACK
6
CONTINUOUS
10
5.9749999999999996
20
-4.0494094488188974
11
5.9749999999999996
21
-4.0553149606299215
0
LINE
8
BLACK
6
CONTINUOUS
10
5.3883204330708656
20
-4.0190469291338582
11
5.3894035433070862
21
-4.0200518897637796
0
LINE
8
BLACK
6
CONTINUOUS
10
5.3894035433070862
20
-4.0200518897637796
11
5.3894037007874012
21
-4.0200520078740158
0
LINE
8
BLACK
6
CONTINUOUS
10
5.3894037007874012
20
-4.0200520078740158
11
5.3975457480314963
21
-4.0256031496062992
0
LINE
8
BLACK
6
CONTINUOUS
10
5.3975457480314963
20
-4.0256031496062992
11
5.4064239763779529
21
-4.029878622047244
0
LINE
8
BLACK
6
CONTINUOUS
10
5.4064239763779529
20
-4.029878622047244
11
5.4158402755905515
21
-4.0327831889763779
0
LINE
8
BLACK
6
CONTINUOUS
10
5.4158402755905515
20
-4.0327831889763779
11
5.4158406692913381
21
-4.0327832677165354
0
LINE
8
BLACK
6
CONTINUOUS
10
5.4158406692913381
20
-4.0327832677165354
11
5.4255845275590548
21
-4.0342519291338581
0
LINE
8
BLACK
6
CONTINUOUS
10
5.4255845275590548
20
-4.0342519291338581
11
5.4255848818897636
21
-4.0342519685039369
0
LINE
8
BLACK
6
CONTINUOUS
10
5.4255848818897636
20
-4.0342519685039369
11
5.4354387401574806
21
-4.0342519685039369
0
LINE
8
BLACK
6
CONTINUOUS
10
5.4354387401574806
20
-4.0342519685039369
11
5.4354390551181098
21
-4.0342519291338581
0
LINE
8
BLACK
6
CONTINUOUS
10
5.4354390551181098
20
-4.0342519291338581
11
5.4451829133858265
21
-4.0327832677165354
0
LINE
8
BLACK
6
CONTINUOUS
10
5.4451829133858265
20
-4.0327832677165354
11
5.445183307086614
21
-4.0327831889763779
0
LINE
8
BLACK
6
CONTINUOUS
10
5.445183307086614
20
-4.0327831889763779
11
5.4545996062992126
21
-4.029878622047244
0
LINE
8
BLACK
6
CONTINUOUS
10
5.4545996062992126
20
-4.029878622047244
11
5.4634778740157479
21
-4.0256031496062992
0
LINE
8
BLACK
6
CONTINUOUS
10
5.4634778740157479
20
-4.0256031496062992
11
5.4716196456692909
21
-4.0200522047244096
0
LINE
8
BLACK
6
CONTINUOUS
10
5.4716196456692909
20
-4.0200522047244096
11
5.4716200393700785
21
-4.0200518897637796
0
LINE
8
BLACK
6
CONTINUOUS
10
5.4716200393700785
20
-4.0200518897637796
11
5.4727031102362202
21
-4.0190469291338582
0
LINE
8
BLACK
6
CONTINUOUS
10
5.4727031102362202
20
-4.0190469291338582
11
5.4641185433070865
21
-4.0104623622047244
0
LINE
8
BLACK
6
CONTINUOUS
10
5.4641185433070865
20
-4.0104623622047244
11
5.4600125590551176
21
-4.013658188976378
0
LINE
8
BLACK
6
CONTINUOUS
10
5.4600125590551176
20
-4.013658188976378
11
5.4521780708661414
21
-4.0178979921259845
0
LINE
8
BLACK
6
CONTINUOUS
10
5.4521780708661414
20
-4.0178979921259845
11
5.4437525590551177
21
-4.0207904724409449
0
LINE
8
BLACK
6
CONTINUOUS
10
5.4437525590551177
20
-4.0207904724409449
11
5.4349659055118105
21
-4.0222567322834646
0
LINE
8
BLACK
6
CONTINUOUS
10
5.4349659055118105
20
-4.0222567322834646
11
5.4260577165354329
21
-4.0222567322834646
0
LINE
8
BLACK
6
CONTINUOUS
10
5.4260577165354329
20
-4.0222567322834646
11
5.4172710629921257
21
-4.0207904724409449
0
LINE
8
BLACK
6
CONTINUOUS
10
5.4172710629921257
20
-4.0207904724409449
11
5.408845551181102
21
-4.0178979921259845
0
LINE
8
BLACK
6
CONTINUOUS
10
5.408845551181102
20
-4.0178979921259845
11
5.4010110629921257
21
-4.013658188976378
0
LINE
8
BLACK
6
CONTINUOUS
10
5.4010110629921257
20
-4.013658188976378
11
5.3969050000000003
21
-4.0104623228346457
0
LINE
8
BLACK
6
CONTINUOUS
10
5.3969050000000003
20
-4.0104623228346457
11
5.3883204330708656
21
-4.0190469291338582
0
LINE
8
BLACK
6
CONTINUOUS
10
5.6600125590551178
20
-4.013658188976378
11
5.6521780708661415
21
-4.0178979921259845
0
LINE
8
BLACK
6
CONTINUOUS
10
5.6521780708661415
20
-4.0178979921259845
11
5.6437525590551179
21
-4.0207904724409449
0
LINE
8
BLACK
6
CONTINUOUS
10
5.6437525590551179
20
-4.0207904724409449
11
5.6349659055118106
21
-4.0222567322834646
0
LINE
8
BLACK
6
CONTINUOUS
10
5.6349659055118106
20
-4.0222567322834646
11
5.6260577165354331
21
-4.0222567322834646
0
LINE
8
BLACK
6
CONTINUOUS
10
5.6260577165354331
20
-4.0222567322834646
11
5.6172710629921259
21
-4.0207904724409449
0
LINE
8
BLACK
6
CONTINUOUS
10
5.6172710629921259
20
-4.0207904724409449
11
5.6088455511811022
21
-4.0178979921259845
0
LINE
8
BLACK
6
CONTINUOUS
10
5.6088455511811022
20
-4.0178979921259845
11
5.6010110629921259
21
-4.013658188976378
0
LINE
8
BLACK
6
CONTINUOUS
10
5.6010110629921259
20
-4.013658188976378
11
5.5969049999999996
21
-4.0104623228346457
0
LINE
8
BLACK
6
CONTINUOUS
10
5.5969049999999996
20
-4.0104623228346457
11
5.5883204330708658
21
-4.0190469291338582
0
LINE
8
BLACK
6
CONTINUOUS
10
5.5883204330708658
20
-4.0190469291338582
11
5.5894035433070863
21
-4.0200518897637796
0
LINE
8
BLACK
6
CONTINUOUS
10
5.5894035433070863
20
-4.0200518897637796
11
5.5894037007874013
21
-4.0200520078740158
0
LINE
8
BLACK
6
CONTINUOUS
10
5.5894037007874013
20
-4.0200520078740158
11
5.5975457480314956
21
-4.0256031496062992
0
LINE
8
BLACK
6
CONTINUOUS
10
5.5975457480314956
20
-4.0256031496062992
11
5.6064239763779522
21
-4.029878622047244
0
LINE
8
BLACK
6
CONTINUOUS
10
5.6064239763779522
20
-4.029878622047244
11
5.6158402755905508
21
-4.0327831889763779
0
LINE
8
BLACK
6
CONTINUOUS
10
5.6158402755905508
20
-4.0327831889763779
11
5.6158406692913383
21
-4.0327832677165354
0
LINE
8
BLACK
6
CONTINUOUS
10
5.6158406692913383
20
-4.0327832677165354
11
5.625584527559055
21
-4.0342519291338581
0
LINE
8
BLACK
6
CONTINUOUS
10
5.625584527559055
20
-4.0342519291338581
11
5.6255848818897638
21
-4.0342519685039369
0
LINE
8
BLACK
6
CONTINUOUS
10
5.6255848818897638
20
-4.0342519685039369
11
5.6354387401574799
21
-4.0342519685039369
0
LINE
8
BLACK
6
CONTINUOUS
10
5.6354387401574799
20
-4.0342519685039369
11
5.6354390551181099
21
-4.0342519291338581
0
LINE
8
BLACK
6
CONTINUOUS
10
5.6354390551181099
20
-4.0342519291338581
11
5.6451829133858267
21
-4.0327832677165354
0
LINE
8
BLACK
6
CONTINUOUS
10
5.6451829133858267
20
-4.0327832677165354
11
5.6451833070866142
21
-4.0327831889763779
0
LINE
8
BLACK
6
CONTINUOUS
10
5.6451833070866142
20
-4.0327831889763779
11
5.6545996062992128
21
-4.029878622047244
0
LINE
8
BLACK
6
CONTINUOUS
10
5.6545996062992128
20
-4.029878622047244
11
5.6634778740157481
21
-4.0256031496062992
0
LINE
8
BLACK
6
CONTINUOUS
10
5.6634778740157481
20
-4.0256031496062992
11
5.6716196456692911
21
-4.0200522047244096
0
LINE
8
BLACK
6
CONTINUOUS
10
5.6716196456692911
20
-4.0200522047244096
11
5.6716200393700786
21
-4.0200518897637796
0
LINE
8
BLACK
6
CONTINUOUS
10
5.6716200393700786
20
-4.0200518897637796
11
5.6727031496062992
21
-4.0190469291338582
0
LINE
8
BLACK
6
CONTINUOUS
10
5.6727031496062992
20
-4.0190469291338582
11
5.6641185433070866
21
-4.0104623228346457
0
LINE
8
BLACK
6
CONTINUOUS
10
5.6641185433070866
20
-4.0104623228346457
11
5.6600125590551178
21
-4.013658188976378
0
LINE
8
BLACK
6
CONTINUOUS
10
6.5600125590551182
20
-4.013658188976378
11
6.5521780708661419
21
-4.0178979921259845
0
LINE
8
BLACK
6
CONTINUOUS
10
6.5521780708661419
20
-4.0178979921259845
11
6.5437525590551182
21
-4.0207904724409449
0
LINE
8
BLACK
6
CONTINUOUS
10
6.5437525590551182
20
-4.0207904724409449
11
6.534965905511811
21
-4.0222567322834646
0
LINE
8
BLACK
6
CONTINUOUS
10
6.534965905511811
20
-4.0222567322834646
11
6.5260577165354325
21
-4.0222567322834646
0
LINE
8
BLACK
6
CONTINUOUS
10
6.5260577165354325
20
-4.0222567322834646
11
6.5172710629921262
21
-4.0207904724409449
0
LINE
8
BLACK
6
CONTINUOUS
10
6.5172710629921262
20
-4.0207904724409449
11
6.5088455511811025
21
-4.0178979921259845
0
LINE
8
BLACK
6
CONTINUOUS
10
6.5088455511811025
20
-4.0178979921259845
11
6.5010110629921263
21
-4.013658188976378
0
LINE
8
BLACK
6
CONTINUOUS
10
6.5010110629921263
20
-4.013658188976378
11
6.4969049999999999
21
-4.0104623228346457
0
LINE
8
BLACK
6
CONTINUOUS
10
6.4969049999999999
20
-4.0104623228346457
11
6.4883204330708661
21
-4.0190469291338582
0
LINE
8
BLACK
6
CONTINUOUS
10
6.4883204330708661
20
-4.0190469291338582
11
6.4894035433070867
21
-4.0200518897637796
0
LINE
8
BLACK
6
CONTINUOUS
10
6.4894035433070867
20
-4.0200518897637796
11
6.4894037007874017
21
-4.0200520078740158
0
LINE
8
BLACK
6
CONTINUOUS
10
6.4894037007874017
20
-4.0200520078740158
11
6.497545748031496
21
-4.0256031496062992
0
LINE
8
BLACK
6
CONTINUOUS
10
6.497545748031496
20
-4.0256031496062992
11
6.5064239763779526
21
-4.029878622047244
0
LINE
8
BLACK
6
CONTINUOUS
10
6.5064239763779526
20
-4.029878622047244
11
6.5158402755905511
21
-4.0327831889763779
0
LINE
8
BLACK
6
CONTINUOUS
10
6.5158402755905511
20
-4.0327831889763779
11
6.5158406692913386
21
-4.0327832677165354
0
LINE
8
BLACK
6
CONTINUOUS
10
6.5158406692913386
20
-4.0327832677165354
11
6.5255845275590554
21
-4.0342519291338581
0
LINE
8
BLACK
6
CONTINUOUS
10
6.5255845275590554
20
-4.0342519291338581
11
6.5255848818897633
21
-4.0342519685039369
0
LINE
8
BLACK
6
CONTINUOUS
10
6.5255848818897633
20
-4.0342519685039369
11
6.5354387401574803
21
-4.0342519685039369
0
LINE
8
BLACK
6
CONTINUOUS
10
6.5354387401574803
20
-4.0342519685039369
11
6.5354390551181103
21
-4.0342519291338581
0
LINE
8
BLACK
6
CONTINUOUS
10
6.5354390551181103
20
-4.0342519291338581
11
6.545182913385827
21
-4.0327832677165354
0
LINE
8
BLACK
6
CONTINUOUS
10
6.545182913385827
20
-4.0327832677165354
11
6.5451833070866137
21
-4.0327831889763779
0
LINE
8
BLACK
6
CONTINUOUS
10
6.5451833070866137
20
-4.0327831889763779
11
6.5545996062992122
21
-4.029878622047244
0
LINE
8
BLACK
6
CONTINUOUS
10
6.5545996062992122
20
-4.029878622047244
11
6.5634778740157476
21
-4.0256031496062992
0
LINE
8
BLACK
6
CONTINUOUS
10
6.5634778740157476
20
-4.0256031496062992
11
6.5716196456692915
21
-4.0200522047244096
0
LINE
8
BLACK
6
CONTINUOUS
10
6.5716196456692915
20
-4.0200522047244096
11
6.571620039370079
21
-4.0200518897637796
0
LINE
8
BLACK
6
CONTINUOUS
10
6.571620039370079
20
-4.0200518897637796
11
6.5727031496062986
21
-4.0190469291338582
0
LINE
8
BLACK
6
CONTINUOUS
10
6.5727031496062986
20
-4.0190469291338582
11
6.5641185433070861
21
-4.0104623228346457
0
LINE
8
BLACK
6
CONTINUOUS
10
6.5641185433070861
20
-4.0104623228346457
11
6.5600125590551182
21
-4.013658188976378
0
LINE
8
BLACK
6
CONTINUOUS
10
6.7600125590551183
20
-4.013658188976378
11
6.7521780708661412
21
-4.0178979921259845
0
LINE
8
BLACK
6
CONTINUOUS
10
6.7521780708661412
20
-4.0178979921259845
11
6.7437525590551184
21
-4.0207904724409449
0
LINE
8
BLACK
6
CONTINUOUS
10
6.7437525590551184
20
-4.0207904724409449
11
6.7349659055118112
21
-4.0222567322834646
0
LINE
8
BLACK
6
CONTINUOUS
10
6.7349659055118112
20
-4.0222567322834646
11
6.7260577165354327
21
-4.0222567322834646
0
LINE
8
BLACK
6
CONTINUOUS
10
6.7260577165354327
20
-4.0222567322834646
11
6.7172710629921255
21
-4.0207904724409449
0
LINE
8
BLACK
6
CONTINUOUS
10
6.7172710629921255
20
-4.0207904724409449
11
6.7088455511811018
21
-4.0178979921259845
0
LINE
8
BLACK
6
CONTINUOUS
10
6.7088455511811018
20
-4.0178979921259845
11
6.7010110629921256
21
-4.013658188976378
0
LINE
8
BLACK
6
CONTINUOUS
10
6.7010110629921256
20
-4.013658188976378
11
6.6969050000000001
21
-4.0104623228346457
0
LINE
8
BLACK
6
CONTINUOUS
10
6.6969050000000001
20
-4.0104623228346457
11
6.6883204330708663
21
-4.0190469291338582
0
LINE
8
BLACK
6
CONTINUOUS
10
6.6883204330708663
20
-4.0190469291338582
11
6.6894035433070869
21
-4.0200518897637796
0
LINE
8
BLACK
6
CONTINUOUS
10
6.6894035433070869
20
-4.0200518897637796
11
6.689403700787401
21
-4.0200520078740158
0
LINE
8
BLACK
6
CONTINUOUS
10
6.689403700787401
20
-4.0200520078740158
11
6.6975457480314962
21
-4.0256031496062992
0
LINE
8
BLACK
6
CONTINUOUS
10
6.6975457480314962
20
-4.0256031496062992
11
6.7064239763779527
21
-4.029878622047244
0
LINE
8
BLACK
6
CONTINUOUS
10
6.7064239763779527
20
-4.029878622047244
11
6.7158402755905513
21
-4.0327831889763779
0
LINE
8
BLACK
6
CONTINUOUS
10
6.7158402755905513
20
-4.0327831889763779
11
6.7158406692913388
21
-4.0327832677165354
0
LINE
8
BLACK
6
CONTINUOUS
10
6.7158406692913388
20
-4.0327832677165354
11
6.7255845275590547
21
-4.0342519291338581
0
LINE
8
BLACK
6
CONTINUOUS
10
6.7255845275590547
20
-4.0342519291338581
11
6.7255848818897634
21
-4.0342519685039369
0
LINE
8
BLACK
6
CONTINUOUS
10
6.7255848818897634
20
-4.0342519685039369
11
6.7354387401574805
21
-4.0342519685039369
0
LINE
8
BLACK
6
CONTINUOUS
10
6.7354387401574805
20
-4.0342519685039369
11
6.7354390551181105
21
-4.0342519291338581
0
LINE
8
BLACK
6
CONTINUOUS
10
6.7354390551181105
20
-4.0342519291338581
11
6.7451829133858263
21
-4.0327832677165354
0
LINE
8
BLACK
6
CONTINUOUS
10
6.7451829133858263
20
-4.0327832677165354
11
6.7451833070866138
21
-4.0327831889763779
0
LINE
8
BLACK
6
CONTINUOUS
10
6.7451833070866138
20
-4.0327831889763779
11
6.7545996062992124
21
-4.029878622047244
0
LINE
8
BLACK
6
CONTINUOUS
10
6.7545996062992124
20
-4.029878622047244
11
6.7634778740157477
21
-4.0256031496062992
0
LINE
8
BLACK
6
CONTINUOUS
10
6.7634778740157477
20
-4.0256031496062992
11
6.7716196456692908
21
-4.0200522047244096
0
LINE
8
BLACK
6
CONTINUOUS
10
6.7716196456692908
20
-4.0200522047244096
11
6.7716200393700783
21
-4.0200518897637796
0
LINE
8
BLACK
6
CONTINUOUS
10
6.7716200393700783
20
-4.0200518897637796
11
6.7727031496062988
21
-4.0190469291338582
0
LINE
8
BLACK
6
CONTINUOUS
10
6.7727031496062988
20
-4.0190469291338582
11
6.7641185433070863
21
-4.0104623228346457
0
LINE
8
BLACK
6
CONTINUOUS
10
6.7641185433070863
20
-4.0104623228346457
11
6.7600125590551183
21
-4.013658188976378
0
LINE
8
BLACK
6
CONTINUOUS
10
5.4957077952755906
20
-3.958677401574803
11
5.4957077165354331
21
-3.9586770078740154
0
LINE
8
BLACK
6
CONTINUOUS
10
5.4957077165354331
20
-3.9586770078740154
11
5.4935149999999995
21
-3.9490699212598424
0
LINE
8
BLACK
6
CONTINUOUS
10
5.4935149999999995
20
-3.9490699212598424
11
5.4899149212598424
21
-3.9398971653543304
0
LINE
8
BLACK
6
CONTINUOUS
10
5.4899149212598424
20
-3.9398971653543304
11
5.4899145669291336
21
-3.9398964173228346
0
LINE
8
BLACK
6
CONTINUOUS
10
5.4899145669291336
20
-3.9398964173228346
11
5.4849878346456693
21
-3.9313630708661416
0
LINE
8
BLACK
6
CONTINUOUS
10
5.4849878346456693
20
-3.9313630708661416
11
5.4849876771653543
21
-3.931362834645669
0
LINE
8
BLACK
6
CONTINUOUS
10
5.4849876771653543
20
-3.931362834645669
11
5.4810022047244091
21
-3.9263651574803147
0
LINE
8
BLACK
6
CONTINUOUS
10
5.4810022047244091
20
-3.9263651574803147
11
5.4725563385826774
21
-3.9348109842519685
0
LINE
8
BLACK
6
CONTINUOUS
10
5.4725563385826774
20
-3.9348109842519685
11
5.4730756692913385
21
-3.9353751574803151
0
LINE
8
BLACK
6
CONTINUOUS
10
5.4730756692913385
20
-3.9353751574803151
11
5.4779479921259844
21
-3.9428327559055116
0
LINE
8
BLACK
6
CONTINUOUS
10
5.4779479921259844
20
-3.9428327559055116
11
5.4815263779527559
21
-3.9509906299212596
0
LINE
8
BLACK
6
CONTINUOUS
10
5.4815263779527559
20
-3.9509906299212596
11
5.4837131889763775
21
-3.9596261811023621
0
LINE
8
BLACK
6
CONTINUOUS
10
5.4837131889763775
20
-3.9596261811023621
11
5.4844488188976372
21
-3.9685039370078741
0
LINE
8
BLACK
6
CONTINUOUS
10
5.4844488188976372
20
-3.9685039370078741
11
5.4837131889763775
21
-3.9773816929133856
0
LINE
8
BLACK
6
CONTINUOUS
10
5.4837131889763775
20
-3.9773816929133856
11
5.4815263779527559
21
-3.9860172440944881
0
LINE
8
BLACK
6
CONTINUOUS
10
5.4815263779527559
20
-3.9860172440944881
11
5.4779479921259844
21
-3.9941751181102361
0
LINE
8
BLACK
6
CONTINUOUS
10
5.4779479921259844
20
-3.9941751181102361
11
5.4730756692913385
21
-4.0016327165354326
0
LINE
8
BLACK
6
CONTINUOUS
10
5.4730756692913385
20
-4.0016327165354326
11
5.4725563779527562
21
-4.0021968110236221
0
LINE
8
BLACK
6
CONTINUOUS
10
5.4725563779527562
20
-4.0021968110236221
11
5.4810022047244091
21
-4.0106426377952751
0
LINE
8
BLACK
6
CONTINUOUS
10
5.4810022047244091
20
-4.0106426377952751
11
5.4849874409448818
21
-4.0056453149606295
0
LINE
8
BLACK
6
CONTINUOUS
10
5.4849874409448818
20
-4.0056453149606295
11
5.4849878346456693
21
-4.0056447637795278
0
LINE
8
BLACK
6
CONTINUOUS
10
5.4849878346456693
20
-4.0056447637795278
11
5.4899145669291336
21
-3.9971114173228344
0
LINE
8
BLACK
6
CONTINUOUS
10
5.4899145669291336
20
-3.9971114173228344
11
5.4899149212598424
21
-3.9971106692913385
0
LINE
8
BLACK
6
CONTINUOUS
10
5.4899149212598424
20
-3.9971106692913385
11
5.4935149999999995
21
-3.9879379133858266
0
LINE
8
BLACK
6
CONTINUOUS
10
5.4935149999999995
20
-3.9879379133858266
11
5.4957077165354331
21
-3.9783308267716535
0
LINE
8
BLACK
6
CONTINUOUS
10
5.4957077165354331
20
-3.9783308267716535
11
5.4957077952755906
21
-3.978330433070866
0
LINE
8
BLACK
6
CONTINUOUS
10
5.4957077952755906
20
-3.978330433070866
11
5.4964442125984254
21
-3.9685040157480316
0
LINE
8
BLACK
6
CONTINUOUS
10
5.4964442125984254
20
-3.9685040157480316
11
5.4964442125984254
21
-3.9685038188976378
0
LINE
8
BLACK
6
CONTINUOUS
10
5.4964442125984254
20
-3.9685038188976378
11
5.4957077952755906
21
-3.958677401574803
0
LINE
8
BLACK
6
CONTINUOUS
10
5.6725563385826767
20
-3.9348109842519685
11
5.6730756692913387
21
-3.9353751574803151
0
LINE
8
BLACK
6
CONTINUOUS
10
5.6730756692913387
20
-3.9353751574803151
11
5.6779479921259846
21
-3.9428327559055116
0
LINE
8
BLACK
6
CONTINUOUS
10
5.6779479921259846
20
-3.9428327559055116
11
5.6815263779527561
21
-3.9509906299212596
0
LINE
8
BLACK
6
CONTINUOUS
10
5.6815263779527561
20
-3.9509906299212596
11
5.6837131889763777
21
-3.9596261811023621
0
LINE
8
BLACK
6
CONTINUOUS
10
5.6837131889763777
20
-3.9596261811023621
11
5.6844488188976374
21
-3.9685039370078741
0
LINE
8
BLACK
6
CONTINUOUS
10
5.6844488188976374
20
-3.9685039370078741
11
5.6837131889763777
21
-3.9773816929133856
0
LINE
8
BLACK
6
CONTINUOUS
10
5.6837131889763777
20
-3.9773816929133856
11
5.6815263779527561
21
-3.9860172440944881
0
LINE
8
BLACK
6
CONTINUOUS
10
5.6815263779527561
20
-3.9860172440944881
11
5.6779479921259846
21
-3.9941751181102361
0
LINE
8
BLACK
6
CONTINUOUS
10
5.6779479921259846
20
-3.9941751181102361
11
5.6730756692913387
21
-4.0016327165354326
0
LINE
8
BLACK
6
CONTINUOUS
10
5.6730756692913387
20
-4.0016327165354326
11
5.6725563779527555
21
-4.0021968110236221
0
LINE
8
BLACK
6
CONTINUOUS
10
5.6725563779527555
20
-4.0021968110236221
11
5.6810022047244093
21
-4.0106426377952751
0
LINE
8
BLACK
6
CONTINUOUS
10
5.6810022047244093
20
-4.0106426377952751
11
5.684987440944882
21
-4.0056453149606295
0
LINE
8
BLACK
6
CONTINUOUS
10
5.684987440944882
20
-4.0056453149606295
11
5.6849878346456695
21
-4.0056447637795278
0
LINE
8
BLACK
6
CONTINUOUS
10
5.6849878346456695
20
-4.0056447637795278
11
5.6899145669291338
21
-3.9971114173228344
0
LINE
8
BLACK
6
CONTINUOUS
10
5.6899145669291338
20
-3.9971114173228344
11
5.6899149212598426
21
-3.9971106692913385
0
LINE
8
BLACK
6
CONTINUOUS
10
5.6899149212598426
20
-3.9971106692913385
11
5.6935149999999997
21
-3.9879379133858266
0
LINE
8
BLACK
6
CONTINUOUS
10
5.6935149999999997
20
-3.9879379133858266
11
5.6957077165354333
21
-3.9783308267716535
0
LINE
8
BLACK
6
CONTINUOUS
10
5.6957077165354333
20
-3.9783308267716535
11
5.6957077952755908
21
-3.978330433070866
0
LINE
8
BLACK
6
CONTINUOUS
10
5.6957077952755908
20
-3.978330433070866
11
5.6964442125984247
21
-3.9685040157480316
0
LINE
8
BLACK
6
CONTINUOUS
10
5.6964442125984247
20
-3.9685040157480316
11
5.6964442125984247
21
-3.9685038188976378
0
LINE
8
BLACK
6
CONTINUOUS
10
5.6964442125984247
20
-3.9685038188976378
11
5.6957077952755908
21
-3.958677401574803
0
LINE
8
BLACK
6
CONTINUOUS
10
5.6957077952755908
20
-3.958677401574803
11
5.6957077165354333
21
-3.9586770078740154
0
LINE
8
BLACK
6
CONTINUOUS
10
5.6957077165354333
20
-3.9586770078740154
11
5.6935149999999997
21
-3.9490699212598424
0
LINE
8
BLACK
6
CONTINUOUS
10
5.6935149999999997
20
-3.9490699212598424
11
5.6899149212598426
21
-3.9398971653543304
0
LINE
8
BLACK
6
CONTINUOUS
10
5.6899149212598426
20
-3.9398971653543304
11
5.6899145669291338
21
-3.9398964173228346
0
LINE
8
BLACK
6
CONTINUOUS
10
5.6899145669291338
20
-3.9398964173228346
11
5.6849878346456695
21
-3.9313630708661416
0
LINE
8
BLACK
6
CONTINUOUS
10
5.6849878346456695
20
-3.9313630708661416
11
5.6849876771653545
21
-3.931362834645669
0
LINE
8
BLACK
6
CONTINUOUS
10
5.6849876771653545
20
-3.931362834645669
11
5.6810022047244093
21
-3.9263651574803147
0
LINE
8
BLACK
6
CONTINUOUS
10
5.6810022047244093
20
-3.9263651574803147
11
5.6725563385826767
21
-3.9348109842519685
0
LINE
8
BLACK
6
CONTINUOUS
10
6.3953268503937011
20
-3.9141929527559056
11
6.3943393700787396
21
-3.9143074409448819
0
LINE
8
BLACK
6
CONTINUOUS
10
6.3943393700787396
20
-3.9143074409448819
11
6.3902998818897636
21
-3.9160910629921259
0
LINE
8
BLACK
6
CONTINUOUS
10
6.3902998818897636
20
-3.9160910629921259
11
6.3871774803149606
21
-3.919213464566929
0
LINE
8
BLACK
6
CONTINUOUS
10
6.3871774803149606
20
-3.919213464566929
11
6.3853938582677161
21
-3.923253031496063
0
LINE
8
BLACK
6
CONTINUOUS
10
6.3853938582677161
20
-3.923253031496063
11
6.385279330708661
21
-3.9242402362204722
0
LINE
8
BLACK
6
CONTINUOUS
10
6.385279330708661
20
-3.9242402362204722
11
6.385279330708661
21
-3.9375983858267714
0
LINE
8
BLACK
6
CONTINUOUS
10
6.385279330708661
20
-3.9375983858267714
11
6.3852793700787398
21
-3.9375984251968501
0
LINE
8
BLACK
6
CONTINUOUS
10
6.3852793700787398
20
-3.9375984251968501
11
6.3970903543307083
21
-3.9375984251968501
0
LINE
8
BLACK
6
CONTINUOUS
10
6.3970903543307083
20
-3.9375984251968501
11
6.3970903543307083
21
-3.9260039370078741
0
LINE
8
BLACK
6
CONTINUOUS
10
6.3970903543307083
20
-3.9260039370078741
11
6.418684842519685
21
-3.9260039370078741
0
LINE
8
BLACK
6
CONTINUOUS
10
6.418684842519685
20
-3.9260039370078741
11
6.418684842519685
21
-3.9141929527559056
0
LINE
8
BLACK
6
CONTINUOUS
10
6.418684842519685
20
-3.9141929527559056
11
6.4186848031496062
21
-3.9141929133858269
0
LINE
8
BLACK
6
CONTINUOUS
10
6.4186848031496062
20
-3.9141929133858269
11
6.3953269685039364
21
-3.9141929133858269
0
LINE
8
BLACK
6
CONTINUOUS
10
6.3953269685039364
20
-3.9141929133858269
11
6.3953268503937011
21
-3.9141929527559056
0
LINE
8
BLACK
6
CONTINUOUS
10
6.5957077952755903
20
-3.958677401574803
11
6.5957077165354328
21
-3.9586770078740154
0
LINE
8
BLACK
6
CONTINUOUS
10
6.5957077165354328
20
-3.9586770078740154
11
6.593515
21
-3.9490699212598424
0
LINE
8
BLACK
6
CONTINUOUS
10
6.593515
20
-3.9490699212598424
11
6.589914921259842
21
-3.9398971653543304
0
LINE
8
BLACK
6
CONTINUOUS
10
6.589914921259842
20
-3.9398971653543304
11
6.5899145669291341
21
-3.9398964173228346
0
LINE
8
BLACK
6
CONTINUOUS
10
6.5899145669291341
20
-3.9398964173228346
11
6.5849878346456689
21
-3.9313630708661416
0
LINE
8
BLACK
6
CONTINUOUS
10
6.5849878346456689
20
-3.9313630708661416
11
6.5849876771653539
21
-3.931362834645669
0
LINE
8
BLACK
6
CONTINUOUS
10
6.5849876771653539
20
-3.931362834645669
11
6.5810022047244097
21
-3.9263651574803147
0
LINE
8
BLACK
6
CONTINUOUS
10
6.5810022047244097
20
-3.9263651574803147
11
6.5725563385826771
21
-3.9348109842519685
0
LINE
8
BLACK
6
CONTINUOUS
10
6.5725563385826771
20
-3.9348109842519685
11
6.5730756692913381
21
-3.9353751574803151
0
LINE
8
BLACK
6
CONTINUOUS
10
6.5730756692913381
20
-3.9353751574803151
11
6.577947992125984
21
-3.9428327559055116
0
LINE
8
BLACK
6
CONTINUOUS
10
6.577947992125984
20
-3.9428327559055116
11
6.5815263779527555
21
-3.9509906299212596
0
LINE
8
BLACK
6
CONTINUOUS
10
6.5815263779527555
20
-3.9509906299212596
11
6.583713188976378
21
-3.9596261811023621
0
LINE
8
BLACK
6
CONTINUOUS
10
6.583713188976378
20
-3.9596261811023621
11
6.5844488188976378
21
-3.9685039370078741
0
LINE
8
BLACK
6
CONTINUOUS
10
6.5844488188976378
20
-3.9685039370078741
11
6.583713188976378
21
-3.9773816929133856
0
LINE
8
BLACK
6
CONTINUOUS
10
6.583713188976378
20
-3.9773816929133856
11
6.5815263779527555
21
-3.9860172440944881
0
LINE
8
BLACK
6
CONTINUOUS
10
6.5815263779527555
20
-3.9860172440944881
11
6.577947992125984
21
-3.9941751181102361
0
LINE
8
BLACK
6
CONTINUOUS
10
6.577947992125984
20
-3.9941751181102361
11
6.5730756692913381
21
-4.0016327165354326
0
LINE
8
BLACK
6
CONTINUOUS
10
6.5730756692913381
20
-4.0016327165354326
11
6.5725563779527558
21
-4.0021968110236221
0
LINE
8
BLACK
6
CONTINUOUS
10
6.5725563779527558
20
-4.0021968110236221
11
6.5810022047244097
21
-4.0106426377952751
0
LINE
8
BLACK
6
CONTINUOUS
10
6.5810022047244097
20
-4.0106426377952751
11
6.5849874409448814
21
-4.0056453149606295
0
LINE
8
BLACK
6
CONTINUOUS
10
6.5849874409448814
20
-4.0056453149606295
11
6.5849878346456689
21
-4.0056447637795278
0
LINE
8
BLACK
6
CONTINUOUS
10
6.5849878346456689
20
-4.0056447637795278
11
6.5899145669291341
21
-3.9971114173228344
0
LINE
8
BLACK
6
CONTINUOUS
10
6.5899145669291341
20
-3.9971114173228344
11
6.589914921259842
21
-3.9971106692913385
0
LINE
8
BLACK
6
CONTINUOUS
10
6.589914921259842
20
-3.9971106692913385
11
6.593515
21
-3.9879379133858266
0
LINE
8
BLACK
6
CONTINUOUS
10
6.593515
20
-3.9879379133858266
11
6.5957077165354328
21
-3.9783308267716535
0
LINE
8
BLACK
6
CONTINUOUS
10
6.5957077165354328
20
-3.9783308267716535
11
6.5957077952755903
21
-3.978330433070866
0
LINE
8
BLACK
6
CONTINUOUS
10
6.5957077952755903
20
-3.978330433070866
11
6.5964442125984251
21
-3.9685040157480316
0
LINE
8
BLACK
6
CONTINUOUS
10
6.5964442125984251
20
-3.9685040157480316
11
6.5964442125984251
21
-3.9685038188976378
0
LINE
8
BLACK
6
CONTINUOUS
10
6.5964442125984251
20
-3.9685038188976378
11
6.5957077952755903
21
-3.958677401574803
0
LINE
8
BLACK
6
CONTINUOUS
10
6.7725563385826772
20
-3.9348109842519685
11
6.7730756692913383
21
-3.9353751574803151
0
LINE
8
BLACK
6
CONTINUOUS
10
6.7730756692913383
20
-3.9353751574803151
11
6.7779479921259842
21
-3.9428327559055116
0
LINE
8
BLACK
6
CONTINUOUS
10
6.7779479921259842
20
-3.9428327559055116
11
6.7815263779527557
21
-3.9509906299212596
0
LINE
8
BLACK
6
CONTINUOUS
10
6.7815263779527557
20
-3.9509906299212596
11
6.7837131889763782
21
-3.9596261811023621
0
LINE
8
BLACK
6
CONTINUOUS
10
6.7837131889763782
20
-3.9596261811023621
11
6.784448818897638
21
-3.9685039370078741
0
LINE
8
BLACK
6
CONTINUOUS
10
6.784448818897638
20
-3.9685039370078741
11
6.7837131889763782
21
-3.9773816929133856
0
LINE
8
BLACK
6
CONTINUOUS
10
6.7837131889763782
20
-3.9773816929133856
11
6.7815263779527557
21
-3.9860172440944881
0
LINE
8
BLACK
6
CONTINUOUS
10
6.7815263779527557
20
-3.9860172440944881
11
6.7779479921259842
21
-3.9941751181102361
0
LINE
8
BLACK
6
CONTINUOUS
10
6.7779479921259842
20
-3.9941751181102361
11
6.7730756692913383
21
-4.0016327165354326
0
LINE
8
BLACK
6
CONTINUOUS
10
6.7730756692913383
20
-4.0016327165354326
11
6.772556377952756
21
-4.0021968110236221
0
LINE
8
BLACK
6
CONTINUOUS
10
6.772556377952756
20
-4.0021968110236221
11
6.781002204724409
21
-4.0106426377952751
0
LINE
8
BLACK
6
CONTINUOUS
10
6.781002204724409
20
-4.0106426377952751
11
6.7849874409448816
21
-4.0056453149606295
0
LINE
8
BLACK
6
CONTINUOUS
10
6.7849874409448816
20
-4.0056453149606295
11
6.7849878346456691
21
-4.0056447637795278
0
LINE
8
BLACK
6
CONTINUOUS
10
6.7849878346456691
20
-4.0056447637795278
11
6.7899145669291334
21
-3.9971114173228344
0
LINE
8
BLACK
6
CONTINUOUS
10
6.7899145669291334
20
-3.9971114173228344
11
6.7899149212598422
21
-3.9971106692913385
0
LINE
8
BLACK
6
CONTINUOUS
10
6.7899149212598422
20
-3.9971106692913385
11
6.7935150000000002
21
-3.9879379133858266
0
LINE
8
BLACK
6
CONTINUOUS
10
6.7935150000000002
20
-3.9879379133858266
11
6.7957077165354329
21
-3.9783308267716535
0
LINE
8
BLACK
6
CONTINUOUS
10
6.7957077165354329
20
-3.9783308267716535
11
6.7957077952755904
21
-3.978330433070866
0
LINE
8
BLACK
6
CONTINUOUS
10
6.7957077952755904
20
-3.978330433070866
11
6.7964442125984252
21
-3.9685040157480316
0
LINE
8
BLACK
6
CONTINUOUS
10
6.7964442125984252
20
-3.9685040157480316
11
6.7964442125984252
21
-3.9685038188976378
0
LINE
8
BLACK
6
CONTINUOUS
10
6.7964442125984252
20
-3.9685038188976378
11
6.7957077952755904
21
-3.958677401574803
0
LINE
8
BLACK
6
CONTINUOUS
10
6.7957077952755904
20
-3.958677401574803
11
6.7957077165354329
21
-3.9586770078740154
0
LINE
8
BLACK
6
CONTINUOUS
10
6.7957077165354329
20
-3.9586770078740154
11
6.7935150000000002
21
-3.9490699212598424
0
LINE
8
BLACK
6
CONTINUOUS
10
6.7935150000000002
20
-3.9490699212598424
11
6.7899149212598422
21
-3.9398971653543304
0
LINE
8
BLACK
6
CONTINUOUS
10
6.7899149212598422
20
-3.9398971653543304
11
6.7899145669291334
21
-3.9398964173228346
0
LINE
8
BLACK
6
CONTINUOUS
10
6.7899145669291334
20
-3.9398964173228346
11
6.7849878346456691
21
-3.9313630708661416
0
LINE
8
BLACK
6
CONTINUOUS
10
6.7849878346456691
20
-3.9313630708661416
11
6.7849876771653541
21
-3.931362834645669
0
LINE
8
BLACK
6
CONTINUOUS
10
6.7849876771653541
20
-3.931362834645669
11
6.781002204724409
21
-3.9263651574803147
0
LINE
8
BLACK
6
CONTINUOUS
10
6.781002204724409
20
-3.9263651574803147
11
6.7725563385826772
21
-3.9348109842519685
0
LINE
8
BLACK
6
CONTINUOUS
10
6.3852793700787398
20
-3.9494094881889761
11
6.3852793700787398
21
-3.9627673622047244
0
LINE
8
BLACK
6
CONTINUOUS
10
6.3852793700787398
20
-3.9627673622047244
11
6.3853938582677161
21
-3.9637548818897637
0
LINE
8
BLACK
6
CONTINUOUS
10
6.3853938582677161
20
-3.9637548818897637
11
6.3871774803149606
21
-3.9677943700787401
0
LINE
8
BLACK
6
CONTINUOUS
10
6.3871774803149606
20
-3.9677943700787401
11
6.3902998818897636
21
-3.9709167716535432
0
LINE
8
BLACK
6
CONTINUOUS
10
6.3902998818897636
20
-3.9709167716535432
11
6.3943394488188972
21
-3.9727003937007872
0
LINE
8
BLACK
6
CONTINUOUS
10
6.3943394488188972
20
-3.9727003937007872
11
6.3953266929133861
21
-3.9728149212598423
0
LINE
8
BLACK
6
CONTINUOUS
10
6.3953266929133861
20
-3.9728149212598423
11
6.4186847637795275
21
-3.9728149212598423
0
LINE
8
BLACK
6
CONTINUOUS
10
6.4186847637795275
20
-3.9728149212598423
11
6.418684842519685
21
-3.9728148818897635
0
LINE
8
BLACK
6
CONTINUOUS
10
6.418684842519685
20
-3.9728148818897635
11
6.418684842519685
21
-3.9610039370078738
0
LINE
8
BLACK
6
CONTINUOUS
10
6.418684842519685
20
-3.9610039370078738
11
6.3970903543307083
21
-3.9610039370078738
0
LINE
8
BLACK
6
CONTINUOUS
10
6.3970903543307083
20
-3.9610039370078738
11
6.3970903543307083
21
-3.9494094488188973
0
LINE
8
BLACK
6
CONTINUOUS
10
6.3970903543307083
20
-3.9494094488188973
11
6.3852794094488186
21
-3.9494094488188973
0
LINE
8
BLACK
6
CONTINUOUS
10
6.3852794094488186
20
-3.9494094488188973
11
6.3852793700787398
21
-3.9494094881889761
0
LINE
8
BLACK
6
CONTINUOUS
10
5.9141813779527554
20
-3.919881929133858
11
5.9131938976377949
21
-3.9199964173228348
0
LINE
8
BLACK
6
CONTINUOUS
10
5.9131938976377949
20
-3.9199964173228348
11
5.9091544094488189
21
-3.9217800393700788
0
LINE
8
BLACK
6
CONTINUOUS
10
5.9091544094488189
20
-3.9217800393700788
11
5.9060320078740158
21
-3.9249024409448818
0
LINE
8
BLACK
6
CONTINUOUS
10
5.9060320078740158
20
-3.9249024409448818
11
5.9042483858267714
21
-3.9289420078740158
0
LINE
8
BLACK
6
CONTINUOUS
10
5.9042483858267714
20
-3.9289420078740158
11
5.9041338582677163
21
-3.9299292125984251
0
LINE
8
BLACK
6
CONTINUOUS
10
5.9041338582677163
20
-3.9299292125984251
11
5.9041338582677163
21
-3.9375983858267714
0
LINE
8
BLACK
6
CONTINUOUS
10
5.9041338582677163
20
-3.9375983858267714
11
5.9041338976377951
21
-3.9375984251968501
0
LINE
8
BLACK
6
CONTINUOUS
10
5.9041338976377951
20
-3.9375984251968501
11
5.9159448818897635
21
-3.9375984251968501
0
LINE
8
BLACK
6
CONTINUOUS
10
5.9159448818897635
20
-3.9375984251968501
11
5.9159448818897635
21
-3.9316929133858265
0
LINE
8
BLACK
6
CONTINUOUS
10
5.9159448818897635
20
-3.9316929133858265
11
5.939566929133858
21
-3.9316929133858265
0
LINE
8
BLACK
6
CONTINUOUS
10
5.939566929133858
20
-3.9316929133858265
11
5.939566929133858
21
-3.919881929133858
0
LINE
8
BLACK
6
CONTINUOUS
10
5.939566929133858
20
-3.919881929133858
11
5.9395668897637792
21
-3.9198818897637793
0
LINE
8
BLACK
6
CONTINUOUS
10
5.9395668897637792
20
-3.9198818897637793
11
5.9141814960629917
21
-3.9198818897637793
0
LINE
8
BLACK
6
CONTINUOUS
10
5.9141814960629917
20
-3.9198818897637793
11
5.9141813779527554
21
-3.919881929133858
0
LINE
8
BLACK
6
CONTINUOUS
10
5.4158406692913381
20
-3.9042245669291336
11
5.4158402755905515
21
-3.9042246456692911
0
LINE
8
BLACK
6
CONTINUOUS
10
5.4158402755905515
20
-3.9042246456692911
11
5.4064239763779529
21
-3.9071292125984249
0
LINE
8
BLACK
6
CONTINUOUS
10
5.4064239763779529
20
-3.9071292125984249
11
5.3975457480314963
21
-3.9114046850393698
0
LINE
8
BLACK
6
CONTINUOUS
10
5.3975457480314963
20
-3.9114046850393698
11
5.3894035826771649
21
-3.9169559055118111
0
LINE
8
BLACK
6
CONTINUOUS
10
5.3894035826771649
20
-3.9169559055118111
11
5.3883204330708656
21
-3.917960866141732
0
LINE
8
BLACK
6
CONTINUOUS
10
5.3883204330708656
20
-3.917960866141732
11
5.396905039370079
21
-3.926545472440945
0
LINE
8
BLACK
6
CONTINUOUS
10
5.396905039370079
20
-3.926545472440945
11
5.4010110629921257
21
-3.9233496850393701
0
LINE
8
BLACK
6
CONTINUOUS
10
5.4010110629921257
20
-3.9233496850393701
11
5.408845551181102
21
-3.9191098818897636
0
LINE
8
BLACK
6
CONTINUOUS
10
5.408845551181102
20
-3.9191098818897636
11
5.4172710629921257
21
-3.9162174015748032
0
LINE
8
BLACK
6
CONTINUOUS
10
5.4172710629921257
20
-3.9162174015748032
11
5.4260577165354329
21
-3.9147511417322836
0
LINE
8
BLACK
6
CONTINUOUS
10
5.4260577165354329
20
-3.9147511417322836
11
5.4349659055118105
21
-3.9147511417322836
0
LINE
8
BLACK
6
CONTINUOUS
10
5.4349659055118105
20
-3.9147511417322836
11
5.4437525590551177
21
-3.9162174015748032
0
LINE
8
BLACK
6
CONTINUOUS
10
5.4437525590551177
20
-3.9162174015748032
11
5.4521780708661414
21
-3.9191098818897636
0
LINE
8
BLACK
6
CONTINUOUS
10
5.4521780708661414
20
-3.9191098818897636
11
5.4600125590551176
21
-3.9233496850393701
0
LINE
8
BLACK
6
CONTINUOUS
10
5.4600125590551176
20
-3.9233496850393701
11
5.464118464566929
21
-3.9265454330708662
0
LINE
8
BLACK
6
CONTINUOUS
10
5.464118464566929
20
-3.9265454330708662
11
5.4727031102362202
21
-3.917960866141732
0
LINE
8
BLACK
6
CONTINUOUS
10
5.4727031102362202
20
-3.917960866141732
11
5.4716200787401572
21
-3.9169559842519686
0
LINE
8
BLACK
6
CONTINUOUS
10
5.4716200787401572
20
-3.9169559842519686
11
5.4634777165354329
21
-3.9114046456692915
0
LINE
8
BLACK
6
CONTINUOUS
10
5.4634777165354329
20
-3.9114046456692915
11
5.4545996062992126
21
-3.9071292125984249
0
LINE
8
BLACK
6
CONTINUOUS
10
5.4545996062992126
20
-3.9071292125984249
11
5.445183307086614
21
-3.9042246456692911
0
LINE
8
BLACK
6
CONTINUOUS
10
5.445183307086614
20
-3.9042246456692911
11
5.4451829133858265
21
-3.9042245669291336
0
LINE
8
BLACK
6
CONTINUOUS
10
5.4451829133858265
20
-3.9042245669291336
11
5.4354390551181098
21
-3.9027559055118108
0
LINE
8
BLACK
6
CONTINUOUS
10
5.4354390551181098
20
-3.9027559055118108
11
5.4255845275590548
21
-3.9027559055118108
0
LINE
8
BLACK
6
CONTINUOUS
10
5.4255845275590548
20
-3.9027559055118108
11
5.4158406692913381
21
-3.9042245669291336
0
LINE
8
BLACK
6
CONTINUOUS
10
5.6158406692913383
20
-3.9042245669291336
11
5.6158402755905508
21
-3.9042246456692911
0
LINE
8
BLACK
6
CONTINUOUS
10
5.6158402755905508
20
-3.9042246456692911
11
5.6064239763779522
21
-3.9071292125984249
0
LINE
8
BLACK
6
CONTINUOUS
10
5.6064239763779522
20
-3.9071292125984249
11
5.5975457480314956
21
-3.9114046850393698
0
LINE
8
BLACK
6
CONTINUOUS
10
5.5975457480314956
20
-3.9114046850393698
11
5.5894035826771651
21
-3.9169559055118111
0
LINE
8
BLACK
6
CONTINUOUS
10
5.5894035826771651
20
-3.9169559055118111
11
5.5883204330708658
21
-3.917960866141732
0
LINE
8
BLACK
6
CONTINUOUS
10
5.5883204330708658
20
-3.917960866141732
11
5.5969050393700783
21
-3.926545472440945
0
LINE
8
BLACK
6
CONTINUOUS
10
5.5969050393700783
20
-3.926545472440945
11
5.6010110629921259
21
-3.9233496850393701
0
LINE
8
BLACK
6
CONTINUOUS
10
5.6010110629921259
20
-3.9233496850393701
11
5.6088455511811022
21
-3.9191098818897636
0
LINE
8
BLACK
6
CONTINUOUS
10
5.6088455511811022
20
-3.9191098818897636
11
5.6172710629921259
21
-3.9162174015748032
0
LINE
8
BLACK
6
CONTINUOUS
10
5.6172710629921259
20
-3.9162174015748032
11
5.6260577165354331
21
-3.9147511417322836
0
LINE
8
BLACK
6
CONTINUOUS
10
5.6260577165354331
20
-3.9147511417322836
11
5.6349659055118106
21
-3.9147511417322836
0
LINE
8
BLACK
6
CONTINUOUS
10
5.6349659055118106
20
-3.9147511417322836
11
5.6437525590551179
21
-3.9162174015748032
0
LINE
8
BLACK
6
CONTINUOUS
10
5.6437525590551179
20
-3.9162174015748032
11
5.6521780708661415
21
-3.9191098818897636
0
LINE
8
BLACK
6
CONTINUOUS
10
5.6521780708661415
20
-3.9191098818897636
11
5.6600125590551178
21
-3.9233496850393701
0
LINE
8
BLACK
6
CONTINUOUS
10
5.6600125590551178
20
-3.9233496850393701
11
5.6641184645669291
21
-3.9265454330708662
0
LINE
8
BLACK
6
CONTINUOUS
10
5.6641184645669291
20
-3.9265454330708662
11
5.6727031102362204
21
-3.917960866141732
0
LINE
8
BLACK
6
CONTINUOUS
10
5.6727031102362204
20
-3.917960866141732
11
5.6716200787401574
21
-3.9169559842519686
0
LINE
8
BLACK
6
CONTINUOUS
10
5.6716200787401574
20
-3.9169559842519686
11
5.6634777165354331
21
-3.9114046456692915
0
LINE
8
BLACK
6
CONTINUOUS
10
5.6634777165354331
20
-3.9114046456692915
11
5.6545996062992128
21
-3.9071292125984249
0
LINE
8
BLACK
6
CONTINUOUS
10
5.6545996062992128
20
-3.9071292125984249
11
5.6451833070866142
21
-3.9042246456692911
0
LINE
8
BLACK
6
CONTINUOUS
10
5.6451833070866142
20
-3.9042246456692911
11
5.6451829133858267
21
-3.9042245669291336
0
LINE
8
BLACK
6
CONTINUOUS
10
5.6451829133858267
20
-3.9042245669291336
11
5.6354390551181099
21
-3.9027559055118108
0
LINE
8
BLACK
6
CONTINUOUS
10
5.6354390551181099
20
-3.9027559055118108
11
5.625584527559055
21
-3.9027559055118108
0
LINE
8
BLACK
6
CONTINUOUS
10
5.625584527559055
20
-3.9027559055118108
11
5.6158406692913383
21
-3.9042245669291336
0
LINE
8
BLACK
6
CONTINUOUS
10
6.5158406692913386
20
-3.9042245669291336
11
6.5158402755905511
21
-3.9042246456692911
0
LINE
8
BLACK
6
CONTINUOUS
10
6.5158402755905511
20
-3.9042246456692911
11
6.5064239763779526
21
-3.9071292125984249
0
LINE
8
BLACK
6
CONTINUOUS
10
6.5064239763779526
20
-3.9071292125984249
11
6.497545748031496
21
-3.9114046850393698
0
LINE
8
BLACK
6
CONTINUOUS
10
6.497545748031496
20
-3.9114046850393698
11
6.4894035826771654
21
-3.9169559055118111
0
LINE
8
BLACK
6
CONTINUOUS
10
6.4894035826771654
20
-3.9169559055118111
11
6.4883204330708661
21
-3.917960866141732
0
LINE
8
BLACK
6
CONTINUOUS
10
6.4883204330708661
20
-3.917960866141732
11
6.4969050393700787
21
-3.926545472440945
0
LINE
8
BLACK
6
CONTINUOUS
10
6.4969050393700787
20
-3.926545472440945
11
6.5010110629921263
21
-3.9233496850393701
0
LINE
8
BLACK
6
CONTINUOUS
10
6.5010110629921263
20
-3.9233496850393701
11
6.5088455511811025
21
-3.9191098818897636
0
LINE
8
BLACK
6
CONTINUOUS
10
6.5088455511811025
20
-3.9191098818897636
11
6.5172710629921262
21
-3.9162174015748032
0
LINE
8
BLACK
6
CONTINUOUS
10
6.5172710629921262
20
-3.9162174015748032
11
6.5260577165354325
21
-3.9147511417322836
0
LINE
8
BLACK
6
CONTINUOUS
10
6.5260577165354325
20
-3.9147511417322836
11
6.534965905511811
21
-3.9147511417322836
0
LINE
8
BLACK
6
CONTINUOUS
10
6.534965905511811
20
-3.9147511417322836
11
6.5437525590551182
21
-3.9162174015748032
0
LINE
8
BLACK
6
CONTINUOUS
10
6.5437525590551182
20
-3.9162174015748032
11
6.5521780708661419
21
-3.9191098818897636
0
LINE
8
BLACK
6
CONTINUOUS
10
6.5521780708661419
20
-3.9191098818897636
11
6.5600125590551182
21
-3.9233496850393701
0
LINE
8
BLACK
6
CONTINUOUS
10
6.5600125590551182
20
-3.9233496850393701
11
6.5641184645669286
21
-3.9265454330708662
0
LINE
8
BLACK
6
CONTINUOUS
10
6.5641184645669286
20
-3.9265454330708662
11
6.5727031102362199
21
-3.917960866141732
0
LINE
8
BLACK
6
CONTINUOUS
10
6.5727031102362199
20
-3.917960866141732
11
6.5716200787401577
21
-3.9169559842519686
0
LINE
8
BLACK
6
CONTINUOUS
10
6.5716200787401577
20
-3.9169559842519686
11
6.5634777165354325
21
-3.9114046456692915
0
LINE
8
BLACK
6
CONTINUOUS
10
6.5634777165354325
20
-3.9114046456692915
11
6.5545996062992122
21
-3.9071292125984249
0
LINE
8
BLACK
6
CONTINUOUS
10
6.5545996062992122
20
-3.9071292125984249
11
6.5451833070866137
21
-3.9042246456692911
0
LINE
8
BLACK
6
CONTINUOUS
10
6.5451833070866137
20
-3.9042246456692911
11
6.545182913385827
21
-3.9042245669291336
0
LINE
8
BLACK
6
CONTINUOUS
10
6.545182913385827
20
-3.9042245669291336
11
6.5354390551181103
21
-3.9027559055118108
0
LINE
8
BLACK
6
CONTINUOUS
10
6.5354390551181103
20
-3.9027559055118108
11
6.5255845275590554
21
-3.9027559055118108
0
LINE
8
BLACK
6
CONTINUOUS
10
6.5255845275590554
20
-3.9027559055118108
11
6.5158406692913386
21
-3.9042245669291336
0
LINE
8
BLACK
6
CONTINUOUS
10
6.7158406692913388
20
-3.9042245669291336
11
6.7158402755905513
21
-3.9042246456692911
0
LINE
8
BLACK
6
CONTINUOUS
10
6.7158402755905513
20
-3.9042246456692911
11
6.7064239763779527
21
-3.9071292125984249
0
LINE
8
BLACK
6
CONTINUOUS
10
6.7064239763779527
20
-3.9071292125984249
11
6.6975457480314962
21
-3.9114046850393698
0
LINE
8
BLACK
6
CONTINUOUS
10
6.6975457480314962
20
-3.9114046850393698
11
6.6894035826771656
21
-3.9169559055118111
0
LINE
8
BLACK
6
CONTINUOUS
10
6.6894035826771656
20
-3.9169559055118111
11
6.6883204330708663
21
-3.917960866141732
0
LINE
8
BLACK
6
CONTINUOUS
10
6.6883204330708663
20
-3.917960866141732
11
6.6969050393700789
21
-3.926545472440945
0
LINE
8
BLACK
6
CONTINUOUS
10
6.6969050393700789
20
-3.926545472440945
11
6.7010110629921256
21
-3.9233496850393701
0
LINE
8
BLACK
6
CONTINUOUS
10
6.7010110629921256
20
-3.9233496850393701
11
6.7088455511811018
21
-3.9191098818897636
0
LINE
8
BLACK
6
CONTINUOUS
10
6.7088455511811018
20
-3.9191098818897636
11
6.7172710629921255
21
-3.9162174015748032
0
LINE
8
BLACK
6
CONTINUOUS
10
6.7172710629921255
20
-3.9162174015748032
11
6.7260577165354327
21
-3.9147511417322836
0
LINE
8
BLACK
6
CONTINUOUS
10
6.7260577165354327
20
-3.9147511417322836
11
6.7349659055118112
21
-3.9147511417322836
0
LINE
8
BLACK
6
CONTINUOUS
10
6.7349659055118112
20
-3.9147511417322836
11
6.7437525590551184
21
-3.9162174015748032
0
LINE
8
BLACK
6
CONTINUOUS
10
6.7437525590551184
20
-3.9162174015748032
11
6.7521780708661412
21
-3.9191098818897636
0
LINE
8
BLACK
6
CONTINUOUS
10
6.7521780708661412
20
-3.9191098818897636
11
6.7600125590551183
21
-3.9233496850393701
0
LINE
8
BLACK
6
CONTINUOUS
10
6.7600125590551183
20
-3.9233496850393701
11
6.7641184645669288
21
-3.9265454330708662
0
LINE
8
BLACK
6
CONTINUOUS
10
6.7641184645669288
20
-3.9265454330708662
11
6.7727031102362201
21
-3.917960866141732
0
LINE
8
BLACK
6
CONTINUOUS
10
6.7727031102362201
20
-3.917960866141732
11
6.771620078740157
21
-3.9169559842519686
0
LINE
8
BLACK
6
CONTINUOUS
10
6.771620078740157
20
-3.9169559842519686
11
6.7634777165354327
21
-3.9114046456692915
0
LINE
8
BLACK
6
CONTINUOUS
10
6.7634777165354327
20
-3.9114046456692915
11
6.7545996062992124
21
-3.9071292125984249
0
LINE
8
BLACK
6
CONTINUOUS
10
6.7545996062992124
20
-3.9071292125984249
11
6.7451833070866138
21
-3.9042246456692911
0
LINE
8
BLACK
6
CONTINUOUS
10
6.7451833070866138
20
-3.9042246456692911
11
6.7451829133858263
21
-3.9042245669291336
0
LINE
8
BLACK
6
CONTINUOUS
10
6.7451829133858263
20
-3.9042245669291336
11
6.7354390551181105
21
-3.9027559055118108
0
LINE
8
BLACK
6
CONTINUOUS
10
6.7354390551181105
20
-3.9027559055118108
11
6.7255845275590547
21
-3.9027559055118108
0
LINE
8
BLACK
6
CONTINUOUS
10
6.7255845275590547
20
-3.9027559055118108
11
6.7158406692913388
21
-3.9042245669291336
0
LINE
8
BLACK
6
CONTINUOUS
10
6.3129388188976376
20
-3.7925833858267715
11
6.3106368897637797
21
-3.7930412992125984
0
LINE
8
BLACK
6
CONTINUOUS
10
6.3106368897637797
20
-3.7930412992125984
11
6.3106366535433072
21
-3.7930413779527559
0
LINE
8
BLACK
6
CONTINUOUS
10
6.3106366535433072
20
-3.7930413779527559
11
6.3080258267716536
21
-3.7947859055118109
0
LINE
8
BLACK
6
CONTINUOUS
10
6.3080258267716536
20
-3.7947859055118109
11
6.3080255905511811
21
-3.7947861417322835
0
LINE
8
BLACK
6
CONTINUOUS
10
6.3080255905511811
20
-3.7947861417322835
11
6.3062810629921255
21
-3.797396968503937
0
LINE
8
BLACK
6
CONTINUOUS
10
6.3062810629921255
20
-3.797396968503937
11
6.306280984251968
21
-3.7973972047244096
0
LINE
8
BLACK
6
CONTINUOUS
10
6.306280984251968
20
-3.7973972047244096
11
6.3058230708661416
21
-3.7996991338582675
0
LINE
8
BLACK
6
CONTINUOUS
10
6.3058230708661416
20
-3.7996991338582675
11
6.3058230314960628
21
-3.7996996062992126
0
LINE
8
BLACK
6
CONTINUOUS
10
6.3058230314960628
20
-3.7996996062992126
11
6.3058230314960628
21
-3.8362544488188974
0
LINE
8
BLACK
6
CONTINUOUS
10
6.3058230314960628
20
-3.8362544488188974
11
6.3058230708661416
21
-3.8362549212598425
0
LINE
8
BLACK
6
CONTINUOUS
10
6.3058230708661416
20
-3.8362549212598425
11
6.306280984251968
21
-3.8385568503937009
0
LINE
8
BLACK
6
CONTINUOUS
10
6.306280984251968
20
-3.8385568503937009
11
6.3062810629921255
21
-3.8385570866141729
0
LINE
8
BLACK
6
CONTINUOUS
10
6.3062810629921255
20
-3.8385570866141729
11
6.306874960629921
21
-3.8394459055118109
0
LINE
8
BLACK
6
CONTINUOUS
10
6.306874960629921
20
-3.8394459055118109
11
6.3080257086614173
21
-3.8411680708661415
0
LINE
8
BLACK
6
CONTINUOUS
10
6.3080257086614173
20
-3.8411680708661415
11
6.3106367716535434
21
-3.8429127559055116
0
LINE
8
BLACK
6
CONTINUOUS
10
6.3106367716535434
20
-3.8429127559055116
11
6.3123872440944879
21
-3.8432609448818895
0
LINE
8
BLACK
6
CONTINUOUS
10
6.3123872440944879
20
-3.8432609448818895
11
6.3129388188976376
21
-3.8433706692913385
0
LINE
8
BLACK
6
CONTINUOUS
10
6.3129388188976376
20
-3.8433706692913385
11
6.3129390157480314
21
-3.8433706692913385
0
LINE
8
BLACK
6
CONTINUOUS
10
6.3129390157480314
20
-3.8433706692913385
11
6.3129392519685039
21
-3.843370748031496
0
LINE
8
BLACK
6
CONTINUOUS
10
6.3129392519685039
20
-3.843370748031496
11
6.3298633070866144
21
-3.843370748031496
0
LINE
8
BLACK
6
CONTINUOUS
10
6.3298633070866144
20
-3.843370748031496
11
6.3321542913385827
21
-3.8441151181102362
0
LINE
8
BLACK
6
CONTINUOUS
10
6.3321542913385827
20
-3.8441151181102362
11
6.3326193700787403
21
-3.8445123228346456
0
LINE
8
BLACK
6
CONTINUOUS
10
6.3326193700787403
20
-3.8445123228346456
11
6.3499731102362205
21
-3.8618660629921258
0
LINE
8
BLACK
6
CONTINUOUS
10
6.3499731102362205
20
-3.8618660629921258
11
6.3499736220472442
21
-3.8618670866141733
0
LINE
8
BLACK
6
CONTINUOUS
10
6.3499736220472442
20
-3.8618670866141733
11
6.35111468503937
21
-3.8630081496062991
0
LINE
8
BLACK
6
CONTINUOUS
10
6.35111468503937
20
-3.8630081496062991
11
6.35111468503937
21
-3.8630081889763779
0
LINE
8
BLACK
6
CONTINUOUS
10
6.35111468503937
20
-3.8630081889763779
11
6.3552279921259842
21
-3.867121496062992
0
LINE
8
BLACK
6
CONTINUOUS
10
6.3552279921259842
20
-3.867121496062992
11
6.3643240157480312
21
-3.8743752362204722
0
LINE
8
BLACK
6
CONTINUOUS
10
6.3643240157480312
20
-3.8743752362204722
11
6.3659272440944878
21
-3.8753825984251966
0
LINE
8
BLACK
6
CONTINUOUS
10
6.3659272440944878
20
-3.8753825984251966
11
6.3741750393700789
21
-3.8805649999999998
0
LINE
8
BLACK
6
CONTINUOUS
10
6.3741750393700789
20
-3.8805649999999998
11
6.3772810236220474
21
-3.8820607086614172
0
LINE
8
BLACK
6
CONTINUOUS
10
6.3772810236220474
20
-3.8820607086614172
11
6.3846570472440947
21
-3.8856127559055116
0
LINE
8
BLACK
6
CONTINUOUS
10
6.3846570472440947
20
-3.8856127559055116
11
6.3871851968503934
21
-3.8864973228346456
0
LINE
8
BLACK
6
CONTINUOUS
10
6.3871851968503934
20
-3.8864973228346456
11
6.389101771653543
21
-3.8879565748031495
0
LINE
8
BLACK
6
CONTINUOUS
10
6.389101771653543
20
-3.8879565748031495
11
6.3894414173228347
21
-3.8887566929133857
0
LINE
8
BLACK
6
CONTINUOUS
10
6.3894414173228347
20
-3.8887566929133857
11
6.3895077559055116
21
-3.8887292519685039
0
LINE
8
BLACK
6
CONTINUOUS
10
6.3895077559055116
20
-3.8887292519685039
11
6.3896546456692915
21
-3.8890839370078738
0
LINE
8
BLACK
6
CONTINUOUS
10
6.3896546456692915
20
-3.8890839370078738
11
6.3913992125984249
21
-3.8916948031496061
0
LINE
8
BLACK
6
CONTINUOUS
10
6.3913992125984249
20
-3.8916948031496061
11
6.3913993307086612
21
-3.8916949606299212
0
LINE
8
BLACK
6
CONTINUOUS
10
6.3913993307086612
20
-3.8916949606299212
11
6.3940103937007873
21
-3.8934396456692912
0
LINE
8
BLACK
6
CONTINUOUS
10
6.3940103937007873
20
-3.8934396456692912
11
6.3957608661417318
21
-3.8937878346456691
0
LINE
8
BLACK
6
CONTINUOUS
10
6.3957608661417318
20
-3.8937878346456691
11
6.3963124409448815
21
-3.8938975590551181
0
LINE
8
BLACK
6
CONTINUOUS
10
6.3963124409448815
20
-3.8938975590551181
11
6.3963126377952753
21
-3.8938975590551181
0
LINE
8
BLACK
6
CONTINUOUS
10
6.3963126377952753
20
-3.8938975590551181
11
6.3963128740157478
21
-3.8938976377952756
0
LINE
8
BLACK
6
CONTINUOUS
10
6.3963128740157478
20
-3.8938976377952756
11
6.3963129133858265
21
-3.8938976377952756
0
LINE
8
BLACK
6
CONTINUOUS
10
6.3963129133858265
20
-3.8938976377952756
11
6.4528677952755906
21
-3.8938976377952756
0
LINE
8
BLACK
6
CONTINUOUS
10
6.4528677952755906
20
-3.8938976377952756
11
6.4528678346456694
21
-3.8938976377952756
0
LINE
8
BLACK
6
CONTINUOUS
10
6.4528678346456694
20
-3.8938976377952756
11
6.4551703149606299
21
-3.8934396456692912
0
LINE
8
BLACK
6
CONTINUOUS
10
6.4551703149606299
20
-3.8934396456692912
11
6.4551703543307086
21
-3.8934396062992125
0
LINE
8
BLACK
6
CONTINUOUS
10
6.4551703543307086
20
-3.8934396062992125
11
6.455262244094488
21
-3.893421338582677
0
LINE
8
BLACK
6
CONTINUOUS
10
6.455262244094488
20
-3.893421338582677
11
6.4560226771653539
21
-3.8933464566929135
0
LINE
8
BLACK
6
CONTINUOUS
10
6.4560226771653539
20
-3.8933464566929135
11
6.5824118897637796
21
-3.8933464566929135
0
LINE
8
BLACK
6
CONTINUOUS
10
6.5824118897637796
20
-3.8933464566929135
11
6.5847028740157478
21
-3.8940908267716536
0
LINE
8
BLACK
6
CONTINUOUS
10
6.5847028740157478
20
-3.8940908267716536
11
6.5856046456692914
21
-3.8950085039370079
0
LINE
8
BLACK
6
CONTINUOUS
10
6.5856046456692914
20
-3.8950085039370079
11
6.5873099606299208
21
-3.8974439763779527
0
LINE
8
BLACK
6
CONTINUOUS
10
6.5873099606299208
20
-3.8974439763779527
11
6.5905344094488187
21
-3.9020489370078741
0
LINE
8
BLACK
6
CONTINUOUS
10
6.5905344094488187
20
-3.9020489370078741
11
6.5969668110236217
21
-3.9084813385826771
0
LINE
8
BLACK
6
CONTINUOUS
10
6.5969668110236217
20
-3.9084813385826771
11
6.6044184251968501
21
-3.9136990157480316
0
LINE
8
BLACK
6
CONTINUOUS
10
6.6044184251968501
20
-3.9136990157480316
11
6.612662874015748
21
-3.9175434645669291
0
LINE
8
BLACK
6
CONTINUOUS
10
6.612662874015748
20
-3.9175434645669291
11
6.6214496850393703
21
-3.919897874015748
0
LINE
8
BLACK
6
CONTINUOUS
10
6.6214496850393703
20
-3.919897874015748
11
6.6214498425196853
21
-3.919897874015748
0
LINE
8
BLACK
6
CONTINUOUS
10
6.6214498425196853
20
-3.919897874015748
11
6.6214499606299215
21
-3.9198979133858267
0
LINE
8
BLACK
6
CONTINUOUS
10
6.6214499606299215
20
-3.9198979133858267
11
6.6305116929133856
21
-3.9206907086614171
0
LINE
8
BLACK
6
CONTINUOUS
10
6.6305116929133856
20
-3.9206907086614171
11
6.6305118110236219
21
-3.9206907086614171
0
LINE
8
BLACK
6
CONTINUOUS
10
6.6305118110236219
20
-3.9206907086614171
11
6.6305119291338581
21
-3.9206907086614171
0
LINE
8
BLACK
6
CONTINUOUS
10
6.6305119291338581
20
-3.9206907086614171
11
6.6395736220472443
21
-3.9198979133858267
0
LINE
8
BLACK
6
CONTINUOUS
10
6.6395736220472443
20
-3.9198979133858267
11
6.6395736614173231
21
-3.919897874015748
0
LINE
8
BLACK
6
CONTINUOUS
10
6.6395736614173231
20
-3.919897874015748
11
6.6395739370078735
21
-3.919897874015748
0
LINE
8
BLACK
6
CONTINUOUS
10
6.6395739370078735
20
-3.919897874015748
11
6.6483607480314957
21
-3.9175434645669291
0
LINE
8
BLACK
6
CONTINUOUS
10
6.6483607480314957
20
-3.9175434645669291
11
6.6566051968503936
21
-3.9136990157480316
0
LINE
8
BLACK
6
CONTINUOUS
10
6.6566051968503936
20
-3.9136990157480316
11
6.664056811023622
21
-3.9084813385826771
0
LINE
8
BLACK
6
CONTINUOUS
10
6.664056811023622
20
-3.9084813385826771
11
6.670489212598425
21
-3.9020489370078741
0
LINE
8
BLACK
6
CONTINUOUS
10
6.670489212598425
20
-3.9020489370078741
11
6.675706889763779
21
-3.8945973228346458
0
LINE
8
BLACK
6
CONTINUOUS
10
6.675706889763779
20
-3.8945973228346458
11
6.6795513385826766
21
-3.8863528740157478
0
LINE
8
BLACK
6
CONTINUOUS
10
6.6795513385826766
20
-3.8863528740157478
11
6.6819057480314958
21
-3.877566062992126
0
LINE
8
BLACK
6
CONTINUOUS
10
6.6819057480314958
20
-3.877566062992126
11
6.6823571653543308
21
-3.8724065748031493
0
LINE
8
BLACK
6
CONTINUOUS
10
6.6823571653543308
20
-3.8724065748031493
11
6.6826985826771654
21
-3.8685040551181102
0
LINE
8
BLACK
6
CONTINUOUS
10
6.6826985826771654
20
-3.8685040551181102
11
6.6826985826771654
21
-3.868503779527559
0
LINE
8
BLACK
6
CONTINUOUS
10
6.6826985826771654
20
-3.868503779527559
11
6.6819057874015746
21
-3.8594420866141732
0
LINE
8
BLACK
6
CONTINUOUS
10
6.6819057874015746
20
-3.8594420866141732
11
6.6819057480314958
21
-3.8594419685039369
0
LINE
8
BLACK
6
CONTINUOUS
10
6.6819057480314958
20
-3.8594419685039369
11
6.6819057480314958
21
-3.8594418110236219
0
LINE
8
BLACK
6
CONTINUOUS
10
6.6819057480314958
20
-3.8594418110236219
11
6.6795513385826766
21
-3.8506549999999997
0
LINE
8
BLACK
6
CONTINUOUS
10
6.6795513385826766
20
-3.8506549999999997
11
6.675706889763779
21
-3.8424105511811022
0
LINE
8
BLACK
6
CONTINUOUS
10
6.675706889763779
20
-3.8424105511811022
11
6.670489212598425
21
-3.8349589370078738
0
LINE
8
BLACK
6
CONTINUOUS
10
6.670489212598425
20
-3.8349589370078738
11
6.664056811023622
21
-3.8285265354330709
0
LINE
8
BLACK
6
CONTINUOUS
10
6.664056811023622
20
-3.8285265354330709
11
6.664056653543307
21
-3.8285264173228346
0
LINE
8
BLACK
6
CONTINUOUS
10
6.664056653543307
20
-3.8285264173228346
11
6.6640566141732283
21
-3.8285263779527559
0
LINE
8
BLACK
6
CONTINUOUS
10
6.6640566141732283
20
-3.8285263779527559
11
6.6598817716535432
21
-3.825603149606299
0
LINE
8
BLACK
6
CONTINUOUS
10
6.6598817716535432
20
-3.825603149606299
11
6.6566051968503936
21
-3.8233088582677164
0
LINE
8
BLACK
6
CONTINUOUS
10
6.6566051968503936
20
-3.8233088582677164
11
6.6483607480314957
21
-3.8194644094488188
0
LINE
8
BLACK
6
CONTINUOUS
10
6.6483607480314957
20
-3.8194644094488188
11
6.6395739370078735
21
-3.81711
0
LINE
8
BLACK
6
CONTINUOUS
10
6.6395739370078735
20
-3.81711
11
6.6395738976377947
21
-3.8171099606299213
0
LINE
8
BLACK
6
CONTINUOUS
10
6.6395738976377947
20
-3.8171099606299213
11
6.6395736220472443
21
-3.8171099212598425
0
LINE
8
BLACK
6
CONTINUOUS
10
6.6395736220472443
20
-3.8171099212598425
11
6.6305119291338581
21
-3.8163171653543304
0
LINE
8
BLACK
6
CONTINUOUS
10
6.6305119291338581
20
-3.8163171653543304
11
6.6305116929133856
21
-3.8163171653543304
0
LINE
8
BLACK
6
CONTINUOUS
10
6.6305116929133856
20
-3.8163171653543304
11
6.6214499606299215
21
-3.8171099212598425
0
LINE
8
BLACK
6
CONTINUOUS
10
6.6214499606299215
20
-3.8171099212598425
11
6.612662874015748
21
-3.8194644094488188
0
LINE
8
BLACK
6
CONTINUOUS
10
6.612662874015748
20
-3.8194644094488188
11
6.6044184645669288
21
-3.8233088188976376
0
LINE
8
BLACK
6
CONTINUOUS
10
6.6044184645669288
20
-3.8233088188976376
11
6.5969669685039367
21
-3.8285263779527559
0
LINE
8
BLACK
6
CONTINUOUS
10
6.5969669685039367
20
-3.8285263779527559
11
6.5905342519685037
21
-3.8349590944881888
0
LINE
8
BLACK
6
CONTINUOUS
10
6.5905342519685037
20
-3.8349590944881888
11
6.5856046456692914
21
-3.84199937007874
0
LINE
8
BLACK
6
CONTINUOUS
10
6.5856046456692914
20
-3.84199937007874
11
6.5836808267716531
21
-3.8434490551181102
0
LINE
8
BLACK
6
CONTINUOUS
10
6.5836808267716531
20
-3.8434490551181102
11
6.5824118897637796
21
-3.8436614173228345
0
LINE
8
BLACK
6
CONTINUOUS
10
6.5824118897637796
20
-3.8436614173228345
11
6.4560226771653539
21
-3.8436614173228345
0
LINE
8
BLACK
6
CONTINUOUS
10
6.4560226771653539
20
-3.8436614173228345
11
6.455262244094488
21
-3.8435865354330709
0
LINE
8
BLACK
6
CONTINUOUS
10
6.455262244094488
20
-3.8435865354330709
11
6.4551703543307086
21
-3.8435682283464567
0
LINE
8
BLACK
6
CONTINUOUS
10
6.4551703543307086
20
-3.8435682283464567
11
6.4551703149606299
21
-3.8435682283464567
0
LINE
8
BLACK
6
CONTINUOUS
10
6.4551703149606299
20
-3.8435682283464567
11
6.4528678346456694
21
-3.8431102362204723
0
LINE
8
BLACK
6
CONTINUOUS
10
6.4528678346456694
20
-3.8431102362204723
11
6.4172544094488186
21
-3.8431102362204723
0
LINE
8
BLACK
6
CONTINUOUS
10
6.4172544094488186
20
-3.8431102362204723
11
6.4164940551181102
21
-3.8430353543307088
0
LINE
8
BLACK
6
CONTINUOUS
10
6.4164940551181102
20
-3.8430353543307088
11
6.4106593307086612
21
-3.8418748031496062
0
LINE
8
BLACK
6
CONTINUOUS
10
6.4106593307086612
20
-3.8418748031496062
11
6.4101668503937006
21
-3.841742834645669
0
LINE
8
BLACK
6
CONTINUOUS
10
6.4101668503937006
20
-3.841742834645669
11
6.4039749212598425
21
-3.8396409842519685
0
LINE
8
BLACK
6
CONTINUOUS
10
6.4039749212598425
20
-3.8396409842519685
11
6.4035038976377949
21
-3.8394459055118109
0
LINE
8
BLACK
6
CONTINUOUS
10
6.4035038976377949
20
-3.8394459055118109
11
6.3976388188976374
21
-3.8365536220472438
0
LINE
8
BLACK
6
CONTINUOUS
10
6.3976388188976374
20
-3.8365536220472438
11
6.3971972834645667
21
-3.8362987007874016
0
LINE
8
BLACK
6
CONTINUOUS
10
6.3971972834645667
20
-3.8362987007874016
11
6.3917601968503934
21
-3.8326658267716534
0
LINE
8
BLACK
6
CONTINUOUS
10
6.3917601968503934
20
-3.8326658267716534
11
6.3913557086614174
21
-3.8323554724409448
0
LINE
8
BLACK
6
CONTINUOUS
10
6.3913557086614174
20
-3.8323554724409448
11
6.3863481889763776
21
-3.8279640551181102
0
LINE
8
BLACK
6
CONTINUOUS
10
6.3863481889763776
20
-3.8279640551181102
11
6.3861620078740158
21
-3.8277896850393698
0
LINE
8
BLACK
6
CONTINUOUS
10
6.3861620078740158
20
-3.8277896850393698
11
6.3777520078740153
21
-3.8193796850393702
0
LINE
8
BLACK
6
CONTINUOUS
10
6.3777520078740153
20
-3.8193796850393702
11
6.3766584251968501
21
-3.817233346456693
0
LINE
8
BLACK
6
CONTINUOUS
10
6.3766584251968501
20
-3.817233346456693
11
6.3766104330708657
21
-3.8166236220472438
0
LINE
8
BLACK
6
CONTINUOUS
10
6.3766104330708657
20
-3.8166236220472438
11
6.3766104330708657
21
-3.7996996062992126
0
LINE
8
BLACK
6
CONTINUOUS
10
6.3766104330708657
20
-3.7996996062992126
11
6.3766103543307082
21
-3.7996991338582675
0
LINE
8
BLACK
6
CONTINUOUS
10
6.3766103543307082
20
-3.7996991338582675
11
6.3764590944881885
21
-3.7989387007874016
0
LINE
8
BLACK
6
CONTINUOUS
10
6.3764590944881885
20
-3.7989387007874016
11
6.3761524409448818
21
-3.7973970866141733
0
LINE
8
BLACK
6
CONTINUOUS
10
6.3761524409448818
20
-3.7973970866141733
11
6.3744077559055112
21
-3.7947860236220472
0
LINE
8
BLACK
6
CONTINUOUS
10
6.3744077559055112
20
-3.7947860236220472
11
6.3741534645669287
21
-3.7946161023622045
0
LINE
8
BLACK
6
CONTINUOUS
10
6.3741534645669287
20
-3.7946161023622045
11
6.3717967716535435
21
-3.7930413779527559
0
LINE
8
BLACK
6
CONTINUOUS
10
6.3717967716535435
20
-3.7930413779527559
11
6.371796692913386
21
-3.7930413385826771
0
LINE
8
BLACK
6
CONTINUOUS
10
6.371796692913386
20
-3.7930413385826771
11
6.3717965748031498
21
-3.7930412992125984
0
LINE
8
BLACK
6
CONTINUOUS
10
6.3717965748031498
20
-3.7930412992125984
11
6.371796535433071
21
-3.7930412992125984
0
LINE
8
BLACK
6
CONTINUOUS
10
6.371796535433071
20
-3.7930412992125984
11
6.3694946062992122
21
-3.7925833858267715
0
LINE
8
BLACK
6
CONTINUOUS
10
6.3694946062992122
20
-3.7925833858267715
11
6.3694942125984246
21
-3.7925833464566927
0
LINE
8
BLACK
6
CONTINUOUS
10
6.3694942125984246
20
-3.7925833464566927
11
6.3129392519685039
21
-3.7925833464566927
0
LINE
8
BLACK
6
CONTINUOUS
10
6.3129392519685039
20
-3.7925833464566927
11
6.3129392125984252
21
-3.7925833464566927
0
LINE
8
BLACK
6
CONTINUOUS
10
6.3129392125984252
20
-3.7925833464566927
11
6.3129388188976376
21
-3.7925833858267715
0
LINE
8
BLACK
6
CONTINUOUS
10
6.0047354330708664
20
-3.7826003543307087
11
6.0047352755905514
21
-3.7826003937007875
0
LINE
8
BLACK
6
CONTINUOUS
10
6.0047352755905514
20
-3.7826003937007875
11
6.0000767716535428
21
-3.7849740551181101
0
LINE
8
BLACK
6
CONTINUOUS
10
6.0000767716535428
20
-3.7849740551181101
11
5.996379566929134
21
-3.7886712598425194
0
LINE
8
BLACK
6
CONTINUOUS
10
5.996379566929134
20
-3.7886712598425194
11
5.9940059055118109
21
-3.7933297637795276
0
LINE
8
BLACK
6
CONTINUOUS
10
5.9940059055118109
20
-3.7933297637795276
11
5.9940058661417321
21
-3.7933299212598426
0
LINE
8
BLACK
6
CONTINUOUS
10
5.9940058661417321
20
-3.7933299212598426
11
5.9933937007874016
21
-3.7971949212598424
0
LINE
8
BLACK
6
CONTINUOUS
10
5.9933937007874016
20
-3.7971949212598424
11
5.9933937007874016
21
-3.8298129133858265
0
LINE
8
BLACK
6
CONTINUOUS
10
5.9933937007874016
20
-3.8298129133858265
11
5.9940058661417321
21
-3.8336779133858268
0
LINE
8
BLACK
6
CONTINUOUS
10
5.9940058661417321
20
-3.8336779133858268
11
5.9940059055118109
21
-3.8336780708661418
0
LINE
8
BLACK
6
CONTINUOUS
10
5.9940059055118109
20
-3.8336780708661418
11
5.9953186614173228
21
-3.8362544488188974
0
LINE
8
BLACK
6
CONTINUOUS
10
5.9953186614173228
20
-3.8362544488188974
11
5.9963796062992127
21
-3.838336653543307
0
LINE
8
BLACK
6
CONTINUOUS
10
5.9963796062992127
20
-3.838336653543307
11
6.0000767322834641
21
-3.8420337795275588
0
LINE
8
BLACK
6
CONTINUOUS
10
6.0000767322834641
20
-3.8420337795275588
11
6.0047354330708664
21
-3.8444075196850394
0
LINE
8
BLACK
6
CONTINUOUS
10
6.0047354330708664
20
-3.8444075196850394
11
6.0073555118110233
21
-3.8448224803149604
0
LINE
8
BLACK
6
CONTINUOUS
10
6.0073555118110233
20
-3.8448224803149604
11
6.0086004330708658
21
-3.8450196850393699
0
LINE
8
BLACK
6
CONTINUOUS
10
6.0086004330708658
20
-3.8450196850393699
11
6.008600551181102
21
-3.8450196850393699
0
LINE
8
BLACK
6
CONTINUOUS
10
6.008600551181102
20
-3.8450196850393699
11
6.0284231889763777
21
-3.8450196850393699
0
LINE
8
BLACK
6
CONTINUOUS
10
6.0284231889763777
20
-3.8450196850393699
11
6.029547362204724
21
-3.8448415748031497
0
LINE
8
BLACK
6
CONTINUOUS
10
6.029547362204724
20
-3.8448415748031497
11
6.032288188976378
21
-3.8444075196850394
0
LINE
8
BLACK
6
CONTINUOUS
10
6.032288188976378
20
-3.8444075196850394
11
6.0369468897637795
21
-3.8420337795275588
0
LINE
8
BLACK
6
CONTINUOUS
10
6.0369468897637795
20
-3.8420337795275588
11
6.0382198031496062
21
-3.8407608661417321
0
LINE
8
BLACK
6
CONTINUOUS
10
6.0382198031496062
20
-3.8407608661417321
11
6.0394926771653541
21
-3.8394880314960629
0
LINE
8
BLACK
6
CONTINUOUS
10
6.0394926771653541
20
-3.8394880314960629
11
6.0416390157480313
21
-3.8383944488188977
0
LINE
8
BLACK
6
CONTINUOUS
10
6.0416390157480313
20
-3.8383944488188977
11
6.0422487007874013
21
-3.8383464566929133
0
LINE
8
BLACK
6
CONTINUOUS
10
6.0422487007874013
20
-3.8383464566929133
11
6.1802037007874011
21
-3.8383464566929133
0
LINE
8
BLACK
6
CONTINUOUS
10
6.1802037007874011
20
-3.8383464566929133
11
6.1802038582677161
21
-3.8383464960629921
0
LINE
8
BLACK
6
CONTINUOUS
10
6.1802038582677161
20
-3.8383464960629921
11
6.182964881889764
21
-3.8383464566929133
0
LINE
8
BLACK
6
CONTINUOUS
10
6.182964881889764
20
-3.8383464566929133
11
6.1834732283464566
21
-3.8383797244094486
0
LINE
8
BLACK
6
CONTINUOUS
10
6.1834732283464566
20
-3.8383797244094486
11
6.1835990551181101
21
-3.8383962992125982
0
LINE
8
BLACK
6
CONTINUOUS
10
6.1835990551181101
20
-3.8383962992125982
11
6.1857733070866141
21
-3.8394331889763778
0
LINE
8
BLACK
6
CONTINUOUS
10
6.1857733070866141
20
-3.8394331889763778
11
6.1869228740157478
21
-3.8415500787401573
0
LINE
8
BLACK
6
CONTINUOUS
10
6.1869228740157478
20
-3.8415500787401573
11
6.186988188976378
21
-3.8422606299212596
0
LINE
8
BLACK
6
CONTINUOUS
10
6.186988188976378
20
-3.8422606299212596
11
6.186988188976378
21
-3.8529427559055116
0
LINE
8
BLACK
6
CONTINUOUS
10
6.186988188976378
20
-3.8529427559055116
11
6.1869882283464568
21
-3.8529432283464566
0
LINE
8
BLACK
6
CONTINUOUS
10
6.1869882283464568
20
-3.8529432283464566
11
6.1874461417322832
21
-3.855245157480315
0
LINE
8
BLACK
6
CONTINUOUS
10
6.1874461417322832
20
-3.855245157480315
11
6.187446181102362
21
-3.8552453149606301
0
LINE
8
BLACK
6
CONTINUOUS
10
6.187446181102362
20
-3.8552453149606301
11
6.1891908661417325
21
-3.8578563779527557
0
LINE
8
BLACK
6
CONTINUOUS
10
6.1891908661417325
20
-3.8578563779527557
11
6.1918019291338577
21
-3.8596010629921258
0
LINE
8
BLACK
6
CONTINUOUS
10
6.1918019291338577
20
-3.8596010629921258
11
6.1935524015748031
21
-3.8599492519685037
0
LINE
8
BLACK
6
CONTINUOUS
10
6.1935524015748031
20
-3.8599492519685037
11
6.1941039763779528
21
-3.8600589763779527
0
LINE
8
BLACK
6
CONTINUOUS
10
6.1941039763779528
20
-3.8600589763779527
11
6.1941041732283466
21
-3.8600589763779527
0
LINE
8
BLACK
6
CONTINUOUS
10
6.1941041732283466
20
-3.8600589763779527
11
6.1941044094488191
21
-3.8600590551181102
0
LINE
8
BLACK
6
CONTINUOUS
10
6.1941044094488191
20
-3.8600590551181102
11
6.1941044488188979
21
-3.8600590551181102
0
LINE
8
BLACK
6
CONTINUOUS
10
6.1941044488188979
20
-3.8600590551181102
11
6.246840433070866
21
-3.8600590551181102
0
LINE
8
BLACK
6
CONTINUOUS
10
6.246840433070866
20
-3.8600590551181102
11
6.2468404724409448
21
-3.8600590551181102
0
LINE
8
BLACK
6
CONTINUOUS
10
6.2468404724409448
20
-3.8600590551181102
11
6.2491429527559053
21
-3.8596010629921258
0
LINE
8
BLACK
6
CONTINUOUS
10
6.2491429527559053
20
-3.8596010629921258
11
6.2517540157480314
21
-3.8578563779527557
0
LINE
8
BLACK
6
CONTINUOUS
10
6.2517540157480314
20
-3.8578563779527557
11
6.253498700787401
21
-3.8552453149606301
0
LINE
8
BLACK
6
CONTINUOUS
10
6.253498700787401
20
-3.8552453149606301
11
6.2539566929133859
21
-3.8529428346456691
0
LINE
8
BLACK
6
CONTINUOUS
10
6.2539566929133859
20
-3.8529428346456691
11
6.2539566929133859
21
-3.815954803149606
0
LINE
8
BLACK
6
CONTINUOUS
10
6.2539566929133859
20
-3.815954803149606
11
6.253498700787401
21
-3.8136523228346455
0
LINE
8
BLACK
6
CONTINUOUS
10
6.253498700787401
20
-3.8136523228346455
11
6.2517540157480314
21
-3.8110412598425194
0
LINE
8
BLACK
6
CONTINUOUS
10
6.2517540157480314
20
-3.8110412598425194
11
6.2517538582677163
21
-3.8110411417322836
0
LINE
8
BLACK
6
CONTINUOUS
10
6.2517538582677163
20
-3.8110411417322836
11
6.2491430314960628
21
-3.8092966141732281
0
LINE
8
BLACK
6
CONTINUOUS
10
6.2491430314960628
20
-3.8092966141732281
11
6.2491429527559053
21
-3.8092965748031493
0
LINE
8
BLACK
6
CONTINUOUS
10
6.2491429527559053
20
-3.8092965748031493
11
6.249142834645669
21
-3.8092965354330706
0
LINE
8
BLACK
6
CONTINUOUS
10
6.249142834645669
20
-3.8092965354330706
11
6.2491427952755902
21
-3.8092965354330706
0
LINE
8
BLACK
6
CONTINUOUS
10
6.2491427952755902
20
-3.8092965354330706
11
6.2468408661417323
21
-3.8088386220472441
0
LINE
8
BLACK
6
CONTINUOUS
10
6.2468408661417323
20
-3.8088386220472441
11
6.2468404724409448
21
-3.8088385826771654
0
LINE
8
BLACK
6
CONTINUOUS
10
6.2468404724409448
20
-3.8088385826771654
11
6.246840433070866
21
-3.8088385826771654
0
LINE
8
BLACK
6
CONTINUOUS
10
6.246840433070866
20
-3.8088385826771654
11
6.2316098425196849
21
-3.8088385826771654
0
LINE
8
BLACK
6
CONTINUOUS
10
6.2316098425196849
20
-3.8088385826771654
11
6.2293188582677166
21
-3.8080942125984252
0
LINE
8
BLACK
6
CONTINUOUS
10
6.2293188582677166
20
-3.8080942125984252
11
6.2288538188976377
21
-3.8076970078740158
0
LINE
8
BLACK
6
CONTINUOUS
10
6.2288538188976377
20
-3.8076970078740158
11
6.2255656299212596
21
-3.8044088976377952
0
LINE
8
BLACK
6
CONTINUOUS
10
6.2255656299212596
20
-3.8044088976377952
11
6.2255579133858268
21
-3.8044016535433069
0
LINE
8
BLACK
6
CONTINUOUS
10
6.2255579133858268
20
-3.8044016535433069
11
6.2208558661417319
21
-3.7996996062992126
0
LINE
8
BLACK
6
CONTINUOUS
10
6.2208558661417319
20
-3.7996996062992126
11
6.2203637007874013
21
-3.7992074409448819
0
LINE
8
BLACK
6
CONTINUOUS
10
6.2203637007874013
20
-3.7992074409448819
11
6.2162951574803147
21
-3.7964888976377953
0
LINE
8
BLACK
6
CONTINUOUS
10
6.2162951574803147
20
-3.7964888976377953
11
6.2162947244094484
21
-3.7964886614173228
0
LINE
8
BLACK
6
CONTINUOUS
10
6.2162947244094484
20
-3.7964886614173228
11
6.2117738188976377
21
-3.7946160629921257
0
LINE
8
BLACK
6
CONTINUOUS
10
6.2117738188976377
20
-3.7946160629921257
11
6.2117735826771652
21
-3.7946159842519682
0
LINE
8
BLACK
6
CONTINUOUS
10
6.2117735826771652
20
-3.7946159842519682
11
6.209447677165354
21
-3.794153307086614
0
LINE
8
BLACK
6
CONTINUOUS
10
6.209447677165354
20
-3.794153307086614
11
6.2087166535433074
21
-3.7939315748031497
0
LINE
8
BLACK
6
CONTINUOUS
10
6.2087166535433074
20
-3.7939315748031497
11
6.2039046850393698
21
-3.7919385039370077
0
LINE
8
BLACK
6
CONTINUOUS
10
6.2039046850393698
20
-3.7919385039370077
11
6.2039044094488185
21
-3.7919383858267715
0
LINE
8
BLACK
6
CONTINUOUS
10
6.2039044094488185
20
-3.7919383858267715
11
6.1957737795275589
21
-3.7897599212598423
0
LINE
8
BLACK
6
CONTINUOUS
10
6.1957737795275589
20
-3.7897599212598423
11
6.1874283070866136
21
-3.7886613385826773
0
LINE
8
BLACK
6
CONTINUOUS
10
6.1874283070866136
20
-3.7886613385826773
11
6.1874282677165349
21
-3.7886613385826773
0
LINE
8
BLACK
6
CONTINUOUS
10
6.1874282677165349
20
-3.7886613385826773
11
6.1832195669291341
21
-3.7886614173228343
0
LINE
8
BLACK
6
CONTINUOUS
10
6.1832195669291341
20
-3.7886614173228343
11
6.0422487007874013
21
-3.7886614173228343
0
LINE
8
BLACK
6
CONTINUOUS
10
6.0422487007874013
20
-3.7886614173228343
11
6.039957716535433
21
-3.7879170472440946
0
LINE
8
BLACK
6
CONTINUOUS
10
6.039957716535433
20
-3.7879170472440946
11
6.0394926771653541
21
-3.7875198425196848
0
LINE
8
BLACK
6
CONTINUOUS
10
6.0394926771653541
20
-3.7875198425196848
11
6.0369469291338582
21
-3.7849741338582676
0
LINE
8
BLACK
6
CONTINUOUS
10
6.0369469291338582
20
-3.7849741338582676
11
6.0369468897637795
21
-3.7849740944881889
0
LINE
8
BLACK
6
CONTINUOUS
10
6.0369468897637795
20
-3.7849740944881889
11
6.0346603149606297
21
-3.7838090157480315
0
LINE
8
BLACK
6
CONTINUOUS
10
6.0346603149606297
20
-3.7838090157480315
11
6.0322883070866142
21
-3.7826003937007875
0
LINE
8
BLACK
6
CONTINUOUS
10
6.0322883070866142
20
-3.7826003937007875
11
6.032288188976378
21
-3.7826003543307087
0
LINE
8
BLACK
6
CONTINUOUS
10
6.032288188976378
20
-3.7826003543307087
11
6.0313218897637793
21
-3.7824472834645668
0
LINE
8
BLACK
6
CONTINUOUS
10
6.0313218897637793
20
-3.7824472834645668
11
6.0284231889763777
21
-3.7819881889763778
0
LINE
8
BLACK
6
CONTINUOUS
10
6.0284231889763777
20
-3.7819881889763778
11
6.0284230708661415
21
-3.7819881889763778
0
LINE
8
BLACK
6
CONTINUOUS
10
6.0284230708661415
20
-3.7819881889763778
11
6.008600551181102
21
-3.7819881889763778
0
LINE
8
BLACK
6
CONTINUOUS
10
6.008600551181102
20
-3.7819881889763778
11
6.0086004330708658
21
-3.7819881889763778
0
LINE
8
BLACK
6
CONTINUOUS
10
6.0086004330708658
20
-3.7819881889763778
11
6.0047354330708664
21
-3.7826003543307087
0
LINE
8
BLACK
6
CONTINUOUS
10
5.8470194488188971
20
-3.7747648818897637
11
5.8470193700787396
21
-3.7747649212598424
0
LINE
8
BLACK
6
CONTINUOUS
10
5.8470193700787396
20
-3.7747649212598424
11
5.845067559055118
21
-3.7760690551181102
0
LINE
8
BLACK
6
CONTINUOUS
10
5.845067559055118
20
-3.7760690551181102
11
5.8050769291338584
21
-3.8160596850393702
0
LINE
8
BLACK
6
CONTINUOUS
10
5.8050769291338584
20
-3.8160596850393702
11
5.8037727952755906
21
-3.8180114960629918
0
LINE
8
BLACK
6
CONTINUOUS
10
5.8037727952755906
20
-3.8180114960629918
11
5.8037727559055119
21
-3.8180115748031493
0
LINE
8
BLACK
6
CONTINUOUS
10
5.8037727559055119
20
-3.8180115748031493
11
5.8031601968503939
21
-3.8210914566929133
0
LINE
8
BLACK
6
CONTINUOUS
10
5.8031601968503939
20
-3.8210914566929133
11
5.8031601968503939
21
-3.821091496062992
0
LINE
8
BLACK
6
CONTINUOUS
10
5.8031601968503939
20
-3.821091496062992
11
5.8037727559055119
21
-3.8241714173228347
0
LINE
8
BLACK
6
CONTINUOUS
10
5.8037727559055119
20
-3.8241714173228347
11
5.8037727952755906
21
-3.824171535433071
0
LINE
8
BLACK
6
CONTINUOUS
10
5.8037727952755906
20
-3.824171535433071
11
5.8050770078740159
21
-3.8261233858267714
0
LINE
8
BLACK
6
CONTINUOUS
10
5.8050770078740159
20
-3.8261233858267714
11
5.8309253149606297
21
-3.8519716929133856
0
LINE
8
BLACK
6
CONTINUOUS
10
5.8309253149606297
20
-3.8519716929133856
11
5.832877165354331
21
-3.8532759055118109
0
LINE
8
BLACK
6
CONTINUOUS
10
5.832877165354331
20
-3.8532759055118109
11
5.8328772047244097
21
-3.8532759055118109
0
LINE
8
BLACK
6
CONTINUOUS
10
5.8328772047244097
20
-3.8532759055118109
11
5.8328772440944885
21
-3.8532759448818896
0
LINE
8
BLACK
6
CONTINUOUS
10
5.8328772440944885
20
-3.8532759448818896
11
5.8344172440944879
21
-3.853582244094488
0
LINE
8
BLACK
6
CONTINUOUS
10
5.8344172440944879
20
-3.853582244094488
11
5.8359572047244095
21
-3.8538885433070864
0
LINE
8
BLACK
6
CONTINUOUS
10
5.8359572047244095
20
-3.8538885433070864
11
5.8359572440944882
21
-3.8538885433070864
0
LINE
8
BLACK
6
CONTINUOUS
10
5.8359572440944882
20
-3.8538885433070864
11
5.835957283464567
21
-3.8538885433070864
0
LINE
8
BLACK
6
CONTINUOUS
10
5.835957283464567
20
-3.8538885433070864
11
5.8369838976377952
21
-3.8536843307086612
0
LINE
8
BLACK
6
CONTINUOUS
10
5.8369838976377952
20
-3.8536843307086612
11
5.8390372047244092
21
-3.8532759448818896
0
LINE
8
BLACK
6
CONTINUOUS
10
5.8390372047244092
20
-3.8532759448818896
11
5.8409891732283468
21
-3.8519716929133856
0
LINE
8
BLACK
6
CONTINUOUS
10
5.8409891732283468
20
-3.8519716929133856
11
5.8499255118110236
21
-3.8430353543307088
0
LINE
8
BLACK
6
CONTINUOUS
10
5.8499255118110236
20
-3.8430353543307088
11
5.852956377952756
21
-3.8400045275590551
0
LINE
8
BLACK
6
CONTINUOUS
10
5.852956377952756
20
-3.8400045275590551
11
5.8551026771653545
21
-3.8389109448818899
0
LINE
8
BLACK
6
CONTINUOUS
10
5.8551026771653545
20
-3.8389109448818899
11
5.8557124015748032
21
-3.8388629527559055
0
LINE
8
BLACK
6
CONTINUOUS
10
5.8557124015748032
20
-3.8388629527559055
11
5.9116299999999997
21
-3.8388629527559055
0
LINE
8
BLACK
6
CONTINUOUS
10
5.9116299999999997
20
-3.8388629527559055
11
5.913920984251968
21
-3.8396073228346457
0
LINE
8
BLACK
6
CONTINUOUS
10
5.913920984251968
20
-3.8396073228346457
11
5.9143860236220469
21
-3.8400045275590551
0
LINE
8
BLACK
6
CONTINUOUS
10
5.9143860236220469
20
-3.8400045275590551
11
5.9155494488188971
21
-3.8411679133858265
0
LINE
8
BLACK
6
CONTINUOUS
10
5.9155494488188971
20
-3.8411679133858265
11
5.9164153149606298
21
-3.8420337795275588
0
LINE
8
BLACK
6
CONTINUOUS
10
5.9164153149606298
20
-3.8420337795275588
11
5.9210740157480313
21
-3.8444075196850394
0
LINE
8
BLACK
6
CONTINUOUS
10
5.9210740157480313
20
-3.8444075196850394
11
5.9236940944881891
21
-3.8448224803149604
0
LINE
8
BLACK
6
CONTINUOUS
10
5.9236940944881891
20
-3.8448224803149604
11
5.9249390157480315
21
-3.8450196850393699
0
LINE
8
BLACK
6
CONTINUOUS
10
5.9249390157480315
20
-3.8450196850393699
11
5.9249391338582678
21
-3.8450196850393699
0
LINE
8
BLACK
6
CONTINUOUS
10
5.9249391338582678
20
-3.8450196850393699
11
5.9447617716535435
21
-3.8450196850393699
0
LINE
8
BLACK
6
CONTINUOUS
10
5.9447617716535435
20
-3.8450196850393699
11
5.9458859448818897
21
-3.8448415748031497
0
LINE
8
BLACK
6
CONTINUOUS
10
5.9458859448818897
20
-3.8448415748031497
11
5.9486267716535428
21
-3.8444075196850394
0
LINE
8
BLACK
6
CONTINUOUS
10
5.9486267716535428
20
-3.8444075196850394
11
5.9532854724409443
21
-3.8420337795275588
0
LINE
8
BLACK
6
CONTINUOUS
10
5.9532854724409443
20
-3.8420337795275588
11
5.9569825984251965
21
-3.838336653543307
0
LINE
8
BLACK
6
CONTINUOUS
10
5.9569825984251965
20
-3.838336653543307
11
5.9593563385826771
21
-3.8336779527559055
0
LINE
8
BLACK
6
CONTINUOUS
10
5.9593563385826771
20
-3.8336779527559055
11
5.9598370078740155
21
-3.8306428346456691
0
LINE
8
BLACK
6
CONTINUOUS
10
5.9598370078740155
20
-3.8306428346456691
11
5.9599685039370076
21
-3.8298129133858265
0
LINE
8
BLACK
6
CONTINUOUS
10
5.9599685039370076
20
-3.8298129133858265
11
5.9599685039370076
21
-3.7971949212598424
0
LINE
8
BLACK
6
CONTINUOUS
10
5.9599685039370076
20
-3.7971949212598424
11
5.9595869685039364
21
-3.7947861417322835
0
LINE
8
BLACK
6
CONTINUOUS
10
5.9595869685039364
20
-3.7947861417322835
11
5.9593563385826771
21
-3.7933299212598426
0
LINE
8
BLACK
6
CONTINUOUS
10
5.9593563385826771
20
-3.7933299212598426
11
5.9569825984251965
21
-3.7886712204724406
0
LINE
8
BLACK
6
CONTINUOUS
10
5.9569825984251965
20
-3.7886712204724406
11
5.9532854724409443
21
-3.7849740944881889
0
LINE
8
BLACK
6
CONTINUOUS
10
5.9532854724409443
20
-3.7849740944881889
11
5.9520711417322829
21
-3.7843553543307085
0
LINE
8
BLACK
6
CONTINUOUS
10
5.9520711417322829
20
-3.7843553543307085
11
5.9486268897637791
21
-3.7826003937007875
0
LINE
8
BLACK
6
CONTINUOUS
10
5.9486268897637791
20
-3.7826003937007875
11
5.9486267716535428
21
-3.7826003543307087
0
LINE
8
BLACK
6
CONTINUOUS
10
5.9486267716535428
20
-3.7826003543307087
11
5.947660472440945
21
-3.7824472834645668
0
LINE
8
BLACK
6
CONTINUOUS
10
5.947660472440945
20
-3.7824472834645668
11
5.9447617716535435
21
-3.7819881889763778
0
LINE
8
BLACK
6
CONTINUOUS
10
5.9447617716535435
20
-3.7819881889763778
11
5.9447616535433072
21
-3.7819881889763778
0
LINE
8
BLACK
6
CONTINUOUS
10
5.9447616535433072
20
-3.7819881889763778
11
5.9249391338582678
21
-3.7819881889763778
0
LINE
8
BLACK
6
CONTINUOUS
10
5.9249391338582678
20
-3.7819881889763778
11
5.9249390157480315
21
-3.7819881889763778
0
LINE
8
BLACK
6
CONTINUOUS
10
5.9249390157480315
20
-3.7819881889763778
11
5.9210740157480313
21
-3.7826003543307087
0
LINE
8
BLACK
6
CONTINUOUS
10
5.9210740157480313
20
-3.7826003543307087
11
5.9210738582677163
21
-3.7826003937007875
0
LINE
8
BLACK
6
CONTINUOUS
10
5.9210738582677163
20
-3.7826003937007875
11
5.9164153149606298
21
-3.7849740944881889
0
LINE
8
BLACK
6
CONTINUOUS
10
5.9164153149606298
20
-3.7849740944881889
11
5.9164152362204723
21
-3.7849741338582676
0
LINE
8
BLACK
6
CONTINUOUS
10
5.9164152362204723
20
-3.7849741338582676
11
5.9133530314960625
21
-3.788036338582677
0
LINE
8
BLACK
6
CONTINUOUS
10
5.9133530314960625
20
-3.788036338582677
11
5.9112066929133853
21
-3.7891299212598426
0
LINE
8
BLACK
6
CONTINUOUS
10
5.9112066929133853
20
-3.7891299212598426
11
5.9105970078740153
21
-3.7891779133858265
0
LINE
8
BLACK
6
CONTINUOUS
10
5.9105970078740153
20
-3.7891779133858265
11
5.8698545275590552
21
-3.7891779133858265
0
LINE
8
BLACK
6
CONTINUOUS
10
5.8698545275590552
20
-3.7891779133858265
11
5.8675635433070861
21
-3.7884335433070864
0
LINE
8
BLACK
6
CONTINUOUS
10
5.8675635433070861
20
-3.7884335433070864
11
5.8670984645669293
21
-3.788036338582677
0
LINE
8
BLACK
6
CONTINUOUS
10
5.8670984645669293
20
-3.788036338582677
11
5.8551312598425191
21
-3.7760691338582677
0
LINE
8
BLACK
6
CONTINUOUS
10
5.8551312598425191
20
-3.7760691338582677
11
5.8531794094488188
21
-3.7747649212598424
0
LINE
8
BLACK
6
CONTINUOUS
10
5.8531794094488188
20
-3.7747649212598424
11
5.8531792913385825
21
-3.7747648818897637
0
LINE
8
BLACK
6
CONTINUOUS
10
5.8531792913385825
20
-3.7747648818897637
11
5.850099409448819
21
-3.7741523228346456
0
LINE
8
BLACK
6
CONTINUOUS
10
5.850099409448819
20
-3.7741523228346456
11
5.8500993307086615
21
-3.7741523228346456
0
LINE
8
BLACK
6
CONTINUOUS
10
5.8500993307086615
20
-3.7741523228346456
11
5.8470194488188971
21
-3.7747648818897637
0
LINE
8
BLACK
6
CONTINUOUS
10
5.3883204330708656
20
-3.819046929133858
11
5.3894035433070862
21
-3.8200518897637794
0
LINE
8
BLACK
6
CONTINUOUS
10
5.3894035433070862
20
-3.8200518897637794
11
5.3894037007874012
21
-3.8200520078740157
0
LINE
8
BLACK
6
CONTINUOUS
10
5.3894037007874012
20
-3.8200520078740157
11
5.3975457480314963
21
-3.825603149606299
0
LINE
8
BLACK
6
CONTINUOUS
10
5.3975457480314963
20
-3.825603149606299
11
5.4064239763779529
21
-3.8298786220472438
0
LINE
8
BLACK
6
CONTINUOUS
10
5.4064239763779529
20
-3.8298786220472438
11
5.4158402755905515
21
-3.8327831889763777
0
LINE
8
BLACK
6
CONTINUOUS
10
5.4158402755905515
20
-3.8327831889763777
11
5.4158406692913381
21
-3.8327832677165352
0
LINE
8
BLACK
6
CONTINUOUS
10
5.4158406692913381
20
-3.8327832677165352
11
5.4255845275590548
21
-3.8342519291338584
0
LINE
8
BLACK
6
CONTINUOUS
10
5.4255845275590548
20
-3.8342519291338584
11
5.4255848818897636
21
-3.8342519685039371
0
LINE
8
BLACK
6
CONTINUOUS
10
5.4255848818897636
20
-3.8342519685039371
11
5.4354387401574806
21
-3.8342519685039371
0
LINE
8
BLACK
6
CONTINUOUS
10
5.4354387401574806
20
-3.8342519685039371
11
5.4354390551181098
21
-3.8342519291338584
0
LINE
8
BLACK
6
CONTINUOUS
10
5.4354390551181098
20
-3.8342519291338584
11
5.4451829133858265
21
-3.8327832677165352
0
LINE
8
BLACK
6
CONTINUOUS
10
5.4451829133858265
20
-3.8327832677165352
11
5.445183307086614
21
-3.8327831889763777
0
LINE
8
BLACK
6
CONTINUOUS
10
5.445183307086614
20
-3.8327831889763777
11
5.4545996062992126
21
-3.8298786220472438
0
LINE
8
BLACK
6
CONTINUOUS
10
5.4545996062992126
20
-3.8298786220472438
11
5.4634778740157479
21
-3.825603149606299
0
LINE
8
BLACK
6
CONTINUOUS
10
5.4634778740157479
20
-3.825603149606299
11
5.4716196456692909
21
-3.8200522047244094
0
LINE
8
BLACK
6
CONTINUOUS
10
5.4716196456692909
20
-3.8200522047244094
11
5.4716200393700785
21
-3.8200518897637794
0
LINE
8
BLACK
6
CONTINUOUS
10
5.4716200393700785
20
-3.8200518897637794
11
5.4727031102362202
21
-3.819046929133858
0
LINE
8
BLACK
6
CONTINUOUS
10
5.4727031102362202
20
-3.819046929133858
11
5.4641185433070865
21
-3.8104623622047242
0
LINE
8
BLACK
6
CONTINUOUS
10
5.4641185433070865
20
-3.8104623622047242
11
5.4600125590551176
21
-3.8136581889763779
0
LINE
8
BLACK
6
CONTINUOUS
10
5.4600125590551176
20
-3.8136581889763779
11
5.4521780708661414
21
-3.8178979921259844
0
LINE
8
BLACK
6
CONTINUOUS
10
5.4521780708661414
20
-3.8178979921259844
11
5.4437525590551177
21
-3.8207904724409447
0
LINE
8
BLACK
6
CONTINUOUS
10
5.4437525590551177
20
-3.8207904724409447
11
5.4349659055118105
21
-3.8222567322834644
0
LINE
8
BLACK
6
CONTINUOUS
10
5.4349659055118105
20
-3.8222567322834644
11
5.4260577165354329
21
-3.8222567322834644
0
LINE
8
BLACK
6
CONTINUOUS
10
5.4260577165354329
20
-3.8222567322834644
11
5.4172710629921257
21
-3.8207904724409447
0
LINE
8
BLACK
6
CONTINUOUS
10
5.4172710629921257
20
-3.8207904724409447
11
5.408845551181102
21
-3.8178979921259844
0
LINE
8
BLACK
6
CONTINUOUS
10
5.408845551181102
20
-3.8178979921259844
11
5.4010110629921257
21
-3.8136581889763779
0
LINE
8
BLACK
6
CONTINUOUS
10
5.4010110629921257
20
-3.8136581889763779
11
5.3969050000000003
21
-3.8104623228346455
0
LINE
8
BLACK
6
CONTINUOUS
10
5.3969050000000003
20
-3.8104623228346455
11
5.3883204330708656
21
-3.819046929133858
0
LINE
8
BLACK
6
CONTINUOUS
10
5.5883204330708658
20
-3.819046929133858
11
5.5894035433070863
21
-3.8200518897637794
0
LINE
8
BLACK
6
CONTINUOUS
10
5.5894035433070863
20
-3.8200518897637794
11
5.5894037007874013
21
-3.8200520078740157
0
LINE
8
BLACK
6
CONTINUOUS
10
5.5894037007874013
20
-3.8200520078740157
11
5.5975457480314956
21
-3.825603149606299
0
LINE
8
BLACK
6
CONTINUOUS
10
5.5975457480314956
20
-3.825603149606299
11
5.6064239763779522
21
-3.8298786220472438
0
LINE
8
BLACK
6
CONTINUOUS
10
5.6064239763779522
20
-3.8298786220472438
11
5.6158402755905508
21
-3.8327831889763777
0
LINE
8
BLACK
6
CONTINUOUS
10
5.6158402755905508
20
-3.8327831889763777
11
5.6158406692913383
21
-3.8327832677165352
0
LINE
8
BLACK
6
CONTINUOUS
10
5.6158406692913383
20
-3.8327832677165352
11
5.625584527559055
21
-3.8342519291338584
0
LINE
8
BLACK
6
CONTINUOUS
10
5.625584527559055
20
-3.8342519291338584
11
5.6255848818897638
21
-3.8342519685039371
0
LINE
8
BLACK
6
CONTINUOUS
10
5.6255848818897638
20
-3.8342519685039371
11
5.6354387401574799
21
-3.8342519685039371
0
LINE
8
BLACK
6
CONTINUOUS
10
5.6354387401574799
20
-3.8342519685039371
11
5.6354390551181099
21
-3.8342519291338584
0
LINE
8
BLACK
6
CONTINUOUS
10
5.6354390551181099
20
-3.8342519291338584
11
5.6451829133858267
21
-3.8327832677165352
0
LINE
8
BLACK
6
CONTINUOUS
10
5.6451829133858267
20
-3.8327832677165352
11
5.6451833070866142
21
-3.8327831889763777
0
LINE
8
BLACK
6
CONTINUOUS
10
5.6451833070866142
20
-3.8327831889763777
11
5.6545996062992128
21
-3.8298786220472438
0
LINE
8
BLACK
6
CONTINUOUS
10
5.6545996062992128
20
-3.8298786220472438
11
5.6634778740157481
21
-3.825603149606299
0
LINE
8
BLACK
6
CONTINUOUS
10
5.6634778740157481
20
-3.825603149606299
11
5.6700953543307087
21
-3.8210914566929133
0
LINE
8
BLACK
6
CONTINUOUS
10
5.6700953543307087
20
-3.8210914566929133
11
5.6716196456692911
21
-3.8200522047244094
0
LINE
8
BLACK
6
CONTINUOUS
10
5.6716196456692911
20
-3.8200522047244094
11
5.6716200393700786
21
-3.8200518897637794
0
LINE
8
BLACK
6
CONTINUOUS
10
5.6716200393700786
20
-3.8200518897637794
11
5.6727031102362204
21
-3.819046929133858
0
LINE
8
BLACK
6
CONTINUOUS
10
5.6727031102362204
20
-3.819046929133858
11
5.6641185433070866
21
-3.8104623622047242
0
LINE
8
BLACK
6
CONTINUOUS
10
5.6641185433070866
20
-3.8104623622047242
11
5.6600125590551178
21
-3.8136581889763779
0
LINE
8
BLACK
6
CONTINUOUS
10
5.6600125590551178
20
-3.8136581889763779
11
5.6521780708661415
21
-3.8178979921259844
0
LINE
8
BLACK
6
CONTINUOUS
10
5.6521780708661415
20
-3.8178979921259844
11
5.6437525590551179
21
-3.8207904724409447
0
LINE
8
BLACK
6
CONTINUOUS
10
5.6437525590551179
20
-3.8207904724409447
11
5.6349659055118106
21
-3.8222567322834644
0
LINE
8
BLACK
6
CONTINUOUS
10
5.6349659055118106
20
-3.8222567322834644
11
5.6260577165354331
21
-3.8222567322834644
0
LINE
8
BLACK
6
CONTINUOUS
10
5.6260577165354331
20
-3.8222567322834644
11
5.6172710629921259
21
-3.8207904724409447
0
LINE
8
BLACK
6
CONTINUOUS
10
5.6172710629921259
20
-3.8207904724409447
11
5.6088455511811022
21
-3.8178979921259844
0
LINE
8
BLACK
6
CONTINUOUS
10
5.6088455511811022
20
-3.8178979921259844
11
5.6010110629921259
21
-3.8136581889763779
0
LINE
8
BLACK
6
CONTINUOUS
10
5.6010110629921259
20
-3.8136581889763779
11
5.5969049999999996
21
-3.8104623228346455
0
LINE
8
BLACK
6
CONTINUOUS
10
5.5969049999999996
20
-3.8104623228346455
11
5.5883204330708658
21
-3.819046929133858
0
LINE
8
BLACK
6
CONTINUOUS
10
6.4883204330708661
20
-3.819046929133858
11
6.4894035433070867
21
-3.8200518897637794
0
LINE
8
BLACK
6
CONTINUOUS
10
6.4894035433070867
20
-3.8200518897637794
11
6.4894037007874017
21
-3.8200520078740157
0
LINE
8
BLACK
6
CONTINUOUS
10
6.4894037007874017
20
-3.8200520078740157
11
6.497545748031496
21
-3.825603149606299
0
LINE
8
BLACK
6
CONTINUOUS
10
6.497545748031496
20
-3.825603149606299
11
6.5064239763779526
21
-3.8298786220472438
0
LINE
8
BLACK
6
CONTINUOUS
10
6.5064239763779526
20
-3.8298786220472438
11
6.5158402755905511
21
-3.8327831889763777
0
LINE
8
BLACK
6
CONTINUOUS
10
6.5158402755905511
20
-3.8327831889763777
11
6.5158406692913386
21
-3.8327832677165352
0
LINE
8
BLACK
6
CONTINUOUS
10
6.5158406692913386
20
-3.8327832677165352
11
6.5255845275590554
21
-3.8342519291338584
0
LINE
8
BLACK
6
CONTINUOUS
10
6.5255845275590554
20
-3.8342519291338584
11
6.5255848818897633
21
-3.8342519685039371
0
LINE
8
BLACK
6
CONTINUOUS
10
6.5255848818897633
20
-3.8342519685039371
11
6.5354387401574803
21
-3.8342519685039371
0
LINE
8
BLACK
6
CONTINUOUS
10
6.5354387401574803
20
-3.8342519685039371
11
6.5354390551181103
21
-3.8342519291338584
0
LINE
8
BLACK
6
CONTINUOUS
10
6.5354390551181103
20
-3.8342519291338584
11
6.545182913385827
21
-3.8327832677165352
0
LINE
8
BLACK
6
CONTINUOUS
10
6.545182913385827
20
-3.8327832677165352
11
6.5451833070866137
21
-3.8327831889763777
0
LINE
8
BLACK
6
CONTINUOUS
10
6.5451833070866137
20
-3.8327831889763777
11
6.5545996062992122
21
-3.8298786220472438
0
LINE
8
BLACK
6
CONTINUOUS
10
6.5545996062992122
20
-3.8298786220472438
11
6.5634778740157476
21
-3.825603149606299
0
LINE
8
BLACK
6
CONTINUOUS
10
6.5634778740157476
20
-3.825603149606299
11
6.5716196456692915
21
-3.8200522047244094
0
LINE
8
BLACK
6
CONTINUOUS
10
6.5716196456692915
20
-3.8200522047244094
11
6.571620039370079
21
-3.8200518897637794
0
LINE
8
BLACK
6
CONTINUOUS
10
6.571620039370079
20
-3.8200518897637794
11
6.5727031102362199
21
-3.819046929133858
0
LINE
8
BLACK
6
CONTINUOUS
10
6.5727031102362199
20
-3.819046929133858
11
6.5641185433070861
21
-3.8104623622047242
0
LINE
8
BLACK
6
CONTINUOUS
10
6.5641185433070861
20
-3.8104623622047242
11
6.5600125590551182
21
-3.8136581889763779
0
LINE
8
BLACK
6
CONTINUOUS
10
6.5600125590551182
20
-3.8136581889763779
11
6.5521780708661419
21
-3.8178979921259844
0
LINE
8
BLACK
6
CONTINUOUS
10
6.5521780708661419
20
-3.8178979921259844
11
6.5437525590551182
21
-3.8207904724409447
0
LINE
8
BLACK
6
CONTINUOUS
10
6.5437525590551182
20
-3.8207904724409447
11
6.534965905511811
21
-3.8222567322834644
0
LINE
8
BLACK
6
CONTINUOUS
10
6.534965905511811
20
-3.8222567322834644
11
6.5260577165354325
21
-3.8222567322834644
0
LINE
8
BLACK
6
CONTINUOUS
10
6.5260577165354325
20
-3.8222567322834644
11
6.5172710629921262
21
-3.8207904724409447
0
LINE
8
BLACK
6
CONTINUOUS
10
6.5172710629921262
20
-3.8207904724409447
11
6.5088455511811025
21
-3.8178979921259844
0
LINE
8
BLACK
6
CONTINUOUS
10
6.5088455511811025
20
-3.8178979921259844
11
6.5010110629921263
21
-3.8136581889763779
0
LINE
8
BLACK
6
CONTINUOUS
10
6.5010110629921263
20
-3.8136581889763779
11
6.4969049999999999
21
-3.8104623228346455
0
LINE
8
BLACK
6
CONTINUOUS
10
6.4969049999999999
20
-3.8104623228346455
11
6.4883204330708661
21
-3.819046929133858
0
LINE
8
BLACK
6
CONTINUOUS
10
6.6883204330708663
20
-3.819046929133858
11
6.6894035433070869
21
-3.8200518897637794
0
LINE
8
BLACK
6
CONTINUOUS
10
6.6894035433070869
20
-3.8200518897637794
11
6.689403700787401
21
-3.8200520078740157
0
LINE
8
BLACK
6
CONTINUOUS
10
6.689403700787401
20
-3.8200520078740157
11
6.6975457480314962
21
-3.825603149606299
0
LINE
8
BLACK
6
CONTINUOUS
10
6.6975457480314962
20
-3.825603149606299
11
6.7064239763779527
21
-3.8298786220472438
0
LINE
8
BLACK
6
CONTINUOUS
10
6.7064239763779527
20
-3.8298786220472438
11
6.7158402755905513
21
-3.8327831889763777
0
LINE
8
BLACK
6
CONTINUOUS
10
6.7158402755905513
20
-3.8327831889763777
11
6.7158406692913388
21
-3.8327832677165352
0
LINE
8
BLACK
6
CONTINUOUS
10
6.7158406692913388
20
-3.8327832677165352
11
6.7255845275590547
21
-3.8342519291338584
0
LINE
8
BLACK
6
CONTINUOUS
10
6.7255845275590547
20
-3.8342519291338584
11
6.7255848818897634
21
-3.8342519685039371
0
LINE
8
BLACK
6
CONTINUOUS
10
6.7255848818897634
20
-3.8342519685039371
11
6.7354387401574805
21
-3.8342519685039371
0
LINE
8
BLACK
6
CONTINUOUS
10
6.7354387401574805
20
-3.8342519685039371
11
6.7354390551181105
21
-3.8342519291338584
0
LINE
8
BLACK
6
CONTINUOUS
10
6.7354390551181105
20
-3.8342519291338584
11
6.7451829133858263
21
-3.8327832677165352
0
LINE
8
BLACK
6
CONTINUOUS
10
6.7451829133858263
20
-3.8327832677165352
11
6.7451833070866138
21
-3.8327831889763777
0
LINE
8
BLACK
6
CONTINUOUS
10
6.7451833070866138
20
-3.8327831889763777
11
6.7545996062992124
21
-3.8298786220472438
0
LINE
8
BLACK
6
CONTINUOUS
10
6.7545996062992124
20
-3.8298786220472438
11
6.7634778740157477
21
-3.825603149606299
0
LINE
8
BLACK
6
CONTINUOUS
10
6.7634778740157477
20
-3.825603149606299
11
6.7716196456692908
21
-3.8200522047244094
0
LINE
8
BLACK
6
CONTINUOUS
10
6.7716196456692908
20
-3.8200522047244094
11
6.7716200393700783
21
-3.8200518897637794
0
LINE
8
BLACK
6
CONTINUOUS
10
6.7716200393700783
20
-3.8200518897637794
11
6.7727031102362201
21
-3.819046929133858
0
LINE
8
BLACK
6
CONTINUOUS
10
6.7727031102362201
20
-3.819046929133858
11
6.7641185433070863
21
-3.8104623622047242
0
LINE
8
BLACK
6
CONTINUOUS
10
6.7641185433070863
20
-3.8104623622047242
11
6.7600125590551183
21
-3.8136581889763779
0
LINE
8
BLACK
6
CONTINUOUS
10
6.7600125590551183
20
-3.8136581889763779
11
6.7521780708661412
21
-3.8178979921259844
0
LINE
8
BLACK
6
CONTINUOUS
10
6.7521780708661412
20
-3.8178979921259844
11
6.7437525590551184
21
-3.8207904724409447
0
LINE
8
BLACK
6
CONTINUOUS
10
6.7437525590551184
20
-3.8207904724409447
11
6.7349659055118112
21
-3.8222567322834644
0
LINE
8
BLACK
6
CONTINUOUS
10
6.7349659055118112
20
-3.8222567322834644
11
6.7260577165354327
21
-3.8222567322834644
0
LINE
8
BLACK
6
CONTINUOUS
10
6.7260577165354327
20
-3.8222567322834644
11
6.7172710629921255
21
-3.8207904724409447
0
LINE
8
BLACK
6
CONTINUOUS
10
6.7172710629921255
20
-3.8207904724409447
11
6.7088455511811018
21
-3.8178979921259844
0
LINE
8
BLACK
6
CONTINUOUS
10
6.7088455511811018
20
-3.8178979921259844
11
6.7010110629921256
21
-3.8136581889763779
0
LINE
8
BLACK
6
CONTINUOUS
10
6.7010110629921256
20
-3.8136581889763779
11
6.6969050000000001
21
-3.8104623228346455
0
LINE
8
BLACK
6
CONTINUOUS
10
6.6969050000000001
20
-3.8104623228346455
11
6.6883204330708663
21
-3.819046929133858
0
LINE
8
BLACK
6
CONTINUOUS
10
5.4957077952755906
20
-3.7586774015748032
11
5.4957077165354331
21
-3.7586770078740157
0
LINE
8
BLACK
6
CONTINUOUS
10
5.4957077165354331
20
-3.7586770078740157
11
5.4935149999999995
21
-3.7490699212598426
0
LINE
8
BLACK
6
CONTINUOUS
10
5.4935149999999995
20
-3.7490699212598426
11
5.4899149212598424
21
-3.7398971653543307
0
LINE
8
BLACK
6
CONTINUOUS
10
5.4899149212598424
20
-3.7398971653543307
11
5.4899145669291336
21
-3.7398964173228344
0
LINE
8
BLACK
6
CONTINUOUS
10
5.4899145669291336
20
-3.7398964173228344
11
5.4849878346456693
21
-3.7313630708661418
0
LINE
8
BLACK
6
CONTINUOUS
10
5.4849878346456693
20
-3.7313630708661418
11
5.4849876771653543
21
-3.7313628346456693
0
LINE
8
BLACK
6
CONTINUOUS
10
5.4849876771653543
20
-3.7313628346456693
11
5.4810022047244091
21
-3.7263651574803149
0
LINE
8
BLACK
6
CONTINUOUS
10
5.4810022047244091
20
-3.7263651574803149
11
5.4725563385826774
21
-3.7348109842519683
0
LINE
8
BLACK
6
CONTINUOUS
10
5.4725563385826774
20
-3.7348109842519683
11
5.4730756692913385
21
-3.7353751574803149
0
LINE
8
BLACK
6
CONTINUOUS
10
5.4730756692913385
20
-3.7353751574803149
11
5.4779479921259844
21
-3.7428327559055119
0
LINE
8
BLACK
6
CONTINUOUS
10
5.4779479921259844
20
-3.7428327559055119
11
5.4815263779527559
21
-3.7509906299212599
0
LINE
8
BLACK
6
CONTINUOUS
10
5.4815263779527559
20
-3.7509906299212599
11
5.4837131889763775
21
-3.7596261811023619
0
LINE
8
BLACK
6
CONTINUOUS
10
5.4837131889763775
20
-3.7596261811023619
11
5.4844488188976372
21
-3.7685039370078739
0
LINE
8
BLACK
6
CONTINUOUS
10
5.4844488188976372
20
-3.7685039370078739
11
5.4837131889763775
21
-3.7773816929133859
0
LINE
8
BLACK
6
CONTINUOUS
10
5.4837131889763775
20
-3.7773816929133859
11
5.4815263779527559
21
-3.7860172440944879
0
LINE
8
BLACK
6
CONTINUOUS
10
5.4815263779527559
20
-3.7860172440944879
11
5.4779479921259844
21
-3.7941751181102363
0
LINE
8
BLACK
6
CONTINUOUS
10
5.4779479921259844
20
-3.7941751181102363
11
5.4730756692913385
21
-3.8016327165354329
0
LINE
8
BLACK
6
CONTINUOUS
10
5.4730756692913385
20
-3.8016327165354329
11
5.4725563779527562
21
-3.8021968110236219
0
LINE
8
BLACK
6
CONTINUOUS
10
5.4725563779527562
20
-3.8021968110236219
11
5.4810022047244091
21
-3.8106426377952753
0
LINE
8
BLACK
6
CONTINUOUS
10
5.4810022047244091
20
-3.8106426377952753
11
5.4849874409448818
21
-3.8056453149606297
0
LINE
8
BLACK
6
CONTINUOUS
10
5.4849874409448818
20
-3.8056453149606297
11
5.4849878346456693
21
-3.8056447637795277
0
LINE
8
BLACK
6
CONTINUOUS
10
5.4849878346456693
20
-3.8056447637795277
11
5.4899145669291336
21
-3.7971114173228346
0
LINE
8
BLACK
6
CONTINUOUS
10
5.4899145669291336
20
-3.7971114173228346
11
5.4899149212598424
21
-3.7971106692913383
0
LINE
8
BLACK
6
CONTINUOUS
10
5.4899149212598424
20
-3.7971106692913383
11
5.4935149999999995
21
-3.7879379133858269
0
LINE
8
BLACK
6
CONTINUOUS
10
5.4935149999999995
20
-3.7879379133858269
11
5.4957077165354331
21
-3.7783308267716533
0
LINE
8
BLACK
6
CONTINUOUS
10
5.4957077165354331
20
-3.7783308267716533
11
5.4957077952755906
21
-3.7783304330708662
0
LINE
8
BLACK
6
CONTINUOUS
10
5.4957077952755906
20
-3.7783304330708662
11
5.4964442125984254
21
-3.7685040157480314
0
LINE
8
BLACK
6
CONTINUOUS
10
5.4964442125984254
20
-3.7685040157480314
11
5.4964442125984254
21
-3.7685038188976376
0
LINE
8
BLACK
6
CONTINUOUS
10
5.4964442125984254
20
-3.7685038188976376
11
5.4957077952755906
21
-3.7586774015748032
0
LINE
8
BLACK
6
CONTINUOUS
10
5.6725563385826767
20
-3.7348109842519683
11
5.6730756692913387
21
-3.7353751574803149
0
LINE
8
BLACK
6
CONTINUOUS
10
5.6730756692913387
20
-3.7353751574803149
11
5.6779479921259846
21
-3.7428327559055119
0
LINE
8
BLACK
6
CONTINUOUS
10
5.6779479921259846
20
-3.7428327559055119
11
5.6815263779527561
21
-3.7509906299212599
0
LINE
8
BLACK
6
CONTINUOUS
10
5.6815263779527561
20
-3.7509906299212599
11
5.6837131889763777
21
-3.7596261811023619
0
LINE
8
BLACK
6
CONTINUOUS
10
5.6837131889763777
20
-3.7596261811023619
11
5.6844488188976374
21
-3.7685039370078739
0
LINE
8
BLACK
6
CONTINUOUS
10
5.6844488188976374
20
-3.7685039370078739
11
5.6837131889763777
21
-3.7773816929133859
0
LINE
8
BLACK
6
CONTINUOUS
10
5.6837131889763777
20
-3.7773816929133859
11
5.6815263779527561
21
-3.7860172440944879
0
LINE
8
BLACK
6
CONTINUOUS
10
5.6815263779527561
20
-3.7860172440944879
11
5.6779479921259846
21
-3.7941751181102363
0
LINE
8
BLACK
6
CONTINUOUS
10
5.6779479921259846
20
-3.7941751181102363
11
5.6730756692913387
21
-3.8016327165354329
0
LINE
8
BLACK
6
CONTINUOUS
10
5.6730756692913387
20
-3.8016327165354329
11
5.6725563779527555
21
-3.8021968110236219
0
LINE
8
BLACK
6
CONTINUOUS
10
5.6725563779527555
20
-3.8021968110236219
11
5.6810022047244093
21
-3.8106426377952753
0
LINE
8
BLACK
6
CONTINUOUS
10
5.6810022047244093
20
-3.8106426377952753
11
5.684987440944882
21
-3.8056453149606297
0
LINE
8
BLACK
6
CONTINUOUS
10
5.684987440944882
20
-3.8056453149606297
11
5.6849878346456695
21
-3.8056447637795277
0
LINE
8
BLACK
6
CONTINUOUS
10
5.6849878346456695
20
-3.8056447637795277
11
5.6899145669291338
21
-3.7971114173228346
0
LINE
8
BLACK
6
CONTINUOUS
10
5.6899145669291338
20
-3.7971114173228346
11
5.6899149212598426
21
-3.7971106692913383
0
LINE
8
BLACK
6
CONTINUOUS
10
5.6899149212598426
20
-3.7971106692913383
11
5.6935149999999997
21
-3.7879379133858269
0
LINE
8
BLACK
6
CONTINUOUS
10
5.6935149999999997
20
-3.7879379133858269
11
5.6957077165354333
21
-3.7783308267716533
0
LINE
8
BLACK
6
CONTINUOUS
10
5.6957077165354333
20
-3.7783308267716533
11
5.6957077952755908
21
-3.7783304330708662
0
LINE
8
BLACK
6
CONTINUOUS
10
5.6957077952755908
20
-3.7783304330708662
11
5.6964442125984247
21
-3.7685040157480314
0
LINE
8
BLACK
6
CONTINUOUS
10
5.6964442125984247
20
-3.7685040157480314
11
5.6964442125984247
21
-3.7685038188976376
0
LINE
8
BLACK
6
CONTINUOUS
10
5.6964442125984247
20
-3.7685038188976376
11
5.6964108267716531
21
-3.7680584645669288
0
LINE
8
BLACK
6
CONTINUOUS
10
5.6964108267716531
20
-3.7680584645669288
11
5.6957077952755908
21
-3.7586774015748032
0
LINE
8
BLACK
6
CONTINUOUS
10
5.6957077952755908
20
-3.7586774015748032
11
5.6957077165354333
21
-3.7586770078740157
0
LINE
8
BLACK
6
CONTINUOUS
10
5.6957077165354333
20
-3.7586770078740157
11
5.6935149999999997
21
-3.7490699212598426
0
LINE
8
BLACK
6
CONTINUOUS
10
5.6935149999999997
20
-3.7490699212598426
11
5.6899149212598426
21
-3.7398971653543307
0
LINE
8
BLACK
6
CONTINUOUS
10
5.6899149212598426
20
-3.7398971653543307
11
5.6899145669291338
21
-3.7398964173228344
0
LINE
8
BLACK
6
CONTINUOUS
10
5.6899145669291338
20
-3.7398964173228344
11
5.6849878346456695
21
-3.7313630708661418
0
LINE
8
BLACK
6
CONTINUOUS
10
5.6849878346456695
20
-3.7313630708661418
11
5.6849876771653545
21
-3.7313628346456693
0
LINE
8
BLACK
6
CONTINUOUS
10
5.6849876771653545
20
-3.7313628346456693
11
5.6810022047244093
21
-3.7263651574803149
0
LINE
8
BLACK
6
CONTINUOUS
10
5.6810022047244093
20
-3.7263651574803149
11
5.6725563385826767
21
-3.7348109842519683
0
LINE
8
BLACK
6
CONTINUOUS
10
6.4760358267716533
20
-3.7313629527559056
11
6.4711088188976378
21
-3.7398968110236219
0
LINE
8
BLACK
6
CONTINUOUS
10
6.4711088188976378
20
-3.7398968110236219
11
6.4711086614173228
21
-3.7398971653543307
0
LINE
8
BLACK
6
CONTINUOUS
10
6.4711086614173228
20
-3.7398971653543307
11
6.4675085826771648
21
-3.7490699212598426
0
LINE
8
BLACK
6
CONTINUOUS
10
6.4675085826771648
20
-3.7490699212598426
11
6.465315866141732
21
-3.7586770078740157
0
LINE
8
BLACK
6
CONTINUOUS
10
6.465315866141732
20
-3.7586770078740157
11
6.4653157874015745
21
-3.7586774015748032
0
LINE
8
BLACK
6
CONTINUOUS
10
6.4653157874015745
20
-3.7586774015748032
11
6.4645794094488185
21
-3.7685038188976376
0
LINE
8
BLACK
6
CONTINUOUS
10
6.4645794094488185
20
-3.7685038188976376
11
6.4645794094488185
21
-3.7685040157480314
0
LINE
8
BLACK
6
CONTINUOUS
10
6.4645794094488185
20
-3.7685040157480314
11
6.4653157874015745
21
-3.7783304330708662
0
LINE
8
BLACK
6
CONTINUOUS
10
6.4653157874015745
20
-3.7783304330708662
11
6.465315866141732
21
-3.7783308267716533
0
LINE
8
BLACK
6
CONTINUOUS
10
6.465315866141732
20
-3.7783308267716533
11
6.4675085826771648
21
-3.7879379133858269
0
LINE
8
BLACK
6
CONTINUOUS
10
6.4675085826771648
20
-3.7879379133858269
11
6.4711086614173228
21
-3.7971106692913383
0
LINE
8
BLACK
6
CONTINUOUS
10
6.4711086614173228
20
-3.7971106692913383
11
6.4711090157480315
21
-3.7971114173228346
0
LINE
8
BLACK
6
CONTINUOUS
10
6.4711090157480315
20
-3.7971114173228346
11
6.4760357480314958
21
-3.8056447637795277
0
LINE
8
BLACK
6
CONTINUOUS
10
6.4760357480314958
20
-3.8056447637795277
11
6.4760359055118109
21
-3.8056449999999997
0
LINE
8
BLACK
6
CONTINUOUS
10
6.4760359055118109
20
-3.8056449999999997
11
6.4800213385826773
21
-3.8106426377952753
0
LINE
8
BLACK
6
CONTINUOUS
10
6.4800213385826773
20
-3.8106426377952753
11
6.4884671653543302
21
-3.8021967322834644
0
LINE
8
BLACK
6
CONTINUOUS
10
6.4884671653543302
20
-3.8021967322834644
11
6.4879479527559054
21
-3.8016327165354329
0
LINE
8
BLACK
6
CONTINUOUS
10
6.4879479527559054
20
-3.8016327165354329
11
6.4830756299212595
21
-3.7941751181102363
0
LINE
8
BLACK
6
CONTINUOUS
10
6.4830756299212595
20
-3.7941751181102363
11
6.479497244094488
21
-3.7860172440944879
0
LINE
8
BLACK
6
CONTINUOUS
10
6.479497244094488
20
-3.7860172440944879
11
6.4773104330708664
21
-3.7773816929133859
0
LINE
8
BLACK
6
CONTINUOUS
10
6.4773104330708664
20
-3.7773816929133859
11
6.4765748031496058
21
-3.7685039370078739
0
LINE
8
BLACK
6
CONTINUOUS
10
6.4765748031496058
20
-3.7685039370078739
11
6.4773104330708664
21
-3.7596261811023619
0
LINE
8
BLACK
6
CONTINUOUS
10
6.4773104330708664
20
-3.7596261811023619
11
6.479497244094488
21
-3.7509906299212599
0
LINE
8
BLACK
6
CONTINUOUS
10
6.479497244094488
20
-3.7509906299212599
11
6.4830756299212595
21
-3.7428327559055119
0
LINE
8
BLACK
6
CONTINUOUS
10
6.4830756299212595
20
-3.7428327559055119
11
6.4879479527559054
21
-3.7353751574803149
0
LINE
8
BLACK
6
CONTINUOUS
10
6.4879479527559054
20
-3.7353751574803149
11
6.488467204724409
21
-3.7348110236220471
0
LINE
8
BLACK
6
CONTINUOUS
10
6.488467204724409
20
-3.7348110236220471
11
6.4800213385826773
21
-3.7263651574803149
0
LINE
8
BLACK
6
CONTINUOUS
10
6.4800213385826773
20
-3.7263651574803149
11
6.4760358267716533
21
-3.7313629527559056
0
LINE
8
BLACK
6
CONTINUOUS
10
6.5957077952755903
20
-3.7586774015748032
11
6.5957077165354328
21
-3.7586770078740157
0
LINE
8
BLACK
6
CONTINUOUS
10
6.5957077165354328
20
-3.7586770078740157
11
6.593515
21
-3.7490699212598426
0
LINE
8
BLACK
6
CONTINUOUS
10
6.593515
20
-3.7490699212598426
11
6.589914921259842
21
-3.7398971653543307
0
LINE
8
BLACK
6
CONTINUOUS
10
6.589914921259842
20
-3.7398971653543307
11
6.5899145669291341
21
-3.7398964173228344
0
LINE
8
BLACK
6
CONTINUOUS
10
6.5899145669291341
20
-3.7398964173228344
11
6.5849878346456689
21
-3.7313630708661418
0
LINE
8
BLACK
6
CONTINUOUS
10
6.5849878346456689
20
-3.7313630708661418
11
6.5849876771653539
21
-3.7313628346456693
0
LINE
8
BLACK
6
CONTINUOUS
10
6.5849876771653539
20
-3.7313628346456693
11
6.5810022047244097
21
-3.7263651574803149
0
LINE
8
BLACK
6
CONTINUOUS
10
6.5810022047244097
20
-3.7263651574803149
11
6.5725563385826771
21
-3.7348109842519683
0
LINE
8
BLACK
6
CONTINUOUS
10
6.5725563385826771
20
-3.7348109842519683
11
6.5730756692913381
21
-3.7353751574803149
0
LINE
8
BLACK
6
CONTINUOUS
10
6.5730756692913381
20
-3.7353751574803149
11
6.577947992125984
21
-3.7428327559055119
0
LINE
8
BLACK
6
CONTINUOUS
10
6.577947992125984
20
-3.7428327559055119
11
6.5815263779527555
21
-3.7509906299212599
0
LINE
8
BLACK
6
CONTINUOUS
10
6.5815263779527555
20
-3.7509906299212599
11
6.583713188976378
21
-3.7596261811023619
0
LINE
8
BLACK
6
CONTINUOUS
10
6.583713188976378
20
-3.7596261811023619
11
6.5844488188976378
21
-3.7685039370078739
0
LINE
8
BLACK
6
CONTINUOUS
10
6.5844488188976378
20
-3.7685039370078739
11
6.583713188976378
21
-3.7773816929133859
0
LINE
8
BLACK
6
CONTINUOUS
10
6.583713188976378
20
-3.7773816929133859
11
6.5815263779527555
21
-3.7860172440944879
0
LINE
8
BLACK
6
CONTINUOUS
10
6.5815263779527555
20
-3.7860172440944879
11
6.577947992125984
21
-3.7941751181102363
0
LINE
8
BLACK
6
CONTINUOUS
10
6.577947992125984
20
-3.7941751181102363
11
6.5730756692913381
21
-3.8016327165354329
0
LINE
8
BLACK
6
CONTINUOUS
10
6.5730756692913381
20
-3.8016327165354329
11
6.5725563779527558
21
-3.8021968110236219
0
LINE
8
BLACK
6
CONTINUOUS
10
6.5725563779527558
20
-3.8021968110236219
11
6.5810022047244097
21
-3.8106426377952753
0
LINE
8
BLACK
6
CONTINUOUS
10
6.5810022047244097
20
-3.8106426377952753
11
6.5849874409448814
21
-3.8056453149606297
0
LINE
8
BLACK
6
CONTINUOUS
10
6.5849874409448814
20
-3.8056453149606297
11
6.5849878346456689
21
-3.8056447637795277
0
LINE
8
BLACK
6
CONTINUOUS
10
6.5849878346456689
20
-3.8056447637795277
11
6.5899145669291341
21
-3.7971114173228346
0
LINE
8
BLACK
6
CONTINUOUS
10
6.5899145669291341
20
-3.7971114173228346
11
6.589914921259842
21
-3.7971106692913383
0
LINE
8
BLACK
6
CONTINUOUS
10
6.589914921259842
20
-3.7971106692913383
11
6.593515
21
-3.7879379133858269
0
LINE
8
BLACK
6
CONTINUOUS
10
6.593515
20
-3.7879379133858269
11
6.5957077165354328
21
-3.7783308267716533
0
LINE
8
BLACK
6
CONTINUOUS
10
6.5957077165354328
20
-3.7783308267716533
11
6.5957077952755903
21
-3.7783304330708662
0
LINE
8
BLACK
6
CONTINUOUS
10
6.5957077952755903
20
-3.7783304330708662
11
6.5964442125984251
21
-3.7685040157480314
0
LINE
8
BLACK
6
CONTINUOUS
10
6.5964442125984251
20
-3.7685040157480314
11
6.5964442125984251
21
-3.7685038188976376
0
LINE
8
BLACK
6
CONTINUOUS
10
6.5964442125984251
20
-3.7685038188976376
11
6.5957077952755903
21
-3.7586774015748032
0
LINE
8
BLACK
6
CONTINUOUS
10
6.7725563385826772
20
-3.7348109842519683
11
6.7730756692913383
21
-3.7353751574803149
0
LINE
8
BLACK
6
CONTINUOUS
10
6.7730756692913383
20
-3.7353751574803149
11
6.7779479921259842
21
-3.7428327559055119
0
LINE
8
BLACK
6
CONTINUOUS
10
6.7779479921259842
20
-3.7428327559055119
11
6.7815263779527557
21
-3.7509906299212599
0
LINE
8
BLACK
6
CONTINUOUS
10
6.7815263779527557
20
-3.7509906299212599
11
6.7837131889763782
21
-3.7596261811023619
0
LINE
8
BLACK
6
CONTINUOUS
10
6.7837131889763782
20
-3.7596261811023619
11
6.784448818897638
21
-3.7685039370078739
0
LINE
8
BLACK
6
CONTINUOUS
10
6.784448818897638
20
-3.7685039370078739
11
6.7837131889763782
21
-3.7773816929133859
0
LINE
8
BLACK
6
CONTINUOUS
10
6.7837131889763782
20
-3.7773816929133859
11
6.7815263779527557
21
-3.7860172440944879
0
LINE
8
BLACK
6
CONTINUOUS
10
6.7815263779527557
20
-3.7860172440944879
11
6.7779479921259842
21
-3.7941751181102363
0
LINE
8
BLACK
6
CONTINUOUS
10
6.7779479921259842
20
-3.7941751181102363
11
6.7730756692913383
21
-3.8016327165354329
0
LINE
8
BLACK
6
CONTINUOUS
10
6.7730756692913383
20
-3.8016327165354329
11
6.772556377952756
21
-3.8021968110236219
0
LINE
8
BLACK
6
CONTINUOUS
10
6.772556377952756
20
-3.8021968110236219
11
6.781002204724409
21
-3.8106426377952753
0
LINE
8
BLACK
6
CONTINUOUS
10
6.781002204724409
20
-3.8106426377952753
11
6.7849874409448816
21
-3.8056453149606297
0
LINE
8
BLACK
6
CONTINUOUS
10
6.7849874409448816
20
-3.8056453149606297
11
6.7849878346456691
21
-3.8056447637795277
0
LINE
8
BLACK
6
CONTINUOUS
10
6.7849878346456691
20
-3.8056447637795277
11
6.7899145669291334
21
-3.7971114173228346
0
LINE
8
BLACK
6
CONTINUOUS
10
6.7899145669291334
20
-3.7971114173228346
11
6.7899149212598422
21
-3.7971106692913383
0
LINE
8
BLACK
6
CONTINUOUS
10
6.7899149212598422
20
-3.7971106692913383
11
6.7935150000000002
21
-3.7879379133858269
0
LINE
8
BLACK
6
CONTINUOUS
10
6.7935150000000002
20
-3.7879379133858269
11
6.7957077165354329
21
-3.7783308267716533
0
LINE
8
BLACK
6
CONTINUOUS
10
6.7957077165354329
20
-3.7783308267716533
11
6.7957077952755904
21
-3.7783304330708662
0
LINE
8
BLACK
6
CONTINUOUS
10
6.7957077952755904
20
-3.7783304330708662
11
6.7964442125984252
21
-3.7685040157480314
0
LINE
8
BLACK
6
CONTINUOUS
10
6.7964442125984252
20
-3.7685040157480314
11
6.7964442125984252
21
-3.7685038188976376
0
LINE
8
BLACK
6
CONTINUOUS
10
6.7964442125984252
20
-3.7685038188976376
11
6.7957077952755904
21
-3.7586774015748032
0
LINE
8
BLACK
6
CONTINUOUS
10
6.7957077952755904
20
-3.7586774015748032
11
6.7957077165354329
21
-3.7586770078740157
0
LINE
8
BLACK
6
CONTINUOUS
10
6.7957077165354329
20
-3.7586770078740157
11
6.7935150000000002
21
-3.7490699212598426
0
LINE
8
BLACK
6
CONTINUOUS
10
6.7935150000000002
20
-3.7490699212598426
11
6.7899149212598422
21
-3.7398971653543307
0
LINE
8
BLACK
6
CONTINUOUS
10
6.7899149212598422
20
-3.7398971653543307
11
6.7899145669291334
21
-3.7398964173228344
0
LINE
8
BLACK
6
CONTINUOUS
10
6.7899145669291334
20
-3.7398964173228344
11
6.7849878346456691
21
-3.7313630708661418
0
LINE
8
BLACK
6
CONTINUOUS
10
6.7849878346456691
20
-3.7313630708661418
11
6.7849876771653541
21
-3.7313628346456693
0
LINE
8
BLACK
6
CONTINUOUS
10
6.7849876771653541
20
-3.7313628346456693
11
6.781002204724409
21
-3.7263651574803149
0
LINE
8
BLACK
6
CONTINUOUS
10
6.781002204724409
20
-3.7263651574803149
11
6.7725563385826772
21
-3.7348109842519683
0
LINE
8
BLACK
6
CONTINUOUS
10
5.8179527559055115
20
-3.69165562992126
11
5.8179527165354328
21
-3.6916554724409449
0
LINE
8
BLACK
6
CONTINUOUS
10
5.8179527165354328
20
-3.6916554724409449
11
5.8169980708661413
21
-3.6868560629921259
0
LINE
8
BLACK
6
CONTINUOUS
10
5.8169980708661413
20
-3.6868560629921259
11
5.8151253937007876
21
-3.6823350000000001
0
LINE
8
BLACK
6
CONTINUOUS
10
5.8151253937007876
20
-3.6823350000000001
11
5.8142969291338584
21
-3.6810951181102363
0
LINE
8
BLACK
6
CONTINUOUS
10
5.8142969291338584
20
-3.6810951181102363
11
5.8136430708661413
21
-3.6787766929133858
0
LINE
8
BLACK
6
CONTINUOUS
10
5.8136430708661413
20
-3.6787766929133858
11
5.8137149606299214
21
-3.6781694488188976
0
LINE
8
BLACK
6
CONTINUOUS
10
5.8137149606299214
20
-3.6781694488188976
11
5.8137992125984255
21
-3.6777459842519686
0
LINE
8
BLACK
6
CONTINUOUS
10
5.8137992125984255
20
-3.6777459842519686
11
5.8137992125984255
21
-3.6618020078740159
0
LINE
8
BLACK
6
CONTINUOUS
10
5.8137992125984255
20
-3.6618020078740159
11
5.8145435826771656
21
-3.6595110236220472
0
LINE
8
BLACK
6
CONTINUOUS
10
5.8145435826771656
20
-3.6595110236220472
11
5.8149408661417326
21
-3.6590459055118107
0
LINE
8
BLACK
6
CONTINUOUS
10
5.8149408661417326
20
-3.6590459055118107
11
5.8158183464566928
21
-3.6581684251968505
0
LINE
8
BLACK
6
CONTINUOUS
10
5.8158183464566928
20
-3.6581684251968505
11
5.8176019685039373
21
-3.6541288188976377
0
LINE
8
BLACK
6
CONTINUOUS
10
5.8176019685039373
20
-3.6541288188976377
11
5.8177164960629923
21
-3.6531416141732285
0
LINE
8
BLACK
6
CONTINUOUS
10
5.8177164960629923
20
-3.6531416141732285
11
5.8177165354330711
21
-3.653141535433071
0
LINE
8
BLACK
6
CONTINUOUS
10
5.8177165354330711
20
-3.653141535433071
11
5.8177165354330711
21
-3.6494094881889763
0
LINE
8
BLACK
6
CONTINUOUS
10
5.8177165354330711
20
-3.6494094881889763
11
5.8177164960629923
21
-3.6494094488188975
0
LINE
8
BLACK
6
CONTINUOUS
10
5.8177164960629923
20
-3.6494094488188975
11
5.8059055118110239
21
-3.6494094488188975
0
LINE
8
BLACK
6
CONTINUOUS
10
5.8059055118110239
20
-3.6494094488188975
11
5.8059055118110239
21
-3.6513779527559054
0
LINE
8
BLACK
6
CONTINUOUS
10
5.8059055118110239
20
-3.6513779527559054
11
5.7803149606299211
21
-3.6513779527559054
0
LINE
8
BLACK
6
CONTINUOUS
10
5.7803149606299211
20
-3.6513779527559054
11
5.7803149606299211
21
-3.6494094488188975
0
LINE
8
BLACK
6
CONTINUOUS
10
5.7803149606299211
20
-3.6494094488188975
11
5.7685040157480314
21
-3.6494094488188975
0
LINE
8
BLACK
6
CONTINUOUS
10
5.7685040157480314
20
-3.6494094488188975
11
5.7685039763779526
21
-3.6494094881889763
0
LINE
8
BLACK
6
CONTINUOUS
10
5.7685039763779526
20
-3.6494094881889763
11
5.7685039763779526
21
-3.653141377952756
0
LINE
8
BLACK
6
CONTINUOUS
10
5.7685039763779526
20
-3.653141377952756
11
5.7686184645669289
21
-3.6541288976377952
0
LINE
8
BLACK
6
CONTINUOUS
10
5.7686184645669289
20
-3.6541288976377952
11
5.7704020866141734
21
-3.6581683858267717
0
LINE
8
BLACK
6
CONTINUOUS
10
5.7704020866141734
20
-3.6581683858267717
11
5.7712796850393699
21
-3.6590459842519683
0
LINE
8
BLACK
6
CONTINUOUS
10
5.7712796850393699
20
-3.6590459842519683
11
5.7723732677165351
21
-3.6611923228346455
0
LINE
8
BLACK
6
CONTINUOUS
10
5.7723732677165351
20
-3.6611923228346455
11
5.7724212598425195
21
-3.6618020472440942
0
LINE
8
BLACK
6
CONTINUOUS
10
5.7724212598425195
20
-3.6618020472440942
11
5.7724212598425195
21
-3.6777462598425195
0
LINE
8
BLACK
6
CONTINUOUS
10
5.7724212598425195
20
-3.6777462598425195
11
5.7725054724409448
21
-3.6781696062992126
0
LINE
8
BLACK
6
CONTINUOUS
10
5.7725054724409448
20
-3.6781696062992126
11
5.7722222047244092
21
-3.6805617322834645
0
LINE
8
BLACK
6
CONTINUOUS
10
5.7722222047244092
20
-3.6805617322834645
11
5.7719235039370078
21
-3.6810950787401575
0
LINE
8
BLACK
6
CONTINUOUS
10
5.7719235039370078
20
-3.6810950787401575
11
5.7710950393700786
21
-3.6823350000000001
0
LINE
8
BLACK
6
CONTINUOUS
10
5.7710950393700786
20
-3.6823350000000001
11
5.7692224015748028
21
-3.6868559842519684
0
LINE
8
BLACK
6
CONTINUOUS
10
5.7692224015748028
20
-3.6868559842519684
11
5.7692224015748028
21
-3.6868560629921259
0
LINE
8
BLACK
6
CONTINUOUS
10
5.7692224015748028
20
-3.6868560629921259
11
5.7682677165354326
21
-3.6916554724409449
0
LINE
8
BLACK
6
CONTINUOUS
10
5.7682677165354326
20
-3.6916554724409449
11
5.7682677165354326
21
-3.7451884251968504
0
LINE
8
BLACK
6
CONTINUOUS
10
5.7682677165354326
20
-3.7451884251968504
11
5.7675233464566924
21
-3.7474794094488186
0
LINE
8
BLACK
6
CONTINUOUS
10
5.7675233464566924
20
-3.7474794094488186
11
5.767126141732283
21
-3.7479444488188975
0
LINE
8
BLACK
6
CONTINUOUS
10
5.767126141732283
20
-3.7479444488188975
11
5.752044015748031
21
-3.7630265748031495
0
LINE
8
BLACK
6
CONTINUOUS
10
5.752044015748031
20
-3.7630265748031495
11
5.7507398031496058
21
-3.7649785039370078
0
LINE
8
BLACK
6
CONTINUOUS
10
5.7507398031496058
20
-3.7649785039370078
11
5.750739763779527
21
-3.7649785826771653
0
LINE
8
BLACK
6
CONTINUOUS
10
5.750739763779527
20
-3.7649785826771653
11
5.750127204724409
21
-3.7680584645669288
0
LINE
8
BLACK
6
CONTINUOUS
10
5.750127204724409
20
-3.7680584645669288
11
5.750127204724409
21
-3.7680585039370076
0
LINE
8
BLACK
6
CONTINUOUS
10
5.750127204724409
20
-3.7680585039370076
11
5.750739763779527
21
-3.7711384251968503
0
LINE
8
BLACK
6
CONTINUOUS
10
5.750739763779527
20
-3.7711384251968503
11
5.7507398031496058
21
-3.7711385433070865
0
LINE
8
BLACK
6
CONTINUOUS
10
5.7507398031496058
20
-3.7711385433070865
11
5.752044015748031
21
-3.7730903937007874
0
LINE
8
BLACK
6
CONTINUOUS
10
5.752044015748031
20
-3.7730903937007874
11
5.7778923228346457
21
-3.7989387007874016
0
LINE
8
BLACK
6
CONTINUOUS
10
5.7778923228346457
20
-3.7989387007874016
11
5.7798441732283461
21
-3.8002429133858269
0
LINE
8
BLACK
6
CONTINUOUS
10
5.7798441732283461
20
-3.8002429133858269
11
5.7798442125984248
21
-3.8002429133858269
0
LINE
8
BLACK
6
CONTINUOUS
10
5.7798442125984248
20
-3.8002429133858269
11
5.7798442519685036
21
-3.8002429527559056
0
LINE
8
BLACK
6
CONTINUOUS
10
5.7798442519685036
20
-3.8002429527559056
11
5.7813842519685039
21
-3.800549251968504
0
LINE
8
BLACK
6
CONTINUOUS
10
5.7813842519685039
20
-3.800549251968504
11
5.7829242125984255
21
-3.8008555511811024
0
LINE
8
BLACK
6
CONTINUOUS
10
5.7829242125984255
20
-3.8008555511811024
11
5.7829242519685042
21
-3.8008555511811024
0
LINE
8
BLACK
6
CONTINUOUS
10
5.7829242519685042
20
-3.8008555511811024
11
5.782924291338583
21
-3.8008555511811024
0
LINE
8
BLACK
6
CONTINUOUS
10
5.782924291338583
20
-3.8008555511811024
11
5.7839509055118112
21
-3.8006513385826772
0
LINE
8
BLACK
6
CONTINUOUS
10
5.7839509055118112
20
-3.8006513385826772
11
5.7860042125984252
21
-3.8002429527559056
0
LINE
8
BLACK
6
CONTINUOUS
10
5.7860042125984252
20
-3.8002429527559056
11
5.7879561811023619
21
-3.7989387007874016
0
LINE
8
BLACK
6
CONTINUOUS
10
5.7879561811023619
20
-3.7989387007874016
11
5.8183910629921263
21
-3.7685038188976376
0
LINE
8
BLACK
6
CONTINUOUS
10
5.8183910629921263
20
-3.7685038188976376
11
5.8279465748031498
21
-3.7589483070866141
0
LINE
8
BLACK
6
CONTINUOUS
10
5.8279465748031498
20
-3.7589483070866141
11
5.8292508267716538
21
-3.756996338582677
0
LINE
8
BLACK
6
CONTINUOUS
10
5.8292508267716538
20
-3.756996338582677
11
5.8298634251968506
21
-3.753916377952756
0
LINE
8
BLACK
6
CONTINUOUS
10
5.8298634251968506
20
-3.753916377952756
11
5.8292508267716538
21
-3.7508363779527558
0
LINE
8
BLACK
6
CONTINUOUS
10
5.8292508267716538
20
-3.7508363779527558
11
5.8279465748031498
21
-3.7488844488188975
0
LINE
8
BLACK
6
CONTINUOUS
10
5.8279465748031498
20
-3.7488844488188975
11
5.8190943307086611
21
-3.7400322047244092
0
LINE
8
BLACK
6
CONTINUOUS
10
5.8190943307086611
20
-3.7400322047244092
11
5.8180007480314959
21
-3.737885866141732
0
LINE
8
BLACK
6
CONTINUOUS
10
5.8180007480314959
20
-3.737885866141732
11
5.8179527559055115
21
-3.7372761417322833
0
LINE
8
BLACK
6
CONTINUOUS
10
5.8179527559055115
20
-3.7372761417322833
11
5.8179527559055115
21
-3.7185038976377953
0
LINE
8
BLACK
6
CONTINUOUS
10
5.8179527559055115
20
-3.7185038976377953
11
5.8179527559055115
21
-3.69165562992126
0
LINE
8
BLACK
6
CONTINUOUS
10
6.3183071259842523
20
-3.6494094881889763
11
6.3183071259842523
21
-3.653141377952756
0
LINE
8
BLACK
6
CONTINUOUS
10
6.3183071259842523
20
-3.653141377952756
11
6.3184216141732286
21
-3.6541288976377952
0
LINE
8
BLACK
6
CONTINUOUS
10
6.3184216141732286
20
-3.6541288976377952
11
6.3202052362204721
21
-3.6581683858267717
0
LINE
8
BLACK
6
CONTINUOUS
10
6.3202052362204721
20
-3.6581683858267717
11
6.3210828346456696
21
-3.6590459842519683
0
LINE
8
BLACK
6
CONTINUOUS
10
6.3210828346456696
20
-3.6590459842519683
11
6.3221764173228348
21
-3.6611923228346455
0
LINE
8
BLACK
6
CONTINUOUS
10
6.3221764173228348
20
-3.6611923228346455
11
6.3222244094488191
21
-3.6618020472440942
0
LINE
8
BLACK
6
CONTINUOUS
10
6.3222244094488191
20
-3.6618020472440942
11
6.3222244094488191
21
-3.6650442125984251
0
LINE
8
BLACK
6
CONTINUOUS
10
6.3222244094488191
20
-3.6650442125984251
11
6.321480039370079
21
-3.6673351968503938
0
LINE
8
BLACK
6
CONTINUOUS
10
6.321480039370079
20
-3.6673351968503938
11
6.321328661417323
21
-3.6675124015748031
0
LINE
8
BLACK
6
CONTINUOUS
10
6.321328661417323
20
-3.6675124015748031
11
6.3213371259842521
21
-3.6675193700787401
0
LINE
8
BLACK
6
CONTINUOUS
10
6.3213371259842521
20
-3.6675193700787401
11
6.3212153149606296
21
-3.6676677559055118
0
LINE
8
BLACK
6
CONTINUOUS
10
6.3212153149606296
20
-3.6676677559055118
11
6.3184967716535434
21
-3.6717362992125984
0
LINE
8
BLACK
6
CONTINUOUS
10
6.3184967716535434
20
-3.6717362992125984
11
6.3184965354330709
21
-3.6717367322834646
0
LINE
8
BLACK
6
CONTINUOUS
10
6.3184965354330709
20
-3.6717367322834646
11
6.3166239763779526
21
-3.6762575590551179
0
LINE
8
BLACK
6
CONTINUOUS
10
6.3166239763779526
20
-3.6762575590551179
11
6.3166239763779526
21
-3.6762576377952754
0
LINE
8
BLACK
6
CONTINUOUS
10
6.3166239763779526
20
-3.6762576377952754
11
6.3156692913385823
21
-3.6810570472440944
0
LINE
8
BLACK
6
CONTINUOUS
10
6.3156692913385823
20
-3.6810570472440944
11
6.3156692913385823
21
-3.7138415748031495
0
LINE
8
BLACK
6
CONTINUOUS
10
6.3156692913385823
20
-3.7138415748031495
11
6.3149249212598422
21
-3.7161325590551182
0
LINE
8
BLACK
6
CONTINUOUS
10
6.3149249212598422
20
-3.7161325590551182
11
6.3129761023622049
21
-3.7175484645669292
0
LINE
8
BLACK
6
CONTINUOUS
10
6.3129761023622049
20
-3.7175484645669292
11
6.3125321259842515
21
-3.7176642913385827
0
LINE
8
BLACK
6
CONTINUOUS
10
6.3125321259842515
20
-3.7176642913385827
11
6.3106368897637797
21
-3.7180412992125982
0
LINE
8
BLACK
6
CONTINUOUS
10
6.3106368897637797
20
-3.7180412992125982
11
6.3106366535433072
21
-3.7180413779527557
0
LINE
8
BLACK
6
CONTINUOUS
10
6.3106366535433072
20
-3.7180413779527557
11
6.3080258267716536
21
-3.7197859055118108
0
LINE
8
BLACK
6
CONTINUOUS
10
6.3080258267716536
20
-3.7197859055118108
11
6.3080255905511811
21
-3.7197861417322833
0
LINE
8
BLACK
6
CONTINUOUS
10
6.3080255905511811
20
-3.7197861417322833
11
6.3062810629921255
21
-3.7223969685039369
0
LINE
8
BLACK
6
CONTINUOUS
10
6.3062810629921255
20
-3.7223969685039369
11
6.306280984251968
21
-3.7223972047244094
0
LINE
8
BLACK
6
CONTINUOUS
10
6.306280984251968
20
-3.7223972047244094
11
6.3058230708661416
21
-3.7246991338582678
0
LINE
8
BLACK
6
CONTINUOUS
10
6.3058230708661416
20
-3.7246991338582678
11
6.3058230314960628
21
-3.7246996062992124
0
LINE
8
BLACK
6
CONTINUOUS
10
6.3058230314960628
20
-3.7246996062992124
11
6.3058230314960628
21
-3.7612544488188977
0
LINE
8
BLACK
6
CONTINUOUS
10
6.3058230314960628
20
-3.7612544488188977
11
6.3058230708661416
21
-3.7612549212598423
0
LINE
8
BLACK
6
CONTINUOUS
10
6.3058230708661416
20
-3.7612549212598423
11
6.306280984251968
21
-3.7635568503937007
0
LINE
8
BLACK
6
CONTINUOUS
10
6.306280984251968
20
-3.7635568503937007
11
6.3062810629921255
21
-3.7635570866141732
0
LINE
8
BLACK
6
CONTINUOUS
10
6.3062810629921255
20
-3.7635570866141732
11
6.3072308661417322
21
-3.7649785433070866
0
LINE
8
BLACK
6
CONTINUOUS
10
6.3072308661417322
20
-3.7649785433070866
11
6.3080257086614173
21
-3.7661680708661418
0
LINE
8
BLACK
6
CONTINUOUS
10
6.3080257086614173
20
-3.7661680708661418
11
6.3106367716535434
21
-3.7679127559055119
0
LINE
8
BLACK
6
CONTINUOUS
10
6.3106367716535434
20
-3.7679127559055119
11
6.3123872440944879
21
-3.7682609448818898
0
LINE
8
BLACK
6
CONTINUOUS
10
6.3123872440944879
20
-3.7682609448818898
11
6.3129388188976376
21
-3.7683706692913383
0
LINE
8
BLACK
6
CONTINUOUS
10
6.3129388188976376
20
-3.7683706692913383
11
6.3129390157480314
21
-3.7683706692913383
0
LINE
8
BLACK
6
CONTINUOUS
10
6.3129390157480314
20
-3.7683706692913383
11
6.3129392519685039
21
-3.7683707480314959
0
LINE
8
BLACK
6
CONTINUOUS
10
6.3129392519685039
20
-3.7683707480314959
11
6.3129392913385827
21
-3.7683707480314959
0
LINE
8
BLACK
6
CONTINUOUS
10
6.3129392913385827
20
-3.7683707480314959
11
6.3694941732283459
21
-3.7683707480314959
0
LINE
8
BLACK
6
CONTINUOUS
10
6.3694941732283459
20
-3.7683707480314959
11
6.3694942125984246
21
-3.7683707480314959
0
LINE
8
BLACK
6
CONTINUOUS
10
6.3694942125984246
20
-3.7683707480314959
11
6.371796692913386
21
-3.7679127559055119
0
LINE
8
BLACK
6
CONTINUOUS
10
6.371796692913386
20
-3.7679127559055119
11
6.3744077559055112
21
-3.7661680708661418
0
LINE
8
BLACK
6
CONTINUOUS
10
6.3744077559055112
20
-3.7661680708661418
11
6.3761524409448818
21
-3.7635570078740157
0
LINE
8
BLACK
6
CONTINUOUS
10
6.3761524409448818
20
-3.7635570078740157
11
6.3766104330708657
21
-3.7612545275590552
0
LINE
8
BLACK
6
CONTINUOUS
10
6.3766104330708657
20
-3.7612545275590552
11
6.3766104330708657
21
-3.7246995669291336
0
LINE
8
BLACK
6
CONTINUOUS
10
6.3766104330708657
20
-3.7246995669291336
11
6.3766056299212597
21
-3.7246755118110237
0
LINE
8
BLACK
6
CONTINUOUS
10
6.3766056299212597
20
-3.7246755118110237
11
6.3765006299212601
21
-3.7241475590551181
0
LINE
8
BLACK
6
CONTINUOUS
10
6.3765006299212601
20
-3.7241475590551181
11
6.3761524409448818
21
-3.7223970866141731
0
LINE
8
BLACK
6
CONTINUOUS
10
6.3761524409448818
20
-3.7223970866141731
11
6.3744077559055112
21
-3.719786023622047
0
LINE
8
BLACK
6
CONTINUOUS
10
6.3744077559055112
20
-3.719786023622047
11
6.3724890157480312
21
-3.7185039370078741
0
LINE
8
BLACK
6
CONTINUOUS
10
6.3724890157480312
20
-3.7185039370078741
11
6.3717967716535435
21
-3.7180413779527557
0
LINE
8
BLACK
6
CONTINUOUS
10
6.3717967716535435
20
-3.7180413779527557
11
6.371796692913386
21
-3.7180413385826769
0
LINE
8
BLACK
6
CONTINUOUS
10
6.371796692913386
20
-3.7180413385826769
11
6.3717965748031498
21
-3.7180412992125982
0
LINE
8
BLACK
6
CONTINUOUS
10
6.3717965748031498
20
-3.7180412992125982
11
6.371796535433071
21
-3.7180412992125982
0
LINE
8
BLACK
6
CONTINUOUS
10
6.371796535433071
20
-3.7180412992125982
11
6.3694946062992122
21
-3.7175833858267717
0
LINE
8
BLACK
6
CONTINUOUS
10
6.3694946062992122
20
-3.7175833858267717
11
6.3694942125984246
21
-3.717583346456693
0
LINE
8
BLACK
6
CONTINUOUS
10
6.3694942125984246
20
-3.717583346456693
11
6.3694941732283459
21
-3.717583346456693
0
LINE
8
BLACK
6
CONTINUOUS
10
6.3694941732283459
20
-3.717583346456693
11
6.3692519685039368
21
-3.717583346456693
0
LINE
8
BLACK
6
CONTINUOUS
10
6.3692519685039368
20
-3.717583346456693
11
6.3669609842519685
21
-3.7168389763779528
0
LINE
8
BLACK
6
CONTINUOUS
10
6.3669609842519685
20
-3.7168389763779528
11
6.3655450787401575
21
-3.714890157480315
0
LINE
8
BLACK
6
CONTINUOUS
10
6.3655450787401575
20
-3.714890157480315
11
6.3653543307086613
21
-3.7136857086614175
0
LINE
8
BLACK
6
CONTINUOUS
10
6.3653543307086613
20
-3.7136857086614175
11
6.3653543307086613
21
-3.6810572047244094
0
LINE
8
BLACK
6
CONTINUOUS
10
6.3653543307086613
20
-3.6810572047244094
11
6.3653542913385825
21
-3.6810570472440944
0
LINE
8
BLACK
6
CONTINUOUS
10
6.3653542913385825
20
-3.6810570472440944
11
6.365153661417323
21
-3.6800484645669291
0
LINE
8
BLACK
6
CONTINUOUS
10
6.365153661417323
20
-3.6800484645669291
11
6.3643996456692911
21
-3.6762576377952754
0
LINE
8
BLACK
6
CONTINUOUS
10
6.3643996456692911
20
-3.6762576377952754
11
6.3638989763779525
21
-3.6750489370078738
0
LINE
8
BLACK
6
CONTINUOUS
10
6.3638989763779525
20
-3.6750489370078738
11
6.3636023622047242
21
-3.6735575196850392
0
LINE
8
BLACK
6
CONTINUOUS
10
6.3636023622047242
20
-3.6735575196850392
11
6.3636023622047242
21
-3.6618020078740159
0
LINE
8
BLACK
6
CONTINUOUS
10
6.3636023622047242
20
-3.6618020078740159
11
6.3643467322834644
21
-3.6595110236220472
0
LINE
8
BLACK
6
CONTINUOUS
10
6.3643467322834644
20
-3.6595110236220472
11
6.3647440157480313
21
-3.6590459055118107
0
LINE
8
BLACK
6
CONTINUOUS
10
6.3647440157480313
20
-3.6590459055118107
11
6.3656214960629915
21
-3.6581684251968505
0
LINE
8
BLACK
6
CONTINUOUS
10
6.3656214960629915
20
-3.6581684251968505
11
6.367405118110236
21
-3.6541288188976377
0
LINE
8
BLACK
6
CONTINUOUS
10
6.367405118110236
20
-3.6541288188976377
11
6.3675196456692911
21
-3.6531416141732285
0
LINE
8
BLACK
6
CONTINUOUS
10
6.3675196456692911
20
-3.6531416141732285
11
6.3675196850393698
21
-3.653141535433071
0
LINE
8
BLACK
6
CONTINUOUS
10
6.3675196850393698
20
-3.653141535433071
11
6.3675196850393698
21
-3.6494094881889763
0
LINE
8
BLACK
6
CONTINUOUS
10
6.3675196850393698
20
-3.6494094881889763
11
6.3675196456692911
21
-3.6494094488188975
0
LINE
8
BLACK
6
CONTINUOUS
10
6.3675196456692911
20
-3.6494094488188975
11
6.3557086614173226
21
-3.6494094488188975
0
LINE
8
BLACK
6
CONTINUOUS
10
6.3557086614173226
20
-3.6494094488188975
11
6.3557086614173226
21
-3.6513779527559054
0
LINE
8
BLACK
6
CONTINUOUS
10
6.3557086614173226
20
-3.6513779527559054
11
6.3301181102362207
21
-3.6513779527559054
0
LINE
8
BLACK
6
CONTINUOUS
10
6.3301181102362207
20
-3.6513779527559054
11
6.3301181102362207
21
-3.6494094488188975
0
LINE
8
BLACK
6
CONTINUOUS
10
6.3301181102362207
20
-3.6494094488188975
11
6.3183071653543301
21
-3.6494094488188975
0
LINE
8
BLACK
6
CONTINUOUS
10
6.3183071653543301
20
-3.6494094488188975
11
6.3183071259842523
21
-3.6494094881889763
0
LINE
8
BLACK
6
CONTINUOUS
10
5.9830118110236219
20
-3.7360039370078741
11
5.9614173228346452
21
-3.7360039370078741
0
LINE
8
BLACK
6
CONTINUOUS
10
5.9614173228346452
20
-3.7360039370078741
11
5.9614173228346452
21
-3.7478148818897639
0
LINE
8
BLACK
6
CONTINUOUS
10
5.9614173228346452
20
-3.7478148818897639
11
5.961417362204724
21
-3.7478149212598426
0
LINE
8
BLACK
6
CONTINUOUS
10
5.961417362204724
20
-3.7478149212598426
11
5.9847751968503937
21
-3.7478149212598426
0
LINE
8
BLACK
6
CONTINUOUS
10
5.9847751968503937
20
-3.7478149212598426
11
5.9847752362204725
21
-3.7478148818897639
0
LINE
8
BLACK
6
CONTINUOUS
10
5.9847752362204725
20
-3.7478148818897639
11
5.9857627559055118
21
-3.7477003937007871
0
LINE
8
BLACK
6
CONTINUOUS
10
5.9857627559055118
20
-3.7477003937007871
11
5.9898022440944878
21
-3.7459167716535431
0
LINE
8
BLACK
6
CONTINUOUS
10
5.9898022440944878
20
-3.7459167716535431
11
5.9929246456692908
21
-3.7427943700787401
0
LINE
8
BLACK
6
CONTINUOUS
10
5.9929246456692908
20
-3.7427943700787401
11
5.9947082677165353
21
-3.7387548031496061
0
LINE
8
BLACK
6
CONTINUOUS
10
5.9947082677165353
20
-3.7387548031496061
11
5.9948227952755904
21
-3.7377675984251968
0
LINE
8
BLACK
6
CONTINUOUS
10
5.9948227952755904
20
-3.7377675984251968
11
5.9948228346456691
21
-3.7377675196850393
0
LINE
8
BLACK
6
CONTINUOUS
10
5.9948228346456691
20
-3.7377675196850393
11
5.9948228346456691
21
-3.7244094881889764
0
LINE
8
BLACK
6
CONTINUOUS
10
5.9948228346456691
20
-3.7244094881889764
11
5.9948227952755904
21
-3.7244094488188977
0
LINE
8
BLACK
6
CONTINUOUS
10
5.9948227952755904
20
-3.7244094488188977
11
5.9830118110236219
21
-3.7244094488188977
0
LINE
8
BLACK
6
CONTINUOUS
10
5.9830118110236219
20
-3.7244094488188977
11
5.9830118110236219
21
-3.7360039370078741
0
LINE
8
BLACK
6
CONTINUOUS
10
6.1412008267716534
20
-3.7244094881889764
11
6.1412008267716534
21
-3.7377673622047243
0
LINE
8
BLACK
6
CONTINUOUS
10
6.1412008267716534
20
-3.7377673622047243
11
6.1413153149606297
21
-3.7387548818897636
0
LINE
8
BLACK
6
CONTINUOUS
10
6.1413153149606297
20
-3.7387548818897636
11
6.1430989370078741
21
-3.7427943700787401
0
LINE
8
BLACK
6
CONTINUOUS
10
6.1430989370078741
20
-3.7427943700787401
11
6.1462213385826772
21
-3.7459167716535431
0
LINE
8
BLACK
6
CONTINUOUS
10
6.1462213385826772
20
-3.7459167716535431
11
6.1502609055118107
21
-3.7477003937007871
0
LINE
8
BLACK
6
CONTINUOUS
10
6.1502609055118107
20
-3.7477003937007871
11
6.1512481496062987
21
-3.7478149212598426
0
LINE
8
BLACK
6
CONTINUOUS
10
6.1512481496062987
20
-3.7478149212598426
11
6.174606220472441
21
-3.7478149212598426
0
LINE
8
BLACK
6
CONTINUOUS
10
6.174606220472441
20
-3.7478149212598426
11
6.1746062992125985
21
-3.7478148818897639
0
LINE
8
BLACK
6
CONTINUOUS
10
6.1746062992125985
20
-3.7478148818897639
11
6.1746062992125985
21
-3.7360039370078741
0
LINE
8
BLACK
6
CONTINUOUS
10
6.1746062992125985
20
-3.7360039370078741
11
6.1530118110236218
21
-3.7360039370078741
0
LINE
8
BLACK
6
CONTINUOUS
10
6.1530118110236218
20
-3.7360039370078741
11
6.1530118110236218
21
-3.7244094488188977
0
LINE
8
BLACK
6
CONTINUOUS
10
6.1530118110236218
20
-3.7244094488188977
11
6.1412008661417321
21
-3.7244094488188977
0
LINE
8
BLACK
6
CONTINUOUS
10
6.1412008661417321
20
-3.7244094488188977
11
6.1412008267716534
21
-3.7244094881889764
0
LINE
8
BLACK
6
CONTINUOUS
10
6.2080118110236215
20
-3.7360039370078741
11
6.1864173228346457
21
-3.7360039370078741
0
LINE
8
BLACK
6
CONTINUOUS
10
6.1864173228346457
20
-3.7360039370078741
11
6.1864173228346457
21
-3.7478148818897639
0
LINE
8
BLACK
6
CONTINUOUS
10
6.1864173228346457
20
-3.7478148818897639
11
6.1864173622047245
21
-3.7478149212598426
0
LINE
8
BLACK
6
CONTINUOUS
10
6.1864173622047245
20
-3.7478149212598426
11
6.2097751968503934
21
-3.7478149212598426
0
LINE
8
BLACK
6
CONTINUOUS
10
6.2097751968503934
20
-3.7478149212598426
11
6.2097752362204721
21
-3.7478148818897639
0
LINE
8
BLACK
6
CONTINUOUS
10
6.2097752362204721
20
-3.7478148818897639
11
6.2107627559055114
21
-3.7477003937007871
0
LINE
8
BLACK
6
CONTINUOUS
10
6.2107627559055114
20
-3.7477003937007871
11
6.2148022440944883
21
-3.7459167716535431
0
LINE
8
BLACK
6
CONTINUOUS
10
6.2148022440944883
20
-3.7459167716535431
11
6.2179246456692914
21
-3.7427943700787401
0
LINE
8
BLACK
6
CONTINUOUS
10
6.2179246456692914
20
-3.7427943700787401
11
6.219708267716535
21
-3.7387548031496061
0
LINE
8
BLACK
6
CONTINUOUS
10
6.219708267716535
20
-3.7387548031496061
11
6.21982279527559
21
-3.7377675984251968
0
LINE
8
BLACK
6
CONTINUOUS
10
6.21982279527559
20
-3.7377675984251968
11
6.2198228346456688
21
-3.7377675196850393
0
LINE
8
BLACK
6
CONTINUOUS
10
6.2198228346456688
20
-3.7377675196850393
11
6.2198228346456688
21
-3.7244094881889764
0
LINE
8
BLACK
6
CONTINUOUS
10
6.2198228346456688
20
-3.7244094881889764
11
6.21982279527559
21
-3.7244094488188977
0
LINE
8
BLACK
6
CONTINUOUS
10
6.21982279527559
20
-3.7244094488188977
11
6.2080118110236215
21
-3.7244094488188977
0
LINE
8
BLACK
6
CONTINUOUS
10
6.2080118110236215
20
-3.7244094488188977
11
6.2080118110236215
21
-3.7360039370078741
0
LINE
8
BLACK
6
CONTINUOUS
10
6.3732480314960629
20
-3.2102952755905512
11
6.3739924015748031
21
-3.2080042913385824
0
LINE
8
BLACK
6
CONTINUOUS
10
6.3739924015748031
20
-3.2080042913385824
11
6.3759412204724404
21
-3.2065883858267714
0
LINE
8
BLACK
6
CONTINUOUS
10
6.3759412204724404
20
-3.2065883858267714
11
6.3771456692913384
21
-3.2063976377952756
0
LINE
8
BLACK
6
CONTINUOUS
10
6.3771456692913384
20
-3.2063976377952756
11
6.3862892519685035
21
-3.2063976377952756
0
LINE
8
BLACK
6
CONTINUOUS
10
6.3862892519685035
20
-3.2063976377952756
11
6.3862892913385823
21
-3.2063976377952756
0
LINE
8
BLACK
6
CONTINUOUS
10
6.3862892913385823
20
-3.2063976377952756
11
6.3885917716535428
21
-3.2059396456692912
0
LINE
8
BLACK
6
CONTINUOUS
10
6.3885917716535428
20
-3.2059396456692912
11
6.3912028346456689
21
-3.2041949606299212
0
LINE
8
BLACK
6
CONTINUOUS
10
6.3912028346456689
20
-3.2041949606299212
11
6.3929475196850394
21
-3.2015838976377951
0
LINE
8
BLACK
6
CONTINUOUS
10
6.3929475196850394
20
-3.2015838976377951
11
6.3934055118110233
21
-3.1992814173228346
0
LINE
8
BLACK
6
CONTINUOUS
10
6.3934055118110233
20
-3.1992814173228346
11
6.3934055118110233
21
-3.1377264566929135
0
LINE
8
BLACK
6
CONTINUOUS
10
6.3934055118110233
20
-3.1377264566929135
11
6.3929475196850394
21
-3.1354239763779526
0
LINE
8
BLACK
6
CONTINUOUS
10
6.3929475196850394
20
-3.1354239763779526
11
6.3912028346456689
21
-3.1328129133858269
0
LINE
8
BLACK
6
CONTINUOUS
10
6.3912028346456689
20
-3.1328129133858269
11
6.3890846456692909
21
-3.131397559055118
0
LINE
8
BLACK
6
CONTINUOUS
10
6.3890846456692909
20
-3.131397559055118
11
6.3885918503937003
21
-3.1310682677165356
0
LINE
8
BLACK
6
CONTINUOUS
10
6.3885918503937003
20
-3.1310682677165356
11
6.3885917716535428
21
-3.1310682283464568
0
LINE
8
BLACK
6
CONTINUOUS
10
6.3885917716535428
20
-3.1310682283464568
11
6.3885916535433074
21
-3.1310681889763781
0
LINE
8
BLACK
6
CONTINUOUS
10
6.3885916535433074
20
-3.1310681889763781
11
6.3885916141732286
21
-3.1310681889763781
0
LINE
8
BLACK
6
CONTINUOUS
10
6.3885916141732286
20
-3.1310681889763781
11
6.3862896850393698
21
-3.1306102755905512
0
LINE
8
BLACK
6
CONTINUOUS
10
6.3862896850393698
20
-3.1306102755905512
11
6.3862892913385823
21
-3.1306102362204724
0
LINE
8
BLACK
6
CONTINUOUS
10
6.3862892913385823
20
-3.1306102362204724
11
6.3862892519685035
21
-3.1306102362204724
0
LINE
8
BLACK
6
CONTINUOUS
10
6.3862892519685035
20
-3.1306102362204724
11
6.3771456692913384
21
-3.1306102362204724
0
LINE
8
BLACK
6
CONTINUOUS
10
6.3771456692913384
20
-3.1306102362204724
11
6.3748546850393701
21
-3.1298658661417322
0
LINE
8
BLACK
6
CONTINUOUS
10
6.3748546850393701
20
-3.1298658661417322
11
6.3734387795275591
21
-3.1279170472440945
0
LINE
8
BLACK
6
CONTINUOUS
10
6.3734387795275591
20
-3.1279170472440945
11
6.3732480314960629
21
-3.1267125984251969
0
LINE
8
BLACK
6
CONTINUOUS
10
6.3732480314960629
20
-3.1267125984251969
11
6.3732480314960629
21
-3.1102952755905511
0
LINE
8
BLACK
6
CONTINUOUS
10
6.3732480314960629
20
-3.1102952755905511
11
6.3739924015748031
21
-3.1080042913385828
0
LINE
8
BLACK
6
CONTINUOUS
10
6.3739924015748031
20
-3.1080042913385828
11
6.3759412204724404
21
-3.1065883858267718
0
LINE
8
BLACK
6
CONTINUOUS
10
6.3759412204724404
20
-3.1065883858267718
11
6.3771456692913384
21
-3.1063976377952756
0
LINE
8
BLACK
6
CONTINUOUS
10
6.3771456692913384
20
-3.1063976377952756
11
6.3862892519685035
21
-3.1063976377952756
0
LINE
8
BLACK
6
CONTINUOUS
10
6.3862892519685035
20
-3.1063976377952756
11
6.3862892913385823
21
-3.1063976377952756
0
LINE
8
BLACK
6
CONTINUOUS
10
6.3862892913385823
20
-3.1063976377952756
11
6.3885917716535428
21
-3.1059396456692911
0
LINE
8
BLACK
6
CONTINUOUS
10
6.3885917716535428
20
-3.1059396456692911
11
6.3912028346456689
21
-3.1041949606299211
0
LINE
8
BLACK
6
CONTINUOUS
10
6.3912028346456689
20
-3.1041949606299211
11
6.3929475196850394
21
-3.1015838976377954
0
LINE
8
BLACK
6
CONTINUOUS
10
6.3929475196850394
20
-3.1015838976377954
11
6.3934055118110233
21
-3.0992814173228345
0
LINE
8
BLACK
6
CONTINUOUS
10
6.3934055118110233
20
-3.0992814173228345
11
6.3934055118110233
21
-3.0377264566929134
0
LINE
8
BLACK
6
CONTINUOUS
10
6.3934055118110233
20
-3.0377264566929134
11
6.3929475196850394
21
-3.0354239763779525
0
LINE
8
BLACK
6
CONTINUOUS
10
6.3929475196850394
20
-3.0354239763779525
11
6.3912028346456689
21
-3.0328129133858268
0
LINE
8
BLACK
6
CONTINUOUS
10
6.3912028346456689
20
-3.0328129133858268
11
6.3890846456692909
21
-3.0313975590551179
0
LINE
8
BLACK
6
CONTINUOUS
10
6.3890846456692909
20
-3.0313975590551179
11
6.3885918503937003
21
-3.0310682677165355
0
LINE
8
BLACK
6
CONTINUOUS
10
6.3885918503937003
20
-3.0310682677165355
11
6.3885917716535428
21
-3.0310682283464567
0
LINE
8
BLACK
6
CONTINUOUS
10
6.3885917716535428
20
-3.0310682283464567
11
6.3885916535433074
21
-3.031068188976378
0
LINE
8
BLACK
6
CONTINUOUS
10
6.3885916535433074
20
-3.031068188976378
11
6.3885916141732286
21
-3.031068188976378
0
LINE
8
BLACK
6
CONTINUOUS
10
6.3885916141732286
20
-3.031068188976378
11
6.3862896850393698
21
-3.0306102755905511
0
LINE
8
BLACK
6
CONTINUOUS
10
6.3862896850393698
20
-3.0306102755905511
11
6.3862892913385823
21
-3.0306102362204723
0
LINE
8
BLACK
6
CONTINUOUS
10
6.3862892913385823
20
-3.0306102362204723
11
6.3862892519685035
21
-3.0306102362204723
0
LINE
8
BLACK
6
CONTINUOUS
10
6.3862892519685035
20
-3.0306102362204723
11
6.3771456692913384
21
-3.0306102362204723
0
LINE
8
BLACK
6
CONTINUOUS
10
6.3771456692913384
20
-3.0306102362204723
11
6.3748546850393701
21
-3.0298658661417321
0
LINE
8
BLACK
6
CONTINUOUS
10
6.3748546850393701
20
-3.0298658661417321
11
6.3734387795275591
21
-3.0279170472440944
0
LINE
8
BLACK
6
CONTINUOUS
10
6.3734387795275591
20
-3.0279170472440944
11
6.3732480314960629
21
-3.0267125984251968
0
LINE
8
BLACK
6
CONTINUOUS
10
6.3732480314960629
20
-3.0267125984251968
11
6.3732480314960629
21
-3.0227952755905512
0
LINE
8
BLACK
6
CONTINUOUS
10
6.3732480314960629
20
-3.0227952755905512
11
6.3739924015748031
21
-3.0205042913385824
0
LINE
8
BLACK
6
CONTINUOUS
10
6.3739924015748031
20
-3.0205042913385824
11
6.3759412204724404
21
-3.0190883858267714
0
LINE
8
BLACK
6
CONTINUOUS
10
6.3759412204724404
20
-3.0190883858267714
11
6.3771456692913384
21
-3.0188976377952756
0
LINE
8
BLACK
6
CONTINUOUS
10
6.3771456692913384
20
-3.0188976377952756
11
6.383789251968504
21
-3.0188976377952756
0
LINE
8
BLACK
6
CONTINUOUS
10
6.383789251968504
20
-3.0188976377952756
11
6.3837892913385827
21
-3.0188976377952756
0
LINE
8
BLACK
6
CONTINUOUS
10
6.3837892913385827
20
-3.0188976377952756
11
6.3860917716535432
21
-3.0184396456692912
0
LINE
8
BLACK
6
CONTINUOUS
10
6.3860917716535432
20
-3.0184396456692912
11
6.3887028346456693
21
-3.0166949606299212
0
LINE
8
BLACK
6
CONTINUOUS
10
6.3887028346456693
20
-3.0166949606299212
11
6.390447519685039
21
-3.0140838976377951
0
LINE
8
BLACK
6
CONTINUOUS
10
6.390447519685039
20
-3.0140838976377951
11
6.3909055118110238
21
-3.0117814173228346
0
LINE
8
BLACK
6
CONTINUOUS
10
6.3909055118110238
20
-3.0117814173228346
11
6.3909055118110238
21
-2.9752264566929134
0
LINE
8
BLACK
6
CONTINUOUS
10
6.3909055118110238
20
-2.9752264566929134
11
6.390447519685039
21
-2.9729239763779525
0
LINE
8
BLACK
6
CONTINUOUS
10
6.390447519685039
20
-2.9729239763779525
11
6.3887028346456693
21
-2.9703129133858268
0
LINE
8
BLACK
6
CONTINUOUS
10
6.3887028346456693
20
-2.9703129133858268
11
6.3887026771653543
21
-2.9703127952755906
0
LINE
8
BLACK
6
CONTINUOUS
10
6.3887026771653543
20
-2.9703127952755906
11
6.3860918503937008
21
-2.9685682677165355
0
LINE
8
BLACK
6
CONTINUOUS
10
6.3860918503937008
20
-2.9685682677165355
11
6.3860917716535432
21
-2.9685682283464567
0
LINE
8
BLACK
6
CONTINUOUS
10
6.3860917716535432
20
-2.9685682283464567
11
6.386091653543307
21
-2.968568188976378
0
LINE
8
BLACK
6
CONTINUOUS
10
6.386091653543307
20
-2.968568188976378
11
6.3860916141732282
21
-2.968568188976378
0
LINE
8
BLACK
6
CONTINUOUS
10
6.3860916141732282
20
-2.968568188976378
11
6.3837896850393703
21
-2.9681102755905511
0
LINE
8
BLACK
6
CONTINUOUS
10
6.3837896850393703
20
-2.9681102755905511
11
6.3837892913385827
21
-2.9681102362204723
0
LINE
8
BLACK
6
CONTINUOUS
10
6.3837892913385827
20
-2.9681102362204723
11
6.3272343307086611
21
-2.9681102362204723
0
LINE
8
BLACK
6
CONTINUOUS
10
6.3272343307086611
20
-2.9681102362204723
11
6.3272342913385824
21
-2.9681102362204723
0
LINE
8
BLACK
6
CONTINUOUS
10
6.3272342913385824
20
-2.9681102362204723
11
6.3272338976377949
21
-2.9681102755905511
0
LINE
8
BLACK
6
CONTINUOUS
10
6.3272338976377949
20
-2.9681102755905511
11
6.3249319685039369
21
-2.968568188976378
0
LINE
8
BLACK
6
CONTINUOUS
10
6.3249319685039369
20
-2.968568188976378
11
6.3249317322834644
21
-2.9685682677165355
0
LINE
8
BLACK
6
CONTINUOUS
10
6.3249317322834644
20
-2.9685682677165355
11
6.3223209055118108
21
-2.9703127952755906
0
LINE
8
BLACK
6
CONTINUOUS
10
6.3223209055118108
20
-2.9703127952755906
11
6.3223206692913383
21
-2.9703130314960631
0
LINE
8
BLACK
6
CONTINUOUS
10
6.3223206692913383
20
-2.9703130314960631
11
6.3205761417322837
21
-2.9729238582677167
0
LINE
8
BLACK
6
CONTINUOUS
10
6.3205761417322837
20
-2.9729238582677167
11
6.3205760629921262
21
-2.9729240944881887
0
LINE
8
BLACK
6
CONTINUOUS
10
6.3205760629921262
20
-2.9729240944881887
11
6.3201181496062988
21
-2.9752260236220471
0
LINE
8
BLACK
6
CONTINUOUS
10
6.3201181496062988
20
-2.9752260236220471
11
6.3201181102362201
21
-2.9752264960629922
0
LINE
8
BLACK
6
CONTINUOUS
10
6.3201181102362201
20
-2.9752264960629922
11
6.3201181102362201
21
-3.011781338582677
0
LINE
8
BLACK
6
CONTINUOUS
10
6.3201181102362201
20
-3.011781338582677
11
6.3201181496062988
21
-3.0117818110236221
0
LINE
8
BLACK
6
CONTINUOUS
10
6.3201181496062988
20
-3.0117818110236221
11
6.3205760629921262
21
-3.01408374015748
0
LINE
8
BLACK
6
CONTINUOUS
10
6.3205760629921262
20
-3.01408374015748
11
6.3205761023622049
21
-3.0140838976377951
0
LINE
8
BLACK
6
CONTINUOUS
10
6.3205761023622049
20
-3.0140838976377951
11
6.3223207874015745
21
-3.0166949606299212
0
LINE
8
BLACK
6
CONTINUOUS
10
6.3223207874015745
20
-3.0166949606299212
11
6.3249318503937006
21
-3.0184396456692912
0
LINE
8
BLACK
6
CONTINUOUS
10
6.3249318503937006
20
-3.0184396456692912
11
6.3266823228346452
21
-3.0187878346456691
0
LINE
8
BLACK
6
CONTINUOUS
10
6.3266823228346452
20
-3.0187878346456691
11
6.3272338976377949
21
-3.0188975590551181
0
LINE
8
BLACK
6
CONTINUOUS
10
6.3272338976377949
20
-3.0188975590551181
11
6.3272340944881886
21
-3.0188975590551181
0
LINE
8
BLACK
6
CONTINUOUS
10
6.3272340944881886
20
-3.0188975590551181
11
6.3272343307086611
21
-3.0188976377952756
0
LINE
8
BLACK
6
CONTINUOUS
10
6.3272343307086611
20
-3.0188976377952756
11
6.3338779527559055
21
-3.0188976377952756
0
LINE
8
BLACK
6
CONTINUOUS
10
6.3338779527559055
20
-3.0188976377952756
11
6.3361689370078738
21
-3.0196420078740158
0
LINE
8
BLACK
6
CONTINUOUS
10
6.3361689370078738
20
-3.0196420078740158
11
6.3375848425196848
21
-3.0215908267716536
0
LINE
8
BLACK
6
CONTINUOUS
10
6.3375848425196848
20
-3.0215908267716536
11
6.337775590551181
21
-3.0227952755905512
0
LINE
8
BLACK
6
CONTINUOUS
10
6.337775590551181
20
-3.0227952755905512
11
6.337775590551181
21
-3.0267125984251968
0
LINE
8
BLACK
6
CONTINUOUS
10
6.337775590551181
20
-3.0267125984251968
11
6.3370312204724408
21
-3.0290035826771651
0
LINE
8
BLACK
6
CONTINUOUS
10
6.3370312204724408
20
-3.0290035826771651
11
6.3350824015748026
21
-3.0304194881889761
0
LINE
8
BLACK
6
CONTINUOUS
10
6.3350824015748026
20
-3.0304194881889761
11
6.3338779527559055
21
-3.0306102362204723
0
LINE
8
BLACK
6
CONTINUOUS
10
6.3338779527559055
20
-3.0306102362204723
11
6.3247343307086616
21
-3.0306102362204723
0
LINE
8
BLACK
6
CONTINUOUS
10
6.3247343307086616
20
-3.0306102362204723
11
6.3247342913385829
21
-3.0306102362204723
0
LINE
8
BLACK
6
CONTINUOUS
10
6.3247342913385829
20
-3.0306102362204723
11
6.3247338976377954
21
-3.0306102755905511
0
LINE
8
BLACK
6
CONTINUOUS
10
6.3247338976377954
20
-3.0306102755905511
11
6.3224319685039365
21
-3.031068188976378
0
LINE
8
BLACK
6
CONTINUOUS
10
6.3224319685039365
20
-3.031068188976378
11
6.322431732283464
21
-3.0310682677165355
0
LINE
8
BLACK
6
CONTINUOUS
10
6.322431732283464
20
-3.0310682677165355
11
6.3198209055118113
21
-3.0328127952755906
0
LINE
8
BLACK
6
CONTINUOUS
10
6.3198209055118113
20
-3.0328127952755906
11
6.3198206692913388
21
-3.0328130314960631
0
LINE
8
BLACK
6
CONTINUOUS
10
6.3198206692913388
20
-3.0328130314960631
11
6.3180761417322833
21
-3.0354238582677167
0
LINE
8
BLACK
6
CONTINUOUS
10
6.3180761417322833
20
-3.0354238582677167
11
6.3180760629921258
21
-3.0354240944881887
0
LINE
8
BLACK
6
CONTINUOUS
10
6.3180760629921258
20
-3.0354240944881887
11
6.3176181496062993
21
-3.0377260236220471
0
LINE
8
BLACK
6
CONTINUOUS
10
6.3176181496062993
20
-3.0377260236220471
11
6.3176181102362206
21
-3.0377264960629922
0
LINE
8
BLACK
6
CONTINUOUS
10
6.3176181102362206
20
-3.0377264960629922
11
6.3176181102362206
21
-3.099281338582677
0
LINE
8
BLACK
6
CONTINUOUS
10
6.3176181102362206
20
-3.099281338582677
11
6.3176181496062993
21
-3.099281811023622
0
LINE
8
BLACK
6
CONTINUOUS
10
6.3176181496062993
20
-3.099281811023622
11
6.3180760629921258
21
-3.1015837401574804
0
LINE
8
BLACK
6
CONTINUOUS
10
6.3180760629921258
20
-3.1015837401574804
11
6.3180761023622045
21
-3.1015838976377954
0
LINE
8
BLACK
6
CONTINUOUS
10
6.3180761023622045
20
-3.1015838976377954
11
6.319820787401575
21
-3.1041949606299211
0
LINE
8
BLACK
6
CONTINUOUS
10
6.319820787401575
20
-3.1041949606299211
11
6.3224318503937003
21
-3.1059396456692911
0
LINE
8
BLACK
6
CONTINUOUS
10
6.3224318503937003
20
-3.1059396456692911
11
6.3241823228346457
21
-3.106287834645669
0
LINE
8
BLACK
6
CONTINUOUS
10
6.3241823228346457
20
-3.106287834645669
11
6.3247338976377954
21
-3.1063975590551181
0
LINE
8
BLACK
6
CONTINUOUS
10
6.3247338976377954
20
-3.1063975590551181
11
6.3247340944881891
21
-3.1063975590551181
0
LINE
8
BLACK
6
CONTINUOUS
10
6.3247340944881891
20
-3.1063975590551181
11
6.3247343307086616
21
-3.1063976377952756
0
LINE
8
BLACK
6
CONTINUOUS
10
6.3247343307086616
20
-3.1063976377952756
11
6.3338779527559055
21
-3.1063976377952756
0
LINE
8
BLACK
6
CONTINUOUS
10
6.3338779527559055
20
-3.1063976377952756
11
6.3361689370078738
21
-3.1071420078740157
0
LINE
8
BLACK
6
CONTINUOUS
10
6.3361689370078738
20
-3.1071420078740157
11
6.3375848425196848
21
-3.1090908267716535
0
LINE
8
BLACK
6
CONTINUOUS
10
6.3375848425196848
20
-3.1090908267716535
11
6.337775590551181
21
-3.1102952755905511
0
LINE
8
BLACK
6
CONTINUOUS
10
6.337775590551181
20
-3.1102952755905511
11
6.337775590551181
21
-3.1267125984251969
0
LINE
8
BLACK
6
CONTINUOUS
10
6.337775590551181
20
-3.1267125984251969
11
6.3370312204724408
21
-3.1290035826771652
0
LINE
8
BLACK
6
CONTINUOUS
10
6.3370312204724408
20
-3.1290035826771652
11
6.3350824015748026
21
-3.1304194881889762
0
LINE
8
BLACK
6
CONTINUOUS
10
6.3350824015748026
20
-3.1304194881889762
11
6.3338779527559055
21
-3.1306102362204724
0
LINE
8
BLACK
6
CONTINUOUS
10
6.3338779527559055
20
-3.1306102362204724
11
6.3247343307086616
21
-3.1306102362204724
0
LINE
8
BLACK
6
CONTINUOUS
10
6.3247343307086616
20
-3.1306102362204724
11
6.3247342913385829
21
-3.1306102362204724
0
LINE
8
BLACK
6
CONTINUOUS
10
6.3247342913385829
20
-3.1306102362204724
11
6.3247338976377954
21
-3.1306102755905512
0
LINE
8
BLACK
6
CONTINUOUS
10
6.3247338976377954
20
-3.1306102755905512
11
6.3224319685039365
21
-3.1310681889763781
0
LINE
8
BLACK
6
CONTINUOUS
10
6.3224319685039365
20
-3.1310681889763781
11
6.322431732283464
21
-3.1310682677165356
0
LINE
8
BLACK
6
CONTINUOUS
10
6.322431732283464
20
-3.1310682677165356
11
6.3198209055118113
21
-3.1328127952755906
0
LINE
8
BLACK
6
CONTINUOUS
10
6.3198209055118113
20
-3.1328127952755906
11
6.3198206692913388
21
-3.1328130314960627
0
LINE
8
BLACK
6
CONTINUOUS
10
6.3198206692913388
20
-3.1328130314960627
11
6.3180761417322833
21
-3.1354238582677163
0
LINE
8
BLACK
6
CONTINUOUS
10
6.3180761417322833
20
-3.1354238582677163
11
6.3180760629921258
21
-3.1354240944881888
0
LINE
8
BLACK
6
CONTINUOUS
10
6.3180760629921258
20
-3.1354240944881888
11
6.3176181496062993
21
-3.1377260236220472
0
LINE
8
BLACK
6
CONTINUOUS
10
6.3176181496062993
20
-3.1377260236220472
11
6.3176181102362206
21
-3.1377264960629923
0
LINE
8
BLACK
6
CONTINUOUS
10
6.3176181102362206
20
-3.1377264960629923
11
6.3176181102362206
21
-3.199281338582677
0
LINE
8
BLACK
6
CONTINUOUS
10
6.3176181102362206
20
-3.199281338582677
11
6.3176181496062993
21
-3.1992818110236221
0
LINE
8
BLACK
6
CONTINUOUS
10
6.3176181496062993
20
-3.1992818110236221
11
6.3180760629921258
21
-3.20158374015748
0
LINE
8
BLACK
6
CONTINUOUS
10
6.3180760629921258
20
-3.20158374015748
11
6.3180761023622045
21
-3.2015838976377951
0
LINE
8
BLACK
6
CONTINUOUS
10
6.3180761023622045
20
-3.2015838976377951
11
6.319820787401575
21
-3.2041949606299212
0
LINE
8
BLACK
6
CONTINUOUS
10
6.319820787401575
20
-3.2041949606299212
11
6.3224318503937003
21
-3.2059396456692912
0
LINE
8
BLACK
6
CONTINUOUS
10
6.3224318503937003
20
-3.2059396456692912
11
6.3241823228346457
21
-3.2062878346456691
0
LINE
8
BLACK
6
CONTINUOUS
10
6.3241823228346457
20
-3.2062878346456691
11
6.3247338976377954
21
-3.2063975590551181
0
LINE
8
BLACK
6
CONTINUOUS
10
6.3247338976377954
20
-3.2063975590551181
11
6.3247340944881891
21
-3.2063975590551181
0
LINE
8
BLACK
6
CONTINUOUS
10
6.3247340944881891
20
-3.2063975590551181
11
6.3247343307086616
21
-3.2063976377952756
0
LINE
8
BLACK
6
CONTINUOUS
10
6.3247343307086616
20
-3.2063976377952756
11
6.3338779527559055
21
-3.2063976377952756
0
LINE
8
BLACK
6
CONTINUOUS
10
6.3338779527559055
20
-3.2063976377952756
11
6.3361689370078738
21
-3.2071420078740158
0
LINE
8
BLACK
6
CONTINUOUS
10
6.3361689370078738
20
-3.2071420078740158
11
6.3375848425196848
21
-3.2090908267716536
0
LINE
8
BLACK
6
CONTINUOUS
10
6.3375848425196848
20
-3.2090908267716536
11
6.337775590551181
21
-3.2102952755905512
0
LINE
8
BLACK
6
CONTINUOUS
10
6.337775590551181
20
-3.2102952755905512
11
6.337775590551181
21
-3.2534403543307087
0
LINE
8
BLACK
6
CONTINUOUS
10
6.337775590551181
20
-3.2534403543307087
11
6.3370312204724408
21
-3.2557313385826769
0
LINE
8
BLACK
6
CONTINUOUS
10
6.3370312204724408
20
-3.2557313385826769
11
6.3350824015748026
21
-3.257147244094488
0
LINE
8
BLACK
6
CONTINUOUS
10
6.3350824015748026
20
-3.257147244094488
11
6.3338779527559055
21
-3.2573379921259842
0
LINE
8
BLACK
6
CONTINUOUS
10
6.3338779527559055
20
-3.2573379921259842
11
6.3000314566929134
21
-3.2573379921259842
0
LINE
8
BLACK
6
CONTINUOUS
10
6.3000314566929134
20
-3.2573379921259842
11
6.2977404724409451
21
-3.256593622047244
0
LINE
8
BLACK
6
CONTINUOUS
10
6.2977404724409451
20
-3.256593622047244
11
6.2963245669291341
21
-3.2546448031496062
0
LINE
8
BLACK
6
CONTINUOUS
10
6.2963245669291341
20
-3.2546448031496062
11
6.2961338188976379
21
-3.2534403543307087
0
LINE
8
BLACK
6
CONTINUOUS
10
6.2961338188976379
20
-3.2534403543307087
11
6.2961338188976379
21
-3.2487062204724411
0
LINE
8
BLACK
6
CONTINUOUS
10
6.2961338188976379
20
-3.2487062204724411
11
6.2961337401574804
21
-3.248705748031496
0
LINE
8
BLACK
6
CONTINUOUS
10
6.2961337401574804
20
-3.248705748031496
11
6.2959047637795278
21
-3.2475546062992127
0
LINE
8
BLACK
6
CONTINUOUS
10
6.2959047637795278
20
-3.2475546062992127
11
6.295675826771653
21
-3.2464037007874014
0
LINE
8
BLACK
6
CONTINUOUS
10
6.295675826771653
20
-3.2464037007874014
11
6.2939311417322834
21
-3.2437926377952757
0
LINE
8
BLACK
6
CONTINUOUS
10
6.2939311417322834
20
-3.2437926377952757
11
6.2938120078740152
21
-3.2437130314960627
0
LINE
8
BLACK
6
CONTINUOUS
10
6.2938120078740152
20
-3.2437130314960627
11
6.2913201574803148
21
-3.2420479921259844
0
LINE
8
BLACK
6
CONTINUOUS
10
6.2913201574803148
20
-3.2420479921259844
11
6.2913200787401573
21
-3.2420479527559056
0
LINE
8
BLACK
6
CONTINUOUS
10
6.2913200787401573
20
-3.2420479527559056
11
6.291319960629921
21
-3.2420479133858269
0
LINE
8
BLACK
6
CONTINUOUS
10
6.291319960629921
20
-3.2420479133858269
11
6.2913199212598423
21
-3.2420479133858269
0
LINE
8
BLACK
6
CONTINUOUS
10
6.2913199212598423
20
-3.2420479133858269
11
6.2890179921259843
21
-3.24159
0
LINE
8
BLACK
6
CONTINUOUS
10
6.2890179921259843
20
-3.24159
11
6.2890175984251968
21
-3.2415899606299212
0
LINE
8
BLACK
6
CONTINUOUS
10
6.2890175984251968
20
-3.2415899606299212
11
6.2205335039370073
21
-3.2415899606299212
0
LINE
8
BLACK
6
CONTINUOUS
10
6.2205335039370073
20
-3.2415899606299212
11
6.2205334645669286
21
-3.2415899606299212
0
LINE
8
BLACK
6
CONTINUOUS
10
6.2205334645669286
20
-3.2415899606299212
11
6.2205330708661419
21
-3.24159
0
LINE
8
BLACK
6
CONTINUOUS
10
6.2205330708661419
20
-3.24159
11
6.2182311417322831
21
-3.2420479133858269
0
LINE
8
BLACK
6
CONTINUOUS
10
6.2182311417322831
20
-3.2420479133858269
11
6.2182309055118106
21
-3.2420479921259844
0
LINE
8
BLACK
6
CONTINUOUS
10
6.2182309055118106
20
-3.2420479921259844
11
6.215620078740157
21
-3.2437925196850395
0
LINE
8
BLACK
6
CONTINUOUS
10
6.215620078740157
20
-3.2437925196850395
11
6.2156198425196845
21
-3.2437927559055115
0
LINE
8
BLACK
6
CONTINUOUS
10
6.2156198425196845
20
-3.2437927559055115
11
6.2138753149606298
21
-3.2464035826771651
0
LINE
8
BLACK
6
CONTINUOUS
10
6.2138753149606298
20
-3.2464035826771651
11
6.2138752362204723
21
-3.2464038188976376
0
LINE
8
BLACK
6
CONTINUOUS
10
6.2138752362204723
20
-3.2464038188976376
11
6.2134173228346459
21
-3.248705748031496
0
LINE
8
BLACK
6
CONTINUOUS
10
6.2134173228346459
20
-3.248705748031496
11
6.2134172834645671
21
-3.2487062204724411
0
LINE
8
BLACK
6
CONTINUOUS
10
6.2134172834645671
20
-3.2487062204724411
11
6.2134172834645671
21
-3.2897351968503936
0
LINE
8
BLACK
6
CONTINUOUS
10
6.2134172834645671
20
-3.2897351968503936
11
6.2126729133858269
21
-3.2920261811023623
0
LINE
8
BLACK
6
CONTINUOUS
10
6.2126729133858269
20
-3.2920261811023623
11
6.2122757086614175
21
-3.2924912598425196
0
LINE
8
BLACK
6
CONTINUOUS
10
6.2122757086614175
20
-3.2924912598425196
11
6.1843191732283467
21
-3.3204477952755904
0
LINE
8
BLACK
6
CONTINUOUS
10
6.1843191732283467
20
-3.3204477952755904
11
6.1819842519685038
21
-3.3244919685039371
0
LINE
8
BLACK
6
CONTINUOUS
10
6.1819842519685038
20
-3.3244919685039371
11
6.1819842519685038
21
-3.3244920078740159
0
LINE
8
BLACK
6
CONTINUOUS
10
6.1819842519685038
20
-3.3244920078740159
11
6.1819842913385825
21
-3.3244920472440942
0
LINE
8
BLACK
6
CONTINUOUS
10
6.1819842913385825
20
-3.3244920472440942
11
6.180775590551181
21
-3.3290029527559053
0
LINE
8
BLACK
6
CONTINUOUS
10
6.180775590551181
20
-3.3290029527559053
11
6.180775590551181
21
-3.5018389370078737
0
LINE
8
BLACK
6
CONTINUOUS
10
6.180775590551181
20
-3.5018389370078737
11
6.1817288582677161
21
-3.5053965748031497
0
LINE
8
BLACK
6
CONTINUOUS
10
6.1817288582677161
20
-3.5053965748031497
11
6.1817288188976374
21
-3.5053965748031497
0
LINE
8
BLACK
6
CONTINUOUS
10
6.1817288188976374
20
-3.5053965748031497
11
6.1819842519685038
21
-3.5063498425196848
0
LINE
8
BLACK
6
CONTINUOUS
10
6.1819842519685038
20
-3.5063498425196848
11
6.1819843307086613
21
-3.5063499999999999
0
LINE
8
BLACK
6
CONTINUOUS
10
6.1819843307086613
20
-3.5063499999999999
11
6.1843191732283467
21
-3.5103940551181103
0
LINE
8
BLACK
6
CONTINUOUS
10
6.1843191732283467
20
-3.5103940551181103
11
6.1843192519685042
21
-3.5103941338582678
0
LINE
8
BLACK
6
CONTINUOUS
10
6.1843192519685042
20
-3.5103941338582678
11
6.1843193307086617
21
-3.5103942519685041
0
LINE
8
BLACK
6
CONTINUOUS
10
6.1843193307086617
20
-3.5103942519685041
11
6.2492324803149604
21
-3.5753074015748032
0
LINE
8
BLACK
6
CONTINUOUS
10
6.2492324803149604
20
-3.5753074015748032
11
6.2503260236220468
21
-3.5774536614173229
0
LINE
8
BLACK
6
CONTINUOUS
10
6.2503260236220468
20
-3.5774536614173229
11
6.2503740157480312
21
-3.5780633858267716
0
LINE
8
BLACK
6
CONTINUOUS
10
6.2503740157480312
20
-3.5780633858267716
11
6.2503740157480312
21
-3.6020434251968503
0
LINE
8
BLACK
6
CONTINUOUS
10
6.2503740157480312
20
-3.6020434251968503
11
6.2497171259842519
21
-3.6042088582677163
0
LINE
8
BLACK
6
CONTINUOUS
10
6.2497171259842519
20
-3.6042088582677163
11
6.2478792913385828
21
-3.6069592913385824
0
LINE
8
BLACK
6
CONTINUOUS
10
6.2478792913385828
20
-3.6069592913385824
11
6.2478792125984253
21
-3.6069595275590549
0
LINE
8
BLACK
6
CONTINUOUS
10
6.2478792125984253
20
-3.6069595275590549
11
6.2474212992125979
21
-3.6092614566929133
0
LINE
8
BLACK
6
CONTINUOUS
10
6.2474212992125979
20
-3.6092614566929133
11
6.2474212598425192
21
-3.6092619291338583
0
LINE
8
BLACK
6
CONTINUOUS
10
6.2474212598425192
20
-3.6092619291338583
11
6.2474212598425192
21
-3.6177854330708659
0
LINE
8
BLACK
6
CONTINUOUS
10
6.2474212598425192
20
-3.6177854330708659
11
6.246676889763779
21
-3.6200764173228346
0
LINE
8
BLACK
6
CONTINUOUS
10
6.246676889763779
20
-3.6200764173228346
11
6.2447280708661417
21
-3.6214923228346456
0
LINE
8
BLACK
6
CONTINUOUS
10
6.2447280708661417
20
-3.6214923228346456
11
6.2423191732283465
21
-3.6214923228346456
0
LINE
8
BLACK
6
CONTINUOUS
10
6.2423191732283465
20
-3.6214923228346456
11
6.2420320866141727
21
-3.6213864173228347
0
LINE
8
BLACK
6
CONTINUOUS
10
6.2420320866141727
20
-3.6213864173228347
11
6.2403959055118108
21
-3.6207087007874015
0
LINE
8
BLACK
6
CONTINUOUS
10
6.2403959055118108
20
-3.6207087007874015
11
6.2377581102362205
21
-3.6196161023622047
0
LINE
8
BLACK
6
CONTINUOUS
10
6.2377581102362205
20
-3.6196161023622047
11
6.2377579527559055
21
-3.6196160629921259
0
LINE
8
BLACK
6
CONTINUOUS
10
6.2377579527559055
20
-3.6196160629921259
11
6.2329586614173227
21
-3.6186614173228344
0
LINE
8
BLACK
6
CONTINUOUS
10
6.2329586614173227
20
-3.6186614173228344
11
6.2329585826771652
21
-3.6186614173228344
0
LINE
8
BLACK
6
CONTINUOUS
10
6.2329585826771652
20
-3.6186614173228344
11
6.2119441338582675
21
-3.6186614173228344
0
LINE
8
BLACK
6
CONTINUOUS
10
6.2119441338582675
20
-3.6186614173228344
11
6.2111837007874016
21
-3.6185865354330708
0
LINE
8
BLACK
6
CONTINUOUS
10
6.2111837007874016
20
-3.6185865354330708
11
6.2110918110236222
21
-3.6185682283464566
0
LINE
8
BLACK
6
CONTINUOUS
10
6.2110918110236222
20
-3.6185682283464566
11
6.2110917716535434
21
-3.6185682283464566
0
LINE
8
BLACK
6
CONTINUOUS
10
6.2110917716535434
20
-3.6185682283464566
11
6.2087892913385829
21
-3.6181102362204722
0
LINE
8
BLACK
6
CONTINUOUS
10
6.2087892913385829
20
-3.6181102362204722
11
6.1522343307086613
21
-3.6181102362204722
0
LINE
8
BLACK
6
CONTINUOUS
10
6.1522343307086613
20
-3.6181102362204722
11
6.1522342913385826
21
-3.6181102362204722
0
LINE
8
BLACK
6
CONTINUOUS
10
6.1522342913385826
20
-3.6181102362204722
11
6.1515890944881892
21
-3.6182385433070867
0
LINE
8
BLACK
6
CONTINUOUS
10
6.1515890944881892
20
-3.6182385433070867
11
6.1499318503937008
21
-3.6185682283464566
0
LINE
8
BLACK
6
CONTINUOUS
10
6.1499318503937008
20
-3.6185682283464566
11
6.1499317716535433
21
-3.6185682283464566
0
LINE
8
BLACK
6
CONTINUOUS
10
6.1499317716535433
20
-3.6185682283464566
11
6.1498399212598427
21
-3.6185865354330708
0
LINE
8
BLACK
6
CONTINUOUS
10
6.1498399212598427
20
-3.6185865354330708
11
6.1490794881889759
21
-3.6186614173228344
0
LINE
8
BLACK
6
CONTINUOUS
10
6.1490794881889759
20
-3.6186614173228344
11
6.1347764566929133
21
-3.6186614173228344
0
LINE
8
BLACK
6
CONTINUOUS
10
6.1347764566929133
20
-3.6186614173228344
11
6.132485472440945
21
-3.6179170472440942
0
LINE
8
BLACK
6
CONTINUOUS
10
6.132485472440945
20
-3.6179170472440942
11
6.131069566929134
21
-3.6159682283464565
0
LINE
8
BLACK
6
CONTINUOUS
10
6.131069566929134
20
-3.6159682283464565
11
6.130953267716535
21
-3.6154122047244095
0
LINE
8
BLACK
6
CONTINUOUS
10
6.130953267716535
20
-3.6154122047244095
11
6.1309429133858266
21
-3.6154142913385825
0
LINE
8
BLACK
6
CONTINUOUS
10
6.1309429133858266
20
-3.6154142913385825
11
6.1305522047244096
21
-3.6134503149606298
0
LINE
8
BLACK
6
CONTINUOUS
10
6.1305522047244096
20
-3.6134503149606298
11
6.1304475196850392
21
-3.6129239763779526
0
LINE
8
BLACK
6
CONTINUOUS
10
6.1304475196850392
20
-3.6129239763779526
11
6.1287028346456696
21
-3.6103129133858265
0
LINE
8
BLACK
6
CONTINUOUS
10
6.1287028346456696
20
-3.6103129133858265
11
6.1287026771653546
21
-3.6103127952755907
0
LINE
8
BLACK
6
CONTINUOUS
10
6.1287026771653546
20
-3.6103127952755907
11
6.126091850393701
21
-3.6085682677165352
0
LINE
8
BLACK
6
CONTINUOUS
10
6.126091850393701
20
-3.6085682677165352
11
6.1260917716535435
21
-3.6085682283464564
0
LINE
8
BLACK
6
CONTINUOUS
10
6.1260917716535435
20
-3.6085682283464564
11
6.1260916535433072
21
-3.6085681889763777
0
LINE
8
BLACK
6
CONTINUOUS
10
6.1260916535433072
20
-3.6085681889763777
11
6.1260916141732285
21
-3.6085681889763777
0
LINE
8
BLACK
6
CONTINUOUS
10
6.1260916141732285
20
-3.6085681889763777
11
6.1237896850393696
21
-3.6081102755905512
0
LINE
8
BLACK
6
CONTINUOUS
10
6.1237896850393696
20
-3.6081102755905512
11
6.123789291338583
21
-3.6081102362204724
0
LINE
8
BLACK
6
CONTINUOUS
10
6.123789291338583
20
-3.6081102362204724
11
6.0872343307086609
21
-3.6081102362204724
0
LINE
8
BLACK
6
CONTINUOUS
10
6.0872343307086609
20
-3.6081102362204724
11
6.0872342913385822
21
-3.6081102362204724
0
LINE
8
BLACK
6
CONTINUOUS
10
6.0872342913385822
20
-3.6081102362204724
11
6.0872338976377955
21
-3.6081102755905512
0
LINE
8
BLACK
6
CONTINUOUS
10
6.0872338976377955
20
-3.6081102755905512
11
6.0849319685039367
21
-3.6085681889763777
0
LINE
8
BLACK
6
CONTINUOUS
10
6.0849319685039367
20
-3.6085681889763777
11
6.0849317322834642
21
-3.6085682677165352
0
LINE
8
BLACK
6
CONTINUOUS
10
6.0849317322834642
20
-3.6085682677165352
11
6.0823209055118106
21
-3.6103127952755907
0
LINE
8
BLACK
6
CONTINUOUS
10
6.0823209055118106
20
-3.6103127952755907
11
6.0823206692913381
21
-3.6103130314960628
0
LINE
8
BLACK
6
CONTINUOUS
10
6.0823206692913381
20
-3.6103130314960628
11
6.0805761417322834
21
-3.6129238582677163
0
LINE
8
BLACK
6
CONTINUOUS
10
6.0805761417322834
20
-3.6129238582677163
11
6.0805760629921259
21
-3.6129240944881889
0
LINE
8
BLACK
6
CONTINUOUS
10
6.0805760629921259
20
-3.6129240944881889
11
6.0801181496062995
21
-3.6152260236220473
0
LINE
8
BLACK
6
CONTINUOUS
10
6.0801181496062995
20
-3.6152260236220473
11
6.0801181102362207
21
-3.6152264960629918
0
LINE
8
BLACK
6
CONTINUOUS
10
6.0801181102362207
20
-3.6152264960629918
11
6.0801181102362207
21
-3.6717813385826772
0
LINE
8
BLACK
6
CONTINUOUS
10
6.0801181102362207
20
-3.6717813385826772
11
6.0801181496062995
21
-3.6717818110236218
0
LINE
8
BLACK
6
CONTINUOUS
10
6.0801181496062995
20
-3.6717818110236218
11
6.0805760629921259
21
-3.6740837401574802
0
LINE
8
BLACK
6
CONTINUOUS
10
6.0805760629921259
20
-3.6740837401574802
11
6.0805761417322834
21
-3.6740839763779527
0
LINE
8
BLACK
6
CONTINUOUS
10
6.0805761417322834
20
-3.6740839763779527
11
6.0820285826771654
21
-3.6762576771653541
0
LINE
8
BLACK
6
CONTINUOUS
10
6.0820285826771654
20
-3.6762576771653541
11
6.0823207874015743
21
-3.6766949606299213
0
LINE
8
BLACK
6
CONTINUOUS
10
6.0823207874015743
20
-3.6766949606299213
11
6.0849318503937004
21
-3.6784396456692914
0
LINE
8
BLACK
6
CONTINUOUS
10
6.0849318503937004
20
-3.6784396456692914
11
6.0866262992125986
21
-3.6787766929133858
0
LINE
8
BLACK
6
CONTINUOUS
10
6.0866262992125986
20
-3.6787766929133858
11
6.0872338976377955
21
-3.6788975590551178
0
LINE
8
BLACK
6
CONTINUOUS
10
6.0872338976377955
20
-3.6788975590551178
11
6.0872340944881884
21
-3.6788975590551178
0
LINE
8
BLACK
6
CONTINUOUS
10
6.0872340944881884
20
-3.6788975590551178
11
6.0872343307086609
21
-3.6788976377952753
0
LINE
8
BLACK
6
CONTINUOUS
10
6.0872343307086609
20
-3.6788976377952753
11
6.0872343700787397
21
-3.6788976377952753
0
LINE
8
BLACK
6
CONTINUOUS
10
6.0872343700787397
20
-3.6788976377952753
11
6.1237892519685042
21
-3.6788976377952753
0
LINE
8
BLACK
6
CONTINUOUS
10
6.1237892519685042
20
-3.6788976377952753
11
6.123789291338583
21
-3.6788976377952753
0
LINE
8
BLACK
6
CONTINUOUS
10
6.123789291338583
20
-3.6788976377952753
11
6.1260917716535435
21
-3.6784396456692914
0
LINE
8
BLACK
6
CONTINUOUS
10
6.1260917716535435
20
-3.6784396456692914
11
6.1287028346456696
21
-3.6766949606299213
0
LINE
8
BLACK
6
CONTINUOUS
10
6.1287028346456696
20
-3.6766949606299213
11
6.1304475196850392
21
-3.6740838976377952
0
LINE
8
BLACK
6
CONTINUOUS
10
6.1304475196850392
20
-3.6740838976377952
11
6.1306684251968502
21
-3.6729731889763779
0
LINE
8
BLACK
6
CONTINUOUS
10
6.1306684251968502
20
-3.6729731889763779
11
6.1309429133858266
21
-3.6715935826771653
0
LINE
8
BLACK
6
CONTINUOUS
10
6.1309429133858266
20
-3.6715935826771653
11
6.1310092519685035
21
-3.6716067716535434
0
LINE
8
BLACK
6
CONTINUOUS
10
6.1310092519685035
20
-3.6716067716535434
11
6.1318629527559052
21
-3.6696550787401576
0
LINE
8
BLACK
6
CONTINUOUS
10
6.1318629527559052
20
-3.6696550787401576
11
6.1339411811023616
21
-3.6684370078740156
0
LINE
8
BLACK
6
CONTINUOUS
10
6.1339411811023616
20
-3.6684370078740156
11
6.1347764566929133
21
-3.6683464566929134
0
LINE
8
BLACK
6
CONTINUOUS
10
6.1347764566929133
20
-3.6683464566929134
11
6.1490794881889759
21
-3.6683464566929134
0
LINE
8
BLACK
6
CONTINUOUS
10
6.1490794881889759
20
-3.6683464566929134
11
6.1498399212598427
21
-3.6684213385826769
0
LINE
8
BLACK
6
CONTINUOUS
10
6.1498399212598427
20
-3.6684213385826769
11
6.1499317716535433
21
-3.6684396062992124
0
LINE
8
BLACK
6
CONTINUOUS
10
6.1499317716535433
20
-3.6684396062992124
11
6.1499318503937008
21
-3.6684396456692911
0
LINE
8
BLACK
6
CONTINUOUS
10
6.1499318503937008
20
-3.6684396456692911
11
6.1522343307086613
21
-3.6688976377952756
0
LINE
8
BLACK
6
CONTINUOUS
10
6.1522343307086613
20
-3.6688976377952756
11
6.1522343700787401
21
-3.6688976377952756
0
LINE
8
BLACK
6
CONTINUOUS
10
6.1522343700787401
20
-3.6688976377952756
11
6.2087892519685042
21
-3.6688976377952756
0
LINE
8
BLACK
6
CONTINUOUS
10
6.2087892519685042
20
-3.6688976377952756
11
6.2087892913385829
21
-3.6688976377952756
0
LINE
8
BLACK
6
CONTINUOUS
10
6.2087892913385829
20
-3.6688976377952756
11
6.2110917716535434
21
-3.6684396456692911
0
LINE
8
BLACK
6
CONTINUOUS
10
6.2110917716535434
20
-3.6684396456692911
11
6.2110918110236222
21
-3.6684396062992124
0
LINE
8
BLACK
6
CONTINUOUS
10
6.2110918110236222
20
-3.6684396062992124
11
6.2111837007874016
21
-3.6684213385826769
0
LINE
8
BLACK
6
CONTINUOUS
10
6.2111837007874016
20
-3.6684213385826769
11
6.2119441338582675
21
-3.6683464566929134
0
LINE
8
BLACK
6
CONTINUOUS
10
6.2119441338582675
20
-3.6683464566929134
11
6.2329585433070864
21
-3.6683464566929134
0
LINE
8
BLACK
6
CONTINUOUS
10
6.2329585433070864
20
-3.6683464566929134
11
6.2329585826771652
21
-3.6683464566929134
0
LINE
8
BLACK
6
CONTINUOUS
10
6.2329585826771652
20
-3.6683464566929134
11
6.2377581102362205
21
-3.6673917716535431
0
LINE
8
BLACK
6
CONTINUOUS
10
6.2377581102362205
20
-3.6673917716535431
11
6.2402789370078739
21
-3.666347598425197
0
LINE
8
BLACK
6
CONTINUOUS
10
6.2402789370078739
20
-3.666347598425197
11
6.2420320866141727
21
-3.6656214566929135
0
LINE
8
BLACK
6
CONTINUOUS
10
6.2420320866141727
20
-3.6656214566929135
11
6.2444335433070863
21
-3.665432440944882
0
LINE
8
BLACK
6
CONTINUOUS
10
6.2444335433070863
20
-3.665432440944882
11
6.2464874409448816
21
-3.6666911023622046
0
LINE
8
BLACK
6
CONTINUOUS
10
6.2464874409448816
20
-3.6666911023622046
11
6.2474092519685041
21
-3.6689166141732281
0
LINE
8
BLACK
6
CONTINUOUS
10
6.2474092519685041
20
-3.6689166141732281
11
6.2474212598425192
21
-3.6692224015748032
0
LINE
8
BLACK
6
CONTINUOUS
10
6.2474212598425192
20
-3.6692224015748032
11
6.2474212598425192
21
-3.6777459055118111
0
LINE
8
BLACK
6
CONTINUOUS
10
6.2474212598425192
20
-3.6777459055118111
11
6.2474212992125979
21
-3.6777463779527557
0
LINE
8
BLACK
6
CONTINUOUS
10
6.2474212992125979
20
-3.6777463779527557
11
6.2478792125984253
21
-3.6800483070866141
0
LINE
8
BLACK
6
CONTINUOUS
10
6.2478792125984253
20
-3.6800483070866141
11
6.2478792913385828
21
-3.6800485433070866
0
LINE
8
BLACK
6
CONTINUOUS
10
6.2478792913385828
20
-3.6800485433070866
11
6.2494070866141733
21
-3.6823350000000001
0
LINE
8
BLACK
6
CONTINUOUS
10
6.2494070866141733
20
-3.6823350000000001
11
6.2496239370078737
21
-3.6826595275590552
0
LINE
8
BLACK
6
CONTINUOUS
10
6.2496239370078737
20
-3.6826595275590552
11
6.2496240551181099
21
-3.6826596062992123
0
LINE
8
BLACK
6
CONTINUOUS
10
6.2496240551181099
20
-3.6826596062992123
11
6.25061031496063
21
-3.6833186220472438
0
LINE
8
BLACK
6
CONTINUOUS
10
6.25061031496063
20
-3.6833186220472438
11
6.2521016141732284
21
-3.6852103543307084
0
LINE
8
BLACK
6
CONTINUOUS
10
6.2521016141732284
20
-3.6852103543307084
11
6.2523425196850395
21
-3.68655937007874
0
LINE
8
BLACK
6
CONTINUOUS
10
6.2523425196850395
20
-3.68655937007874
11
6.2523425196850395
21
-3.6916754330708659
0
LINE
8
BLACK
6
CONTINUOUS
10
6.2523425196850395
20
-3.6916754330708659
11
6.2515981496062993
21
-3.6939664173228346
0
LINE
8
BLACK
6
CONTINUOUS
10
6.2515981496062993
20
-3.6939664173228346
11
6.2496493307086611
21
-3.6953823228346456
0
LINE
8
BLACK
6
CONTINUOUS
10
6.2496493307086611
20
-3.6953823228346456
11
6.2494538582677164
21
-3.6954401968503938
0
LINE
8
BLACK
6
CONTINUOUS
10
6.2494538582677164
20
-3.6954401968503938
11
6.2493401181102364
21
-3.6954706692913386
0
LINE
8
BLACK
6
CONTINUOUS
10
6.2493401181102364
20
-3.6954706692913386
11
6.2435890157480314
21
-3.6978528346456692
0
LINE
8
BLACK
6
CONTINUOUS
10
6.2435890157480314
20
-3.6978528346456692
11
6.2435889763779526
21
-3.6978528346456692
0
LINE
8
BLACK
6
CONTINUOUS
10
6.2435889763779526
20
-3.6978528346456692
11
6.2386505118110236
21
-3.7016422440944883
0
LINE
8
BLACK
6
CONTINUOUS
10
6.2386505118110236
20
-3.7016422440944883
11
6.2386501181102361
21
-3.7016426377952754
0
LINE
8
BLACK
6
CONTINUOUS
10
6.2386501181102361
20
-3.7016426377952754
11
6.234860708661417
21
-3.7065811023622048
0
LINE
8
BLACK
6
CONTINUOUS
10
6.234860708661417
20
-3.7065811023622048
11
6.234860708661417
21
-3.7065811417322836
0
LINE
8
BLACK
6
CONTINUOUS
10
6.234860708661417
20
-3.7065811417322836
11
6.2324786220472443
21
-3.7123320078740156
0
LINE
8
BLACK
6
CONTINUOUS
10
6.2324786220472443
20
-3.7123320078740156
11
6.2324785433070868
21
-3.7123323228346456
0
LINE
8
BLACK
6
CONTINUOUS
10
6.2324785433070868
20
-3.7123323228346456
11
6.2316660629921259
21
-3.7185038976377953
0
LINE
8
BLACK
6
CONTINUOUS
10
6.2316660629921259
20
-3.7185038976377953
11
6.2316660629921259
21
-3.7185039370078741
0
LINE
8
BLACK
6
CONTINUOUS
10
6.2316660629921259
20
-3.7185039370078741
11
6.2324785433070868
21
-3.7246755118110237
0
LINE
8
BLACK
6
CONTINUOUS
10
6.2324785433070868
20
-3.7246755118110237
11
6.2324786220472443
21
-3.7246758267716533
0
LINE
8
BLACK
6
CONTINUOUS
10
6.2324786220472443
20
-3.7246758267716533
11
6.234860708661417
21
-3.7304266929133858
0
LINE
8
BLACK
6
CONTINUOUS
10
6.234860708661417
20
-3.7304266929133858
11
6.234860708661417
21
-3.7304267322834646
0
LINE
8
BLACK
6
CONTINUOUS
10
6.234860708661417
20
-3.7304267322834646
11
6.2384001181102358
21
-3.7350393700787401
0
LINE
8
BLACK
6
CONTINUOUS
10
6.2384001181102358
20
-3.7350393700787401
11
6.2386503149606298
21
-3.7353654330708661
0
LINE
8
BLACK
6
CONTINUOUS
10
6.2386503149606298
20
-3.7353654330708661
11
6.2435889370078739
21
-3.739154960629921
0
LINE
8
BLACK
6
CONTINUOUS
10
6.2435889370078739
20
-3.739154960629921
11
6.2435889763779526
21
-3.739154960629921
0
LINE
8
BLACK
6
CONTINUOUS
10
6.2435889763779526
20
-3.739154960629921
11
6.2435890157480314
21
-3.7391549999999998
0
LINE
8
BLACK
6
CONTINUOUS
10
6.2435890157480314
20
-3.7391549999999998
11
6.245706771653543
21
-3.7400322047244092
0
LINE
8
BLACK
6
CONTINUOUS
10
6.245706771653543
20
-3.7400322047244092
11
6.2493400787401576
21
-3.7415371653543308
0
LINE
8
BLACK
6
CONTINUOUS
10
6.2493400787401576
20
-3.7415371653543308
11
6.253968858267716
21
-3.7421465354330707
0
LINE
8
BLACK
6
CONTINUOUS
10
6.253968858267716
20
-3.7421465354330707
11
6.2555117716535431
21
-3.74234968503937
0
LINE
8
BLACK
6
CONTINUOUS
10
6.2555117716535431
20
-3.74234968503937
11
6.2555118110236219
21
-3.74234968503937
0
LINE
8
BLACK
6
CONTINUOUS
10
6.2555118110236219
20
-3.74234968503937
11
6.2555118503937006
21
-3.74234968503937
0
LINE
8
BLACK
6
CONTINUOUS
10
6.2555118503937006
20
-3.74234968503937
11
6.2567461417322834
21
-3.7421871653543306
0
LINE
8
BLACK
6
CONTINUOUS
10
6.2567461417322834
20
-3.7421871653543306
11
6.2616835433070861
21
-3.7415371653543308
0
LINE
8
BLACK
6
CONTINUOUS
10
6.2616835433070861
20
-3.7415371653543308
11
6.2674346850393698
21
-3.739154960629921
0
LINE
8
BLACK
6
CONTINUOUS
10
6.2674346850393698
20
-3.739154960629921
11
6.2723733070866139
21
-3.7353654330708661
0
LINE
8
BLACK
6
CONTINUOUS
10
6.2723733070866139
20
-3.7353654330708661
11
6.2761628346456693
21
-3.7304268110236221
0
LINE
8
BLACK
6
CONTINUOUS
10
6.2761628346456693
20
-3.7304268110236221
11
6.278535118110236
21
-3.7246996062992124
0
LINE
8
BLACK
6
CONTINUOUS
10
6.278535118110236
20
-3.7246996062992124
11
6.278545039370079
21
-3.7246756692913383
0
LINE
8
BLACK
6
CONTINUOUS
10
6.278545039370079
20
-3.7246756692913383
11
6.2793575590551178
21
-3.7185039370078741
0
LINE
8
BLACK
6
CONTINUOUS
10
6.2793575590551178
20
-3.7185039370078741
11
6.2793575590551178
21
-3.7185038976377953
0
LINE
8
BLACK
6
CONTINUOUS
10
6.2793575590551178
20
-3.7185038976377953
11
6.2793909055118107
21
-3.7182506692913386
0
LINE
8
BLACK
6
CONTINUOUS
10
6.2793909055118107
20
-3.7182506692913386
11
6.2794588976377952
21
-3.7182596062992124
0
LINE
8
BLACK
6
CONTINUOUS
10
6.2794588976377952
20
-3.7182596062992124
11
6.280101929133858
21
-3.7162805511811023
0
LINE
8
BLACK
6
CONTINUOUS
10
6.280101929133858
20
-3.7162805511811023
11
6.2804991732283462
21
-3.7158155118110234
0
LINE
8
BLACK
6
CONTINUOUS
10
6.2804991732283462
20
-3.7158155118110234
11
6.2807275590551184
21
-3.7155871259842517
0
LINE
8
BLACK
6
CONTINUOUS
10
6.2807275590551184
20
-3.7155871259842517
11
6.2826067716535432
21
-3.7123322047244094
0
LINE
8
BLACK
6
CONTINUOUS
10
6.2826067716535432
20
-3.7123322047244094
11
6.2828034251968505
21
-3.7119916141732281
0
LINE
8
BLACK
6
CONTINUOUS
10
6.2828034251968505
20
-3.7119916141732281
11
6.2838779527559057
21
-3.707981377952756
0
LINE
8
BLACK
6
CONTINUOUS
10
6.2838779527559057
20
-3.707981377952756
11
6.2838779527559057
21
-3.68655937007874
0
LINE
8
BLACK
6
CONTINUOUS
10
6.2838779527559057
20
-3.68655937007874
11
6.2846223228346458
21
-3.6842683858267717
0
LINE
8
BLACK
6
CONTINUOUS
10
6.2846223228346458
20
-3.6842683858267717
11
6.2856101574803152
21
-3.6833186220472438
0
LINE
8
BLACK
6
CONTINUOUS
10
6.2856101574803152
20
-3.6833186220472438
11
6.2858171259842521
21
-3.6831803149606297
0
LINE
8
BLACK
6
CONTINUOUS
10
6.2858171259842521
20
-3.6831803149606297
11
6.2865965354330706
21
-3.6826595275590552
0
LINE
8
BLACK
6
CONTINUOUS
10
6.2865965354330706
20
-3.6826595275590552
11
6.2883412204724412
21
-3.6800484645669291
0
LINE
8
BLACK
6
CONTINUOUS
10
6.2883412204724412
20
-3.6800484645669291
11
6.2887992125984251
21
-3.6777459842519686
0
LINE
8
BLACK
6
CONTINUOUS
10
6.2887992125984251
20
-3.6777459842519686
11
6.2887992125984251
21
-3.6604429921259842
0
LINE
8
BLACK
6
CONTINUOUS
10
6.2887992125984251
20
-3.6604429921259842
11
6.2883412204724412
21
-3.6581405118110237
0
LINE
8
BLACK
6
CONTINUOUS
10
6.2883412204724412
20
-3.6581405118110237
11
6.2883411023622049
21
-3.6581403543307087
0
LINE
8
BLACK
6
CONTINUOUS
10
6.2883411023622049
20
-3.6581403543307087
11
6.2881963385826767
21
-3.6577908267716537
0
LINE
8
BLACK
6
CONTINUOUS
10
6.2881963385826767
20
-3.6577908267716537
11
6.2880073228346456
21
-3.6553893700787401
0
LINE
8
BLACK
6
CONTINUOUS
10
6.2880073228346456
20
-3.6553893700787401
11
6.2881963385826767
21
-3.6548075984251969
0
LINE
8
BLACK
6
CONTINUOUS
10
6.2881963385826767
20
-3.6548075984251969
11
6.2883410629921261
21
-3.6544581102362206
0
LINE
8
BLACK
6
CONTINUOUS
10
6.2883410629921261
20
-3.6544581102362206
11
6.2883412204724412
21
-3.6544579133858268
0
LINE
8
BLACK
6
CONTINUOUS
10
6.2883412204724412
20
-3.6544579133858268
11
6.2887992125984251
21
-3.6521554330708659
0
LINE
8
BLACK
6
CONTINUOUS
10
6.2887992125984251
20
-3.6521554330708659
11
6.2887992125984251
21
-3.6348524409448819
0
LINE
8
BLACK
6
CONTINUOUS
10
6.2887992125984251
20
-3.6348524409448819
11
6.2883412204724412
21
-3.632549960629921
0
LINE
8
BLACK
6
CONTINUOUS
10
6.2883412204724412
20
-3.632549960629921
11
6.2883411023622049
21
-3.6325498031496064
0
LINE
8
BLACK
6
CONTINUOUS
10
6.2883411023622049
20
-3.6325498031496064
11
6.2881963385826767
21
-3.6322002755905509
0
LINE
8
BLACK
6
CONTINUOUS
10
6.2881963385826767
20
-3.6322002755905509
11
6.2880073228346456
21
-3.6297988188976378
0
LINE
8
BLACK
6
CONTINUOUS
10
6.2880073228346456
20
-3.6297988188976378
11
6.2881963385826767
21
-3.6292170472440946
0
LINE
8
BLACK
6
CONTINUOUS
10
6.2881963385826767
20
-3.6292170472440946
11
6.2883410629921261
21
-3.6288675590551178
0
LINE
8
BLACK
6
CONTINUOUS
10
6.2883410629921261
20
-3.6288675590551178
11
6.2883412204724412
21
-3.6288673622047245
0
LINE
8
BLACK
6
CONTINUOUS
10
6.2883412204724412
20
-3.6288673622047245
11
6.2887992125984251
21
-3.6265648818897636
0
LINE
8
BLACK
6
CONTINUOUS
10
6.2887992125984251
20
-3.6265648818897636
11
6.2887992125984251
21
-3.6092618897637796
0
LINE
8
BLACK
6
CONTINUOUS
10
6.2887992125984251
20
-3.6092618897637796
11
6.2883412204724412
21
-3.6069594094488187
0
LINE
8
BLACK
6
CONTINUOUS
10
6.2883412204724412
20
-3.6069594094488187
11
6.2872134645669293
21
-3.6052716141732284
0
LINE
8
BLACK
6
CONTINUOUS
10
6.2872134645669293
20
-3.6052716141732284
11
6.2865033464566924
21
-3.6042088582677163
0
LINE
8
BLACK
6
CONTINUOUS
10
6.2865033464566924
20
-3.6042088582677163
11
6.2858464566929131
21
-3.6020434251968503
0
LINE
8
BLACK
6
CONTINUOUS
10
6.2858464566929131
20
-3.6020434251968503
11
6.2858464566929131
21
-3.5667674015748032
0
LINE
8
BLACK
6
CONTINUOUS
10
6.2858464566929131
20
-3.5667674015748032
11
6.2852576377952758
21
-3.564569960629921
0
LINE
8
BLACK
6
CONTINUOUS
10
6.2852576377952758
20
-3.564569960629921
11
6.2846377559055115
21
-3.5622564566929134
0
LINE
8
BLACK
6
CONTINUOUS
10
6.2846377559055115
20
-3.5622564566929134
11
6.2846377559055115
21
-3.5622564173228346
0
LINE
8
BLACK
6
CONTINUOUS
10
6.2846377559055115
20
-3.5622564173228346
11
6.282302755905512
21
-3.5582120472440946
0
LINE
8
BLACK
6
CONTINUOUS
10
6.282302755905512
20
-3.5582120472440946
11
6.2521057480314957
21
-3.5280150393700787
0
LINE
8
BLACK
6
CONTINUOUS
10
6.2521057480314957
20
-3.5280150393700787
11
6.2425945275590546
21
-3.5185038188976376
0
LINE
8
BLACK
6
CONTINUOUS
10
6.2425945275590546
20
-3.5185038188976376
11
6.2173896062992124
21
-3.493298897637795
0
LINE
8
BLACK
6
CONTINUOUS
10
6.2173896062992124
20
-3.493298897637795
11
6.2162960236220473
21
-3.4911525590551182
0
LINE
8
BLACK
6
CONTINUOUS
10
6.2162960236220473
20
-3.4911525590551182
11
6.2162480314960629
21
-3.4905428346456691
0
LINE
8
BLACK
6
CONTINUOUS
10
6.2162480314960629
20
-3.4905428346456691
11
6.2162480314960629
21
-3.4541686614173228
0
LINE
8
BLACK
6
CONTINUOUS
10
6.2162480314960629
20
-3.4541686614173228
11
6.2166228740157479
21
-3.4530150393700785
0
LINE
8
BLACK
6
CONTINUOUS
10
6.2166228740157479
20
-3.4530150393700785
11
6.216992401574803
21
-3.4518776771653541
0
LINE
8
BLACK
6
CONTINUOUS
10
6.216992401574803
20
-3.4518776771653541
11
6.2189412204724412
21
-3.4504617716535431
0
LINE
8
BLACK
6
CONTINUOUS
10
6.2189412204724412
20
-3.4504617716535431
11
6.2201456692913384
21
-3.4502710236220473
0
LINE
8
BLACK
6
CONTINUOUS
10
6.2201456692913384
20
-3.4502710236220473
11
6.2488700000000001
21
-3.4502710236220473
0
LINE
8
BLACK
6
CONTINUOUS
10
6.2488700000000001
20
-3.4502710236220473
11
6.2488700393700789
21
-3.4502709842519685
0
LINE
8
BLACK
6
CONTINUOUS
10
6.2488700393700789
20
-3.4502709842519685
11
6.2488700393700789
21
-3.4384600393700788
0
LINE
8
BLACK
6
CONTINUOUS
10
6.2488700393700789
20
-3.4384600393700788
11
6.2213109842519687
21
-3.4384600393700788
0
LINE
8
BLACK
6
CONTINUOUS
10
6.2213109842519687
20
-3.4384600393700788
11
6.2213109842519687
21
-3.3872789370078737
0
LINE
8
BLACK
6
CONTINUOUS
10
6.2213109842519687
20
-3.3872789370078737
11
6.2488700393700789
21
-3.3872789370078737
0
LINE
8
BLACK
6
CONTINUOUS
10
6.2488700393700789
20
-3.3872789370078737
11
6.2488700393700789
21
-3.3754679527559053
0
LINE
8
BLACK
6
CONTINUOUS
10
6.2488700393700789
20
-3.3754679527559053
11
6.2488700000000001
21
-3.3754679133858265
0
LINE
8
BLACK
6
CONTINUOUS
10
6.2488700000000001
20
-3.3754679133858265
11
6.2201456692913384
21
-3.3754679133858265
0
LINE
8
BLACK
6
CONTINUOUS
10
6.2201456692913384
20
-3.3754679133858265
11
6.2178546850393701
21
-3.3747235433070863
0
LINE
8
BLACK
6
CONTINUOUS
10
6.2178546850393701
20
-3.3747235433070863
11
6.2164387795275591
21
-3.3727747244094486
0
LINE
8
BLACK
6
CONTINUOUS
10
6.2164387795275591
20
-3.3727747244094486
11
6.2162480314960629
21
-3.371570275590551
0
LINE
8
BLACK
6
CONTINUOUS
10
6.2162480314960629
20
-3.371570275590551
11
6.2162480314960629
21
-3.3494094881889764
0
LINE
8
BLACK
6
CONTINUOUS
10
6.2162480314960629
20
-3.3494094881889764
11
6.2162480314960629
21
-3.3402990157480312
0
LINE
8
BLACK
6
CONTINUOUS
10
6.2162480314960629
20
-3.3402990157480312
11
6.216992401574803
21
-3.338008031496063
0
LINE
8
BLACK
6
CONTINUOUS
10
6.216992401574803
20
-3.338008031496063
11
6.2173896062992124
21
-3.3375429527559053
0
LINE
8
BLACK
6
CONTINUOUS
10
6.2173896062992124
20
-3.3375429527559053
11
6.2306923228346456
21
-3.3242402362204722
0
LINE
8
BLACK
6
CONTINUOUS
10
6.2306923228346456
20
-3.3242402362204722
11
6.2452325196850396
21
-3.3097000393700786
0
LINE
8
BLACK
6
CONTINUOUS
10
6.2452325196850396
20
-3.3097000393700786
11
6.2473788582677168
21
-3.3086064566929134
0
LINE
8
BLACK
6
CONTINUOUS
10
6.2473788582677168
20
-3.3086064566929134
11
6.2479885826771655
21
-3.308558464566929
0
LINE
8
BLACK
6
CONTINUOUS
10
6.2479885826771655
20
-3.308558464566929
11
6.2890175590551181
21
-3.308558464566929
0
LINE
8
BLACK
6
CONTINUOUS
10
6.2890175590551181
20
-3.308558464566929
11
6.2890175984251968
21
-3.308558464566929
0
LINE
8
BLACK
6
CONTINUOUS
10
6.2890175984251968
20
-3.308558464566929
11
6.2913200787401573
21
-3.3081004724409446
0
LINE
8
BLACK
6
CONTINUOUS
10
6.2913200787401573
20
-3.3081004724409446
11
6.2939311417322834
21
-3.3063557874015745
0
LINE
8
BLACK
6
CONTINUOUS
10
6.2939311417322834
20
-3.3063557874015745
11
6.295675826771653
21
-3.3037447244094489
0
LINE
8
BLACK
6
CONTINUOUS
10
6.295675826771653
20
-3.3037447244094489
11
6.2961338188976379
21
-3.3014422440944879
0
LINE
8
BLACK
6
CONTINUOUS
10
6.2961338188976379
20
-3.3014422440944879
11
6.2961338188976379
21
-3.2967080708661416
0
LINE
8
BLACK
6
CONTINUOUS
10
6.2961338188976379
20
-3.2967080708661416
11
6.2968781889763781
21
-3.2944170866141733
0
LINE
8
BLACK
6
CONTINUOUS
10
6.2968781889763781
20
-3.2944170866141733
11
6.2988270078740154
21
-3.2930011811023623
0
LINE
8
BLACK
6
CONTINUOUS
10
6.2988270078740154
20
-3.2930011811023623
11
6.3000314566929134
21
-3.2928104330708661
0
LINE
8
BLACK
6
CONTINUOUS
10
6.3000314566929134
20
-3.2928104330708661
11
6.3512765354330707
21
-3.2928104330708661
0
LINE
8
BLACK
6
CONTINUOUS
10
6.3512765354330707
20
-3.2928104330708661
11
6.3548340157480316
21
-3.2918571653543305
0
LINE
8
BLACK
6
CONTINUOUS
10
6.3548340157480316
20
-3.2918571653543305
11
6.3548341338582679
21
-3.2918571653543305
0
LINE
8
BLACK
6
CONTINUOUS
10
6.3548341338582679
20
-3.2918571653543305
11
6.3553550393700782
21
-3.291717559055118
0
LINE
8
BLACK
6
CONTINUOUS
10
6.3553550393700782
20
-3.291717559055118
11
6.3557874803149605
21
-3.2916017322834645
0
LINE
8
BLACK
6
CONTINUOUS
10
6.3557874803149605
20
-3.2916017322834645
11
6.359831850393701
21
-3.2892666929133858
0
LINE
8
BLACK
6
CONTINUOUS
10
6.359831850393701
20
-3.2892666929133858
11
6.3697042913385822
21
-3.2793942519685038
0
LINE
8
BLACK
6
CONTINUOUS
10
6.3697042913385822
20
-3.2793942519685038
11
6.3720393307086614
21
-3.2753498818897637
0
LINE
8
BLACK
6
CONTINUOUS
10
6.3720393307086614
20
-3.2753498818897637
11
6.3722094094488186
21
-3.2747150787401575
0
LINE
8
BLACK
6
CONTINUOUS
10
6.3722094094488186
20
-3.2747150787401575
11
6.3725688976377954
21
-3.2733736220472438
0
LINE
8
BLACK
6
CONTINUOUS
10
6.3725688976377954
20
-3.2733736220472438
11
6.3728174409448819
21
-3.2724458267716536
0
LINE
8
BLACK
6
CONTINUOUS
10
6.3728174409448819
20
-3.2724458267716536
11
6.3732480314960629
21
-3.2708389370078739
0
LINE
8
BLACK
6
CONTINUOUS
10
6.3732480314960629
20
-3.2708389370078739
11
6.3732480314960629
21
-3.2383712598425194
0
LINE
8
BLACK
6
CONTINUOUS
10
6.3732480314960629
20
-3.2383712598425194
11
6.3732480314960629
21
-3.2102952755905512
0
LINE
8
BLACK
6
CONTINUOUS
10
5.8316660629921255
20
-3.7185039370078741
11
5.8324785433070865
21
-3.7246755118110237
0
LINE
8
BLACK
6
CONTINUOUS
10
5.8324785433070865
20
-3.7246755118110237
11
5.832478622047244
21
-3.7246758267716533
0
LINE
8
BLACK
6
CONTINUOUS
10
5.832478622047244
20
-3.7246758267716533
11
5.8348607086614175
21
-3.7304266929133858
0
LINE
8
BLACK
6
CONTINUOUS
10
5.8348607086614175
20
-3.7304266929133858
11
5.8348607086614175
21
-3.7304267322834646
0
LINE
8
BLACK
6
CONTINUOUS
10
5.8348607086614175
20
-3.7304267322834646
11
5.8384001181102363
21
-3.7350393700787401
0
LINE
8
BLACK
6
CONTINUOUS
10
5.8384001181102363
20
-3.7350393700787401
11
5.8386503149606295
21
-3.7353654330708661
0
LINE
8
BLACK
6
CONTINUOUS
10
5.8386503149606295
20
-3.7353654330708661
11
5.8435889370078735
21
-3.739154960629921
0
LINE
8
BLACK
6
CONTINUOUS
10
5.8435889370078735
20
-3.739154960629921
11
5.8435889763779523
21
-3.739154960629921
0
LINE
8
BLACK
6
CONTINUOUS
10
5.8435889763779523
20
-3.739154960629921
11
5.843589015748031
21
-3.7391549999999998
0
LINE
8
BLACK
6
CONTINUOUS
10
5.843589015748031
20
-3.7391549999999998
11
5.8457067716535436
21
-3.7400322047244092
0
LINE
8
BLACK
6
CONTINUOUS
10
5.8457067716535436
20
-3.7400322047244092
11
5.8493400787401573
21
-3.7415371653543308
0
LINE
8
BLACK
6
CONTINUOUS
10
5.8493400787401573
20
-3.7415371653543308
11
5.8539688582677165
21
-3.7421465354330707
0
LINE
8
BLACK
6
CONTINUOUS
10
5.8539688582677165
20
-3.7421465354330707
11
5.8555117716535428
21
-3.74234968503937
0
LINE
8
BLACK
6
CONTINUOUS
10
5.8555117716535428
20
-3.74234968503937
11
5.8555118110236215
21
-3.74234968503937
0
LINE
8
BLACK
6
CONTINUOUS
10
5.8555118110236215
20
-3.74234968503937
11
5.8555118503937003
21
-3.74234968503937
0
LINE
8
BLACK
6
CONTINUOUS
10
5.8555118503937003
20
-3.74234968503937
11
5.856746141732283
21
-3.7421871653543306
0
LINE
8
BLACK
6
CONTINUOUS
10
5.856746141732283
20
-3.7421871653543306
11
5.8616835433070866
21
-3.7415371653543308
0
LINE
8
BLACK
6
CONTINUOUS
10
5.8616835433070866
20
-3.7415371653543308
11
5.8674346850393704
21
-3.739154960629921
0
LINE
8
BLACK
6
CONTINUOUS
10
5.8674346850393704
20
-3.739154960629921
11
5.8723733070866144
21
-3.7353654330708661
0
LINE
8
BLACK
6
CONTINUOUS
10
5.8723733070866144
20
-3.7353654330708661
11
5.8761628346456689
21
-3.7304268110236221
0
LINE
8
BLACK
6
CONTINUOUS
10
5.8761628346456689
20
-3.7304268110236221
11
5.8785450393700787
21
-3.7246756692913383
0
LINE
8
BLACK
6
CONTINUOUS
10
5.8785450393700787
20
-3.7246756692913383
11
5.878580078740157
21
-3.7244094881889764
0
LINE
8
BLACK
6
CONTINUOUS
10
5.878580078740157
20
-3.7244094881889764
11
5.8793575590551184
21
-3.7185039370078741
0
LINE
8
BLACK
6
CONTINUOUS
10
5.8793575590551184
20
-3.7185039370078741
11
5.8793575590551184
21
-3.7185038976377953
0
LINE
8
BLACK
6
CONTINUOUS
10
5.8793575590551184
20
-3.7185038976377953
11
5.8793909055118112
21
-3.7182506692913386
0
LINE
8
BLACK
6
CONTINUOUS
10
5.8793909055118112
20
-3.7182506692913386
11
5.8794588976377948
21
-3.7182596062992124
0
LINE
8
BLACK
6
CONTINUOUS
10
5.8794588976377948
20
-3.7182596062992124
11
5.8801019291338585
21
-3.7162805905511811
0
LINE
8
BLACK
6
CONTINUOUS
10
5.8801019291338585
20
-3.7162805905511811
11
5.8804988976377954
21
-3.7158157480314959
0
LINE
8
BLACK
6
CONTINUOUS
10
5.8804988976377954
20
-3.7158157480314959
11
5.8805307086614169
21
-3.7157839763779528
0
LINE
8
BLACK
6
CONTINUOUS
10
5.8805307086614169
20
-3.7157839763779528
11
5.8823699212598424
21
-3.7125983858267717
0
LINE
8
BLACK
6
CONTINUOUS
10
5.8823699212598424
20
-3.7125983858267717
11
5.8826064960629916
21
-3.712188661417323
0
LINE
8
BLACK
6
CONTINUOUS
10
5.8826064960629916
20
-3.712188661417323
11
5.8826064960629916
21
-3.7121885826771654
0
LINE
8
BLACK
6
CONTINUOUS
10
5.8826064960629916
20
-3.7121885826771654
11
5.8826065748031491
21
-3.7121885039370079
0
LINE
8
BLACK
6
CONTINUOUS
10
5.8826065748031491
20
-3.7121885039370079
11
5.8836811023622042
21
-3.7081782283464566
0
LINE
8
BLACK
6
CONTINUOUS
10
5.8836811023622042
20
-3.7081782283464566
11
5.8836811023622042
21
-3.7040264960629918
0
LINE
8
BLACK
6
CONTINUOUS
10
5.8836811023622042
20
-3.7040264960629918
11
5.8836811023622042
21
-3.6992402362204722
0
LINE
8
BLACK
6
CONTINUOUS
10
5.8836811023622042
20
-3.6992402362204722
11
5.8836811023622042
21
-3.68655937007874
0
LINE
8
BLACK
6
CONTINUOUS
10
5.8836811023622042
20
-3.68655937007874
11
5.8844254724409444
21
-3.6842683858267717
0
LINE
8
BLACK
6
CONTINUOUS
10
5.8844254724409444
20
-3.6842683858267717
11
5.8854133070866137
21
-3.6833186220472438
0
LINE
8
BLACK
6
CONTINUOUS
10
5.8854133070866137
20
-3.6833186220472438
11
5.8856202755905507
21
-3.6831803149606297
0
LINE
8
BLACK
6
CONTINUOUS
10
5.8856202755905507
20
-3.6831803149606297
11
5.8863996850393701
21
-3.6826595275590552
0
LINE
8
BLACK
6
CONTINUOUS
10
5.8863996850393701
20
-3.6826595275590552
11
5.8881443700787397
21
-3.6800484645669291
0
LINE
8
BLACK
6
CONTINUOUS
10
5.8881443700787397
20
-3.6800484645669291
11
5.8886023622047245
21
-3.6777459842519686
0
LINE
8
BLACK
6
CONTINUOUS
10
5.8886023622047245
20
-3.6777459842519686
11
5.8886023622047245
21
-3.6712134645669292
0
LINE
8
BLACK
6
CONTINUOUS
10
5.8886023622047245
20
-3.6712134645669292
11
5.8893467322834647
21
-3.6689224803149605
0
LINE
8
BLACK
6
CONTINUOUS
10
5.8893467322834647
20
-3.6689224803149605
11
5.891295551181102
21
-3.6675065748031495
0
LINE
8
BLACK
6
CONTINUOUS
10
5.891295551181102
20
-3.6675065748031495
11
5.893260433070866
21
-3.6673907086614173
0
LINE
8
BLACK
6
CONTINUOUS
10
5.893260433070866
20
-3.6673907086614173
11
5.893265236220472
21
-3.6673916535433069
0
LINE
8
BLACK
6
CONTINUOUS
10
5.893265236220472
20
-3.6673916535433069
11
5.8932655118110233
21
-3.6673917716535431
0
LINE
8
BLACK
6
CONTINUOUS
10
5.8932655118110233
20
-3.6673917716535431
11
5.8980650393700786
21
-3.6683464566929134
0
LINE
8
BLACK
6
CONTINUOUS
10
5.8980650393700786
20
-3.6683464566929134
11
5.9240794881889762
21
-3.6683464566929134
0
LINE
8
BLACK
6
CONTINUOUS
10
5.9240794881889762
20
-3.6683464566929134
11
5.9248399212598422
21
-3.6684213385826769
0
LINE
8
BLACK
6
CONTINUOUS
10
5.9248399212598422
20
-3.6684213385826769
11
5.9249317716535428
21
-3.6684396062992124
0
LINE
8
BLACK
6
CONTINUOUS
10
5.9249317716535428
20
-3.6684396062992124
11
5.9249318503937003
21
-3.6684396456692911
0
LINE
8
BLACK
6
CONTINUOUS
10
5.9249318503937003
20
-3.6684396456692911
11
5.9272343307086617
21
-3.6688976377952756
0
LINE
8
BLACK
6
CONTINUOUS
10
5.9272343307086617
20
-3.6688976377952756
11
5.9272343700787404
21
-3.6688976377952756
0
LINE
8
BLACK
6
CONTINUOUS
10
5.9272343700787404
20
-3.6688976377952756
11
5.9837892519685036
21
-3.6688976377952756
0
LINE
8
BLACK
6
CONTINUOUS
10
5.9837892519685036
20
-3.6688976377952756
11
5.9837892913385824
21
-3.6688976377952756
0
LINE
8
BLACK
6
CONTINUOUS
10
5.9837892913385824
20
-3.6688976377952756
11
5.9860917716535429
21
-3.6684396456692911
0
LINE
8
BLACK
6
CONTINUOUS
10
5.9860917716535429
20
-3.6684396456692911
11
5.9860918110236216
21
-3.6684396062992124
0
LINE
8
BLACK
6
CONTINUOUS
10
5.9860918110236216
20
-3.6684396062992124
11
5.986183700787401
21
-3.6684213385826769
0
LINE
8
BLACK
6
CONTINUOUS
10
5.986183700787401
20
-3.6684213385826769
11
5.9869441338582678
21
-3.6683464566929134
0
LINE
8
BLACK
6
CONTINUOUS
10
5.9869441338582678
20
-3.6683464566929134
11
6.0012471653543304
21
-3.6683464566929134
0
LINE
8
BLACK
6
CONTINUOUS
10
6.0012471653543304
20
-3.6683464566929134
11
6.0035381496062987
21
-3.6690908267716535
0
LINE
8
BLACK
6
CONTINUOUS
10
6.0035381496062987
20
-3.6690908267716535
11
6.0049540551181098
21
-3.6710396456692913
0
LINE
8
BLACK
6
CONTINUOUS
10
6.0049540551181098
20
-3.6710396456692913
11
6.0050703149606299
21
-3.6715956299212595
0
LINE
8
BLACK
6
CONTINUOUS
10
6.0050703149606299
20
-3.6715956299212595
11
6.0050807086614171
21
-3.6715935826771653
0
LINE
8
BLACK
6
CONTINUOUS
10
6.0050807086614171
20
-3.6715935826771653
11
6.0055760629921258
21
-3.6740837401574802
0
LINE
8
BLACK
6
CONTINUOUS
10
6.0055760629921258
20
-3.6740837401574802
11
6.0055761417322833
21
-3.6740839763779527
0
LINE
8
BLACK
6
CONTINUOUS
10
6.0055761417322833
20
-3.6740839763779527
11
6.0070285826771652
21
-3.6762576771653541
0
LINE
8
BLACK
6
CONTINUOUS
10
6.0070285826771652
20
-3.6762576771653541
11
6.007320787401575
21
-3.6766949606299213
0
LINE
8
BLACK
6
CONTINUOUS
10
6.007320787401575
20
-3.6766949606299213
11
6.0099318503937003
21
-3.6784396456692914
0
LINE
8
BLACK
6
CONTINUOUS
10
6.0099318503937003
20
-3.6784396456692914
11
6.0116262992125984
21
-3.6787766929133858
0
LINE
8
BLACK
6
CONTINUOUS
10
6.0116262992125984
20
-3.6787766929133858
11
6.0122338976377954
21
-3.6788975590551178
0
LINE
8
BLACK
6
CONTINUOUS
10
6.0122338976377954
20
-3.6788975590551178
11
6.0122340944881891
21
-3.6788975590551178
0
LINE
8
BLACK
6
CONTINUOUS
10
6.0122340944881891
20
-3.6788975590551178
11
6.0122343307086616
21
-3.6788976377952753
0
LINE
8
BLACK
6
CONTINUOUS
10
6.0122343307086616
20
-3.6788976377952753
11
6.0122343700787404
21
-3.6788976377952753
0
LINE
8
BLACK
6
CONTINUOUS
10
6.0122343700787404
20
-3.6788976377952753
11
6.048789251968504
21
-3.6788976377952753
0
LINE
8
BLACK
6
CONTINUOUS
10
6.048789251968504
20
-3.6788976377952753
11
6.0487892913385828
21
-3.6788976377952753
0
LINE
8
BLACK
6
CONTINUOUS
10
6.0487892913385828
20
-3.6788976377952753
11
6.0510917716535433
21
-3.6784396456692914
0
LINE
8
BLACK
6
CONTINUOUS
10
6.0510917716535433
20
-3.6784396456692914
11
6.0537028346456694
21
-3.6766949606299213
0
LINE
8
BLACK
6
CONTINUOUS
10
6.0537028346456694
20
-3.6766949606299213
11
6.055447519685039
21
-3.6740838976377952
0
LINE
8
BLACK
6
CONTINUOUS
10
6.055447519685039
20
-3.6740838976377952
11
6.0559055118110239
21
-3.6717814173228347
0
LINE
8
BLACK
6
CONTINUOUS
10
6.0559055118110239
20
-3.6717814173228347
11
6.0559055118110239
21
-3.6152264960629918
0
LINE
8
BLACK
6
CONTINUOUS
10
6.0559055118110239
20
-3.6152264960629918
11
6.0559055118110239
21
-3.6152264566929131
0
LINE
8
BLACK
6
CONTINUOUS
10
6.0559055118110239
20
-3.6152264566929131
11
6.055447519685039
21
-3.6129239763779526
0
LINE
8
BLACK
6
CONTINUOUS
10
6.055447519685039
20
-3.6129239763779526
11
6.0537028346456694
21
-3.6103129133858265
0
LINE
8
BLACK
6
CONTINUOUS
10
6.0537028346456694
20
-3.6103129133858265
11
6.0537026771653544
21
-3.6103127952755907
0
LINE
8
BLACK
6
CONTINUOUS
10
6.0537026771653544
20
-3.6103127952755907
11
6.0510918503937008
21
-3.6085682677165352
0
LINE
8
BLACK
6
CONTINUOUS
10
6.0510918503937008
20
-3.6085682677165352
11
6.0510917716535433
21
-3.6085682283464564
0
LINE
8
BLACK
6
CONTINUOUS
10
6.0510917716535433
20
-3.6085682283464564
11
6.051091653543307
21
-3.6085681889763777
0
LINE
8
BLACK
6
CONTINUOUS
10
6.051091653543307
20
-3.6085681889763777
11
6.0510916141732283
21
-3.6085681889763777
0
LINE
8
BLACK
6
CONTINUOUS
10
6.0510916141732283
20
-3.6085681889763777
11
6.0487896850393703
21
-3.6081102755905512
0
LINE
8
BLACK
6
CONTINUOUS
10
6.0487896850393703
20
-3.6081102755905512
11
6.0487892913385828
21
-3.6081102362204724
0
LINE
8
BLACK
6
CONTINUOUS
10
6.0487892913385828
20
-3.6081102362204724
11
6.0122343307086616
21
-3.6081102362204724
0
LINE
8
BLACK
6
CONTINUOUS
10
6.0122343307086616
20
-3.6081102362204724
11
6.0122342913385829
21
-3.6081102362204724
0
LINE
8
BLACK
6
CONTINUOUS
10
6.0122342913385829
20
-3.6081102362204724
11
6.0122338976377954
21
-3.6081102755905512
0
LINE
8
BLACK
6
CONTINUOUS
10
6.0122338976377954
20
-3.6081102755905512
11
6.0099319685039365
21
-3.6085681889763777
0
LINE
8
BLACK
6
CONTINUOUS
10
6.0099319685039365
20
-3.6085681889763777
11
6.009931732283464
21
-3.6085682677165352
0
LINE
8
BLACK
6
CONTINUOUS
10
6.009931732283464
20
-3.6085682677165352
11
6.0073209055118113
21
-3.6103127952755907
0
LINE
8
BLACK
6
CONTINUOUS
10
6.0073209055118113
20
-3.6103127952755907
11
6.0073206692913388
21
-3.6103130314960628
0
LINE
8
BLACK
6
CONTINUOUS
10
6.0073206692913388
20
-3.6103130314960628
11
6.0055761417322833
21
-3.6129238582677163
0
LINE
8
BLACK
6
CONTINUOUS
10
6.0055761417322833
20
-3.6129238582677163
11
6.0055760629921258
21
-3.6129240944881889
0
LINE
8
BLACK
6
CONTINUOUS
10
6.0055760629921258
20
-3.6129240944881889
11
6.0050807086614171
21
-3.6154142913385825
0
LINE
8
BLACK
6
CONTINUOUS
10
6.0050807086614171
20
-3.6154142913385825
11
6.0050143307086614
21
-3.615401062992126
0
LINE
8
BLACK
6
CONTINUOUS
10
6.0050143307086614
20
-3.615401062992126
11
6.0041606692913385
21
-3.6173527952755906
0
LINE
8
BLACK
6
CONTINUOUS
10
6.0041606692913385
20
-3.6173527952755906
11
6.0020824409448821
21
-3.6185708661417322
0
LINE
8
BLACK
6
CONTINUOUS
10
6.0020824409448821
20
-3.6185708661417322
11
6.0012471653543304
21
-3.6186614173228344
0
LINE
8
BLACK
6
CONTINUOUS
10
6.0012471653543304
20
-3.6186614173228344
11
5.9869441338582678
21
-3.6186614173228344
0
LINE
8
BLACK
6
CONTINUOUS
10
5.9869441338582678
20
-3.6186614173228344
11
5.986183700787401
21
-3.6185865354330708
0
LINE
8
BLACK
6
CONTINUOUS
10
5.986183700787401
20
-3.6185865354330708
11
5.9860918110236216
21
-3.6185682283464566
0
LINE
8
BLACK
6
CONTINUOUS
10
5.9860918110236216
20
-3.6185682283464566
11
5.9860917716535429
21
-3.6185682283464566
0
LINE
8
BLACK
6
CONTINUOUS
10
5.9860917716535429
20
-3.6185682283464566
11
5.9837892913385824
21
-3.6181102362204722
0
LINE
8
BLACK
6
CONTINUOUS
10
5.9837892913385824
20
-3.6181102362204722
11
5.9272343307086617
21
-3.6181102362204722
0
LINE
8
BLACK
6
CONTINUOUS
10
5.9272343307086617
20
-3.6181102362204722
11
5.9272342913385829
21
-3.6181102362204722
0
LINE
8
BLACK
6
CONTINUOUS
10
5.9272342913385829
20
-3.6181102362204722
11
5.9265890944881887
21
-3.6182385433070867
0
LINE
8
BLACK
6
CONTINUOUS
10
5.9265890944881887
20
-3.6182385433070867
11
5.9249318503937003
21
-3.6185682283464566
0
LINE
8
BLACK
6
CONTINUOUS
10
5.9249318503937003
20
-3.6185682283464566
11
5.9249317716535428
21
-3.6185682283464566
0
LINE
8
BLACK
6
CONTINUOUS
10
5.9249317716535428
20
-3.6185682283464566
11
5.9248399212598422
21
-3.6185865354330708
0
LINE
8
BLACK
6
CONTINUOUS
10
5.9248399212598422
20
-3.6185865354330708
11
5.9240794881889762
21
-3.6186614173228344
0
LINE
8
BLACK
6
CONTINUOUS
10
5.9240794881889762
20
-3.6186614173228344
11
5.8980649212598424
21
-3.6186614173228344
0
LINE
8
BLACK
6
CONTINUOUS
10
5.8980649212598424
20
-3.6186614173228344
11
5.8941807480314958
21
-3.6194340157480314
0
LINE
8
BLACK
6
CONTINUOUS
10
5.8941807480314958
20
-3.6194340157480314
11
5.8932655118110233
21
-3.6196161023622047
0
LINE
8
BLACK
6
CONTINUOUS
10
5.8932655118110233
20
-3.6196161023622047
11
5.8932654724409446
21
-3.6196161023622047
0
LINE
8
BLACK
6
CONTINUOUS
10
5.8932654724409446
20
-3.6196161023622047
11
5.8932603937007872
21
-3.6196171259842518
0
LINE
8
BLACK
6
CONTINUOUS
10
5.8932603937007872
20
-3.6196171259842518
11
5.8908682283464566
21
-3.6193339763779528
0
LINE
8
BLACK
6
CONTINUOUS
10
5.8908682283464566
20
-3.6193339763779528
11
5.8890993307086612
21
-3.6176988582677163
0
LINE
8
BLACK
6
CONTINUOUS
10
5.8890993307086612
20
-3.6176988582677163
11
5.8886023622047245
21
-3.6157943700787403
0
LINE
8
BLACK
6
CONTINUOUS
10
5.8886023622047245
20
-3.6157943700787403
11
5.8886023622047245
21
-3.6092619291338583
0
LINE
8
BLACK
6
CONTINUOUS
10
5.8886023622047245
20
-3.6092619291338583
11
5.888602283464567
21
-3.6092614566929133
0
LINE
8
BLACK
6
CONTINUOUS
10
5.888602283464567
20
-3.6092614566929133
11
5.88846437007874
21
-3.6085681889763777
0
LINE
8
BLACK
6
CONTINUOUS
10
5.88846437007874
20
-3.6085681889763777
11
5.8881443700787397
21
-3.6069594094488187
0
LINE
8
BLACK
6
CONTINUOUS
10
5.8881443700787397
20
-3.6069594094488187
11
5.8863996850393701
21
-3.604348346456693
0
LINE
8
BLACK
6
CONTINUOUS
10
5.8863996850393701
20
-3.604348346456693
11
5.8854133070866137
21
-3.603689251968504
0
LINE
8
BLACK
6
CONTINUOUS
10
5.8854133070866137
20
-3.603689251968504
11
5.8839220078740153
21
-3.6017975196850394
0
LINE
8
BLACK
6
CONTINUOUS
10
5.8839220078740153
20
-3.6017975196850394
11
5.8836811023622042
21
-3.6004485039370078
0
LINE
8
BLACK
6
CONTINUOUS
10
5.8836811023622042
20
-3.6004485039370078
11
5.8836811023622042
21
-3.5918187795275589
0
LINE
8
BLACK
6
CONTINUOUS
10
5.8836811023622042
20
-3.5918187795275589
11
5.8844254724409444
21
-3.5895277952755906
0
LINE
8
BLACK
6
CONTINUOUS
10
5.8844254724409444
20
-3.5895277952755906
11
5.8848224409448822
21
-3.5890629921259842
0
LINE
8
BLACK
6
CONTINUOUS
10
5.8848224409448822
20
-3.5890629921259842
11
5.8961045669291341
21
-3.5777808267716535
0
LINE
8
BLACK
6
CONTINUOUS
10
5.8961045669291341
20
-3.5777808267716535
11
5.8982508267716538
21
-3.5766872834645667
0
LINE
8
BLACK
6
CONTINUOUS
10
5.8982508267716538
20
-3.5766872834645667
11
5.8993690944881889
21
-3.5766726377952756
0
LINE
8
BLACK
6
CONTINUOUS
10
5.8993690944881889
20
-3.5766726377952756
11
5.9045118110236219
21
-3.57734968503937
0
LINE
8
BLACK
6
CONTINUOUS
10
5.9045118110236219
20
-3.57734968503937
11
5.9106835433070861
21
-3.5765371653543307
0
LINE
8
BLACK
6
CONTINUOUS
10
5.9106835433070861
20
-3.5765371653543307
11
5.9164346850393699
21
-3.574154960629921
0
LINE
8
BLACK
6
CONTINUOUS
10
5.9164346850393699
20
-3.574154960629921
11
5.9213733070866139
21
-3.5703654330708661
0
LINE
8
BLACK
6
CONTINUOUS
10
5.9213733070866139
20
-3.5703654330708661
11
5.9251628346456693
21
-3.565426811023622
0
LINE
8
BLACK
6
CONTINUOUS
10
5.9251628346456693
20
-3.565426811023622
11
5.927545039370079
21
-3.5596756692913387
0
LINE
8
BLACK
6
CONTINUOUS
10
5.927545039370079
20
-3.5596756692913387
11
5.9279972834645669
21
-3.5562402362204724
0
LINE
8
BLACK
6
CONTINUOUS
10
5.9279972834645669
20
-3.5562402362204724
11
5.9290342913385823
21
-3.5540660629921259
0
LINE
8
BLACK
6
CONTINUOUS
10
5.9290342913385823
20
-3.5540660629921259
11
5.9291039763779523
21
-3.5539944881889762
0
LINE
8
BLACK
6
CONTINUOUS
10
5.9291039763779523
20
-3.5539944881889762
11
6.0685826771653542
21
-3.4145158661417323
0
LINE
8
BLACK
6
CONTINUOUS
10
6.0685826771653542
20
-3.4145158661417323
11
6.0707288582677164
21
-3.4134224015748029
0
LINE
8
BLACK
6
CONTINUOUS
10
6.0707288582677164
20
-3.4134224015748029
11
6.0731080708661418
21
-3.4137992125984251
0
LINE
8
BLACK
6
CONTINUOUS
10
6.0731080708661418
20
-3.4137992125984251
11
6.0748114173228345
21
-3.4155025590551182
0
LINE
8
BLACK
6
CONTINUOUS
10
6.0748114173228345
20
-3.4155025590551182
11
6.0752362204724406
21
-3.4172720472440945
0
LINE
8
BLACK
6
CONTINUOUS
10
6.0752362204724406
20
-3.4172720472440945
11
6.0752362204724406
21
-3.4408578346456693
0
LINE
8
BLACK
6
CONTINUOUS
10
6.0752362204724406
20
-3.4408578346456693
11
6.0752362598425194
21
-3.4408579133858268
0
LINE
8
BLACK
6
CONTINUOUS
10
6.0752362598425194
20
-3.4408579133858268
11
6.0753507480314957
21
-3.4418454330708661
0
LINE
8
BLACK
6
CONTINUOUS
10
6.0753507480314957
20
-3.4418454330708661
11
6.0771343700787401
21
-3.4458849212598426
0
LINE
8
BLACK
6
CONTINUOUS
10
6.0771343700787401
20
-3.4458849212598426
11
6.0802567716535432
21
-3.4490073228346456
0
LINE
8
BLACK
6
CONTINUOUS
10
6.0802567716535432
20
-3.4490073228346456
11
6.0842963385826767
21
-3.4507909448818896
0
LINE
8
BLACK
6
CONTINUOUS
10
6.0842963385826767
20
-3.4507909448818896
11
6.0852835826771656
21
-3.4509054724409447
0
LINE
8
BLACK
6
CONTINUOUS
10
6.0852835826771656
20
-3.4509054724409447
11
6.1146062204724405
21
-3.4509054724409447
0
LINE
8
BLACK
6
CONTINUOUS
10
6.1146062204724405
20
-3.4509054724409447
11
6.114606299212598
21
-3.4509054330708659
0
LINE
8
BLACK
6
CONTINUOUS
10
6.114606299212598
20
-3.4509054330708659
11
6.114606299212598
21
-3.4390944881889762
0
LINE
8
BLACK
6
CONTINUOUS
10
6.114606299212598
20
-3.4390944881889762
11
6.0870472440944878
21
-3.4390944881889762
0
LINE
8
BLACK
6
CONTINUOUS
10
6.0870472440944878
20
-3.4390944881889762
11
6.0870472440944878
21
-3.3879133858267716
0
LINE
8
BLACK
6
CONTINUOUS
10
6.0870472440944878
20
-3.3879133858267716
11
6.114606299212598
21
-3.3879133858267716
0
LINE
8
BLACK
6
CONTINUOUS
10
6.114606299212598
20
-3.3879133858267716
11
6.114606299212598
21
-3.3761024015748031
0
LINE
8
BLACK
6
CONTINUOUS
10
6.114606299212598
20
-3.3761024015748031
11
6.1146062598425193
21
-3.3761023622047244
0
LINE
8
BLACK
6
CONTINUOUS
10
6.1146062598425193
20
-3.3761023622047244
11
6.085283858267716
21
-3.3761023622047244
0
LINE
8
BLACK
6
CONTINUOUS
10
6.085283858267716
20
-3.3761023622047244
11
6.0852837401574797
21
-3.3761024015748031
0
LINE
8
BLACK
6
CONTINUOUS
10
6.0852837401574797
20
-3.3761024015748031
11
6.0842962598425192
21
-3.3762168897637794
0
LINE
8
BLACK
6
CONTINUOUS
10
6.0842962598425192
20
-3.3762168897637794
11
6.0802567716535432
21
-3.3780005118110235
0
LINE
8
BLACK
6
CONTINUOUS
10
6.0802567716535432
20
-3.3780005118110235
11
6.0799017322834645
21
-3.3783555905511808
0
LINE
8
BLACK
6
CONTINUOUS
10
6.0799017322834645
20
-3.3783555905511808
11
6.0777553937007873
21
-3.3794491732283465
0
LINE
8
BLACK
6
CONTINUOUS
10
6.0777553937007873
20
-3.3794491732283465
11
6.0753761811023619
21
-3.3790723622047243
0
LINE
8
BLACK
6
CONTINUOUS
10
6.0753761811023619
20
-3.3790723622047243
11
6.0736728346456692
21
-3.3773690157480316
0
LINE
8
BLACK
6
CONTINUOUS
10
6.0736728346456692
20
-3.3773690157480316
11
6.0732480314960631
21
-3.3755995275590549
0
LINE
8
BLACK
6
CONTINUOUS
10
6.0732480314960631
20
-3.3755995275590549
11
6.0732480314960631
21
-3.307704251968504
0
LINE
8
BLACK
6
CONTINUOUS
10
6.0732480314960631
20
-3.307704251968504
11
6.0739924015748032
21
-3.3054132677165353
0
LINE
8
BLACK
6
CONTINUOUS
10
6.0739924015748032
20
-3.3054132677165353
11
6.0759412204724406
21
-3.3039973622047243
0
LINE
8
BLACK
6
CONTINUOUS
10
6.0759412204724406
20
-3.3039973622047243
11
6.0783501181102357
21
-3.3039973622047243
0
LINE
8
BLACK
6
CONTINUOUS
10
6.0783501181102357
20
-3.3039973622047243
11
6.0802989370078739
21
-3.3054132677165353
0
LINE
8
BLACK
6
CONTINUOUS
10
6.0802989370078739
20
-3.3054132677165353
11
6.0803864173228348
21
-3.3055388582677163
0
LINE
8
BLACK
6
CONTINUOUS
10
6.0803864173228348
20
-3.3055388582677163
11
6.0813560629921257
21
-3.3069900393700786
0
LINE
8
BLACK
6
CONTINUOUS
10
6.0813560629921257
20
-3.3069900393700786
11
6.0813561023622045
21
-3.3069900787401574
0
LINE
8
BLACK
6
CONTINUOUS
10
6.0813561023622045
20
-3.3069900787401574
11
6.0813562204724407
21
-3.3069902362204724
0
LINE
8
BLACK
6
CONTINUOUS
10
6.0813562204724407
20
-3.3069902362204724
11
6.0839672834645668
21
-3.3087349212598425
0
LINE
8
BLACK
6
CONTINUOUS
10
6.0839672834645668
20
-3.3087349212598425
11
6.0857177559055113
21
-3.3090831102362204
0
LINE
8
BLACK
6
CONTINUOUS
10
6.0857177559055113
20
-3.3090831102362204
11
6.0862693307086611
21
-3.3091928346456694
0
LINE
8
BLACK
6
CONTINUOUS
10
6.0862693307086611
20
-3.3091928346456694
11
6.0862695275590548
21
-3.3091928346456694
0
LINE
8
BLACK
6
CONTINUOUS
10
6.0862695275590548
20
-3.3091928346456694
11
6.0862697637795273
21
-3.3091929133858269
0
LINE
8
BLACK
6
CONTINUOUS
10
6.0862697637795273
20
-3.3091929133858269
11
6.0862698031496061
21
-3.3091929133858269
0
LINE
8
BLACK
6
CONTINUOUS
10
6.0862698031496061
20
-3.3091929133858269
11
6.1547538188976381
21
-3.3091929133858269
0
LINE
8
BLACK
6
CONTINUOUS
10
6.1547538188976381
20
-3.3091929133858269
11
6.1547538582677168
21
-3.3091929133858269
0
LINE
8
BLACK
6
CONTINUOUS
10
6.1547538582677168
20
-3.3091929133858269
11
6.1570563385826773
21
-3.3087349212598425
0
LINE
8
BLACK
6
CONTINUOUS
10
6.1570563385826773
20
-3.3087349212598425
11
6.1596674015748034
21
-3.3069902362204724
0
LINE
8
BLACK
6
CONTINUOUS
10
6.1596674015748034
20
-3.3069902362204724
11
6.1614120866141731
21
-3.3043791732283463
0
LINE
8
BLACK
6
CONTINUOUS
10
6.1614120866141731
20
-3.3043791732283463
11
6.161870078740157
21
-3.3020766929133858
0
LINE
8
BLACK
6
CONTINUOUS
10
6.161870078740157
20
-3.3020766929133858
11
6.161870078740157
21
-3.2610476377952757
0
LINE
8
BLACK
6
CONTINUOUS
10
6.161870078740157
20
-3.2610476377952757
11
6.1626144488188972
21
-3.258756653543307
0
LINE
8
BLACK
6
CONTINUOUS
10
6.1626144488188972
20
-3.258756653543307
11
6.1630116929133854
21
-3.2582915748031493
0
LINE
8
BLACK
6
CONTINUOUS
10
6.1630116929133854
20
-3.2582915748031493
11
6.1655719291338578
21
-3.2557313385826769
0
LINE
8
BLACK
6
CONTINUOUS
10
6.1655719291338578
20
-3.2557313385826769
11
6.1697043307086616
21
-3.2515989763779527
0
LINE
8
BLACK
6
CONTINUOUS
10
6.1697043307086616
20
-3.2515989763779527
11
6.1720393307086612
21
-3.2475546062992127
0
LINE
8
BLACK
6
CONTINUOUS
10
6.1720393307086612
20
-3.2475546062992127
11
6.1728773228346459
21
-3.2444270866141731
0
LINE
8
BLACK
6
CONTINUOUS
10
6.1728773228346459
20
-3.2444270866141731
11
6.1732480314960627
21
-3.2430436614173228
0
LINE
8
BLACK
6
CONTINUOUS
10
6.1732480314960627
20
-3.2430436614173228
11
6.1732480314960627
21
-3.2102952755905512
0
LINE
8
BLACK
6
CONTINUOUS
10
6.1732480314960627
20
-3.2102952755905512
11
6.1739924015748029
21
-3.2080042913385824
0
LINE
8
BLACK
6
CONTINUOUS
10
6.1739924015748029
20
-3.2080042913385824
11
6.1759412204724411
21
-3.2065883858267714
0
LINE
8
BLACK
6
CONTINUOUS
10
6.1759412204724411
20
-3.2065883858267714
11
6.1771456692913382
21
-3.2063976377952756
0
LINE
8
BLACK
6
CONTINUOUS
10
6.1771456692913382
20
-3.2063976377952756
11
6.1862892519685042
21
-3.2063976377952756
0
LINE
8
BLACK
6
CONTINUOUS
10
6.1862892519685042
20
-3.2063976377952756
11
6.186289291338583
21
-3.2063976377952756
0
LINE
8
BLACK
6
CONTINUOUS
10
6.186289291338583
20
-3.2063976377952756
11
6.1885917716535435
21
-3.2059396456692912
0
LINE
8
BLACK
6
CONTINUOUS
10
6.1885917716535435
20
-3.2059396456692912
11
6.1912028346456696
21
-3.2041949606299212
0
LINE
8
BLACK
6
CONTINUOUS
10
6.1912028346456696
20
-3.2041949606299212
11
6.1929475196850392
21
-3.2015838976377951
0
LINE
8
BLACK
6
CONTINUOUS
10
6.1929475196850392
20
-3.2015838976377951
11
6.1934055118110232
21
-3.1992814173228346
0
LINE
8
BLACK
6
CONTINUOUS
10
6.1934055118110232
20
-3.1992814173228346
11
6.1934055118110232
21
-3.1377264566929135
0
LINE
8
BLACK
6
CONTINUOUS
10
6.1934055118110232
20
-3.1377264566929135
11
6.1929475196850392
21
-3.1354239763779526
0
LINE
8
BLACK
6
CONTINUOUS
10
6.1929475196850392
20
-3.1354239763779526
11
6.1912028346456696
21
-3.1328129133858269
0
LINE
8
BLACK
6
CONTINUOUS
10
6.1912028346456696
20
-3.1328129133858269
11
6.1890846456692916
21
-3.131397559055118
0
LINE
8
BLACK
6
CONTINUOUS
10
6.1890846456692916
20
-3.131397559055118
11
6.188591850393701
21
-3.1310682677165356
0
LINE
8
BLACK
6
CONTINUOUS
10
6.188591850393701
20
-3.1310682677165356
11
6.1885917716535435
21
-3.1310682283464568
0
LINE
8
BLACK
6
CONTINUOUS
10
6.1885917716535435
20
-3.1310682283464568
11
6.1885916535433072
21
-3.1310681889763781
0
LINE
8
BLACK
6
CONTINUOUS
10
6.1885916535433072
20
-3.1310681889763781
11
6.1885916141732285
21
-3.1310681889763781
0
LINE
8
BLACK
6
CONTINUOUS
10
6.1885916141732285
20
-3.1310681889763781
11
6.1862896850393696
21
-3.1306102755905512
0
LINE
8
BLACK
6
CONTINUOUS
10
6.1862896850393696
20
-3.1306102755905512
11
6.186289291338583
21
-3.1306102362204724
0
LINE
8
BLACK
6
CONTINUOUS
10
6.186289291338583
20
-3.1306102362204724
11
6.1862892519685042
21
-3.1306102362204724
0
LINE
8
BLACK
6
CONTINUOUS
10
6.1862892519685042
20
-3.1306102362204724
11
6.1771456692913382
21
-3.1306102362204724
0
LINE
8
BLACK
6
CONTINUOUS
10
6.1771456692913382
20
-3.1306102362204724
11
6.17485468503937
21
-3.1298658661417322
0
LINE
8
BLACK
6
CONTINUOUS
10
6.17485468503937
20
-3.1298658661417322
11
6.1734387795275589
21
-3.1279170472440945
0
LINE
8
BLACK
6
CONTINUOUS
10
6.1734387795275589
20
-3.1279170472440945
11
6.1732480314960627
21
-3.1267125984251969
0
LINE
8
BLACK
6
CONTINUOUS
10
6.1732480314960627
20
-3.1267125984251969
11
6.1732480314960627
21
-3.1102952755905511
0
LINE
8
BLACK
6
CONTINUOUS
10
6.1732480314960627
20
-3.1102952755905511
11
6.1739924015748029
21
-3.1080042913385828
0
LINE
8
BLACK
6
CONTINUOUS
10
6.1739924015748029
20
-3.1080042913385828
11
6.1759412204724411
21
-3.1065883858267718
0
LINE
8
BLACK
6
CONTINUOUS
10
6.1759412204724411
20
-3.1065883858267718
11
6.1771456692913382
21
-3.1063976377952756
0
LINE
8
BLACK
6
CONTINUOUS
10
6.1771456692913382
20
-3.1063976377952756
11
6.1862892519685042
21
-3.1063976377952756
0
LINE
8
BLACK
6
CONTINUOUS
10
6.1862892519685042
20
-3.1063976377952756
11
6.186289291338583
21
-3.1063976377952756
0
LINE
8
BLACK
6
CONTINUOUS
10
6.186289291338583
20
-3.1063976377952756
11
6.1885917716535435
21
-3.1059396456692911
0
LINE
8
BLACK
6
CONTINUOUS
10
6.1885917716535435
20
-3.1059396456692911
11
6.1912028346456696
21
-3.1041949606299211
0
LINE
8
BLACK
6
CONTINUOUS
10
6.1912028346456696
20
-3.1041949606299211
11
6.1929475196850392
21
-3.1015838976377954
0
LINE
8
BLACK
6
CONTINUOUS
10
6.1929475196850392
20
-3.1015838976377954
11
6.1934055118110232
21
-3.0992814173228345
0
LINE
8
BLACK
6
CONTINUOUS
10
6.1934055118110232
20
-3.0992814173228345
11
6.1934055118110232
21
-3.0377264960629922
0
LINE
8
BLACK
6
CONTINUOUS
10
6.1934055118110232
20
-3.0377264960629922
11
6.1934055118110232
21
-3.0377264566929134
0
LINE
8
BLACK
6
CONTINUOUS
10
6.1934055118110232
20
-3.0377264566929134
11
6.1929475196850392
21
-3.0354239763779525
0
LINE
8
BLACK
6
CONTINUOUS
10
6.1929475196850392
20
-3.0354239763779525
11
6.1912028346456696
21
-3.0328129133858268
0
LINE
8
BLACK
6
CONTINUOUS
10
6.1912028346456696
20
-3.0328129133858268
11
6.1890846456692916
21
-3.0313975590551179
0
LINE
8
BLACK
6
CONTINUOUS
10
6.1890846456692916
20
-3.0313975590551179
11
6.188591850393701
21
-3.0310682677165355
0
LINE
8
BLACK
6
CONTINUOUS
10
6.188591850393701
20
-3.0310682677165355
11
6.1885917716535435
21
-3.0310682283464567
0
LINE
8
BLACK
6
CONTINUOUS
10
6.1885917716535435
20
-3.0310682283464567
11
6.1885916535433072
21
-3.031068188976378
0
LINE
8
BLACK
6
CONTINUOUS
10
6.1885916535433072
20
-3.031068188976378
11
6.1885916141732285
21
-3.031068188976378
0
LINE
8
BLACK
6
CONTINUOUS
10
6.1885916141732285
20
-3.031068188976378
11
6.1862896850393696
21
-3.0306102755905511
0
LINE
8
BLACK
6
CONTINUOUS
10
6.1862896850393696
20
-3.0306102755905511
11
6.186289291338583
21
-3.0306102362204723
0
LINE
8
BLACK
6
CONTINUOUS
10
6.186289291338583
20
-3.0306102362204723
11
6.1862892519685042
21
-3.0306102362204723
0
LINE
8
BLACK
6
CONTINUOUS
10
6.1862892519685042
20
-3.0306102362204723
11
6.1771456692913382
21
-3.0306102362204723
0
LINE
8
BLACK
6
CONTINUOUS
10
6.1771456692913382
20
-3.0306102362204723
11
6.17485468503937
21
-3.0298658661417321
0
LINE
8
BLACK
6
CONTINUOUS
10
6.17485468503937
20
-3.0298658661417321
11
6.1734387795275589
21
-3.0279170472440944
0
LINE
8
BLACK
6
CONTINUOUS
10
6.1734387795275589
20
-3.0279170472440944
11
6.1732480314960627
21
-3.0267125984251968
0
LINE
8
BLACK
6
CONTINUOUS
10
6.1732480314960627
20
-3.0267125984251968
11
6.1732480314960627
21
-3.0227952755905512
0
LINE
8
BLACK
6
CONTINUOUS
10
6.1732480314960627
20
-3.0227952755905512
11
6.1739924015748029
21
-3.0205042913385824
0
LINE
8
BLACK
6
CONTINUOUS
10
6.1739924015748029
20
-3.0205042913385824
11
6.1759412204724411
21
-3.0190883858267714
0
LINE
8
BLACK
6
CONTINUOUS
10
6.1759412204724411
20
-3.0190883858267714
11
6.1771456692913382
21
-3.0188976377952756
0
LINE
8
BLACK
6
CONTINUOUS
10
6.1771456692913382
20
-3.0188976377952756
11
6.1837892519685038
21
-3.0188976377952756
0
LINE
8
BLACK
6
CONTINUOUS
10
6.1837892519685038
20
-3.0188976377952756
11
6.1837892913385826
21
-3.0188976377952756
0
LINE
8
BLACK
6
CONTINUOUS
10
6.1837892913385826
20
-3.0188976377952756
11
6.1860917716535431
21
-3.0184396456692912
0
LINE
8
BLACK
6
CONTINUOUS
10
6.1860917716535431
20
-3.0184396456692912
11
6.1887028346456692
21
-3.0166949606299212
0
LINE
8
BLACK
6
CONTINUOUS
10
6.1887028346456692
20
-3.0166949606299212
11
6.1904475196850388
21
-3.0140838976377951
0
LINE
8
BLACK
6
CONTINUOUS
10
6.1904475196850388
20
-3.0140838976377951
11
6.1909055118110237
21
-3.0117814173228346
0
LINE
8
BLACK
6
CONTINUOUS
10
6.1909055118110237
20
-3.0117814173228346
11
6.1909055118110237
21
-2.9752264566929134
0
LINE
8
BLACK
6
CONTINUOUS
10
6.1909055118110237
20
-2.9752264566929134
11
6.1904475196850388
21
-2.9729239763779525
0
LINE
8
BLACK
6
CONTINUOUS
10
6.1904475196850388
20
-2.9729239763779525
11
6.1887028346456692
21
-2.9703129133858268
0
LINE
8
BLACK
6
CONTINUOUS
10
6.1887028346456692
20
-2.9703129133858268
11
6.1887026771653542
21
-2.9703127952755906
0
LINE
8
BLACK
6
CONTINUOUS
10
6.1887026771653542
20
-2.9703127952755906
11
6.1860918503937006
21
-2.9685682677165355
0
LINE
8
BLACK
6
CONTINUOUS
10
6.1860918503937006
20
-2.9685682677165355
11
6.1860917716535431
21
-2.9685682283464567
0
LINE
8
BLACK
6
CONTINUOUS
10
6.1860917716535431
20
-2.9685682283464567
11
6.1860916535433068
21
-2.968568188976378
0
LINE
8
BLACK
6
CONTINUOUS
10
6.1860916535433068
20
-2.968568188976378
11
6.1860916141732281
21
-2.968568188976378
0
LINE
8
BLACK
6
CONTINUOUS
10
6.1860916141732281
20
-2.968568188976378
11
6.1837896850393701
21
-2.9681102755905511
0
LINE
8
BLACK
6
CONTINUOUS
10
6.1837896850393701
20
-2.9681102755905511
11
6.1837892913385826
21
-2.9681102362204723
0
LINE
8
BLACK
6
CONTINUOUS
10
6.1837892913385826
20
-2.9681102362204723
11
6.127234330708661
21
-2.9681102362204723
0
LINE
8
BLACK
6
CONTINUOUS
10
6.127234330708661
20
-2.9681102362204723
11
6.1272342913385822
21
-2.9681102362204723
0
LINE
8
BLACK
6
CONTINUOUS
10
6.1272342913385822
20
-2.9681102362204723
11
6.1272338976377956
21
-2.9681102755905511
0
LINE
8
BLACK
6
CONTINUOUS
10
6.1272338976377956
20
-2.9681102755905511
11
6.1249319685039367
21
-2.968568188976378
0
LINE
8
BLACK
6
CONTINUOUS
10
6.1249319685039367
20
-2.968568188976378
11
6.1249317322834642
21
-2.9685682677165355
0
LINE
8
BLACK
6
CONTINUOUS
10
6.1249317322834642
20
-2.9685682677165355
11
6.1223209055118106
21
-2.9703127952755906
0
LINE
8
BLACK
6
CONTINUOUS
10
6.1223209055118106
20
-2.9703127952755906
11
6.1223206692913381
21
-2.9703130314960631
0
LINE
8
BLACK
6
CONTINUOUS
10
6.1223206692913381
20
-2.9703130314960631
11
6.1205761417322835
21
-2.9729238582677167
0
LINE
8
BLACK
6
CONTINUOUS
10
6.1205761417322835
20
-2.9729238582677167
11
6.120576062992126
21
-2.9729240944881887
0
LINE
8
BLACK
6
CONTINUOUS
10
6.120576062992126
20
-2.9729240944881887
11
6.1201181496062986
21
-2.9752260236220471
0
LINE
8
BLACK
6
CONTINUOUS
10
6.1201181496062986
20
-2.9752260236220471
11
6.1201181102362208
21
-2.9752264960629922
0
LINE
8
BLACK
6
CONTINUOUS
10
6.1201181102362208
20
-2.9752264960629922
11
6.1201181102362208
21
-3.011781338582677
0
LINE
8
BLACK
6
CONTINUOUS
10
6.1201181102362208
20
-3.011781338582677
11
6.1201181496062986
21
-3.0117818110236221
0
LINE
8
BLACK
6
CONTINUOUS
10
6.1201181496062986
20
-3.0117818110236221
11
6.120576062992126
21
-3.01408374015748
0
LINE
8
BLACK
6
CONTINUOUS
10
6.120576062992126
20
-3.01408374015748
11
6.1205761023622047
21
-3.0140838976377951
0
LINE
8
BLACK
6
CONTINUOUS
10
6.1205761023622047
20
-3.0140838976377951
11
6.1223207874015744
21
-3.0166949606299212
0
LINE
8
BLACK
6
CONTINUOUS
10
6.1223207874015744
20
-3.0166949606299212
11
6.1249318503937005
21
-3.0184396456692912
0
LINE
8
BLACK
6
CONTINUOUS
10
6.1249318503937005
20
-3.0184396456692912
11
6.1266823228346459
21
-3.0187878346456691
0
LINE
8
BLACK
6
CONTINUOUS
10
6.1266823228346459
20
-3.0187878346456691
11
6.1272338976377956
21
-3.0188975590551181
0
LINE
8
BLACK
6
CONTINUOUS
10
6.1272338976377956
20
-3.0188975590551181
11
6.1272340944881885
21
-3.0188975590551181
0
LINE
8
BLACK
6
CONTINUOUS
10
6.1272340944881885
20
-3.0188975590551181
11
6.127234330708661
21
-3.0188976377952756
0
LINE
8
BLACK
6
CONTINUOUS
10
6.127234330708661
20
-3.0188976377952756
11
6.1338779527559053
21
-3.0188976377952756
0
LINE
8
BLACK
6
CONTINUOUS
10
6.1338779527559053
20
-3.0188976377952756
11
6.1361689370078736
21
-3.0196420078740158
0
LINE
8
BLACK
6
CONTINUOUS
10
6.1361689370078736
20
-3.0196420078740158
11
6.1375848425196846
21
-3.0215908267716536
0
LINE
8
BLACK
6
CONTINUOUS
10
6.1375848425196846
20
-3.0215908267716536
11
6.1377755905511808
21
-3.0227952755905512
0
LINE
8
BLACK
6
CONTINUOUS
10
6.1377755905511808
20
-3.0227952755905512
11
6.1377755905511808
21
-3.0267125984251968
0
LINE
8
BLACK
6
CONTINUOUS
10
6.1377755905511808
20
-3.0267125984251968
11
6.1370312204724407
21
-3.0290035826771651
0
LINE
8
BLACK
6
CONTINUOUS
10
6.1370312204724407
20
-3.0290035826771651
11
6.1350824015748033
21
-3.0304194881889761
0
LINE
8
BLACK
6
CONTINUOUS
10
6.1350824015748033
20
-3.0304194881889761
11
6.1338779527559053
21
-3.0306102362204723
0
LINE
8
BLACK
6
CONTINUOUS
10
6.1338779527559053
20
-3.0306102362204723
11
6.1247343307086615
21
-3.0306102362204723
0
LINE
8
BLACK
6
CONTINUOUS
10
6.1247343307086615
20
-3.0306102362204723
11
6.1247342913385827
21
-3.0306102362204723
0
LINE
8
BLACK
6
CONTINUOUS
10
6.1247342913385827
20
-3.0306102362204723
11
6.1247338976377952
21
-3.0306102755905511
0
LINE
8
BLACK
6
CONTINUOUS
10
6.1247338976377952
20
-3.0306102755905511
11
6.1224319685039372
21
-3.031068188976378
0
LINE
8
BLACK
6
CONTINUOUS
10
6.1224319685039372
20
-3.031068188976378
11
6.1224317322834647
21
-3.0310682677165355
0
LINE
8
BLACK
6
CONTINUOUS
10
6.1224317322834647
20
-3.0310682677165355
11
6.1198209055118111
21
-3.0328127952755906
0
LINE
8
BLACK
6
CONTINUOUS
10
6.1198209055118111
20
-3.0328127952755906
11
6.1198206692913386
21
-3.0328130314960631
0
LINE
8
BLACK
6
CONTINUOUS
10
6.1198206692913386
20
-3.0328130314960631
11
6.1180761417322831
21
-3.0354238582677167
0
LINE
8
BLACK
6
CONTINUOUS
10
6.1180761417322831
20
-3.0354238582677167
11
6.1180760629921256
21
-3.0354240944881887
0
LINE
8
BLACK
6
CONTINUOUS
10
6.1180760629921256
20
-3.0354240944881887
11
6.1176181496062991
21
-3.0377260236220471
0
LINE
8
BLACK
6
CONTINUOUS
10
6.1176181496062991
20
-3.0377260236220471
11
6.1176181102362204
21
-3.0377264960629922
0
LINE
8
BLACK
6
CONTINUOUS
10
6.1176181102362204
20
-3.0377264960629922
11
6.1176181102362204
21
-3.099281338582677
0
LINE
8
BLACK
6
CONTINUOUS
10
6.1176181102362204
20
-3.099281338582677
11
6.1176181496062991
21
-3.099281811023622
0
LINE
8
BLACK
6
CONTINUOUS
10
6.1176181496062991
20
-3.099281811023622
11
6.1180760629921256
21
-3.1015837401574804
0
LINE
8
BLACK
6
CONTINUOUS
10
6.1180760629921256
20
-3.1015837401574804
11
6.1180761023622043
21
-3.1015838976377954
0
LINE
8
BLACK
6
CONTINUOUS
10
6.1180761023622043
20
-3.1015838976377954
11
6.1198207874015749
21
-3.1041949606299211
0
LINE
8
BLACK
6
CONTINUOUS
10
6.1198207874015749
20
-3.1041949606299211
11
6.122431850393701
21
-3.1059396456692911
0
LINE
8
BLACK
6
CONTINUOUS
10
6.122431850393701
20
-3.1059396456692911
11
6.1241823228346455
21
-3.106287834645669
0
LINE
8
BLACK
6
CONTINUOUS
10
6.1241823228346455
20
-3.106287834645669
11
6.1247338976377952
21
-3.1063975590551181
0
LINE
8
BLACK
6
CONTINUOUS
10
6.1247338976377952
20
-3.1063975590551181
11
6.124734094488189
21
-3.1063975590551181
0
LINE
8
BLACK
6
CONTINUOUS
10
6.124734094488189
20
-3.1063975590551181
11
6.1247343307086615
21
-3.1063976377952756
0
LINE
8
BLACK
6
CONTINUOUS
10
6.1247343307086615
20
-3.1063976377952756
11
6.1338779527559053
21
-3.1063976377952756
0
LINE
8
BLACK
6
CONTINUOUS
10
6.1338779527559053
20
-3.1063976377952756
11
6.1361689370078736
21
-3.1071420078740157
0
LINE
8
BLACK
6
CONTINUOUS
10
6.1361689370078736
20
-3.1071420078740157
11
6.1375848425196846
21
-3.1090908267716535
0
LINE
8
BLACK
6
CONTINUOUS
10
6.1375848425196846
20
-3.1090908267716535
11
6.1377755905511808
21
-3.1102952755905511
0
LINE
8
BLACK
6
CONTINUOUS
10
6.1377755905511808
20
-3.1102952755905511
11
6.1377755905511808
21
-3.1267125984251969
0
LINE
8
BLACK
6
CONTINUOUS
10
6.1377755905511808
20
-3.1267125984251969
11
6.1370312204724407
21
-3.1290035826771652
0
LINE
8
BLACK
6
CONTINUOUS
10
6.1370312204724407
20
-3.1290035826771652
11
6.1350824015748033
21
-3.1304194881889762
0
LINE
8
BLACK
6
CONTINUOUS
10
6.1350824015748033
20
-3.1304194881889762
11
6.1338779527559053
21
-3.1306102362204724
0
LINE
8
BLACK
6
CONTINUOUS
10
6.1338779527559053
20
-3.1306102362204724
11
6.1247343307086615
21
-3.1306102362204724
0
LINE
8
BLACK
6
CONTINUOUS
10
6.1247343307086615
20
-3.1306102362204724
11
6.1247342913385827
21
-3.1306102362204724
0
LINE
8
BLACK
6
CONTINUOUS
10
6.1247342913385827
20
-3.1306102362204724
11
6.1247338976377952
21
-3.1306102755905512
0
LINE
8
BLACK
6
CONTINUOUS
10
6.1247338976377952
20
-3.1306102755905512
11
6.1224319685039372
21
-3.1310681889763781
0
LINE
8
BLACK
6
CONTINUOUS
10
6.1224319685039372
20
-3.1310681889763781
11
6.1224317322834647
21
-3.1310682677165356
0
LINE
8
BLACK
6
CONTINUOUS
10
6.1224317322834647
20
-3.1310682677165356
11
6.1198209055118111
21
-3.1328127952755906
0
LINE
8
BLACK
6
CONTINUOUS
10
6.1198209055118111
20
-3.1328127952755906
11
6.1198206692913386
21
-3.1328130314960627
0
LINE
8
BLACK
6
CONTINUOUS
10
6.1198206692913386
20
-3.1328130314960627
11
6.1180761417322831
21
-3.1354238582677163
0
LINE
8
BLACK
6
CONTINUOUS
10
6.1180761417322831
20
-3.1354238582677163
11
6.1180760629921256
21
-3.1354240944881888
0
LINE
8
BLACK
6
CONTINUOUS
10
6.1180760629921256
20
-3.1354240944881888
11
6.1176181496062991
21
-3.1377260236220472
0
LINE
8
BLACK
6
CONTINUOUS
10
6.1176181496062991
20
-3.1377260236220472
11
6.1176181102362204
21
-3.1377264960629923
0
LINE
8
BLACK
6
CONTINUOUS
10
6.1176181102362204
20
-3.1377264960629923
11
6.1176181102362204
21
-3.199281338582677
0
LINE
8
BLACK
6
CONTINUOUS
10
6.1176181102362204
20
-3.199281338582677
11
6.1176181496062991
21
-3.1992818110236221
0
LINE
8
BLACK
6
CONTINUOUS
10
6.1176181496062991
20
-3.1992818110236221
11
6.1180760629921256
21
-3.20158374015748
0
LINE
8
BLACK
6
CONTINUOUS
10
6.1180760629921256
20
-3.20158374015748
11
6.1180761023622043
21
-3.2015838976377951
0
LINE
8
BLACK
6
CONTINUOUS
10
6.1180761023622043
20
-3.2015838976377951
11
6.1198207874015749
21
-3.2041949606299212
0
LINE
8
BLACK
6
CONTINUOUS
10
6.1198207874015749
20
-3.2041949606299212
11
6.122431850393701
21
-3.2059396456692912
0
LINE
8
BLACK
6
CONTINUOUS
10
6.122431850393701
20
-3.2059396456692912
11
6.1241823228346455
21
-3.2062878346456691
0
LINE
8
BLACK
6
CONTINUOUS
10
6.1241823228346455
20
-3.2062878346456691
11
6.1247338976377952
21
-3.2063975590551181
0
LINE
8
BLACK
6
CONTINUOUS
10
6.1247338976377952
20
-3.2063975590551181
11
6.124734094488189
21
-3.2063975590551181
0
LINE
8
BLACK
6
CONTINUOUS
10
6.124734094488189
20
-3.2063975590551181
11
6.1247343307086615
21
-3.2063976377952756
0
LINE
8
BLACK
6
CONTINUOUS
10
6.1247343307086615
20
-3.2063976377952756
11
6.1338779527559053
21
-3.2063976377952756
0
LINE
8
BLACK
6
CONTINUOUS
10
6.1338779527559053
20
-3.2063976377952756
11
6.1361689370078736
21
-3.2071420078740158
0
LINE
8
BLACK
6
CONTINUOUS
10
6.1361689370078736
20
-3.2071420078740158
11
6.1375848425196846
21
-3.2090908267716536
0
LINE
8
BLACK
6
CONTINUOUS
10
6.1375848425196846
20
-3.2090908267716536
11
6.1377755905511808
21
-3.2102952755905512
0
LINE
8
BLACK
6
CONTINUOUS
10
6.1377755905511808
20
-3.2102952755905512
11
6.1377755905511808
21
-3.2317475590551181
0
LINE
8
BLACK
6
CONTINUOUS
10
6.1377755905511808
20
-3.2317475590551181
11
6.1370312204724407
21
-3.2340385433070864
0
LINE
8
BLACK
6
CONTINUOUS
10
6.1370312204724407
20
-3.2340385433070864
11
6.1366340157480312
21
-3.2345036220472441
0
LINE
8
BLACK
6
CONTINUOUS
10
6.1366340157480312
20
-3.2345036220472441
11
6.1300548031496058
21
-3.241082834645669
0
LINE
8
BLACK
6
CONTINUOUS
10
6.1300548031496058
20
-3.241082834645669
11
6.1279084645669286
21
-3.2421764173228347
0
LINE
8
BLACK
6
CONTINUOUS
10
6.1279084645669286
20
-3.2421764173228347
11
6.1272987401574799
21
-3.2422244094488186
0
LINE
8
BLACK
6
CONTINUOUS
10
6.1272987401574799
20
-3.2422244094488186
11
6.0862697637795273
21
-3.2422244094488186
0
LINE
8
BLACK
6
CONTINUOUS
10
6.0862697637795273
20
-3.2422244094488186
11
6.0862697244094486
21
-3.2422244094488186
0
LINE
8
BLACK
6
CONTINUOUS
10
6.0862697244094486
20
-3.2422244094488186
11
6.0862693307086611
21
-3.2422244488188974
0
LINE
8
BLACK
6
CONTINUOUS
10
6.0862693307086611
20
-3.2422244488188974
11
6.0839674015748031
21
-3.2426823622047243
0
LINE
8
BLACK
6
CONTINUOUS
10
6.0839674015748031
20
-3.2426823622047243
11
6.0839671653543306
21
-3.2426824409448818
0
LINE
8
BLACK
6
CONTINUOUS
10
6.0839671653543306
20
-3.2426824409448818
11
6.081356338582677
21
-3.2444269685039369
0
LINE
8
BLACK
6
CONTINUOUS
10
6.081356338582677
20
-3.2444269685039369
11
6.0813561023622045
21
-3.2444272047244094
0
LINE
8
BLACK
6
CONTINUOUS
10
6.0813561023622045
20
-3.2444272047244094
11
6.0803864173228348
21
-3.2458784645669292
0
LINE
8
BLACK
6
CONTINUOUS
10
6.0803864173228348
20
-3.2458784645669292
11
6.0784946850393702
21
-3.2473697637795276
0
LINE
8
BLACK
6
CONTINUOUS
10
6.0784946850393702
20
-3.2473697637795276
11
6.0760876377952755
21
-3.2474643307086613
0
LINE
8
BLACK
6
CONTINUOUS
10
6.0760876377952755
20
-3.2474643307086613
11
6.0740847637795277
21
-3.2461259842519685
0
LINE
8
BLACK
6
CONTINUOUS
10
6.0740847637795277
20
-3.2461259842519685
11
6.0732510236220474
21
-3.2438660236220471
0
LINE
8
BLACK
6
CONTINUOUS
10
6.0732510236220474
20
-3.2438660236220471
11
6.0732480314960631
21
-3.2437130314960627
0
LINE
8
BLACK
6
CONTINUOUS
10
6.0732480314960631
20
-3.2437130314960627
11
6.0732480314960631
21
-3.2102952755905512
0
LINE
8
BLACK
6
CONTINUOUS
10
6.0732480314960631
20
-3.2102952755905512
11
6.0739924015748032
21
-3.2080042913385824
0
LINE
8
BLACK
6
CONTINUOUS
10
6.0739924015748032
20
-3.2080042913385824
11
6.0759412204724406
21
-3.2065883858267714
0
LINE
8
BLACK
6
CONTINUOUS
10
6.0759412204724406
20
-3.2065883858267714
11
6.0771456692913386
21
-3.2063976377952756
0
LINE
8
BLACK
6
CONTINUOUS
10
6.0771456692913386
20
-3.2063976377952756
11
6.0862892519685037
21
-3.2063976377952756
0
LINE
8
BLACK
6
CONTINUOUS
10
6.0862892519685037
20
-3.2063976377952756
11
6.0862892913385824
21
-3.2063976377952756
0
LINE
8
BLACK
6
CONTINUOUS
10
6.0862892913385824
20
-3.2063976377952756
11
6.0885917716535429
21
-3.2059396456692912
0
LINE
8
BLACK
6
CONTINUOUS
10
6.0885917716535429
20
-3.2059396456692912
11
6.091202834645669
21
-3.2041949606299212
0
LINE
8
BLACK
6
CONTINUOUS
10
6.091202834645669
20
-3.2041949606299212
11
6.0929475196850396
21
-3.2015838976377951
0
LINE
8
BLACK
6
CONTINUOUS
10
6.0929475196850396
20
-3.2015838976377951
11
6.0934055118110235
21
-3.1992814173228346
0
LINE
8
BLACK
6
CONTINUOUS
10
6.0934055118110235
20
-3.1992814173228346
11
6.0934055118110235
21
-3.1377264566929135
0
LINE
8
BLACK
6
CONTINUOUS
10
6.0934055118110235
20
-3.1377264566929135
11
6.0929475196850396
21
-3.1354239763779526
0
LINE
8
BLACK
6
CONTINUOUS
10
6.0929475196850396
20
-3.1354239763779526
11
6.091202834645669
21
-3.1328129133858269
0
LINE
8
BLACK
6
CONTINUOUS
10
6.091202834645669
20
-3.1328129133858269
11
6.0890846456692911
21
-3.131397559055118
0
LINE
8
BLACK
6
CONTINUOUS
10
6.0890846456692911
20
-3.131397559055118
11
6.0885918503937004
21
-3.1310682677165356
0
LINE
8
BLACK
6
CONTINUOUS
10
6.0885918503937004
20
-3.1310682677165356
11
6.0885917716535429
21
-3.1310682283464568
0
LINE
8
BLACK
6
CONTINUOUS
10
6.0885917716535429
20
-3.1310682283464568
11
6.0885916535433067
21
-3.1310681889763781
0
LINE
8
BLACK
6
CONTINUOUS
10
6.0885916535433067
20
-3.1310681889763781
11
6.0885916141732279
21
-3.1310681889763781
0
LINE
8
BLACK
6
CONTINUOUS
10
6.0885916141732279
20
-3.1310681889763781
11
6.08628968503937
21
-3.1306102755905512
0
LINE
8
BLACK
6
CONTINUOUS
10
6.08628968503937
20
-3.1306102755905512
11
6.0862892913385824
21
-3.1306102362204724
0
LINE
8
BLACK
6
CONTINUOUS
10
6.0862892913385824
20
-3.1306102362204724
11
6.0862892519685037
21
-3.1306102362204724
0
LINE
8
BLACK
6
CONTINUOUS
10
6.0862892519685037
20
-3.1306102362204724
11
6.0771456692913386
21
-3.1306102362204724
0
LINE
8
BLACK
6
CONTINUOUS
10
6.0771456692913386
20
-3.1306102362204724
11
6.0748546850393703
21
-3.1298658661417322
0
LINE
8
BLACK
6
CONTINUOUS
10
6.0748546850393703
20
-3.1298658661417322
11
6.0734387795275593
21
-3.1279170472440945
0
LINE
8
BLACK
6
CONTINUOUS
10
6.0734387795275593
20
-3.1279170472440945
11
6.0732480314960631
21
-3.1267125984251969
0
LINE
8
BLACK
6
CONTINUOUS
10
6.0732480314960631
20
-3.1267125984251969
11
6.0732480314960631
21
-3.1102952755905511
0
LINE
8
BLACK
6
CONTINUOUS
10
6.0732480314960631
20
-3.1102952755905511
11
6.0739924015748032
21
-3.1080042913385828
0
LINE
8
BLACK
6
CONTINUOUS
10
6.0739924015748032
20
-3.1080042913385828
11
6.0759412204724406
21
-3.1065883858267718
0
LINE
8
BLACK
6
CONTINUOUS
10
6.0759412204724406
20
-3.1065883858267718
11
6.0771456692913386
21
-3.1063976377952756
0
LINE
8
BLACK
6
CONTINUOUS
10
6.0771456692913386
20
-3.1063976377952756
11
6.0862892519685037
21
-3.1063976377952756
0
LINE
8
BLACK
6
CONTINUOUS
10
6.0862892519685037
20
-3.1063976377952756
11
6.0862892913385824
21
-3.1063976377952756
0
LINE
8
BLACK
6
CONTINUOUS
10
6.0862892913385824
20
-3.1063976377952756
11
6.0885917716535429
21
-3.1059396456692911
0
LINE
8
BLACK
6
CONTINUOUS
10
6.0885917716535429
20
-3.1059396456692911
11
6.091202834645669
21
-3.1041949606299211
0
LINE
8
BLACK
6
CONTINUOUS
10
6.091202834645669
20
-3.1041949606299211
11
6.0929475196850396
21
-3.1015838976377954
0
LINE
8
BLACK
6
CONTINUOUS
10
6.0929475196850396
20
-3.1015838976377954
11
6.0934055118110235
21
-3.0992814173228345
0
LINE
8
BLACK
6
CONTINUOUS
10
6.0934055118110235
20
-3.0992814173228345
11
6.0934055118110235
21
-3.0377264566929134
0
LINE
8
BLACK
6
CONTINUOUS
10
6.0934055118110235
20
-3.0377264566929134
11
6.0929475196850396
21
-3.0354239763779525
0
LINE
8
BLACK
6
CONTINUOUS
10
6.0929475196850396
20
-3.0354239763779525
11
6.091202834645669
21
-3.0328129133858268
0
LINE
8
BLACK
6
CONTINUOUS
10
6.091202834645669
20
-3.0328129133858268
11
6.0890846456692911
21
-3.0313975590551179
0
LINE
8
BLACK
6
CONTINUOUS
10
6.0890846456692911
20
-3.0313975590551179
11
6.0885918503937004
21
-3.0310682677165355
0
LINE
8
BLACK
6
CONTINUOUS
10
6.0885918503937004
20
-3.0310682677165355
11
6.0885917716535429
21
-3.0310682283464567
0
LINE
8
BLACK
6
CONTINUOUS
10
6.0885917716535429
20
-3.0310682283464567
11
6.0885916535433067
21
-3.031068188976378
0
LINE
8
BLACK
6
CONTINUOUS
10
6.0885916535433067
20
-3.031068188976378
11
6.0885916141732279
21
-3.031068188976378
0
LINE
8
BLACK
6
CONTINUOUS
10
6.0885916141732279
20
-3.031068188976378
11
6.08628968503937
21
-3.0306102755905511
0
LINE
8
BLACK
6
CONTINUOUS
10
6.08628968503937
20
-3.0306102755905511
11
6.0862892913385824
21
-3.0306102362204723
0
LINE
8
BLACK
6
CONTINUOUS
10
6.0862892913385824
20
-3.0306102362204723
11
6.0862892519685037
21
-3.0306102362204723
0
LINE
8
BLACK
6
CONTINUOUS
10
6.0862892519685037
20
-3.0306102362204723
11
6.0771456692913386
21
-3.0306102362204723
0
LINE
8
BLACK
6
CONTINUOUS
10
6.0771456692913386
20
-3.0306102362204723
11
6.0748546850393703
21
-3.0298658661417321
0
LINE
8
BLACK
6
CONTINUOUS
10
6.0748546850393703
20
-3.0298658661417321
11
6.0734387795275593
21
-3.0279170472440944
0
LINE
8
BLACK
6
CONTINUOUS
10
6.0734387795275593
20
-3.0279170472440944
11
6.0732480314960631
21
-3.0267125984251968
0
LINE
8
BLACK
6
CONTINUOUS
10
6.0732480314960631
20
-3.0267125984251968
11
6.0732480314960631
21
-3.0227952755905512
0
LINE
8
BLACK
6
CONTINUOUS
10
6.0732480314960631
20
-3.0227952755905512
11
6.0739924015748032
21
-3.0205042913385824
0
LINE
8
BLACK
6
CONTINUOUS
10
6.0739924015748032
20
-3.0205042913385824
11
6.0759412204724406
21
-3.0190883858267714
0
LINE
8
BLACK
6
CONTINUOUS
10
6.0759412204724406
20
-3.0190883858267714
11
6.0771456692913386
21
-3.0188976377952756
0
LINE
8
BLACK
6
CONTINUOUS
10
6.0771456692913386
20
-3.0188976377952756
11
6.0837892519685042
21
-3.0188976377952756
0
LINE
8
BLACK
6
CONTINUOUS
10
6.0837892519685042
20
-3.0188976377952756
11
6.0837892913385829
21
-3.0188976377952756
0
LINE
8
BLACK
6
CONTINUOUS
10
6.0837892913385829
20
-3.0188976377952756
11
6.0860917716535434
21
-3.0184396456692912
0
LINE
8
BLACK
6
CONTINUOUS
10
6.0860917716535434
20
-3.0184396456692912
11
6.0887028346456695
21
-3.0166949606299212
0
LINE
8
BLACK
6
CONTINUOUS
10
6.0887028346456695
20
-3.0166949606299212
11
6.0904475196850392
21
-3.0140838976377951
0
LINE
8
BLACK
6
CONTINUOUS
10
6.0904475196850392
20
-3.0140838976377951
11
6.0909055118110231
21
-3.0117814173228346
0
LINE
8
BLACK
6
CONTINUOUS
10
6.0909055118110231
20
-3.0117814173228346
11
6.0909055118110231
21
-2.9752264566929134
0
LINE
8
BLACK
6
CONTINUOUS
10
6.0909055118110231
20
-2.9752264566929134
11
6.0904475196850392
21
-2.9729239763779525
0
LINE
8
BLACK
6
CONTINUOUS
10
6.0904475196850392
20
-2.9729239763779525
11
6.0887028346456695
21
-2.9703129133858268
0
LINE
8
BLACK
6
CONTINUOUS
10
6.0887028346456695
20
-2.9703129133858268
11
6.0887026771653545
21
-2.9703127952755906
0
LINE
8
BLACK
6
CONTINUOUS
10
6.0887026771653545
20
-2.9703127952755906
11
6.0860918503937009
21
-2.9685682677165355
0
LINE
8
BLACK
6
CONTINUOUS
10
6.0860918503937009
20
-2.9685682677165355
11
6.0860917716535434
21
-2.9685682283464567
0
LINE
8
BLACK
6
CONTINUOUS
10
6.0860917716535434
20
-2.9685682283464567
11
6.0860916535433072
21
-2.968568188976378
0
LINE
8
BLACK
6
CONTINUOUS
10
6.0860916535433072
20
-2.968568188976378
11
6.0860916141732284
21
-2.968568188976378
0
LINE
8
BLACK
6
CONTINUOUS
10
6.0860916141732284
20
-2.968568188976378
11
6.0837896850393696
21
-2.9681102755905511
0
LINE
8
BLACK
6
CONTINUOUS
10
6.0837896850393696
20
-2.9681102755905511
11
6.0837892913385829
21
-2.9681102362204723
0
LINE
8
BLACK
6
CONTINUOUS
10
6.0837892913385829
20
-2.9681102362204723
11
6.0272343307086613
21
-2.9681102362204723
0
LINE
8
BLACK
6
CONTINUOUS
10
6.0272343307086613
20
-2.9681102362204723
11
6.0272342913385826
21
-2.9681102362204723
0
LINE
8
BLACK
6
CONTINUOUS
10
6.0272342913385826
20
-2.9681102362204723
11
6.027233897637795
21
-2.9681102755905511
0
LINE
8
BLACK
6
CONTINUOUS
10
6.027233897637795
20
-2.9681102755905511
11
6.0249319685039371
21
-2.968568188976378
0
LINE
8
BLACK
6
CONTINUOUS
10
6.0249319685039371
20
-2.968568188976378
11
6.0249317322834646
21
-2.9685682677165355
0
LINE
8
BLACK
6
CONTINUOUS
10
6.0249317322834646
20
-2.9685682677165355
11
6.022320905511811
21
-2.9703127952755906
0
LINE
8
BLACK
6
CONTINUOUS
10
6.022320905511811
20
-2.9703127952755906
11
6.0223206692913385
21
-2.9703130314960631
0
LINE
8
BLACK
6
CONTINUOUS
10
6.0223206692913385
20
-2.9703130314960631
11
6.0205761417322829
21
-2.9729238582677167
0
LINE
8
BLACK
6
CONTINUOUS
10
6.0205761417322829
20
-2.9729238582677167
11
6.0205760629921254
21
-2.9729240944881887
0
LINE
8
BLACK
6
CONTINUOUS
10
6.0205760629921254
20
-2.9729240944881887
11
6.020118149606299
21
-2.9752260236220471
0
LINE
8
BLACK
6
CONTINUOUS
10
6.020118149606299
20
-2.9752260236220471
11
6.0201181102362202
21
-2.9752264960629922
0
LINE
8
BLACK
6
CONTINUOUS
10
6.0201181102362202
20
-2.9752264960629922
11
6.0201181102362202
21
-3.011781338582677
0
LINE
8
BLACK
6
CONTINUOUS
10
6.0201181102362202
20
-3.011781338582677
11
6.020118149606299
21
-3.0117818110236221
0
LINE
8
BLACK
6
CONTINUOUS
10
6.020118149606299
20
-3.0117818110236221
11
6.0205760629921254
21
-3.01408374015748
0
LINE
8
BLACK
6
CONTINUOUS
10
6.0205760629921254
20
-3.01408374015748
11
6.0205761023622042
21
-3.0140838976377951
0
LINE
8
BLACK
6
CONTINUOUS
10
6.0205761023622042
20
-3.0140838976377951
11
6.0223207874015747
21
-3.0166949606299212
0
LINE
8
BLACK
6
CONTINUOUS
10
6.0223207874015747
20
-3.0166949606299212
11
6.0249318503937008
21
-3.0184396456692912
0
LINE
8
BLACK
6
CONTINUOUS
10
6.0249318503937008
20
-3.0184396456692912
11
6.0266823228346453
21
-3.0187878346456691
0
LINE
8
BLACK
6
CONTINUOUS
10
6.0266823228346453
20
-3.0187878346456691
11
6.027233897637795
21
-3.0188975590551181
0
LINE
8
BLACK
6
CONTINUOUS
10
6.027233897637795
20
-3.0188975590551181
11
6.0272340944881888
21
-3.0188975590551181
0
LINE
8
BLACK
6
CONTINUOUS
10
6.0272340944881888
20
-3.0188975590551181
11
6.0272343307086613
21
-3.0188976377952756
0
LINE
8
BLACK
6
CONTINUOUS
10
6.0272343307086613
20
-3.0188976377952756
11
6.0338779527559057
21
-3.0188976377952756
0
LINE
8
BLACK
6
CONTINUOUS
10
6.0338779527559057
20
-3.0188976377952756
11
6.0361689370078739
21
-3.0196420078740158
0
LINE
8
BLACK
6
CONTINUOUS
10
6.0361689370078739
20
-3.0196420078740158
11
6.037584842519685
21
-3.0215908267716536
0
LINE
8
BLACK
6
CONTINUOUS
10
6.037584842519685
20
-3.0215908267716536
11
6.0377755905511812
21
-3.0227952755905512
0
LINE
8
BLACK
6
CONTINUOUS
10
6.0377755905511812
20
-3.0227952755905512
11
6.0377755905511812
21
-3.0267125984251968
0
LINE
8
BLACK
6
CONTINUOUS
10
6.0377755905511812
20
-3.0267125984251968
11
6.037031220472441
21
-3.0290035826771651
0
LINE
8
BLACK
6
CONTINUOUS
10
6.037031220472441
20
-3.0290035826771651
11
6.0350824015748028
21
-3.0304194881889761
0
LINE
8
BLACK
6
CONTINUOUS
10
6.0350824015748028
20
-3.0304194881889761
11
6.0338779527559057
21
-3.0306102362204723
0
LINE
8
BLACK
6
CONTINUOUS
10
6.0338779527559057
20
-3.0306102362204723
11
6.0247343307086609
21
-3.0306102362204723
0
LINE
8
BLACK
6
CONTINUOUS
10
6.0247343307086609
20
-3.0306102362204723
11
6.0247342913385822
21
-3.0306102362204723
0
LINE
8
BLACK
6
CONTINUOUS
10
6.0247342913385822
20
-3.0306102362204723
11
6.0247338976377955
21
-3.0306102755905511
0
LINE
8
BLACK
6
CONTINUOUS
10
6.0247338976377955
20
-3.0306102755905511
11
6.0224319685039367
21
-3.031068188976378
0
LINE
8
BLACK
6
CONTINUOUS
10
6.0224319685039367
20
-3.031068188976378
11
6.0224317322834642
21
-3.0310682677165355
0
LINE
8
BLACK
6
CONTINUOUS
10
6.0224317322834642
20
-3.0310682677165355
11
6.0198209055118106
21
-3.0328127952755906
0
LINE
8
BLACK
6
CONTINUOUS
10
6.0198209055118106
20
-3.0328127952755906
11
6.0198206692913381
21
-3.0328130314960631
0
LINE
8
BLACK
6
CONTINUOUS
10
6.0198206692913381
20
-3.0328130314960631
11
6.0180761417322834
21
-3.0354238582677167
0
LINE
8
BLACK
6
CONTINUOUS
10
6.0180761417322834
20
-3.0354238582677167
11
6.0180760629921259
21
-3.0354240944881887
0
LINE
8
BLACK
6
CONTINUOUS
10
6.0180760629921259
20
-3.0354240944881887
11
6.0176181496062995
21
-3.0377260236220471
0
LINE
8
BLACK
6
CONTINUOUS
10
6.0176181496062995
20
-3.0377260236220471
11
6.0176181102362207
21
-3.0377264960629922
0
LINE
8
BLACK
6
CONTINUOUS
10
6.0176181102362207
20
-3.0377264960629922
11
6.0176181102362207
21
-3.099281338582677
0
LINE
8
BLACK
6
CONTINUOUS
10
6.0176181102362207
20
-3.099281338582677
11
6.0176181496062995
21
-3.099281811023622
0
LINE
8
BLACK
6
CONTINUOUS
10
6.0176181496062995
20
-3.099281811023622
11
6.0180760629921259
21
-3.1015837401574804
0
LINE
8
BLACK
6
CONTINUOUS
10
6.0180760629921259
20
-3.1015837401574804
11
6.0180761023622047
21
-3.1015838976377954
0
LINE
8
BLACK
6
CONTINUOUS
10
6.0180761023622047
20
-3.1015838976377954
11
6.0198207874015743
21
-3.1041949606299211
0
LINE
8
BLACK
6
CONTINUOUS
10
6.0198207874015743
20
-3.1041949606299211
11
6.0224318503937004
21
-3.1059396456692911
0
LINE
8
BLACK
6
CONTINUOUS
10
6.0224318503937004
20
-3.1059396456692911
11
6.0241823228346458
21
-3.106287834645669
0
LINE
8
BLACK
6
CONTINUOUS
10
6.0241823228346458
20
-3.106287834645669
11
6.0247338976377955
21
-3.1063975590551181
0
LINE
8
BLACK
6
CONTINUOUS
10
6.0247338976377955
20
-3.1063975590551181
11
6.0247340944881884
21
-3.1063975590551181
0
LINE
8
BLACK
6
CONTINUOUS
10
6.0247340944881884
20
-3.1063975590551181
11
6.0247343307086609
21
-3.1063976377952756
0
LINE
8
BLACK
6
CONTINUOUS
10
6.0247343307086609
20
-3.1063976377952756
11
6.0338779527559057
21
-3.1063976377952756
0
LINE
8
BLACK
6
CONTINUOUS
10
6.0338779527559057
20
-3.1063976377952756
11
6.0361689370078739
21
-3.1071420078740157
0
LINE
8
BLACK
6
CONTINUOUS
10
6.0361689370078739
20
-3.1071420078740157
11
6.037584842519685
21
-3.1090908267716535
0
LINE
8
BLACK
6
CONTINUOUS
10
6.037584842519685
20
-3.1090908267716535
11
6.0377755905511812
21
-3.1102952755905511
0
LINE
8
BLACK
6
CONTINUOUS
10
6.0377755905511812
20
-3.1102952755905511
11
6.0377755905511812
21
-3.1267125984251969
0
LINE
8
BLACK
6
CONTINUOUS
10
6.0377755905511812
20
-3.1267125984251969
11
6.037031220472441
21
-3.1290035826771652
0
LINE
8
BLACK
6
CONTINUOUS
10
6.037031220472441
20
-3.1290035826771652
11
6.0350824015748028
21
-3.1304194881889762
0
LINE
8
BLACK
6
CONTINUOUS
10
6.0350824015748028
20
-3.1304194881889762
11
6.0338779527559057
21
-3.1306102362204724
0
LINE
8
BLACK
6
CONTINUOUS
10
6.0338779527559057
20
-3.1306102362204724
11
6.0247343307086609
21
-3.1306102362204724
0
LINE
8
BLACK
6
CONTINUOUS
10
6.0247343307086609
20
-3.1306102362204724
11
6.0247342913385822
21
-3.1306102362204724
0
LINE
8
BLACK
6
CONTINUOUS
10
6.0247342913385822
20
-3.1306102362204724
11
6.0247338976377955
21
-3.1306102755905512
0
LINE
8
BLACK
6
CONTINUOUS
10
6.0247338976377955
20
-3.1306102755905512
11
6.0224319685039367
21
-3.1310681889763781
0
LINE
8
BLACK
6
CONTINUOUS
10
6.0224319685039367
20
-3.1310681889763781
11
6.0224317322834642
21
-3.1310682677165356
0
LINE
8
BLACK
6
CONTINUOUS
10
6.0224317322834642
20
-3.1310682677165356
11
6.0198209055118106
21
-3.1328127952755906
0
LINE
8
BLACK
6
CONTINUOUS
10
6.0198209055118106
20
-3.1328127952755906
11
6.0198206692913381
21
-3.1328130314960627
0
LINE
8
BLACK
6
CONTINUOUS
10
6.0198206692913381
20
-3.1328130314960627
11
6.0180761417322834
21
-3.1354238582677163
0
LINE
8
BLACK
6
CONTINUOUS
10
6.0180761417322834
20
-3.1354238582677163
11
6.0180760629921259
21
-3.1354240944881888
0
LINE
8
BLACK
6
CONTINUOUS
10
6.0180760629921259
20
-3.1354240944881888
11
6.0176181496062995
21
-3.1377260236220472
0
LINE
8
BLACK
6
CONTINUOUS
10
6.0176181496062995
20
-3.1377260236220472
11
6.0176181102362207
21
-3.1377264960629923
0
LINE
8
BLACK
6
CONTINUOUS
10
6.0176181102362207
20
-3.1377264960629923
11
6.0176181102362207
21
-3.199281338582677
0
LINE
8
BLACK
6
CONTINUOUS
10
6.0176181102362207
20
-3.199281338582677
11
6.0176181496062995
21
-3.1992818110236221
0
LINE
8
BLACK
6
CONTINUOUS
10
6.0176181496062995
20
-3.1992818110236221
11
6.0180760629921259
21
-3.20158374015748
0
LINE
8
BLACK
6
CONTINUOUS
10
6.0180760629921259
20
-3.20158374015748
11
6.0180761023622047
21
-3.2015838976377951
0
LINE
8
BLACK
6
CONTINUOUS
10
6.0180761023622047
20
-3.2015838976377951
11
6.0198207874015743
21
-3.2041949606299212
0
LINE
8
BLACK
6
CONTINUOUS
10
6.0198207874015743
20
-3.2041949606299212
11
6.0224318503937004
21
-3.2059396456692912
0
LINE
8
BLACK
6
CONTINUOUS
10
6.0224318503937004
20
-3.2059396456692912
11
6.0241823228346458
21
-3.2062878346456691
0
LINE
8
BLACK
6
CONTINUOUS
10
6.0241823228346458
20
-3.2062878346456691
11
6.0247338976377955
21
-3.2063975590551181
0
LINE
8
BLACK
6
CONTINUOUS
10
6.0247338976377955
20
-3.2063975590551181
11
6.0247340944881884
21
-3.2063975590551181
0
LINE
8
BLACK
6
CONTINUOUS
10
6.0247340944881884
20
-3.2063975590551181
11
6.0247343307086609
21
-3.2063976377952756
0
LINE
8
BLACK
6
CONTINUOUS
10
6.0247343307086609
20
-3.2063976377952756
11
6.0338779527559057
21
-3.2063976377952756
0
LINE
8
BLACK
6
CONTINUOUS
10
6.0338779527559057
20
-3.2063976377952756
11
6.0361689370078739
21
-3.2071420078740158
0
LINE
8
BLACK
6
CONTINUOUS
10
6.0361689370078739
20
-3.2071420078740158
11
6.037584842519685
21
-3.2090908267716536
0
LINE
8
BLACK
6
CONTINUOUS
10
6.037584842519685
20
-3.2090908267716536
11
6.0377755905511812
21
-3.2102952755905512
0
LINE
8
BLACK
6
CONTINUOUS
10
6.0377755905511812
20
-3.2102952755905512
11
6.0377755905511812
21
-3.3935428346456691
0
LINE
8
BLACK
6
CONTINUOUS
10
6.0377755905511812
20
-3.3935428346456691
11
6.037031220472441
21
-3.3958338188976378
0
LINE
8
BLACK
6
CONTINUOUS
10
6.037031220472441
20
-3.3958338188976378
11
6.0366340157480316
21
-3.396298897637795
0
LINE
8
BLACK
6
CONTINUOUS
10
6.0366340157480316
20
-3.396298897637795
11
5.9040227165354331
21
-3.5289101574803148
0
LINE
8
BLACK
6
CONTINUOUS
10
5.9040227165354331
20
-3.5289101574803148
11
5.9018763779527559
21
-3.5300037401574804
0
LINE
8
BLACK
6
CONTINUOUS
10
5.9018763779527559
20
-3.5300037401574804
11
5.9017754330708661
21
-3.5300183858267715
0
LINE
8
BLACK
6
CONTINUOUS
10
5.9017754330708661
20
-3.5300183858267715
11
5.8983400393700789
21
-3.5304707086614173
0
LINE
8
BLACK
6
CONTINUOUS
10
5.8983400393700789
20
-3.5304707086614173
11
5.8925890157480314
21
-3.5328528346456691
0
LINE
8
BLACK
6
CONTINUOUS
10
5.8925890157480314
20
-3.5328528346456691
11
5.8925889763779526
21
-3.5328528346456691
0
LINE
8
BLACK
6
CONTINUOUS
10
5.8925889763779526
20
-3.5328528346456691
11
5.8876505118110236
21
-3.5366422440944882
0
LINE
8
BLACK
6
CONTINUOUS
10
5.8876505118110236
20
-3.5366422440944882
11
5.8876501968503936
21
-3.5366425590551178
0
LINE
8
BLACK
6
CONTINUOUS
10
5.8876501968503936
20
-3.5366425590551178
11
5.8870238188976378
21
-3.5374588582677164
0
LINE
8
BLACK
6
CONTINUOUS
10
5.8870238188976378
20
-3.5374588582677164
11
5.8858806299212594
21
-3.5384614173228344
0
LINE
8
BLACK
6
CONTINUOUS
10
5.8858806299212594
20
-3.5384614173228344
11
5.8844084645669286
21
-3.5393114173228346
0
LINE
8
BLACK
6
CONTINUOUS
10
5.8844084645669286
20
-3.5393114173228346
11
5.8537207480314963
21
-3.5699991338582677
0
LINE
8
BLACK
6
CONTINUOUS
10
5.8537207480314963
20
-3.5699991338582677
11
5.8513859448818897
21
-3.5740431102362202
0
LINE
8
BLACK
6
CONTINUOUS
10
5.8513859448818897
20
-3.5740431102362202
11
5.8513858661417322
21
-3.5740432677165352
0
LINE
8
BLACK
6
CONTINUOUS
10
5.8513858661417322
20
-3.5740432677165352
11
5.8513858661417322
21
-3.5740433464566927
0
LINE
8
BLACK
6
CONTINUOUS
10
5.8513858661417322
20
-3.5740433464566927
11
5.8501772047244094
21
-3.5785542913385826
0
LINE
8
BLACK
6
CONTINUOUS
10
5.8501772047244094
20
-3.5785542913385826
11
5.8501772047244094
21
-3.5832242913385826
0
LINE
8
BLACK
6
CONTINUOUS
10
5.8501772047244094
20
-3.5832242913385826
11
5.8513858661417322
21
-3.5877352362204724
0
LINE
8
BLACK
6
CONTINUOUS
10
5.8513858661417322
20
-3.5877352362204724
11
5.8516234251968502
21
-3.5881466929133858
0
LINE
8
BLACK
6
CONTINUOUS
10
5.8516234251968502
20
-3.5881466929133858
11
5.8521456692913381
21
-3.5900955905511811
0
LINE
8
BLACK
6
CONTINUOUS
10
5.8521456692913381
20
-3.5900955905511811
11
5.8521456692913381
21
-3.6004485039370078
0
LINE
8
BLACK
6
CONTINUOUS
10
5.8521456692913381
20
-3.6004485039370078
11
5.8514012992125979
21
-3.6027394881889765
0
LINE
8
BLACK
6
CONTINUOUS
10
5.8514012992125979
20
-3.6027394881889765
11
5.8504134645669286
21
-3.603689251968504
0
LINE
8
BLACK
6
CONTINUOUS
10
5.8504134645669286
20
-3.603689251968504
11
5.8494272047244094
21
-3.6043482283464567
0
LINE
8
BLACK
6
CONTINUOUS
10
5.8494272047244094
20
-3.6043482283464567
11
5.8494269685039368
21
-3.6043484645669293
0
LINE
8
BLACK
6
CONTINUOUS
10
5.8494269685039368
20
-3.6043484645669293
11
5.8476824409448813
21
-3.6069592913385824
0
LINE
8
BLACK
6
CONTINUOUS
10
5.8476824409448813
20
-3.6069592913385824
11
5.8476823622047247
21
-3.6069595275590549
0
LINE
8
BLACK
6
CONTINUOUS
10
5.8476823622047247
20
-3.6069595275590549
11
5.8472244488188974
21
-3.6092614566929133
0
LINE
8
BLACK
6
CONTINUOUS
10
5.8472244488188974
20
-3.6092614566929133
11
5.8472244094488186
21
-3.6092619291338583
0
LINE
8
BLACK
6
CONTINUOUS
10
5.8472244094488186
20
-3.6092619291338583
11
5.8472244094488186
21
-3.6265648031496061
0
LINE
8
BLACK
6
CONTINUOUS
10
5.8472244094488186
20
-3.6265648031496061
11
5.8472244488188974
21
-3.6265652755905511
0
LINE
8
BLACK
6
CONTINUOUS
10
5.8472244488188974
20
-3.6265652755905511
11
5.8476823622047247
21
-3.6288673228346457
0
LINE
8
BLACK
6
CONTINUOUS
10
5.8476823622047247
20
-3.6288673228346457
11
5.8478273228346458
21
-3.6292172834645671
0
LINE
8
BLACK
6
CONTINUOUS
10
5.8478273228346458
20
-3.6292172834645671
11
5.8480161811023619
21
-3.6316187401574802
0
LINE
8
BLACK
6
CONTINUOUS
10
5.8480161811023619
20
-3.6316187401574802
11
5.8478273228346458
21
-3.6322000393700788
0
LINE
8
BLACK
6
CONTINUOUS
10
5.8478273228346458
20
-3.6322000393700788
11
5.8476823622047247
21
-3.632549960629921
0
LINE
8
BLACK
6
CONTINUOUS
10
5.8476823622047247
20
-3.632549960629921
11
5.8472244488188974
21
-3.6348520078740156
0
LINE
8
BLACK
6
CONTINUOUS
10
5.8472244488188974
20
-3.6348520078740156
11
5.8472244094488186
21
-3.6348524803149607
0
LINE
8
BLACK
6
CONTINUOUS
10
5.8472244094488186
20
-3.6348524803149607
11
5.8472244094488186
21
-3.6521553543307084
0
LINE
8
BLACK
6
CONTINUOUS
10
5.8472244094488186
20
-3.6521553543307084
11
5.8472244488188974
21
-3.6521558267716534
0
LINE
8
BLACK
6
CONTINUOUS
10
5.8472244488188974
20
-3.6521558267716534
11
5.8476823622047247
21
-3.6544578740157481
0
LINE
8
BLACK
6
CONTINUOUS
10
5.8476823622047247
20
-3.6544578740157481
11
5.8478273228346458
21
-3.6548078346456694
0
LINE
8
BLACK
6
CONTINUOUS
10
5.8478273228346458
20
-3.6548078346456694
11
5.8480161811023619
21
-3.6572092913385825
0
LINE
8
BLACK
6
CONTINUOUS
10
5.8480161811023619
20
-3.6572092913385825
11
5.8478273228346458
21
-3.6577905905511812
0
LINE
8
BLACK
6
CONTINUOUS
10
5.8478273228346458
20
-3.6577905905511812
11
5.8476823622047247
21
-3.6581405118110237
0
LINE
8
BLACK
6
CONTINUOUS
10
5.8476823622047247
20
-3.6581405118110237
11
5.8472244488188974
21
-3.660442559055118
0
LINE
8
BLACK
6
CONTINUOUS
10
5.8472244488188974
20
-3.660442559055118
11
5.8472244094488186
21
-3.660443031496063
0
LINE
8
BLACK
6
CONTINUOUS
10
5.8472244094488186
20
-3.660443031496063
11
5.8472244094488186
21
-3.6777459055118111
0
LINE
8
BLACK
6
CONTINUOUS
10
5.8472244094488186
20
-3.6777459055118111
11
5.8472244488188974
21
-3.6777463779527557
0
LINE
8
BLACK
6
CONTINUOUS
10
5.8472244488188974
20
-3.6777463779527557
11
5.8476823622047247
21
-3.6800483070866141
0
LINE
8
BLACK
6
CONTINUOUS
10
5.8476823622047247
20
-3.6800483070866141
11
5.8476824409448813
21
-3.6800485433070866
0
LINE
8
BLACK
6
CONTINUOUS
10
5.8476824409448813
20
-3.6800485433070866
11
5.8492102362204719
21
-3.6823350000000001
0
LINE
8
BLACK
6
CONTINUOUS
10
5.8492102362204719
20
-3.6823350000000001
11
5.8494270866141731
21
-3.6826595275590552
0
LINE
8
BLACK
6
CONTINUOUS
10
5.8494270866141731
20
-3.6826595275590552
11
5.8494272047244094
21
-3.6826596062992123
0
LINE
8
BLACK
6
CONTINUOUS
10
5.8494272047244094
20
-3.6826596062992123
11
5.8504134645669286
21
-3.6833186220472438
0
LINE
8
BLACK
6
CONTINUOUS
10
5.8504134645669286
20
-3.6833186220472438
11
5.8519047637795278
21
-3.6852103543307084
0
LINE
8
BLACK
6
CONTINUOUS
10
5.8519047637795278
20
-3.6852103543307084
11
5.8521456692913381
21
-3.68655937007874
0
LINE
8
BLACK
6
CONTINUOUS
10
5.8521456692913381
20
-3.68655937007874
11
5.8521456692913381
21
-3.691728188976378
0
LINE
8
BLACK
6
CONTINUOUS
10
5.8521456692913381
20
-3.691728188976378
11
5.8514012992125979
21
-3.6940191732283463
0
LINE
8
BLACK
6
CONTINUOUS
10
5.8514012992125979
20
-3.6940191732283463
11
5.8495672440944881
21
-3.6953516535433071
0
LINE
8
BLACK
6
CONTINUOUS
10
5.8495672440944881
20
-3.6953516535433071
11
5.8495760629921261
21
-3.6953729527559056
0
LINE
8
BLACK
6
CONTINUOUS
10
5.8495760629921261
20
-3.6953729527559056
11
5.8494874803149601
21
-3.6954096062992123
0
LINE
8
BLACK
6
CONTINUOUS
10
5.8494874803149601
20
-3.6954096062992123
11
5.8494524803149606
21
-3.6954350787401573
0
LINE
8
BLACK
6
CONTINUOUS
10
5.8494524803149606
20
-3.6954350787401573
11
5.8493598818897636
21
-3.6954624803149607
0
LINE
8
BLACK
6
CONTINUOUS
10
5.8493598818897636
20
-3.6954624803149607
11
5.843589015748031
21
-3.6978528346456692
0
LINE
8
BLACK
6
CONTINUOUS
10
5.843589015748031
20
-3.6978528346456692
11
5.8435889763779523
21
-3.6978528346456692
0
LINE
8
BLACK
6
CONTINUOUS
10
5.8435889763779523
20
-3.6978528346456692
11
5.8386505118110232
21
-3.7016422440944883
0
LINE
8
BLACK
6
CONTINUOUS
10
5.8386505118110232
20
-3.7016422440944883
11
5.8386501181102357
21
-3.7016426377952754
0
LINE
8
BLACK
6
CONTINUOUS
10
5.8386501181102357
20
-3.7016426377952754
11
5.8348607086614175
21
-3.7065811023622048
0
LINE
8
BLACK
6
CONTINUOUS
10
5.8348607086614175
20
-3.7065811023622048
11
5.8348607086614175
21
-3.7065811417322836
0
LINE
8
BLACK
6
CONTINUOUS
10
5.8348607086614175
20
-3.7065811417322836
11
5.832478622047244
21
-3.7123320078740156
0
LINE
8
BLACK
6
CONTINUOUS
10
5.832478622047244
20
-3.7123320078740156
11
5.8324785433070865
21
-3.7123323228346456
0
LINE
8
BLACK
6
CONTINUOUS
10
5.8324785433070865
20
-3.7123323228346456
11
5.8316660629921255
21
-3.7185038976377953
0
LINE
8
BLACK
6
CONTINUOUS
10
5.8316660629921255
20
-3.7185038976377953
11
5.8316660629921255
21
-3.7185039370078741
0
LINE
8
BLACK
6
CONTINUOUS
10
5.4158406692913381
20
-3.7042245669291338
11
5.4158402755905515
21
-3.7042246456692913
0
LINE
8
BLACK
6
CONTINUOUS
10
5.4158402755905515
20
-3.7042246456692913
11
5.4064239763779529
21
-3.7071292125984252
0
LINE
8
BLACK
6
CONTINUOUS
10
5.4064239763779529
20
-3.7071292125984252
11
5.3975457480314963
21
-3.71140468503937
0
LINE
8
BLACK
6
CONTINUOUS
10
5.3975457480314963
20
-3.71140468503937
11
5.3894035826771649
21
-3.7169559055118109
0
LINE
8
BLACK
6
CONTINUOUS
10
5.3894035826771649
20
-3.7169559055118109
11
5.3883204330708656
21
-3.7179608661417323
0
LINE
8
BLACK
6
CONTINUOUS
10
5.3883204330708656
20
-3.7179608661417323
11
5.396905039370079
21
-3.7265454724409448
0
LINE
8
BLACK
6
CONTINUOUS
10
5.396905039370079
20
-3.7265454724409448
11
5.4010110629921257
21
-3.7233496850393699
0
LINE
8
BLACK
6
CONTINUOUS
10
5.4010110629921257
20
-3.7233496850393699
11
5.408845551181102
21
-3.7191098818897639
0
LINE
8
BLACK
6
CONTINUOUS
10
5.408845551181102
20
-3.7191098818897639
11
5.4172710629921257
21
-3.7162174015748031
0
LINE
8
BLACK
6
CONTINUOUS
10
5.4172710629921257
20
-3.7162174015748031
11
5.4260577165354329
21
-3.7147511417322834
0
LINE
8
BLACK
6
CONTINUOUS
10
5.4260577165354329
20
-3.7147511417322834
11
5.4349659055118105
21
-3.7147511417322834
0
LINE
8
BLACK
6
CONTINUOUS
10
5.4349659055118105
20
-3.7147511417322834
11
5.4437525590551177
21
-3.7162174015748031
0
LINE
8
BLACK
6
CONTINUOUS
10
5.4437525590551177
20
-3.7162174015748031
11
5.4521780708661414
21
-3.7191098818897639
0
LINE
8
BLACK
6
CONTINUOUS
10
5.4521780708661414
20
-3.7191098818897639
11
5.4600125590551176
21
-3.7233496850393699
0
LINE
8
BLACK
6
CONTINUOUS
10
5.4600125590551176
20
-3.7233496850393699
11
5.464118464566929
21
-3.7265454330708661
0
LINE
8
BLACK
6
CONTINUOUS
10
5.464118464566929
20
-3.7265454330708661
11
5.4727031102362202
21
-3.7179608661417323
0
LINE
8
BLACK
6
CONTINUOUS
10
5.4727031102362202
20
-3.7179608661417323
11
5.4716200787401572
21
-3.7169559842519684
0
LINE
8
BLACK
6
CONTINUOUS
10
5.4716200787401572
20
-3.7169559842519684
11
5.4634777165354329
21
-3.7114046456692913
0
LINE
8
BLACK
6
CONTINUOUS
10
5.4634777165354329
20
-3.7114046456692913
11
5.4545996062992126
21
-3.7071292125984252
0
LINE
8
BLACK
6
CONTINUOUS
10
5.4545996062992126
20
-3.7071292125984252
11
5.445183307086614
21
-3.7042246456692913
0
LINE
8
BLACK
6
CONTINUOUS
10
5.445183307086614
20
-3.7042246456692913
11
5.4451829133858265
21
-3.7042245669291338
0
LINE
8
BLACK
6
CONTINUOUS
10
5.4451829133858265
20
-3.7042245669291338
11
5.4354390551181098
21
-3.7027559055118111
0
LINE
8
BLACK
6
CONTINUOUS
10
5.4354390551181098
20
-3.7027559055118111
11
5.4255845275590548
21
-3.7027559055118111
0
LINE
8
BLACK
6
CONTINUOUS
10
5.4255845275590548
20
-3.7027559055118111
11
5.4158406692913381
21
-3.7042245669291338
0
LINE
8
BLACK
6
CONTINUOUS
10
5.6158406692913383
20
-3.7042245669291338
11
5.6158402755905508
21
-3.7042246456692913
0
LINE
8
BLACK
6
CONTINUOUS
10
5.6158402755905508
20
-3.7042246456692913
11
5.6064239763779522
21
-3.7071292125984252
0
LINE
8
BLACK
6
CONTINUOUS
10
5.6064239763779522
20
-3.7071292125984252
11
5.5975457480314956
21
-3.71140468503937
0
LINE
8
BLACK
6
CONTINUOUS
10
5.5975457480314956
20
-3.71140468503937
11
5.5894035826771651
21
-3.7169559055118109
0
LINE
8
BLACK
6
CONTINUOUS
10
5.5894035826771651
20
-3.7169559055118109
11
5.5883204330708658
21
-3.7179608661417323
0
LINE
8
BLACK
6
CONTINUOUS
10
5.5883204330708658
20
-3.7179608661417323
11
5.5969050393700783
21
-3.7265454724409448
0
LINE
8
BLACK
6
CONTINUOUS
10
5.5969050393700783
20
-3.7265454724409448
11
5.6010110629921259
21
-3.7233496850393699
0
LINE
8
BLACK
6
CONTINUOUS
10
5.6010110629921259
20
-3.7233496850393699
11
5.6088455511811022
21
-3.7191098818897639
0
LINE
8
BLACK
6
CONTINUOUS
10
5.6088455511811022
20
-3.7191098818897639
11
5.6172710629921259
21
-3.7162174015748031
0
LINE
8
BLACK
6
CONTINUOUS
10
5.6172710629921259
20
-3.7162174015748031
11
5.6260577165354331
21
-3.7147511417322834
0
LINE
8
BLACK
6
CONTINUOUS
10
5.6260577165354331
20
-3.7147511417322834
11
5.6349659055118106
21
-3.7147511417322834
0
LINE
8
BLACK
6
CONTINUOUS
10
5.6349659055118106
20
-3.7147511417322834
11
5.6437525590551179
21
-3.7162174015748031
0
LINE
8
BLACK
6
CONTINUOUS
10
5.6437525590551179
20
-3.7162174015748031
11
5.6521780708661415
21
-3.7191098818897639
0
LINE
8
BLACK
6
CONTINUOUS
10
5.6521780708661415
20
-3.7191098818897639
11
5.6600125590551178
21
-3.7233496850393699
0
LINE
8
BLACK
6
CONTINUOUS
10
5.6600125590551178
20
-3.7233496850393699
11
5.6641184645669291
21
-3.7265454330708661
0
LINE
8
BLACK
6
CONTINUOUS
10
5.6641184645669291
20
-3.7265454330708661
11
5.6727031102362204
21
-3.7179608661417323
0
LINE
8
BLACK
6
CONTINUOUS
10
5.6727031102362204
20
-3.7179608661417323
11
5.6716200787401574
21
-3.7169559842519684
0
LINE
8
BLACK
6
CONTINUOUS
10
5.6716200787401574
20
-3.7169559842519684
11
5.6634777165354331
21
-3.7114046456692913
0
LINE
8
BLACK
6
CONTINUOUS
10
5.6634777165354331
20
-3.7114046456692913
11
5.6545996062992128
21
-3.7071292125984252
0
LINE
8
BLACK
6
CONTINUOUS
10
5.6545996062992128
20
-3.7071292125984252
11
5.6451833070866142
21
-3.7042246456692913
0
LINE
8
BLACK
6
CONTINUOUS
10
5.6451833070866142
20
-3.7042246456692913
11
5.6451829133858267
21
-3.7042245669291338
0
LINE
8
BLACK
6
CONTINUOUS
10
5.6451829133858267
20
-3.7042245669291338
11
5.6354390551181099
21
-3.7027559055118111
0
LINE
8
BLACK
6
CONTINUOUS
10
5.6354390551181099
20
-3.7027559055118111
11
5.625584527559055
21
-3.7027559055118111
0
LINE
8
BLACK
6
CONTINUOUS
10
5.625584527559055
20
-3.7027559055118111
11
5.6158406692913383
21
-3.7042245669291338
0
LINE
8
BLACK
6
CONTINUOUS
10
6.5158406692913386
20
-3.7042245669291338
11
6.5158402755905511
21
-3.7042246456692913
0
LINE
8
BLACK
6
CONTINUOUS
10
6.5158402755905511
20
-3.7042246456692913
11
6.5064239763779526
21
-3.7071292125984252
0
LINE
8
BLACK
6
CONTINUOUS
10
6.5064239763779526
20
-3.7071292125984252
11
6.497545748031496
21
-3.71140468503937
0
LINE
8
BLACK
6
CONTINUOUS
10
6.497545748031496
20
-3.71140468503937
11
6.4894035826771654
21
-3.7169559055118109
0
LINE
8
BLACK
6
CONTINUOUS
10
6.4894035826771654
20
-3.7169559055118109
11
6.4883204330708661
21
-3.7179608661417323
0
LINE
8
BLACK
6
CONTINUOUS
10
6.4883204330708661
20
-3.7179608661417323
11
6.4969050393700787
21
-3.7265454724409448
0
LINE
8
BLACK
6
CONTINUOUS
10
6.4969050393700787
20
-3.7265454724409448
11
6.5010110629921263
21
-3.7233496850393699
0
LINE
8
BLACK
6
CONTINUOUS
10
6.5010110629921263
20
-3.7233496850393699
11
6.5088455511811025
21
-3.7191098818897639
0
LINE
8
BLACK
6
CONTINUOUS
10
6.5088455511811025
20
-3.7191098818897639
11
6.5172710629921262
21
-3.7162174015748031
0
LINE
8
BLACK
6
CONTINUOUS
10
6.5172710629921262
20
-3.7162174015748031
11
6.5260577165354325
21
-3.7147511417322834
0
LINE
8
BLACK
6
CONTINUOUS
10
6.5260577165354325
20
-3.7147511417322834
11
6.534965905511811
21
-3.7147511417322834
0
LINE
8
BLACK
6
CONTINUOUS
10
6.534965905511811
20
-3.7147511417322834
11
6.5437525590551182
21
-3.7162174015748031
0
LINE
8
BLACK
6
CONTINUOUS
10
6.5437525590551182
20
-3.7162174015748031
11
6.5521780708661419
21
-3.7191098818897639
0
LINE
8
BLACK
6
CONTINUOUS
10
6.5521780708661419
20
-3.7191098818897639
11
6.5600125590551182
21
-3.7233496850393699
0
LINE
8
BLACK
6
CONTINUOUS
10
6.5600125590551182
20
-3.7233496850393699
11
6.5641184645669286
21
-3.7265454330708661
0
LINE
8
BLACK
6
CONTINUOUS
10
6.5641184645669286
20
-3.7265454330708661
11
6.5727031102362199
21
-3.7179608661417323
0
LINE
8
BLACK
6
CONTINUOUS
10
6.5727031102362199
20
-3.7179608661417323
11
6.5716200787401577
21
-3.7169559842519684
0
LINE
8
BLACK
6
CONTINUOUS
10
6.5716200787401577
20
-3.7169559842519684
11
6.5634777165354325
21
-3.7114046456692913
0
LINE
8
BLACK
6
CONTINUOUS
10
6.5634777165354325
20
-3.7114046456692913
11
6.5545996062992122
21
-3.7071292125984252
0
LINE
8
BLACK
6
CONTINUOUS
10
6.5545996062992122
20
-3.7071292125984252
11
6.5451833070866137
21
-3.7042246456692913
0
LINE
8
BLACK
6
CONTINUOUS
10
6.5451833070866137
20
-3.7042246456692913
11
6.545182913385827
21
-3.7042245669291338
0
LINE
8
BLACK
6
CONTINUOUS
10
6.545182913385827
20
-3.7042245669291338
11
6.5354390551181103
21
-3.7027559055118111
0
LINE
8
BLACK
6
CONTINUOUS
10
6.5354390551181103
20
-3.7027559055118111
11
6.5255845275590554
21
-3.7027559055118111
0
LINE
8
BLACK
6
CONTINUOUS
10
6.5255845275590554
20
-3.7027559055118111
11
6.5158406692913386
21
-3.7042245669291338
0
LINE
8
BLACK
6
CONTINUOUS
10
6.7158406692913388
20
-3.7042245669291338
11
6.7158402755905513
21
-3.7042246456692913
0
LINE
8
BLACK
6
CONTINUOUS
10
6.7158402755905513
20
-3.7042246456692913
11
6.7064239763779527
21
-3.7071292125984252
0
LINE
8
BLACK
6
CONTINUOUS
10
6.7064239763779527
20
-3.7071292125984252
11
6.6975457480314962
21
-3.71140468503937
0
LINE
8
BLACK
6
CONTINUOUS
10
6.6975457480314962
20
-3.71140468503937
11
6.6894035826771656
21
-3.7169559055118109
0
LINE
8
BLACK
6
CONTINUOUS
10
6.6894035826771656
20
-3.7169559055118109
11
6.6883204330708663
21
-3.7179608661417323
0
LINE
8
BLACK
6
CONTINUOUS
10
6.6883204330708663
20
-3.7179608661417323
11
6.6969050393700789
21
-3.7265454724409448
0
LINE
8
BLACK
6
CONTINUOUS
10
6.6969050393700789
20
-3.7265454724409448
11
6.7010110629921256
21
-3.7233496850393699
0
LINE
8
BLACK
6
CONTINUOUS
10
6.7010110629921256
20
-3.7233496850393699
11
6.7088455511811018
21
-3.7191098818897639
0
LINE
8
BLACK
6
CONTINUOUS
10
6.7088455511811018
20
-3.7191098818897639
11
6.7172710629921255
21
-3.7162174015748031
0
LINE
8
BLACK
6
CONTINUOUS
10
6.7172710629921255
20
-3.7162174015748031
11
6.7260577165354327
21
-3.7147511417322834
0
LINE
8
BLACK
6
CONTINUOUS
10
6.7260577165354327
20
-3.7147511417322834
11
6.7349659055118112
21
-3.7147511417322834
0
LINE
8
BLACK
6
CONTINUOUS
10
6.7349659055118112
20
-3.7147511417322834
11
6.7437525590551184
21
-3.7162174015748031
0
LINE
8
BLACK
6
CONTINUOUS
10
6.7437525590551184
20
-3.7162174015748031
11
6.7521780708661412
21
-3.7191098818897639
0
LINE
8
BLACK
6
CONTINUOUS
10
6.7521780708661412
20
-3.7191098818897639
11
6.7600125590551183
21
-3.7233496850393699
0
LINE
8
BLACK
6
CONTINUOUS
10
6.7600125590551183
20
-3.7233496850393699
11
6.7641184645669288
21
-3.7265454330708661
0
LINE
8
BLACK
6
CONTINUOUS
10
6.7641184645669288
20
-3.7265454330708661
11
6.7727031102362201
21
-3.7179608661417323
0
LINE
8
BLACK
6
CONTINUOUS
10
6.7727031102362201
20
-3.7179608661417323
11
6.771620078740157
21
-3.7169559842519684
0
LINE
8
BLACK
6
CONTINUOUS
10
6.771620078740157
20
-3.7169559842519684
11
6.7634777165354327
21
-3.7114046456692913
0
LINE
8
BLACK
6
CONTINUOUS
10
6.7634777165354327
20
-3.7114046456692913
11
6.7545996062992124
21
-3.7071292125984252
0
LINE
8
BLACK
6
CONTINUOUS
10
6.7545996062992124
20
-3.7071292125984252
11
6.7451833070866138
21
-3.7042246456692913
0
LINE
8
BLACK
6
CONTINUOUS
10
6.7451833070866138
20
-3.7042246456692913
11
6.7451829133858263
21
-3.7042245669291338
0
LINE
8
BLACK
6
CONTINUOUS
10
6.7451829133858263
20
-3.7042245669291338
11
6.7354390551181105
21
-3.7027559055118111
0
LINE
8
BLACK
6
CONTINUOUS
10
6.7354390551181105
20
-3.7027559055118111
11
6.7255845275590547
21
-3.7027559055118111
0
LINE
8
BLACK
6
CONTINUOUS
10
6.7255845275590547
20
-3.7027559055118111
11
6.7158406692913388
21
-3.7042245669291338
0
LINE
8
BLACK
6
CONTINUOUS
10
6.1512483070866137
20
-3.6891929527559055
11
6.1502608267716532
21
-3.6893074409448818
0
LINE
8
BLACK
6
CONTINUOUS
10
6.1502608267716532
20
-3.6893074409448818
11
6.1462213385826772
21
-3.6910910629921259
0
LINE
8
BLACK
6
CONTINUOUS
10
6.1462213385826772
20
-3.6910910629921259
11
6.1430989370078741
21
-3.6942134645669289
0
LINE
8
BLACK
6
CONTINUOUS
10
6.1430989370078741
20
-3.6942134645669289
11
6.1413153149606297
21
-3.6982530314960629
0
LINE
8
BLACK
6
CONTINUOUS
10
6.1413153149606297
20
-3.6982530314960629
11
6.1412007874015746
21
-3.6992402362204722
0
LINE
8
BLACK
6
CONTINUOUS
10
6.1412007874015746
20
-3.6992402362204722
11
6.1412007874015746
21
-3.7006528346456693
0
LINE
8
BLACK
6
CONTINUOUS
10
6.1412007874015746
20
-3.7006528346456693
11
6.1413700787401577
21
-3.7015039370078737
0
LINE
8
BLACK
6
CONTINUOUS
10
6.1413700787401577
20
-3.7015039370078737
11
6.1412007874015746
21
-3.7023549999999998
0
LINE
8
BLACK
6
CONTINUOUS
10
6.1412007874015746
20
-3.7023549999999998
11
6.1412007874015746
21
-3.7125983858267717
0
LINE
8
BLACK
6
CONTINUOUS
10
6.1412007874015746
20
-3.7125983858267717
11
6.1412008267716534
21
-3.7125984251968505
0
LINE
8
BLACK
6
CONTINUOUS
10
6.1412008267716534
20
-3.7125984251968505
11
6.1530118110236218
21
-3.7125984251968505
0
LINE
8
BLACK
6
CONTINUOUS
10
6.1530118110236218
20
-3.7125984251968505
11
6.1530118110236218
21
-3.701003937007874
0
LINE
8
BLACK
6
CONTINUOUS
10
6.1530118110236218
20
-3.701003937007874
11
6.1746062992125985
21
-3.701003937007874
0
LINE
8
BLACK
6
CONTINUOUS
10
6.1746062992125985
20
-3.701003937007874
11
6.1746062992125985
21
-3.6891929527559055
0
LINE
8
BLACK
6
CONTINUOUS
10
6.1746062992125985
20
-3.6891929527559055
11
6.1746062598425198
21
-3.6891929133858268
0
LINE
8
BLACK
6
CONTINUOUS
10
6.1746062598425198
20
-3.6891929133858268
11
6.15124842519685
21
-3.6891929133858268
0
LINE
8
BLACK
6
CONTINUOUS
10
6.15124842519685
20
-3.6891929133858268
11
6.1512483070866137
21
-3.6891929527559055
0
LINE
8
BLACK
6
CONTINUOUS
10
5.521449960629921
20
-3.3671099212598423
11
5.5126628740157475
21
-3.3694644094488186
0
LINE
8
BLACK
6
CONTINUOUS
10
5.5126628740157475
20
-3.3694644094488186
11
5.5044184645669292
21
-3.3733088188976379
0
LINE
8
BLACK
6
CONTINUOUS
10
5.5044184645669292
20
-3.3733088188976379
11
5.4969669685039371
21
-3.3785263779527557
0
LINE
8
BLACK
6
CONTINUOUS
10
5.4969669685039371
20
-3.3785263779527557
11
5.4905342519685041
21
-3.3849590944881891
0
LINE
8
BLACK
6
CONTINUOUS
10
5.4905342519685041
20
-3.3849590944881891
11
5.4853166929133854
21
-3.3924105905511812
0
LINE
8
BLACK
6
CONTINUOUS
10
5.4853166929133854
20
-3.3924105905511812
11
5.4814722834645666
21
-3.400655
0
LINE
8
BLACK
6
CONTINUOUS
10
5.4814722834645666
20
-3.400655
11
5.4791177952755907
21
-3.409442086614173
0
LINE
8
BLACK
6
CONTINUOUS
10
5.4791177952755907
20
-3.409442086614173
11
5.4783250393700786
21
-3.4185037795275588
0
LINE
8
BLACK
6
CONTINUOUS
10
5.4783250393700786
20
-3.4185037795275588
11
5.4783250393700786
21
-3.4185040551181101
0
LINE
8
BLACK
6
CONTINUOUS
10
5.4783250393700786
20
-3.4185040551181101
11
5.4791177952755907
21
-3.4275657480314958
0
LINE
8
BLACK
6
CONTINUOUS
10
5.4791177952755907
20
-3.4275657480314958
11
5.4791178346456695
21
-3.4275660236220471
0
LINE
8
BLACK
6
CONTINUOUS
10
5.4791178346456695
20
-3.4275660236220471
11
5.4791178740157482
21
-3.4275660629921259
0
LINE
8
BLACK
6
CONTINUOUS
10
5.4791178740157482
20
-3.4275660629921259
11
5.4814722834645666
21
-3.4363528740157481
0
LINE
8
BLACK
6
CONTINUOUS
10
5.4814722834645666
20
-3.4363528740157481
11
5.4853167322834642
21
-3.4445973228346456
0
LINE
8
BLACK
6
CONTINUOUS
10
5.4853167322834642
20
-3.4445973228346456
11
5.4865487007874014
21
-3.4463567322834643
0
LINE
8
BLACK
6
CONTINUOUS
10
5.4865487007874014
20
-3.4463567322834643
11
5.4895987007874014
21
-3.4507126377952755
0
LINE
8
BLACK
6
CONTINUOUS
10
5.4895987007874014
20
-3.4507126377952755
11
5.4905344094488191
21
-3.452048937007874
0
LINE
8
BLACK
6
CONTINUOUS
10
5.4905344094488191
20
-3.452048937007874
11
5.4969668110236221
21
-3.4584813385826769
0
LINE
8
BLACK
6
CONTINUOUS
10
5.4969668110236221
20
-3.4584813385826769
11
5.5044184251968504
21
-3.4636990157480314
0
LINE
8
BLACK
6
CONTINUOUS
10
5.5044184251968504
20
-3.4636990157480314
11
5.5126628740157475
21
-3.467543464566929
0
LINE
8
BLACK
6
CONTINUOUS
10
5.5126628740157475
20
-3.467543464566929
11
5.5214496850393697
21
-3.4698978740157478
0
LINE
8
BLACK
6
CONTINUOUS
10
5.5214496850393697
20
-3.4698978740157478
11
5.5214498425196847
21
-3.4698978740157478
0
LINE
8
BLACK
6
CONTINUOUS
10
5.5214498425196847
20
-3.4698978740157478
11
5.521449960629921
21
-3.4698979133858265
0
LINE
8
BLACK
6
CONTINUOUS
10
5.521449960629921
20
-3.4698979133858265
11
5.530511692913386
21
-3.4706907086614174
0
LINE
8
BLACK
6
CONTINUOUS
10
5.530511692913386
20
-3.4706907086614174
11
5.5305118110236222
21
-3.4706907086614174
0
LINE
8
BLACK
6
CONTINUOUS
10
5.5305118110236222
20
-3.4706907086614174
11
5.5305119291338585
21
-3.4706907086614174
0
LINE
8
BLACK
6
CONTINUOUS
10
5.5305119291338585
20
-3.4706907086614174
11
5.5395736220472438
21
-3.4698979133858265
0
LINE
8
BLACK
6
CONTINUOUS
10
5.5395736220472438
20
-3.4698979133858265
11
5.5395736614173225
21
-3.4698978740157478
0
LINE
8
BLACK
6
CONTINUOUS
10
5.5395736614173225
20
-3.4698978740157478
11
5.5395739370078738
21
-3.4698978740157478
0
LINE
8
BLACK
6
CONTINUOUS
10
5.5395739370078738
20
-3.4698978740157478
11
5.548360748031496
21
-3.467543464566929
0
LINE
8
BLACK
6
CONTINUOUS
10
5.548360748031496
20
-3.467543464566929
11
5.556605196850394
21
-3.4636990157480314
0
LINE
8
BLACK
6
CONTINUOUS
10
5.556605196850394
20
-3.4636990157480314
11
5.5640568110236215
21
-3.4584813385826769
0
LINE
8
BLACK
6
CONTINUOUS
10
5.5640568110236215
20
-3.4584813385826769
11
5.5704892125984253
21
-3.452048937007874
0
LINE
8
BLACK
6
CONTINUOUS
10
5.5704892125984253
20
-3.452048937007874
11
5.5754189763779527
21
-3.445008464566929
0
LINE
8
BLACK
6
CONTINUOUS
10
5.5754189763779527
20
-3.445008464566929
11
5.5773427952755901
21
-3.4435588188976376
0
LINE
8
BLACK
6
CONTINUOUS
10
5.5773427952755901
20
-3.4435588188976376
11
5.5786117322834645
21
-3.4433464566929133
0
LINE
8
BLACK
6
CONTINUOUS
10
5.5786117322834645
20
-3.4433464566929133
11
5.5890650393700785
21
-3.4433464566929133
0
LINE
8
BLACK
6
CONTINUOUS
10
5.5890650393700785
20
-3.4433464566929133
11
5.6258345669291341
21
-3.4433464566929133
0
LINE
8
BLACK
6
CONTINUOUS
10
5.6258345669291341
20
-3.4433464566929133
11
5.6385726771653539
21
-3.4433464566929133
0
LINE
8
BLACK
6
CONTINUOUS
10
5.6385726771653539
20
-3.4433464566929133
11
5.6385728346456689
21
-3.443346496062992
0
LINE
8
BLACK
6
CONTINUOUS
10
5.6385728346456689
20
-3.443346496062992
11
5.6414801968503934
21
-3.4433464566929133
0
LINE
8
BLACK
6
CONTINUOUS
10
5.6414801968503934
20
-3.4433464566929133
11
5.6416986614173226
21
-3.4433525984251969
0
LINE
8
BLACK
6
CONTINUOUS
10
5.6416986614173226
20
-3.4433525984251969
11
5.6425392913385828
21
-3.4433997637795275
0
LINE
8
BLACK
6
CONTINUOUS
10
5.6425392913385828
20
-3.4433997637795275
11
5.6518137007874012
21
-3.4439204724409449
0
LINE
8
BLACK
6
CONTINUOUS
10
5.6518137007874012
20
-3.4439204724409449
11
5.6522475590551178
21
-3.4439693700787402
0
LINE
8
BLACK
6
CONTINUOUS
10
5.6522475590551178
20
-3.4439693700787402
11
5.6621275590551177
21
-3.4456479133858267
0
LINE
8
BLACK
6
CONTINUOUS
10
5.6621275590551177
20
-3.4456479133858267
11
5.6625535826771651
21
-3.4457451574803151
0
LINE
8
BLACK
6
CONTINUOUS
10
5.6625535826771651
20
-3.4457451574803151
11
5.6721833070866143
21
-3.4485192913385827
0
LINE
8
BLACK
6
CONTINUOUS
10
5.6721833070866143
20
-3.4485192913385827
11
5.6725958661417319
21
-3.4486636220472442
0
LINE
8
BLACK
6
CONTINUOUS
10
5.6725958661417319
20
-3.4486636220472442
11
5.6818548031496059
21
-3.4524986614173225
0
LINE
8
BLACK
6
CONTINUOUS
10
5.6818548031496059
20
-3.4524986614173225
11
5.6822483858267718
21
-3.4526881889763779
0
LINE
8
BLACK
6
CONTINUOUS
10
5.6822483858267718
20
-3.4526881889763779
11
5.6910199212598425
21
-3.4575359055118109
0
LINE
8
BLACK
6
CONTINUOUS
10
5.6910199212598425
20
-3.4575359055118109
11
5.6913893307086614
21
-3.4577680314960628
0
LINE
8
BLACK
6
CONTINUOUS
10
5.6913893307086614
20
-3.4577680314960628
11
5.6995627952755905
21
-3.4635672834645668
0
LINE
8
BLACK
6
CONTINUOUS
10
5.6995627952755905
20
-3.4635672834645668
11
5.6999044881889764
21
-3.4638397637795273
0
LINE
8
BLACK
6
CONTINUOUS
10
5.6999044881889764
20
-3.4638397637795273
11
5.7045160629921261
21
-3.4679608661417323
0
LINE
8
BLACK
6
CONTINUOUS
10
5.7045160629921261
20
-3.4679608661417323
11
5.7074431496062994
21
-3.4705766141732282
0
LINE
8
BLACK
6
CONTINUOUS
10
5.7074431496062994
20
-3.4705766141732282
11
5.7076020472440945
21
-3.470726811023622
0
LINE
8
BLACK
6
CONTINUOUS
10
5.7076020472440945
20
-3.470726811023622
11
5.7408729527559057
21
-3.5039977165354328
0
LINE
8
BLACK
6
CONTINUOUS
10
5.7408729527559057
20
-3.5039977165354328
11
5.7410231496062991
21
-3.5041566141732283
0
LINE
8
BLACK
6
CONTINUOUS
10
5.7410231496062991
20
-3.5041566141732283
11
5.7477734645669294
21
-3.5117103543307087
0
LINE
8
BLACK
6
CONTINUOUS
10
5.7477734645669294
20
-3.5117103543307087
11
5.7480459842519682
21
-3.5120520866141733
0
LINE
8
BLACK
6
CONTINUOUS
10
5.7480459842519682
20
-3.5120520866141733
11
5.7526236220472438
21
-3.5185038188976376
0
LINE
8
BLACK
6
CONTINUOUS
10
5.7526236220472438
20
-3.5185038188976376
11
5.7538449212598426
21
-3.5202250787401574
0
LINE
8
BLACK
6
CONTINUOUS
10
5.7538449212598426
20
-3.5202250787401574
11
5.7540773622047245
21
-3.5205950393700784
0
LINE
8
BLACK
6
CONTINUOUS
10
5.7540773622047245
20
-3.5205950393700784
11
5.7569055511811023
21
-3.5257124015748031
0
LINE
8
BLACK
6
CONTINUOUS
10
5.7569055511811023
20
-3.5257124015748031
11
5.7589249606299209
21
-3.529366338582677
0
LINE
8
BLACK
6
CONTINUOUS
10
5.7589249606299209
20
-3.529366338582677
11
5.7591145669291341
21
-3.5297601181102363
0
LINE
8
BLACK
6
CONTINUOUS
10
5.7591145669291341
20
-3.5297601181102363
11
5.7629493307086612
21
-3.5390183070866139
0
LINE
8
BLACK
6
CONTINUOUS
10
5.7629493307086612
20
-3.5390183070866139
11
5.763093700787401
21
-3.5394309055118112
0
LINE
8
BLACK
6
CONTINUOUS
10
5.763093700787401
20
-3.5394309055118112
11
5.7658678740157479
21
-3.5490607874015749
0
LINE
8
BLACK
6
CONTINUOUS
10
5.7658678740157479
20
-3.5490607874015749
11
5.7659651181102358
21
-3.5494868897637795
0
LINE
8
BLACK
6
CONTINUOUS
10
5.7659651181102358
20
-3.5494868897637795
11
5.7676435826771648
21
-3.5593664173228348
0
LINE
8
BLACK
6
CONTINUOUS
10
5.7676435826771648
20
-3.5593664173228348
11
5.7676925196850393
21
-3.5598007874015747
0
LINE
8
BLACK
6
CONTINUOUS
10
5.7676925196850393
20
-3.5598007874015747
11
5.7682615354330711
21
-3.5699358661417322
0
LINE
8
BLACK
6
CONTINUOUS
10
5.7682615354330711
20
-3.5699358661417322
11
5.7682676771653538
21
-3.5701543307086614
0
LINE
8
BLACK
6
CONTINUOUS
10
5.7682676771653538
20
-3.5701543307086614
11
5.7682676771653538
21
-3.5732799606299213
0
LINE
8
BLACK
6
CONTINUOUS
10
5.7682676771653538
20
-3.5732799606299213
11
5.7682677165354326
21
-3.5732806299212596
0
LINE
8
BLACK
6
CONTINUOUS
10
5.7682677165354326
20
-3.5732806299212596
11
5.7682677165354326
21
-3.5959507874015748
0
LINE
8
BLACK
6
CONTINUOUS
10
5.7682677165354326
20
-3.5959507874015748
11
5.7692224015748028
21
-3.6007501968503934
0
LINE
8
BLACK
6
CONTINUOUS
10
5.7692224015748028
20
-3.6007501968503934
11
5.7692224015748028
21
-3.6007502755905509
0
LINE
8
BLACK
6
CONTINUOUS
10
5.7692224015748028
20
-3.6007502755905509
11
5.7710949606299211
21
-3.6052711023622046
0
LINE
8
BLACK
6
CONTINUOUS
10
5.7710949606299211
20
-3.6052711023622046
11
5.7710952362204724
21
-3.6052716141732284
0
LINE
8
BLACK
6
CONTINUOUS
10
5.7710952362204724
20
-3.6052716141732284
11
5.7718316929133859
21
-3.6063737401574802
0
LINE
8
BLACK
6
CONTINUOUS
10
5.7718316929133859
20
-3.6063737401574802
11
5.7724856299212597
21
-3.6086921653543307
0
LINE
8
BLACK
6
CONTINUOUS
10
5.7724856299212597
20
-3.6086921653543307
11
5.7724362992125986
21
-3.6091088188976377
0
LINE
8
BLACK
6
CONTINUOUS
10
5.7724362992125986
20
-3.6091088188976377
11
5.7724212598425195
21
-3.6092619685039371
0
LINE
8
BLACK
6
CONTINUOUS
10
5.7724212598425195
20
-3.6092619685039371
11
5.7724212598425195
21
-3.6252057874015748
0
LINE
8
BLACK
6
CONTINUOUS
10
5.7724212598425195
20
-3.6252057874015748
11
5.7716768897637794
21
-3.6274967716535431
0
LINE
8
BLACK
6
CONTINUOUS
10
5.7716768897637794
20
-3.6274967716535431
11
5.7712797244094487
21
-3.6279617716535433
0
LINE
8
BLACK
6
CONTINUOUS
10
5.7712797244094487
20
-3.6279617716535433
11
5.7704021259842522
21
-3.6288393700787402
0
LINE
8
BLACK
6
CONTINUOUS
10
5.7704021259842522
20
-3.6288393700787402
11
5.7686184645669289
21
-3.6328790157480313
0
LINE
8
BLACK
6
CONTINUOUS
10
5.7686184645669289
20
-3.6328790157480313
11
5.7685039370078739
21
-3.633866220472441
0
LINE
8
BLACK
6
CONTINUOUS
10
5.7685039370078739
20
-3.633866220472441
11
5.7685039370078739
21
-3.6375983858267715
0
LINE
8
BLACK
6
CONTINUOUS
10
5.7685039370078739
20
-3.6375983858267715
11
5.7685039763779526
21
-3.6375984251968503
0
LINE
8
BLACK
6
CONTINUOUS
10
5.7685039763779526
20
-3.6375984251968503
11
5.7803149606299211
21
-3.6375984251968503
0
LINE
8
BLACK
6
CONTINUOUS
10
5.7803149606299211
20
-3.6375984251968503
11
5.7803149606299211
21
-3.6356299212598424
0
LINE
8
BLACK
6
CONTINUOUS
10
5.7803149606299211
20
-3.6356299212598424
11
5.8059055118110239
21
-3.6356299212598424
0
LINE
8
BLACK
6
CONTINUOUS
10
5.8059055118110239
20
-3.6356299212598424
11
5.8059055118110239
21
-3.6375984251968503
0
LINE
8
BLACK
6
CONTINUOUS
10
5.8059055118110239
20
-3.6375984251968503
11
5.8177164566929136
21
-3.6375984251968503
0
LINE
8
BLACK
6
CONTINUOUS
10
5.8177164566929136
20
-3.6375984251968503
11
5.8177164960629923
21
-3.6375983858267715
0
LINE
8
BLACK
6
CONTINUOUS
10
5.8177164960629923
20
-3.6375983858267715
11
5.8177164960629923
21
-3.6338665354330706
0
LINE
8
BLACK
6
CONTINUOUS
10
5.8177164960629923
20
-3.6338665354330706
11
5.8177164566929136
21
-3.6338664566929131
0
LINE
8
BLACK
6
CONTINUOUS
10
5.8177164566929136
20
-3.6338664566929131
11
5.8176019685039373
21
-3.6328789370078738
0
LINE
8
BLACK
6
CONTINUOUS
10
5.8176019685039373
20
-3.6328789370078738
11
5.8158183070866141
21
-3.6288393700787402
0
LINE
8
BLACK
6
CONTINUOUS
10
5.8158183070866141
20
-3.6288393700787402
11
5.8158183464566928
21
-3.6288393700787402
0
LINE
8
BLACK
6
CONTINUOUS
10
5.8158183464566928
20
-3.6288393700787402
11
5.8149407480314963
21
-3.6279617716535433
0
LINE
8
BLACK
6
CONTINUOUS
10
5.8149407480314963
20
-3.6279617716535433
11
5.813847204724409
21
-3.6258154330708661
0
LINE
8
BLACK
6
CONTINUOUS
10
5.813847204724409
20
-3.6258154330708661
11
5.8137992125984255
21
-3.6252057874015748
0
LINE
8
BLACK
6
CONTINUOUS
10
5.8137992125984255
20
-3.6252057874015748
11
5.8137992125984255
21
-3.6092620472440946
0
LINE
8
BLACK
6
CONTINUOUS
10
5.8137992125984255
20
-3.6092620472440946
11
5.8137804330708658
21
-3.6090714960629922
0
LINE
8
BLACK
6
CONTINUOUS
10
5.8137804330708658
20
-3.6090714960629922
11
5.8138342913385825
21
-3.6090661811023623
0
LINE
8
BLACK
6
CONTINUOUS
10
5.8138342913385825
20
-3.6090661811023623
11
5.8140898425196852
21
-3.6069073622047245
0
LINE
8
BLACK
6
CONTINUOUS
10
5.8140898425196852
20
-3.6069073622047245
11
5.8143887401574803
21
-3.6063737401574802
0
LINE
8
BLACK
6
CONTINUOUS
10
5.8143887401574803
20
-3.6063737401574802
11
5.8151253937007876
21
-3.6052712992125984
0
LINE
8
BLACK
6
CONTINUOUS
10
5.8151253937007876
20
-3.6052712992125984
11
5.8169980708661413
21
-3.6007502362204722
0
LINE
8
BLACK
6
CONTINUOUS
10
5.8169980708661413
20
-3.6007502362204722
11
5.8179527559055115
21
-3.5959507086614173
0
LINE
8
BLACK
6
CONTINUOUS
10
5.8179527559055115
20
-3.5959507086614173
11
5.8179527559055115
21
-3.5675784645669291
0
LINE
8
BLACK
6
CONTINUOUS
10
5.8179527559055115
20
-3.5675784645669291
11
5.8179527559055115
21
-3.5673946850393699
0
LINE
8
BLACK
6
CONTINUOUS
10
5.8179527559055115
20
-3.5673946850393699
11
5.8179516141732286
21
-3.5673718897637796
0
LINE
8
BLACK
6
CONTINUOUS
10
5.8179516141732286
20
-3.5673718897637796
11
5.8179516141732286
21
-3.5667673622047245
0
LINE
8
BLACK
6
CONTINUOUS
10
5.8179516141732286
20
-3.5667673622047245
11
5.8179516929133861
21
-3.5630027952755903
0
LINE
8
BLACK
6
CONTINUOUS
10
5.8179516929133861
20
-3.5630027952755903
11
5.8165751968503931
21
-3.5490248031496061
0
LINE
8
BLACK
6
CONTINUOUS
10
5.8165751968503931
20
-3.5490248031496061
11
5.8138351968503938
21
-3.5352490551181099
0
LINE
8
BLACK
6
CONTINUOUS
10
5.8138351968503938
20
-3.5352490551181099
11
5.8138351574803151
21
-3.5352490157480316
0
LINE
8
BLACK
6
CONTINUOUS
10
5.8138351574803151
20
-3.5352490157480316
11
5.8138351574803151
21
-3.5352488582677166
0
LINE
8
BLACK
6
CONTINUOUS
10
5.8138351574803151
20
-3.5352488582677166
11
5.812669015748031
21
-3.5314044881889761
0
LINE
8
BLACK
6
CONTINUOUS
10
5.812669015748031
20
-3.5314044881889761
11
5.8123278346456688
21
-3.5308938582677163
0
LINE
8
BLACK
6
CONTINUOUS
10
5.8123278346456688
20
-3.5308938582677163
11
5.8119729133858264
21
-3.5291096062992127
0
LINE
8
BLACK
6
CONTINUOUS
10
5.8119729133858264
20
-3.5291096062992127
11
5.8097582283464568
21
-3.5218083858267715
0
LINE
8
BLACK
6
CONTINUOUS
10
5.8097582283464568
20
-3.5218083858267715
11
5.8097580314960631
21
-3.5218079133858269
0
LINE
8
BLACK
6
CONTINUOUS
10
5.8097580314960631
20
-3.5218079133858269
11
5.8057171259842519
21
-3.5120520866141733
0
LINE
8
BLACK
6
CONTINUOUS
10
5.8057171259842519
20
-3.5120520866141733
11
5.8043832677165357
21
-3.5088317322834643
0
LINE
8
BLACK
6
CONTINUOUS
10
5.8043832677165357
20
-3.5088317322834643
11
5.7977623622047245
21
-3.496444527559055
0
LINE
8
BLACK
6
CONTINUOUS
10
5.7977623622047245
20
-3.496444527559055
11
5.789959173228346
21
-3.4847659842519683
0
LINE
8
BLACK
6
CONTINUOUS
10
5.789959173228346
20
-3.4847659842519683
11
5.7810488582677166
21
-3.4739084645669291
0
LINE
8
BLACK
6
CONTINUOUS
10
5.7810488582677166
20
-3.4739084645669291
11
5.7778131102362202
21
-3.4706726377952757
0
LINE
8
BLACK
6
CONTINUOUS
10
5.7778131102362202
20
-3.4706726377952757
11
5.7778130314960627
21
-3.4706725196850394
0
LINE
8
BLACK
6
CONTINUOUS
10
5.7778130314960627
20
-3.4706725196850394
11
5.7438337401574806
21
-3.4366932283464564
0
LINE
8
BLACK
6
CONTINUOUS
10
5.7438337401574806
20
-3.4366932283464564
11
5.7438320078740155
21
-3.436689842519685
0
LINE
8
BLACK
6
CONTINUOUS
10
5.7438320078740155
20
-3.436689842519685
11
5.7376552755905514
21
-3.4305132677165355
0
LINE
8
BLACK
6
CONTINUOUS
10
5.7376552755905514
20
-3.4305132677165355
11
5.7376237795275591
21
-3.4304832677165353
0
LINE
8
BLACK
6
CONTINUOUS
10
5.7376237795275591
20
-3.4304832677165353
11
5.7353481102362203
21
-3.428207598425197
0
LINE
8
BLACK
6
CONTINUOUS
10
5.7353481102362203
20
-3.428207598425197
11
5.735347992125984
21
-3.4282074803149607
0
LINE
8
BLACK
6
CONTINUOUS
10
5.735347992125984
20
-3.4282074803149607
11
5.732743149606299
21
-3.4264669685039371
0
LINE
8
BLACK
6
CONTINUOUS
10
5.732743149606299
20
-3.4264669685039371
11
5.7324360236220473
21
-3.4262391732283466
0
LINE
8
BLACK
6
CONTINUOUS
10
5.7324360236220473
20
-3.4262391732283466
11
5.7301338188976381
21
-3.4243498818897637
0
LINE
8
BLACK
6
CONTINUOUS
10
5.7301338188976381
20
-3.4243498818897637
11
5.7268489370078735
21
-3.421654094488189
0
LINE
8
BLACK
6
CONTINUOUS
10
5.7268489370078735
20
-3.421654094488189
11
5.7151702755905509
21
-3.4138508267716534
0
LINE
8
BLACK
6
CONTINUOUS
10
5.7151702755905509
20
-3.4138508267716534
11
5.7151702362204722
21
-3.4138507874015747
0
LINE
8
BLACK
6
CONTINUOUS
10
5.7151702362204722
20
-3.4138507874015747
11
5.7151701574803146
21
-3.4138507480314959
0
LINE
8
BLACK
6
CONTINUOUS
10
5.7151701574803146
20
-3.4138507480314959
11
5.71112468503937
21
-3.4116884645669292
0
LINE
8
BLACK
6
CONTINUOUS
10
5.71112468503937
20
-3.4116884645669292
11
5.7111218897637794
21
-3.4116879133858267
0
LINE
8
BLACK
6
CONTINUOUS
10
5.7111218897637794
20
-3.4116879133858267
11
5.7111148031496057
21
-3.4116831889763777
0
LINE
8
BLACK
6
CONTINUOUS
10
5.7111148031496057
20
-3.4116831889763777
11
5.7027833858267716
21
-3.4072300787401573
0
LINE
8
BLACK
6
CONTINUOUS
10
5.7027833858267716
20
-3.4072300787401573
11
5.7027832283464566
21
-3.4072299999999998
0
LINE
8
BLACK
6
CONTINUOUS
10
5.7027832283464566
20
-3.4072299999999998
11
5.7027829921259841
21
-3.4072298818897635
0
LINE
8
BLACK
6
CONTINUOUS
10
5.7027829921259841
20
-3.4072298818897635
11
5.7019262992125981
21
-3.4068750393700786
0
LINE
8
BLACK
6
CONTINUOUS
10
5.7019262992125981
20
-3.4068750393700786
11
5.6898066535433074
21
-3.4018550393700786
0
LINE
8
BLACK
6
CONTINUOUS
10
5.6898066535433074
20
-3.4018550393700786
11
5.6898061811023624
21
-3.4018548425196848
0
LINE
8
BLACK
6
CONTINUOUS
10
5.6898061811023624
20
-3.4018548425196848
11
5.6895110629921257
21
-3.4017653149606297
0
LINE
8
BLACK
6
CONTINUOUS
10
5.6895110629921257
20
-3.4017653149606297
11
5.6891218897637792
21
-3.4016879133858269
0
LINE
8
BLACK
6
CONTINUOUS
10
5.6891218897637792
20
-3.4016879133858269
11
5.6890104724409447
21
-3.4016134645669291
0
LINE
8
BLACK
6
CONTINUOUS
10
5.6890104724409447
20
-3.4016134645669291
11
5.676365590551181
21
-3.3977778740157478
0
LINE
8
BLACK
6
CONTINUOUS
10
5.676365590551181
20
-3.3977778740157478
11
5.6625894488188973
21
-3.3950378346456693
0
LINE
8
BLACK
6
CONTINUOUS
10
5.6625894488188973
20
-3.3950378346456693
11
5.6486117716535436
21
-3.3936613385826773
0
LINE
8
BLACK
6
CONTINUOUS
10
5.6486117716535436
20
-3.3936613385826773
11
5.6486114566929135
21
-3.3936613385826773
0
LINE
8
BLACK
6
CONTINUOUS
10
5.6486114566929135
20
-3.3936613385826773
11
5.6415885826771648
21
-3.3936614173228348
0
LINE
8
BLACK
6
CONTINUOUS
10
5.6415885826771648
20
-3.3936614173228348
11
5.5786117322834645
21
-3.3936614173228348
0
LINE
8
BLACK
6
CONTINUOUS
10
5.5786117322834645
20
-3.3936614173228348
11
5.5763207480314962
21
-3.3929170472440946
0
LINE
8
BLACK
6
CONTINUOUS
10
5.5763207480314962
20
-3.3929170472440946
11
5.5754189763779527
21
-3.3919993700787399
0
LINE
8
BLACK
6
CONTINUOUS
10
5.5754189763779527
20
-3.3919993700787399
11
5.5704893307086616
21
-3.3849590944881891
0
LINE
8
BLACK
6
CONTINUOUS
10
5.5704893307086616
20
-3.3849590944881891
11
5.5704892913385828
21
-3.3849590551181103
0
LINE
8
BLACK
6
CONTINUOUS
10
5.5704892913385828
20
-3.3849590551181103
11
5.5704892125984253
21
-3.3849589370078741
0
LINE
8
BLACK
6
CONTINUOUS
10
5.5704892125984253
20
-3.3849589370078741
11
5.5640568110236215
21
-3.3785265354330707
0
LINE
8
BLACK
6
CONTINUOUS
10
5.5640568110236215
20
-3.3785265354330707
11
5.5640566535433074
21
-3.3785264173228344
0
LINE
8
BLACK
6
CONTINUOUS
10
5.5640566535433074
20
-3.3785264173228344
11
5.5640566141732286
21
-3.3785263779527557
0
LINE
8
BLACK
6
CONTINUOUS
10
5.5640566141732286
20
-3.3785263779527557
11
5.5596886614173231
21
-3.3754679133858265
0
LINE
8
BLACK
6
CONTINUOUS
10
5.5596886614173231
20
-3.3754679133858265
11
5.556605196850394
21
-3.3733088582677166
0
LINE
8
BLACK
6
CONTINUOUS
10
5.556605196850394
20
-3.3733088582677166
11
5.548360748031496
21
-3.3694644094488186
0
LINE
8
BLACK
6
CONTINUOUS
10
5.548360748031496
20
-3.3694644094488186
11
5.5395739370078738
21
-3.3671099999999998
0
LINE
8
BLACK
6
CONTINUOUS
10
5.5395739370078738
20
-3.3671099999999998
11
5.5395738976377951
21
-3.3671099606299211
0
LINE
8
BLACK
6
CONTINUOUS
10
5.5395738976377951
20
-3.3671099606299211
11
5.5395736220472438
21
-3.3671099212598423
0
LINE
8
BLACK
6
CONTINUOUS
10
5.5395736220472438
20
-3.3671099212598423
11
5.5305119291338585
21
-3.3663171653543307
0
LINE
8
BLACK
6
CONTINUOUS
10
5.5305119291338585
20
-3.3663171653543307
11
5.530511692913386
21
-3.3663171653543307
0
LINE
8
BLACK
6
CONTINUOUS
10
5.530511692913386
20
-3.3663171653543307
11
5.521449960629921
21
-3.3671099212598423
0
LINE
8
BLACK
6
CONTINUOUS
10
6.3124698031496065
20
-3.5208988188976376
11
6.3101678740157476
21
-3.5213567322834645
0
LINE
8
BLACK
6
CONTINUOUS
10
6.3101678740157476
20
-3.5213567322834645
11
6.3101676377952751
21
-3.521356811023622
0
LINE
8
BLACK
6
CONTINUOUS
10
6.3101676377952751
20
-3.521356811023622
11
6.3075568110236215
21
-3.523101338582677
0
LINE
8
BLACK
6
CONTINUOUS
10
6.3075568110236215
20
-3.523101338582677
11
6.307556574803149
21
-3.5231015748031496
0
LINE
8
BLACK
6
CONTINUOUS
10
6.307556574803149
20
-3.5231015748031496
11
6.3058120472440944
21
-3.5257124015748031
0
LINE
8
BLACK
6
CONTINUOUS
10
6.3058120472440944
20
-3.5257124015748031
11
6.3058119685039369
21
-3.5257126377952757
0
LINE
8
BLACK
6
CONTINUOUS
10
6.3058119685039369
20
-3.5257126377952757
11
6.3053540551181104
21
-3.5280145669291336
0
LINE
8
BLACK
6
CONTINUOUS
10
6.3053540551181104
20
-3.5280145669291336
11
6.3053540157480317
21
-3.5280150393700787
0
LINE
8
BLACK
6
CONTINUOUS
10
6.3053540157480317
20
-3.5280150393700787
11
6.3053540157480317
21
-3.5645698818897635
0
LINE
8
BLACK
6
CONTINUOUS
10
6.3053540157480317
20
-3.5645698818897635
11
6.3053540551181104
21
-3.5645703543307086
0
LINE
8
BLACK
6
CONTINUOUS
10
6.3053540551181104
20
-3.5645703543307086
11
6.3058119685039369
21
-3.566872283464567
0
LINE
8
BLACK
6
CONTINUOUS
10
6.3058119685039369
20
-3.566872283464567
11
6.3058120472440944
21
-3.5668725196850395
0
LINE
8
BLACK
6
CONTINUOUS
10
6.3058120472440944
20
-3.5668725196850395
11
6.3072649606299214
21
-3.569046929133858
0
LINE
8
BLACK
6
CONTINUOUS
10
6.3072649606299214
20
-3.569046929133858
11
6.3075566929133853
21
-3.5694835039370076
0
LINE
8
BLACK
6
CONTINUOUS
10
6.3075566929133853
20
-3.5694835039370076
11
6.3101677559055114
21
-3.5712281889763777
0
LINE
8
BLACK
6
CONTINUOUS
10
6.3101677559055114
20
-3.5712281889763777
11
6.3124702362204719
21
-3.5716861811023621
0
LINE
8
BLACK
6
CONTINUOUS
10
6.3124702362204719
20
-3.5716861811023621
11
6.3124703543307081
21
-3.5716861811023621
0
LINE
8
BLACK
6
CONTINUOUS
10
6.3124703543307081
20
-3.5716861811023621
11
6.3125320866141728
21
-3.571698464566929
0
LINE
8
BLACK
6
CONTINUOUS
10
6.3125320866141728
20
-3.571698464566929
11
6.3146337795275587
21
-3.5728755118110236
0
LINE
8
BLACK
6
CONTINUOUS
10
6.3146337795275587
20
-3.5728755118110236
11
6.3156422834645669
21
-3.5750631102362203
0
LINE
8
BLACK
6
CONTINUOUS
10
6.3156422834645669
20
-3.5750631102362203
11
6.3156692913385823
21
-3.5755212204724409
0
LINE
8
BLACK
6
CONTINUOUS
10
6.3156692913385823
20
-3.5755212204724409
11
6.3156692913385823
21
-3.6059507874015746
0
LINE
8
BLACK
6
CONTINUOUS
10
6.3156692913385823
20
-3.6059507874015746
11
6.3158699212598428
21
-3.6069594094488187
0
LINE
8
BLACK
6
CONTINUOUS
10
6.3158699212598428
20
-3.6069594094488187
11
6.3165369685039368
21
-3.6103129133858265
0
LINE
8
BLACK
6
CONTINUOUS
10
6.3165369685039368
20
-3.6103129133858265
11
6.3166239763779526
21
-3.6107501968503937
0
LINE
8
BLACK
6
CONTINUOUS
10
6.3166239763779526
20
-3.6107501968503937
11
6.3166239763779526
21
-3.6107502755905512
0
LINE
8
BLACK
6
CONTINUOUS
10
6.3166239763779526
20
-3.6107502755905512
11
6.3184965354330709
21
-3.6152711023622048
0
LINE
8
BLACK
6
CONTINUOUS
10
6.3184965354330709
20
-3.6152711023622048
11
6.3184967716535434
21
-3.6152715354330707
0
LINE
8
BLACK
6
CONTINUOUS
10
6.3184967716535434
20
-3.6152715354330707
11
6.3212153149606296
21
-3.6193400787401573
0
LINE
8
BLACK
6
CONTINUOUS
10
6.3212153149606296
20
-3.6193400787401573
11
6.3213371259842521
21
-3.6194885039370077
0
LINE
8
BLACK
6
CONTINUOUS
10
6.3213371259842521
20
-3.6194885039370077
11
6.3212587007874017
21
-3.6195527952755904
0
LINE
8
BLACK
6
CONTINUOUS
10
6.3212587007874017
20
-3.6195527952755904
11
6.3221764173228348
21
-3.621353937007874
0
LINE
8
BLACK
6
CONTINUOUS
10
6.3221764173228348
20
-3.621353937007874
11
6.3222244094488191
21
-3.6219636614173227
0
LINE
8
BLACK
6
CONTINUOUS
10
6.3222244094488191
20
-3.6219636614173227
11
6.3222244094488191
21
-3.6252057874015748
0
LINE
8
BLACK
6
CONTINUOUS
10
6.3222244094488191
20
-3.6252057874015748
11
6.321480039370079
21
-3.6274967716535431
0
LINE
8
BLACK
6
CONTINUOUS
10
6.321480039370079
20
-3.6274967716535431
11
6.3210828740157483
21
-3.6279617716535433
0
LINE
8
BLACK
6
CONTINUOUS
10
6.3210828740157483
20
-3.6279617716535433
11
6.3202052755905509
21
-3.6288393700787402
0
LINE
8
BLACK
6
CONTINUOUS
10
6.3202052755905509
20
-3.6288393700787402
11
6.3184216141732286
21
-3.6328790157480313
0
LINE
8
BLACK
6
CONTINUOUS
10
6.3184216141732286
20
-3.6328790157480313
11
6.3183070866141735
21
-3.633866220472441
0
LINE
8
BLACK
6
CONTINUOUS
10
6.3183070866141735
20
-3.633866220472441
11
6.3183070866141735
21
-3.6375983858267715
0
LINE
8
BLACK
6
CONTINUOUS
10
6.3183070866141735
20
-3.6375983858267715
11
6.3183071259842523
21
-3.6375984251968503
0
LINE
8
BLACK
6
CONTINUOUS
10
6.3183071259842523
20
-3.6375984251968503
11
6.3301181102362207
21
-3.6375984251968503
0
LINE
8
BLACK
6
CONTINUOUS
10
6.3301181102362207
20
-3.6375984251968503
11
6.3301181102362207
21
-3.6356299212598424
0
LINE
8
BLACK
6
CONTINUOUS
10
6.3301181102362207
20
-3.6356299212598424
11
6.3557086614173226
21
-3.6356299212598424
0
LINE
8
BLACK
6
CONTINUOUS
10
6.3557086614173226
20
-3.6356299212598424
11
6.3557086614173226
21
-3.6375984251968503
0
LINE
8
BLACK
6
CONTINUOUS
10
6.3557086614173226
20
-3.6375984251968503
11
6.3675196062992123
21
-3.6375984251968503
0
LINE
8
BLACK
6
CONTINUOUS
10
6.3675196062992123
20
-3.6375984251968503
11
6.3675196456692911
21
-3.6375983858267715
0
LINE
8
BLACK
6
CONTINUOUS
10
6.3675196456692911
20
-3.6375983858267715
11
6.3675196456692911
21
-3.6338665354330706
0
LINE
8
BLACK
6
CONTINUOUS
10
6.3675196456692911
20
-3.6338665354330706
11
6.3675196062992123
21
-3.6338664566929131
0
LINE
8
BLACK
6
CONTINUOUS
10
6.3675196062992123
20
-3.6338664566929131
11
6.367405118110236
21
-3.6328789370078738
0
LINE
8
BLACK
6
CONTINUOUS
10
6.367405118110236
20
-3.6328789370078738
11
6.3656214566929137
21
-3.6288393700787402
0
LINE
8
BLACK
6
CONTINUOUS
10
6.3656214566929137
20
-3.6288393700787402
11
6.3656214960629915
21
-3.6288393700787402
0
LINE
8
BLACK
6
CONTINUOUS
10
6.3656214960629915
20
-3.6288393700787402
11
6.364743897637795
21
-3.6279617716535433
0
LINE
8
BLACK
6
CONTINUOUS
10
6.364743897637795
20
-3.6279617716535433
11
6.3636503543307086
21
-3.6258154330708661
0
LINE
8
BLACK
6
CONTINUOUS
10
6.3636503543307086
20
-3.6258154330708661
11
6.3636023622047242
21
-3.6252057874015748
0
LINE
8
BLACK
6
CONTINUOUS
10
6.3636023622047242
20
-3.6252057874015748
11
6.3636023622047242
21
-3.6134503149606298
0
LINE
8
BLACK
6
CONTINUOUS
10
6.3636023622047242
20
-3.6134503149606298
11
6.36389905511811
21
-3.6119587795275589
0
LINE
8
BLACK
6
CONTINUOUS
10
6.36389905511811
20
-3.6119587795275589
11
6.3640146062992127
21
-3.611679724409449
0
LINE
8
BLACK
6
CONTINUOUS
10
6.3640146062992127
20
-3.611679724409449
11
6.3643996456692911
21
-3.6107502362204724
0
LINE
8
BLACK
6
CONTINUOUS
10
6.3643996456692911
20
-3.6107502362204724
11
6.3653543307086613
21
-3.6059507086614171
0
LINE
8
BLACK
6
CONTINUOUS
10
6.3653543307086613
20
-3.6059507086614171
11
6.3653543307086613
21
-3.57558031496063
0
LINE
8
BLACK
6
CONTINUOUS
10
6.3653543307086613
20
-3.57558031496063
11
6.3660987007874015
21
-3.5732893307086613
0
LINE
8
BLACK
6
CONTINUOUS
10
6.3660987007874015
20
-3.5732893307086613
11
6.3680475196850388
21
-3.5718734251968502
0
LINE
8
BLACK
6
CONTINUOUS
10
6.3680475196850388
20
-3.5718734251968502
11
6.3688704330708656
21
-3.5717013779527558
0
LINE
8
BLACK
6
CONTINUOUS
10
6.3688704330708656
20
-3.5717013779527558
11
6.3690246062992122
21
-3.5716861811023621
0
LINE
8
BLACK
6
CONTINUOUS
10
6.3690246062992122
20
-3.5716861811023621
11
6.3690251968503935
21
-3.5716861811023621
0
LINE
8
BLACK
6
CONTINUOUS
10
6.3690251968503935
20
-3.5716861811023621
11
6.371327677165354
21
-3.5712281889763777
0
LINE
8
BLACK
6
CONTINUOUS
10
6.371327677165354
20
-3.5712281889763777
11
6.3739387401574801
21
-3.5694835039370076
0
LINE
8
BLACK
6
CONTINUOUS
10
6.3739387401574801
20
-3.5694835039370076
11
6.3756834251968506
21
-3.566872440944882
0
LINE
8
BLACK
6
CONTINUOUS
10
6.3756834251968506
20
-3.566872440944882
11
6.3761414173228346
21
-3.564569960629921
0
LINE
8
BLACK
6
CONTINUOUS
10
6.3761414173228346
20
-3.564569960629921
11
6.3761414173228346
21
-3.5280149999999999
0
LINE
8
BLACK
6
CONTINUOUS
10
6.3761414173228346
20
-3.5280149999999999
11
6.3756834251968506
21
-3.5257125196850394
0
LINE
8
BLACK
6
CONTINUOUS
10
6.3756834251968506
20
-3.5257125196850394
11
6.3739387401574801
21
-3.5231014566929133
0
LINE
8
BLACK
6
CONTINUOUS
10
6.3739387401574801
20
-3.5231014566929133
11
6.3739385826771651
21
-3.523101338582677
0
LINE
8
BLACK
6
CONTINUOUS
10
6.3739385826771651
20
-3.523101338582677
11
6.3713277559055115
21
-3.521356811023622
0
LINE
8
BLACK
6
CONTINUOUS
10
6.3713277559055115
20
-3.521356811023622
11
6.371327677165354
21
-3.5213567716535432
0
LINE
8
BLACK
6
CONTINUOUS
10
6.371327677165354
20
-3.5213567716535432
11
6.3713275590551177
21
-3.5213567322834645
0
LINE
8
BLACK
6
CONTINUOUS
10
6.3713275590551177
20
-3.5213567322834645
11
6.371327519685039
21
-3.5213567322834645
0
LINE
8
BLACK
6
CONTINUOUS
10
6.371327519685039
20
-3.5213567322834645
11
6.369025590551181
21
-3.5208988188976376
0
LINE
8
BLACK
6
CONTINUOUS
10
6.369025590551181
20
-3.5208988188976376
11
6.3690251968503935
21
-3.5208987795275588
0
LINE
8
BLACK
6
CONTINUOUS
10
6.3690251968503935
20
-3.5208987795275588
11
6.3124702362204719
21
-3.5208987795275588
0
LINE
8
BLACK
6
CONTINUOUS
10
6.3124702362204719
20
-3.5208987795275588
11
6.3124701968503931
21
-3.5208987795275588
0
LINE
8
BLACK
6
CONTINUOUS
10
6.3124701968503931
20
-3.5208987795275588
11
6.3124698031496065
21
-3.5208988188976376
0
LINE
8
BLACK
6
CONTINUOUS
10
5.3883204330708656
20
-3.569046929133858
11
5.3894035433070862
21
-3.5700518897637794
0
LINE
8
BLACK
6
CONTINUOUS
10
5.3894035433070862
20
-3.5700518897637794
11
5.3894037007874012
21
-3.5700520078740157
0
LINE
8
BLACK
6
CONTINUOUS
10
5.3894037007874012
20
-3.5700520078740157
11
5.3975457480314963
21
-3.575603149606299
0
LINE
8
BLACK
6
CONTINUOUS
10
5.3975457480314963
20
-3.575603149606299
11
5.4064239763779529
21
-3.5798786220472438
0
LINE
8
BLACK
6
CONTINUOUS
10
5.4064239763779529
20
-3.5798786220472438
11
5.4158402755905515
21
-3.5827831889763777
0
LINE
8
BLACK
6
CONTINUOUS
10
5.4158402755905515
20
-3.5827831889763777
11
5.4158406692913381
21
-3.5827832677165352
0
LINE
8
BLACK
6
CONTINUOUS
10
5.4158406692913381
20
-3.5827832677165352
11
5.4255845275590548
21
-3.5842519291338584
0
LINE
8
BLACK
6
CONTINUOUS
10
5.4255845275590548
20
-3.5842519291338584
11
5.4255848818897636
21
-3.5842519685039371
0
LINE
8
BLACK
6
CONTINUOUS
10
5.4255848818897636
20
-3.5842519685039371
11
5.4354387401574806
21
-3.5842519685039371
0
LINE
8
BLACK
6
CONTINUOUS
10
5.4354387401574806
20
-3.5842519685039371
11
5.4354390551181098
21
-3.5842519291338584
0
LINE
8
BLACK
6
CONTINUOUS
10
5.4354390551181098
20
-3.5842519291338584
11
5.4451829133858265
21
-3.5827832677165352
0
LINE
8
BLACK
6
CONTINUOUS
10
5.4451829133858265
20
-3.5827832677165352
11
5.445183307086614
21
-3.5827831889763777
0
LINE
8
BLACK
6
CONTINUOUS
10
5.445183307086614
20
-3.5827831889763777
11
5.4545996062992126
21
-3.5798786220472438
0
LINE
8
BLACK
6
CONTINUOUS
10
5.4545996062992126
20
-3.5798786220472438
11
5.4634778740157479
21
-3.575603149606299
0
LINE
8
BLACK
6
CONTINUOUS
10
5.4634778740157479
20
-3.575603149606299
11
5.4716196456692909
21
-3.5700522047244094
0
LINE
8
BLACK
6
CONTINUOUS
10
5.4716196456692909
20
-3.5700522047244094
11
5.4716200393700785
21
-3.5700518897637794
0
LINE
8
BLACK
6
CONTINUOUS
10
5.4716200393700785
20
-3.5700518897637794
11
5.4727031102362202
21
-3.569046929133858
0
LINE
8
BLACK
6
CONTINUOUS
10
5.4727031102362202
20
-3.569046929133858
11
5.4641185433070865
21
-3.5604623622047242
0
LINE
8
BLACK
6
CONTINUOUS
10
5.4641185433070865
20
-3.5604623622047242
11
5.4600125590551176
21
-3.5636581889763779
0
LINE
8
BLACK
6
CONTINUOUS
10
5.4600125590551176
20
-3.5636581889763779
11
5.4521780708661414
21
-3.5678979921259844
0
LINE
8
BLACK
6
CONTINUOUS
10
5.4521780708661414
20
-3.5678979921259844
11
5.4437525590551177
21
-3.5707904724409447
0
LINE
8
BLACK
6
CONTINUOUS
10
5.4437525590551177
20
-3.5707904724409447
11
5.4349659055118105
21
-3.5722567322834644
0
LINE
8
BLACK
6
CONTINUOUS
10
5.4349659055118105
20
-3.5722567322834644
11
5.4260577165354329
21
-3.5722567322834644
0
LINE
8
BLACK
6
CONTINUOUS
10
5.4260577165354329
20
-3.5722567322834644
11
5.4172710629921257
21
-3.5707904724409447
0
LINE
8
BLACK
6
CONTINUOUS
10
5.4172710629921257
20
-3.5707904724409447
11
5.408845551181102
21
-3.5678979921259844
0
LINE
8
BLACK
6
CONTINUOUS
10
5.408845551181102
20
-3.5678979921259844
11
5.4010110629921257
21
-3.5636581889763779
0
LINE
8
BLACK
6
CONTINUOUS
10
5.4010110629921257
20
-3.5636581889763779
11
5.3969050000000003
21
-3.5604623228346455
0
LINE
8
BLACK
6
CONTINUOUS
10
5.3969050000000003
20
-3.5604623228346455
11
5.3883204330708656
21
-3.569046929133858
0
LINE
8
BLACK
6
CONTINUOUS
10
5.6600125590551178
20
-3.5636581889763779
11
5.6521780708661415
21
-3.5678979921259844
0
LINE
8
BLACK
6
CONTINUOUS
10
5.6521780708661415
20
-3.5678979921259844
11
5.6437525590551179
21
-3.5707904724409447
0
LINE
8
BLACK
6
CONTINUOUS
10
5.6437525590551179
20
-3.5707904724409447
11
5.6349659055118106
21
-3.5722567322834644
0
LINE
8
BLACK
6
CONTINUOUS
10
5.6349659055118106
20
-3.5722567322834644
11
5.6260577165354331
21
-3.5722567322834644
0
LINE
8
BLACK
6
CONTINUOUS
10
5.6260577165354331
20
-3.5722567322834644
11
5.6172710629921259
21
-3.5707904724409447
0
LINE
8
BLACK
6
CONTINUOUS
10
5.6172710629921259
20
-3.5707904724409447
11
5.6088455511811022
21
-3.5678979921259844
0
LINE
8
BLACK
6
CONTINUOUS
10
5.6088455511811022
20
-3.5678979921259844
11
5.6010110629921259
21
-3.5636581889763779
0
LINE
8
BLACK
6
CONTINUOUS
10
5.6010110629921259
20
-3.5636581889763779
11
5.5969049999999996
21
-3.5604623228346455
0
LINE
8
BLACK
6
CONTINUOUS
10
5.5969049999999996
20
-3.5604623228346455
11
5.5883204330708658
21
-3.569046929133858
0
LINE
8
BLACK
6
CONTINUOUS
10
5.5883204330708658
20
-3.569046929133858
11
5.5894035433070863
21
-3.5700518897637794
0
LINE
8
BLACK
6
CONTINUOUS
10
5.5894035433070863
20
-3.5700518897637794
11
5.5894037007874013
21
-3.5700520078740157
0
LINE
8
BLACK
6
CONTINUOUS
10
5.5894037007874013
20
-3.5700520078740157
11
5.5975457480314956
21
-3.575603149606299
0
LINE
8
BLACK
6
CONTINUOUS
10
5.5975457480314956
20
-3.575603149606299
11
5.6064239763779522
21
-3.5798786220472438
0
LINE
8
BLACK
6
CONTINUOUS
10
5.6064239763779522
20
-3.5798786220472438
11
5.6158402755905508
21
-3.5827831889763777
0
LINE
8
BLACK
6
CONTINUOUS
10
5.6158402755905508
20
-3.5827831889763777
11
5.6158406692913383
21
-3.5827832677165352
0
LINE
8
BLACK
6
CONTINUOUS
10
5.6158406692913383
20
-3.5827832677165352
11
5.625584527559055
21
-3.5842519291338584
0
LINE
8
BLACK
6
CONTINUOUS
10
5.625584527559055
20
-3.5842519291338584
11
5.6255848818897638
21
-3.5842519685039371
0
LINE
8
BLACK
6
CONTINUOUS
10
5.6255848818897638
20
-3.5842519685039371
11
5.6354387401574799
21
-3.5842519685039371
0
LINE
8
BLACK
6
CONTINUOUS
10
5.6354387401574799
20
-3.5842519685039371
11
5.6354390551181099
21
-3.5842519291338584
0
LINE
8
BLACK
6
CONTINUOUS
10
5.6354390551181099
20
-3.5842519291338584
11
5.6451829133858267
21
-3.5827832677165352
0
LINE
8
BLACK
6
CONTINUOUS
10
5.6451829133858267
20
-3.5827832677165352
11
5.6451833070866142
21
-3.5827831889763777
0
LINE
8
BLACK
6
CONTINUOUS
10
5.6451833070866142
20
-3.5827831889763777
11
5.6545996062992128
21
-3.5798786220472438
0
LINE
8
BLACK
6
CONTINUOUS
10
5.6545996062992128
20
-3.5798786220472438
11
5.6634778740157481
21
-3.575603149606299
0
LINE
8
BLACK
6
CONTINUOUS
10
5.6634778740157481
20
-3.575603149606299
11
5.6716196456692911
21
-3.5700522047244094
0
LINE
8
BLACK
6
CONTINUOUS
10
5.6716196456692911
20
-3.5700522047244094
11
5.6716200393700786
21
-3.5700518897637794
0
LINE
8
BLACK
6
CONTINUOUS
10
5.6716200393700786
20
-3.5700518897637794
11
5.6727031496062992
21
-3.569046929133858
0
LINE
8
BLACK
6
CONTINUOUS
10
5.6727031496062992
20
-3.569046929133858
11
5.6641185433070866
21
-3.5604623228346455
0
LINE
8
BLACK
6
CONTINUOUS
10
5.6641185433070866
20
-3.5604623228346455
11
5.6600125590551178
21
-3.5636581889763779
0
LINE
8
BLACK
6
CONTINUOUS
10
6.5600125590551182
20
-3.5636581889763779
11
6.5521780708661419
21
-3.5678979921259844
0
LINE
8
BLACK
6
CONTINUOUS
10
6.5521780708661419
20
-3.5678979921259844
11
6.5437525590551182
21
-3.5707904724409447
0
LINE
8
BLACK
6
CONTINUOUS
10
6.5437525590551182
20
-3.5707904724409447
11
6.534965905511811
21
-3.5722567322834644
0
LINE
8
BLACK
6
CONTINUOUS
10
6.534965905511811
20
-3.5722567322834644
11
6.5260577165354325
21
-3.5722567322834644
0
LINE
8
BLACK
6
CONTINUOUS
10
6.5260577165354325
20
-3.5722567322834644
11
6.5172710629921262
21
-3.5707904724409447
0
LINE
8
BLACK
6
CONTINUOUS
10
6.5172710629921262
20
-3.5707904724409447
11
6.5088455511811025
21
-3.5678979921259844
0
LINE
8
BLACK
6
CONTINUOUS
10
6.5088455511811025
20
-3.5678979921259844
11
6.5010110629921263
21
-3.5636581889763779
0
LINE
8
BLACK
6
CONTINUOUS
10
6.5010110629921263
20
-3.5636581889763779
11
6.4969049999999999
21
-3.5604623228346455
0
LINE
8
BLACK
6
CONTINUOUS
10
6.4969049999999999
20
-3.5604623228346455
11
6.4883204330708661
21
-3.569046929133858
0
LINE
8
BLACK
6
CONTINUOUS
10
6.4883204330708661
20
-3.569046929133858
11
6.4894035433070867
21
-3.5700518897637794
0
LINE
8
BLACK
6
CONTINUOUS
10
6.4894035433070867
20
-3.5700518897637794
11
6.4894037007874017
21
-3.5700520078740157
0
LINE
8
BLACK
6
CONTINUOUS
10
6.4894037007874017
20
-3.5700520078740157
11
6.497545748031496
21
-3.575603149606299
0
LINE
8
BLACK
6
CONTINUOUS
10
6.497545748031496
20
-3.575603149606299
11
6.5064239763779526
21
-3.5798786220472438
0
LINE
8
BLACK
6
CONTINUOUS
10
6.5064239763779526
20
-3.5798786220472438
11
6.5158402755905511
21
-3.5827831889763777
0
LINE
8
BLACK
6
CONTINUOUS
10
6.5158402755905511
20
-3.5827831889763777
11
6.5158406692913386
21
-3.5827832677165352
0
LINE
8
BLACK
6
CONTINUOUS
10
6.5158406692913386
20
-3.5827832677165352
11
6.5255845275590554
21
-3.5842519291338584
0
LINE
8
BLACK
6
CONTINUOUS
10
6.5255845275590554
20
-3.5842519291338584
11
6.5255848818897633
21
-3.5842519685039371
0
LINE
8
BLACK
6
CONTINUOUS
10
6.5255848818897633
20
-3.5842519685039371
11
6.5354387401574803
21
-3.5842519685039371
0
LINE
8
BLACK
6
CONTINUOUS
10
6.5354387401574803
20
-3.5842519685039371
11
6.5354390551181103
21
-3.5842519291338584
0
LINE
8
BLACK
6
CONTINUOUS
10
6.5354390551181103
20
-3.5842519291338584
11
6.545182913385827
21
-3.5827832677165352
0
LINE
8
BLACK
6
CONTINUOUS
10
6.545182913385827
20
-3.5827832677165352
11
6.5451833070866137
21
-3.5827831889763777
0
LINE
8
BLACK
6
CONTINUOUS
10
6.5451833070866137
20
-3.5827831889763777
11
6.5545996062992122
21
-3.5798786220472438
0
LINE
8
BLACK
6
CONTINUOUS
10
6.5545996062992122
20
-3.5798786220472438
11
6.5634778740157476
21
-3.575603149606299
0
LINE
8
BLACK
6
CONTINUOUS
10
6.5634778740157476
20
-3.575603149606299
11
6.5716196456692915
21
-3.5700522047244094
0
LINE
8
BLACK
6
CONTINUOUS
10
6.5716196456692915
20
-3.5700522047244094
11
6.571620039370079
21
-3.5700518897637794
0
LINE
8
BLACK
6
CONTINUOUS
10
6.571620039370079
20
-3.5700518897637794
11
6.5727031496062986
21
-3.569046929133858
0
LINE
8
BLACK
6
CONTINUOUS
10
6.5727031496062986
20
-3.569046929133858
11
6.5641185433070861
21
-3.5604623228346455
0
LINE
8
BLACK
6
CONTINUOUS
10
6.5641185433070861
20
-3.5604623228346455
11
6.5600125590551182
21
-3.5636581889763779
0
LINE
8
BLACK
6
CONTINUOUS
10
6.6883204330708663
20
-3.569046929133858
11
6.6894035433070869
21
-3.5700518897637794
0
LINE
8
BLACK
6
CONTINUOUS
10
6.6894035433070869
20
-3.5700518897637794
11
6.689403700787401
21
-3.5700520078740157
0
LINE
8
BLACK
6
CONTINUOUS
10
6.689403700787401
20
-3.5700520078740157
11
6.6975457480314962
21
-3.575603149606299
0
LINE
8
BLACK
6
CONTINUOUS
10
6.6975457480314962
20
-3.575603149606299
11
6.7064239763779527
21
-3.5798786220472438
0
LINE
8
BLACK
6
CONTINUOUS
10
6.7064239763779527
20
-3.5798786220472438
11
6.7158402755905513
21
-3.5827831889763777
0
LINE
8
BLACK
6
CONTINUOUS
10
6.7158402755905513
20
-3.5827831889763777
11
6.7158406692913388
21
-3.5827832677165352
0
LINE
8
BLACK
6
CONTINUOUS
10
6.7158406692913388
20
-3.5827832677165352
11
6.7255845275590547
21
-3.5842519291338584
0
LINE
8
BLACK
6
CONTINUOUS
10
6.7255845275590547
20
-3.5842519291338584
11
6.7255848818897634
21
-3.5842519685039371
0
LINE
8
BLACK
6
CONTINUOUS
10
6.7255848818897634
20
-3.5842519685039371
11
6.7354387401574805
21
-3.5842519685039371
0
LINE
8
BLACK
6
CONTINUOUS
10
6.7354387401574805
20
-3.5842519685039371
11
6.7354390551181105
21
-3.5842519291338584
0
LINE
8
BLACK
6
CONTINUOUS
10
6.7354390551181105
20
-3.5842519291338584
11
6.7451829133858263
21
-3.5827832677165352
0
LINE
8
BLACK
6
CONTINUOUS
10
6.7451829133858263
20
-3.5827832677165352
11
6.7451833070866138
21
-3.5827831889763777
0
LINE
8
BLACK
6
CONTINUOUS
10
6.7451833070866138
20
-3.5827831889763777
11
6.7545996062992124
21
-3.5798786220472438
0
LINE
8
BLACK
6
CONTINUOUS
10
6.7545996062992124
20
-3.5798786220472438
11
6.7634778740157477
21
-3.575603149606299
0
LINE
8
BLACK
6
CONTINUOUS
10
6.7634778740157477
20
-3.575603149606299
11
6.7716196456692908
21
-3.5700522047244094
0
LINE
8
BLACK
6
CONTINUOUS
10
6.7716196456692908
20
-3.5700522047244094
11
6.7716200393700783
21
-3.5700518897637794
0
LINE
8
BLACK
6
CONTINUOUS
10
6.7716200393700783
20
-3.5700518897637794
11
6.7727031102362201
21
-3.569046929133858
0
LINE
8
BLACK
6
CONTINUOUS
10
6.7727031102362201
20
-3.569046929133858
11
6.7641185433070863
21
-3.5604623622047242
0
LINE
8
BLACK
6
CONTINUOUS
10
6.7641185433070863
20
-3.5604623622047242
11
6.7600125590551183
21
-3.5636581889763779
0
LINE
8
BLACK
6
CONTINUOUS
10
6.7600125590551183
20
-3.5636581889763779
11
6.7521780708661412
21
-3.5678979921259844
0
LINE
8
BLACK
6
CONTINUOUS
10
6.7521780708661412
20
-3.5678979921259844
11
6.7437525590551184
21
-3.5707904724409447
0
LINE
8
BLACK
6
CONTINUOUS
10
6.7437525590551184
20
-3.5707904724409447
11
6.7349659055118112
21
-3.5722567322834644
0
LINE
8
BLACK
6
CONTINUOUS
10
6.7349659055118112
20
-3.5722567322834644
11
6.7260577165354327
21
-3.5722567322834644
0
LINE
8
BLACK
6
CONTINUOUS
10
6.7260577165354327
20
-3.5722567322834644
11
6.7172710629921255
21
-3.5707904724409447
0
LINE
8
BLACK
6
CONTINUOUS
10
6.7172710629921255
20
-3.5707904724409447
11
6.7088455511811018
21
-3.5678979921259844
0
LINE
8
BLACK
6
CONTINUOUS
10
6.7088455511811018
20
-3.5678979921259844
11
6.7010110629921256
21
-3.5636581889763779
0
LINE
8
BLACK
6
CONTINUOUS
10
6.7010110629921256
20
-3.5636581889763779
11
6.6969050000000001
21
-3.5604623228346455
0
LINE
8
BLACK
6
CONTINUOUS
10
6.6969050000000001
20
-3.5604623228346455
11
6.6883204330708663
21
-3.569046929133858
0
LINE
8
BLACK
6
CONTINUOUS
10
5.4957077952755906
20
-3.5086774015748032
11
5.4957077165354331
21
-3.5086770078740157
0
LINE
8
BLACK
6
CONTINUOUS
10
5.4957077165354331
20
-3.5086770078740157
11
5.4935149999999995
21
-3.4990699212598426
0
LINE
8
BLACK
6
CONTINUOUS
10
5.4935149999999995
20
-3.4990699212598426
11
5.4899149212598424
21
-3.4898971653543307
0
LINE
8
BLACK
6
CONTINUOUS
10
5.4899149212598424
20
-3.4898971653543307
11
5.4899145669291336
21
-3.4898964173228344
0
LINE
8
BLACK
6
CONTINUOUS
10
5.4899145669291336
20
-3.4898964173228344
11
5.4849878346456693
21
-3.4813630708661418
0
LINE
8
BLACK
6
CONTINUOUS
10
5.4849878346456693
20
-3.4813630708661418
11
5.4849876771653543
21
-3.4813628346456693
0
LINE
8
BLACK
6
CONTINUOUS
10
5.4849876771653543
20
-3.4813628346456693
11
5.4810022047244091
21
-3.4763651574803149
0
LINE
8
BLACK
6
CONTINUOUS
10
5.4810022047244091
20
-3.4763651574803149
11
5.4725563385826774
21
-3.4848109842519683
0
LINE
8
BLACK
6
CONTINUOUS
10
5.4725563385826774
20
-3.4848109842519683
11
5.4730756692913385
21
-3.4853751574803149
0
LINE
8
BLACK
6
CONTINUOUS
10
5.4730756692913385
20
-3.4853751574803149
11
5.4779479921259844
21
-3.4928327559055119
0
LINE
8
BLACK
6
CONTINUOUS
10
5.4779479921259844
20
-3.4928327559055119
11
5.4815263779527559
21
-3.5009906299212599
0
LINE
8
BLACK
6
CONTINUOUS
10
5.4815263779527559
20
-3.5009906299212599
11
5.4837131889763775
21
-3.5096261811023619
0
LINE
8
BLACK
6
CONTINUOUS
10
5.4837131889763775
20
-3.5096261811023619
11
5.4844488188976372
21
-3.5185039370078739
0
LINE
8
BLACK
6
CONTINUOUS
10
5.4844488188976372
20
-3.5185039370078739
11
5.4837131889763775
21
-3.5273816929133859
0
LINE
8
BLACK
6
CONTINUOUS
10
5.4837131889763775
20
-3.5273816929133859
11
5.4815263779527559
21
-3.5360172440944879
0
LINE
8
BLACK
6
CONTINUOUS
10
5.4815263779527559
20
-3.5360172440944879
11
5.4779479921259844
21
-3.5441751181102363
0
LINE
8
BLACK
6
CONTINUOUS
10
5.4779479921259844
20
-3.5441751181102363
11
5.4730756692913385
21
-3.5516327165354329
0
LINE
8
BLACK
6
CONTINUOUS
10
5.4730756692913385
20
-3.5516327165354329
11
5.4725563779527562
21
-3.5521968110236219
0
LINE
8
BLACK
6
CONTINUOUS
10
5.4725563779527562
20
-3.5521968110236219
11
5.4810022047244091
21
-3.5606426377952753
0
LINE
8
BLACK
6
CONTINUOUS
10
5.4810022047244091
20
-3.5606426377952753
11
5.4849874409448818
21
-3.5556453149606297
0
LINE
8
BLACK
6
CONTINUOUS
10
5.4849874409448818
20
-3.5556453149606297
11
5.4849878346456693
21
-3.5556447637795277
0
LINE
8
BLACK
6
CONTINUOUS
10
5.4849878346456693
20
-3.5556447637795277
11
5.4899145669291336
21
-3.5471114173228346
0
LINE
8
BLACK
6
CONTINUOUS
10
5.4899145669291336
20
-3.5471114173228346
11
5.4899149212598424
21
-3.5471106692913383
0
LINE
8
BLACK
6
CONTINUOUS
10
5.4899149212598424
20
-3.5471106692913383
11
5.4935149999999995
21
-3.5379379133858269
0
LINE
8
BLACK
6
CONTINUOUS
10
5.4935149999999995
20
-3.5379379133858269
11
5.4957077165354331
21
-3.5283308267716533
0
LINE
8
BLACK
6
CONTINUOUS
10
5.4957077165354331
20
-3.5283308267716533
11
5.4957077952755906
21
-3.5283304330708662
0
LINE
8
BLACK
6
CONTINUOUS
10
5.4957077952755906
20
-3.5283304330708662
11
5.4964442125984254
21
-3.5185040157480314
0
LINE
8
BLACK
6
CONTINUOUS
10
5.4964442125984254
20
-3.5185040157480314
11
5.4964442125984254
21
-3.5185038188976376
0
LINE
8
BLACK
6
CONTINUOUS
10
5.4964442125984254
20
-3.5185038188976376
11
5.4957077952755906
21
-3.5086774015748032
0
LINE
8
BLACK
6
CONTINUOUS
10
5.6725563385826767
20
-3.4848109842519683
11
5.6730756692913387
21
-3.4853751574803149
0
LINE
8
BLACK
6
CONTINUOUS
10
5.6730756692913387
20
-3.4853751574803149
11
5.6779479921259846
21
-3.4928327559055119
0
LINE
8
BLACK
6
CONTINUOUS
10
5.6779479921259846
20
-3.4928327559055119
11
5.6815263779527561
21
-3.5009906299212599
0
LINE
8
BLACK
6
CONTINUOUS
10
5.6815263779527561
20
-3.5009906299212599
11
5.6837131889763777
21
-3.5096261811023619
0
LINE
8
BLACK
6
CONTINUOUS
10
5.6837131889763777
20
-3.5096261811023619
11
5.6844488188976374
21
-3.5185039370078739
0
LINE
8
BLACK
6
CONTINUOUS
10
5.6844488188976374
20
-3.5185039370078739
11
5.6837131889763777
21
-3.5273816929133859
0
LINE
8
BLACK
6
CONTINUOUS
10
5.6837131889763777
20
-3.5273816929133859
11
5.6815263779527561
21
-3.5360172440944879
0
LINE
8
BLACK
6
CONTINUOUS
10
5.6815263779527561
20
-3.5360172440944879
11
5.6779479921259846
21
-3.5441751181102363
0
LINE
8
BLACK
6
CONTINUOUS
10
5.6779479921259846
20
-3.5441751181102363
11
5.6730756692913387
21
-3.5516327165354329
0
LINE
8
BLACK
6
CONTINUOUS
10
5.6730756692913387
20
-3.5516327165354329
11
5.6725563779527555
21
-3.5521968110236219
0
LINE
8
BLACK
6
CONTINUOUS
10
5.6725563779527555
20
-3.5521968110236219
11
5.6810022047244093
21
-3.5606426377952753
0
LINE
8
BLACK
6
CONTINUOUS
10
5.6810022047244093
20
-3.5606426377952753
11
5.684987440944882
21
-3.5556453149606297
0
LINE
8
BLACK
6
CONTINUOUS
10
5.684987440944882
20
-3.5556453149606297
11
5.6849878346456695
21
-3.5556447637795277
0
LINE
8
BLACK
6
CONTINUOUS
10
5.6849878346456695
20
-3.5556447637795277
11
5.6899145669291338
21
-3.5471114173228346
0
LINE
8
BLACK
6
CONTINUOUS
10
5.6899145669291338
20
-3.5471114173228346
11
5.6899149212598426
21
-3.5471106692913383
0
LINE
8
BLACK
6
CONTINUOUS
10
5.6899149212598426
20
-3.5471106692913383
11
5.6935149999999997
21
-3.5379379133858269
0
LINE
8
BLACK
6
CONTINUOUS
10
5.6935149999999997
20
-3.5379379133858269
11
5.6957077165354333
21
-3.5283308267716533
0
LINE
8
BLACK
6
CONTINUOUS
10
5.6957077165354333
20
-3.5283308267716533
11
5.6957077952755908
21
-3.5283304330708662
0
LINE
8
BLACK
6
CONTINUOUS
10
5.6957077952755908
20
-3.5283304330708662
11
5.6964442125984247
21
-3.5185040157480314
0
LINE
8
BLACK
6
CONTINUOUS
10
5.6964442125984247
20
-3.5185040157480314
11
5.6964442125984247
21
-3.5185038188976376
0
LINE
8
BLACK
6
CONTINUOUS
10
5.6964442125984247
20
-3.5185038188976376
11
5.6957077952755908
21
-3.5086774015748032
0
LINE
8
BLACK
6
CONTINUOUS
10
5.6957077952755908
20
-3.5086774015748032
11
5.6957077165354333
21
-3.5086770078740157
0
LINE
8
BLACK
6
CONTINUOUS
10
5.6957077165354333
20
-3.5086770078740157
11
5.6935149999999997
21
-3.4990699212598426
0
LINE
8
BLACK
6
CONTINUOUS
10
5.6935149999999997
20
-3.4990699212598426
11
5.6899149212598426
21
-3.4898971653543307
0
LINE
8
BLACK
6
CONTINUOUS
10
5.6899149212598426
20
-3.4898971653543307
11
5.6899145669291338
21
-3.4898964173228344
0
LINE
8
BLACK
6
CONTINUOUS
10
5.6899145669291338
20
-3.4898964173228344
11
5.6849878346456695
21
-3.4813630708661418
0
LINE
8
BLACK
6
CONTINUOUS
10
5.6849878346456695
20
-3.4813630708661418
11
5.6849876771653545
21
-3.4813628346456693
0
LINE
8
BLACK
6
CONTINUOUS
10
5.6849876771653545
20
-3.4813628346456693
11
5.6810022047244093
21
-3.4763651574803149
0
LINE
8
BLACK
6
CONTINUOUS
10
5.6810022047244093
20
-3.4763651574803149
11
5.6725563385826767
21
-3.4848109842519683
0
LINE
8
BLACK
6
CONTINUOUS
10
6.4760358267716533
20
-3.4813629527559056
11
6.4711088188976378
21
-3.4898968110236219
0
LINE
8
BLACK
6
CONTINUOUS
10
6.4711088188976378
20
-3.4898968110236219
11
6.4711086614173228
21
-3.4898971653543307
0
LINE
8
BLACK
6
CONTINUOUS
10
6.4711086614173228
20
-3.4898971653543307
11
6.4675085826771648
21
-3.4990699212598426
0
LINE
8
BLACK
6
CONTINUOUS
10
6.4675085826771648
20
-3.4990699212598426
11
6.465315866141732
21
-3.5086770078740157
0
LINE
8
BLACK
6
CONTINUOUS
10
6.465315866141732
20
-3.5086770078740157
11
6.4653157874015745
21
-3.5086774015748032
0
LINE
8
BLACK
6
CONTINUOUS
10
6.4653157874015745
20
-3.5086774015748032
11
6.4645794094488185
21
-3.5185038188976376
0
LINE
8
BLACK
6
CONTINUOUS
10
6.4645794094488185
20
-3.5185038188976376
11
6.4645794094488185
21
-3.5185040157480314
0
LINE
8
BLACK
6
CONTINUOUS
10
6.4645794094488185
20
-3.5185040157480314
11
6.4653157874015745
21
-3.5283304330708662
0
LINE
8
BLACK
6
CONTINUOUS
10
6.4653157874015745
20
-3.5283304330708662
11
6.465315866141732
21
-3.5283308267716533
0
LINE
8
BLACK
6
CONTINUOUS
10
6.465315866141732
20
-3.5283308267716533
11
6.4675085826771648
21
-3.5379379133858269
0
LINE
8
BLACK
6
CONTINUOUS
10
6.4675085826771648
20
-3.5379379133858269
11
6.4711086614173228
21
-3.5471106692913383
0
LINE
8
BLACK
6
CONTINUOUS
10
6.4711086614173228
20
-3.5471106692913383
11
6.4711090157480315
21
-3.5471114173228346
0
LINE
8
BLACK
6
CONTINUOUS
10
6.4711090157480315
20
-3.5471114173228346
11
6.4760357480314958
21
-3.5556447637795277
0
LINE
8
BLACK
6
CONTINUOUS
10
6.4760357480314958
20
-3.5556447637795277
11
6.4760359055118109
21
-3.5556449999999997
0
LINE
8
BLACK
6
CONTINUOUS
10
6.4760359055118109
20
-3.5556449999999997
11
6.4800213385826773
21
-3.5606426377952753
0
LINE
8
BLACK
6
CONTINUOUS
10
6.4800213385826773
20
-3.5606426377952753
11
6.4884671653543302
21
-3.5521967322834644
0
LINE
8
BLACK
6
CONTINUOUS
10
6.4884671653543302
20
-3.5521967322834644
11
6.4879479527559054
21
-3.5516327165354329
0
LINE
8
BLACK
6
CONTINUOUS
10
6.4879479527559054
20
-3.5516327165354329
11
6.4830756299212595
21
-3.5441751181102363
0
LINE
8
BLACK
6
CONTINUOUS
10
6.4830756299212595
20
-3.5441751181102363
11
6.479497244094488
21
-3.5360172440944879
0
LINE
8
BLACK
6
CONTINUOUS
10
6.479497244094488
20
-3.5360172440944879
11
6.4773104330708664
21
-3.5273816929133859
0
LINE
8
BLACK
6
CONTINUOUS
10
6.4773104330708664
20
-3.5273816929133859
11
6.4765748031496058
21
-3.5185039370078739
0
LINE
8
BLACK
6
CONTINUOUS
10
6.4765748031496058
20
-3.5185039370078739
11
6.4773104330708664
21
-3.5096261811023619
0
LINE
8
BLACK
6
CONTINUOUS
10
6.4773104330708664
20
-3.5096261811023619
11
6.479497244094488
21
-3.5009906299212599
0
LINE
8
BLACK
6
CONTINUOUS
10
6.479497244094488
20
-3.5009906299212599
11
6.4830756299212595
21
-3.4928327559055119
0
LINE
8
BLACK
6
CONTINUOUS
10
6.4830756299212595
20
-3.4928327559055119
11
6.4879479527559054
21
-3.4853751574803149
0
LINE
8
BLACK
6
CONTINUOUS
10
6.4879479527559054
20
-3.4853751574803149
11
6.488467204724409
21
-3.4848110236220471
0
LINE
8
BLACK
6
CONTINUOUS
10
6.488467204724409
20
-3.4848110236220471
11
6.4800213385826773
21
-3.4763651574803149
0
LINE
8
BLACK
6
CONTINUOUS
10
6.4800213385826773
20
-3.4763651574803149
11
6.4760358267716533
21
-3.4813629527559056
0
LINE
8
BLACK
6
CONTINUOUS
10
6.5957077952755903
20
-3.5086774015748032
11
6.5957077165354328
21
-3.5086770078740157
0
LINE
8
BLACK
6
CONTINUOUS
10
6.5957077165354328
20
-3.5086770078740157
11
6.593515
21
-3.4990699212598426
0
LINE
8
BLACK
6
CONTINUOUS
10
6.593515
20
-3.4990699212598426
11
6.589914921259842
21
-3.4898971653543307
0
LINE
8
BLACK
6
CONTINUOUS
10
6.589914921259842
20
-3.4898971653543307
11
6.5899145669291341
21
-3.4898964173228344
0
LINE
8
BLACK
6
CONTINUOUS
10
6.5899145669291341
20
-3.4898964173228344
11
6.5849878346456689
21
-3.4813630708661418
0
LINE
8
BLACK
6
CONTINUOUS
10
6.5849878346456689
20
-3.4813630708661418
11
6.5849876771653539
21
-3.4813628346456693
0
LINE
8
BLACK
6
CONTINUOUS
10
6.5849876771653539
20
-3.4813628346456693
11
6.5810022047244097
21
-3.4763651574803149
0
LINE
8
BLACK
6
CONTINUOUS
10
6.5810022047244097
20
-3.4763651574803149
11
6.5725563385826771
21
-3.4848109842519683
0
LINE
8
BLACK
6
CONTINUOUS
10
6.5725563385826771
20
-3.4848109842519683
11
6.5730756692913381
21
-3.4853751574803149
0
LINE
8
BLACK
6
CONTINUOUS
10
6.5730756692913381
20
-3.4853751574803149
11
6.577947992125984
21
-3.4928327559055119
0
LINE
8
BLACK
6
CONTINUOUS
10
6.577947992125984
20
-3.4928327559055119
11
6.5815263779527555
21
-3.5009906299212599
0
LINE
8
BLACK
6
CONTINUOUS
10
6.5815263779527555
20
-3.5009906299212599
11
6.583713188976378
21
-3.5096261811023619
0
LINE
8
BLACK
6
CONTINUOUS
10
6.583713188976378
20
-3.5096261811023619
11
6.5844488188976378
21
-3.5185039370078739
0
LINE
8
BLACK
6
CONTINUOUS
10
6.5844488188976378
20
-3.5185039370078739
11
6.583713188976378
21
-3.5273816929133859
0
LINE
8
BLACK
6
CONTINUOUS
10
6.583713188976378
20
-3.5273816929133859
11
6.5815263779527555
21
-3.5360172440944879
0
LINE
8
BLACK
6
CONTINUOUS
10
6.5815263779527555
20
-3.5360172440944879
11
6.577947992125984
21
-3.5441751181102363
0
LINE
8
BLACK
6
CONTINUOUS
10
6.577947992125984
20
-3.5441751181102363
11
6.5730756692913381
21
-3.5516327165354329
0
LINE
8
BLACK
6
CONTINUOUS
10
6.5730756692913381
20
-3.5516327165354329
11
6.5725563779527558
21
-3.5521968110236219
0
LINE
8
BLACK
6
CONTINUOUS
10
6.5725563779527558
20
-3.5521968110236219
11
6.5810022047244097
21
-3.5606426377952753
0
LINE
8
BLACK
6
CONTINUOUS
10
6.5810022047244097
20
-3.5606426377952753
11
6.5849874409448814
21
-3.5556453149606297
0
LINE
8
BLACK
6
CONTINUOUS
10
6.5849874409448814
20
-3.5556453149606297
11
6.5849878346456689
21
-3.5556447637795277
0
LINE
8
BLACK
6
CONTINUOUS
10
6.5849878346456689
20
-3.5556447637795277
11
6.5899145669291341
21
-3.5471114173228346
0
LINE
8
BLACK
6
CONTINUOUS
10
6.5899145669291341
20
-3.5471114173228346
11
6.589914921259842
21
-3.5471106692913383
0
LINE
8
BLACK
6
CONTINUOUS
10
6.589914921259842
20
-3.5471106692913383
11
6.593515
21
-3.5379379133858269
0
LINE
8
BLACK
6
CONTINUOUS
10
6.593515
20
-3.5379379133858269
11
6.5957077165354328
21
-3.5283308267716533
0
LINE
8
BLACK
6
CONTINUOUS
10
6.5957077165354328
20
-3.5283308267716533
11
6.5957077952755903
21
-3.5283304330708662
0
LINE
8
BLACK
6
CONTINUOUS
10
6.5957077952755903
20
-3.5283304330708662
11
6.5964442125984251
21
-3.5185040157480314
0
LINE
8
BLACK
6
CONTINUOUS
10
6.5964442125984251
20
-3.5185040157480314
11
6.5964442125984251
21
-3.5185038188976376
0
LINE
8
BLACK
6
CONTINUOUS
10
6.5964442125984251
20
-3.5185038188976376
11
6.5957077952755903
21
-3.5086774015748032
0
LINE
8
BLACK
6
CONTINUOUS
10
6.7725563385826772
20
-3.4848109842519683
11
6.7730756692913383
21
-3.4853751574803149
0
LINE
8
BLACK
6
CONTINUOUS
10
6.7730756692913383
20
-3.4853751574803149
11
6.7779479921259842
21
-3.4928327559055119
0
LINE
8
BLACK
6
CONTINUOUS
10
6.7779479921259842
20
-3.4928327559055119
11
6.7815263779527557
21
-3.5009906299212599
0
LINE
8
BLACK
6
CONTINUOUS
10
6.7815263779527557
20
-3.5009906299212599
11
6.7837131889763782
21
-3.5096261811023619
0
LINE
8
BLACK
6
CONTINUOUS
10
6.7837131889763782
20
-3.5096261811023619
11
6.784448818897638
21
-3.5185039370078739
0
LINE
8
BLACK
6
CONTINUOUS
10
6.784448818897638
20
-3.5185039370078739
11
6.7837131889763782
21
-3.5273816929133859
0
LINE
8
BLACK
6
CONTINUOUS
10
6.7837131889763782
20
-3.5273816929133859
11
6.7815263779527557
21
-3.5360172440944879
0
LINE
8
BLACK
6
CONTINUOUS
10
6.7815263779527557
20
-3.5360172440944879
11
6.7779479921259842
21
-3.5441751181102363
0
LINE
8
BLACK
6
CONTINUOUS
10
6.7779479921259842
20
-3.5441751181102363
11
6.7730756692913383
21
-3.5516327165354329
0
LINE
8
BLACK
6
CONTINUOUS
10
6.7730756692913383
20
-3.5516327165354329
11
6.772556377952756
21
-3.5521968110236219
0
LINE
8
BLACK
6
CONTINUOUS
10
6.772556377952756
20
-3.5521968110236219
11
6.781002204724409
21
-3.5606426377952753
0
LINE
8
BLACK
6
CONTINUOUS
10
6.781002204724409
20
-3.5606426377952753
11
6.7849874409448816
21
-3.5556453149606297
0
LINE
8
BLACK
6
CONTINUOUS
10
6.7849874409448816
20
-3.5556453149606297
11
6.7849878346456691
21
-3.5556447637795277
0
LINE
8
BLACK
6
CONTINUOUS
10
6.7849878346456691
20
-3.5556447637795277
11
6.7899145669291334
21
-3.5471114173228346
0
LINE
8
BLACK
6
CONTINUOUS
10
6.7899145669291334
20
-3.5471114173228346
11
6.7899149212598422
21
-3.5471106692913383
0
LINE
8
BLACK
6
CONTINUOUS
10
6.7899149212598422
20
-3.5471106692913383
11
6.7935150000000002
21
-3.5379379133858269
0
LINE
8
BLACK
6
CONTINUOUS
10
6.7935150000000002
20
-3.5379379133858269
11
6.7957077165354329
21
-3.5283308267716533
0
LINE
8
BLACK
6
CONTINUOUS
10
6.7957077165354329
20
-3.5283308267716533
11
6.7957077952755904
21
-3.5283304330708662
0
LINE
8
BLACK
6
CONTINUOUS
10
6.7957077952755904
20
-3.5283304330708662
11
6.7964442125984252
21
-3.5185040157480314
0
LINE
8
BLACK
6
CONTINUOUS
10
6.7964442125984252
20
-3.5185040157480314
11
6.7964442125984252
21
-3.5185038188976376
0
LINE
8
BLACK
6
CONTINUOUS
10
6.7964442125984252
20
-3.5185038188976376
11
6.7957077952755904
21
-3.5086774015748032
0
LINE
8
BLACK
6
CONTINUOUS
10
6.7957077952755904
20
-3.5086774015748032
11
6.7957077165354329
21
-3.5086770078740157
0
LINE
8
BLACK
6
CONTINUOUS
10
6.7957077165354329
20
-3.5086770078740157
11
6.7935150000000002
21
-3.4990699212598426
0
LINE
8
BLACK
6
CONTINUOUS
10
6.7935150000000002
20
-3.4990699212598426
11
6.7899149212598422
21
-3.4898971653543307
0
LINE
8
BLACK
6
CONTINUOUS
10
6.7899149212598422
20
-3.4898971653543307
11
6.7899145669291334
21
-3.4898964173228344
0
LINE
8
BLACK
6
CONTINUOUS
10
6.7899145669291334
20
-3.4898964173228344
11
6.7849878346456691
21
-3.4813630708661418
0
LINE
8
BLACK
6
CONTINUOUS
10
6.7849878346456691
20
-3.4813630708661418
11
6.7849876771653541
21
-3.4813628346456693
0
LINE
8
BLACK
6
CONTINUOUS
10
6.7849876771653541
20
-3.4813628346456693
11
6.781002204724409
21
-3.4763651574803149
0
LINE
8
BLACK
6
CONTINUOUS
10
6.781002204724409
20
-3.4763651574803149
11
6.7725563385826772
21
-3.4848109842519683
0
LINE
8
BLACK
6
CONTINUOUS
10
6.3053540157480317
20
-3.4895698818897638
11
6.3053540551181104
21
-3.4895703543307084
0
LINE
8
BLACK
6
CONTINUOUS
10
6.3053540551181104
20
-3.4895703543307084
11
6.3058119685039369
21
-3.4918722834645668
0
LINE
8
BLACK
6
CONTINUOUS
10
6.3058119685039369
20
-3.4918722834645668
11
6.3058120078740156
21
-3.4918724409448818
0
LINE
8
BLACK
6
CONTINUOUS
10
6.3058120078740156
20
-3.4918724409448818
11
6.3075566929133853
21
-3.4944835039370079
0
LINE
8
BLACK
6
CONTINUOUS
10
6.3075566929133853
20
-3.4944835039370079
11
6.3101677559055114
21
-3.496228188976378
0
LINE
8
BLACK
6
CONTINUOUS
10
6.3101677559055114
20
-3.496228188976378
11
6.3119182283464568
21
-3.4965763779527559
0
LINE
8
BLACK
6
CONTINUOUS
10
6.3119182283464568
20
-3.4965763779527559
11
6.3124698031496065
21
-3.4966861023622045
0
LINE
8
BLACK
6
CONTINUOUS
10
6.3124698031496065
20
-3.4966861023622045
11
6.3124700000000002
21
-3.4966861023622045
0
LINE
8
BLACK
6
CONTINUOUS
10
6.3124700000000002
20
-3.4966861023622045
11
6.3124702362204719
21
-3.496686181102362
0
LINE
8
BLACK
6
CONTINUOUS
10
6.3124702362204719
20
-3.496686181102362
11
6.3124702755905506
21
-3.496686181102362
0
LINE
8
BLACK
6
CONTINUOUS
10
6.3124702755905506
20
-3.496686181102362
11
6.3690251574803147
21
-3.496686181102362
0
LINE
8
BLACK
6
CONTINUOUS
10
6.3690251574803147
20
-3.496686181102362
11
6.3690251968503935
21
-3.496686181102362
0
LINE
8
BLACK
6
CONTINUOUS
10
6.3690251968503935
20
-3.496686181102362
11
6.371327677165354
21
-3.496228188976378
0
LINE
8
BLACK
6
CONTINUOUS
10
6.371327677165354
20
-3.496228188976378
11
6.3739387401574801
21
-3.4944835039370079
0
LINE
8
BLACK
6
CONTINUOUS
10
6.3739387401574801
20
-3.4944835039370079
11
6.3756834251968506
21
-3.4918724409448818
0
LINE
8
BLACK
6
CONTINUOUS
10
6.3756834251968506
20
-3.4918724409448818
11
6.3761414173228346
21
-3.4895699606299213
0
LINE
8
BLACK
6
CONTINUOUS
10
6.3761414173228346
20
-3.4895699606299213
11
6.3761414173228346
21
-3.4726458661417321
0
LINE
8
BLACK
6
CONTINUOUS
10
6.3761414173228346
20
-3.4726458661417321
11
6.3768857874015747
21
-3.4703548818897638
0
LINE
8
BLACK
6
CONTINUOUS
10
6.3768857874015747
20
-3.4703548818897638
11
6.3772829921259842
21
-3.4698898031496062
0
LINE
8
BLACK
6
CONTINUOUS
10
6.3772829921259842
20
-3.4698898031496062
11
6.3857681496062995
21
-3.4614046456692913
0
LINE
8
BLACK
6
CONTINUOUS
10
6.3857681496062995
20
-3.4614046456692913
11
6.399390393700787
21
-3.4477823622047241
0
LINE
8
BLACK
6
CONTINUOUS
10
6.399390393700787
20
-3.4477823622047241
11
6.3997730314960632
21
-3.4474468503937006
0
LINE
8
BLACK
6
CONTINUOUS
10
6.3997730314960632
20
-3.4474468503937006
11
6.4021726377952755
21
-3.4456056299212596
0
LINE
8
BLACK
6
CONTINUOUS
10
6.4021726377952755
20
-3.4456056299212596
11
6.4030534645669288
21
-3.445097125984252
0
LINE
8
BLACK
6
CONTINUOUS
10
6.4030534645669288
20
-3.445097125984252
11
6.4052335433070864
21
-3.4441942125984251
0
LINE
8
BLACK
6
CONTINUOUS
10
6.4052335433070864
20
-3.4441942125984251
11
6.4067248425196848
21
-3.4438976377952755
0
LINE
8
BLACK
6
CONTINUOUS
10
6.4067248425196848
20
-3.4438976377952755
11
6.4523577165354329
21
-3.4438976377952755
0
LINE
8
BLACK
6
CONTINUOUS
10
6.4523577165354329
20
-3.4438976377952755
11
6.4523577559055116
21
-3.4438976377952755
0
LINE
8
BLACK
6
CONTINUOUS
10
6.4523577559055116
20
-3.4438976377952755
11
6.4546602362204721
21
-3.4434396456692911
0
LINE
8
BLACK
6
CONTINUOUS
10
6.4546602362204721
20
-3.4434396456692911
11
6.4546602755905509
21
-3.4434396062992123
0
LINE
8
BLACK
6
CONTINUOUS
10
6.4546602755905509
20
-3.4434396062992123
11
6.4547521653543303
21
-3.4434213385826773
0
LINE
8
BLACK
6
CONTINUOUS
10
6.4547521653543303
20
-3.4434213385826773
11
6.4555125984251971
21
-3.4433464566929133
0
LINE
8
BLACK
6
CONTINUOUS
10
6.4555125984251971
20
-3.4433464566929133
11
6.5824118897637796
21
-3.4433464566929133
0
LINE
8
BLACK
6
CONTINUOUS
10
6.5824118897637796
20
-3.4433464566929133
11
6.5847028740157478
21
-3.4440908267716535
0
LINE
8
BLACK
6
CONTINUOUS
10
6.5847028740157478
20
-3.4440908267716535
11
6.5856046456692914
21
-3.4450085039370077
0
LINE
8
BLACK
6
CONTINUOUS
10
6.5856046456692914
20
-3.4450085039370077
11
6.5895987007874011
21
-3.4507126377952755
0
LINE
8
BLACK
6
CONTINUOUS
10
6.5895987007874011
20
-3.4507126377952755
11
6.5905344094488187
21
-3.452048937007874
0
LINE
8
BLACK
6
CONTINUOUS
10
6.5905344094488187
20
-3.452048937007874
11
6.5969668110236217
21
-3.4584813385826769
0
LINE
8
BLACK
6
CONTINUOUS
10
6.5969668110236217
20
-3.4584813385826769
11
6.6044184251968501
21
-3.4636990157480314
0
LINE
8
BLACK
6
CONTINUOUS
10
6.6044184251968501
20
-3.4636990157480314
11
6.612662874015748
21
-3.467543464566929
0
LINE
8
BLACK
6
CONTINUOUS
10
6.612662874015748
20
-3.467543464566929
11
6.6214496850393703
21
-3.4698978740157478
0
LINE
8
BLACK
6
CONTINUOUS
10
6.6214496850393703
20
-3.4698978740157478
11
6.6214498425196853
21
-3.4698978740157478
0
LINE
8
BLACK
6
CONTINUOUS
10
6.6214498425196853
20
-3.4698978740157478
11
6.6214499606299215
21
-3.4698979133858265
0
LINE
8
BLACK
6
CONTINUOUS
10
6.6214499606299215
20
-3.4698979133858265
11
6.6305116929133856
21
-3.4706907086614174
0
LINE
8
BLACK
6
CONTINUOUS
10
6.6305116929133856
20
-3.4706907086614174
11
6.6305118110236219
21
-3.4706907086614174
0
LINE
8
BLACK
6
CONTINUOUS
10
6.6305118110236219
20
-3.4706907086614174
11
6.6305119291338581
21
-3.4706907086614174
0
LINE
8
BLACK
6
CONTINUOUS
10
6.6305119291338581
20
-3.4706907086614174
11
6.6395736220472443
21
-3.4698979133858265
0
LINE
8
BLACK
6
CONTINUOUS
10
6.6395736220472443
20
-3.4698979133858265
11
6.6395736614173231
21
-3.4698978740157478
0
LINE
8
BLACK
6
CONTINUOUS
10
6.6395736614173231
20
-3.4698978740157478
11
6.6395739370078735
21
-3.4698978740157478
0
LINE
8
BLACK
6
CONTINUOUS
10
6.6395739370078735
20
-3.4698978740157478
11
6.6483607480314957
21
-3.467543464566929
0
LINE
8
BLACK
6
CONTINUOUS
10
6.6483607480314957
20
-3.467543464566929
11
6.6566051968503936
21
-3.4636990157480314
0
LINE
8
BLACK
6
CONTINUOUS
10
6.6566051968503936
20
-3.4636990157480314
11
6.664056811023622
21
-3.4584813385826769
0
LINE
8
BLACK
6
CONTINUOUS
10
6.664056811023622
20
-3.4584813385826769
11
6.670489212598425
21
-3.452048937007874
0
LINE
8
BLACK
6
CONTINUOUS
10
6.670489212598425
20
-3.452048937007874
11
6.675706889763779
21
-3.4445973228346456
0
LINE
8
BLACK
6
CONTINUOUS
10
6.675706889763779
20
-3.4445973228346456
11
6.6795513385826766
21
-3.4363528740157481
0
LINE
8
BLACK
6
CONTINUOUS
10
6.6795513385826766
20
-3.4363528740157481
11
6.6819057480314958
21
-3.4275660629921259
0
LINE
8
BLACK
6
CONTINUOUS
10
6.6819057480314958
20
-3.4275660629921259
11
6.6820019291338584
21
-3.4264669685039371
0
LINE
8
BLACK
6
CONTINUOUS
10
6.6820019291338584
20
-3.4264669685039371
11
6.6826985826771654
21
-3.4185040551181101
0
LINE
8
BLACK
6
CONTINUOUS
10
6.6826985826771654
20
-3.4185040551181101
11
6.6826985826771654
21
-3.4185037795275588
0
LINE
8
BLACK
6
CONTINUOUS
10
6.6826985826771654
20
-3.4185037795275588
11
6.6819057874015746
21
-3.409442086614173
0
LINE
8
BLACK
6
CONTINUOUS
10
6.6819057874015746
20
-3.409442086614173
11
6.6819057480314958
21
-3.4094419685039368
0
LINE
8
BLACK
6
CONTINUOUS
10
6.6819057480314958
20
-3.4094419685039368
11
6.6819057480314958
21
-3.4094418110236218
0
LINE
8
BLACK
6
CONTINUOUS
10
6.6819057480314958
20
-3.4094418110236218
11
6.6795513385826766
21
-3.400655
0
LINE
8
BLACK
6
CONTINUOUS
10
6.6795513385826766
20
-3.400655
11
6.675706889763779
21
-3.3924105511811025
0
LINE
8
BLACK
6
CONTINUOUS
10
6.675706889763779
20
-3.3924105511811025
11
6.670489212598425
21
-3.3849589370078741
0
LINE
8
BLACK
6
CONTINUOUS
10
6.670489212598425
20
-3.3849589370078741
11
6.664056811023622
21
-3.3785265354330707
0
LINE
8
BLACK
6
CONTINUOUS
10
6.664056811023622
20
-3.3785265354330707
11
6.664056653543307
21
-3.3785264173228344
0
LINE
8
BLACK
6
CONTINUOUS
10
6.664056653543307
20
-3.3785264173228344
11
6.6640566141732283
21
-3.3785263779527557
0
LINE
8
BLACK
6
CONTINUOUS
10
6.6640566141732283
20
-3.3785263779527557
11
6.6596886614173227
21
-3.3754679133858265
0
LINE
8
BLACK
6
CONTINUOUS
10
6.6596886614173227
20
-3.3754679133858265
11
6.6566051968503936
21
-3.3733088582677166
0
LINE
8
BLACK
6
CONTINUOUS
10
6.6566051968503936
20
-3.3733088582677166
11
6.6483607480314957
21
-3.3694644094488186
0
LINE
8
BLACK
6
CONTINUOUS
10
6.6483607480314957
20
-3.3694644094488186
11
6.6395739370078735
21
-3.3671099999999998
0
LINE
8
BLACK
6
CONTINUOUS
10
6.6395739370078735
20
-3.3671099999999998
11
6.6395738976377947
21
-3.3671099606299211
0
LINE
8
BLACK
6
CONTINUOUS
10
6.6395738976377947
20
-3.3671099606299211
11
6.6395736220472443
21
-3.3671099212598423
0
LINE
8
BLACK
6
CONTINUOUS
10
6.6395736220472443
20
-3.3671099212598423
11
6.6305119291338581
21
-3.3663171653543307
0
LINE
8
BLACK
6
CONTINUOUS
10
6.6305119291338581
20
-3.3663171653543307
11
6.6305116929133856
21
-3.3663171653543307
0
LINE
8
BLACK
6
CONTINUOUS
10
6.6305116929133856
20
-3.3663171653543307
11
6.6214499606299215
21
-3.3671099212598423
0
LINE
8
BLACK
6
CONTINUOUS
10
6.6214499606299215
20
-3.3671099212598423
11
6.612662874015748
21
-3.3694644094488186
0
LINE
8
BLACK
6
CONTINUOUS
10
6.612662874015748
20
-3.3694644094488186
11
6.6044184645669288
21
-3.3733088188976379
0
LINE
8
BLACK
6
CONTINUOUS
10
6.6044184645669288
20
-3.3733088188976379
11
6.5969669685039367
21
-3.3785263779527557
0
LINE
8
BLACK
6
CONTINUOUS
10
6.5969669685039367
20
-3.3785263779527557
11
6.5905342519685037
21
-3.3849590944881891
0
LINE
8
BLACK
6
CONTINUOUS
10
6.5905342519685037
20
-3.3849590944881891
11
6.5856046456692914
21
-3.3919993700787399
0
LINE
8
BLACK
6
CONTINUOUS
10
6.5856046456692914
20
-3.3919993700787399
11
6.5836808267716531
21
-3.39344905511811
0
LINE
8
BLACK
6
CONTINUOUS
10
6.5836808267716531
20
-3.39344905511811
11
6.5824118897637796
21
-3.3936614173228348
0
LINE
8
BLACK
6
CONTINUOUS
10
6.5824118897637796
20
-3.3936614173228348
11
6.4555125984251971
21
-3.3936614173228348
0
LINE
8
BLACK
6
CONTINUOUS
10
6.4555125984251971
20
-3.3936614173228348
11
6.4547521653543303
21
-3.3935865354330708
0
LINE
8
BLACK
6
CONTINUOUS
10
6.4547521653543303
20
-3.3935865354330708
11
6.4546602755905509
21
-3.3935682283464566
0
LINE
8
BLACK
6
CONTINUOUS
10
6.4546602755905509
20
-3.3935682283464566
11
6.4546602362204721
21
-3.3935682283464566
0
LINE
8
BLACK
6
CONTINUOUS
10
6.4546602362204721
20
-3.3935682283464566
11
6.4523577559055116
21
-3.3931102362204721
0
LINE
8
BLACK
6
CONTINUOUS
10
6.4523577559055116
20
-3.3931102362204721
11
6.39580279527559
21
-3.3931102362204721
0
LINE
8
BLACK
6
CONTINUOUS
10
6.39580279527559
20
-3.3931102362204721
11
6.3958027559055113
21
-3.3931102362204721
0
LINE
8
BLACK
6
CONTINUOUS
10
6.3958027559055113
20
-3.3931102362204721
11
6.3958023622047246
21
-3.3931102755905509
0
LINE
8
BLACK
6
CONTINUOUS
10
6.3958023622047246
20
-3.3931102755905509
11
6.3935004330708658
21
-3.3935681889763778
0
LINE
8
BLACK
6
CONTINUOUS
10
6.3935004330708658
20
-3.3935681889763778
11
6.3935001968503933
21
-3.3935682677165353
0
LINE
8
BLACK
6
CONTINUOUS
10
6.3935001968503933
20
-3.3935682677165353
11
6.3908891732283459
21
-3.3953129133858266
0
LINE
8
BLACK
6
CONTINUOUS
10
6.3908891732283459
20
-3.3953129133858266
11
6.3908891338582672
21
-3.3953129527559054
0
LINE
8
BLACK
6
CONTINUOUS
10
6.3908891338582672
20
-3.3953129527559054
11
6.3907054724409447
21
-3.3955878740157481
0
LINE
8
BLACK
6
CONTINUOUS
10
6.3907054724409447
20
-3.3955878740157481
11
6.3889562598425194
21
-3.3970233070866143
0
LINE
8
BLACK
6
CONTINUOUS
10
6.3889562598425194
20
-3.3970233070866143
11
6.3813831889763781
21
-3.4001599212598426
0
LINE
8
BLACK
6
CONTINUOUS
10
6.3813831889763781
20
-3.4001599212598426
11
6.3813831496062994
21
-3.4001599606299213
0
LINE
8
BLACK
6
CONTINUOUS
10
6.3813831496062994
20
-3.4001599606299213
11
6.3740937007874017
21
-3.4043682283464567
0
LINE
8
BLACK
6
CONTINUOUS
10
6.3740937007874017
20
-3.4043682283464567
11
6.3740934645669292
21
-3.4043683858267717
0
LINE
8
BLACK
6
CONTINUOUS
10
6.3740934645669292
20
-3.4043683858267717
11
6.3674151574803144
21
-3.4094925196850392
0
LINE
8
BLACK
6
CONTINUOUS
10
6.3674151574803144
20
-3.4094925196850392
11
6.3674151181102356
21
-3.4094925590551179
0
LINE
8
BLACK
6
CONTINUOUS
10
6.3674151181102356
20
-3.4094925590551179
11
6.3662455118110231
21
-3.4106620472440943
0
LINE
8
BLACK
6
CONTINUOUS
10
6.3662455118110231
20
-3.4106620472440943
11
6.3662455511811018
21
-3.410662086614173
0
LINE
8
BLACK
6
CONTINUOUS
10
6.3662455511811018
20
-3.410662086614173
11
6.3662451574803152
21
-3.4106624803149606
0
LINE
8
BLACK
6
CONTINUOUS
10
6.3662451574803152
20
-3.4106624803149606
11
6.3662451181102364
21
-3.4106624803149606
0
LINE
8
BLACK
6
CONTINUOUS
10
6.3662451181102364
20
-3.4106624803149606
11
6.364439212598425
21
-3.4124683464566927
0
LINE
8
BLACK
6
CONTINUOUS
10
6.364439212598425
20
-3.4124683464566927
11
6.3644391732283463
21
-3.4124683858267715
0
LINE
8
BLACK
6
CONTINUOUS
10
6.3644391732283463
20
-3.4124683858267715
11
6.3621923622047243
21
-3.4147150787401572
0
LINE
8
BLACK
6
CONTINUOUS
10
6.3621923622047243
20
-3.4147150787401572
11
6.362192401574803
21
-3.414715118110236
0
LINE
8
BLACK
6
CONTINUOUS
10
6.362192401574803
20
-3.414715118110236
11
6.3621921653543305
21
-3.4147153543307085
0
LINE
8
BLACK
6
CONTINUOUS
10
6.3621921653543305
20
-3.4147153543307085
11
6.3321503543307083
21
-3.4447572047244095
0
LINE
8
BLACK
6
CONTINUOUS
10
6.3321503543307083
20
-3.4447572047244095
11
6.3300040157480311
21
-3.4458507874015747
0
LINE
8
BLACK
6
CONTINUOUS
10
6.3300040157480311
20
-3.4458507874015747
11
6.3293942913385823
21
-3.4458987795275591
0
LINE
8
BLACK
6
CONTINUOUS
10
6.3293942913385823
20
-3.4458987795275591
11
6.3124702362204719
21
-3.4458987795275591
0
LINE
8
BLACK
6
CONTINUOUS
10
6.3124702362204719
20
-3.4458987795275591
11
6.3124701968503931
21
-3.4458987795275591
0
LINE
8
BLACK
6
CONTINUOUS
10
6.3124701968503931
20
-3.4458987795275591
11
6.3124698031496065
21
-3.4458988188976378
0
LINE
8
BLACK
6
CONTINUOUS
10
6.3124698031496065
20
-3.4458988188976378
11
6.3101678740157476
21
-3.4463567322834643
0
LINE
8
BLACK
6
CONTINUOUS
10
6.3101678740157476
20
-3.4463567322834643
11
6.3101676377952751
21
-3.4463568110236218
0
LINE
8
BLACK
6
CONTINUOUS
10
6.3101676377952751
20
-3.4463568110236218
11
6.3075568110236215
21
-3.4481013385826769
0
LINE
8
BLACK
6
CONTINUOUS
10
6.3075568110236215
20
-3.4481013385826769
11
6.307556574803149
21
-3.4481015748031494
0
LINE
8
BLACK
6
CONTINUOUS
10
6.307556574803149
20
-3.4481015748031494
11
6.3058120472440944
21
-3.450712401574803
0
LINE
8
BLACK
6
CONTINUOUS
10
6.3058120472440944
20
-3.450712401574803
11
6.3058119685039369
21
-3.4507126377952755
0
LINE
8
BLACK
6
CONTINUOUS
10
6.3058119685039369
20
-3.4507126377952755
11
6.3053540551181104
21
-3.4530145669291339
0
LINE
8
BLACK
6
CONTINUOUS
10
6.3053540551181104
20
-3.4530145669291339
11
6.3053540157480317
21
-3.4530150393700785
0
LINE
8
BLACK
6
CONTINUOUS
10
6.3053540157480317
20
-3.4530150393700785
11
6.3053540157480317
21
-3.4895698818897638
0
LINE
8
BLACK
6
CONTINUOUS
10
5.4158406692913381
20
-3.4542245669291338
11
5.4158402755905515
21
-3.4542246456692913
0
LINE
8
BLACK
6
CONTINUOUS
10
5.4158402755905515
20
-3.4542246456692913
11
5.4064239763779529
21
-3.4571292125984252
0
LINE
8
BLACK
6
CONTINUOUS
10
5.4064239763779529
20
-3.4571292125984252
11
5.3975457480314963
21
-3.46140468503937
0
LINE
8
BLACK
6
CONTINUOUS
10
5.3975457480314963
20
-3.46140468503937
11
5.3894035826771649
21
-3.4669559055118109
0
LINE
8
BLACK
6
CONTINUOUS
10
5.3894035826771649
20
-3.4669559055118109
11
5.3883204330708656
21
-3.4679608661417323
0
LINE
8
BLACK
6
CONTINUOUS
10
5.3883204330708656
20
-3.4679608661417323
11
5.396905039370079
21
-3.4765454724409448
0
LINE
8
BLACK
6
CONTINUOUS
10
5.396905039370079
20
-3.4765454724409448
11
5.4010110629921257
21
-3.4733496850393699
0
LINE
8
BLACK
6
CONTINUOUS
10
5.4010110629921257
20
-3.4733496850393699
11
5.408845551181102
21
-3.4691098818897639
0
LINE
8
BLACK
6
CONTINUOUS
10
5.408845551181102
20
-3.4691098818897639
11
5.4172710629921257
21
-3.4662174015748031
0
LINE
8
BLACK
6
CONTINUOUS
10
5.4172710629921257
20
-3.4662174015748031
11
5.4260577165354329
21
-3.4647511417322834
0
LINE
8
BLACK
6
CONTINUOUS
10
5.4260577165354329
20
-3.4647511417322834
11
5.4349659055118105
21
-3.4647511417322834
0
LINE
8
BLACK
6
CONTINUOUS
10
5.4349659055118105
20
-3.4647511417322834
11
5.4437525590551177
21
-3.4662174015748031
0
LINE
8
BLACK
6
CONTINUOUS
10
5.4437525590551177
20
-3.4662174015748031
11
5.4521780708661414
21
-3.4691098818897639
0
LINE
8
BLACK
6
CONTINUOUS
10
5.4521780708661414
20
-3.4691098818897639
11
5.4600125590551176
21
-3.4733496850393699
0
LINE
8
BLACK
6
CONTINUOUS
10
5.4600125590551176
20
-3.4733496850393699
11
5.464118464566929
21
-3.4765454330708661
0
LINE
8
BLACK
6
CONTINUOUS
10
5.464118464566929
20
-3.4765454330708661
11
5.4727031102362202
21
-3.4679608661417323
0
LINE
8
BLACK
6
CONTINUOUS
10
5.4727031102362202
20
-3.4679608661417323
11
5.4716200787401572
21
-3.4669559842519684
0
LINE
8
BLACK
6
CONTINUOUS
10
5.4716200787401572
20
-3.4669559842519684
11
5.4634777165354329
21
-3.4614046456692913
0
LINE
8
BLACK
6
CONTINUOUS
10
5.4634777165354329
20
-3.4614046456692913
11
5.4545996062992126
21
-3.4571292125984252
0
LINE
8
BLACK
6
CONTINUOUS
10
5.4545996062992126
20
-3.4571292125984252
11
5.445183307086614
21
-3.4542246456692913
0
LINE
8
BLACK
6
CONTINUOUS
10
5.445183307086614
20
-3.4542246456692913
11
5.4451829133858265
21
-3.4542245669291338
0
LINE
8
BLACK
6
CONTINUOUS
10
5.4451829133858265
20
-3.4542245669291338
11
5.4354390551181098
21
-3.4527559055118111
0
LINE
8
BLACK
6
CONTINUOUS
10
5.4354390551181098
20
-3.4527559055118111
11
5.4255845275590548
21
-3.4527559055118111
0
LINE
8
BLACK
6
CONTINUOUS
10
5.4255845275590548
20
-3.4527559055118111
11
5.4158406692913381
21
-3.4542245669291338
0
LINE
8
BLACK
6
CONTINUOUS
10
5.6158406692913383
20
-3.4542245669291338
11
5.6158402755905508
21
-3.4542246456692913
0
LINE
8
BLACK
6
CONTINUOUS
10
5.6158402755905508
20
-3.4542246456692913
11
5.6064239763779522
21
-3.4571292125984252
0
LINE
8
BLACK
6
CONTINUOUS
10
5.6064239763779522
20
-3.4571292125984252
11
5.5975457480314956
21
-3.46140468503937
0
LINE
8
BLACK
6
CONTINUOUS
10
5.5975457480314956
20
-3.46140468503937
11
5.5894035826771651
21
-3.4669559055118109
0
LINE
8
BLACK
6
CONTINUOUS
10
5.5894035826771651
20
-3.4669559055118109
11
5.5883204330708658
21
-3.4679608661417323
0
LINE
8
BLACK
6
CONTINUOUS
10
5.5883204330708658
20
-3.4679608661417323
11
5.5969050393700783
21
-3.4765454724409448
0
LINE
8
BLACK
6
CONTINUOUS
10
5.5969050393700783
20
-3.4765454724409448
11
5.6010110629921259
21
-3.4733496850393699
0
LINE
8
BLACK
6
CONTINUOUS
10
5.6010110629921259
20
-3.4733496850393699
11
5.6088455511811022
21
-3.4691098818897639
0
LINE
8
BLACK
6
CONTINUOUS
10
5.6088455511811022
20
-3.4691098818897639
11
5.6172710629921259
21
-3.4662174015748031
0
LINE
8
BLACK
6
CONTINUOUS
10
5.6172710629921259
20
-3.4662174015748031
11
5.6260577165354331
21
-3.4647511417322834
0
LINE
8
BLACK
6
CONTINUOUS
10
5.6260577165354331
20
-3.4647511417322834
11
5.6349659055118106
21
-3.4647511417322834
0
LINE
8
BLACK
6
CONTINUOUS
10
5.6349659055118106
20
-3.4647511417322834
11
5.6437525590551179
21
-3.4662174015748031
0
LINE
8
BLACK
6
CONTINUOUS
10
5.6437525590551179
20
-3.4662174015748031
11
5.6521780708661415
21
-3.4691098818897639
0
LINE
8
BLACK
6
CONTINUOUS
10
5.6521780708661415
20
-3.4691098818897639
11
5.6600125590551178
21
-3.4733496850393699
0
LINE
8
BLACK
6
CONTINUOUS
10
5.6600125590551178
20
-3.4733496850393699
11
5.6641184645669291
21
-3.4765454330708661
0
LINE
8
BLACK
6
CONTINUOUS
10
5.6641184645669291
20
-3.4765454330708661
11
5.6727031102362204
21
-3.4679608661417323
0
LINE
8
BLACK
6
CONTINUOUS
10
5.6727031102362204
20
-3.4679608661417323
11
5.6716200787401574
21
-3.4669559842519684
0
LINE
8
BLACK
6
CONTINUOUS
10
5.6716200787401574
20
-3.4669559842519684
11
5.6634777165354331
21
-3.4614046456692913
0
LINE
8
BLACK
6
CONTINUOUS
10
5.6634777165354331
20
-3.4614046456692913
11
5.6545996062992128
21
-3.4571292125984252
0
LINE
8
BLACK
6
CONTINUOUS
10
5.6545996062992128
20
-3.4571292125984252
11
5.6451833070866142
21
-3.4542246456692913
0
LINE
8
BLACK
6
CONTINUOUS
10
5.6451833070866142
20
-3.4542246456692913
11
5.6451829133858267
21
-3.4542245669291338
0
LINE
8
BLACK
6
CONTINUOUS
10
5.6451829133858267
20
-3.4542245669291338
11
5.6354390551181099
21
-3.4527559055118111
0
LINE
8
BLACK
6
CONTINUOUS
10
5.6354390551181099
20
-3.4527559055118111
11
5.625584527559055
21
-3.4527559055118111
0
LINE
8
BLACK
6
CONTINUOUS
10
5.625584527559055
20
-3.4527559055118111
11
5.6158406692913383
21
-3.4542245669291338
0
LINE
8
BLACK
6
CONTINUOUS
10
6.5158406692913386
20
-3.4542245669291338
11
6.5158402755905511
21
-3.4542246456692913
0
LINE
8
BLACK
6
CONTINUOUS
10
6.5158402755905511
20
-3.4542246456692913
11
6.5064239763779526
21
-3.4571292125984252
0
LINE
8
BLACK
6
CONTINUOUS
10
6.5064239763779526
20
-3.4571292125984252
11
6.497545748031496
21
-3.46140468503937
0
LINE
8
BLACK
6
CONTINUOUS
10
6.497545748031496
20
-3.46140468503937
11
6.4894035826771654
21
-3.4669559055118109
0
LINE
8
BLACK
6
CONTINUOUS
10
6.4894035826771654
20
-3.4669559055118109
11
6.4883204330708661
21
-3.4679608661417323
0
LINE
8
BLACK
6
CONTINUOUS
10
6.4883204330708661
20
-3.4679608661417323
11
6.4969050393700787
21
-3.4765454724409448
0
LINE
8
BLACK
6
CONTINUOUS
10
6.4969050393700787
20
-3.4765454724409448
11
6.5010110629921263
21
-3.4733496850393699
0
LINE
8
BLACK
6
CONTINUOUS
10
6.5010110629921263
20
-3.4733496850393699
11
6.5088455511811025
21
-3.4691098818897639
0
LINE
8
BLACK
6
CONTINUOUS
10
6.5088455511811025
20
-3.4691098818897639
11
6.5172710629921262
21
-3.4662174015748031
0
LINE
8
BLACK
6
CONTINUOUS
10
6.5172710629921262
20
-3.4662174015748031
11
6.5260577165354325
21
-3.4647511417322834
0
LINE
8
BLACK
6
CONTINUOUS
10
6.5260577165354325
20
-3.4647511417322834
11
6.534965905511811
21
-3.4647511417322834
0
LINE
8
BLACK
6
CONTINUOUS
10
6.534965905511811
20
-3.4647511417322834
11
6.5437525590551182
21
-3.4662174015748031
0
LINE
8
BLACK
6
CONTINUOUS
10
6.5437525590551182
20
-3.4662174015748031
11
6.5521780708661419
21
-3.4691098818897639
0
LINE
8
BLACK
6
CONTINUOUS
10
6.5521780708661419
20
-3.4691098818897639
11
6.5600125590551182
21
-3.4733496850393699
0
LINE
8
BLACK
6
CONTINUOUS
10
6.5600125590551182
20
-3.4733496850393699
11
6.5641184645669286
21
-3.4765454330708661
0
LINE
8
BLACK
6
CONTINUOUS
10
6.5641184645669286
20
-3.4765454330708661
11
6.5727031102362199
21
-3.4679608661417323
0
LINE
8
BLACK
6
CONTINUOUS
10
6.5727031102362199
20
-3.4679608661417323
11
6.5716200787401577
21
-3.4669559842519684
0
LINE
8
BLACK
6
CONTINUOUS
10
6.5716200787401577
20
-3.4669559842519684
11
6.5634777165354325
21
-3.4614046456692913
0
LINE
8
BLACK
6
CONTINUOUS
10
6.5634777165354325
20
-3.4614046456692913
11
6.5545996062992122
21
-3.4571292125984252
0
LINE
8
BLACK
6
CONTINUOUS
10
6.5545996062992122
20
-3.4571292125984252
11
6.5451833070866137
21
-3.4542246456692913
0
LINE
8
BLACK
6
CONTINUOUS
10
6.5451833070866137
20
-3.4542246456692913
11
6.545182913385827
21
-3.4542245669291338
0
LINE
8
BLACK
6
CONTINUOUS
10
6.545182913385827
20
-3.4542245669291338
11
6.5354390551181103
21
-3.4527559055118111
0
LINE
8
BLACK
6
CONTINUOUS
10
6.5354390551181103
20
-3.4527559055118111
11
6.5255845275590554
21
-3.4527559055118111
0
LINE
8
BLACK
6
CONTINUOUS
10
6.5255845275590554
20
-3.4527559055118111
11
6.5158406692913386
21
-3.4542245669291338
0
LINE
8
BLACK
6
CONTINUOUS
10
6.7158406692913388
20
-3.4542245669291338
11
6.7158402755905513
21
-3.4542246456692913
0
LINE
8
BLACK
6
CONTINUOUS
10
6.7158402755905513
20
-3.4542246456692913
11
6.7064239763779527
21
-3.4571292125984252
0
LINE
8
BLACK
6
CONTINUOUS
10
6.7064239763779527
20
-3.4571292125984252
11
6.6975457480314962
21
-3.46140468503937
0
LINE
8
BLACK
6
CONTINUOUS
10
6.6975457480314962
20
-3.46140468503937
11
6.6894035826771656
21
-3.4669559055118109
0
LINE
8
BLACK
6
CONTINUOUS
10
6.6894035826771656
20
-3.4669559055118109
11
6.6883204330708663
21
-3.4679608661417323
0
LINE
8
BLACK
6
CONTINUOUS
10
6.6883204330708663
20
-3.4679608661417323
11
6.6969050393700789
21
-3.4765454724409448
0
LINE
8
BLACK
6
CONTINUOUS
10
6.6969050393700789
20
-3.4765454724409448
11
6.7010110629921256
21
-3.4733496850393699
0
LINE
8
BLACK
6
CONTINUOUS
10
6.7010110629921256
20
-3.4733496850393699
11
6.7088455511811018
21
-3.4691098818897639
0
LINE
8
BLACK
6
CONTINUOUS
10
6.7088455511811018
20
-3.4691098818897639
11
6.7172710629921255
21
-3.4662174015748031
0
LINE
8
BLACK
6
CONTINUOUS
10
6.7172710629921255
20
-3.4662174015748031
11
6.7260577165354327
21
-3.4647511417322834
0
LINE
8
BLACK
6
CONTINUOUS
10
6.7260577165354327
20
-3.4647511417322834
11
6.7349659055118112
21
-3.4647511417322834
0
LINE
8
BLACK
6
CONTINUOUS
10
6.7349659055118112
20
-3.4647511417322834
11
6.7437525590551184
21
-3.4662174015748031
0
LINE
8
BLACK
6
CONTINUOUS
10
6.7437525590551184
20
-3.4662174015748031
11
6.7521780708661412
21
-3.4691098818897639
0
LINE
8
BLACK
6
CONTINUOUS
10
6.7521780708661412
20
-3.4691098818897639
11
6.7600125590551183
21
-3.4733496850393699
0
LINE
8
BLACK
6
CONTINUOUS
10
6.7600125590551183
20
-3.4733496850393699
11
6.7641184645669288
21
-3.4765454330708661
0
LINE
8
BLACK
6
CONTINUOUS
10
6.7641184645669288
20
-3.4765454330708661
11
6.7727031102362201
21
-3.4679608661417323
0
LINE
8
BLACK
6
CONTINUOUS
10
6.7727031102362201
20
-3.4679608661417323
11
6.771620078740157
21
-3.4669559842519684
0
LINE
8
BLACK
6
CONTINUOUS
10
6.771620078740157
20
-3.4669559842519684
11
6.7634777165354327
21
-3.4614046456692913
0
LINE
8
BLACK
6
CONTINUOUS
10
6.7634777165354327
20
-3.4614046456692913
11
6.7545996062992124
21
-3.4571292125984252
0
LINE
8
BLACK
6
CONTINUOUS
10
6.7545996062992124
20
-3.4571292125984252
11
6.7451833070866138
21
-3.4542246456692913
0
LINE
8
BLACK
6
CONTINUOUS
10
6.7451833070866138
20
-3.4542246456692913
11
6.7451829133858263
21
-3.4542245669291338
0
LINE
8
BLACK
6
CONTINUOUS
10
6.7451829133858263
20
-3.4542245669291338
11
6.7354390551181105
21
-3.4527559055118111
0
LINE
8
BLACK
6
CONTINUOUS
10
6.7354390551181105
20
-3.4527559055118111
11
6.7255845275590547
21
-3.4527559055118111
0
LINE
8
BLACK
6
CONTINUOUS
10
6.7255845275590547
20
-3.4527559055118111
11
6.7158406692913388
21
-3.4542245669291338
0
LINE
8
BLACK
6
CONTINUOUS
10
6.1539763779527554
20
-3.4390944881889762
11
6.1264173228346452
21
-3.4390944881889762
0
LINE
8
BLACK
6
CONTINUOUS
10
6.1264173228346452
20
-3.4390944881889762
11
6.1264173228346452
21
-3.4509054330708659
0
LINE
8
BLACK
6
CONTINUOUS
10
6.1264173228346452
20
-3.4509054330708659
11
6.126417362204724
21
-3.4509054724409447
0
LINE
8
BLACK
6
CONTINUOUS
10
6.126417362204724
20
-3.4509054724409447
11
6.1557397637795273
21
-3.4509054724409447
0
LINE
8
BLACK
6
CONTINUOUS
10
6.1557397637795273
20
-3.4509054724409447
11
6.155739803149606
21
-3.4509054330708659
0
LINE
8
BLACK
6
CONTINUOUS
10
6.155739803149606
20
-3.4509054330708659
11
6.1567273228346453
21
-3.4507909448818896
0
LINE
8
BLACK
6
CONTINUOUS
10
6.1567273228346453
20
-3.4507909448818896
11
6.1607668110236222
21
-3.4490073228346456
0
LINE
8
BLACK
6
CONTINUOUS
10
6.1607668110236222
20
-3.4490073228346456
11
6.1638892125984253
21
-3.4458849212598426
0
LINE
8
BLACK
6
CONTINUOUS
10
6.1638892125984253
20
-3.4458849212598426
11
6.1656728346456688
21
-3.4418453543307086
0
LINE
8
BLACK
6
CONTINUOUS
10
6.1656728346456688
20
-3.4418453543307086
11
6.1657873622047239
21
-3.4408581496062993
0
LINE
8
BLACK
6
CONTINUOUS
10
6.1657873622047239
20
-3.4408581496062993
11
6.1657874015748027
21
-3.4408580708661418
0
LINE
8
BLACK
6
CONTINUOUS
10
6.1657874015748027
20
-3.4408580708661418
11
6.1657874015748027
21
-3.4194094881889763
0
LINE
8
BLACK
6
CONTINUOUS
10
6.1657874015748027
20
-3.4194094881889763
11
6.1657873622047239
21
-3.4194094488188975
0
LINE
8
BLACK
6
CONTINUOUS
10
6.1657873622047239
20
-3.4194094488188975
11
6.1539763779527554
21
-3.4194094488188975
0
LINE
8
BLACK
6
CONTINUOUS
10
6.1539763779527554
20
-3.4194094488188975
11
6.1539763779527554
21
-3.4390944881889762
0
LINE
8
BLACK
6
CONTINUOUS
10
6.2882401181102363
20
-3.4384600393700788
11
6.2606810629921261
21
-3.4384600393700788
0
LINE
8
BLACK
6
CONTINUOUS
10
6.2606810629921261
20
-3.4384600393700788
11
6.2606810629921261
21
-3.4502709842519685
0
LINE
8
BLACK
6
CONTINUOUS
10
6.2606810629921261
20
-3.4502709842519685
11
6.2606811023622049
21
-3.4502710236220473
0
LINE
8
BLACK
6
CONTINUOUS
10
6.2606811023622049
20
-3.4502710236220473
11
6.2900035039370081
21
-3.4502710236220473
0
LINE
8
BLACK
6
CONTINUOUS
10
6.2900035039370081
20
-3.4502710236220473
11
6.2900035433070869
21
-3.4502709842519685
0
LINE
8
BLACK
6
CONTINUOUS
10
6.2900035433070869
20
-3.4502709842519685
11
6.2909910629921262
21
-3.4501564960629922
0
LINE
8
BLACK
6
CONTINUOUS
10
6.2909910629921262
20
-3.4501564960629922
11
6.2950305511811022
21
-3.4483728740157478
0
LINE
8
BLACK
6
CONTINUOUS
10
6.2950305511811022
20
-3.4483728740157478
11
6.2981529527559053
21
-3.4452504724409447
0
LINE
8
BLACK
6
CONTINUOUS
10
6.2981529527559053
20
-3.4452504724409447
11
6.2999365748031497
21
-3.4412109055118107
0
LINE
8
BLACK
6
CONTINUOUS
10
6.2999365748031497
20
-3.4412109055118107
11
6.3000511023622048
21
-3.4402237007874015
0
LINE
8
BLACK
6
CONTINUOUS
10
6.3000511023622048
20
-3.4402237007874015
11
6.3000511417322835
21
-3.440223622047244
0
LINE
8
BLACK
6
CONTINUOUS
10
6.3000511417322835
20
-3.440223622047244
11
6.3000511417322835
21
-3.4187750393700789
0
LINE
8
BLACK
6
CONTINUOUS
10
6.3000511417322835
20
-3.4187750393700789
11
6.3000511023622048
21
-3.4187750000000001
0
LINE
8
BLACK
6
CONTINUOUS
10
6.3000511023622048
20
-3.4187750000000001
11
6.2882401181102363
21
-3.4187750000000001
0
LINE
8
BLACK
6
CONTINUOUS
10
6.2882401181102363
20
-3.4187750000000001
11
6.2882401181102363
21
-3.4384600393700788
0
LINE
8
BLACK
6
CONTINUOUS
10
5.3883204330708656
20
-3.3690469291338583
11
5.3894035433070862
21
-3.3700518897637792
0
LINE
8
BLACK
6
CONTINUOUS
10
5.3894035433070862
20
-3.3700518897637792
11
5.3894037007874012
21
-3.3700520078740155
0
LINE
8
BLACK
6
CONTINUOUS
10
5.3894037007874012
20
-3.3700520078740155
11
5.3975457480314963
21
-3.3756031496062993
0
LINE
8
BLACK
6
CONTINUOUS
10
5.3975457480314963
20
-3.3756031496062993
11
5.4064239763779529
21
-3.3798786220472441
0
LINE
8
BLACK
6
CONTINUOUS
10
5.4064239763779529
20
-3.3798786220472441
11
5.4158402755905515
21
-3.382783188976378
0
LINE
8
BLACK
6
CONTINUOUS
10
5.4158402755905515
20
-3.382783188976378
11
5.4158406692913381
21
-3.3827832677165355
0
LINE
8
BLACK
6
CONTINUOUS
10
5.4158406692913381
20
-3.3827832677165355
11
5.4255845275590548
21
-3.3842519291338582
0
LINE
8
BLACK
6
CONTINUOUS
10
5.4255845275590548
20
-3.3842519291338582
11
5.4255848818897636
21
-3.3842519685039369
0
LINE
8
BLACK
6
CONTINUOUS
10
5.4255848818897636
20
-3.3842519685039369
11
5.4354387401574806
21
-3.3842519685039369
0
LINE
8
BLACK
6
CONTINUOUS
10
5.4354387401574806
20
-3.3842519685039369
11
5.4354390551181098
21
-3.3842519291338582
0
LINE
8
BLACK
6
CONTINUOUS
10
5.4354390551181098
20
-3.3842519291338582
11
5.4451829133858265
21
-3.3827832677165355
0
LINE
8
BLACK
6
CONTINUOUS
10
5.4451829133858265
20
-3.3827832677165355
11
5.445183307086614
21
-3.382783188976378
0
LINE
8
BLACK
6
CONTINUOUS
10
5.445183307086614
20
-3.382783188976378
11
5.4545996062992126
21
-3.3798786220472441
0
LINE
8
BLACK
6
CONTINUOUS
10
5.4545996062992126
20
-3.3798786220472441
11
5.4634778740157479
21
-3.3756031496062993
0
LINE
8
BLACK
6
CONTINUOUS
10
5.4634778740157479
20
-3.3756031496062993
11
5.4716196456692909
21
-3.3700522047244093
0
LINE
8
BLACK
6
CONTINUOUS
10
5.4716196456692909
20
-3.3700522047244093
11
5.4716200393700785
21
-3.3700518897637792
0
LINE
8
BLACK
6
CONTINUOUS
10
5.4716200393700785
20
-3.3700518897637792
11
5.4727031102362202
21
-3.3690469291338583
0
LINE
8
BLACK
6
CONTINUOUS
10
5.4727031102362202
20
-3.3690469291338583
11
5.4641185433070865
21
-3.3604623622047245
0
LINE
8
BLACK
6
CONTINUOUS
10
5.4641185433070865
20
-3.3604623622047245
11
5.4600125590551176
21
-3.3636581889763777
0
LINE
8
BLACK
6
CONTINUOUS
10
5.4600125590551176
20
-3.3636581889763777
11
5.4521780708661414
21
-3.3678979921259842
0
LINE
8
BLACK
6
CONTINUOUS
10
5.4521780708661414
20
-3.3678979921259842
11
5.4437525590551177
21
-3.370790472440945
0
LINE
8
BLACK
6
CONTINUOUS
10
5.4437525590551177
20
-3.370790472440945
11
5.4349659055118105
21
-3.3722567322834647
0
LINE
8
BLACK
6
CONTINUOUS
10
5.4349659055118105
20
-3.3722567322834647
11
5.4260577165354329
21
-3.3722567322834647
0
LINE
8
BLACK
6
CONTINUOUS
10
5.4260577165354329
20
-3.3722567322834647
11
5.4172710629921257
21
-3.370790472440945
0
LINE
8
BLACK
6
CONTINUOUS
10
5.4172710629921257
20
-3.370790472440945
11
5.408845551181102
21
-3.3678979921259842
0
LINE
8
BLACK
6
CONTINUOUS
10
5.408845551181102
20
-3.3678979921259842
11
5.4010110629921257
21
-3.3636581889763777
0
LINE
8
BLACK
6
CONTINUOUS
10
5.4010110629921257
20
-3.3636581889763777
11
5.3969050000000003
21
-3.3604623228346457
0
LINE
8
BLACK
6
CONTINUOUS
10
5.3969050000000003
20
-3.3604623228346457
11
5.3883204330708656
21
-3.3690469291338583
0
LINE
8
BLACK
6
CONTINUOUS
10
5.5883204330708658
20
-3.3690469291338583
11
5.5894035433070863
21
-3.3700518897637792
0
LINE
8
BLACK
6
CONTINUOUS
10
5.5894035433070863
20
-3.3700518897637792
11
5.5894037007874013
21
-3.3700520078740155
0
LINE
8
BLACK
6
CONTINUOUS
10
5.5894037007874013
20
-3.3700520078740155
11
5.5975457480314956
21
-3.3756031496062993
0
LINE
8
BLACK
6
CONTINUOUS
10
5.5975457480314956
20
-3.3756031496062993
11
5.6064239763779522
21
-3.3798786220472441
0
LINE
8
BLACK
6
CONTINUOUS
10
5.6064239763779522
20
-3.3798786220472441
11
5.6158402755905508
21
-3.382783188976378
0
LINE
8
BLACK
6
CONTINUOUS
10
5.6158402755905508
20
-3.382783188976378
11
5.6158406692913383
21
-3.3827832677165355
0
LINE
8
BLACK
6
CONTINUOUS
10
5.6158406692913383
20
-3.3827832677165355
11
5.625584527559055
21
-3.3842519291338582
0
LINE
8
BLACK
6
CONTINUOUS
10
5.625584527559055
20
-3.3842519291338582
11
5.6255848818897638
21
-3.3842519685039369
0
LINE
8
BLACK
6
CONTINUOUS
10
5.6255848818897638
20
-3.3842519685039369
11
5.6354387401574799
21
-3.3842519685039369
0
LINE
8
BLACK
6
CONTINUOUS
10
5.6354387401574799
20
-3.3842519685039369
11
5.6354390551181099
21
-3.3842519291338582
0
LINE
8
BLACK
6
CONTINUOUS
10
5.6354390551181099
20
-3.3842519291338582
11
5.6451829133858267
21
-3.3827832677165355
0
LINE
8
BLACK
6
CONTINUOUS
10
5.6451829133858267
20
-3.3827832677165355
11
5.6451833070866142
21
-3.382783188976378
0
LINE
8
BLACK
6
CONTINUOUS
10
5.6451833070866142
20
-3.382783188976378
11
5.6545996062992128
21
-3.3798786220472441
0
LINE
8
BLACK
6
CONTINUOUS
10
5.6545996062992128
20
-3.3798786220472441
11
5.6634778740157481
21
-3.3756031496062993
0
LINE
8
BLACK
6
CONTINUOUS
10
5.6634778740157481
20
-3.3756031496062993
11
5.6716196456692911
21
-3.3700522047244093
0
LINE
8
BLACK
6
CONTINUOUS
10
5.6716196456692911
20
-3.3700522047244093
11
5.6716200393700786
21
-3.3700518897637792
0
LINE
8
BLACK
6
CONTINUOUS
10
5.6716200393700786
20
-3.3700518897637792
11
5.6727031102362204
21
-3.3690469291338583
0
LINE
8
BLACK
6
CONTINUOUS
10
5.6727031102362204
20
-3.3690469291338583
11
5.6641185433070866
21
-3.3604623622047245
0
LINE
8
BLACK
6
CONTINUOUS
10
5.6641185433070866
20
-3.3604623622047245
11
5.6600125590551178
21
-3.3636581889763777
0
LINE
8
BLACK
6
CONTINUOUS
10
5.6600125590551178
20
-3.3636581889763777
11
5.6521780708661415
21
-3.3678979921259842
0
LINE
8
BLACK
6
CONTINUOUS
10
5.6521780708661415
20
-3.3678979921259842
11
5.6437525590551179
21
-3.370790472440945
0
LINE
8
BLACK
6
CONTINUOUS
10
5.6437525590551179
20
-3.370790472440945
11
5.6349659055118106
21
-3.3722567322834647
0
LINE
8
BLACK
6
CONTINUOUS
10
5.6349659055118106
20
-3.3722567322834647
11
5.6260577165354331
21
-3.3722567322834647
0
LINE
8
BLACK
6
CONTINUOUS
10
5.6260577165354331
20
-3.3722567322834647
11
5.6172710629921259
21
-3.370790472440945
0
LINE
8
BLACK
6
CONTINUOUS
10
5.6172710629921259
20
-3.370790472440945
11
5.6088455511811022
21
-3.3678979921259842
0
LINE
8
BLACK
6
CONTINUOUS
10
5.6088455511811022
20
-3.3678979921259842
11
5.6010110629921259
21
-3.3636581889763777
0
LINE
8
BLACK
6
CONTINUOUS
10
5.6010110629921259
20
-3.3636581889763777
11
5.5969049999999996
21
-3.3604623228346457
0
LINE
8
BLACK
6
CONTINUOUS
10
5.5969049999999996
20
-3.3604623228346457
11
5.5883204330708658
21
-3.3690469291338583
0
LINE
8
BLACK
6
CONTINUOUS
10
6.4883204330708661
20
-3.3690469291338583
11
6.4894035433070867
21
-3.3700518897637792
0
LINE
8
BLACK
6
CONTINUOUS
10
6.4894035433070867
20
-3.3700518897637792
11
6.4894037007874017
21
-3.3700520078740155
0
LINE
8
BLACK
6
CONTINUOUS
10
6.4894037007874017
20
-3.3700520078740155
11
6.497545748031496
21
-3.3756031496062993
0
LINE
8
BLACK
6
CONTINUOUS
10
6.497545748031496
20
-3.3756031496062993
11
6.5064239763779526
21
-3.3798786220472441
0
LINE
8
BLACK
6
CONTINUOUS
10
6.5064239763779526
20
-3.3798786220472441
11
6.5158402755905511
21
-3.382783188976378
0
LINE
8
BLACK
6
CONTINUOUS
10
6.5158402755905511
20
-3.382783188976378
11
6.5158406692913386
21
-3.3827832677165355
0
LINE
8
BLACK
6
CONTINUOUS
10
6.5158406692913386
20
-3.3827832677165355
11
6.5255845275590554
21
-3.3842519291338582
0
LINE
8
BLACK
6
CONTINUOUS
10
6.5255845275590554
20
-3.3842519291338582
11
6.5255848818897633
21
-3.3842519685039369
0
LINE
8
BLACK
6
CONTINUOUS
10
6.5255848818897633
20
-3.3842519685039369
11
6.5354387401574803
21
-3.3842519685039369
0
LINE
8
BLACK
6
CONTINUOUS
10
6.5354387401574803
20
-3.3842519685039369
11
6.5354390551181103
21
-3.3842519291338582
0
LINE
8
BLACK
6
CONTINUOUS
10
6.5354390551181103
20
-3.3842519291338582
11
6.545182913385827
21
-3.3827832677165355
0
LINE
8
BLACK
6
CONTINUOUS
10
6.545182913385827
20
-3.3827832677165355
11
6.5451833070866137
21
-3.382783188976378
0
LINE
8
BLACK
6
CONTINUOUS
10
6.5451833070866137
20
-3.382783188976378
11
6.5545996062992122
21
-3.3798786220472441
0
LINE
8
BLACK
6
CONTINUOUS
10
6.5545996062992122
20
-3.3798786220472441
11
6.5634778740157476
21
-3.3756031496062993
0
LINE
8
BLACK
6
CONTINUOUS
10
6.5634778740157476
20
-3.3756031496062993
11
6.5716196456692915
21
-3.3700522047244093
0
LINE
8
BLACK
6
CONTINUOUS
10
6.5716196456692915
20
-3.3700522047244093
11
6.571620039370079
21
-3.3700518897637792
0
LINE
8
BLACK
6
CONTINUOUS
10
6.571620039370079
20
-3.3700518897637792
11
6.5727031102362199
21
-3.3690469291338583
0
LINE
8
BLACK
6
CONTINUOUS
10
6.5727031102362199
20
-3.3690469291338583
11
6.5641185433070861
21
-3.3604623622047245
0
LINE
8
BLACK
6
CONTINUOUS
10
6.5641185433070861
20
-3.3604623622047245
11
6.5600125590551182
21
-3.3636581889763777
0
LINE
8
BLACK
6
CONTINUOUS
10
6.5600125590551182
20
-3.3636581889763777
11
6.5521780708661419
21
-3.3678979921259842
0
LINE
8
BLACK
6
CONTINUOUS
10
6.5521780708661419
20
-3.3678979921259842
11
6.5437525590551182
21
-3.370790472440945
0
LINE
8
BLACK
6
CONTINUOUS
10
6.5437525590551182
20
-3.370790472440945
11
6.534965905511811
21
-3.3722567322834647
0
LINE
8
BLACK
6
CONTINUOUS
10
6.534965905511811
20
-3.3722567322834647
11
6.5260577165354325
21
-3.3722567322834647
0
LINE
8
BLACK
6
CONTINUOUS
10
6.5260577165354325
20
-3.3722567322834647
11
6.5172710629921262
21
-3.370790472440945
0
LINE
8
BLACK
6
CONTINUOUS
10
6.5172710629921262
20
-3.370790472440945
11
6.5088455511811025
21
-3.3678979921259842
0
LINE
8
BLACK
6
CONTINUOUS
10
6.5088455511811025
20
-3.3678979921259842
11
6.5010110629921263
21
-3.3636581889763777
0
LINE
8
BLACK
6
CONTINUOUS
10
6.5010110629921263
20
-3.3636581889763777
11
6.4969049999999999
21
-3.3604623228346457
0
LINE
8
BLACK
6
CONTINUOUS
10
6.4969049999999999
20
-3.3604623228346457
11
6.4883204330708661
21
-3.3690469291338583
0
LINE
8
BLACK
6
CONTINUOUS
10
6.7600125590551183
20
-3.3636581889763777
11
6.7521780708661412
21
-3.3678979921259842
0
LINE
8
BLACK
6
CONTINUOUS
10
6.7521780708661412
20
-3.3678979921259842
11
6.7437525590551184
21
-3.370790472440945
0
LINE
8
BLACK
6
CONTINUOUS
10
6.7437525590551184
20
-3.370790472440945
11
6.7349659055118112
21
-3.3722567322834647
0
LINE
8
BLACK
6
CONTINUOUS
10
6.7349659055118112
20
-3.3722567322834647
11
6.7260577165354327
21
-3.3722567322834647
0
LINE
8
BLACK
6
CONTINUOUS
10
6.7260577165354327
20
-3.3722567322834647
11
6.7172710629921255
21
-3.370790472440945
0
LINE
8
BLACK
6
CONTINUOUS
10
6.7172710629921255
20
-3.370790472440945
11
6.7088455511811018
21
-3.3678979921259842
0
LINE
8
BLACK
6
CONTINUOUS
10
6.7088455511811018
20
-3.3678979921259842
11
6.7010110629921256
21
-3.3636581889763777
0
LINE
8
BLACK
6
CONTINUOUS
10
6.7010110629921256
20
-3.3636581889763777
11
6.6969050000000001
21
-3.3604623228346457
0
LINE
8
BLACK
6
CONTINUOUS
10
6.6969050000000001
20
-3.3604623228346457
11
6.6883204330708663
21
-3.3690469291338583
0
LINE
8
BLACK
6
CONTINUOUS
10
6.6883204330708663
20
-3.3690469291338583
11
6.6894035433070869
21
-3.3700518897637792
0
LINE
8
BLACK
6
CONTINUOUS
10
6.6894035433070869
20
-3.3700518897637792
11
6.689403700787401
21
-3.3700520078740155
0
LINE
8
BLACK
6
CONTINUOUS
10
6.689403700787401
20
-3.3700520078740155
11
6.6975457480314962
21
-3.3756031496062993
0
LINE
8
BLACK
6
CONTINUOUS
10
6.6975457480314962
20
-3.3756031496062993
11
6.7064239763779527
21
-3.3798786220472441
0
LINE
8
BLACK
6
CONTINUOUS
10
6.7064239763779527
20
-3.3798786220472441
11
6.7158402755905513
21
-3.382783188976378
0
LINE
8
BLACK
6
CONTINUOUS
10
6.7158402755905513
20
-3.382783188976378
11
6.7158406692913388
21
-3.3827832677165355
0
LINE
8
BLACK
6
CONTINUOUS
10
6.7158406692913388
20
-3.3827832677165355
11
6.7255845275590547
21
-3.3842519291338582
0
LINE
8
BLACK
6
CONTINUOUS
10
6.7255845275590547
20
-3.3842519291338582
11
6.7255848818897634
21
-3.3842519685039369
0
LINE
8
BLACK
6
CONTINUOUS
10
6.7255848818897634
20
-3.3842519685039369
11
6.7354387401574805
21
-3.3842519685039369
0
LINE
8
BLACK
6
CONTINUOUS
10
6.7354387401574805
20
-3.3842519685039369
11
6.7354390551181105
21
-3.3842519291338582
0
LINE
8
BLACK
6
CONTINUOUS
10
6.7354390551181105
20
-3.3842519291338582
11
6.7451829133858263
21
-3.3827832677165355
0
LINE
8
BLACK
6
CONTINUOUS
10
6.7451829133858263
20
-3.3827832677165355
11
6.7451833070866138
21
-3.382783188976378
0
LINE
8
BLACK
6
CONTINUOUS
10
6.7451833070866138
20
-3.382783188976378
11
6.7545996062992124
21
-3.3798786220472441
0
LINE
8
BLACK
6
CONTINUOUS
10
6.7545996062992124
20
-3.3798786220472441
11
6.7634778740157477
21
-3.3756031496062993
0
LINE
8
BLACK
6
CONTINUOUS
10
6.7634778740157477
20
-3.3756031496062993
11
6.7716196456692908
21
-3.3700522047244093
0
LINE
8
BLACK
6
CONTINUOUS
10
6.7716196456692908
20
-3.3700522047244093
11
6.7716200393700783
21
-3.3700518897637792
0
LINE
8
BLACK
6
CONTINUOUS
10
6.7716200393700783
20
-3.3700518897637792
11
6.7727031496062988
21
-3.3690469291338583
0
LINE
8
BLACK
6
CONTINUOUS
10
6.7727031496062988
20
-3.3690469291338583
11
6.7641185433070863
21
-3.3604623228346457
0
LINE
8
BLACK
6
CONTINUOUS
10
6.7641185433070863
20
-3.3604623228346457
11
6.7600125590551183
21
-3.3636581889763777
0
LINE
8
BLACK
6
CONTINUOUS
10
6.384769291338583
20
-3.3494094881889764
11
6.384769291338583
21
-3.3627673622047243
0
LINE
8
BLACK
6
CONTINUOUS
10
6.384769291338583
20
-3.3627673622047243
11
6.3848837795275593
21
-3.3637548818897636
0
LINE
8
BLACK
6
CONTINUOUS
10
6.3848837795275593
20
-3.3637548818897636
11
6.3866674015748028
21
-3.3677943700787401
0
LINE
8
BLACK
6
CONTINUOUS
10
6.3866674015748028
20
-3.3677943700787401
11
6.3897898031496059
21
-3.3709167716535431
0
LINE
8
BLACK
6
CONTINUOUS
10
6.3897898031496059
20
-3.3709167716535431
11
6.3938293700787403
21
-3.3727003937007871
0
LINE
8
BLACK
6
CONTINUOUS
10
6.3938293700787403
20
-3.3727003937007871
11
6.3948166141732283
21
-3.3728149212598426
0
LINE
8
BLACK
6
CONTINUOUS
10
6.3948166141732283
20
-3.3728149212598426
11
6.4181746850393697
21
-3.3728149212598426
0
LINE
8
BLACK
6
CONTINUOUS
10
6.4181746850393697
20
-3.3728149212598426
11
6.4181747637795272
21
-3.3728148818897639
0
LINE
8
BLACK
6
CONTINUOUS
10
6.4181747637795272
20
-3.3728148818897639
11
6.4181747637795272
21
-3.3610039370078741
0
LINE
8
BLACK
6
CONTINUOUS
10
6.4181747637795272
20
-3.3610039370078741
11
6.3965802755905514
21
-3.3610039370078741
0
LINE
8
BLACK
6
CONTINUOUS
10
6.3965802755905514
20
-3.3610039370078741
11
6.3965802755905514
21
-3.3494094488188977
0
LINE
8
BLACK
6
CONTINUOUS
10
6.3965802755905514
20
-3.3494094488188977
11
6.3847693307086617
21
-3.3494094488188977
0
LINE
8
BLACK
6
CONTINUOUS
10
6.3847693307086617
20
-3.3494094488188977
11
6.384769291338583
21
-3.3494094881889764
0
LINE
8
BLACK
6
CONTINUOUS
10
5.4957077952755906
20
-3.3086774015748031
11
5.4957077165354331
21
-3.3086770078740155
0
LINE
8
BLACK
6
CONTINUOUS
10
5.4957077165354331
20
-3.3086770078740155
11
5.4935149999999995
21
-3.2990699212598424
0
LINE
8
BLACK
6
CONTINUOUS
10
5.4935149999999995
20
-3.2990699212598424
11
5.4899149212598424
21
-3.2898971653543305
0
LINE
8
BLACK
6
CONTINUOUS
10
5.4899149212598424
20
-3.2898971653543305
11
5.4899145669291336
21
-3.2898964173228347
0
LINE
8
BLACK
6
CONTINUOUS
10
5.4899145669291336
20
-3.2898964173228347
11
5.4849878346456693
21
-3.2813630708661417
0
LINE
8
BLACK
6
CONTINUOUS
10
5.4849878346456693
20
-3.2813630708661417
11
5.4849876771653543
21
-3.2813628346456691
0
LINE
8
BLACK
6
CONTINUOUS
10
5.4849876771653543
20
-3.2813628346456691
11
5.4810022047244091
21
-3.2763651574803148
0
LINE
8
BLACK
6
CONTINUOUS
10
5.4810022047244091
20
-3.2763651574803148
11
5.4725563385826774
21
-3.2848109842519686
0
LINE
8
BLACK
6
CONTINUOUS
10
5.4725563385826774
20
-3.2848109842519686
11
5.4730756692913385
21
-3.2853751574803147
0
LINE
8
BLACK
6
CONTINUOUS
10
5.4730756692913385
20
-3.2853751574803147
11
5.4779479921259844
21
-3.2928327559055117
0
LINE
8
BLACK
6
CONTINUOUS
10
5.4779479921259844
20
-3.2928327559055117
11
5.4815263779527559
21
-3.3009906299212597
0
LINE
8
BLACK
6
CONTINUOUS
10
5.4815263779527559
20
-3.3009906299212597
11
5.4837131889763775
21
-3.3096261811023622
0
LINE
8
BLACK
6
CONTINUOUS
10
5.4837131889763775
20
-3.3096261811023622
11
5.4844488188976372
21
-3.3185039370078742
0
LINE
8
BLACK
6
CONTINUOUS
10
5.4844488188976372
20
-3.3185039370078742
11
5.4837131889763775
21
-3.3273816929133857
0
LINE
8
BLACK
6
CONTINUOUS
10
5.4837131889763775
20
-3.3273816929133857
11
5.4815263779527559
21
-3.3360172440944882
0
LINE
8
BLACK
6
CONTINUOUS
10
5.4815263779527559
20
-3.3360172440944882
11
5.4779479921259844
21
-3.3441751181102362
0
LINE
8
BLACK
6
CONTINUOUS
10
5.4779479921259844
20
-3.3441751181102362
11
5.4730756692913385
21
-3.3516327165354332
0
LINE
8
BLACK
6
CONTINUOUS
10
5.4730756692913385
20
-3.3516327165354332
11
5.4725563779527562
21
-3.3521968110236218
0
LINE
8
BLACK
6
CONTINUOUS
10
5.4725563779527562
20
-3.3521968110236218
11
5.4810022047244091
21
-3.3606426377952756
0
LINE
8
BLACK
6
CONTINUOUS
10
5.4810022047244091
20
-3.3606426377952756
11
5.4849874409448818
21
-3.35564531496063
0
LINE
8
BLACK
6
CONTINUOUS
10
5.4849874409448818
20
-3.35564531496063
11
5.4849878346456693
21
-3.3556447637795275
0
LINE
8
BLACK
6
CONTINUOUS
10
5.4849878346456693
20
-3.3556447637795275
11
5.4899145669291336
21
-3.3471114173228345
0
LINE
8
BLACK
6
CONTINUOUS
10
5.4899145669291336
20
-3.3471114173228345
11
5.4899149212598424
21
-3.3471106692913386
0
LINE
8
BLACK
6
CONTINUOUS
10
5.4899149212598424
20
-3.3471106692913386
11
5.4935149999999995
21
-3.3379379133858267
0
LINE
8
BLACK
6
CONTINUOUS
10
5.4935149999999995
20
-3.3379379133858267
11
5.4957077165354331
21
-3.3283308267716536
0
LINE
8
BLACK
6
CONTINUOUS
10
5.4957077165354331
20
-3.3283308267716536
11
5.4957077952755906
21
-3.3283304330708661
0
LINE
8
BLACK
6
CONTINUOUS
10
5.4957077952755906
20
-3.3283304330708661
11
5.4964442125984254
21
-3.3185040157480312
0
LINE
8
BLACK
6
CONTINUOUS
10
5.4964442125984254
20
-3.3185040157480312
11
5.4964442125984254
21
-3.3185038188976379
0
LINE
8
BLACK
6
CONTINUOUS
10
5.4964442125984254
20
-3.3185038188976379
11
5.4957077952755906
21
-3.3086774015748031
0
LINE
8
BLACK
6
CONTINUOUS
10
5.6725563385826767
20
-3.2848109842519686
11
5.6730756692913387
21
-3.2853751574803147
0
LINE
8
BLACK
6
CONTINUOUS
10
5.6730756692913387
20
-3.2853751574803147
11
5.6779479921259846
21
-3.2928327559055117
0
LINE
8
BLACK
6
CONTINUOUS
10
5.6779479921259846
20
-3.2928327559055117
11
5.6815263779527561
21
-3.3009906299212597
0
LINE
8
BLACK
6
CONTINUOUS
10
5.6815263779527561
20
-3.3009906299212597
11
5.6837131889763777
21
-3.3096261811023622
0
LINE
8
BLACK
6
CONTINUOUS
10
5.6837131889763777
20
-3.3096261811023622
11
5.6844488188976374
21
-3.3185039370078742
0
LINE
8
BLACK
6
CONTINUOUS
10
5.6844488188976374
20
-3.3185039370078742
11
5.6837131889763777
21
-3.3273816929133857
0
LINE
8
BLACK
6
CONTINUOUS
10
5.6837131889763777
20
-3.3273816929133857
11
5.6815263779527561
21
-3.3360172440944882
0
LINE
8
BLACK
6
CONTINUOUS
10
5.6815263779527561
20
-3.3360172440944882
11
5.6779479921259846
21
-3.3441751181102362
0
LINE
8
BLACK
6
CONTINUOUS
10
5.6779479921259846
20
-3.3441751181102362
11
5.6730756692913387
21
-3.3516327165354332
0
LINE
8
BLACK
6
CONTINUOUS
10
5.6730756692913387
20
-3.3516327165354332
11
5.6725563779527555
21
-3.3521968110236218
0
LINE
8
BLACK
6
CONTINUOUS
10
5.6725563779527555
20
-3.3521968110236218
11
5.6810022047244093
21
-3.3606426377952756
0
LINE
8
BLACK
6
CONTINUOUS
10
5.6810022047244093
20
-3.3606426377952756
11
5.684987440944882
21
-3.35564531496063
0
LINE
8
BLACK
6
CONTINUOUS
10
5.684987440944882
20
-3.35564531496063
11
5.6849878346456695
21
-3.3556447637795275
0
LINE
8
BLACK
6
CONTINUOUS
10
5.6849878346456695
20
-3.3556447637795275
11
5.6899145669291338
21
-3.3471114173228345
0
LINE
8
BLACK
6
CONTINUOUS
10
5.6899145669291338
20
-3.3471114173228345
11
5.6899149212598426
21
-3.3471106692913386
0
LINE
8
BLACK
6
CONTINUOUS
10
5.6899149212598426
20
-3.3471106692913386
11
5.6935149999999997
21
-3.3379379133858267
0
LINE
8
BLACK
6
CONTINUOUS
10
5.6935149999999997
20
-3.3379379133858267
11
5.6957077165354333
21
-3.3283308267716536
0
LINE
8
BLACK
6
CONTINUOUS
10
5.6957077165354333
20
-3.3283308267716536
11
5.6957077952755908
21
-3.3283304330708661
0
LINE
8
BLACK
6
CONTINUOUS
10
5.6957077952755908
20
-3.3283304330708661
11
5.6964442125984247
21
-3.3185040157480312
0
LINE
8
BLACK
6
CONTINUOUS
10
5.6964442125984247
20
-3.3185040157480312
11
5.6964442125984247
21
-3.3185038188976379
0
LINE
8
BLACK
6
CONTINUOUS
10
5.6964442125984247
20
-3.3185038188976379
11
5.6957077952755908
21
-3.3086774015748031
0
LINE
8
BLACK
6
CONTINUOUS
10
5.6957077952755908
20
-3.3086774015748031
11
5.6957077165354333
21
-3.3086770078740155
0
LINE
8
BLACK
6
CONTINUOUS
10
5.6957077165354333
20
-3.3086770078740155
11
5.6935149999999997
21
-3.2990699212598424
0
LINE
8
BLACK
6
CONTINUOUS
10
5.6935149999999997
20
-3.2990699212598424
11
5.6899149212598426
21
-3.2898971653543305
0
LINE
8
BLACK
6
CONTINUOUS
10
5.6899149212598426
20
-3.2898971653543305
11
5.6899145669291338
21
-3.2898964173228347
0
LINE
8
BLACK
6
CONTINUOUS
10
5.6899145669291338
20
-3.2898964173228347
11
5.6849878346456695
21
-3.2813630708661417
0
LINE
8
BLACK
6
CONTINUOUS
10
5.6849878346456695
20
-3.2813630708661417
11
5.6849876771653545
21
-3.2813628346456691
0
LINE
8
BLACK
6
CONTINUOUS
10
5.6849876771653545
20
-3.2813628346456691
11
5.6810022047244093
21
-3.2763651574803148
0
LINE
8
BLACK
6
CONTINUOUS
10
5.6810022047244093
20
-3.2763651574803148
11
5.6725563385826767
21
-3.2848109842519686
0
LINE
8
BLACK
6
CONTINUOUS
10
6.5957077952755903
20
-3.3086774015748031
11
6.5957077165354328
21
-3.3086770078740155
0
LINE
8
BLACK
6
CONTINUOUS
10
6.5957077165354328
20
-3.3086770078740155
11
6.593515
21
-3.2990699212598424
0
LINE
8
BLACK
6
CONTINUOUS
10
6.593515
20
-3.2990699212598424
11
6.589914921259842
21
-3.2898971653543305
0
LINE
8
BLACK
6
CONTINUOUS
10
6.589914921259842
20
-3.2898971653543305
11
6.5899145669291341
21
-3.2898964173228347
0
LINE
8
BLACK
6
CONTINUOUS
10
6.5899145669291341
20
-3.2898964173228347
11
6.5849878346456689
21
-3.2813630708661417
0
LINE
8
BLACK
6
CONTINUOUS
10
6.5849878346456689
20
-3.2813630708661417
11
6.5849876771653539
21
-3.2813628346456691
0
LINE
8
BLACK
6
CONTINUOUS
10
6.5849876771653539
20
-3.2813628346456691
11
6.5810022047244097
21
-3.2763651574803148
0
LINE
8
BLACK
6
CONTINUOUS
10
6.5810022047244097
20
-3.2763651574803148
11
6.5725563385826771
21
-3.2848109842519686
0
LINE
8
BLACK
6
CONTINUOUS
10
6.5725563385826771
20
-3.2848109842519686
11
6.5730756692913381
21
-3.2853751574803147
0
LINE
8
BLACK
6
CONTINUOUS
10
6.5730756692913381
20
-3.2853751574803147
11
6.577947992125984
21
-3.2928327559055117
0
LINE
8
BLACK
6
CONTINUOUS
10
6.577947992125984
20
-3.2928327559055117
11
6.5815263779527555
21
-3.3009906299212597
0
LINE
8
BLACK
6
CONTINUOUS
10
6.5815263779527555
20
-3.3009906299212597
11
6.583713188976378
21
-3.3096261811023622
0
LINE
8
BLACK
6
CONTINUOUS
10
6.583713188976378
20
-3.3096261811023622
11
6.5844488188976378
21
-3.3185039370078742
0
LINE
8
BLACK
6
CONTINUOUS
10
6.5844488188976378
20
-3.3185039370078742
11
6.583713188976378
21
-3.3273816929133857
0
LINE
8
BLACK
6
CONTINUOUS
10
6.583713188976378
20
-3.3273816929133857
11
6.5815263779527555
21
-3.3360172440944882
0
LINE
8
BLACK
6
CONTINUOUS
10
6.5815263779527555
20
-3.3360172440944882
11
6.577947992125984
21
-3.3441751181102362
0
LINE
8
BLACK
6
CONTINUOUS
10
6.577947992125984
20
-3.3441751181102362
11
6.5730756692913381
21
-3.3516327165354332
0
LINE
8
BLACK
6
CONTINUOUS
10
6.5730756692913381
20
-3.3516327165354332
11
6.5725563779527558
21
-3.3521968110236218
0
LINE
8
BLACK
6
CONTINUOUS
10
6.5725563779527558
20
-3.3521968110236218
11
6.5810022047244097
21
-3.3606426377952756
0
LINE
8
BLACK
6
CONTINUOUS
10
6.5810022047244097
20
-3.3606426377952756
11
6.5849874409448814
21
-3.35564531496063
0
LINE
8
BLACK
6
CONTINUOUS
10
6.5849874409448814
20
-3.35564531496063
11
6.5849878346456689
21
-3.3556447637795275
0
LINE
8
BLACK
6
CONTINUOUS
10
6.5849878346456689
20
-3.3556447637795275
11
6.5899145669291341
21
-3.3471114173228345
0
LINE
8
BLACK
6
CONTINUOUS
10
6.5899145669291341
20
-3.3471114173228345
11
6.589914921259842
21
-3.3471106692913386
0
LINE
8
BLACK
6
CONTINUOUS
10
6.589914921259842
20
-3.3471106692913386
11
6.593515
21
-3.3379379133858267
0
LINE
8
BLACK
6
CONTINUOUS
10
6.593515
20
-3.3379379133858267
11
6.5957077165354328
21
-3.3283308267716536
0
LINE
8
BLACK
6
CONTINUOUS
10
6.5957077165354328
20
-3.3283308267716536
11
6.5957077952755903
21
-3.3283304330708661
0
LINE
8
BLACK
6
CONTINUOUS
10
6.5957077952755903
20
-3.3283304330708661
11
6.5964442125984251
21
-3.3185040157480312
0
LINE
8
BLACK
6
CONTINUOUS
10
6.5964442125984251
20
-3.3185040157480312
11
6.5964442125984251
21
-3.3185038188976379
0
LINE
8
BLACK
6
CONTINUOUS
10
6.5964442125984251
20
-3.3185038188976379
11
6.5957077952755903
21
-3.3086774015748031
0
LINE
8
BLACK
6
CONTINUOUS
10
6.7725563385826772
20
-3.2848109842519686
11
6.7730756692913383
21
-3.2853751574803147
0
LINE
8
BLACK
6
CONTINUOUS
10
6.7730756692913383
20
-3.2853751574803147
11
6.7779479921259842
21
-3.2928327559055117
0
LINE
8
BLACK
6
CONTINUOUS
10
6.7779479921259842
20
-3.2928327559055117
11
6.7815263779527557
21
-3.3009906299212597
0
LINE
8
BLACK
6
CONTINUOUS
10
6.7815263779527557
20
-3.3009906299212597
11
6.7837131889763782
21
-3.3096261811023622
0
LINE
8
BLACK
6
CONTINUOUS
10
6.7837131889763782
20
-3.3096261811023622
11
6.784448818897638
21
-3.3185039370078742
0
LINE
8
BLACK
6
CONTINUOUS
10
6.784448818897638
20
-3.3185039370078742
11
6.7837131889763782
21
-3.3273816929133857
0
LINE
8
BLACK
6
CONTINUOUS
10
6.7837131889763782
20
-3.3273816929133857
11
6.7815263779527557
21
-3.3360172440944882
0
LINE
8
BLACK
6
CONTINUOUS
10
6.7815263779527557
20
-3.3360172440944882
11
6.7779479921259842
21
-3.3441751181102362
0
LINE
8
BLACK
6
CONTINUOUS
10
6.7779479921259842
20
-3.3441751181102362
11
6.7730756692913383
21
-3.3516327165354332
0
LINE
8
BLACK
6
CONTINUOUS
10
6.7730756692913383
20
-3.3516327165354332
11
6.772556377952756
21
-3.3521968110236218
0
LINE
8
BLACK
6
CONTINUOUS
10
6.772556377952756
20
-3.3521968110236218
11
6.781002204724409
21
-3.3606426377952756
0
LINE
8
BLACK
6
CONTINUOUS
10
6.781002204724409
20
-3.3606426377952756
11
6.7849874409448816
21
-3.35564531496063
0
LINE
8
BLACK
6
CONTINUOUS
10
6.7849874409448816
20
-3.35564531496063
11
6.7849878346456691
21
-3.3556447637795275
0
LINE
8
BLACK
6
CONTINUOUS
10
6.7849878346456691
20
-3.3556447637795275
11
6.7899145669291334
21
-3.3471114173228345
0
LINE
8
BLACK
6
CONTINUOUS
10
6.7899145669291334
20
-3.3471114173228345
11
6.7899149212598422
21
-3.3471106692913386
0
LINE
8
BLACK
6
CONTINUOUS
10
6.7899149212598422
20
-3.3471106692913386
11
6.7935150000000002
21
-3.3379379133858267
0
LINE
8
BLACK
6
CONTINUOUS
10
6.7935150000000002
20
-3.3379379133858267
11
6.7957077165354329
21
-3.3283308267716536
0
LINE
8
BLACK
6
CONTINUOUS
10
6.7957077165354329
20
-3.3283308267716536
11
6.7957077952755904
21
-3.3283304330708661
0
LINE
8
BLACK
6
CONTINUOUS
10
6.7957077952755904
20
-3.3283304330708661
11
6.7964442125984252
21
-3.3185040157480312
0
LINE
8
BLACK
6
CONTINUOUS
10
6.7964442125984252
20
-3.3185040157480312
11
6.7964442125984252
21
-3.3185038188976379
0
LINE
8
BLACK
6
CONTINUOUS
10
6.7964442125984252
20
-3.3185038188976379
11
6.7957077952755904
21
-3.3086774015748031
0
LINE
8
BLACK
6
CONTINUOUS
10
6.7957077952755904
20
-3.3086774015748031
11
6.7957077165354329
21
-3.3086770078740155
0
LINE
8
BLACK
6
CONTINUOUS
10
6.7957077165354329
20
-3.3086770078740155
11
6.7935150000000002
21
-3.2990699212598424
0
LINE
8
BLACK
6
CONTINUOUS
10
6.7935150000000002
20
-3.2990699212598424
11
6.7899149212598422
21
-3.2898971653543305
0
LINE
8
BLACK
6
CONTINUOUS
10
6.7899149212598422
20
-3.2898971653543305
11
6.7899145669291334
21
-3.2898964173228347
0
LINE
8
BLACK
6
CONTINUOUS
10
6.7899145669291334
20
-3.2898964173228347
11
6.7849878346456691
21
-3.2813630708661417
0
LINE
8
BLACK
6
CONTINUOUS
10
6.7849878346456691
20
-3.2813630708661417
11
6.7849876771653541
21
-3.2813628346456691
0
LINE
8
BLACK
6
CONTINUOUS
10
6.7849876771653541
20
-3.2813628346456691
11
6.781002204724409
21
-3.2763651574803148
0
LINE
8
BLACK
6
CONTINUOUS
10
6.781002204724409
20
-3.2763651574803148
11
6.7725563385826772
21
-3.2848109842519686
0
LINE
8
BLACK
6
CONTINUOUS
10
5.4158406692913381
20
-3.2542245669291336
11
5.4158402755905515
21
-3.2542246456692911
0
LINE
8
BLACK
6
CONTINUOUS
10
5.4158402755905515
20
-3.2542246456692911
11
5.4064239763779529
21
-3.257129212598425
0
LINE
8
BLACK
6
CONTINUOUS
10
5.4064239763779529
20
-3.257129212598425
11
5.3975457480314963
21
-3.2614046850393699
0
LINE
8
BLACK
6
CONTINUOUS
10
5.3975457480314963
20
-3.2614046850393699
11
5.3894035826771649
21
-3.2669559055118111
0
LINE
8
BLACK
6
CONTINUOUS
10
5.3894035826771649
20
-3.2669559055118111
11
5.3883204330708656
21
-3.2679608661417321
0
LINE
8
BLACK
6
CONTINUOUS
10
5.3883204330708656
20
-3.2679608661417321
11
5.396905039370079
21
-3.2765454724409446
0
LINE
8
BLACK
6
CONTINUOUS
10
5.396905039370079
20
-3.2765454724409446
11
5.4010110629921257
21
-3.2733496850393702
0
LINE
8
BLACK
6
CONTINUOUS
10
5.4010110629921257
20
-3.2733496850393702
11
5.408845551181102
21
-3.2691098818897637
0
LINE
8
BLACK
6
CONTINUOUS
10
5.408845551181102
20
-3.2691098818897637
11
5.4172710629921257
21
-3.2662174015748029
0
LINE
8
BLACK
6
CONTINUOUS
10
5.4172710629921257
20
-3.2662174015748029
11
5.4260577165354329
21
-3.2647511417322832
0
LINE
8
BLACK
6
CONTINUOUS
10
5.4260577165354329
20
-3.2647511417322832
11
5.4349659055118105
21
-3.2647511417322832
0
LINE
8
BLACK
6
CONTINUOUS
10
5.4349659055118105
20
-3.2647511417322832
11
5.4437525590551177
21
-3.2662174015748029
0
LINE
8
BLACK
6
CONTINUOUS
10
5.4437525590551177
20
-3.2662174015748029
11
5.4521780708661414
21
-3.2691098818897637
0
LINE
8
BLACK
6
CONTINUOUS
10
5.4521780708661414
20
-3.2691098818897637
11
5.4600125590551176
21
-3.2733496850393702
0
LINE
8
BLACK
6
CONTINUOUS
10
5.4600125590551176
20
-3.2733496850393702
11
5.464118464566929
21
-3.2765454330708659
0
LINE
8
BLACK
6
CONTINUOUS
10
5.464118464566929
20
-3.2765454330708659
11
5.4727031102362202
21
-3.2679608661417321
0
LINE
8
BLACK
6
CONTINUOUS
10
5.4727031102362202
20
-3.2679608661417321
11
5.4716200787401572
21
-3.2669559842519686
0
LINE
8
BLACK
6
CONTINUOUS
10
5.4716200787401572
20
-3.2669559842519686
11
5.4634777165354329
21
-3.2614046456692911
0
LINE
8
BLACK
6
CONTINUOUS
10
5.4634777165354329
20
-3.2614046456692911
11
5.4545996062992126
21
-3.257129212598425
0
LINE
8
BLACK
6
CONTINUOUS
10
5.4545996062992126
20
-3.257129212598425
11
5.445183307086614
21
-3.2542246456692911
0
LINE
8
BLACK
6
CONTINUOUS
10
5.445183307086614
20
-3.2542246456692911
11
5.4451829133858265
21
-3.2542245669291336
0
LINE
8
BLACK
6
CONTINUOUS
10
5.4451829133858265
20
-3.2542245669291336
11
5.4354390551181098
21
-3.2527559055118109
0
LINE
8
BLACK
6
CONTINUOUS
10
5.4354390551181098
20
-3.2527559055118109
11
5.4255845275590548
21
-3.2527559055118109
0
LINE
8
BLACK
6
CONTINUOUS
10
5.4255845275590548
20
-3.2527559055118109
11
5.4158406692913381
21
-3.2542245669291336
0
LINE
8
BLACK
6
CONTINUOUS
10
5.6158406692913383
20
-3.2542245669291336
11
5.6158402755905508
21
-3.2542246456692911
0
LINE
8
BLACK
6
CONTINUOUS
10
5.6158402755905508
20
-3.2542246456692911
11
5.6064239763779522
21
-3.257129212598425
0
LINE
8
BLACK
6
CONTINUOUS
10
5.6064239763779522
20
-3.257129212598425
11
5.5975457480314956
21
-3.2614046850393699
0
LINE
8
BLACK
6
CONTINUOUS
10
5.5975457480314956
20
-3.2614046850393699
11
5.5894035826771651
21
-3.2669559055118111
0
LINE
8
BLACK
6
CONTINUOUS
10
5.5894035826771651
20
-3.2669559055118111
11
5.5883204330708658
21
-3.2679608661417321
0
LINE
8
BLACK
6
CONTINUOUS
10
5.5883204330708658
20
-3.2679608661417321
11
5.5969050393700783
21
-3.2765454724409446
0
LINE
8
BLACK
6
CONTINUOUS
10
5.5969050393700783
20
-3.2765454724409446
11
5.6010110629921259
21
-3.2733496850393702
0
LINE
8
BLACK
6
CONTINUOUS
10
5.6010110629921259
20
-3.2733496850393702
11
5.6088455511811022
21
-3.2691098818897637
0
LINE
8
BLACK
6
CONTINUOUS
10
5.6088455511811022
20
-3.2691098818897637
11
5.6172710629921259
21
-3.2662174015748029
0
LINE
8
BLACK
6
CONTINUOUS
10
5.6172710629921259
20
-3.2662174015748029
11
5.6260577165354331
21
-3.2647511417322832
0
LINE
8
BLACK
6
CONTINUOUS
10
5.6260577165354331
20
-3.2647511417322832
11
5.6349659055118106
21
-3.2647511417322832
0
LINE
8
BLACK
6
CONTINUOUS
10
5.6349659055118106
20
-3.2647511417322832
11
5.6437525590551179
21
-3.2662174015748029
0
LINE
8
BLACK
6
CONTINUOUS
10
5.6437525590551179
20
-3.2662174015748029
11
5.6521780708661415
21
-3.2691098818897637
0
LINE
8
BLACK
6
CONTINUOUS
10
5.6521780708661415
20
-3.2691098818897637
11
5.6600125590551178
21
-3.2733496850393702
0
LINE
8
BLACK
6
CONTINUOUS
10
5.6600125590551178
20
-3.2733496850393702
11
5.6641184645669291
21
-3.2765454330708659
0
LINE
8
BLACK
6
CONTINUOUS
10
5.6641184645669291
20
-3.2765454330708659
11
5.6727031102362204
21
-3.2679608661417321
0
LINE
8
BLACK
6
CONTINUOUS
10
5.6727031102362204
20
-3.2679608661417321
11
5.6716200787401574
21
-3.2669559842519686
0
LINE
8
BLACK
6
CONTINUOUS
10
5.6716200787401574
20
-3.2669559842519686
11
5.6634777165354331
21
-3.2614046456692911
0
LINE
8
BLACK
6
CONTINUOUS
10
5.6634777165354331
20
-3.2614046456692911
11
5.6545996062992128
21
-3.257129212598425
0
LINE
8
BLACK
6
CONTINUOUS
10
5.6545996062992128
20
-3.257129212598425
11
5.6451833070866142
21
-3.2542246456692911
0
LINE
8
BLACK
6
CONTINUOUS
10
5.6451833070866142
20
-3.2542246456692911
11
5.6451829133858267
21
-3.2542245669291336
0
LINE
8
BLACK
6
CONTINUOUS
10
5.6451829133858267
20
-3.2542245669291336
11
5.6354390551181099
21
-3.2527559055118109
0
LINE
8
BLACK
6
CONTINUOUS
10
5.6354390551181099
20
-3.2527559055118109
11
5.625584527559055
21
-3.2527559055118109
0
LINE
8
BLACK
6
CONTINUOUS
10
5.625584527559055
20
-3.2527559055118109
11
5.6158406692913383
21
-3.2542245669291336
0
LINE
8
BLACK
6
CONTINUOUS
10
6.5158406692913386
20
-3.2542245669291336
11
6.5158402755905511
21
-3.2542246456692911
0
LINE
8
BLACK
6
CONTINUOUS
10
6.5158402755905511
20
-3.2542246456692911
11
6.5064239763779526
21
-3.257129212598425
0
LINE
8
BLACK
6
CONTINUOUS
10
6.5064239763779526
20
-3.257129212598425
11
6.497545748031496
21
-3.2614046850393699
0
LINE
8
BLACK
6
CONTINUOUS
10
6.497545748031496
20
-3.2614046850393699
11
6.4894035826771654
21
-3.2669559055118111
0
LINE
8
BLACK
6
CONTINUOUS
10
6.4894035826771654
20
-3.2669559055118111
11
6.4883204330708661
21
-3.2679608661417321
0
LINE
8
BLACK
6
CONTINUOUS
10
6.4883204330708661
20
-3.2679608661417321
11
6.4969050393700787
21
-3.2765454724409446
0
LINE
8
BLACK
6
CONTINUOUS
10
6.4969050393700787
20
-3.2765454724409446
11
6.5010110629921263
21
-3.2733496850393702
0
LINE
8
BLACK
6
CONTINUOUS
10
6.5010110629921263
20
-3.2733496850393702
11
6.5088455511811025
21
-3.2691098818897637
0
LINE
8
BLACK
6
CONTINUOUS
10
6.5088455511811025
20
-3.2691098818897637
11
6.5172710629921262
21
-3.2662174015748029
0
LINE
8
BLACK
6
CONTINUOUS
10
6.5172710629921262
20
-3.2662174015748029
11
6.5260577165354325
21
-3.2647511417322832
0
LINE
8
BLACK
6
CONTINUOUS
10
6.5260577165354325
20
-3.2647511417322832
11
6.534965905511811
21
-3.2647511417322832
0
LINE
8
BLACK
6
CONTINUOUS
10
6.534965905511811
20
-3.2647511417322832
11
6.5437525590551182
21
-3.2662174015748029
0
LINE
8
BLACK
6
CONTINUOUS
10
6.5437525590551182
20
-3.2662174015748029
11
6.5521780708661419
21
-3.2691098818897637
0
LINE
8
BLACK
6
CONTINUOUS
10
6.5521780708661419
20
-3.2691098818897637
11
6.5600125590551182
21
-3.2733496850393702
0
LINE
8
BLACK
6
CONTINUOUS
10
6.5600125590551182
20
-3.2733496850393702
11
6.5641184645669286
21
-3.2765454330708659
0
LINE
8
BLACK
6
CONTINUOUS
10
6.5641184645669286
20
-3.2765454330708659
11
6.5727031102362199
21
-3.2679608661417321
0
LINE
8
BLACK
6
CONTINUOUS
10
6.5727031102362199
20
-3.2679608661417321
11
6.5716200787401577
21
-3.2669559842519686
0
LINE
8
BLACK
6
CONTINUOUS
10
6.5716200787401577
20
-3.2669559842519686
11
6.5634777165354325
21
-3.2614046456692911
0
LINE
8
BLACK
6
CONTINUOUS
10
6.5634777165354325
20
-3.2614046456692911
11
6.5545996062992122
21
-3.257129212598425
0
LINE
8
BLACK
6
CONTINUOUS
10
6.5545996062992122
20
-3.257129212598425
11
6.5451833070866137
21
-3.2542246456692911
0
LINE
8
BLACK
6
CONTINUOUS
10
6.5451833070866137
20
-3.2542246456692911
11
6.545182913385827
21
-3.2542245669291336
0
LINE
8
BLACK
6
CONTINUOUS
10
6.545182913385827
20
-3.2542245669291336
11
6.5354390551181103
21
-3.2527559055118109
0
LINE
8
BLACK
6
CONTINUOUS
10
6.5354390551181103
20
-3.2527559055118109
11
6.5255845275590554
21
-3.2527559055118109
0
LINE
8
BLACK
6
CONTINUOUS
10
6.5255845275590554
20
-3.2527559055118109
11
6.5158406692913386
21
-3.2542245669291336
0
LINE
8
BLACK
6
CONTINUOUS
10
6.7158406692913388
20
-3.2542245669291336
11
6.7158402755905513
21
-3.2542246456692911
0
LINE
8
BLACK
6
CONTINUOUS
10
6.7158402755905513
20
-3.2542246456692911
11
6.7064239763779527
21
-3.257129212598425
0
LINE
8
BLACK
6
CONTINUOUS
10
6.7064239763779527
20
-3.257129212598425
11
6.6975457480314962
21
-3.2614046850393699
0
LINE
8
BLACK
6
CONTINUOUS
10
6.6975457480314962
20
-3.2614046850393699
11
6.6894035826771656
21
-3.2669559055118111
0
LINE
8
BLACK
6
CONTINUOUS
10
6.6894035826771656
20
-3.2669559055118111
11
6.6883204330708663
21
-3.2679608661417321
0
LINE
8
BLACK
6
CONTINUOUS
10
6.6883204330708663
20
-3.2679608661417321
11
6.6969050393700789
21
-3.2765454724409446
0
LINE
8
BLACK
6
CONTINUOUS
10
6.6969050393700789
20
-3.2765454724409446
11
6.7010110629921256
21
-3.2733496850393702
0
LINE
8
BLACK
6
CONTINUOUS
10
6.7010110629921256
20
-3.2733496850393702
11
6.7088455511811018
21
-3.2691098818897637
0
LINE
8
BLACK
6
CONTINUOUS
10
6.7088455511811018
20
-3.2691098818897637
11
6.7172710629921255
21
-3.2662174015748029
0
LINE
8
BLACK
6
CONTINUOUS
10
6.7172710629921255
20
-3.2662174015748029
11
6.7260577165354327
21
-3.2647511417322832
0
LINE
8
BLACK
6
CONTINUOUS
10
6.7260577165354327
20
-3.2647511417322832
11
6.7349659055118112
21
-3.2647511417322832
0
LINE
8
BLACK
6
CONTINUOUS
10
6.7349659055118112
20
-3.2647511417322832
11
6.7437525590551184
21
-3.2662174015748029
0
LINE
8
BLACK
6
CONTINUOUS
10
6.7437525590551184
20
-3.2662174015748029
11
6.7521780708661412
21
-3.2691098818897637
0
LINE
8
BLACK
6
CONTINUOUS
10
6.7521780708661412
20
-3.2691098818897637
11
6.7600125590551183
21
-3.2733496850393702
0
LINE
8
BLACK
6
CONTINUOUS
10
6.7600125590551183
20
-3.2733496850393702
11
6.7641184645669288
21
-3.2765454330708659
0
LINE
8
BLACK
6
CONTINUOUS
10
6.7641184645669288
20
-3.2765454330708659
11
6.7727031102362201
21
-3.2679608661417321
0
LINE
8
BLACK
6
CONTINUOUS
10
6.7727031102362201
20
-3.2679608661417321
11
6.771620078740157
21
-3.2669559842519686
0
LINE
8
BLACK
6
CONTINUOUS
10
6.771620078740157
20
-3.2669559842519686
11
6.7634777165354327
21
-3.2614046456692911
0
LINE
8
BLACK
6
CONTINUOUS
10
6.7634777165354327
20
-3.2614046456692911
11
6.7545996062992124
21
-3.257129212598425
0
LINE
8
BLACK
6
CONTINUOUS
10
6.7545996062992124
20
-3.257129212598425
11
6.7451833070866138
21
-3.2542246456692911
0
LINE
8
BLACK
6
CONTINUOUS
10
6.7451833070866138
20
-3.2542246456692911
11
6.7451829133858263
21
-3.2542245669291336
0
LINE
8
BLACK
6
CONTINUOUS
10
6.7451829133858263
20
-3.2542245669291336
11
6.7354390551181105
21
-3.2527559055118109
0
LINE
8
BLACK
6
CONTINUOUS
10
6.7354390551181105
20
-3.2527559055118109
11
6.7255845275590547
21
-3.2527559055118109
0
LINE
8
BLACK
6
CONTINUOUS
10
6.7255845275590547
20
-3.2527559055118109
11
6.7158406692913388
21
-3.2542245669291336
0
LINE
8
BLACK
6
CONTINUOUS
10
5.972964566929134
20
-3.2630186220472441
11
5.9296574803149609
21
-3.2630186220472441
0
LINE
8
BLACK
6
CONTINUOUS
10
5.9296574803149609
20
-3.2630186220472441
11
5.9296574803149609
21
-3.2748295669291339
0
LINE
8
BLACK
6
CONTINUOUS
10
5.9296574803149609
20
-3.2748295669291339
11
5.9296575196850396
21
-3.2748296062992126
0
LINE
8
BLACK
6
CONTINUOUS
10
5.9296575196850396
20
-3.2748296062992126
11
5.974727952755905
21
-3.2748296062992126
0
LINE
8
BLACK
6
CONTINUOUS
10
5.974727952755905
20
-3.2748296062992126
11
5.9747279921259837
21
-3.2748295669291339
0
LINE
8
BLACK
6
CONTINUOUS
10
5.9747279921259837
20
-3.2748295669291339
11
5.9757155118110239
21
-3.2747150787401575
0
LINE
8
BLACK
6
CONTINUOUS
10
5.9757155118110239
20
-3.2747150787401575
11
5.9797549999999999
21
-3.2729314566929135
0
LINE
8
BLACK
6
CONTINUOUS
10
5.9797549999999999
20
-3.2729314566929135
11
5.982877401574803
21
-3.26980905511811
0
LINE
8
BLACK
6
CONTINUOUS
10
5.982877401574803
20
-3.26980905511811
11
5.9846610236220474
21
-3.2657694881889765
0
LINE
8
BLACK
6
CONTINUOUS
10
5.9846610236220474
20
-3.2657694881889765
11
5.9847755511811025
21
-3.2647822834645668
0
LINE
8
BLACK
6
CONTINUOUS
10
5.9847755511811025
20
-3.2647822834645668
11
5.9847755905511812
21
-3.2647822047244093
0
LINE
8
BLACK
6
CONTINUOUS
10
5.9847755905511812
20
-3.2647822047244093
11
5.9847755905511812
21
-3.2334911023622048
0
LINE
8
BLACK
6
CONTINUOUS
10
5.9847755905511812
20
-3.2334911023622048
11
5.9847755511811025
21
-3.2334910629921261
0
LINE
8
BLACK
6
CONTINUOUS
10
5.9847755511811025
20
-3.2334910629921261
11
5.972964566929134
21
-3.2334910629921261
0
LINE
8
BLACK
6
CONTINUOUS
10
5.972964566929134
20
-3.2334910629921261
11
5.972964566929134
21
-3.2630186220472441
0
LINE
8
BLACK
6
CONTINUOUS
10
5.7091653543307084
20
-3.2637960236220471
11
5.7091653937007871
21
-3.2637964960629922
0
LINE
8
BLACK
6
CONTINUOUS
10
5.7091653937007871
20
-3.2637964960629922
11
5.7096233070866145
21
-3.2660984251968501
0
LINE
8
BLACK
6
CONTINUOUS
10
5.7096233070866145
20
-3.2660984251968501
11
5.7096233858267711
21
-3.2660986614173226
0
LINE
8
BLACK
6
CONTINUOUS
10
5.7096233858267711
20
-3.2660986614173226
11
5.7113679133858266
21
-3.2687094881889762
0
LINE
8
BLACK
6
CONTINUOUS
10
5.7113679133858266
20
-3.2687094881889762
11
5.7113680314960629
21
-3.2687096456692912
0
LINE
8
BLACK
6
CONTINUOUS
10
5.7113680314960629
20
-3.2687096456692912
11
5.713979094488189
21
-3.2704543307086613
0
LINE
8
BLACK
6
CONTINUOUS
10
5.713979094488189
20
-3.2704543307086613
11
5.7157295669291335
21
-3.2708025196850392
0
LINE
8
BLACK
6
CONTINUOUS
10
5.7157295669291335
20
-3.2708025196850392
11
5.7162811417322832
21
-3.2709122440944882
0
LINE
8
BLACK
6
CONTINUOUS
10
5.7162811417322832
20
-3.2709122440944882
11
5.716281338582677
21
-3.2709122440944882
0
LINE
8
BLACK
6
CONTINUOUS
10
5.716281338582677
20
-3.2709122440944882
11
5.7162815748031495
21
-3.2709123228346457
0
LINE
8
BLACK
6
CONTINUOUS
10
5.7162815748031495
20
-3.2709123228346457
11
5.7162816141732282
21
-3.2709123228346457
0
LINE
8
BLACK
6
CONTINUOUS
10
5.7162816141732282
20
-3.2709123228346457
11
5.8162616929133861
21
-3.2709123228346457
0
LINE
8
BLACK
6
CONTINUOUS
10
5.8162616929133861
20
-3.2709123228346457
11
5.816261732283464
21
-3.2709123228346457
0
LINE
8
BLACK
6
CONTINUOUS
10
5.816261732283464
20
-3.2709123228346457
11
5.8185642125984254
21
-3.2704543307086613
0
LINE
8
BLACK
6
CONTINUOUS
10
5.8185642125984254
20
-3.2704543307086613
11
5.8211752755905515
21
-3.2687096456692912
0
LINE
8
BLACK
6
CONTINUOUS
10
5.8211752755905515
20
-3.2687096456692912
11
5.8229199606299211
21
-3.2660985826771651
0
LINE
8
BLACK
6
CONTINUOUS
10
5.8229199606299211
20
-3.2660985826771651
11
5.8233779527559051
21
-3.2637961023622046
0
LINE
8
BLACK
6
CONTINUOUS
10
5.8233779527559051
20
-3.2637961023622046
11
5.8233779527559051
21
-3.2334911023622048
0
LINE
8
BLACK
6
CONTINUOUS
10
5.8233779527559051
20
-3.2334911023622048
11
5.8233779527559051
21
-3.2055281496062991
0
LINE
8
BLACK
6
CONTINUOUS
10
5.8233779527559051
20
-3.2055281496062991
11
5.8241223228346453
21
-3.2032371653543308
0
LINE
8
BLACK
6
CONTINUOUS
10
5.8241223228346453
20
-3.2032371653543308
11
5.8245192913385821
21
-3.2027723228346456
0
LINE
8
BLACK
6
CONTINUOUS
10
5.8245192913385821
20
-3.2027723228346456
11
5.8369028346456693
21
-3.1903887795275589
0
LINE
8
BLACK
6
CONTINUOUS
10
5.8369028346456693
20
-3.1903887795275589
11
5.8450280708661415
21
-3.1822635433070867
0
LINE
8
BLACK
6
CONTINUOUS
10
5.8450280708661415
20
-3.1822635433070867
11
5.8450281889763778
21
-3.182263503937008
0
LINE
8
BLACK
6
CONTINUOUS
10
5.8450281889763778
20
-3.182263503937008
11
5.8494299212598424
21
-3.1778617716535433
0
LINE
8
BLACK
6
CONTINUOUS
10
5.8494299212598424
20
-3.1778617716535433
11
5.8514031102362205
21
-3.1744439763779528
0
LINE
8
BLACK
6
CONTINUOUS
10
5.8514031102362205
20
-3.1744439763779528
11
5.8525424015748033
21
-3.1724707874015747
0
LINE
8
BLACK
6
CONTINUOUS
10
5.8525424015748033
20
-3.1724707874015747
11
5.8541535433070866
21
-3.1664579133858268
0
LINE
8
BLACK
6
CONTINUOUS
10
5.8541535433070866
20
-3.1664579133858268
11
5.8541535433070866
21
-3.1602329133858267
0
LINE
8
BLACK
6
CONTINUOUS
10
5.8541535433070866
20
-3.1602329133858267
11
5.8541535433070866
21
-3.135295275590551
0
LINE
8
BLACK
6
CONTINUOUS
10
5.8541535433070866
20
-3.135295275590551
11
5.8548979133858268
21
-3.1330042913385827
0
LINE
8
BLACK
6
CONTINUOUS
10
5.8548979133858268
20
-3.1330042913385827
11
5.8568467322834641
21
-3.1315883858267717
0
LINE
8
BLACK
6
CONTINUOUS
10
5.8568467322834641
20
-3.1315883858267717
11
5.8580511811023621
21
-3.1313976377952755
0
LINE
8
BLACK
6
CONTINUOUS
10
5.8580511811023621
20
-3.1313976377952755
11
5.861289251968504
21
-3.1313976377952755
0
LINE
8
BLACK
6
CONTINUOUS
10
5.861289251968504
20
-3.1313976377952755
11
5.8612892913385828
21
-3.1313976377952755
0
LINE
8
BLACK
6
CONTINUOUS
10
5.8612892913385828
20
-3.1313976377952755
11
5.8635917716535433
21
-3.1309396456692911
0
LINE
8
BLACK
6
CONTINUOUS
10
5.8635917716535433
20
-3.1309396456692911
11
5.8662028346456694
21
-3.129194960629921
0
LINE
8
BLACK
6
CONTINUOUS
10
5.8662028346456694
20
-3.129194960629921
11
5.867947519685039
21
-3.1265838976377953
0
LINE
8
BLACK
6
CONTINUOUS
10
5.867947519685039
20
-3.1265838976377953
11
5.8684055118110239
21
-3.1242814173228344
0
LINE
8
BLACK
6
CONTINUOUS
10
5.8684055118110239
20
-3.1242814173228344
11
5.8684055118110239
21
-3.0627264566929133
0
LINE
8
BLACK
6
CONTINUOUS
10
5.8684055118110239
20
-3.0627264566929133
11
5.8682093307086616
21
-3.0617402362204724
0
LINE
8
BLACK
6
CONTINUOUS
10
5.8682093307086616
20
-3.0617402362204724
11
5.867947519685039
21
-3.0604239763779528
0
LINE
8
BLACK
6
CONTINUOUS
10
5.867947519685039
20
-3.0604239763779528
11
5.8662028346456694
21
-3.0578129133858267
0
LINE
8
BLACK
6
CONTINUOUS
10
5.8662028346456694
20
-3.0578129133858267
11
5.8662026771653544
21
-3.0578127952755905
0
LINE
8
BLACK
6
CONTINUOUS
10
5.8662026771653544
20
-3.0578127952755905
11
5.8635918503937008
21
-3.0560682677165354
0
LINE
8
BLACK
6
CONTINUOUS
10
5.8635918503937008
20
-3.0560682677165354
11
5.8635917716535433
21
-3.0560682283464566
0
LINE
8
BLACK
6
CONTINUOUS
10
5.8635917716535433
20
-3.0560682283464566
11
5.863591653543307
21
-3.0560681889763779
0
LINE
8
BLACK
6
CONTINUOUS
10
5.863591653543307
20
-3.0560681889763779
11
5.8635916141732283
21
-3.0560681889763779
0
LINE
8
BLACK
6
CONTINUOUS
10
5.8635916141732283
20
-3.0560681889763779
11
5.8612896850393703
21
-3.055610275590551
0
LINE
8
BLACK
6
CONTINUOUS
10
5.8612896850393703
20
-3.055610275590551
11
5.8612892913385828
21
-3.0556102362204722
0
LINE
8
BLACK
6
CONTINUOUS
10
5.8612892913385828
20
-3.0556102362204722
11
5.861289251968504
21
-3.0556102362204722
0
LINE
8
BLACK
6
CONTINUOUS
10
5.861289251968504
20
-3.0556102362204722
11
5.8580511811023621
21
-3.0556102362204722
0
LINE
8
BLACK
6
CONTINUOUS
10
5.8580511811023621
20
-3.0556102362204722
11
5.8557601968503938
21
-3.0548658661417321
0
LINE
8
BLACK
6
CONTINUOUS
10
5.8557601968503938
20
-3.0548658661417321
11
5.8543442913385828
21
-3.0529170472440943
0
LINE
8
BLACK
6
CONTINUOUS
10
5.8543442913385828
20
-3.0529170472440943
11
5.8541535433070866
21
-3.0517125984251967
0
LINE
8
BLACK
6
CONTINUOUS
10
5.8541535433070866
20
-3.0517125984251967
11
5.8541535433070866
21
-3.0352952755905509
0
LINE
8
BLACK
6
CONTINUOUS
10
5.8541535433070866
20
-3.0352952755905509
11
5.8548979133858268
21
-3.0330042913385826
0
LINE
8
BLACK
6
CONTINUOUS
10
5.8548979133858268
20
-3.0330042913385826
11
5.8568467322834641
21
-3.0315883858267716
0
LINE
8
BLACK
6
CONTINUOUS
10
5.8568467322834641
20
-3.0315883858267716
11
5.8580511811023621
21
-3.0313976377952754
0
LINE
8
BLACK
6
CONTINUOUS
10
5.8580511811023621
20
-3.0313976377952754
11
5.861289251968504
21
-3.0313976377952754
0
LINE
8
BLACK
6
CONTINUOUS
10
5.861289251968504
20
-3.0313976377952754
11
5.8612892913385828
21
-3.0313976377952754
0
LINE
8
BLACK
6
CONTINUOUS
10
5.8612892913385828
20
-3.0313976377952754
11
5.8635917716535433
21
-3.0309396456692914
0
LINE
8
BLACK
6
CONTINUOUS
10
5.8635917716535433
20
-3.0309396456692914
11
5.8662028346456694
21
-3.0291949606299213
0
LINE
8
BLACK
6
CONTINUOUS
10
5.8662028346456694
20
-3.0291949606299213
11
5.867947519685039
21
-3.0265838976377952
0
LINE
8
BLACK
6
CONTINUOUS
10
5.867947519685039
20
-3.0265838976377952
11
5.8684055118110239
21
-3.0242814173228347
0
LINE
8
BLACK
6
CONTINUOUS
10
5.8684055118110239
20
-3.0242814173228347
11
5.8684055118110239
21
-2.9627264566929132
0
LINE
8
BLACK
6
CONTINUOUS
10
5.8684055118110239
20
-2.9627264566929132
11
5.8682093307086616
21
-2.9617402362204723
0
LINE
8
BLACK
6
CONTINUOUS
10
5.8682093307086616
20
-2.9617402362204723
11
5.867947519685039
21
-2.9604239763779527
0
LINE
8
BLACK
6
CONTINUOUS
10
5.867947519685039
20
-2.9604239763779527
11
5.8662028346456694
21
-2.9578129133858266
0
LINE
8
BLACK
6
CONTINUOUS
10
5.8662028346456694
20
-2.9578129133858266
11
5.8662026771653544
21
-2.9578127952755904
0
LINE
8
BLACK
6
CONTINUOUS
10
5.8662026771653544
20
-2.9578127952755904
11
5.8635918503937008
21
-2.9560682677165353
0
LINE
8
BLACK
6
CONTINUOUS
10
5.8635918503937008
20
-2.9560682677165353
11
5.8635917716535433
21
-2.9560682283464566
0
LINE
8
BLACK
6
CONTINUOUS
10
5.8635917716535433
20
-2.9560682283464566
11
5.863591653543307
21
-2.9560681889763778
0
LINE
8
BLACK
6
CONTINUOUS
10
5.863591653543307
20
-2.9560681889763778
11
5.8635916141732283
21
-2.9560681889763778
0
LINE
8
BLACK
6
CONTINUOUS
10
5.8635916141732283
20
-2.9560681889763778
11
5.8612896850393703
21
-2.9556102755905509
0
LINE
8
BLACK
6
CONTINUOUS
10
5.8612896850393703
20
-2.9556102755905509
11
5.8612892913385828
21
-2.9556102362204726
0
LINE
8
BLACK
6
CONTINUOUS
10
5.8612892913385828
20
-2.9556102362204726
11
5.7997343307086613
21
-2.9556102362204726
0
LINE
8
BLACK
6
CONTINUOUS
10
5.7997343307086613
20
-2.9556102362204726
11
5.7997342913385825
21
-2.9556102362204726
0
LINE
8
BLACK
6
CONTINUOUS
10
5.7997342913385825
20
-2.9556102362204726
11
5.799733897637795
21
-2.9556102755905509
0
LINE
8
BLACK
6
CONTINUOUS
10
5.799733897637795
20
-2.9556102755905509
11
5.797431968503937
21
-2.9560681889763778
0
LINE
8
BLACK
6
CONTINUOUS
10
5.797431968503937
20
-2.9560681889763778
11
5.7974317322834645
21
-2.9560682677165353
0
LINE
8
BLACK
6
CONTINUOUS
10
5.7974317322834645
20
-2.9560682677165353
11
5.7948209055118109
21
-2.9578127952755904
0
LINE
8
BLACK
6
CONTINUOUS
10
5.7948209055118109
20
-2.9578127952755904
11
5.7948206692913384
21
-2.9578130314960629
0
LINE
8
BLACK
6
CONTINUOUS
10
5.7948206692913384
20
-2.9578130314960629
11
5.7930761417322829
21
-2.9604238582677165
0
LINE
8
BLACK
6
CONTINUOUS
10
5.7930761417322829
20
-2.9604238582677165
11
5.7930760629921263
21
-2.960424094488189
0
LINE
8
BLACK
6
CONTINUOUS
10
5.7930760629921263
20
-2.960424094488189
11
5.7926181496062989
21
-2.962726023622047
0
LINE
8
BLACK
6
CONTINUOUS
10
5.7926181496062989
20
-2.962726023622047
11
5.7926181102362202
21
-2.962726496062992
0
LINE
8
BLACK
6
CONTINUOUS
10
5.7926181102362202
20
-2.962726496062992
11
5.7926181102362202
21
-3.0242813385826772
0
LINE
8
BLACK
6
CONTINUOUS
10
5.7926181102362202
20
-3.0242813385826772
11
5.7926181496062989
21
-3.0242818110236218
0
LINE
8
BLACK
6
CONTINUOUS
10
5.7926181496062989
20
-3.0242818110236218
11
5.7930760629921263
21
-3.0265837401574802
0
LINE
8
BLACK
6
CONTINUOUS
10
5.7930760629921263
20
-3.0265837401574802
11
5.7930761023622042
21
-3.0265838976377952
0
LINE
8
BLACK
6
CONTINUOUS
10
5.7930761023622042
20
-3.0265838976377952
11
5.7948207874015747
21
-3.0291949606299213
0
LINE
8
BLACK
6
CONTINUOUS
10
5.7948207874015747
20
-3.0291949606299213
11
5.7974318503937008
21
-3.0309396456692914
0
LINE
8
BLACK
6
CONTINUOUS
10
5.7974318503937008
20
-3.0309396456692914
11
5.7991823228346453
21
-3.0312878346456693
0
LINE
8
BLACK
6
CONTINUOUS
10
5.7991823228346453
20
-3.0312878346456693
11
5.799733897637795
21
-3.0313975590551179
0
LINE
8
BLACK
6
CONTINUOUS
10
5.799733897637795
20
-3.0313975590551179
11
5.7997340944881888
21
-3.0313975590551179
0
LINE
8
BLACK
6
CONTINUOUS
10
5.7997340944881888
20
-3.0313975590551179
11
5.7997343307086613
21
-3.0313976377952754
0
LINE
8
BLACK
6
CONTINUOUS
10
5.7997343307086613
20
-3.0313976377952754
11
5.802972440944882
21
-3.0313976377952754
0
LINE
8
BLACK
6
CONTINUOUS
10
5.802972440944882
20
-3.0313976377952754
11
5.8052634251968502
21
-3.0321420078740156
0
LINE
8
BLACK
6
CONTINUOUS
10
5.8052634251968502
20
-3.0321420078740156
11
5.8066793307086613
21
-3.0340908267716533
0
LINE
8
BLACK
6
CONTINUOUS
10
5.8066793307086613
20
-3.0340908267716533
11
5.8068700787401575
21
-3.0352952755905509
0
LINE
8
BLACK
6
CONTINUOUS
10
5.8068700787401575
20
-3.0352952755905509
11
5.8068700787401575
21
-3.0517125984251967
0
LINE
8
BLACK
6
CONTINUOUS
10
5.8068700787401575
20
-3.0517125984251967
11
5.8061257086614173
21
-3.0540035826771654
0
LINE
8
BLACK
6
CONTINUOUS
10
5.8061257086614173
20
-3.0540035826771654
11
5.8041768897637791
21
-3.0554194881889765
0
LINE
8
BLACK
6
CONTINUOUS
10
5.8041768897637791
20
-3.0554194881889765
11
5.802972440944882
21
-3.0556102362204722
0
LINE
8
BLACK
6
CONTINUOUS
10
5.802972440944882
20
-3.0556102362204722
11
5.7997343307086613
21
-3.0556102362204722
0
LINE
8
BLACK
6
CONTINUOUS
10
5.7997343307086613
20
-3.0556102362204722
11
5.7997342913385825
21
-3.0556102362204722
0
LINE
8
BLACK
6
CONTINUOUS
10
5.7997342913385825
20
-3.0556102362204722
11
5.799733897637795
21
-3.055610275590551
0
LINE
8
BLACK
6
CONTINUOUS
10
5.799733897637795
20
-3.055610275590551
11
5.797431968503937
21
-3.0560681889763779
0
LINE
8
BLACK
6
CONTINUOUS
10
5.797431968503937
20
-3.0560681889763779
11
5.7974317322834645
21
-3.0560682677165354
0
LINE
8
BLACK
6
CONTINUOUS
10
5.7974317322834645
20
-3.0560682677165354
11
5.7948209055118109
21
-3.0578127952755905
0
LINE
8
BLACK
6
CONTINUOUS
10
5.7948209055118109
20
-3.0578127952755905
11
5.7948206692913384
21
-3.057813031496063
0
LINE
8
BLACK
6
CONTINUOUS
10
5.7948206692913384
20
-3.057813031496063
11
5.7930761417322829
21
-3.0604238582677166
0
LINE
8
BLACK
6
CONTINUOUS
10
5.7930761417322829
20
-3.0604238582677166
11
5.7930760629921263
21
-3.0604240944881891
0
LINE
8
BLACK
6
CONTINUOUS
10
5.7930760629921263
20
-3.0604240944881891
11
5.7926181496062989
21
-3.062726023622047
0
LINE
8
BLACK
6
CONTINUOUS
10
5.7926181496062989
20
-3.062726023622047
11
5.7926181102362202
21
-3.0627264960629921
0
LINE
8
BLACK
6
CONTINUOUS
10
5.7926181102362202
20
-3.0627264960629921
11
5.7926181102362202
21
-3.1242813385826773
0
LINE
8
BLACK
6
CONTINUOUS
10
5.7926181102362202
20
-3.1242813385826773
11
5.7926181496062989
21
-3.1242818110236219
0
LINE
8
BLACK
6
CONTINUOUS
10
5.7926181496062989
20
-3.1242818110236219
11
5.7930760629921263
21
-3.1265837401574803
0
LINE
8
BLACK
6
CONTINUOUS
10
5.7930760629921263
20
-3.1265837401574803
11
5.7930761023622042
21
-3.1265838976377953
0
LINE
8
BLACK
6
CONTINUOUS
10
5.7930761023622042
20
-3.1265838976377953
11
5.7948207874015747
21
-3.129194960629921
0
LINE
8
BLACK
6
CONTINUOUS
10
5.7948207874015747
20
-3.129194960629921
11
5.7974318503937008
21
-3.1309396456692911
0
LINE
8
BLACK
6
CONTINUOUS
10
5.7974318503937008
20
-3.1309396456692911
11
5.7991823228346453
21
-3.1312878346456694
0
LINE
8
BLACK
6
CONTINUOUS
10
5.7991823228346453
20
-3.1312878346456694
11
5.799733897637795
21
-3.131397559055118
0
LINE
8
BLACK
6
CONTINUOUS
10
5.799733897637795
20
-3.131397559055118
11
5.7997340944881888
21
-3.131397559055118
0
LINE
8
BLACK
6
CONTINUOUS
10
5.7997340944881888
20
-3.131397559055118
11
5.7997343307086613
21
-3.1313976377952755
0
LINE
8
BLACK
6
CONTINUOUS
10
5.7997343307086613
20
-3.1313976377952755
11
5.802972440944882
21
-3.1313976377952755
0
LINE
8
BLACK
6
CONTINUOUS
10
5.802972440944882
20
-3.1313976377952755
11
5.8052634251968502
21
-3.1321420078740156
0
LINE
8
BLACK
6
CONTINUOUS
10
5.8052634251968502
20
-3.1321420078740156
11
5.8066793307086613
21
-3.1340908267716534
0
LINE
8
BLACK
6
CONTINUOUS
10
5.8066793307086613
20
-3.1340908267716534
11
5.8068700787401575
21
-3.135295275590551
0
LINE
8
BLACK
6
CONTINUOUS
10
5.8068700787401575
20
-3.135295275590551
11
5.8068700787401575
21
-3.151938188976378
0
LINE
8
BLACK
6
CONTINUOUS
10
5.8068700787401575
20
-3.151938188976378
11
5.8061257086614173
21
-3.1542291732283463
0
LINE
8
BLACK
6
CONTINUOUS
10
5.8061257086614173
20
-3.1542291732283463
11
5.8057285039370079
21
-3.1546942519685039
0
LINE
8
BLACK
6
CONTINUOUS
10
5.8057285039370079
20
-3.1546942519685039
11
5.7773055511811027
21
-3.1831172047244092
0
LINE
8
BLACK
6
CONTINUOUS
10
5.7773055511811027
20
-3.1831172047244092
11
5.7751592125984255
21
-3.1842107874015748
0
LINE
8
BLACK
6
CONTINUOUS
10
5.7751592125984255
20
-3.1842107874015748
11
5.7745494881889758
21
-3.1842587795275592
0
LINE
8
BLACK
6
CONTINUOUS
10
5.7745494881889758
20
-3.1842587795275592
11
5.7162815748031495
21
-3.1842587795275592
0
LINE
8
BLACK
6
CONTINUOUS
10
5.7162815748031495
20
-3.1842587795275592
11
5.7162815354330707
21
-3.1842587795275592
0
LINE
8
BLACK
6
CONTINUOUS
10
5.7162815354330707
20
-3.1842587795275592
11
5.7162811417322832
21
-3.1842588188976375
0
LINE
8
BLACK
6
CONTINUOUS
10
5.7162811417322832
20
-3.1842588188976375
11
5.7139792125984252
21
-3.1847167322834644
0
LINE
8
BLACK
6
CONTINUOUS
10
5.7139792125984252
20
-3.1847167322834644
11
5.7139789763779527
21
-3.1847168110236219
0
LINE
8
BLACK
6
CONTINUOUS
10
5.7139789763779527
20
-3.1847168110236219
11
5.7113681496062991
21
-3.186461338582677
0
LINE
8
BLACK
6
CONTINUOUS
10
5.7113681496062991
20
-3.186461338582677
11
5.7113679133858266
21
-3.1864615748031495
0
LINE
8
BLACK
6
CONTINUOUS
10
5.7113679133858266
20
-3.1864615748031495
11
5.7096233858267711
21
-3.1890724015748031
0
LINE
8
BLACK
6
CONTINUOUS
10
5.7096233858267711
20
-3.1890724015748031
11
5.7096233070866145
21
-3.1890726377952756
0
LINE
8
BLACK
6
CONTINUOUS
10
5.7096233070866145
20
-3.1890726377952756
11
5.7091653937007871
21
-3.1913745669291336
0
LINE
8
BLACK
6
CONTINUOUS
10
5.7091653937007871
20
-3.1913745669291336
11
5.7091653543307084
21
-3.1913750393700786
0
LINE
8
BLACK
6
CONTINUOUS
10
5.7091653543307084
20
-3.1913750393700786
11
5.7091653543307084
21
-3.2637960236220471
0
LINE
8
BLACK
6
CONTINUOUS
10
6.4090545275590554
20
-3.2383712598425194
11
6.4963256299212597
21
-3.2383712598425194
0
LINE
8
BLACK
6
CONTINUOUS
10
6.4963256299212597
20
-3.2383712598425194
11
6.4963256692913385
21
-3.2383712598425194
0
LINE
8
BLACK
6
CONTINUOUS
10
6.4963256692913385
20
-3.2383712598425194
11
6.4963256692913385
21
-2.8643271653543305
0
LINE
8
BLACK
6
CONTINUOUS
10
6.4963256692913385
20
-2.8643271653543305
11
6.4090544881889766
21
-2.8643271653543305
0
LINE
8
BLACK
6
CONTINUOUS
10
6.4090544881889766
20
-2.8643271653543305
11
6.4090544881889766
21
-3.2383712598425194
0
LINE
8
BLACK
6
CONTINUOUS
10
6.4090544881889766
20
-3.2383712598425194
11
6.4090545275590554
21
-3.2383712598425194
0
LINE
8
BLACK
6
CONTINUOUS
10
6.21761811023622
20
-3.099281338582677
11
6.2176181496062988
21
-3.099281811023622
0
LINE
8
BLACK
6
CONTINUOUS
10
6.2176181496062988
20
-3.099281811023622
11
6.2180760629921261
21
-3.1015837401574804
0
LINE
8
BLACK
6
CONTINUOUS
10
6.2180760629921261
20
-3.1015837401574804
11
6.2180761023622049
21
-3.1015838976377954
0
LINE
8
BLACK
6
CONTINUOUS
10
6.2180761023622049
20
-3.1015838976377954
11
6.2198207874015745
21
-3.1041949606299211
0
LINE
8
BLACK
6
CONTINUOUS
10
6.2198207874015745
20
-3.1041949606299211
11
6.2224318503937006
21
-3.1059396456692911
0
LINE
8
BLACK
6
CONTINUOUS
10
6.2224318503937006
20
-3.1059396456692911
11
6.2241823228346451
21
-3.106287834645669
0
LINE
8
BLACK
6
CONTINUOUS
10
6.2241823228346451
20
-3.106287834645669
11
6.2247338976377948
21
-3.1063975590551181
0
LINE
8
BLACK
6
CONTINUOUS
10
6.2247338976377948
20
-3.1063975590551181
11
6.2247340944881886
21
-3.1063975590551181
0
LINE
8
BLACK
6
CONTINUOUS
10
6.2247340944881886
20
-3.1063975590551181
11
6.2247343307086611
21
-3.1063976377952756
0
LINE
8
BLACK
6
CONTINUOUS
10
6.2247343307086611
20
-3.1063976377952756
11
6.2338779527559049
21
-3.1063976377952756
0
LINE
8
BLACK
6
CONTINUOUS
10
6.2338779527559049
20
-3.1063976377952756
11
6.2361689370078741
21
-3.1071420078740157
0
LINE
8
BLACK
6
CONTINUOUS
10
6.2361689370078741
20
-3.1071420078740157
11
6.2375848425196851
21
-3.1090908267716535
0
LINE
8
BLACK
6
CONTINUOUS
10
6.2375848425196851
20
-3.1090908267716535
11
6.2377755905511814
21
-3.1102952755905511
0
LINE
8
BLACK
6
CONTINUOUS
10
6.2377755905511814
20
-3.1102952755905511
11
6.2377755905511814
21
-3.1267125984251969
0
LINE
8
BLACK
6
CONTINUOUS
10
6.2377755905511814
20
-3.1267125984251969
11
6.2370312204724412
21
-3.1290035826771652
0
LINE
8
BLACK
6
CONTINUOUS
10
6.2370312204724412
20
-3.1290035826771652
11
6.235082401574803
21
-3.1304194881889762
0
LINE
8
BLACK
6
CONTINUOUS
10
6.235082401574803
20
-3.1304194881889762
11
6.2338779527559049
21
-3.1306102362204724
0
LINE
8
BLACK
6
CONTINUOUS
10
6.2338779527559049
20
-3.1306102362204724
11
6.2247343307086611
21
-3.1306102362204724
0
LINE
8
BLACK
6
CONTINUOUS
10
6.2247343307086611
20
-3.1306102362204724
11
6.2247342913385824
21
-3.1306102362204724
0
LINE
8
BLACK
6
CONTINUOUS
10
6.2247342913385824
20
-3.1306102362204724
11
6.2247338976377948
21
-3.1306102755905512
0
LINE
8
BLACK
6
CONTINUOUS
10
6.2247338976377948
20
-3.1306102755905512
11
6.2224319685039369
21
-3.1310681889763781
0
LINE
8
BLACK
6
CONTINUOUS
10
6.2224319685039369
20
-3.1310681889763781
11
6.2224317322834644
21
-3.1310682677165356
0
LINE
8
BLACK
6
CONTINUOUS
10
6.2224317322834644
20
-3.1310682677165356
11
6.2198209055118108
21
-3.1328127952755906
0
LINE
8
BLACK
6
CONTINUOUS
10
6.2198209055118108
20
-3.1328127952755906
11
6.2198206692913383
21
-3.1328130314960627
0
LINE
8
BLACK
6
CONTINUOUS
10
6.2198206692913383
20
-3.1328130314960627
11
6.2180761417322836
21
-3.1354238582677163
0
LINE
8
BLACK
6
CONTINUOUS
10
6.2180761417322836
20
-3.1354238582677163
11
6.2180760629921261
21
-3.1354240944881888
0
LINE
8
BLACK
6
CONTINUOUS
10
6.2180760629921261
20
-3.1354240944881888
11
6.2176181496062988
21
-3.1377260236220472
0
LINE
8
BLACK
6
CONTINUOUS
10
6.2176181496062988
20
-3.1377260236220472
11
6.21761811023622
21
-3.1377264960629923
0
LINE
8
BLACK
6
CONTINUOUS
10
6.21761811023622
20
-3.1377264960629923
11
6.21761811023622
21
-3.199281338582677
0
LINE
8
BLACK
6
CONTINUOUS
10
6.21761811023622
20
-3.199281338582677
11
6.2176181496062988
21
-3.1992818110236221
0
LINE
8
BLACK
6
CONTINUOUS
10
6.2176181496062988
20
-3.1992818110236221
11
6.2180760629921261
21
-3.20158374015748
0
LINE
8
BLACK
6
CONTINUOUS
10
6.2180760629921261
20
-3.20158374015748
11
6.2180761023622049
21
-3.2015838976377951
0
LINE
8
BLACK
6
CONTINUOUS
10
6.2180761023622049
20
-3.2015838976377951
11
6.2198207874015745
21
-3.2041949606299212
0
LINE
8
BLACK
6
CONTINUOUS
10
6.2198207874015745
20
-3.2041949606299212
11
6.2224318503937006
21
-3.2059396456692912
0
LINE
8
BLACK
6
CONTINUOUS
10
6.2224318503937006
20
-3.2059396456692912
11
6.2241823228346451
21
-3.2062878346456691
0
LINE
8
BLACK
6
CONTINUOUS
10
6.2241823228346451
20
-3.2062878346456691
11
6.2247338976377948
21
-3.2063975590551181
0
LINE
8
BLACK
6
CONTINUOUS
10
6.2247338976377948
20
-3.2063975590551181
11
6.2247340944881886
21
-3.2063975590551181
0
LINE
8
BLACK
6
CONTINUOUS
10
6.2247340944881886
20
-3.2063975590551181
11
6.2247343307086611
21
-3.2063976377952756
0
LINE
8
BLACK
6
CONTINUOUS
10
6.2247343307086611
20
-3.2063976377952756
11
6.2247343700787399
21
-3.2063976377952756
0
LINE
8
BLACK
6
CONTINUOUS
10
6.2247343700787399
20
-3.2063976377952756
11
6.2862892519685039
21
-3.2063976377952756
0
LINE
8
BLACK
6
CONTINUOUS
10
6.2862892519685039
20
-3.2063976377952756
11
6.2862892913385826
21
-3.2063976377952756
0
LINE
8
BLACK
6
CONTINUOUS
10
6.2862892913385826
20
-3.2063976377952756
11
6.2885917716535431
21
-3.2059396456692912
0
LINE
8
BLACK
6
CONTINUOUS
10
6.2885917716535431
20
-3.2059396456692912
11
6.2912028346456692
21
-3.2041949606299212
0
LINE
8
BLACK
6
CONTINUOUS
10
6.2912028346456692
20
-3.2041949606299212
11
6.2929475196850388
21
-3.2015838976377951
0
LINE
8
BLACK
6
CONTINUOUS
10
6.2929475196850388
20
-3.2015838976377951
11
6.2934055118110237
21
-3.1992814173228346
0
LINE
8
BLACK
6
CONTINUOUS
10
6.2934055118110237
20
-3.1992814173228346
11
6.2934055118110237
21
-3.1377264566929135
0
LINE
8
BLACK
6
CONTINUOUS
10
6.2934055118110237
20
-3.1377264566929135
11
6.2929475196850388
21
-3.1354239763779526
0
LINE
8
BLACK
6
CONTINUOUS
10
6.2929475196850388
20
-3.1354239763779526
11
6.2912028346456692
21
-3.1328129133858269
0
LINE
8
BLACK
6
CONTINUOUS
10
6.2912028346456692
20
-3.1328129133858269
11
6.2890846456692913
21
-3.131397559055118
0
LINE
8
BLACK
6
CONTINUOUS
10
6.2890846456692913
20
-3.131397559055118
11
6.2885918503937006
21
-3.1310682677165356
0
LINE
8
BLACK
6
CONTINUOUS
10
6.2885918503937006
20
-3.1310682677165356
11
6.2885917716535431
21
-3.1310682283464568
0
LINE
8
BLACK
6
CONTINUOUS
10
6.2885917716535431
20
-3.1310682283464568
11
6.2885916535433068
21
-3.1310681889763781
0
LINE
8
BLACK
6
CONTINUOUS
10
6.2885916535433068
20
-3.1310681889763781
11
6.2885916141732281
21
-3.1310681889763781
0
LINE
8
BLACK
6
CONTINUOUS
10
6.2885916141732281
20
-3.1310681889763781
11
6.2862896850393701
21
-3.1306102755905512
0
LINE
8
BLACK
6
CONTINUOUS
10
6.2862896850393701
20
-3.1306102755905512
11
6.2862892913385826
21
-3.1306102362204724
0
LINE
8
BLACK
6
CONTINUOUS
10
6.2862892913385826
20
-3.1306102362204724
11
6.2862892519685039
21
-3.1306102362204724
0
LINE
8
BLACK
6
CONTINUOUS
10
6.2862892519685039
20
-3.1306102362204724
11
6.2771456692913388
21
-3.1306102362204724
0
LINE
8
BLACK
6
CONTINUOUS
10
6.2771456692913388
20
-3.1306102362204724
11
6.2748546850393696
21
-3.1298658661417322
0
LINE
8
BLACK
6
CONTINUOUS
10
6.2748546850393696
20
-3.1298658661417322
11
6.2734387795275586
21
-3.1279170472440945
0
LINE
8
BLACK
6
CONTINUOUS
10
6.2734387795275586
20
-3.1279170472440945
11
6.2732480314960632
21
-3.1267125984251969
0
LINE
8
BLACK
6
CONTINUOUS
10
6.2732480314960632
20
-3.1267125984251969
11
6.2732480314960632
21
-3.1102952755905511
0
LINE
8
BLACK
6
CONTINUOUS
10
6.2732480314960632
20
-3.1102952755905511
11
6.2739924015748034
21
-3.1080042913385828
0
LINE
8
BLACK
6
CONTINUOUS
10
6.2739924015748034
20
-3.1080042913385828
11
6.2759412204724407
21
-3.1065883858267718
0
LINE
8
BLACK
6
CONTINUOUS
10
6.2759412204724407
20
-3.1065883858267718
11
6.2771456692913388
21
-3.1063976377952756
0
LINE
8
BLACK
6
CONTINUOUS
10
6.2771456692913388
20
-3.1063976377952756
11
6.2862892519685039
21
-3.1063976377952756
0
LINE
8
BLACK
6
CONTINUOUS
10
6.2862892519685039
20
-3.1063976377952756
11
6.2862892913385826
21
-3.1063976377952756
0
LINE
8
BLACK
6
CONTINUOUS
10
6.2862892913385826
20
-3.1063976377952756
11
6.2885917716535431
21
-3.1059396456692911
0
LINE
8
BLACK
6
CONTINUOUS
10
6.2885917716535431
20
-3.1059396456692911
11
6.2912028346456692
21
-3.1041949606299211
0
LINE
8
BLACK
6
CONTINUOUS
10
6.2912028346456692
20
-3.1041949606299211
11
6.2929475196850388
21
-3.1015838976377954
0
LINE
8
BLACK
6
CONTINUOUS
10
6.2929475196850388
20
-3.1015838976377954
11
6.2934055118110237
21
-3.0992814173228345
0
LINE
8
BLACK
6
CONTINUOUS
10
6.2934055118110237
20
-3.0992814173228345
11
6.2934055118110237
21
-3.0377264566929134
0
LINE
8
BLACK
6
CONTINUOUS
10
6.2934055118110237
20
-3.0377264566929134
11
6.2929475196850388
21
-3.0354239763779525
0
LINE
8
BLACK
6
CONTINUOUS
10
6.2929475196850388
20
-3.0354239763779525
11
6.2912028346456692
21
-3.0328129133858268
0
LINE
8
BLACK
6
CONTINUOUS
10
6.2912028346456692
20
-3.0328129133858268
11
6.2890846456692913
21
-3.0313975590551179
0
LINE
8
BLACK
6
CONTINUOUS
10
6.2890846456692913
20
-3.0313975590551179
11
6.2885918503937006
21
-3.0310682677165355
0
LINE
8
BLACK
6
CONTINUOUS
10
6.2885918503937006
20
-3.0310682677165355
11
6.2885917716535431
21
-3.0310682283464567
0
LINE
8
BLACK
6
CONTINUOUS
10
6.2885917716535431
20
-3.0310682283464567
11
6.2885916535433068
21
-3.031068188976378
0
LINE
8
BLACK
6
CONTINUOUS
10
6.2885916535433068
20
-3.031068188976378
11
6.2885916141732281
21
-3.031068188976378
0
LINE
8
BLACK
6
CONTINUOUS
10
6.2885916141732281
20
-3.031068188976378
11
6.2862896850393701
21
-3.0306102755905511
0
LINE
8
BLACK
6
CONTINUOUS
10
6.2862896850393701
20
-3.0306102755905511
11
6.2862892913385826
21
-3.0306102362204723
0
LINE
8
BLACK
6
CONTINUOUS
10
6.2862892913385826
20
-3.0306102362204723
11
6.2862892519685039
21
-3.0306102362204723
0
LINE
8
BLACK
6
CONTINUOUS
10
6.2862892519685039
20
-3.0306102362204723
11
6.2771456692913388
21
-3.0306102362204723
0
LINE
8
BLACK
6
CONTINUOUS
10
6.2771456692913388
20
-3.0306102362204723
11
6.2748546850393696
21
-3.0298658661417321
0
LINE
8
BLACK
6
CONTINUOUS
10
6.2748546850393696
20
-3.0298658661417321
11
6.2734387795275586
21
-3.0279170472440944
0
LINE
8
BLACK
6
CONTINUOUS
10
6.2734387795275586
20
-3.0279170472440944
11
6.2732480314960632
21
-3.0267125984251968
0
LINE
8
BLACK
6
CONTINUOUS
10
6.2732480314960632
20
-3.0267125984251968
11
6.2732480314960632
21
-3.0227952755905512
0
LINE
8
BLACK
6
CONTINUOUS
10
6.2732480314960632
20
-3.0227952755905512
11
6.2739924015748034
21
-3.0205042913385824
0
LINE
8
BLACK
6
CONTINUOUS
10
6.2739924015748034
20
-3.0205042913385824
11
6.2759412204724407
21
-3.0190883858267714
0
LINE
8
BLACK
6
CONTINUOUS
10
6.2759412204724407
20
-3.0190883858267714
11
6.2771456692913388
21
-3.0188976377952756
0
LINE
8
BLACK
6
CONTINUOUS
10
6.2771456692913388
20
-3.0188976377952756
11
6.2837892519685035
21
-3.0188976377952756
0
LINE
8
BLACK
6
CONTINUOUS
10
6.2837892519685035
20
-3.0188976377952756
11
6.2837892913385822
21
-3.0188976377952756
0
LINE
8
BLACK
6
CONTINUOUS
10
6.2837892913385822
20
-3.0188976377952756
11
6.2860917716535436
21
-3.0184396456692912
0
LINE
8
BLACK
6
CONTINUOUS
10
6.2860917716535436
20
-3.0184396456692912
11
6.2887028346456688
21
-3.0166949606299212
0
LINE
8
BLACK
6
CONTINUOUS
10
6.2887028346456688
20
-3.0166949606299212
11
6.2904475196850393
21
-3.0140838976377951
0
LINE
8
BLACK
6
CONTINUOUS
10
6.2904475196850393
20
-3.0140838976377951
11
6.2909055118110233
21
-3.0117814173228346
0
LINE
8
BLACK
6
CONTINUOUS
10
6.2909055118110233
20
-3.0117814173228346
11
6.2909055118110233
21
-2.9752264566929134
0
LINE
8
BLACK
6
CONTINUOUS
10
6.2909055118110233
20
-2.9752264566929134
11
6.2904475196850393
21
-2.9729239763779525
0
LINE
8
BLACK
6
CONTINUOUS
10
6.2904475196850393
20
-2.9729239763779525
11
6.2887028346456688
21
-2.9703129133858268
0
LINE
8
BLACK
6
CONTINUOUS
10
6.2887028346456688
20
-2.9703129133858268
11
6.2887026771653538
21
-2.9703127952755906
0
LINE
8
BLACK
6
CONTINUOUS
10
6.2887026771653538
20
-2.9703127952755906
11
6.2860918503937002
21
-2.9685682677165355
0
LINE
8
BLACK
6
CONTINUOUS
10
6.2860918503937002
20
-2.9685682677165355
11
6.2860917716535436
21
-2.9685682283464567
0
LINE
8
BLACK
6
CONTINUOUS
10
6.2860917716535436
20
-2.9685682283464567
11
6.2860916535433073
21
-2.968568188976378
0
LINE
8
BLACK
6
CONTINUOUS
10
6.2860916535433073
20
-2.968568188976378
11
6.2860916141732286
21
-2.968568188976378
0
LINE
8
BLACK
6
CONTINUOUS
10
6.2860916141732286
20
-2.968568188976378
11
6.2837896850393697
21
-2.9681102755905511
0
LINE
8
BLACK
6
CONTINUOUS
10
6.2837896850393697
20
-2.9681102755905511
11
6.2837892913385822
21
-2.9681102362204723
0
LINE
8
BLACK
6
CONTINUOUS
10
6.2837892913385822
20
-2.9681102362204723
11
6.2272343307086615
21
-2.9681102362204723
0
LINE
8
BLACK
6
CONTINUOUS
10
6.2272343307086615
20
-2.9681102362204723
11
6.2272342913385828
21
-2.9681102362204723
0
LINE
8
BLACK
6
CONTINUOUS
10
6.2272342913385828
20
-2.9681102362204723
11
6.2272338976377952
21
-2.9681102755905511
0
LINE
8
BLACK
6
CONTINUOUS
10
6.2272338976377952
20
-2.9681102755905511
11
6.2249319685039373
21
-2.968568188976378
0
LINE
8
BLACK
6
CONTINUOUS
10
6.2249319685039373
20
-2.968568188976378
11
6.2249317322834647
21
-2.9685682677165355
0
LINE
8
BLACK
6
CONTINUOUS
10
6.2249317322834647
20
-2.9685682677165355
11
6.2223209055118112
21
-2.9703127952755906
0
LINE
8
BLACK
6
CONTINUOUS
10
6.2223209055118112
20
-2.9703127952755906
11
6.2223206692913386
21
-2.9703130314960631
0
LINE
8
BLACK
6
CONTINUOUS
10
6.2223206692913386
20
-2.9703130314960631
11
6.2205761417322831
21
-2.9729238582677167
0
LINE
8
BLACK
6
CONTINUOUS
10
6.2205761417322831
20
-2.9729238582677167
11
6.2205760629921256
21
-2.9729240944881887
0
LINE
8
BLACK
6
CONTINUOUS
10
6.2205760629921256
20
-2.9729240944881887
11
6.2201181496062992
21
-2.9752260236220471
0
LINE
8
BLACK
6
CONTINUOUS
10
6.2201181496062992
20
-2.9752260236220471
11
6.2201181102362204
21
-2.9752264960629922
0
LINE
8
BLACK
6
CONTINUOUS
10
6.2201181102362204
20
-2.9752264960629922
11
6.2201181102362204
21
-3.011781338582677
0
LINE
8
BLACK
6
CONTINUOUS
10
6.2201181102362204
20
-3.011781338582677
11
6.2201181496062992
21
-3.0117818110236221
0
LINE
8
BLACK
6
CONTINUOUS
10
6.2201181496062992
20
-3.0117818110236221
11
6.2205760629921256
21
-3.01408374015748
0
LINE
8
BLACK
6
CONTINUOUS
10
6.2205760629921256
20
-3.01408374015748
11
6.2205761023622044
21
-3.0140838976377951
0
LINE
8
BLACK
6
CONTINUOUS
10
6.2205761023622044
20
-3.0140838976377951
11
6.2223207874015749
21
-3.0166949606299212
0
LINE
8
BLACK
6
CONTINUOUS
10
6.2223207874015749
20
-3.0166949606299212
11
6.224931850393701
21
-3.0184396456692912
0
LINE
8
BLACK
6
CONTINUOUS
10
6.224931850393701
20
-3.0184396456692912
11
6.2266823228346455
21
-3.0187878346456691
0
LINE
8
BLACK
6
CONTINUOUS
10
6.2266823228346455
20
-3.0187878346456691
11
6.2272338976377952
21
-3.0188975590551181
0
LINE
8
BLACK
6
CONTINUOUS
10
6.2272338976377952
20
-3.0188975590551181
11
6.227234094488189
21
-3.0188975590551181
0
LINE
8
BLACK
6
CONTINUOUS
10
6.227234094488189
20
-3.0188975590551181
11
6.2272343307086615
21
-3.0188976377952756
0
LINE
8
BLACK
6
CONTINUOUS
10
6.2272343307086615
20
-3.0188976377952756
11
6.2338779527559049
21
-3.0188976377952756
0
LINE
8
BLACK
6
CONTINUOUS
10
6.2338779527559049
20
-3.0188976377952756
11
6.2361689370078741
21
-3.0196420078740158
0
LINE
8
BLACK
6
CONTINUOUS
10
6.2361689370078741
20
-3.0196420078740158
11
6.2375848425196851
21
-3.0215908267716536
0
LINE
8
BLACK
6
CONTINUOUS
10
6.2375848425196851
20
-3.0215908267716536
11
6.2377755905511814
21
-3.0227952755905512
0
LINE
8
BLACK
6
CONTINUOUS
10
6.2377755905511814
20
-3.0227952755905512
11
6.2377755905511814
21
-3.0267125984251968
0
LINE
8
BLACK
6
CONTINUOUS
10
6.2377755905511814
20
-3.0267125984251968
11
6.2370312204724412
21
-3.0290035826771651
0
LINE
8
BLACK
6
CONTINUOUS
10
6.2370312204724412
20
-3.0290035826771651
11
6.235082401574803
21
-3.0304194881889761
0
LINE
8
BLACK
6
CONTINUOUS
10
6.235082401574803
20
-3.0304194881889761
11
6.2338779527559049
21
-3.0306102362204723
0
LINE
8
BLACK
6
CONTINUOUS
10
6.2338779527559049
20
-3.0306102362204723
11
6.2247343307086611
21
-3.0306102362204723
0
LINE
8
BLACK
6
CONTINUOUS
10
6.2247343307086611
20
-3.0306102362204723
11
6.2247342913385824
21
-3.0306102362204723
0
LINE
8
BLACK
6
CONTINUOUS
10
6.2247342913385824
20
-3.0306102362204723
11
6.2247338976377948
21
-3.0306102755905511
0
LINE
8
BLACK
6
CONTINUOUS
10
6.2247338976377948
20
-3.0306102755905511
11
6.2224319685039369
21
-3.031068188976378
0
LINE
8
BLACK
6
CONTINUOUS
10
6.2224319685039369
20
-3.031068188976378
11
6.2224317322834644
21
-3.0310682677165355
0
LINE
8
BLACK
6
CONTINUOUS
10
6.2224317322834644
20
-3.0310682677165355
11
6.2198209055118108
21
-3.0328127952755906
0
LINE
8
BLACK
6
CONTINUOUS
10
6.2198209055118108
20
-3.0328127952755906
11
6.2198206692913383
21
-3.0328130314960631
0
LINE
8
BLACK
6
CONTINUOUS
10
6.2198206692913383
20
-3.0328130314960631
11
6.2180761417322836
21
-3.0354238582677167
0
LINE
8
BLACK
6
CONTINUOUS
10
6.2180761417322836
20
-3.0354238582677167
11
6.2180760629921261
21
-3.0354240944881887
0
LINE
8
BLACK
6
CONTINUOUS
10
6.2180760629921261
20
-3.0354240944881887
11
6.2176181496062988
21
-3.0377260236220471
0
LINE
8
BLACK
6
CONTINUOUS
10
6.2176181496062988
20
-3.0377260236220471
11
6.21761811023622
21
-3.0377264960629922
0
LINE
8
BLACK
6
CONTINUOUS
10
6.21761811023622
20
-3.0377264960629922
11
6.21761811023622
21
-3.099281338582677
0
LINE
8
BLACK
6
CONTINUOUS
10
5.6887008661417324
20
-3.0994094488188977
11
5.6887008267716537
21
-3.0994094881889764
0
LINE
8
BLACK
6
CONTINUOUS
10
5.6887008267716537
20
-3.0994094881889764
11
5.6887008267716537
21
-3.1252673622047245
0
LINE
8
BLACK
6
CONTINUOUS
10
5.6887008267716537
20
-3.1252673622047245
11
5.68881531496063
21
-3.1262548818897637
0
LINE
8
BLACK
6
CONTINUOUS
10
5.68881531496063
20
-3.1262548818897637
11
5.6905989370078736
21
-3.1302943700787402
0
LINE
8
BLACK
6
CONTINUOUS
10
5.6905989370078736
20
-3.1302943700787402
11
5.6937213385826766
21
-3.1334167716535433
0
LINE
8
BLACK
6
CONTINUOUS
10
5.6937213385826766
20
-3.1334167716535433
11
5.697760905511811
21
-3.1352003937007873
0
LINE
8
BLACK
6
CONTINUOUS
10
5.697760905511811
20
-3.1352003937007873
11
5.6987481496062991
21
-3.1353149212598423
0
LINE
8
BLACK
6
CONTINUOUS
10
5.6987481496062991
20
-3.1353149212598423
11
5.7246062204724408
21
-3.1353149212598423
0
LINE
8
BLACK
6
CONTINUOUS
10
5.7246062204724408
20
-3.1353149212598423
11
5.7246062992125983
21
-3.1353148818897636
0
LINE
8
BLACK
6
CONTINUOUS
10
5.7246062992125983
20
-3.1353148818897636
11
5.7246062992125983
21
-3.1235039370078739
0
LINE
8
BLACK
6
CONTINUOUS
10
5.7246062992125983
20
-3.1235039370078739
11
5.7005118110236221
21
-3.1235039370078739
0
LINE
8
BLACK
6
CONTINUOUS
10
5.7005118110236221
20
-3.1235039370078739
11
5.7005118110236221
21
-3.0994094488188977
0
LINE
8
BLACK
6
CONTINUOUS
10
5.7005118110236221
20
-3.0994094488188977
11
5.6887008661417324
21
-3.0994094488188977
0
LINE
8
BLACK
6
CONTINUOUS
10
5.7605118110236218
20
-3.1235039370078739
11
5.7364173228346456
21
-3.1235039370078739
0
LINE
8
BLACK
6
CONTINUOUS
10
5.7364173228346456
20
-3.1235039370078739
11
5.7364173228346456
21
-3.1353148818897636
0
LINE
8
BLACK
6
CONTINUOUS
10
5.7364173228346456
20
-3.1353148818897636
11
5.7364173622047243
21
-3.1353149212598423
0
LINE
8
BLACK
6
CONTINUOUS
10
5.7364173622047243
20
-3.1353149212598423
11
5.7622751968503936
21
-3.1353149212598423
0
LINE
8
BLACK
6
CONTINUOUS
10
5.7622751968503936
20
-3.1353149212598423
11
5.7622752362204723
21
-3.1353148818897636
0
LINE
8
BLACK
6
CONTINUOUS
10
5.7622752362204723
20
-3.1353148818897636
11
5.7632627559055116
21
-3.1352003937007873
0
LINE
8
BLACK
6
CONTINUOUS
10
5.7632627559055116
20
-3.1352003937007873
11
5.7673022440944877
21
-3.1334167716535433
0
LINE
8
BLACK
6
CONTINUOUS
10
5.7673022440944877
20
-3.1334167716535433
11
5.7704246456692916
21
-3.1302943700787402
0
LINE
8
BLACK
6
CONTINUOUS
10
5.7704246456692916
20
-3.1302943700787402
11
5.7722082677165352
21
-3.1262548031496062
0
LINE
8
BLACK
6
CONTINUOUS
10
5.7722082677165352
20
-3.1262548031496062
11
5.7723227952755902
21
-3.125267598425197
0
LINE
8
BLACK
6
CONTINUOUS
10
5.7723227952755902
20
-3.125267598425197
11
5.772322834645669
21
-3.1252675196850395
0
LINE
8
BLACK
6
CONTINUOUS
10
5.772322834645669
20
-3.1252675196850395
11
5.772322834645669
21
-3.0994094881889764
0
LINE
8
BLACK
6
CONTINUOUS
10
5.772322834645669
20
-3.0994094881889764
11
5.7723227952755902
21
-3.0994094488188977
0
LINE
8
BLACK
6
CONTINUOUS
10
5.7723227952755902
20
-3.0994094488188977
11
5.7605118110236218
21
-3.0994094488188977
0
LINE
8
BLACK
6
CONTINUOUS
10
5.7605118110236218
20
-3.0994094488188977
11
5.7605118110236218
21
-3.1235039370078739
0
LINE
8
BLACK
6
CONTINUOUS
10
5.8887008661417317
20
-3.0994094488188977
11
5.8887008267716539
21
-3.0994094881889764
0
LINE
8
BLACK
6
CONTINUOUS
10
5.8887008267716539
20
-3.0994094881889764
11
5.8887008267716539
21
-3.1252673622047245
0
LINE
8
BLACK
6
CONTINUOUS
10
5.8887008267716539
20
-3.1252673622047245
11
5.8888153149606302
21
-3.1262548818897637
0
LINE
8
BLACK
6
CONTINUOUS
10
5.8888153149606302
20
-3.1262548818897637
11
5.8905989370078737
21
-3.1302943700787402
0
LINE
8
BLACK
6
CONTINUOUS
10
5.8905989370078737
20
-3.1302943700787402
11
5.8937213385826768
21
-3.1334167716535433
0
LINE
8
BLACK
6
CONTINUOUS
10
5.8937213385826768
20
-3.1334167716535433
11
5.8977609055118112
21
-3.1352003937007873
0
LINE
8
BLACK
6
CONTINUOUS
10
5.8977609055118112
20
-3.1352003937007873
11
5.8987481496062992
21
-3.1353149212598423
0
LINE
8
BLACK
6
CONTINUOUS
10
5.8987481496062992
20
-3.1353149212598423
11
5.924606220472441
21
-3.1353149212598423
0
LINE
8
BLACK
6
CONTINUOUS
10
5.924606220472441
20
-3.1353149212598423
11
5.9246062992125985
21
-3.1353148818897636
0
LINE
8
BLACK
6
CONTINUOUS
10
5.9246062992125985
20
-3.1353148818897636
11
5.9246062992125985
21
-3.1235039370078739
0
LINE
8
BLACK
6
CONTINUOUS
10
5.9246062992125985
20
-3.1235039370078739
11
5.9005118110236223
21
-3.1235039370078739
0
LINE
8
BLACK
6
CONTINUOUS
10
5.9005118110236223
20
-3.1235039370078739
11
5.9005118110236223
21
-3.0994094488188977
0
LINE
8
BLACK
6
CONTINUOUS
10
5.9005118110236223
20
-3.0994094488188977
11
5.8887008661417317
21
-3.0994094488188977
0
LINE
8
BLACK
6
CONTINUOUS
10
5.9605118110236219
20
-3.1235039370078739
11
5.9364173228346457
21
-3.1235039370078739
0
LINE
8
BLACK
6
CONTINUOUS
10
5.9364173228346457
20
-3.1235039370078739
11
5.9364173228346457
21
-3.1353148818897636
0
LINE
8
BLACK
6
CONTINUOUS
10
5.9364173228346457
20
-3.1353148818897636
11
5.9364173622047245
21
-3.1353149212598423
0
LINE
8
BLACK
6
CONTINUOUS
10
5.9364173622047245
20
-3.1353149212598423
11
5.9622751968503938
21
-3.1353149212598423
0
LINE
8
BLACK
6
CONTINUOUS
10
5.9622751968503938
20
-3.1353149212598423
11
5.9622752362204725
21
-3.1353148818897636
0
LINE
8
BLACK
6
CONTINUOUS
10
5.9622752362204725
20
-3.1353148818897636
11
5.9632627559055118
21
-3.1352003937007873
0
LINE
8
BLACK
6
CONTINUOUS
10
5.9632627559055118
20
-3.1352003937007873
11
5.9673022440944878
21
-3.1334167716535433
0
LINE
8
BLACK
6
CONTINUOUS
10
5.9673022440944878
20
-3.1334167716535433
11
5.9704246456692909
21
-3.1302943700787402
0
LINE
8
BLACK
6
CONTINUOUS
10
5.9704246456692909
20
-3.1302943700787402
11
5.9722082677165353
21
-3.1262548031496062
0
LINE
8
BLACK
6
CONTINUOUS
10
5.9722082677165353
20
-3.1262548031496062
11
5.9723227952755904
21
-3.125267598425197
0
LINE
8
BLACK
6
CONTINUOUS
10
5.9723227952755904
20
-3.125267598425197
11
5.9723228346456692
21
-3.1252675196850395
0
LINE
8
BLACK
6
CONTINUOUS
10
5.9723228346456692
20
-3.1252675196850395
11
5.9723228346456692
21
-3.0994094881889764
0
LINE
8
BLACK
6
CONTINUOUS
10
5.9723228346456692
20
-3.0994094881889764
11
5.9723227952755904
21
-3.0994094488188977
0
LINE
8
BLACK
6
CONTINUOUS
10
5.9723227952755904
20
-3.0994094488188977
11
5.9605118110236219
21
-3.0994094488188977
0
LINE
8
BLACK
6
CONTINUOUS
10
5.9605118110236219
20
-3.0994094488188977
11
5.9605118110236219
21
-3.1235039370078739
0
LINE
8
BLACK
6
CONTINUOUS
10
5.9364173228346457
20
-3.0516929527559054
11
5.9364173228346457
21
-3.0635039370078738
0
LINE
8
BLACK
6
CONTINUOUS
10
5.9364173228346457
20
-3.0635039370078738
11
5.9605118110236219
21
-3.0635039370078738
0
LINE
8
BLACK
6
CONTINUOUS
10
5.9605118110236219
20
-3.0635039370078738
11
5.9605118110236219
21
-3.0875984251968505
0
LINE
8
BLACK
6
CONTINUOUS
10
5.9605118110236219
20
-3.0875984251968505
11
5.9723227559055116
21
-3.0875984251968505
0
LINE
8
BLACK
6
CONTINUOUS
10
5.9723227559055116
20
-3.0875984251968505
11
5.9723227952755904
21
-3.0875983858267717
0
LINE
8
BLACK
6
CONTINUOUS
10
5.9723227952755904
20
-3.0875983858267717
11
5.9723227952755904
21
-3.0617405511811024
0
LINE
8
BLACK
6
CONTINUOUS
10
5.9723227952755904
20
-3.0617405511811024
11
5.9723227559055116
21
-3.0617404724409449
0
LINE
8
BLACK
6
CONTINUOUS
10
5.9723227559055116
20
-3.0617404724409449
11
5.9722082677165353
21
-3.0607529527559056
0
LINE
8
BLACK
6
CONTINUOUS
10
5.9722082677165353
20
-3.0607529527559056
11
5.9704246456692909
21
-3.0567134645669292
0
LINE
8
BLACK
6
CONTINUOUS
10
5.9704246456692909
20
-3.0567134645669292
11
5.9673022440944878
21
-3.0535910629921261
0
LINE
8
BLACK
6
CONTINUOUS
10
5.9673022440944878
20
-3.0535910629921261
11
5.9632626771653543
21
-3.0518074409448817
0
LINE
8
BLACK
6
CONTINUOUS
10
5.9632626771653543
20
-3.0518074409448817
11
5.962275472440945
21
-3.0516929133858266
0
LINE
8
BLACK
6
CONTINUOUS
10
5.962275472440945
20
-3.0516929133858266
11
5.9364173622047245
21
-3.0516929133858266
0
LINE
8
BLACK
6
CONTINUOUS
10
5.9364173622047245
20
-3.0516929133858266
11
5.9364173228346457
21
-3.0516929527559054
0
LINE
8
BLACK
6
CONTINUOUS
10
5.7364173228346456
20
-3.0516929527559054
11
5.7364173228346456
21
-3.0635039370078738
0
LINE
8
BLACK
6
CONTINUOUS
10
5.7364173228346456
20
-3.0635039370078738
11
5.7605118110236218
21
-3.0635039370078738
0
LINE
8
BLACK
6
CONTINUOUS
10
5.7605118110236218
20
-3.0635039370078738
11
5.7605118110236218
21
-3.0875984251968505
0
LINE
8
BLACK
6
CONTINUOUS
10
5.7605118110236218
20
-3.0875984251968505
11
5.7723227559055115
21
-3.0875984251968505
0
LINE
8
BLACK
6
CONTINUOUS
10
5.7723227559055115
20
-3.0875984251968505
11
5.7723227952755902
21
-3.0875983858267717
0
LINE
8
BLACK
6
CONTINUOUS
10
5.7723227952755902
20
-3.0875983858267717
11
5.7723227952755902
21
-3.0617405511811024
0
LINE
8
BLACK
6
CONTINUOUS
10
5.7723227952755902
20
-3.0617405511811024
11
5.7723227559055115
21
-3.0617404724409449
0
LINE
8
BLACK
6
CONTINUOUS
10
5.7723227559055115
20
-3.0617404724409449
11
5.7722082677165352
21
-3.0607529527559056
0
LINE
8
BLACK
6
CONTINUOUS
10
5.7722082677165352
20
-3.0607529527559056
11
5.7704246456692916
21
-3.0567134645669292
0
LINE
8
BLACK
6
CONTINUOUS
10
5.7704246456692916
20
-3.0567134645669292
11
5.7673022440944877
21
-3.0535910629921261
0
LINE
8
BLACK
6
CONTINUOUS
10
5.7673022440944877
20
-3.0535910629921261
11
5.7632626771653541
21
-3.0518074409448817
0
LINE
8
BLACK
6
CONTINUOUS
10
5.7632626771653541
20
-3.0518074409448817
11
5.7622754724409448
21
-3.0516929133858266
0
LINE
8
BLACK
6
CONTINUOUS
10
5.7622754724409448
20
-3.0516929133858266
11
5.7364173622047243
21
-3.0516929133858266
0
LINE
8
BLACK
6
CONTINUOUS
10
5.7364173622047243
20
-3.0516929133858266
11
5.7364173228346456
21
-3.0516929527559054
0
LINE
8
BLACK
6
CONTINUOUS
10
5.6987483070866141
20
-3.0516929527559054
11
5.6977608267716535
21
-3.0518074409448817
0
LINE
8
BLACK
6
CONTINUOUS
10
5.6977608267716535
20
-3.0518074409448817
11
5.6937213385826766
21
-3.0535910629921261
0
LINE
8
BLACK
6
CONTINUOUS
10
5.6937213385826766
20
-3.0535910629921261
11
5.6905989370078736
21
-3.0567134645669292
0
LINE
8
BLACK
6
CONTINUOUS
10
5.6905989370078736
20
-3.0567134645669292
11
5.68881531496063
21
-3.0607530314960627
0
LINE
8
BLACK
6
CONTINUOUS
10
5.68881531496063
20
-3.0607530314960627
11
5.6887007874015749
21
-3.0617402362204724
0
LINE
8
BLACK
6
CONTINUOUS
10
5.6887007874015749
20
-3.0617402362204724
11
5.6887007874015749
21
-3.0875983858267717
0
LINE
8
BLACK
6
CONTINUOUS
10
5.6887007874015749
20
-3.0875983858267717
11
5.6887008267716537
21
-3.0875984251968505
0
LINE
8
BLACK
6
CONTINUOUS
10
5.6887008267716537
20
-3.0875984251968505
11
5.7005118110236221
21
-3.0875984251968505
0
LINE
8
BLACK
6
CONTINUOUS
10
5.7005118110236221
20
-3.0875984251968505
11
5.7005118110236221
21
-3.0635039370078738
0
LINE
8
BLACK
6
CONTINUOUS
10
5.7005118110236221
20
-3.0635039370078738
11
5.7246062992125983
21
-3.0635039370078738
0
LINE
8
BLACK
6
CONTINUOUS
10
5.7246062992125983
20
-3.0635039370078738
11
5.7246062992125983
21
-3.0516929527559054
0
LINE
8
BLACK
6
CONTINUOUS
10
5.7246062992125983
20
-3.0516929527559054
11
5.7246062598425196
21
-3.0516929133858266
0
LINE
8
BLACK
6
CONTINUOUS
10
5.7246062598425196
20
-3.0516929133858266
11
5.6987484251968503
21
-3.0516929133858266
0
LINE
8
BLACK
6
CONTINUOUS
10
5.6987484251968503
20
-3.0516929133858266
11
5.6987483070866141
21
-3.0516929527559054
0
LINE
8
BLACK
6
CONTINUOUS
10
5.6887008661417324
20
-2.9994094488188976
11
5.6887008267716537
21
-2.9994094881889763
0
LINE
8
BLACK
6
CONTINUOUS
10
5.6887008267716537
20
-2.9994094881889763
11
5.6887008267716537
21
-3.0252673622047244
0
LINE
8
BLACK
6
CONTINUOUS
10
5.6887008267716537
20
-3.0252673622047244
11
5.68881531496063
21
-3.0262548818897637
0
LINE
8
BLACK
6
CONTINUOUS
10
5.68881531496063
20
-3.0262548818897637
11
5.6905989370078736
21
-3.0302943700787401
0
LINE
8
BLACK
6
CONTINUOUS
10
5.6905989370078736
20
-3.0302943700787401
11
5.6937213385826766
21
-3.0334167716535432
0
LINE
8
BLACK
6
CONTINUOUS
10
5.6937213385826766
20
-3.0334167716535432
11
5.697760905511811
21
-3.0352003937007872
0
LINE
8
BLACK
6
CONTINUOUS
10
5.697760905511811
20
-3.0352003937007872
11
5.6987481496062991
21
-3.0353149212598423
0
LINE
8
BLACK
6
CONTINUOUS
10
5.6987481496062991
20
-3.0353149212598423
11
5.7246062204724408
21
-3.0353149212598423
0
LINE
8
BLACK
6
CONTINUOUS
10
5.7246062204724408
20
-3.0353149212598423
11
5.7246062992125983
21
-3.0353148818897635
0
LINE
8
BLACK
6
CONTINUOUS
10
5.7246062992125983
20
-3.0353148818897635
11
5.7246062992125983
21
-3.0235039370078738
0
LINE
8
BLACK
6
CONTINUOUS
10
5.7246062992125983
20
-3.0235039370078738
11
5.7005118110236221
21
-3.0235039370078738
0
LINE
8
BLACK
6
CONTINUOUS
10
5.7005118110236221
20
-3.0235039370078738
11
5.7005118110236221
21
-2.9994094488188976
0
LINE
8
BLACK
6
CONTINUOUS
10
5.7005118110236221
20
-2.9994094488188976
11
5.6887008661417324
21
-2.9994094488188976
0
LINE
8
BLACK
6
CONTINUOUS
10
5.7605118110236218
20
-3.0235039370078738
11
5.7364173228346456
21
-3.0235039370078738
0
LINE
8
BLACK
6
CONTINUOUS
10
5.7364173228346456
20
-3.0235039370078738
11
5.7364173228346456
21
-3.0353148818897635
0
LINE
8
BLACK
6
CONTINUOUS
10
5.7364173228346456
20
-3.0353148818897635
11
5.7364173622047243
21
-3.0353149212598423
0
LINE
8
BLACK
6
CONTINUOUS
10
5.7364173622047243
20
-3.0353149212598423
11
5.7622751968503936
21
-3.0353149212598423
0
LINE
8
BLACK
6
CONTINUOUS
10
5.7622751968503936
20
-3.0353149212598423
11
5.7622752362204723
21
-3.0353148818897635
0
LINE
8
BLACK
6
CONTINUOUS
10
5.7622752362204723
20
-3.0353148818897635
11
5.7632627559055116
21
-3.0352003937007872
0
LINE
8
BLACK
6
CONTINUOUS
10
5.7632627559055116
20
-3.0352003937007872
11
5.7673022440944877
21
-3.0334167716535432
0
LINE
8
BLACK
6
CONTINUOUS
10
5.7673022440944877
20
-3.0334167716535432
11
5.7704246456692916
21
-3.0302943700787401
0
LINE
8
BLACK
6
CONTINUOUS
10
5.7704246456692916
20
-3.0302943700787401
11
5.7722082677165352
21
-3.0262548031496062
0
LINE
8
BLACK
6
CONTINUOUS
10
5.7722082677165352
20
-3.0262548031496062
11
5.7723227952755902
21
-3.0252675984251969
0
LINE
8
BLACK
6
CONTINUOUS
10
5.7723227952755902
20
-3.0252675984251969
11
5.772322834645669
21
-3.0252675196850394
0
LINE
8
BLACK
6
CONTINUOUS
10
5.772322834645669
20
-3.0252675196850394
11
5.772322834645669
21
-2.9994094881889763
0
LINE
8
BLACK
6
CONTINUOUS
10
5.772322834645669
20
-2.9994094881889763
11
5.7723227952755902
21
-2.9994094488188976
0
LINE
8
BLACK
6
CONTINUOUS
10
5.7723227952755902
20
-2.9994094488188976
11
5.7605118110236218
21
-2.9994094488188976
0
LINE
8
BLACK
6
CONTINUOUS
10
5.7605118110236218
20
-2.9994094488188976
11
5.7605118110236218
21
-3.0235039370078738
0
LINE
8
BLACK
6
CONTINUOUS
10
5.8887008661417317
20
-2.9994094488188976
11
5.8887008267716539
21
-2.9994094881889763
0
LINE
8
BLACK
6
CONTINUOUS
10
5.8887008267716539
20
-2.9994094881889763
11
5.8887008267716539
21
-3.0252673622047244
0
LINE
8
BLACK
6
CONTINUOUS
10
5.8887008267716539
20
-3.0252673622047244
11
5.8888153149606302
21
-3.0262548818897637
0
LINE
8
BLACK
6
CONTINUOUS
10
5.8888153149606302
20
-3.0262548818897637
11
5.8905989370078737
21
-3.0302943700787401
0
LINE
8
BLACK
6
CONTINUOUS
10
5.8905989370078737
20
-3.0302943700787401
11
5.8937213385826768
21
-3.0334167716535432
0
LINE
8
BLACK
6
CONTINUOUS
10
5.8937213385826768
20
-3.0334167716535432
11
5.8977609055118112
21
-3.0352003937007872
0
LINE
8
BLACK
6
CONTINUOUS
10
5.8977609055118112
20
-3.0352003937007872
11
5.8987481496062992
21
-3.0353149212598423
0
LINE
8
BLACK
6
CONTINUOUS
10
5.8987481496062992
20
-3.0353149212598423
11
5.924606220472441
21
-3.0353149212598423
0
LINE
8
BLACK
6
CONTINUOUS
10
5.924606220472441
20
-3.0353149212598423
11
5.9246062992125985
21
-3.0353148818897635
0
LINE
8
BLACK
6
CONTINUOUS
10
5.9246062992125985
20
-3.0353148818897635
11
5.9246062992125985
21
-3.0235039370078738
0
LINE
8
BLACK
6
CONTINUOUS
10
5.9246062992125985
20
-3.0235039370078738
11
5.9005118110236223
21
-3.0235039370078738
0
LINE
8
BLACK
6
CONTINUOUS
10
5.9005118110236223
20
-3.0235039370078738
11
5.9005118110236223
21
-2.9994094488188976
0
LINE
8
BLACK
6
CONTINUOUS
10
5.9005118110236223
20
-2.9994094488188976
11
5.8887008661417317
21
-2.9994094488188976
0
LINE
8
BLACK
6
CONTINUOUS
10
5.9605118110236219
20
-3.0235039370078738
11
5.9364173228346457
21
-3.0235039370078738
0
LINE
8
BLACK
6
CONTINUOUS
10
5.9364173228346457
20
-3.0235039370078738
11
5.9364173228346457
21
-3.0353148818897635
0
LINE
8
BLACK
6
CONTINUOUS
10
5.9364173228346457
20
-3.0353148818897635
11
5.9364173622047245
21
-3.0353149212598423
0
LINE
8
BLACK
6
CONTINUOUS
10
5.9364173622047245
20
-3.0353149212598423
11
5.9622751968503938
21
-3.0353149212598423
0
LINE
8
BLACK
6
CONTINUOUS
10
5.9622751968503938
20
-3.0353149212598423
11
5.9622752362204725
21
-3.0353148818897635
0
LINE
8
BLACK
6
CONTINUOUS
10
5.9622752362204725
20
-3.0353148818897635
11
5.9632627559055118
21
-3.0352003937007872
0
LINE
8
BLACK
6
CONTINUOUS
10
5.9632627559055118
20
-3.0352003937007872
11
5.9673022440944878
21
-3.0334167716535432
0
LINE
8
BLACK
6
CONTINUOUS
10
5.9673022440944878
20
-3.0334167716535432
11
5.9704246456692909
21
-3.0302943700787401
0
LINE
8
BLACK
6
CONTINUOUS
10
5.9704246456692909
20
-3.0302943700787401
11
5.9722082677165353
21
-3.0262548031496062
0
LINE
8
BLACK
6
CONTINUOUS
10
5.9722082677165353
20
-3.0262548031496062
11
5.9723227952755904
21
-3.0252675984251969
0
LINE
8
BLACK
6
CONTINUOUS
10
5.9723227952755904
20
-3.0252675984251969
11
5.9723228346456692
21
-3.0252675196850394
0
LINE
8
BLACK
6
CONTINUOUS
10
5.9723228346456692
20
-3.0252675196850394
11
5.9723228346456692
21
-2.9994094881889763
0
LINE
8
BLACK
6
CONTINUOUS
10
5.9723228346456692
20
-2.9994094881889763
11
5.9723227952755904
21
-2.9994094488188976
0
LINE
8
BLACK
6
CONTINUOUS
10
5.9723227952755904
20
-2.9994094488188976
11
5.9605118110236219
21
-2.9994094488188976
0
LINE
8
BLACK
6
CONTINUOUS
10
5.9605118110236219
20
-2.9994094488188976
11
5.9605118110236219
21
-3.0235039370078738
0
LINE
8
BLACK
6
CONTINUOUS
10
5.9364173228346457
20
-2.9516929527559053
11
5.9364173228346457
21
-2.9635039370078737
0
LINE
8
BLACK
6
CONTINUOUS
10
5.9364173228346457
20
-2.9635039370078737
11
5.9605118110236219
21
-2.9635039370078737
0
LINE
8
BLACK
6
CONTINUOUS
10
5.9605118110236219
20
-2.9635039370078737
11
5.9605118110236219
21
-2.9875984251968504
0
LINE
8
BLACK
6
CONTINUOUS
10
5.9605118110236219
20
-2.9875984251968504
11
5.9723227559055116
21
-2.9875984251968504
0
LINE
8
BLACK
6
CONTINUOUS
10
5.9723227559055116
20
-2.9875984251968504
11
5.9723227952755904
21
-2.9875983858267716
0
LINE
8
BLACK
6
CONTINUOUS
10
5.9723227952755904
20
-2.9875983858267716
11
5.9723227952755904
21
-2.9617405511811024
0
LINE
8
BLACK
6
CONTINUOUS
10
5.9723227952755904
20
-2.9617405511811024
11
5.9723227559055116
21
-2.9617404724409448
0
LINE
8
BLACK
6
CONTINUOUS
10
5.9723227559055116
20
-2.9617404724409448
11
5.9722082677165353
21
-2.9607529527559056
0
LINE
8
BLACK
6
CONTINUOUS
10
5.9722082677165353
20
-2.9607529527559056
11
5.9704246456692909
21
-2.9567134645669291
0
LINE
8
BLACK
6
CONTINUOUS
10
5.9704246456692909
20
-2.9567134645669291
11
5.9673022440944878
21
-2.953591062992126
0
LINE
8
BLACK
6
CONTINUOUS
10
5.9673022440944878
20
-2.953591062992126
11
5.9632626771653543
21
-2.951807440944882
0
LINE
8
BLACK
6
CONTINUOUS
10
5.9632626771653543
20
-2.951807440944882
11
5.962275472440945
21
-2.9516929133858265
0
LINE
8
BLACK
6
CONTINUOUS
10
5.962275472440945
20
-2.9516929133858265
11
5.9364173622047245
21
-2.9516929133858265
0
LINE
8
BLACK
6
CONTINUOUS
10
5.9364173622047245
20
-2.9516929133858265
11
5.9364173228346457
21
-2.9516929527559053
0
LINE
8
BLACK
6
CONTINUOUS
10
5.7364173228346456
20
-2.9516929527559053
11
5.7364173228346456
21
-2.9635039370078737
0
LINE
8
BLACK
6
CONTINUOUS
10
5.7364173228346456
20
-2.9635039370078737
11
5.7605118110236218
21
-2.9635039370078737
0
LINE
8
BLACK
6
CONTINUOUS
10
5.7605118110236218
20
-2.9635039370078737
11
5.7605118110236218
21
-2.9875984251968504
0
LINE
8
BLACK
6
CONTINUOUS
10
5.7605118110236218
20
-2.9875984251968504
11
5.7723227559055115
21
-2.9875984251968504
0
LINE
8
BLACK
6
CONTINUOUS
10
5.7723227559055115
20
-2.9875984251968504
11
5.7723227952755902
21
-2.9875983858267716
0
LINE
8
BLACK
6
CONTINUOUS
10
5.7723227952755902
20
-2.9875983858267716
11
5.7723227952755902
21
-2.9617405511811024
0
LINE
8
BLACK
6
CONTINUOUS
10
5.7723227952755902
20
-2.9617405511811024
11
5.7723227559055115
21
-2.9617404724409448
0
LINE
8
BLACK
6
CONTINUOUS
10
5.7723227559055115
20
-2.9617404724409448
11
5.7722082677165352
21
-2.9607529527559056
0
LINE
8
BLACK
6
CONTINUOUS
10
5.7722082677165352
20
-2.9607529527559056
11
5.7704246456692916
21
-2.9567134645669291
0
LINE
8
BLACK
6
CONTINUOUS
10
5.7704246456692916
20
-2.9567134645669291
11
5.7673022440944877
21
-2.953591062992126
0
LINE
8
BLACK
6
CONTINUOUS
10
5.7673022440944877
20
-2.953591062992126
11
5.7632626771653541
21
-2.951807440944882
0
LINE
8
BLACK
6
CONTINUOUS
10
5.7632626771653541
20
-2.951807440944882
11
5.7622754724409448
21
-2.9516929133858265
0
LINE
8
BLACK
6
CONTINUOUS
10
5.7622754724409448
20
-2.9516929133858265
11
5.7364173622047243
21
-2.9516929133858265
0
LINE
8
BLACK
6
CONTINUOUS
10
5.7364173622047243
20
-2.9516929133858265
11
5.7364173228346456
21
-2.9516929527559053
0
LINE
8
BLACK
6
CONTINUOUS
10
5.6987483070866141
20
-2.9516929527559053
11
5.6977608267716535
21
-2.951807440944882
0
LINE
8
BLACK
6
CONTINUOUS
10
5.6977608267716535
20
-2.951807440944882
11
5.6937213385826766
21
-2.953591062992126
0
LINE
8
BLACK
6
CONTINUOUS
10
5.6937213385826766
20
-2.953591062992126
11
5.6905989370078736
21
-2.9567134645669291
0
LINE
8
BLACK
6
CONTINUOUS
10
5.6905989370078736
20
-2.9567134645669291
11
5.68881531496063
21
-2.9607530314960631
0
LINE
8
BLACK
6
CONTINUOUS
10
5.68881531496063
20
-2.9607530314960631
11
5.6887007874015749
21
-2.9617402362204723
0
LINE
8
BLACK
6
CONTINUOUS
10
5.6887007874015749
20
-2.9617402362204723
11
5.6887007874015749
21
-2.9875983858267716
0
LINE
8
BLACK
6
CONTINUOUS
10
5.6887007874015749
20
-2.9875983858267716
11
5.6887008267716537
21
-2.9875984251968504
0
LINE
8
BLACK
6
CONTINUOUS
10
5.6887008267716537
20
-2.9875984251968504
11
5.7005118110236221
21
-2.9875984251968504
0
LINE
8
BLACK
6
CONTINUOUS
10
5.7005118110236221
20
-2.9875984251968504
11
5.7005118110236221
21
-2.9635039370078737
0
LINE
8
BLACK
6
CONTINUOUS
10
5.7005118110236221
20
-2.9635039370078737
11
5.7246062992125983
21
-2.9635039370078737
0
LINE
8
BLACK
6
CONTINUOUS
10
5.7246062992125983
20
-2.9635039370078737
11
5.7246062992125983
21
-2.9516929527559053
0
LINE
8
BLACK
6
CONTINUOUS
10
5.7246062992125983
20
-2.9516929527559053
11
5.7246062598425196
21
-2.9516929133858265
0
LINE
8
BLACK
6
CONTINUOUS
10
5.7246062598425196
20
-2.9516929133858265
11
5.6987484251968503
21
-2.9516929133858265
0
LINE
8
BLACK
6
CONTINUOUS
10
5.6987484251968503
20
-2.9516929133858265
11
5.6987483070866141
21
-2.9516929527559053
0
LINE
8
BLACK
6
CONTINUOUS
10
6.0830118110236215
20
-2.9360039370078739
11
6.0614173228346457
21
-2.9360039370078739
0
LINE
8
BLACK
6
CONTINUOUS
10
6.0614173228346457
20
-2.9360039370078739
11
6.0614173228346457
21
-2.9478148818897636
0
LINE
8
BLACK
6
CONTINUOUS
10
6.0614173228346457
20
-2.9478148818897636
11
6.0614173622047245
21
-2.9478149212598423
0
LINE
8
BLACK
6
CONTINUOUS
10
6.0614173622047245
20
-2.9478149212598423
11
6.0847751968503934
21
-2.9478149212598423
0
LINE
8
BLACK
6
CONTINUOUS
10
6.0847751968503934
20
-2.9478149212598423
11
6.0847752362204721
21
-2.9478148818897636
0
LINE
8
BLACK
6
CONTINUOUS
10
6.0847752362204721
20
-2.9478148818897636
11
6.0857627559055114
21
-2.9477003937007873
0
LINE
8
BLACK
6
CONTINUOUS
10
6.0857627559055114
20
-2.9477003937007873
11
6.0898022440944883
21
-2.9459167716535433
0
LINE
8
BLACK
6
CONTINUOUS
10
6.0898022440944883
20
-2.9459167716535433
11
6.0929246456692914
21
-2.9427943700787402
0
LINE
8
BLACK
6
CONTINUOUS
10
6.0929246456692914
20
-2.9427943700787402
11
6.094708267716535
21
-2.9387548031496062
0
LINE
8
BLACK
6
CONTINUOUS
10
6.094708267716535
20
-2.9387548031496062
11
6.09482279527559
21
-2.937767598425197
0
LINE
8
BLACK
6
CONTINUOUS
10
6.09482279527559
20
-2.937767598425197
11
6.0948228346456688
21
-2.9377675196850395
0
LINE
8
BLACK
6
CONTINUOUS
10
6.0948228346456688
20
-2.9377675196850395
11
6.0948228346456688
21
-2.9244094881889762
0
LINE
8
BLACK
6
CONTINUOUS
10
6.0948228346456688
20
-2.9244094881889762
11
6.09482279527559
21
-2.9244094488188974
0
LINE
8
BLACK
6
CONTINUOUS
10
6.09482279527559
20
-2.9244094488188974
11
6.0830118110236215
21
-2.9244094488188974
0
LINE
8
BLACK
6
CONTINUOUS
10
6.0830118110236215
20
-2.9244094488188974
11
6.0830118110236215
21
-2.9360039370078739
0
LINE
8
BLACK
6
CONTINUOUS
10
6.2830118110236217
20
-2.9360039370078739
11
6.2614173228346459
21
-2.9360039370078739
0
LINE
8
BLACK
6
CONTINUOUS
10
6.2614173228346459
20
-2.9360039370078739
11
6.2614173228346459
21
-2.9478148818897636
0
LINE
8
BLACK
6
CONTINUOUS
10
6.2614173228346459
20
-2.9478148818897636
11
6.2614173622047247
21
-2.9478149212598423
0
LINE
8
BLACK
6
CONTINUOUS
10
6.2614173622047247
20
-2.9478149212598423
11
6.2847751968503935
21
-2.9478149212598423
0
LINE
8
BLACK
6
CONTINUOUS
10
6.2847751968503935
20
-2.9478149212598423
11
6.2847752362204723
21
-2.9478148818897636
0
LINE
8
BLACK
6
CONTINUOUS
10
6.2847752362204723
20
-2.9478148818897636
11
6.2857627559055116
21
-2.9477003937007873
0
LINE
8
BLACK
6
CONTINUOUS
10
6.2857627559055116
20
-2.9477003937007873
11
6.2898022440944876
21
-2.9459167716535433
0
LINE
8
BLACK
6
CONTINUOUS
10
6.2898022440944876
20
-2.9459167716535433
11
6.2929246456692916
21
-2.9427943700787402
0
LINE
8
BLACK
6
CONTINUOUS
10
6.2929246456692916
20
-2.9427943700787402
11
6.2947082677165351
21
-2.9387548031496062
0
LINE
8
BLACK
6
CONTINUOUS
10
6.2947082677165351
20
-2.9387548031496062
11
6.2948227952755902
21
-2.937767598425197
0
LINE
8
BLACK
6
CONTINUOUS
10
6.2948227952755902
20
-2.937767598425197
11
6.2948228346456689
21
-2.9377675196850395
0
LINE
8
BLACK
6
CONTINUOUS
10
6.2948228346456689
20
-2.9377675196850395
11
6.2948228346456689
21
-2.9244094881889762
0
LINE
8
BLACK
6
CONTINUOUS
10
6.2948228346456689
20
-2.9244094881889762
11
6.2948227952755902
21
-2.9244094488188974
0
LINE
8
BLACK
6
CONTINUOUS
10
6.2948227952755902
20
-2.9244094488188974
11
6.2830118110236217
21
-2.9244094488188974
0
LINE
8
BLACK
6
CONTINUOUS
10
6.2830118110236217
20
-2.9244094488188974
11
6.2830118110236217
21
-2.9360039370078739
0
LINE
8
BLACK
6
CONTINUOUS
10
6.1201181102362208
20
-2.9367813385826773
11
6.1201181496062986
21
-2.9367818110236219
0
LINE
8
BLACK
6
CONTINUOUS
10
6.1201181496062986
20
-2.9367818110236219
11
6.120576062992126
21
-2.9390837401574803
0
LINE
8
BLACK
6
CONTINUOUS
10
6.120576062992126
20
-2.9390837401574803
11
6.1205761023622047
21
-2.9390838976377953
0
LINE
8
BLACK
6
CONTINUOUS
10
6.1205761023622047
20
-2.9390838976377953
11
6.1223207874015744
21
-2.941694960629921
0
LINE
8
BLACK
6
CONTINUOUS
10
6.1223207874015744
20
-2.941694960629921
11
6.1249318503937005
21
-2.9434396456692911
0
LINE
8
BLACK
6
CONTINUOUS
10
6.1249318503937005
20
-2.9434396456692911
11
6.1266823228346459
21
-2.9437878346456694
0
LINE
8
BLACK
6
CONTINUOUS
10
6.1266823228346459
20
-2.9437878346456694
11
6.1272338976377956
21
-2.943897559055118
0
LINE
8
BLACK
6
CONTINUOUS
10
6.1272338976377956
20
-2.943897559055118
11
6.1272340944881885
21
-2.943897559055118
0
LINE
8
BLACK
6
CONTINUOUS
10
6.1272340944881885
20
-2.943897559055118
11
6.127234330708661
21
-2.9438976377952755
0
LINE
8
BLACK
6
CONTINUOUS
10
6.127234330708661
20
-2.9438976377952755
11
6.1272343700787397
21
-2.9438976377952755
0
LINE
8
BLACK
6
CONTINUOUS
10
6.1272343700787397
20
-2.9438976377952755
11
6.1837892519685038
21
-2.9438976377952755
0
LINE
8
BLACK
6
CONTINUOUS
10
6.1837892519685038
20
-2.9438976377952755
11
6.1837892913385826
21
-2.9438976377952755
0
LINE
8
BLACK
6
CONTINUOUS
10
6.1837892913385826
20
-2.9438976377952755
11
6.1860917716535431
21
-2.9434396456692911
0
LINE
8
BLACK
6
CONTINUOUS
10
6.1860917716535431
20
-2.9434396456692911
11
6.1887028346456692
21
-2.941694960629921
0
LINE
8
BLACK
6
CONTINUOUS
10
6.1887028346456692
20
-2.941694960629921
11
6.1904475196850388
21
-2.9390838976377953
0
LINE
8
BLACK
6
CONTINUOUS
10
6.1904475196850388
20
-2.9390838976377953
11
6.1909055118110237
21
-2.9367814173228344
0
LINE
8
BLACK
6
CONTINUOUS
10
6.1909055118110237
20
-2.9367814173228344
11
6.1909055118110237
21
-2.9244094881889762
0
LINE
8
BLACK
6
CONTINUOUS
10
6.1909055118110237
20
-2.9244094881889762
11
6.1909055118110237
21
-2.9002264566929132
0
LINE
8
BLACK
6
CONTINUOUS
10
6.1909055118110237
20
-2.9002264566929132
11
6.1907093307086614
21
-2.8992402362204723
0
LINE
8
BLACK
6
CONTINUOUS
10
6.1907093307086614
20
-2.8992402362204723
11
6.1904475196850388
21
-2.8979239763779527
0
LINE
8
BLACK
6
CONTINUOUS
10
6.1904475196850388
20
-2.8979239763779527
11
6.1887028346456692
21
-2.8953129133858266
0
LINE
8
BLACK
6
CONTINUOUS
10
6.1887028346456692
20
-2.8953129133858266
11
6.1887026771653542
21
-2.8953127952755904
0
LINE
8
BLACK
6
CONTINUOUS
10
6.1887026771653542
20
-2.8953127952755904
11
6.1860918503937006
21
-2.8935682677165353
0
LINE
8
BLACK
6
CONTINUOUS
10
6.1860918503937006
20
-2.8935682677165353
11
6.1860917716535431
21
-2.8935682283464566
0
LINE
8
BLACK
6
CONTINUOUS
10
6.1860917716535431
20
-2.8935682283464566
11
6.1860916535433068
21
-2.8935681889763778
0
LINE
8
BLACK
6
CONTINUOUS
10
6.1860916535433068
20
-2.8935681889763778
11
6.1860916141732281
21
-2.8935681889763778
0
LINE
8
BLACK
6
CONTINUOUS
10
6.1860916141732281
20
-2.8935681889763778
11
6.1837896850393701
21
-2.8931102755905509
0
LINE
8
BLACK
6
CONTINUOUS
10
6.1837896850393701
20
-2.8931102755905509
11
6.1837892913385826
21
-2.8931102362204726
0
LINE
8
BLACK
6
CONTINUOUS
10
6.1837892913385826
20
-2.8931102362204726
11
6.127234330708661
21
-2.8931102362204726
0
LINE
8
BLACK
6
CONTINUOUS
10
6.127234330708661
20
-2.8931102362204726
11
6.1272342913385822
21
-2.8931102362204726
0
LINE
8
BLACK
6
CONTINUOUS
10
6.1272342913385822
20
-2.8931102362204726
11
6.1272338976377956
21
-2.8931102755905509
0
LINE
8
BLACK
6
CONTINUOUS
10
6.1272338976377956
20
-2.8931102755905509
11
6.1249319685039367
21
-2.8935681889763778
0
LINE
8
BLACK
6
CONTINUOUS
10
6.1249319685039367
20
-2.8935681889763778
11
6.1249317322834642
21
-2.8935682677165353
0
LINE
8
BLACK
6
CONTINUOUS
10
6.1249317322834642
20
-2.8935682677165353
11
6.1223209055118106
21
-2.8953127952755904
0
LINE
8
BLACK
6
CONTINUOUS
10
6.1223209055118106
20
-2.8953127952755904
11
6.1223206692913381
21
-2.8953130314960629
0
LINE
8
BLACK
6
CONTINUOUS
10
6.1223206692913381
20
-2.8953130314960629
11
6.1205761417322835
21
-2.8979238582677165
0
LINE
8
BLACK
6
CONTINUOUS
10
6.1205761417322835
20
-2.8979238582677165
11
6.120576062992126
21
-2.897924094488189
0
LINE
8
BLACK
6
CONTINUOUS
10
6.120576062992126
20
-2.897924094488189
11
6.1201181496062986
21
-2.9002260236220474
0
LINE
8
BLACK
6
CONTINUOUS
10
6.1201181496062986
20
-2.9002260236220474
11
6.1201181102362208
21
-2.900226496062992
0
LINE
8
BLACK
6
CONTINUOUS
10
6.1201181102362208
20
-2.900226496062992
11
6.1201181102362208
21
-2.9367813385826773
0
LINE
8
BLACK
6
CONTINUOUS
10
6.3201181102362201
20
-2.9367813385826773
11
6.3201181496062988
21
-2.9367818110236219
0
LINE
8
BLACK
6
CONTINUOUS
10
6.3201181496062988
20
-2.9367818110236219
11
6.3205760629921262
21
-2.9390837401574803
0
LINE
8
BLACK
6
CONTINUOUS
10
6.3205760629921262
20
-2.9390837401574803
11
6.3205761023622049
21
-2.9390838976377953
0
LINE
8
BLACK
6
CONTINUOUS
10
6.3205761023622049
20
-2.9390838976377953
11
6.3223207874015745
21
-2.941694960629921
0
LINE
8
BLACK
6
CONTINUOUS
10
6.3223207874015745
20
-2.941694960629921
11
6.3249318503937006
21
-2.9434396456692911
0
LINE
8
BLACK
6
CONTINUOUS
10
6.3249318503937006
20
-2.9434396456692911
11
6.3266823228346452
21
-2.9437878346456694
0
LINE
8
BLACK
6
CONTINUOUS
10
6.3266823228346452
20
-2.9437878346456694
11
6.3272338976377949
21
-2.943897559055118
0
LINE
8
BLACK
6
CONTINUOUS
10
6.3272338976377949
20
-2.943897559055118
11
6.3272340944881886
21
-2.943897559055118
0
LINE
8
BLACK
6
CONTINUOUS
10
6.3272340944881886
20
-2.943897559055118
11
6.3272343307086611
21
-2.9438976377952755
0
LINE
8
BLACK
6
CONTINUOUS
10
6.3272343307086611
20
-2.9438976377952755
11
6.3272343700787399
21
-2.9438976377952755
0
LINE
8
BLACK
6
CONTINUOUS
10
6.3272343700787399
20
-2.9438976377952755
11
6.383789251968504
21
-2.9438976377952755
0
LINE
8
BLACK
6
CONTINUOUS
10
6.383789251968504
20
-2.9438976377952755
11
6.3837892913385827
21
-2.9438976377952755
0
LINE
8
BLACK
6
CONTINUOUS
10
6.3837892913385827
20
-2.9438976377952755
11
6.3860917716535432
21
-2.9434396456692911
0
LINE
8
BLACK
6
CONTINUOUS
10
6.3860917716535432
20
-2.9434396456692911
11
6.3887028346456693
21
-2.941694960629921
0
LINE
8
BLACK
6
CONTINUOUS
10
6.3887028346456693
20
-2.941694960629921
11
6.390447519685039
21
-2.9390838976377953
0
LINE
8
BLACK
6
CONTINUOUS
10
6.390447519685039
20
-2.9390838976377953
11
6.3909055118110238
21
-2.9367814173228344
0
LINE
8
BLACK
6
CONTINUOUS
10
6.3909055118110238
20
-2.9367814173228344
11
6.3909055118110238
21
-2.9002264566929132
0
LINE
8
BLACK
6
CONTINUOUS
10
6.3909055118110238
20
-2.9002264566929132
11
6.390447519685039
21
-2.8979239763779527
0
LINE
8
BLACK
6
CONTINUOUS
10
6.390447519685039
20
-2.8979239763779527
11
6.3887028346456693
21
-2.8953129133858266
0
LINE
8
BLACK
6
CONTINUOUS
10
6.3887028346456693
20
-2.8953129133858266
11
6.3887026771653543
21
-2.8953127952755904
0
LINE
8
BLACK
6
CONTINUOUS
10
6.3887026771653543
20
-2.8953127952755904
11
6.3860918503937008
21
-2.8935682677165353
0
LINE
8
BLACK
6
CONTINUOUS
10
6.3860918503937008
20
-2.8935682677165353
11
6.3860917716535432
21
-2.8935682283464566
0
LINE
8
BLACK
6
CONTINUOUS
10
6.3860917716535432
20
-2.8935682283464566
11
6.386091653543307
21
-2.8935681889763778
0
LINE
8
BLACK
6
CONTINUOUS
10
6.386091653543307
20
-2.8935681889763778
11
6.3860916141732282
21
-2.8935681889763778
0
LINE
8
BLACK
6
CONTINUOUS
10
6.3860916141732282
20
-2.8935681889763778
11
6.3837896850393703
21
-2.8931102755905509
0
LINE
8
BLACK
6
CONTINUOUS
10
6.3837896850393703
20
-2.8931102755905509
11
6.3837892913385827
21
-2.8931102362204726
0
LINE
8
BLACK
6
CONTINUOUS
10
6.3837892913385827
20
-2.8931102362204726
11
6.3272343307086611
21
-2.8931102362204726
0
LINE
8
BLACK
6
CONTINUOUS
10
6.3272343307086611
20
-2.8931102362204726
11
6.3272342913385824
21
-2.8931102362204726
0
LINE
8
BLACK
6
CONTINUOUS
10
6.3272342913385824
20
-2.8931102362204726
11
6.3272338976377949
21
-2.8931102755905509
0
LINE
8
BLACK
6
CONTINUOUS
10
6.3272338976377949
20
-2.8931102755905509
11
6.3249319685039369
21
-2.8935681889763778
0
LINE
8
BLACK
6
CONTINUOUS
10
6.3249319685039369
20
-2.8935681889763778
11
6.3249317322834644
21
-2.8935682677165353
0
LINE
8
BLACK
6
CONTINUOUS
10
6.3249317322834644
20
-2.8935682677165353
11
6.3223209055118108
21
-2.8953127952755904
0
LINE
8
BLACK
6
CONTINUOUS
10
6.3223209055118108
20
-2.8953127952755904
11
6.3223206692913383
21
-2.8953130314960629
0
LINE
8
BLACK
6
CONTINUOUS
10
6.3223206692913383
20
-2.8953130314960629
11
6.3205761417322837
21
-2.8979238582677165
0
LINE
8
BLACK
6
CONTINUOUS
10
6.3205761417322837
20
-2.8979238582677165
11
6.3205760629921262
21
-2.897924094488189
0
LINE
8
BLACK
6
CONTINUOUS
10
6.3205760629921262
20
-2.897924094488189
11
6.3201181496062988
21
-2.9002260236220474
0
LINE
8
BLACK
6
CONTINUOUS
10
6.3201181496062988
20
-2.9002260236220474
11
6.3201181102362201
21
-2.900226496062992
0
LINE
8
BLACK
6
CONTINUOUS
10
6.3201181102362201
20
-2.900226496062992
11
6.3201181102362201
21
-2.9367813385826773
0
LINE
8
BLACK
6
CONTINUOUS
10
6.3312008267716537
20
-4.2877673622047245
11
6.33131531496063
21
-4.2887548818897638
0
LINE
8
BLACK
6
CONTINUOUS
10
6.33131531496063
20
-4.2887548818897638
11
6.3330989370078736
21
-4.2927943700787399
0
LINE
8
BLACK
6
CONTINUOUS
10
6.3330989370078736
20
-4.2927943700787399
11
6.3362213385826767
21
-4.2959167716535429
0
LINE
8
BLACK
6
CONTINUOUS
10
6.3362213385826767
20
-4.2959167716535429
11
6.3402609055118111
21
-4.2977003937007874
0
LINE
8
BLACK
6
CONTINUOUS
10
6.3402609055118111
20
-4.2977003937007874
11
6.3412481496062991
21
-4.2978149212598424
0
LINE
8
BLACK
6
CONTINUOUS
10
6.3412481496062991
20
-4.2978149212598424
11
6.3546062204724407
21
-4.2978149212598424
0
LINE
8
BLACK
6
CONTINUOUS
10
6.3546062204724407
20
-4.2978149212598424
11
6.3546062992125982
21
-4.2978148818897637
0
LINE
8
BLACK
6
CONTINUOUS
10
6.3546062992125982
20
-4.2978148818897637
11
6.3546062992125982
21
-4.286003937007874
0
LINE
8
BLACK
6
CONTINUOUS
10
6.3546062992125982
20
-4.286003937007874
11
6.3430118110236222
21
-4.286003937007874
0
LINE
8
BLACK
6
CONTINUOUS
10
6.3430118110236222
20
-4.286003937007874
11
6.3430118110236222
21
-4.2644094488188973
0
LINE
8
BLACK
6
CONTINUOUS
10
6.3430118110236222
20
-4.2644094488188973
11
6.3312008661417325
21
-4.2644094488188973
0
LINE
8
BLACK
6
CONTINUOUS
10
6.3312008661417325
20
-4.2644094488188973
11
6.3312008267716537
21
-4.264409488188976
0
LINE
8
BLACK
6
CONTINUOUS
10
6.3312008267716537
20
-4.264409488188976
11
6.3312008267716537
21
-4.2877673622047245
0
LINE
8
BLACK
6
CONTINUOUS
10
5.9412008267716532
20
-4.2627673622047242
11
5.9413153149606295
21
-4.2637548818897635
0
LINE
8
BLACK
6
CONTINUOUS
10
5.9413153149606295
20
-4.2637548818897635
11
5.9430989370078739
21
-4.2677943700787404
0
LINE
8
BLACK
6
CONTINUOUS
10
5.9430989370078739
20
-4.2677943700787404
11
5.946221338582677
21
-4.2709167716535434
0
LINE
8
BLACK
6
CONTINUOUS
10
5.946221338582677
20
-4.2709167716535434
11
5.9502609055118105
21
-4.272700393700787
0
LINE
8
BLACK
6
CONTINUOUS
10
5.9502609055118105
20
-4.272700393700787
11
5.9512481496062994
21
-4.2728149212598421
0
LINE
8
BLACK
6
CONTINUOUS
10
5.9512481496062994
20
-4.2728149212598421
11
5.9746062204724408
21
-4.2728149212598421
0
LINE
8
BLACK
6
CONTINUOUS
10
5.9746062204724408
20
-4.2728149212598421
11
5.9746062992125983
21
-4.2728148818897633
0
LINE
8
BLACK
6
CONTINUOUS
10
5.9746062992125983
20
-4.2728148818897633
11
5.9746062992125983
21
-4.2610039370078736
0
LINE
8
BLACK
6
CONTINUOUS
10
5.9746062992125983
20
-4.2610039370078736
11
5.9530118110236216
21
-4.2610039370078736
0
LINE
8
BLACK
6
CONTINUOUS
10
5.9530118110236216
20
-4.2610039370078736
11
5.9530118110236216
21
-4.2494094488188976
0
LINE
8
BLACK
6
CONTINUOUS
10
5.9530118110236216
20
-4.2494094488188976
11
5.9412008661417319
21
-4.2494094488188976
0
LINE
8
BLACK
6
CONTINUOUS
10
5.9412008661417319
20
-4.2494094488188976
11
5.9412008267716532
21
-4.2494094881889763
0
LINE
8
BLACK
6
CONTINUOUS
10
5.9412008267716532
20
-4.2494094881889763
11
5.9412008267716532
21
-4.2627673622047242
0
LINE
8
BLACK
6
CONTINUOUS
10
6.331200787401575
20
-4.2525983858267713
11
6.3312008267716537
21
-4.2525984251968501
0
LINE
8
BLACK
6
CONTINUOUS
10
6.3312008267716537
20
-4.2525984251968501
11
6.3430118110236222
21
-4.2525984251968501
0
LINE
8
BLACK
6
CONTINUOUS
10
6.3430118110236222
20
-4.2525984251968501
11
6.3430118110236222
21
-4.2310039370078742
0
LINE
8
BLACK
6
CONTINUOUS
10
6.3430118110236222
20
-4.2310039370078742
11
6.3546062992125982
21
-4.2310039370078742
0
LINE
8
BLACK
6
CONTINUOUS
10
6.3546062992125982
20
-4.2310039370078742
11
6.3546062992125982
21
-4.2060039370078739
0
LINE
8
BLACK
6
CONTINUOUS
10
6.3546062992125982
20
-4.2060039370078739
11
6.3430118110236222
21
-4.2060039370078739
0
LINE
8
BLACK
6
CONTINUOUS
10
6.3430118110236222
20
-4.2060039370078739
11
6.3430118110236222
21
-4.1844094488188972
0
LINE
8
BLACK
6
CONTINUOUS
10
6.3430118110236222
20
-4.1844094488188972
11
6.3312008661417325
21
-4.1844094488188972
0
LINE
8
BLACK
6
CONTINUOUS
10
6.3312008661417325
20
-4.1844094488188972
11
6.3312008267716537
21
-4.184409488188976
0
LINE
8
BLACK
6
CONTINUOUS
10
6.3312008267716537
20
-4.184409488188976
11
6.3312008267716537
21
-4.2077673622047245
0
LINE
8
BLACK
6
CONTINUOUS
10
6.3312008267716537
20
-4.2077673622047245
11
6.33131531496063
21
-4.2087548818897638
0
LINE
8
BLACK
6
CONTINUOUS
10
6.33131531496063
20
-4.2087548818897638
11
6.3330989370078736
21
-4.2127943700787398
0
LINE
8
BLACK
6
CONTINUOUS
10
6.3330989370078736
20
-4.2127943700787398
11
6.336052440944882
21
-4.2157478740157481
0
LINE
8
BLACK
6
CONTINUOUS
10
6.336052440944882
20
-4.2157478740157481
11
6.3371460236220472
21
-4.2178942125984253
0
LINE
8
BLACK
6
CONTINUOUS
10
6.3371460236220472
20
-4.2178942125984253
11
6.3367692125984254
21
-4.2202734251968499
0
LINE
8
BLACK
6
CONTINUOUS
10
6.3367692125984254
20
-4.2202734251968499
11
6.336052440944882
21
-4.22126
0
LINE
8
BLACK
6
CONTINUOUS
10
6.336052440944882
20
-4.22126
11
6.3330989370078736
21
-4.2242134645669287
0
LINE
8
BLACK
6
CONTINUOUS
10
6.3330989370078736
20
-4.2242134645669287
11
6.33131531496063
21
-4.2282530314960631
0
LINE
8
BLACK
6
CONTINUOUS
10
6.33131531496063
20
-4.2282530314960631
11
6.331200787401575
21
-4.2292402362204724
0
LINE
8
BLACK
6
CONTINUOUS
10
6.331200787401575
20
-4.2292402362204724
11
6.331200787401575
21
-4.2525983858267713
0
LINE
8
BLACK
6
CONTINUOUS
10
5.9412007874015744
20
-4.2375983858267716
11
5.9412008267716532
21
-4.2375984251968504
0
LINE
8
BLACK
6
CONTINUOUS
10
5.9412008267716532
20
-4.2375984251968504
11
5.9530118110236216
21
-4.2375984251968504
0
LINE
8
BLACK
6
CONTINUOUS
10
5.9530118110236216
20
-4.2375984251968504
11
5.9530118110236216
21
-4.2260039370078744
0
LINE
8
BLACK
6
CONTINUOUS
10
5.9530118110236216
20
-4.2260039370078744
11
5.9746062992125983
21
-4.2260039370078744
0
LINE
8
BLACK
6
CONTINUOUS
10
5.9746062992125983
20
-4.2260039370078744
11
5.9746062992125983
21
-4.214192952755905
0
LINE
8
BLACK
6
CONTINUOUS
10
5.9746062992125983
20
-4.214192952755905
11
5.9746062598425196
21
-4.2141929133858262
0
LINE
8
BLACK
6
CONTINUOUS
10
5.9746062598425196
20
-4.2141929133858262
11
5.9512484251968498
21
-4.2141929133858262
0
LINE
8
BLACK
6
CONTINUOUS
10
5.9512484251968498
20
-4.2141929133858262
11
5.9512483070866145
21
-4.214192952755905
0
LINE
8
BLACK
6
CONTINUOUS
10
5.9512483070866145
20
-4.214192952755905
11
5.950260826771653
21
-4.2143074409448822
0
LINE
8
BLACK
6
CONTINUOUS
10
5.950260826771653
20
-4.2143074409448822
11
5.946221338582677
21
-4.2160910629921258
0
LINE
8
BLACK
6
CONTINUOUS
10
5.946221338582677
20
-4.2160910629921258
11
5.9430989370078739
21
-4.2192134645669288
0
LINE
8
BLACK
6
CONTINUOUS
10
5.9430989370078739
20
-4.2192134645669288
11
5.9413153149606295
21
-4.2232530314960632
0
LINE
8
BLACK
6
CONTINUOUS
10
5.9413153149606295
20
-4.2232530314960632
11
5.9412007874015744
21
-4.2242402362204725
0
LINE
8
BLACK
6
CONTINUOUS
10
5.9412007874015744
20
-4.2242402362204725
11
5.9412007874015744
21
-4.2375983858267716
0
LINE
8
BLACK
6
CONTINUOUS
10
5.9864173228346456
20
-4.2260039370078744
11
6.0080118110236223
21
-4.2260039370078744
0
LINE
8
BLACK
6
CONTINUOUS
10
6.0080118110236223
20
-4.2260039370078744
11
6.0080118110236223
21
-4.2375984251968504
0
LINE
8
BLACK
6
CONTINUOUS
10
6.0080118110236223
20
-4.2375984251968504
11
6.019822755905512
21
-4.2375984251968504
0
LINE
8
BLACK
6
CONTINUOUS
10
6.019822755905512
20
-4.2375984251968504
11
6.0198227952755907
21
-4.2375983858267716
0
LINE
8
BLACK
6
CONTINUOUS
10
6.0198227952755907
20
-4.2375983858267716
11
6.0198227952755907
21
-4.2242405511811025
0
LINE
8
BLACK
6
CONTINUOUS
10
6.0198227952755907
20
-4.2242405511811025
11
6.019822755905512
21
-4.224240472440945
0
LINE
8
BLACK
6
CONTINUOUS
10
6.019822755905512
20
-4.224240472440945
11
6.0197082677165357
21
-4.2232529527559057
0
LINE
8
BLACK
6
CONTINUOUS
10
6.0197082677165357
20
-4.2232529527559057
11
6.0179246456692912
21
-4.2192134645669288
0
LINE
8
BLACK
6
CONTINUOUS
10
6.0179246456692912
20
-4.2192134645669288
11
6.0148022440944882
21
-4.2160910629921258
0
LINE
8
BLACK
6
CONTINUOUS
10
6.0148022440944882
20
-4.2160910629921258
11
6.0107626771653546
21
-4.2143074409448822
0
LINE
8
BLACK
6
CONTINUOUS
10
6.0107626771653546
20
-4.2143074409448822
11
6.0097754724409445
21
-4.2141929133858262
0
LINE
8
BLACK
6
CONTINUOUS
10
6.0097754724409445
20
-4.2141929133858262
11
5.9864173622047243
21
-4.2141929133858262
0
LINE
8
BLACK
6
CONTINUOUS
10
5.9864173622047243
20
-4.2141929133858262
11
5.9864173228346456
21
-4.214192952755905
0
LINE
8
BLACK
6
CONTINUOUS
10
5.9864173228346456
20
-4.214192952755905
11
5.9864173228346456
21
-4.2260039370078744
0
LINE
8
BLACK
6
CONTINUOUS
10
6.331200787401575
20
-4.1725983858267712
11
6.3312008267716537
21
-4.17259842519685
0
LINE
8
BLACK
6
CONTINUOUS
10
6.3312008267716537
20
-4.17259842519685
11
6.3430118110236222
21
-4.17259842519685
0
LINE
8
BLACK
6
CONTINUOUS
10
6.3430118110236222
20
-4.17259842519685
11
6.3430118110236222
21
-4.1510039370078742
0
LINE
8
BLACK
6
CONTINUOUS
10
6.3430118110236222
20
-4.1510039370078742
11
6.3546062992125982
21
-4.1510039370078742
0
LINE
8
BLACK
6
CONTINUOUS
10
6.3546062992125982
20
-4.1510039370078742
11
6.3546062992125982
21
-4.1391929527559057
0
LINE
8
BLACK
6
CONTINUOUS
10
6.3546062992125982
20
-4.1391929527559057
11
6.3546062598425195
21
-4.139192913385827
0
LINE
8
BLACK
6
CONTINUOUS
10
6.3546062598425195
20
-4.139192913385827
11
6.3412484251968504
21
-4.139192913385827
0
LINE
8
BLACK
6
CONTINUOUS
10
6.3412484251968504
20
-4.139192913385827
11
6.3412483070866141
21
-4.1391929527559057
0
LINE
8
BLACK
6
CONTINUOUS
10
6.3412483070866141
20
-4.1391929527559057
11
6.3402608267716536
21
-4.139307440944882
0
LINE
8
BLACK
6
CONTINUOUS
10
6.3402608267716536
20
-4.139307440944882
11
6.3362213385826767
21
-4.1410910629921256
0
LINE
8
BLACK
6
CONTINUOUS
10
6.3362213385826767
20
-4.1410910629921256
11
6.3330989370078736
21
-4.1442134645669286
0
LINE
8
BLACK
6
CONTINUOUS
10
6.3330989370078736
20
-4.1442134645669286
11
6.33131531496063
21
-4.1482530314960631
0
LINE
8
BLACK
6
CONTINUOUS
10
6.33131531496063
20
-4.1482530314960631
11
6.331200787401575
21
-4.1492402362204723
0
LINE
8
BLACK
6
CONTINUOUS
10
6.331200787401575
20
-4.1492402362204723
11
6.331200787401575
21
-4.1725983858267712
0
LINE
8
BLACK
6
CONTINUOUS
10
6.3664173228346455
20
-4.1510039370078742
11
6.3780118110236215
21
-4.1510039370078742
0
LINE
8
BLACK
6
CONTINUOUS
10
6.3780118110236215
20
-4.1510039370078742
11
6.3780118110236215
21
-4.17259842519685
0
LINE
8
BLACK
6
CONTINUOUS
10
6.3780118110236215
20
-4.17259842519685
11
6.3898227559055121
21
-4.17259842519685
0
LINE
8
BLACK
6
CONTINUOUS
10
6.3898227559055121
20
-4.17259842519685
11
6.3898227952755908
21
-4.1725983858267712
0
LINE
8
BLACK
6
CONTINUOUS
10
6.3898227952755908
20
-4.1725983858267712
11
6.3898227952755908
21
-4.1492405511811024
0
LINE
8
BLACK
6
CONTINUOUS
10
6.3898227952755908
20
-4.1492405511811024
11
6.3898227559055121
21
-4.1492404724409448
0
LINE
8
BLACK
6
CONTINUOUS
10
6.3898227559055121
20
-4.1492404724409448
11
6.3897082677165349
21
-4.1482529527559056
0
LINE
8
BLACK
6
CONTINUOUS
10
6.3897082677165349
20
-4.1482529527559056
11
6.3879246456692913
21
-4.1442134645669286
0
LINE
8
BLACK
6
CONTINUOUS
10
6.3879246456692913
20
-4.1442134645669286
11
6.3848022440944883
21
-4.1410910629921256
0
LINE
8
BLACK
6
CONTINUOUS
10
6.3848022440944883
20
-4.1410910629921256
11
6.3807626771653538
21
-4.139307440944882
0
LINE
8
BLACK
6
CONTINUOUS
10
6.3807626771653538
20
-4.139307440944882
11
6.3797754724409446
21
-4.139192913385827
0
LINE
8
BLACK
6
CONTINUOUS
10
6.3797754724409446
20
-4.139192913385827
11
6.3664173622047242
21
-4.139192913385827
0
LINE
8
BLACK
6
CONTINUOUS
10
6.3664173622047242
20
-4.139192913385827
11
6.3664173228346455
21
-4.1391929527559057
0
LINE
8
BLACK
6
CONTINUOUS
10
6.3664173228346455
20
-4.1391929527559057
11
6.3664173228346455
21
-4.1510039370078742
0
LINE
8
BLACK
6
CONTINUOUS
10
5.6552008267716536
20
-4.1112673622047247
11
5.6553153149606299
21
-4.112254881889764
0
LINE
8
BLACK
6
CONTINUOUS
10
5.6553153149606299
20
-4.112254881889764
11
5.6570989370078735
21
-4.11629437007874
0
LINE
8
BLACK
6
CONTINUOUS
10
5.6570989370078735
20
-4.11629437007874
11
5.6602213385826774
21
-4.119416771653543
0
LINE
8
BLACK
6
CONTINUOUS
10
5.6602213385826774
20
-4.119416771653543
11
5.6642609055118109
21
-4.1212003937007875
0
LINE
8
BLACK
6
CONTINUOUS
10
5.6642609055118109
20
-4.1212003937007875
11
5.665248149606299
21
-4.1213149212598426
0
LINE
8
BLACK
6
CONTINUOUS
10
5.665248149606299
20
-4.1213149212598426
11
5.6886062204724412
21
-4.1213149212598426
0
LINE
8
BLACK
6
CONTINUOUS
10
5.6886062204724412
20
-4.1213149212598426
11
5.6886062992125979
21
-4.1213148818897638
0
LINE
8
BLACK
6
CONTINUOUS
10
5.6886062992125979
20
-4.1213148818897638
11
5.6886062992125979
21
-4.1095039370078741
0
LINE
8
BLACK
6
CONTINUOUS
10
5.6886062992125979
20
-4.1095039370078741
11
5.6670118110236221
21
-4.1095039370078741
0
LINE
8
BLACK
6
CONTINUOUS
10
5.6670118110236221
20
-4.1095039370078741
11
5.6670118110236221
21
-4.0979094488188972
0
LINE
8
BLACK
6
CONTINUOUS
10
5.6670118110236221
20
-4.0979094488188972
11
5.6552008661417323
21
-4.0979094488188972
0
LINE
8
BLACK
6
CONTINUOUS
10
5.6552008661417323
20
-4.0979094488188972
11
5.6552008267716536
21
-4.0979094881889759
0
LINE
8
BLACK
6
CONTINUOUS
10
5.6552008267716536
20
-4.0979094881889759
11
5.6552008267716536
21
-4.1112673622047247
0
LINE
8
BLACK
6
CONTINUOUS
10
5.6552007874015748
20
-4.0860983858267712
11
5.6552008267716536
21
-4.08609842519685
0
LINE
8
BLACK
6
CONTINUOUS
10
5.6552008267716536
20
-4.08609842519685
11
5.6670118110236221
21
-4.08609842519685
0
LINE
8
BLACK
6
CONTINUOUS
10
5.6670118110236221
20
-4.08609842519685
11
5.6670118110236221
21
-4.0745039370078739
0
LINE
8
BLACK
6
CONTINUOUS
10
5.6670118110236221
20
-4.0745039370078739
11
5.6886062992125979
21
-4.0745039370078739
0
LINE
8
BLACK
6
CONTINUOUS
10
5.6886062992125979
20
-4.0745039370078739
11
5.6886062992125979
21
-4.0626929527559055
0
LINE
8
BLACK
6
CONTINUOUS
10
5.6886062992125979
20
-4.0626929527559055
11
5.68860625984252
21
-4.0626929133858267
0
LINE
8
BLACK
6
CONTINUOUS
10
5.68860625984252
20
-4.0626929133858267
11
5.6652484251968502
21
-4.0626929133858267
0
LINE
8
BLACK
6
CONTINUOUS
10
5.6652484251968502
20
-4.0626929133858267
11
5.665248307086614
21
-4.0626929527559055
0
LINE
8
BLACK
6
CONTINUOUS
10
5.665248307086614
20
-4.0626929527559055
11
5.6642608267716534
21
-4.0628074409448818
0
LINE
8
BLACK
6
CONTINUOUS
10
5.6642608267716534
20
-4.0628074409448818
11
5.6602213385826774
21
-4.0645910629921262
0
LINE
8
BLACK
6
CONTINUOUS
10
5.6602213385826774
20
-4.0645910629921262
11
5.6570989370078735
21
-4.0677134645669293
0
LINE
8
BLACK
6
CONTINUOUS
10
5.6570989370078735
20
-4.0677134645669293
11
5.6553153149606299
21
-4.0717530314960628
0
LINE
8
BLACK
6
CONTINUOUS
10
5.6553153149606299
20
-4.0717530314960628
11
5.6552007874015748
21
-4.0727402362204721
0
LINE
8
BLACK
6
CONTINUOUS
10
5.6552007874015748
20
-4.0727402362204721
11
5.6552007874015748
21
-4.0860983858267712
0
LINE
8
BLACK
6
CONTINUOUS
10
5.700417322834646
20
-4.0745039370078739
11
5.7220118110236218
21
-4.0745039370078739
0
LINE
8
BLACK
6
CONTINUOUS
10
5.7220118110236218
20
-4.0745039370078739
11
5.7220118110236218
21
-4.08609842519685
0
LINE
8
BLACK
6
CONTINUOUS
10
5.7220118110236218
20
-4.08609842519685
11
5.7338227559055115
21
-4.08609842519685
0
LINE
8
BLACK
6
CONTINUOUS
10
5.7338227559055115
20
-4.08609842519685
11
5.7338227952755902
21
-4.0860983858267712
0
LINE
8
BLACK
6
CONTINUOUS
10
5.7338227952755902
20
-4.0860983858267712
11
5.7338227952755902
21
-4.0727405511811021
0
LINE
8
BLACK
6
CONTINUOUS
10
5.7338227952755902
20
-4.0727405511811021
11
5.7338227559055115
21
-4.0727404724409446
0
LINE
8
BLACK
6
CONTINUOUS
10
5.7338227559055115
20
-4.0727404724409446
11
5.7337082677165352
21
-4.0717529527559053
0
LINE
8
BLACK
6
CONTINUOUS
10
5.7337082677165352
20
-4.0717529527559053
11
5.7319246456692916
21
-4.0677134645669293
0
LINE
8
BLACK
6
CONTINUOUS
10
5.7319246456692916
20
-4.0677134645669293
11
5.7288022440944877
21
-4.0645910629921262
0
LINE
8
BLACK
6
CONTINUOUS
10
5.7288022440944877
20
-4.0645910629921262
11
5.7247626771653541
21
-4.0628074409448818
0
LINE
8
BLACK
6
CONTINUOUS
10
5.7247626771653541
20
-4.0628074409448818
11
5.7237754724409449
21
-4.0626929133858267
0
LINE
8
BLACK
6
CONTINUOUS
10
5.7237754724409449
20
-4.0626929133858267
11
5.7004173622047238
21
-4.0626929133858267
0
LINE
8
BLACK
6
CONTINUOUS
10
5.7004173622047238
20
-4.0626929133858267
11
5.700417322834646
21
-4.0626929527559055
0
LINE
8
BLACK
6
CONTINUOUS
10
5.700417322834646
20
-4.0626929527559055
11
5.700417322834646
21
-4.0745039370078739
0
LINE
8
BLACK
6
CONTINUOUS
10
5.7742126377952756
20
-4.0570783858267712
11
5.7743271259842519
21
-4.0580659055118113
0
LINE
8
BLACK
6
CONTINUOUS
10
5.7743271259842519
20
-4.0580659055118113
11
5.7761107480314955
21
-4.0621053937007874
0
LINE
8
BLACK
6
CONTINUOUS
10
5.7761107480314955
20
-4.0621053937007874
11
5.7792331496062994
21
-4.0652277952755904
0
LINE
8
BLACK
6
CONTINUOUS
10
5.7792331496062994
20
-4.0652277952755904
11
5.783272716535433
21
-4.0670114173228349
0
LINE
8
BLACK
6
CONTINUOUS
10
5.783272716535433
20
-4.0670114173228349
11
5.784259960629921
21
-4.0671259448818899
0
LINE
8
BLACK
6
CONTINUOUS
10
5.784259960629921
20
-4.0671259448818899
11
5.809645590551181
21
-4.0671259448818899
0
LINE
8
BLACK
6
CONTINUOUS
10
5.809645590551181
20
-4.0671259448818899
11
5.8096456692913385
21
-4.0671259055118112
0
LINE
8
BLACK
6
CONTINUOUS
10
5.8096456692913385
20
-4.0671259055118112
11
5.8096456692913385
21
-4.0553149606299215
0
LINE
8
BLACK
6
CONTINUOUS
10
5.8096456692913385
20
-4.0553149606299215
11
5.7860236220472441
21
-4.0553149606299215
0
LINE
8
BLACK
6
CONTINUOUS
10
5.7860236220472441
20
-4.0553149606299215
11
5.7860236220472441
21
-4.0494094488188974
0
LINE
8
BLACK
6
CONTINUOUS
10
5.7860236220472441
20
-4.0494094488188974
11
5.7742126771653544
21
-4.0494094488188974
0
LINE
8
BLACK
6
CONTINUOUS
10
5.7742126771653544
20
-4.0494094488188974
11
5.7742126377952756
21
-4.0494094881889762
0
LINE
8
BLACK
6
CONTINUOUS
10
5.7742126377952756
20
-4.0494094881889762
11
5.7742126377952756
21
-4.0570783858267712
0
LINE
8
BLACK
6
CONTINUOUS
10
5.9041338976377951
20
-4.0570783858267712
11
5.9042483858267714
21
-4.0580659055118113
0
LINE
8
BLACK
6
CONTINUOUS
10
5.9042483858267714
20
-4.0580659055118113
11
5.9060320078740158
21
-4.0621053937007874
0
LINE
8
BLACK
6
CONTINUOUS
10
5.9060320078740158
20
-4.0621053937007874
11
5.9091544094488189
21
-4.0652277952755904
0
LINE
8
BLACK
6
CONTINUOUS
10
5.9091544094488189
20
-4.0652277952755904
11
5.9131939763779524
21
-4.0670114173228349
0
LINE
8
BLACK
6
CONTINUOUS
10
5.9131939763779524
20
-4.0670114173228349
11
5.9141812204724404
21
-4.0671259448818899
0
LINE
8
BLACK
6
CONTINUOUS
10
5.9141812204724404
20
-4.0671259448818899
11
5.9395668503937005
21
-4.0671259448818899
0
LINE
8
BLACK
6
CONTINUOUS
10
5.9395668503937005
20
-4.0671259448818899
11
5.939566929133858
21
-4.0671259055118112
0
LINE
8
BLACK
6
CONTINUOUS
10
5.939566929133858
20
-4.0671259055118112
11
5.939566929133858
21
-4.0553149606299215
0
LINE
8
BLACK
6
CONTINUOUS
10
5.939566929133858
20
-4.0553149606299215
11
5.9159448818897635
21
-4.0553149606299215
0
LINE
8
BLACK
6
CONTINUOUS
10
5.9159448818897635
20
-4.0553149606299215
11
5.9159448818897635
21
-4.0494094488188974
0
LINE
8
BLACK
6
CONTINUOUS
10
5.9159448818897635
20
-4.0494094488188974
11
5.9041339370078738
21
-4.0494094488188974
0
LINE
8
BLACK
6
CONTINUOUS
10
5.9041339370078738
20
-4.0494094488188974
11
5.9041338976377951
21
-4.0494094881889762
0
LINE
8
BLACK
6
CONTINUOUS
10
5.9041338976377951
20
-4.0494094881889762
11
5.9041338976377951
21
-4.0570783858267712
0
LINE
8
BLACK
6
CONTINUOUS
10
5.3645794094488188
20
-3.9685040157480316
11
5.3653157874015749
21
-3.978330433070866
0
LINE
8
BLACK
6
CONTINUOUS
10
5.3653157874015749
20
-3.978330433070866
11
5.3653158661417324
21
-3.9783308267716535
0
LINE
8
BLACK
6
CONTINUOUS
10
5.3653158661417324
20
-3.9783308267716535
11
5.3675085826771651
21
-3.9879379133858266
0
LINE
8
BLACK
6
CONTINUOUS
10
5.3675085826771651
20
-3.9879379133858266
11
5.3711086614173231
21
-3.9971106692913385
0
LINE
8
BLACK
6
CONTINUOUS
10
5.3711086614173231
20
-3.9971106692913385
11
5.371109015748031
21
-3.9971114173228344
0
LINE
8
BLACK
6
CONTINUOUS
10
5.371109015748031
20
-3.9971114173228344
11
5.3760357480314962
21
-4.0056447637795278
0
LINE
8
BLACK
6
CONTINUOUS
10
5.3760357480314962
20
-4.0056447637795278
11
5.3760359055118112
21
-4.0056450000000003
0
LINE
8
BLACK
6
CONTINUOUS
10
5.3760359055118112
20
-4.0056450000000003
11
5.3800213385826767
21
-4.0106426377952751
0
LINE
8
BLACK
6
CONTINUOUS
10
5.3800213385826767
20
-4.0106426377952751
11
5.3884671653543306
21
-4.0021967322834646
0
LINE
8
BLACK
6
CONTINUOUS
10
5.3884671653543306
20
-4.0021967322834646
11
5.3879479527559058
21
-4.0016327165354326
0
LINE
8
BLACK
6
CONTINUOUS
10
5.3879479527559058
20
-4.0016327165354326
11
5.3830756299212599
21
-3.9941751181102361
0
LINE
8
BLACK
6
CONTINUOUS
10
5.3830756299212599
20
-3.9941751181102361
11
5.3794972440944884
21
-3.9860172440944881
0
LINE
8
BLACK
6
CONTINUOUS
10
5.3794972440944884
20
-3.9860172440944881
11
5.3773104330708659
21
-3.9773816929133856
0
LINE
8
BLACK
6
CONTINUOUS
10
5.3773104330708659
20
-3.9773816929133856
11
5.3765748031496061
21
-3.9685039370078741
0
LINE
8
BLACK
6
CONTINUOUS
10
5.3765748031496061
20
-3.9685039370078741
11
5.3773104330708659
21
-3.9596261811023621
0
LINE
8
BLACK
6
CONTINUOUS
10
5.3773104330708659
20
-3.9596261811023621
11
5.3794972440944884
21
-3.9509906299212596
0
LINE
8
BLACK
6
CONTINUOUS
10
5.3794972440944884
20
-3.9509906299212596
11
5.3830756299212599
21
-3.9428327559055116
0
LINE
8
BLACK
6
CONTINUOUS
10
5.3830756299212599
20
-3.9428327559055116
11
5.3879479527559058
21
-3.9353751574803151
0
LINE
8
BLACK
6
CONTINUOUS
10
5.3879479527559058
20
-3.9353751574803151
11
5.3884672047244093
21
-3.9348110236220473
0
LINE
8
BLACK
6
CONTINUOUS
10
5.3884672047244093
20
-3.9348110236220473
11
5.3800213385826767
21
-3.9263651574803147
0
LINE
8
BLACK
6
CONTINUOUS
10
5.3800213385826767
20
-3.9263651574803147
11
5.3760358267716537
21
-3.9313629527559053
0
LINE
8
BLACK
6
CONTINUOUS
10
5.3760358267716537
20
-3.9313629527559053
11
5.3711088188976372
21
-3.9398968110236221
0
LINE
8
BLACK
6
CONTINUOUS
10
5.3711088188976372
20
-3.9398968110236221
11
5.3711086614173231
21
-3.9398971653543304
0
LINE
8
BLACK
6
CONTINUOUS
10
5.3711086614173231
20
-3.9398971653543304
11
5.3675085826771651
21
-3.9490699212598424
0
LINE
8
BLACK
6
CONTINUOUS
10
5.3675085826771651
20
-3.9490699212598424
11
5.3653158661417324
21
-3.9586770078740154
0
LINE
8
BLACK
6
CONTINUOUS
10
5.3653158661417324
20
-3.9586770078740154
11
5.3653157874015749
21
-3.958677401574803
0
LINE
8
BLACK
6
CONTINUOUS
10
5.3653157874015749
20
-3.958677401574803
11
5.3645794094488188
21
-3.9685038188976378
0
LINE
8
BLACK
6
CONTINUOUS
10
5.3645794094488188
20
-3.9685038188976378
11
5.3645794094488188
21
-3.9685040157480316
0
LINE
8
BLACK
6
CONTINUOUS
10
5.564579409448819
20
-3.9685040157480316
11
5.5653157874015751
21
-3.978330433070866
0
LINE
8
BLACK
6
CONTINUOUS
10
5.5653157874015751
20
-3.978330433070866
11
5.5653158661417326
21
-3.9783308267716535
0
LINE
8
BLACK
6
CONTINUOUS
10
5.5653158661417326
20
-3.9783308267716535
11
5.5675085826771653
21
-3.9879379133858266
0
LINE
8
BLACK
6
CONTINUOUS
10
5.5675085826771653
20
-3.9879379133858266
11
5.5711086614173224
21
-3.9971106692913385
0
LINE
8
BLACK
6
CONTINUOUS
10
5.5711086614173224
20
-3.9971106692913385
11
5.5711090157480312
21
-3.9971114173228344
0
LINE
8
BLACK
6
CONTINUOUS
10
5.5711090157480312
20
-3.9971114173228344
11
5.5760357480314964
21
-4.0056447637795278
0
LINE
8
BLACK
6
CONTINUOUS
10
5.5760357480314964
20
-4.0056447637795278
11
5.5760359055118105
21
-4.0056450000000003
0
LINE
8
BLACK
6
CONTINUOUS
10
5.5760359055118105
20
-4.0056450000000003
11
5.5800213385826769
21
-4.0106426377952751
0
LINE
8
BLACK
6
CONTINUOUS
10
5.5800213385826769
20
-4.0106426377952751
11
5.5884671653543307
21
-4.0021967322834646
0
LINE
8
BLACK
6
CONTINUOUS
10
5.5884671653543307
20
-4.0021967322834646
11
5.5879479527559051
21
-4.0016327165354326
0
LINE
8
BLACK
6
CONTINUOUS
10
5.5879479527559051
20
-4.0016327165354326
11
5.5830756299212601
21
-3.9941751181102361
0
LINE
8
BLACK
6
CONTINUOUS
10
5.5830756299212601
20
-3.9941751181102361
11
5.5794972440944877
21
-3.9860172440944881
0
LINE
8
BLACK
6
CONTINUOUS
10
5.5794972440944877
20
-3.9860172440944881
11
5.577310433070866
21
-3.9773816929133856
0
LINE
8
BLACK
6
CONTINUOUS
10
5.577310433070866
20
-3.9773816929133856
11
5.5765748031496063
21
-3.9685039370078741
0
LINE
8
BLACK
6
CONTINUOUS
10
5.5765748031496063
20
-3.9685039370078741
11
5.577310433070866
21
-3.9596261811023621
0
LINE
8
BLACK
6
CONTINUOUS
10
5.577310433070866
20
-3.9596261811023621
11
5.5794972440944877
21
-3.9509906299212596
0
LINE
8
BLACK
6
CONTINUOUS
10
5.5794972440944877
20
-3.9509906299212596
11
5.5830756299212601
21
-3.9428327559055116
0
LINE
8
BLACK
6
CONTINUOUS
10
5.5830756299212601
20
-3.9428327559055116
11
5.5879479527559051
21
-3.9353751574803151
0
LINE
8
BLACK
6
CONTINUOUS
10
5.5879479527559051
20
-3.9353751574803151
11
5.5884672047244095
21
-3.9348110236220473
0
LINE
8
BLACK
6
CONTINUOUS
10
5.5884672047244095
20
-3.9348110236220473
11
5.5800213385826769
21
-3.9263651574803147
0
LINE
8
BLACK
6
CONTINUOUS
10
5.5800213385826769
20
-3.9263651574803147
11
5.576035826771653
21
-3.9313629527559053
0
LINE
8
BLACK
6
CONTINUOUS
10
5.576035826771653
20
-3.9313629527559053
11
5.5711088188976374
21
-3.9398968110236221
0
LINE
8
BLACK
6
CONTINUOUS
10
5.5711088188976374
20
-3.9398968110236221
11
5.5711086614173224
21
-3.9398971653543304
0
LINE
8
BLACK
6
CONTINUOUS
10
5.5711086614173224
20
-3.9398971653543304
11
5.5675085826771653
21
-3.9490699212598424
0
LINE
8
BLACK
6
CONTINUOUS
10
5.5675085826771653
20
-3.9490699212598424
11
5.5653158661417326
21
-3.9586770078740154
0
LINE
8
BLACK
6
CONTINUOUS
10
5.5653158661417326
20
-3.9586770078740154
11
5.5653157874015751
21
-3.958677401574803
0
LINE
8
BLACK
6
CONTINUOUS
10
5.5653157874015751
20
-3.958677401574803
11
5.564579409448819
21
-3.9685038188976378
0
LINE
8
BLACK
6
CONTINUOUS
10
5.564579409448819
20
-3.9685038188976378
11
5.564579409448819
21
-3.9685040157480316
0
LINE
8
BLACK
6
CONTINUOUS
10
6.6645794094488187
20
-3.9685040157480316
11
6.6653157874015747
21
-3.978330433070866
0
LINE
8
BLACK
6
CONTINUOUS
10
6.6653157874015747
20
-3.978330433070866
11
6.6653158661417322
21
-3.9783308267716535
0
LINE
8
BLACK
6
CONTINUOUS
10
6.6653158661417322
20
-3.9783308267716535
11
6.667508582677165
21
-3.9879379133858266
0
LINE
8
BLACK
6
CONTINUOUS
10
6.667508582677165
20
-3.9879379133858266
11
6.6711086614173229
21
-3.9971106692913385
0
LINE
8
BLACK
6
CONTINUOUS
10
6.6711086614173229
20
-3.9971106692913385
11
6.6711090157480317
21
-3.9971114173228344
0
LINE
8
BLACK
6
CONTINUOUS
10
6.6711090157480317
20
-3.9971114173228344
11
6.676035748031496
21
-4.0056447637795278
0
LINE
8
BLACK
6
CONTINUOUS
10
6.676035748031496
20
-4.0056447637795278
11
6.676035905511811
21
-4.0056450000000003
0
LINE
8
BLACK
6
CONTINUOUS
10
6.676035905511811
20
-4.0056450000000003
11
6.6800213385826774
21
-4.0106426377952751
0
LINE
8
BLACK
6
CONTINUOUS
10
6.6800213385826774
20
-4.0106426377952751
11
6.6884671653543304
21
-4.0021967322834646
0
LINE
8
BLACK
6
CONTINUOUS
10
6.6884671653543304
20
-4.0021967322834646
11
6.6879479527559056
21
-4.0016327165354326
0
LINE
8
BLACK
6
CONTINUOUS
10
6.6879479527559056
20
-4.0016327165354326
11
6.6830756299212597
21
-3.9941751181102361
0
LINE
8
BLACK
6
CONTINUOUS
10
6.6830756299212597
20
-3.9941751181102361
11
6.6794972440944882
21
-3.9860172440944881
0
LINE
8
BLACK
6
CONTINUOUS
10
6.6794972440944882
20
-3.9860172440944881
11
6.6773104330708657
21
-3.9773816929133856
0
LINE
8
BLACK
6
CONTINUOUS
10
6.6773104330708657
20
-3.9773816929133856
11
6.6765748031496059
21
-3.9685039370078741
0
LINE
8
BLACK
6
CONTINUOUS
10
6.6765748031496059
20
-3.9685039370078741
11
6.6773104330708657
21
-3.9596261811023621
0
LINE
8
BLACK
6
CONTINUOUS
10
6.6773104330708657
20
-3.9596261811023621
11
6.6794972440944882
21
-3.9509906299212596
0
LINE
8
BLACK
6
CONTINUOUS
10
6.6794972440944882
20
-3.9509906299212596
11
6.6830756299212597
21
-3.9428327559055116
0
LINE
8
BLACK
6
CONTINUOUS
10
6.6830756299212597
20
-3.9428327559055116
11
6.6879479527559056
21
-3.9353751574803151
0
LINE
8
BLACK
6
CONTINUOUS
10
6.6879479527559056
20
-3.9353751574803151
11
6.6884672047244091
21
-3.9348110236220473
0
LINE
8
BLACK
6
CONTINUOUS
10
6.6884672047244091
20
-3.9348110236220473
11
6.6800213385826774
21
-3.9263651574803147
0
LINE
8
BLACK
6
CONTINUOUS
10
6.6800213385826774
20
-3.9263651574803147
11
6.6760358267716535
21
-3.9313629527559053
0
LINE
8
BLACK
6
CONTINUOUS
10
6.6760358267716535
20
-3.9313629527559053
11
6.671108818897638
21
-3.9398968110236221
0
LINE
8
BLACK
6
CONTINUOUS
10
6.671108818897638
20
-3.9398968110236221
11
6.6711086614173229
21
-3.9398971653543304
0
LINE
8
BLACK
6
CONTINUOUS
10
6.6711086614173229
20
-3.9398971653543304
11
6.667508582677165
21
-3.9490699212598424
0
LINE
8
BLACK
6
CONTINUOUS
10
6.667508582677165
20
-3.9490699212598424
11
6.6653158661417322
21
-3.9586770078740154
0
LINE
8
BLACK
6
CONTINUOUS
10
6.6653158661417322
20
-3.9586770078740154
11
6.6653157874015747
21
-3.958677401574803
0
LINE
8
BLACK
6
CONTINUOUS
10
6.6653157874015747
20
-3.958677401574803
11
6.6645794094488187
21
-3.9685038188976378
0
LINE
8
BLACK
6
CONTINUOUS
10
6.6645794094488187
20
-3.9685038188976378
11
6.6645794094488187
21
-3.9685040157480316
0
LINE
8
BLACK
6
CONTINUOUS
10
5.7742125984251969
20
-3.9375983858267714
11
5.7742126377952756
21
-3.9375984251968501
0
LINE
8
BLACK
6
CONTINUOUS
10
5.7742126377952756
20
-3.9375984251968501
11
5.7860236220472441
21
-3.9375984251968501
0
LINE
8
BLACK
6
CONTINUOUS
10
5.7860236220472441
20
-3.9375984251968501
11
5.7860236220472441
21
-3.9316929133858265
0
LINE
8
BLACK
6
CONTINUOUS
10
5.7860236220472441
20
-3.9316929133858265
11
5.8096456692913385
21
-3.9316929133858265
0
LINE
8
BLACK
6
CONTINUOUS
10
5.8096456692913385
20
-3.9316929133858265
11
5.8096456692913385
21
-3.919881929133858
0
LINE
8
BLACK
6
CONTINUOUS
10
5.8096456692913385
20
-3.919881929133858
11
5.8096456299212598
21
-3.9198818897637793
0
LINE
8
BLACK
6
CONTINUOUS
10
5.8096456299212598
20
-3.9198818897637793
11
5.7842602362204723
21
-3.9198818897637793
0
LINE
8
BLACK
6
CONTINUOUS
10
5.7842602362204723
20
-3.9198818897637793
11
5.784260118110236
21
-3.919881929133858
0
LINE
8
BLACK
6
CONTINUOUS
10
5.784260118110236
20
-3.919881929133858
11
5.7832726377952755
21
-3.9199964173228348
0
LINE
8
BLACK
6
CONTINUOUS
10
5.7832726377952755
20
-3.9199964173228348
11
5.7792331496062994
21
-3.9217800393700788
0
LINE
8
BLACK
6
CONTINUOUS
10
5.7792331496062994
20
-3.9217800393700788
11
5.7761107480314955
21
-3.9249024409448818
0
LINE
8
BLACK
6
CONTINUOUS
10
5.7761107480314955
20
-3.9249024409448818
11
5.7743271259842519
21
-3.9289420078740158
0
LINE
8
BLACK
6
CONTINUOUS
10
5.7743271259842519
20
-3.9289420078740158
11
5.7742125984251969
21
-3.9299292125984251
0
LINE
8
BLACK
6
CONTINUOUS
10
5.7742125984251969
20
-3.9299292125984251
11
5.7742125984251969
21
-3.9375983858267714
0
LINE
8
BLACK
6
CONTINUOUS
10
5.8214566929133857
20
-3.9316929133858265
11
5.8450787401574802
21
-3.9316929133858265
0
LINE
8
BLACK
6
CONTINUOUS
10
5.8450787401574802
20
-3.9316929133858265
11
5.8450787401574802
21
-3.9375984251968501
0
LINE
8
BLACK
6
CONTINUOUS
10
5.8450787401574802
20
-3.9375984251968501
11
5.8568896850393699
21
-3.9375984251968501
0
LINE
8
BLACK
6
CONTINUOUS
10
5.8568896850393699
20
-3.9375984251968501
11
5.8568897244094487
21
-3.9375983858267714
0
LINE
8
BLACK
6
CONTINUOUS
10
5.8568897244094487
20
-3.9375983858267714
11
5.8568897244094487
21
-3.9299295275590551
0
LINE
8
BLACK
6
CONTINUOUS
10
5.8568897244094487
20
-3.9299295275590551
11
5.8568896850393699
21
-3.9299294488188976
0
LINE
8
BLACK
6
CONTINUOUS
10
5.8568896850393699
20
-3.9299294488188976
11
5.8568896456692912
21
-3.9299292125984251
0
LINE
8
BLACK
6
CONTINUOUS
10
5.8568896456692912
20
-3.9299292125984251
11
5.8567751968503936
21
-3.9289419291338583
0
LINE
8
BLACK
6
CONTINUOUS
10
5.8567751968503936
20
-3.9289419291338583
11
5.8549915748031491
21
-3.9249024409448818
0
LINE
8
BLACK
6
CONTINUOUS
10
5.8549915748031491
20
-3.9249024409448818
11
5.8518691732283461
21
-3.9217800393700788
0
LINE
8
BLACK
6
CONTINUOUS
10
5.8518691732283461
20
-3.9217800393700788
11
5.8478296062992126
21
-3.9199964173228348
0
LINE
8
BLACK
6
CONTINUOUS
10
5.8478296062992126
20
-3.9199964173228348
11
5.8468424015748033
21
-3.9198818897637793
0
LINE
8
BLACK
6
CONTINUOUS
10
5.8468424015748033
20
-3.9198818897637793
11
5.8214567322834645
21
-3.9198818897637793
0
LINE
8
BLACK
6
CONTINUOUS
10
5.8214567322834645
20
-3.9198818897637793
11
5.8214566929133857
21
-3.919881929133858
0
LINE
8
BLACK
6
CONTINUOUS
10
5.8214566929133857
20
-3.919881929133858
11
5.8214566929133857
21
-3.9316929133858265
0
LINE
8
BLACK
6
CONTINUOUS
10
5.9513779527559052
20
-3.9316929133858265
11
5.9749999999999996
21
-3.9316929133858265
0
LINE
8
BLACK
6
CONTINUOUS
10
5.9749999999999996
20
-3.9316929133858265
11
5.9749999999999996
21
-3.9375984251968501
0
LINE
8
BLACK
6
CONTINUOUS
10
5.9749999999999996
20
-3.9375984251968501
11
5.9868109448818894
21
-3.9375984251968501
0
LINE
8
BLACK
6
CONTINUOUS
10
5.9868109448818894
20
-3.9375984251968501
11
5.9868109842519681
21
-3.9375983858267714
0
LINE
8
BLACK
6
CONTINUOUS
10
5.9868109842519681
20
-3.9375983858267714
11
5.9868109842519681
21
-3.9299295275590551
0
LINE
8
BLACK
6
CONTINUOUS
10
5.9868109842519681
20
-3.9299295275590551
11
5.9868109448818894
21
-3.9299294488188976
0
LINE
8
BLACK
6
CONTINUOUS
10
5.9868109448818894
20
-3.9299294488188976
11
5.9866964566929131
21
-3.9289419291338583
0
LINE
8
BLACK
6
CONTINUOUS
10
5.9866964566929131
20
-3.9289419291338583
11
5.9849128346456695
21
-3.9249024409448818
0
LINE
8
BLACK
6
CONTINUOUS
10
5.9849128346456695
20
-3.9249024409448818
11
5.9842506299212594
21
-3.9242402362204722
0
LINE
8
BLACK
6
CONTINUOUS
10
5.9842506299212594
20
-3.9242402362204722
11
5.9817904330708664
21
-3.9217800393700788
0
LINE
8
BLACK
6
CONTINUOUS
10
5.9817904330708664
20
-3.9217800393700788
11
5.977750866141732
21
-3.9199964173228348
0
LINE
8
BLACK
6
CONTINUOUS
10
5.977750866141732
20
-3.9199964173228348
11
5.9767636614173227
21
-3.9198818897637793
0
LINE
8
BLACK
6
CONTINUOUS
10
5.9767636614173227
20
-3.9198818897637793
11
5.951377992125984
21
-3.9198818897637793
0
LINE
8
BLACK
6
CONTINUOUS
10
5.951377992125984
20
-3.9198818897637793
11
5.9513779527559052
21
-3.919881929133858
0
LINE
8
BLACK
6
CONTINUOUS
10
5.9513779527559052
20
-3.919881929133858
11
5.9513779527559052
21
-3.9316929133858265
0
LINE
8
BLACK
6
CONTINUOUS
10
6.4304958661417322
20
-3.9260039370078741
11
6.4520903543307089
21
-3.9260039370078741
0
LINE
8
BLACK
6
CONTINUOUS
10
6.4520903543307089
20
-3.9260039370078741
11
6.4520903543307089
21
-3.9610039370078738
0
LINE
8
BLACK
6
CONTINUOUS
10
6.4520903543307089
20
-3.9610039370078738
11
6.4304958661417322
21
-3.9610039370078738
0
LINE
8
BLACK
6
CONTINUOUS
10
6.4304958661417322
20
-3.9610039370078738
11
6.4304958661417322
21
-3.9728148818897635
0
LINE
8
BLACK
6
CONTINUOUS
10
6.4304958661417322
20
-3.9728148818897635
11
6.4304959055118109
21
-3.9728149212598423
0
LINE
8
BLACK
6
CONTINUOUS
10
6.4304959055118109
20
-3.9728149212598423
11
6.4538537401574798
21
-3.9728149212598423
0
LINE
8
BLACK
6
CONTINUOUS
10
6.4538537401574798
20
-3.9728149212598423
11
6.4538537795275586
21
-3.9728148818897635
0
LINE
8
BLACK
6
CONTINUOUS
10
6.4538537795275586
20
-3.9728148818897635
11
6.4548412992125979
21
-3.9727003937007872
0
LINE
8
BLACK
6
CONTINUOUS
10
6.4548412992125979
20
-3.9727003937007872
11
6.4588807874015748
21
-3.9709167716535432
0
LINE
8
BLACK
6
CONTINUOUS
10
6.4588807874015748
20
-3.9709167716535432
11
6.4588891732283464
21
-3.9709110629921258
0
LINE
8
BLACK
6
CONTINUOUS
10
6.4588891732283464
20
-3.9709110629921258
11
6.4589030314960629
21
-3.9709069685039369
0
LINE
8
BLACK
6
CONTINUOUS
10
6.4589030314960629
20
-3.9709069685039369
11
6.459211220472441
21
-3.9707709055118108
0
LINE
8
BLACK
6
CONTINUOUS
10
6.459211220472441
20
-3.9707709055118108
11
6.4592288976377947
21
-3.9708109448818898
0
LINE
8
BLACK
6
CONTINUOUS
10
6.4592288976377947
20
-3.9708109448818898
11
6.4611998031496061
21
-3.9702302362204724
0
LINE
8
BLACK
6
CONTINUOUS
10
6.4611998031496061
20
-3.9702302362204724
11
6.46346937007874
21
-3.9710375984251969
0
LINE
8
BLACK
6
CONTINUOUS
10
6.46346937007874
20
-3.9710375984251969
11
6.4648309055118105
21
-3.973024803149606
0
LINE
8
BLACK
6
CONTINUOUS
10
6.4648309055118105
20
-3.973024803149606
11
6.4649788976377955
21
-3.9738350787401573
0
LINE
8
BLACK
6
CONTINUOUS
10
6.4649788976377955
20
-3.9738350787401573
11
6.4653157874015745
21
-3.9783304724409447
0
LINE
8
BLACK
6
CONTINUOUS
10
6.4653157874015745
20
-3.9783304724409447
11
6.465315866141732
21
-3.9783308267716535
0
LINE
8
BLACK
6
CONTINUOUS
10
6.465315866141732
20
-3.9783308267716535
11
6.4675085826771648
21
-3.9879379133858266
0
LINE
8
BLACK
6
CONTINUOUS
10
6.4675085826771648
20
-3.9879379133858266
11
6.4711086614173228
21
-3.9971106692913385
0
LINE
8
BLACK
6
CONTINUOUS
10
6.4711086614173228
20
-3.9971106692913385
11
6.4711090157480315
21
-3.9971114173228344
0
LINE
8
BLACK
6
CONTINUOUS
10
6.4711090157480315
20
-3.9971114173228344
11
6.4760357480314958
21
-4.0056447637795278
0
LINE
8
BLACK
6
CONTINUOUS
10
6.4760357480314958
20
-4.0056447637795278
11
6.4760359055118109
21
-4.0056450000000003
0
LINE
8
BLACK
6
CONTINUOUS
10
6.4760359055118109
20
-4.0056450000000003
11
6.4800213385826773
21
-4.0106426377952751
0
LINE
8
BLACK
6
CONTINUOUS
10
6.4800213385826773
20
-4.0106426377952751
11
6.4884671653543302
21
-4.0021967322834646
0
LINE
8
BLACK
6
CONTINUOUS
10
6.4884671653543302
20
-4.0021967322834646
11
6.4879479527559054
21
-4.0016327165354326
0
LINE
8
BLACK
6
CONTINUOUS
10
6.4879479527559054
20
-4.0016327165354326
11
6.4830756299212595
21
-3.9941751181102361
0
LINE
8
BLACK
6
CONTINUOUS
10
6.4830756299212595
20
-3.9941751181102361
11
6.479497244094488
21
-3.9860172440944881
0
LINE
8
BLACK
6
CONTINUOUS
10
6.479497244094488
20
-3.9860172440944881
11
6.4773104330708664
21
-3.9773816929133856
0
LINE
8
BLACK
6
CONTINUOUS
10
6.4773104330708664
20
-3.9773816929133856
11
6.4765748031496058
21
-3.9685039370078741
0
LINE
8
BLACK
6
CONTINUOUS
10
6.4765748031496058
20
-3.9685039370078741
11
6.4773104330708664
21
-3.9596261811023621
0
LINE
8
BLACK
6
CONTINUOUS
10
6.4773104330708664
20
-3.9596261811023621
11
6.479497244094488
21
-3.9509906299212596
0
LINE
8
BLACK
6
CONTINUOUS
10
6.479497244094488
20
-3.9509906299212596
11
6.4830756299212595
21
-3.9428327559055116
0
LINE
8
BLACK
6
CONTINUOUS
10
6.4830756299212595
20
-3.9428327559055116
11
6.4879479527559054
21
-3.9353751574803151
0
LINE
8
BLACK
6
CONTINUOUS
10
6.4879479527559054
20
-3.9353751574803151
11
6.488467204724409
21
-3.9348110236220473
0
LINE
8
BLACK
6
CONTINUOUS
10
6.488467204724409
20
-3.9348110236220473
11
6.4800213385826773
21
-3.9263651574803147
0
LINE
8
BLACK
6
CONTINUOUS
10
6.4800213385826773
20
-3.9263651574803147
11
6.4760358267716533
21
-3.9313629527559053
0
LINE
8
BLACK
6
CONTINUOUS
10
6.4760358267716533
20
-3.9313629527559053
11
6.4711744488188971
21
-3.9397831496062992
0
LINE
8
BLACK
6
CONTINUOUS
10
6.4711744488188971
20
-3.9397831496062992
11
6.4693842913385824
21
-3.941395
0
LINE
8
BLACK
6
CONTINUOUS
10
6.4693842913385824
20
-3.941395
11
6.4669886220472437
21
-3.941646811023622
0
LINE
8
BLACK
6
CONTINUOUS
10
6.4669886220472437
20
-3.941646811023622
11
6.4649024803149606
21
-3.9404423622047244
0
LINE
8
BLACK
6
CONTINUOUS
10
6.4649024803149606
20
-3.9404423622047244
11
6.4639226771653542
21
-3.9382417322834646
0
LINE
8
BLACK
6
CONTINUOUS
10
6.4639226771653542
20
-3.9382417322834646
11
6.4639013385826773
21
-3.9378343307086614
0
LINE
8
BLACK
6
CONTINUOUS
10
6.4639013385826773
20
-3.9378343307086614
11
6.4639013385826773
21
-3.9242405511811023
0
LINE
8
BLACK
6
CONTINUOUS
10
6.4639013385826773
20
-3.9242405511811023
11
6.4639012992125986
21
-3.9242404724409448
0
LINE
8
BLACK
6
CONTINUOUS
10
6.4639012992125986
20
-3.9242404724409448
11
6.4637868110236223
21
-3.9232529527559055
0
LINE
8
BLACK
6
CONTINUOUS
10
6.4637868110236223
20
-3.9232529527559055
11
6.4620031889763778
21
-3.919213464566929
0
LINE
8
BLACK
6
CONTINUOUS
10
6.4620031889763778
20
-3.919213464566929
11
6.4588807874015748
21
-3.9160910629921259
0
LINE
8
BLACK
6
CONTINUOUS
10
6.4588807874015748
20
-3.9160910629921259
11
6.4548412204724404
21
-3.9143074409448819
0
LINE
8
BLACK
6
CONTINUOUS
10
6.4548412204724404
20
-3.9143074409448819
11
6.4538540157480311
21
-3.9141929133858269
0
LINE
8
BLACK
6
CONTINUOUS
10
6.4538540157480311
20
-3.9141929133858269
11
6.4304959055118109
21
-3.9141929133858269
0
LINE
8
BLACK
6
CONTINUOUS
10
6.4304959055118109
20
-3.9141929133858269
11
6.4304958661417322
21
-3.9141929527559056
0
LINE
8
BLACK
6
CONTINUOUS
10
6.4304958661417322
20
-3.9141929527559056
11
6.4304958661417322
21
-3.9260039370078741
0
LINE
8
BLACK
6
CONTINUOUS
10
5.3645794094488188
20
-3.7685040157480314
11
5.3653157874015749
21
-3.7783304330708662
0
LINE
8
BLACK
6
CONTINUOUS
10
5.3653157874015749
20
-3.7783304330708662
11
5.3653158661417324
21
-3.7783308267716533
0
LINE
8
BLACK
6
CONTINUOUS
10
5.3653158661417324
20
-3.7783308267716533
11
5.3675085826771651
21
-3.7879379133858269
0
LINE
8
BLACK
6
CONTINUOUS
10
5.3675085826771651
20
-3.7879379133858269
11
5.3711086614173231
21
-3.7971106692913383
0
LINE
8
BLACK
6
CONTINUOUS
10
5.3711086614173231
20
-3.7971106692913383
11
5.371109015748031
21
-3.7971114173228346
0
LINE
8
BLACK
6
CONTINUOUS
10
5.371109015748031
20
-3.7971114173228346
11
5.3760357480314962
21
-3.8056447637795277
0
LINE
8
BLACK
6
CONTINUOUS
10
5.3760357480314962
20
-3.8056447637795277
11
5.3760359055118112
21
-3.8056449999999997
0
LINE
8
BLACK
6
CONTINUOUS
10
5.3760359055118112
20
-3.8056449999999997
11
5.3800213385826767
21
-3.8106426377952753
0
LINE
8
BLACK
6
CONTINUOUS
10
5.3800213385826767
20
-3.8106426377952753
11
5.3884671653543306
21
-3.8021967322834644
0
LINE
8
BLACK
6
CONTINUOUS
10
5.3884671653543306
20
-3.8021967322834644
11
5.3879479527559058
21
-3.8016327165354329
0
LINE
8
BLACK
6
CONTINUOUS
10
5.3879479527559058
20
-3.8016327165354329
11
5.3830756299212599
21
-3.7941751181102363
0
LINE
8
BLACK
6
CONTINUOUS
10
5.3830756299212599
20
-3.7941751181102363
11
5.3794972440944884
21
-3.7860172440944879
0
LINE
8
BLACK
6
CONTINUOUS
10
5.3794972440944884
20
-3.7860172440944879
11
5.3773104330708659
21
-3.7773816929133859
0
LINE
8
BLACK
6
CONTINUOUS
10
5.3773104330708659
20
-3.7773816929133859
11
5.3765748031496061
21
-3.7685039370078739
0
LINE
8
BLACK
6
CONTINUOUS
10
5.3765748031496061
20
-3.7685039370078739
11
5.3773104330708659
21
-3.7596261811023619
0
LINE
8
BLACK
6
CONTINUOUS
10
5.3773104330708659
20
-3.7596261811023619
11
5.3794972440944884
21
-3.7509906299212599
0
LINE
8
BLACK
6
CONTINUOUS
10
5.3794972440944884
20
-3.7509906299212599
11
5.3830756299212599
21
-3.7428327559055119
0
LINE
8
BLACK
6
CONTINUOUS
10
5.3830756299212599
20
-3.7428327559055119
11
5.3879479527559058
21
-3.7353751574803149
0
LINE
8
BLACK
6
CONTINUOUS
10
5.3879479527559058
20
-3.7353751574803149
11
5.3884672047244093
21
-3.7348110236220471
0
LINE
8
BLACK
6
CONTINUOUS
10
5.3884672047244093
20
-3.7348110236220471
11
5.3800213385826767
21
-3.7263651574803149
0
LINE
8
BLACK
6
CONTINUOUS
10
5.3800213385826767
20
-3.7263651574803149
11
5.3760358267716537
21
-3.7313629527559056
0
LINE
8
BLACK
6
CONTINUOUS
10
5.3760358267716537
20
-3.7313629527559056
11
5.3711088188976372
21
-3.7398968110236219
0
LINE
8
BLACK
6
CONTINUOUS
10
5.3711088188976372
20
-3.7398968110236219
11
5.3711086614173231
21
-3.7398971653543307
0
LINE
8
BLACK
6
CONTINUOUS
10
5.3711086614173231
20
-3.7398971653543307
11
5.3675085826771651
21
-3.7490699212598426
0
LINE
8
BLACK
6
CONTINUOUS
10
5.3675085826771651
20
-3.7490699212598426
11
5.3653158661417324
21
-3.7586770078740157
0
LINE
8
BLACK
6
CONTINUOUS
10
5.3653158661417324
20
-3.7586770078740157
11
5.3653157874015749
21
-3.7586774015748032
0
LINE
8
BLACK
6
CONTINUOUS
10
5.3653157874015749
20
-3.7586774015748032
11
5.3645794094488188
21
-3.7685038188976376
0
LINE
8
BLACK
6
CONTINUOUS
10
5.3645794094488188
20
-3.7685038188976376
11
5.3645794094488188
21
-3.7685040157480314
0
LINE
8
BLACK
6
CONTINUOUS
10
5.564579409448819
20
-3.7685040157480314
11
5.5653157874015751
21
-3.7783304330708662
0
LINE
8
BLACK
6
CONTINUOUS
10
5.5653157874015751
20
-3.7783304330708662
11
5.5653158661417326
21
-3.7783308267716533
0
LINE
8
BLACK
6
CONTINUOUS
10
5.5653158661417326
20
-3.7783308267716533
11
5.5675085826771653
21
-3.7879379133858269
0
LINE
8
BLACK
6
CONTINUOUS
10
5.5675085826771653
20
-3.7879379133858269
11
5.5711086614173224
21
-3.7971106692913383
0
LINE
8
BLACK
6
CONTINUOUS
10
5.5711086614173224
20
-3.7971106692913383
11
5.5711090157480312
21
-3.7971114173228346
0
LINE
8
BLACK
6
CONTINUOUS
10
5.5711090157480312
20
-3.7971114173228346
11
5.5760357480314964
21
-3.8056447637795277
0
LINE
8
BLACK
6
CONTINUOUS
10
5.5760357480314964
20
-3.8056447637795277
11
5.5760359055118105
21
-3.8056449999999997
0
LINE
8
BLACK
6
CONTINUOUS
10
5.5760359055118105
20
-3.8056449999999997
11
5.5800213385826769
21
-3.8106426377952753
0
LINE
8
BLACK
6
CONTINUOUS
10
5.5800213385826769
20
-3.8106426377952753
11
5.5884671653543307
21
-3.8021967322834644
0
LINE
8
BLACK
6
CONTINUOUS
10
5.5884671653543307
20
-3.8021967322834644
11
5.5879479527559051
21
-3.8016327165354329
0
LINE
8
BLACK
6
CONTINUOUS
10
5.5879479527559051
20
-3.8016327165354329
11
5.5830756299212601
21
-3.7941751181102363
0
LINE
8
BLACK
6
CONTINUOUS
10
5.5830756299212601
20
-3.7941751181102363
11
5.5794972440944877
21
-3.7860172440944879
0
LINE
8
BLACK
6
CONTINUOUS
10
5.5794972440944877
20
-3.7860172440944879
11
5.577310433070866
21
-3.7773816929133859
0
LINE
8
BLACK
6
CONTINUOUS
10
5.577310433070866
20
-3.7773816929133859
11
5.5765748031496063
21
-3.7685039370078739
0
LINE
8
BLACK
6
CONTINUOUS
10
5.5765748031496063
20
-3.7685039370078739
11
5.577310433070866
21
-3.7596261811023619
0
LINE
8
BLACK
6
CONTINUOUS
10
5.577310433070866
20
-3.7596261811023619
11
5.5794972440944877
21
-3.7509906299212599
0
LINE
8
BLACK
6
CONTINUOUS
10
5.5794972440944877
20
-3.7509906299212599
11
5.5830756299212601
21
-3.7428327559055119
0
LINE
8
BLACK
6
CONTINUOUS
10
5.5830756299212601
20
-3.7428327559055119
11
5.5879479527559051
21
-3.7353751574803149
0
LINE
8
BLACK
6
CONTINUOUS
10
5.5879479527559051
20
-3.7353751574803149
11
5.5884672047244095
21
-3.7348110236220471
0
LINE
8
BLACK
6
CONTINUOUS
10
5.5884672047244095
20
-3.7348110236220471
11
5.5800213385826769
21
-3.7263651574803149
0
LINE
8
BLACK
6
CONTINUOUS
10
5.5800213385826769
20
-3.7263651574803149
11
5.576035826771653
21
-3.7313629527559056
0
LINE
8
BLACK
6
CONTINUOUS
10
5.576035826771653
20
-3.7313629527559056
11
5.5711088188976374
21
-3.7398968110236219
0
LINE
8
BLACK
6
CONTINUOUS
10
5.5711088188976374
20
-3.7398968110236219
11
5.5711086614173224
21
-3.7398971653543307
0
LINE
8
BLACK
6
CONTINUOUS
10
5.5711086614173224
20
-3.7398971653543307
11
5.5675085826771653
21
-3.7490699212598426
0
LINE
8
BLACK
6
CONTINUOUS
10
5.5675085826771653
20
-3.7490699212598426
11
5.5653158661417326
21
-3.7586770078740157
0
LINE
8
BLACK
6
CONTINUOUS
10
5.5653158661417326
20
-3.7586770078740157
11
5.5653157874015751
21
-3.7586774015748032
0
LINE
8
BLACK
6
CONTINUOUS
10
5.5653157874015751
20
-3.7586774015748032
11
5.564579409448819
21
-3.7685038188976376
0
LINE
8
BLACK
6
CONTINUOUS
10
5.564579409448819
20
-3.7685038188976376
11
5.564579409448819
21
-3.7685040157480314
0
LINE
8
BLACK
6
CONTINUOUS
10
6.6645794094488187
20
-3.7685040157480314
11
6.6653157874015747
21
-3.7783304330708662
0
LINE
8
BLACK
6
CONTINUOUS
10
6.6653157874015747
20
-3.7783304330708662
11
6.6653158661417322
21
-3.7783308267716533
0
LINE
8
BLACK
6
CONTINUOUS
10
6.6653158661417322
20
-3.7783308267716533
11
6.667508582677165
21
-3.7879379133858269
0
LINE
8
BLACK
6
CONTINUOUS
10
6.667508582677165
20
-3.7879379133858269
11
6.6711086614173229
21
-3.7971106692913383
0
LINE
8
BLACK
6
CONTINUOUS
10
6.6711086614173229
20
-3.7971106692913383
11
6.6711090157480317
21
-3.7971114173228346
0
LINE
8
BLACK
6
CONTINUOUS
10
6.6711090157480317
20
-3.7971114173228346
11
6.676035748031496
21
-3.8056447637795277
0
LINE
8
BLACK
6
CONTINUOUS
10
6.676035748031496
20
-3.8056447637795277
11
6.676035905511811
21
-3.8056449999999997
0
LINE
8
BLACK
6
CONTINUOUS
10
6.676035905511811
20
-3.8056449999999997
11
6.6800213385826774
21
-3.8106426377952753
0
LINE
8
BLACK
6
CONTINUOUS
10
6.6800213385826774
20
-3.8106426377952753
11
6.6884671653543304
21
-3.8021967322834644
0
LINE
8
BLACK
6
CONTINUOUS
10
6.6884671653543304
20
-3.8021967322834644
11
6.6879479527559056
21
-3.8016327165354329
0
LINE
8
BLACK
6
CONTINUOUS
10
6.6879479527559056
20
-3.8016327165354329
11
6.6830756299212597
21
-3.7941751181102363
0
LINE
8
BLACK
6
CONTINUOUS
10
6.6830756299212597
20
-3.7941751181102363
11
6.6794972440944882
21
-3.7860172440944879
0
LINE
8
BLACK
6
CONTINUOUS
10
6.6794972440944882
20
-3.7860172440944879
11
6.6773104330708657
21
-3.7773816929133859
0
LINE
8
BLACK
6
CONTINUOUS
10
6.6773104330708657
20
-3.7773816929133859
11
6.6765748031496059
21
-3.7685039370078739
0
LINE
8
BLACK
6
CONTINUOUS
10
6.6765748031496059
20
-3.7685039370078739
11
6.6773104330708657
21
-3.7596261811023619
0
LINE
8
BLACK
6
CONTINUOUS
10
6.6773104330708657
20
-3.7596261811023619
11
6.6794972440944882
21
-3.7509906299212599
0
LINE
8
BLACK
6
CONTINUOUS
10
6.6794972440944882
20
-3.7509906299212599
11
6.6830756299212597
21
-3.7428327559055119
0
LINE
8
BLACK
6
CONTINUOUS
10
6.6830756299212597
20
-3.7428327559055119
11
6.6879479527559056
21
-3.7353751574803149
0
LINE
8
BLACK
6
CONTINUOUS
10
6.6879479527559056
20
-3.7353751574803149
11
6.6884672047244091
21
-3.7348110236220471
0
LINE
8
BLACK
6
CONTINUOUS
10
6.6884672047244091
20
-3.7348110236220471
11
6.6800213385826774
21
-3.7263651574803149
0
LINE
8
BLACK
6
CONTINUOUS
10
6.6800213385826774
20
-3.7263651574803149
11
6.6760358267716535
21
-3.7313629527559056
0
LINE
8
BLACK
6
CONTINUOUS
10
6.6760358267716535
20
-3.7313629527559056
11
6.671108818897638
21
-3.7398968110236219
0
LINE
8
BLACK
6
CONTINUOUS
10
6.671108818897638
20
-3.7398968110236219
11
6.6711086614173229
21
-3.7398971653543307
0
LINE
8
BLACK
6
CONTINUOUS
10
6.6711086614173229
20
-3.7398971653543307
11
6.667508582677165
21
-3.7490699212598426
0
LINE
8
BLACK
6
CONTINUOUS
10
6.667508582677165
20
-3.7490699212598426
11
6.6653158661417322
21
-3.7586770078740157
0
LINE
8
BLACK
6
CONTINUOUS
10
6.6653158661417322
20
-3.7586770078740157
11
6.6653157874015747
21
-3.7586774015748032
0
LINE
8
BLACK
6
CONTINUOUS
10
6.6653157874015747
20
-3.7586774015748032
11
6.6645794094488187
21
-3.7685038188976376
0
LINE
8
BLACK
6
CONTINUOUS
10
6.6645794094488187
20
-3.7685038188976376
11
6.6645794094488187
21
-3.7685040157480314
0
LINE
8
BLACK
6
CONTINUOUS
10
5.9162008267716537
20
-3.7377673622047243
11
5.91631531496063
21
-3.7387548818897636
0
LINE
8
BLACK
6
CONTINUOUS
10
5.91631531496063
20
-3.7387548818897636
11
5.9180989370078736
21
-3.7427943700787401
0
LINE
8
BLACK
6
CONTINUOUS
10
5.9180989370078736
20
-3.7427943700787401
11
5.9212213385826766
21
-3.7459167716535431
0
LINE
8
BLACK
6
CONTINUOUS
10
5.9212213385826766
20
-3.7459167716535431
11
5.9252609055118111
21
-3.7477003937007871
0
LINE
8
BLACK
6
CONTINUOUS
10
5.9252609055118111
20
-3.7477003937007871
11
5.9262481496062991
21
-3.7478149212598426
0
LINE
8
BLACK
6
CONTINUOUS
10
5.9262481496062991
20
-3.7478149212598426
11
5.9496062204724405
21
-3.7478149212598426
0
LINE
8
BLACK
6
CONTINUOUS
10
5.9496062204724405
20
-3.7478149212598426
11
5.949606299212598
21
-3.7478148818897639
0
LINE
8
BLACK
6
CONTINUOUS
10
5.949606299212598
20
-3.7478148818897639
11
5.949606299212598
21
-3.7360039370078741
0
LINE
8
BLACK
6
CONTINUOUS
10
5.949606299212598
20
-3.7360039370078741
11
5.9280118110236222
21
-3.7360039370078741
0
LINE
8
BLACK
6
CONTINUOUS
10
5.9280118110236222
20
-3.7360039370078741
11
5.9280118110236222
21
-3.7244094488188977
0
LINE
8
BLACK
6
CONTINUOUS
10
5.9280118110236222
20
-3.7244094488188977
11
5.9162008661417325
21
-3.7244094488188977
0
LINE
8
BLACK
6
CONTINUOUS
10
5.9162008661417325
20
-3.7244094488188977
11
5.9162008267716537
21
-3.7244094881889764
0
LINE
8
BLACK
6
CONTINUOUS
10
5.9162008267716537
20
-3.7244094881889764
11
5.9162008267716537
21
-3.7377673622047243
0
LINE
8
BLACK
6
CONTINUOUS
10
5.916200787401575
20
-3.7125983858267717
11
5.9162008267716537
21
-3.7125984251968505
0
LINE
8
BLACK
6
CONTINUOUS
10
5.9162008267716537
20
-3.7125984251968505
11
5.9280118110236222
21
-3.7125984251968505
0
LINE
8
BLACK
6
CONTINUOUS
10
5.9280118110236222
20
-3.7125984251968505
11
5.9280118110236222
21
-3.701003937007874
0
LINE
8
BLACK
6
CONTINUOUS
10
5.9280118110236222
20
-3.701003937007874
11
5.949606299212598
21
-3.701003937007874
0
LINE
8
BLACK
6
CONTINUOUS
10
5.949606299212598
20
-3.701003937007874
11
5.949606299212598
21
-3.6891929527559055
0
LINE
8
BLACK
6
CONTINUOUS
10
5.949606299212598
20
-3.6891929527559055
11
5.9496062598425192
21
-3.6891929133858268
0
LINE
8
BLACK
6
CONTINUOUS
10
5.9496062598425192
20
-3.6891929133858268
11
5.9262484251968504
21
-3.6891929133858268
0
LINE
8
BLACK
6
CONTINUOUS
10
5.9262484251968504
20
-3.6891929133858268
11
5.9262483070866141
21
-3.6891929527559055
0
LINE
8
BLACK
6
CONTINUOUS
10
5.9262483070866141
20
-3.6891929527559055
11
5.9252608267716536
21
-3.6893074409448818
0
LINE
8
BLACK
6
CONTINUOUS
10
5.9252608267716536
20
-3.6893074409448818
11
5.9212213385826766
21
-3.6910910629921259
0
LINE
8
BLACK
6
CONTINUOUS
10
5.9212213385826766
20
-3.6910910629921259
11
5.9180989370078736
21
-3.6942134645669289
0
LINE
8
BLACK
6
CONTINUOUS
10
5.9180989370078736
20
-3.6942134645669289
11
5.91631531496063
21
-3.6982530314960629
0
LINE
8
BLACK
6
CONTINUOUS
10
5.91631531496063
20
-3.6982530314960629
11
5.916200787401575
21
-3.6992402362204722
0
LINE
8
BLACK
6
CONTINUOUS
10
5.916200787401575
20
-3.6992402362204722
11
5.916200787401575
21
-3.7125983858267717
0
LINE
8
BLACK
6
CONTINUOUS
10
5.9614173228346452
20
-3.701003937007874
11
5.9830118110236219
21
-3.701003937007874
0
LINE
8
BLACK
6
CONTINUOUS
10
5.9830118110236219
20
-3.701003937007874
11
5.9830118110236219
21
-3.7125984251968505
0
LINE
8
BLACK
6
CONTINUOUS
10
5.9830118110236219
20
-3.7125984251968505
11
5.9948227559055116
21
-3.7125984251968505
0
LINE
8
BLACK
6
CONTINUOUS
10
5.9948227559055116
20
-3.7125984251968505
11
5.9948227952755904
21
-3.7125983858267717
0
LINE
8
BLACK
6
CONTINUOUS
10
5.9948227952755904
20
-3.7125983858267717
11
5.9948227952755904
21
-3.6992405511811022
0
LINE
8
BLACK
6
CONTINUOUS
10
5.9948227952755904
20
-3.6992405511811022
11
5.9948227559055116
21
-3.6992404724409447
0
LINE
8
BLACK
6
CONTINUOUS
10
5.9948227559055116
20
-3.6992404724409447
11
5.9948227165354329
21
-3.6992402362204722
0
LINE
8
BLACK
6
CONTINUOUS
10
5.9948227165354329
20
-3.6992402362204722
11
5.9947082677165353
21
-3.6982529527559054
0
LINE
8
BLACK
6
CONTINUOUS
10
5.9947082677165353
20
-3.6982529527559054
11
5.9929246456692908
21
-3.6942134645669289
0
LINE
8
BLACK
6
CONTINUOUS
10
5.9929246456692908
20
-3.6942134645669289
11
5.9898022440944878
21
-3.6910910629921259
0
LINE
8
BLACK
6
CONTINUOUS
10
5.9898022440944878
20
-3.6910910629921259
11
5.9857626771653543
21
-3.6893074409448818
0
LINE
8
BLACK
6
CONTINUOUS
10
5.9857626771653543
20
-3.6893074409448818
11
5.984775472440945
21
-3.6891929133858268
0
LINE
8
BLACK
6
CONTINUOUS
10
5.984775472440945
20
-3.6891929133858268
11
5.961417362204724
21
-3.6891929133858268
0
LINE
8
BLACK
6
CONTINUOUS
10
5.961417362204724
20
-3.6891929133858268
11
5.9614173228346452
21
-3.6891929527559055
0
LINE
8
BLACK
6
CONTINUOUS
10
5.9614173228346452
20
-3.6891929527559055
11
5.9614173228346452
21
-3.701003937007874
0
LINE
8
BLACK
6
CONTINUOUS
10
6.1864173228346457
20
-3.701003937007874
11
6.2080118110236215
21
-3.701003937007874
0
LINE
8
BLACK
6
CONTINUOUS
10
6.2080118110236215
20
-3.701003937007874
11
6.2080118110236215
21
-3.7125984251968505
0
LINE
8
BLACK
6
CONTINUOUS
10
6.2080118110236215
20
-3.7125984251968505
11
6.2198227559055113
21
-3.7125984251968505
0
LINE
8
BLACK
6
CONTINUOUS
10
6.2198227559055113
20
-3.7125984251968505
11
6.21982279527559
21
-3.7125983858267717
0
LINE
8
BLACK
6
CONTINUOUS
10
6.21982279527559
20
-3.7125983858267717
11
6.21982279527559
21
-3.6992405511811022
0
LINE
8
BLACK
6
CONTINUOUS
10
6.21982279527559
20
-3.6992405511811022
11
6.2198227559055113
21
-3.6992404724409447
0
LINE
8
BLACK
6
CONTINUOUS
10
6.2198227559055113
20
-3.6992404724409447
11
6.219708267716535
21
-3.6982529527559054
0
LINE
8
BLACK
6
CONTINUOUS
10
6.219708267716535
20
-3.6982529527559054
11
6.2179246456692914
21
-3.6942134645669289
0
LINE
8
BLACK
6
CONTINUOUS
10
6.2179246456692914
20
-3.6942134645669289
11
6.2148022440944883
21
-3.6910910629921259
0
LINE
8
BLACK
6
CONTINUOUS
10
6.2148022440944883
20
-3.6910910629921259
11
6.2107626771653539
21
-3.6893074409448818
0
LINE
8
BLACK
6
CONTINUOUS
10
6.2107626771653539
20
-3.6893074409448818
11
6.2097754724409446
21
-3.6891929133858268
0
LINE
8
BLACK
6
CONTINUOUS
10
6.2097754724409446
20
-3.6891929133858268
11
6.1864173622047245
21
-3.6891929133858268
0
LINE
8
BLACK
6
CONTINUOUS
10
6.1864173622047245
20
-3.6891929133858268
11
6.1864173228346457
21
-3.6891929527559055
0
LINE
8
BLACK
6
CONTINUOUS
10
6.1864173228346457
20
-3.6891929527559055
11
6.1864173228346457
21
-3.701003937007874
0
LINE
8
BLACK
6
CONTINUOUS
10
5.3645794094488188
20
-3.5185040157480314
11
5.3653157874015749
21
-3.5283304330708662
0
LINE
8
BLACK
6
CONTINUOUS
10
5.3653157874015749
20
-3.5283304330708662
11
5.3653158661417324
21
-3.5283308267716533
0
LINE
8
BLACK
6
CONTINUOUS
10
5.3653158661417324
20
-3.5283308267716533
11
5.3675085826771651
21
-3.5379379133858269
0
LINE
8
BLACK
6
CONTINUOUS
10
5.3675085826771651
20
-3.5379379133858269
11
5.3711086614173231
21
-3.5471106692913383
0
LINE
8
BLACK
6
CONTINUOUS
10
5.3711086614173231
20
-3.5471106692913383
11
5.371109015748031
21
-3.5471114173228346
0
LINE
8
BLACK
6
CONTINUOUS
10
5.371109015748031
20
-3.5471114173228346
11
5.3760357480314962
21
-3.5556447637795277
0
LINE
8
BLACK
6
CONTINUOUS
10
5.3760357480314962
20
-3.5556447637795277
11
5.3760359055118112
21
-3.5556449999999997
0
LINE
8
BLACK
6
CONTINUOUS
10
5.3760359055118112
20
-3.5556449999999997
11
5.3800213385826767
21
-3.5606426377952753
0
LINE
8
BLACK
6
CONTINUOUS
10
5.3800213385826767
20
-3.5606426377952753
11
5.3884671653543306
21
-3.5521967322834644
0
LINE
8
BLACK
6
CONTINUOUS
10
5.3884671653543306
20
-3.5521967322834644
11
5.3879479527559058
21
-3.5516327165354329
0
LINE
8
BLACK
6
CONTINUOUS
10
5.3879479527559058
20
-3.5516327165354329
11
5.3830756299212599
21
-3.5441751181102363
0
LINE
8
BLACK
6
CONTINUOUS
10
5.3830756299212599
20
-3.5441751181102363
11
5.3794972440944884
21
-3.5360172440944879
0
LINE
8
BLACK
6
CONTINUOUS
10
5.3794972440944884
20
-3.5360172440944879
11
5.3773104330708659
21
-3.5273816929133859
0
LINE
8
BLACK
6
CONTINUOUS
10
5.3773104330708659
20
-3.5273816929133859
11
5.3765748031496061
21
-3.5185039370078739
0
LINE
8
BLACK
6
CONTINUOUS
10
5.3765748031496061
20
-3.5185039370078739
11
5.3773104330708659
21
-3.5096261811023619
0
LINE
8
BLACK
6
CONTINUOUS
10
5.3773104330708659
20
-3.5096261811023619
11
5.3794972440944884
21
-3.5009906299212599
0
LINE
8
BLACK
6
CONTINUOUS
10
5.3794972440944884
20
-3.5009906299212599
11
5.3830756299212599
21
-3.4928327559055119
0
LINE
8
BLACK
6
CONTINUOUS
10
5.3830756299212599
20
-3.4928327559055119
11
5.3879479527559058
21
-3.4853751574803149
0
LINE
8
BLACK
6
CONTINUOUS
10
5.3879479527559058
20
-3.4853751574803149
11
5.3884672047244093
21
-3.4848110236220471
0
LINE
8
BLACK
6
CONTINUOUS
10
5.3884672047244093
20
-3.4848110236220471
11
5.3800213385826767
21
-3.4763651574803149
0
LINE
8
BLACK
6
CONTINUOUS
10
5.3800213385826767
20
-3.4763651574803149
11
5.3760358267716537
21
-3.4813629527559056
0
LINE
8
BLACK
6
CONTINUOUS
10
5.3760358267716537
20
-3.4813629527559056
11
5.3711088188976372
21
-3.4898968110236219
0
LINE
8
BLACK
6
CONTINUOUS
10
5.3711088188976372
20
-3.4898968110236219
11
5.3711086614173231
21
-3.4898971653543307
0
LINE
8
BLACK
6
CONTINUOUS
10
5.3711086614173231
20
-3.4898971653543307
11
5.3675085826771651
21
-3.4990699212598426
0
LINE
8
BLACK
6
CONTINUOUS
10
5.3675085826771651
20
-3.4990699212598426
11
5.3653158661417324
21
-3.5086770078740157
0
LINE
8
BLACK
6
CONTINUOUS
10
5.3653158661417324
20
-3.5086770078740157
11
5.3653157874015749
21
-3.5086774015748032
0
LINE
8
BLACK
6
CONTINUOUS
10
5.3653157874015749
20
-3.5086774015748032
11
5.3645794094488188
21
-3.5185038188976376
0
LINE
8
BLACK
6
CONTINUOUS
10
5.3645794094488188
20
-3.5185038188976376
11
5.3645794094488188
21
-3.5185040157480314
0
LINE
8
BLACK
6
CONTINUOUS
10
5.564579409448819
20
-3.5185040157480314
11
5.5653157874015751
21
-3.5283304330708662
0
LINE
8
BLACK
6
CONTINUOUS
10
5.5653157874015751
20
-3.5283304330708662
11
5.5653158661417326
21
-3.5283308267716533
0
LINE
8
BLACK
6
CONTINUOUS
10
5.5653158661417326
20
-3.5283308267716533
11
5.5675085826771653
21
-3.5379379133858269
0
LINE
8
BLACK
6
CONTINUOUS
10
5.5675085826771653
20
-3.5379379133858269
11
5.5711086614173224
21
-3.5471106692913383
0
LINE
8
BLACK
6
CONTINUOUS
10
5.5711086614173224
20
-3.5471106692913383
11
5.5711090157480312
21
-3.5471114173228346
0
LINE
8
BLACK
6
CONTINUOUS
10
5.5711090157480312
20
-3.5471114173228346
11
5.5760357480314964
21
-3.5556447637795277
0
LINE
8
BLACK
6
CONTINUOUS
10
5.5760357480314964
20
-3.5556447637795277
11
5.5760359055118105
21
-3.5556449999999997
0
LINE
8
BLACK
6
CONTINUOUS
10
5.5760359055118105
20
-3.5556449999999997
11
5.5800213385826769
21
-3.5606426377952753
0
LINE
8
BLACK
6
CONTINUOUS
10
5.5800213385826769
20
-3.5606426377952753
11
5.5884671653543307
21
-3.5521967322834644
0
LINE
8
BLACK
6
CONTINUOUS
10
5.5884671653543307
20
-3.5521967322834644
11
5.5879479527559051
21
-3.5516327165354329
0
LINE
8
BLACK
6
CONTINUOUS
10
5.5879479527559051
20
-3.5516327165354329
11
5.5830756299212601
21
-3.5441751181102363
0
LINE
8
BLACK
6
CONTINUOUS
10
5.5830756299212601
20
-3.5441751181102363
11
5.5794972440944877
21
-3.5360172440944879
0
LINE
8
BLACK
6
CONTINUOUS
10
5.5794972440944877
20
-3.5360172440944879
11
5.577310433070866
21
-3.5273816929133859
0
LINE
8
BLACK
6
CONTINUOUS
10
5.577310433070866
20
-3.5273816929133859
11
5.5765748031496063
21
-3.5185039370078739
0
LINE
8
BLACK
6
CONTINUOUS
10
5.5765748031496063
20
-3.5185039370078739
11
5.577310433070866
21
-3.5096261811023619
0
LINE
8
BLACK
6
CONTINUOUS
10
5.577310433070866
20
-3.5096261811023619
11
5.5794972440944877
21
-3.5009906299212599
0
LINE
8
BLACK
6
CONTINUOUS
10
5.5794972440944877
20
-3.5009906299212599
11
5.5830756299212601
21
-3.4928327559055119
0
LINE
8
BLACK
6
CONTINUOUS
10
5.5830756299212601
20
-3.4928327559055119
11
5.5879479527559051
21
-3.4853751574803149
0
LINE
8
BLACK
6
CONTINUOUS
10
5.5879479527559051
20
-3.4853751574803149
11
5.5884672047244095
21
-3.4848110236220471
0
LINE
8
BLACK
6
CONTINUOUS
10
5.5884672047244095
20
-3.4848110236220471
11
5.5800213385826769
21
-3.4763651574803149
0
LINE
8
BLACK
6
CONTINUOUS
10
5.5800213385826769
20
-3.4763651574803149
11
5.576035826771653
21
-3.4813629527559056
0
LINE
8
BLACK
6
CONTINUOUS
10
5.576035826771653
20
-3.4813629527559056
11
5.5711088188976374
21
-3.4898968110236219
0
LINE
8
BLACK
6
CONTINUOUS
10
5.5711088188976374
20
-3.4898968110236219
11
5.5711086614173224
21
-3.4898971653543307
0
LINE
8
BLACK
6
CONTINUOUS
10
5.5711086614173224
20
-3.4898971653543307
11
5.5675085826771653
21
-3.4990699212598426
0
LINE
8
BLACK
6
CONTINUOUS
10
5.5675085826771653
20
-3.4990699212598426
11
5.5653158661417326
21
-3.5086770078740157
0
LINE
8
BLACK
6
CONTINUOUS
10
5.5653158661417326
20
-3.5086770078740157
11
5.5653157874015751
21
-3.5086774015748032
0
LINE
8
BLACK
6
CONTINUOUS
10
5.5653157874015751
20
-3.5086774015748032
11
5.564579409448819
21
-3.5185038188976376
0
LINE
8
BLACK
6
CONTINUOUS
10
5.564579409448819
20
-3.5185038188976376
11
5.564579409448819
21
-3.5185040157480314
0
LINE
8
BLACK
6
CONTINUOUS
10
6.6645794094488187
20
-3.5185040157480314
11
6.6653157874015747
21
-3.5283304330708662
0
LINE
8
BLACK
6
CONTINUOUS
10
6.6653157874015747
20
-3.5283304330708662
11
6.6653158661417322
21
-3.5283308267716533
0
LINE
8
BLACK
6
CONTINUOUS
10
6.6653158661417322
20
-3.5283308267716533
11
6.667508582677165
21
-3.5379379133858269
0
LINE
8
BLACK
6
CONTINUOUS
10
6.667508582677165
20
-3.5379379133858269
11
6.6711086614173229
21
-3.5471106692913383
0
LINE
8
BLACK
6
CONTINUOUS
10
6.6711086614173229
20
-3.5471106692913383
11
6.6711090157480317
21
-3.5471114173228346
0
LINE
8
BLACK
6
CONTINUOUS
10
6.6711090157480317
20
-3.5471114173228346
11
6.676035748031496
21
-3.5556447637795277
0
LINE
8
BLACK
6
CONTINUOUS
10
6.676035748031496
20
-3.5556447637795277
11
6.676035905511811
21
-3.5556449999999997
0
LINE
8
BLACK
6
CONTINUOUS
10
6.676035905511811
20
-3.5556449999999997
11
6.6800213385826774
21
-3.5606426377952753
0
LINE
8
BLACK
6
CONTINUOUS
10
6.6800213385826774
20
-3.5606426377952753
11
6.6884671653543304
21
-3.5521967322834644
0
LINE
8
BLACK
6
CONTINUOUS
10
6.6884671653543304
20
-3.5521967322834644
11
6.6879479527559056
21
-3.5516327165354329
0
LINE
8
BLACK
6
CONTINUOUS
10
6.6879479527559056
20
-3.5516327165354329
11
6.6830756299212597
21
-3.5441751181102363
0
LINE
8
BLACK
6
CONTINUOUS
10
6.6830756299212597
20
-3.5441751181102363
11
6.6794972440944882
21
-3.5360172440944879
0
LINE
8
BLACK
6
CONTINUOUS
10
6.6794972440944882
20
-3.5360172440944879
11
6.6773104330708657
21
-3.5273816929133859
0
LINE
8
BLACK
6
CONTINUOUS
10
6.6773104330708657
20
-3.5273816929133859
11
6.6765748031496059
21
-3.5185039370078739
0
LINE
8
BLACK
6
CONTINUOUS
10
6.6765748031496059
20
-3.5185039370078739
11
6.6773104330708657
21
-3.5096261811023619
0
LINE
8
BLACK
6
CONTINUOUS
10
6.6773104330708657
20
-3.5096261811023619
11
6.6794972440944882
21
-3.5009906299212599
0
LINE
8
BLACK
6
CONTINUOUS
10
6.6794972440944882
20
-3.5009906299212599
11
6.6830756299212597
21
-3.4928327559055119
0
LINE
8
BLACK
6
CONTINUOUS
10
6.6830756299212597
20
-3.4928327559055119
11
6.6879479527559056
21
-3.4853751574803149
0
LINE
8
BLACK
6
CONTINUOUS
10
6.6879479527559056
20
-3.4853751574803149
11
6.6884672047244091
21
-3.4848110236220471
0
LINE
8
BLACK
6
CONTINUOUS
10
6.6884672047244091
20
-3.4848110236220471
11
6.6800213385826774
21
-3.4763651574803149
0
LINE
8
BLACK
6
CONTINUOUS
10
6.6800213385826774
20
-3.4763651574803149
11
6.6760358267716535
21
-3.4813629527559056
0
LINE
8
BLACK
6
CONTINUOUS
10
6.6760358267716535
20
-3.4813629527559056
11
6.671108818897638
21
-3.4898968110236219
0
LINE
8
BLACK
6
CONTINUOUS
10
6.671108818897638
20
-3.4898968110236219
11
6.6711086614173229
21
-3.4898971653543307
0
LINE
8
BLACK
6
CONTINUOUS
10
6.6711086614173229
20
-3.4898971653543307
11
6.667508582677165
21
-3.4990699212598426
0
LINE
8
BLACK
6
CONTINUOUS
10
6.667508582677165
20
-3.4990699212598426
11
6.6653158661417322
21
-3.5086770078740157
0
LINE
8
BLACK
6
CONTINUOUS
10
6.6653158661417322
20
-3.5086770078740157
11
6.6653157874015747
21
-3.5086774015748032
0
LINE
8
BLACK
6
CONTINUOUS
10
6.6653157874015747
20
-3.5086774015748032
11
6.6645794094488187
21
-3.5185038188976376
0
LINE
8
BLACK
6
CONTINUOUS
10
6.6645794094488187
20
-3.5185038188976376
11
6.6645794094488187
21
-3.5185040157480314
0
LINE
8
BLACK
6
CONTINUOUS
10
6.1264173228346452
20
-3.3879133858267716
11
6.1539763779527554
21
-3.3879133858267716
0
LINE
8
BLACK
6
CONTINUOUS
10
6.1539763779527554
20
-3.3879133858267716
11
6.1539763779527554
21
-3.4075984251968503
0
LINE
8
BLACK
6
CONTINUOUS
10
6.1539763779527554
20
-3.4075984251968503
11
6.1657873228346451
21
-3.4075984251968503
0
LINE
8
BLACK
6
CONTINUOUS
10
6.1657873228346451
20
-3.4075984251968503
11
6.1657873622047239
21
-3.4075983858267715
0
LINE
8
BLACK
6
CONTINUOUS
10
6.1657873622047239
20
-3.4075983858267715
11
6.1657873622047239
21
-3.3861499999999998
0
LINE
8
BLACK
6
CONTINUOUS
10
6.1657873622047239
20
-3.3861499999999998
11
6.1657873228346451
21
-3.3861499212598423
0
LINE
8
BLACK
6
CONTINUOUS
10
6.1657873228346451
20
-3.3861499212598423
11
6.1656728346456688
21
-3.385162401574803
0
LINE
8
BLACK
6
CONTINUOUS
10
6.1656728346456688
20
-3.385162401574803
11
6.1638892125984253
21
-3.3811229133858265
0
LINE
8
BLACK
6
CONTINUOUS
10
6.1638892125984253
20
-3.3811229133858265
11
6.1607668110236222
21
-3.3780005118110235
0
LINE
8
BLACK
6
CONTINUOUS
10
6.1607668110236222
20
-3.3780005118110235
11
6.1567272440944878
21
-3.3762168897637794
0
LINE
8
BLACK
6
CONTINUOUS
10
6.1567272440944878
20
-3.3762168897637794
11
6.1557400393700785
21
-3.3761023622047244
0
LINE
8
BLACK
6
CONTINUOUS
10
6.1557400393700785
20
-3.3761023622047244
11
6.126417362204724
21
-3.3761023622047244
0
LINE
8
BLACK
6
CONTINUOUS
10
6.126417362204724
20
-3.3761023622047244
11
6.1264173228346452
21
-3.3761024015748031
0
LINE
8
BLACK
6
CONTINUOUS
10
6.1264173228346452
20
-3.3761024015748031
11
6.1264173228346452
21
-3.3879133858267716
0
LINE
8
BLACK
6
CONTINUOUS
10
6.2606810629921261
20
-3.3872789370078737
11
6.2882401181102363
21
-3.3872789370078737
0
LINE
8
BLACK
6
CONTINUOUS
10
6.2882401181102363
20
-3.3872789370078737
11
6.2882401181102363
21
-3.4069639763779529
0
LINE
8
BLACK
6
CONTINUOUS
10
6.2882401181102363
20
-3.4069639763779529
11
6.300051062992126
21
-3.4069639763779529
0
LINE
8
BLACK
6
CONTINUOUS
10
6.300051062992126
20
-3.4069639763779529
11
6.3000511023622048
21
-3.4069639370078741
0
LINE
8
BLACK
6
CONTINUOUS
10
6.3000511023622048
20
-3.4069639370078741
11
6.3000511023622048
21
-3.3855155511811024
0
LINE
8
BLACK
6
CONTINUOUS
10
6.3000511023622048
20
-3.3855155511811024
11
6.300051062992126
21
-3.3855154724409449
0
LINE
8
BLACK
6
CONTINUOUS
10
6.300051062992126
20
-3.3855154724409449
11
6.2999365748031497
21
-3.3845279527559056
0
LINE
8
BLACK
6
CONTINUOUS
10
6.2999365748031497
20
-3.3845279527559056
11
6.2981529527559053
21
-3.3804884645669291
0
LINE
8
BLACK
6
CONTINUOUS
10
6.2981529527559053
20
-3.3804884645669291
11
6.2950305511811022
21
-3.3773660629921261
0
LINE
8
BLACK
6
CONTINUOUS
10
6.2950305511811022
20
-3.3773660629921261
11
6.2909909842519687
21
-3.375582440944882
0
LINE
8
BLACK
6
CONTINUOUS
10
6.2909909842519687
20
-3.375582440944882
11
6.2900037795275585
21
-3.3754679133858265
0
LINE
8
BLACK
6
CONTINUOUS
10
6.2900037795275585
20
-3.3754679133858265
11
6.2606811023622049
21
-3.3754679133858265
0
LINE
8
BLACK
6
CONTINUOUS
10
6.2606811023622049
20
-3.3754679133858265
11
6.2606810629921261
21
-3.3754679527559053
0
LINE
8
BLACK
6
CONTINUOUS
10
6.2606810629921261
20
-3.3754679527559053
11
6.2606810629921261
21
-3.3872789370078737
0
LINE
8
BLACK
6
CONTINUOUS
10
6.3847692519685042
20
-3.3375983858267717
11
6.384769291338583
21
-3.3375984251968505
0
LINE
8
BLACK
6
CONTINUOUS
10
6.384769291338583
20
-3.3375984251968505
11
6.3965802755905514
21
-3.3375984251968505
0
LINE
8
BLACK
6
CONTINUOUS
10
6.3965802755905514
20
-3.3375984251968505
11
6.3965802755905514
21
-3.326003937007874
0
LINE
8
BLACK
6
CONTINUOUS
10
6.3965802755905514
20
-3.326003937007874
11
6.4181747637795272
21
-3.326003937007874
0
LINE
8
BLACK
6
CONTINUOUS
10
6.4181747637795272
20
-3.326003937007874
11
6.4181747637795272
21
-3.3141929527559055
0
LINE
8
BLACK
6
CONTINUOUS
10
6.4181747637795272
20
-3.3141929527559055
11
6.4181747244094485
21
-3.3141929133858268
0
LINE
8
BLACK
6
CONTINUOUS
10
6.4181747244094485
20
-3.3141929133858268
11
6.3948168897637796
21
-3.3141929133858268
0
LINE
8
BLACK
6
CONTINUOUS
10
6.3948168897637796
20
-3.3141929133858268
11
6.3948167716535433
21
-3.3141929527559055
0
LINE
8
BLACK
6
CONTINUOUS
10
6.3948167716535433
20
-3.3141929527559055
11
6.3938292913385828
21
-3.3143074409448818
0
LINE
8
BLACK
6
CONTINUOUS
10
6.3938292913385828
20
-3.3143074409448818
11
6.3897898031496059
21
-3.3160910629921259
0
LINE
8
BLACK
6
CONTINUOUS
10
6.3897898031496059
20
-3.3160910629921259
11
6.3866674015748028
21
-3.3192134645669289
0
LINE
8
BLACK
6
CONTINUOUS
10
6.3866674015748028
20
-3.3192134645669289
11
6.3848837795275593
21
-3.3232530314960629
0
LINE
8
BLACK
6
CONTINUOUS
10
6.3848837795275593
20
-3.3232530314960629
11
6.3847692519685042
21
-3.3242402362204722
0
LINE
8
BLACK
6
CONTINUOUS
10
6.3847692519685042
20
-3.3242402362204722
11
6.3847692519685042
21
-3.3375983858267717
0
LINE
8
BLACK
6
CONTINUOUS
10
5.3645794094488188
20
-3.3185040157480312
11
5.3653157874015749
21
-3.3283304330708661
0
LINE
8
BLACK
6
CONTINUOUS
10
5.3653157874015749
20
-3.3283304330708661
11
5.3653158661417324
21
-3.3283308267716536
0
LINE
8
BLACK
6
CONTINUOUS
10
5.3653158661417324
20
-3.3283308267716536
11
5.3675085826771651
21
-3.3379379133858267
0
LINE
8
BLACK
6
CONTINUOUS
10
5.3675085826771651
20
-3.3379379133858267
11
5.3711086614173231
21
-3.3471106692913386
0
LINE
8
BLACK
6
CONTINUOUS
10
5.3711086614173231
20
-3.3471106692913386
11
5.371109015748031
21
-3.3471114173228345
0
LINE
8
BLACK
6
CONTINUOUS
10
5.371109015748031
20
-3.3471114173228345
11
5.3760357480314962
21
-3.3556447637795275
0
LINE
8
BLACK
6
CONTINUOUS
10
5.3760357480314962
20
-3.3556447637795275
11
5.3760359055118112
21
-3.355645
0
LINE
8
BLACK
6
CONTINUOUS
10
5.3760359055118112
20
-3.355645
11
5.3800213385826767
21
-3.3606426377952756
0
LINE
8
BLACK
6
CONTINUOUS
10
5.3800213385826767
20
-3.3606426377952756
11
5.3884671653543306
21
-3.3521967322834647
0
LINE
8
BLACK
6
CONTINUOUS
10
5.3884671653543306
20
-3.3521967322834647
11
5.3879479527559058
21
-3.3516327165354332
0
LINE
8
BLACK
6
CONTINUOUS
10
5.3879479527559058
20
-3.3516327165354332
11
5.3830756299212599
21
-3.3441751181102362
0
LINE
8
BLACK
6
CONTINUOUS
10
5.3830756299212599
20
-3.3441751181102362
11
5.3794972440944884
21
-3.3360172440944882
0
LINE
8
BLACK
6
CONTINUOUS
10
5.3794972440944884
20
-3.3360172440944882
11
5.3773104330708659
21
-3.3273816929133857
0
LINE
8
BLACK
6
CONTINUOUS
10
5.3773104330708659
20
-3.3273816929133857
11
5.3765748031496061
21
-3.3185039370078742
0
LINE
8
BLACK
6
CONTINUOUS
10
5.3765748031496061
20
-3.3185039370078742
11
5.3773104330708659
21
-3.3096261811023622
0
LINE
8
BLACK
6
CONTINUOUS
10
5.3773104330708659
20
-3.3096261811023622
11
5.3794972440944884
21
-3.3009906299212597
0
LINE
8
BLACK
6
CONTINUOUS
10
5.3794972440944884
20
-3.3009906299212597
11
5.3830756299212599
21
-3.2928327559055117
0
LINE
8
BLACK
6
CONTINUOUS
10
5.3830756299212599
20
-3.2928327559055117
11
5.3879479527559058
21
-3.2853751574803147
0
LINE
8
BLACK
6
CONTINUOUS
10
5.3879479527559058
20
-3.2853751574803147
11
5.3884672047244093
21
-3.2848110236220474
0
LINE
8
BLACK
6
CONTINUOUS
10
5.3884672047244093
20
-3.2848110236220474
11
5.3800213385826767
21
-3.2763651574803148
0
LINE
8
BLACK
6
CONTINUOUS
10
5.3800213385826767
20
-3.2763651574803148
11
5.3760358267716537
21
-3.2813629527559054
0
LINE
8
BLACK
6
CONTINUOUS
10
5.3760358267716537
20
-3.2813629527559054
11
5.3711088188976372
21
-3.2898968110236222
0
LINE
8
BLACK
6
CONTINUOUS
10
5.3711088188976372
20
-3.2898968110236222
11
5.3711086614173231
21
-3.2898971653543305
0
LINE
8
BLACK
6
CONTINUOUS
10
5.3711086614173231
20
-3.2898971653543305
11
5.3675085826771651
21
-3.2990699212598424
0
LINE
8
BLACK
6
CONTINUOUS
10
5.3675085826771651
20
-3.2990699212598424
11
5.3653158661417324
21
-3.3086770078740155
0
LINE
8
BLACK
6
CONTINUOUS
10
5.3653158661417324
20
-3.3086770078740155
11
5.3653157874015749
21
-3.3086774015748031
0
LINE
8
BLACK
6
CONTINUOUS
10
5.3653157874015749
20
-3.3086774015748031
11
5.3645794094488188
21
-3.3185038188976379
0
LINE
8
BLACK
6
CONTINUOUS
10
5.3645794094488188
20
-3.3185038188976379
11
5.3645794094488188
21
-3.3185040157480312
0
LINE
8
BLACK
6
CONTINUOUS
10
5.564579409448819
20
-3.3185040157480312
11
5.5653157874015751
21
-3.3283304330708661
0
LINE
8
BLACK
6
CONTINUOUS
10
5.5653157874015751
20
-3.3283304330708661
11
5.5653158661417326
21
-3.3283308267716536
0
LINE
8
BLACK
6
CONTINUOUS
10
5.5653158661417326
20
-3.3283308267716536
11
5.5675085826771653
21
-3.3379379133858267
0
LINE
8
BLACK
6
CONTINUOUS
10
5.5675085826771653
20
-3.3379379133858267
11
5.5711086614173224
21
-3.3471106692913386
0
LINE
8
BLACK
6
CONTINUOUS
10
5.5711086614173224
20
-3.3471106692913386
11
5.5711090157480312
21
-3.3471114173228345
0
LINE
8
BLACK
6
CONTINUOUS
10
5.5711090157480312
20
-3.3471114173228345
11
5.5760357480314964
21
-3.3556447637795275
0
LINE
8
BLACK
6
CONTINUOUS
10
5.5760357480314964
20
-3.3556447637795275
11
5.5760359055118105
21
-3.355645
0
LINE
8
BLACK
6
CONTINUOUS
10
5.5760359055118105
20
-3.355645
11
5.5800213385826769
21
-3.3606426377952756
0
LINE
8
BLACK
6
CONTINUOUS
10
5.5800213385826769
20
-3.3606426377952756
11
5.5884671653543307
21
-3.3521967322834647
0
LINE
8
BLACK
6
CONTINUOUS
10
5.5884671653543307
20
-3.3521967322834647
11
5.5879479527559051
21
-3.3516327165354332
0
LINE
8
BLACK
6
CONTINUOUS
10
5.5879479527559051
20
-3.3516327165354332
11
5.5830756299212601
21
-3.3441751181102362
0
LINE
8
BLACK
6
CONTINUOUS
10
5.5830756299212601
20
-3.3441751181102362
11
5.5794972440944877
21
-3.3360172440944882
0
LINE
8
BLACK
6
CONTINUOUS
10
5.5794972440944877
20
-3.3360172440944882
11
5.577310433070866
21
-3.3273816929133857
0
LINE
8
BLACK
6
CONTINUOUS
10
5.577310433070866
20
-3.3273816929133857
11
5.5765748031496063
21
-3.3185039370078742
0
LINE
8
BLACK
6
CONTINUOUS
10
5.5765748031496063
20
-3.3185039370078742
11
5.577310433070866
21
-3.3096261811023622
0
LINE
8
BLACK
6
CONTINUOUS
10
5.577310433070866
20
-3.3096261811023622
11
5.5794972440944877
21
-3.3009906299212597
0
LINE
8
BLACK
6
CONTINUOUS
10
5.5794972440944877
20
-3.3009906299212597
11
5.5830756299212601
21
-3.2928327559055117
0
LINE
8
BLACK
6
CONTINUOUS
10
5.5830756299212601
20
-3.2928327559055117
11
5.5879479527559051
21
-3.2853751574803147
0
LINE
8
BLACK
6
CONTINUOUS
10
5.5879479527559051
20
-3.2853751574803147
11
5.5884672047244095
21
-3.2848110236220474
0
LINE
8
BLACK
6
CONTINUOUS
10
5.5884672047244095
20
-3.2848110236220474
11
5.5800213385826769
21
-3.2763651574803148
0
LINE
8
BLACK
6
CONTINUOUS
10
5.5800213385826769
20
-3.2763651574803148
11
5.576035826771653
21
-3.2813629527559054
0
LINE
8
BLACK
6
CONTINUOUS
10
5.576035826771653
20
-3.2813629527559054
11
5.5711088188976374
21
-3.2898968110236222
0
LINE
8
BLACK
6
CONTINUOUS
10
5.5711088188976374
20
-3.2898968110236222
11
5.5711086614173224
21
-3.2898971653543305
0
LINE
8
BLACK
6
CONTINUOUS
10
5.5711086614173224
20
-3.2898971653543305
11
5.5675085826771653
21
-3.2990699212598424
0
LINE
8
BLACK
6
CONTINUOUS
10
5.5675085826771653
20
-3.2990699212598424
11
5.5653158661417326
21
-3.3086770078740155
0
LINE
8
BLACK
6
CONTINUOUS
10
5.5653158661417326
20
-3.3086770078740155
11
5.5653157874015751
21
-3.3086774015748031
0
LINE
8
BLACK
6
CONTINUOUS
10
5.5653157874015751
20
-3.3086774015748031
11
5.564579409448819
21
-3.3185038188976379
0
LINE
8
BLACK
6
CONTINUOUS
10
5.564579409448819
20
-3.3185038188976379
11
5.564579409448819
21
-3.3185040157480312
0
LINE
8
BLACK
6
CONTINUOUS
10
6.6645794094488187
20
-3.3185040157480312
11
6.6653157874015747
21
-3.3283304330708661
0
LINE
8
BLACK
6
CONTINUOUS
10
6.6653157874015747
20
-3.3283304330708661
11
6.6653158661417322
21
-3.3283308267716536
0
LINE
8
BLACK
6
CONTINUOUS
10
6.6653158661417322
20
-3.3283308267716536
11
6.667508582677165
21
-3.3379379133858267
0
LINE
8
BLACK
6
CONTINUOUS
10
6.667508582677165
20
-3.3379379133858267
11
6.6711086614173229
21
-3.3471106692913386
0
LINE
8
BLACK
6
CONTINUOUS
10
6.6711086614173229
20
-3.3471106692913386
11
6.6711090157480317
21
-3.3471114173228345
0
LINE
8
BLACK
6
CONTINUOUS
10
6.6711090157480317
20
-3.3471114173228345
11
6.676035748031496
21
-3.3556447637795275
0
LINE
8
BLACK
6
CONTINUOUS
10
6.676035748031496
20
-3.3556447637795275
11
6.676035905511811
21
-3.355645
0
LINE
8
BLACK
6
CONTINUOUS
10
6.676035905511811
20
-3.355645
11
6.6800213385826774
21
-3.3606426377952756
0
LINE
8
BLACK
6
CONTINUOUS
10
6.6800213385826774
20
-3.3606426377952756
11
6.6884671653543304
21
-3.3521967322834647
0
LINE
8
BLACK
6
CONTINUOUS
10
6.6884671653543304
20
-3.3521967322834647
11
6.6879479527559056
21
-3.3516327165354332
0
LINE
8
BLACK
6
CONTINUOUS
10
6.6879479527559056
20
-3.3516327165354332
11
6.6830756299212597
21
-3.3441751181102362
0
LINE
8
BLACK
6
CONTINUOUS
10
6.6830756299212597
20
-3.3441751181102362
11
6.6794972440944882
21
-3.3360172440944882
0
LINE
8
BLACK
6
CONTINUOUS
10
6.6794972440944882
20
-3.3360172440944882
11
6.6773104330708657
21
-3.3273816929133857
0
LINE
8
BLACK
6
CONTINUOUS
10
6.6773104330708657
20
-3.3273816929133857
11
6.6765748031496059
21
-3.3185039370078742
0
LINE
8
BLACK
6
CONTINUOUS
10
6.6765748031496059
20
-3.3185039370078742
11
6.6773104330708657
21
-3.3096261811023622
0
LINE
8
BLACK
6
CONTINUOUS
10
6.6773104330708657
20
-3.3096261811023622
11
6.6794972440944882
21
-3.3009906299212597
0
LINE
8
BLACK
6
CONTINUOUS
10
6.6794972440944882
20
-3.3009906299212597
11
6.6830756299212597
21
-3.2928327559055117
0
LINE
8
BLACK
6
CONTINUOUS
10
6.6830756299212597
20
-3.2928327559055117
11
6.6879479527559056
21
-3.2853751574803147
0
LINE
8
BLACK
6
CONTINUOUS
10
6.6879479527559056
20
-3.2853751574803147
11
6.6884672047244091
21
-3.2848110236220474
0
LINE
8
BLACK
6
CONTINUOUS
10
6.6884672047244091
20
-3.2848110236220474
11
6.6800213385826774
21
-3.2763651574803148
0
LINE
8
BLACK
6
CONTINUOUS
10
6.6800213385826774
20
-3.2763651574803148
11
6.6760358267716535
21
-3.2813629527559054
0
LINE
8
BLACK
6
CONTINUOUS
10
6.6760358267716535
20
-3.2813629527559054
11
6.671108818897638
21
-3.2898968110236222
0
LINE
8
BLACK
6
CONTINUOUS
10
6.671108818897638
20
-3.2898968110236222
11
6.6711086614173229
21
-3.2898971653543305
0
LINE
8
BLACK
6
CONTINUOUS
10
6.6711086614173229
20
-3.2898971653543305
11
6.667508582677165
21
-3.2990699212598424
0
LINE
8
BLACK
6
CONTINUOUS
10
6.667508582677165
20
-3.2990699212598424
11
6.6653158661417322
21
-3.3086770078740155
0
LINE
8
BLACK
6
CONTINUOUS
10
6.6653158661417322
20
-3.3086770078740155
11
6.6653157874015747
21
-3.3086774015748031
0
LINE
8
BLACK
6
CONTINUOUS
10
6.6653157874015747
20
-3.3086774015748031
11
6.6645794094488187
21
-3.3185038188976379
0
LINE
8
BLACK
6
CONTINUOUS
10
6.6645794094488187
20
-3.3185038188976379
11
6.6645794094488187
21
-3.3185040157480312
0
LINE
8
BLACK
6
CONTINUOUS
10
6.4299857874015744
20
-3.326003937007874
11
6.4515802755905511
21
-3.326003937007874
0
LINE
8
BLACK
6
CONTINUOUS
10
6.4515802755905511
20
-3.326003937007874
11
6.4515802755905511
21
-3.3610039370078741
0
LINE
8
BLACK
6
CONTINUOUS
10
6.4515802755905511
20
-3.3610039370078741
11
6.4299857874015744
21
-3.3610039370078741
0
LINE
8
BLACK
6
CONTINUOUS
10
6.4299857874015744
20
-3.3610039370078741
11
6.4299857874015744
21
-3.3728148818897639
0
LINE
8
BLACK
6
CONTINUOUS
10
6.4299857874015744
20
-3.3728148818897639
11
6.4299858267716532
21
-3.3728149212598426
0
LINE
8
BLACK
6
CONTINUOUS
10
6.4299858267716532
20
-3.3728149212598426
11
6.453343661417323
21
-3.3728149212598426
0
LINE
8
BLACK
6
CONTINUOUS
10
6.453343661417323
20
-3.3728149212598426
11
6.4533437007874017
21
-3.3728148818897639
0
LINE
8
BLACK
6
CONTINUOUS
10
6.4533437007874017
20
-3.3728148818897639
11
6.454331220472441
21
-3.3727003937007871
0
LINE
8
BLACK
6
CONTINUOUS
10
6.454331220472441
20
-3.3727003937007871
11
6.458370708661417
21
-3.3709167716535431
0
LINE
8
BLACK
6
CONTINUOUS
10
6.458370708661417
20
-3.3709167716535431
11
6.4614931102362201
21
-3.3677943700787401
0
LINE
8
BLACK
6
CONTINUOUS
10
6.4614931102362201
20
-3.3677943700787401
11
6.4632767322834646
21
-3.3637548031496061
0
LINE
8
BLACK
6
CONTINUOUS
10
6.4632767322834646
20
-3.3637548031496061
11
6.4633912598425196
21
-3.3627675984251968
0
LINE
8
BLACK
6
CONTINUOUS
10
6.4633912598425196
20
-3.3627675984251968
11
6.4633912598425196
21
-3.3480465748031496
0
LINE
8
BLACK
6
CONTINUOUS
10
6.4633912598425196
20
-3.3480465748031496
11
6.4641356299212598
21
-3.3457555905511809
0
LINE
8
BLACK
6
CONTINUOUS
10
6.4641356299212598
20
-3.3457555905511809
11
6.4660844488188971
21
-3.3443396850393698
0
LINE
8
BLACK
6
CONTINUOUS
10
6.4660844488188971
20
-3.3443396850393698
11
6.4684933070866144
21
-3.3443396850393698
0
LINE
8
BLACK
6
CONTINUOUS
10
6.4684933070866144
20
-3.3443396850393698
11
6.4704421653543305
21
-3.3457555905511809
0
LINE
8
BLACK
6
CONTINUOUS
10
6.4704421653543305
20
-3.3457555905511809
11
6.470917047244094
21
-3.3466224803149607
0
LINE
8
BLACK
6
CONTINUOUS
10
6.470917047244094
20
-3.3466224803149607
11
6.4711086614173228
21
-3.3471107086614174
0
LINE
8
BLACK
6
CONTINUOUS
10
6.4711086614173228
20
-3.3471107086614174
11
6.4711090157480315
21
-3.3471114173228345
0
LINE
8
BLACK
6
CONTINUOUS
10
6.4711090157480315
20
-3.3471114173228345
11
6.4760357480314958
21
-3.3556447637795275
0
LINE
8
BLACK
6
CONTINUOUS
10
6.4760357480314958
20
-3.3556447637795275
11
6.4760359055118109
21
-3.355645
0
LINE
8
BLACK
6
CONTINUOUS
10
6.4760359055118109
20
-3.355645
11
6.4800213385826773
21
-3.3606426377952756
0
LINE
8
BLACK
6
CONTINUOUS
10
6.4800213385826773
20
-3.3606426377952756
11
6.4884671653543302
21
-3.3521967322834647
0
LINE
8
BLACK
6
CONTINUOUS
10
6.4884671653543302
20
-3.3521967322834647
11
6.4879479527559054
21
-3.3516327165354332
0
LINE
8
BLACK
6
CONTINUOUS
10
6.4879479527559054
20
-3.3516327165354332
11
6.4830756299212595
21
-3.3441751181102362
0
LINE
8
BLACK
6
CONTINUOUS
10
6.4830756299212595
20
-3.3441751181102362
11
6.479497244094488
21
-3.3360172440944882
0
LINE
8
BLACK
6
CONTINUOUS
10
6.479497244094488
20
-3.3360172440944882
11
6.4773104330708664
21
-3.3273816929133857
0
LINE
8
BLACK
6
CONTINUOUS
10
6.4773104330708664
20
-3.3273816929133857
11
6.4765748031496058
21
-3.3185039370078742
0
LINE
8
BLACK
6
CONTINUOUS
10
6.4765748031496058
20
-3.3185039370078742
11
6.4773104330708664
21
-3.3096261811023622
0
LINE
8
BLACK
6
CONTINUOUS
10
6.4773104330708664
20
-3.3096261811023622
11
6.479497244094488
21
-3.3009906299212597
0
LINE
8
BLACK
6
CONTINUOUS
10
6.479497244094488
20
-3.3009906299212597
11
6.4830756299212595
21
-3.2928327559055117
0
LINE
8
BLACK
6
CONTINUOUS
10
6.4830756299212595
20
-3.2928327559055117
11
6.4879479527559054
21
-3.2853751574803147
0
LINE
8
BLACK
6
CONTINUOUS
10
6.4879479527559054
20
-3.2853751574803147
11
6.488467204724409
21
-3.2848110236220474
0
LINE
8
BLACK
6
CONTINUOUS
10
6.488467204724409
20
-3.2848110236220474
11
6.4800213385826773
21
-3.2763651574803148
0
LINE
8
BLACK
6
CONTINUOUS
10
6.4800213385826773
20
-3.2763651574803148
11
6.4760358267716533
21
-3.2813629527559054
0
LINE
8
BLACK
6
CONTINUOUS
10
6.4760358267716533
20
-3.2813629527559054
11
6.4711088188976378
21
-3.2898968110236222
0
LINE
8
BLACK
6
CONTINUOUS
10
6.4711088188976378
20
-3.2898968110236222
11
6.4711086614173228
21
-3.2898971653543305
0
LINE
8
BLACK
6
CONTINUOUS
10
6.4711086614173228
20
-3.2898971653543305
11
6.4675085826771648
21
-3.2990699212598424
0
LINE
8
BLACK
6
CONTINUOUS
10
6.4675085826771648
20
-3.2990699212598424
11
6.465315866141732
21
-3.3086770078740155
0
LINE
8
BLACK
6
CONTINUOUS
10
6.465315866141732
20
-3.3086770078740155
11
6.4653157874015745
21
-3.3086773622047243
0
LINE
8
BLACK
6
CONTINUOUS
10
6.4653157874015745
20
-3.3086773622047243
11
6.46494968503937
21
-3.3135624803149604
0
LINE
8
BLACK
6
CONTINUOUS
10
6.46494968503937
20
-3.3135624803149604
11
6.4640361417322829
21
-3.3157914173228344
0
LINE
8
BLACK
6
CONTINUOUS
10
6.4640361417322829
20
-3.3157914173228344
11
6.4619869685039371
21
-3.3170577165354329
0
LINE
8
BLACK
6
CONTINUOUS
10
6.4619869685039371
20
-3.3170577165354329
11
6.4595848425196847
21
-3.3168776771653543
0
LINE
8
BLACK
6
CONTINUOUS
10
6.4595848425196847
20
-3.3168776771653543
11
6.4586814960629919
21
-3.316276535433071
0
LINE
8
BLACK
6
CONTINUOUS
10
6.4586814960629919
20
-3.316276535433071
11
6.4586687401574805
21
-3.3162951968503935
0
LINE
8
BLACK
6
CONTINUOUS
10
6.4586687401574805
20
-3.3162951968503935
11
6.4583707874015746
21
-3.3160911023622046
0
LINE
8
BLACK
6
CONTINUOUS
10
6.4583707874015746
20
-3.3160911023622046
11
6.4543311417322835
21
-3.3143074409448818
0
LINE
8
BLACK
6
CONTINUOUS
10
6.4543311417322835
20
-3.3143074409448818
11
6.4533439370078742
21
-3.3141929133858268
0
LINE
8
BLACK
6
CONTINUOUS
10
6.4533439370078742
20
-3.3141929133858268
11
6.4299858267716532
21
-3.3141929133858268
0
LINE
8
BLACK
6
CONTINUOUS
10
6.4299858267716532
20
-3.3141929133858268
11
6.4299857874015744
21
-3.3141929527559055
0
LINE
8
BLACK
6
CONTINUOUS
10
6.4299857874015744
20
-3.3141929527559055
11
6.4299857874015744
21
-3.326003937007874
0
LINE
8
BLACK
6
CONTINUOUS
10
5.8627283858267711
20
-3.2647820472440943
11
5.8628428740157483
21
-3.265769566929134
0
LINE
8
BLACK
6
CONTINUOUS
10
5.8628428740157483
20
-3.265769566929134
11
5.8646264960629919
21
-3.26980905511811
0
LINE
8
BLACK
6
CONTINUOUS
10
5.8646264960629919
20
-3.26980905511811
11
5.8677488976377949
21
-3.2729314566929135
0
LINE
8
BLACK
6
CONTINUOUS
10
5.8677488976377949
20
-3.2729314566929135
11
5.8717884645669294
21
-3.2747150787401575
0
LINE
8
BLACK
6
CONTINUOUS
10
5.8717884645669294
20
-3.2747150787401575
11
5.8727757086614174
21
-3.2748296062992126
0
LINE
8
BLACK
6
CONTINUOUS
10
5.8727757086614174
20
-3.2748296062992126
11
5.9178463779527561
21
-3.2748296062992126
0
LINE
8
BLACK
6
CONTINUOUS
10
5.9178463779527561
20
-3.2748296062992126
11
5.9178464566929136
21
-3.2748295669291339
0
LINE
8
BLACK
6
CONTINUOUS
10
5.9178464566929136
20
-3.2748295669291339
11
5.9178464566929136
21
-3.2630186220472441
0
LINE
8
BLACK
6
CONTINUOUS
10
5.9178464566929136
20
-3.2630186220472441
11
5.8745393700787396
21
-3.2630186220472441
0
LINE
8
BLACK
6
CONTINUOUS
10
5.8745393700787396
20
-3.2630186220472441
11
5.8745393700787396
21
-3.2334910629921261
0
LINE
8
BLACK
6
CONTINUOUS
10
5.8745393700787396
20
-3.2334910629921261
11
5.8627284251968499
21
-3.2334910629921261
0
LINE
8
BLACK
6
CONTINUOUS
10
5.8627284251968499
20
-3.2334910629921261
11
5.8627283858267711
21
-3.2334911023622048
0
LINE
8
BLACK
6
CONTINUOUS
10
5.8627283858267711
20
-3.2334911023622048
11
5.8627283858267711
21
-3.2647820472440943
0
LINE
8
BLACK
6
CONTINUOUS
10
5.8627283464566924
20
-3.2216800000000001
11
5.8627283858267711
21
-3.2216800393700789
0
LINE
8
BLACK
6
CONTINUOUS
10
5.8627283858267711
20
-3.2216800393700789
11
5.8745393700787396
21
-3.2216800393700789
0
LINE
8
BLACK
6
CONTINUOUS
10
5.8745393700787396
20
-3.2216800393700789
11
5.8745393700787396
21
-3.1921524803149603
0
LINE
8
BLACK
6
CONTINUOUS
10
5.8745393700787396
20
-3.1921524803149603
11
5.9178464566929136
21
-3.1921524803149603
0
LINE
8
BLACK
6
CONTINUOUS
10
5.9178464566929136
20
-3.1921524803149603
11
5.9178464566929136
21
-3.1803414960629919
0
LINE
8
BLACK
6
CONTINUOUS
10
5.9178464566929136
20
-3.1803414960629919
11
5.9178464173228349
21
-3.1803414566929131
0
LINE
8
BLACK
6
CONTINUOUS
10
5.9178464173228349
20
-3.1803414566929131
11
5.8727759842519687
21
-3.1803414566929131
0
LINE
8
BLACK
6
CONTINUOUS
10
5.8727759842519687
20
-3.1803414566929131
11
5.8727759055118112
21
-3.1803414960629919
0
LINE
8
BLACK
6
CONTINUOUS
10
5.8727759055118112
20
-3.1803414960629919
11
5.8717883858267719
21
-3.1804559842519686
0
LINE
8
BLACK
6
CONTINUOUS
10
5.8717883858267719
20
-3.1804559842519686
11
5.8677488976377949
21
-3.1822396062992127
0
LINE
8
BLACK
6
CONTINUOUS
10
5.8677488976377949
20
-3.1822396062992127
11
5.8646264960629919
21
-3.1853620078740157
0
LINE
8
BLACK
6
CONTINUOUS
10
5.8646264960629919
20
-3.1853620078740157
11
5.8628428740157483
21
-3.1894015748031497
0
LINE
8
BLACK
6
CONTINUOUS
10
5.8628428740157483
20
-3.1894015748031497
11
5.8627283464566924
21
-3.1903887795275589
0
LINE
8
BLACK
6
CONTINUOUS
10
5.8627283464566924
20
-3.1903887795275589
11
5.8627283464566924
21
-3.2216800000000001
0
LINE
8
BLACK
6
CONTINUOUS
10
5.9296574803149609
20
-3.1921524803149603
11
5.972964566929134
21
-3.1921524803149603
0
LINE
8
BLACK
6
CONTINUOUS
10
5.972964566929134
20
-3.1921524803149603
11
5.972964566929134
21
-3.2216800393700789
0
LINE
8
BLACK
6
CONTINUOUS
10
5.972964566929134
20
-3.2216800393700789
11
5.9847755118110237
21
-3.2216800393700789
0
LINE
8
BLACK
6
CONTINUOUS
10
5.9847755118110237
20
-3.2216800393700789
11
5.9847755511811025
21
-3.2216800000000001
0
LINE
8
BLACK
6
CONTINUOUS
10
5.9847755511811025
20
-3.2216800000000001
11
5.9847755511811025
21
-3.190389094488189
0
LINE
8
BLACK
6
CONTINUOUS
10
5.9847755511811025
20
-3.190389094488189
11
5.9847755118110237
21
-3.1903890157480315
0
LINE
8
BLACK
6
CONTINUOUS
10
5.9847755118110237
20
-3.1903890157480315
11
5.9846610236220474
21
-3.1894014960629922
0
LINE
8
BLACK
6
CONTINUOUS
10
5.9846610236220474
20
-3.1894014960629922
11
5.982877401574803
21
-3.1853620078740157
0
LINE
8
BLACK
6
CONTINUOUS
10
5.982877401574803
20
-3.1853620078740157
11
5.9797549999999999
21
-3.1822396062992127
0
LINE
8
BLACK
6
CONTINUOUS
10
5.9797549999999999
20
-3.1822396062992127
11
5.9757154330708664
21
-3.1804559842519686
0
LINE
8
BLACK
6
CONTINUOUS
10
5.9757154330708664
20
-3.1804559842519686
11
5.9747282283464562
21
-3.1803414566929131
0
LINE
8
BLACK
6
CONTINUOUS
10
5.9747282283464562
20
-3.1803414566929131
11
5.9296575196850396
21
-3.1803414566929131
0
LINE
8
BLACK
6
CONTINUOUS
10
5.9296575196850396
20
-3.1803414566929131
11
5.9296574803149609
21
-3.1803414960629919
0
LINE
8
BLACK
6
CONTINUOUS
10
5.9296574803149609
20
-3.1803414960629919
11
5.9296574803149609
21
-3.1921524803149603
0
LINE
8
BLACK
6
CONTINUOUS
10
5.8887007874015751
20
-3.0875983858267717
11
5.8887008267716539
21
-3.0875984251968505
0
LINE
8
BLACK
6
CONTINUOUS
10
5.8887008267716539
20
-3.0875984251968505
11
5.9005118110236223
21
-3.0875984251968505
0
LINE
8
BLACK
6
CONTINUOUS
10
5.9005118110236223
20
-3.0875984251968505
11
5.9005118110236223
21
-3.0635039370078738
0
LINE
8
BLACK
6
CONTINUOUS
10
5.9005118110236223
20
-3.0635039370078738
11
5.9246062992125985
21
-3.0635039370078738
0
LINE
8
BLACK
6
CONTINUOUS
10
5.9246062992125985
20
-3.0635039370078738
11
5.9246062992125985
21
-3.0516929527559054
0
LINE
8
BLACK
6
CONTINUOUS
10
5.9246062992125985
20
-3.0516929527559054
11
5.9246062598425198
21
-3.0516929133858266
0
LINE
8
BLACK
6
CONTINUOUS
10
5.9246062598425198
20
-3.0516929133858266
11
5.8987484251968505
21
-3.0516929133858266
0
LINE
8
BLACK
6
CONTINUOUS
10
5.8987484251968505
20
-3.0516929133858266
11
5.8987483070866142
21
-3.0516929527559054
0
LINE
8
BLACK
6
CONTINUOUS
10
5.8987483070866142
20
-3.0516929527559054
11
5.8977608267716537
21
-3.0518074409448817
0
LINE
8
BLACK
6
CONTINUOUS
10
5.8977608267716537
20
-3.0518074409448817
11
5.8937213385826768
21
-3.0535910629921261
0
LINE
8
BLACK
6
CONTINUOUS
10
5.8937213385826768
20
-3.0535910629921261
11
5.8905989370078737
21
-3.0567134645669292
0
LINE
8
BLACK
6
CONTINUOUS
10
5.8905989370078737
20
-3.0567134645669292
11
5.8888153149606302
21
-3.0607530314960627
0
LINE
8
BLACK
6
CONTINUOUS
10
5.8888153149606302
20
-3.0607530314960627
11
5.8887007874015751
21
-3.0617402362204724
0
LINE
8
BLACK
6
CONTINUOUS
10
5.8887007874015751
20
-3.0617402362204724
11
5.8887007874015751
21
-3.0875983858267717
0
LINE
8
BLACK
6
CONTINUOUS
10
5.8887007874015751
20
-2.9875983858267716
11
5.8887008267716539
21
-2.9875984251968504
0
LINE
8
BLACK
6
CONTINUOUS
10
5.8887008267716539
20
-2.9875984251968504
11
5.9005118110236223
21
-2.9875984251968504
0
LINE
8
BLACK
6
CONTINUOUS
10
5.9005118110236223
20
-2.9875984251968504
11
5.9005118110236223
21
-2.9635039370078737
0
LINE
8
BLACK
6
CONTINUOUS
10
5.9005118110236223
20
-2.9635039370078737
11
5.9246062992125985
21
-2.9635039370078737
0
LINE
8
BLACK
6
CONTINUOUS
10
5.9246062992125985
20
-2.9635039370078737
11
5.9246062992125985
21
-2.9516929527559053
0
LINE
8
BLACK
6
CONTINUOUS
10
5.9246062992125985
20
-2.9516929527559053
11
5.9246062598425198
21
-2.9516929133858265
0
LINE
8
BLACK
6
CONTINUOUS
10
5.9246062598425198
20
-2.9516929133858265
11
5.8987484251968505
21
-2.9516929133858265
0
LINE
8
BLACK
6
CONTINUOUS
10
5.8987484251968505
20
-2.9516929133858265
11
5.8987483070866142
21
-2.9516929527559053
0
LINE
8
BLACK
6
CONTINUOUS
10
5.8987483070866142
20
-2.9516929527559053
11
5.8977608267716537
21
-2.951807440944882
0
LINE
8
BLACK
6
CONTINUOUS
10
5.8977608267716537
20
-2.951807440944882
11
5.8937213385826768
21
-2.953591062992126
0
LINE
8
BLACK
6
CONTINUOUS
10
5.8937213385826768
20
-2.953591062992126
11
5.8905989370078737
21
-2.9567134645669291
0
LINE
8
BLACK
6
CONTINUOUS
10
5.8905989370078737
20
-2.9567134645669291
11
5.8888153149606302
21
-2.9607530314960631
0
LINE
8
BLACK
6
CONTINUOUS
10
5.8888153149606302
20
-2.9607530314960631
11
5.8887007874015751
21
-2.9617402362204723
0
LINE
8
BLACK
6
CONTINUOUS
10
5.8887007874015751
20
-2.9617402362204723
11
5.8887007874015751
21
-2.9875983858267716
0
LINE
8
BLACK
6
CONTINUOUS
10
6.0162008267716534
20
-2.9377673622047245
11
6.0163153149606297
21
-2.9387548818897637
0
LINE
8
BLACK
6
CONTINUOUS
10
6.0163153149606297
20
-2.9387548818897637
11
6.0180989370078741
21
-2.9427943700787402
0
LINE
8
BLACK
6
CONTINUOUS
10
6.0180989370078741
20
-2.9427943700787402
11
6.0212213385826772
21
-2.9459167716535433
0
LINE
8
BLACK
6
CONTINUOUS
10
6.0212213385826772
20
-2.9459167716535433
11
6.0252609055118107
21
-2.9477003937007873
0
LINE
8
BLACK
6
CONTINUOUS
10
6.0252609055118107
20
-2.9477003937007873
11
6.0262481496062987
21
-2.9478149212598423
0
LINE
8
BLACK
6
CONTINUOUS
10
6.0262481496062987
20
-2.9478149212598423
11
6.049606220472441
21
-2.9478149212598423
0
LINE
8
BLACK
6
CONTINUOUS
10
6.049606220472441
20
-2.9478149212598423
11
6.0496062992125985
21
-2.9478148818897636
0
LINE
8
BLACK
6
CONTINUOUS
10
6.0496062992125985
20
-2.9478148818897636
11
6.0496062992125985
21
-2.9360039370078739
0
LINE
8
BLACK
6
CONTINUOUS
10
6.0496062992125985
20
-2.9360039370078739
11
6.0280118110236218
21
-2.9360039370078739
0
LINE
8
BLACK
6
CONTINUOUS
10
6.0280118110236218
20
-2.9360039370078739
11
6.0280118110236218
21
-2.9244094488188974
0
LINE
8
BLACK
6
CONTINUOUS
10
6.0280118110236218
20
-2.9244094488188974
11
6.0162008661417321
21
-2.9244094488188974
0
LINE
8
BLACK
6
CONTINUOUS
10
6.0162008661417321
20
-2.9244094488188974
11
6.0162008267716534
21
-2.9244094881889762
0
LINE
8
BLACK
6
CONTINUOUS
10
6.0162008267716534
20
-2.9244094881889762
11
6.0162008267716534
21
-2.9377673622047245
0
LINE
8
BLACK
6
CONTINUOUS
10
6.2162008267716535
20
-2.9377673622047245
11
6.2163153149606298
21
-2.9387548818897637
0
LINE
8
BLACK
6
CONTINUOUS
10
6.2163153149606298
20
-2.9387548818897637
11
6.2180989370078743
21
-2.9427943700787402
0
LINE
8
BLACK
6
CONTINUOUS
10
6.2180989370078743
20
-2.9427943700787402
11
6.2212213385826773
21
-2.9459167716535433
0
LINE
8
BLACK
6
CONTINUOUS
10
6.2212213385826773
20
-2.9459167716535433
11
6.2252609055118109
21
-2.9477003937007873
0
LINE
8
BLACK
6
CONTINUOUS
10
6.2252609055118109
20
-2.9477003937007873
11
6.2262481496062989
21
-2.9478149212598423
0
LINE
8
BLACK
6
CONTINUOUS
10
6.2262481496062989
20
-2.9478149212598423
11
6.2496062204724412
21
-2.9478149212598423
0
LINE
8
BLACK
6
CONTINUOUS
10
6.2496062204724412
20
-2.9478149212598423
11
6.2496062992125987
21
-2.9478148818897636
0
LINE
8
BLACK
6
CONTINUOUS
10
6.2496062992125987
20
-2.9478148818897636
11
6.2496062992125987
21
-2.9360039370078739
0
LINE
8
BLACK
6
CONTINUOUS
10
6.2496062992125987
20
-2.9360039370078739
11
6.228011811023622
21
-2.9360039370078739
0
LINE
8
BLACK
6
CONTINUOUS
10
6.228011811023622
20
-2.9360039370078739
11
6.228011811023622
21
-2.9244094488188974
0
LINE
8
BLACK
6
CONTINUOUS
10
6.228011811023622
20
-2.9244094488188974
11
6.2162008661417323
21
-2.9244094488188974
0
LINE
8
BLACK
6
CONTINUOUS
10
6.2162008661417323
20
-2.9244094488188974
11
6.2162008267716535
21
-2.9244094881889762
0
LINE
8
BLACK
6
CONTINUOUS
10
6.2162008267716535
20
-2.9244094881889762
11
6.2162008267716535
21
-2.9377673622047245
0
LINE
8
BLACK
6
CONTINUOUS
10
6.0162007874015746
20
-2.9125983858267714
11
6.0162008267716534
21
-2.9125984251968502
0
LINE
8
BLACK
6
CONTINUOUS
10
6.0162008267716534
20
-2.9125984251968502
11
6.0280118110236218
21
-2.9125984251968502
0
LINE
8
BLACK
6
CONTINUOUS
10
6.0280118110236218
20
-2.9125984251968502
11
6.0280118110236218
21
-2.9010039370078737
0
LINE
8
BLACK
6
CONTINUOUS
10
6.0280118110236218
20
-2.9010039370078737
11
6.0496062992125985
21
-2.9010039370078737
0
LINE
8
BLACK
6
CONTINUOUS
10
6.0496062992125985
20
-2.9010039370078737
11
6.0496062992125985
21
-2.8891929527559053
0
LINE
8
BLACK
6
CONTINUOUS
10
6.0496062992125985
20
-2.8891929527559053
11
6.0496062598425198
21
-2.8891929133858265
0
LINE
8
BLACK
6
CONTINUOUS
10
6.0496062598425198
20
-2.8891929133858265
11
6.02624842519685
21
-2.8891929133858265
0
LINE
8
BLACK
6
CONTINUOUS
10
6.02624842519685
20
-2.8891929133858265
11
6.0262483070866137
21
-2.8891929527559053
0
LINE
8
BLACK
6
CONTINUOUS
10
6.0262483070866137
20
-2.8891929527559053
11
6.0252608267716532
21
-2.889307440944882
0
LINE
8
BLACK
6
CONTINUOUS
10
6.0252608267716532
20
-2.889307440944882
11
6.0212213385826772
21
-2.891091062992126
0
LINE
8
BLACK
6
CONTINUOUS
10
6.0212213385826772
20
-2.891091062992126
11
6.0180989370078741
21
-2.8942134645669291
0
LINE
8
BLACK
6
CONTINUOUS
10
6.0180989370078741
20
-2.8942134645669291
11
6.0163153149606297
21
-2.8982530314960631
0
LINE
8
BLACK
6
CONTINUOUS
10
6.0163153149606297
20
-2.8982530314960631
11
6.0162007874015746
21
-2.8992402362204723
0
LINE
8
BLACK
6
CONTINUOUS
10
6.0162007874015746
20
-2.8992402362204723
11
6.0162007874015746
21
-2.9125983858267714
0
LINE
8
BLACK
6
CONTINUOUS
10
6.2162007874015748
20
-2.9125983858267714
11
6.2162008267716535
21
-2.9125984251968502
0
LINE
8
BLACK
6
CONTINUOUS
10
6.2162008267716535
20
-2.9125984251968502
11
6.228011811023622
21
-2.9125984251968502
0
LINE
8
BLACK
6
CONTINUOUS
10
6.228011811023622
20
-2.9125984251968502
11
6.228011811023622
21
-2.9010039370078737
0
LINE
8
BLACK
6
CONTINUOUS
10
6.228011811023622
20
-2.9010039370078737
11
6.2496062992125987
21
-2.9010039370078737
0
LINE
8
BLACK
6
CONTINUOUS
10
6.2496062992125987
20
-2.9010039370078737
11
6.2496062992125987
21
-2.8891929527559053
0
LINE
8
BLACK
6
CONTINUOUS
10
6.2496062992125987
20
-2.8891929527559053
11
6.2496062598425199
21
-2.8891929133858265
0
LINE
8
BLACK
6
CONTINUOUS
10
6.2496062598425199
20
-2.8891929133858265
11
6.2262484251968502
21
-2.8891929133858265
0
LINE
8
BLACK
6
CONTINUOUS
10
6.2262484251968502
20
-2.8891929133858265
11
6.2262483070866139
21
-2.8891929527559053
0
LINE
8
BLACK
6
CONTINUOUS
10
6.2262483070866139
20
-2.8891929527559053
11
6.2252608267716534
21
-2.889307440944882
0
LINE
8
BLACK
6
CONTINUOUS
10
6.2252608267716534
20
-2.889307440944882
11
6.2212213385826773
21
-2.891091062992126
0
LINE
8
BLACK
6
CONTINUOUS
10
6.2212213385826773
20
-2.891091062992126
11
6.2180989370078743
21
-2.8942134645669291
0
LINE
8
BLACK
6
CONTINUOUS
10
6.2180989370078743
20
-2.8942134645669291
11
6.2163153149606298
21
-2.8982530314960631
0
LINE
8
BLACK
6
CONTINUOUS
10
6.2163153149606298
20
-2.8982530314960631
11
6.2162007874015748
21
-2.8992402362204723
0
LINE
8
BLACK
6
CONTINUOUS
10
6.2162007874015748
20
-2.8992402362204723
11
6.2162007874015748
21
-2.9125983858267714
0
LINE
8
BLACK
6
CONTINUOUS
10
6.0614173228346457
20
-2.9010039370078737
11
6.0830118110236215
21
-2.9010039370078737
0
LINE
8
BLACK
6
CONTINUOUS
10
6.0830118110236215
20
-2.9010039370078737
11
6.0830118110236215
21
-2.9125984251968502
0
LINE
8
BLACK
6
CONTINUOUS
10
6.0830118110236215
20
-2.9125984251968502
11
6.0948227559055113
21
-2.9125984251968502
0
LINE
8
BLACK
6
CONTINUOUS
10
6.0948227559055113
20
-2.9125984251968502
11
6.09482279527559
21
-2.9125983858267714
0
LINE
8
BLACK
6
CONTINUOUS
10
6.09482279527559
20
-2.9125983858267714
11
6.09482279527559
21
-2.900226496062992
0
LINE
8
BLACK
6
CONTINUOUS
10
6.09482279527559
20
-2.900226496062992
11
6.09482279527559
21
-2.8992405511811024
0
LINE
8
BLACK
6
CONTINUOUS
10
6.09482279527559
20
-2.8992405511811024
11
6.0948227559055113
21
-2.8992404724409448
0
LINE
8
BLACK
6
CONTINUOUS
10
6.0948227559055113
20
-2.8992404724409448
11
6.094708267716535
21
-2.8982529527559056
0
LINE
8
BLACK
6
CONTINUOUS
10
6.094708267716535
20
-2.8982529527559056
11
6.0929246456692914
21
-2.8942134645669291
0
LINE
8
BLACK
6
CONTINUOUS
10
6.0929246456692914
20
-2.8942134645669291
11
6.0898022440944883
21
-2.891091062992126
0
LINE
8
BLACK
6
CONTINUOUS
10
6.0898022440944883
20
-2.891091062992126
11
6.0857626771653539
21
-2.889307440944882
0
LINE
8
BLACK
6
CONTINUOUS
10
6.0857626771653539
20
-2.889307440944882
11
6.0847754724409446
21
-2.8891929133858265
0
LINE
8
BLACK
6
CONTINUOUS
10
6.0847754724409446
20
-2.8891929133858265
11
6.0614173622047245
21
-2.8891929133858265
0
LINE
8
BLACK
6
CONTINUOUS
10
6.0614173622047245
20
-2.8891929133858265
11
6.0614173228346457
21
-2.8891929527559053
0
LINE
8
BLACK
6
CONTINUOUS
10
6.0614173228346457
20
-2.8891929527559053
11
6.0614173228346457
21
-2.9010039370078737
0
LINE
8
BLACK
6
CONTINUOUS
10
6.2614173228346459
20
-2.9010039370078737
11
6.2830118110236217
21
-2.9010039370078737
0
LINE
8
BLACK
6
CONTINUOUS
10
6.2830118110236217
20
-2.9010039370078737
11
6.2830118110236217
21
-2.9125984251968502
0
LINE
8
BLACK
6
CONTINUOUS
10
6.2830118110236217
20
-2.9125984251968502
11
6.2948227559055114
21
-2.9125984251968502
0
LINE
8
BLACK
6
CONTINUOUS
10
6.2948227559055114
20
-2.9125984251968502
11
6.2948227952755902
21
-2.9125983858267714
0
LINE
8
BLACK
6
CONTINUOUS
10
6.2948227952755902
20
-2.9125983858267714
11
6.2948227952755902
21
-2.900226496062992
0
LINE
8
BLACK
6
CONTINUOUS
10
6.2948227952755902
20
-2.900226496062992
11
6.2948227952755902
21
-2.8992405511811024
0
LINE
8
BLACK
6
CONTINUOUS
10
6.2948227952755902
20
-2.8992405511811024
11
6.2948227559055114
21
-2.8992404724409448
0
LINE
8
BLACK
6
CONTINUOUS
10
6.2948227559055114
20
-2.8992404724409448
11
6.2947082677165351
21
-2.8982529527559056
0
LINE
8
BLACK
6
CONTINUOUS
10
6.2947082677165351
20
-2.8982529527559056
11
6.2929246456692916
21
-2.8942134645669291
0
LINE
8
BLACK
6
CONTINUOUS
10
6.2929246456692916
20
-2.8942134645669291
11
6.2898022440944876
21
-2.891091062992126
0
LINE
8
BLACK
6
CONTINUOUS
10
6.2898022440944876
20
-2.891091062992126
11
6.2857626771653541
21
-2.889307440944882
0
LINE
8
BLACK
6
CONTINUOUS
10
6.2857626771653541
20
-2.889307440944882
11
6.2847754724409448
21
-2.8891929133858265
0
LINE
8
BLACK
6
CONTINUOUS
10
6.2847754724409448
20
-2.8891929133858265
11
6.2614173622047247
21
-2.8891929133858265
0
LINE
8
BLACK
6
CONTINUOUS
10
6.2614173622047247
20
-2.8891929133858265
11
6.2614173228346459
21
-2.8891929527559053
0
LINE
8
BLACK
6
CONTINUOUS
10
6.2614173228346459
20
-2.8891929527559053
11
6.2614173228346459
21
-2.9010039370078737
0
CIRCLE
8
BLACK
10
6.0555118110236217
20
-3.1685039370078738
40
0.0068897637795276
0
CIRCLE
8
BLACK
10
6.0555118110236217
20
-3.0685039370078742
40
0.0068897637795276
0
CIRCLE
8
BLACK
10
6.3555118110236215
20
-3.1685039370078738
40
0.0068897637795276
0
CIRCLE
8
BLACK
10
6.3555118110236215
20
-3.0685039370078742
40
0.0068897637795276
0
CIRCLE
8
BLACK
10
6.2555118110236219
20
-3.1685039370078738
40
0.0068897637795276
0
CIRCLE
8
BLACK
10
6.2555118110236219
20
-3.0685039370078742
40
0.0068897637795276
0
CIRCLE
8
BLACK
10
6.4505118110236221
20
-4.2885039370078744
40
0.0068897637795276
0
CIRCLE
8
BLACK
10
6.4505118110236221
20
-4.1885039370078738
40
0.0068897637795276
0
CIRCLE
8
BLACK
10
6.6305118110236219
20
-3.868503937007874
40
0.0068897637795276
0
CIRCLE
8
BLACK
10
6.5305118110236222
20
-3.7685039370078739
40
0.0068897637795276
0
CIRCLE
8
BLACK
10
6.5305118110236222
20
-3.9685039370078741
40
0.0068897637795276
0
CIRCLE
8
BLACK
10
6.7305118110236215
20
-3.7685039370078739
40
0.0068897637795276
0
CIRCLE
8
BLACK
10
6.7305118110236215
20
-3.9685039370078741
40
0.0068897637795276
0
CIRCLE
8
BLACK
10
5.4805118110236215
20
-3.0435039370078738
40
0.0068897637795276
0
CIRCLE
8
BLACK
10
5.7305118110236215
20
-3.0935039370078741
40
0.0068897637795276
0
CIRCLE
8
BLACK
10
5.7305118110236215
20
-2.993503937007874
40
0.0068897637795276
0
CIRCLE
8
BLACK
10
5.830511811023622
20
-3.0935039370078741
40
0.0068897637795276
0
CIRCLE
8
BLACK
10
5.830511811023622
20
-2.993503937007874
40
0.0068897637795276
0
CIRCLE
8
BLACK
10
5.9305118110236217
20
-3.0935039370078741
40
0.0068897637795276
0
CIRCLE
8
BLACK
10
5.9305118110236217
20
-2.993503937007874
40
0.0068897637795276
0
CIRCLE
8
BLACK
10
6.6805118110236217
20
-4.2435039370078735
40
0.0068897637795276
0
CIRCLE
8
BLACK
10
6.1555118110236222
20
-3.1685039370078738
40
0.0068897637795276
0
CIRCLE
8
BLACK
10
6.1555118110236222
20
-3.0685039370078742
40
0.0068897637795276
0
CIRCLE
8
BLACK
10
5.5305118110236222
20
-3.4185039370078738
40
0.0068897637795276
0
CIRCLE
8
BLACK
10
5.4305118110236217
20
-3.3185039370078742
40
0.0068897637795276
0
CIRCLE
8
BLACK
10
5.4305118110236217
20
-3.5185039370078739
40
0.0068897637795276
0
CIRCLE
8
BLACK
10
5.6305118110236219
20
-3.3185039370078742
40
0.0068897637795276
0
CIRCLE
8
BLACK
10
5.6305118110236219
20
-3.5185039370078739
40
0.0068897637795276
0
CIRCLE
8
BLACK
10
6.6805118110236217
20
-3.0435039370078738
40
0.0068897637795276
0
CIRCLE
8
BLACK
10
6.6305118110236219
20
-3.4185039370078738
40
0.0068897637795276
0
CIRCLE
8
BLACK
10
6.5305118110236222
20
-3.3185039370078742
40
0.0068897637795276
0
CIRCLE
8
BLACK
10
6.5305118110236222
20
-3.5185039370078739
40
0.0068897637795276
0
CIRCLE
8
BLACK
10
6.7305118110236215
20
-3.3185039370078742
40
0.0068897637795276
0
CIRCLE
8
BLACK
10
6.7305118110236215
20
-3.5185039370078739
40
0.0068897637795276
0
CIRCLE
8
BLACK
10
5.5305118110236222
20
-3.868503937007874
40
0.0068897637795276
0
CIRCLE
8
BLACK
10
5.4305118110236217
20
-3.7685039370078739
40
0.0068897637795276
0
CIRCLE
8
BLACK
10
5.4305118110236217
20
-3.9685039370078741
40
0.0068897637795276
0
CIRCLE
8
BLACK
10
5.6305118110236219
20
-3.7685039370078739
40
0.0068897637795276
0
CIRCLE
8
BLACK
10
5.6305118110236219
20
-3.9685039370078741
40
0.0068897637795276
0
CIRCLE
8
BLACK
10
5.4805118110236215
20
-4.2435039370078735
40
0.0068897637795276
0
CIRCLE
8
BLACK
10
6.1355118110236218
20
-4.2885039370078744
40
0.0068897637795276
0
CIRCLE
8
BLACK
10
6.1555118110236222
20
-2.9185039370078738
40
0.0078740157480315
0
CIRCLE
8
BLACK
10
5.8105118110236216
20
-4.3135039370078738
40
0.0078740157480315
0
CIRCLE
8
BLACK
10
5.7555118110236219
20
-4.1685039370078742
40
0.0078740157480315
0
CIRCLE
8
BLACK
10
6.3555118110236215
20
-2.9185039370078738
40
0.0078740157480315
0
CIRCLE
8
BLACK
10
6.0105118110236218
20
-4.3135039370078738
40
0.0078740157480315
0
CIRCLE
8
BLACK
10
6.1465118110236219
20
-3.505503937007874
40
0.0039370078740157
0
CIRCLE
8
BLACK
10
5.5665118110236218
20
-3.469503937007874
40
0.0039370078740157
0
CIRCLE
8
BLACK
10
6.6385118110236219
20
-3.807503937007874
40
0.0039370078740157
0
CIRCLE
8
BLACK
10
5.8785118110236221
20
-3.743503937007874
40
0.0039370078740157
0
CIRCLE
8
BLACK
10
6.2945118110236216
20
-3.7295039370078737
40
0.0039370078740157
0
CIRCLE
8
BLACK
10
6.3925118110236223
20
-3.9035039370078741
40
0.0039370078740157
0
CIRCLE
8
BLACK
10
6.0745118110236218
20
-4.0460039370078738
40
0.0039370078740157
0
CIRCLE
8
BLACK
10
5.8765118110236223
20
-3.8795039370078741
40
0.0039370078740157
0
CIRCLE
8
BLACK
10
5.6305118110236219
20
-3.6455039370078741
40
0.0039370078740157
0
CIRCLE
8
BLACK
10
6.2025118110236219
20
-3.6075039370078739
40
0.0039370078740157
0
CIRCLE
8
BLACK
10
5.8245118110236218
20
-3.6155039370078739
40
0.0039370078740157
0
CIRCLE
8
BLACK
10
6.290511811023622
20
-3.4635039370078737
40
0.0039370078740157
0
CIRCLE
8
BLACK
10
6.4885118110236215
20
-3.3835039370078741
40
0.0039370078740157
0
CIRCLE
8
BLACK
10
5.9305118110236217
20
-3.4715039370078737
40
0.0039370078740157
0
CIRCLE
8
BLACK
10
6.6845118110236221
20
-3.4475039370078737
40
0.0039370078740157
0
CIRCLE
8
BLACK
10
5.798511811023622
20
-3.8375039370078738
40
0.0039370078740157
0
CIRCLE
8
BLACK
10
6.2945118110236216
20
-3.553503937007874
40
0.0039370078740157
0
CIRCLE
8
BLACK
10
5.7405118110236222
20
-3.537503937007874
40
0.0039370078740157
0
CIRCLE
8
BLACK
10
6.4005118110236223
20
-3.6315039370078739
40
0.0039370078740157
0
CIRCLE
8
BLACK
10
5.8285118110236223
20
-3.5915039370078738
40
0.0039370078740157
0
CIRCLE
8
BLACK
10
6.2965118110236222
20
-3.5835039370078738
40
0.0039370078740157
0
CIRCLE
8
BLACK
10
6.1445118110236221
20
-3.957503937007874
40
0.0039370078740157
0
CIRCLE
8
BLACK
10
5.7405118110236222
20
-3.3275039370078741
40
0.0039370078740157
0
CIRCLE
8
BLACK
10
6.0905118110236218
20
-3.6915039370078739
40
0.0039370078740157
0
CIRCLE
8
BLACK
10
5.8285118110236223
20
-3.5595039370078738
40
0.0039370078740157
0
CIRCLE
8
BLACK
10
6.4365118110236219
20
-3.763503937007874
40
0.0039370078740157
0
CIRCLE
8
BLACK
10
6.415511811023622
20
-3.8235039370078741
40
0.0039370078740157
0
CIRCLE
8
BLACK
10
6.338511811023622
20
-3.4235039370078741
40
0.0039370078740157
0
CIRCLE
8
BLACK
10
6.6705118110236219
20
-3.465503937007874
40
0.0039370078740157
0
CIRCLE
8
BLACK
10
5.9585118110236222
20
-3.6075039370078739
40
0.0039370078740157
0
CIRCLE
8
BLACK
10
6.2945118110236216
20
-3.8015039370078738
40
0.0039370078740157
0
CIRCLE
8
BLACK
10
5.540511811023622
20
-3.807503937007874
40
0.0039370078740157
0
CIRCLE
8
BLACK
10
5.7085118110236222
20
-3.8335039370078738
40
0.0039370078740157
0
CIRCLE
8
BLACK
10
5.7565118110236222
20
-3.7415039370078738
40
0.0039370078740157
0
CIRCLE
8
BLACK
10
6.4005118110236223
20
-3.3835039370078741
40
0.0039370078740157
0
CIRCLE
8
BLACK
10
5.7225118110236215
20
-4.0095039370078736
40
0.0039370078740157
0
CIRCLE
8
BLACK
10
6.4245118110236223
20
-3.4555039370078737
40
0.0039370078740157
0
CIRCLE
8
BLACK
10
6.0845118110236216
20
-3.9595039370078737
40
0.0039370078740157
0
CIRCLE
8
BLACK
10
5.7725118110236222
20
-3.8095039370078738
40
0.0039370078740157
0
CIRCLE
8
BLACK
10
6.3965118110236219
20
-3.7095039370078737
40
0.0039370078740157
0
CIRCLE
8
BLACK
10
5.8785118110236221
20
-4.0095039370078736
40
0.0039370078740157
0
CIRCLE
8
BLACK
10
6.3025118110236216
20
-3.6155039370078739
40
0.0039370078740157
0
CIRCLE
8
BLACK
10
6.0465118110236222
20
-3.4755039370078737
40
0.0039370078740157
0
CIRCLE
8
BLACK
10
6.1005118110236216
20
-3.5955039370078739
40
0.0039370078740157
0
CIRCLE
8
BLACK
10
5.992511811023622
20
-3.9135039370078739
40
0.0039370078740157
0
CIRCLE
8
BLACK
10
6.3725118110236219
20
-3.9195039370078741
40
0.0039370078740157
0
CIRCLE
8
BLACK
10
6.1085118110236216
20
-3.8495039370078739
40
0.0039370078740157
0
CIRCLE
8
BLACK
10
6.1785118110236219
20
-3.287503937007874
40
0.0039370078740157
0
CIRCLE
8
BLACK
10
6.1805118110236217
20
-4.0095039370078736
40
0.0039370078740157
0
CIRCLE
8
BLACK
10
5.7725118110236222
20
-3.848503937007874
40
0.0039370078740157
0
CIRCLE
8
BLACK
10
5.8665118110236216
20
-4.0595039370078743
40
0.0039370078740157
0
CIRCLE
8
BLACK
10
5.750511811023622
20
-3.4295039370078739
40
0.0039370078740157
0
CIRCLE
8
BLACK
10
6.290511811023622
20
-3.5235039370078738
40
0.0039370078740157
0
CIRCLE
8
BLACK
10
5.7305118110236215
20
-3.517503937007874
40
0.0039370078740157
0
CIRCLE
8
BLACK
10
5.7405118110236222
20
-3.5955039370078739
40
0.0039370078740157
0
CIRCLE
8
BLACK
10
6.4865118110236217
20
-3.4555039370078737
40
0.0039370078740157
0
CIRCLE
8
BLACK
10
6.1405118110236216
20
-3.8495039370078739
40
0.0039370078740157
0
CIRCLE
8
BLACK
10
6.3745118110236216
20
-3.3935039370078739
40
0.0039370078740157
0
CIRCLE
8
BLACK
10
6.6145118110236218
20
-3.3575039370078739
40
0.0039370078740157
0
CIRCLE
8
BLACK
10
6.1505118110236223
20
-4.0815039370078736
40
0.0039370078740157
0
CIRCLE
8
BLACK
10
6.2685118110236218
20
-3.8815039370078739
40
0.0039370078740157
0
CIRCLE
8
BLACK
10
5.9365118110236219
20
-3.8575039370078739
40
0.0039370078740157
0
CIRCLE
8
BLACK
10
6.6925118110236221
20
-3.8735039370078739
40
0.0039370078740157
0
CIRCLE
8
BLACK
10
6.1525118110236221
20
-4.0095039370078736
40
0.0039370078740157
0
CIRCLE
8
BLACK
10
6.016511811023622
20
-3.5975039370078741
40
0.0039370078740157
0
CIRCLE
8
BLACK
10
6.4205118110236219
20
-3.989503937007874
40
0.0039370078740157
0
CIRCLE
8
BLACK
10
6.5985118110236218
20
-3.4715039370078737
40
0.0039370078740157
0
CIRCLE
8
BLACK
10
6.6625118110236219
20
-3.3655039370078739
40
0.0039370078740157
0
CIRCLE
8
BLACK
10
5.9965118110236215
20
-3.9635039370078737
40
0.0039370078740157
0
CIRCLE
8
BLACK
10
6.2265118110236219
20
-3.6895039370078737
40
0.0039370078740157
0
CIRCLE
8
BLACK
10
6.3407477165354331
20
-3.5087924803149604
40
0.0039370078740157
0
CIRCLE
8
BLACK
10
5.9905118110236222
20
-3.7695039370078738
40
0.0039370078740157
0
CIRCLE
8
BLACK
10
6.4355118110236216
20
-3.2885039370078739
40
0.0039370078740157
0
CIRCLE
8
BLACK
10
5.9645118110236215
20
-3.8555039370078741
40
0.0039370078740157
0
CIRCLE
8
BLACK
10
6.2685118110236218
20
-3.8515039370078741
40
0.0039370078740157
0
CIRCLE
8
BLACK
10
5.4805118110236215
20
-3.457503937007874
40
0.0039370078740157
0
CIRCLE
8
BLACK
10
6.2285118110236217
20
-3.6075039370078739
40
0.0039370078740157
0
CIRCLE
8
BLACK
10
6.580511811023622
20
-3.3835039370078741
40
0.0039370078740157
0
CIRCLE
8
BLACK
10
6.6465118110236219
20
-3.9275039370078741
40
0.0039370078740157
0
CIRCLE
8
BLACK
10
5.7565118110236222
20
-3.7135039370078737
40
0.0039370078740157
0
CIRCLE
8
BLACK
10
6.2945118110236216
20
-3.7615039370078738
40
0.0039370078740157
0
CIRCLE
8
BLACK
10
6.2545118110236215
20
-4.0255039370078736
40
0.0039370078740157
0
CIRCLE
8
BLACK
10
6.1825118110236224
20
-3.7775039370078738
40
0.0039370078740157
0
CIRCLE
8
BLACK
10
5.7385118110236215
20
-3.7655039370078738
40
0.0039370078740157
0
CIRCLE
8
BLACK
10
6.2285118110236217
20
-3.7415039370078738
40
0.0039370078740157
0
CIRCLE
8
BLACK
10
6.4565118110236215
20
-3.9035039370078741
40
0.0039370078740157
0
CIRCLE
8
BLACK
10
6.758511811023622
20
-3.6335039370078741
40
0.0039370078740157
0
CIRCLE
8
BLACK
10
6.3025118110236216
20
-3.6415039370078741
40
0.0039370078740157
0
CIRCLE
8
BLACK
10
6.3325118110236218
20
-3.8595039370078741
40
0.0039370078740157
0
CIRCLE
8
BLACK
10
6.4265118110236221
20
-3.3835039370078741
40
0.0039370078740157
0
CIRCLE
8
BLACK
10
5.540511811023622
20
-3.3575039370078739
40
0.0039370078740157
0
CIRCLE
8
BLACK
10
6.3865118110236221
20
-3.807503937007874
40
0.0039370078740157
0
CIRCLE
8
BLACK
10
6.6465118110236219
20
-3.477503937007874
40
0.0039370078740157
0
CIRCLE
8
BLACK
10
5.3965118110236219
20
-3.6295039370078741
40
0.0039370078740157
0
CIRCLE
8
BLACK
10
5.5625118110236222
20
-3.815503937007874
40
0.0039370078740157
0
CIRCLE
8
BLACK
10
6.2325118110236222
20
-4.0635039370078738
40
0.0039370078740157
0
CIRCLE
8
BLACK
10
5.580511811023622
20
-3.9035039370078741
40
0.0039370078740157
0
CIRCLE
8
BLACK
10
5.8205118110236223
20
-3.4295039370078739
40
0.0039370078740157
0
CIRCLE
8
BLACK
10
5.4685118110236219
20
-3.4135039370078739
40
0.0039370078740157
0
CIRCLE
8
BLACK
10
6.3765118110236223
20
-3.9755039370078737
40
0.0039370078740157
0
CIRCLE
8
BLACK
10
5.5225118110236222
20
-3.9295039370078739
40
0.0039370078740157
0
CIRCLE
8
BLACK
10
5.9785118110236217
20
-3.8395039370078741
40
0.0039370078740157
0
CIRCLE
8
BLACK
10
5.766511811023622
20
-3.9175039370078739
40
0.0039370078740157
0
CIRCLE
8
BLACK
10
6.338511811023622
20
-3.779503937007874
40
0.0039370078740157
0
CIRCLE
8
BLACK
10
5.9745118110236222
20
-3.7895039370078738
40
0.0039370078740157
0
CIRCLE
8
BLACK
10
5.7645118110236222
20
-3.8935039370078739
40
0.0039370078740157
0
CIRCLE
8
BLACK
10
6.1085118110236216
20
-3.997503937007874
40
0.0039370078740157
0
CIRCLE
8
BLACK
10
6.1705118110236219
20
-3.8495039370078739
40
0.0039370078740157
0
CIRCLE
8
BLACK
10
6.0765118110236216
20
-3.8495039370078739
40
0.0039370078740157
0
CIRCLE
8
BLACK
10
5.750511811023622
20
-3.8675039370078741
40
0.0039370078740157
0
CIRCLE
8
BLACK
10
6.2845118110236218
20
-3.3415039370078738
40
0.0039370078740157
0
CIRCLE
8
BLACK
10
6.2025118110236219
20
-4.0855039370078741
40
0.0039370078740157
0
CIRCLE
8
BLACK
10
6.5945118110236223
20
-3.3675039370078741
40
0.0039370078740157
0
CIRCLE
8
BLACK
10
5.9865118110236217
20
-3.6795039370078739
40
0.0039370078740157
0
CIRCLE
8
BLACK
10
5.8245118110236218
20
-3.6695039370078741
40
0.0039370078740157
0
CIRCLE
8
BLACK
10
6.580511811023622
20
-3.9035039370078741
40
0.0039370078740157
0
CIRCLE
8
BLACK
10
6.1325118110236216
20
-3.7775039370078738
40
0.0039370078740157
0
CIRCLE
8
BLACK
10
5.7145118110236215
20
-3.4035039370078741
40
0.0039370078740157
0
CIRCLE
8
BLACK
10
6.1405118110236216
20
-3.6075039370078739
40
0.0039370078740157
0
CIRCLE
8
BLACK
10
6.1705118110236219
20
-3.5995039370078739
40
0.0039370078740157
0
CIRCLE
8
BLACK
10
6.3865118110236221
20
-3.7415039370078738
40
0.0039370078740157
0
CIRCLE
8
BLACK
10
5.5465118110236222
20
-3.4795039370078737
40
0.0039370078740157
0
CIRCLE
8
BLACK
10
5.4905118110236222
20
-3.3715039370078741
40
0.0039370078740157
0
CIRCLE
8
BLACK
10
6.048511811023622
20
-3.5815039370078741
40
0.0039370078740157
0
CIRCLE
8
BLACK
10
5.8785118110236221
20
-3.7735039370078738
40
0.0039370078740157
0
CIRCLE
8
BLACK
10
5.750511811023622
20
-3.5595039370078738
40
0.0039370078740157
0
CIRCLE
8
BLACK
10
6.3725118110236219
20
-3.3455039370078739
40
0.0039370078740157
0
CIRCLE
8
BLACK
10
6.1125118110236221
20
-4.0955039370078739
40
0.0039370078740157
0
CIRCLE
8
BLACK
10
5.734511811023622
20
-3.4155039370078741
40
0.0039370078740157
0
CIRCLE
8
BLACK
10
5.8205118110236223
20
-3.5275039370078738
40
0.0039370078740157
0
CIRCLE
8
BLACK
10
5.7205118110236217
20
-3.4995039370078738
40
0.0039370078740157
0
CIRCLE
8
BLACK
10
5.7555118110236219
20
-3.7935039370078738
40
0.0039370078740157
0
CIRCLE
8
BLACK
10
5.4705118110236217
20
-3.8855039370078739
40
0.0039370078740157
0
CIRCLE
8
BLACK
10
6.1705118110236219
20
-3.6795039370078739
40
0.0039370078740157
0
CIRCLE
8
BLACK
10
5.9325118110236224
20
-3.7695039370078738
40
0.0039370078740157
0
CIRCLE
8
BLACK
10
6.3125118110236222
20
-3.779503937007874
40
0.0039370078740157
0
CIRCLE
8
BLACK
10
6.0665118110236218
20
-3.6135039370078741
40
0.0039370078740157
0
CIRCLE
8
BLACK
10
6.4825118110236222
20
-3.9055039370078739
40
0.0039370078740157
0
CIRCLE
8
BLACK
10
6.2065118110236215
20
-3.7775039370078738
40
0.0039370078740157
0
CIRCLE
8
BLACK
10
6.3955118110236215
20
-3.2885039370078739
40
0.0039370078740157
0
CIRCLE
8
BLACK
10
6.2685118110236218
20
-3.9395039370078737
40
0.0039370078740157
0
CIRCLE
8
BLACK
10
5.5145118110236222
20
-3.3595039370078741
40
0.0039370078740157
0
CIRCLE
8
BLACK
10
6.072511811023622
20
-4.0955039370078739
40
0.0039370078740157
0
CIRCLE
8
BLACK
10
6.6905118110236215
20
-3.8515039370078741
40
0.0039370078740157
0
CIRCLE
8
BLACK
10
6.580511811023622
20
-3.4535039370078739
40
0.0039370078740157
0
CIRCLE
8
BLACK
10
6.0145118110236222
20
-3.7695039370078738
40
0.0039370078740157
0
CIRCLE
8
BLACK
10
6.1065118110236218
20
-3.7775039370078738
40
0.0039370078740157
0
CIRCLE
8
BLACK
10
6.3745118110236216
20
-3.311503937007874
40
0.0039370078740157
0
CIRCLE
8
BLACK
10
6.016511811023622
20
-3.973503937007874
40
0.0039370078740157
0
CIRCLE
8
BLACK
10
5.6705118110236219
20
-3.3875039370078741
40
0.0039370078740157
0
CIRCLE
8
BLACK
10
6.0745118110236218
20
-4.021503937007874
40
0.0039370078740157
0
CIRCLE
8
BLACK
10
6.5845118110236216
20
-3.6635039370078739
40
0.0039370078740157
0
CIRCLE
8
BLACK
10
5.4685118110236219
20
-3.8635039370078741
40
0.0039370078740157
0
CIRCLE
8
BLACK
10
5.9985118110236222
20
-3.9395039370078737
40
0.0039370078740157
0
CIRCLE
8
BLACK
10
5.5145118110236222
20
-3.8095039370078738
40
0.0039370078740157
0
CIRCLE
8
BLACK
10
5.9205118110236219
20
-3.311503937007874
40
0.0039370078740157
0
CIRCLE
8
BLACK
10
5.8605118110236223
20
-3.8635039370078741
40
0.0039370078740157
0
CIRCLE
8
BLACK
10
6.3645118110236218
20
-3.509503937007874
40
0.0039370078740157
0
CIRCLE
8
BLACK
10
6.1165118110236216
20
-3.3335039370078738
40
0.0039370078740157
0
CIRCLE
8
BLACK
10
5.580511811023622
20
-3.4535039370078739
40
0.0039370078740157
0
CIRCLE
8
BLACK
10
5.766511811023622
20
-3.4455039370078739
40
0.0039370078740157
0
CIRCLE
8
BLACK
10
5.6925118110236221
20
-3.3935039370078739
40
0.0039370078740157
0
CIRCLE
8
BLACK
10
6.3865118110236221
20
-3.6035039370078739
40
0.0039370078740157
0
CIRCLE
8
BLACK
10
6.6845118110236221
20
-3.8975039370078739
40
0.0039370078740157
0
CIRCLE
8
BLACK
10
6.3165118110236218
20
-3.977503937007874
40
0.0039370078740157
0
CIRCLE
8
BLACK
10
6.6145118110236218
20
-3.807503937007874
40
0.0039370078740157
0
CIRCLE
8
BLACK
10
6.0145118110236222
20
-3.8915039370078741
40
0.0039370078740157
0
CIRCLE
8
BLACK
10
6.4305118110236217
20
-4.0755039370078743
40
0.0039370078740157
0
CIRCLE
8
BLACK
10
6.056511811023622
20
-3.727503937007874
40
0.0039370078740157
0
CIRCLE
8
BLACK
10
6.4225118110236217
20
-3.9035039370078741
40
0.0039370078740157
0
CIRCLE
8
BLACK
10
5.9685118110236219
20
-3.9015039370078739
40
0.0039370078740157
0
CIRCLE
8
BLACK
10
5.580511811023622
20
-3.8335039370078738
40
0.0039370078740157
0
CIRCLE
8
BLACK
10
5.8205118110236223
20
-3.868503937007874
40
0.0039370078740157
0
CIRCLE
8
BLACK
10
5.8125118110236222
20
-3.501503937007874
40
0.0039370078740157
0
CIRCLE
8
BLACK
10
6.1265118110236223
20
-3.5435039370078738
40
0.0039370078740157
0
CIRCLE
8
BLACK
10
5.9565118110236215
20
-3.767503937007874
40
0.0039370078740157
0
CIRCLE
8
BLACK
10
6.016511811023622
20
-3.6915039370078739
40
0.0039370078740157
0
CIRCLE
8
BLACK
10
5.8265118110236216
20
-3.6435039370078739
40
0.0039370078740157
0
CIRCLE
8
BLACK
10
5.7325118110236222
20
-3.8475039370078741
40
0.0039370078740157
0
CIRCLE
8
BLACK
10
6.6905118110236215
20
-3.4015039370078739
40
0.0039370078740157
0
CIRCLE
8
BLACK
10
5.4985118110236222
20
-3.4715039370078737
40
0.0039370078740157
0
CIRCLE
8
BLACK
10
6.5985118110236218
20
-3.9215039370078739
40
0.0039370078740157
0
CIRCLE
8
BLACK
10
6.3885118110236219
20
-3.5275039370078738
40
0.0039370078740157
0
CIRCLE
8
BLACK
10
5.9405118110236215
20
-4.0835039370078743
40
0.0039370078740157
0
CIRCLE
8
BLACK
10
5.9766811023622042
20
-3.8135039370078738
40
0.0039370078740157
0
CIRCLE
8
BLACK
10
6.266511811023622
20
-3.8195039370078741
40
0.0039370078740157
0
CIRCLE
8
BLACK
10
6.3905118110236216
20
-3.5635039370078738
40
0.0039370078740157
0
CIRCLE
8
BLACK
10
6.0745118110236218
20
-4.0695039370078741
40
0.0039370078740157
0
CIRCLE
8
BLACK
10
6.4005118110236223
20
-3.465503937007874
40
0.0039370078740157
0
CIRCLE
8
BLACK
10
5.7465118110236215
20
-4.0275039370078742
40
0.0039370078740157
0
CIRCLE
8
BLACK
10
6.4485118110236215
20
-3.8335039370078738
40
0.0039370078740157
0
CIRCLE
8
BLACK
10
5.705511811023622
20
-3.9915039370078738
40
0.0039370078740157
0
CIRCLE
8
BLACK
10
6.0665118110236218
20
-3.6655039370078741
40
0.0039370078740157
0
CIRCLE
8
BLACK
10
5.798511811023622
20
-3.4795039370078737
40
0.0039370078740157
0
CIRCLE
8
BLACK
10
5.7545118110236215
20
-3.618503937007874
40
0.0039370078740157
0
CIRCLE
8
BLACK
10
6.3945118110236221
20
-3.993503937007874
40
0.0039370078740157
0
CIRCLE
8
BLACK
10
6.1745118110236223
20
-4.0815039370078736
40
0.0039370078740157
0
CIRCLE
8
BLACK
10
6.3705118110236221
20
-3.8935039370078739
40
0.0039370078740157
0
CIRCLE
8
BLACK
10
6.6805118110236217
20
-3.8295039370078738
40
0.0039370078740157
0
CIRCLE
8
BLACK
10
6.6625118110236219
20
-3.815503937007874
40
0.0039370078740157
0
CIRCLE
8
BLACK
10
5.7545118110236215
20
-3.678503937007874
40
0.0039370078740157
0
CIRCLE
8
BLACK
10
5.8905118110236216
20
-3.4915039370078738
40
0.0039370078740157
0
CIRCLE
8
BLACK
10
6.4705118110236217
20
-3.8335039370078738
40
0.0039370078740157
0
CIRCLE
8
BLACK
10
5.7045118110236217
20
-3.4835039370078738
40
0.0039370078740157
0
CIRCLE
8
BLACK
10
6.0505118110236218
20
-3.775503937007874
40
0.0039370078740157
0
CIRCLE
8
BLACK
10
6.4545118110236217
20
-3.3835039370078741
40
0.0039370078740157
0
CIRCLE
8
BLACK
10
6.4045118110236219
20
-3.5855039370078741
40
0.0039370078740157
0
CIRCLE
8
BLACK
10
5.9585118110236222
20
-3.6795039370078739
40
0.0039370078740157
0
CIRCLE
8
BLACK
10
6.4545118110236217
20
-3.4555039370078737
40
0.0039370078740157
0
CIRCLE
8
BLACK
10
5.6865118110236219
20
-3.9135039370078739
40
0.0039370078740157
0
CIRCLE
8
BLACK
10
5.766511811023622
20
-3.9435039370078737
40
0.0039370078740157
0
CIRCLE
8
BLACK
10
5.984511811023622
20
-3.541503937007874
40
0.0039370078740157
0
CIRCLE
8
BLACK
10
6.3165118110236218
20
-3.5087924803149604
40
0.0039370078740157
0
CIRCLE
8
BLACK
10
6.290511811023622
20
-3.493503937007874
40
0.0039370078740157
0
CIRCLE
8
BLACK
10
5.9945118110236217
20
-3.3975039370078739
40
0.0039370078740157
0
CIRCLE
8
BLACK
10
5.4765118110236219
20
-3.3895039370078739
40
0.0039370078740157
0
CIRCLE
8
BLACK
10
6.3725118110236219
20
-3.9475039370078737
40
0.0039370078740157
0
CIRCLE
8
BLACK
10
5.5665118110236218
20
-3.9195039370078741
40
0.0039370078740157
0
CIRCLE
8
BLACK
10
5.5225118110236222
20
-3.4795039370078737
40
0.0039370078740157
0
CIRCLE
8
BLACK
10
5.9325118110236224
20
-3.6075039370078739
40
0.0039370078740157
0
CIRCLE
8
BLACK
10
5.8485118110236218
20
-3.763503937007874
40
0.0039370078740157
0
CIRCLE
8
BLACK
10
6.6205118110236221
20
-3.9295039370078739
40
0.0039370078740157
0
CIRCLE
8
BLACK
10
5.8785118110236221
20
-3.973503937007874
40
0.0039370078740157
0
CIRCLE
8
BLACK
10
6.0785118110236223
20
-3.7775039370078738
40
0.0039370078740157
0
CIRCLE
8
BLACK
10
5.8765118110236223
20
-3.3715039370078741
40
0.0039370078740157
0
CIRCLE
8
BLACK
10
6.3665118110236216
20
-3.7815039370078738
40
0.0039370078740157
0
CIRCLE
8
BLACK
10
6.3765118110236223
20
-3.6475039370078739
40
0.0039370078740157
0
CIRCLE
8
BLACK
10
6.3085118110236218
20
-3.8575039370078739
40
0.0039370078740157
0
CIRCLE
8
BLACK
10
6.3285118110236223
20
-3.3715039370078741
40
0.0039370078740157
0
CIRCLE
8
BLACK
10
5.5465118110236222
20
-3.9295039370078739
40
0.0039370078740157
0
CIRCLE
8
BLACK
10
5.4805118110236215
20
-3.9075039370078741
40
0.0039370078740157
0
CIRCLE
8
BLACK
10
6.2685118110236218
20
-3.9095039370078739
40
0.0039370078740157
0
CIRCLE
8
BLACK
10
5.6825118110236224
20
-3.8295039370078738
40
0.0039370078740157
0
CIRCLE
8
BLACK
10
5.9945118110236217
20
-3.8575039370078739
40
0.0039370078740157
0
CIRCLE
8
BLACK
10
5.9325118110236224
20
-3.6795039370078739
40
0.0039370078740157
0
CIRCLE
8
BLACK
10
5.8785118110236221
20
-3.9375039370078739
40
0.0039370078740157
0
CIRCLE
8
BLACK
10
5.4985118110236222
20
-3.9215039370078739
40
0.0039370078740157
0
CIRCLE
8
BLACK
10
6.032511811023622
20
-3.9875039370078738
40
0.0039370078740157
0
CIRCLE
8
BLACK
10
5.580511811023622
20
-3.3835039370078741
40
0.0039370078740157
0
CIRCLE
8
BLACK
10
6.2565118110236222
20
-3.997503937007874
40
0.0039370078740157
0
CIRCLE
8
BLACK
10
5.9405118110236215
20
-3.9015039370078739
40
0.0039370078740157
0
CIRCLE
8
BLACK
10
6.0305118110236222
20
-3.5195039370078738
40
0.0039370078740157
0
CIRCLE
8
BLACK
10
6.3505118110236216
20
-3.8775039370078739
40
0.0039370078740157
0
CIRCLE
8
BLACK
10
6.3745118110236216
20
-3.6695039370078741
40
0.0039370078740157
0
CIRCLE
8
BLACK
10
5.7545118110236215
20
-3.6485039370078738
40
0.0039370078740157
0
CIRCLE
8
BLACK
10
6.0385118110236222
20
-4.0935039370078741
40
0.0039370078740157
0
CIRCLE
8
BLACK
10
6.580511811023622
20
-3.8335039370078738
40
0.0039370078740157
0
CIRCLE
8
BLACK
10
5.4765118110236219
20
-3.8395039370078741
40
0.0039370078740157
0
CIRCLE
8
BLACK
10
6.0055118110236219
20
-4.1035039370078739
40
0.0039370078740157
0
CIRCLE
8
BLACK
10
6.1585118110236223
20
-3.7775039370078738
40
0.0039370078740157
0
CIRCLE
8
BLACK
10
6.6805118110236217
20
-3.3795039370078741
40
0.0039370078740157
0
CIRCLE
8
BLACK
10
6.0225118110236222
20
-3.8575039370078739
40
0.0039370078740157
0
CIRCLE
8
BLACK
10
5.9945118110236217
20
-4.053503937007874
40
0.0039370078740157
0
CIRCLE
8
BLACK
10
6.2025118110236219
20
-3.6795039370078739
40
0.0039370078740157
0
CIRCLE
8
BLACK
10
6.3005118110236218
20
-3.6985039370078741
40
0.0039370078740157
0
CIRCLE
8
BLACK
10
6.2255118110236216
20
-3.7895039370078738
40
0.0039370078740157
0
CIRCLE
8
BLACK
10
6.4485118110236215
20
-3.6475039370078739
40
0.0039370078740157
0
CIRCLE
8
BLACK
10
5.782511811023622
20
-3.461503937007874
40
0.0039370078740157
0
CIRCLE
8
BLACK
10
5.984511811023622
20
-3.6075039370078739
40
0.0039370078740157
0
CIRCLE
8
BLACK
10
6.3545118110236221
20
-3.4075039370078741
40
0.0039370078740157
0
CIRCLE
8
BLACK
10
5.4905118110236222
20
-3.8215039370078738
40
0.0039370078740157
0
CIRCLE
8
BLACK
10
5.8125118110236222
20
-3.7935039370078738
40
0.0039370078740157
0
CIRCLE
8
BLACK
10
6.2685118110236218
20
-3.969503937007874
40
0.0039370078740157
0
CIRCLE
8
BLACK
10
6.4465118110236217
20
-3.9915039370078738
40
0.0039370078740157
0
CIRCLE
8
BLACK
10
6.1325118110236216
20
-3.7015039370078737
40
0.0039370078740157
0
CIRCLE
8
BLACK
10
6.6205118110236221
20
-3.4795039370078737
40
0.0039370078740157
0
CIRCLE
8
BLACK
10
5.5625118110236222
20
-3.3655039370078739
40
0.0039370078740157
0
CIRCLE
8
BLACK
10
6.2465118110236215
20
-3.7975039370078738
40
0.0039370078740157
0
CIRCLE
8
BLACK
10
6.048511811023622
20
-3.8515039370078741
40
0.0039370078740157
0
CIRCLE
8
BLACK
10
6.0525118110236216
20
-4.0015039370078735
40
0.0039370078740157
0
CIRCLE
8
BLACK
10
6.6705118110236219
20
-3.9155039370078741
40
0.0039370078740157
0
CIRCLE
8
BLACK
10
6.492511811023622
20
-3.8335039370078738
40
0.0039370078740157
0
CIRCLE
8
BLACK
10
5.4705118110236217
20
-3.4355039370078742
40
0.0039370078740157
0
CIRCLE
8
BLACK
10
6.2945118110236216
20
-3.8315039370078741
40
0.0039370078740157
0
CIRCLE
8
BLACK
10
6.5945118110236223
20
-3.8175039370078738
40
0.0039370078740157
0
CIRCLE
8
BLACK
10
5.8555118110236215
20
-3.9035039370078741
40
0.0039370078740157
0
CIRCLE
8
BLACK
10
6.6385118110236219
20
-3.3575039370078739
40
0.0039370078740157
0
CIRCLE
8
BLACK
10
6.3185118110236216
20
-3.4355039370078742
40
0.0039370078740157
0
CIRCLE
8
BLACK
10
6.1825118110236224
20
-3.985503937007874
40
0.0039370078740157
0
CIRCLE
8
BLACK
10
6.3885118110236219
20
-3.4955039370078738
40
0.0039370078740157
0
CIRCLE
8
BLACK
10
6.6925118110236221
20
-3.4235039370078741
40
0.0039370078740157
0
CIRCLE
8
BLACK
10
5.9045118110236219
20
-3.553503937007874
40
0.0078740157480315
0
CIRCLE
8
BLACK
10
5.7785118110236215
20
-4.2195039370078735
40
0.0078740157480315
0
CIRCLE
8
BLACK
10
5.8555118110236215
20
-3.7185039370078741
40
0.0078740157480315
0
CIRCLE
8
BLACK
10
6.2555118110236219
20
-3.7185039370078741
40
0.0078740157480315
  0
ENDSEC
  0
EOF
