  0
SECTION
  2
HEADER
  9
$ANGBASE
  50
0.0
  9
$ANGDIR
  70
1
  9
$MEASUREMENT
  70
0
  0
ENDSEC
  0
SECTION
  2
TABLES
  0
TABLE
  2
LTYPE
  70
4
  0
LTYPE
  5
40F
  2
CONTINUOUS
  70
0
  3
Solid line
  72
65
  73
0
  40
0.0
  0
LTYPE
  5
410
  2
DASHDOT
 70
0
  3
Dash Dot ____ _ ____ _
 72
65
 73
4
 40
2.0
 49
1.25
 49
-0.25
 49
0.25
 49
-0.25
  0
LTYPE
  5
411
  2
DASHED
 70
0
  3
Dashed __ __ __ __ __
 72
65
 73
2
 40
0.75
 49
0.5
 49
-0.25
  0
LTYPE
  5
43B
  2
DOTTED
 70
0
  3
Dotted .  .  .  .
 72
65
 73
2
 40
0.2
 49
0.0
 49
-0.2
  0
ENDTAB
  0
TABLE
  2
STYLE
  70
4
  0
STYLE
  2
KICAD
  70
0
  40
0
  41
1
  42
1
  50
0
  71
0
  3
isocp.shx
  0
STYLE
  2
KICADB
  70
0
  40
0
  41
1
  42
1
  50
0
  71
0
  3
isocp.shx
  0
STYLE
  2
KICADI
  70
0
  40
0
  41
1
  42
1
  50
15
  71
0
  3
isocp.shx
  0
STYLE
  2
KICADBI
  70
0
  40
0
  41
1
  42
1
  50
15
  71
0
  3
isocp.shx
  0
ENDTAB
  0
TABLE
  2
LAYER
  70
1
  0
LAYER
  2
BLACK
  70
0
  62
7
  6
CONTINUOUS
  0
ENDTAB
  0
ENDSEC
  0
SECTION
  2
ENTITIES
0
LINE
8
BLACK
6
CONTINUOUS
10
6.2652737401574798
20
-4.3116059448818893
11
6.2659645669291333
21
-4.3135039370078738
0
LINE
8
BLACK
6
CONTINUOUS
10
6.2659645669291333
20
-4.3135039370078738
11
6.2659645669291333
21
-4.3735039370078743
0
LINE
8
BLACK
6
CONTINUOUS
10
6.2659645669291333
20
-4.3735039370078743
11
6.2657864960629919
21
-4.3745138582677168
0
LINE
8
BLACK
6
CONTINUOUS
10
6.2657864960629919
20
-4.3745138582677168
11
6.2644881889763777
21
-4.3760611023622049
0
LINE
8
BLACK
6
CONTINUOUS
10
6.2644881889763777
20
-4.3760611023622049
11
6.2624990551181101
21
-4.3764118503937004
0
LINE
8
BLACK
6
CONTINUOUS
10
6.2624990551181101
20
-4.3764118503937004
11
6.2607498818897636
21
-4.3754019291338579
0
LINE
8
BLACK
6
CONTINUOUS
10
6.2607498818897636
20
-4.3754019291338579
11
6.2600590551181101
21
-4.3735039370078743
0
LINE
8
BLACK
6
CONTINUOUS
10
6.2600590551181101
20
-4.3735039370078743
11
6.2600590551181101
21
-4.3135039370078738
0
LINE
8
BLACK
6
CONTINUOUS
10
6.2600590551181101
20
-4.3135039370078738
11
6.2602371259842515
21
-4.3124940157480314
0
LINE
8
BLACK
6
CONTINUOUS
10
6.2602371259842515
20
-4.3124940157480314
11
6.2615354330708657
21
-4.3109467716535432
0
LINE
8
BLACK
6
CONTINUOUS
10
6.2615354330708657
20
-4.3109467716535432
11
6.2635245669291333
21
-4.3105960236220469
0
LINE
8
BLACK
6
CONTINUOUS
10
6.2635245669291333
20
-4.3105960236220469
11
6.2652737401574798
21
-4.3116059448818893
0
LINE
8
BLACK
6
CONTINUOUS
10
6.3852737401574799
20
-4.3116059448818893
11
6.3859645669291334
21
-4.3135039370078738
0
LINE
8
BLACK
6
CONTINUOUS
10
6.3859645669291334
20
-4.3135039370078738
11
6.3859645669291334
21
-4.3735039370078743
0
LINE
8
BLACK
6
CONTINUOUS
10
6.3859645669291334
20
-4.3735039370078743
11
6.385786496062992
21
-4.3745138582677168
0
LINE
8
BLACK
6
CONTINUOUS
10
6.385786496062992
20
-4.3745138582677168
11
6.3844881889763778
21
-4.3760611023622049
0
LINE
8
BLACK
6
CONTINUOUS
10
6.3844881889763778
20
-4.3760611023622049
11
6.3824990551181102
21
-4.3764118503937004
0
LINE
8
BLACK
6
CONTINUOUS
10
6.3824990551181102
20
-4.3764118503937004
11
6.3807498818897637
21
-4.3754019291338579
0
LINE
8
BLACK
6
CONTINUOUS
10
6.3807498818897637
20
-4.3754019291338579
11
6.3800590551181102
21
-4.3735039370078743
0
LINE
8
BLACK
6
CONTINUOUS
10
6.3800590551181102
20
-4.3735039370078743
11
6.3800590551181102
21
-4.3135039370078738
0
LINE
8
BLACK
6
CONTINUOUS
10
6.3800590551181102
20
-4.3135039370078738
11
6.3802371259842516
21
-4.3124940157480314
0
LINE
8
BLACK
6
CONTINUOUS
10
6.3802371259842516
20
-4.3124940157480314
11
6.3815354330708658
21
-4.3109467716535432
0
LINE
8
BLACK
6
CONTINUOUS
10
6.3815354330708658
20
-4.3109467716535432
11
6.3835245669291334
21
-4.3105960236220469
0
LINE
8
BLACK
6
CONTINUOUS
10
6.3835245669291334
20
-4.3105960236220469
11
6.3852737401574799
21
-4.3116059448818893
0
LINE
8
BLACK
6
CONTINUOUS
10
6.3396821259842522
20
-4.3718336220472436
11
6.3403740157480311
21
-4.3735039370078743
0
LINE
8
BLACK
6
CONTINUOUS
10
6.3403740157480311
20
-4.3735039370078743
11
6.3396821259842522
21
-4.3751742519685042
0
LINE
8
BLACK
6
CONTINUOUS
10
6.3396821259842522
20
-4.3751742519685042
11
6.3380118110236223
21
-4.3758661417322831
0
LINE
8
BLACK
6
CONTINUOUS
10
6.3380118110236223
20
-4.3758661417322831
11
6.3080118110236221
21
-4.3758661417322831
0
LINE
8
BLACK
6
CONTINUOUS
10
6.3080118110236221
20
-4.3758661417322831
11
6.3063414960629922
21
-4.3751742519685042
0
LINE
8
BLACK
6
CONTINUOUS
10
6.3063414960629922
20
-4.3751742519685042
11
6.3056496062992125
21
-4.3735039370078743
0
LINE
8
BLACK
6
CONTINUOUS
10
6.3056496062992125
20
-4.3735039370078743
11
6.3063414960629922
21
-4.3718336220472436
0
LINE
8
BLACK
6
CONTINUOUS
10
6.3063414960629922
20
-4.3718336220472436
11
6.3080118110236221
21
-4.3711417322834647
0
LINE
8
BLACK
6
CONTINUOUS
10
6.3080118110236221
20
-4.3711417322834647
11
6.3380118110236223
21
-4.3711417322834647
0
LINE
8
BLACK
6
CONTINUOUS
10
6.3380118110236223
20
-4.3711417322834647
11
6.3396821259842522
21
-4.3718336220472436
0
LINE
8
BLACK
6
CONTINUOUS
10
5.8330611023622048
20
-4.2836059448818897
11
5.8337519291338582
21
-4.2855039370078742
0
LINE
8
BLACK
6
CONTINUOUS
10
5.8337519291338582
20
-4.2855039370078742
11
5.8337519291338582
21
-4.3455039370078739
0
LINE
8
BLACK
6
CONTINUOUS
10
5.8337519291338582
20
-4.3455039370078739
11
5.8335738582677168
21
-4.3465138582677163
0
LINE
8
BLACK
6
CONTINUOUS
10
5.8335738582677168
20
-4.3465138582677163
11
5.8322755511811026
21
-4.3480611023622044
0
LINE
8
BLACK
6
CONTINUOUS
10
5.8322755511811026
20
-4.3480611023622044
11
5.8302864173228341
21
-4.3484118503937008
0
LINE
8
BLACK
6
CONTINUOUS
10
5.8302864173228341
20
-4.3484118503937008
11
5.8285372440944885
21
-4.3474019291338584
0
LINE
8
BLACK
6
CONTINUOUS
10
5.8285372440944885
20
-4.3474019291338584
11
5.8278464173228341
21
-4.3455039370078739
0
LINE
8
BLACK
6
CONTINUOUS
10
5.8278464173228341
20
-4.3455039370078739
11
5.8278464173228341
21
-4.2855039370078742
0
LINE
8
BLACK
6
CONTINUOUS
10
5.8278464173228341
20
-4.2855039370078742
11
5.8280244881889764
21
-4.2844940157480318
0
LINE
8
BLACK
6
CONTINUOUS
10
5.8280244881889764
20
-4.2844940157480318
11
5.8293227952755906
21
-4.2829467716535436
0
LINE
8
BLACK
6
CONTINUOUS
10
5.8293227952755906
20
-4.2829467716535436
11
5.8313119291338582
21
-4.2825960236220473
0
LINE
8
BLACK
6
CONTINUOUS
10
5.8313119291338582
20
-4.2825960236220473
11
5.8330611023622048
21
-4.2836059448818897
0
LINE
8
BLACK
6
CONTINUOUS
10
5.9530611023622049
20
-4.2836059448818897
11
5.9537519291338583
21
-4.2855039370078742
0
LINE
8
BLACK
6
CONTINUOUS
10
5.9537519291338583
20
-4.2855039370078742
11
5.9537519291338583
21
-4.3455039370078739
0
LINE
8
BLACK
6
CONTINUOUS
10
5.9537519291338583
20
-4.3455039370078739
11
5.953573858267716
21
-4.3465138582677163
0
LINE
8
BLACK
6
CONTINUOUS
10
5.953573858267716
20
-4.3465138582677163
11
5.9522755511811019
21
-4.3480611023622044
0
LINE
8
BLACK
6
CONTINUOUS
10
5.9522755511811019
20
-4.3480611023622044
11
5.9502864173228343
21
-4.3484118503937008
0
LINE
8
BLACK
6
CONTINUOUS
10
5.9502864173228343
20
-4.3484118503937008
11
5.9485372440944877
21
-4.3474019291338584
0
LINE
8
BLACK
6
CONTINUOUS
10
5.9485372440944877
20
-4.3474019291338584
11
5.9478464173228343
21
-4.3455039370078739
0
LINE
8
BLACK
6
CONTINUOUS
10
5.9478464173228343
20
-4.3455039370078739
11
5.9478464173228343
21
-4.2855039370078742
0
LINE
8
BLACK
6
CONTINUOUS
10
5.9478464173228343
20
-4.2855039370078742
11
5.9480244881889766
21
-4.2844940157480318
0
LINE
8
BLACK
6
CONTINUOUS
10
5.9480244881889766
20
-4.2844940157480318
11
5.9493227952755907
21
-4.2829467716535436
0
LINE
8
BLACK
6
CONTINUOUS
10
5.9493227952755907
20
-4.2829467716535436
11
5.9513119291338583
21
-4.2825960236220473
0
LINE
8
BLACK
6
CONTINUOUS
10
5.9513119291338583
20
-4.2825960236220473
11
5.9530611023622049
21
-4.2836059448818897
0
LINE
8
BLACK
6
CONTINUOUS
10
5.9074694881889762
20
-4.343833622047244
11
5.908161377952756
21
-4.3455039370078739
0
LINE
8
BLACK
6
CONTINUOUS
10
5.908161377952756
20
-4.3455039370078739
11
5.9074694881889762
21
-4.3471742519685037
0
LINE
8
BLACK
6
CONTINUOUS
10
5.9074694881889762
20
-4.3471742519685037
11
5.9057991732283464
21
-4.3478661417322835
0
LINE
8
BLACK
6
CONTINUOUS
10
5.9057991732283464
20
-4.3478661417322835
11
5.8757991732283461
21
-4.3478661417322835
0
LINE
8
BLACK
6
CONTINUOUS
10
5.8757991732283461
20
-4.3478661417322835
11
5.8741288582677162
21
-4.3471742519685037
0
LINE
8
BLACK
6
CONTINUOUS
10
5.8741288582677162
20
-4.3471742519685037
11
5.8734369685039365
21
-4.3455039370078739
0
LINE
8
BLACK
6
CONTINUOUS
10
5.8734369685039365
20
-4.3455039370078739
11
5.8741288582677162
21
-4.343833622047244
0
LINE
8
BLACK
6
CONTINUOUS
10
5.8741288582677162
20
-4.343833622047244
11
5.8757991732283461
21
-4.3431417322834642
0
LINE
8
BLACK
6
CONTINUOUS
10
5.8757991732283461
20
-4.3431417322834642
11
5.9057991732283464
21
-4.3431417322834642
0
LINE
8
BLACK
6
CONTINUOUS
10
5.9057991732283464
20
-4.3431417322834642
11
5.9074694881889762
21
-4.343833622047244
0
LINE
8
BLACK
6
CONTINUOUS
10
6.3396821259842522
20
-4.311833622047244
11
6.3403740157480311
21
-4.3135039370078738
0
LINE
8
BLACK
6
CONTINUOUS
10
6.3403740157480311
20
-4.3135039370078738
11
6.3396821259842522
21
-4.3151742519685037
0
LINE
8
BLACK
6
CONTINUOUS
10
6.3396821259842522
20
-4.3151742519685037
11
6.3380118110236223
21
-4.3158661417322834
0
LINE
8
BLACK
6
CONTINUOUS
10
6.3380118110236223
20
-4.3158661417322834
11
6.3080118110236221
21
-4.3158661417322834
0
LINE
8
BLACK
6
CONTINUOUS
10
6.3080118110236221
20
-4.3158661417322834
11
6.3063414960629922
21
-4.3151742519685037
0
LINE
8
BLACK
6
CONTINUOUS
10
6.3063414960629922
20
-4.3151742519685037
11
6.3056496062992125
21
-4.3135039370078738
0
LINE
8
BLACK
6
CONTINUOUS
10
6.3056496062992125
20
-4.3135039370078738
11
6.3063414960629922
21
-4.311833622047244
0
LINE
8
BLACK
6
CONTINUOUS
10
6.3063414960629922
20
-4.311833622047244
11
6.3080118110236221
21
-4.3111417322834642
0
LINE
8
BLACK
6
CONTINUOUS
10
6.3080118110236221
20
-4.3111417322834642
11
6.3380118110236223
21
-4.3111417322834642
0
LINE
8
BLACK
6
CONTINUOUS
10
6.3380118110236223
20
-4.3111417322834642
11
6.3396821259842522
21
-4.311833622047244
0
LINE
8
BLACK
6
CONTINUOUS
10
5.7385491732283462
20
-4.2512170866141732
11
5.7387185826771656
21
-4.2512061811023623
0
LINE
8
BLACK
6
CONTINUOUS
10
5.7387185826771656
20
-4.2512061811023623
11
5.7394091732283465
21
-4.2517136220472436
0
LINE
8
BLACK
6
CONTINUOUS
10
5.7394091732283465
20
-4.2517136220472436
11
5.7401512992125987
21
-4.2521421259842516
0
LINE
8
BLACK
6
CONTINUOUS
10
5.7401512992125987
20
-4.2521421259842516
11
5.7402093307086615
21
-4.2523016141732279
0
LINE
8
BLACK
6
CONTINUOUS
10
5.7402093307086615
20
-4.2523016141732279
11
5.7403462204724409
21
-4.252402204724409
0
LINE
8
BLACK
6
CONTINUOUS
10
5.7403462204724409
20
-4.252402204724409
11
5.7439335433070866
21
-4.2577832283464563
0
LINE
8
BLACK
6
CONTINUOUS
10
5.7439335433070866
20
-4.2577832283464563
11
5.7471375196850394
21
-4.2609872047244091
0
LINE
8
BLACK
6
CONTINUOUS
10
5.7471375196850394
20
-4.2609872047244091
11
5.750458464566929
21
-4.2626476771653543
0
LINE
8
BLACK
6
CONTINUOUS
10
5.750458464566929
20
-4.2626476771653543
11
5.7512821259842521
21
-4.2632585826771656
0
LINE
8
BLACK
6
CONTINUOUS
10
5.7512821259842521
20
-4.2632585826771656
11
5.7520853937007876
21
-4.2651117716535429
0
LINE
8
BLACK
6
CONTINUOUS
10
5.7520853937007876
20
-4.2651117716535429
11
5.7515095275590546
21
-4.2670477952755901
0
LINE
8
BLACK
6
CONTINUOUS
10
5.7515095275590546
20
-4.2670477952755901
11
5.7498239763779528
21
-4.26816062992126
0
LINE
8
BLACK
6
CONTINUOUS
10
5.7498239763779528
20
-4.26816062992126
11
5.7478174409448819
21
-4.2679297244094485
0
LINE
8
BLACK
6
CONTINUOUS
10
5.7478174409448819
20
-4.2679297244094485
11
5.7440679133858268
21
-4.266054960629921
0
LINE
8
BLACK
6
CONTINUOUS
10
5.7440679133858268
20
-4.266054960629921
11
5.7433588188976374
21
-4.2655290157480312
0
LINE
8
BLACK
6
CONTINUOUS
10
5.7433588188976374
20
-4.2655290157480312
11
5.7433005118110234
21
-4.2655018503937008
0
LINE
8
BLACK
6
CONTINUOUS
10
5.7433005118110234
20
-4.2655018503937008
11
5.7408421259842521
21
-4.2630434645669286
0
LINE
8
BLACK
6
CONTINUOUS
10
5.7408421259842521
20
-4.2630434645669286
11
5.7408421259842521
21
-4.2904574409448815
0
LINE
8
BLACK
6
CONTINUOUS
10
5.7408421259842521
20
-4.2904574409448815
11
5.7491379527559054
21
-4.2904574409448815
0
LINE
8
BLACK
6
CONTINUOUS
10
5.7491379527559054
20
-4.2904574409448815
11
5.7501478740157479
21
-4.2906355118110238
0
LINE
8
BLACK
6
CONTINUOUS
10
5.7501478740157479
20
-4.2906355118110238
11
5.751695118110236
21
-4.2919338188976379
0
LINE
8
BLACK
6
CONTINUOUS
10
5.751695118110236
20
-4.2919338188976379
11
5.7520458661417324
21
-4.2939229527559055
0
LINE
8
BLACK
6
CONTINUOUS
10
5.7520458661417324
20
-4.2939229527559055
11
5.75103594488189
21
-4.2956721259842521
0
LINE
8
BLACK
6
CONTINUOUS
10
5.75103594488189
20
-4.2956721259842521
11
5.7491379527559054
21
-4.2963629527559055
0
LINE
8
BLACK
6
CONTINUOUS
10
5.7491379527559054
20
-4.2963629527559055
11
5.7266407874015748
21
-4.2963629527559055
0
LINE
8
BLACK
6
CONTINUOUS
10
5.7266407874015748
20
-4.2963629527559055
11
5.7256308661417323
21
-4.2961848818897641
0
LINE
8
BLACK
6
CONTINUOUS
10
5.7256308661417323
20
-4.2961848818897641
11
5.7240836220472442
21
-4.2948865748031499
0
LINE
8
BLACK
6
CONTINUOUS
10
5.7240836220472442
20
-4.2948865748031499
11
5.7237328740157478
21
-4.2928974409448815
0
LINE
8
BLACK
6
CONTINUOUS
10
5.7237328740157478
20
-4.2928974409448815
11
5.7247427952755903
21
-4.2911482677165349
0
LINE
8
BLACK
6
CONTINUOUS
10
5.7247427952755903
20
-4.2911482677165349
11
5.7266407874015748
21
-4.2904574409448815
0
LINE
8
BLACK
6
CONTINUOUS
10
5.7266407874015748
20
-4.2904574409448815
11
5.7349366141732281
21
-4.2904574409448815
0
LINE
8
BLACK
6
CONTINUOUS
10
5.7349366141732281
20
-4.2904574409448815
11
5.7349366141732281
21
-4.2540401181102361
0
LINE
8
BLACK
6
CONTINUOUS
10
5.7349366141732281
20
-4.2540401181102361
11
5.7351146850393704
21
-4.2530301968503936
0
LINE
8
BLACK
6
CONTINUOUS
10
5.7351146850393704
20
-4.2530301968503936
11
5.7352237795275594
21
-4.2529001181102357
0
LINE
8
BLACK
6
CONTINUOUS
10
5.7352237795275594
20
-4.2529001181102357
11
5.7352424803149606
21
-4.252731377952756
0
LINE
8
BLACK
6
CONTINUOUS
10
5.7352424803149606
20
-4.252731377952756
11
5.7358620866141727
21
-4.2521394488188973
0
LINE
8
BLACK
6
CONTINUOUS
10
5.7358620866141727
20
-4.2521394488188973
11
5.7364129921259845
21
-4.2514829527559055
0
LINE
8
BLACK
6
CONTINUOUS
10
5.7364129921259845
20
-4.2514829527559055
11
5.7365801968503938
21
-4.2514534645669286
0
LINE
8
BLACK
6
CONTINUOUS
10
5.7365801968503938
20
-4.2514534645669286
11
5.7367029921259842
21
-4.2513361811023618
0
LINE
8
BLACK
6
CONTINUOUS
10
5.7367029921259842
20
-4.2513361811023618
11
5.7375581102362201
21
-4.2512810236220471
0
LINE
8
BLACK
6
CONTINUOUS
10
5.7375581102362201
20
-4.2512810236220471
11
5.7384021259842521
21
-4.2511322047244091
0
LINE
8
BLACK
6
CONTINUOUS
10
5.7384021259842521
20
-4.2511322047244091
11
5.7385491732283462
21
-4.2512170866141732
0
LINE
8
BLACK
6
CONTINUOUS
10
5.7907699606299214
20
-4.2521421259842516
11
5.7914607874015749
21
-4.2540401181102361
0
LINE
8
BLACK
6
CONTINUOUS
10
5.7914607874015749
20
-4.2540401181102361
11
5.7914607874015749
21
-4.2859111023622045
0
LINE
8
BLACK
6
CONTINUOUS
10
5.7914607874015749
20
-4.2859111023622045
11
5.7912827165354326
21
-4.286921023622047
0
LINE
8
BLACK
6
CONTINUOUS
10
5.7912827165354326
20
-4.286921023622047
11
5.7911692125984251
21
-4.2870562598425197
0
LINE
8
BLACK
6
CONTINUOUS
10
5.7911692125984251
20
-4.2870562598425197
11
5.79114905511811
21
-4.2872316141732281
0
LINE
8
BLACK
6
CONTINUOUS
10
5.79114905511811
20
-4.2872316141732281
11
5.7892742913385824
21
-4.2909811417322832
0
LINE
8
BLACK
6
CONTINUOUS
10
5.7892742913385824
20
-4.2909811417322832
11
5.7887483464566927
21
-4.2916901968503938
0
LINE
8
BLACK
6
CONTINUOUS
10
5.7887483464566927
20
-4.2916901968503938
11
5.7887211811023622
21
-4.2917485433070865
0
LINE
8
BLACK
6
CONTINUOUS
10
5.7887211811023622
20
-4.2917485433070865
11
5.7868464566929134
21
-4.2936233070866141
0
LINE
8
BLACK
6
CONTINUOUS
10
5.7868464566929134
20
-4.2936233070866141
11
5.7861232677165351
21
-4.29412968503937
0
LINE
8
BLACK
6
CONTINUOUS
10
5.7861232677165351
20
-4.29412968503937
11
5.7860790157480313
21
-4.294176456692913
0
LINE
8
BLACK
6
CONTINUOUS
10
5.7860790157480313
20
-4.294176456692913
11
5.7823294881889762
21
-4.2960512204724406
0
LINE
8
BLACK
6
CONTINUOUS
10
5.7823294881889762
20
-4.2960512204724406
11
5.7813465354330704
21
-4.2963435826771654
0
LINE
8
BLACK
6
CONTINUOUS
10
5.7813465354330704
20
-4.2963435826771654
11
5.7811748425196852
21
-4.2963025590551176
0
LINE
8
BLACK
6
CONTINUOUS
10
5.7811748425196852
20
-4.2963025590551176
11
5.7810089763779526
21
-4.2963629527559055
0
LINE
8
BLACK
6
CONTINUOUS
10
5.7810089763779526
20
-4.2963629527559055
11
5.7735099212598424
21
-4.2963629527559055
0
LINE
8
BLACK
6
CONTINUOUS
10
5.7735099212598424
20
-4.2963629527559055
11
5.7725
21
-4.2961848818897641
0
LINE
8
BLACK
6
CONTINUOUS
10
5.7725
20
-4.2961848818897641
11
5.7723647244094485
21
-4.2960713779527557
0
LINE
8
BLACK
6
CONTINUOUS
10
5.7723647244094485
20
-4.2960713779527557
11
5.7721894094488189
21
-4.2960512204724406
0
LINE
8
BLACK
6
CONTINUOUS
10
5.7721894094488189
20
-4.2960512204724406
11
5.7684398818897638
21
-4.294176456692913
0
LINE
8
BLACK
6
CONTINUOUS
10
5.7684398818897638
20
-4.294176456692913
11
5.7677307480314957
21
-4.2936504724409446
0
LINE
8
BLACK
6
CONTINUOUS
10
5.7677307480314957
20
-4.2936504724409446
11
5.7676724409448816
21
-4.2936233070866141
0
LINE
8
BLACK
6
CONTINUOUS
10
5.7676724409448816
20
-4.2936233070866141
11
5.7657976771653541
21
-4.2917485039370078
0
LINE
8
BLACK
6
CONTINUOUS
10
5.7657976771653541
20
-4.2917485039370078
11
5.7652913779527557
21
-4.2910254330708657
0
LINE
8
BLACK
6
CONTINUOUS
10
5.7652913779527557
20
-4.2910254330708657
11
5.7652446062992126
21
-4.2909811417322832
0
LINE
8
BLACK
6
CONTINUOUS
10
5.7652446062992126
20
-4.2909811417322832
11
5.7633698425196851
21
-4.2872316141732281
0
LINE
8
BLACK
6
CONTINUOUS
10
5.7633698425196851
20
-4.2872316141732281
11
5.7630774803149603
21
-4.2862486614173223
0
LINE
8
BLACK
6
CONTINUOUS
10
5.7630774803149603
20
-4.2862486614173223
11
5.7631184645669293
21
-4.286076968503937
0
LINE
8
BLACK
6
CONTINUOUS
10
5.7631184645669293
20
-4.286076968503937
11
5.7630581102362202
21
-4.2859111023622045
0
LINE
8
BLACK
6
CONTINUOUS
10
5.7630581102362202
20
-4.2859111023622045
11
5.7630581102362202
21
-4.2540401181102361
0
LINE
8
BLACK
6
CONTINUOUS
10
5.7630581102362202
20
-4.2540401181102361
11
5.7632361811023625
21
-4.2530301968503936
0
LINE
8
BLACK
6
CONTINUOUS
10
5.7632361811023625
20
-4.2530301968503936
11
5.7645344881889766
21
-4.2514829527559055
0
LINE
8
BLACK
6
CONTINUOUS
10
5.7645344881889766
20
-4.2514829527559055
11
5.7665236220472442
21
-4.2511322047244091
0
LINE
8
BLACK
6
CONTINUOUS
10
5.7665236220472442
20
-4.2511322047244091
11
5.7682727952755908
21
-4.2521421259842516
0
LINE
8
BLACK
6
CONTINUOUS
10
5.7682727952755908
20
-4.2521421259842516
11
5.7689636220472442
21
-4.2540401181102361
0
LINE
8
BLACK
6
CONTINUOUS
10
5.7689636220472442
20
-4.2540401181102361
11
5.7689636220472442
21
-4.2852140551181099
0
LINE
8
BLACK
6
CONTINUOUS
10
5.7689636220472442
20
-4.2852140551181099
11
5.7703123622047245
21
-4.2879115354330706
0
LINE
8
BLACK
6
CONTINUOUS
10
5.7703123622047245
20
-4.2879115354330706
11
5.7715094881889764
21
-4.2891087007874011
0
LINE
8
BLACK
6
CONTINUOUS
10
5.7715094881889764
20
-4.2891087007874011
11
5.774206968503937
21
-4.2904574409448815
0
LINE
8
BLACK
6
CONTINUOUS
10
5.774206968503937
20
-4.2904574409448815
11
5.7803119291338581
21
-4.2904574409448815
0
LINE
8
BLACK
6
CONTINUOUS
10
5.7803119291338581
20
-4.2904574409448815
11
5.7830093700787399
21
-4.2891087007874011
0
LINE
8
BLACK
6
CONTINUOUS
10
5.7830093700787399
20
-4.2891087007874011
11
5.7842064960629918
21
-4.2879115354330706
0
LINE
8
BLACK
6
CONTINUOUS
10
5.7842064960629918
20
-4.2879115354330706
11
5.7855552755905508
21
-4.2852140551181099
0
LINE
8
BLACK
6
CONTINUOUS
10
5.7855552755905508
20
-4.2852140551181099
11
5.7855552755905508
21
-4.2540401181102361
0
LINE
8
BLACK
6
CONTINUOUS
10
5.7855552755905508
20
-4.2540401181102361
11
5.7857333464566931
21
-4.2530301968503936
0
LINE
8
BLACK
6
CONTINUOUS
10
5.7857333464566931
20
-4.2530301968503936
11
5.7870316535433073
21
-4.2514829527559055
0
LINE
8
BLACK
6
CONTINUOUS
10
5.7870316535433073
20
-4.2514829527559055
11
5.7890207874015749
21
-4.2511322047244091
0
LINE
8
BLACK
6
CONTINUOUS
10
5.7890207874015749
20
-4.2511322047244091
11
5.7907699606299214
21
-4.2521421259842516
0
LINE
8
BLACK
6
CONTINUOUS
10
6.2652737401574798
20
-4.2266059448818893
11
6.2659645669291333
21
-4.2285039370078739
0
LINE
8
BLACK
6
CONTINUOUS
10
6.2659645669291333
20
-4.2285039370078739
11
6.2659645669291333
21
-4.2885039370078744
0
LINE
8
BLACK
6
CONTINUOUS
10
6.2659645669291333
20
-4.2885039370078744
11
6.2657864960629919
21
-4.2895138582677168
0
LINE
8
BLACK
6
CONTINUOUS
10
6.2657864960629919
20
-4.2895138582677168
11
6.2644881889763777
21
-4.2910611023622049
0
LINE
8
BLACK
6
CONTINUOUS
10
6.2644881889763777
20
-4.2910611023622049
11
6.2624990551181101
21
-4.2914118503937004
0
LINE
8
BLACK
6
CONTINUOUS
10
6.2624990551181101
20
-4.2914118503937004
11
6.2607498818897636
21
-4.290401929133858
0
LINE
8
BLACK
6
CONTINUOUS
10
6.2607498818897636
20
-4.290401929133858
11
6.2600590551181101
21
-4.2885039370078744
0
LINE
8
BLACK
6
CONTINUOUS
10
6.2600590551181101
20
-4.2885039370078744
11
6.2600590551181101
21
-4.2285039370078739
0
LINE
8
BLACK
6
CONTINUOUS
10
6.2600590551181101
20
-4.2285039370078739
11
6.2602371259842515
21
-4.2274940157480314
0
LINE
8
BLACK
6
CONTINUOUS
10
6.2602371259842515
20
-4.2274940157480314
11
6.2615354330708657
21
-4.2259467716535433
0
LINE
8
BLACK
6
CONTINUOUS
10
6.2615354330708657
20
-4.2259467716535433
11
6.2635245669291333
21
-4.2255960236220469
0
LINE
8
BLACK
6
CONTINUOUS
10
6.2635245669291333
20
-4.2255960236220469
11
6.2652737401574798
21
-4.2266059448818893
0
LINE
8
BLACK
6
CONTINUOUS
10
6.3852737401574799
20
-4.2266059448818893
11
6.3859645669291334
21
-4.2285039370078739
0
LINE
8
BLACK
6
CONTINUOUS
10
6.3859645669291334
20
-4.2285039370078739
11
6.3859645669291334
21
-4.2885039370078744
0
LINE
8
BLACK
6
CONTINUOUS
10
6.3859645669291334
20
-4.2885039370078744
11
6.385786496062992
21
-4.2895138582677168
0
LINE
8
BLACK
6
CONTINUOUS
10
6.385786496062992
20
-4.2895138582677168
11
6.3844881889763778
21
-4.2910611023622049
0
LINE
8
BLACK
6
CONTINUOUS
10
6.3844881889763778
20
-4.2910611023622049
11
6.3824990551181102
21
-4.2914118503937004
0
LINE
8
BLACK
6
CONTINUOUS
10
6.3824990551181102
20
-4.2914118503937004
11
6.3807498818897637
21
-4.290401929133858
0
LINE
8
BLACK
6
CONTINUOUS
10
6.3807498818897637
20
-4.290401929133858
11
6.3800590551181102
21
-4.2885039370078744
0
LINE
8
BLACK
6
CONTINUOUS
10
6.3800590551181102
20
-4.2885039370078744
11
6.3800590551181102
21
-4.2285039370078739
0
LINE
8
BLACK
6
CONTINUOUS
10
6.3800590551181102
20
-4.2285039370078739
11
6.3802371259842516
21
-4.2274940157480314
0
LINE
8
BLACK
6
CONTINUOUS
10
6.3802371259842516
20
-4.2274940157480314
11
6.3815354330708658
21
-4.2259467716535433
0
LINE
8
BLACK
6
CONTINUOUS
10
6.3815354330708658
20
-4.2259467716535433
11
6.3835245669291334
21
-4.2255960236220469
0
LINE
8
BLACK
6
CONTINUOUS
10
6.3835245669291334
20
-4.2255960236220469
11
6.3852737401574799
21
-4.2266059448818893
0
LINE
8
BLACK
6
CONTINUOUS
10
6.3396821259842522
20
-4.2868336220472436
11
6.3403740157480311
21
-4.2885039370078744
0
LINE
8
BLACK
6
CONTINUOUS
10
6.3403740157480311
20
-4.2885039370078744
11
6.3396821259842522
21
-4.2901742519685042
0
LINE
8
BLACK
6
CONTINUOUS
10
6.3396821259842522
20
-4.2901742519685042
11
6.3380118110236223
21
-4.2908661417322831
0
LINE
8
BLACK
6
CONTINUOUS
10
6.3380118110236223
20
-4.2908661417322831
11
6.3080118110236221
21
-4.2908661417322831
0
LINE
8
BLACK
6
CONTINUOUS
10
6.3080118110236221
20
-4.2908661417322831
11
6.3063414960629922
21
-4.2901742519685042
0
LINE
8
BLACK
6
CONTINUOUS
10
6.3063414960629922
20
-4.2901742519685042
11
6.3056496062992125
21
-4.2885039370078744
0
LINE
8
BLACK
6
CONTINUOUS
10
6.3056496062992125
20
-4.2885039370078744
11
6.3063414960629922
21
-4.2868336220472436
0
LINE
8
BLACK
6
CONTINUOUS
10
6.3063414960629922
20
-4.2868336220472436
11
6.3080118110236221
21
-4.2861417322834647
0
LINE
8
BLACK
6
CONTINUOUS
10
6.3080118110236221
20
-4.2861417322834647
11
6.3380118110236223
21
-4.2861417322834647
0
LINE
8
BLACK
6
CONTINUOUS
10
6.3380118110236223
20
-4.2861417322834647
11
6.3396821259842522
21
-4.2868336220472436
0
LINE
8
BLACK
6
CONTINUOUS
10
5.9074694881889762
20
-4.2838336220472444
11
5.908161377952756
21
-4.2855039370078742
0
LINE
8
BLACK
6
CONTINUOUS
10
5.908161377952756
20
-4.2855039370078742
11
5.9074694881889762
21
-4.2871742519685041
0
LINE
8
BLACK
6
CONTINUOUS
10
5.9074694881889762
20
-4.2871742519685041
11
5.9057991732283464
21
-4.287866141732283
0
LINE
8
BLACK
6
CONTINUOUS
10
5.9057991732283464
20
-4.287866141732283
11
5.8757991732283461
21
-4.287866141732283
0
LINE
8
BLACK
6
CONTINUOUS
10
5.8757991732283461
20
-4.287866141732283
11
5.8741288582677162
21
-4.2871742519685041
0
LINE
8
BLACK
6
CONTINUOUS
10
5.8741288582677162
20
-4.2871742519685041
11
5.8734369685039365
21
-4.2855039370078742
0
LINE
8
BLACK
6
CONTINUOUS
10
5.8734369685039365
20
-4.2855039370078742
11
5.8741288582677162
21
-4.2838336220472444
0
LINE
8
BLACK
6
CONTINUOUS
10
5.8741288582677162
20
-4.2838336220472444
11
5.8757991732283461
21
-4.2831417322834646
0
LINE
8
BLACK
6
CONTINUOUS
10
5.8757991732283461
20
-4.2831417322834646
11
5.9057991732283464
21
-4.2831417322834646
0
LINE
8
BLACK
6
CONTINUOUS
10
5.9057991732283464
20
-4.2831417322834646
11
5.9074694881889762
21
-4.2838336220472444
0
LINE
8
BLACK
6
CONTINUOUS
10
6.0115217322834642
20
-4.2632292519685038
11
6.0130689763779523
21
-4.2645275590551179
0
LINE
8
BLACK
6
CONTINUOUS
10
6.0130689763779523
20
-4.2645275590551179
11
6.0134197244094487
21
-4.2665166929133855
0
LINE
8
BLACK
6
CONTINUOUS
10
6.0134197244094487
20
-4.2665166929133855
11
6.0124098031496063
21
-4.2682658661417321
0
LINE
8
BLACK
6
CONTINUOUS
10
6.0124098031496063
20
-4.2682658661417321
11
6.0105118110236218
21
-4.2689566929133855
0
LINE
8
BLACK
6
CONTINUOUS
10
6.0105118110236218
20
-4.2689566929133855
11
5.9505118110236221
21
-4.2689566929133855
0
LINE
8
BLACK
6
CONTINUOUS
10
5.9505118110236221
20
-4.2689566929133855
11
5.9495018897637797
21
-4.2687786220472441
0
LINE
8
BLACK
6
CONTINUOUS
10
5.9495018897637797
20
-4.2687786220472441
11
5.9479546456692916
21
-4.26748031496063
0
LINE
8
BLACK
6
CONTINUOUS
10
5.9479546456692916
20
-4.26748031496063
11
5.9476038976377952
21
-4.2654911811023624
0
LINE
8
BLACK
6
CONTINUOUS
10
5.9476038976377952
20
-4.2654911811023624
11
5.9486138188976376
21
-4.2637420078740158
0
LINE
8
BLACK
6
CONTINUOUS
10
5.9486138188976376
20
-4.2637420078740158
11
5.9505118110236221
21
-4.2630511811023624
0
LINE
8
BLACK
6
CONTINUOUS
10
5.9505118110236221
20
-4.2630511811023624
11
6.0105118110236218
21
-4.2630511811023624
0
LINE
8
BLACK
6
CONTINUOUS
10
6.0105118110236218
20
-4.2630511811023624
11
6.0115217322834642
21
-4.2632292519685038
0
LINE
8
BLACK
6
CONTINUOUS
10
5.8847411811023624
20
-4.2375029133858266
11
5.8854330708661413
21
-4.2391732283464565
0
LINE
8
BLACK
6
CONTINUOUS
10
5.8854330708661413
20
-4.2391732283464565
11
5.8847411811023624
21
-4.2408435433070863
0
LINE
8
BLACK
6
CONTINUOUS
10
5.8847411811023624
20
-4.2408435433070863
11
5.8830708661417326
21
-4.2415354330708661
0
LINE
8
BLACK
6
CONTINUOUS
10
5.8830708661417326
20
-4.2415354330708661
11
5.8279527559055113
21
-4.2415354330708661
0
LINE
8
BLACK
6
CONTINUOUS
10
5.8279527559055113
20
-4.2415354330708661
11
5.8262824409448815
21
-4.2408435433070863
0
LINE
8
BLACK
6
CONTINUOUS
10
5.8262824409448815
20
-4.2408435433070863
11
5.8255905511811026
21
-4.2391732283464565
0
LINE
8
BLACK
6
CONTINUOUS
10
5.8255905511811026
20
-4.2391732283464565
11
5.8262824409448815
21
-4.2375029133858266
0
LINE
8
BLACK
6
CONTINUOUS
10
5.8262824409448815
20
-4.2375029133858266
11
5.8279527559055113
21
-4.2368110236220469
0
LINE
8
BLACK
6
CONTINUOUS
10
5.8279527559055113
20
-4.2368110236220469
11
5.8830708661417326
21
-4.2368110236220469
0
LINE
8
BLACK
6
CONTINUOUS
10
5.8830708661417326
20
-4.2368110236220469
11
5.8847411811023624
21
-4.2375029133858266
0
LINE
8
BLACK
6
CONTINUOUS
10
6.3396821259842522
20
-4.226833622047244
11
6.3403740157480311
21
-4.2285039370078739
0
LINE
8
BLACK
6
CONTINUOUS
10
6.3403740157480311
20
-4.2285039370078739
11
6.3396821259842522
21
-4.2301742519685037
0
LINE
8
BLACK
6
CONTINUOUS
10
6.3396821259842522
20
-4.2301742519685037
11
6.3380118110236223
21
-4.2308661417322835
0
LINE
8
BLACK
6
CONTINUOUS
10
6.3380118110236223
20
-4.2308661417322835
11
6.3080118110236221
21
-4.2308661417322835
0
LINE
8
BLACK
6
CONTINUOUS
10
6.3080118110236221
20
-4.2308661417322835
11
6.3063414960629922
21
-4.2301742519685037
0
LINE
8
BLACK
6
CONTINUOUS
10
6.3063414960629922
20
-4.2301742519685037
11
6.3056496062992125
21
-4.2285039370078739
0
LINE
8
BLACK
6
CONTINUOUS
10
6.3056496062992125
20
-4.2285039370078739
11
6.3063414960629922
21
-4.226833622047244
0
LINE
8
BLACK
6
CONTINUOUS
10
6.3063414960629922
20
-4.226833622047244
11
6.3080118110236221
21
-4.2261417322834642
0
LINE
8
BLACK
6
CONTINUOUS
10
6.3080118110236221
20
-4.2261417322834642
11
6.3380118110236223
21
-4.2261417322834642
0
LINE
8
BLACK
6
CONTINUOUS
10
6.3380118110236223
20
-4.2261417322834642
11
6.3396821259842522
21
-4.226833622047244
0
LINE
8
BLACK
6
CONTINUOUS
10
6.1912360629921261
20
-4.1792170866141731
11
6.1914054724409446
21
-4.1792061811023622
0
LINE
8
BLACK
6
CONTINUOUS
10
6.1914054724409446
20
-4.1792061811023622
11
6.1920960629921256
21
-4.1797136220472444
0
LINE
8
BLACK
6
CONTINUOUS
10
6.1920960629921256
20
-4.1797136220472444
11
6.1928381889763777
21
-4.1801421259842515
0
LINE
8
BLACK
6
CONTINUOUS
10
6.1928381889763777
20
-4.1801421259842515
11
6.1928962204724405
21
-4.1803016141732279
0
LINE
8
BLACK
6
CONTINUOUS
10
6.1928962204724405
20
-4.1803016141732279
11
6.1930331102362199
21
-4.1804022047244089
0
LINE
8
BLACK
6
CONTINUOUS
10
6.1930331102362199
20
-4.1804022047244089
11
6.1966204330708656
21
-4.1857832283464562
0
LINE
8
BLACK
6
CONTINUOUS
10
6.1966204330708656
20
-4.1857832283464562
11
6.1998244094488184
21
-4.188987204724409
0
LINE
8
BLACK
6
CONTINUOUS
10
6.1998244094488184
20
-4.188987204724409
11
6.2031453543307089
21
-4.1906476771653542
0
LINE
8
BLACK
6
CONTINUOUS
10
6.2031453543307089
20
-4.1906476771653542
11
6.2039690157480312
21
-4.1912585826771656
0
LINE
8
BLACK
6
CONTINUOUS
10
6.2039690157480312
20
-4.1912585826771656
11
6.2047722834645667
21
-4.1931117716535429
0
LINE
8
BLACK
6
CONTINUOUS
10
6.2047722834645667
20
-4.1931117716535429
11
6.2041964173228346
21
-4.19504779527559
0
LINE
8
BLACK
6
CONTINUOUS
10
6.2041964173228346
20
-4.19504779527559
11
6.2025108661417319
21
-4.1961606299212599
0
LINE
8
BLACK
6
CONTINUOUS
10
6.2025108661417319
20
-4.1961606299212599
11
6.2005043307086609
21
-4.1959297244094484
0
LINE
8
BLACK
6
CONTINUOUS
10
6.2005043307086609
20
-4.1959297244094484
11
6.1967548031496058
21
-4.1940549606299209
0
LINE
8
BLACK
6
CONTINUOUS
10
6.1967548031496058
20
-4.1940549606299209
11
6.1960457086614174
21
-4.1935290157480312
0
LINE
8
BLACK
6
CONTINUOUS
10
6.1960457086614174
20
-4.1935290157480312
11
6.1959874015748033
21
-4.1935018503937007
0
LINE
8
BLACK
6
CONTINUOUS
10
6.1959874015748033
20
-4.1935018503937007
11
6.1935290157480312
21
-4.1910434645669294
0
LINE
8
BLACK
6
CONTINUOUS
10
6.1935290157480312
20
-4.1910434645669294
11
6.1935290157480312
21
-4.2184574409448814
0
LINE
8
BLACK
6
CONTINUOUS
10
6.1935290157480312
20
-4.2184574409448814
11
6.2018248425196845
21
-4.2184574409448814
0
LINE
8
BLACK
6
CONTINUOUS
10
6.2018248425196845
20
-4.2184574409448814
11
6.2028347637795278
21
-4.2186355118110237
0
LINE
8
BLACK
6
CONTINUOUS
10
6.2028347637795278
20
-4.2186355118110237
11
6.2043820078740159
21
-4.2199338188976379
0
LINE
8
BLACK
6
CONTINUOUS
10
6.2043820078740159
20
-4.2199338188976379
11
6.2047327559055114
21
-4.2219229527559055
0
LINE
8
BLACK
6
CONTINUOUS
10
6.2047327559055114
20
-4.2219229527559055
11
6.203722834645669
21
-4.223672125984252
0
LINE
8
BLACK
6
CONTINUOUS
10
6.203722834645669
20
-4.223672125984252
11
6.2018248425196845
21
-4.2243629527559055
0
LINE
8
BLACK
6
CONTINUOUS
10
6.2018248425196845
20
-4.2243629527559055
11
6.1793276771653538
21
-4.2243629527559055
0
LINE
8
BLACK
6
CONTINUOUS
10
6.1793276771653538
20
-4.2243629527559055
11
6.1783177559055114
21
-4.224184881889764
0
LINE
8
BLACK
6
CONTINUOUS
10
6.1783177559055114
20
-4.224184881889764
11
6.1767705118110232
21
-4.2228865748031499
0
LINE
8
BLACK
6
CONTINUOUS
10
6.1767705118110232
20
-4.2228865748031499
11
6.1764197637795277
21
-4.2208974409448814
0
LINE
8
BLACK
6
CONTINUOUS
10
6.1764197637795277
20
-4.2208974409448814
11
6.1774296850393702
21
-4.2191482677165357
0
LINE
8
BLACK
6
CONTINUOUS
10
6.1774296850393702
20
-4.2191482677165357
11
6.1793276771653538
21
-4.2184574409448814
0
LINE
8
BLACK
6
CONTINUOUS
10
6.1793276771653538
20
-4.2184574409448814
11
6.187623503937008
21
-4.2184574409448814
0
LINE
8
BLACK
6
CONTINUOUS
10
6.187623503937008
20
-4.2184574409448814
11
6.187623503937008
21
-4.182040118110236
0
LINE
8
BLACK
6
CONTINUOUS
10
6.187623503937008
20
-4.182040118110236
11
6.1878015748031494
21
-4.1810301968503936
0
LINE
8
BLACK
6
CONTINUOUS
10
6.1878015748031494
20
-4.1810301968503936
11
6.1879106692913384
21
-4.1809001181102365
0
LINE
8
BLACK
6
CONTINUOUS
10
6.1879106692913384
20
-4.1809001181102365
11
6.1879293700787397
21
-4.180731377952756
0
LINE
8
BLACK
6
CONTINUOUS
10
6.1879293700787397
20
-4.180731377952756
11
6.1885489763779526
21
-4.1801394488188972
0
LINE
8
BLACK
6
CONTINUOUS
10
6.1885489763779526
20
-4.1801394488188972
11
6.1890998818897636
21
-4.1794829527559054
0
LINE
8
BLACK
6
CONTINUOUS
10
6.1890998818897636
20
-4.1794829527559054
11
6.1892670866141728
21
-4.1794534645669295
0
LINE
8
BLACK
6
CONTINUOUS
10
6.1892670866141728
20
-4.1794534645669295
11
6.1893898818897632
21
-4.1793361811023617
0
LINE
8
BLACK
6
CONTINUOUS
10
6.1893898818897632
20
-4.1793361811023617
11
6.190245
21
-4.179281023622047
0
LINE
8
BLACK
6
CONTINUOUS
10
6.190245
20
-4.179281023622047
11
6.1910890157480312
21
-4.179132204724409
0
LINE
8
BLACK
6
CONTINUOUS
10
6.1910890157480312
20
-4.179132204724409
11
6.1912360629921261
21
-4.1792170866141731
0
LINE
8
BLACK
6
CONTINUOUS
10
6.2340830314960627
20
-4.1801421259842515
11
6.2347738582677161
21
-4.182040118110236
0
LINE
8
BLACK
6
CONTINUOUS
10
6.2347738582677161
20
-4.182040118110236
11
6.2347738582677161
21
-4.2214101968503934
0
LINE
8
BLACK
6
CONTINUOUS
10
6.2347738582677161
20
-4.2214101968503934
11
6.2347062204724404
21
-4.2217937007874013
0
LINE
8
BLACK
6
CONTINUOUS
10
6.2347062204724404
20
-4.2217937007874013
11
6.2347290157480311
21
-4.2219229527559055
0
LINE
8
BLACK
6
CONTINUOUS
10
6.2347290157480311
20
-4.2219229527559055
11
6.2346633858267717
21
-4.2220365354330704
0
LINE
8
BLACK
6
CONTINUOUS
10
6.2346633858267717
20
-4.2220365354330704
11
6.2345957874015747
21
-4.2224201181102359
0
LINE
8
BLACK
6
CONTINUOUS
10
6.2345957874015747
20
-4.2224201181102359
11
6.2341026377952753
21
-4.2230077952755902
0
LINE
8
BLACK
6
CONTINUOUS
10
6.2341026377952753
20
-4.2230077952755902
11
6.2337190944881886
21
-4.223672125984252
0
LINE
8
BLACK
6
CONTINUOUS
10
6.2337190944881886
20
-4.223672125984252
11
6.2334687401574804
21
-4.2237632283464563
0
LINE
8
BLACK
6
CONTINUOUS
10
6.2334687401574804
20
-4.2237632283464563
11
6.2332974803149606
21
-4.223967362204724
0
LINE
8
BLACK
6
CONTINUOUS
10
6.2332974803149606
20
-4.223967362204724
11
6.2325418897637794
21
-4.2241005905511813
0
LINE
8
BLACK
6
CONTINUOUS
10
6.2325418897637794
20
-4.2241005905511813
11
6.231821102362205
21
-4.2243629527559055
0
LINE
8
BLACK
6
CONTINUOUS
10
6.231821102362205
20
-4.2243629527559055
11
6.2130734645669285
21
-4.2243629527559055
0
LINE
8
BLACK
6
CONTINUOUS
10
6.2130734645669285
20
-4.2243629527559055
11
6.2120635433070861
21
-4.224184881889764
0
LINE
8
BLACK
6
CONTINUOUS
10
6.2120635433070861
20
-4.224184881889764
11
6.210516299212598
21
-4.2228865748031499
0
LINE
8
BLACK
6
CONTINUOUS
10
6.210516299212598
20
-4.2228865748031499
11
6.2101655511811025
21
-4.2208974409448814
0
LINE
8
BLACK
6
CONTINUOUS
10
6.2101655511811025
20
-4.2208974409448814
11
6.2111754724409449
21
-4.2191482677165357
0
LINE
8
BLACK
6
CONTINUOUS
10
6.2111754724409449
20
-4.2191482677165357
11
6.2130734645669285
21
-4.2184574409448814
0
LINE
8
BLACK
6
CONTINUOUS
10
6.2130734645669285
20
-4.2184574409448814
11
6.228868346456693
21
-4.2184574409448814
0
LINE
8
BLACK
6
CONTINUOUS
10
6.228868346456693
20
-4.2184574409448814
11
6.228868346456693
21
-4.182040118110236
0
LINE
8
BLACK
6
CONTINUOUS
10
6.228868346456693
20
-4.182040118110236
11
6.2290464173228344
21
-4.1810301968503936
0
LINE
8
BLACK
6
CONTINUOUS
10
6.2290464173228344
20
-4.1810301968503936
11
6.2303447244094485
21
-4.1794829527559054
0
LINE
8
BLACK
6
CONTINUOUS
10
6.2303447244094485
20
-4.1794829527559054
11
6.2323338582677161
21
-4.179132204724409
0
LINE
8
BLACK
6
CONTINUOUS
10
6.2323338582677161
20
-4.179132204724409
11
6.2340830314960627
21
-4.1801421259842515
0
LINE
8
BLACK
6
CONTINUOUS
10
5.952182125984252
20
-4.1893336220472444
11
5.9528740157480318
21
-4.1910039370078742
0
LINE
8
BLACK
6
CONTINUOUS
10
5.9528740157480318
20
-4.1910039370078742
11
5.9528740157480318
21
-4.2210039370078736
0
LINE
8
BLACK
6
CONTINUOUS
10
5.9528740157480318
20
-4.2210039370078736
11
5.952182125984252
21
-4.2226742519685034
0
LINE
8
BLACK
6
CONTINUOUS
10
5.952182125984252
20
-4.2226742519685034
11
5.9505118110236221
21
-4.2233661417322832
0
LINE
8
BLACK
6
CONTINUOUS
10
5.9505118110236221
20
-4.2233661417322832
11
5.9488414960629923
21
-4.2226742519685034
0
LINE
8
BLACK
6
CONTINUOUS
10
5.9488414960629923
20
-4.2226742519685034
11
5.9481496062992125
21
-4.2210039370078736
0
LINE
8
BLACK
6
CONTINUOUS
10
5.9481496062992125
20
-4.2210039370078736
11
5.9481496062992125
21
-4.1910039370078742
0
LINE
8
BLACK
6
CONTINUOUS
10
5.9481496062992125
20
-4.1910039370078742
11
5.9488414960629923
21
-4.1893336220472444
0
LINE
8
BLACK
6
CONTINUOUS
10
5.9488414960629923
20
-4.1893336220472444
11
5.9505118110236221
21
-4.1886417322834646
0
LINE
8
BLACK
6
CONTINUOUS
10
5.9505118110236221
20
-4.1886417322834646
11
5.952182125984252
21
-4.1893336220472444
0
LINE
8
BLACK
6
CONTINUOUS
10
6.0121821259842516
20
-4.1893336220472444
11
6.0128740157480314
21
-4.1910039370078742
0
LINE
8
BLACK
6
CONTINUOUS
10
6.0128740157480314
20
-4.1910039370078742
11
6.0128740157480314
21
-4.2210039370078736
0
LINE
8
BLACK
6
CONTINUOUS
10
6.0128740157480314
20
-4.2210039370078736
11
6.0121821259842516
21
-4.2226742519685034
0
LINE
8
BLACK
6
CONTINUOUS
10
6.0121821259842516
20
-4.2226742519685034
11
6.0105118110236218
21
-4.2233661417322832
0
LINE
8
BLACK
6
CONTINUOUS
10
6.0105118110236218
20
-4.2233661417322832
11
6.0088414960629919
21
-4.2226742519685034
0
LINE
8
BLACK
6
CONTINUOUS
10
6.0088414960629919
20
-4.2226742519685034
11
6.0081496062992121
21
-4.2210039370078736
0
LINE
8
BLACK
6
CONTINUOUS
10
6.0081496062992121
20
-4.2210039370078736
11
6.0081496062992121
21
-4.1910039370078742
0
LINE
8
BLACK
6
CONTINUOUS
10
6.0081496062992121
20
-4.1910039370078742
11
6.0088414960629919
21
-4.1893336220472444
0
LINE
8
BLACK
6
CONTINUOUS
10
6.0088414960629919
20
-4.1893336220472444
11
6.0105118110236218
21
-4.1886417322834646
0
LINE
8
BLACK
6
CONTINUOUS
10
6.0105118110236218
20
-4.1886417322834646
11
6.0121821259842516
21
-4.1893336220472444
0
LINE
8
BLACK
6
CONTINUOUS
10
6.2652737401574798
20
-4.1466059448818893
11
6.2659645669291333
21
-4.1485039370078738
0
LINE
8
BLACK
6
CONTINUOUS
10
6.2659645669291333
20
-4.1485039370078738
11
6.2659645669291333
21
-4.2085039370078743
0
LINE
8
BLACK
6
CONTINUOUS
10
6.2659645669291333
20
-4.2085039370078743
11
6.2657864960629919
21
-4.2095138582677167
0
LINE
8
BLACK
6
CONTINUOUS
10
6.2657864960629919
20
-4.2095138582677167
11
6.2644881889763777
21
-4.2110611023622049
0
LINE
8
BLACK
6
CONTINUOUS
10
6.2644881889763777
20
-4.2110611023622049
11
6.2624990551181101
21
-4.2114118503937004
0
LINE
8
BLACK
6
CONTINUOUS
10
6.2624990551181101
20
-4.2114118503937004
11
6.2607498818897636
21
-4.2104019291338579
0
LINE
8
BLACK
6
CONTINUOUS
10
6.2607498818897636
20
-4.2104019291338579
11
6.2600590551181101
21
-4.2085039370078743
0
LINE
8
BLACK
6
CONTINUOUS
10
6.2600590551181101
20
-4.2085039370078743
11
6.2600590551181101
21
-4.1485039370078738
0
LINE
8
BLACK
6
CONTINUOUS
10
6.2600590551181101
20
-4.1485039370078738
11
6.2602371259842515
21
-4.1474940157480313
0
LINE
8
BLACK
6
CONTINUOUS
10
6.2602371259842515
20
-4.1474940157480313
11
6.2615354330708657
21
-4.1459467716535432
0
LINE
8
BLACK
6
CONTINUOUS
10
6.2615354330708657
20
-4.1459467716535432
11
6.2635245669291333
21
-4.1455960236220468
0
LINE
8
BLACK
6
CONTINUOUS
10
6.2635245669291333
20
-4.1455960236220468
11
6.2652737401574798
21
-4.1466059448818893
0
LINE
8
BLACK
6
CONTINUOUS
10
6.3852737401574799
20
-4.1466059448818893
11
6.3859645669291334
21
-4.1485039370078738
0
LINE
8
BLACK
6
CONTINUOUS
10
6.3859645669291334
20
-4.1485039370078738
11
6.3859645669291334
21
-4.2085039370078743
0
LINE
8
BLACK
6
CONTINUOUS
10
6.3859645669291334
20
-4.2085039370078743
11
6.385786496062992
21
-4.2095138582677167
0
LINE
8
BLACK
6
CONTINUOUS
10
6.385786496062992
20
-4.2095138582677167
11
6.3844881889763778
21
-4.2110611023622049
0
LINE
8
BLACK
6
CONTINUOUS
10
6.3844881889763778
20
-4.2110611023622049
11
6.3824990551181102
21
-4.2114118503937004
0
LINE
8
BLACK
6
CONTINUOUS
10
6.3824990551181102
20
-4.2114118503937004
11
6.3807498818897637
21
-4.2104019291338579
0
LINE
8
BLACK
6
CONTINUOUS
10
6.3807498818897637
20
-4.2104019291338579
11
6.3800590551181102
21
-4.2085039370078743
0
LINE
8
BLACK
6
CONTINUOUS
10
6.3800590551181102
20
-4.2085039370078743
11
6.3800590551181102
21
-4.1485039370078738
0
LINE
8
BLACK
6
CONTINUOUS
10
6.3800590551181102
20
-4.1485039370078738
11
6.3802371259842516
21
-4.1474940157480313
0
LINE
8
BLACK
6
CONTINUOUS
10
6.3802371259842516
20
-4.1474940157480313
11
6.3815354330708658
21
-4.1459467716535432
0
LINE
8
BLACK
6
CONTINUOUS
10
6.3815354330708658
20
-4.1459467716535432
11
6.3835245669291334
21
-4.1455960236220468
0
LINE
8
BLACK
6
CONTINUOUS
10
6.3835245669291334
20
-4.1455960236220468
11
6.3852737401574799
21
-4.1466059448818893
0
LINE
8
BLACK
6
CONTINUOUS
10
6.3396821259842522
20
-4.2068336220472444
11
6.3403740157480311
21
-4.2085039370078743
0
LINE
8
BLACK
6
CONTINUOUS
10
6.3403740157480311
20
-4.2085039370078743
11
6.3396821259842522
21
-4.2101742519685041
0
LINE
8
BLACK
6
CONTINUOUS
10
6.3396821259842522
20
-4.2101742519685041
11
6.3380118110236223
21
-4.210866141732283
0
LINE
8
BLACK
6
CONTINUOUS
10
6.3380118110236223
20
-4.210866141732283
11
6.3080118110236221
21
-4.210866141732283
0
LINE
8
BLACK
6
CONTINUOUS
10
6.3080118110236221
20
-4.210866141732283
11
6.3063414960629922
21
-4.2101742519685041
0
LINE
8
BLACK
6
CONTINUOUS
10
6.3063414960629922
20
-4.2101742519685041
11
6.3056496062992125
21
-4.2085039370078743
0
LINE
8
BLACK
6
CONTINUOUS
10
6.3056496062992125
20
-4.2085039370078743
11
6.3063414960629922
21
-4.2068336220472444
0
LINE
8
BLACK
6
CONTINUOUS
10
6.3063414960629922
20
-4.2068336220472444
11
6.3080118110236221
21
-4.2061417322834647
0
LINE
8
BLACK
6
CONTINUOUS
10
6.3080118110236221
20
-4.2061417322834647
11
6.3380118110236223
21
-4.2061417322834647
0
LINE
8
BLACK
6
CONTINUOUS
10
6.3380118110236223
20
-4.2061417322834647
11
6.3396821259842522
21
-4.2068336220472444
0
LINE
8
BLACK
6
CONTINUOUS
10
6.1310845669291334
20
-4.1888808661417318
11
6.1317764566929132
21
-4.1905511811023617
0
LINE
8
BLACK
6
CONTINUOUS
10
6.1317764566929132
20
-4.1905511811023617
11
6.1310845669291334
21
-4.1922214960629924
0
LINE
8
BLACK
6
CONTINUOUS
10
6.1310845669291334
20
-4.1922214960629924
11
6.1294142519685035
21
-4.1929133858267713
0
LINE
8
BLACK
6
CONTINUOUS
10
6.1294142519685035
20
-4.1929133858267713
11
6.0979479527559057
21
-4.1929133858267713
0
LINE
8
BLACK
6
CONTINUOUS
10
6.0979479527559057
20
-4.1929133858267713
11
6.0962776377952759
21
-4.1922214960629924
0
LINE
8
BLACK
6
CONTINUOUS
10
6.0962776377952759
20
-4.1922214960629924
11
6.0955857480314961
21
-4.1905511811023617
0
LINE
8
BLACK
6
CONTINUOUS
10
6.0955857480314961
20
-4.1905511811023617
11
6.0962776377952759
21
-4.1888808661417318
0
LINE
8
BLACK
6
CONTINUOUS
10
6.0962776377952759
20
-4.1888808661417318
11
6.0979479527559057
21
-4.188188976377953
0
LINE
8
BLACK
6
CONTINUOUS
10
6.0979479527559057
20
-4.188188976377953
11
6.1294142519685035
21
-4.188188976377953
0
LINE
8
BLACK
6
CONTINUOUS
10
6.1294142519685035
20
-4.188188976377953
11
6.1310845669291334
21
-4.1888808661417318
0
LINE
8
BLACK
6
CONTINUOUS
10
5.7255217322834646
20
-4.1867292519685035
11
5.7270689763779528
21
-4.1880275590551177
0
LINE
8
BLACK
6
CONTINUOUS
10
5.7270689763779528
20
-4.1880275590551177
11
5.7274197244094491
21
-4.1900166929133853
0
LINE
8
BLACK
6
CONTINUOUS
10
5.7274197244094491
20
-4.1900166929133853
11
5.7264098031496058
21
-4.1917658661417319
0
LINE
8
BLACK
6
CONTINUOUS
10
5.7264098031496058
20
-4.1917658661417319
11
5.7245118110236222
21
-4.1924566929133853
0
LINE
8
BLACK
6
CONTINUOUS
10
5.7245118110236222
20
-4.1924566929133853
11
5.6645118110236217
21
-4.1924566929133853
0
LINE
8
BLACK
6
CONTINUOUS
10
5.6645118110236217
20
-4.1924566929133853
11
5.6635018897637792
21
-4.1922786220472439
0
LINE
8
BLACK
6
CONTINUOUS
10
5.6635018897637792
20
-4.1922786220472439
11
5.6619546456692911
21
-4.1909803149606297
0
LINE
8
BLACK
6
CONTINUOUS
10
5.6619546456692911
20
-4.1909803149606297
11
5.6616038976377956
21
-4.1889911811023621
0
LINE
8
BLACK
6
CONTINUOUS
10
5.6616038976377956
20
-4.1889911811023621
11
5.662613818897638
21
-4.1872420078740156
0
LINE
8
BLACK
6
CONTINUOUS
10
5.662613818897638
20
-4.1872420078740156
11
5.6645118110236217
21
-4.1865511811023621
0
LINE
8
BLACK
6
CONTINUOUS
10
5.6645118110236217
20
-4.1865511811023621
11
5.7245118110236222
21
-4.1865511811023621
0
LINE
8
BLACK
6
CONTINUOUS
10
5.7245118110236222
20
-4.1865511811023621
11
5.7255217322834646
21
-4.1867292519685035
0
LINE
8
BLACK
6
CONTINUOUS
10
6.3396821259842522
20
-4.1468336220472439
11
6.3403740157480311
21
-4.1485039370078738
0
LINE
8
BLACK
6
CONTINUOUS
10
6.3403740157480311
20
-4.1485039370078738
11
6.3396821259842522
21
-4.1501742519685036
0
LINE
8
BLACK
6
CONTINUOUS
10
6.3396821259842522
20
-4.1501742519685036
11
6.3380118110236223
21
-4.1508661417322834
0
LINE
8
BLACK
6
CONTINUOUS
10
6.3380118110236223
20
-4.1508661417322834
11
6.3080118110236221
21
-4.1508661417322834
0
LINE
8
BLACK
6
CONTINUOUS
10
6.3080118110236221
20
-4.1508661417322834
11
6.3063414960629922
21
-4.1501742519685036
0
LINE
8
BLACK
6
CONTINUOUS
10
6.3063414960629922
20
-4.1501742519685036
11
6.3056496062992125
21
-4.1485039370078738
0
LINE
8
BLACK
6
CONTINUOUS
10
6.3056496062992125
20
-4.1485039370078738
11
6.3063414960629922
21
-4.1468336220472439
0
LINE
8
BLACK
6
CONTINUOUS
10
6.3063414960629922
20
-4.1468336220472439
11
6.3080118110236221
21
-4.1461417322834642
0
LINE
8
BLACK
6
CONTINUOUS
10
6.3080118110236221
20
-4.1461417322834642
11
6.3380118110236223
21
-4.1461417322834642
0
LINE
8
BLACK
6
CONTINUOUS
10
6.3380118110236223
20
-4.1461417322834642
11
6.3396821259842522
21
-4.1468336220472439
0
LINE
8
BLACK
6
CONTINUOUS
10
5.9044262204724411
20
-4.1461643307086611
11
5.90511811023622
21
-4.1478346456692909
0
LINE
8
BLACK
6
CONTINUOUS
10
5.90511811023622
20
-4.1478346456692909
11
5.9044262204724411
21
-4.1495049606299208
0
LINE
8
BLACK
6
CONTINUOUS
10
5.9044262204724411
20
-4.1495049606299208
11
5.9027559055118113
21
-4.1501968503937006
0
LINE
8
BLACK
6
CONTINUOUS
10
5.9027559055118113
20
-4.1501968503937006
11
5.8279527559055113
21
-4.1501968503937006
0
LINE
8
BLACK
6
CONTINUOUS
10
5.8279527559055113
20
-4.1501968503937006
11
5.8262824409448815
21
-4.1495049606299208
0
LINE
8
BLACK
6
CONTINUOUS
10
5.8262824409448815
20
-4.1495049606299208
11
5.8255905511811026
21
-4.1478346456692909
0
LINE
8
BLACK
6
CONTINUOUS
10
5.8255905511811026
20
-4.1478346456692909
11
5.8262824409448815
21
-4.1461643307086611
0
LINE
8
BLACK
6
CONTINUOUS
10
5.8262824409448815
20
-4.1461643307086611
11
5.8279527559055113
21
-4.1454724409448822
0
LINE
8
BLACK
6
CONTINUOUS
10
5.8279527559055113
20
-4.1454724409448822
11
5.9027559055118113
21
-4.1454724409448822
0
LINE
8
BLACK
6
CONTINUOUS
10
5.9027559055118113
20
-4.1454724409448822
11
5.9044262204724411
21
-4.1461643307086611
0
LINE
8
BLACK
6
CONTINUOUS
10
6.0115217322834642
20
-4.1432292519685037
11
6.0130689763779523
21
-4.1445275590551178
0
LINE
8
BLACK
6
CONTINUOUS
10
6.0130689763779523
20
-4.1445275590551178
11
6.0134197244094487
21
-4.1465166929133854
0
LINE
8
BLACK
6
CONTINUOUS
10
6.0134197244094487
20
-4.1465166929133854
11
6.0124098031496063
21
-4.148265866141732
0
LINE
8
BLACK
6
CONTINUOUS
10
6.0124098031496063
20
-4.148265866141732
11
6.0105118110236218
21
-4.1489566929133854
0
LINE
8
BLACK
6
CONTINUOUS
10
6.0105118110236218
20
-4.1489566929133854
11
5.9505118110236221
21
-4.1489566929133854
0
LINE
8
BLACK
6
CONTINUOUS
10
5.9505118110236221
20
-4.1489566929133854
11
5.9495018897637797
21
-4.148778622047244
0
LINE
8
BLACK
6
CONTINUOUS
10
5.9495018897637797
20
-4.148778622047244
11
5.9479546456692916
21
-4.1474803149606299
0
LINE
8
BLACK
6
CONTINUOUS
10
5.9479546456692916
20
-4.1474803149606299
11
5.9476038976377952
21
-4.1454911811023623
0
LINE
8
BLACK
6
CONTINUOUS
10
5.9476038976377952
20
-4.1454911811023623
11
5.9486138188976376
21
-4.1437420078740157
0
LINE
8
BLACK
6
CONTINUOUS
10
5.9486138188976376
20
-4.1437420078740157
11
5.9505118110236221
21
-4.1430511811023623
0
LINE
8
BLACK
6
CONTINUOUS
10
5.9505118110236221
20
-4.1430511811023623
11
6.0105118110236218
21
-4.1430511811023623
0
LINE
8
BLACK
6
CONTINUOUS
10
6.0105118110236218
20
-4.1430511811023623
11
6.0115217322834642
21
-4.1432292519685037
0
LINE
8
BLACK
6
CONTINUOUS
10
6.1310845669291334
20
-4.1447863779527561
11
6.1317764566929132
21
-4.1464566929133859
0
LINE
8
BLACK
6
CONTINUOUS
10
6.1317764566929132
20
-4.1464566929133859
11
6.1310845669291334
21
-4.1481270078740158
0
LINE
8
BLACK
6
CONTINUOUS
10
6.1310845669291334
20
-4.1481270078740158
11
6.1294142519685035
21
-4.1488188976377955
0
LINE
8
BLACK
6
CONTINUOUS
10
6.1294142519685035
20
-4.1488188976377955
11
6.0979479527559057
21
-4.1488188976377955
0
LINE
8
BLACK
6
CONTINUOUS
10
6.0979479527559057
20
-4.1488188976377955
11
6.0962776377952759
21
-4.1481270078740158
0
LINE
8
BLACK
6
CONTINUOUS
10
6.0962776377952759
20
-4.1481270078740158
11
6.0955857480314961
21
-4.1464566929133859
0
LINE
8
BLACK
6
CONTINUOUS
10
6.0955857480314961
20
-4.1464566929133859
11
6.0962776377952759
21
-4.1447863779527561
0
LINE
8
BLACK
6
CONTINUOUS
10
6.0962776377952759
20
-4.1447863779527561
11
6.0979479527559057
21
-4.1440944881889763
0
LINE
8
BLACK
6
CONTINUOUS
10
6.0979479527559057
20
-4.1440944881889763
11
6.1294142519685035
21
-4.1440944881889763
0
LINE
8
BLACK
6
CONTINUOUS
10
6.1294142519685035
20
-4.1440944881889763
11
6.1310845669291334
21
-4.1447863779527561
0
LINE
8
BLACK
6
CONTINUOUS
10
5.6661821259842515
20
-4.1128336220472441
11
5.6668740157480313
21
-4.114503937007874
0
LINE
8
BLACK
6
CONTINUOUS
10
5.6668740157480313
20
-4.114503937007874
11
5.6668740157480313
21
-4.1445039370078742
0
LINE
8
BLACK
6
CONTINUOUS
10
5.6668740157480313
20
-4.1445039370078742
11
5.6661821259842515
21
-4.1461742519685041
0
LINE
8
BLACK
6
CONTINUOUS
10
5.6661821259842515
20
-4.1461742519685041
11
5.6645118110236217
21
-4.146866141732283
0
LINE
8
BLACK
6
CONTINUOUS
10
5.6645118110236217
20
-4.146866141732283
11
5.6628414960629918
21
-4.1461742519685041
0
LINE
8
BLACK
6
CONTINUOUS
10
5.6628414960629918
20
-4.1461742519685041
11
5.662149606299212
21
-4.1445039370078742
0
LINE
8
BLACK
6
CONTINUOUS
10
5.662149606299212
20
-4.1445039370078742
11
5.662149606299212
21
-4.114503937007874
0
LINE
8
BLACK
6
CONTINUOUS
10
5.662149606299212
20
-4.114503937007874
11
5.6628414960629918
21
-4.1128336220472441
0
LINE
8
BLACK
6
CONTINUOUS
10
5.6628414960629918
20
-4.1128336220472441
11
5.6645118110236217
21
-4.1121417322834644
0
LINE
8
BLACK
6
CONTINUOUS
10
5.6645118110236217
20
-4.1121417322834644
11
5.6661821259842515
21
-4.1128336220472441
0
LINE
8
BLACK
6
CONTINUOUS
10
5.726182125984252
20
-4.1128336220472441
11
5.7268740157480318
21
-4.114503937007874
0
LINE
8
BLACK
6
CONTINUOUS
10
5.7268740157480318
20
-4.114503937007874
11
5.7268740157480318
21
-4.1445039370078742
0
LINE
8
BLACK
6
CONTINUOUS
10
5.7268740157480318
20
-4.1445039370078742
11
5.726182125984252
21
-4.1461742519685041
0
LINE
8
BLACK
6
CONTINUOUS
10
5.726182125984252
20
-4.1461742519685041
11
5.7245118110236222
21
-4.146866141732283
0
LINE
8
BLACK
6
CONTINUOUS
10
5.7245118110236222
20
-4.146866141732283
11
5.7228414960629923
21
-4.1461742519685041
0
LINE
8
BLACK
6
CONTINUOUS
10
5.7228414960629923
20
-4.1461742519685041
11
5.7221496062992125
21
-4.1445039370078742
0
LINE
8
BLACK
6
CONTINUOUS
10
5.7221496062992125
20
-4.1445039370078742
11
5.7221496062992125
21
-4.114503937007874
0
LINE
8
BLACK
6
CONTINUOUS
10
5.7221496062992125
20
-4.114503937007874
11
5.7228414960629923
21
-4.1128336220472441
0
LINE
8
BLACK
6
CONTINUOUS
10
5.7228414960629923
20
-4.1128336220472441
11
5.7245118110236222
21
-4.1121417322834644
0
LINE
8
BLACK
6
CONTINUOUS
10
5.7245118110236222
20
-4.1121417322834644
11
5.726182125984252
21
-4.1128336220472441
0
LINE
8
BLACK
6
CONTINUOUS
10
5.7943631889763783
20
-4.0792170866141735
11
5.7945325984251967
21
-4.0792061811023625
0
LINE
8
BLACK
6
CONTINUOUS
10
5.7945325984251967
20
-4.0792061811023625
11
5.7952231889763777
21
-4.0797136220472439
0
LINE
8
BLACK
6
CONTINUOUS
10
5.7952231889763777
20
-4.0797136220472439
11
5.7959653149606298
21
-4.0801421259842519
0
LINE
8
BLACK
6
CONTINUOUS
10
5.7959653149606298
20
-4.0801421259842519
11
5.7960233464566926
21
-4.0803016141732282
0
LINE
8
BLACK
6
CONTINUOUS
10
5.7960233464566926
20
-4.0803016141732282
11
5.7961602362204721
21
-4.0804022047244093
0
LINE
8
BLACK
6
CONTINUOUS
10
5.7961602362204721
20
-4.0804022047244093
11
5.7997475590551177
21
-4.0857832283464566
0
LINE
8
BLACK
6
CONTINUOUS
10
5.7997475590551177
20
-4.0857832283464566
11
5.8029515354330705
21
-4.0889872047244094
0
LINE
8
BLACK
6
CONTINUOUS
10
5.8029515354330705
20
-4.0889872047244094
11
5.8062724803149601
21
-4.0906476771653546
0
LINE
8
BLACK
6
CONTINUOUS
10
5.8062724803149601
20
-4.0906476771653546
11
5.8070961417322833
21
-4.091258582677165
0
LINE
8
BLACK
6
CONTINUOUS
10
5.8070961417322833
20
-4.091258582677165
11
5.8078994094488188
21
-4.0931117716535432
0
LINE
8
BLACK
6
CONTINUOUS
10
5.8078994094488188
20
-4.0931117716535432
11
5.8073235433070867
21
-4.0950477952755904
0
LINE
8
BLACK
6
CONTINUOUS
10
5.8073235433070867
20
-4.0950477952755904
11
5.805637992125984
21
-4.0961606299212594
0
LINE
8
BLACK
6
CONTINUOUS
10
5.805637992125984
20
-4.0961606299212594
11
5.803631456692913
21
-4.0959297244094488
0
LINE
8
BLACK
6
CONTINUOUS
10
5.803631456692913
20
-4.0959297244094488
11
5.7998819291338579
21
-4.0940549606299212
0
LINE
8
BLACK
6
CONTINUOUS
10
5.7998819291338579
20
-4.0940549606299212
11
5.7991728346456695
21
-4.0935290157480315
0
LINE
8
BLACK
6
CONTINUOUS
10
5.7991728346456695
20
-4.0935290157480315
11
5.7991145275590545
21
-4.0935018503937011
0
LINE
8
BLACK
6
CONTINUOUS
10
5.7991145275590545
20
-4.0935018503937011
11
5.7966561417322833
21
-4.0910434645669289
0
LINE
8
BLACK
6
CONTINUOUS
10
5.7966561417322833
20
-4.0910434645669289
11
5.7966561417322833
21
-4.1184574409448818
0
LINE
8
BLACK
6
CONTINUOUS
10
5.7966561417322833
20
-4.1184574409448818
11
5.8049519685039366
21
-4.1184574409448818
0
LINE
8
BLACK
6
CONTINUOUS
10
5.8049519685039366
20
-4.1184574409448818
11
5.805961889763779
21
-4.1186355118110232
0
LINE
8
BLACK
6
CONTINUOUS
10
5.805961889763779
20
-4.1186355118110232
11
5.8075091338582672
21
-4.1199338188976373
0
LINE
8
BLACK
6
CONTINUOUS
10
5.8075091338582672
20
-4.1199338188976373
11
5.8078598818897635
21
-4.1219229527559058
0
LINE
8
BLACK
6
CONTINUOUS
10
5.8078598818897635
20
-4.1219229527559058
11
5.8068499606299211
21
-4.1236721259842515
0
LINE
8
BLACK
6
CONTINUOUS
10
5.8068499606299211
20
-4.1236721259842515
11
5.8049519685039366
21
-4.1243629527559058
0
LINE
8
BLACK
6
CONTINUOUS
10
5.8049519685039366
20
-4.1243629527559058
11
5.7824548031496059
21
-4.1243629527559058
0
LINE
8
BLACK
6
CONTINUOUS
10
5.7824548031496059
20
-4.1243629527559058
11
5.7814448818897635
21
-4.1241848818897635
0
LINE
8
BLACK
6
CONTINUOUS
10
5.7814448818897635
20
-4.1241848818897635
11
5.7798976377952753
21
-4.1228865748031494
0
LINE
8
BLACK
6
CONTINUOUS
10
5.7798976377952753
20
-4.1228865748031494
11
5.7795468897637798
21
-4.1208974409448818
0
LINE
8
BLACK
6
CONTINUOUS
10
5.7795468897637798
20
-4.1208974409448818
11
5.7805568110236223
21
-4.1191482677165352
0
LINE
8
BLACK
6
CONTINUOUS
10
5.7805568110236223
20
-4.1191482677165352
11
5.7824548031496059
21
-4.1184574409448818
0
LINE
8
BLACK
6
CONTINUOUS
10
5.7824548031496059
20
-4.1184574409448818
11
5.7907506299212601
21
-4.1184574409448818
0
LINE
8
BLACK
6
CONTINUOUS
10
5.7907506299212601
20
-4.1184574409448818
11
5.7907506299212601
21
-4.0820401181102364
0
LINE
8
BLACK
6
CONTINUOUS
10
5.7907506299212601
20
-4.0820401181102364
11
5.7909287007874015
21
-4.0810301968503939
0
LINE
8
BLACK
6
CONTINUOUS
10
5.7909287007874015
20
-4.0810301968503939
11
5.7910377952755905
21
-4.080900118110236
0
LINE
8
BLACK
6
CONTINUOUS
10
5.7910377952755905
20
-4.080900118110236
11
5.7910564960629918
21
-4.0807313779527554
0
LINE
8
BLACK
6
CONTINUOUS
10
5.7910564960629918
20
-4.0807313779527554
11
5.7916761023622048
21
-4.0801394488188976
0
LINE
8
BLACK
6
CONTINUOUS
10
5.7916761023622048
20
-4.0801394488188976
11
5.7922270078740157
21
-4.0794829527559058
0
LINE
8
BLACK
6
CONTINUOUS
10
5.7922270078740157
20
-4.0794829527559058
11
5.7923942125984249
21
-4.0794534645669289
0
LINE
8
BLACK
6
CONTINUOUS
10
5.7923942125984249
20
-4.0794534645669289
11
5.7925170078740154
21
-4.0793361811023621
0
LINE
8
BLACK
6
CONTINUOUS
10
5.7925170078740154
20
-4.0793361811023621
11
5.7933721259842521
21
-4.0792810236220474
0
LINE
8
BLACK
6
CONTINUOUS
10
5.7933721259842521
20
-4.0792810236220474
11
5.7942161417322833
21
-4.0791322047244094
0
LINE
8
BLACK
6
CONTINUOUS
10
5.7942161417322833
20
-4.0791322047244094
11
5.7943631889763783
21
-4.0792170866141735
0
LINE
8
BLACK
6
CONTINUOUS
10
5.8372101574803148
20
-4.0801421259842519
11
5.8379009842519682
21
-4.0820401181102364
0
LINE
8
BLACK
6
CONTINUOUS
10
5.8379009842519682
20
-4.0820401181102364
11
5.8379009842519682
21
-4.1214101968503938
0
LINE
8
BLACK
6
CONTINUOUS
10
5.8379009842519682
20
-4.1214101968503938
11
5.8378333464566925
21
-4.1217937007874017
0
LINE
8
BLACK
6
CONTINUOUS
10
5.8378333464566925
20
-4.1217937007874017
11
5.8378561417322832
21
-4.1219229527559058
0
LINE
8
BLACK
6
CONTINUOUS
10
5.8378561417322832
20
-4.1219229527559058
11
5.8377905118110238
21
-4.1220365354330708
0
LINE
8
BLACK
6
CONTINUOUS
10
5.8377905118110238
20
-4.1220365354330708
11
5.8377229133858268
21
-4.1224201181102362
0
LINE
8
BLACK
6
CONTINUOUS
10
5.8377229133858268
20
-4.1224201181102362
11
5.8372297637795274
21
-4.1230077952755906
0
LINE
8
BLACK
6
CONTINUOUS
10
5.8372297637795274
20
-4.1230077952755906
11
5.8368462204724407
21
-4.1236721259842515
0
LINE
8
BLACK
6
CONTINUOUS
10
5.8368462204724407
20
-4.1236721259842515
11
5.8365958661417325
21
-4.1237632283464567
0
LINE
8
BLACK
6
CONTINUOUS
10
5.8365958661417325
20
-4.1237632283464567
11
5.8364246062992127
21
-4.1239673622047244
0
LINE
8
BLACK
6
CONTINUOUS
10
5.8364246062992127
20
-4.1239673622047244
11
5.8356690157480315
21
-4.1241005905511807
0
LINE
8
BLACK
6
CONTINUOUS
10
5.8356690157480315
20
-4.1241005905511807
11
5.8349482283464562
21
-4.1243629527559058
0
LINE
8
BLACK
6
CONTINUOUS
10
5.8349482283464562
20
-4.1243629527559058
11
5.8162005905511807
21
-4.1243629527559058
0
LINE
8
BLACK
6
CONTINUOUS
10
5.8162005905511807
20
-4.1243629527559058
11
5.8151906692913382
21
-4.1241848818897635
0
LINE
8
BLACK
6
CONTINUOUS
10
5.8151906692913382
20
-4.1241848818897635
11
5.8136434251968501
21
-4.1228865748031494
0
LINE
8
BLACK
6
CONTINUOUS
10
5.8136434251968501
20
-4.1228865748031494
11
5.8132926771653546
21
-4.1208974409448818
0
LINE
8
BLACK
6
CONTINUOUS
10
5.8132926771653546
20
-4.1208974409448818
11
5.814302598425197
21
-4.1191482677165352
0
LINE
8
BLACK
6
CONTINUOUS
10
5.814302598425197
20
-4.1191482677165352
11
5.8162005905511807
21
-4.1184574409448818
0
LINE
8
BLACK
6
CONTINUOUS
10
5.8162005905511807
20
-4.1184574409448818
11
5.8319954724409451
21
-4.1184574409448818
0
LINE
8
BLACK
6
CONTINUOUS
10
5.8319954724409451
20
-4.1184574409448818
11
5.8319954724409451
21
-4.0820401181102364
0
LINE
8
BLACK
6
CONTINUOUS
10
5.8319954724409451
20
-4.0820401181102364
11
5.8321735433070865
21
-4.0810301968503939
0
LINE
8
BLACK
6
CONTINUOUS
10
5.8321735433070865
20
-4.0810301968503939
11
5.8334718503937006
21
-4.0794829527559058
0
LINE
8
BLACK
6
CONTINUOUS
10
5.8334718503937006
20
-4.0794829527559058
11
5.8354609842519682
21
-4.0791322047244094
0
LINE
8
BLACK
6
CONTINUOUS
10
5.8354609842519682
20
-4.0791322047244094
11
5.8372101574803148
21
-4.0801421259842519
0
LINE
8
BLACK
6
CONTINUOUS
10
5.8690775196850389
20
-4.0791549606299213
11
5.869206771653543
21
-4.0791322047244094
0
LINE
8
BLACK
6
CONTINUOUS
10
5.869206771653543
20
-4.0791322047244094
11
5.8693203543307089
21
-4.0791977952755909
0
LINE
8
BLACK
6
CONTINUOUS
10
5.8693203543307089
20
-4.0791977952755909
11
5.8697039370078743
21
-4.0792654330708658
0
LINE
8
BLACK
6
CONTINUOUS
10
5.8697039370078743
20
-4.0792654330708658
11
5.8702916141732286
21
-4.0797585433070864
0
LINE
8
BLACK
6
CONTINUOUS
10
5.8702916141732286
20
-4.0797585433070864
11
5.8709559448818895
21
-4.0801421259842519
0
LINE
8
BLACK
6
CONTINUOUS
10
5.8709559448818895
20
-4.0801421259842519
11
5.8710470472440948
21
-4.0803924409448822
0
LINE
8
BLACK
6
CONTINUOUS
10
5.8710470472440948
20
-4.0803924409448822
11
5.8712511811023624
21
-4.0805637401574799
0
LINE
8
BLACK
6
CONTINUOUS
10
5.8712511811023624
20
-4.0805637401574799
11
5.8713844094488188
21
-4.0813192913385823
0
LINE
8
BLACK
6
CONTINUOUS
10
5.8713844094488188
20
-4.0813192913385823
11
5.871646771653543
21
-4.0820401181102364
0
LINE
8
BLACK
6
CONTINUOUS
10
5.871646771653543
20
-4.0820401181102364
11
5.871646771653543
21
-4.1214101968503938
0
LINE
8
BLACK
6
CONTINUOUS
10
5.871646771653543
20
-4.1214101968503938
11
5.8714687007874016
21
-4.1224201181102362
0
LINE
8
BLACK
6
CONTINUOUS
10
5.8714687007874016
20
-4.1224201181102362
11
5.8701703937007874
21
-4.1239673622047244
0
LINE
8
BLACK
6
CONTINUOUS
10
5.8701703937007874
20
-4.1239673622047244
11
5.8681812598425198
21
-4.1243181102362207
0
LINE
8
BLACK
6
CONTINUOUS
10
5.8681812598425198
20
-4.1243181102362207
11
5.8664320866141733
21
-4.1233081889763783
0
LINE
8
BLACK
6
CONTINUOUS
10
5.8664320866141733
20
-4.1233081889763783
11
5.8657412598425198
21
-4.1214101968503938
0
LINE
8
BLACK
6
CONTINUOUS
10
5.8657412598425198
20
-4.1214101968503938
11
5.8657412598425198
21
-4.1037405118110239
0
LINE
8
BLACK
6
CONTINUOUS
10
5.8657412598425198
20
-4.1037405118110239
11
5.8555706692913381
21
-4.1037405118110239
0
LINE
8
BLACK
6
CONTINUOUS
10
5.8555706692913381
20
-4.1037405118110239
11
5.8545607480314956
21
-4.1035624409448817
0
LINE
8
BLACK
6
CONTINUOUS
10
5.8545607480314956
20
-4.1035624409448817
11
5.8530135039370075
21
-4.1022641338582675
0
LINE
8
BLACK
6
CONTINUOUS
10
5.8530135039370075
20
-4.1022641338582675
11
5.852662755905512
21
-4.1002749999999999
0
LINE
8
BLACK
6
CONTINUOUS
10
5.852662755905512
20
-4.1002749999999999
11
5.8536726771653544
21
-4.0985258267716533
0
LINE
8
BLACK
6
CONTINUOUS
10
5.8536726771653544
20
-4.0985258267716533
11
5.8555706692913381
21
-4.0978349999999999
0
LINE
8
BLACK
6
CONTINUOUS
10
5.8555706692913381
20
-4.0978349999999999
11
5.8657412598425198
21
-4.0978349999999999
0
LINE
8
BLACK
6
CONTINUOUS
10
5.8657412598425198
20
-4.0978349999999999
11
5.8657412598425198
21
-4.0849928740157475
0
LINE
8
BLACK
6
CONTINUOUS
10
5.8657412598425198
20
-4.0849928740157475
11
5.8499463779527554
21
-4.0849928740157475
0
LINE
8
BLACK
6
CONTINUOUS
10
5.8499463779527554
20
-4.0849928740157475
11
5.848936456692913
21
-4.0848148031496061
0
LINE
8
BLACK
6
CONTINUOUS
10
5.848936456692913
20
-4.0848148031496061
11
5.8473892125984248
21
-4.0835164960629919
0
LINE
8
BLACK
6
CONTINUOUS
10
5.8473892125984248
20
-4.0835164960629919
11
5.8470384645669293
21
-4.0815273622047243
0
LINE
8
BLACK
6
CONTINUOUS
10
5.8470384645669293
20
-4.0815273622047243
11
5.8480483858267718
21
-4.0797781889763778
0
LINE
8
BLACK
6
CONTINUOUS
10
5.8480483858267718
20
-4.0797781889763778
11
5.8499463779527554
21
-4.0790873622047243
0
LINE
8
BLACK
6
CONTINUOUS
10
5.8499463779527554
20
-4.0790873622047243
11
5.868694015748031
21
-4.0790873622047243
0
LINE
8
BLACK
6
CONTINUOUS
10
5.868694015748031
20
-4.0790873622047243
11
5.8690775196850389
21
-4.0791549606299213
0
LINE
8
BLACK
6
CONTINUOUS
10
6.2114673622047238
20
-4.0684049606299215
11
6.2337174015748031
21
-4.0906549606299212
0
LINE
8
BLACK
6
CONTINUOUS
10
6.2337174015748031
20
-4.0906549606299212
11
6.2344092519685042
21
-4.0923253149606298
0
LINE
8
BLACK
6
CONTINUOUS
10
6.2344092519685042
20
-4.0923253149606298
11
6.2337174015748031
21
-4.0939956299212596
0
LINE
8
BLACK
6
CONTINUOUS
10
6.2337174015748031
20
-4.0939956299212596
11
6.2320470866141733
21
-4.0946874803149607
0
LINE
8
BLACK
6
CONTINUOUS
10
6.2320470866141733
20
-4.0946874803149607
11
6.2303767322834647
21
-4.0939956299212596
0
LINE
8
BLACK
6
CONTINUOUS
10
6.2303767322834647
20
-4.0939956299212596
11
6.2081267322834641
21
-4.0717455905511812
0
LINE
8
BLACK
6
CONTINUOUS
10
6.2081267322834641
20
-4.0717455905511812
11
6.207434881889764
21
-4.0700752755905514
0
LINE
8
BLACK
6
CONTINUOUS
10
6.207434881889764
20
-4.0700752755905514
11
6.2081267322834641
21
-4.0684049606299215
0
LINE
8
BLACK
6
CONTINUOUS
10
6.2081267322834641
20
-4.0684049606299215
11
6.209797047244094
21
-4.0677131102362205
0
LINE
8
BLACK
6
CONTINUOUS
10
6.209797047244094
20
-4.0677131102362205
11
6.2114673622047238
21
-4.0684049606299215
0
LINE
8
BLACK
6
CONTINUOUS
10
6.0177737401574802
20
-4.0141059448818899
11
6.0184645669291337
21
-4.0160039370078735
0
LINE
8
BLACK
6
CONTINUOUS
10
6.0184645669291337
20
-4.0160039370078735
11
6.0184645669291337
21
-4.076003937007874
0
LINE
8
BLACK
6
CONTINUOUS
10
6.0184645669291337
20
-4.076003937007874
11
6.0182864960629923
21
-4.0770138582677165
0
LINE
8
BLACK
6
CONTINUOUS
10
6.0182864960629923
20
-4.0770138582677165
11
6.0169881889763781
21
-4.0785611023622046
0
LINE
8
BLACK
6
CONTINUOUS
10
6.0169881889763781
20
-4.0785611023622046
11
6.0149990551181105
21
-4.078911850393701
0
LINE
8
BLACK
6
CONTINUOUS
10
6.0149990551181105
20
-4.078911850393701
11
6.0132498818897639
21
-4.0779019291338585
0
LINE
8
BLACK
6
CONTINUOUS
10
6.0132498818897639
20
-4.0779019291338585
11
6.0125590551181105
21
-4.076003937007874
0
LINE
8
BLACK
6
CONTINUOUS
10
6.0125590551181105
20
-4.076003937007874
11
6.0125590551181105
21
-4.0160039370078735
0
LINE
8
BLACK
6
CONTINUOUS
10
6.0125590551181105
20
-4.0160039370078735
11
6.0127371259842519
21
-4.0149940157480311
0
LINE
8
BLACK
6
CONTINUOUS
10
6.0127371259842519
20
-4.0149940157480311
11
6.0140354330708661
21
-4.0134467716535429
0
LINE
8
BLACK
6
CONTINUOUS
10
6.0140354330708661
20
-4.0134467716535429
11
6.0160245669291337
21
-4.0130960236220474
0
LINE
8
BLACK
6
CONTINUOUS
10
6.0160245669291337
20
-4.0130960236220474
11
6.0177737401574802
21
-4.0141059448818899
0
LINE
8
BLACK
6
CONTINUOUS
10
6.1377737401574803
20
-4.0141059448818899
11
6.1384645669291338
21
-4.0160039370078735
0
LINE
8
BLACK
6
CONTINUOUS
10
6.1384645669291338
20
-4.0160039370078735
11
6.1384645669291338
21
-4.076003937007874
0
LINE
8
BLACK
6
CONTINUOUS
10
6.1384645669291338
20
-4.076003937007874
11
6.1382864960629924
21
-4.0770138582677165
0
LINE
8
BLACK
6
CONTINUOUS
10
6.1382864960629924
20
-4.0770138582677165
11
6.1369881889763782
21
-4.0785611023622046
0
LINE
8
BLACK
6
CONTINUOUS
10
6.1369881889763782
20
-4.0785611023622046
11
6.1349990551181097
21
-4.078911850393701
0
LINE
8
BLACK
6
CONTINUOUS
10
6.1349990551181097
20
-4.078911850393701
11
6.1332498818897641
21
-4.0779019291338585
0
LINE
8
BLACK
6
CONTINUOUS
10
6.1332498818897641
20
-4.0779019291338585
11
6.1325590551181097
21
-4.076003937007874
0
LINE
8
BLACK
6
CONTINUOUS
10
6.1325590551181097
20
-4.076003937007874
11
6.1325590551181097
21
-4.0160039370078735
0
LINE
8
BLACK
6
CONTINUOUS
10
6.1325590551181097
20
-4.0160039370078735
11
6.132737125984252
21
-4.0149940157480311
0
LINE
8
BLACK
6
CONTINUOUS
10
6.132737125984252
20
-4.0149940157480311
11
6.1340354330708662
21
-4.0134467716535429
0
LINE
8
BLACK
6
CONTINUOUS
10
6.1340354330708662
20
-4.0134467716535429
11
6.1360245669291338
21
-4.0130960236220474
0
LINE
8
BLACK
6
CONTINUOUS
10
6.1360245669291338
20
-4.0130960236220474
11
6.1377737401574803
21
-4.0141059448818899
0
LINE
8
BLACK
6
CONTINUOUS
10
6.0921821259842517
20
-4.0743336220472441
11
6.0928740157480314
21
-4.076003937007874
0
LINE
8
BLACK
6
CONTINUOUS
10
6.0928740157480314
20
-4.076003937007874
11
6.0921821259842517
21
-4.0776742519685039
0
LINE
8
BLACK
6
CONTINUOUS
10
6.0921821259842517
20
-4.0776742519685039
11
6.0905118110236218
21
-4.0783661417322836
0
LINE
8
BLACK
6
CONTINUOUS
10
6.0905118110236218
20
-4.0783661417322836
11
6.0605118110236216
21
-4.0783661417322836
0
LINE
8
BLACK
6
CONTINUOUS
10
6.0605118110236216
20
-4.0783661417322836
11
6.0588414960629917
21
-4.0776742519685039
0
LINE
8
BLACK
6
CONTINUOUS
10
6.0588414960629917
20
-4.0776742519685039
11
6.0581496062992128
21
-4.076003937007874
0
LINE
8
BLACK
6
CONTINUOUS
10
6.0581496062992128
20
-4.076003937007874
11
6.0588414960629917
21
-4.0743336220472441
0
LINE
8
BLACK
6
CONTINUOUS
10
6.0588414960629917
20
-4.0743336220472441
11
6.0605118110236216
21
-4.0736417322834644
0
LINE
8
BLACK
6
CONTINUOUS
10
6.0605118110236216
20
-4.0736417322834644
11
6.0905118110236218
21
-4.0736417322834644
0
LINE
8
BLACK
6
CONTINUOUS
10
6.0905118110236218
20
-4.0736417322834644
11
6.0921821259842517
21
-4.0743336220472441
0
LINE
8
BLACK
6
CONTINUOUS
10
5.7255217322834646
20
-4.0667292519685034
11
5.7270689763779528
21
-4.0680275590551176
0
LINE
8
BLACK
6
CONTINUOUS
10
5.7270689763779528
20
-4.0680275590551176
11
5.7274197244094491
21
-4.0700166929133861
0
LINE
8
BLACK
6
CONTINUOUS
10
5.7274197244094491
20
-4.0700166929133861
11
5.7264098031496058
21
-4.0717658661417317
0
LINE
8
BLACK
6
CONTINUOUS
10
5.7264098031496058
20
-4.0717658661417317
11
5.7245118110236222
21
-4.0724566929133861
0
LINE
8
BLACK
6
CONTINUOUS
10
5.7245118110236222
20
-4.0724566929133861
11
5.6645118110236217
21
-4.0724566929133861
0
LINE
8
BLACK
6
CONTINUOUS
10
5.6645118110236217
20
-4.0724566929133861
11
5.6635018897637792
21
-4.0722786220472438
0
LINE
8
BLACK
6
CONTINUOUS
10
5.6635018897637792
20
-4.0722786220472438
11
5.6619546456692911
21
-4.0709803149606296
0
LINE
8
BLACK
6
CONTINUOUS
10
5.6619546456692911
20
-4.0709803149606296
11
5.6616038976377956
21
-4.068991181102362
0
LINE
8
BLACK
6
CONTINUOUS
10
5.6616038976377956
20
-4.068991181102362
11
5.662613818897638
21
-4.0672420078740155
0
LINE
8
BLACK
6
CONTINUOUS
10
5.662613818897638
20
-4.0672420078740155
11
5.6645118110236217
21
-4.066551181102362
0
LINE
8
BLACK
6
CONTINUOUS
10
5.6645118110236217
20
-4.066551181102362
11
5.7245118110236222
21
-4.066551181102362
0
LINE
8
BLACK
6
CONTINUOUS
10
5.7245118110236222
20
-4.066551181102362
11
5.7255217322834646
21
-4.0667292519685034
0
LINE
8
BLACK
6
CONTINUOUS
10
5.9570827165354325
20
-4.066539330708661
11
5.9578149606299213
21
-4.0683070866141735
0
LINE
8
BLACK
6
CONTINUOUS
10
5.9578149606299213
20
-4.0683070866141735
11
5.9570827165354325
21
-4.0700748425196851
0
LINE
8
BLACK
6
CONTINUOUS
10
5.9570827165354325
20
-4.0700748425196851
11
5.9553149606299209
21
-4.070807086614173
0
LINE
8
BLACK
6
CONTINUOUS
10
5.9553149606299209
20
-4.070807086614173
11
5.8057086614173228
21
-4.070807086614173
0
LINE
8
BLACK
6
CONTINUOUS
10
5.8057086614173228
20
-4.070807086614173
11
5.8039409055118112
21
-4.0700748425196851
0
LINE
8
BLACK
6
CONTINUOUS
10
5.8039409055118112
20
-4.0700748425196851
11
5.8032086614173224
21
-4.0683070866141735
0
LINE
8
BLACK
6
CONTINUOUS
10
5.8032086614173224
20
-4.0683070866141735
11
5.8039409055118112
21
-4.066539330708661
0
LINE
8
BLACK
6
CONTINUOUS
10
5.8039409055118112
20
-4.066539330708661
11
5.8057086614173228
21
-4.0658070866141731
0
LINE
8
BLACK
6
CONTINUOUS
10
5.8057086614173228
20
-4.0658070866141731
11
5.9553149606299209
21
-4.0658070866141731
0
LINE
8
BLACK
6
CONTINUOUS
10
5.9553149606299209
20
-4.0658070866141731
11
5.9570827165354325
21
-4.066539330708661
0
LINE
8
BLACK
6
CONTINUOUS
10
6.2426468503937009
20
-4.0372254724409444
11
6.2648968897637793
21
-4.059475472440945
0
LINE
8
BLACK
6
CONTINUOUS
10
6.2648968897637793
20
-4.059475472440945
11
6.2655887401574804
21
-4.0611458267716536
0
LINE
8
BLACK
6
CONTINUOUS
10
6.2655887401574804
20
-4.0611458267716536
11
6.2648968897637793
21
-4.0628161417322834
0
LINE
8
BLACK
6
CONTINUOUS
10
6.2648968897637793
20
-4.0628161417322834
11
6.2632265748031495
21
-4.0635079921259845
0
LINE
8
BLACK
6
CONTINUOUS
10
6.2632265748031495
20
-4.0635079921259845
11
6.2615562204724409
21
-4.0628161417322834
0
LINE
8
BLACK
6
CONTINUOUS
10
6.2615562204724409
20
-4.0628161417322834
11
6.2393062204724412
21
-4.040566102362205
0
LINE
8
BLACK
6
CONTINUOUS
10
6.2393062204724412
20
-4.040566102362205
11
6.2386143700787402
21
-4.0388957874015743
0
LINE
8
BLACK
6
CONTINUOUS
10
6.2386143700787402
20
-4.0388957874015743
11
6.2393062204724412
21
-4.0372254724409444
0
LINE
8
BLACK
6
CONTINUOUS
10
6.2393062204724412
20
-4.0372254724409444
11
6.2409765354330711
21
-4.0365336220472443
0
LINE
8
BLACK
6
CONTINUOUS
10
6.2409765354330711
20
-4.0365336220472443
11
6.2426468503937009
21
-4.0372254724409444
0
LINE
8
BLACK
6
CONTINUOUS
10
6.0921821259842517
20
-4.0143336220472436
11
6.0928740157480314
21
-4.0160039370078735
0
LINE
8
BLACK
6
CONTINUOUS
10
6.0928740157480314
20
-4.0160039370078735
11
6.0921821259842517
21
-4.0176742519685043
0
LINE
8
BLACK
6
CONTINUOUS
10
6.0921821259842517
20
-4.0176742519685043
11
6.0905118110236218
21
-4.0183661417322831
0
LINE
8
BLACK
6
CONTINUOUS
10
6.0905118110236218
20
-4.0183661417322831
11
6.0605118110236216
21
-4.0183661417322831
0
LINE
8
BLACK
6
CONTINUOUS
10
6.0605118110236216
20
-4.0183661417322831
11
6.0588414960629917
21
-4.0176742519685043
0
LINE
8
BLACK
6
CONTINUOUS
10
6.0588414960629917
20
-4.0176742519685043
11
6.0581496062992128
21
-4.0160039370078735
0
LINE
8
BLACK
6
CONTINUOUS
10
6.0581496062992128
20
-4.0160039370078735
11
6.0588414960629917
21
-4.0143336220472436
0
LINE
8
BLACK
6
CONTINUOUS
10
6.0588414960629917
20
-4.0143336220472436
11
6.0605118110236216
21
-4.0136417322834648
0
LINE
8
BLACK
6
CONTINUOUS
10
6.0605118110236216
20
-4.0136417322834648
11
6.0905118110236218
21
-4.0136417322834648
0
LINE
8
BLACK
6
CONTINUOUS
10
6.0905118110236218
20
-4.0136417322834648
11
6.0921821259842517
21
-4.0143336220472436
0
LINE
8
BLACK
6
CONTINUOUS
10
6.0918277952755906
20
-3.9331722047244093
11
6.0925196850393704
21
-3.9348425196850392
0
LINE
8
BLACK
6
CONTINUOUS
10
6.0925196850393704
20
-3.9348425196850392
11
6.0925196850393704
21
-3.9840551181102359
0
LINE
8
BLACK
6
CONTINUOUS
10
6.0925196850393704
20
-3.9840551181102359
11
6.1948818897637796
21
-3.9840551181102359
0
LINE
8
BLACK
6
CONTINUOUS
10
6.1948818897637796
20
-3.9840551181102359
11
6.1948818897637796
21
-3.9773622047244093
0
LINE
8
BLACK
6
CONTINUOUS
10
6.1948818897637796
20
-3.9773622047244093
11
6.1955737795275585
21
-3.9756918897637794
0
LINE
8
BLACK
6
CONTINUOUS
10
6.1955737795275585
20
-3.9756918897637794
11
6.1972440944881892
21
-3.9750000000000001
0
LINE
8
BLACK
6
CONTINUOUS
10
6.1972440944881892
20
-3.9750000000000001
11
6.1989144094488191
21
-3.9756918897637794
0
LINE
8
BLACK
6
CONTINUOUS
10
6.1989144094488191
20
-3.9756918897637794
11
6.199606299212598
21
-3.9773622047244093
0
LINE
8
BLACK
6
CONTINUOUS
10
6.199606299212598
20
-3.9773622047244093
11
6.199606299212598
21
-3.9864173228346456
0
LINE
8
BLACK
6
CONTINUOUS
10
6.199606299212598
20
-3.9864173228346456
11
6.1989144094488191
21
-3.9880876377952754
0
LINE
8
BLACK
6
CONTINUOUS
10
6.1989144094488191
20
-3.9880876377952754
11
6.1972440944881892
21
-3.9887795275590552
0
LINE
8
BLACK
6
CONTINUOUS
10
6.1972440944881892
20
-3.9887795275590552
11
6.0901574803149607
21
-3.9887795275590552
0
LINE
8
BLACK
6
CONTINUOUS
10
6.0901574803149607
20
-3.9887795275590552
11
6.0884871653543309
21
-3.9880876377952754
0
LINE
8
BLACK
6
CONTINUOUS
10
6.0884871653543309
20
-3.9880876377952754
11
6.0877952755905511
21
-3.9864173228346456
0
LINE
8
BLACK
6
CONTINUOUS
10
6.0877952755905511
20
-3.9864173228346456
11
6.0877952755905511
21
-3.9348425196850392
0
LINE
8
BLACK
6
CONTINUOUS
10
6.0877952755905511
20
-3.9348425196850392
11
6.0884871653543309
21
-3.9331722047244093
0
LINE
8
BLACK
6
CONTINUOUS
10
6.0884871653543309
20
-3.9331722047244093
11
6.0901574803149607
21
-3.93248031496063
0
LINE
8
BLACK
6
CONTINUOUS
10
6.0901574803149607
20
-3.93248031496063
11
6.0918277952755906
21
-3.9331722047244093
0
LINE
8
BLACK
6
CONTINUOUS
10
6.4556002755905508
20
-3.963229251968504
11
6.457147519685039
21
-3.9645275590551181
0
LINE
8
BLACK
6
CONTINUOUS
10
6.457147519685039
20
-3.9645275590551181
11
6.4574982677165353
21
-3.9665166929133857
0
LINE
8
BLACK
6
CONTINUOUS
10
6.4574982677165353
20
-3.9665166929133857
11
6.4564883464566929
21
-3.9682658661417323
0
LINE
8
BLACK
6
CONTINUOUS
10
6.4564883464566929
20
-3.9682658661417323
11
6.4545903543307084
21
-3.9689566929133857
0
LINE
8
BLACK
6
CONTINUOUS
10
6.4545903543307084
20
-3.9689566929133857
11
6.3945903543307088
21
-3.9689566929133857
0
LINE
8
BLACK
6
CONTINUOUS
10
6.3945903543307088
20
-3.9689566929133857
11
6.3935804330708663
21
-3.9687786220472439
0
LINE
8
BLACK
6
CONTINUOUS
10
6.3935804330708663
20
-3.9687786220472439
11
6.3920331889763782
21
-3.9674803149606297
0
LINE
8
BLACK
6
CONTINUOUS
10
6.3920331889763782
20
-3.9674803149606297
11
6.3916824409448818
21
-3.9654911811023621
0
LINE
8
BLACK
6
CONTINUOUS
10
6.3916824409448818
20
-3.9654911811023621
11
6.3926923622047243
21
-3.9637420078740155
0
LINE
8
BLACK
6
CONTINUOUS
10
6.3926923622047243
20
-3.9637420078740155
11
6.3945903543307088
21
-3.9630511811023621
0
LINE
8
BLACK
6
CONTINUOUS
10
6.3945903543307088
20
-3.9630511811023621
11
6.4545903543307084
21
-3.9630511811023621
0
LINE
8
BLACK
6
CONTINUOUS
10
6.4545903543307084
20
-3.9630511811023621
11
6.4556002755905508
21
-3.963229251968504
0
LINE
8
BLACK
6
CONTINUOUS
10
6.3227563779527554
20
-3.9149150393700785
11
6.3246311811023617
21
-3.916789803149606
0
LINE
8
BLACK
6
CONTINUOUS
10
6.3246311811023617
20
-3.916789803149606
11
6.3251375590551175
21
-3.9175129527559056
0
LINE
8
BLACK
6
CONTINUOUS
10
6.3251375590551175
20
-3.9175129527559056
11
6.3251843307086615
21
-3.9175572440944881
0
LINE
8
BLACK
6
CONTINUOUS
10
6.3251843307086615
20
-3.9175572440944881
11
6.327059094488189
21
-3.9213067716535432
0
LINE
8
BLACK
6
CONTINUOUS
10
6.327059094488189
20
-3.9213067716535432
11
6.327351456692913
21
-3.9222896850393698
0
LINE
8
BLACK
6
CONTINUOUS
10
6.327351456692913
20
-3.9222896850393698
11
6.327310433070866
21
-3.922461377952756
0
LINE
8
BLACK
6
CONTINUOUS
10
6.327310433070866
20
-3.922461377952756
11
6.3273708267716531
21
-3.9226272834645668
0
LINE
8
BLACK
6
CONTINUOUS
10
6.3273708267716531
20
-3.9226272834645668
11
6.3273708267716531
21
-3.9338758661417321
0
LINE
8
BLACK
6
CONTINUOUS
10
6.3273708267716531
20
-3.9338758661417321
11
6.3271927559055117
21
-3.9348857874015746
0
LINE
8
BLACK
6
CONTINUOUS
10
6.3271927559055117
20
-3.9348857874015746
11
6.3270792519685042
21
-3.9350210236220473
0
LINE
8
BLACK
6
CONTINUOUS
10
6.3270792519685042
20
-3.9350210236220473
11
6.327059094488189
21
-3.9351963779527557
0
LINE
8
BLACK
6
CONTINUOUS
10
6.327059094488189
20
-3.9351963779527557
11
6.3251843307086615
21
-3.9389459055118108
0
LINE
8
BLACK
6
CONTINUOUS
10
6.3251843307086615
20
-3.9389459055118108
11
6.324658346456693
21
-3.9396550000000001
0
LINE
8
BLACK
6
CONTINUOUS
10
6.324658346456693
20
-3.9396550000000001
11
6.3246311811023617
21
-3.9397133464566929
0
LINE
8
BLACK
6
CONTINUOUS
10
6.3246311811023617
20
-3.9397133464566929
11
6.3227563779527554
21
-3.9415881102362205
0
LINE
8
BLACK
6
CONTINUOUS
10
6.3227563779527554
20
-3.9415881102362205
11
6.3220333070866142
21
-3.9420943700787401
0
LINE
8
BLACK
6
CONTINUOUS
10
6.3220333070866142
20
-3.9420943700787401
11
6.3219890157480316
21
-3.9421411811023623
0
LINE
8
BLACK
6
CONTINUOUS
10
6.3219890157480316
20
-3.9421411811023623
11
6.3182394881889765
21
-3.9440159448818899
0
LINE
8
BLACK
6
CONTINUOUS
10
6.3182394881889765
20
-3.9440159448818899
11
6.3172565354330708
21
-3.9443083070866143
0
LINE
8
BLACK
6
CONTINUOUS
10
6.3172565354330708
20
-3.9443083070866143
11
6.3170848425196846
21
-3.9442672834645669
0
LINE
8
BLACK
6
CONTINUOUS
10
6.3170848425196846
20
-3.9442672834645669
11
6.316918976377953
21
-3.9443276771653544
0
LINE
8
BLACK
6
CONTINUOUS
10
6.316918976377953
20
-3.9443276771653544
11
6.3075451574803152
21
-3.9443276771653544
0
LINE
8
BLACK
6
CONTINUOUS
10
6.3075451574803152
20
-3.9443276771653544
11
6.3065352362204727
21
-3.9441496062992125
0
LINE
8
BLACK
6
CONTINUOUS
10
6.3065352362204727
20
-3.9441496062992125
11
6.3063999606299213
21
-3.9440361023622046
0
LINE
8
BLACK
6
CONTINUOUS
10
6.3063999606299213
20
-3.9440361023622046
11
6.3062246456692908
21
-3.9440159448818899
0
LINE
8
BLACK
6
CONTINUOUS
10
6.3062246456692908
20
-3.9440159448818899
11
6.3024751181102356
21
-3.9421411811023623
0
LINE
8
BLACK
6
CONTINUOUS
10
6.3024751181102356
20
-3.9421411811023623
11
6.3017660236220472
21
-3.9416152755905509
0
LINE
8
BLACK
6
CONTINUOUS
10
6.3017660236220472
20
-3.9416152755905509
11
6.3017077165354332
21
-3.9415880708661417
0
LINE
8
BLACK
6
CONTINUOUS
10
6.3017077165354332
20
-3.9415880708661417
11
6.2998329527559056
21
-3.9397133070866142
0
LINE
8
BLACK
6
CONTINUOUS
10
6.2998329527559056
20
-3.9397133070866142
11
6.2993266535433072
21
-3.9389901968503938
0
LINE
8
BLACK
6
CONTINUOUS
10
6.2993266535433072
20
-3.9389901968503938
11
6.2992798425196845
21
-3.9389459055118108
0
LINE
8
BLACK
6
CONTINUOUS
10
6.2992798425196845
20
-3.9389459055118108
11
6.297405078740157
21
-3.9351963779527557
0
LINE
8
BLACK
6
CONTINUOUS
10
6.297405078740157
20
-3.9351963779527557
11
6.2972374015748027
21
-3.9346326771653541
0
LINE
8
BLACK
6
CONTINUOUS
10
6.2972374015748027
20
-3.9346326771653541
11
6.2869924015748033
21
-3.9435970866141732
0
LINE
8
BLACK
6
CONTINUOUS
10
6.2869924015748033
20
-3.9435970866141732
11
6.2866125196850389
21
-3.9438269685039371
0
LINE
8
BLACK
6
CONTINUOUS
10
6.2866125196850389
20
-3.9438269685039371
11
6.2865243700787401
21
-3.9439320866141729
0
LINE
8
BLACK
6
CONTINUOUS
10
6.2865243700787401
20
-3.9439320866141729
11
6.2864037795275589
21
-3.943953307086614
0
LINE
8
BLACK
6
CONTINUOUS
10
6.2864037795275589
20
-3.943953307086614
11
6.2861150787401572
21
-3.9441281102362202
0
LINE
8
BLACK
6
CONTINUOUS
10
6.2861150787401572
20
-3.9441281102362202
11
6.2853192125984254
21
-3.944144566929134
0
LINE
8
BLACK
6
CONTINUOUS
10
6.2853192125984254
20
-3.944144566929134
11
6.2845352362204725
21
-3.9442828346456693
0
LINE
8
BLACK
6
CONTINUOUS
10
6.2845352362204725
20
-3.9442828346456693
11
6.2843312204724411
21
-3.9441650393700787
0
LINE
8
BLACK
6
CONTINUOUS
10
6.2843312204724411
20
-3.9441650393700787
11
6.2840957480314961
21
-3.9441699212598422
0
LINE
8
BLACK
6
CONTINUOUS
10
6.2840957480314961
20
-3.9441699212598422
11
6.2834754724409452
21
-3.9436709448818896
0
LINE
8
BLACK
6
CONTINUOUS
10
6.2834754724409452
20
-3.9436709448818896
11
6.2827860629921259
21
-3.9432729133858269
0
LINE
8
BLACK
6
CONTINUOUS
10
6.2827860629921259
20
-3.9432729133858269
11
6.282705472440945
21
-3.9430515354330709
0
LINE
8
BLACK
6
CONTINUOUS
10
6.282705472440945
20
-3.9430515354330709
11
6.2825219291338579
21
-3.942903897637795
0
LINE
8
BLACK
6
CONTINUOUS
10
6.2825219291338579
20
-3.942903897637795
11
6.2823674803149601
21
-3.9421229133858269
0
LINE
8
BLACK
6
CONTINUOUS
10
6.2823674803149601
20
-3.9421229133858269
11
6.2820952362204725
21
-3.9413749212598423
0
LINE
8
BLACK
6
CONTINUOUS
10
6.2820952362204725
20
-3.9413749212598423
11
6.2820952362204725
21
-3.9170029921259841
0
LINE
8
BLACK
6
CONTINUOUS
10
6.2820952362204725
20
-3.9170029921259841
11
6.2822733070866139
21
-3.9159930708661417
0
LINE
8
BLACK
6
CONTINUOUS
10
6.2822733070866139
20
-3.9159930708661417
11
6.2835716141732281
21
-3.9144458267716535
0
LINE
8
BLACK
6
CONTINUOUS
10
6.2835716141732281
20
-3.9144458267716535
11
6.2855607480314957
21
-3.9140950787401576
0
LINE
8
BLACK
6
CONTINUOUS
10
6.2855607480314957
20
-3.9140950787401576
11
6.2873099212598422
21
-3.9151050000000001
0
LINE
8
BLACK
6
CONTINUOUS
10
6.2873099212598422
20
-3.9151050000000001
11
6.2880007480314957
21
-3.9170029921259841
0
LINE
8
BLACK
6
CONTINUOUS
10
6.2880007480314957
20
-3.9170029921259841
11
6.2880007480314957
21
-3.9348677165354329
0
LINE
8
BLACK
6
CONTINUOUS
10
6.2880007480314957
20
-3.9348677165354329
11
6.2981016929133853
21
-3.9260294094488186
0
LINE
8
BLACK
6
CONTINUOUS
10
6.2981016929133853
20
-3.9260294094488186
11
6.298481535433071
21
-3.9257994881889764
0
LINE
8
BLACK
6
CONTINUOUS
10
6.298481535433071
20
-3.9257994881889764
11
6.2985697244094485
21
-3.9256944094488189
0
LINE
8
BLACK
6
CONTINUOUS
10
6.2985697244094485
20
-3.9256944094488189
11
6.2986902755905509
21
-3.9256731496062991
0
LINE
8
BLACK
6
CONTINUOUS
10
6.2986902755905509
20
-3.9256731496062991
11
6.2989790157480314
21
-3.9254983858267716
0
LINE
8
BLACK
6
CONTINUOUS
10
6.2989790157480314
20
-3.9254983858267716
11
6.2997748425196853
21
-3.9254818897637795
0
LINE
8
BLACK
6
CONTINUOUS
10
6.2997748425196853
20
-3.9254818897637795
11
6.3005588582677161
21
-3.9253436614173229
0
LINE
8
BLACK
6
CONTINUOUS
10
6.3005588582677161
20
-3.9253436614173229
11
6.3007628346456688
21
-3.9254614173228344
0
LINE
8
BLACK
6
CONTINUOUS
10
6.3007628346456688
20
-3.9254614173228344
11
6.3009983858267713
21
-3.9254565748031496
0
LINE
8
BLACK
6
CONTINUOUS
10
6.3009983858267713
20
-3.9254565748031496
11
6.3016186614173231
21
-3.9259555511811022
0
LINE
8
BLACK
6
CONTINUOUS
10
6.3016186614173231
20
-3.9259555511811022
11
6.3023080314960627
21
-3.9263535826771654
0
LINE
8
BLACK
6
CONTINUOUS
10
6.3023080314960627
20
-3.9263535826771654
11
6.3023885826771648
21
-3.9265749212598426
0
LINE
8
BLACK
6
CONTINUOUS
10
6.3023885826771648
20
-3.9265749212598426
11
6.3025721653543307
21
-3.9267225984251968
0
LINE
8
BLACK
6
CONTINUOUS
10
6.3025721653543307
20
-3.9267225984251968
11
6.3027265748031498
21
-3.9275035433070866
0
LINE
8
BLACK
6
CONTINUOUS
10
6.3027265748031498
20
-3.9275035433070866
11
6.3029988582677161
21
-3.9282515748031495
0
LINE
8
BLACK
6
CONTINUOUS
10
6.3029988582677161
20
-3.9282515748031495
11
6.3029988582677161
21
-3.9331788188976375
0
LINE
8
BLACK
6
CONTINUOUS
10
6.3029988582677161
20
-3.9331788188976375
11
6.3043475984251964
21
-3.9358762992125982
0
LINE
8
BLACK
6
CONTINUOUS
10
6.3043475984251964
20
-3.9358762992125982
11
6.3055447244094482
21
-3.9370734251968504
0
LINE
8
BLACK
6
CONTINUOUS
10
6.3055447244094482
20
-3.9370734251968504
11
6.3082422047244089
21
-3.9384221653543308
0
LINE
8
BLACK
6
CONTINUOUS
10
6.3082422047244089
20
-3.9384221653543308
11
6.3162219291338584
21
-3.9384221653543308
0
LINE
8
BLACK
6
CONTINUOUS
10
6.3162219291338584
20
-3.9384221653543308
11
6.318919409448819
21
-3.9370733858267717
0
LINE
8
BLACK
6
CONTINUOUS
10
6.318919409448819
20
-3.9370733858267717
11
6.3201165748031496
21
-3.9358762598425194
0
LINE
8
BLACK
6
CONTINUOUS
10
6.3201165748031496
20
-3.9358762598425194
11
6.3214653149606299
21
-3.9331788188976375
0
LINE
8
BLACK
6
CONTINUOUS
10
6.3214653149606299
20
-3.9331788188976375
11
6.3214653149606299
21
-3.9233243307086614
0
LINE
8
BLACK
6
CONTINUOUS
10
6.3214653149606299
20
-3.9233243307086614
11
6.3201165748031496
21
-3.9206268503937007
0
LINE
8
BLACK
6
CONTINUOUS
10
6.3201165748031496
20
-3.9206268503937007
11
6.3185806299212599
21
-3.9190909448818898
0
LINE
8
BLACK
6
CONTINUOUS
10
6.3185806299212599
20
-3.9190909448818898
11
6.317992401574803
21
-3.9182509055118109
0
LINE
8
BLACK
6
CONTINUOUS
10
6.317992401574803
20
-3.9182509055118109
11
6.3178163385826771
21
-3.9162387795275588
0
LINE
8
BLACK
6
CONTINUOUS
10
6.3178163385826771
20
-3.9162387795275588
11
6.318974842519685
21
-3.9145842125984252
0
LINE
8
BLACK
6
CONTINUOUS
10
6.318974842519685
20
-3.9145842125984252
11
6.3209258267716537
21
-3.9140614960629923
0
LINE
8
BLACK
6
CONTINUOUS
10
6.3209258267716537
20
-3.9140614960629923
11
6.3227563779527554
21
-3.9149150393700785
0
LINE
8
BLACK
6
CONTINUOUS
10
6.3962606692913386
20
-3.8893336220472441
11
6.3969525590551184
21
-3.8910039370078739
0
LINE
8
BLACK
6
CONTINUOUS
10
6.3969525590551184
20
-3.8910039370078739
11
6.3969525590551184
21
-3.9210039370078738
0
LINE
8
BLACK
6
CONTINUOUS
10
6.3969525590551184
20
-3.9210039370078738
11
6.3962606692913386
21
-3.9226742519685041
0
LINE
8
BLACK
6
CONTINUOUS
10
6.3962606692913386
20
-3.9226742519685041
11
6.3945903543307088
21
-3.9233661417322834
0
LINE
8
BLACK
6
CONTINUOUS
10
6.3945903543307088
20
-3.9233661417322834
11
6.3929200393700789
21
-3.9226742519685041
0
LINE
8
BLACK
6
CONTINUOUS
10
6.3929200393700789
20
-3.9226742519685041
11
6.3922281496062991
21
-3.9210039370078738
0
LINE
8
BLACK
6
CONTINUOUS
10
6.3922281496062991
20
-3.9210039370078738
11
6.3922281496062991
21
-3.8910039370078739
0
LINE
8
BLACK
6
CONTINUOUS
10
6.3922281496062991
20
-3.8910039370078739
11
6.3929200393700789
21
-3.8893336220472441
0
LINE
8
BLACK
6
CONTINUOUS
10
6.3929200393700789
20
-3.8893336220472441
11
6.3945903543307088
21
-3.8886417322834643
0
LINE
8
BLACK
6
CONTINUOUS
10
6.3945903543307088
20
-3.8886417322834643
11
6.3962606692913386
21
-3.8893336220472441
0
LINE
8
BLACK
6
CONTINUOUS
10
6.4562606692913382
20
-3.8893336220472441
11
6.456952559055118
21
-3.8910039370078739
0
LINE
8
BLACK
6
CONTINUOUS
10
6.456952559055118
20
-3.8910039370078739
11
6.456952559055118
21
-3.9210039370078738
0
LINE
8
BLACK
6
CONTINUOUS
10
6.456952559055118
20
-3.9210039370078738
11
6.4562606692913382
21
-3.9226742519685041
0
LINE
8
BLACK
6
CONTINUOUS
10
6.4562606692913382
20
-3.9226742519685041
11
6.4545903543307084
21
-3.9233661417322834
0
LINE
8
BLACK
6
CONTINUOUS
10
6.4545903543307084
20
-3.9233661417322834
11
6.4529200393700785
21
-3.9226742519685041
0
LINE
8
BLACK
6
CONTINUOUS
10
6.4529200393700785
20
-3.9226742519685041
11
6.4522281496062988
21
-3.9210039370078738
0
LINE
8
BLACK
6
CONTINUOUS
10
6.4522281496062988
20
-3.9210039370078738
11
6.4522281496062988
21
-3.8910039370078739
0
LINE
8
BLACK
6
CONTINUOUS
10
6.4522281496062988
20
-3.8910039370078739
11
6.4529200393700785
21
-3.8893336220472441
0
LINE
8
BLACK
6
CONTINUOUS
10
6.4529200393700785
20
-3.8893336220472441
11
6.4545903543307084
21
-3.8886417322834643
0
LINE
8
BLACK
6
CONTINUOUS
10
6.4545903543307084
20
-3.8886417322834643
11
6.4562606692913382
21
-3.8893336220472441
0
LINE
8
BLACK
6
CONTINUOUS
10
5.9740489763779525
20
-3.9030420866141733
11
5.9771144094488191
21
-3.90509031496063
0
LINE
8
BLACK
6
CONTINUOUS
10
5.9771144094488191
20
-3.90509031496063
11
5.9791626377952758
21
-3.9081557480314961
0
LINE
8
BLACK
6
CONTINUOUS
10
5.9791626377952758
20
-3.9081557480314961
11
5.9798818897637798
21
-3.9117716535433069
0
LINE
8
BLACK
6
CONTINUOUS
10
5.9798818897637798
20
-3.9117716535433069
11
5.9791626377952758
21
-3.9153875590551181
0
LINE
8
BLACK
6
CONTINUOUS
10
5.9791626377952758
20
-3.9153875590551181
11
5.9771144094488191
21
-3.9184529921259843
0
LINE
8
BLACK
6
CONTINUOUS
10
5.9771144094488191
20
-3.9184529921259843
11
5.9740489763779525
21
-3.920501220472441
0
LINE
8
BLACK
6
CONTINUOUS
10
5.9740489763779525
20
-3.920501220472441
11
5.9704330708661413
21
-3.921220472440945
0
LINE
8
BLACK
6
CONTINUOUS
10
5.9704330708661413
20
-3.921220472440945
11
5.9668171653543309
21
-3.920501220472441
0
LINE
8
BLACK
6
CONTINUOUS
10
5.9668171653543309
20
-3.920501220472441
11
5.9637517322834643
21
-3.9184529921259843
0
LINE
8
BLACK
6
CONTINUOUS
10
5.9637517322834643
20
-3.9184529921259843
11
5.9617035039370077
21
-3.9153875590551181
0
LINE
8
BLACK
6
CONTINUOUS
10
5.9617035039370077
20
-3.9153875590551181
11
5.9609842519685037
21
-3.9117716535433069
0
LINE
8
BLACK
6
CONTINUOUS
10
5.9609842519685037
20
-3.9117716535433069
11
5.9617035039370077
21
-3.9081557480314961
0
LINE
8
BLACK
6
CONTINUOUS
10
5.9617035039370077
20
-3.9081557480314961
11
5.9637517322834643
21
-3.90509031496063
0
LINE
8
BLACK
6
CONTINUOUS
10
5.9637517322834643
20
-3.90509031496063
11
5.9668171653543309
21
-3.9030420866141733
0
LINE
8
BLACK
6
CONTINUOUS
10
5.9668171653543309
20
-3.9030420866141733
11
5.9704330708661413
21
-3.9023228346456693
0
LINE
8
BLACK
6
CONTINUOUS
10
5.9704330708661413
20
-3.9023228346456693
11
5.9740489763779525
21
-3.9030420866141733
0
LINE
8
BLACK
6
CONTINUOUS
10
5.9570827165354325
20
-3.9169330314960629
11
5.9578149606299213
21
-3.9187007874015749
0
LINE
8
BLACK
6
CONTINUOUS
10
5.9578149606299213
20
-3.9187007874015749
11
5.9570827165354325
21
-3.9204685433070865
0
LINE
8
BLACK
6
CONTINUOUS
10
5.9570827165354325
20
-3.9204685433070865
11
5.9553149606299209
21
-3.9212007874015748
0
LINE
8
BLACK
6
CONTINUOUS
10
5.9553149606299209
20
-3.9212007874015748
11
5.8057086614173228
21
-3.9212007874015748
0
LINE
8
BLACK
6
CONTINUOUS
10
5.8057086614173228
20
-3.9212007874015748
11
5.8039409055118112
21
-3.9204685433070865
0
LINE
8
BLACK
6
CONTINUOUS
10
5.8039409055118112
20
-3.9204685433070865
11
5.8032086614173224
21
-3.9187007874015749
0
LINE
8
BLACK
6
CONTINUOUS
10
5.8032086614173224
20
-3.9187007874015749
11
5.8039409055118112
21
-3.9169330314960629
0
LINE
8
BLACK
6
CONTINUOUS
10
5.8039409055118112
20
-3.9169330314960629
11
5.8057086614173228
21
-3.9162007874015745
0
LINE
8
BLACK
6
CONTINUOUS
10
5.8057086614173228
20
-3.9162007874015745
11
5.9553149606299209
21
-3.9162007874015745
0
LINE
8
BLACK
6
CONTINUOUS
10
5.9553149606299209
20
-3.9162007874015745
11
5.9570827165354325
21
-3.9169330314960629
0
LINE
8
BLACK
6
CONTINUOUS
10
6.3179288976377954
20
-3.8767329921259841
11
6.3180641338582673
21
-3.8768464566929133
0
LINE
8
BLACK
6
CONTINUOUS
10
6.3180641338582673
20
-3.8768464566929133
11
6.3182394881889765
21
-3.8768666535433072
0
LINE
8
BLACK
6
CONTINUOUS
10
6.3182394881889765
20
-3.8768666535433072
11
6.3219890157480316
21
-3.8787414173228347
0
LINE
8
BLACK
6
CONTINUOUS
10
6.3219890157480316
20
-3.8787414173228347
11
6.3226979921259838
21
-3.8792672440944882
0
LINE
8
BLACK
6
CONTINUOUS
10
6.3226979921259838
20
-3.8792672440944882
11
6.3227563779527554
21
-3.8792944881889762
0
LINE
8
BLACK
6
CONTINUOUS
10
6.3227563779527554
20
-3.8792944881889762
11
6.3246311811023617
21
-3.8811692519685037
0
LINE
8
BLACK
6
CONTINUOUS
10
6.3246311811023617
20
-3.8811692519685037
11
6.3251375590551175
21
-3.8818924015748029
0
LINE
8
BLACK
6
CONTINUOUS
10
6.3251375590551175
20
-3.8818924015748029
11
6.3251843307086615
21
-3.8819366929133858
0
LINE
8
BLACK
6
CONTINUOUS
10
6.3251843307086615
20
-3.8819366929133858
11
6.327059094488189
21
-3.8856862204724409
0
LINE
8
BLACK
6
CONTINUOUS
10
6.327059094488189
20
-3.8856862204724409
11
6.327351456692913
21
-3.8866691338582675
0
LINE
8
BLACK
6
CONTINUOUS
10
6.327351456692913
20
-3.8866691338582675
11
6.327310433070866
21
-3.8868408267716537
0
LINE
8
BLACK
6
CONTINUOUS
10
6.327310433070866
20
-3.8868408267716537
11
6.3273708267716531
21
-3.8870067322834645
0
LINE
8
BLACK
6
CONTINUOUS
10
6.3273708267716531
20
-3.8870067322834645
11
6.3273708267716531
21
-3.8945057874015747
0
LINE
8
BLACK
6
CONTINUOUS
10
6.3273708267716531
20
-3.8945057874015747
11
6.3271927559055117
21
-3.8955157086614172
0
LINE
8
BLACK
6
CONTINUOUS
10
6.3271927559055117
20
-3.8955157086614172
11
6.3270792519685042
21
-3.8956509448818895
0
LINE
8
BLACK
6
CONTINUOUS
10
6.3270792519685042
20
-3.8956509448818895
11
6.327059094488189
21
-3.8958262992125983
0
LINE
8
BLACK
6
CONTINUOUS
10
6.327059094488189
20
-3.8958262992125983
11
6.3251843307086615
21
-3.8995758267716534
0
LINE
8
BLACK
6
CONTINUOUS
10
6.3251843307086615
20
-3.8995758267716534
11
6.324658346456693
21
-3.9002849212598423
0
LINE
8
BLACK
6
CONTINUOUS
10
6.324658346456693
20
-3.9002849212598423
11
6.3246311811023617
21
-3.9003432677165355
0
LINE
8
BLACK
6
CONTINUOUS
10
6.3246311811023617
20
-3.9003432677165355
11
6.3227563779527554
21
-3.9022180314960631
0
LINE
8
BLACK
6
CONTINUOUS
10
6.3227563779527554
20
-3.9022180314960631
11
6.3220333070866142
21
-3.9027242913385827
0
LINE
8
BLACK
6
CONTINUOUS
10
6.3220333070866142
20
-3.9027242913385827
11
6.3219890157480316
21
-3.9027711023622045
0
LINE
8
BLACK
6
CONTINUOUS
10
6.3219890157480316
20
-3.9027711023622045
11
6.3182394881889765
21
-3.904645866141732
0
LINE
8
BLACK
6
CONTINUOUS
10
6.3182394881889765
20
-3.904645866141732
11
6.3172565354330708
21
-3.9049382283464564
0
LINE
8
BLACK
6
CONTINUOUS
10
6.3172565354330708
20
-3.9049382283464564
11
6.3170848425196846
21
-3.9048972047244095
0
LINE
8
BLACK
6
CONTINUOUS
10
6.3170848425196846
20
-3.9048972047244095
11
6.316918976377953
21
-3.904957598425197
0
LINE
8
BLACK
6
CONTINUOUS
10
6.316918976377953
20
-3.904957598425197
11
6.2850479921259845
21
-3.904957598425197
0
LINE
8
BLACK
6
CONTINUOUS
10
6.2850479921259845
20
-3.904957598425197
11
6.2840380708661412
21
-3.9047795275590551
0
LINE
8
BLACK
6
CONTINUOUS
10
6.2840380708661412
20
-3.9047795275590551
11
6.282490826771653
21
-3.9034812204724409
0
LINE
8
BLACK
6
CONTINUOUS
10
6.282490826771653
20
-3.9034812204724409
11
6.2821400787401576
21
-3.9014920866141733
0
LINE
8
BLACK
6
CONTINUOUS
10
6.2821400787401576
20
-3.9014920866141733
11
6.28315
21
-3.8997429133858268
0
LINE
8
BLACK
6
CONTINUOUS
10
6.28315
20
-3.8997429133858268
11
6.2850479921259845
21
-3.8990520866141734
0
LINE
8
BLACK
6
CONTINUOUS
10
6.2850479921259845
20
-3.8990520866141734
11
6.3162219291338584
21
-3.8990520866141734
0
LINE
8
BLACK
6
CONTINUOUS
10
6.3162219291338584
20
-3.8990520866141734
11
6.318919409448819
21
-3.8977033070866143
0
LINE
8
BLACK
6
CONTINUOUS
10
6.318919409448819
20
-3.8977033070866143
11
6.3201165748031496
21
-3.896506181102362
0
LINE
8
BLACK
6
CONTINUOUS
10
6.3201165748031496
20
-3.896506181102362
11
6.3214653149606299
21
-3.8938087401574801
0
LINE
8
BLACK
6
CONTINUOUS
10
6.3214653149606299
20
-3.8938087401574801
11
6.3214653149606299
21
-3.8877037795275591
0
LINE
8
BLACK
6
CONTINUOUS
10
6.3214653149606299
20
-3.8877037795275591
11
6.3201165748031496
21
-3.8850062992125984
0
LINE
8
BLACK
6
CONTINUOUS
10
6.3201165748031496
20
-3.8850062992125984
11
6.318919409448819
21
-3.8838091732283462
0
LINE
8
BLACK
6
CONTINUOUS
10
6.318919409448819
20
-3.8838091732283462
11
6.3162219291338584
21
-3.8824604330708659
0
LINE
8
BLACK
6
CONTINUOUS
10
6.3162219291338584
20
-3.8824604330708659
11
6.2850479921259845
21
-3.8824604330708659
0
LINE
8
BLACK
6
CONTINUOUS
10
6.2850479921259845
20
-3.8824604330708659
11
6.2840380708661412
21
-3.8822823622047244
0
LINE
8
BLACK
6
CONTINUOUS
10
6.2840380708661412
20
-3.8822823622047244
11
6.282490826771653
21
-3.8809840551181103
0
LINE
8
BLACK
6
CONTINUOUS
10
6.282490826771653
20
-3.8809840551181103
11
6.2821400787401576
21
-3.8789949212598422
0
LINE
8
BLACK
6
CONTINUOUS
10
6.2821400787401576
20
-3.8789949212598422
11
6.28315
21
-3.8772457480314961
0
LINE
8
BLACK
6
CONTINUOUS
10
6.28315
20
-3.8772457480314961
11
6.2850479921259845
21
-3.8765549212598422
0
LINE
8
BLACK
6
CONTINUOUS
10
6.2850479921259845
20
-3.8765549212598422
11
6.316918976377953
21
-3.8765549212598422
0
LINE
8
BLACK
6
CONTINUOUS
10
6.316918976377953
20
-3.8765549212598422
11
6.3179288976377954
21
-3.8767329921259841
0
LINE
8
BLACK
6
CONTINUOUS
10
6.1972440944881892
20
-3.7982283464566926
11
6.1989144094488191
21
-3.7989202362204724
0
LINE
8
BLACK
6
CONTINUOUS
10
6.1989144094488191
20
-3.7989202362204724
11
6.199606299212598
21
-3.8005905511811022
0
LINE
8
BLACK
6
CONTINUOUS
10
6.199606299212598
20
-3.8005905511811022
11
6.199606299212598
21
-3.8072834645669289
0
LINE
8
BLACK
6
CONTINUOUS
10
6.199606299212598
20
-3.8072834645669289
11
6.2421259842519685
21
-3.8072834645669289
0
LINE
8
BLACK
6
CONTINUOUS
10
6.2421259842519685
20
-3.8072834645669289
11
6.2437962992125984
21
-3.8079753543307087
0
LINE
8
BLACK
6
CONTINUOUS
10
6.2437962992125984
20
-3.8079753543307087
11
6.2444881889763781
21
-3.8096456692913385
0
LINE
8
BLACK
6
CONTINUOUS
10
6.2444881889763781
20
-3.8096456692913385
11
6.2437962992125984
21
-3.8113159842519684
0
LINE
8
BLACK
6
CONTINUOUS
10
6.2437962992125984
20
-3.8113159842519684
11
6.2421259842519685
21
-3.8120078740157481
0
LINE
8
BLACK
6
CONTINUOUS
10
6.2421259842519685
20
-3.8120078740157481
11
6.1972440944881892
21
-3.8120078740157481
0
LINE
8
BLACK
6
CONTINUOUS
10
6.1972440944881892
20
-3.8120078740157481
11
6.1955737795275585
21
-3.8113159842519684
0
LINE
8
BLACK
6
CONTINUOUS
10
6.1955737795275585
20
-3.8113159842519684
11
6.1948818897637796
21
-3.8096456692913385
0
LINE
8
BLACK
6
CONTINUOUS
10
6.1948818897637796
20
-3.8096456692913385
11
6.1948818897637796
21
-3.8029527559055119
0
LINE
8
BLACK
6
CONTINUOUS
10
6.1948818897637796
20
-3.8029527559055119
11
6.0925196850393704
21
-3.8029527559055119
0
LINE
8
BLACK
6
CONTINUOUS
10
6.0925196850393704
20
-3.8029527559055119
11
6.0925196850393704
21
-3.8521653543307086
0
LINE
8
BLACK
6
CONTINUOUS
10
6.0925196850393704
20
-3.8521653543307086
11
6.0918277952755906
21
-3.8538356692913385
0
LINE
8
BLACK
6
CONTINUOUS
10
6.0918277952755906
20
-3.8538356692913385
11
6.0901574803149607
21
-3.8545275590551182
0
LINE
8
BLACK
6
CONTINUOUS
10
6.0901574803149607
20
-3.8545275590551182
11
6.0884871653543309
21
-3.8538356692913385
0
LINE
8
BLACK
6
CONTINUOUS
10
6.0884871653543309
20
-3.8538356692913385
11
6.0877952755905511
21
-3.8521653543307086
0
LINE
8
BLACK
6
CONTINUOUS
10
6.0877952755905511
20
-3.8521653543307086
11
6.0877952755905511
21
-3.8005905511811022
0
LINE
8
BLACK
6
CONTINUOUS
10
6.0877952755905511
20
-3.8005905511811022
11
6.0884871653543309
21
-3.7989202362204724
0
LINE
8
BLACK
6
CONTINUOUS
10
6.0884871653543309
20
-3.7989202362204724
11
6.0901574803149607
21
-3.7982283464566926
0
LINE
8
BLACK
6
CONTINUOUS
10
6.0901574803149607
20
-3.7982283464566926
11
6.1972440944881892
21
-3.7982283464566926
0
LINE
8
BLACK
6
CONTINUOUS
10
5.8825701968503932
20
-3.8070235039370077
11
5.883092913385827
21
-3.8089744881889764
0
LINE
8
BLACK
6
CONTINUOUS
10
5.883092913385827
20
-3.8089744881889764
11
5.8822393307086616
21
-3.8108050393700785
0
LINE
8
BLACK
6
CONTINUOUS
10
5.8822393307086616
20
-3.8108050393700785
11
5.8398129133858268
21
-3.8532314566929133
0
LINE
8
BLACK
6
CONTINUOUS
10
5.8398129133858268
20
-3.8532314566929133
11
5.8389728740157478
21
-3.8538196456692915
0
LINE
8
BLACK
6
CONTINUOUS
10
5.8389728740157478
20
-3.8538196456692915
11
5.8369607874015745
21
-3.8539957086614174
0
LINE
8
BLACK
6
CONTINUOUS
10
5.8369607874015745
20
-3.8539957086614174
11
5.8353062204724404
21
-3.8528371653543307
0
LINE
8
BLACK
6
CONTINUOUS
10
5.8353062204724404
20
-3.8528371653543307
11
5.8347835039370075
21
-3.8508862204724408
0
LINE
8
BLACK
6
CONTINUOUS
10
5.8347835039370075
20
-3.8508862204724408
11
5.8356370866141729
21
-3.8490556299212599
0
LINE
8
BLACK
6
CONTINUOUS
10
5.8356370866141729
20
-3.8490556299212599
11
5.8780635039370077
21
-3.8066292125984251
0
LINE
8
BLACK
6
CONTINUOUS
10
5.8780635039370077
20
-3.8066292125984251
11
5.8789035433070866
21
-3.806041023622047
0
LINE
8
BLACK
6
CONTINUOUS
10
5.8789035433070866
20
-3.806041023622047
11
5.8809156299212599
21
-3.8058649999999998
0
LINE
8
BLACK
6
CONTINUOUS
10
5.8809156299212599
20
-3.8058649999999998
11
5.8825701968503932
21
-3.8070235039370077
0
LINE
8
BLACK
6
CONTINUOUS
10
6.4556002755905508
20
-3.8432292519685038
11
6.457147519685039
21
-3.844527559055118
0
LINE
8
BLACK
6
CONTINUOUS
10
6.457147519685039
20
-3.844527559055118
11
6.4574982677165353
21
-3.8465166929133856
0
LINE
8
BLACK
6
CONTINUOUS
10
6.4574982677165353
20
-3.8465166929133856
11
6.4564883464566929
21
-3.8482658661417322
0
LINE
8
BLACK
6
CONTINUOUS
10
6.4564883464566929
20
-3.8482658661417322
11
6.4545903543307084
21
-3.8489566929133856
0
LINE
8
BLACK
6
CONTINUOUS
10
6.4545903543307084
20
-3.8489566929133856
11
6.3945903543307088
21
-3.8489566929133856
0
LINE
8
BLACK
6
CONTINUOUS
10
6.3945903543307088
20
-3.8489566929133856
11
6.3935804330708663
21
-3.8487786220472442
0
LINE
8
BLACK
6
CONTINUOUS
10
6.3935804330708663
20
-3.8487786220472442
11
6.3920331889763782
21
-3.84748031496063
0
LINE
8
BLACK
6
CONTINUOUS
10
6.3920331889763782
20
-3.84748031496063
11
6.3916824409448818
21
-3.845491181102362
0
LINE
8
BLACK
6
CONTINUOUS
10
6.3916824409448818
20
-3.845491181102362
11
6.3926923622047243
21
-3.8437420078740159
0
LINE
8
BLACK
6
CONTINUOUS
10
6.3926923622047243
20
-3.8437420078740159
11
6.3945903543307088
21
-3.843051181102362
0
LINE
8
BLACK
6
CONTINUOUS
10
6.3945903543307088
20
-3.843051181102362
11
6.4545903543307084
21
-3.843051181102362
0
LINE
8
BLACK
6
CONTINUOUS
10
6.4545903543307084
20
-3.843051181102362
11
6.4556002755905508
21
-3.8432292519685038
0
LINE
8
BLACK
6
CONTINUOUS
10
6.372226653543307
20
-3.8377023622047242
11
6.3737738976377951
21
-3.8390006692913383
0
LINE
8
BLACK
6
CONTINUOUS
10
6.3737738976377951
20
-3.8390006692913383
11
6.3741246456692915
21
-3.8409898031496064
0
LINE
8
BLACK
6
CONTINUOUS
10
6.3741246456692915
20
-3.8409898031496064
11
6.373114724409449
21
-3.8427389763779525
0
LINE
8
BLACK
6
CONTINUOUS
10
6.373114724409449
20
-3.8427389763779525
11
6.3712167322834645
21
-3.8434298031496064
0
LINE
8
BLACK
6
CONTINUOUS
10
6.3712167322834645
20
-3.8434298031496064
11
6.311216732283464
21
-3.8434298031496064
0
LINE
8
BLACK
6
CONTINUOUS
10
6.311216732283464
20
-3.8434298031496064
11
6.3102068110236216
21
-3.8432517322834645
0
LINE
8
BLACK
6
CONTINUOUS
10
6.3102068110236216
20
-3.8432517322834645
11
6.3086595669291334
21
-3.8419534251968503
0
LINE
8
BLACK
6
CONTINUOUS
10
6.3086595669291334
20
-3.8419534251968503
11
6.3083088188976379
21
-3.8399642913385827
0
LINE
8
BLACK
6
CONTINUOUS
10
6.3083088188976379
20
-3.8399642913385827
11
6.3093187401574804
21
-3.8382151181102362
0
LINE
8
BLACK
6
CONTINUOUS
10
6.3093187401574804
20
-3.8382151181102362
11
6.311216732283464
21
-3.8375242913385827
0
LINE
8
BLACK
6
CONTINUOUS
10
6.311216732283464
20
-3.8375242913385827
11
6.3712167322834645
21
-3.8375242913385827
0
LINE
8
BLACK
6
CONTINUOUS
10
6.3712167322834645
20
-3.8375242913385827
11
6.372226653543307
21
-3.8377023622047242
0
LINE
8
BLACK
6
CONTINUOUS
10
5.9940845669291338
20
-3.8338808661417323
11
5.9947764566929136
21
-3.8355511811023622
0
LINE
8
BLACK
6
CONTINUOUS
10
5.9947764566929136
20
-3.8355511811023622
11
5.9940845669291338
21
-3.837221496062992
0
LINE
8
BLACK
6
CONTINUOUS
10
5.9940845669291338
20
-3.837221496062992
11
5.992414251968504
21
-3.8379133858267718
0
LINE
8
BLACK
6
CONTINUOUS
10
5.992414251968504
20
-3.8379133858267718
11
5.9609479527559053
21
-3.8379133858267718
0
LINE
8
BLACK
6
CONTINUOUS
10
5.9609479527559053
20
-3.8379133858267718
11
5.9592776377952754
21
-3.837221496062992
0
LINE
8
BLACK
6
CONTINUOUS
10
5.9592776377952754
20
-3.837221496062992
11
5.9585857480314957
21
-3.8355511811023622
0
LINE
8
BLACK
6
CONTINUOUS
10
5.9585857480314957
20
-3.8355511811023622
11
5.9592776377952754
21
-3.8338808661417323
0
LINE
8
BLACK
6
CONTINUOUS
10
5.9592776377952754
20
-3.8338808661417323
11
5.9609479527559053
21
-3.8331889763779525
0
LINE
8
BLACK
6
CONTINUOUS
10
5.9609479527559053
20
-3.8331889763779525
11
5.992414251968504
21
-3.8331889763779525
0
LINE
8
BLACK
6
CONTINUOUS
10
5.992414251968504
20
-3.8331889763779525
11
5.9940845669291338
21
-3.8338808661417323
0
LINE
8
BLACK
6
CONTINUOUS
10
5.7863623228346457
20
-3.7964402362204726
11
5.8075755118110237
21
-3.8176533858267714
0
LINE
8
BLACK
6
CONTINUOUS
10
5.8075755118110237
20
-3.8176533858267714
11
5.8082673622047238
21
-3.8193237401574804
0
LINE
8
BLACK
6
CONTINUOUS
10
5.8082673622047238
20
-3.8193237401574804
11
5.8075755118110237
21
-3.8209940551181103
0
LINE
8
BLACK
6
CONTINUOUS
10
5.8075755118110237
20
-3.8209940551181103
11
5.8059051968503939
21
-3.8216859055118109
0
LINE
8
BLACK
6
CONTINUOUS
10
5.8059051968503939
20
-3.8216859055118109
11
5.8042348425196852
21
-3.8209940551181103
0
LINE
8
BLACK
6
CONTINUOUS
10
5.8042348425196852
20
-3.8209940551181103
11
5.783021692913386
21
-3.7997808661417323
0
LINE
8
BLACK
6
CONTINUOUS
10
5.783021692913386
20
-3.7997808661417323
11
5.782329842519685
21
-3.7981105511811024
0
LINE
8
BLACK
6
CONTINUOUS
10
5.782329842519685
20
-3.7981105511811024
11
5.783021692913386
21
-3.7964402362204726
0
LINE
8
BLACK
6
CONTINUOUS
10
5.783021692913386
20
-3.7964402362204726
11
5.7846920078740158
21
-3.7957483858267715
0
LINE
8
BLACK
6
CONTINUOUS
10
5.7846920078740158
20
-3.7957483858267715
11
5.7863623228346457
21
-3.7964402362204726
0
LINE
8
BLACK
6
CONTINUOUS
10
6.3128870472440948
20
-3.7638067322834643
11
6.3135789370078736
21
-3.7654770472440946
0
LINE
8
BLACK
6
CONTINUOUS
10
6.3135789370078736
20
-3.7654770472440946
11
6.3135789370078736
21
-3.7954770472440944
0
LINE
8
BLACK
6
CONTINUOUS
10
6.3135789370078736
20
-3.7954770472440944
11
6.3128870472440948
21
-3.7971473622047243
0
LINE
8
BLACK
6
CONTINUOUS
10
6.3128870472440948
20
-3.7971473622047243
11
6.311216732283464
21
-3.797839251968504
0
LINE
8
BLACK
6
CONTINUOUS
10
6.311216732283464
20
-3.797839251968504
11
6.3095464173228342
21
-3.7971473622047243
0
LINE
8
BLACK
6
CONTINUOUS
10
6.3095464173228342
20
-3.7971473622047243
11
6.3088545275590553
21
-3.7954770472440944
0
LINE
8
BLACK
6
CONTINUOUS
10
6.3088545275590553
20
-3.7954770472440944
11
6.3088545275590553
21
-3.7654770472440946
0
LINE
8
BLACK
6
CONTINUOUS
10
6.3088545275590553
20
-3.7654770472440946
11
6.3095464173228342
21
-3.7638067322834643
0
LINE
8
BLACK
6
CONTINUOUS
10
6.3095464173228342
20
-3.7638067322834643
11
6.311216732283464
21
-3.763114842519685
0
LINE
8
BLACK
6
CONTINUOUS
10
6.311216732283464
20
-3.763114842519685
11
6.3128870472440948
21
-3.7638067322834643
0
LINE
8
BLACK
6
CONTINUOUS
10
6.3728870472440944
20
-3.7638067322834643
11
6.3735789370078741
21
-3.7654770472440946
0
LINE
8
BLACK
6
CONTINUOUS
10
6.3735789370078741
20
-3.7654770472440946
11
6.3735789370078741
21
-3.7954770472440944
0
LINE
8
BLACK
6
CONTINUOUS
10
6.3735789370078741
20
-3.7954770472440944
11
6.3728870472440944
21
-3.7971473622047243
0
LINE
8
BLACK
6
CONTINUOUS
10
6.3728870472440944
20
-3.7971473622047243
11
6.3712167322834645
21
-3.797839251968504
0
LINE
8
BLACK
6
CONTINUOUS
10
6.3712167322834645
20
-3.797839251968504
11
6.3695464173228347
21
-3.7971473622047243
0
LINE
8
BLACK
6
CONTINUOUS
10
6.3695464173228347
20
-3.7971473622047243
11
6.3688545275590549
21
-3.7954770472440944
0
LINE
8
BLACK
6
CONTINUOUS
10
6.3688545275590549
20
-3.7954770472440944
11
6.3688545275590549
21
-3.7654770472440946
0
LINE
8
BLACK
6
CONTINUOUS
10
6.3688545275590549
20
-3.7654770472440946
11
6.3695464173228347
21
-3.7638067322834643
0
LINE
8
BLACK
6
CONTINUOUS
10
6.3695464173228347
20
-3.7638067322834643
11
6.3712167322834645
21
-3.763114842519685
0
LINE
8
BLACK
6
CONTINUOUS
10
6.3712167322834645
20
-3.763114842519685
11
6.3728870472440944
21
-3.7638067322834643
0
LINE
8
BLACK
6
CONTINUOUS
10
5.9940845669291338
20
-3.7897863779527556
11
5.9947764566929136
21
-3.7914566929133859
0
LINE
8
BLACK
6
CONTINUOUS
10
5.9947764566929136
20
-3.7914566929133859
11
5.9940845669291338
21
-3.7931270078740158
0
LINE
8
BLACK
6
CONTINUOUS
10
5.9940845669291338
20
-3.7931270078740158
11
5.992414251968504
21
-3.7938188976377951
0
LINE
8
BLACK
6
CONTINUOUS
10
5.992414251968504
20
-3.7938188976377951
11
5.9609479527559053
21
-3.7938188976377951
0
LINE
8
BLACK
6
CONTINUOUS
10
5.9609479527559053
20
-3.7938188976377951
11
5.9592776377952754
21
-3.7931270078740158
0
LINE
8
BLACK
6
CONTINUOUS
10
5.9592776377952754
20
-3.7931270078740158
11
5.9585857480314957
21
-3.7914566929133859
0
LINE
8
BLACK
6
CONTINUOUS
10
5.9585857480314957
20
-3.7914566929133859
11
5.9592776377952754
21
-3.7897863779527556
0
LINE
8
BLACK
6
CONTINUOUS
10
5.9592776377952754
20
-3.7897863779527556
11
5.9609479527559053
21
-3.7890944881889763
0
LINE
8
BLACK
6
CONTINUOUS
10
5.9609479527559053
20
-3.7890944881889763
11
5.992414251968504
21
-3.7890944881889763
0
LINE
8
BLACK
6
CONTINUOUS
10
5.992414251968504
20
-3.7890944881889763
11
5.9940845669291338
21
-3.7897863779527556
0
LINE
8
BLACK
6
CONTINUOUS
10
5.8287887401574805
20
-3.7540138188976377
11
5.8500019291338585
21
-3.775226968503937
0
LINE
8
BLACK
6
CONTINUOUS
10
5.8500019291338585
20
-3.775226968503937
11
5.8506937795275586
21
-3.7768973228346456
0
LINE
8
BLACK
6
CONTINUOUS
10
5.8506937795275586
20
-3.7768973228346456
11
5.8500019291338585
21
-3.7785676377952755
0
LINE
8
BLACK
6
CONTINUOUS
10
5.8500019291338585
20
-3.7785676377952755
11
5.8483316141732278
21
-3.7792594881889765
0
LINE
8
BLACK
6
CONTINUOUS
10
5.8483316141732278
20
-3.7792594881889765
11
5.8466612598425192
21
-3.7785676377952755
0
LINE
8
BLACK
6
CONTINUOUS
10
5.8466612598425192
20
-3.7785676377952755
11
5.8254481102362208
21
-3.7573544488188975
0
LINE
8
BLACK
6
CONTINUOUS
10
5.8254481102362208
20
-3.7573544488188975
11
5.8247562598425198
21
-3.7556841338582676
0
LINE
8
BLACK
6
CONTINUOUS
10
5.8247562598425198
20
-3.7556841338582676
11
5.8254481102362208
21
-3.7540138188976377
0
LINE
8
BLACK
6
CONTINUOUS
10
5.8254481102362208
20
-3.7540138188976377
11
5.8271184251968506
21
-3.7533219685039367
0
LINE
8
BLACK
6
CONTINUOUS
10
5.8271184251968506
20
-3.7533219685039367
11
5.8287887401574805
21
-3.7540138188976377
0
LINE
8
BLACK
6
CONTINUOUS
10
5.7977174015748032
20
-3.7221707086614173
11
5.7982401181102361
21
-3.7241216929133856
0
LINE
8
BLACK
6
CONTINUOUS
10
5.7982401181102361
20
-3.7241216929133856
11
5.7973865354330707
21
-3.7259522440944881
0
LINE
8
BLACK
6
CONTINUOUS
10
5.7973865354330707
20
-3.7259522440944881
11
5.7549601181102359
21
-3.7683786614173229
0
LINE
8
BLACK
6
CONTINUOUS
10
5.7549601181102359
20
-3.7683786614173229
11
5.754120078740157
21
-3.7689668503937006
0
LINE
8
BLACK
6
CONTINUOUS
10
5.754120078740157
20
-3.7689668503937006
11
5.7521079921259846
21
-3.7691429133858265
0
LINE
8
BLACK
6
CONTINUOUS
10
5.7521079921259846
20
-3.7691429133858265
11
5.7504534251968504
21
-3.7679843700787399
0
LINE
8
BLACK
6
CONTINUOUS
10
5.7504534251968504
20
-3.7679843700787399
11
5.7499307086614175
21
-3.7660334251968504
0
LINE
8
BLACK
6
CONTINUOUS
10
5.7499307086614175
20
-3.7660334251968504
11
5.7507842913385829
21
-3.7642028346456691
0
LINE
8
BLACK
6
CONTINUOUS
10
5.7507842913385829
20
-3.7642028346456691
11
5.7932107086614169
21
-3.7217764173228347
0
LINE
8
BLACK
6
CONTINUOUS
10
5.7932107086614169
20
-3.7217764173228347
11
5.7940507480314958
21
-3.7211882283464566
0
LINE
8
BLACK
6
CONTINUOUS
10
5.7940507480314958
20
-3.7211882283464566
11
5.7960628346456691
21
-3.7210122047244094
0
LINE
8
BLACK
6
CONTINUOUS
10
5.7960628346456691
20
-3.7210122047244094
11
5.7977174015748032
21
-3.7221707086614173
0
LINE
8
BLACK
6
CONTINUOUS
10
6.0487095275590548
20
-3.7232654330708659
11
6.0502567716535429
21
-3.72456374015748
0
LINE
8
BLACK
6
CONTINUOUS
10
6.0502567716535429
20
-3.72456374015748
11
6.0506075196850393
21
-3.7265528740157481
0
LINE
8
BLACK
6
CONTINUOUS
10
6.0506075196850393
20
-3.7265528740157481
11
6.0495975984251968
21
-3.7283020472440942
0
LINE
8
BLACK
6
CONTINUOUS
10
6.0495975984251968
20
-3.7283020472440942
11
6.0476996062992123
21
-3.7289928740157481
0
LINE
8
BLACK
6
CONTINUOUS
10
6.0476996062992123
20
-3.7289928740157481
11
6.0298348425196853
21
-3.7289928740157481
0
LINE
8
BLACK
6
CONTINUOUS
10
6.0298348425196853
20
-3.7289928740157481
11
6.0386731889763778
21
-3.7390938188976377
0
LINE
8
BLACK
6
CONTINUOUS
10
6.0386731889763778
20
-3.7390938188976377
11
6.0389030708661418
21
-3.739473661417323
0
LINE
8
BLACK
6
CONTINUOUS
10
6.0389030708661418
20
-3.739473661417323
11
6.0390081889763776
21
-3.7395618503937005
0
LINE
8
BLACK
6
CONTINUOUS
10
6.0390081889763776
20
-3.7395618503937005
11
6.0390294094488191
21
-3.7396824015748029
0
LINE
8
BLACK
6
CONTINUOUS
10
6.0390294094488191
20
-3.7396824015748029
11
6.0392042125984249
21
-3.7399711417322834
0
LINE
8
BLACK
6
CONTINUOUS
10
6.0392042125984249
20
-3.7399711417322834
11
6.0392206692913382
21
-3.7407669685039369
0
LINE
8
BLACK
6
CONTINUOUS
10
6.0392206692913382
20
-3.7407669685039369
11
6.039358937007874
21
-3.7415509842519685
0
LINE
8
BLACK
6
CONTINUOUS
10
6.039358937007874
20
-3.7415509842519685
11
6.0392411417322833
21
-3.7417549606299212
0
LINE
8
BLACK
6
CONTINUOUS
10
6.0392411417322833
20
-3.7417549606299212
11
6.0392460236220469
21
-3.7419905118110237
0
LINE
8
BLACK
6
CONTINUOUS
10
6.0392460236220469
20
-3.7419905118110237
11
6.038747007874016
21
-3.7426107874015746
0
LINE
8
BLACK
6
CONTINUOUS
10
6.038747007874016
20
-3.7426107874015746
11
6.0383490157480315
21
-3.7433001574803151
0
LINE
8
BLACK
6
CONTINUOUS
10
6.0383490157480315
20
-3.7433001574803151
11
6.0381276377952755
21
-3.7433807086614173
0
LINE
8
BLACK
6
CONTINUOUS
10
6.0381276377952755
20
-3.7433807086614173
11
6.0379800000000001
21
-3.7435642913385827
0
LINE
8
BLACK
6
CONTINUOUS
10
6.0379800000000001
20
-3.7435642913385827
11
6.0371990157480315
21
-3.7437187007874013
0
LINE
8
BLACK
6
CONTINUOUS
10
6.0371990157480315
20
-3.7437187007874013
11
6.036451023622047
21
-3.7439909842519685
0
LINE
8
BLACK
6
CONTINUOUS
10
6.036451023622047
20
-3.7439909842519685
11
6.0315237795275589
21
-3.7439909842519685
0
LINE
8
BLACK
6
CONTINUOUS
10
6.0315237795275589
20
-3.7439909842519685
11
6.0288262992125983
21
-3.7453397244094488
0
LINE
8
BLACK
6
CONTINUOUS
10
6.0288262992125983
20
-3.7453397244094488
11
6.0276291732283465
21
-3.7465368503937007
0
LINE
8
BLACK
6
CONTINUOUS
10
6.0276291732283465
20
-3.7465368503937007
11
6.0262804330708661
21
-3.7492343307086613
0
LINE
8
BLACK
6
CONTINUOUS
10
6.0262804330708661
20
-3.7492343307086613
11
6.0262804330708661
21
-3.7572140551181104
0
LINE
8
BLACK
6
CONTINUOUS
10
6.0262804330708661
20
-3.7572140551181104
11
6.0276291732283465
21
-3.759911535433071
0
LINE
8
BLACK
6
CONTINUOUS
10
6.0276291732283465
20
-3.759911535433071
11
6.0288262992125983
21
-3.7611087007874016
0
LINE
8
BLACK
6
CONTINUOUS
10
6.0288262992125983
20
-3.7611087007874016
11
6.0315237795275589
21
-3.7624574409448819
0
LINE
8
BLACK
6
CONTINUOUS
10
6.0315237795275589
20
-3.7624574409448819
11
6.0413782677165351
21
-3.7624574409448819
0
LINE
8
BLACK
6
CONTINUOUS
10
6.0413782677165351
20
-3.7624574409448819
11
6.044075708661417
21
-3.7611087007874016
0
LINE
8
BLACK
6
CONTINUOUS
10
6.044075708661417
20
-3.7611087007874016
11
6.0456116535433067
21
-3.7595727559055119
0
LINE
8
BLACK
6
CONTINUOUS
10
6.0456116535433067
20
-3.7595727559055119
11
6.0464516929133856
21
-3.758984527559055
0
LINE
8
BLACK
6
CONTINUOUS
10
6.0464516929133856
20
-3.758984527559055
11
6.0484638188976376
21
-3.7588084645669291
0
LINE
8
BLACK
6
CONTINUOUS
10
6.0484638188976376
20
-3.7588084645669291
11
6.050118346456693
21
-3.759966968503937
0
LINE
8
BLACK
6
CONTINUOUS
10
6.050118346456693
20
-3.759966968503937
11
6.0506411023622046
21
-3.7619179527559052
0
LINE
8
BLACK
6
CONTINUOUS
10
6.0506411023622046
20
-3.7619179527559052
11
6.0497875196850392
21
-3.7637485433070865
0
LINE
8
BLACK
6
CONTINUOUS
10
6.0497875196850392
20
-3.7637485433070865
11
6.0479127952755904
21
-3.7656233070866141
0
LINE
8
BLACK
6
CONTINUOUS
10
6.0479127952755904
20
-3.7656233070866141
11
6.0471896062992121
21
-3.76612968503937
0
LINE
8
BLACK
6
CONTINUOUS
10
6.0471896062992121
20
-3.76612968503937
11
6.0471453543307083
21
-3.7661764566929135
0
LINE
8
BLACK
6
CONTINUOUS
10
6.0471453543307083
20
-3.7661764566929135
11
6.0433958267716532
21
-3.768051220472441
0
LINE
8
BLACK
6
CONTINUOUS
10
6.0433958267716532
20
-3.768051220472441
11
6.0424128740157483
21
-3.7683435826771654
0
LINE
8
BLACK
6
CONTINUOUS
10
6.0424128740157483
20
-3.7683435826771654
11
6.0422411811023622
21
-3.768302559055118
0
LINE
8
BLACK
6
CONTINUOUS
10
6.0422411811023622
20
-3.768302559055118
11
6.0420753149606297
21
-3.7683629527559055
0
LINE
8
BLACK
6
CONTINUOUS
10
6.0420753149606297
20
-3.7683629527559055
11
6.0308267322834643
21
-3.7683629527559055
0
LINE
8
BLACK
6
CONTINUOUS
10
6.0308267322834643
20
-3.7683629527559055
11
6.0298168110236219
21
-3.7681848818897636
0
LINE
8
BLACK
6
CONTINUOUS
10
6.0298168110236219
20
-3.7681848818897636
11
6.0296815354330704
21
-3.7680713779527557
0
LINE
8
BLACK
6
CONTINUOUS
10
6.0296815354330704
20
-3.7680713779527557
11
6.0295062204724408
21
-3.768051220472441
0
LINE
8
BLACK
6
CONTINUOUS
10
6.0295062204724408
20
-3.768051220472441
11
6.0257566929133857
21
-3.7661764566929135
0
LINE
8
BLACK
6
CONTINUOUS
10
6.0257566929133857
20
-3.7661764566929135
11
6.0250475590551176
21
-3.765650472440945
0
LINE
8
BLACK
6
CONTINUOUS
10
6.0250475590551176
20
-3.765650472440945
11
6.0249892519685035
21
-3.7656233070866141
0
LINE
8
BLACK
6
CONTINUOUS
10
6.0249892519685035
20
-3.7656233070866141
11
6.023114488188976
21
-3.7637485039370078
0
LINE
8
BLACK
6
CONTINUOUS
10
6.023114488188976
20
-3.7637485039370078
11
6.0226081889763776
21
-3.7630254330708661
0
LINE
8
BLACK
6
CONTINUOUS
10
6.0226081889763776
20
-3.7630254330708661
11
6.0225614173228346
21
-3.7629811417322836
0
LINE
8
BLACK
6
CONTINUOUS
10
6.0225614173228346
20
-3.7629811417322836
11
6.020686653543307
21
-3.759231614173228
0
LINE
8
BLACK
6
CONTINUOUS
10
6.020686653543307
20
-3.759231614173228
11
6.0203942913385822
21
-3.7582486614173227
0
LINE
8
BLACK
6
CONTINUOUS
10
6.0203942913385822
20
-3.7582486614173227
11
6.0204352755905512
21
-3.758076968503937
0
LINE
8
BLACK
6
CONTINUOUS
10
6.0204352755905512
20
-3.758076968503937
11
6.0203749212598421
21
-3.7579111023622045
0
LINE
8
BLACK
6
CONTINUOUS
10
6.0203749212598421
20
-3.7579111023622045
11
6.0203749212598421
21
-3.7485372834645667
0
LINE
8
BLACK
6
CONTINUOUS
10
6.0203749212598421
20
-3.7485372834645667
11
6.0205529921259844
21
-3.7475273622047243
0
LINE
8
BLACK
6
CONTINUOUS
10
6.0205529921259844
20
-3.7475273622047243
11
6.0206664566929131
21
-3.7473920866141732
0
LINE
8
BLACK
6
CONTINUOUS
10
6.0206664566929131
20
-3.7473920866141732
11
6.020686653543307
21
-3.7472167716535432
0
LINE
8
BLACK
6
CONTINUOUS
10
6.020686653543307
20
-3.7472167716535432
11
6.0225614173228346
21
-3.7434672440944881
0
LINE
8
BLACK
6
CONTINUOUS
10
6.0225614173228346
20
-3.7434672440944881
11
6.0230873228346455
21
-3.7427581496062992
0
LINE
8
BLACK
6
CONTINUOUS
10
6.0230873228346455
20
-3.7427581496062992
11
6.0231145275590547
21
-3.7426998425196851
0
LINE
8
BLACK
6
CONTINUOUS
10
6.0231145275590547
20
-3.7426998425196851
11
6.0249892913385823
21
-3.7408250787401576
0
LINE
8
BLACK
6
CONTINUOUS
10
6.0249892913385823
20
-3.7408250787401576
11
6.0257123622047244
21
-3.7403187795275588
0
LINE
8
BLACK
6
CONTINUOUS
10
6.0257123622047244
20
-3.7403187795275588
11
6.0257566929133857
21
-3.740271968503937
0
LINE
8
BLACK
6
CONTINUOUS
10
6.0257566929133857
20
-3.740271968503937
11
6.0295062204724408
21
-3.7383972047244094
0
LINE
8
BLACK
6
CONTINUOUS
10
6.0295062204724408
20
-3.7383972047244094
11
6.030069881889764
21
-3.7382295275590551
0
LINE
8
BLACK
6
CONTINUOUS
10
6.030069881889764
20
-3.7382295275590551
11
6.0211055118110233
21
-3.7279845275590549
0
LINE
8
BLACK
6
CONTINUOUS
10
6.0211055118110233
20
-3.7279845275590549
11
6.0208755905511806
21
-3.7276046456692913
0
LINE
8
BLACK
6
CONTINUOUS
10
6.0208755905511806
20
-3.7276046456692913
11
6.0207705118110235
21
-3.7275164960629921
0
LINE
8
BLACK
6
CONTINUOUS
10
6.0207705118110235
20
-3.7275164960629921
11
6.0207492519685042
21
-3.7273959055118109
0
LINE
8
BLACK
6
CONTINUOUS
10
6.0207492519685042
20
-3.7273959055118109
11
6.0205744881889762
21
-3.7271072047244092
0
LINE
8
BLACK
6
CONTINUOUS
10
6.0205744881889762
20
-3.7271072047244092
11
6.0205579921259842
21
-3.7263113385826769
0
LINE
8
BLACK
6
CONTINUOUS
10
6.0205579921259842
20
-3.7263113385826769
11
6.0204197637795271
21
-3.7255273622047245
0
LINE
8
BLACK
6
CONTINUOUS
10
6.0204197637795271
20
-3.7255273622047245
11
6.020537519685039
21
-3.7253233464566926
0
LINE
8
BLACK
6
CONTINUOUS
10
6.020537519685039
20
-3.7253233464566926
11
6.0205326771653542
21
-3.725087874015748
0
LINE
8
BLACK
6
CONTINUOUS
10
6.0205326771653542
20
-3.725087874015748
11
6.0210316141732285
21
-3.7244675984251967
0
LINE
8
BLACK
6
CONTINUOUS
10
6.0210316141732285
20
-3.7244675984251967
11
6.0214296850393696
21
-3.7237781889763779
0
LINE
8
BLACK
6
CONTINUOUS
10
6.0214296850393696
20
-3.7237781889763779
11
6.0216510236220468
21
-3.723697598425197
0
LINE
8
BLACK
6
CONTINUOUS
10
6.0216510236220468
20
-3.723697598425197
11
6.0217987007874019
21
-3.7235140551181103
0
LINE
8
BLACK
6
CONTINUOUS
10
6.0217987007874019
20
-3.7235140551181103
11
6.0225796456692908
21
-3.7233596062992125
0
LINE
8
BLACK
6
CONTINUOUS
10
6.0225796456692908
20
-3.7233596062992125
11
6.0233276771653541
21
-3.7230873622047245
0
LINE
8
BLACK
6
CONTINUOUS
10
6.0233276771653541
20
-3.7230873622047245
11
6.0476996062992123
21
-3.7230873622047245
0
LINE
8
BLACK
6
CONTINUOUS
10
6.0476996062992123
20
-3.7230873622047245
11
6.0487095275590548
21
-3.7232654330708659
0
LINE
8
BLACK
6
CONTINUOUS
10
6.078083031496063
20
-3.724142125984252
11
6.0787738582677164
21
-3.7260401181102361
0
LINE
8
BLACK
6
CONTINUOUS
10
6.0787738582677164
20
-3.7260401181102361
11
6.0787738582677164
21
-3.7654101968503935
0
LINE
8
BLACK
6
CONTINUOUS
10
6.0787738582677164
20
-3.7654101968503935
11
6.0787062204724407
21
-3.7657937007874014
0
LINE
8
BLACK
6
CONTINUOUS
10
6.0787062204724407
20
-3.7657937007874014
11
6.0787290157480314
21
-3.7659229527559055
0
LINE
8
BLACK
6
CONTINUOUS
10
6.0787290157480314
20
-3.7659229527559055
11
6.0786633858267711
21
-3.7660365354330709
0
LINE
8
BLACK
6
CONTINUOUS
10
6.0786633858267711
20
-3.7660365354330709
11
6.078595787401575
21
-3.7664201181102359
0
LINE
8
BLACK
6
CONTINUOUS
10
6.078595787401575
20
-3.7664201181102359
11
6.0781026377952756
21
-3.7670077952755903
0
LINE
8
BLACK
6
CONTINUOUS
10
6.0781026377952756
20
-3.7670077952755903
11
6.0777190944881889
21
-3.7676721259842521
0
LINE
8
BLACK
6
CONTINUOUS
10
6.0777190944881889
20
-3.7676721259842521
11
6.0774687401574798
21
-3.7677632283464568
0
LINE
8
BLACK
6
CONTINUOUS
10
6.0774687401574798
20
-3.7677632283464568
11
6.0772974803149609
21
-3.7679673622047245
0
LINE
8
BLACK
6
CONTINUOUS
10
6.0772974803149609
20
-3.7679673622047245
11
6.0765418897637797
21
-3.7681005905511809
0
LINE
8
BLACK
6
CONTINUOUS
10
6.0765418897637797
20
-3.7681005905511809
11
6.0758211023622044
21
-3.7683629527559055
0
LINE
8
BLACK
6
CONTINUOUS
10
6.0758211023622044
20
-3.7683629527559055
11
6.0570734645669289
21
-3.7683629527559055
0
LINE
8
BLACK
6
CONTINUOUS
10
6.0570734645669289
20
-3.7683629527559055
11
6.0560635433070864
21
-3.7681848818897636
0
LINE
8
BLACK
6
CONTINUOUS
10
6.0560635433070864
20
-3.7681848818897636
11
6.0545162992125983
21
-3.7668865748031495
0
LINE
8
BLACK
6
CONTINUOUS
10
6.0545162992125983
20
-3.7668865748031495
11
6.0541655511811019
21
-3.7648974409448819
0
LINE
8
BLACK
6
CONTINUOUS
10
6.0541655511811019
20
-3.7648974409448819
11
6.0551754724409443
21
-3.7631482677165353
0
LINE
8
BLACK
6
CONTINUOUS
10
6.0551754724409443
20
-3.7631482677165353
11
6.0570734645669289
21
-3.7624574409448819
0
LINE
8
BLACK
6
CONTINUOUS
10
6.0570734645669289
20
-3.7624574409448819
11
6.0728683464566924
21
-3.7624574409448819
0
LINE
8
BLACK
6
CONTINUOUS
10
6.0728683464566924
20
-3.7624574409448819
11
6.0728683464566924
21
-3.7260401181102361
0
LINE
8
BLACK
6
CONTINUOUS
10
6.0728683464566924
20
-3.7260401181102361
11
6.0730464173228347
21
-3.7250301968503936
0
LINE
8
BLACK
6
CONTINUOUS
10
6.0730464173228347
20
-3.7250301968503936
11
6.0743447244094488
21
-3.7234829527559055
0
LINE
8
BLACK
6
CONTINUOUS
10
6.0743447244094488
20
-3.7234829527559055
11
6.0763338582677164
21
-3.7231322047244095
0
LINE
8
BLACK
6
CONTINUOUS
10
6.0763338582677164
20
-3.7231322047244095
11
6.078083031496063
21
-3.724142125984252
0
LINE
8
BLACK
6
CONTINUOUS
10
5.9865217322834647
20
-3.7382292519685039
11
5.9880689763779529
21
-3.739527559055118
0
LINE
8
BLACK
6
CONTINUOUS
10
5.9880689763779529
20
-3.739527559055118
11
5.9884197244094484
21
-3.7415166929133856
0
LINE
8
BLACK
6
CONTINUOUS
10
5.9884197244094484
20
-3.7415166929133856
11
5.9874098031496059
21
-3.7432658661417322
0
LINE
8
BLACK
6
CONTINUOUS
10
5.9874098031496059
20
-3.7432658661417322
11
5.9855118110236223
21
-3.7439566929133856
0
LINE
8
BLACK
6
CONTINUOUS
10
5.9855118110236223
20
-3.7439566929133856
11
5.9255118110236218
21
-3.7439566929133856
0
LINE
8
BLACK
6
CONTINUOUS
10
5.9255118110236218
20
-3.7439566929133856
11
5.9245018897637793
21
-3.7437786220472442
0
LINE
8
BLACK
6
CONTINUOUS
10
5.9245018897637793
20
-3.7437786220472442
11
5.9229546456692912
21
-3.7424803149606301
0
LINE
8
BLACK
6
CONTINUOUS
10
5.9229546456692912
20
-3.7424803149606301
11
5.9226038976377948
21
-3.740491181102362
0
LINE
8
BLACK
6
CONTINUOUS
10
5.9226038976377948
20
-3.740491181102362
11
5.9236138188976373
21
-3.7387420078740154
0
LINE
8
BLACK
6
CONTINUOUS
10
5.9236138188976373
20
-3.7387420078740154
11
5.9255118110236218
21
-3.738051181102362
0
LINE
8
BLACK
6
CONTINUOUS
10
5.9255118110236218
20
-3.738051181102362
11
5.9855118110236223
21
-3.738051181102362
0
LINE
8
BLACK
6
CONTINUOUS
10
5.9855118110236223
20
-3.738051181102362
11
5.9865217322834647
21
-3.7382292519685039
0
LINE
8
BLACK
6
CONTINUOUS
10
6.2115217322834644
20
-3.7382292519685039
11
6.2130689763779525
21
-3.739527559055118
0
LINE
8
BLACK
6
CONTINUOUS
10
6.2130689763779525
20
-3.739527559055118
11
6.2134197244094489
21
-3.7415166929133856
0
LINE
8
BLACK
6
CONTINUOUS
10
6.2134197244094489
20
-3.7415166929133856
11
6.2124098031496064
21
-3.7432658661417322
0
LINE
8
BLACK
6
CONTINUOUS
10
6.2124098031496064
20
-3.7432658661417322
11
6.2105118110236219
21
-3.7439566929133856
0
LINE
8
BLACK
6
CONTINUOUS
10
6.2105118110236219
20
-3.7439566929133856
11
6.1505118110236223
21
-3.7439566929133856
0
LINE
8
BLACK
6
CONTINUOUS
10
6.1505118110236223
20
-3.7439566929133856
11
6.149501889763779
21
-3.7437786220472442
0
LINE
8
BLACK
6
CONTINUOUS
10
6.149501889763779
20
-3.7437786220472442
11
6.1479546456692908
21
-3.7424803149606301
0
LINE
8
BLACK
6
CONTINUOUS
10
6.1479546456692908
20
-3.7424803149606301
11
6.1476038976377954
21
-3.740491181102362
0
LINE
8
BLACK
6
CONTINUOUS
10
6.1476038976377954
20
-3.740491181102362
11
6.1486138188976378
21
-3.7387420078740154
0
LINE
8
BLACK
6
CONTINUOUS
10
6.1486138188976378
20
-3.7387420078740154
11
6.1505118110236223
21
-3.738051181102362
0
LINE
8
BLACK
6
CONTINUOUS
10
6.1505118110236223
20
-3.738051181102362
11
6.2105118110236219
21
-3.738051181102362
0
LINE
8
BLACK
6
CONTINUOUS
10
6.2105118110236219
20
-3.738051181102362
11
6.2115217322834644
21
-3.7382292519685039
0
LINE
8
BLACK
6
CONTINUOUS
10
6.372226653543307
20
-3.7177023622047245
11
6.3737738976377951
21
-3.7190006692913387
0
LINE
8
BLACK
6
CONTINUOUS
10
6.3737738976377951
20
-3.7190006692913387
11
6.3741246456692915
21
-3.7209898031496063
0
LINE
8
BLACK
6
CONTINUOUS
10
6.3741246456692915
20
-3.7209898031496063
11
6.373114724409449
21
-3.7227389763779528
0
LINE
8
BLACK
6
CONTINUOUS
10
6.373114724409449
20
-3.7227389763779528
11
6.3712167322834645
21
-3.7234298031496063
0
LINE
8
BLACK
6
CONTINUOUS
10
6.3712167322834645
20
-3.7234298031496063
11
6.311216732283464
21
-3.7234298031496063
0
LINE
8
BLACK
6
CONTINUOUS
10
6.311216732283464
20
-3.7234298031496063
11
6.3102068110236216
21
-3.7232517322834644
0
LINE
8
BLACK
6
CONTINUOUS
10
6.3102068110236216
20
-3.7232517322834644
11
6.3086595669291334
21
-3.7219534251968502
0
LINE
8
BLACK
6
CONTINUOUS
10
6.3086595669291334
20
-3.7219534251968502
11
6.3083088188976379
21
-3.7199642913385826
0
LINE
8
BLACK
6
CONTINUOUS
10
6.3083088188976379
20
-3.7199642913385826
11
6.3093187401574804
21
-3.7182151181102361
0
LINE
8
BLACK
6
CONTINUOUS
10
6.3093187401574804
20
-3.7182151181102361
11
6.311216732283464
21
-3.7175242913385826
0
LINE
8
BLACK
6
CONTINUOUS
10
6.311216732283464
20
-3.7175242913385826
11
6.3712167322834645
21
-3.7175242913385826
0
LINE
8
BLACK
6
CONTINUOUS
10
6.3712167322834645
20
-3.7175242913385826
11
6.372226653543307
21
-3.7177023622047245
0
LINE
8
BLACK
6
CONTINUOUS
10
5.9271821259842516
20
-3.664333622047244
11
5.9278740157480314
21
-3.6660039370078739
0
LINE
8
BLACK
6
CONTINUOUS
10
5.9278740157480314
20
-3.6660039370078739
11
5.9278740157480314
21
-3.6960039370078741
0
LINE
8
BLACK
6
CONTINUOUS
10
5.9278740157480314
20
-3.6960039370078741
11
5.9271821259842516
21
-3.697674251968504
0
LINE
8
BLACK
6
CONTINUOUS
10
5.9271821259842516
20
-3.697674251968504
11
5.9255118110236218
21
-3.6983661417322833
0
LINE
8
BLACK
6
CONTINUOUS
10
5.9255118110236218
20
-3.6983661417322833
11
5.9238414960629919
21
-3.697674251968504
0
LINE
8
BLACK
6
CONTINUOUS
10
5.9238414960629919
20
-3.697674251968504
11
5.9231496062992122
21
-3.6960039370078741
0
LINE
8
BLACK
6
CONTINUOUS
10
5.9231496062992122
20
-3.6960039370078741
11
5.9231496062992122
21
-3.6660039370078739
0
LINE
8
BLACK
6
CONTINUOUS
10
5.9231496062992122
20
-3.6660039370078739
11
5.9238414960629919
21
-3.664333622047244
0
LINE
8
BLACK
6
CONTINUOUS
10
5.9238414960629919
20
-3.664333622047244
11
5.9255118110236218
21
-3.6636417322834647
0
LINE
8
BLACK
6
CONTINUOUS
10
5.9255118110236218
20
-3.6636417322834647
11
5.9271821259842516
21
-3.664333622047244
0
LINE
8
BLACK
6
CONTINUOUS
10
5.9871821259842521
20
-3.664333622047244
11
5.987874015748031
21
-3.6660039370078739
0
LINE
8
BLACK
6
CONTINUOUS
10
5.987874015748031
20
-3.6660039370078739
11
5.987874015748031
21
-3.6960039370078741
0
LINE
8
BLACK
6
CONTINUOUS
10
5.987874015748031
20
-3.6960039370078741
11
5.9871821259842521
21
-3.697674251968504
0
LINE
8
BLACK
6
CONTINUOUS
10
5.9871821259842521
20
-3.697674251968504
11
5.9855118110236223
21
-3.6983661417322833
0
LINE
8
BLACK
6
CONTINUOUS
10
5.9855118110236223
20
-3.6983661417322833
11
5.9838414960629924
21
-3.697674251968504
0
LINE
8
BLACK
6
CONTINUOUS
10
5.9838414960629924
20
-3.697674251968504
11
5.9831496062992127
21
-3.6960039370078741
0
LINE
8
BLACK
6
CONTINUOUS
10
5.9831496062992127
20
-3.6960039370078741
11
5.9831496062992127
21
-3.6660039370078739
0
LINE
8
BLACK
6
CONTINUOUS
10
5.9831496062992127
20
-3.6660039370078739
11
5.9838414960629924
21
-3.664333622047244
0
LINE
8
BLACK
6
CONTINUOUS
10
5.9838414960629924
20
-3.664333622047244
11
5.9855118110236223
21
-3.6636417322834647
0
LINE
8
BLACK
6
CONTINUOUS
10
5.9855118110236223
20
-3.6636417322834647
11
5.9871821259842521
21
-3.664333622047244
0
LINE
8
BLACK
6
CONTINUOUS
10
6.1521821259842522
20
-3.664333622047244
11
6.1528740157480311
21
-3.6660039370078739
0
LINE
8
BLACK
6
CONTINUOUS
10
6.1528740157480311
20
-3.6660039370078739
11
6.1528740157480311
21
-3.6960039370078741
0
LINE
8
BLACK
6
CONTINUOUS
10
6.1528740157480311
20
-3.6960039370078741
11
6.1521821259842522
21
-3.697674251968504
0
LINE
8
BLACK
6
CONTINUOUS
10
6.1521821259842522
20
-3.697674251968504
11
6.1505118110236223
21
-3.6983661417322833
0
LINE
8
BLACK
6
CONTINUOUS
10
6.1505118110236223
20
-3.6983661417322833
11
6.1488414960629916
21
-3.697674251968504
0
LINE
8
BLACK
6
CONTINUOUS
10
6.1488414960629916
20
-3.697674251968504
11
6.1481496062992127
21
-3.6960039370078741
0
LINE
8
BLACK
6
CONTINUOUS
10
6.1481496062992127
20
-3.6960039370078741
11
6.1481496062992127
21
-3.6660039370078739
0
LINE
8
BLACK
6
CONTINUOUS
10
6.1481496062992127
20
-3.6660039370078739
11
6.1488414960629916
21
-3.664333622047244
0
LINE
8
BLACK
6
CONTINUOUS
10
6.1488414960629916
20
-3.664333622047244
11
6.1505118110236223
21
-3.6636417322834647
0
LINE
8
BLACK
6
CONTINUOUS
10
6.1505118110236223
20
-3.6636417322834647
11
6.1521821259842522
21
-3.664333622047244
0
LINE
8
BLACK
6
CONTINUOUS
10
6.2121821259842518
20
-3.664333622047244
11
6.2128740157480316
21
-3.6660039370078739
0
LINE
8
BLACK
6
CONTINUOUS
10
6.2128740157480316
20
-3.6660039370078739
11
6.2128740157480316
21
-3.6960039370078741
0
LINE
8
BLACK
6
CONTINUOUS
10
6.2128740157480316
20
-3.6960039370078741
11
6.2121821259842518
21
-3.697674251968504
0
LINE
8
BLACK
6
CONTINUOUS
10
6.2121821259842518
20
-3.697674251968504
11
6.2105118110236219
21
-3.6983661417322833
0
LINE
8
BLACK
6
CONTINUOUS
10
6.2105118110236219
20
-3.6983661417322833
11
6.2088414960629921
21
-3.697674251968504
0
LINE
8
BLACK
6
CONTINUOUS
10
6.2088414960629921
20
-3.697674251968504
11
6.2081496062992123
21
-3.6960039370078741
0
LINE
8
BLACK
6
CONTINUOUS
10
6.2081496062992123
20
-3.6960039370078741
11
6.2081496062992123
21
-3.6660039370078739
0
LINE
8
BLACK
6
CONTINUOUS
10
6.2081496062992123
20
-3.6660039370078739
11
6.2088414960629921
21
-3.664333622047244
0
LINE
8
BLACK
6
CONTINUOUS
10
6.2088414960629921
20
-3.664333622047244
11
6.2105118110236219
21
-3.6636417322834647
0
LINE
8
BLACK
6
CONTINUOUS
10
6.2105118110236219
20
-3.6636417322834647
11
6.2121821259842518
21
-3.664333622047244
0
LINE
8
BLACK
6
CONTINUOUS
10
5.8597411811023621
20
-3.6875029133858268
11
5.8604330708661418
21
-3.6891732283464567
0
LINE
8
BLACK
6
CONTINUOUS
10
5.8604330708661418
20
-3.6891732283464567
11
5.8597411811023621
21
-3.6908435433070865
0
LINE
8
BLACK
6
CONTINUOUS
10
5.8597411811023621
20
-3.6908435433070865
11
5.8580708661417322
21
-3.6915354330708658
0
LINE
8
BLACK
6
CONTINUOUS
10
5.8580708661417322
20
-3.6915354330708658
11
5.7832677165354331
21
-3.6915354330708658
0
LINE
8
BLACK
6
CONTINUOUS
10
5.7832677165354331
20
-3.6915354330708658
11
5.7815974015748033
21
-3.6908435433070865
0
LINE
8
BLACK
6
CONTINUOUS
10
5.7815974015748033
20
-3.6908435433070865
11
5.7809055118110235
21
-3.6891732283464567
0
LINE
8
BLACK
6
CONTINUOUS
10
5.7809055118110235
20
-3.6891732283464567
11
5.7815974015748033
21
-3.6875029133858268
0
LINE
8
BLACK
6
CONTINUOUS
10
5.7815974015748033
20
-3.6875029133858268
11
5.7832677165354331
21
-3.686811023622047
0
LINE
8
BLACK
6
CONTINUOUS
10
5.7832677165354331
20
-3.686811023622047
11
5.8580708661417322
21
-3.686811023622047
0
LINE
8
BLACK
6
CONTINUOUS
10
5.8580708661417322
20
-3.686811023622047
11
5.8597411811023621
21
-3.6875029133858268
0
LINE
8
BLACK
6
CONTINUOUS
10
6.3347411811023617
20
-3.6875029133858268
11
6.3354330708661415
21
-3.6891732283464567
0
LINE
8
BLACK
6
CONTINUOUS
10
6.3354330708661415
20
-3.6891732283464567
11
6.3347411811023617
21
-3.6908435433070865
0
LINE
8
BLACK
6
CONTINUOUS
10
6.3347411811023617
20
-3.6908435433070865
11
6.3330708661417319
21
-3.6915354330708658
0
LINE
8
BLACK
6
CONTINUOUS
10
6.3330708661417319
20
-3.6915354330708658
11
6.2779527559055115
21
-3.6915354330708658
0
LINE
8
BLACK
6
CONTINUOUS
10
6.2779527559055115
20
-3.6915354330708658
11
6.2762824409448816
21
-3.6908435433070865
0
LINE
8
BLACK
6
CONTINUOUS
10
6.2762824409448816
20
-3.6908435433070865
11
6.2755905511811019
21
-3.6891732283464567
0
LINE
8
BLACK
6
CONTINUOUS
10
6.2755905511811019
20
-3.6891732283464567
11
6.2762824409448816
21
-3.6875029133858268
0
LINE
8
BLACK
6
CONTINUOUS
10
6.2762824409448816
20
-3.6875029133858268
11
6.2779527559055115
21
-3.686811023622047
0
LINE
8
BLACK
6
CONTINUOUS
10
6.2779527559055115
20
-3.686811023622047
11
6.3330708661417319
21
-3.686811023622047
0
LINE
8
BLACK
6
CONTINUOUS
10
6.3330708661417319
20
-3.686811023622047
11
6.3347411811023617
21
-3.6875029133858268
0
LINE
8
BLACK
6
CONTINUOUS
10
6.0102737401574799
20
-3.6116059448818896
11
6.0109645669291334
21
-3.6135039370078741
0
LINE
8
BLACK
6
CONTINUOUS
10
6.0109645669291334
20
-3.6135039370078741
11
6.0109645669291334
21
-3.6735039370078741
0
LINE
8
BLACK
6
CONTINUOUS
10
6.0109645669291334
20
-3.6735039370078741
11
6.010786496062992
21
-3.6745138582677166
0
LINE
8
BLACK
6
CONTINUOUS
10
6.010786496062992
20
-3.6745138582677166
11
6.0094881889763778
21
-3.6760611023622047
0
LINE
8
BLACK
6
CONTINUOUS
10
6.0094881889763778
20
-3.6760611023622047
11
6.0074990551181102
21
-3.6764118503937007
0
LINE
8
BLACK
6
CONTINUOUS
10
6.0074990551181102
20
-3.6764118503937007
11
6.0057498818897637
21
-3.6754019291338582
0
LINE
8
BLACK
6
CONTINUOUS
10
6.0057498818897637
20
-3.6754019291338582
11
6.0050590551181102
21
-3.6735039370078741
0
LINE
8
BLACK
6
CONTINUOUS
10
6.0050590551181102
20
-3.6735039370078741
11
6.0050590551181102
21
-3.6135039370078741
0
LINE
8
BLACK
6
CONTINUOUS
10
6.0050590551181102
20
-3.6135039370078741
11
6.0052371259842516
21
-3.6124940157480312
0
LINE
8
BLACK
6
CONTINUOUS
10
6.0052371259842516
20
-3.6124940157480312
11
6.0065354330708658
21
-3.6109467716535431
0
LINE
8
BLACK
6
CONTINUOUS
10
6.0065354330708658
20
-3.6109467716535431
11
6.0085245669291334
21
-3.6105960236220471
0
LINE
8
BLACK
6
CONTINUOUS
10
6.0085245669291334
20
-3.6105960236220471
11
6.0102737401574799
21
-3.6116059448818896
0
LINE
8
BLACK
6
CONTINUOUS
10
6.1302737401574801
20
-3.6116059448818896
11
6.1309645669291335
21
-3.6135039370078741
0
LINE
8
BLACK
6
CONTINUOUS
10
6.1309645669291335
20
-3.6135039370078741
11
6.1309645669291335
21
-3.6735039370078741
0
LINE
8
BLACK
6
CONTINUOUS
10
6.1309645669291335
20
-3.6735039370078741
11
6.1307864960629921
21
-3.6745138582677166
0
LINE
8
BLACK
6
CONTINUOUS
10
6.1307864960629921
20
-3.6745138582677166
11
6.1294881889763779
21
-3.6760611023622047
0
LINE
8
BLACK
6
CONTINUOUS
10
6.1294881889763779
20
-3.6760611023622047
11
6.1274990551181103
21
-3.6764118503937007
0
LINE
8
BLACK
6
CONTINUOUS
10
6.1274990551181103
20
-3.6764118503937007
11
6.1257498818897638
21
-3.6754019291338582
0
LINE
8
BLACK
6
CONTINUOUS
10
6.1257498818897638
20
-3.6754019291338582
11
6.1250590551181103
21
-3.6735039370078741
0
LINE
8
BLACK
6
CONTINUOUS
10
6.1250590551181103
20
-3.6735039370078741
11
6.1250590551181103
21
-3.6135039370078741
0
LINE
8
BLACK
6
CONTINUOUS
10
6.1250590551181103
20
-3.6135039370078741
11
6.1252371259842517
21
-3.6124940157480312
0
LINE
8
BLACK
6
CONTINUOUS
10
6.1252371259842517
20
-3.6124940157480312
11
6.1265354330708659
21
-3.6109467716535431
0
LINE
8
BLACK
6
CONTINUOUS
10
6.1265354330708659
20
-3.6109467716535431
11
6.1285245669291335
21
-3.6105960236220471
0
LINE
8
BLACK
6
CONTINUOUS
10
6.1285245669291335
20
-3.6105960236220471
11
6.1302737401574801
21
-3.6116059448818896
0
LINE
8
BLACK
6
CONTINUOUS
10
6.0846821259842514
20
-3.6718336220472438
11
6.0853740157480312
21
-3.6735039370078741
0
LINE
8
BLACK
6
CONTINUOUS
10
6.0853740157480312
20
-3.6735039370078741
11
6.0846821259842514
21
-3.675174251968504
0
LINE
8
BLACK
6
CONTINUOUS
10
6.0846821259842514
20
-3.675174251968504
11
6.0830118110236215
21
-3.6758661417322833
0
LINE
8
BLACK
6
CONTINUOUS
10
6.0830118110236215
20
-3.6758661417322833
11
6.0530118110236222
21
-3.6758661417322833
0
LINE
8
BLACK
6
CONTINUOUS
10
6.0530118110236222
20
-3.6758661417322833
11
6.0513414960629923
21
-3.675174251968504
0
LINE
8
BLACK
6
CONTINUOUS
10
6.0513414960629923
20
-3.675174251968504
11
6.0506496062992126
21
-3.6735039370078741
0
LINE
8
BLACK
6
CONTINUOUS
10
6.0506496062992126
20
-3.6735039370078741
11
6.0513414960629923
21
-3.6718336220472438
0
LINE
8
BLACK
6
CONTINUOUS
10
6.0513414960629923
20
-3.6718336220472438
11
6.0530118110236222
21
-3.6711417322834645
0
LINE
8
BLACK
6
CONTINUOUS
10
6.0530118110236222
20
-3.6711417322834645
11
6.0830118110236215
21
-3.6711417322834645
0
LINE
8
BLACK
6
CONTINUOUS
10
6.0830118110236215
20
-3.6711417322834645
11
6.0846821259842514
21
-3.6718336220472438
0
LINE
8
BLACK
6
CONTINUOUS
10
5.9865217322834647
20
-3.6182292519685038
11
5.9880689763779529
21
-3.6195275590551179
0
LINE
8
BLACK
6
CONTINUOUS
10
5.9880689763779529
20
-3.6195275590551179
11
5.9884197244094484
21
-3.621516692913386
0
LINE
8
BLACK
6
CONTINUOUS
10
5.9884197244094484
20
-3.621516692913386
11
5.9874098031496059
21
-3.6232658661417321
0
LINE
8
BLACK
6
CONTINUOUS
10
5.9874098031496059
20
-3.6232658661417321
11
5.9855118110236223
21
-3.623956692913386
0
LINE
8
BLACK
6
CONTINUOUS
10
5.9855118110236223
20
-3.623956692913386
11
5.9255118110236218
21
-3.623956692913386
0
LINE
8
BLACK
6
CONTINUOUS
10
5.9255118110236218
20
-3.623956692913386
11
5.9245018897637793
21
-3.6237786220472441
0
LINE
8
BLACK
6
CONTINUOUS
10
5.9245018897637793
20
-3.6237786220472441
11
5.9229546456692912
21
-3.6224803149606299
0
LINE
8
BLACK
6
CONTINUOUS
10
5.9229546456692912
20
-3.6224803149606299
11
5.9226038976377948
21
-3.6204911811023623
0
LINE
8
BLACK
6
CONTINUOUS
10
5.9226038976377948
20
-3.6204911811023623
11
5.9236138188976373
21
-3.6187420078740158
0
LINE
8
BLACK
6
CONTINUOUS
10
5.9236138188976373
20
-3.6187420078740158
11
5.9255118110236218
21
-3.6180511811023619
0
LINE
8
BLACK
6
CONTINUOUS
10
5.9255118110236218
20
-3.6180511811023619
11
5.9855118110236223
21
-3.6180511811023619
0
LINE
8
BLACK
6
CONTINUOUS
10
5.9855118110236223
20
-3.6180511811023619
11
5.9865217322834647
21
-3.6182292519685038
0
LINE
8
BLACK
6
CONTINUOUS
10
6.2115217322834644
20
-3.6182292519685038
11
6.2130689763779525
21
-3.6195275590551179
0
LINE
8
BLACK
6
CONTINUOUS
10
6.2130689763779525
20
-3.6195275590551179
11
6.2134197244094489
21
-3.621516692913386
0
LINE
8
BLACK
6
CONTINUOUS
10
6.2134197244094489
20
-3.621516692913386
11
6.2124098031496064
21
-3.6232658661417321
0
LINE
8
BLACK
6
CONTINUOUS
10
6.2124098031496064
20
-3.6232658661417321
11
6.2105118110236219
21
-3.623956692913386
0
LINE
8
BLACK
6
CONTINUOUS
10
6.2105118110236219
20
-3.623956692913386
11
6.1505118110236223
21
-3.623956692913386
0
LINE
8
BLACK
6
CONTINUOUS
10
6.1505118110236223
20
-3.623956692913386
11
6.149501889763779
21
-3.6237786220472441
0
LINE
8
BLACK
6
CONTINUOUS
10
6.149501889763779
20
-3.6237786220472441
11
6.1479546456692908
21
-3.6224803149606299
0
LINE
8
BLACK
6
CONTINUOUS
10
6.1479546456692908
20
-3.6224803149606299
11
6.1476038976377954
21
-3.6204911811023623
0
LINE
8
BLACK
6
CONTINUOUS
10
6.1476038976377954
20
-3.6204911811023623
11
6.1486138188976378
21
-3.6187420078740158
0
LINE
8
BLACK
6
CONTINUOUS
10
6.1486138188976378
20
-3.6187420078740158
11
6.1505118110236223
21
-3.6180511811023619
0
LINE
8
BLACK
6
CONTINUOUS
10
6.1505118110236223
20
-3.6180511811023619
11
6.2105118110236219
21
-3.6180511811023619
0
LINE
8
BLACK
6
CONTINUOUS
10
6.2105118110236219
20
-3.6180511811023619
11
6.2115217322834644
21
-3.6182292519685038
0
LINE
8
BLACK
6
CONTINUOUS
10
6.0846821259842514
20
-3.6118336220472442
11
6.0853740157480312
21
-3.6135039370078741
0
LINE
8
BLACK
6
CONTINUOUS
10
6.0853740157480312
20
-3.6135039370078741
11
6.0846821259842514
21
-3.6151742519685039
0
LINE
8
BLACK
6
CONTINUOUS
10
6.0846821259842514
20
-3.6151742519685039
11
6.0830118110236215
21
-3.6158661417322833
0
LINE
8
BLACK
6
CONTINUOUS
10
6.0830118110236215
20
-3.6158661417322833
11
6.0530118110236222
21
-3.6158661417322833
0
LINE
8
BLACK
6
CONTINUOUS
10
6.0530118110236222
20
-3.6158661417322833
11
6.0513414960629923
21
-3.6151742519685039
0
LINE
8
BLACK
6
CONTINUOUS
10
6.0513414960629923
20
-3.6151742519685039
11
6.0506496062992126
21
-3.6135039370078741
0
LINE
8
BLACK
6
CONTINUOUS
10
6.0506496062992126
20
-3.6135039370078741
11
6.0513414960629923
21
-3.6118336220472442
0
LINE
8
BLACK
6
CONTINUOUS
10
6.0513414960629923
20
-3.6118336220472442
11
6.0530118110236222
21
-3.6111417322834645
0
LINE
8
BLACK
6
CONTINUOUS
10
6.0530118110236222
20
-3.6111417322834645
11
6.0830118110236215
21
-3.6111417322834645
0
LINE
8
BLACK
6
CONTINUOUS
10
6.0830118110236215
20
-3.6111417322834645
11
6.0846821259842514
21
-3.6118336220472442
0
LINE
8
BLACK
6
CONTINUOUS
10
5.8597411811023621
20
-3.5961643307086613
11
5.8604330708661418
21
-3.5978346456692911
0
LINE
8
BLACK
6
CONTINUOUS
10
5.8604330708661418
20
-3.5978346456692911
11
5.8597411811023621
21
-3.599504960629921
0
LINE
8
BLACK
6
CONTINUOUS
10
5.8597411811023621
20
-3.599504960629921
11
5.8580708661417322
21
-3.6001968503937007
0
LINE
8
BLACK
6
CONTINUOUS
10
5.8580708661417322
20
-3.6001968503937007
11
5.8029527559055119
21
-3.6001968503937007
0
LINE
8
BLACK
6
CONTINUOUS
10
5.8029527559055119
20
-3.6001968503937007
11
5.801282440944882
21
-3.599504960629921
0
LINE
8
BLACK
6
CONTINUOUS
10
5.801282440944882
20
-3.599504960629921
11
5.8005905511811022
21
-3.5978346456692911
0
LINE
8
BLACK
6
CONTINUOUS
10
5.8005905511811022
20
-3.5978346456692911
11
5.801282440944882
21
-3.5961643307086613
0
LINE
8
BLACK
6
CONTINUOUS
10
5.801282440944882
20
-3.5961643307086613
11
5.8029527559055119
21
-3.5954724409448819
0
LINE
8
BLACK
6
CONTINUOUS
10
5.8029527559055119
20
-3.5954724409448819
11
5.8580708661417322
21
-3.5954724409448819
0
LINE
8
BLACK
6
CONTINUOUS
10
5.8580708661417322
20
-3.5954724409448819
11
5.8597411811023621
21
-3.5961643307086613
0
LINE
8
BLACK
6
CONTINUOUS
10
6.3544262204724404
20
-3.5961643307086613
11
6.3551181102362202
21
-3.5978346456692911
0
LINE
8
BLACK
6
CONTINUOUS
10
6.3551181102362202
20
-3.5978346456692911
11
6.3544262204724404
21
-3.599504960629921
0
LINE
8
BLACK
6
CONTINUOUS
10
6.3544262204724404
20
-3.599504960629921
11
6.3527559055118106
21
-3.6001968503937007
0
LINE
8
BLACK
6
CONTINUOUS
10
6.3527559055118106
20
-3.6001968503937007
11
6.2779527559055115
21
-3.6001968503937007
0
LINE
8
BLACK
6
CONTINUOUS
10
6.2779527559055115
20
-3.6001968503937007
11
6.2762824409448816
21
-3.599504960629921
0
LINE
8
BLACK
6
CONTINUOUS
10
6.2762824409448816
20
-3.599504960629921
11
6.2755905511811019
21
-3.5978346456692911
0
LINE
8
BLACK
6
CONTINUOUS
10
6.2755905511811019
20
-3.5978346456692911
11
6.2762824409448816
21
-3.5961643307086613
0
LINE
8
BLACK
6
CONTINUOUS
10
6.2762824409448816
20
-3.5961643307086613
11
6.2779527559055115
21
-3.5954724409448819
0
LINE
8
BLACK
6
CONTINUOUS
10
6.2779527559055115
20
-3.5954724409448819
11
6.3527559055118106
21
-3.5954724409448819
0
LINE
8
BLACK
6
CONTINUOUS
10
6.3527559055118106
20
-3.5954724409448819
11
6.3544262204724404
21
-3.5961643307086613
0
LINE
8
BLACK
6
CONTINUOUS
10
5.9187699606299216
20
-3.5401421259842518
11
5.919460787401575
21
-3.5420401181102363
0
LINE
8
BLACK
6
CONTINUOUS
10
5.919460787401575
20
-3.5420401181102363
11
5.919460787401575
21
-3.5739111023622048
0
LINE
8
BLACK
6
CONTINUOUS
10
5.919460787401575
20
-3.5739111023622048
11
5.9192827165354327
21
-3.5749210236220472
0
LINE
8
BLACK
6
CONTINUOUS
10
5.9192827165354327
20
-3.5749210236220472
11
5.9191692125984252
21
-3.5750562598425195
0
LINE
8
BLACK
6
CONTINUOUS
10
5.9191692125984252
20
-3.5750562598425195
11
5.9191490551181101
21
-3.5752316141732283
0
LINE
8
BLACK
6
CONTINUOUS
10
5.9191490551181101
20
-3.5752316141732283
11
5.9172742913385825
21
-3.5789811417322834
0
LINE
8
BLACK
6
CONTINUOUS
10
5.9172742913385825
20
-3.5789811417322834
11
5.9167483464566928
21
-3.5796901968503936
0
LINE
8
BLACK
6
CONTINUOUS
10
5.9167483464566928
20
-3.5796901968503936
11
5.9167211811023623
21
-3.5797485433070864
0
LINE
8
BLACK
6
CONTINUOUS
10
5.9167211811023623
20
-3.5797485433070864
11
5.9148464566929135
21
-3.5816233070866139
0
LINE
8
BLACK
6
CONTINUOUS
10
5.9148464566929135
20
-3.5816233070866139
11
5.9141232677165352
21
-3.5821296850393698
0
LINE
8
BLACK
6
CONTINUOUS
10
5.9141232677165352
20
-3.5821296850393698
11
5.9140790157480314
21
-3.5821764566929133
0
LINE
8
BLACK
6
CONTINUOUS
10
5.9140790157480314
20
-3.5821764566929133
11
5.9103294881889763
21
-3.5840512204724408
0
LINE
8
BLACK
6
CONTINUOUS
10
5.9103294881889763
20
-3.5840512204724408
11
5.9093465354330705
21
-3.5843435826771652
0
LINE
8
BLACK
6
CONTINUOUS
10
5.9093465354330705
20
-3.5843435826771652
11
5.9091748425196853
21
-3.5843025590551179
0
LINE
8
BLACK
6
CONTINUOUS
10
5.9091748425196853
20
-3.5843025590551179
11
5.9090089763779527
21
-3.5843629527559053
0
LINE
8
BLACK
6
CONTINUOUS
10
5.9090089763779527
20
-3.5843629527559053
11
5.9015099212598425
21
-3.5843629527559053
0
LINE
8
BLACK
6
CONTINUOUS
10
5.9015099212598425
20
-3.5843629527559053
11
5.9005000000000001
21
-3.5841848818897639
0
LINE
8
BLACK
6
CONTINUOUS
10
5.9005000000000001
20
-3.5841848818897639
11
5.9003647244094486
21
-3.584071377952756
0
LINE
8
BLACK
6
CONTINUOUS
10
5.9003647244094486
20
-3.584071377952756
11
5.900189409448819
21
-3.5840512204724408
0
LINE
8
BLACK
6
CONTINUOUS
10
5.900189409448819
20
-3.5840512204724408
11
5.8964398818897639
21
-3.5821764566929133
0
LINE
8
BLACK
6
CONTINUOUS
10
5.8964398818897639
20
-3.5821764566929133
11
5.8957307480314958
21
-3.5816504724409448
0
LINE
8
BLACK
6
CONTINUOUS
10
5.8957307480314958
20
-3.5816504724409448
11
5.8956724409448817
21
-3.5816233070866139
0
LINE
8
BLACK
6
CONTINUOUS
10
5.8956724409448817
20
-3.5816233070866139
11
5.8937976771653542
21
-3.5797485039370076
0
LINE
8
BLACK
6
CONTINUOUS
10
5.8937976771653542
20
-3.5797485039370076
11
5.8932913779527558
21
-3.579025433070866
0
LINE
8
BLACK
6
CONTINUOUS
10
5.8932913779527558
20
-3.579025433070866
11
5.8932446062992128
21
-3.5789811417322834
0
LINE
8
BLACK
6
CONTINUOUS
10
5.8932446062992128
20
-3.5789811417322834
11
5.8913698425196852
21
-3.5752316141732283
0
LINE
8
BLACK
6
CONTINUOUS
10
5.8913698425196852
20
-3.5752316141732283
11
5.8910774803149604
21
-3.5742486614173226
0
LINE
8
BLACK
6
CONTINUOUS
10
5.8910774803149604
20
-3.5742486614173226
11
5.8911184645669286
21
-3.5740769685039369
0
LINE
8
BLACK
6
CONTINUOUS
10
5.8911184645669286
20
-3.5740769685039369
11
5.8910581102362203
21
-3.5739111023622048
0
LINE
8
BLACK
6
CONTINUOUS
10
5.8910581102362203
20
-3.5739111023622048
11
5.8910581102362203
21
-3.5420401181102363
0
LINE
8
BLACK
6
CONTINUOUS
10
5.8910581102362203
20
-3.5420401181102363
11
5.8912361811023617
21
-3.5410301968503934
0
LINE
8
BLACK
6
CONTINUOUS
10
5.8912361811023617
20
-3.5410301968503934
11
5.8925344881889758
21
-3.5394829527559053
0
LINE
8
BLACK
6
CONTINUOUS
10
5.8925344881889758
20
-3.5394829527559053
11
5.8945236220472443
21
-3.5391322047244094
0
LINE
8
BLACK
6
CONTINUOUS
10
5.8945236220472443
20
-3.5391322047244094
11
5.89627279527559
21
-3.5401421259842518
0
LINE
8
BLACK
6
CONTINUOUS
10
5.89627279527559
20
-3.5401421259842518
11
5.8969636220472443
21
-3.5420401181102363
0
LINE
8
BLACK
6
CONTINUOUS
10
5.8969636220472443
20
-3.5420401181102363
11
5.8969636220472443
21
-3.5732140551181102
0
LINE
8
BLACK
6
CONTINUOUS
10
5.8969636220472443
20
-3.5732140551181102
11
5.8983123622047247
21
-3.5759115354330708
0
LINE
8
BLACK
6
CONTINUOUS
10
5.8983123622047247
20
-3.5759115354330708
11
5.8995094881889765
21
-3.5771087007874014
0
LINE
8
BLACK
6
CONTINUOUS
10
5.8995094881889765
20
-3.5771087007874014
11
5.9022069685039371
21
-3.5784574409448817
0
LINE
8
BLACK
6
CONTINUOUS
10
5.9022069685039371
20
-3.5784574409448817
11
5.9083119291338582
21
-3.5784574409448817
0
LINE
8
BLACK
6
CONTINUOUS
10
5.9083119291338582
20
-3.5784574409448817
11
5.9110093700787401
21
-3.5771087007874014
0
LINE
8
BLACK
6
CONTINUOUS
10
5.9110093700787401
20
-3.5771087007874014
11
5.9122064960629919
21
-3.5759115354330708
0
LINE
8
BLACK
6
CONTINUOUS
10
5.9122064960629919
20
-3.5759115354330708
11
5.9135552755905509
21
-3.5732140551181102
0
LINE
8
BLACK
6
CONTINUOUS
10
5.9135552755905509
20
-3.5732140551181102
11
5.9135552755905509
21
-3.5420401181102363
0
LINE
8
BLACK
6
CONTINUOUS
10
5.9135552755905509
20
-3.5420401181102363
11
5.9137333464566924
21
-3.5410301968503934
0
LINE
8
BLACK
6
CONTINUOUS
10
5.9137333464566924
20
-3.5410301968503934
11
5.9150316535433065
21
-3.5394829527559053
0
LINE
8
BLACK
6
CONTINUOUS
10
5.9150316535433065
20
-3.5394829527559053
11
5.917020787401575
21
-3.5391322047244094
0
LINE
8
BLACK
6
CONTINUOUS
10
5.917020787401575
20
-3.5391322047244094
11
5.9187699606299216
21
-3.5401421259842518
0
LINE
8
BLACK
6
CONTINUOUS
10
6.2185235826771654
20
-3.5392654330708662
11
6.2186588188976373
21
-3.5393788976377953
0
LINE
8
BLACK
6
CONTINUOUS
10
6.2186588188976373
20
-3.5393788976377953
11
6.2188341732283465
21
-3.5393990944881888
0
LINE
8
BLACK
6
CONTINUOUS
10
6.2188341732283465
20
-3.5393990944881888
11
6.2225837007874016
21
-3.5412738582677163
0
LINE
8
BLACK
6
CONTINUOUS
10
6.2225837007874016
20
-3.5412738582677163
11
6.2232927559055113
21
-3.5417997637795273
0
LINE
8
BLACK
6
CONTINUOUS
10
6.2232927559055113
20
-3.5417997637795273
11
6.223351102362205
21
-3.541826968503937
0
LINE
8
BLACK
6
CONTINUOUS
10
6.223351102362205
20
-3.541826968503937
11
6.2252258661417326
21
-3.5437017322834645
0
LINE
8
BLACK
6
CONTINUOUS
10
6.2252258661417326
20
-3.5437017322834645
11
6.2258140551181098
21
-3.544541771653543
0
LINE
8
BLACK
6
CONTINUOUS
10
6.2258140551181098
20
-3.544541771653543
11
6.225990078740157
21
-3.5465538582677163
0
LINE
8
BLACK
6
CONTINUOUS
10
6.225990078740157
20
-3.5465538582677163
11
6.2248315748031491
21
-3.5482084251968504
0
LINE
8
BLACK
6
CONTINUOUS
10
6.2248315748031491
20
-3.5482084251968504
11
6.2228805905511813
21
-3.5487311417322833
0
LINE
8
BLACK
6
CONTINUOUS
10
6.2228805905511813
20
-3.5487311417322833
11
6.2210500393700787
21
-3.5478775590551179
0
LINE
8
BLACK
6
CONTINUOUS
10
6.2210500393700787
20
-3.5478775590551179
11
6.219514094488189
21
-3.5463416141732282
0
LINE
8
BLACK
6
CONTINUOUS
10
6.219514094488189
20
-3.5463416141732282
11
6.2168166141732284
21
-3.5449928740157479
0
LINE
8
BLACK
6
CONTINUOUS
10
6.2168166141732284
20
-3.5449928740157479
11
6.2088368897637798
21
-3.5449928740157479
0
LINE
8
BLACK
6
CONTINUOUS
10
6.2088368897637798
20
-3.5449928740157479
11
6.2061394094488191
21
-3.5463416141732282
0
LINE
8
BLACK
6
CONTINUOUS
10
6.2061394094488191
20
-3.5463416141732282
11
6.2049422834645664
21
-3.5475387401574801
0
LINE
8
BLACK
6
CONTINUOUS
10
6.2049422834645664
20
-3.5475387401574801
11
6.2035935433070861
21
-3.5502362204724407
0
LINE
8
BLACK
6
CONTINUOUS
10
6.2035935433070861
20
-3.5502362204724407
11
6.2035935433070861
21
-3.552809527559055
0
LINE
8
BLACK
6
CONTINUOUS
10
6.2035935433070861
20
-3.552809527559055
11
6.2050963385826767
21
-3.5573179527559056
0
LINE
8
BLACK
6
CONTINUOUS
10
6.2050963385826767
20
-3.5573179527559056
11
6.2271006299212601
21
-3.5793222834645668
0
LINE
8
BLACK
6
CONTINUOUS
10
6.2271006299212601
20
-3.5793222834645668
11
6.2274703937007869
21
-3.57985031496063
0
LINE
8
BLACK
6
CONTINUOUS
10
6.2274703937007869
20
-3.57985031496063
11
6.2275698818897638
21
-3.5799338188976377
0
LINE
8
BLACK
6
CONTINUOUS
10
6.2275698818897638
20
-3.5799338188976377
11
6.2275836614173228
21
-3.5800121259842519
0
LINE
8
BLACK
6
CONTINUOUS
10
6.2275836614173228
20
-3.5800121259842519
11
6.2276888582677161
21
-3.5801623228346457
0
LINE
8
BLACK
6
CONTINUOUS
10
6.2276888582677161
20
-3.5801623228346457
11
6.2277662992125986
21
-3.5810478740157481
0
LINE
8
BLACK
6
CONTINUOUS
10
6.2277662992125986
20
-3.5810478740157481
11
6.2279206299212593
21
-3.5819229527559053
0
LINE
8
BLACK
6
CONTINUOUS
10
6.2279206299212593
20
-3.5819229527559053
11
6.2278531102362207
21
-3.5820398818897639
0
LINE
8
BLACK
6
CONTINUOUS
10
6.2278531102362207
20
-3.5820398818897639
11
6.2278648818897633
21
-3.5821744488188973
0
LINE
8
BLACK
6
CONTINUOUS
10
6.2278648818897633
20
-3.5821744488188973
11
6.2273550000000002
21
-3.5829025984251968
0
LINE
8
BLACK
6
CONTINUOUS
10
6.2273550000000002
20
-3.5829025984251968
11
6.2269107086614168
21
-3.5836721259842519
0
LINE
8
BLACK
6
CONTINUOUS
10
6.2269107086614168
20
-3.5836721259842519
11
6.2267838188976379
21
-3.5837182677165353
0
LINE
8
BLACK
6
CONTINUOUS
10
6.2267838188976379
20
-3.5837182677165353
11
6.2267063385826766
21
-3.5838289763779527
0
LINE
8
BLACK
6
CONTINUOUS
10
6.2267063385826766
20
-3.5838289763779527
11
6.2258477952755902
21
-3.5840589763779525
0
LINE
8
BLACK
6
CONTINUOUS
10
6.2258477952755902
20
-3.5840589763779525
11
6.2250127165354332
21
-3.5843629527559053
0
LINE
8
BLACK
6
CONTINUOUS
10
6.2250127165354332
20
-3.5843629527559053
11
6.200640787401575
21
-3.5843629527559053
0
LINE
8
BLACK
6
CONTINUOUS
10
6.200640787401575
20
-3.5843629527559053
11
6.1996308661417325
21
-3.5841848818897639
0
LINE
8
BLACK
6
CONTINUOUS
10
6.1996308661417325
20
-3.5841848818897639
11
6.1980836220472444
21
-3.5828865748031493
0
LINE
8
BLACK
6
CONTINUOUS
10
6.1980836220472444
20
-3.5828865748031493
11
6.197732874015748
21
-3.5808974409448817
0
LINE
8
BLACK
6
CONTINUOUS
10
6.197732874015748
20
-3.5808974409448817
11
6.1987427952755905
21
-3.5791482677165352
0
LINE
8
BLACK
6
CONTINUOUS
10
6.1987427952755905
20
-3.5791482677165352
11
6.200640787401575
21
-3.5784574409448817
0
LINE
8
BLACK
6
CONTINUOUS
10
6.200640787401575
20
-3.5784574409448817
11
6.2178841338582673
21
-3.5784574409448817
0
LINE
8
BLACK
6
CONTINUOUS
10
6.2178841338582673
20
-3.5784574409448817
11
6.2004276377952756
21
-3.5610009055118108
0
LINE
8
BLACK
6
CONTINUOUS
10
6.2004276377952756
20
-3.5610009055118108
11
6.1998394488188975
21
-3.5601608661417323
0
LINE
8
BLACK
6
CONTINUOUS
10
6.1998394488188975
20
-3.5601608661417323
11
6.1998240551181105
21
-3.5599849999999997
0
LINE
8
BLACK
6
CONTINUOUS
10
6.1998240551181105
20
-3.5599849999999997
11
6.1997143307086615
21
-3.5598467322834644
0
LINE
8
BLACK
6
CONTINUOUS
10
6.1997143307086615
20
-3.5598467322834644
11
6.197839566929134
21
-3.5542224409448817
0
LINE
8
BLACK
6
CONTINUOUS
10
6.197839566929134
20
-3.5542224409448817
11
6.1977100787401573
21
-3.5533492519685037
0
LINE
8
BLACK
6
CONTINUOUS
10
6.1977100787401573
20
-3.5533492519685037
11
6.197688031496063
21
-3.5532887007874017
0
LINE
8
BLACK
6
CONTINUOUS
10
6.197688031496063
20
-3.5532887007874017
11
6.197688031496063
21
-3.5495391732283466
0
LINE
8
BLACK
6
CONTINUOUS
10
6.197688031496063
20
-3.5495391732283466
11
6.1978661023622044
21
-3.5485292519685037
0
LINE
8
BLACK
6
CONTINUOUS
10
6.1978661023622044
20
-3.5485292519685037
11
6.197979566929134
21
-3.5483939763779526
0
LINE
8
BLACK
6
CONTINUOUS
10
6.197979566929134
20
-3.5483939763779526
11
6.197999763779527
21
-3.5482186614173226
0
LINE
8
BLACK
6
CONTINUOUS
10
6.197999763779527
20
-3.5482186614173226
11
6.1998745275590545
21
-3.5444691338582675
0
LINE
8
BLACK
6
CONTINUOUS
10
6.1998745275590545
20
-3.5444691338582675
11
6.2004004330708664
21
-3.5437600393700786
0
LINE
8
BLACK
6
CONTINUOUS
10
6.2004004330708664
20
-3.5437600393700786
11
6.2004276377952756
21
-3.5437017322834645
0
LINE
8
BLACK
6
CONTINUOUS
10
6.2004276377952756
20
-3.5437017322834645
11
6.2023024015748032
21
-3.541826968503937
0
LINE
8
BLACK
6
CONTINUOUS
10
6.2023024015748032
20
-3.541826968503937
11
6.2030254724409444
21
-3.5413206692913386
0
LINE
8
BLACK
6
CONTINUOUS
10
6.2030254724409444
20
-3.5413206692913386
11
6.2030698031496065
21
-3.5412738582677163
0
LINE
8
BLACK
6
CONTINUOUS
10
6.2030698031496065
20
-3.5412738582677163
11
6.2068193307086617
21
-3.5393990944881888
0
LINE
8
BLACK
6
CONTINUOUS
10
6.2068193307086617
20
-3.5393990944881888
11
6.2078022440944878
21
-3.5391067322834644
0
LINE
8
BLACK
6
CONTINUOUS
10
6.2078022440944878
20
-3.5391067322834644
11
6.2079739370078739
21
-3.539147716535433
0
LINE
8
BLACK
6
CONTINUOUS
10
6.2079739370078739
20
-3.539147716535433
11
6.2081398425196852
21
-3.5390873622047243
0
LINE
8
BLACK
6
CONTINUOUS
10
6.2081398425196852
20
-3.5390873622047243
11
6.217513661417323
21
-3.5390873622047243
0
LINE
8
BLACK
6
CONTINUOUS
10
6.217513661417323
20
-3.5390873622047243
11
6.2185235826771654
21
-3.5392654330708662
0
LINE
8
BLACK
6
CONTINUOUS
10
6.2647699606299208
20
-3.5401421259842518
11
6.2654607874015751
21
-3.5420401181102363
0
LINE
8
BLACK
6
CONTINUOUS
10
6.2654607874015751
20
-3.5420401181102363
11
6.2654607874015751
21
-3.5739111023622048
0
LINE
8
BLACK
6
CONTINUOUS
10
6.2654607874015751
20
-3.5739111023622048
11
6.2652827165354328
21
-3.5749210236220472
0
LINE
8
BLACK
6
CONTINUOUS
10
6.2652827165354328
20
-3.5749210236220472
11
6.2651692125984253
21
-3.5750562598425195
0
LINE
8
BLACK
6
CONTINUOUS
10
6.2651692125984253
20
-3.5750562598425195
11
6.2651490551181102
21
-3.5752316141732283
0
LINE
8
BLACK
6
CONTINUOUS
10
6.2651490551181102
20
-3.5752316141732283
11
6.2632742913385826
21
-3.5789811417322834
0
LINE
8
BLACK
6
CONTINUOUS
10
6.2632742913385826
20
-3.5789811417322834
11
6.2627483464566929
21
-3.5796901968503936
0
LINE
8
BLACK
6
CONTINUOUS
10
6.2627483464566929
20
-3.5796901968503936
11
6.2627211811023624
21
-3.5797485433070864
0
LINE
8
BLACK
6
CONTINUOUS
10
6.2627211811023624
20
-3.5797485433070864
11
6.2608464566929136
21
-3.5816233070866139
0
LINE
8
BLACK
6
CONTINUOUS
10
6.2608464566929136
20
-3.5816233070866139
11
6.2601232677165353
21
-3.5821296850393698
0
LINE
8
BLACK
6
CONTINUOUS
10
6.2601232677165353
20
-3.5821296850393698
11
6.2600790157480315
21
-3.5821764566929133
0
LINE
8
BLACK
6
CONTINUOUS
10
6.2600790157480315
20
-3.5821764566929133
11
6.2563294881889764
21
-3.5840512204724408
0
LINE
8
BLACK
6
CONTINUOUS
10
6.2563294881889764
20
-3.5840512204724408
11
6.2553465354330706
21
-3.5843435826771652
0
LINE
8
BLACK
6
CONTINUOUS
10
6.2553465354330706
20
-3.5843435826771652
11
6.2551748425196845
21
-3.5843025590551179
0
LINE
8
BLACK
6
CONTINUOUS
10
6.2551748425196845
20
-3.5843025590551179
11
6.2550089763779528
21
-3.5843629527559053
0
LINE
8
BLACK
6
CONTINUOUS
10
6.2550089763779528
20
-3.5843629527559053
11
6.2475099212598426
21
-3.5843629527559053
0
LINE
8
BLACK
6
CONTINUOUS
10
6.2475099212598426
20
-3.5843629527559053
11
6.2465000000000002
21
-3.5841848818897639
0
LINE
8
BLACK
6
CONTINUOUS
10
6.2465000000000002
20
-3.5841848818897639
11
6.2463647244094487
21
-3.584071377952756
0
LINE
8
BLACK
6
CONTINUOUS
10
6.2463647244094487
20
-3.584071377952756
11
6.2461894094488191
21
-3.5840512204724408
0
LINE
8
BLACK
6
CONTINUOUS
10
6.2461894094488191
20
-3.5840512204724408
11
6.242439881889764
21
-3.5821764566929133
0
LINE
8
BLACK
6
CONTINUOUS
10
6.242439881889764
20
-3.5821764566929133
11
6.2417307480314959
21
-3.5816504724409448
0
LINE
8
BLACK
6
CONTINUOUS
10
6.2417307480314959
20
-3.5816504724409448
11
6.2416724409448818
21
-3.5816233070866139
0
LINE
8
BLACK
6
CONTINUOUS
10
6.2416724409448818
20
-3.5816233070866139
11
6.2397976771653543
21
-3.5797485039370076
0
LINE
8
BLACK
6
CONTINUOUS
10
6.2397976771653543
20
-3.5797485039370076
11
6.2392913779527559
21
-3.579025433070866
0
LINE
8
BLACK
6
CONTINUOUS
10
6.2392913779527559
20
-3.579025433070866
11
6.2392446062992128
21
-3.5789811417322834
0
LINE
8
BLACK
6
CONTINUOUS
10
6.2392446062992128
20
-3.5789811417322834
11
6.2373698425196853
21
-3.5752316141732283
0
LINE
8
BLACK
6
CONTINUOUS
10
6.2373698425196853
20
-3.5752316141732283
11
6.2370774803149605
21
-3.5742486614173226
0
LINE
8
BLACK
6
CONTINUOUS
10
6.2370774803149605
20
-3.5742486614173226
11
6.2371184645669286
21
-3.5740769685039369
0
LINE
8
BLACK
6
CONTINUOUS
10
6.2371184645669286
20
-3.5740769685039369
11
6.2370581102362204
21
-3.5739111023622048
0
LINE
8
BLACK
6
CONTINUOUS
10
6.2370581102362204
20
-3.5739111023622048
11
6.2370581102362204
21
-3.5420401181102363
0
LINE
8
BLACK
6
CONTINUOUS
10
6.2370581102362204
20
-3.5420401181102363
11
6.2372361811023618
21
-3.5410301968503934
0
LINE
8
BLACK
6
CONTINUOUS
10
6.2372361811023618
20
-3.5410301968503934
11
6.2385344881889759
21
-3.5394829527559053
0
LINE
8
BLACK
6
CONTINUOUS
10
6.2385344881889759
20
-3.5394829527559053
11
6.2405236220472435
21
-3.5391322047244094
0
LINE
8
BLACK
6
CONTINUOUS
10
6.2405236220472435
20
-3.5391322047244094
11
6.2422727952755901
21
-3.5401421259842518
0
LINE
8
BLACK
6
CONTINUOUS
10
6.2422727952755901
20
-3.5401421259842518
11
6.2429636220472435
21
-3.5420401181102363
0
LINE
8
BLACK
6
CONTINUOUS
10
6.2429636220472435
20
-3.5420401181102363
11
6.2429636220472435
21
-3.5732140551181102
0
LINE
8
BLACK
6
CONTINUOUS
10
6.2429636220472435
20
-3.5732140551181102
11
6.2443123622047239
21
-3.5759115354330708
0
LINE
8
BLACK
6
CONTINUOUS
10
6.2443123622047239
20
-3.5759115354330708
11
6.2455094881889766
21
-3.5771087007874014
0
LINE
8
BLACK
6
CONTINUOUS
10
6.2455094881889766
20
-3.5771087007874014
11
6.2482069685039372
21
-3.5784574409448817
0
LINE
8
BLACK
6
CONTINUOUS
10
6.2482069685039372
20
-3.5784574409448817
11
6.2543119291338582
21
-3.5784574409448817
0
LINE
8
BLACK
6
CONTINUOUS
10
6.2543119291338582
20
-3.5784574409448817
11
6.2570093700787401
21
-3.5771087007874014
0
LINE
8
BLACK
6
CONTINUOUS
10
6.2570093700787401
20
-3.5771087007874014
11
6.258206496062992
21
-3.5759115354330708
0
LINE
8
BLACK
6
CONTINUOUS
10
6.258206496062992
20
-3.5759115354330708
11
6.259555275590551
21
-3.5732140551181102
0
LINE
8
BLACK
6
CONTINUOUS
10
6.259555275590551
20
-3.5732140551181102
11
6.259555275590551
21
-3.5420401181102363
0
LINE
8
BLACK
6
CONTINUOUS
10
6.259555275590551
20
-3.5420401181102363
11
6.2597333464566924
21
-3.5410301968503934
0
LINE
8
BLACK
6
CONTINUOUS
10
6.2597333464566924
20
-3.5410301968503934
11
6.2610316535433066
21
-3.5394829527559053
0
LINE
8
BLACK
6
CONTINUOUS
10
6.2610316535433066
20
-3.5394829527559053
11
6.2630207874015751
21
-3.5391322047244094
0
LINE
8
BLACK
6
CONTINUOUS
10
6.2630207874015751
20
-3.5391322047244094
11
6.2647699606299208
21
-3.5401421259842518
0
LINE
8
BLACK
6
CONTINUOUS
10
5.8693098031496058
20
-3.5376494881889764
11
5.8705653543307088
21
-3.5392316141732283
0
LINE
8
BLACK
6
CONTINUOUS
10
5.8705653543307088
20
-3.5392316141732283
11
5.8799391732283466
21
-3.5673530314960629
0
LINE
8
BLACK
6
CONTINUOUS
10
5.8799391732283466
20
-3.5673530314960629
11
5.8800896062992125
21
-3.5683674409448818
0
LINE
8
BLACK
6
CONTINUOUS
10
5.8800896062992125
20
-3.5683674409448818
11
5.8800066535433073
21
-3.5685772834645668
0
LINE
8
BLACK
6
CONTINUOUS
10
5.8800066535433073
20
-3.5685772834645668
11
5.8800458661417325
21
-3.5687995669291337
0
LINE
8
BLACK
6
CONTINUOUS
10
5.8800458661417325
20
-3.5687995669291337
11
5.8796431102362208
21
-3.5694970472440946
0
LINE
8
BLACK
6
CONTINUOUS
10
5.8796431102362208
20
-3.5694970472440946
11
5.8793472047244091
21
-3.570245866141732
0
LINE
8
BLACK
6
CONTINUOUS
10
5.8793472047244091
20
-3.570245866141732
11
5.87914874015748
21
-3.5703533070866142
0
LINE
8
BLACK
6
CONTINUOUS
10
5.87914874015748
20
-3.5703533070866142
11
5.8790359448818892
21
-3.5705487401574802
0
LINE
8
BLACK
6
CONTINUOUS
10
5.8790359448818892
20
-3.5705487401574802
11
5.8782792125984251
21
-3.5708241338582676
0
LINE
8
BLACK
6
CONTINUOUS
10
5.8782792125984251
20
-3.5708241338582676
11
5.8775710629921258
21
-3.5712076377952755
0
LINE
8
BLACK
6
CONTINUOUS
10
5.8775710629921258
20
-3.5712076377952755
11
5.8773499606299211
21
-3.5711623622047242
0
LINE
8
BLACK
6
CONTINUOUS
10
5.8773499606299211
20
-3.5711623622047242
11
5.8771379527559056
21
-3.5712395669291337
0
LINE
8
BLACK
6
CONTINUOUS
10
5.8771379527559056
20
-3.5712395669291337
11
5.861343070866142
21
-3.5712395669291337
0
LINE
8
BLACK
6
CONTINUOUS
10
5.861343070866142
20
-3.5712395669291337
11
5.861343070866142
21
-3.5814101968503937
0
LINE
8
BLACK
6
CONTINUOUS
10
5.861343070866142
20
-3.5814101968503937
11
5.8611649999999997
21
-3.5824201181102362
0
LINE
8
BLACK
6
CONTINUOUS
10
5.8611649999999997
20
-3.5824201181102362
11
5.8598666929133856
21
-3.5839673622047243
0
LINE
8
BLACK
6
CONTINUOUS
10
5.8598666929133856
20
-3.5839673622047243
11
5.857877559055118
21
-3.5843181102362203
0
LINE
8
BLACK
6
CONTINUOUS
10
5.857877559055118
20
-3.5843181102362203
11
5.8561283858267714
21
-3.5833081889763778
0
LINE
8
BLACK
6
CONTINUOUS
10
5.8561283858267714
20
-3.5833081889763778
11
5.855437559055118
21
-3.5814101968503937
0
LINE
8
BLACK
6
CONTINUOUS
10
5.855437559055118
20
-3.5814101968503937
11
5.855437559055118
21
-3.5712395669291337
0
LINE
8
BLACK
6
CONTINUOUS
10
5.855437559055118
20
-3.5712395669291337
11
5.8527660236220473
21
-3.5712395669291337
0
LINE
8
BLACK
6
CONTINUOUS
10
5.8527660236220473
20
-3.5712395669291337
11
5.8517561023622049
21
-3.5710614960629918
0
LINE
8
BLACK
6
CONTINUOUS
10
5.8517561023622049
20
-3.5710614960629918
11
5.8502088582677167
21
-3.5697631889763777
0
LINE
8
BLACK
6
CONTINUOUS
10
5.8502088582677167
20
-3.5697631889763777
11
5.8498581102362204
21
-3.5677740551181101
0
LINE
8
BLACK
6
CONTINUOUS
10
5.8498581102362204
20
-3.5677740551181101
11
5.8508680314960628
21
-3.5660248818897635
0
LINE
8
BLACK
6
CONTINUOUS
10
5.8508680314960628
20
-3.5660248818897635
11
5.8527660236220473
21
-3.5653340551181101
0
LINE
8
BLACK
6
CONTINUOUS
10
5.8527660236220473
20
-3.5653340551181101
11
5.855437559055118
21
-3.5653340551181101
0
LINE
8
BLACK
6
CONTINUOUS
10
5.855437559055118
20
-3.5653340551181101
11
5.855437559055118
21
-3.5551634645669292
0
LINE
8
BLACK
6
CONTINUOUS
10
5.855437559055118
20
-3.5551634645669292
11
5.8556156299212594
21
-3.5541535433070863
0
LINE
8
BLACK
6
CONTINUOUS
10
5.8556156299212594
20
-3.5541535433070863
11
5.8569139370078735
21
-3.5526062992125982
0
LINE
8
BLACK
6
CONTINUOUS
10
5.8569139370078735
20
-3.5526062992125982
11
5.858903070866142
21
-3.5522555511811023
0
LINE
8
BLACK
6
CONTINUOUS
10
5.858903070866142
20
-3.5522555511811023
11
5.8606522440944877
21
-3.5532654724409447
0
LINE
8
BLACK
6
CONTINUOUS
10
5.8606522440944877
20
-3.5532654724409447
11
5.861343070866142
21
-3.5551634645669292
0
LINE
8
BLACK
6
CONTINUOUS
10
5.861343070866142
20
-3.5551634645669292
11
5.861343070866142
21
-3.5653340551181101
0
LINE
8
BLACK
6
CONTINUOUS
10
5.861343070866142
20
-3.5653340551181101
11
5.8730412204724409
21
-3.5653340551181101
0
LINE
8
BLACK
6
CONTINUOUS
10
5.8730412204724409
20
-3.5653340551181101
11
5.8649629133858268
21
-3.5410990944881888
0
LINE
8
BLACK
6
CONTINUOUS
10
5.8649629133858268
20
-3.5410990944881888
11
5.8648124803149608
21
-3.5400846850393699
0
LINE
8
BLACK
6
CONTINUOUS
10
5.8648124803149608
20
-3.5400846850393699
11
5.8655548818897634
21
-3.5382062992125984
0
LINE
8
BLACK
6
CONTINUOUS
10
5.8655548818897634
20
-3.5382062992125984
11
5.8673310236220475
21
-3.5372445275590549
0
LINE
8
BLACK
6
CONTINUOUS
10
5.8673310236220475
20
-3.5372445275590549
11
5.8693098031496058
21
-3.5376494881889764
0
LINE
8
BLACK
6
CONTINUOUS
10
6.3717576377952758
20
-3.5660177952755903
11
6.373304881889764
21
-3.5673161023622044
0
LINE
8
BLACK
6
CONTINUOUS
10
6.373304881889764
20
-3.5673161023622044
11
6.3736556299212594
21
-3.5693052362204725
0
LINE
8
BLACK
6
CONTINUOUS
10
6.3736556299212594
20
-3.5693052362204725
11
6.372645708661417
21
-3.571054409448819
0
LINE
8
BLACK
6
CONTINUOUS
10
6.372645708661417
20
-3.571054409448819
11
6.3707477165354334
21
-3.5717452362204725
0
LINE
8
BLACK
6
CONTINUOUS
10
6.3707477165354334
20
-3.5717452362204725
11
6.3107477165354329
21
-3.5717452362204725
0
LINE
8
BLACK
6
CONTINUOUS
10
6.3107477165354329
20
-3.5717452362204725
11
6.3097377952755904
21
-3.5715671653543306
0
LINE
8
BLACK
6
CONTINUOUS
10
6.3097377952755904
20
-3.5715671653543306
11
6.3081905511811023
21
-3.5702688582677164
0
LINE
8
BLACK
6
CONTINUOUS
10
6.3081905511811023
20
-3.5702688582677164
11
6.3078398031496059
21
-3.5682797244094488
0
LINE
8
BLACK
6
CONTINUOUS
10
6.3078398031496059
20
-3.5682797244094488
11
6.3088497244094484
21
-3.5665305511811023
0
LINE
8
BLACK
6
CONTINUOUS
10
6.3088497244094484
20
-3.5665305511811023
11
6.3107477165354329
21
-3.5658397244094489
0
LINE
8
BLACK
6
CONTINUOUS
10
6.3107477165354329
20
-3.5658397244094489
11
6.3707477165354334
21
-3.5658397244094489
0
LINE
8
BLACK
6
CONTINUOUS
10
6.3707477165354334
20
-3.5658397244094489
11
6.3717576377952758
21
-3.5660177952755903
0
LINE
8
BLACK
6
CONTINUOUS
10
6.3124180314960627
20
-3.4921221653543308
11
6.3131099212598425
21
-3.4937924803149607
0
LINE
8
BLACK
6
CONTINUOUS
10
6.3131099212598425
20
-3.4937924803149607
11
6.3131099212598425
21
-3.5237924803149605
0
LINE
8
BLACK
6
CONTINUOUS
10
6.3131099212598425
20
-3.5237924803149605
11
6.3124180314960627
21
-3.5254627952755904
0
LINE
8
BLACK
6
CONTINUOUS
10
6.3124180314960627
20
-3.5254627952755904
11
6.3107477165354329
21
-3.5261546850393701
0
LINE
8
BLACK
6
CONTINUOUS
10
6.3107477165354329
20
-3.5261546850393701
11
6.309077401574803
21
-3.5254627952755904
0
LINE
8
BLACK
6
CONTINUOUS
10
6.309077401574803
20
-3.5254627952755904
11
6.3083855118110232
21
-3.5237924803149605
0
LINE
8
BLACK
6
CONTINUOUS
10
6.3083855118110232
20
-3.5237924803149605
11
6.3083855118110232
21
-3.4937924803149607
0
LINE
8
BLACK
6
CONTINUOUS
10
6.3083855118110232
20
-3.4937924803149607
11
6.309077401574803
21
-3.4921221653543308
0
LINE
8
BLACK
6
CONTINUOUS
10
6.309077401574803
20
-3.4921221653543308
11
6.3107477165354329
21
-3.4914302755905511
0
LINE
8
BLACK
6
CONTINUOUS
10
6.3107477165354329
20
-3.4914302755905511
11
6.3124180314960627
21
-3.4921221653543308
0
LINE
8
BLACK
6
CONTINUOUS
10
6.3724180314960632
20
-3.4921221653543308
11
6.3731099212598421
21
-3.4937924803149607
0
LINE
8
BLACK
6
CONTINUOUS
10
6.3731099212598421
20
-3.4937924803149607
11
6.3731099212598421
21
-3.5237924803149605
0
LINE
8
BLACK
6
CONTINUOUS
10
6.3731099212598421
20
-3.5237924803149605
11
6.3724180314960632
21
-3.5254627952755904
0
LINE
8
BLACK
6
CONTINUOUS
10
6.3724180314960632
20
-3.5254627952755904
11
6.3707477165354334
21
-3.5261546850393701
0
LINE
8
BLACK
6
CONTINUOUS
10
6.3707477165354334
20
-3.5261546850393701
11
6.3690774015748026
21
-3.5254627952755904
0
LINE
8
BLACK
6
CONTINUOUS
10
6.3690774015748026
20
-3.5254627952755904
11
6.3683855118110237
21
-3.5237924803149605
0
LINE
8
BLACK
6
CONTINUOUS
10
6.3683855118110237
20
-3.5237924803149605
11
6.3683855118110237
21
-3.4937924803149607
0
LINE
8
BLACK
6
CONTINUOUS
10
6.3683855118110237
20
-3.4937924803149607
11
6.3690774015748026
21
-3.4921221653543308
0
LINE
8
BLACK
6
CONTINUOUS
10
6.3690774015748026
20
-3.4921221653543308
11
6.3707477165354334
21
-3.4914302755905511
0
LINE
8
BLACK
6
CONTINUOUS
10
6.3707477165354334
20
-3.4914302755905511
11
6.3724180314960632
21
-3.4921221653543308
0
LINE
8
BLACK
6
CONTINUOUS
10
6.3717576377952758
20
-3.4460177952755906
11
6.373304881889764
21
-3.4473161023622048
0
LINE
8
BLACK
6
CONTINUOUS
10
6.373304881889764
20
-3.4473161023622048
11
6.3736556299212594
21
-3.4493052362204724
0
LINE
8
BLACK
6
CONTINUOUS
10
6.3736556299212594
20
-3.4493052362204724
11
6.372645708661417
21
-3.4510544094488189
0
LINE
8
BLACK
6
CONTINUOUS
10
6.372645708661417
20
-3.4510544094488189
11
6.3707477165354334
21
-3.4517452362204724
0
LINE
8
BLACK
6
CONTINUOUS
10
6.3707477165354334
20
-3.4517452362204724
11
6.3107477165354329
21
-3.4517452362204724
0
LINE
8
BLACK
6
CONTINUOUS
10
6.3107477165354329
20
-3.4517452362204724
11
6.3097377952755904
21
-3.4515671653543305
0
LINE
8
BLACK
6
CONTINUOUS
10
6.3097377952755904
20
-3.4515671653543305
11
6.3081905511811023
21
-3.4502688582677163
0
LINE
8
BLACK
6
CONTINUOUS
10
6.3081905511811023
20
-3.4502688582677163
11
6.3078398031496059
21
-3.4482797244094487
0
LINE
8
BLACK
6
CONTINUOUS
10
6.3078398031496059
20
-3.4482797244094487
11
6.3088497244094484
21
-3.4465305511811022
0
LINE
8
BLACK
6
CONTINUOUS
10
6.3088497244094484
20
-3.4465305511811022
11
6.3107477165354329
21
-3.4458397244094487
0
LINE
8
BLACK
6
CONTINUOUS
10
6.3107477165354329
20
-3.4458397244094487
11
6.3707477165354334
21
-3.4458397244094487
0
LINE
8
BLACK
6
CONTINUOUS
10
6.3707477165354334
20
-3.4458397244094487
11
6.3717576377952758
21
-3.4460177952755906
0
LINE
8
BLACK
6
CONTINUOUS
10
6.455090196850394
20
-3.438229251968504
11
6.4566374409448821
21
-3.4395275590551182
0
LINE
8
BLACK
6
CONTINUOUS
10
6.4566374409448821
20
-3.4395275590551182
11
6.4569881889763776
21
-3.4415166929133858
0
LINE
8
BLACK
6
CONTINUOUS
10
6.4569881889763776
20
-3.4415166929133858
11
6.4559782677165352
21
-3.4432658661417324
0
LINE
8
BLACK
6
CONTINUOUS
10
6.4559782677165352
20
-3.4432658661417324
11
6.4540802755905506
21
-3.4439566929133858
0
LINE
8
BLACK
6
CONTINUOUS
10
6.4540802755905506
20
-3.4439566929133858
11
6.394080275590551
21
-3.4439566929133858
0
LINE
8
BLACK
6
CONTINUOUS
10
6.394080275590551
20
-3.4439566929133858
11
6.3930703543307086
21
-3.4437786220472439
0
LINE
8
BLACK
6
CONTINUOUS
10
6.3930703543307086
20
-3.4437786220472439
11
6.3915231102362204
21
-3.4424803149606298
0
LINE
8
BLACK
6
CONTINUOUS
10
6.3915231102362204
20
-3.4424803149606298
11
6.3911723622047241
21
-3.4404911811023622
0
LINE
8
BLACK
6
CONTINUOUS
10
6.3911723622047241
20
-3.4404911811023622
11
6.3921822834645665
21
-3.4387420078740156
0
LINE
8
BLACK
6
CONTINUOUS
10
6.3921822834645665
20
-3.4387420078740156
11
6.394080275590551
21
-3.4380511811023622
0
LINE
8
BLACK
6
CONTINUOUS
10
6.394080275590551
20
-3.4380511811023622
11
6.4540802755905506
21
-3.4380511811023622
0
LINE
8
BLACK
6
CONTINUOUS
10
6.4540802755905506
20
-3.4380511811023622
11
6.455090196850394
21
-3.438229251968504
0
LINE
8
BLACK
6
CONTINUOUS
10
6.1598818897637795
20
-3.2418503937007874
11
6.1615522047244093
21
-3.2425422834645667
0
LINE
8
BLACK
6
CONTINUOUS
10
6.1615522047244093
20
-3.2425422834645667
11
6.1622440944881891
21
-3.2442125984251966
0
LINE
8
BLACK
6
CONTINUOUS
10
6.1622440944881891
20
-3.2442125984251966
11
6.1622440944881891
21
-3.4135039370078739
0
LINE
8
BLACK
6
CONTINUOUS
10
6.1622440944881891
20
-3.4135039370078739
11
6.1615522047244093
21
-3.4151742519685038
0
LINE
8
BLACK
6
CONTINUOUS
10
6.1615522047244093
20
-3.4151742519685038
11
6.1598818897637795
21
-3.4158661417322835
0
LINE
8
BLACK
6
CONTINUOUS
10
6.1598818897637795
20
-3.4158661417322835
11
6.1582115748031496
21
-3.4151742519685038
0
LINE
8
BLACK
6
CONTINUOUS
10
6.1582115748031496
20
-3.4151742519685038
11
6.1575196850393699
21
-3.4135039370078739
0
LINE
8
BLACK
6
CONTINUOUS
10
6.1575196850393699
20
-3.4135039370078739
11
6.1575196850393699
21
-3.2465748031496062
0
LINE
8
BLACK
6
CONTINUOUS
10
6.1575196850393699
20
-3.2465748031496062
11
6.0835039370078743
21
-3.2465748031496062
0
LINE
8
BLACK
6
CONTINUOUS
10
6.0835039370078743
20
-3.2465748031496062
11
6.0835039370078743
21
-3.4135039370078739
0
LINE
8
BLACK
6
CONTINUOUS
10
6.0835039370078743
20
-3.4135039370078739
11
6.0828120472440945
21
-3.4151742519685038
0
LINE
8
BLACK
6
CONTINUOUS
10
6.0828120472440945
20
-3.4151742519685038
11
6.0811417322834647
21
-3.4158661417322835
0
LINE
8
BLACK
6
CONTINUOUS
10
6.0811417322834647
20
-3.4158661417322835
11
6.0794714173228348
21
-3.4151742519685038
0
LINE
8
BLACK
6
CONTINUOUS
10
6.0794714173228348
20
-3.4151742519685038
11
6.078779527559055
21
-3.4135039370078739
0
LINE
8
BLACK
6
CONTINUOUS
10
6.078779527559055
20
-3.4135039370078739
11
6.078779527559055
21
-3.2442125984251966
0
LINE
8
BLACK
6
CONTINUOUS
10
6.078779527559055
20
-3.2442125984251966
11
6.0794714173228348
21
-3.2425422834645667
0
LINE
8
BLACK
6
CONTINUOUS
10
6.0794714173228348
20
-3.2425422834645667
11
6.0811417322834647
21
-3.2418503937007874
0
LINE
8
BLACK
6
CONTINUOUS
10
6.0811417322834647
20
-3.2418503937007874
11
6.1598818897637795
21
-3.2418503937007874
0
LINE
8
BLACK
6
CONTINUOUS
10
6.2941456299212595
20
-3.2412159448818896
11
6.2958159448818893
21
-3.2419078346456693
0
LINE
8
BLACK
6
CONTINUOUS
10
6.2958159448818893
20
-3.2419078346456693
11
6.2965078346456691
21
-3.2435781496062992
0
LINE
8
BLACK
6
CONTINUOUS
10
6.2965078346456691
20
-3.2435781496062992
11
6.2965078346456691
21
-3.4128694881889765
0
LINE
8
BLACK
6
CONTINUOUS
10
6.2965078346456691
20
-3.4128694881889765
11
6.2958159448818893
21
-3.4145398031496064
0
LINE
8
BLACK
6
CONTINUOUS
10
6.2958159448818893
20
-3.4145398031496064
11
6.2941456299212595
21
-3.4152316929133857
0
LINE
8
BLACK
6
CONTINUOUS
10
6.2941456299212595
20
-3.4152316929133857
11
6.2924753149606296
21
-3.4145398031496064
0
LINE
8
BLACK
6
CONTINUOUS
10
6.2924753149606296
20
-3.4145398031496064
11
6.2917834251968499
21
-3.4128694881889765
0
LINE
8
BLACK
6
CONTINUOUS
10
6.2917834251968499
20
-3.4128694881889765
11
6.2917834251968499
21
-3.2459403543307084
0
LINE
8
BLACK
6
CONTINUOUS
10
6.2917834251968499
20
-3.2459403543307084
11
6.2177676771653543
21
-3.2459403543307084
0
LINE
8
BLACK
6
CONTINUOUS
10
6.2177676771653543
20
-3.2459403543307084
11
6.2177676771653543
21
-3.4128694881889765
0
LINE
8
BLACK
6
CONTINUOUS
10
6.2177676771653543
20
-3.4128694881889765
11
6.2170757874015745
21
-3.4145398031496064
0
LINE
8
BLACK
6
CONTINUOUS
10
6.2170757874015745
20
-3.4145398031496064
11
6.2154054724409447
21
-3.4152316929133857
0
LINE
8
BLACK
6
CONTINUOUS
10
6.2154054724409447
20
-3.4152316929133857
11
6.2137351574803148
21
-3.4145398031496064
0
LINE
8
BLACK
6
CONTINUOUS
10
6.2137351574803148
20
-3.4145398031496064
11
6.213043267716535
21
-3.4128694881889765
0
LINE
8
BLACK
6
CONTINUOUS
10
6.213043267716535
20
-3.4128694881889765
11
6.213043267716535
21
-3.2435781496062992
0
LINE
8
BLACK
6
CONTINUOUS
10
6.213043267716535
20
-3.2435781496062992
11
6.2137351574803148
21
-3.2419078346456693
0
LINE
8
BLACK
6
CONTINUOUS
10
6.2137351574803148
20
-3.2419078346456693
11
6.2154054724409447
21
-3.2412159448818896
0
LINE
8
BLACK
6
CONTINUOUS
10
6.2154054724409447
20
-3.2412159448818896
11
6.2941456299212595
21
-3.2412159448818896
0
LINE
8
BLACK
6
CONTINUOUS
10
6.3957505905511809
20
-3.3643336220472442
11
6.3964424803149607
21
-3.366003937007874
0
LINE
8
BLACK
6
CONTINUOUS
10
6.3964424803149607
20
-3.366003937007874
11
6.3964424803149607
21
-3.3960039370078738
0
LINE
8
BLACK
6
CONTINUOUS
10
6.3964424803149607
20
-3.3960039370078738
11
6.3957505905511809
21
-3.3976742519685037
0
LINE
8
BLACK
6
CONTINUOUS
10
6.3957505905511809
20
-3.3976742519685037
11
6.394080275590551
21
-3.3983661417322835
0
LINE
8
BLACK
6
CONTINUOUS
10
6.394080275590551
20
-3.3983661417322835
11
6.3924099606299212
21
-3.3976742519685037
0
LINE
8
BLACK
6
CONTINUOUS
10
6.3924099606299212
20
-3.3976742519685037
11
6.3917180708661414
21
-3.3960039370078738
0
LINE
8
BLACK
6
CONTINUOUS
10
6.3917180708661414
20
-3.3960039370078738
11
6.3917180708661414
21
-3.366003937007874
0
LINE
8
BLACK
6
CONTINUOUS
10
6.3917180708661414
20
-3.366003937007874
11
6.3924099606299212
21
-3.3643336220472442
0
LINE
8
BLACK
6
CONTINUOUS
10
6.3924099606299212
20
-3.3643336220472442
11
6.394080275590551
21
-3.3636417322834644
0
LINE
8
BLACK
6
CONTINUOUS
10
6.394080275590551
20
-3.3636417322834644
11
6.3957505905511809
21
-3.3643336220472442
0
LINE
8
BLACK
6
CONTINUOUS
10
6.4557505905511814
20
-3.3643336220472442
11
6.4564424803149603
21
-3.366003937007874
0
LINE
8
BLACK
6
CONTINUOUS
10
6.4564424803149603
20
-3.366003937007874
11
6.4564424803149603
21
-3.3960039370078738
0
LINE
8
BLACK
6
CONTINUOUS
10
6.4564424803149603
20
-3.3960039370078738
11
6.4557505905511814
21
-3.3976742519685037
0
LINE
8
BLACK
6
CONTINUOUS
10
6.4557505905511814
20
-3.3976742519685037
11
6.4540802755905506
21
-3.3983661417322835
0
LINE
8
BLACK
6
CONTINUOUS
10
6.4540802755905506
20
-3.3983661417322835
11
6.4524099606299208
21
-3.3976742519685037
0
LINE
8
BLACK
6
CONTINUOUS
10
6.4524099606299208
20
-3.3976742519685037
11
6.4517180708661419
21
-3.3960039370078738
0
LINE
8
BLACK
6
CONTINUOUS
10
6.4517180708661419
20
-3.3960039370078738
11
6.4517180708661419
21
-3.366003937007874
0
LINE
8
BLACK
6
CONTINUOUS
10
6.4517180708661419
20
-3.366003937007874
11
6.4524099606299208
21
-3.3643336220472442
0
LINE
8
BLACK
6
CONTINUOUS
10
6.4524099606299208
20
-3.3643336220472442
11
6.4540802755905506
21
-3.3636417322834644
0
LINE
8
BLACK
6
CONTINUOUS
10
6.4540802755905506
20
-3.3636417322834644
11
6.4557505905511814
21
-3.3643336220472442
0
LINE
8
BLACK
6
CONTINUOUS
10
5.8259865354330707
20
-3.3017238976377952
11
5.82615594488189
21
-3.3017129921259842
0
LINE
8
BLACK
6
CONTINUOUS
10
5.82615594488189
20
-3.3017129921259842
11
5.826846535433071
21
-3.302220433070866
0
LINE
8
BLACK
6
CONTINUOUS
10
5.826846535433071
20
-3.302220433070866
11
5.8275886614173231
21
-3.302648937007874
0
LINE
8
BLACK
6
CONTINUOUS
10
5.8275886614173231
20
-3.302648937007874
11
5.8276466929133859
21
-3.3028084251968504
0
LINE
8
BLACK
6
CONTINUOUS
10
5.8276466929133859
20
-3.3028084251968504
11
5.8277835826771653
21
-3.3029090157480314
0
LINE
8
BLACK
6
CONTINUOUS
10
5.8277835826771653
20
-3.3029090157480314
11
5.831370905511811
21
-3.3082900393700787
0
LINE
8
BLACK
6
CONTINUOUS
10
5.831370905511811
20
-3.3082900393700787
11
5.8345748818897638
21
-3.3114940157480315
0
LINE
8
BLACK
6
CONTINUOUS
10
5.8345748818897638
20
-3.3114940157480315
11
5.8378958267716534
21
-3.3131544881889763
0
LINE
8
BLACK
6
CONTINUOUS
10
5.8378958267716534
20
-3.3131544881889763
11
5.8387194881889766
21
-3.3137653937007872
0
LINE
8
BLACK
6
CONTINUOUS
10
5.8387194881889766
20
-3.3137653937007872
11
5.8395227559055121
21
-3.3156185826771654
0
LINE
8
BLACK
6
CONTINUOUS
10
5.8395227559055121
20
-3.3156185826771654
11
5.8389468897637791
21
-3.3175546062992125
0
LINE
8
BLACK
6
CONTINUOUS
10
5.8389468897637791
20
-3.3175546062992125
11
5.8372613385826773
21
-3.318667440944882
0
LINE
8
BLACK
6
CONTINUOUS
10
5.8372613385826773
20
-3.318667440944882
11
5.8352548031496063
21
-3.3184365354330709
0
LINE
8
BLACK
6
CONTINUOUS
10
5.8352548031496063
20
-3.3184365354330709
11
5.8315052755905512
21
-3.3165617716535434
0
LINE
8
BLACK
6
CONTINUOUS
10
5.8315052755905512
20
-3.3165617716535434
11
5.8307961811023619
21
-3.3160358267716536
0
LINE
8
BLACK
6
CONTINUOUS
10
5.8307961811023619
20
-3.3160358267716536
11
5.8307378740157478
21
-3.3160086614173228
0
LINE
8
BLACK
6
CONTINUOUS
10
5.8307378740157478
20
-3.3160086614173228
11
5.8282794881889766
21
-3.313550275590551
0
LINE
8
BLACK
6
CONTINUOUS
10
5.8282794881889766
20
-3.313550275590551
11
5.8282794881889766
21
-3.3409642519685039
0
LINE
8
BLACK
6
CONTINUOUS
10
5.8282794881889766
20
-3.3409642519685039
11
5.8365753149606299
21
-3.3409642519685039
0
LINE
8
BLACK
6
CONTINUOUS
10
5.8365753149606299
20
-3.3409642519685039
11
5.8375852362204723
21
-3.3411423228346457
0
LINE
8
BLACK
6
CONTINUOUS
10
5.8375852362204723
20
-3.3411423228346457
11
5.8391324803149605
21
-3.3424406299212599
0
LINE
8
BLACK
6
CONTINUOUS
10
5.8391324803149605
20
-3.3424406299212599
11
5.8394832283464568
21
-3.3444297637795275
0
LINE
8
BLACK
6
CONTINUOUS
10
5.8394832283464568
20
-3.3444297637795275
11
5.8384733070866144
21
-3.3461789370078741
0
LINE
8
BLACK
6
CONTINUOUS
10
5.8384733070866144
20
-3.3461789370078741
11
5.8365753149606299
21
-3.3468697637795275
0
LINE
8
BLACK
6
CONTINUOUS
10
5.8365753149606299
20
-3.3468697637795275
11
5.8140781496062992
21
-3.3468697637795275
0
LINE
8
BLACK
6
CONTINUOUS
10
5.8140781496062992
20
-3.3468697637795275
11
5.8130682283464568
21
-3.3466916929133856
0
LINE
8
BLACK
6
CONTINUOUS
10
5.8130682283464568
20
-3.3466916929133856
11
5.8115209842519686
21
-3.3453933858267715
0
LINE
8
BLACK
6
CONTINUOUS
10
5.8115209842519686
20
-3.3453933858267715
11
5.8111702362204722
21
-3.3434042519685039
0
LINE
8
BLACK
6
CONTINUOUS
10
5.8111702362204722
20
-3.3434042519685039
11
5.8121801574803147
21
-3.3416550787401573
0
LINE
8
BLACK
6
CONTINUOUS
10
5.8121801574803147
20
-3.3416550787401573
11
5.8140781496062992
21
-3.3409642519685039
0
LINE
8
BLACK
6
CONTINUOUS
10
5.8140781496062992
20
-3.3409642519685039
11
5.8223739763779525
21
-3.3409642519685039
0
LINE
8
BLACK
6
CONTINUOUS
10
5.8223739763779525
20
-3.3409642519685039
11
5.8223739763779525
21
-3.3045469291338581
0
LINE
8
BLACK
6
CONTINUOUS
10
5.8223739763779525
20
-3.3045469291338581
11
5.8225520472440939
21
-3.3035370078740156
0
LINE
8
BLACK
6
CONTINUOUS
10
5.8225520472440939
20
-3.3035370078740156
11
5.8226611417322838
21
-3.3034069291338581
0
LINE
8
BLACK
6
CONTINUOUS
10
5.8226611417322838
20
-3.3034069291338581
11
5.8226798425196851
21
-3.303238188976378
0
LINE
8
BLACK
6
CONTINUOUS
10
5.8226798425196851
20
-3.303238188976378
11
5.8232994488188972
21
-3.3026462598425197
0
LINE
8
BLACK
6
CONTINUOUS
10
5.8232994488188972
20
-3.3026462598425197
11
5.823850354330709
21
-3.3019897637795275
0
LINE
8
BLACK
6
CONTINUOUS
10
5.823850354330709
20
-3.3019897637795275
11
5.8240175590551182
21
-3.3019602755905511
0
LINE
8
BLACK
6
CONTINUOUS
10
5.8240175590551182
20
-3.3019602755905511
11
5.8241403543307086
21
-3.3018429921259842
0
LINE
8
BLACK
6
CONTINUOUS
10
5.8241403543307086
20
-3.3018429921259842
11
5.8249954724409445
21
-3.3017878346456691
0
LINE
8
BLACK
6
CONTINUOUS
10
5.8249954724409445
20
-3.3017878346456691
11
5.8258394881889766
21
-3.3016390157480315
0
LINE
8
BLACK
6
CONTINUOUS
10
5.8258394881889766
20
-3.3016390157480315
11
5.8259865354330707
21
-3.3017238976377952
0
LINE
8
BLACK
6
CONTINUOUS
10
5.8744541338582676
20
-3.301661771653543
11
5.8745833858267718
21
-3.3016390157480315
0
LINE
8
BLACK
6
CONTINUOUS
10
5.8745833858267718
20
-3.3016390157480315
11
5.8746969685039367
21
-3.3017046062992126
0
LINE
8
BLACK
6
CONTINUOUS
10
5.8746969685039367
20
-3.3017046062992126
11
5.8750805511811022
21
-3.3017722440944883
0
LINE
8
BLACK
6
CONTINUOUS
10
5.8750805511811022
20
-3.3017722440944883
11
5.8756682283464565
21
-3.3022653543307086
0
LINE
8
BLACK
6
CONTINUOUS
10
5.8756682283464565
20
-3.3022653543307086
11
5.8763325590551183
21
-3.302648937007874
0
LINE
8
BLACK
6
CONTINUOUS
10
5.8763325590551183
20
-3.302648937007874
11
5.8764236614173226
21
-3.3028992519685039
0
LINE
8
BLACK
6
CONTINUOUS
10
5.8764236614173226
20
-3.3028992519685039
11
5.8766277952755903
21
-3.3030705511811025
0
LINE
8
BLACK
6
CONTINUOUS
10
5.8766277952755903
20
-3.3030705511811025
11
5.8767610236220476
21
-3.3038261023622049
0
LINE
8
BLACK
6
CONTINUOUS
10
5.8767610236220476
20
-3.3038261023622049
11
5.8770233858267718
21
-3.3045469291338581
0
LINE
8
BLACK
6
CONTINUOUS
10
5.8770233858267718
20
-3.3045469291338581
11
5.8770233858267718
21
-3.3439170078740155
0
LINE
8
BLACK
6
CONTINUOUS
10
5.8770233858267718
20
-3.3439170078740155
11
5.876955748031496
21
-3.3443005118110234
0
LINE
8
BLACK
6
CONTINUOUS
10
5.876955748031496
20
-3.3443005118110234
11
5.8769785433070867
21
-3.3444297637795275
0
LINE
8
BLACK
6
CONTINUOUS
10
5.8769785433070867
20
-3.3444297637795275
11
5.8769129133858264
21
-3.3445433464566929
0
LINE
8
BLACK
6
CONTINUOUS
10
5.8769129133858264
20
-3.3445433464566929
11
5.8768453149606295
21
-3.3449269291338584
0
LINE
8
BLACK
6
CONTINUOUS
10
5.8768453149606295
20
-3.3449269291338584
11
5.8763521653543309
21
-3.3455146062992127
0
LINE
8
BLACK
6
CONTINUOUS
10
5.8763521653543309
20
-3.3455146062992127
11
5.8759686220472442
21
-3.3461789370078741
0
LINE
8
BLACK
6
CONTINUOUS
10
5.8759686220472442
20
-3.3461789370078741
11
5.8757182677165352
21
-3.3462700393700788
0
LINE
8
BLACK
6
CONTINUOUS
10
5.8757182677165352
20
-3.3462700393700788
11
5.8755470078740153
21
-3.3464741732283465
0
LINE
8
BLACK
6
CONTINUOUS
10
5.8755470078740153
20
-3.3464741732283465
11
5.8747914173228342
21
-3.3466074015748029
0
LINE
8
BLACK
6
CONTINUOUS
10
5.8747914173228342
20
-3.3466074015748029
11
5.8740706299212597
21
-3.3468697637795275
0
LINE
8
BLACK
6
CONTINUOUS
10
5.8740706299212597
20
-3.3468697637795275
11
5.8646968110236219
21
-3.3468697637795275
0
LINE
8
BLACK
6
CONTINUOUS
10
5.8646968110236219
20
-3.3468697637795275
11
5.8638274015748033
21
-3.3467164566929135
0
LINE
8
BLACK
6
CONTINUOUS
10
5.8638274015748033
20
-3.3467164566929135
11
5.8637630314960631
21
-3.3467182283464565
0
LINE
8
BLACK
6
CONTINUOUS
10
5.8637630314960631
20
-3.3467182283464565
11
5.8581387795275592
21
-3.3448434645669289
0
LINE
8
BLACK
6
CONTINUOUS
10
5.8581387795275592
20
-3.3448434645669289
11
5.8572370078740157
21
-3.3443551574803148
0
LINE
8
BLACK
6
CONTINUOUS
10
5.8572370078740157
20
-3.3443551574803148
11
5.8571446062992125
21
-3.3442047637795276
0
LINE
8
BLACK
6
CONTINUOUS
10
5.8571446062992125
20
-3.3442047637795276
11
5.8569846062992124
21
-3.3441301574803148
0
LINE
8
BLACK
6
CONTINUOUS
10
5.8569846062992124
20
-3.3441301574803148
11
5.8532350787401572
21
-3.340380590551181
0
LINE
8
BLACK
6
CONTINUOUS
10
5.8532350787401572
20
-3.340380590551181
11
5.8527286614173226
21
-3.3396574015748031
0
LINE
8
BLACK
6
CONTINUOUS
10
5.8527286614173226
20
-3.3396574015748031
11
5.8526819685039371
21
-3.339613188976378
0
LINE
8
BLACK
6
CONTINUOUS
10
5.8526819685039371
20
-3.339613188976378
11
5.8508072047244095
21
-3.3358636614173229
0
LINE
8
BLACK
6
CONTINUOUS
10
5.8508072047244095
20
-3.3358636614173229
11
5.8506618897637797
21
-3.3353751968503937
0
LINE
8
BLACK
6
CONTINUOUS
10
5.8506618897637797
20
-3.3353751968503937
11
5.8505836220472442
21
-3.3352592913385828
0
LINE
8
BLACK
6
CONTINUOUS
10
5.8505836220472442
20
-3.3352592913385828
11
5.8487088582677167
21
-3.3277602362204726
0
LINE
8
BLACK
6
CONTINUOUS
10
5.8487088582677167
20
-3.3277602362204726
11
5.8486673622047247
21
-3.3271723228346457
0
LINE
8
BLACK
6
CONTINUOUS
10
5.8486673622047247
20
-3.3271723228346457
11
5.848620708661417
21
-3.3270440944881887
0
LINE
8
BLACK
6
CONTINUOUS
10
5.848620708661417
20
-3.3270440944881887
11
5.848620708661417
21
-3.3214198031496061
0
LINE
8
BLACK
6
CONTINUOUS
10
5.848620708661417
20
-3.3214198031496061
11
5.8487230314960632
21
-3.3208394094488187
0
LINE
8
BLACK
6
CONTINUOUS
10
5.8487230314960632
20
-3.3208394094488187
11
5.8487088582677167
21
-3.3207036614173226
0
LINE
8
BLACK
6
CONTINUOUS
10
5.8487088582677167
20
-3.3207036614173226
11
5.8505836220472442
21
-3.3132046062992124
0
LINE
8
BLACK
6
CONTINUOUS
10
5.8505836220472442
20
-3.3132046062992124
11
5.8507911811023625
21
-3.3127391338582677
0
LINE
8
BLACK
6
CONTINUOUS
10
5.8507911811023625
20
-3.3127391338582677
11
5.8508072047244095
21
-3.3126002362204723
0
LINE
8
BLACK
6
CONTINUOUS
10
5.8508072047244095
20
-3.3126002362204723
11
5.8526819685039371
21
-3.3088507086614172
0
LINE
8
BLACK
6
CONTINUOUS
10
5.8526819685039371
20
-3.3088507086614172
11
5.853207874015748
21
-3.3081416141732283
0
LINE
8
BLACK
6
CONTINUOUS
10
5.853207874015748
20
-3.3081416141732283
11
5.8532350787401572
21
-3.3080833070866142
0
LINE
8
BLACK
6
CONTINUOUS
10
5.8532350787401572
20
-3.3080833070866142
11
5.8569846062992124
21
-3.3043337795275591
0
LINE
8
BLACK
6
CONTINUOUS
10
5.8569846062992124
20
-3.3043337795275591
11
5.8578246456692913
21
-3.3037455511811022
0
LINE
8
BLACK
6
CONTINUOUS
10
5.8578246456692913
20
-3.3037455511811022
11
5.8580005511811022
21
-3.3037301574803148
0
LINE
8
BLACK
6
CONTINUOUS
10
5.8580005511811022
20
-3.3037301574803148
11
5.8581387795275592
21
-3.3036204724409446
0
LINE
8
BLACK
6
CONTINUOUS
10
5.8581387795275592
20
-3.3036204724409446
11
5.8637630314960631
21
-3.301745708661417
0
LINE
8
BLACK
6
CONTINUOUS
10
5.8637630314960631
20
-3.301745708661417
11
5.8646362598425199
21
-3.3016161811023621
0
LINE
8
BLACK
6
CONTINUOUS
10
5.8646362598425199
20
-3.3016161811023621
11
5.8646968110236219
21
-3.3015941732283465
0
LINE
8
BLACK
6
CONTINUOUS
10
5.8646968110236219
20
-3.3015941732283465
11
5.8740706299212597
21
-3.3015941732283465
0
LINE
8
BLACK
6
CONTINUOUS
10
5.8740706299212597
20
-3.3015941732283465
11
5.8744541338582676
21
-3.301661771653543
0
LINE
8
BLACK
6
CONTINUOUS
10
5.860667559055118
20
-3.3090024803149607
11
5.857749724409449
21
-3.3119203149606298
0
LINE
8
BLACK
6
CONTINUOUS
10
5.857749724409449
20
-3.3119203149606298
11
5.8562342125984248
21
-3.3149512992125985
0
LINE
8
BLACK
6
CONTINUOUS
10
5.8562342125984248
20
-3.3149512992125985
11
5.8545262204724411
21
-3.321783346456693
0
LINE
8
BLACK
6
CONTINUOUS
10
5.8545262204724411
20
-3.321783346456693
11
5.8545262204724411
21
-3.3266805511811022
0
LINE
8
BLACK
6
CONTINUOUS
10
5.8545262204724411
20
-3.3266805511811022
11
5.8562342125984248
21
-3.3335125984251968
0
LINE
8
BLACK
6
CONTINUOUS
10
5.8562342125984248
20
-3.3335125984251968
11
5.857749724409449
21
-3.3365435826771654
0
LINE
8
BLACK
6
CONTINUOUS
10
5.857749724409449
20
-3.3365435826771654
11
5.860667559055118
21
-3.3394614566929133
0
LINE
8
BLACK
6
CONTINUOUS
10
5.860667559055118
20
-3.3394614566929133
11
5.8651759448818899
21
-3.3409642519685039
0
LINE
8
BLACK
6
CONTINUOUS
10
5.8651759448818899
20
-3.3409642519685039
11
5.8711178740157477
21
-3.3409642519685039
0
LINE
8
BLACK
6
CONTINUOUS
10
5.8711178740157477
20
-3.3409642519685039
11
5.8711178740157477
21
-3.3074996850393701
0
LINE
8
BLACK
6
CONTINUOUS
10
5.8711178740157477
20
-3.3074996850393701
11
5.8651759448818899
21
-3.3074996850393701
0
LINE
8
BLACK
6
CONTINUOUS
10
5.8651759448818899
20
-3.3074996850393701
11
5.860667559055118
21
-3.3090024803149607
0
LINE
8
BLACK
6
CONTINUOUS
10
6.455090196850394
20
-3.3182292519685039
11
6.4566374409448821
21
-3.3195275590551181
0
LINE
8
BLACK
6
CONTINUOUS
10
6.4566374409448821
20
-3.3195275590551181
11
6.4569881889763776
21
-3.3215166929133857
0
LINE
8
BLACK
6
CONTINUOUS
10
6.4569881889763776
20
-3.3215166929133857
11
6.4559782677165352
21
-3.3232658661417322
0
LINE
8
BLACK
6
CONTINUOUS
10
6.4559782677165352
20
-3.3232658661417322
11
6.4540802755905506
21
-3.3239566929133857
0
LINE
8
BLACK
6
CONTINUOUS
10
6.4540802755905506
20
-3.3239566929133857
11
6.394080275590551
21
-3.3239566929133857
0
LINE
8
BLACK
6
CONTINUOUS
10
6.394080275590551
20
-3.3239566929133857
11
6.3930703543307086
21
-3.3237786220472438
0
LINE
8
BLACK
6
CONTINUOUS
10
6.3930703543307086
20
-3.3237786220472438
11
6.3915231102362204
21
-3.3224803149606297
0
LINE
8
BLACK
6
CONTINUOUS
10
6.3915231102362204
20
-3.3224803149606297
11
6.3911723622047241
21
-3.3204911811023621
0
LINE
8
BLACK
6
CONTINUOUS
10
6.3911723622047241
20
-3.3204911811023621
11
6.3921822834645665
21
-3.3187420078740155
0
LINE
8
BLACK
6
CONTINUOUS
10
6.3921822834645665
20
-3.3187420078740155
11
6.394080275590551
21
-3.3180511811023621
0
LINE
8
BLACK
6
CONTINUOUS
10
6.394080275590551
20
-3.3180511811023621
11
6.4540802755905506
21
-3.3180511811023621
0
LINE
8
BLACK
6
CONTINUOUS
10
6.4540802755905506
20
-3.3180511811023621
11
6.455090196850394
21
-3.3182292519685039
0
LINE
8
BLACK
6
CONTINUOUS
10
6.3450477559055116
20
-3.2852251968503938
11
6.3451823228346456
21
-3.2852134645669291
0
LINE
8
BLACK
6
CONTINUOUS
10
6.3451823228346456
20
-3.2852134645669291
11
6.345910472440945
21
-3.2857233070866143
0
LINE
8
BLACK
6
CONTINUOUS
10
6.345910472440945
20
-3.2857233070866143
11
6.3466800000000001
21
-3.2861676377952755
0
LINE
8
BLACK
6
CONTINUOUS
10
6.3466800000000001
20
-3.2861676377952755
11
6.3467261417322831
21
-3.2862944881889762
0
LINE
8
BLACK
6
CONTINUOUS
10
6.3467261417322831
20
-3.2862944881889762
11
6.3468368503937009
21
-3.2863720078740157
0
LINE
8
BLACK
6
CONTINUOUS
10
6.3468368503937009
20
-3.2863720078740157
11
6.3470668503937002
21
-3.2872305118110234
0
LINE
8
BLACK
6
CONTINUOUS
10
6.3470668503937002
20
-3.2872305118110234
11
6.3473708267716535
21
-3.2880656299212596
0
LINE
8
BLACK
6
CONTINUOUS
10
6.3473708267716535
20
-3.2880656299212596
11
6.3473708267716535
21
-3.3124375590551178
0
LINE
8
BLACK
6
CONTINUOUS
10
6.3473708267716535
20
-3.3124375590551178
11
6.3471927559055112
21
-3.3134474803149607
0
LINE
8
BLACK
6
CONTINUOUS
10
6.3471927559055112
20
-3.3134474803149607
11
6.3458944488188971
21
-3.3149947244094489
0
LINE
8
BLACK
6
CONTINUOUS
10
6.3458944488188971
20
-3.3149947244094489
11
6.3439053149606295
21
-3.3153454724409448
0
LINE
8
BLACK
6
CONTINUOUS
10
6.3439053149606295
20
-3.3153454724409448
11
6.3421561417322829
21
-3.3143355511811023
0
LINE
8
BLACK
6
CONTINUOUS
10
6.3421561417322829
20
-3.3143355511811023
11
6.3414653149606295
21
-3.3124375590551178
0
LINE
8
BLACK
6
CONTINUOUS
10
6.3414653149606295
20
-3.3124375590551178
11
6.3414653149606295
21
-3.2951941732283463
0
LINE
8
BLACK
6
CONTINUOUS
10
6.3414653149606295
20
-3.2951941732283463
11
6.324008779527559
21
-3.3126507086614172
0
LINE
8
BLACK
6
CONTINUOUS
10
6.324008779527559
20
-3.3126507086614172
11
6.3231687401574801
21
-3.3132388976377953
0
LINE
8
BLACK
6
CONTINUOUS
10
6.3231687401574801
20
-3.3132388976377953
11
6.3229928740157479
21
-3.313254251968504
0
LINE
8
BLACK
6
CONTINUOUS
10
6.3229928740157479
20
-3.313254251968504
11
6.3228546062992121
21
-3.3133640157480313
0
LINE
8
BLACK
6
CONTINUOUS
10
6.3228546062992121
20
-3.3133640157480313
11
6.3172303149606295
21
-3.3152387795275589
0
LINE
8
BLACK
6
CONTINUOUS
10
6.3172303149606295
20
-3.3152387795275589
11
6.3163571259842515
21
-3.3153682283464567
0
LINE
8
BLACK
6
CONTINUOUS
10
6.3163571259842515
20
-3.3153682283464567
11
6.3162965748031494
21
-3.3153903149606299
0
LINE
8
BLACK
6
CONTINUOUS
10
6.3162965748031494
20
-3.3153903149606299
11
6.3125470472440943
21
-3.3153903149606299
0
LINE
8
BLACK
6
CONTINUOUS
10
6.3125470472440943
20
-3.3153903149606299
11
6.3115371259842519
21
-3.315212244094488
0
LINE
8
BLACK
6
CONTINUOUS
10
6.3115371259842519
20
-3.315212244094488
11
6.3114018503937004
21
-3.3150987401574801
0
LINE
8
BLACK
6
CONTINUOUS
10
6.3114018503937004
20
-3.3150987401574801
11
6.3112265354330708
21
-3.3150785826771654
0
LINE
8
BLACK
6
CONTINUOUS
10
6.3112265354330708
20
-3.3150785826771654
11
6.3074770078740157
21
-3.3132038188976378
0
LINE
8
BLACK
6
CONTINUOUS
10
6.3074770078740157
20
-3.3132038188976378
11
6.3067679133858263
21
-3.3126779133858268
0
LINE
8
BLACK
6
CONTINUOUS
10
6.3067679133858263
20
-3.3126779133858268
11
6.3067096062992123
21
-3.3126507086614172
0
LINE
8
BLACK
6
CONTINUOUS
10
6.3067096062992123
20
-3.3126507086614172
11
6.3048348425196847
21
-3.3107759448818896
0
LINE
8
BLACK
6
CONTINUOUS
10
6.3048348425196847
20
-3.3107759448818896
11
6.3043285433070864
21
-3.3100528346456692
0
LINE
8
BLACK
6
CONTINUOUS
10
6.3043285433070864
20
-3.3100528346456692
11
6.3042817322834646
21
-3.3100085433070867
0
LINE
8
BLACK
6
CONTINUOUS
10
6.3042817322834646
20
-3.3100085433070867
11
6.302406968503937
21
-3.3062590157480316
0
LINE
8
BLACK
6
CONTINUOUS
10
6.302406968503937
20
-3.3062590157480316
11
6.3021146062992122
21
-3.3052760629921258
0
LINE
8
BLACK
6
CONTINUOUS
10
6.3021146062992122
20
-3.3052760629921258
11
6.3021555905511812
21
-3.3051043700787401
0
LINE
8
BLACK
6
CONTINUOUS
10
6.3021555905511812
20
-3.3051043700787401
11
6.3020952362204721
21
-3.3049385039370076
0
LINE
8
BLACK
6
CONTINUOUS
10
6.3020952362204721
20
-3.3049385039370076
11
6.3020952362204721
21
-3.2955646850393698
0
LINE
8
BLACK
6
CONTINUOUS
10
6.3020952362204721
20
-3.2955646850393698
11
6.3022733070866144
21
-3.2945547637795274
0
LINE
8
BLACK
6
CONTINUOUS
10
6.3022733070866144
20
-3.2945547637795274
11
6.3023867716535431
21
-3.2944194881889763
0
LINE
8
BLACK
6
CONTINUOUS
10
6.3023867716535431
20
-3.2944194881889763
11
6.302406968503937
21
-3.2942441732283463
0
LINE
8
BLACK
6
CONTINUOUS
10
6.302406968503937
20
-3.2942441732283463
11
6.3042817322834646
21
-3.2904946456692912
0
LINE
8
BLACK
6
CONTINUOUS
10
6.3042817322834646
20
-3.2904946456692912
11
6.3048076377952755
21
-3.2897855511811023
0
LINE
8
BLACK
6
CONTINUOUS
10
6.3048076377952755
20
-3.2897855511811023
11
6.3048348425196847
21
-3.2897272440944882
0
LINE
8
BLACK
6
CONTINUOUS
10
6.3048348425196847
20
-3.2897272440944882
11
6.3067096062992123
21
-3.2878524803149607
0
LINE
8
BLACK
6
CONTINUOUS
10
6.3067096062992123
20
-3.2878524803149607
11
6.3075496456692912
21
-3.2872642913385826
0
LINE
8
BLACK
6
CONTINUOUS
10
6.3075496456692912
20
-3.2872642913385826
11
6.3095617322834645
21
-3.2870882677165354
0
LINE
8
BLACK
6
CONTINUOUS
10
6.3095617322834645
20
-3.2870882677165354
11
6.3112162992125986
21
-3.2882467716535433
0
LINE
8
BLACK
6
CONTINUOUS
10
6.3112162992125986
20
-3.2882467716535433
11
6.3117390157480315
21
-3.2901977559055116
0
LINE
8
BLACK
6
CONTINUOUS
10
6.3117390157480315
20
-3.2901977559055116
11
6.3108854330708661
21
-3.2920283070866141
0
LINE
8
BLACK
6
CONTINUOUS
10
6.3108854330708661
20
-3.2920283070866141
11
6.3093494881889765
21
-3.2935642519685038
0
LINE
8
BLACK
6
CONTINUOUS
10
6.3093494881889765
20
-3.2935642519685038
11
6.3080007480314961
21
-3.2962617322834644
0
LINE
8
BLACK
6
CONTINUOUS
10
6.3080007480314961
20
-3.2962617322834644
11
6.3080007480314961
21
-3.3042414566929135
0
LINE
8
BLACK
6
CONTINUOUS
10
6.3080007480314961
20
-3.3042414566929135
11
6.3093494881889765
21
-3.3069389370078741
0
LINE
8
BLACK
6
CONTINUOUS
10
6.3093494881889765
20
-3.3069389370078741
11
6.3105466141732283
21
-3.3081360629921259
0
LINE
8
BLACK
6
CONTINUOUS
10
6.3105466141732283
20
-3.3081360629921259
11
6.3132440944881889
21
-3.3094848031496062
0
LINE
8
BLACK
6
CONTINUOUS
10
6.3132440944881889
20
-3.3094848031496062
11
6.3158174409448815
21
-3.3094848031496062
0
LINE
8
BLACK
6
CONTINUOUS
10
6.3158174409448815
20
-3.3094848031496062
11
6.3203258267716533
21
-3.3079819685039369
0
LINE
8
BLACK
6
CONTINUOUS
10
6.3203258267716533
20
-3.3079819685039369
11
6.3423301574803146
21
-3.2859777165354331
0
LINE
8
BLACK
6
CONTINUOUS
10
6.3423301574803146
20
-3.2859777165354331
11
6.3428581889763782
21
-3.2856079133858267
0
LINE
8
BLACK
6
CONTINUOUS
10
6.3428581889763782
20
-3.2856079133858267
11
6.3429416929133859
21
-3.285508464566929
0
LINE
8
BLACK
6
CONTINUOUS
10
6.3429416929133859
20
-3.285508464566929
11
6.3430200000000001
21
-3.2854946456692913
0
LINE
8
BLACK
6
CONTINUOUS
10
6.3430200000000001
20
-3.2854946456692913
11
6.3431701968503935
21
-3.2853894881889762
0
LINE
8
BLACK
6
CONTINUOUS
10
6.3431701968503935
20
-3.2853894881889762
11
6.3440557480314963
21
-3.2853120078740159
0
LINE
8
BLACK
6
CONTINUOUS
10
6.3440557480314963
20
-3.2853120078740159
11
6.3449308267716535
21
-3.2851577165354331
0
LINE
8
BLACK
6
CONTINUOUS
10
6.3449308267716535
20
-3.2851577165354331
11
6.3450477559055116
21
-3.2852251968503938
0
LINE
8
BLACK
6
CONTINUOUS
10
6.0627563779527556
20
-3.2839776771653542
11
6.0646311811023619
21
-3.2858524409448817
0
LINE
8
BLACK
6
CONTINUOUS
10
6.0646311811023619
20
-3.2858524409448817
11
6.0651375590551178
21
-3.2865755905511809
0
LINE
8
BLACK
6
CONTINUOUS
10
6.0651375590551178
20
-3.2865755905511809
11
6.0651843307086617
21
-3.2866198818897638
0
LINE
8
BLACK
6
CONTINUOUS
10
6.0651843307086617
20
-3.2866198818897638
11
6.0670590944881893
21
-3.2903694094488189
0
LINE
8
BLACK
6
CONTINUOUS
10
6.0670590944881893
20
-3.2903694094488189
11
6.0673514566929132
21
-3.2913523228346455
0
LINE
8
BLACK
6
CONTINUOUS
10
6.0673514566929132
20
-3.2913523228346455
11
6.0673104330708663
21
-3.2915240157480312
0
LINE
8
BLACK
6
CONTINUOUS
10
6.0673104330708663
20
-3.2915240157480312
11
6.0673708267716533
21
-3.2916899212598425
0
LINE
8
BLACK
6
CONTINUOUS
10
6.0673708267716533
20
-3.2916899212598425
11
6.0673708267716533
21
-3.3029385039370078
0
LINE
8
BLACK
6
CONTINUOUS
10
6.0673708267716533
20
-3.3029385039370078
11
6.0671927559055119
21
-3.3039484251968503
0
LINE
8
BLACK
6
CONTINUOUS
10
6.0671927559055119
20
-3.3039484251968503
11
6.0670792519685035
21
-3.3040836614173226
0
LINE
8
BLACK
6
CONTINUOUS
10
6.0670792519685035
20
-3.3040836614173226
11
6.0670590944881893
21
-3.3042590157480314
0
LINE
8
BLACK
6
CONTINUOUS
10
6.0670590944881893
20
-3.3042590157480314
11
6.0651843307086617
21
-3.3080085433070865
0
LINE
8
BLACK
6
CONTINUOUS
10
6.0651843307086617
20
-3.3080085433070865
11
6.0646583464566932
21
-3.3087176377952754
0
LINE
8
BLACK
6
CONTINUOUS
10
6.0646583464566932
20
-3.3087176377952754
11
6.0646311811023619
21
-3.3087759842519686
0
LINE
8
BLACK
6
CONTINUOUS
10
6.0646311811023619
20
-3.3087759842519686
11
6.0627563779527556
21
-3.3106507480314962
0
LINE
8
BLACK
6
CONTINUOUS
10
6.0627563779527556
20
-3.3106507480314962
11
6.0620333070866144
21
-3.3111570078740158
0
LINE
8
BLACK
6
CONTINUOUS
10
6.0620333070866144
20
-3.3111570078740158
11
6.061989015748031
21
-3.3112038188976376
0
LINE
8
BLACK
6
CONTINUOUS
10
6.061989015748031
20
-3.3112038188976376
11
6.0582394881889758
21
-3.3130785826771652
0
LINE
8
BLACK
6
CONTINUOUS
10
6.0582394881889758
20
-3.3130785826771652
11
6.057256535433071
21
-3.3133709448818895
0
LINE
8
BLACK
6
CONTINUOUS
10
6.057256535433071
20
-3.3133709448818895
11
6.0570848425196848
21
-3.3133299212598426
0
LINE
8
BLACK
6
CONTINUOUS
10
6.0570848425196848
20
-3.3133299212598426
11
6.0569189763779523
21
-3.3133903149606296
0
LINE
8
BLACK
6
CONTINUOUS
10
6.0569189763779523
20
-3.3133903149606296
11
6.0475451574803145
21
-3.3133903149606296
0
LINE
8
BLACK
6
CONTINUOUS
10
6.0475451574803145
20
-3.3133903149606296
11
6.0465352362204721
21
-3.3132122440944882
0
LINE
8
BLACK
6
CONTINUOUS
10
6.0465352362204721
20
-3.3132122440944882
11
6.0463999606299215
21
-3.3130987401574803
0
LINE
8
BLACK
6
CONTINUOUS
10
6.0463999606299215
20
-3.3130987401574803
11
6.046224645669291
21
-3.3130785826771652
0
LINE
8
BLACK
6
CONTINUOUS
10
6.046224645669291
20
-3.3130785826771652
11
6.0424751181102359
21
-3.3112038188976376
0
LINE
8
BLACK
6
CONTINUOUS
10
6.0424751181102359
20
-3.3112038188976376
11
6.0417660236220474
21
-3.3106779133858266
0
LINE
8
BLACK
6
CONTINUOUS
10
6.0417660236220474
20
-3.3106779133858266
11
6.0417077165354334
21
-3.3106507086614174
0
LINE
8
BLACK
6
CONTINUOUS
10
6.0417077165354334
20
-3.3106507086614174
11
6.0398329527559058
21
-3.3087759448818899
0
LINE
8
BLACK
6
CONTINUOUS
10
6.0398329527559058
20
-3.3087759448818899
11
6.0393266535433066
21
-3.308052834645669
0
LINE
8
BLACK
6
CONTINUOUS
10
6.0393266535433066
20
-3.308052834645669
11
6.0392798425196847
21
-3.3080085433070865
0
LINE
8
BLACK
6
CONTINUOUS
10
6.0392798425196847
20
-3.3080085433070865
11
6.0374050787401572
21
-3.3042590157480314
0
LINE
8
BLACK
6
CONTINUOUS
10
6.0374050787401572
20
-3.3042590157480314
11
6.0372374015748029
21
-3.3036953149606298
0
LINE
8
BLACK
6
CONTINUOUS
10
6.0372374015748029
20
-3.3036953149606298
11
6.0269924015748026
21
-3.3126597244094489
0
LINE
8
BLACK
6
CONTINUOUS
10
6.0269924015748026
20
-3.3126597244094489
11
6.0266125196850391
21
-3.3128896062992124
0
LINE
8
BLACK
6
CONTINUOUS
10
6.0266125196850391
20
-3.3128896062992124
11
6.0265243700787403
21
-3.3129947244094486
0
LINE
8
BLACK
6
CONTINUOUS
10
6.0265243700787403
20
-3.3129947244094486
11
6.0264037795275591
21
-3.3130159448818897
0
LINE
8
BLACK
6
CONTINUOUS
10
6.0264037795275591
20
-3.3130159448818897
11
6.0261150787401574
21
-3.3131907480314959
0
LINE
8
BLACK
6
CONTINUOUS
10
6.0261150787401574
20
-3.3131907480314959
11
6.0253192125984247
21
-3.3132072047244092
0
LINE
8
BLACK
6
CONTINUOUS
10
6.0253192125984247
20
-3.3132072047244092
11
6.0245352362204727
21
-3.313345472440945
0
LINE
8
BLACK
6
CONTINUOUS
10
6.0245352362204727
20
-3.313345472440945
11
6.0243312204724404
21
-3.3132276771653544
0
LINE
8
BLACK
6
CONTINUOUS
10
6.0243312204724404
20
-3.3132276771653544
11
6.0240957480314963
21
-3.3132325590551179
0
LINE
8
BLACK
6
CONTINUOUS
10
6.0240957480314963
20
-3.3132325590551179
11
6.0234754724409445
21
-3.3127335826771653
0
LINE
8
BLACK
6
CONTINUOUS
10
6.0234754724409445
20
-3.3127335826771653
11
6.0227860629921262
21
-3.3123355511811021
0
LINE
8
BLACK
6
CONTINUOUS
10
6.0227860629921262
20
-3.3123355511811021
11
6.0227054724409443
21
-3.3121141732283466
0
LINE
8
BLACK
6
CONTINUOUS
10
6.0227054724409443
20
-3.3121141732283466
11
6.0225219291338581
21
-3.3119665354330707
0
LINE
8
BLACK
6
CONTINUOUS
10
6.0225219291338581
20
-3.3119665354330707
11
6.0223674803149603
21
-3.3111855511811021
0
LINE
8
BLACK
6
CONTINUOUS
10
6.0223674803149603
20
-3.3111855511811021
11
6.0220952362204727
21
-3.3104375590551181
0
LINE
8
BLACK
6
CONTINUOUS
10
6.0220952362204727
20
-3.3104375590551181
11
6.0220952362204727
21
-3.2860656299212598
0
LINE
8
BLACK
6
CONTINUOUS
10
6.0220952362204727
20
-3.2860656299212598
11
6.0222733070866141
21
-3.2850557086614174
0
LINE
8
BLACK
6
CONTINUOUS
10
6.0222733070866141
20
-3.2850557086614174
11
6.0235716141732283
21
-3.2835084645669292
0
LINE
8
BLACK
6
CONTINUOUS
10
6.0235716141732283
20
-3.2835084645669292
11
6.0255607480314959
21
-3.2831577165354329
0
LINE
8
BLACK
6
CONTINUOUS
10
6.0255607480314959
20
-3.2831577165354329
11
6.0273099212598424
21
-3.2841676377952753
0
LINE
8
BLACK
6
CONTINUOUS
10
6.0273099212598424
20
-3.2841676377952753
11
6.0280007480314959
21
-3.2860656299212598
0
LINE
8
BLACK
6
CONTINUOUS
10
6.0280007480314959
20
-3.2860656299212598
11
6.0280007480314959
21
-3.3039303543307086
0
LINE
8
BLACK
6
CONTINUOUS
10
6.0280007480314959
20
-3.3039303543307086
11
6.0381016929133855
21
-3.2950920472440943
0
LINE
8
BLACK
6
CONTINUOUS
10
6.0381016929133855
20
-3.2950920472440943
11
6.0384815354330703
21
-3.2948621259842521
0
LINE
8
BLACK
6
CONTINUOUS
10
6.0384815354330703
20
-3.2948621259842521
11
6.0385697244094487
21
-3.2947570472440946
0
LINE
8
BLACK
6
CONTINUOUS
10
6.0385697244094487
20
-3.2947570472440946
11
6.0386902755905512
21
-3.2947357874015748
0
LINE
8
BLACK
6
CONTINUOUS
10
6.0386902755905512
20
-3.2947357874015748
11
6.0389790157480316
21
-3.2945610236220473
0
LINE
8
BLACK
6
CONTINUOUS
10
6.0389790157480316
20
-3.2945610236220473
11
6.0397748425196847
21
-3.2945445275590552
0
LINE
8
BLACK
6
CONTINUOUS
10
6.0397748425196847
20
-3.2945445275590552
11
6.0405588582677163
21
-3.2944062992125982
0
LINE
8
BLACK
6
CONTINUOUS
10
6.0405588582677163
20
-3.2944062992125982
11
6.040762834645669
21
-3.2945240551181101
0
LINE
8
BLACK
6
CONTINUOUS
10
6.040762834645669
20
-3.2945240551181101
11
6.0409983858267715
21
-3.2945192125984253
0
LINE
8
BLACK
6
CONTINUOUS
10
6.0409983858267715
20
-3.2945192125984253
11
6.0416186614173224
21
-3.2950181889763779
0
LINE
8
BLACK
6
CONTINUOUS
10
6.0416186614173224
20
-3.2950181889763779
11
6.0423080314960629
21
-3.2954162204724406
0
LINE
8
BLACK
6
CONTINUOUS
10
6.0423080314960629
20
-3.2954162204724406
11
6.0423885826771651
21
-3.2956375590551179
0
LINE
8
BLACK
6
CONTINUOUS
10
6.0423885826771651
20
-3.2956375590551179
11
6.0425721653543309
21
-3.2957852362204725
0
LINE
8
BLACK
6
CONTINUOUS
10
6.0425721653543309
20
-3.2957852362204725
11
6.0427265748031491
21
-3.2965661811023623
0
LINE
8
BLACK
6
CONTINUOUS
10
6.0427265748031491
20
-3.2965661811023623
11
6.0429988582677163
21
-3.2973142125984252
0
LINE
8
BLACK
6
CONTINUOUS
10
6.0429988582677163
20
-3.2973142125984252
11
6.0429988582677163
21
-3.3022414566929132
0
LINE
8
BLACK
6
CONTINUOUS
10
6.0429988582677163
20
-3.3022414566929132
11
6.0443475984251966
21
-3.3049389370078739
0
LINE
8
BLACK
6
CONTINUOUS
10
6.0443475984251966
20
-3.3049389370078739
11
6.0455447244094485
21
-3.3061360629921257
0
LINE
8
BLACK
6
CONTINUOUS
10
6.0455447244094485
20
-3.3061360629921257
11
6.0482422047244091
21
-3.307484803149606
0
LINE
8
BLACK
6
CONTINUOUS
10
6.0482422047244091
20
-3.307484803149606
11
6.0562219291338577
21
-3.307484803149606
0
LINE
8
BLACK
6
CONTINUOUS
10
6.0562219291338577
20
-3.307484803149606
11
6.0589194094488183
21
-3.3061360236220469
0
LINE
8
BLACK
6
CONTINUOUS
10
6.0589194094488183
20
-3.3061360236220469
11
6.0601165748031498
21
-3.3049388976377951
0
LINE
8
BLACK
6
CONTINUOUS
10
6.0601165748031498
20
-3.3049388976377951
11
6.0614653149606301
21
-3.3022414566929132
0
LINE
8
BLACK
6
CONTINUOUS
10
6.0614653149606301
20
-3.3022414566929132
11
6.0614653149606301
21
-3.2923869685039371
0
LINE
8
BLACK
6
CONTINUOUS
10
6.0614653149606301
20
-3.2923869685039371
11
6.0601165748031498
21
-3.2896894881889764
0
LINE
8
BLACK
6
CONTINUOUS
10
6.0601165748031498
20
-3.2896894881889764
11
6.0585806299212601
21
-3.2881535826771651
0
LINE
8
BLACK
6
CONTINUOUS
10
6.0585806299212601
20
-3.2881535826771651
11
6.0579924015748032
21
-3.2873135433070866
0
LINE
8
BLACK
6
CONTINUOUS
10
6.0579924015748032
20
-3.2873135433070866
11
6.0578163385826773
21
-3.2853014173228345
0
LINE
8
BLACK
6
CONTINUOUS
10
6.0578163385826773
20
-3.2853014173228345
11
6.0589748425196852
21
-3.2836468503937009
0
LINE
8
BLACK
6
CONTINUOUS
10
6.0589748425196852
20
-3.2836468503937009
11
6.060925826771653
21
-3.2831241338582675
0
LINE
8
BLACK
6
CONTINUOUS
10
6.060925826771653
20
-3.2831241338582675
11
6.0627563779527556
21
-3.2839776771653542
0
LINE
8
BLACK
6
CONTINUOUS
10
5.9254222834645667
20
-3.1609546062992124
11
5.9261141732283464
21
-3.1626249212598423
0
LINE
8
BLACK
6
CONTINUOUS
10
5.9261141732283464
20
-3.1626249212598423
11
5.9254222834645667
21
-3.1642952362204722
0
LINE
8
BLACK
6
CONTINUOUS
10
5.9254222834645667
20
-3.1642952362204722
11
5.9237519685039368
21
-3.1649871259842519
0
LINE
8
BLACK
6
CONTINUOUS
10
5.9237519685039368
20
-3.1649871259842519
11
5.7135157480314955
21
-3.1649871259842519
0
LINE
8
BLACK
6
CONTINUOUS
10
5.7135157480314955
20
-3.1649871259842519
11
5.7135157480314955
21
-3.2901839763779526
0
LINE
8
BLACK
6
CONTINUOUS
10
5.7135157480314955
20
-3.2901839763779526
11
5.9237519685039368
21
-3.2901839763779526
0
LINE
8
BLACK
6
CONTINUOUS
10
5.9237519685039368
20
-3.2901839763779526
11
5.9254222834645667
21
-3.2908758661417323
0
LINE
8
BLACK
6
CONTINUOUS
10
5.9254222834645667
20
-3.2908758661417323
11
5.9261141732283464
21
-3.2925461811023622
0
LINE
8
BLACK
6
CONTINUOUS
10
5.9261141732283464
20
-3.2925461811023622
11
5.9254222834645667
21
-3.2942164960629921
0
LINE
8
BLACK
6
CONTINUOUS
10
5.9254222834645667
20
-3.2942164960629921
11
5.9237519685039368
21
-3.2949083858267714
0
LINE
8
BLACK
6
CONTINUOUS
10
5.9237519685039368
20
-3.2949083858267714
11
5.7111535433070868
21
-3.2949083858267714
0
LINE
8
BLACK
6
CONTINUOUS
10
5.7111535433070868
20
-3.2949083858267714
11
5.7094832283464569
21
-3.2942164960629921
0
LINE
8
BLACK
6
CONTINUOUS
10
5.7094832283464569
20
-3.2942164960629921
11
5.7087913385826772
21
-3.2925461811023622
0
LINE
8
BLACK
6
CONTINUOUS
10
5.7087913385826772
20
-3.2925461811023622
11
5.7087913385826772
21
-3.1626249212598423
0
LINE
8
BLACK
6
CONTINUOUS
10
5.7087913385826772
20
-3.1626249212598423
11
5.7094832283464569
21
-3.1609546062992124
0
LINE
8
BLACK
6
CONTINUOUS
10
5.7094832283464569
20
-3.1609546062992124
11
5.7111535433070868
21
-3.1602627165354331
0
LINE
8
BLACK
6
CONTINUOUS
10
5.7111535433070868
20
-3.1602627165354331
11
5.9237519685039368
21
-3.1602627165354331
0
LINE
8
BLACK
6
CONTINUOUS
10
5.9237519685039368
20
-3.1602627165354331
11
5.9254222834645667
21
-3.1609546062992124
0
LINE
8
BLACK
6
CONTINUOUS
10
6.3448015748031494
20
-3.2495599212598423
11
6.3449308267716535
21
-3.2495371653543308
0
LINE
8
BLACK
6
CONTINUOUS
10
6.3449308267716535
20
-3.2495371653543308
11
6.3450444094488185
21
-3.2496027559055118
0
LINE
8
BLACK
6
CONTINUOUS
10
6.3450444094488185
20
-3.2496027559055118
11
6.345427992125984
21
-3.2496703937007871
0
LINE
8
BLACK
6
CONTINUOUS
10
6.345427992125984
20
-3.2496703937007871
11
6.3460156692913383
21
-3.2501635039370078
0
LINE
8
BLACK
6
CONTINUOUS
10
6.3460156692913383
20
-3.2501635039370078
11
6.3466800000000001
21
-3.2505470866141732
0
LINE
8
BLACK
6
CONTINUOUS
10
6.3466800000000001
20
-3.2505470866141732
11
6.3467711023622044
21
-3.2507974015748031
0
LINE
8
BLACK
6
CONTINUOUS
10
6.3467711023622044
20
-3.2507974015748031
11
6.3469752362204721
21
-3.2509687007874013
0
LINE
8
BLACK
6
CONTINUOUS
10
6.3469752362204721
20
-3.2509687007874013
11
6.3471084645669293
21
-3.2517242519685037
0
LINE
8
BLACK
6
CONTINUOUS
10
6.3471084645669293
20
-3.2517242519685037
11
6.3473708267716535
21
-3.2524450787401573
0
LINE
8
BLACK
6
CONTINUOUS
10
6.3473708267716535
20
-3.2524450787401573
11
6.3473708267716535
21
-3.2618188976377951
0
LINE
8
BLACK
6
CONTINUOUS
10
6.3473708267716535
20
-3.2618188976377951
11
6.3472175196850396
21
-3.2626882677165354
0
LINE
8
BLACK
6
CONTINUOUS
10
6.3472175196850396
20
-3.2626882677165354
11
6.3472192913385825
21
-3.2627526771653543
0
LINE
8
BLACK
6
CONTINUOUS
10
6.3472192913385825
20
-3.2627526771653543
11
6.345344527559055
21
-3.2683769291338582
0
LINE
8
BLACK
6
CONTINUOUS
10
6.345344527559055
20
-3.2683769291338582
11
6.3448562204724412
21
-3.2692787007874013
0
LINE
8
BLACK
6
CONTINUOUS
10
6.3448562204724412
20
-3.2692787007874013
11
6.3447058267716532
21
-3.2693710629921258
0
LINE
8
BLACK
6
CONTINUOUS
10
6.3447058267716532
20
-3.2693710629921258
11
6.3446312204724409
21
-3.2695311023622047
0
LINE
8
BLACK
6
CONTINUOUS
10
6.3446312204724409
20
-3.2695311023622047
11
6.340881653543307
21
-3.2732806299212598
0
LINE
8
BLACK
6
CONTINUOUS
10
6.340881653543307
20
-3.2732806299212598
11
6.3401584645669287
21
-3.2737870078740157
0
LINE
8
BLACK
6
CONTINUOUS
10
6.3401584645669287
20
-3.2737870078740157
11
6.3401142519685036
21
-3.2738337401574804
0
LINE
8
BLACK
6
CONTINUOUS
10
6.3401142519685036
20
-3.2738337401574804
11
6.3363647244094485
21
-3.275708503937008
0
LINE
8
BLACK
6
CONTINUOUS
10
6.3363647244094485
20
-3.275708503937008
11
6.3358762598425198
21
-3.2758537795275591
0
LINE
8
BLACK
6
CONTINUOUS
10
6.3358762598425198
20
-3.2758537795275591
11
6.3357603543307084
21
-3.2759320866141732
0
LINE
8
BLACK
6
CONTINUOUS
10
6.3357603543307084
20
-3.2759320866141732
11
6.3282612992125982
21
-3.2778068503937008
0
LINE
8
BLACK
6
CONTINUOUS
10
6.3282612992125982
20
-3.2778068503937008
11
6.3276733858267713
21
-3.277848307086614
0
LINE
8
BLACK
6
CONTINUOUS
10
6.3276733858267713
20
-3.277848307086614
11
6.3275451574803148
21
-3.277895
0
LINE
8
BLACK
6
CONTINUOUS
10
6.3275451574803148
20
-3.277895
11
6.3219208661417321
21
-3.277895
0
LINE
8
BLACK
6
CONTINUOUS
10
6.3219208661417321
20
-3.277895
11
6.3213404724409443
21
-3.2777926377952755
0
LINE
8
BLACK
6
CONTINUOUS
10
6.3213404724409443
20
-3.2777926377952755
11
6.3212047244094487
21
-3.2778068503937008
0
LINE
8
BLACK
6
CONTINUOUS
10
6.3212047244094487
20
-3.2778068503937008
11
6.3137056692913385
21
-3.2759320866141732
0
LINE
8
BLACK
6
CONTINUOUS
10
6.3137056692913385
20
-3.2759320866141732
11
6.3132401968503933
21
-3.2757244881889762
0
LINE
8
BLACK
6
CONTINUOUS
10
6.3132401968503933
20
-3.2757244881889762
11
6.3131012992125983
21
-3.275708503937008
0
LINE
8
BLACK
6
CONTINUOUS
10
6.3131012992125983
20
-3.275708503937008
11
6.3093517716535432
21
-3.2738337401574804
0
LINE
8
BLACK
6
CONTINUOUS
10
6.3093517716535432
20
-3.2738337401574804
11
6.3086426771653539
21
-3.2733077952755907
0
LINE
8
BLACK
6
CONTINUOUS
10
6.3086426771653539
20
-3.2733077952755907
11
6.3085843700787398
21
-3.2732806299212598
0
LINE
8
BLACK
6
CONTINUOUS
10
6.3085843700787398
20
-3.2732806299212598
11
6.3048348425196847
21
-3.2695311023622047
0
LINE
8
BLACK
6
CONTINUOUS
10
6.3048348425196847
20
-3.2695311023622047
11
6.3042466535433066
21
-3.2686910629921258
0
LINE
8
BLACK
6
CONTINUOUS
10
6.3042466535433066
20
-3.2686910629921258
11
6.3042312598425196
21
-3.2685151968503936
0
LINE
8
BLACK
6
CONTINUOUS
10
6.3042312598425196
20
-3.2685151968503936
11
6.3041215354330706
21
-3.2683769291338582
0
LINE
8
BLACK
6
CONTINUOUS
10
6.3041215354330706
20
-3.2683769291338582
11
6.3022467716535431
21
-3.2627526377952756
0
LINE
8
BLACK
6
CONTINUOUS
10
6.3022467716535431
20
-3.2627526377952756
11
6.3021172834645665
21
-3.2618794488188976
0
LINE
8
BLACK
6
CONTINUOUS
10
6.3021172834645665
20
-3.2618794488188976
11
6.3020952362204721
21
-3.2618188976377951
0
LINE
8
BLACK
6
CONTINUOUS
10
6.3020952362204721
20
-3.2618188976377951
11
6.3020952362204721
21
-3.2524450787401573
0
LINE
8
BLACK
6
CONTINUOUS
10
6.3020952362204721
20
-3.2524450787401573
11
6.3021628346456691
21
-3.2520615354330706
0
LINE
8
BLACK
6
CONTINUOUS
10
6.3021628346456691
20
-3.2520615354330706
11
6.3021400787401571
21
-3.2519323228346457
0
LINE
8
BLACK
6
CONTINUOUS
10
6.3021400787401571
20
-3.2519323228346457
11
6.3022056692913386
21
-3.2518187007874015
0
LINE
8
BLACK
6
CONTINUOUS
10
6.3022056692913386
20
-3.2518187007874015
11
6.3022733070866144
21
-3.2514351574803149
0
LINE
8
BLACK
6
CONTINUOUS
10
6.3022733070866144
20
-3.2514351574803149
11
6.3027664173228342
21
-3.2508474409448818
0
LINE
8
BLACK
6
CONTINUOUS
10
6.3027664173228342
20
-3.2508474409448818
11
6.3031499999999996
21
-3.2501831496062992
0
LINE
8
BLACK
6
CONTINUOUS
10
6.3031499999999996
20
-3.2501831496062992
11
6.3034003149606299
21
-3.2500920078740156
0
LINE
8
BLACK
6
CONTINUOUS
10
6.3034003149606299
20
-3.2500920078740156
11
6.3035716141732285
21
-3.2498879133858267
0
LINE
8
BLACK
6
CONTINUOUS
10
6.3035716141732285
20
-3.2498879133858267
11
6.3043271653543309
21
-3.2497546456692912
0
LINE
8
BLACK
6
CONTINUOUS
10
6.3043271653543309
20
-3.2497546456692912
11
6.3050479921259841
21
-3.2494923228346457
0
LINE
8
BLACK
6
CONTINUOUS
10
6.3050479921259841
20
-3.2494923228346457
11
6.3444180708661415
21
-3.2494923228346457
0
LINE
8
BLACK
6
CONTINUOUS
10
6.3444180708661415
20
-3.2494923228346457
11
6.3448015748031494
21
-3.2495599212598423
0
LINE
8
BLACK
6
CONTINUOUS
10
6.3080007480314961
20
-3.2613397244094489
11
6.3095035433070867
21
-3.265848149606299
0
LINE
8
BLACK
6
CONTINUOUS
10
6.3095035433070867
20
-3.265848149606299
11
6.3124213779527558
21
-3.2687659842519685
0
LINE
8
BLACK
6
CONTINUOUS
10
6.3124213779527558
20
-3.2687659842519685
11
6.3154523622047245
21
-3.2702814566929135
0
LINE
8
BLACK
6
CONTINUOUS
10
6.3154523622047245
20
-3.2702814566929135
11
6.3222844094488186
21
-3.2719894881889764
0
LINE
8
BLACK
6
CONTINUOUS
10
6.3222844094488186
20
-3.2719894881889764
11
6.3271816141732282
21
-3.2719894881889764
0
LINE
8
BLACK
6
CONTINUOUS
10
6.3271816141732282
20
-3.2719894881889764
11
6.3340136614173224
21
-3.2702814566929135
0
LINE
8
BLACK
6
CONTINUOUS
10
6.3340136614173224
20
-3.2702814566929135
11
6.337044645669291
21
-3.2687659448818898
0
LINE
8
BLACK
6
CONTINUOUS
10
6.337044645669291
20
-3.2687659448818898
11
6.3399625196850389
21
-3.2658481102362202
0
LINE
8
BLACK
6
CONTINUOUS
10
6.3399625196850389
20
-3.2658481102362202
11
6.3414653149606295
21
-3.2613397637795276
0
LINE
8
BLACK
6
CONTINUOUS
10
6.3414653149606295
20
-3.2613397637795276
11
6.3414653149606295
21
-3.2553978346456693
0
LINE
8
BLACK
6
CONTINUOUS
10
6.3414653149606295
20
-3.2553978346456693
11
6.3080007480314961
21
-3.2553978346456693
0
LINE
8
BLACK
6
CONTINUOUS
10
6.3080007480314961
20
-3.2553978346456693
11
6.3080007480314961
21
-3.2613397244094489
0
LINE
8
BLACK
6
CONTINUOUS
10
6.0648015748031492
20
-3.2475599212598425
11
6.0649308267716533
21
-3.2475371653543306
0
LINE
8
BLACK
6
CONTINUOUS
10
6.0649308267716533
20
-3.2475371653543306
11
6.0650444094488192
21
-3.2476027559055116
0
LINE
8
BLACK
6
CONTINUOUS
10
6.0650444094488192
20
-3.2476027559055116
11
6.0654279921259837
21
-3.2476703937007874
0
LINE
8
BLACK
6
CONTINUOUS
10
6.0654279921259837
20
-3.2476703937007874
11
6.0660156692913381
21
-3.2481635039370076
0
LINE
8
BLACK
6
CONTINUOUS
10
6.0660156692913381
20
-3.2481635039370076
11
6.0666799999999999
21
-3.248547086614173
0
LINE
8
BLACK
6
CONTINUOUS
10
6.0666799999999999
20
-3.248547086614173
11
6.0667711023622042
21
-3.2487974015748029
0
LINE
8
BLACK
6
CONTINUOUS
10
6.0667711023622042
20
-3.2487974015748029
11
6.0669752362204727
21
-3.2489687007874015
0
LINE
8
BLACK
6
CONTINUOUS
10
6.0669752362204727
20
-3.2489687007874015
11
6.0671084645669291
21
-3.2497242519685039
0
LINE
8
BLACK
6
CONTINUOUS
10
6.0671084645669291
20
-3.2497242519685039
11
6.0673708267716533
21
-3.2504450787401575
0
LINE
8
BLACK
6
CONTINUOUS
10
6.0673708267716533
20
-3.2504450787401575
11
6.0673708267716533
21
-3.2598188976377953
0
LINE
8
BLACK
6
CONTINUOUS
10
6.0673708267716533
20
-3.2598188976377953
11
6.0672175196850393
21
-3.2606882677165352
0
LINE
8
BLACK
6
CONTINUOUS
10
6.0672175196850393
20
-3.2606882677165352
11
6.0672192913385823
21
-3.2607526771653541
0
LINE
8
BLACK
6
CONTINUOUS
10
6.0672192913385823
20
-3.2607526771653541
11
6.0653445275590547
21
-3.266376929133858
0
LINE
8
BLACK
6
CONTINUOUS
10
6.0653445275590547
20
-3.266376929133858
11
6.064856220472441
21
-3.2672787007874016
0
LINE
8
BLACK
6
CONTINUOUS
10
6.064856220472441
20
-3.2672787007874016
11
6.0647058267716538
21
-3.267371062992126
0
LINE
8
BLACK
6
CONTINUOUS
10
6.0647058267716538
20
-3.267371062992126
11
6.0646312204724406
21
-3.2675311023622045
0
LINE
8
BLACK
6
CONTINUOUS
10
6.0646312204724406
20
-3.2675311023622045
11
6.0608816535433068
21
-3.2712806299212596
0
LINE
8
BLACK
6
CONTINUOUS
10
6.0608816535433068
20
-3.2712806299212596
11
6.0601584645669293
21
-3.2717870078740159
0
LINE
8
BLACK
6
CONTINUOUS
10
6.0601584645669293
20
-3.2717870078740159
11
6.0601142519685034
21
-3.2718337401574802
0
LINE
8
BLACK
6
CONTINUOUS
10
6.0601142519685034
20
-3.2718337401574802
11
6.0563647244094483
21
-3.2737085039370077
0
LINE
8
BLACK
6
CONTINUOUS
10
6.0563647244094483
20
-3.2737085039370077
11
6.0558762598425195
21
-3.2738537795275588
0
LINE
8
BLACK
6
CONTINUOUS
10
6.0558762598425195
20
-3.2738537795275588
11
6.0557603543307081
21
-3.273932086614173
0
LINE
8
BLACK
6
CONTINUOUS
10
6.0557603543307081
20
-3.273932086614173
11
6.0482612992125979
21
-3.2758068503937006
0
LINE
8
BLACK
6
CONTINUOUS
10
6.0482612992125979
20
-3.2758068503937006
11
6.0476733858267719
21
-3.2758483070866142
0
LINE
8
BLACK
6
CONTINUOUS
10
6.0476733858267719
20
-3.2758483070866142
11
6.0475451574803145
21
-3.2758949999999998
0
LINE
8
BLACK
6
CONTINUOUS
10
6.0475451574803145
20
-3.2758949999999998
11
6.0419208661417318
21
-3.2758949999999998
0
LINE
8
BLACK
6
CONTINUOUS
10
6.0419208661417318
20
-3.2758949999999998
11
6.041340472440945
21
-3.2757926377952753
0
LINE
8
BLACK
6
CONTINUOUS
10
6.041340472440945
20
-3.2757926377952753
11
6.0412047244094484
21
-3.2758068503937006
0
LINE
8
BLACK
6
CONTINUOUS
10
6.0412047244094484
20
-3.2758068503937006
11
6.0337056692913382
21
-3.273932086614173
0
LINE
8
BLACK
6
CONTINUOUS
10
6.0337056692913382
20
-3.273932086614173
11
6.0332401968503939
21
-3.2737244881889764
0
LINE
8
BLACK
6
CONTINUOUS
10
6.0332401968503939
20
-3.2737244881889764
11
6.0331012992125981
21
-3.2737085039370077
0
LINE
8
BLACK
6
CONTINUOUS
10
6.0331012992125981
20
-3.2737085039370077
11
6.029351771653543
21
-3.2718337401574802
0
LINE
8
BLACK
6
CONTINUOUS
10
6.029351771653543
20
-3.2718337401574802
11
6.0286426771653545
21
-3.2713077952755905
0
LINE
8
BLACK
6
CONTINUOUS
10
6.0286426771653545
20
-3.2713077952755905
11
6.0285843700787396
21
-3.2712806299212596
0
LINE
8
BLACK
6
CONTINUOUS
10
6.0285843700787396
20
-3.2712806299212596
11
6.0248348425196845
21
-3.2675311023622045
0
LINE
8
BLACK
6
CONTINUOUS
10
6.0248348425196845
20
-3.2675311023622045
11
6.0242466535433072
21
-3.266691062992126
0
LINE
8
BLACK
6
CONTINUOUS
10
6.0242466535433072
20
-3.266691062992126
11
6.0242312598425194
21
-3.2665151968503938
0
LINE
8
BLACK
6
CONTINUOUS
10
6.0242312598425194
20
-3.2665151968503938
11
6.0241215354330704
21
-3.266376929133858
0
LINE
8
BLACK
6
CONTINUOUS
10
6.0241215354330704
20
-3.266376929133858
11
6.0222467716535428
21
-3.2607526377952754
0
LINE
8
BLACK
6
CONTINUOUS
10
6.0222467716535428
20
-3.2607526377952754
11
6.0221172834645671
21
-3.2598794488188974
0
LINE
8
BLACK
6
CONTINUOUS
10
6.0221172834645671
20
-3.2598794488188974
11
6.0220952362204727
21
-3.2598188976377953
0
LINE
8
BLACK
6
CONTINUOUS
10
6.0220952362204727
20
-3.2598188976377953
11
6.0220952362204727
21
-3.2504450787401575
0
LINE
8
BLACK
6
CONTINUOUS
10
6.0220952362204727
20
-3.2504450787401575
11
6.0221628346456688
21
-3.2500615354330709
0
LINE
8
BLACK
6
CONTINUOUS
10
6.0221628346456688
20
-3.2500615354330709
11
6.0221400787401578
21
-3.2499323228346455
0
LINE
8
BLACK
6
CONTINUOUS
10
6.0221400787401578
20
-3.2499323228346455
11
6.0222056692913384
21
-3.2498187007874013
0
LINE
8
BLACK
6
CONTINUOUS
10
6.0222056692913384
20
-3.2498187007874013
11
6.0222733070866141
21
-3.2494351574803151
0
LINE
8
BLACK
6
CONTINUOUS
10
6.0222733070866141
20
-3.2494351574803151
11
6.0227664173228348
21
-3.248847440944882
0
LINE
8
BLACK
6
CONTINUOUS
10
6.0227664173228348
20
-3.248847440944882
11
6.0231500000000002
21
-3.2481831496062989
0
LINE
8
BLACK
6
CONTINUOUS
10
6.0231500000000002
20
-3.2481831496062989
11
6.0234003149606297
21
-3.2480920078740159
0
LINE
8
BLACK
6
CONTINUOUS
10
6.0234003149606297
20
-3.2480920078740159
11
6.0235716141732283
21
-3.2478879133858265
0
LINE
8
BLACK
6
CONTINUOUS
10
6.0235716141732283
20
-3.2478879133858265
11
6.0243271653543307
21
-3.2477546456692914
0
LINE
8
BLACK
6
CONTINUOUS
10
6.0243271653543307
20
-3.2477546456692914
11
6.0250479921259839
21
-3.2474923228346455
0
LINE
8
BLACK
6
CONTINUOUS
10
6.0250479921259839
20
-3.2474923228346455
11
6.0644180708661413
21
-3.2474923228346455
0
LINE
8
BLACK
6
CONTINUOUS
10
6.0644180708661413
20
-3.2474923228346455
11
6.0648015748031492
21
-3.2475599212598425
0
LINE
8
BLACK
6
CONTINUOUS
10
6.0280007480314959
20
-3.2593397244094486
11
6.0295035433070865
21
-3.2638481496062992
0
LINE
8
BLACK
6
CONTINUOUS
10
6.0295035433070865
20
-3.2638481496062992
11
6.0324213779527556
21
-3.2667659842519683
0
LINE
8
BLACK
6
CONTINUOUS
10
6.0324213779527556
20
-3.2667659842519683
11
6.0354523622047243
21
-3.2682814566929133
0
LINE
8
BLACK
6
CONTINUOUS
10
6.0354523622047243
20
-3.2682814566929133
11
6.0422844094488184
21
-3.2699894881889762
0
LINE
8
BLACK
6
CONTINUOUS
10
6.0422844094488184
20
-3.2699894881889762
11
6.047181614173228
21
-3.2699894881889762
0
LINE
8
BLACK
6
CONTINUOUS
10
6.047181614173228
20
-3.2699894881889762
11
6.054013661417323
21
-3.2682814566929133
0
LINE
8
BLACK
6
CONTINUOUS
10
6.054013661417323
20
-3.2682814566929133
11
6.0570446456692908
21
-3.2667659448818895
0
LINE
8
BLACK
6
CONTINUOUS
10
6.0570446456692908
20
-3.2667659448818895
11
6.0599625196850395
21
-3.2638481102362205
0
LINE
8
BLACK
6
CONTINUOUS
10
6.0599625196850395
20
-3.2638481102362205
11
6.0614653149606301
21
-3.2593397637795274
0
LINE
8
BLACK
6
CONTINUOUS
10
6.0614653149606301
20
-3.2593397637795274
11
6.0614653149606301
21
-3.2533978346456691
0
LINE
8
BLACK
6
CONTINUOUS
10
6.0614653149606301
20
-3.2533978346456691
11
6.0280007480314959
21
-3.2533978346456691
0
LINE
8
BLACK
6
CONTINUOUS
10
6.0280007480314959
20
-3.2533978346456691
11
6.0280007480314959
21
-3.2593397244094486
0
LINE
8
BLACK
6
CONTINUOUS
10
6.0865217322834644
20
-3.0132292519685038
11
6.0880689763779525
21
-3.0145275590551179
0
LINE
8
BLACK
6
CONTINUOUS
10
6.0880689763779525
20
-3.0145275590551179
11
6.0884197244094489
21
-3.016516692913386
0
LINE
8
BLACK
6
CONTINUOUS
10
6.0884197244094489
20
-3.016516692913386
11
6.0874098031496064
21
-3.0182658661417321
0
LINE
8
BLACK
6
CONTINUOUS
10
6.0874098031496064
20
-3.0182658661417321
11
6.0855118110236219
21
-3.018956692913386
0
LINE
8
BLACK
6
CONTINUOUS
10
6.0855118110236219
20
-3.018956692913386
11
6.0255118110236223
21
-3.018956692913386
0
LINE
8
BLACK
6
CONTINUOUS
10
6.0255118110236223
20
-3.018956692913386
11
6.024501889763779
21
-3.0187786220472441
0
LINE
8
BLACK
6
CONTINUOUS
10
6.024501889763779
20
-3.0187786220472441
11
6.0229546456692908
21
-3.01748031496063
0
LINE
8
BLACK
6
CONTINUOUS
10
6.0229546456692908
20
-3.01748031496063
11
6.0226038976377954
21
-3.0154911811023619
0
LINE
8
BLACK
6
CONTINUOUS
10
6.0226038976377954
20
-3.0154911811023619
11
6.0236138188976378
21
-3.0137420078740158
0
LINE
8
BLACK
6
CONTINUOUS
10
6.0236138188976378
20
-3.0137420078740158
11
6.0255118110236223
21
-3.0130511811023619
0
LINE
8
BLACK
6
CONTINUOUS
10
6.0255118110236223
20
-3.0130511811023619
11
6.0855118110236219
21
-3.0130511811023619
0
LINE
8
BLACK
6
CONTINUOUS
10
6.0855118110236219
20
-3.0130511811023619
11
6.0865217322834644
21
-3.0132292519685038
0
LINE
8
BLACK
6
CONTINUOUS
10
6.186521732283464
20
-3.0132292519685038
11
6.1880689763779531
21
-3.0145275590551179
0
LINE
8
BLACK
6
CONTINUOUS
10
6.1880689763779531
20
-3.0145275590551179
11
6.1884197244094485
21
-3.016516692913386
0
LINE
8
BLACK
6
CONTINUOUS
10
6.1884197244094485
20
-3.016516692913386
11
6.1874098031496061
21
-3.0182658661417321
0
LINE
8
BLACK
6
CONTINUOUS
10
6.1874098031496061
20
-3.0182658661417321
11
6.1855118110236216
21
-3.018956692913386
0
LINE
8
BLACK
6
CONTINUOUS
10
6.1855118110236216
20
-3.018956692913386
11
6.125511811023622
21
-3.018956692913386
0
LINE
8
BLACK
6
CONTINUOUS
10
6.125511811023622
20
-3.018956692913386
11
6.1245018897637795
21
-3.0187786220472441
0
LINE
8
BLACK
6
CONTINUOUS
10
6.1245018897637795
20
-3.0187786220472441
11
6.1229546456692914
21
-3.01748031496063
0
LINE
8
BLACK
6
CONTINUOUS
10
6.1229546456692914
20
-3.01748031496063
11
6.122603897637795
21
-3.0154911811023619
0
LINE
8
BLACK
6
CONTINUOUS
10
6.122603897637795
20
-3.0154911811023619
11
6.1236138188976375
21
-3.0137420078740158
0
LINE
8
BLACK
6
CONTINUOUS
10
6.1236138188976375
20
-3.0137420078740158
11
6.125511811023622
21
-3.0130511811023619
0
LINE
8
BLACK
6
CONTINUOUS
10
6.125511811023622
20
-3.0130511811023619
11
6.1855118110236216
21
-3.0130511811023619
0
LINE
8
BLACK
6
CONTINUOUS
10
6.1855118110236216
20
-3.0130511811023619
11
6.186521732283464
21
-3.0132292519685038
0
LINE
8
BLACK
6
CONTINUOUS
10
6.2865217322834646
20
-3.0132292519685038
11
6.2880689763779527
21
-3.0145275590551179
0
LINE
8
BLACK
6
CONTINUOUS
10
6.2880689763779527
20
-3.0145275590551179
11
6.2884197244094491
21
-3.016516692913386
0
LINE
8
BLACK
6
CONTINUOUS
10
6.2884197244094491
20
-3.016516692913386
11
6.2874098031496057
21
-3.0182658661417321
0
LINE
8
BLACK
6
CONTINUOUS
10
6.2874098031496057
20
-3.0182658661417321
11
6.2855118110236221
21
-3.018956692913386
0
LINE
8
BLACK
6
CONTINUOUS
10
6.2855118110236221
20
-3.018956692913386
11
6.2255118110236216
21
-3.018956692913386
0
LINE
8
BLACK
6
CONTINUOUS
10
6.2255118110236216
20
-3.018956692913386
11
6.2245018897637792
21
-3.0187786220472441
0
LINE
8
BLACK
6
CONTINUOUS
10
6.2245018897637792
20
-3.0187786220472441
11
6.222954645669291
21
-3.01748031496063
0
LINE
8
BLACK
6
CONTINUOUS
10
6.222954645669291
20
-3.01748031496063
11
6.2226038976377955
21
-3.0154911811023619
0
LINE
8
BLACK
6
CONTINUOUS
10
6.2226038976377955
20
-3.0154911811023619
11
6.223613818897638
21
-3.0137420078740158
0
LINE
8
BLACK
6
CONTINUOUS
10
6.223613818897638
20
-3.0137420078740158
11
6.2255118110236216
21
-3.0130511811023619
0
LINE
8
BLACK
6
CONTINUOUS
10
6.2255118110236216
20
-3.0130511811023619
11
6.2855118110236221
21
-3.0130511811023619
0
LINE
8
BLACK
6
CONTINUOUS
10
6.2855118110236221
20
-3.0130511811023619
11
6.2865217322834646
21
-3.0132292519685038
0
LINE
8
BLACK
6
CONTINUOUS
10
6.3865217322834642
20
-3.0132292519685038
11
6.3880689763779523
21
-3.0145275590551179
0
LINE
8
BLACK
6
CONTINUOUS
10
6.3880689763779523
20
-3.0145275590551179
11
6.3884197244094487
21
-3.016516692913386
0
LINE
8
BLACK
6
CONTINUOUS
10
6.3884197244094487
20
-3.016516692913386
11
6.3874098031496063
21
-3.0182658661417321
0
LINE
8
BLACK
6
CONTINUOUS
10
6.3874098031496063
20
-3.0182658661417321
11
6.3855118110236218
21
-3.018956692913386
0
LINE
8
BLACK
6
CONTINUOUS
10
6.3855118110236218
20
-3.018956692913386
11
6.3255118110236221
21
-3.018956692913386
0
LINE
8
BLACK
6
CONTINUOUS
10
6.3255118110236221
20
-3.018956692913386
11
6.3245018897637797
21
-3.0187786220472441
0
LINE
8
BLACK
6
CONTINUOUS
10
6.3245018897637797
20
-3.0187786220472441
11
6.3229546456692916
21
-3.01748031496063
0
LINE
8
BLACK
6
CONTINUOUS
10
6.3229546456692916
20
-3.01748031496063
11
6.3226038976377952
21
-3.0154911811023619
0
LINE
8
BLACK
6
CONTINUOUS
10
6.3226038976377952
20
-3.0154911811023619
11
6.3236138188976376
21
-3.0137420078740158
0
LINE
8
BLACK
6
CONTINUOUS
10
6.3236138188976376
20
-3.0137420078740158
11
6.3255118110236221
21
-3.0130511811023619
0
LINE
8
BLACK
6
CONTINUOUS
10
6.3255118110236221
20
-3.0130511811023619
11
6.3855118110236218
21
-3.0130511811023619
0
LINE
8
BLACK
6
CONTINUOUS
10
6.3855118110236218
20
-3.0130511811023619
11
6.3865217322834642
21
-3.0132292519685038
0
LINE
8
BLACK
6
CONTINUOUS
10
6.0271821259842522
20
-2.9393336220472439
11
6.0278740157480311
21
-2.9410039370078738
0
LINE
8
BLACK
6
CONTINUOUS
10
6.0278740157480311
20
-2.9410039370078738
11
6.0278740157480311
21
-2.971003937007874
0
LINE
8
BLACK
6
CONTINUOUS
10
6.0278740157480311
20
-2.971003937007874
11
6.0271821259842522
21
-2.9726742519685039
0
LINE
8
BLACK
6
CONTINUOUS
10
6.0271821259842522
20
-2.9726742519685039
11
6.0255118110236223
21
-2.9733661417322832
0
LINE
8
BLACK
6
CONTINUOUS
10
6.0255118110236223
20
-2.9733661417322832
11
6.0238414960629916
21
-2.9726742519685039
0
LINE
8
BLACK
6
CONTINUOUS
10
6.0238414960629916
20
-2.9726742519685039
11
6.0231496062992127
21
-2.971003937007874
0
LINE
8
BLACK
6
CONTINUOUS
10
6.0231496062992127
20
-2.971003937007874
11
6.0231496062992127
21
-2.9410039370078738
0
LINE
8
BLACK
6
CONTINUOUS
10
6.0231496062992127
20
-2.9410039370078738
11
6.0238414960629916
21
-2.9393336220472439
0
LINE
8
BLACK
6
CONTINUOUS
10
6.0238414960629916
20
-2.9393336220472439
11
6.0255118110236223
21
-2.9386417322834646
0
LINE
8
BLACK
6
CONTINUOUS
10
6.0255118110236223
20
-2.9386417322834646
11
6.0271821259842522
21
-2.9393336220472439
0
LINE
8
BLACK
6
CONTINUOUS
10
6.0871821259842518
20
-2.9393336220472439
11
6.0878740157480316
21
-2.9410039370078738
0
LINE
8
BLACK
6
CONTINUOUS
10
6.0878740157480316
20
-2.9410039370078738
11
6.0878740157480316
21
-2.971003937007874
0
LINE
8
BLACK
6
CONTINUOUS
10
6.0878740157480316
20
-2.971003937007874
11
6.0871821259842518
21
-2.9726742519685039
0
LINE
8
BLACK
6
CONTINUOUS
10
6.0871821259842518
20
-2.9726742519685039
11
6.0855118110236219
21
-2.9733661417322832
0
LINE
8
BLACK
6
CONTINUOUS
10
6.0855118110236219
20
-2.9733661417322832
11
6.0838414960629921
21
-2.9726742519685039
0
LINE
8
BLACK
6
CONTINUOUS
10
6.0838414960629921
20
-2.9726742519685039
11
6.0831496062992123
21
-2.971003937007874
0
LINE
8
BLACK
6
CONTINUOUS
10
6.0831496062992123
20
-2.971003937007874
11
6.0831496062992123
21
-2.9410039370078738
0
LINE
8
BLACK
6
CONTINUOUS
10
6.0831496062992123
20
-2.9410039370078738
11
6.0838414960629921
21
-2.9393336220472439
0
LINE
8
BLACK
6
CONTINUOUS
10
6.0838414960629921
20
-2.9393336220472439
11
6.0855118110236219
21
-2.9386417322834646
0
LINE
8
BLACK
6
CONTINUOUS
10
6.0855118110236219
20
-2.9386417322834646
11
6.0871821259842518
21
-2.9393336220472439
0
LINE
8
BLACK
6
CONTINUOUS
10
6.1271821259842518
20
-2.9393336220472439
11
6.1278740157480316
21
-2.9410039370078738
0
LINE
8
BLACK
6
CONTINUOUS
10
6.1278740157480316
20
-2.9410039370078738
11
6.1278740157480316
21
-2.971003937007874
0
LINE
8
BLACK
6
CONTINUOUS
10
6.1278740157480316
20
-2.971003937007874
11
6.1271821259842518
21
-2.9726742519685039
0
LINE
8
BLACK
6
CONTINUOUS
10
6.1271821259842518
20
-2.9726742519685039
11
6.125511811023622
21
-2.9733661417322832
0
LINE
8
BLACK
6
CONTINUOUS
10
6.125511811023622
20
-2.9733661417322832
11
6.1238414960629921
21
-2.9726742519685039
0
LINE
8
BLACK
6
CONTINUOUS
10
6.1238414960629921
20
-2.9726742519685039
11
6.1231496062992123
21
-2.971003937007874
0
LINE
8
BLACK
6
CONTINUOUS
10
6.1231496062992123
20
-2.971003937007874
11
6.1231496062992123
21
-2.9410039370078738
0
LINE
8
BLACK
6
CONTINUOUS
10
6.1231496062992123
20
-2.9410039370078738
11
6.1238414960629921
21
-2.9393336220472439
0
LINE
8
BLACK
6
CONTINUOUS
10
6.1238414960629921
20
-2.9393336220472439
11
6.125511811023622
21
-2.9386417322834646
0
LINE
8
BLACK
6
CONTINUOUS
10
6.125511811023622
20
-2.9386417322834646
11
6.1271821259842518
21
-2.9393336220472439
0
LINE
8
BLACK
6
CONTINUOUS
10
6.1871821259842514
20
-2.9393336220472439
11
6.1878740157480312
21
-2.9410039370078738
0
LINE
8
BLACK
6
CONTINUOUS
10
6.1878740157480312
20
-2.9410039370078738
11
6.1878740157480312
21
-2.971003937007874
0
LINE
8
BLACK
6
CONTINUOUS
10
6.1878740157480312
20
-2.971003937007874
11
6.1871821259842514
21
-2.9726742519685039
0
LINE
8
BLACK
6
CONTINUOUS
10
6.1871821259842514
20
-2.9726742519685039
11
6.1855118110236216
21
-2.9733661417322832
0
LINE
8
BLACK
6
CONTINUOUS
10
6.1855118110236216
20
-2.9733661417322832
11
6.1838414960629917
21
-2.9726742519685039
0
LINE
8
BLACK
6
CONTINUOUS
10
6.1838414960629917
20
-2.9726742519685039
11
6.1831496062992128
21
-2.971003937007874
0
LINE
8
BLACK
6
CONTINUOUS
10
6.1831496062992128
20
-2.971003937007874
11
6.1831496062992128
21
-2.9410039370078738
0
LINE
8
BLACK
6
CONTINUOUS
10
6.1831496062992128
20
-2.9410039370078738
11
6.1838414960629917
21
-2.9393336220472439
0
LINE
8
BLACK
6
CONTINUOUS
10
6.1838414960629917
20
-2.9393336220472439
11
6.1855118110236216
21
-2.9386417322834646
0
LINE
8
BLACK
6
CONTINUOUS
10
6.1855118110236216
20
-2.9386417322834646
11
6.1871821259842514
21
-2.9393336220472439
0
LINE
8
BLACK
6
CONTINUOUS
10
6.2271821259842515
20
-2.9393336220472439
11
6.2278740157480312
21
-2.9410039370078738
0
LINE
8
BLACK
6
CONTINUOUS
10
6.2278740157480312
20
-2.9410039370078738
11
6.2278740157480312
21
-2.971003937007874
0
LINE
8
BLACK
6
CONTINUOUS
10
6.2278740157480312
20
-2.971003937007874
11
6.2271821259842515
21
-2.9726742519685039
0
LINE
8
BLACK
6
CONTINUOUS
10
6.2271821259842515
20
-2.9726742519685039
11
6.2255118110236216
21
-2.9733661417322832
0
LINE
8
BLACK
6
CONTINUOUS
10
6.2255118110236216
20
-2.9733661417322832
11
6.2238414960629918
21
-2.9726742519685039
0
LINE
8
BLACK
6
CONTINUOUS
10
6.2238414960629918
20
-2.9726742519685039
11
6.2231496062992129
21
-2.971003937007874
0
LINE
8
BLACK
6
CONTINUOUS
10
6.2231496062992129
20
-2.971003937007874
11
6.2231496062992129
21
-2.9410039370078738
0
LINE
8
BLACK
6
CONTINUOUS
10
6.2231496062992129
20
-2.9410039370078738
11
6.2238414960629918
21
-2.9393336220472439
0
LINE
8
BLACK
6
CONTINUOUS
10
6.2238414960629918
20
-2.9393336220472439
11
6.2255118110236216
21
-2.9386417322834646
0
LINE
8
BLACK
6
CONTINUOUS
10
6.2255118110236216
20
-2.9386417322834646
11
6.2271821259842515
21
-2.9393336220472439
0
LINE
8
BLACK
6
CONTINUOUS
10
6.287182125984252
20
-2.9393336220472439
11
6.2878740157480317
21
-2.9410039370078738
0
LINE
8
BLACK
6
CONTINUOUS
10
6.2878740157480317
20
-2.9410039370078738
11
6.2878740157480317
21
-2.971003937007874
0
LINE
8
BLACK
6
CONTINUOUS
10
6.2878740157480317
20
-2.971003937007874
11
6.287182125984252
21
-2.9726742519685039
0
LINE
8
BLACK
6
CONTINUOUS
10
6.287182125984252
20
-2.9726742519685039
11
6.2855118110236221
21
-2.9733661417322832
0
LINE
8
BLACK
6
CONTINUOUS
10
6.2855118110236221
20
-2.9733661417322832
11
6.2838414960629922
21
-2.9726742519685039
0
LINE
8
BLACK
6
CONTINUOUS
10
6.2838414960629922
20
-2.9726742519685039
11
6.2831496062992125
21
-2.971003937007874
0
LINE
8
BLACK
6
CONTINUOUS
10
6.2831496062992125
20
-2.971003937007874
11
6.2831496062992125
21
-2.9410039370078738
0
LINE
8
BLACK
6
CONTINUOUS
10
6.2831496062992125
20
-2.9410039370078738
11
6.2838414960629922
21
-2.9393336220472439
0
LINE
8
BLACK
6
CONTINUOUS
10
6.2838414960629922
20
-2.9393336220472439
11
6.2855118110236221
21
-2.9386417322834646
0
LINE
8
BLACK
6
CONTINUOUS
10
6.2855118110236221
20
-2.9386417322834646
11
6.287182125984252
21
-2.9393336220472439
0
LINE
8
BLACK
6
CONTINUOUS
10
6.327182125984252
20
-2.9393336220472439
11
6.3278740157480318
21
-2.9410039370078738
0
LINE
8
BLACK
6
CONTINUOUS
10
6.3278740157480318
20
-2.9410039370078738
11
6.3278740157480318
21
-2.971003937007874
0
LINE
8
BLACK
6
CONTINUOUS
10
6.3278740157480318
20
-2.971003937007874
11
6.327182125984252
21
-2.9726742519685039
0
LINE
8
BLACK
6
CONTINUOUS
10
6.327182125984252
20
-2.9726742519685039
11
6.3255118110236221
21
-2.9733661417322832
0
LINE
8
BLACK
6
CONTINUOUS
10
6.3255118110236221
20
-2.9733661417322832
11
6.3238414960629923
21
-2.9726742519685039
0
LINE
8
BLACK
6
CONTINUOUS
10
6.3238414960629923
20
-2.9726742519685039
11
6.3231496062992125
21
-2.971003937007874
0
LINE
8
BLACK
6
CONTINUOUS
10
6.3231496062992125
20
-2.971003937007874
11
6.3231496062992125
21
-2.9410039370078738
0
LINE
8
BLACK
6
CONTINUOUS
10
6.3231496062992125
20
-2.9410039370078738
11
6.3238414960629923
21
-2.9393336220472439
0
LINE
8
BLACK
6
CONTINUOUS
10
6.3238414960629923
20
-2.9393336220472439
11
6.3255118110236221
21
-2.9386417322834646
0
LINE
8
BLACK
6
CONTINUOUS
10
6.3255118110236221
20
-2.9386417322834646
11
6.327182125984252
21
-2.9393336220472439
0
LINE
8
BLACK
6
CONTINUOUS
10
6.3871821259842516
20
-2.9393336220472439
11
6.3878740157480314
21
-2.9410039370078738
0
LINE
8
BLACK
6
CONTINUOUS
10
6.3878740157480314
20
-2.9410039370078738
11
6.3878740157480314
21
-2.971003937007874
0
LINE
8
BLACK
6
CONTINUOUS
10
6.3878740157480314
20
-2.971003937007874
11
6.3871821259842516
21
-2.9726742519685039
0
LINE
8
BLACK
6
CONTINUOUS
10
6.3871821259842516
20
-2.9726742519685039
11
6.3855118110236218
21
-2.9733661417322832
0
LINE
8
BLACK
6
CONTINUOUS
10
6.3855118110236218
20
-2.9733661417322832
11
6.3838414960629919
21
-2.9726742519685039
0
LINE
8
BLACK
6
CONTINUOUS
10
6.3838414960629919
20
-2.9726742519685039
11
6.3831496062992121
21
-2.971003937007874
0
LINE
8
BLACK
6
CONTINUOUS
10
6.3831496062992121
20
-2.971003937007874
11
6.3831496062992121
21
-2.9410039370078738
0
LINE
8
BLACK
6
CONTINUOUS
10
6.3831496062992121
20
-2.9410039370078738
11
6.3838414960629919
21
-2.9393336220472439
0
LINE
8
BLACK
6
CONTINUOUS
10
6.3838414960629919
20
-2.9393336220472439
11
6.3855118110236218
21
-2.9386417322834646
0
LINE
8
BLACK
6
CONTINUOUS
10
6.3855118110236218
20
-2.9386417322834646
11
6.3871821259842516
21
-2.9393336220472439
0
LINE
8
BLACK
6
CONTINUOUS
10
6.0865217322834644
20
-2.8932292519685037
11
6.0880689763779525
21
-2.8945275590551178
0
LINE
8
BLACK
6
CONTINUOUS
10
6.0880689763779525
20
-2.8945275590551178
11
6.0884197244094489
21
-2.8965166929133859
0
LINE
8
BLACK
6
CONTINUOUS
10
6.0884197244094489
20
-2.8965166929133859
11
6.0874098031496064
21
-2.8982658661417324
0
LINE
8
BLACK
6
CONTINUOUS
10
6.0874098031496064
20
-2.8982658661417324
11
6.0855118110236219
21
-2.8989566929133859
0
LINE
8
BLACK
6
CONTINUOUS
10
6.0855118110236219
20
-2.8989566929133859
11
6.0255118110236223
21
-2.8989566929133859
0
LINE
8
BLACK
6
CONTINUOUS
10
6.0255118110236223
20
-2.8989566929133859
11
6.024501889763779
21
-2.898778622047244
0
LINE
8
BLACK
6
CONTINUOUS
10
6.024501889763779
20
-2.898778622047244
11
6.0229546456692908
21
-2.8974803149606299
0
LINE
8
BLACK
6
CONTINUOUS
10
6.0229546456692908
20
-2.8974803149606299
11
6.0226038976377954
21
-2.8954911811023623
0
LINE
8
BLACK
6
CONTINUOUS
10
6.0226038976377954
20
-2.8954911811023623
11
6.0236138188976378
21
-2.8937420078740157
0
LINE
8
BLACK
6
CONTINUOUS
10
6.0236138188976378
20
-2.8937420078740157
11
6.0255118110236223
21
-2.8930511811023623
0
LINE
8
BLACK
6
CONTINUOUS
10
6.0255118110236223
20
-2.8930511811023623
11
6.0855118110236219
21
-2.8930511811023623
0
LINE
8
BLACK
6
CONTINUOUS
10
6.0855118110236219
20
-2.8930511811023623
11
6.0865217322834644
21
-2.8932292519685037
0
LINE
8
BLACK
6
CONTINUOUS
10
6.186521732283464
20
-2.8932292519685037
11
6.1880689763779531
21
-2.8945275590551178
0
LINE
8
BLACK
6
CONTINUOUS
10
6.1880689763779531
20
-2.8945275590551178
11
6.1884197244094485
21
-2.8965166929133859
0
LINE
8
BLACK
6
CONTINUOUS
10
6.1884197244094485
20
-2.8965166929133859
11
6.1874098031496061
21
-2.8982658661417324
0
LINE
8
BLACK
6
CONTINUOUS
10
6.1874098031496061
20
-2.8982658661417324
11
6.1855118110236216
21
-2.8989566929133859
0
LINE
8
BLACK
6
CONTINUOUS
10
6.1855118110236216
20
-2.8989566929133859
11
6.125511811023622
21
-2.8989566929133859
0
LINE
8
BLACK
6
CONTINUOUS
10
6.125511811023622
20
-2.8989566929133859
11
6.1245018897637795
21
-2.898778622047244
0
LINE
8
BLACK
6
CONTINUOUS
10
6.1245018897637795
20
-2.898778622047244
11
6.1229546456692914
21
-2.8974803149606299
0
LINE
8
BLACK
6
CONTINUOUS
10
6.1229546456692914
20
-2.8974803149606299
11
6.122603897637795
21
-2.8954911811023623
0
LINE
8
BLACK
6
CONTINUOUS
10
6.122603897637795
20
-2.8954911811023623
11
6.1236138188976375
21
-2.8937420078740157
0
LINE
8
BLACK
6
CONTINUOUS
10
6.1236138188976375
20
-2.8937420078740157
11
6.125511811023622
21
-2.8930511811023623
0
LINE
8
BLACK
6
CONTINUOUS
10
6.125511811023622
20
-2.8930511811023623
11
6.1855118110236216
21
-2.8930511811023623
0
LINE
8
BLACK
6
CONTINUOUS
10
6.1855118110236216
20
-2.8930511811023623
11
6.186521732283464
21
-2.8932292519685037
0
LINE
8
BLACK
6
CONTINUOUS
10
6.2865217322834646
20
-2.8932292519685037
11
6.2880689763779527
21
-2.8945275590551178
0
LINE
8
BLACK
6
CONTINUOUS
10
6.2880689763779527
20
-2.8945275590551178
11
6.2884197244094491
21
-2.8965166929133859
0
LINE
8
BLACK
6
CONTINUOUS
10
6.2884197244094491
20
-2.8965166929133859
11
6.2874098031496057
21
-2.8982658661417324
0
LINE
8
BLACK
6
CONTINUOUS
10
6.2874098031496057
20
-2.8982658661417324
11
6.2855118110236221
21
-2.8989566929133859
0
LINE
8
BLACK
6
CONTINUOUS
10
6.2855118110236221
20
-2.8989566929133859
11
6.2255118110236216
21
-2.8989566929133859
0
LINE
8
BLACK
6
CONTINUOUS
10
6.2255118110236216
20
-2.8989566929133859
11
6.2245018897637792
21
-2.898778622047244
0
LINE
8
BLACK
6
CONTINUOUS
10
6.2245018897637792
20
-2.898778622047244
11
6.222954645669291
21
-2.8974803149606299
0
LINE
8
BLACK
6
CONTINUOUS
10
6.222954645669291
20
-2.8974803149606299
11
6.2226038976377955
21
-2.8954911811023623
0
LINE
8
BLACK
6
CONTINUOUS
10
6.2226038976377955
20
-2.8954911811023623
11
6.223613818897638
21
-2.8937420078740157
0
LINE
8
BLACK
6
CONTINUOUS
10
6.223613818897638
20
-2.8937420078740157
11
6.2255118110236216
21
-2.8930511811023623
0
LINE
8
BLACK
6
CONTINUOUS
10
6.2255118110236216
20
-2.8930511811023623
11
6.2855118110236221
21
-2.8930511811023623
0
LINE
8
BLACK
6
CONTINUOUS
10
6.2855118110236221
20
-2.8930511811023623
11
6.2865217322834646
21
-2.8932292519685037
0
LINE
8
BLACK
6
CONTINUOUS
10
6.3865217322834642
20
-2.8932292519685037
11
6.3880689763779523
21
-2.8945275590551178
0
LINE
8
BLACK
6
CONTINUOUS
10
6.3880689763779523
20
-2.8945275590551178
11
6.3884197244094487
21
-2.8965166929133859
0
LINE
8
BLACK
6
CONTINUOUS
10
6.3884197244094487
20
-2.8965166929133859
11
6.3874098031496063
21
-2.8982658661417324
0
LINE
8
BLACK
6
CONTINUOUS
10
6.3874098031496063
20
-2.8982658661417324
11
6.3855118110236218
21
-2.8989566929133859
0
LINE
8
BLACK
6
CONTINUOUS
10
6.3855118110236218
20
-2.8989566929133859
11
6.3255118110236221
21
-2.8989566929133859
0
LINE
8
BLACK
6
CONTINUOUS
10
6.3255118110236221
20
-2.8989566929133859
11
6.3245018897637797
21
-2.898778622047244
0
LINE
8
BLACK
6
CONTINUOUS
10
6.3245018897637797
20
-2.898778622047244
11
6.3229546456692916
21
-2.8974803149606299
0
LINE
8
BLACK
6
CONTINUOUS
10
6.3229546456692916
20
-2.8974803149606299
11
6.3226038976377952
21
-2.8954911811023623
0
LINE
8
BLACK
6
CONTINUOUS
10
6.3226038976377952
20
-2.8954911811023623
11
6.3236138188976376
21
-2.8937420078740157
0
LINE
8
BLACK
6
CONTINUOUS
10
6.3236138188976376
20
-2.8937420078740157
11
6.3255118110236221
21
-2.8930511811023623
0
LINE
8
BLACK
6
CONTINUOUS
10
6.3255118110236221
20
-2.8930511811023623
11
6.3855118110236218
21
-2.8930511811023623
0
LINE
8
BLACK
6
CONTINUOUS
10
6.3855118110236218
20
-2.8930511811023623
11
6.3865217322834642
21
-2.8932292519685037
0
CIRCLE
8
BLACK
10
6.0555118110236217
20
-3.1685039370078738
40
0.0068897637795276
0
CIRCLE
8
BLACK
10
6.0555118110236217
20
-3.0685039370078742
40
0.0068897637795276
0
CIRCLE
8
BLACK
10
6.3555118110236215
20
-3.1685039370078738
40
0.0068897637795276
0
CIRCLE
8
BLACK
10
6.3555118110236215
20
-3.0685039370078742
40
0.0068897637795276
0
CIRCLE
8
BLACK
10
6.2555118110236219
20
-3.1685039370078738
40
0.0068897637795276
0
CIRCLE
8
BLACK
10
6.2555118110236219
20
-3.0685039370078742
40
0.0068897637795276
0
CIRCLE
8
BLACK
10
6.4505118110236221
20
-4.2885039370078744
40
0.0068897637795276
0
CIRCLE
8
BLACK
10
6.4505118110236221
20
-4.1885039370078738
40
0.0068897637795276
0
CIRCLE
8
BLACK
10
6.6305118110236219
20
-3.868503937007874
40
0.0068897637795276
0
CIRCLE
8
BLACK
10
6.5305118110236222
20
-3.7685039370078739
40
0.0068897637795276
0
CIRCLE
8
BLACK
10
6.5305118110236222
20
-3.9685039370078741
40
0.0068897637795276
0
CIRCLE
8
BLACK
10
6.7305118110236215
20
-3.7685039370078739
40
0.0068897637795276
0
CIRCLE
8
BLACK
10
6.7305118110236215
20
-3.9685039370078741
40
0.0068897637795276
0
CIRCLE
8
BLACK
10
5.4805118110236215
20
-3.0435039370078738
40
0.0068897637795276
0
CIRCLE
8
BLACK
10
5.7305118110236215
20
-3.0935039370078741
40
0.0068897637795276
0
CIRCLE
8
BLACK
10
5.7305118110236215
20
-2.993503937007874
40
0.0068897637795276
0
CIRCLE
8
BLACK
10
5.830511811023622
20
-3.0935039370078741
40
0.0068897637795276
0
CIRCLE
8
BLACK
10
5.830511811023622
20
-2.993503937007874
40
0.0068897637795276
0
CIRCLE
8
BLACK
10
5.9305118110236217
20
-3.0935039370078741
40
0.0068897637795276
0
CIRCLE
8
BLACK
10
5.9305118110236217
20
-2.993503937007874
40
0.0068897637795276
0
CIRCLE
8
BLACK
10
6.6805118110236217
20
-4.2435039370078735
40
0.0068897637795276
0
CIRCLE
8
BLACK
10
6.1555118110236222
20
-3.1685039370078738
40
0.0068897637795276
0
CIRCLE
8
BLACK
10
6.1555118110236222
20
-3.0685039370078742
40
0.0068897637795276
0
CIRCLE
8
BLACK
10
5.5305118110236222
20
-3.4185039370078738
40
0.0068897637795276
0
CIRCLE
8
BLACK
10
5.4305118110236217
20
-3.3185039370078742
40
0.0068897637795276
0
CIRCLE
8
BLACK
10
5.4305118110236217
20
-3.5185039370078739
40
0.0068897637795276
0
CIRCLE
8
BLACK
10
5.6305118110236219
20
-3.3185039370078742
40
0.0068897637795276
0
CIRCLE
8
BLACK
10
5.6305118110236219
20
-3.5185039370078739
40
0.0068897637795276
0
CIRCLE
8
BLACK
10
6.6805118110236217
20
-3.0435039370078738
40
0.0068897637795276
0
CIRCLE
8
BLACK
10
6.6305118110236219
20
-3.4185039370078738
40
0.0068897637795276
0
CIRCLE
8
BLACK
10
6.5305118110236222
20
-3.3185039370078742
40
0.0068897637795276
0
CIRCLE
8
BLACK
10
6.5305118110236222
20
-3.5185039370078739
40
0.0068897637795276
0
CIRCLE
8
BLACK
10
6.7305118110236215
20
-3.3185039370078742
40
0.0068897637795276
0
CIRCLE
8
BLACK
10
6.7305118110236215
20
-3.5185039370078739
40
0.0068897637795276
0
CIRCLE
8
BLACK
10
5.5305118110236222
20
-3.868503937007874
40
0.0068897637795276
0
CIRCLE
8
BLACK
10
5.4305118110236217
20
-3.7685039370078739
40
0.0068897637795276
0
CIRCLE
8
BLACK
10
5.4305118110236217
20
-3.9685039370078741
40
0.0068897637795276
0
CIRCLE
8
BLACK
10
5.6305118110236219
20
-3.7685039370078739
40
0.0068897637795276
0
CIRCLE
8
BLACK
10
5.6305118110236219
20
-3.9685039370078741
40
0.0068897637795276
0
CIRCLE
8
BLACK
10
5.4805118110236215
20
-4.2435039370078735
40
0.0068897637795276
0
CIRCLE
8
BLACK
10
6.1355118110236218
20
-4.2885039370078744
40
0.0068897637795276
  0
ENDSEC
  0
EOF
