  0
SECTION
  2
HEADER
  9
$ANGBASE
  50
0.0
  9
$ANGDIR
  70
1
  9
$MEASUREMENT
  70
0
  0
ENDSEC
  0
SECTION
  2
TABLES
  0
TABLE
  2
LTYPE
  70
4
  0
LTYPE
  5
40F
  2
CONTINUOUS
  70
0
  3
Solid line
  72
65
  73
0
  40
0.0
  0
LTYPE
  5
410
  2
DASHDOT
 70
0
  3
Dash Dot ____ _ ____ _
 72
65
 73
4
 40
2.0
 49
1.25
 49
-0.25
 49
0.25
 49
-0.25
  0
LTYPE
  5
411
  2
DASHED
 70
0
  3
Dashed __ __ __ __ __
 72
65
 73
2
 40
0.75
 49
0.5
 49
-0.25
  0
LTYPE
  5
43B
  2
DOTTED
 70
0
  3
Dotted .  .  .  .
 72
65
 73
2
 40
0.2
 49
0.0
 49
-0.2
  0
ENDTAB
  0
TABLE
  2
STYLE
  70
4
  0
STYLE
  2
KICAD
  70
0
  40
0
  41
1
  42
1
  50
0
  71
0
  3
isocp.shx
  0
STYLE
  2
KICADB
  70
0
  40
0
  41
1
  42
1
  50
0
  71
0
  3
isocp.shx
  0
STYLE
  2
KICADI
  70
0
  40
0
  41
1
  42
1
  50
15
  71
0
  3
isocp.shx
  0
STYLE
  2
KICADBI
  70
0
  40
0
  41
1
  42
1
  50
15
  71
0
  3
isocp.shx
  0
ENDTAB
  0
TABLE
  2
LAYER
  70
1
  0
LAYER
  2
BLACK
  70
0
  62
7
  6
CONTINUOUS
  0
ENDTAB
  0
ENDSEC
  0
SECTION
  2
ENTITIES
0
LINE
8
BLACK
6
CONTINUOUS
10
6.3040217322834646
20
-4.3107292519685041
11
6.3055689763779528
21
-4.3120275590551183
0
LINE
8
BLACK
6
CONTINUOUS
10
6.3055689763779528
20
-4.3120275590551183
11
6.3059197244094483
21
-4.3140166929133859
0
LINE
8
BLACK
6
CONTINUOUS
10
6.3059197244094483
20
-4.3140166929133859
11
6.3050361023622044
21
-4.3155470472440944
0
LINE
8
BLACK
6
CONTINUOUS
10
6.3050361023622044
20
-4.3155470472440944
11
6.3065487401574805
21
-4.316173622047244
0
LINE
8
BLACK
6
CONTINUOUS
10
6.3065487401574805
20
-4.316173622047244
11
6.3071784645669293
21
-4.3176938976377954
0
LINE
8
BLACK
6
CONTINUOUS
10
6.3071784645669293
20
-4.3176938976377954
11
6.3071784645669293
21
-4.3373938976377948
0
LINE
8
BLACK
6
CONTINUOUS
10
6.3071784645669293
20
-4.3373938976377948
11
6.3065487401574805
21
-4.3389141732283463
0
LINE
8
BLACK
6
CONTINUOUS
10
6.3065487401574805
20
-4.3389141732283463
11
6.305028464566929
21
-4.3395438976377951
0
LINE
8
BLACK
6
CONTINUOUS
10
6.305028464566929
20
-4.3395438976377951
11
6.3035081889763775
21
-4.3389141732283463
0
LINE
8
BLACK
6
CONTINUOUS
10
6.3035081889763775
20
-4.3389141732283463
11
6.3028784645669287
21
-4.3373938976377948
0
LINE
8
BLACK
6
CONTINUOUS
10
6.3028784645669287
20
-4.3373938976377948
11
6.3028784645669287
21
-4.3301629527559058
0
LINE
8
BLACK
6
CONTINUOUS
10
6.3028784645669287
20
-4.3301629527559058
11
6.3014574015748028
21
-4.3301629527559058
0
LINE
8
BLACK
6
CONTINUOUS
10
6.3014574015748028
20
-4.3301629527559058
11
6.2955326771653546
21
-4.3386268503937009
0
LINE
8
BLACK
6
CONTINUOUS
10
6.2955326771653546
20
-4.3386268503937009
11
6.2941449606299207
21
-4.3395111811023623
0
LINE
8
BLACK
6
CONTINUOUS
10
6.2941449606299207
20
-4.3395111811023623
11
6.2925383858267718
21
-4.3391552362204724
0
LINE
8
BLACK
6
CONTINUOUS
10
6.2925383858267718
20
-4.3391552362204724
11
6.2916540551181104
21
-4.3377675196850394
0
LINE
8
BLACK
6
CONTINUOUS
10
6.2916540551181104
20
-4.3377675196850394
11
6.2920099999999994
21
-4.3361609448818896
0
LINE
8
BLACK
6
CONTINUOUS
10
6.2920099999999994
20
-4.3361609448818896
11
6.2964179527559052
21
-4.3298638188976373
0
LINE
8
BLACK
6
CONTINUOUS
10
6.2964179527559052
20
-4.3298638188976373
11
6.2946859842519682
21
-4.3289978346456692
0
LINE
8
BLACK
6
CONTINUOUS
10
6.2946859842519682
20
-4.3289978346456692
11
6.2944541338582676
21
-4.3287305118110231
0
LINE
8
BLACK
6
CONTINUOUS
10
6.2944541338582676
20
-4.3287305118110231
11
6.2941272440944882
21
-4.3285951181102362
0
LINE
8
BLACK
6
CONTINUOUS
10
6.2941272440944882
20
-4.3285951181102362
11
6.2931891732283463
21
-4.3276570472440943
0
LINE
8
BLACK
6
CONTINUOUS
10
6.2931891732283463
20
-4.3276570472440943
11
6.2930537401574798
21
-4.3273301181102362
0
LINE
8
BLACK
6
CONTINUOUS
10
6.2930537401574798
20
-4.3273301181102362
11
6.2927864173228345
21
-4.3270982677165355
0
LINE
8
BLACK
6
CONTINUOUS
10
6.2927864173228345
20
-4.3270982677165355
11
6.2918483070866138
21
-4.3252220472440941
0
LINE
8
BLACK
6
CONTINUOUS
10
6.2918483070866138
20
-4.3252220472440941
11
6.2918128346456692
21
-4.3247228740157482
0
LINE
8
BLACK
6
CONTINUOUS
10
6.2918128346456692
20
-4.3247228740157482
11
6.2916213385826767
21
-4.3242605511811023
0
LINE
8
BLACK
6
CONTINUOUS
10
6.2916213385826767
20
-4.3242605511811023
11
6.2916213385826767
21
-4.3214462992125986
0
LINE
8
BLACK
6
CONTINUOUS
10
6.2916213385826767
20
-4.3214462992125986
11
6.2918128346456692
21
-4.320983937007874
0
LINE
8
BLACK
6
CONTINUOUS
10
6.2918128346456692
20
-4.320983937007874
11
6.2918483070866138
21
-4.3204848031496059
0
LINE
8
BLACK
6
CONTINUOUS
10
6.2918483070866138
20
-4.3204848031496059
11
6.2927864173228345
21
-4.3186085826771654
0
LINE
8
BLACK
6
CONTINUOUS
10
6.2927864173228345
20
-4.3186085826771654
11
6.2930537401574798
21
-4.318376692913386
0
LINE
8
BLACK
6
CONTINUOUS
10
6.2930537401574798
20
-4.318376692913386
11
6.2931891732283463
21
-4.3180498031496066
0
LINE
8
BLACK
6
CONTINUOUS
10
6.2931891732283463
20
-4.3180498031496066
11
6.2941272440944882
21
-4.3171117322834647
0
LINE
8
BLACK
6
CONTINUOUS
10
6.2941272440944882
20
-4.3171117322834647
11
6.2944541338582676
21
-4.3169762992125982
0
LINE
8
BLACK
6
CONTINUOUS
10
6.2944541338582676
20
-4.3169762992125982
11
6.2946859842519682
21
-4.3167090157480317
0
LINE
8
BLACK
6
CONTINUOUS
10
6.2946859842519682
20
-4.3167090157480317
11
6.2951906299212599
21
-4.3164566929133859
0
LINE
8
BLACK
6
CONTINUOUS
10
6.2951906299212599
20
-4.3164566929133859
11
6.2659645669291333
21
-4.3164566929133859
0
LINE
8
BLACK
6
CONTINUOUS
10
6.2659645669291333
20
-4.3164566929133859
11
6.2659645669291333
21
-4.3705511811023623
0
LINE
8
BLACK
6
CONTINUOUS
10
6.2659645669291333
20
-4.3705511811023623
11
6.3030118110236222
21
-4.3705511811023623
0
LINE
8
BLACK
6
CONTINUOUS
10
6.3030118110236222
20
-4.3705511811023623
11
6.3040217322834646
21
-4.3707292519685037
0
LINE
8
BLACK
6
CONTINUOUS
10
6.3040217322834646
20
-4.3707292519685037
11
6.3055689763779528
21
-4.3720275590551179
0
LINE
8
BLACK
6
CONTINUOUS
10
6.3055689763779528
20
-4.3720275590551179
11
6.3059197244094483
21
-4.3740166929133855
0
LINE
8
BLACK
6
CONTINUOUS
10
6.3059197244094483
20
-4.3740166929133855
11
6.3049098031496058
21
-4.375765866141732
0
LINE
8
BLACK
6
CONTINUOUS
10
6.3049098031496058
20
-4.375765866141732
11
6.3030118110236222
21
-4.3764566929133855
0
LINE
8
BLACK
6
CONTINUOUS
10
6.3030118110236222
20
-4.3764566929133855
11
6.2630118110236221
21
-4.3764566929133855
0
LINE
8
BLACK
6
CONTINUOUS
10
6.2630118110236221
20
-4.3764566929133855
11
6.2626282677165355
21
-4.3763890551181097
0
LINE
8
BLACK
6
CONTINUOUS
10
6.2626282677165355
20
-4.3763890551181097
11
6.2624990551181101
21
-4.3764118503937004
0
LINE
8
BLACK
6
CONTINUOUS
10
6.2624990551181101
20
-4.3764118503937004
11
6.2623854330708664
21
-4.376346220472441
0
LINE
8
BLACK
6
CONTINUOUS
10
6.2623854330708664
20
-4.376346220472441
11
6.2620018897637797
21
-4.376278622047244
0
LINE
8
BLACK
6
CONTINUOUS
10
6.2620018897637797
20
-4.376278622047244
11
6.2614141732283466
21
-4.3757854724409446
0
LINE
8
BLACK
6
CONTINUOUS
10
6.2614141732283466
20
-4.3757854724409446
11
6.2607498818897636
21
-4.3754019291338579
0
LINE
8
BLACK
6
CONTINUOUS
10
6.2607498818897636
20
-4.3754019291338579
11
6.2606587401574805
21
-4.3751515748031498
0
LINE
8
BLACK
6
CONTINUOUS
10
6.2606587401574805
20
-4.3751515748031498
11
6.2604546456692916
21
-4.3749803149606299
0
LINE
8
BLACK
6
CONTINUOUS
10
6.2604546456692916
20
-4.3749803149606299
11
6.2603213779527556
21
-4.3742247244094488
0
LINE
8
BLACK
6
CONTINUOUS
10
6.2603213779527556
20
-4.3742247244094488
11
6.2600590551181101
21
-4.3735039370078743
0
LINE
8
BLACK
6
CONTINUOUS
10
6.2600590551181101
20
-4.3735039370078743
11
6.2600590551181101
21
-4.3135039370078738
0
LINE
8
BLACK
6
CONTINUOUS
10
6.2600590551181101
20
-4.3135039370078738
11
6.2601266535433071
21
-4.3131203937007871
0
LINE
8
BLACK
6
CONTINUOUS
10
6.2601266535433071
20
-4.3131203937007871
11
6.2601038976377952
21
-4.3129911811023618
0
LINE
8
BLACK
6
CONTINUOUS
10
6.2601038976377952
20
-4.3129911811023618
11
6.2601694881889767
21
-4.312877559055118
0
LINE
8
BLACK
6
CONTINUOUS
10
6.2601694881889767
20
-4.312877559055118
11
6.2602371259842515
21
-4.3124940157480314
0
LINE
8
BLACK
6
CONTINUOUS
10
6.2602371259842515
20
-4.3124940157480314
11
6.2607302362204722
21
-4.3119062992125983
0
LINE
8
BLACK
6
CONTINUOUS
10
6.2607302362204722
20
-4.3119062992125983
11
6.2611138188976376
21
-4.3112420078740152
0
LINE
8
BLACK
6
CONTINUOUS
10
6.2611138188976376
20
-4.3112420078740152
11
6.261364133858268
21
-4.3111508661417322
0
LINE
8
BLACK
6
CONTINUOUS
10
6.261364133858268
20
-4.3111508661417322
11
6.2615354330708657
21
-4.3109467716535432
0
LINE
8
BLACK
6
CONTINUOUS
10
6.2615354330708657
20
-4.3109467716535432
11
6.2622909842519681
21
-4.3108135039370081
0
LINE
8
BLACK
6
CONTINUOUS
10
6.2622909842519681
20
-4.3108135039370081
11
6.2630118110236221
21
-4.3105511811023618
0
LINE
8
BLACK
6
CONTINUOUS
10
6.2630118110236221
20
-4.3105511811023618
11
6.3030118110236222
21
-4.3105511811023618
0
LINE
8
BLACK
6
CONTINUOUS
10
6.3030118110236222
20
-4.3105511811023618
11
6.3040217322834646
21
-4.3107292519685041
0
LINE
8
BLACK
6
CONTINUOUS
10
6.2969210629921255
20
-4.3203989763779527
11
6.296476456692913
21
-4.3208436220472439
0
LINE
8
BLACK
6
CONTINUOUS
10
6.296476456692913
20
-4.3208436220472439
11
6.2959213385826773
21
-4.3219538582677162
0
LINE
8
BLACK
6
CONTINUOUS
10
6.2959213385826773
20
-4.3219538582677162
11
6.2959213385826773
21
-4.3237529921259839
0
LINE
8
BLACK
6
CONTINUOUS
10
6.2959213385826773
20
-4.3237529921259839
11
6.296476456692913
21
-4.324863228346457
0
LINE
8
BLACK
6
CONTINUOUS
10
6.296476456692913
20
-4.324863228346457
11
6.2969210629921255
21
-4.3253078346456695
0
LINE
8
BLACK
6
CONTINUOUS
10
6.2969210629921255
20
-4.3253078346456695
11
6.2980312992125986
21
-4.3258629527559052
0
LINE
8
BLACK
6
CONTINUOUS
10
6.2980312992125986
20
-4.3258629527559052
11
6.3028784645669287
21
-4.3258629527559052
0
LINE
8
BLACK
6
CONTINUOUS
10
6.3028784645669287
20
-4.3258629527559052
11
6.3028784645669287
21
-4.3198438976377949
0
LINE
8
BLACK
6
CONTINUOUS
10
6.3028784645669287
20
-4.3198438976377949
11
6.2980312992125986
21
-4.3198438976377949
0
LINE
8
BLACK
6
CONTINUOUS
10
6.2980312992125986
20
-4.3198438976377949
11
6.2969210629921255
21
-4.3203989763779527
0
LINE
8
BLACK
6
CONTINUOUS
10
6.3833953149606302
20
-4.3106187795275588
11
6.3835245669291334
21
-4.3105960236220469
0
LINE
8
BLACK
6
CONTINUOUS
10
6.3835245669291334
20
-4.3105960236220469
11
6.3836381496062993
21
-4.3106616141732284
0
LINE
8
BLACK
6
CONTINUOUS
10
6.3836381496062993
20
-4.3106616141732284
11
6.3840217322834647
21
-4.3107292519685041
0
LINE
8
BLACK
6
CONTINUOUS
10
6.3840217322834647
20
-4.3107292519685041
11
6.3846094094488191
21
-4.3112223622047239
0
LINE
8
BLACK
6
CONTINUOUS
10
6.3846094094488191
20
-4.3112223622047239
11
6.3852737401574799
21
-4.3116059448818893
0
LINE
8
BLACK
6
CONTINUOUS
10
6.3852737401574799
20
-4.3116059448818893
11
6.3853648425196852
21
-4.3118562598425196
0
LINE
8
BLACK
6
CONTINUOUS
10
6.3853648425196852
20
-4.3118562598425196
11
6.3855689763779528
21
-4.3120275590551183
0
LINE
8
BLACK
6
CONTINUOUS
10
6.3855689763779528
20
-4.3120275590551183
11
6.3857022047244092
21
-4.3127831102362206
0
LINE
8
BLACK
6
CONTINUOUS
10
6.3857022047244092
20
-4.3127831102362206
11
6.3859645669291334
21
-4.3135039370078738
0
LINE
8
BLACK
6
CONTINUOUS
10
6.3859645669291334
20
-4.3135039370078738
11
6.3859645669291334
21
-4.3735039370078743
0
LINE
8
BLACK
6
CONTINUOUS
10
6.3859645669291334
20
-4.3735039370078743
11
6.3858969291338585
21
-4.3738874409448814
0
LINE
8
BLACK
6
CONTINUOUS
10
6.3858969291338585
20
-4.3738874409448814
11
6.3859197244094483
21
-4.3740166929133855
0
LINE
8
BLACK
6
CONTINUOUS
10
6.3859197244094483
20
-4.3740166929133855
11
6.385854094488189
21
-4.3741302755905513
0
LINE
8
BLACK
6
CONTINUOUS
10
6.385854094488189
20
-4.3741302755905513
11
6.385786496062992
21
-4.3745138582677168
0
LINE
8
BLACK
6
CONTINUOUS
10
6.385786496062992
20
-4.3745138582677168
11
6.3852933464566926
21
-4.3751015354330711
0
LINE
8
BLACK
6
CONTINUOUS
10
6.3852933464566926
20
-4.3751015354330711
11
6.3849098031496059
21
-4.375765866141732
0
LINE
8
BLACK
6
CONTINUOUS
10
6.3849098031496059
20
-4.375765866141732
11
6.3846594488188977
21
-4.3758569685039372
0
LINE
8
BLACK
6
CONTINUOUS
10
6.3846594488188977
20
-4.3758569685039372
11
6.3844881889763778
21
-4.3760611023622049
0
LINE
8
BLACK
6
CONTINUOUS
10
6.3844881889763778
20
-4.3760611023622049
11
6.3837325984251967
21
-4.3761943307086613
0
LINE
8
BLACK
6
CONTINUOUS
10
6.3837325984251967
20
-4.3761943307086613
11
6.3830118110236223
21
-4.3764566929133855
0
LINE
8
BLACK
6
CONTINUOUS
10
6.3830118110236223
20
-4.3764566929133855
11
6.3430118110236222
21
-4.3764566929133855
0
LINE
8
BLACK
6
CONTINUOUS
10
6.3430118110236222
20
-4.3764566929133855
11
6.3420018897637798
21
-4.376278622047244
0
LINE
8
BLACK
6
CONTINUOUS
10
6.3420018897637798
20
-4.376278622047244
11
6.3404546456692916
21
-4.3749803149606299
0
LINE
8
BLACK
6
CONTINUOUS
10
6.3404546456692916
20
-4.3749803149606299
11
6.3401038976377952
21
-4.3729911811023623
0
LINE
8
BLACK
6
CONTINUOUS
10
6.3401038976377952
20
-4.3729911811023623
11
6.3411138188976377
21
-4.3712420078740157
0
LINE
8
BLACK
6
CONTINUOUS
10
6.3411138188976377
20
-4.3712420078740157
11
6.3430118110236222
21
-4.3705511811023623
0
LINE
8
BLACK
6
CONTINUOUS
10
6.3430118110236222
20
-4.3705511811023623
11
6.3800590551181102
21
-4.3705511811023623
0
LINE
8
BLACK
6
CONTINUOUS
10
6.3800590551181102
20
-4.3705511811023623
11
6.3800590551181102
21
-4.3164566929133859
0
LINE
8
BLACK
6
CONTINUOUS
10
6.3800590551181102
20
-4.3164566929133859
11
6.3648278740157478
21
-4.3164566929133859
0
LINE
8
BLACK
6
CONTINUOUS
10
6.3648278740157478
20
-4.3164566929133859
11
6.3653403543307085
21
-4.3176938976377954
0
LINE
8
BLACK
6
CONTINUOUS
10
6.3653403543307085
20
-4.3176938976377954
11
6.3647106299212597
21
-4.319214173228346
0
LINE
8
BLACK
6
CONTINUOUS
10
6.3647106299212597
20
-4.319214173228346
11
6.3631903543307082
21
-4.3198438976377949
0
LINE
8
BLACK
6
CONTINUOUS
10
6.3631903543307082
20
-4.3198438976377949
11
6.3557331889763775
21
-4.3198438976377949
0
LINE
8
BLACK
6
CONTINUOUS
10
6.3557331889763775
20
-4.3198438976377949
11
6.3591798031496065
21
-4.3237828740157482
0
LINE
8
BLACK
6
CONTINUOUS
10
6.3591798031496065
20
-4.3237828740157482
11
6.3594221653543306
21
-4.3244995275590554
0
LINE
8
BLACK
6
CONTINUOUS
10
6.3594221653543306
20
-4.3244995275590554
11
6.3597117716535427
21
-4.325198661417323
0
LINE
8
BLACK
6
CONTINUOUS
10
6.3597117716535427
20
-4.325198661417323
11
6.3596824803149605
21
-4.3252692519685034
0
LINE
8
BLACK
6
CONTINUOUS
10
6.3596824803149605
20
-4.3252692519685034
11
6.3597070078740154
21
-4.3253416929133861
0
LINE
8
BLACK
6
CONTINUOUS
10
6.3597070078740154
20
-4.3253416929133861
11
6.3593715354330707
21
-4.326019960629921
0
LINE
8
BLACK
6
CONTINUOUS
10
6.3593715354330707
20
-4.326019960629921
11
6.3590820472440948
21
-4.3267189370078736
0
LINE
8
BLACK
6
CONTINUOUS
10
6.3590820472440948
20
-4.3267189370078736
11
6.3590114173228347
21
-4.3267481496062992
0
LINE
8
BLACK
6
CONTINUOUS
10
6.3590114173228347
20
-4.3267481496062992
11
6.3589775590551181
21
-4.3268166929133853
0
LINE
8
BLACK
6
CONTINUOUS
10
6.3589775590551181
20
-4.3268166929133853
11
6.3582608661417321
21
-4.3270590551181103
0
LINE
8
BLACK
6
CONTINUOUS
10
6.3582608661417321
20
-4.3270590551181103
11
6.3575617716535433
21
-4.3273486614173224
0
LINE
8
BLACK
6
CONTINUOUS
10
6.3575617716535433
20
-4.3273486614173224
11
6.3552550787401572
21
-4.3273486614173224
0
LINE
8
BLACK
6
CONTINUOUS
10
6.3552550787401572
20
-4.3273486614173224
11
6.3541448425196849
21
-4.3279037401574803
0
LINE
8
BLACK
6
CONTINUOUS
10
6.3541448425196849
20
-4.3279037401574803
11
6.3537001574803149
21
-4.3283484251968503
0
LINE
8
BLACK
6
CONTINUOUS
10
6.3537001574803149
20
-4.3283484251968503
11
6.3531451181102359
21
-4.329458582677165
0
LINE
8
BLACK
6
CONTINUOUS
10
6.3531451181102359
20
-4.329458582677165
11
6.3531451181102359
21
-4.3331339763779528
0
LINE
8
BLACK
6
CONTINUOUS
10
6.3531451181102359
20
-4.3331339763779528
11
6.3537001968503937
21
-4.3342441732283463
0
LINE
8
BLACK
6
CONTINUOUS
10
6.3537001968503937
20
-4.3342441732283463
11
6.3541448031496062
21
-4.3346887795275588
0
LINE
8
BLACK
6
CONTINUOUS
10
6.3541448031496062
20
-4.3346887795275588
11
6.3552550393700784
21
-4.3352438976377954
0
LINE
8
BLACK
6
CONTINUOUS
10
6.3552550393700784
20
-4.3352438976377954
11
6.3598685039370073
21
-4.3352438976377954
0
LINE
8
BLACK
6
CONTINUOUS
10
6.3598685039370073
20
-4.3352438976377954
11
6.3609787007874017
21
-4.3346887795275588
0
LINE
8
BLACK
6
CONTINUOUS
10
6.3609787007874017
20
-4.3346887795275588
11
6.3616700787401577
21
-4.3339974409448816
0
LINE
8
BLACK
6
CONTINUOUS
10
6.3616700787401577
20
-4.3339974409448816
11
6.3631903543307082
21
-4.3333677165354327
0
LINE
8
BLACK
6
CONTINUOUS
10
6.3631903543307082
20
-4.3333677165354327
11
6.3647106299212597
21
-4.3339974409448816
0
LINE
8
BLACK
6
CONTINUOUS
10
6.3647106299212597
20
-4.3339974409448816
11
6.3653403543307085
21
-4.3355177165354331
0
LINE
8
BLACK
6
CONTINUOUS
10
6.3653403543307085
20
-4.3355177165354331
11
6.3647106299212597
21
-4.3370379921259845
0
LINE
8
BLACK
6
CONTINUOUS
10
6.3647106299212597
20
-4.3370379921259845
11
6.363772519685039
21
-4.3379761023622043
0
LINE
8
BLACK
6
CONTINUOUS
10
6.363772519685039
20
-4.3379761023622043
11
6.3634455905511809
21
-4.3381114960629921
0
LINE
8
BLACK
6
CONTINUOUS
10
6.3634455905511809
20
-4.3381114960629921
11
6.3632137401574802
21
-4.3383788582677161
0
LINE
8
BLACK
6
CONTINUOUS
10
6.3632137401574802
20
-4.3383788582677161
11
6.3613375590551176
21
-4.339316929133858
0
LINE
8
BLACK
6
CONTINUOUS
10
6.3613375590551176
20
-4.339316929133858
11
6.3608383858267716
21
-4.3393523622047239
0
LINE
8
BLACK
6
CONTINUOUS
10
6.3608383858267716
20
-4.3393523622047239
11
6.3603760629921258
21
-4.3395438976377951
0
LINE
8
BLACK
6
CONTINUOUS
10
6.3603760629921258
20
-4.3395438976377951
11
6.3547474803149608
21
-4.3395438976377951
0
LINE
8
BLACK
6
CONTINUOUS
10
6.3547474803149608
20
-4.3395438976377951
11
6.3542851181102362
21
-4.3393523622047239
0
LINE
8
BLACK
6
CONTINUOUS
10
6.3542851181102362
20
-4.3393523622047239
11
6.3537859842519682
21
-4.339316929133858
0
LINE
8
BLACK
6
CONTINUOUS
10
6.3537859842519682
20
-4.339316929133858
11
6.3519098031496064
21
-4.3383788582677161
0
LINE
8
BLACK
6
CONTINUOUS
10
6.3519098031496064
20
-4.3383788582677161
11
6.351677913385827
21
-4.3381114960629921
0
LINE
8
BLACK
6
CONTINUOUS
10
6.351677913385827
20
-4.3381114960629921
11
6.3513510236220467
21
-4.3379761023622043
0
LINE
8
BLACK
6
CONTINUOUS
10
6.3513510236220467
20
-4.3379761023622043
11
6.3504129133858269
21
-4.3370379921259845
0
LINE
8
BLACK
6
CONTINUOUS
10
6.3504129133858269
20
-4.3370379921259845
11
6.3502774803149604
21
-4.3367110629921255
0
LINE
8
BLACK
6
CONTINUOUS
10
6.3502774803149604
20
-4.3367110629921255
11
6.3500101574803152
21
-4.3364792125984248
0
LINE
8
BLACK
6
CONTINUOUS
10
6.3500101574803152
20
-4.3364792125984248
11
6.3490720866141732
21
-4.3346030314960631
0
LINE
8
BLACK
6
CONTINUOUS
10
6.3490720866141732
20
-4.3346030314960631
11
6.3490366141732286
21
-4.3341038582677163
0
LINE
8
BLACK
6
CONTINUOUS
10
6.3490366141732286
20
-4.3341038582677163
11
6.3488451181102361
21
-4.3336415354330704
0
LINE
8
BLACK
6
CONTINUOUS
10
6.3488451181102361
20
-4.3336415354330704
11
6.3488451181102361
21
-4.3289510629921262
0
LINE
8
BLACK
6
CONTINUOUS
10
6.3488451181102361
20
-4.3289510629921262
11
6.3490366141732286
21
-4.3284887007874016
0
LINE
8
BLACK
6
CONTINUOUS
10
6.3490366141732286
20
-4.3284887007874016
11
6.3490720866141732
21
-4.3279895669291335
0
LINE
8
BLACK
6
CONTINUOUS
10
6.3490720866141732
20
-4.3279895669291335
11
6.3500101574803152
21
-4.326113346456693
0
LINE
8
BLACK
6
CONTINUOUS
10
6.3500101574803152
20
-4.326113346456693
11
6.3502775196850392
21
-4.3258814173228348
0
LINE
8
BLACK
6
CONTINUOUS
10
6.3502775196850392
20
-4.3258814173228348
11
6.3504129527559057
21
-4.3255545275590555
0
LINE
8
BLACK
6
CONTINUOUS
10
6.3504129527559057
20
-4.3255545275590555
11
6.3513510629921255
21
-4.3246164566929135
0
LINE
8
BLACK
6
CONTINUOUS
10
6.3513510629921255
20
-4.3246164566929135
11
6.351677913385827
21
-4.3244810629921258
0
LINE
8
BLACK
6
CONTINUOUS
10
6.351677913385827
20
-4.3244810629921258
11
6.3519097637795277
21
-4.3242137795275593
0
LINE
8
BLACK
6
CONTINUOUS
10
6.3519097637795277
20
-4.3242137795275593
11
6.3532547244094486
21
-4.3235412598425196
0
LINE
8
BLACK
6
CONTINUOUS
10
6.3532547244094486
20
-4.3235412598425196
11
6.3493770866141732
21
-4.3191096850393702
0
LINE
8
BLACK
6
CONTINUOUS
10
6.3493770866141732
20
-4.3191096850393702
11
6.3491346850393695
21
-4.3183929921259843
0
LINE
8
BLACK
6
CONTINUOUS
10
6.3491346850393695
20
-4.3183929921259843
11
6.3488451181102361
21
-4.3176938976377954
0
LINE
8
BLACK
6
CONTINUOUS
10
6.3488451181102361
20
-4.3176938976377954
11
6.3488743700787404
21
-4.3176232677165354
0
LINE
8
BLACK
6
CONTINUOUS
10
6.3488743700787404
20
-4.3176232677165354
11
6.3488498818897634
21
-4.3175508661417323
0
LINE
8
BLACK
6
CONTINUOUS
10
6.3488498818897634
20
-4.3175508661417323
11
6.3491853149606294
21
-4.3168725590551178
0
LINE
8
BLACK
6
CONTINUOUS
10
6.3491853149606294
20
-4.3168725590551178
11
6.3493575984251969
21
-4.3164566929133859
0
LINE
8
BLACK
6
CONTINUOUS
10
6.3493575984251969
20
-4.3164566929133859
11
6.3460659842519682
21
-4.3164566929133859
0
LINE
8
BLACK
6
CONTINUOUS
10
6.3460659842519682
20
-4.3164566929133859
11
6.346578464566929
21
-4.3176938976377954
0
LINE
8
BLACK
6
CONTINUOUS
10
6.346578464566929
20
-4.3176938976377954
11
6.3459487401574801
21
-4.319214173228346
0
LINE
8
BLACK
6
CONTINUOUS
10
6.3459487401574801
20
-4.319214173228346
11
6.3444284645669287
21
-4.3198438976377949
0
LINE
8
BLACK
6
CONTINUOUS
10
6.3444284645669287
20
-4.3198438976377949
11
6.3369712992125979
21
-4.3198438976377949
0
LINE
8
BLACK
6
CONTINUOUS
10
6.3369712992125979
20
-4.3198438976377949
11
6.3404179133858269
21
-4.3237828740157482
0
LINE
8
BLACK
6
CONTINUOUS
10
6.3404179133858269
20
-4.3237828740157482
11
6.340660275590551
21
-4.3244995275590554
0
LINE
8
BLACK
6
CONTINUOUS
10
6.340660275590551
20
-4.3244995275590554
11
6.3409498818897641
21
-4.325198661417323
0
LINE
8
BLACK
6
CONTINUOUS
10
6.3409498818897641
20
-4.325198661417323
11
6.340920590551181
21
-4.3252692519685034
0
LINE
8
BLACK
6
CONTINUOUS
10
6.340920590551181
20
-4.3252692519685034
11
6.3409451181102359
21
-4.3253416929133861
0
LINE
8
BLACK
6
CONTINUOUS
10
6.3409451181102359
20
-4.3253416929133861
11
6.3406096456692911
21
-4.326019960629921
0
LINE
8
BLACK
6
CONTINUOUS
10
6.3406096456692911
20
-4.326019960629921
11
6.3403201574803152
21
-4.3267189370078736
0
LINE
8
BLACK
6
CONTINUOUS
10
6.3403201574803152
20
-4.3267189370078736
11
6.3402495275590551
21
-4.3267481496062992
0
LINE
8
BLACK
6
CONTINUOUS
10
6.3402495275590551
20
-4.3267481496062992
11
6.3402156692913385
21
-4.3268166929133853
0
LINE
8
BLACK
6
CONTINUOUS
10
6.3402156692913385
20
-4.3268166929133853
11
6.3394989763779526
21
-4.3270590551181103
0
LINE
8
BLACK
6
CONTINUOUS
10
6.3394989763779526
20
-4.3270590551181103
11
6.3387998818897637
21
-4.3273486614173224
0
LINE
8
BLACK
6
CONTINUOUS
10
6.3387998818897637
20
-4.3273486614173224
11
6.3364931889763776
21
-4.3273486614173224
0
LINE
8
BLACK
6
CONTINUOUS
10
6.3364931889763776
20
-4.3273486614173224
11
6.3353829527559054
21
-4.3279037401574803
0
LINE
8
BLACK
6
CONTINUOUS
10
6.3353829527559054
20
-4.3279037401574803
11
6.3349382677165353
21
-4.3283484251968503
0
LINE
8
BLACK
6
CONTINUOUS
10
6.3349382677165353
20
-4.3283484251968503
11
6.3343832283464563
21
-4.329458582677165
0
LINE
8
BLACK
6
CONTINUOUS
10
6.3343832283464563
20
-4.329458582677165
11
6.3343832283464563
21
-4.3331339763779528
0
LINE
8
BLACK
6
CONTINUOUS
10
6.3343832283464563
20
-4.3331339763779528
11
6.3349383070866141
21
-4.3342441732283463
0
LINE
8
BLACK
6
CONTINUOUS
10
6.3349383070866141
20
-4.3342441732283463
11
6.3353829133858266
21
-4.3346887795275588
0
LINE
8
BLACK
6
CONTINUOUS
10
6.3353829133858266
20
-4.3346887795275588
11
6.3364931496062988
21
-4.3352438976377954
0
LINE
8
BLACK
6
CONTINUOUS
10
6.3364931496062988
20
-4.3352438976377954
11
6.3411066141732286
21
-4.3352438976377954
0
LINE
8
BLACK
6
CONTINUOUS
10
6.3411066141732286
20
-4.3352438976377954
11
6.3422168110236221
21
-4.3346887795275588
0
LINE
8
BLACK
6
CONTINUOUS
10
6.3422168110236221
20
-4.3346887795275588
11
6.3429081889763781
21
-4.3339974409448816
0
LINE
8
BLACK
6
CONTINUOUS
10
6.3429081889763781
20
-4.3339974409448816
11
6.3444284645669287
21
-4.3333677165354327
0
LINE
8
BLACK
6
CONTINUOUS
10
6.3444284645669287
20
-4.3333677165354327
11
6.3459487401574801
21
-4.3339974409448816
0
LINE
8
BLACK
6
CONTINUOUS
10
6.3459487401574801
20
-4.3339974409448816
11
6.346578464566929
21
-4.3355177165354331
0
LINE
8
BLACK
6
CONTINUOUS
10
6.346578464566929
20
-4.3355177165354331
11
6.3459487401574801
21
-4.3370379921259845
0
LINE
8
BLACK
6
CONTINUOUS
10
6.3459487401574801
20
-4.3370379921259845
11
6.3450106299212594
21
-4.3379761023622043
0
LINE
8
BLACK
6
CONTINUOUS
10
6.3450106299212594
20
-4.3379761023622043
11
6.3446837007874013
21
-4.3381114960629921
0
LINE
8
BLACK
6
CONTINUOUS
10
6.3446837007874013
20
-4.3381114960629921
11
6.3444518503937006
21
-4.3383788582677161
0
LINE
8
BLACK
6
CONTINUOUS
10
6.3444518503937006
20
-4.3383788582677161
11
6.3425756692913389
21
-4.339316929133858
0
LINE
8
BLACK
6
CONTINUOUS
10
6.3425756692913389
20
-4.339316929133858
11
6.3420764960629921
21
-4.3393523622047239
0
LINE
8
BLACK
6
CONTINUOUS
10
6.3420764960629921
20
-4.3393523622047239
11
6.3416141732283462
21
-4.3395438976377951
0
LINE
8
BLACK
6
CONTINUOUS
10
6.3416141732283462
20
-4.3395438976377951
11
6.3359855905511813
21
-4.3395438976377951
0
LINE
8
BLACK
6
CONTINUOUS
10
6.3359855905511813
20
-4.3395438976377951
11
6.3355232283464566
21
-4.3393523622047239
0
LINE
8
BLACK
6
CONTINUOUS
10
6.3355232283464566
20
-4.3393523622047239
11
6.3350240944881886
21
-4.339316929133858
0
LINE
8
BLACK
6
CONTINUOUS
10
6.3350240944881886
20
-4.339316929133858
11
6.3331479133858268
21
-4.3383788582677161
0
LINE
8
BLACK
6
CONTINUOUS
10
6.3331479133858268
20
-4.3383788582677161
11
6.3329160236220474
21
-4.3381114960629921
0
LINE
8
BLACK
6
CONTINUOUS
10
6.3329160236220474
20
-4.3381114960629921
11
6.3325891338582672
21
-4.3379761023622043
0
LINE
8
BLACK
6
CONTINUOUS
10
6.3325891338582672
20
-4.3379761023622043
11
6.3316510236220473
21
-4.3370379921259845
0
LINE
8
BLACK
6
CONTINUOUS
10
6.3316510236220473
20
-4.3370379921259845
11
6.3315155905511808
21
-4.3367110629921255
0
LINE
8
BLACK
6
CONTINUOUS
10
6.3315155905511808
20
-4.3367110629921255
11
6.3312482677165356
21
-4.3364792125984248
0
LINE
8
BLACK
6
CONTINUOUS
10
6.3312482677165356
20
-4.3364792125984248
11
6.3303101968503936
21
-4.3346030314960631
0
LINE
8
BLACK
6
CONTINUOUS
10
6.3303101968503936
20
-4.3346030314960631
11
6.330274724409449
21
-4.3341038582677163
0
LINE
8
BLACK
6
CONTINUOUS
10
6.330274724409449
20
-4.3341038582677163
11
6.3300832283464565
21
-4.3336415354330704
0
LINE
8
BLACK
6
CONTINUOUS
10
6.3300832283464565
20
-4.3336415354330704
11
6.3300832283464565
21
-4.3289510629921262
0
LINE
8
BLACK
6
CONTINUOUS
10
6.3300832283464565
20
-4.3289510629921262
11
6.330274724409449
21
-4.3284887007874016
0
LINE
8
BLACK
6
CONTINUOUS
10
6.330274724409449
20
-4.3284887007874016
11
6.3303101968503936
21
-4.3279895669291335
0
LINE
8
BLACK
6
CONTINUOUS
10
6.3303101968503936
20
-4.3279895669291335
11
6.3312482677165356
21
-4.326113346456693
0
LINE
8
BLACK
6
CONTINUOUS
10
6.3312482677165356
20
-4.326113346456693
11
6.3315156299212596
21
-4.3258814173228348
0
LINE
8
BLACK
6
CONTINUOUS
10
6.3315156299212596
20
-4.3258814173228348
11
6.3316510629921261
21
-4.3255545275590555
0
LINE
8
BLACK
6
CONTINUOUS
10
6.3316510629921261
20
-4.3255545275590555
11
6.3325891732283459
21
-4.3246164566929135
0
LINE
8
BLACK
6
CONTINUOUS
10
6.3325891732283459
20
-4.3246164566929135
11
6.3329160236220474
21
-4.3244810629921258
0
LINE
8
BLACK
6
CONTINUOUS
10
6.3329160236220474
20
-4.3244810629921258
11
6.3331478740157481
21
-4.3242137795275593
0
LINE
8
BLACK
6
CONTINUOUS
10
6.3331478740157481
20
-4.3242137795275593
11
6.334492834645669
21
-4.3235412598425196
0
LINE
8
BLACK
6
CONTINUOUS
10
6.334492834645669
20
-4.3235412598425196
11
6.3306151968503936
21
-4.3191096850393702
0
LINE
8
BLACK
6
CONTINUOUS
10
6.3306151968503936
20
-4.3191096850393702
11
6.3303727952755908
21
-4.3183929921259843
0
LINE
8
BLACK
6
CONTINUOUS
10
6.3303727952755908
20
-4.3183929921259843
11
6.3300832283464565
21
-4.3176938976377954
0
LINE
8
BLACK
6
CONTINUOUS
10
6.3300832283464565
20
-4.3176938976377954
11
6.3301124803149609
21
-4.3176232677165354
0
LINE
8
BLACK
6
CONTINUOUS
10
6.3301124803149609
20
-4.3176232677165354
11
6.3300879921259838
21
-4.3175508661417323
0
LINE
8
BLACK
6
CONTINUOUS
10
6.3300879921259838
20
-4.3175508661417323
11
6.3304234251968499
21
-4.3168725590551178
0
LINE
8
BLACK
6
CONTINUOUS
10
6.3304234251968499
20
-4.3168725590551178
11
6.3307129527559054
21
-4.316173622047244
0
LINE
8
BLACK
6
CONTINUOUS
10
6.3307129527559054
20
-4.316173622047244
11
6.3307835433070867
21
-4.3161443700787396
0
LINE
8
BLACK
6
CONTINUOUS
10
6.3307835433070867
20
-4.3161443700787396
11
6.3308174409448821
21
-4.3160758661417322
0
LINE
8
BLACK
6
CONTINUOUS
10
6.3308174409448821
20
-4.3160758661417322
11
6.3315340944881893
21
-4.3158334645669294
0
LINE
8
BLACK
6
CONTINUOUS
10
6.3315340944881893
20
-4.3158334645669294
11
6.3322332283464569
21
-4.3155438976377951
0
LINE
8
BLACK
6
CONTINUOUS
10
6.3322332283464569
20
-4.3155438976377951
11
6.3411262992125978
21
-4.3155438976377951
0
LINE
8
BLACK
6
CONTINUOUS
10
6.3411262992125978
20
-4.3155438976377951
11
6.3404546456692916
21
-4.3149803149606294
0
LINE
8
BLACK
6
CONTINUOUS
10
6.3404546456692916
20
-4.3149803149606294
11
6.3401038976377952
21
-4.3129911811023618
0
LINE
8
BLACK
6
CONTINUOUS
10
6.3401038976377952
20
-4.3129911811023618
11
6.3411138188976377
21
-4.3112420078740152
0
LINE
8
BLACK
6
CONTINUOUS
10
6.3411138188976377
20
-4.3112420078740152
11
6.3430118110236222
21
-4.3105511811023618
0
LINE
8
BLACK
6
CONTINUOUS
10
6.3430118110236222
20
-4.3105511811023618
11
6.3830118110236223
21
-4.3105511811023618
0
LINE
8
BLACK
6
CONTINUOUS
10
6.3830118110236223
20
-4.3105511811023618
11
6.3833953149606302
21
-4.3106187795275588
0
LINE
8
BLACK
6
CONTINUOUS
10
6.3136240944881887
20
-4.3432353937007875
11
6.3141232677165355
21
-4.3432708661417321
0
LINE
8
BLACK
6
CONTINUOUS
10
6.3141232677165355
20
-4.3432708661417321
11
6.3159994881889761
21
-4.3442089763779528
0
LINE
8
BLACK
6
CONTINUOUS
10
6.3159994881889761
20
-4.3442089763779528
11
6.3162313385826767
21
-4.344476299212598
0
LINE
8
BLACK
6
CONTINUOUS
10
6.3162313385826767
20
-4.344476299212598
11
6.3165582677165357
21
-4.3446117322834645
0
LINE
8
BLACK
6
CONTINUOUS
10
6.3165582677165357
20
-4.3446117322834645
11
6.3174963385826768
21
-4.3455498031496065
0
LINE
8
BLACK
6
CONTINUOUS
10
6.3174963385826768
20
-4.3455498031496065
11
6.3175810236220471
21
-4.3457542913385829
0
LINE
8
BLACK
6
CONTINUOUS
10
6.3175810236220471
20
-4.3457542913385829
11
6.3177649606299209
21
-4.3458774803149609
0
LINE
8
BLACK
6
CONTINUOUS
10
6.3177649606299209
20
-4.3458774803149609
11
6.3196411811023623
21
-4.3486917716535434
0
LINE
8
BLACK
6
CONTINUOUS
10
6.3196411811023623
20
-4.3486917716535434
11
6.3197141732283466
21
-4.3490607874015748
0
LINE
8
BLACK
6
CONTINUOUS
10
6.3197141732283466
20
-4.3490607874015748
11
6.3199380314960631
21
-4.3493629133858267
0
LINE
8
BLACK
6
CONTINUOUS
10
6.3199380314960631
20
-4.3493629133858267
11
6.320876141732283
21
-4.3531153149606299
0
LINE
8
BLACK
6
CONTINUOUS
10
6.320876141732283
20
-4.3531153149606299
11
6.3208360236220473
21
-4.353384881889764
0
LINE
8
BLACK
6
CONTINUOUS
10
6.3208360236220473
20
-4.353384881889764
11
6.3209403543307081
21
-4.3536367716535436
0
LINE
8
BLACK
6
CONTINUOUS
10
6.3209403543307081
20
-4.3536367716535436
11
6.3209403543307081
21
-4.3611415354330711
0
LINE
8
BLACK
6
CONTINUOUS
10
6.3209403543307081
20
-4.3611415354330711
11
6.3207488188976377
21
-4.3616038976377949
0
LINE
8
BLACK
6
CONTINUOUS
10
6.3207488188976377
20
-4.3616038976377949
11
6.3207133464566931
21
-4.3621030708661417
0
LINE
8
BLACK
6
CONTINUOUS
10
6.3207133464566931
20
-4.3621030708661417
11
6.3197752362204724
21
-4.3639792519685034
0
LINE
8
BLACK
6
CONTINUOUS
10
6.3197752362204724
20
-4.3639792519685034
11
6.3195079133858263
21
-4.3642110629921262
0
LINE
8
BLACK
6
CONTINUOUS
10
6.3195079133858263
20
-4.3642110629921262
11
6.3193725590551182
21
-4.3645379527559056
0
LINE
8
BLACK
6
CONTINUOUS
10
6.3193725590551182
20
-4.3645379527559056
11
6.3184344881889762
21
-4.3654760629921263
0
LINE
8
BLACK
6
CONTINUOUS
10
6.3184344881889762
20
-4.3654760629921263
11
6.3181075196850394
21
-4.3656114566929132
0
LINE
8
BLACK
6
CONTINUOUS
10
6.3181075196850394
20
-4.3656114566929132
11
6.3178756692913387
21
-4.3658788582677168
0
LINE
8
BLACK
6
CONTINUOUS
10
6.3178756692913387
20
-4.3658788582677168
11
6.3159994881889761
21
-4.3668169291338579
0
LINE
8
BLACK
6
CONTINUOUS
10
6.3159994881889761
20
-4.3668169291338579
11
6.3155003149606301
21
-4.3668523622047246
0
LINE
8
BLACK
6
CONTINUOUS
10
6.3155003149606301
20
-4.3668523622047246
11
6.3150379921259843
21
-4.367043897637795
0
LINE
8
BLACK
6
CONTINUOUS
10
6.3150379921259843
20
-4.367043897637795
11
6.3112855905511811
21
-4.367043897637795
0
LINE
8
BLACK
6
CONTINUOUS
10
6.3112855905511811
20
-4.367043897637795
11
6.3108232283464565
21
-4.3668523622047246
0
LINE
8
BLACK
6
CONTINUOUS
10
6.3108232283464565
20
-4.3668523622047246
11
6.3103240944881884
21
-4.3668169291338579
0
LINE
8
BLACK
6
CONTINUOUS
10
6.3103240944881884
20
-4.3668169291338579
11
6.3084479133858267
21
-4.3658788582677168
0
LINE
8
BLACK
6
CONTINUOUS
10
6.3084479133858267
20
-4.3658788582677168
11
6.3082160236220473
21
-4.3656114960629919
0
LINE
8
BLACK
6
CONTINUOUS
10
6.3082160236220473
20
-4.3656114960629919
11
6.3078891338582679
21
-4.3654761023622051
0
LINE
8
BLACK
6
CONTINUOUS
10
6.3078891338582679
20
-4.3654761023622051
11
6.3069510236220472
21
-4.3645379921259844
0
LINE
8
BLACK
6
CONTINUOUS
10
6.3069510236220472
20
-4.3645379921259844
11
6.3068155905511807
21
-4.3642110629921262
0
LINE
8
BLACK
6
CONTINUOUS
10
6.3068155905511807
20
-4.3642110629921262
11
6.3065482677165354
21
-4.3639792125984247
0
LINE
8
BLACK
6
CONTINUOUS
10
6.3065482677165354
20
-4.3639792125984247
11
6.3056101968503935
21
-4.3621030314960629
0
LINE
8
BLACK
6
CONTINUOUS
10
6.3056101968503935
20
-4.3621030314960629
11
6.3055747244094489
21
-4.3616038582677161
0
LINE
8
BLACK
6
CONTINUOUS
10
6.3055747244094489
20
-4.3616038582677161
11
6.3053832283464564
21
-4.3611415354330711
0
LINE
8
BLACK
6
CONTINUOUS
10
6.3053832283464564
20
-4.3611415354330711
11
6.3053832283464564
21
-4.356451062992126
0
LINE
8
BLACK
6
CONTINUOUS
10
6.3053832283464564
20
-4.356451062992126
11
6.3055747244094489
21
-4.3559887007874014
0
LINE
8
BLACK
6
CONTINUOUS
10
6.3055747244094489
20
-4.3559887007874014
11
6.3056101968503935
21
-4.3554895669291334
0
LINE
8
BLACK
6
CONTINUOUS
10
6.3056101968503935
20
-4.3554895669291334
11
6.3065482677165354
21
-4.3536133464566928
0
LINE
8
BLACK
6
CONTINUOUS
10
6.3065482677165354
20
-4.3536133464566928
11
6.3068156299212594
21
-4.3533814173228347
0
LINE
8
BLACK
6
CONTINUOUS
10
6.3068156299212594
20
-4.3533814173228347
11
6.3069510629921259
21
-4.3530545275590553
0
LINE
8
BLACK
6
CONTINUOUS
10
6.3069510629921259
20
-4.3530545275590553
11
6.3078891732283466
21
-4.3521164566929134
0
LINE
8
BLACK
6
CONTINUOUS
10
6.3078891732283466
20
-4.3521164566929134
11
6.3082160236220473
21
-4.3519810629921256
0
LINE
8
BLACK
6
CONTINUOUS
10
6.3082160236220473
20
-4.3519810629921256
11
6.3084478740157479
21
-4.3517137795275591
0
LINE
8
BLACK
6
CONTINUOUS
10
6.3084478740157479
20
-4.3517137795275591
11
6.3103240551181097
21
-4.3507756692913384
0
LINE
8
BLACK
6
CONTINUOUS
10
6.3103240551181097
20
-4.3507756692913384
11
6.3108231889763777
21
-4.3507401574803151
0
LINE
8
BLACK
6
CONTINUOUS
10
6.3108231889763777
20
-4.3507401574803151
11
6.3112855905511811
21
-4.3505486614173225
0
LINE
8
BLACK
6
CONTINUOUS
10
6.3112855905511811
20
-4.3505486614173225
11
6.3150379921259843
21
-4.3505486614173225
0
LINE
8
BLACK
6
CONTINUOUS
10
6.3150379921259843
20
-4.3505486614173225
11
6.3155003543307089
21
-4.3507401574803151
0
LINE
8
BLACK
6
CONTINUOUS
10
6.3155003543307089
20
-4.3507401574803151
11
6.31585562992126
21
-4.3507654330708663
0
LINE
8
BLACK
6
CONTINUOUS
10
6.31585562992126
20
-4.3507654330708663
11
6.3143052362204726
21
-4.3484398031496063
0
LINE
8
BLACK
6
CONTINUOUS
10
6.3143052362204726
20
-4.3484398031496063
11
6.3137644488188975
21
-4.3478990157480313
0
LINE
8
BLACK
6
CONTINUOUS
10
6.3137644488188975
20
-4.3478990157480313
11
6.3126542125984253
21
-4.3473438976377956
0
LINE
8
BLACK
6
CONTINUOUS
10
6.3126542125984253
20
-4.3473438976377956
11
6.3094094094488185
21
-4.3473438976377956
0
LINE
8
BLACK
6
CONTINUOUS
10
6.3094094094488185
20
-4.3473438976377956
11
6.3078891338582679
21
-4.3467141732283467
0
LINE
8
BLACK
6
CONTINUOUS
10
6.3078891338582679
20
-4.3467141732283467
11
6.307259409448819
21
-4.3451938976377953
0
LINE
8
BLACK
6
CONTINUOUS
10
6.307259409448819
20
-4.3451938976377953
11
6.3078891338582679
21
-4.3436736220472438
0
LINE
8
BLACK
6
CONTINUOUS
10
6.3078891338582679
20
-4.3436736220472438
11
6.3094094094488185
21
-4.343043897637795
0
LINE
8
BLACK
6
CONTINUOUS
10
6.3094094094488185
20
-4.343043897637795
11
6.3131617716535429
21
-4.343043897637795
0
LINE
8
BLACK
6
CONTINUOUS
10
6.3131617716535429
20
-4.343043897637795
11
6.3136240944881887
21
-4.3432353937007875
0
LINE
8
BLACK
6
CONTINUOUS
10
6.3106829527559052
20
-4.3554037401574801
11
6.3102382677165352
21
-4.3558484251968501
0
LINE
8
BLACK
6
CONTINUOUS
10
6.3102382677165352
20
-4.3558484251968501
11
6.3096832283464561
21
-4.3569585826771648
0
LINE
8
BLACK
6
CONTINUOUS
10
6.3096832283464561
20
-4.3569585826771648
11
6.3096832283464561
21
-4.3606339763779527
0
LINE
8
BLACK
6
CONTINUOUS
10
6.3096832283464561
20
-4.3606339763779527
11
6.3102383070866139
21
-4.3617441732283462
0
LINE
8
BLACK
6
CONTINUOUS
10
6.3102383070866139
20
-4.3617441732283462
11
6.3106829133858264
21
-4.3621887795275587
0
LINE
8
BLACK
6
CONTINUOUS
10
6.3106829133858264
20
-4.3621887795275587
11
6.3117931496062987
21
-4.3627438976377952
0
LINE
8
BLACK
6
CONTINUOUS
10
6.3117931496062987
20
-4.3627438976377952
11
6.3145304330708658
21
-4.3627438976377952
0
LINE
8
BLACK
6
CONTINUOUS
10
6.3145304330708658
20
-4.3627438976377952
11
6.3156405905511805
21
-4.3621888188976374
0
LINE
8
BLACK
6
CONTINUOUS
10
6.3156405905511805
20
-4.3621888188976374
11
6.3160852362204727
21
-4.3617441338582674
0
LINE
8
BLACK
6
CONTINUOUS
10
6.3160852362204727
20
-4.3617441338582674
11
6.3166403543307084
21
-4.3606339370078739
0
LINE
8
BLACK
6
CONTINUOUS
10
6.3166403543307084
20
-4.3606339370078739
11
6.3166403543307084
21
-4.3569586220472436
0
LINE
8
BLACK
6
CONTINUOUS
10
6.3166403543307084
20
-4.3569586220472436
11
6.3160852362204727
21
-4.3558483858267714
0
LINE
8
BLACK
6
CONTINUOUS
10
6.3160852362204727
20
-4.3558483858267714
11
6.3156405511811018
21
-4.3554037007874014
0
LINE
8
BLACK
6
CONTINUOUS
10
6.3156405511811018
20
-4.3554037007874014
11
6.3145304724409446
21
-4.3548486614173223
0
LINE
8
BLACK
6
CONTINUOUS
10
6.3145304724409446
20
-4.3548486614173223
11
6.3117931889763774
21
-4.3548486614173223
0
LINE
8
BLACK
6
CONTINUOUS
10
6.3117931889763774
20
-4.3548486614173223
11
6.3106829527559052
21
-4.3554037401574801
0
LINE
8
BLACK
6
CONTINUOUS
10
6.3390725196850388
20
-4.3436736220472438
11
6.3397022440944877
21
-4.3451938976377953
0
LINE
8
BLACK
6
CONTINUOUS
10
6.3397022440944877
20
-4.3451938976377953
11
6.3397022440944877
21
-4.3648938976377956
0
LINE
8
BLACK
6
CONTINUOUS
10
6.3397022440944877
20
-4.3648938976377956
11
6.3390725196850388
21
-4.3664141732283461
0
LINE
8
BLACK
6
CONTINUOUS
10
6.3390725196850388
20
-4.3664141732283461
11
6.3375522440944883
21
-4.367043897637795
0
LINE
8
BLACK
6
CONTINUOUS
10
6.3375522440944883
20
-4.367043897637795
11
6.3360319685039368
21
-4.3664141732283461
0
LINE
8
BLACK
6
CONTINUOUS
10
6.3360319685039368
20
-4.3664141732283461
11
6.3354022440944879
21
-4.3648938976377956
0
LINE
8
BLACK
6
CONTINUOUS
10
6.3354022440944879
20
-4.3648938976377956
11
6.3354022440944879
21
-4.3576629527559056
0
LINE
8
BLACK
6
CONTINUOUS
10
6.3354022440944879
20
-4.3576629527559056
11
6.3339811811023621
21
-4.3576629527559056
0
LINE
8
BLACK
6
CONTINUOUS
10
6.3339811811023621
20
-4.3576629527559056
11
6.3280564566929129
21
-4.3661268503937007
0
LINE
8
BLACK
6
CONTINUOUS
10
6.3280564566929129
20
-4.3661268503937007
11
6.3266687401574799
21
-4.3670111811023622
0
LINE
8
BLACK
6
CONTINUOUS
10
6.3266687401574799
20
-4.3670111811023622
11
6.3250621653543302
21
-4.3666552362204722
0
LINE
8
BLACK
6
CONTINUOUS
10
6.3250621653543302
20
-4.3666552362204722
11
6.3241778346456687
21
-4.3652675196850392
0
LINE
8
BLACK
6
CONTINUOUS
10
6.3241778346456687
20
-4.3652675196850392
11
6.3245337795275587
21
-4.3636609448818895
0
LINE
8
BLACK
6
CONTINUOUS
10
6.3245337795275587
20
-4.3636609448818895
11
6.3289417322834645
21
-4.357363818897638
0
LINE
8
BLACK
6
CONTINUOUS
10
6.3289417322834645
20
-4.357363818897638
11
6.3272097637795275
21
-4.3564978346456691
0
LINE
8
BLACK
6
CONTINUOUS
10
6.3272097637795275
20
-4.3564978346456691
11
6.3269779133858268
21
-4.3562305118110238
0
LINE
8
BLACK
6
CONTINUOUS
10
6.3269779133858268
20
-4.3562305118110238
11
6.3266510236220475
21
-4.3560951181102361
0
LINE
8
BLACK
6
CONTINUOUS
10
6.3266510236220475
20
-4.3560951181102361
11
6.3257129527559055
21
-4.3551570472440941
0
LINE
8
BLACK
6
CONTINUOUS
10
6.3257129527559055
20
-4.3551570472440941
11
6.325577519685039
21
-4.354830118110236
0
LINE
8
BLACK
6
CONTINUOUS
10
6.325577519685039
20
-4.354830118110236
11
6.3253101968503938
21
-4.3545982677165354
0
LINE
8
BLACK
6
CONTINUOUS
10
6.3253101968503938
20
-4.3545982677165354
11
6.324372086614173
21
-4.352722047244094
0
LINE
8
BLACK
6
CONTINUOUS
10
6.324372086614173
20
-4.352722047244094
11
6.3243366141732285
21
-4.352222874015748
0
LINE
8
BLACK
6
CONTINUOUS
10
6.3243366141732285
20
-4.352222874015748
11
6.3241451181102359
21
-4.3517605511811022
0
LINE
8
BLACK
6
CONTINUOUS
10
6.3241451181102359
20
-4.3517605511811022
11
6.3241451181102359
21
-4.3489462992125985
0
LINE
8
BLACK
6
CONTINUOUS
10
6.3241451181102359
20
-4.3489462992125985
11
6.3243366141732285
21
-4.3484839370078738
0
LINE
8
BLACK
6
CONTINUOUS
10
6.3243366141732285
20
-4.3484839370078738
11
6.324372086614173
21
-4.3479848031496058
0
LINE
8
BLACK
6
CONTINUOUS
10
6.324372086614173
20
-4.3479848031496058
11
6.3253101968503938
21
-4.3461085826771653
0
LINE
8
BLACK
6
CONTINUOUS
10
6.3253101968503938
20
-4.3461085826771653
11
6.325577519685039
21
-4.3458766929133859
0
LINE
8
BLACK
6
CONTINUOUS
10
6.325577519685039
20
-4.3458766929133859
11
6.3257129527559055
21
-4.3455498031496065
0
LINE
8
BLACK
6
CONTINUOUS
10
6.3257129527559055
20
-4.3455498031496065
11
6.3266510236220475
21
-4.3446117322834645
0
LINE
8
BLACK
6
CONTINUOUS
10
6.3266510236220475
20
-4.3446117322834645
11
6.3269779133858268
21
-4.344476299212598
0
LINE
8
BLACK
6
CONTINUOUS
10
6.3269779133858268
20
-4.344476299212598
11
6.3272097637795275
21
-4.3442090157480315
0
LINE
8
BLACK
6
CONTINUOUS
10
6.3272097637795275
20
-4.3442090157480315
11
6.3290859448818892
21
-4.3432709055118108
0
LINE
8
BLACK
6
CONTINUOUS
10
6.3290859448818892
20
-4.3432709055118108
11
6.3295850787401573
21
-4.3432353937007875
0
LINE
8
BLACK
6
CONTINUOUS
10
6.3295850787401573
20
-4.3432353937007875
11
6.3300474803149607
21
-4.343043897637795
0
LINE
8
BLACK
6
CONTINUOUS
10
6.3300474803149607
20
-4.343043897637795
11
6.3375522440944883
21
-4.343043897637795
0
LINE
8
BLACK
6
CONTINUOUS
10
6.3375522440944883
20
-4.343043897637795
11
6.3390725196850388
21
-4.3436736220472438
0
LINE
8
BLACK
6
CONTINUOUS
10
6.3294448425196848
20
-4.3478989763779525
11
6.3290002362204723
21
-4.3483436220472438
0
LINE
8
BLACK
6
CONTINUOUS
10
6.3290002362204723
20
-4.3483436220472438
11
6.3284451181102357
21
-4.349453858267716
0
LINE
8
BLACK
6
CONTINUOUS
10
6.3284451181102357
20
-4.349453858267716
11
6.3284451181102357
21
-4.3512529921259837
0
LINE
8
BLACK
6
CONTINUOUS
10
6.3284451181102357
20
-4.3512529921259837
11
6.3290002362204723
21
-4.3523632283464568
0
LINE
8
BLACK
6
CONTINUOUS
10
6.3290002362204723
20
-4.3523632283464568
11
6.3294448425196848
21
-4.3528078346456693
0
LINE
8
BLACK
6
CONTINUOUS
10
6.3294448425196848
20
-4.3528078346456693
11
6.330555078740157
21
-4.353362952755905
0
LINE
8
BLACK
6
CONTINUOUS
10
6.330555078740157
20
-4.353362952755905
11
6.3354022440944879
21
-4.353362952755905
0
LINE
8
BLACK
6
CONTINUOUS
10
6.3354022440944879
20
-4.353362952755905
11
6.3354022440944879
21
-4.3473438976377956
0
LINE
8
BLACK
6
CONTINUOUS
10
6.3354022440944879
20
-4.3473438976377956
11
6.330555078740157
21
-4.3473438976377956
0
LINE
8
BLACK
6
CONTINUOUS
10
6.330555078740157
20
-4.3473438976377956
11
6.3294448425196848
21
-4.3478989763779525
0
LINE
8
BLACK
6
CONTINUOUS
10
5.8718090944881887
20
-4.2827292519685036
11
5.8733563385826768
21
-4.2840275590551178
0
LINE
8
BLACK
6
CONTINUOUS
10
5.8733563385826768
20
-4.2840275590551178
11
5.8737070866141732
21
-4.2860166929133854
0
LINE
8
BLACK
6
CONTINUOUS
10
5.8737070866141732
20
-4.2860166929133854
11
5.8726971653543307
21
-4.2877658661417319
0
LINE
8
BLACK
6
CONTINUOUS
10
5.8726971653543307
20
-4.2877658661417319
11
5.8707991732283462
21
-4.2884566929133854
0
LINE
8
BLACK
6
CONTINUOUS
10
5.8707991732283462
20
-4.2884566929133854
11
5.8337519291338582
21
-4.2884566929133854
0
LINE
8
BLACK
6
CONTINUOUS
10
5.8337519291338582
20
-4.2884566929133854
11
5.8337519291338582
21
-4.3425511811023618
0
LINE
8
BLACK
6
CONTINUOUS
10
5.8337519291338582
20
-4.3425511811023618
11
5.8707991732283462
21
-4.3425511811023618
0
LINE
8
BLACK
6
CONTINUOUS
10
5.8707991732283462
20
-4.3425511811023618
11
5.8718090944881887
21
-4.3427292519685041
0
LINE
8
BLACK
6
CONTINUOUS
10
5.8718090944881887
20
-4.3427292519685041
11
5.8733563385826768
21
-4.3440275590551183
0
LINE
8
BLACK
6
CONTINUOUS
10
5.8733563385826768
20
-4.3440275590551183
11
5.8737070866141732
21
-4.3460166929133859
0
LINE
8
BLACK
6
CONTINUOUS
10
5.8737070866141732
20
-4.3460166929133859
11
5.8726971653543307
21
-4.3477658661417324
0
LINE
8
BLACK
6
CONTINUOUS
10
5.8726971653543307
20
-4.3477658661417324
11
5.8707991732283462
21
-4.3484566929133859
0
LINE
8
BLACK
6
CONTINUOUS
10
5.8707991732283462
20
-4.3484566929133859
11
5.8307991732283462
21
-4.3484566929133859
0
LINE
8
BLACK
6
CONTINUOUS
10
5.8307991732283462
20
-4.3484566929133859
11
5.8304156299212595
21
-4.3483890551181101
0
LINE
8
BLACK
6
CONTINUOUS
10
5.8304156299212595
20
-4.3483890551181101
11
5.8302864173228341
21
-4.3484118503937008
0
LINE
8
BLACK
6
CONTINUOUS
10
5.8302864173228341
20
-4.3484118503937008
11
5.8301727952755904
21
-4.3483462204724406
0
LINE
8
BLACK
6
CONTINUOUS
10
5.8301727952755904
20
-4.3483462204724406
11
5.8297892519685037
21
-4.3482786220472436
0
LINE
8
BLACK
6
CONTINUOUS
10
5.8297892519685037
20
-4.3482786220472436
11
5.8292015354330706
21
-4.347785472440945
0
LINE
8
BLACK
6
CONTINUOUS
10
5.8292015354330706
20
-4.347785472440945
11
5.8285372440944885
21
-4.3474019291338584
0
LINE
8
BLACK
6
CONTINUOUS
10
5.8285372440944885
20
-4.3474019291338584
11
5.8284461023622045
21
-4.3471515748031493
0
LINE
8
BLACK
6
CONTINUOUS
10
5.8284461023622045
20
-4.3471515748031493
11
5.8282420078740156
21
-4.3469803149606294
0
LINE
8
BLACK
6
CONTINUOUS
10
5.8282420078740156
20
-4.3469803149606294
11
5.8281087401574805
21
-4.3462247244094483
0
LINE
8
BLACK
6
CONTINUOUS
10
5.8281087401574805
20
-4.3462247244094483
11
5.8278464173228341
21
-4.3455039370078739
0
LINE
8
BLACK
6
CONTINUOUS
10
5.8278464173228341
20
-4.3455039370078739
11
5.8278464173228341
21
-4.2855039370078742
0
LINE
8
BLACK
6
CONTINUOUS
10
5.8278464173228341
20
-4.2855039370078742
11
5.8279140157480311
21
-4.2851203937007876
0
LINE
8
BLACK
6
CONTINUOUS
10
5.8279140157480311
20
-4.2851203937007876
11
5.8278912598425192
21
-4.2849911811023622
0
LINE
8
BLACK
6
CONTINUOUS
10
5.8278912598425192
20
-4.2849911811023622
11
5.8279568503937007
21
-4.2848775590551176
0
LINE
8
BLACK
6
CONTINUOUS
10
5.8279568503937007
20
-4.2848775590551176
11
5.8280244881889764
21
-4.2844940157480318
0
LINE
8
BLACK
6
CONTINUOUS
10
5.8280244881889764
20
-4.2844940157480318
11
5.8285175984251971
21
-4.2839062992125987
0
LINE
8
BLACK
6
CONTINUOUS
10
5.8285175984251971
20
-4.2839062992125987
11
5.8289011811023617
21
-4.2832420078740157
0
LINE
8
BLACK
6
CONTINUOUS
10
5.8289011811023617
20
-4.2832420078740157
11
5.829151496062992
21
-4.2831508661417326
0
LINE
8
BLACK
6
CONTINUOUS
10
5.829151496062992
20
-4.2831508661417326
11
5.8293227952755906
21
-4.2829467716535436
0
LINE
8
BLACK
6
CONTINUOUS
10
5.8293227952755906
20
-4.2829467716535436
11
5.830078346456693
21
-4.2828135039370077
0
LINE
8
BLACK
6
CONTINUOUS
10
5.830078346456693
20
-4.2828135039370077
11
5.8307991732283462
21
-4.2825511811023622
0
LINE
8
BLACK
6
CONTINUOUS
10
5.8307991732283462
20
-4.2825511811023622
11
5.8707991732283462
21
-4.2825511811023622
0
LINE
8
BLACK
6
CONTINUOUS
10
5.8707991732283462
20
-4.2825511811023622
11
5.8718090944881887
21
-4.2827292519685036
0
LINE
8
BLACK
6
CONTINUOUS
10
5.9511826771653542
20
-4.2826187795275592
11
5.9513119291338583
21
-4.2825960236220473
0
LINE
8
BLACK
6
CONTINUOUS
10
5.9513119291338583
20
-4.2825960236220473
11
5.9514255118110233
21
-4.2826616141732279
0
LINE
8
BLACK
6
CONTINUOUS
10
5.9514255118110233
20
-4.2826616141732279
11
5.9518090944881887
21
-4.2827292519685036
0
LINE
8
BLACK
6
CONTINUOUS
10
5.9518090944881887
20
-4.2827292519685036
11
5.9523967716535431
21
-4.2832223622047243
0
LINE
8
BLACK
6
CONTINUOUS
10
5.9523967716535431
20
-4.2832223622047243
11
5.9530611023622049
21
-4.2836059448818897
0
LINE
8
BLACK
6
CONTINUOUS
10
5.9530611023622049
20
-4.2836059448818897
11
5.9531522047244092
21
-4.2838562598425192
0
LINE
8
BLACK
6
CONTINUOUS
10
5.9531522047244092
20
-4.2838562598425192
11
5.9533563385826769
21
-4.2840275590551178
0
LINE
8
BLACK
6
CONTINUOUS
10
5.9533563385826769
20
-4.2840275590551178
11
5.9534895669291341
21
-4.2847831102362202
0
LINE
8
BLACK
6
CONTINUOUS
10
5.9534895669291341
20
-4.2847831102362202
11
5.9537519291338583
21
-4.2855039370078742
0
LINE
8
BLACK
6
CONTINUOUS
10
5.9537519291338583
20
-4.2855039370078742
11
5.9537519291338583
21
-4.3455039370078739
0
LINE
8
BLACK
6
CONTINUOUS
10
5.9537519291338583
20
-4.3455039370078739
11
5.9536842913385826
21
-4.3458874409448818
0
LINE
8
BLACK
6
CONTINUOUS
10
5.9536842913385826
20
-4.3458874409448818
11
5.9537070866141732
21
-4.3460166929133859
0
LINE
8
BLACK
6
CONTINUOUS
10
5.9537070866141732
20
-4.3460166929133859
11
5.953641456692913
21
-4.3461302755905509
0
LINE
8
BLACK
6
CONTINUOUS
10
5.953641456692913
20
-4.3461302755905509
11
5.953573858267716
21
-4.3465138582677163
0
LINE
8
BLACK
6
CONTINUOUS
10
5.953573858267716
20
-4.3465138582677163
11
5.9530807086614175
21
-4.3471015354330707
0
LINE
8
BLACK
6
CONTINUOUS
10
5.9530807086614175
20
-4.3471015354330707
11
5.9526971653543308
21
-4.3477658661417324
0
LINE
8
BLACK
6
CONTINUOUS
10
5.9526971653543308
20
-4.3477658661417324
11
5.9524468110236217
21
-4.3478569685039368
0
LINE
8
BLACK
6
CONTINUOUS
10
5.9524468110236217
20
-4.3478569685039368
11
5.9522755511811019
21
-4.3480611023622044
0
LINE
8
BLACK
6
CONTINUOUS
10
5.9522755511811019
20
-4.3480611023622044
11
5.9515199606299207
21
-4.3481943307086617
0
LINE
8
BLACK
6
CONTINUOUS
10
5.9515199606299207
20
-4.3481943307086617
11
5.9507991732283463
21
-4.3484566929133859
0
LINE
8
BLACK
6
CONTINUOUS
10
5.9507991732283463
20
-4.3484566929133859
11
5.9107991732283462
21
-4.3484566929133859
0
LINE
8
BLACK
6
CONTINUOUS
10
5.9107991732283462
20
-4.3484566929133859
11
5.9097892519685038
21
-4.3482786220472436
0
LINE
8
BLACK
6
CONTINUOUS
10
5.9097892519685038
20
-4.3482786220472436
11
5.9082420078740157
21
-4.3469803149606294
0
LINE
8
BLACK
6
CONTINUOUS
10
5.9082420078740157
20
-4.3469803149606294
11
5.9078912598425193
21
-4.3449911811023618
0
LINE
8
BLACK
6
CONTINUOUS
10
5.9078912598425193
20
-4.3449911811023618
11
5.9089011811023617
21
-4.3432420078740153
0
LINE
8
BLACK
6
CONTINUOUS
10
5.9089011811023617
20
-4.3432420078740153
11
5.9107991732283462
21
-4.3425511811023618
0
LINE
8
BLACK
6
CONTINUOUS
10
5.9107991732283462
20
-4.3425511811023618
11
5.9478464173228343
21
-4.3425511811023618
0
LINE
8
BLACK
6
CONTINUOUS
10
5.9478464173228343
20
-4.3425511811023618
11
5.9478464173228343
21
-4.2884566929133854
0
LINE
8
BLACK
6
CONTINUOUS
10
5.9478464173228343
20
-4.2884566929133854
11
5.914876181102362
21
-4.2884566929133854
0
LINE
8
BLACK
6
CONTINUOUS
10
5.914876181102362
20
-4.2884566929133854
11
5.9149427952755902
21
-4.2885012992125979
0
LINE
8
BLACK
6
CONTINUOUS
10
5.9149427952755902
20
-4.2885012992125979
11
5.9167009448818897
21
-4.291138464566929
0
LINE
8
BLACK
6
CONTINUOUS
10
5.9167009448818897
20
-4.291138464566929
11
5.9181798425196845
21
-4.2926173622047239
0
LINE
8
BLACK
6
CONTINUOUS
10
5.9181798425196845
20
-4.2926173622047239
11
5.919744015748031
21
-4.2933994488188976
0
LINE
8
BLACK
6
CONTINUOUS
10
5.919744015748031
20
-4.2933994488188976
11
5.9208221259842517
21
-4.294642598425197
0
LINE
8
BLACK
6
CONTINUOUS
10
5.9208221259842517
20
-4.294642598425197
11
5.9207054724409449
21
-4.2962840157480313
0
LINE
8
BLACK
6
CONTINUOUS
10
5.9207054724409449
20
-4.2962840157480313
11
5.9194623622047242
21
-4.2973621653543308
0
LINE
8
BLACK
6
CONTINUOUS
10
5.9194623622047242
20
-4.2973621653543308
11
5.9178209448818899
21
-4.2972454724409443
0
LINE
8
BLACK
6
CONTINUOUS
10
5.9178209448818899
20
-4.2972454724409443
11
5.9159447637795273
21
-4.2963073622047245
0
LINE
8
BLACK
6
CONTINUOUS
10
5.9159447637795273
20
-4.2963073622047245
11
5.9157129133858266
21
-4.2960400393700784
0
LINE
8
BLACK
6
CONTINUOUS
10
5.9157129133858266
20
-4.2960400393700784
11
5.9153860236220472
21
-4.2959046456692915
0
LINE
8
BLACK
6
CONTINUOUS
10
5.9153860236220472
20
-4.2959046456692915
11
5.915303897637795
21
-4.2958225196850393
0
LINE
8
BLACK
6
CONTINUOUS
10
5.915303897637795
20
-4.2958225196850393
11
5.915303897637795
21
-4.3072438976377949
0
LINE
8
BLACK
6
CONTINUOUS
10
5.915303897637795
20
-4.3072438976377949
11
5.9187824803149605
21
-4.3072438976377949
0
LINE
8
BLACK
6
CONTINUOUS
10
5.9187824803149605
20
-4.3072438976377949
11
5.9203027559055119
21
-4.3078736220472438
0
LINE
8
BLACK
6
CONTINUOUS
10
5.9203027559055119
20
-4.3078736220472438
11
5.9209324803149608
21
-4.3093938976377952
0
LINE
8
BLACK
6
CONTINUOUS
10
5.9209324803149608
20
-4.3093938976377952
11
5.9203027559055119
21
-4.3109141732283467
0
LINE
8
BLACK
6
CONTINUOUS
10
5.9203027559055119
20
-4.3109141732283467
11
5.9187824803149605
21
-4.3115438976377956
0
LINE
8
BLACK
6
CONTINUOUS
10
5.9187824803149605
20
-4.3115438976377956
11
5.9131538976377955
21
-4.3115438976377956
0
LINE
8
BLACK
6
CONTINUOUS
10
5.9131538976377955
20
-4.3115438976377956
11
5.9075253543307085
21
-4.3115438976377956
0
LINE
8
BLACK
6
CONTINUOUS
10
5.9075253543307085
20
-4.3115438976377956
11
5.906005078740157
21
-4.3109141732283467
0
LINE
8
BLACK
6
CONTINUOUS
10
5.906005078740157
20
-4.3109141732283467
11
5.9053753543307081
21
-4.3093938976377952
0
LINE
8
BLACK
6
CONTINUOUS
10
5.9053753543307081
20
-4.3093938976377952
11
5.906005078740157
21
-4.3078736220472438
0
LINE
8
BLACK
6
CONTINUOUS
10
5.906005078740157
20
-4.3078736220472438
11
5.9075253543307085
21
-4.3072438976377949
0
LINE
8
BLACK
6
CONTINUOUS
10
5.9075253543307085
20
-4.3072438976377949
11
5.9110038976377952
21
-4.3072438976377949
0
LINE
8
BLACK
6
CONTINUOUS
10
5.9110038976377952
20
-4.3072438976377949
11
5.9110038976377952
21
-4.289693897637795
0
LINE
8
BLACK
6
CONTINUOUS
10
5.9110038976377952
20
-4.289693897637795
11
5.9110885826771655
21
-4.289489330708661
0
LINE
8
BLACK
6
CONTINUOUS
10
5.9110885826771655
20
-4.289489330708661
11
5.9110456692913385
21
-4.2892722440944882
0
LINE
8
BLACK
6
CONTINUOUS
10
5.9110456692913385
20
-4.2892722440944882
11
5.9113939763779531
21
-4.2887520866141733
0
LINE
8
BLACK
6
CONTINUOUS
10
5.9113939763779531
20
-4.2887520866141733
11
5.9115163385826772
21
-4.2884566929133854
0
LINE
8
BLACK
6
CONTINUOUS
10
5.9115163385826772
20
-4.2884566929133854
11
5.9107991732283462
21
-4.2884566929133854
0
LINE
8
BLACK
6
CONTINUOUS
10
5.9107991732283462
20
-4.2884566929133854
11
5.9097892519685038
21
-4.288278622047244
0
LINE
8
BLACK
6
CONTINUOUS
10
5.9097892519685038
20
-4.288278622047244
11
5.9082420078740157
21
-4.2869803149606298
0
LINE
8
BLACK
6
CONTINUOUS
10
5.9082420078740157
20
-4.2869803149606298
11
5.9078912598425193
21
-4.2849911811023622
0
LINE
8
BLACK
6
CONTINUOUS
10
5.9078912598425193
20
-4.2849911811023622
11
5.9089011811023617
21
-4.2832420078740157
0
LINE
8
BLACK
6
CONTINUOUS
10
5.9089011811023617
20
-4.2832420078740157
11
5.9107991732283462
21
-4.2825511811023622
0
LINE
8
BLACK
6
CONTINUOUS
10
5.9107991732283462
20
-4.2825511811023622
11
5.9507991732283463
21
-4.2825511811023622
0
LINE
8
BLACK
6
CONTINUOUS
10
5.9507991732283463
20
-4.2825511811023622
11
5.9511826771653542
21
-4.2826187795275592
0
LINE
8
BLACK
6
CONTINUOUS
10
6.1728000787401571
20
-4.2584426377952758
11
6.1729293307086612
21
-4.2584198818897638
0
LINE
8
BLACK
6
CONTINUOUS
10
6.1729293307086612
20
-4.2584198818897638
11
6.1730429133858262
21
-4.2584854724409444
0
LINE
8
BLACK
6
CONTINUOUS
10
6.1730429133858262
20
-4.2584854724409444
11
6.1734264960629917
21
-4.2585531102362202
0
LINE
8
BLACK
6
CONTINUOUS
10
6.1734264960629917
20
-4.2585531102362202
11
6.174014173228346
21
-4.2590462204724409
0
LINE
8
BLACK
6
CONTINUOUS
10
6.174014173228346
20
-4.2590462204724409
11
6.1746785039370078
21
-4.2594298031496063
0
LINE
8
BLACK
6
CONTINUOUS
10
6.1746785039370078
20
-4.2594298031496063
11
6.1747696062992121
21
-4.2596801181102357
0
LINE
8
BLACK
6
CONTINUOUS
10
6.1747696062992121
20
-4.2596801181102357
11
6.1749737401574798
21
-4.2598514173228343
0
LINE
8
BLACK
6
CONTINUOUS
10
6.1749737401574798
20
-4.2598514173228343
11
6.175106968503937
21
-4.2606069685039367
0
LINE
8
BLACK
6
CONTINUOUS
10
6.175106968503937
20
-4.2606069685039367
11
6.1753693307086612
21
-4.2613277952755908
0
LINE
8
BLACK
6
CONTINUOUS
10
6.1753693307086612
20
-4.2613277952755908
11
6.1753693307086612
21
-4.3113277952755906
0
LINE
8
BLACK
6
CONTINUOUS
10
6.1753693307086612
20
-4.3113277952755906
11
6.1753016929133855
21
-4.3117112992125985
0
LINE
8
BLACK
6
CONTINUOUS
10
6.1753016929133855
20
-4.3117112992125985
11
6.1753244881889762
21
-4.3118405511811027
0
LINE
8
BLACK
6
CONTINUOUS
10
6.1753244881889762
20
-4.3118405511811027
11
6.1752588582677168
21
-4.3119541338582676
0
LINE
8
BLACK
6
CONTINUOUS
10
6.1752588582677168
20
-4.3119541338582676
11
6.1751912598425198
21
-4.3123377165354331
0
LINE
8
BLACK
6
CONTINUOUS
10
6.1751912598425198
20
-4.3123377165354331
11
6.1746981102362204
21
-4.3129253937007874
0
LINE
8
BLACK
6
CONTINUOUS
10
6.1746981102362204
20
-4.3129253937007874
11
6.1743145669291337
21
-4.3135897244094483
0
LINE
8
BLACK
6
CONTINUOUS
10
6.1743145669291337
20
-4.3135897244094483
11
6.1740642125984246
21
-4.3136808267716535
0
LINE
8
BLACK
6
CONTINUOUS
10
6.1740642125984246
20
-4.3136808267716535
11
6.1738929527559057
21
-4.3138849606299212
0
LINE
8
BLACK
6
CONTINUOUS
10
6.1738929527559057
20
-4.3138849606299212
11
6.1731373622047245
21
-4.3140181889763776
0
LINE
8
BLACK
6
CONTINUOUS
10
6.1731373622047245
20
-4.3140181889763776
11
6.1724165748031492
21
-4.3142805511811027
0
LINE
8
BLACK
6
CONTINUOUS
10
6.1724165748031492
20
-4.3142805511811027
11
6.1605118110236221
21
-4.3142805511811027
0
LINE
8
BLACK
6
CONTINUOUS
10
6.1605118110236221
20
-4.3142805511811027
11
6.1596424015748026
21
-4.3141272440944878
0
LINE
8
BLACK
6
CONTINUOUS
10
6.1596424015748026
20
-4.3141272440944878
11
6.1595780708661412
21
-4.3141290157480316
0
LINE
8
BLACK
6
CONTINUOUS
10
6.1595780708661412
20
-4.3141290157480316
11
6.1524351968503934
21
-4.311748070866142
0
LINE
8
BLACK
6
CONTINUOUS
10
6.1524351968503934
20
-4.311748070866142
11
6.1515334251968499
21
-4.3112598031496061
0
LINE
8
BLACK
6
CONTINUOUS
10
6.1515334251968499
20
-4.3112598031496061
11
6.1514409842519679
21
-4.3111093307086614
0
LINE
8
BLACK
6
CONTINUOUS
10
6.1514409842519679
20
-4.3111093307086614
11
6.1512810236220474
21
-4.3110347637795279
0
LINE
8
BLACK
6
CONTINUOUS
10
6.1512810236220474
20
-4.3110347637795279
11
6.1465191338582672
21
-4.3062728346456689
0
LINE
8
BLACK
6
CONTINUOUS
10
6.1465191338582672
20
-4.3062728346456689
11
6.1460127952755901
21
-4.3055497637795277
0
LINE
8
BLACK
6
CONTINUOUS
10
6.1460127952755901
20
-4.3055497637795277
11
6.145966023622047
21
-4.3055054724409452
0
LINE
8
BLACK
6
CONTINUOUS
10
6.145966023622047
20
-4.3055054724409452
11
6.1435850393700786
21
-4.3007435433070862
0
LINE
8
BLACK
6
CONTINUOUS
10
6.1435850393700786
20
-4.3007435433070862
11
6.1434397244094487
21
-4.3002550787401574
0
LINE
8
BLACK
6
CONTINUOUS
10
6.1434397244094487
20
-4.3002550787401574
11
6.1433614566929133
21
-4.300139173228346
0
LINE
8
BLACK
6
CONTINUOUS
10
6.1433614566929133
20
-4.300139173228346
11
6.1409805118110237
21
-4.2906153543307086
0
LINE
8
BLACK
6
CONTINUOUS
10
6.1409805118110237
20
-4.2906153543307086
11
6.1409390157480317
21
-4.2900274409448818
0
LINE
8
BLACK
6
CONTINUOUS
10
6.1409390157480317
20
-4.2900274409448818
11
6.140892362204724
21
-4.2898992125984252
0
LINE
8
BLACK
6
CONTINUOUS
10
6.140892362204724
20
-4.2898992125984252
11
6.140892362204724
21
-4.2827563385826775
0
LINE
8
BLACK
6
CONTINUOUS
10
6.140892362204724
20
-4.2827563385826775
11
6.1409946850393702
21
-4.2821759448818897
0
LINE
8
BLACK
6
CONTINUOUS
10
6.1409946850393702
20
-4.2821759448818897
11
6.1409805118110237
21
-4.2820401968503932
0
LINE
8
BLACK
6
CONTINUOUS
10
6.1409805118110237
20
-4.2820401968503932
11
6.1433614566929133
21
-4.2725164173228345
0
LINE
8
BLACK
6
CONTINUOUS
10
6.1433614566929133
20
-4.2725164173228345
11
6.1435690157480316
21
-4.2720509448818893
0
LINE
8
BLACK
6
CONTINUOUS
10
6.1435690157480316
20
-4.2720509448818893
11
6.1435850393700786
21
-4.2719120472440943
0
LINE
8
BLACK
6
CONTINUOUS
10
6.1435850393700786
20
-4.2719120472440943
11
6.145966023622047
21
-4.2671501181102363
0
LINE
8
BLACK
6
CONTINUOUS
10
6.145966023622047
20
-4.2671501181102363
11
6.1464918503937005
21
-4.2664411417322832
0
LINE
8
BLACK
6
CONTINUOUS
10
6.1464918503937005
20
-4.2664411417322832
11
6.1465191338582672
21
-4.2663827165354329
0
LINE
8
BLACK
6
CONTINUOUS
10
6.1465191338582672
20
-4.2663827165354329
11
6.1512810236220474
21
-4.2616208267716535
0
LINE
8
BLACK
6
CONTINUOUS
10
6.1512810236220474
20
-4.2616208267716535
11
6.1521210629921255
21
-4.2610326377952754
0
LINE
8
BLACK
6
CONTINUOUS
10
6.1521210629921255
20
-4.2610326377952754
11
6.1522968897637798
21
-4.2610172440944885
0
LINE
8
BLACK
6
CONTINUOUS
10
6.1522968897637798
20
-4.2610172440944885
11
6.1524351968503934
21
-4.2609075196850394
0
LINE
8
BLACK
6
CONTINUOUS
10
6.1524351968503934
20
-4.2609075196850394
11
6.1595780708661412
21
-4.2585265748031498
0
LINE
8
BLACK
6
CONTINUOUS
10
6.1595780708661412
20
-4.2585265748031498
11
6.1604512204724404
21
-4.2583970866141732
0
LINE
8
BLACK
6
CONTINUOUS
10
6.1604512204724404
20
-4.2583970866141732
11
6.1605118110236221
21
-4.2583750393700788
0
LINE
8
BLACK
6
CONTINUOUS
10
6.1605118110236221
20
-4.2583750393700788
11
6.1724165748031492
21
-4.2583750393700788
0
LINE
8
BLACK
6
CONTINUOUS
10
6.1724165748031492
20
-4.2583750393700788
11
6.1728000787401571
21
-4.2584426377952758
0
LINE
8
BLACK
6
CONTINUOUS
10
6.1549639370078735
20
-4.2662895275590547
11
6.1510337401574802
21
-4.2702197244094489
0
LINE
8
BLACK
6
CONTINUOUS
10
6.1510337401574802
20
-4.2702197244094489
11
6.1490120472440948
21
-4.2742631102362205
0
LINE
8
BLACK
6
CONTINUOUS
10
6.1490120472440948
20
-4.2742631102362205
11
6.1467978740157481
21
-4.283119881889764
0
LINE
8
BLACK
6
CONTINUOUS
10
6.1467978740157481
20
-4.283119881889764
11
6.1467978740157481
21
-4.2895356692913387
0
LINE
8
BLACK
6
CONTINUOUS
10
6.1467978740157481
20
-4.2895356692913387
11
6.1490120472440948
21
-4.2983924409448822
0
LINE
8
BLACK
6
CONTINUOUS
10
6.1490120472440948
20
-4.2983924409448822
11
6.1510337401574802
21
-4.3024357874015751
0
LINE
8
BLACK
6
CONTINUOUS
10
6.1510337401574802
20
-4.3024357874015751
11
6.1549639763779522
21
-4.3063660629921259
0
LINE
8
BLACK
6
CONTINUOUS
10
6.1549639763779522
20
-4.3063660629921259
11
6.16099094488189
21
-4.3083750393700786
0
LINE
8
BLACK
6
CONTINUOUS
10
6.16099094488189
20
-4.3083750393700786
11
6.1694638188976381
21
-4.3083750393700786
0
LINE
8
BLACK
6
CONTINUOUS
10
6.1694638188976381
20
-4.3083750393700786
11
6.1694638188976381
21
-4.2642805511811019
0
LINE
8
BLACK
6
CONTINUOUS
10
6.1694638188976381
20
-4.2642805511811019
11
6.16099094488189
21
-4.2642805511811019
0
LINE
8
BLACK
6
CONTINUOUS
10
6.16099094488189
20
-4.2642805511811019
11
6.1549639370078735
21
-4.2662895275590547
0
LINE
8
BLACK
6
CONTINUOUS
10
6.11443842519685
20
-4.2564309842519688
11
6.115693976377953
21
-4.2580131102362202
0
LINE
8
BLACK
6
CONTINUOUS
10
6.115693976377953
20
-4.2580131102362202
11
6.1275987401574801
21
-4.2937273622047245
0
LINE
8
BLACK
6
CONTINUOUS
10
6.1275987401574801
20
-4.2937273622047245
11
6.127749173228346
21
-4.294741771653543
0
LINE
8
BLACK
6
CONTINUOUS
10
6.127749173228346
20
-4.294741771653543
11
6.1276662204724408
21
-4.2949515748031493
0
LINE
8
BLACK
6
CONTINUOUS
10
6.1276662204724408
20
-4.2949515748031493
11
6.127705433070866
21
-4.2951738582677166
0
LINE
8
BLACK
6
CONTINUOUS
10
6.127705433070866
20
-4.2951738582677166
11
6.1273027559055118
21
-4.2958712598425199
0
LINE
8
BLACK
6
CONTINUOUS
10
6.1273027559055118
20
-4.2958712598425199
11
6.1270067716535435
21
-4.2966201968503936
0
LINE
8
BLACK
6
CONTINUOUS
10
6.1270067716535435
20
-4.2966201968503936
11
6.1268083070866144
21
-4.2967276377952759
0
LINE
8
BLACK
6
CONTINUOUS
10
6.1268083070866144
20
-4.2967276377952759
11
6.1266955118110236
21
-4.2969230314960631
0
LINE
8
BLACK
6
CONTINUOUS
10
6.1266955118110236
20
-4.2969230314960631
11
6.1259388582677161
21
-4.2971983858267713
0
LINE
8
BLACK
6
CONTINUOUS
10
6.1259388582677161
20
-4.2971983858267713
11
6.1252306299212593
21
-4.2975819291338579
0
LINE
8
BLACK
6
CONTINUOUS
10
6.1252306299212593
20
-4.2975819291338579
11
6.1250095275590546
21
-4.2975366535433066
0
LINE
8
BLACK
6
CONTINUOUS
10
6.1250095275590546
20
-4.2975366535433066
11
6.124797519685039
21
-4.2976138582677166
0
LINE
8
BLACK
6
CONTINUOUS
10
6.124797519685039
20
-4.2976138582677166
11
6.103940748031496
21
-4.2976138582677166
0
LINE
8
BLACK
6
CONTINUOUS
10
6.103940748031496
20
-4.2976138582677166
11
6.103940748031496
21
-4.3113277952755906
0
LINE
8
BLACK
6
CONTINUOUS
10
6.103940748031496
20
-4.3113277952755906
11
6.1037626771653546
21
-4.3123377165354331
0
LINE
8
BLACK
6
CONTINUOUS
10
6.1037626771653546
20
-4.3123377165354331
11
6.1024643700787404
21
-4.3138849606299212
0
LINE
8
BLACK
6
CONTINUOUS
10
6.1024643700787404
20
-4.3138849606299212
11
6.1004752362204719
21
-4.3142357086614176
0
LINE
8
BLACK
6
CONTINUOUS
10
6.1004752362204719
20
-4.3142357086614176
11
6.0987260629921263
21
-4.3132257874015751
0
LINE
8
BLACK
6
CONTINUOUS
10
6.0987260629921263
20
-4.3132257874015751
11
6.0980352362204719
21
-4.3113277952755906
0
LINE
8
BLACK
6
CONTINUOUS
10
6.0980352362204719
20
-4.3113277952755906
11
6.0980352362204719
21
-4.2976138582677166
0
LINE
8
BLACK
6
CONTINUOUS
10
6.0980352362204719
20
-4.2976138582677166
11
6.0938451181102362
21
-4.2976138582677166
0
LINE
8
BLACK
6
CONTINUOUS
10
6.0938451181102362
20
-4.2976138582677166
11
6.0928351968503938
21
-4.2974357874015743
0
LINE
8
BLACK
6
CONTINUOUS
10
6.0928351968503938
20
-4.2974357874015743
11
6.0912879527559056
21
-4.2961374803149601
0
LINE
8
BLACK
6
CONTINUOUS
10
6.0912879527559056
20
-4.2961374803149601
11
6.0909372047244092
21
-4.2941483464566925
0
LINE
8
BLACK
6
CONTINUOUS
10
6.0909372047244092
20
-4.2941483464566925
11
6.0919471259842517
21
-4.292399173228346
0
LINE
8
BLACK
6
CONTINUOUS
10
6.0919471259842517
20
-4.292399173228346
11
6.0938451181102362
21
-4.2917083464566925
0
LINE
8
BLACK
6
CONTINUOUS
10
6.0938451181102362
20
-4.2917083464566925
11
6.0980352362204719
21
-4.2917083464566925
0
LINE
8
BLACK
6
CONTINUOUS
10
6.0980352362204719
20
-4.2917083464566925
11
6.0980352362204719
21
-4.2779944488188972
0
LINE
8
BLACK
6
CONTINUOUS
10
6.0980352362204719
20
-4.2779944488188972
11
6.0982133070866142
21
-4.2769845275590548
0
LINE
8
BLACK
6
CONTINUOUS
10
6.0982133070866142
20
-4.2769845275590548
11
6.0995116141732284
21
-4.2754372834645666
0
LINE
8
BLACK
6
CONTINUOUS
10
6.0995116141732284
20
-4.2754372834645666
11
6.101500748031496
21
-4.2750865354330712
0
LINE
8
BLACK
6
CONTINUOUS
10
6.101500748031496
20
-4.2750865354330712
11
6.1032499212598426
21
-4.2760964566929136
0
LINE
8
BLACK
6
CONTINUOUS
10
6.1032499212598426
20
-4.2760964566929136
11
6.103940748031496
21
-4.2779944488188972
0
LINE
8
BLACK
6
CONTINUOUS
10
6.103940748031496
20
-4.2779944488188972
11
6.103940748031496
21
-4.2917083464566925
0
LINE
8
BLACK
6
CONTINUOUS
10
6.103940748031496
20
-4.2917083464566925
11
6.1207007874015744
21
-4.2917083464566925
0
LINE
8
BLACK
6
CONTINUOUS
10
6.1207007874015744
20
-4.2917083464566925
11
6.1100915354330709
21
-4.2598805905511812
0
LINE
8
BLACK
6
CONTINUOUS
10
6.1100915354330709
20
-4.2598805905511812
11
6.109941102362205
21
-4.2588661811023618
0
LINE
8
BLACK
6
CONTINUOUS
10
6.109941102362205
20
-4.2588661811023618
11
6.1106835039370075
21
-4.2569877952755908
0
LINE
8
BLACK
6
CONTINUOUS
10
6.1106835039370075
20
-4.2569877952755908
11
6.1124596456692908
21
-4.2560260236220468
0
LINE
8
BLACK
6
CONTINUOUS
10
6.1124596456692908
20
-4.2560260236220468
11
6.11443842519685
21
-4.2564309842519688
0
LINE
8
BLACK
6
CONTINUOUS
10
6.1951235039370074
20
-4.2572398818897641
11
6.2186542913385825
21
-4.2807706299212596
0
LINE
8
BLACK
6
CONTINUOUS
10
6.2186542913385825
20
-4.2807706299212596
11
6.2186542913385825
21
-4.2593277952755901
0
LINE
8
BLACK
6
CONTINUOUS
10
6.2186542913385825
20
-4.2593277952755901
11
6.2188323622047239
21
-4.2583178740157477
0
LINE
8
BLACK
6
CONTINUOUS
10
6.2188323622047239
20
-4.2583178740157477
11
6.2201306692913381
21
-4.2567706299212595
0
LINE
8
BLACK
6
CONTINUOUS
10
6.2201306692913381
20
-4.2567706299212595
11
6.2221198031496066
21
-4.2564198818897641
0
LINE
8
BLACK
6
CONTINUOUS
10
6.2221198031496066
20
-4.2564198818897641
11
6.2238689763779522
21
-4.2574298031496065
0
LINE
8
BLACK
6
CONTINUOUS
10
6.2238689763779522
20
-4.2574298031496065
11
6.2245598031496066
21
-4.2593277952755901
0
LINE
8
BLACK
6
CONTINUOUS
10
6.2245598031496066
20
-4.2593277952755901
11
6.2245598031496066
21
-4.3093277952755908
0
LINE
8
BLACK
6
CONTINUOUS
10
6.2245598031496066
20
-4.3093277952755908
11
6.2243817322834643
21
-4.3103377165354333
0
LINE
8
BLACK
6
CONTINUOUS
10
6.2243817322834643
20
-4.3103377165354333
11
6.2230834251968501
21
-4.3118849606299214
0
LINE
8
BLACK
6
CONTINUOUS
10
6.2230834251968501
20
-4.3118849606299214
11
6.2210942913385825
21
-4.3122357086614169
0
LINE
8
BLACK
6
CONTINUOUS
10
6.2210942913385825
20
-4.3122357086614169
11
6.2193451181102359
21
-4.3112257874015745
0
LINE
8
BLACK
6
CONTINUOUS
10
6.2193451181102359
20
-4.3112257874015745
11
6.2186542913385825
21
-4.3093277952755908
0
LINE
8
BLACK
6
CONTINUOUS
10
6.2186542913385825
20
-4.3093277952755908
11
6.2186542913385825
21
-4.2891222834645673
0
LINE
8
BLACK
6
CONTINUOUS
10
6.2186542913385825
20
-4.2891222834645673
11
6.2147836220472437
21
-4.2852516141732284
0
LINE
8
BLACK
6
CONTINUOUS
10
6.2147836220472437
20
-4.2852516141732284
11
6.1953977952755901
21
-4.3110994488188972
0
LINE
8
BLACK
6
CONTINUOUS
10
6.1953977952755901
20
-4.3110994488188972
11
6.1946493700787402
21
-4.3118005511811024
0
LINE
8
BLACK
6
CONTINUOUS
10
6.1946493700787402
20
-4.3118005511811024
11
6.1926824015748032
21
-4.3122593700787402
0
LINE
8
BLACK
6
CONTINUOUS
10
6.1926824015748032
20
-4.3122593700787402
11
6.19088062992126
21
-4.3113464566929132
0
LINE
8
BLACK
6
CONTINUOUS
10
6.19088062992126
20
-4.3113464566929132
11
6.1900872440944879
21
-4.3094890157480314
0
LINE
8
BLACK
6
CONTINUOUS
10
6.1900872440944879
20
-4.3094890157480314
11
6.1906733858267717
21
-4.3075561417322836
0
LINE
8
BLACK
6
CONTINUOUS
10
6.1906733858267717
20
-4.3075561417322836
11
6.2105653937007874
21
-4.2810333858267713
0
LINE
8
BLACK
6
CONTINUOUS
10
6.2105653937007874
20
-4.2810333858267713
11
6.1909476771653544
21
-4.2614157086614171
0
LINE
8
BLACK
6
CONTINUOUS
10
6.1909476771653544
20
-4.2614157086614171
11
6.1903594881889763
21
-4.2605756692913381
0
LINE
8
BLACK
6
CONTINUOUS
10
6.1903594881889763
20
-4.2605756692913381
11
6.1901834251968504
21
-4.2585635826771648
0
LINE
8
BLACK
6
CONTINUOUS
10
6.1901834251968504
20
-4.2585635826771648
11
6.191341968503937
21
-4.2569090157480316
0
LINE
8
BLACK
6
CONTINUOUS
10
6.191341968503937
20
-4.2569090157480316
11
6.193292913385827
21
-4.2563862992125987
0
LINE
8
BLACK
6
CONTINUOUS
10
6.193292913385827
20
-4.2563862992125987
11
6.1951235039370074
21
-4.2572398818897641
0
LINE
8
BLACK
6
CONTINUOUS
10
6.2325217322834643
20
-4.2297292519685037
11
6.2329302755905509
21
-4.2300720472440947
0
LINE
8
BLACK
6
CONTINUOUS
10
6.2329302755905509
20
-4.2300720472440947
11
6.2330354330708664
21
-4.2299467716535428
0
LINE
8
BLACK
6
CONTINUOUS
10
6.2330354330708664
20
-4.2299467716535428
11
6.235024566929134
21
-4.2295960236220473
0
LINE
8
BLACK
6
CONTINUOUS
10
6.235024566929134
20
-4.2295960236220473
11
6.2367737401574805
21
-4.2306059448818898
0
LINE
8
BLACK
6
CONTINUOUS
10
6.2367737401574805
20
-4.2306059448818898
11
6.237464566929134
21
-4.2325039370078743
0
LINE
8
BLACK
6
CONTINUOUS
10
6.237464566929134
20
-4.2325039370078743
11
6.237464566929134
21
-4.3445039370078735
0
LINE
8
BLACK
6
CONTINUOUS
10
6.237464566929134
20
-4.3445039370078735
11
6.2372864960629917
21
-4.3455138582677169
0
LINE
8
BLACK
6
CONTINUOUS
10
6.2372864960629917
20
-4.3455138582677169
11
6.2359881889763775
21
-4.347061102362205
0
LINE
8
BLACK
6
CONTINUOUS
10
6.2359881889763775
20
-4.347061102362205
11
6.2339990551181099
21
-4.3474118503937005
0
LINE
8
BLACK
6
CONTINUOUS
10
6.2339990551181099
20
-4.3474118503937005
11
6.2338582677165357
21
-4.347330551181102
0
LINE
8
BLACK
6
CONTINUOUS
10
6.2338582677165357
20
-4.347330551181102
11
6.2335118110236216
21
-4.3474566929133855
0
LINE
8
BLACK
6
CONTINUOUS
10
6.2335118110236216
20
-4.3474566929133855
11
6.0385118110236222
21
-4.3474566929133855
0
LINE
8
BLACK
6
CONTINUOUS
10
6.0385118110236222
20
-4.3474566929133855
11
6.0375018897637798
21
-4.3472786220472441
0
LINE
8
BLACK
6
CONTINUOUS
10
6.0375018897637798
20
-4.3472786220472441
11
6.0373720866141731
21
-4.3471697244094489
0
LINE
8
BLACK
6
CONTINUOUS
10
6.0373720866141731
20
-4.3471697244094489
11
6.0359990551181104
21
-4.3474118503937005
0
LINE
8
BLACK
6
CONTINUOUS
10
6.0359990551181104
20
-4.3474118503937005
11
6.0342498818897639
21
-4.346401929133858
0
LINE
8
BLACK
6
CONTINUOUS
10
6.0342498818897639
20
-4.346401929133858
11
6.0335590551181104
21
-4.3445039370078735
0
LINE
8
BLACK
6
CONTINUOUS
10
6.0335590551181104
20
-4.3445039370078735
11
6.0335590551181104
21
-4.2325039370078743
0
LINE
8
BLACK
6
CONTINUOUS
10
6.0335590551181104
20
-4.2325039370078743
11
6.0336266535433065
21
-4.2321203937007876
0
LINE
8
BLACK
6
CONTINUOUS
10
6.0336266535433065
20
-4.2321203937007876
11
6.0336038976377955
21
-4.2319911811023623
0
LINE
8
BLACK
6
CONTINUOUS
10
6.0336038976377955
20
-4.2319911811023623
11
6.0336694881889761
21
-4.2318775590551176
0
LINE
8
BLACK
6
CONTINUOUS
10
6.0336694881889761
20
-4.2318775590551176
11
6.0337371259842518
21
-4.231494015748031
0
LINE
8
BLACK
6
CONTINUOUS
10
6.0337371259842518
20
-4.231494015748031
11
6.0342302362204725
21
-4.2309062992125988
0
LINE
8
BLACK
6
CONTINUOUS
10
6.0342302362204725
20
-4.2309062992125988
11
6.0346138188976379
21
-4.2302420078740157
0
LINE
8
BLACK
6
CONTINUOUS
10
6.0346138188976379
20
-4.2302420078740157
11
6.0348641338582674
21
-4.2301508661417317
0
LINE
8
BLACK
6
CONTINUOUS
10
6.0348641338582674
20
-4.2301508661417317
11
6.035035433070866
21
-4.2299467716535428
0
LINE
8
BLACK
6
CONTINUOUS
10
6.035035433070866
20
-4.2299467716535428
11
6.0357909842519684
21
-4.2298135039370077
0
LINE
8
BLACK
6
CONTINUOUS
10
6.0357909842519684
20
-4.2298135039370077
11
6.0365118110236216
21
-4.2295511811023623
0
LINE
8
BLACK
6
CONTINUOUS
10
6.0365118110236216
20
-4.2295511811023623
11
6.2315118110236218
21
-4.2295511811023623
0
LINE
8
BLACK
6
CONTINUOUS
10
6.2315118110236218
20
-4.2295511811023623
11
6.2325217322834643
21
-4.2297292519685037
0
LINE
8
BLACK
6
CONTINUOUS
10
6.2315118110236218
20
-4.2354566929133854
11
6.0394645669291336
21
-4.2354566929133854
0
LINE
8
BLACK
6
CONTINUOUS
10
6.0394645669291336
20
-4.2354566929133854
11
6.0394645669291336
21
-4.3415511811023624
0
LINE
8
BLACK
6
CONTINUOUS
10
6.0394645669291336
20
-4.3415511811023624
11
6.2315590551181099
21
-4.3415511811023624
0
LINE
8
BLACK
6
CONTINUOUS
10
6.2315590551181099
20
-4.3415511811023624
11
6.2315590551181099
21
-4.2354394881889759
0
LINE
8
BLACK
6
CONTINUOUS
10
6.2315590551181099
20
-4.2354394881889759
11
6.2315118110236218
21
-4.2354566929133854
0
LINE
8
BLACK
6
CONTINUOUS
10
6.3205003543307088
20
-4.3157353937007876
11
6.3209995275590547
21
-4.315770905511811
0
LINE
8
BLACK
6
CONTINUOUS
10
6.3209995275590547
20
-4.315770905511811
11
6.3228757086614173
21
-4.3167089763779529
0
LINE
8
BLACK
6
CONTINUOUS
10
6.3228757086614173
20
-4.3167089763779529
11
6.3231075196850393
21
-4.3169762992125982
0
LINE
8
BLACK
6
CONTINUOUS
10
6.3231075196850393
20
-4.3169762992125982
11
6.3234344094488186
21
-4.3171116929133859
0
LINE
8
BLACK
6
CONTINUOUS
10
6.3234344094488186
20
-4.3171116929133859
11
6.3243725196850393
21
-4.3180497637795279
0
LINE
8
BLACK
6
CONTINUOUS
10
6.3243725196850393
20
-4.3180497637795279
11
6.3245079133858262
21
-4.318376692913386
0
LINE
8
BLACK
6
CONTINUOUS
10
6.3245079133858262
20
-4.318376692913386
11
6.3247753149606298
21
-4.3186085826771654
0
LINE
8
BLACK
6
CONTINUOUS
10
6.3247753149606298
20
-4.3186085826771654
11
6.3257133858267718
21
-4.3204848425196847
0
LINE
8
BLACK
6
CONTINUOUS
10
6.3257133858267718
20
-4.3204848425196847
11
6.3257306692913389
21
-4.3207285433070863
0
LINE
8
BLACK
6
CONTINUOUS
10
6.3257306692913389
20
-4.3207285433070863
11
6.3258761417322837
21
-4.3209248425196849
0
LINE
8
BLACK
6
CONTINUOUS
10
6.3258761417322837
20
-4.3209248425196849
11
6.3268142519685036
21
-4.3246771653543306
0
LINE
8
BLACK
6
CONTINUOUS
10
6.3268142519685036
20
-4.3246771653543306
11
6.3267741338582679
21
-4.3249467716535435
0
LINE
8
BLACK
6
CONTINUOUS
10
6.3267741338582679
20
-4.3249467716535435
11
6.3268784645669287
21
-4.325198661417323
0
LINE
8
BLACK
6
CONTINUOUS
10
6.3268784645669287
20
-4.325198661417323
11
6.3268784645669287
21
-4.3298891338582672
0
LINE
8
BLACK
6
CONTINUOUS
10
6.3268784645669287
20
-4.3298891338582672
11
6.3267741338582679
21
-4.330140984251968
0
LINE
8
BLACK
6
CONTINUOUS
10
6.3267741338582679
20
-4.330140984251968
11
6.3268142519685036
21
-4.3304105905511809
0
LINE
8
BLACK
6
CONTINUOUS
10
6.3268142519685036
20
-4.3304105905511809
11
6.3258761417322837
21
-4.3341629921259841
0
LINE
8
BLACK
6
CONTINUOUS
10
6.3258761417322837
20
-4.3341629921259841
11
6.3257306692913389
21
-4.3343592519685039
0
LINE
8
BLACK
6
CONTINUOUS
10
6.3257306692913389
20
-4.3343592519685039
11
6.3257133858267718
21
-4.3346030314960631
0
LINE
8
BLACK
6
CONTINUOUS
10
6.3257133858267718
20
-4.3346030314960631
11
6.3247753149606298
21
-4.3364792125984248
0
LINE
8
BLACK
6
CONTINUOUS
10
6.3247753149606298
20
-4.3364792125984248
11
6.3245079527559049
21
-4.3367110629921255
0
LINE
8
BLACK
6
CONTINUOUS
10
6.3245079527559049
20
-4.3367110629921255
11
6.3243725590551181
21
-4.3370379921259845
0
LINE
8
BLACK
6
CONTINUOUS
10
6.3243725590551181
20
-4.3370379921259845
11
6.3234344488188974
21
-4.3379761023622043
0
LINE
8
BLACK
6
CONTINUOUS
10
6.3234344488188974
20
-4.3379761023622043
11
6.3231075196850393
21
-4.3381114960629921
0
LINE
8
BLACK
6
CONTINUOUS
10
6.3231075196850393
20
-4.3381114960629921
11
6.3228756692913386
21
-4.3383788582677161
0
LINE
8
BLACK
6
CONTINUOUS
10
6.3228756692913386
20
-4.3383788582677161
11
6.3209994881889759
21
-4.339316929133858
0
LINE
8
BLACK
6
CONTINUOUS
10
6.3209994881889759
20
-4.339316929133858
11
6.32050031496063
21
-4.3393523622047239
0
LINE
8
BLACK
6
CONTINUOUS
10
6.32050031496063
20
-4.3393523622047239
11
6.3200379921259842
21
-4.3395438976377951
0
LINE
8
BLACK
6
CONTINUOUS
10
6.3200379921259842
20
-4.3395438976377951
11
6.3181618110236215
21
-4.3395438976377951
0
LINE
8
BLACK
6
CONTINUOUS
10
6.3181618110236215
20
-4.3395438976377951
11
6.3176994488188978
21
-4.3393523622047239
0
LINE
8
BLACK
6
CONTINUOUS
10
6.3176994488188978
20
-4.3393523622047239
11
6.3172003543307085
21
-4.339316929133858
0
LINE
8
BLACK
6
CONTINUOUS
10
6.3172003543307085
20
-4.339316929133858
11
6.3153240944881892
21
-4.3383788582677161
0
LINE
8
BLACK
6
CONTINUOUS
10
6.3153240944881892
20
-4.3383788582677161
11
6.3150922047244089
21
-4.3381114566929133
0
LINE
8
BLACK
6
CONTINUOUS
10
6.3150922047244089
20
-4.3381114566929133
11
6.3147652755905508
21
-4.3379760629921256
0
LINE
8
BLACK
6
CONTINUOUS
10
6.3147652755905508
20
-4.3379760629921256
11
6.3138272047244097
21
-4.3370379527559058
0
LINE
8
BLACK
6
CONTINUOUS
10
6.3138272047244097
20
-4.3370379527559058
11
6.313691811023622
21
-4.3367110629921255
0
LINE
8
BLACK
6
CONTINUOUS
10
6.313691811023622
20
-4.3367110629921255
11
6.3134244881889758
21
-4.3364792519685036
0
LINE
8
BLACK
6
CONTINUOUS
10
6.3134244881889758
20
-4.3364792519685036
11
6.3124864173228348
21
-4.3346030708661418
0
LINE
8
BLACK
6
CONTINUOUS
10
6.3124864173228348
20
-4.3346030708661418
11
6.3124690551181102
21
-4.3343593307086614
0
LINE
8
BLACK
6
CONTINUOUS
10
6.3124690551181102
20
-4.3343593307086614
11
6.3123235826771653
21
-4.3341629527559054
0
LINE
8
BLACK
6
CONTINUOUS
10
6.3123235826771653
20
-4.3341629527559054
11
6.3113855118110234
21
-4.3304105511811022
0
LINE
8
BLACK
6
CONTINUOUS
10
6.3113855118110234
20
-4.3304105511811022
11
6.3114256299212599
21
-4.3301409055118105
0
LINE
8
BLACK
6
CONTINUOUS
10
6.3114256299212599
20
-4.3301409055118105
11
6.311321338582677
21
-4.3298891338582672
0
LINE
8
BLACK
6
CONTINUOUS
10
6.311321338582677
20
-4.3298891338582672
11
6.311321338582677
21
-4.325198661417323
0
LINE
8
BLACK
6
CONTINUOUS
10
6.311321338582677
20
-4.325198661417323
11
6.3114256299212599
21
-4.3249468110236222
0
LINE
8
BLACK
6
CONTINUOUS
10
6.3114256299212599
20
-4.3249468110236222
11
6.3113855118110234
21
-4.3246772047244093
0
LINE
8
BLACK
6
CONTINUOUS
10
6.3113855118110234
20
-4.3246772047244093
11
6.3123235826771653
21
-4.3209248818897636
0
LINE
8
BLACK
6
CONTINUOUS
10
6.3123235826771653
20
-4.3209248818897636
11
6.3124690551181102
21
-4.3207285039370076
0
LINE
8
BLACK
6
CONTINUOUS
10
6.3124690551181102
20
-4.3207285039370076
11
6.312486377952756
21
-4.3204848031496059
0
LINE
8
BLACK
6
CONTINUOUS
10
6.312486377952756
20
-4.3204848031496059
11
6.3134244881889758
21
-4.3186085826771654
0
LINE
8
BLACK
6
CONTINUOUS
10
6.3134244881889758
20
-4.3186085826771654
11
6.313691811023622
21
-4.318376692913386
0
LINE
8
BLACK
6
CONTINUOUS
10
6.313691811023622
20
-4.318376692913386
11
6.3138272440944885
21
-4.3180498031496066
0
LINE
8
BLACK
6
CONTINUOUS
10
6.3138272440944885
20
-4.3180498031496066
11
6.3147653149606295
21
-4.3171117322834647
0
LINE
8
BLACK
6
CONTINUOUS
10
6.3147653149606295
20
-4.3171117322834647
11
6.3150922047244089
21
-4.3169762992125982
0
LINE
8
BLACK
6
CONTINUOUS
10
6.3150922047244089
20
-4.3169762992125982
11
6.3153240944881892
21
-4.3167089763779529
0
LINE
8
BLACK
6
CONTINUOUS
10
6.3153240944881892
20
-4.3167089763779529
11
6.3172003149606297
21
-4.3157708661417322
0
LINE
8
BLACK
6
CONTINUOUS
10
6.3172003149606297
20
-4.3157708661417322
11
6.3176994488188978
21
-4.3157353937007876
0
LINE
8
BLACK
6
CONTINUOUS
10
6.3176994488188978
20
-4.3157353937007876
11
6.3181618110236215
21
-4.3155438976377951
0
LINE
8
BLACK
6
CONTINUOUS
10
6.3181618110236215
20
-4.3155438976377951
11
6.3200379921259842
21
-4.3155438976377951
0
LINE
8
BLACK
6
CONTINUOUS
10
6.3200379921259842
20
-4.3155438976377951
11
6.3205003543307088
21
-4.3157353937007876
0
LINE
8
BLACK
6
CONTINUOUS
10
6.3175591338582677
20
-4.3203990157480314
11
6.3171145275590552
21
-4.3208436220472439
0
LINE
8
BLACK
6
CONTINUOUS
10
6.3171145275590552
20
-4.3208436220472439
11
6.3164379921259837
21
-4.3221966141732286
0
LINE
8
BLACK
6
CONTINUOUS
10
6.3164379921259837
20
-4.3221966141732286
11
6.3156213385826767
21
-4.3254633858267715
0
LINE
8
BLACK
6
CONTINUOUS
10
6.3156213385826767
20
-4.3254633858267715
11
6.3156213385826767
21
-4.3296244094488188
0
LINE
8
BLACK
6
CONTINUOUS
10
6.3156213385826767
20
-4.3296244094488188
11
6.3164380314960624
21
-4.3328912204724412
0
LINE
8
BLACK
6
CONTINUOUS
10
6.3164380314960624
20
-4.3328912204724412
11
6.3171144881889765
21
-4.3342441338582676
0
LINE
8
BLACK
6
CONTINUOUS
10
6.3171144881889765
20
-4.3342441338582676
11
6.3175591338582677
21
-4.3346887795275588
0
LINE
8
BLACK
6
CONTINUOUS
10
6.3175591338582677
20
-4.3346887795275588
11
6.31866937007874
21
-4.3352438976377954
0
LINE
8
BLACK
6
CONTINUOUS
10
6.31866937007874
20
-4.3352438976377954
11
6.3195304330708657
21
-4.3352438976377954
0
LINE
8
BLACK
6
CONTINUOUS
10
6.3195304330708657
20
-4.3352438976377954
11
6.3206406299212601
21
-4.3346887795275588
0
LINE
8
BLACK
6
CONTINUOUS
10
6.3206406299212601
20
-4.3346887795275588
11
6.3210852362204726
21
-4.3342441732283463
0
LINE
8
BLACK
6
CONTINUOUS
10
6.3210852362204726
20
-4.3342441732283463
11
6.321761811023622
21
-4.3328910236220475
0
LINE
8
BLACK
6
CONTINUOUS
10
6.321761811023622
20
-4.3328910236220475
11
6.322578464566929
21
-4.32962437007874
0
LINE
8
BLACK
6
CONTINUOUS
10
6.322578464566929
20
-4.32962437007874
11
6.322578464566929
21
-4.3254633858267715
0
LINE
8
BLACK
6
CONTINUOUS
10
6.322578464566929
20
-4.3254633858267715
11
6.321761811023622
21
-4.3221967716535428
0
LINE
8
BLACK
6
CONTINUOUS
10
6.321761811023622
20
-4.3221967716535428
11
6.3210852362204726
21
-4.3208436220472439
0
LINE
8
BLACK
6
CONTINUOUS
10
6.3210852362204726
20
-4.3208436220472439
11
6.3206405905511813
21
-4.3203989763779527
0
LINE
8
BLACK
6
CONTINUOUS
10
6.3206405905511813
20
-4.3203989763779527
11
6.3195304724409445
21
-4.3198438976377949
0
LINE
8
BLACK
6
CONTINUOUS
10
6.3195304724409445
20
-4.3198438976377949
11
6.31866937007874
21
-4.3198438976377949
0
LINE
8
BLACK
6
CONTINUOUS
10
6.31866937007874
20
-4.3198438976377949
11
6.3175591338582677
21
-4.3203990157480314
0
LINE
8
BLACK
6
CONTINUOUS
10
5.881153661417323
20
-4.3151285826771648
11
5.8813707874015746
21
-4.3150856692913386
0
LINE
8
BLACK
6
CONTINUOUS
10
5.8813707874015746
20
-4.3150856692913386
11
5.8818909055118107
21
-4.3154339763779523
0
LINE
8
BLACK
6
CONTINUOUS
10
5.8818909055118107
20
-4.3154339763779523
11
5.8824694094488184
21
-4.3156736220472443
0
LINE
8
BLACK
6
CONTINUOUS
10
5.8824694094488184
20
-4.3156736220472443
11
5.8825540944881887
21
-4.3158781102362207
0
LINE
8
BLACK
6
CONTINUOUS
10
5.8825540944881887
20
-4.3158781102362207
11
5.8827380314960624
21
-4.3160012992125987
0
LINE
8
BLACK
6
CONTINUOUS
10
5.8827380314960624
20
-4.3160012992125987
11
5.8844961811023619
21
-4.3186384645669289
0
LINE
8
BLACK
6
CONTINUOUS
10
5.8844961811023619
20
-4.3186384645669289
11
5.8859750787401577
21
-4.3201173622047246
0
LINE
8
BLACK
6
CONTINUOUS
10
5.8859750787401577
20
-4.3201173622047246
11
5.8875392519685041
21
-4.3208994488188974
0
LINE
8
BLACK
6
CONTINUOUS
10
5.8875392519685041
20
-4.3208994488188974
11
5.888617362204724
21
-4.3221425984251969
0
LINE
8
BLACK
6
CONTINUOUS
10
5.888617362204724
20
-4.3221425984251969
11
5.8885007086614172
21
-4.3237840157480312
0
LINE
8
BLACK
6
CONTINUOUS
10
5.8885007086614172
20
-4.3237840157480312
11
5.8872575984251965
21
-4.3248621653543307
0
LINE
8
BLACK
6
CONTINUOUS
10
5.8872575984251965
20
-4.3248621653543307
11
5.8856161811023622
21
-4.3247454724409451
0
LINE
8
BLACK
6
CONTINUOUS
10
5.8856161811023622
20
-4.3247454724409451
11
5.8837399999999995
21
-4.3238073622047244
0
LINE
8
BLACK
6
CONTINUOUS
10
5.8837399999999995
20
-4.3238073622047244
11
5.8835081496062989
21
-4.3235400393700782
0
LINE
8
BLACK
6
CONTINUOUS
10
5.8835081496062989
20
-4.3235400393700782
11
5.8831812598425195
21
-4.3234046456692914
0
LINE
8
BLACK
6
CONTINUOUS
10
5.8831812598425195
20
-4.3234046456692914
11
5.8830991338582672
21
-4.3233225196850391
0
LINE
8
BLACK
6
CONTINUOUS
10
5.8830991338582672
20
-4.3233225196850391
11
5.8830991338582672
21
-4.3347438976377948
0
LINE
8
BLACK
6
CONTINUOUS
10
5.8830991338582672
20
-4.3347438976377948
11
5.8865777165354327
21
-4.3347438976377948
0
LINE
8
BLACK
6
CONTINUOUS
10
5.8865777165354327
20
-4.3347438976377948
11
5.8880979921259842
21
-4.3353736220472436
0
LINE
8
BLACK
6
CONTINUOUS
10
5.8880979921259842
20
-4.3353736220472436
11
5.888727716535433
21
-4.3368938976377951
0
LINE
8
BLACK
6
CONTINUOUS
10
5.888727716535433
20
-4.3368938976377951
11
5.8880979921259842
21
-4.3384141732283465
0
LINE
8
BLACK
6
CONTINUOUS
10
5.8880979921259842
20
-4.3384141732283465
11
5.8865777165354327
21
-4.3390438976377954
0
LINE
8
BLACK
6
CONTINUOUS
10
5.8865777165354327
20
-4.3390438976377954
11
5.8809491338582678
21
-4.3390438976377954
0
LINE
8
BLACK
6
CONTINUOUS
10
5.8809491338582678
20
-4.3390438976377954
11
5.8753205905511807
21
-4.3390438976377954
0
LINE
8
BLACK
6
CONTINUOUS
10
5.8753205905511807
20
-4.3390438976377954
11
5.8738003149606302
21
-4.3384141732283465
0
LINE
8
BLACK
6
CONTINUOUS
10
5.8738003149606302
20
-4.3384141732283465
11
5.8731705905511813
21
-4.3368938976377951
0
LINE
8
BLACK
6
CONTINUOUS
10
5.8731705905511813
20
-4.3368938976377951
11
5.8738003149606302
21
-4.3353736220472436
0
LINE
8
BLACK
6
CONTINUOUS
10
5.8738003149606302
20
-4.3353736220472436
11
5.8753205905511807
21
-4.3347438976377948
0
LINE
8
BLACK
6
CONTINUOUS
10
5.8753205905511807
20
-4.3347438976377948
11
5.8787991338582675
21
-4.3347438976377948
0
LINE
8
BLACK
6
CONTINUOUS
10
5.8787991338582675
20
-4.3347438976377948
11
5.8787991338582675
21
-4.3171938976377948
0
LINE
8
BLACK
6
CONTINUOUS
10
5.8787991338582675
20
-4.3171938976377948
11
5.8788838188976378
21
-4.3169893307086618
0
LINE
8
BLACK
6
CONTINUOUS
10
5.8788838188976378
20
-4.3169893307086618
11
5.8788409055118107
21
-4.316772244094488
0
LINE
8
BLACK
6
CONTINUOUS
10
5.8788409055118107
20
-4.316772244094488
11
5.8791892125984253
21
-4.3162520866141731
0
LINE
8
BLACK
6
CONTINUOUS
10
5.8791892125984253
20
-4.3162520866141731
11
5.8794288582677163
21
-4.3156736220472443
0
LINE
8
BLACK
6
CONTINUOUS
10
5.8794288582677163
20
-4.3156736220472443
11
5.8796333464566928
21
-4.3155888976377952
0
LINE
8
BLACK
6
CONTINUOUS
10
5.8796333464566928
20
-4.3155888976377952
11
5.8797565354330708
21
-4.3154050000000002
0
LINE
8
BLACK
6
CONTINUOUS
10
5.8797565354330708
20
-4.3154050000000002
11
5.8803706299212601
21
-4.3152835039370077
0
LINE
8
BLACK
6
CONTINUOUS
10
5.8803706299212601
20
-4.3152835039370077
11
5.8809491338582678
21
-4.3150438976377954
0
LINE
8
BLACK
6
CONTINUOUS
10
5.8809491338582678
20
-4.3150438976377954
11
5.881153661417323
21
-4.3151285826771648
0
LINE
8
BLACK
6
CONTINUOUS
10
5.9068598818897637
20
-4.3156736220472443
11
5.9074896062992126
21
-4.3171938976377948
0
LINE
8
BLACK
6
CONTINUOUS
10
5.9074896062992126
20
-4.3171938976377948
11
5.9074896062992126
21
-4.3368938976377951
0
LINE
8
BLACK
6
CONTINUOUS
10
5.9074896062992126
20
-4.3368938976377951
11
5.9068598818897637
21
-4.3384141732283465
0
LINE
8
BLACK
6
CONTINUOUS
10
5.9068598818897637
20
-4.3384141732283465
11
5.9053396062992123
21
-4.3390438976377954
0
LINE
8
BLACK
6
CONTINUOUS
10
5.9053396062992123
20
-4.3390438976377954
11
5.9038193307086617
21
-4.3384141732283465
0
LINE
8
BLACK
6
CONTINUOUS
10
5.9038193307086617
20
-4.3384141732283465
11
5.9031896062992129
21
-4.3368938976377951
0
LINE
8
BLACK
6
CONTINUOUS
10
5.9031896062992129
20
-4.3368938976377951
11
5.9031896062992129
21
-4.3296629527559052
0
LINE
8
BLACK
6
CONTINUOUS
10
5.9031896062992129
20
-4.3296629527559052
11
5.9017685433070861
21
-4.3296629527559052
0
LINE
8
BLACK
6
CONTINUOUS
10
5.9017685433070861
20
-4.3296629527559052
11
5.8958438188976379
21
-4.3381268503937003
0
LINE
8
BLACK
6
CONTINUOUS
10
5.8958438188976379
20
-4.3381268503937003
11
5.8944561023622049
21
-4.3390111811023617
0
LINE
8
BLACK
6
CONTINUOUS
10
5.8944561023622049
20
-4.3390111811023617
11
5.8928495275590551
21
-4.3386552362204727
0
LINE
8
BLACK
6
CONTINUOUS
10
5.8928495275590551
20
-4.3386552362204727
11
5.8919651968503937
21
-4.3372675196850397
0
LINE
8
BLACK
6
CONTINUOUS
10
5.8919651968503937
20
-4.3372675196850397
11
5.8923211417322836
21
-4.3356609448818899
0
LINE
8
BLACK
6
CONTINUOUS
10
5.8923211417322836
20
-4.3356609448818899
11
5.8967290944881885
21
-4.3293638188976376
0
LINE
8
BLACK
6
CONTINUOUS
10
5.8967290944881885
20
-4.3293638188976376
11
5.8949971259842515
21
-4.3284978346456695
0
LINE
8
BLACK
6
CONTINUOUS
10
5.8949971259842515
20
-4.3284978346456695
11
5.8947652755905509
21
-4.3282305118110234
0
LINE
8
BLACK
6
CONTINUOUS
10
5.8947652755905509
20
-4.3282305118110234
11
5.8944383858267715
21
-4.3280951181102365
0
LINE
8
BLACK
6
CONTINUOUS
10
5.8944383858267715
20
-4.3280951181102365
11
5.8935003149606295
21
-4.3271570472440946
0
LINE
8
BLACK
6
CONTINUOUS
10
5.8935003149606295
20
-4.3271570472440946
11
5.8933648818897639
21
-4.3268301181102364
0
LINE
8
BLACK
6
CONTINUOUS
10
5.8933648818897639
20
-4.3268301181102364
11
5.8930975590551178
21
-4.3265982677165358
0
LINE
8
BLACK
6
CONTINUOUS
10
5.8930975590551178
20
-4.3265982677165358
11
5.8921594488188971
21
-4.3247220472440944
0
LINE
8
BLACK
6
CONTINUOUS
10
5.8921594488188971
20
-4.3247220472440944
11
5.8921239763779525
21
-4.3242228740157476
0
LINE
8
BLACK
6
CONTINUOUS
10
5.8921239763779525
20
-4.3242228740157476
11
5.8919324803149609
21
-4.3237605511811026
0
LINE
8
BLACK
6
CONTINUOUS
10
5.8919324803149609
20
-4.3237605511811026
11
5.8919324803149609
21
-4.320946299212598
0
LINE
8
BLACK
6
CONTINUOUS
10
5.8919324803149609
20
-4.320946299212598
11
5.8921239763779525
21
-4.3204839370078743
0
LINE
8
BLACK
6
CONTINUOUS
10
5.8921239763779525
20
-4.3204839370078743
11
5.8921594488188971
21
-4.3199848031496062
0
LINE
8
BLACK
6
CONTINUOUS
10
5.8921594488188971
20
-4.3199848031496062
11
5.8930975590551178
21
-4.3181085826771657
0
LINE
8
BLACK
6
CONTINUOUS
10
5.8930975590551178
20
-4.3181085826771657
11
5.8933648818897639
21
-4.3178766929133854
0
LINE
8
BLACK
6
CONTINUOUS
10
5.8933648818897639
20
-4.3178766929133854
11
5.8935003149606295
21
-4.317549803149606
0
LINE
8
BLACK
6
CONTINUOUS
10
5.8935003149606295
20
-4.317549803149606
11
5.8944383858267715
21
-4.3166117322834641
0
LINE
8
BLACK
6
CONTINUOUS
10
5.8944383858267715
20
-4.3166117322834641
11
5.8947652755905509
21
-4.3164762992125985
0
LINE
8
BLACK
6
CONTINUOUS
10
5.8947652755905509
20
-4.3164762992125985
11
5.8949971259842515
21
-4.3162090157480311
0
LINE
8
BLACK
6
CONTINUOUS
10
5.8949971259842515
20
-4.3162090157480311
11
5.8968733070866142
21
-4.3152709055118113
0
LINE
8
BLACK
6
CONTINUOUS
10
5.8968733070866142
20
-4.3152709055118113
11
5.8973724409448813
21
-4.315235393700787
0
LINE
8
BLACK
6
CONTINUOUS
10
5.8973724409448813
20
-4.315235393700787
11
5.8978348425196847
21
-4.3150438976377954
0
LINE
8
BLACK
6
CONTINUOUS
10
5.8978348425196847
20
-4.3150438976377954
11
5.9053396062992123
21
-4.3150438976377954
0
LINE
8
BLACK
6
CONTINUOUS
10
5.9053396062992123
20
-4.3150438976377954
11
5.9068598818897637
21
-4.3156736220472443
0
LINE
8
BLACK
6
CONTINUOUS
10
5.8972322047244097
20
-4.3198989763779529
11
5.8967875984251963
21
-4.3203436220472442
0
LINE
8
BLACK
6
CONTINUOUS
10
5.8967875984251963
20
-4.3203436220472442
11
5.8962324803149606
21
-4.3214538582677164
0
LINE
8
BLACK
6
CONTINUOUS
10
5.8962324803149606
20
-4.3214538582677164
11
5.8962324803149606
21
-4.3232529921259841
0
LINE
8
BLACK
6
CONTINUOUS
10
5.8962324803149606
20
-4.3232529921259841
11
5.8967875984251963
21
-4.3243632283464564
0
LINE
8
BLACK
6
CONTINUOUS
10
5.8967875984251963
20
-4.3243632283464564
11
5.8972322047244097
21
-4.3248078346456689
0
LINE
8
BLACK
6
CONTINUOUS
10
5.8972322047244097
20
-4.3248078346456689
11
5.8983424409448819
21
-4.3253629527559054
0
LINE
8
BLACK
6
CONTINUOUS
10
5.8983424409448819
20
-4.3253629527559054
11
5.9031896062992129
21
-4.3253629527559054
0
LINE
8
BLACK
6
CONTINUOUS
10
5.9031896062992129
20
-4.3253629527559054
11
5.9031896062992129
21
-4.3193438976377951
0
LINE
8
BLACK
6
CONTINUOUS
10
5.9031896062992129
20
-4.3193438976377951
11
5.8983424409448819
21
-4.3193438976377951
0
LINE
8
BLACK
6
CONTINUOUS
10
5.8983424409448819
20
-4.3193438976377951
11
5.8972322047244097
21
-4.3198989763779529
0
LINE
8
BLACK
6
CONTINUOUS
10
5.8818408661417321
20
-4.2881736220472444
11
5.8824705905511809
21
-4.289693897637795
0
LINE
8
BLACK
6
CONTINUOUS
10
5.8824705905511809
20
-4.289693897637795
11
5.8824705905511809
21
-4.3093938976377952
0
LINE
8
BLACK
6
CONTINUOUS
10
5.8824705905511809
20
-4.3093938976377952
11
5.8818408661417321
21
-4.3109141732283467
0
LINE
8
BLACK
6
CONTINUOUS
10
5.8818408661417321
20
-4.3109141732283467
11
5.8803205905511806
21
-4.3115438976377956
0
LINE
8
BLACK
6
CONTINUOUS
10
5.8803205905511806
20
-4.3115438976377956
11
5.87880031496063
21
-4.3109141732283467
0
LINE
8
BLACK
6
CONTINUOUS
10
5.87880031496063
20
-4.3109141732283467
11
5.8781705905511812
21
-4.3093938976377952
0
LINE
8
BLACK
6
CONTINUOUS
10
5.8781705905511812
20
-4.3093938976377952
11
5.8781705905511812
21
-4.3058375196850394
0
LINE
8
BLACK
6
CONTINUOUS
10
5.8781705905511812
20
-4.3058375196850394
11
5.8745358267716536
21
-4.3106838976377952
0
LINE
8
BLACK
6
CONTINUOUS
10
5.8745358267716536
20
-4.3106838976377952
11
5.8731198818897639
21
-4.3115222834645666
0
LINE
8
BLACK
6
CONTINUOUS
10
5.8731198818897639
20
-4.3115222834645666
11
5.871525826771653
21
-4.311113897637795
0
LINE
8
BLACK
6
CONTINUOUS
10
5.871525826771653
20
-4.311113897637795
11
5.8706874409448817
21
-4.3096979527559052
0
LINE
8
BLACK
6
CONTINUOUS
10
5.8706874409448817
20
-4.3096979527559052
11
5.8710958267716533
21
-4.3081038976377952
0
LINE
8
BLACK
6
CONTINUOUS
10
5.8710958267716533
20
-4.3081038976377952
11
5.8756055905511806
21
-4.3020908661417323
0
LINE
8
BLACK
6
CONTINUOUS
10
5.8756055905511806
20
-4.3020908661417323
11
5.8712955511811025
21
-4.2977808267716533
0
LINE
8
BLACK
6
CONTINUOUS
10
5.8712955511811025
20
-4.2977808267716533
11
5.8706658267716536
21
-4.2962605511811018
0
LINE
8
BLACK
6
CONTINUOUS
10
5.8706658267716536
20
-4.2962605511811018
11
5.8712955511811025
21
-4.2947402755905513
0
LINE
8
BLACK
6
CONTINUOUS
10
5.8712955511811025
20
-4.2947402755905513
11
5.872815826771653
21
-4.2941105511811024
0
LINE
8
BLACK
6
CONTINUOUS
10
5.872815826771653
20
-4.2941105511811024
11
5.8743361023622045
21
-4.2947402755905513
0
LINE
8
BLACK
6
CONTINUOUS
10
5.8743361023622045
20
-4.2947402755905513
11
5.8781705905511812
21
-4.2985747637795271
0
LINE
8
BLACK
6
CONTINUOUS
10
5.8781705905511812
20
-4.2985747637795271
11
5.8781705905511812
21
-4.289693897637795
0
LINE
8
BLACK
6
CONTINUOUS
10
5.8781705905511812
20
-4.289693897637795
11
5.87880031496063
21
-4.2881736220472444
0
LINE
8
BLACK
6
CONTINUOUS
10
5.87880031496063
20
-4.2881736220472444
11
5.8803205905511806
21
-4.2875438976377955
0
LINE
8
BLACK
6
CONTINUOUS
10
5.8803205905511806
20
-4.2875438976377955
11
5.8818408661417321
21
-4.2881736220472444
0
LINE
8
BLACK
6
CONTINUOUS
10
5.8957924803149604
20
-4.2877353937007872
11
5.8962916535433072
21
-4.2877709055118105
0
LINE
8
BLACK
6
CONTINUOUS
10
5.8962916535433072
20
-4.2877709055118105
11
5.898167834645669
21
-4.2887089763779525
0
LINE
8
BLACK
6
CONTINUOUS
10
5.898167834645669
20
-4.2887089763779525
11
5.8983996456692909
21
-4.2889762992125986
0
LINE
8
BLACK
6
CONTINUOUS
10
5.8983996456692909
20
-4.2889762992125986
11
5.8987265354330711
21
-4.2891116929133855
0
LINE
8
BLACK
6
CONTINUOUS
10
5.8987265354330711
20
-4.2891116929133855
11
5.8996646456692909
21
-4.2900497637795274
0
LINE
8
BLACK
6
CONTINUOUS
10
5.8996646456692909
20
-4.2900497637795274
11
5.8998000393700787
21
-4.2903766929133855
0
LINE
8
BLACK
6
CONTINUOUS
10
5.8998000393700787
20
-4.2903766929133855
11
5.9000674409448814
21
-4.2906085826771649
0
LINE
8
BLACK
6
CONTINUOUS
10
5.9000674409448814
20
-4.2906085826771649
11
5.9010055118110234
21
-4.2924848425196851
0
LINE
8
BLACK
6
CONTINUOUS
10
5.9010055118110234
20
-4.2924848425196851
11
5.9010227952755905
21
-4.2927285433070868
0
LINE
8
BLACK
6
CONTINUOUS
10
5.9010227952755905
20
-4.2927285433070868
11
5.9011682677165354
21
-4.2929248425196853
0
LINE
8
BLACK
6
CONTINUOUS
10
5.9011682677165354
20
-4.2929248425196853
11
5.9021063779527561
21
-4.296677165354331
0
LINE
8
BLACK
6
CONTINUOUS
10
5.9021063779527561
20
-4.296677165354331
11
5.9020662598425195
21
-4.296946771653543
0
LINE
8
BLACK
6
CONTINUOUS
10
5.9020662598425195
20
-4.296946771653543
11
5.9021705905511812
21
-4.2971986614173225
0
LINE
8
BLACK
6
CONTINUOUS
10
5.9021705905511812
20
-4.2971986614173225
11
5.9021705905511812
21
-4.3018891338582677
0
LINE
8
BLACK
6
CONTINUOUS
10
5.9021705905511812
20
-4.3018891338582677
11
5.9020662598425195
21
-4.3021409842519684
0
LINE
8
BLACK
6
CONTINUOUS
10
5.9020662598425195
20
-4.3021409842519684
11
5.9021063779527561
21
-4.3024105905511814
0
LINE
8
BLACK
6
CONTINUOUS
10
5.9021063779527561
20
-4.3024105905511814
11
5.9011682677165354
21
-4.3061629921259845
0
LINE
8
BLACK
6
CONTINUOUS
10
5.9011682677165354
20
-4.3061629921259845
11
5.9010227952755905
21
-4.3063592519685034
0
LINE
8
BLACK
6
CONTINUOUS
10
5.9010227952755905
20
-4.3063592519685034
11
5.9010055118110234
21
-4.3066030314960626
0
LINE
8
BLACK
6
CONTINUOUS
10
5.9010055118110234
20
-4.3066030314960626
11
5.9000674409448814
21
-4.3084792125984253
0
LINE
8
BLACK
6
CONTINUOUS
10
5.9000674409448814
20
-4.3084792125984253
11
5.8998000787401574
21
-4.3087110629921259
0
LINE
8
BLACK
6
CONTINUOUS
10
5.8998000787401574
20
-4.3087110629921259
11
5.8996646850393697
21
-4.309037992125984
0
LINE
8
BLACK
6
CONTINUOUS
10
5.8996646850393697
20
-4.309037992125984
11
5.8987265748031499
21
-4.3099761023622047
0
LINE
8
BLACK
6
CONTINUOUS
10
5.8987265748031499
20
-4.3099761023622047
11
5.8983996456692909
21
-4.3101114960629916
0
LINE
8
BLACK
6
CONTINUOUS
10
5.8983996456692909
20
-4.3101114960629916
11
5.8981677952755902
21
-4.3103788582677165
0
LINE
8
BLACK
6
CONTINUOUS
10
5.8981677952755902
20
-4.3103788582677165
11
5.8962916141732284
21
-4.3113169291338584
0
LINE
8
BLACK
6
CONTINUOUS
10
5.8962916141732284
20
-4.3113169291338584
11
5.8957924409448816
21
-4.3113523622047243
0
LINE
8
BLACK
6
CONTINUOUS
10
5.8957924409448816
20
-4.3113523622047243
11
5.8953301181102358
21
-4.3115438976377956
0
LINE
8
BLACK
6
CONTINUOUS
10
5.8953301181102358
20
-4.3115438976377956
11
5.893453937007874
21
-4.3115438976377956
0
LINE
8
BLACK
6
CONTINUOUS
10
5.893453937007874
20
-4.3115438976377956
11
5.8929915748031494
21
-4.3113523622047243
0
LINE
8
BLACK
6
CONTINUOUS
10
5.8929915748031494
20
-4.3113523622047243
11
5.8924924803149601
21
-4.3113169291338584
0
LINE
8
BLACK
6
CONTINUOUS
10
5.8924924803149601
20
-4.3113169291338584
11
5.8906162204724408
21
-4.3103788582677165
0
LINE
8
BLACK
6
CONTINUOUS
10
5.8906162204724408
20
-4.3103788582677165
11
5.8903843307086614
21
-4.3101114566929128
0
LINE
8
BLACK
6
CONTINUOUS
10
5.8903843307086614
20
-4.3101114566929128
11
5.8900574015748033
21
-4.309976062992126
0
LINE
8
BLACK
6
CONTINUOUS
10
5.8900574015748033
20
-4.309976062992126
11
5.8891193307086613
21
-4.3090379527559053
0
LINE
8
BLACK
6
CONTINUOUS
10
5.8891193307086613
20
-4.3090379527559053
11
5.8889839370078736
21
-4.3087110629921259
0
LINE
8
BLACK
6
CONTINUOUS
10
5.8889839370078736
20
-4.3087110629921259
11
5.8887166141732283
21
-4.308479251968504
0
LINE
8
BLACK
6
CONTINUOUS
10
5.8887166141732283
20
-4.308479251968504
11
5.8877785433070864
21
-4.3066030708661414
0
LINE
8
BLACK
6
CONTINUOUS
10
5.8877785433070864
20
-4.3066030708661414
11
5.8877611811023618
21
-4.3063593307086609
0
LINE
8
BLACK
6
CONTINUOUS
10
5.8877611811023618
20
-4.3063593307086609
11
5.8876157086614169
21
-4.3061629527559058
0
LINE
8
BLACK
6
CONTINUOUS
10
5.8876157086614169
20
-4.3061629527559058
11
5.8866776377952759
21
-4.3024105511811026
0
LINE
8
BLACK
6
CONTINUOUS
10
5.8866776377952759
20
-4.3024105511811026
11
5.8867177559055115
21
-4.3021409055118109
0
LINE
8
BLACK
6
CONTINUOUS
10
5.8867177559055115
20
-4.3021409055118109
11
5.8866134645669286
21
-4.3018891338582677
0
LINE
8
BLACK
6
CONTINUOUS
10
5.8866134645669286
20
-4.3018891338582677
11
5.8866134645669286
21
-4.2971986614173225
0
LINE
8
BLACK
6
CONTINUOUS
10
5.8866134645669286
20
-4.2971986614173225
11
5.8867177559055115
21
-4.2969468110236217
0
LINE
8
BLACK
6
CONTINUOUS
10
5.8867177559055115
20
-4.2969468110236217
11
5.8866776377952759
21
-4.2966772047244097
0
LINE
8
BLACK
6
CONTINUOUS
10
5.8866776377952759
20
-4.2966772047244097
11
5.8876157086614169
21
-4.2929248818897641
0
LINE
8
BLACK
6
CONTINUOUS
10
5.8876157086614169
20
-4.2929248818897641
11
5.8877611811023618
21
-4.292728503937008
0
LINE
8
BLACK
6
CONTINUOUS
10
5.8877611811023618
20
-4.292728503937008
11
5.8877785039370076
21
-4.2924848031496063
0
LINE
8
BLACK
6
CONTINUOUS
10
5.8877785039370076
20
-4.2924848031496063
11
5.8887166141732283
21
-4.2906085826771649
0
LINE
8
BLACK
6
CONTINUOUS
10
5.8887166141732283
20
-4.2906085826771649
11
5.8889839370078736
21
-4.2903766929133855
0
LINE
8
BLACK
6
CONTINUOUS
10
5.8889839370078736
20
-4.2903766929133855
11
5.8891193700787401
21
-4.2900498031496062
0
LINE
8
BLACK
6
CONTINUOUS
10
5.8891193700787401
20
-4.2900498031496062
11
5.890057440944882
21
-4.2891117322834642
0
LINE
8
BLACK
6
CONTINUOUS
10
5.890057440944882
20
-4.2891117322834642
11
5.8903843307086614
21
-4.2889762992125986
0
LINE
8
BLACK
6
CONTINUOUS
10
5.8903843307086614
20
-4.2889762992125986
11
5.8906162204724408
21
-4.2887089763779525
0
LINE
8
BLACK
6
CONTINUOUS
10
5.8906162204724408
20
-4.2887089763779525
11
5.8924924409448813
21
-4.2877708661417318
0
LINE
8
BLACK
6
CONTINUOUS
10
5.8924924409448813
20
-4.2877708661417318
11
5.8929915748031494
21
-4.2877353937007872
0
LINE
8
BLACK
6
CONTINUOUS
10
5.8929915748031494
20
-4.2877353937007872
11
5.893453937007874
21
-4.2875438976377955
0
LINE
8
BLACK
6
CONTINUOUS
10
5.893453937007874
20
-4.2875438976377955
11
5.8953301181102358
21
-4.2875438976377955
0
LINE
8
BLACK
6
CONTINUOUS
10
5.8953301181102358
20
-4.2875438976377955
11
5.8957924803149604
21
-4.2877353937007872
0
LINE
8
BLACK
6
CONTINUOUS
10
5.8928512598425193
20
-4.292399015748031
11
5.8924066535433068
21
-4.2928436220472443
0
LINE
8
BLACK
6
CONTINUOUS
10
5.8924066535433068
20
-4.2928436220472443
11
5.8917301181102362
21
-4.2941966141732282
0
LINE
8
BLACK
6
CONTINUOUS
10
5.8917301181102362
20
-4.2941966141732282
11
5.8909134645669292
21
-4.2974633858267719
0
LINE
8
BLACK
6
CONTINUOUS
10
5.8909134645669292
20
-4.2974633858267719
11
5.8909134645669292
21
-4.3016244094488192
0
LINE
8
BLACK
6
CONTINUOUS
10
5.8909134645669292
20
-4.3016244094488192
11
5.8917301574803149
21
-4.3048912204724408
0
LINE
8
BLACK
6
CONTINUOUS
10
5.8917301574803149
20
-4.3048912204724408
11
5.8924066141732281
21
-4.306244133858268
0
LINE
8
BLACK
6
CONTINUOUS
10
5.8924066141732281
20
-4.306244133858268
11
5.8928512598425193
21
-4.3066887795275592
0
LINE
8
BLACK
6
CONTINUOUS
10
5.8928512598425193
20
-4.3066887795275592
11
5.8939614960629916
21
-4.3072438976377949
0
LINE
8
BLACK
6
CONTINUOUS
10
5.8939614960629916
20
-4.3072438976377949
11
5.8948225590551182
21
-4.3072438976377949
0
LINE
8
BLACK
6
CONTINUOUS
10
5.8948225590551182
20
-4.3072438976377949
11
5.8959327559055117
21
-4.3066887795275592
0
LINE
8
BLACK
6
CONTINUOUS
10
5.8959327559055117
20
-4.3066887795275592
11
5.8963773622047242
21
-4.3062441732283467
0
LINE
8
BLACK
6
CONTINUOUS
10
5.8963773622047242
20
-4.3062441732283467
11
5.8970539370078736
21
-4.304891023622047
0
LINE
8
BLACK
6
CONTINUOUS
10
5.8970539370078736
20
-4.304891023622047
11
5.8978705905511806
21
-4.3016243700787404
0
LINE
8
BLACK
6
CONTINUOUS
10
5.8978705905511806
20
-4.3016243700787404
11
5.8978705905511806
21
-4.2974633858267719
0
LINE
8
BLACK
6
CONTINUOUS
10
5.8978705905511806
20
-4.2974633858267719
11
5.8970539370078736
21
-4.2941967716535432
0
LINE
8
BLACK
6
CONTINUOUS
10
5.8970539370078736
20
-4.2941967716535432
11
5.8963773622047242
21
-4.2928436220472443
0
LINE
8
BLACK
6
CONTINUOUS
10
5.8963773622047242
20
-4.2928436220472443
11
5.8959327165354329
21
-4.2923989763779531
0
LINE
8
BLACK
6
CONTINUOUS
10
5.8959327165354329
20
-4.2923989763779531
11
5.894822598425197
21
-4.2918438976377953
0
LINE
8
BLACK
6
CONTINUOUS
10
5.894822598425197
20
-4.2918438976377953
11
5.8939614960629916
21
-4.2918438976377953
0
LINE
8
BLACK
6
CONTINUOUS
10
5.8939614960629916
20
-4.2918438976377953
11
5.8928512598425193
21
-4.292399015748031
0
LINE
8
BLACK
6
CONTINUOUS
10
6.3040217322834646
20
-4.2257292519685041
11
6.3055689763779528
21
-4.2270275590551183
0
LINE
8
BLACK
6
CONTINUOUS
10
6.3055689763779528
20
-4.2270275590551183
11
6.3059197244094483
21
-4.2290166929133859
0
LINE
8
BLACK
6
CONTINUOUS
10
6.3059197244094483
20
-4.2290166929133859
11
6.3049098031496058
21
-4.2307658661417324
0
LINE
8
BLACK
6
CONTINUOUS
10
6.3049098031496058
20
-4.2307658661417324
11
6.3030118110236222
21
-4.2314566929133859
0
LINE
8
BLACK
6
CONTINUOUS
10
6.3030118110236222
20
-4.2314566929133859
11
6.2963469291338585
21
-4.2314566929133859
0
LINE
8
BLACK
6
CONTINUOUS
10
6.2963469291338585
20
-4.2314566929133859
11
6.2968594094488184
21
-4.2326938976377955
0
LINE
8
BLACK
6
CONTINUOUS
10
6.2968594094488184
20
-4.2326938976377955
11
6.2968594094488184
21
-4.2523938976377949
0
LINE
8
BLACK
6
CONTINUOUS
10
6.2968594094488184
20
-4.2523938976377949
11
6.2962296850393695
21
-4.2539141732283463
0
LINE
8
BLACK
6
CONTINUOUS
10
6.2962296850393695
20
-4.2539141732283463
11
6.294709409448819
21
-4.2545438976377952
0
LINE
8
BLACK
6
CONTINUOUS
10
6.294709409448819
20
-4.2545438976377952
11
6.2931891338582675
21
-4.2539141732283463
0
LINE
8
BLACK
6
CONTINUOUS
10
6.2931891338582675
20
-4.2539141732283463
11
6.2925594094488186
21
-4.2523938976377949
0
LINE
8
BLACK
6
CONTINUOUS
10
6.2925594094488186
20
-4.2523938976377949
11
6.2925594094488186
21
-4.2442248425196851
0
LINE
8
BLACK
6
CONTINUOUS
10
6.2925594094488186
20
-4.2442248425196851
11
6.2881427559055121
21
-4.2442248425196851
0
LINE
8
BLACK
6
CONTINUOUS
10
6.2881427559055121
20
-4.2442248425196851
11
6.2866224803149606
21
-4.2435951181102363
0
LINE
8
BLACK
6
CONTINUOUS
10
6.2866224803149606
20
-4.2435951181102363
11
6.2859927559055118
21
-4.2420748425196848
0
LINE
8
BLACK
6
CONTINUOUS
10
6.2859927559055118
20
-4.2420748425196848
11
6.2866224803149606
21
-4.2405545669291334
0
LINE
8
BLACK
6
CONTINUOUS
10
6.2866224803149606
20
-4.2405545669291334
11
6.2881427559055121
21
-4.2399248425196854
0
LINE
8
BLACK
6
CONTINUOUS
10
6.2881427559055121
20
-4.2399248425196854
11
6.2925594094488186
21
-4.2399248425196854
0
LINE
8
BLACK
6
CONTINUOUS
10
6.2925594094488186
20
-4.2399248425196854
11
6.2925594094488186
21
-4.2348438976377949
0
LINE
8
BLACK
6
CONTINUOUS
10
6.2925594094488186
20
-4.2348438976377949
11
6.2853284645669287
21
-4.2348438976377949
0
LINE
8
BLACK
6
CONTINUOUS
10
6.2853284645669287
20
-4.2348438976377949
11
6.2838081889763782
21
-4.234214173228346
0
LINE
8
BLACK
6
CONTINUOUS
10
6.2838081889763782
20
-4.234214173228346
11
6.2831784645669293
21
-4.2326938976377955
0
LINE
8
BLACK
6
CONTINUOUS
10
6.2831784645669293
20
-4.2326938976377955
11
6.2836909448818901
21
-4.2314566929133859
0
LINE
8
BLACK
6
CONTINUOUS
10
6.2836909448818901
20
-4.2314566929133859
11
6.2659645669291333
21
-4.2314566929133859
0
LINE
8
BLACK
6
CONTINUOUS
10
6.2659645669291333
20
-4.2314566929133859
11
6.2659645669291333
21
-4.2855511811023623
0
LINE
8
BLACK
6
CONTINUOUS
10
6.2659645669291333
20
-4.2855511811023623
11
6.3030118110236222
21
-4.2855511811023623
0
LINE
8
BLACK
6
CONTINUOUS
10
6.3030118110236222
20
-4.2855511811023623
11
6.3040217322834646
21
-4.2857292519685037
0
LINE
8
BLACK
6
CONTINUOUS
10
6.3040217322834646
20
-4.2857292519685037
11
6.3055689763779528
21
-4.2870275590551179
0
LINE
8
BLACK
6
CONTINUOUS
10
6.3055689763779528
20
-4.2870275590551179
11
6.3059197244094483
21
-4.2890166929133855
0
LINE
8
BLACK
6
CONTINUOUS
10
6.3059197244094483
20
-4.2890166929133855
11
6.3049098031496058
21
-4.2907658661417321
0
LINE
8
BLACK
6
CONTINUOUS
10
6.3049098031496058
20
-4.2907658661417321
11
6.3030118110236222
21
-4.2914566929133855
0
LINE
8
BLACK
6
CONTINUOUS
10
6.3030118110236222
20
-4.2914566929133855
11
6.2630118110236221
21
-4.2914566929133855
0
LINE
8
BLACK
6
CONTINUOUS
10
6.2630118110236221
20
-4.2914566929133855
11
6.2626282677165355
21
-4.2913890551181098
0
LINE
8
BLACK
6
CONTINUOUS
10
6.2626282677165355
20
-4.2913890551181098
11
6.2624990551181101
21
-4.2914118503937004
0
LINE
8
BLACK
6
CONTINUOUS
10
6.2624990551181101
20
-4.2914118503937004
11
6.2623854330708664
21
-4.2913462204724411
0
LINE
8
BLACK
6
CONTINUOUS
10
6.2623854330708664
20
-4.2913462204724411
11
6.2620018897637797
21
-4.2912786220472441
0
LINE
8
BLACK
6
CONTINUOUS
10
6.2620018897637797
20
-4.2912786220472441
11
6.2614141732283466
21
-4.2907854724409447
0
LINE
8
BLACK
6
CONTINUOUS
10
6.2614141732283466
20
-4.2907854724409447
11
6.2607498818897636
21
-4.290401929133858
0
LINE
8
BLACK
6
CONTINUOUS
10
6.2607498818897636
20
-4.290401929133858
11
6.2606587401574805
21
-4.2901515748031498
0
LINE
8
BLACK
6
CONTINUOUS
10
6.2606587401574805
20
-4.2901515748031498
11
6.2604546456692916
21
-4.2899803149606299
0
LINE
8
BLACK
6
CONTINUOUS
10
6.2604546456692916
20
-4.2899803149606299
11
6.2603213779527556
21
-4.2892247244094488
0
LINE
8
BLACK
6
CONTINUOUS
10
6.2603213779527556
20
-4.2892247244094488
11
6.2600590551181101
21
-4.2885039370078744
0
LINE
8
BLACK
6
CONTINUOUS
10
6.2600590551181101
20
-4.2885039370078744
11
6.2600590551181101
21
-4.2285039370078739
0
LINE
8
BLACK
6
CONTINUOUS
10
6.2600590551181101
20
-4.2285039370078739
11
6.2601266535433071
21
-4.2281203937007872
0
LINE
8
BLACK
6
CONTINUOUS
10
6.2601266535433071
20
-4.2281203937007872
11
6.2601038976377952
21
-4.2279911811023618
0
LINE
8
BLACK
6
CONTINUOUS
10
6.2601038976377952
20
-4.2279911811023618
11
6.2601694881889767
21
-4.2278775590551181
0
LINE
8
BLACK
6
CONTINUOUS
10
6.2601694881889767
20
-4.2278775590551181
11
6.2602371259842515
21
-4.2274940157480314
0
LINE
8
BLACK
6
CONTINUOUS
10
6.2602371259842515
20
-4.2274940157480314
11
6.2607302362204722
21
-4.2269062992125983
0
LINE
8
BLACK
6
CONTINUOUS
10
6.2607302362204722
20
-4.2269062992125983
11
6.2611138188976376
21
-4.2262420078740153
0
LINE
8
BLACK
6
CONTINUOUS
10
6.2611138188976376
20
-4.2262420078740153
11
6.261364133858268
21
-4.2261508661417322
0
LINE
8
BLACK
6
CONTINUOUS
10
6.261364133858268
20
-4.2261508661417322
11
6.2615354330708657
21
-4.2259467716535433
0
LINE
8
BLACK
6
CONTINUOUS
10
6.2615354330708657
20
-4.2259467716535433
11
6.2622909842519681
21
-4.2258135039370082
0
LINE
8
BLACK
6
CONTINUOUS
10
6.2622909842519681
20
-4.2258135039370082
11
6.2630118110236221
21
-4.2255511811023618
0
LINE
8
BLACK
6
CONTINUOUS
10
6.2630118110236221
20
-4.2255511811023618
11
6.3030118110236222
21
-4.2255511811023618
0
LINE
8
BLACK
6
CONTINUOUS
10
6.3030118110236222
20
-4.2255511811023618
11
6.3040217322834646
21
-4.2257292519685041
0
LINE
8
BLACK
6
CONTINUOUS
10
6.3833953149606302
20
-4.2256187795275588
11
6.3835245669291334
21
-4.2255960236220469
0
LINE
8
BLACK
6
CONTINUOUS
10
6.3835245669291334
20
-4.2255960236220469
11
6.3836381496062993
21
-4.2256616141732284
0
LINE
8
BLACK
6
CONTINUOUS
10
6.3836381496062993
20
-4.2256616141732284
11
6.3840217322834647
21
-4.2257292519685041
0
LINE
8
BLACK
6
CONTINUOUS
10
6.3840217322834647
20
-4.2257292519685041
11
6.3846094094488191
21
-4.2262223622047239
0
LINE
8
BLACK
6
CONTINUOUS
10
6.3846094094488191
20
-4.2262223622047239
11
6.3852737401574799
21
-4.2266059448818893
0
LINE
8
BLACK
6
CONTINUOUS
10
6.3852737401574799
20
-4.2266059448818893
11
6.3853648425196852
21
-4.2268562598425197
0
LINE
8
BLACK
6
CONTINUOUS
10
6.3853648425196852
20
-4.2268562598425197
11
6.3855689763779528
21
-4.2270275590551183
0
LINE
8
BLACK
6
CONTINUOUS
10
6.3855689763779528
20
-4.2270275590551183
11
6.3857022047244092
21
-4.2277831102362207
0
LINE
8
BLACK
6
CONTINUOUS
10
6.3857022047244092
20
-4.2277831102362207
11
6.3859645669291334
21
-4.2285039370078739
0
LINE
8
BLACK
6
CONTINUOUS
10
6.3859645669291334
20
-4.2285039370078739
11
6.3859645669291334
21
-4.2885039370078744
0
LINE
8
BLACK
6
CONTINUOUS
10
6.3859645669291334
20
-4.2885039370078744
11
6.3858969291338585
21
-4.2888874409448814
0
LINE
8
BLACK
6
CONTINUOUS
10
6.3858969291338585
20
-4.2888874409448814
11
6.3859197244094483
21
-4.2890166929133855
0
LINE
8
BLACK
6
CONTINUOUS
10
6.3859197244094483
20
-4.2890166929133855
11
6.385854094488189
21
-4.2891302755905514
0
LINE
8
BLACK
6
CONTINUOUS
10
6.385854094488189
20
-4.2891302755905514
11
6.385786496062992
21
-4.2895138582677168
0
LINE
8
BLACK
6
CONTINUOUS
10
6.385786496062992
20
-4.2895138582677168
11
6.3852933464566926
21
-4.2901015354330712
0
LINE
8
BLACK
6
CONTINUOUS
10
6.3852933464566926
20
-4.2901015354330712
11
6.3849098031496059
21
-4.2907658661417321
0
LINE
8
BLACK
6
CONTINUOUS
10
6.3849098031496059
20
-4.2907658661417321
11
6.3846594488188977
21
-4.2908569685039373
0
LINE
8
BLACK
6
CONTINUOUS
10
6.3846594488188977
20
-4.2908569685039373
11
6.3844881889763778
21
-4.2910611023622049
0
LINE
8
BLACK
6
CONTINUOUS
10
6.3844881889763778
20
-4.2910611023622049
11
6.3837325984251967
21
-4.2911943307086613
0
LINE
8
BLACK
6
CONTINUOUS
10
6.3837325984251967
20
-4.2911943307086613
11
6.3830118110236223
21
-4.2914566929133855
0
LINE
8
BLACK
6
CONTINUOUS
10
6.3830118110236223
20
-4.2914566929133855
11
6.3430118110236222
21
-4.2914566929133855
0
LINE
8
BLACK
6
CONTINUOUS
10
6.3430118110236222
20
-4.2914566929133855
11
6.3420018897637798
21
-4.2912786220472441
0
LINE
8
BLACK
6
CONTINUOUS
10
6.3420018897637798
20
-4.2912786220472441
11
6.3404546456692916
21
-4.2899803149606299
0
LINE
8
BLACK
6
CONTINUOUS
10
6.3404546456692916
20
-4.2899803149606299
11
6.3401038976377952
21
-4.2879911811023623
0
LINE
8
BLACK
6
CONTINUOUS
10
6.3401038976377952
20
-4.2879911811023623
11
6.3411138188976377
21
-4.2862420078740158
0
LINE
8
BLACK
6
CONTINUOUS
10
6.3411138188976377
20
-4.2862420078740158
11
6.3430118110236222
21
-4.2855511811023623
0
LINE
8
BLACK
6
CONTINUOUS
10
6.3430118110236222
20
-4.2855511811023623
11
6.3800590551181102
21
-4.2855511811023623
0
LINE
8
BLACK
6
CONTINUOUS
10
6.3800590551181102
20
-4.2855511811023623
11
6.3800590551181102
21
-4.2314566929133859
0
LINE
8
BLACK
6
CONTINUOUS
10
6.3800590551181102
20
-4.2314566929133859
11
6.3658507086614176
21
-4.2314566929133859
0
LINE
8
BLACK
6
CONTINUOUS
10
6.3658507086614176
20
-4.2314566929133859
11
6.3659173228346457
21
-4.2315012992125984
0
LINE
8
BLACK
6
CONTINUOUS
10
6.3659173228346457
20
-4.2315012992125984
11
6.3676754724409443
21
-4.2341384645669287
0
LINE
8
BLACK
6
CONTINUOUS
10
6.3676754724409443
20
-4.2341384645669287
11
6.3691543700787401
21
-4.2356173622047244
0
LINE
8
BLACK
6
CONTINUOUS
10
6.3691543700787401
20
-4.2356173622047244
11
6.3707185433070865
21
-4.2363994488188972
0
LINE
8
BLACK
6
CONTINUOUS
10
6.3707185433070865
20
-4.2363994488188972
11
6.3717966535433073
21
-4.2376425984251966
0
LINE
8
BLACK
6
CONTINUOUS
10
6.3717966535433073
20
-4.2376425984251966
11
6.3716799999999996
21
-4.2392840157480318
0
LINE
8
BLACK
6
CONTINUOUS
10
6.3716799999999996
20
-4.2392840157480318
11
6.3704368897637798
21
-4.2403621653543304
0
LINE
8
BLACK
6
CONTINUOUS
10
6.3704368897637798
20
-4.2403621653543304
11
6.3687954724409446
21
-4.2402454724409449
0
LINE
8
BLACK
6
CONTINUOUS
10
6.3687954724409446
20
-4.2402454724409449
11
6.3669192913385828
21
-4.2393073622047241
0
LINE
8
BLACK
6
CONTINUOUS
10
6.3669192913385828
20
-4.2393073622047241
11
6.3666874409448821
21
-4.2390400393700789
0
LINE
8
BLACK
6
CONTINUOUS
10
6.3666874409448821
20
-4.2390400393700789
11
6.3663605511811019
21
-4.2389046456692911
0
LINE
8
BLACK
6
CONTINUOUS
10
6.3663605511811019
20
-4.2389046456692911
11
6.3662784251968505
21
-4.2388225196850389
0
LINE
8
BLACK
6
CONTINUOUS
10
6.3662784251968505
20
-4.2388225196850389
11
6.3662784251968505
21
-4.2502438976377954
0
LINE
8
BLACK
6
CONTINUOUS
10
6.3662784251968505
20
-4.2502438976377954
11
6.369757007874016
21
-4.2502438976377954
0
LINE
8
BLACK
6
CONTINUOUS
10
6.369757007874016
20
-4.2502438976377954
11
6.3712772834645666
21
-4.2508736220472443
0
LINE
8
BLACK
6
CONTINUOUS
10
6.3712772834645666
20
-4.2508736220472443
11
6.3719070078740154
21
-4.2523938976377949
0
LINE
8
BLACK
6
CONTINUOUS
10
6.3719070078740154
20
-4.2523938976377949
11
6.3712772834645666
21
-4.2539141732283463
0
LINE
8
BLACK
6
CONTINUOUS
10
6.3712772834645666
20
-4.2539141732283463
11
6.369757007874016
21
-4.2545438976377952
0
LINE
8
BLACK
6
CONTINUOUS
10
6.369757007874016
20
-4.2545438976377952
11
6.3641284251968502
21
-4.2545438976377952
0
LINE
8
BLACK
6
CONTINUOUS
10
6.3641284251968502
20
-4.2545438976377952
11
6.358499881889764
21
-4.2545438976377952
0
LINE
8
BLACK
6
CONTINUOUS
10
6.358499881889764
20
-4.2545438976377952
11
6.3569796062992125
21
-4.2539141732283463
0
LINE
8
BLACK
6
CONTINUOUS
10
6.3569796062992125
20
-4.2539141732283463
11
6.3563498818897637
21
-4.2523938976377949
0
LINE
8
BLACK
6
CONTINUOUS
10
6.3563498818897637
20
-4.2523938976377949
11
6.3569796062992125
21
-4.2508736220472443
0
LINE
8
BLACK
6
CONTINUOUS
10
6.3569796062992125
20
-4.2508736220472443
11
6.358499881889764
21
-4.2502438976377954
0
LINE
8
BLACK
6
CONTINUOUS
10
6.358499881889764
20
-4.2502438976377954
11
6.3619784251968499
21
-4.2502438976377954
0
LINE
8
BLACK
6
CONTINUOUS
10
6.3619784251968499
20
-4.2502438976377954
11
6.3619784251968499
21
-4.2326938976377955
0
LINE
8
BLACK
6
CONTINUOUS
10
6.3619784251968499
20
-4.2326938976377955
11
6.3620631102362202
21
-4.2324893307086615
0
LINE
8
BLACK
6
CONTINUOUS
10
6.3620631102362202
20
-4.2324893307086615
11
6.362020196850394
21
-4.2322722440944878
0
LINE
8
BLACK
6
CONTINUOUS
10
6.362020196850394
20
-4.2322722440944878
11
6.3623685039370077
21
-4.2317520866141729
0
LINE
8
BLACK
6
CONTINUOUS
10
6.3623685039370077
20
-4.2317520866141729
11
6.3624908661417319
21
-4.2314566929133859
0
LINE
8
BLACK
6
CONTINUOUS
10
6.3624908661417319
20
-4.2314566929133859
11
6.3486377952755904
21
-4.2314566929133859
0
LINE
8
BLACK
6
CONTINUOUS
10
6.3486377952755904
20
-4.2314566929133859
11
6.3491423622047245
21
-4.231708976377953
0
LINE
8
BLACK
6
CONTINUOUS
10
6.3491423622047245
20
-4.231708976377953
11
6.3493741732283464
21
-4.2319762992125982
0
LINE
8
BLACK
6
CONTINUOUS
10
6.3493741732283464
20
-4.2319762992125982
11
6.3497010629921258
21
-4.232111692913386
0
LINE
8
BLACK
6
CONTINUOUS
10
6.3497010629921258
20
-4.232111692913386
11
6.3506391732283465
21
-4.233049763779527
0
LINE
8
BLACK
6
CONTINUOUS
10
6.3506391732283465
20
-4.233049763779527
11
6.3507745669291333
21
-4.233376692913386
0
LINE
8
BLACK
6
CONTINUOUS
10
6.3507745669291333
20
-4.233376692913386
11
6.351041968503937
21
-4.2336085826771654
0
LINE
8
BLACK
6
CONTINUOUS
10
6.351041968503937
20
-4.2336085826771654
11
6.3519800393700789
21
-4.2354848425196847
0
LINE
8
BLACK
6
CONTINUOUS
10
6.3519800393700789
20
-4.2354848425196847
11
6.3519973228346451
21
-4.2357285433070864
0
LINE
8
BLACK
6
CONTINUOUS
10
6.3519973228346451
20
-4.2357285433070864
11
6.35214279527559
21
-4.2359248425196849
0
LINE
8
BLACK
6
CONTINUOUS
10
6.35214279527559
20
-4.2359248425196849
11
6.3530809055118107
21
-4.2396771653543306
0
LINE
8
BLACK
6
CONTINUOUS
10
6.3530809055118107
20
-4.2396771653543306
11
6.3530407874015751
21
-4.2399467716535435
0
LINE
8
BLACK
6
CONTINUOUS
10
6.3530407874015751
20
-4.2399467716535435
11
6.3531451181102359
21
-4.240198661417323
0
LINE
8
BLACK
6
CONTINUOUS
10
6.3531451181102359
20
-4.240198661417323
11
6.3531451181102359
21
-4.2448891338582673
0
LINE
8
BLACK
6
CONTINUOUS
10
6.3531451181102359
20
-4.2448891338582673
11
6.3530407874015751
21
-4.2451409842519681
0
LINE
8
BLACK
6
CONTINUOUS
10
6.3530407874015751
20
-4.2451409842519681
11
6.3530809055118107
21
-4.245410590551181
0
LINE
8
BLACK
6
CONTINUOUS
10
6.3530809055118107
20
-4.245410590551181
11
6.35214279527559
21
-4.2491629921259841
0
LINE
8
BLACK
6
CONTINUOUS
10
6.35214279527559
20
-4.2491629921259841
11
6.3519973228346451
21
-4.2493592519685039
0
LINE
8
BLACK
6
CONTINUOUS
10
6.3519973228346451
20
-4.2493592519685039
11
6.3519800393700789
21
-4.2496030314960631
0
LINE
8
BLACK
6
CONTINUOUS
10
6.3519800393700789
20
-4.2496030314960631
11
6.351041968503937
21
-4.2514792125984249
0
LINE
8
BLACK
6
CONTINUOUS
10
6.351041968503937
20
-4.2514792125984249
11
6.3507746062992121
21
-4.2517110629921255
0
LINE
8
BLACK
6
CONTINUOUS
10
6.3507746062992121
20
-4.2517110629921255
11
6.3506392125984252
21
-4.2520379921259845
0
LINE
8
BLACK
6
CONTINUOUS
10
6.3506392125984252
20
-4.2520379921259845
11
6.3497011023622045
21
-4.2529761023622044
0
LINE
8
BLACK
6
CONTINUOUS
10
6.3497011023622045
20
-4.2529761023622044
11
6.3493741732283464
21
-4.2531114960629921
0
LINE
8
BLACK
6
CONTINUOUS
10
6.3493741732283464
20
-4.2531114960629921
11
6.3491423228346457
21
-4.2533788582677161
0
LINE
8
BLACK
6
CONTINUOUS
10
6.3491423228346457
20
-4.2533788582677161
11
6.3472661417322831
21
-4.2543169291338581
0
LINE
8
BLACK
6
CONTINUOUS
10
6.3472661417322831
20
-4.2543169291338581
11
6.3467669685039372
21
-4.2543523622047239
0
LINE
8
BLACK
6
CONTINUOUS
10
6.3467669685039372
20
-4.2543523622047239
11
6.3463046456692913
21
-4.2545438976377952
0
LINE
8
BLACK
6
CONTINUOUS
10
6.3463046456692913
20
-4.2545438976377952
11
6.3444284645669287
21
-4.2545438976377952
0
LINE
8
BLACK
6
CONTINUOUS
10
6.3444284645669287
20
-4.2545438976377952
11
6.3439661023622049
21
-4.2543523622047239
0
LINE
8
BLACK
6
CONTINUOUS
10
6.3439661023622049
20
-4.2543523622047239
11
6.3434670078740156
21
-4.2543169291338581
0
LINE
8
BLACK
6
CONTINUOUS
10
6.3434670078740156
20
-4.2543169291338581
11
6.3415907480314964
21
-4.2533788582677161
0
LINE
8
BLACK
6
CONTINUOUS
10
6.3415907480314964
20
-4.2533788582677161
11
6.3413588582677161
21
-4.2531114566929134
0
LINE
8
BLACK
6
CONTINUOUS
10
6.3413588582677161
20
-4.2531114566929134
11
6.3410319291338579
21
-4.2529760629921256
0
LINE
8
BLACK
6
CONTINUOUS
10
6.3410319291338579
20
-4.2529760629921256
11
6.340093858267716
21
-4.2520379527559058
0
LINE
8
BLACK
6
CONTINUOUS
10
6.340093858267716
20
-4.2520379527559058
11
6.3399584645669291
21
-4.2517110629921255
0
LINE
8
BLACK
6
CONTINUOUS
10
6.3399584645669291
20
-4.2517110629921255
11
6.339691141732283
21
-4.2514792519685036
0
LINE
8
BLACK
6
CONTINUOUS
10
6.339691141732283
20
-4.2514792519685036
11
6.3387530708661419
21
-4.2496030708661419
0
LINE
8
BLACK
6
CONTINUOUS
10
6.3387530708661419
20
-4.2496030708661419
11
6.3387357086614173
21
-4.2493593307086615
0
LINE
8
BLACK
6
CONTINUOUS
10
6.3387357086614173
20
-4.2493593307086615
11
6.3385902362204725
21
-4.2491629527559054
0
LINE
8
BLACK
6
CONTINUOUS
10
6.3385902362204725
20
-4.2491629527559054
11
6.3376521653543305
21
-4.2454105511811022
0
LINE
8
BLACK
6
CONTINUOUS
10
6.3376521653543305
20
-4.2454105511811022
11
6.337692283464567
21
-4.2451409055118106
0
LINE
8
BLACK
6
CONTINUOUS
10
6.337692283464567
20
-4.2451409055118106
11
6.3375879921259841
21
-4.2448891338582673
0
LINE
8
BLACK
6
CONTINUOUS
10
6.3375879921259841
20
-4.2448891338582673
11
6.3375879921259841
21
-4.240198661417323
0
LINE
8
BLACK
6
CONTINUOUS
10
6.3375879921259841
20
-4.240198661417323
11
6.337692283464567
21
-4.2399468110236223
0
LINE
8
BLACK
6
CONTINUOUS
10
6.337692283464567
20
-4.2399468110236223
11
6.3376521653543305
21
-4.2396772047244093
0
LINE
8
BLACK
6
CONTINUOUS
10
6.3376521653543305
20
-4.2396772047244093
11
6.3385902362204725
21
-4.2359248818897637
0
LINE
8
BLACK
6
CONTINUOUS
10
6.3385902362204725
20
-4.2359248818897637
11
6.3387357086614173
21
-4.2357285039370076
0
LINE
8
BLACK
6
CONTINUOUS
10
6.3387357086614173
20
-4.2357285039370076
11
6.3387530314960632
21
-4.235484803149606
0
LINE
8
BLACK
6
CONTINUOUS
10
6.3387530314960632
20
-4.235484803149606
11
6.339691141732283
21
-4.2336085826771654
0
LINE
8
BLACK
6
CONTINUOUS
10
6.339691141732283
20
-4.2336085826771654
11
6.3399584645669291
21
-4.233376692913386
0
LINE
8
BLACK
6
CONTINUOUS
10
6.3399584645669291
20
-4.233376692913386
11
6.3400938976377947
21
-4.2330498031496058
0
LINE
8
BLACK
6
CONTINUOUS
10
6.3400938976377947
20
-4.2330498031496058
11
6.3410319685039367
21
-4.2321117322834647
0
LINE
8
BLACK
6
CONTINUOUS
10
6.3410319685039367
20
-4.2321117322834647
11
6.3413588582677161
21
-4.2319762992125982
0
LINE
8
BLACK
6
CONTINUOUS
10
6.3413588582677161
20
-4.2319762992125982
11
6.3415907480314964
21
-4.231708976377953
0
LINE
8
BLACK
6
CONTINUOUS
10
6.3415907480314964
20
-4.231708976377953
11
6.3423342125984252
21
-4.2313372047244098
0
LINE
8
BLACK
6
CONTINUOUS
10
6.3423342125984252
20
-4.2313372047244098
11
6.3420018897637798
21
-4.2312786220472436
0
LINE
8
BLACK
6
CONTINUOUS
10
6.3420018897637798
20
-4.2312786220472436
11
6.3404546456692916
21
-4.2299803149606294
0
LINE
8
BLACK
6
CONTINUOUS
10
6.3404546456692916
20
-4.2299803149606294
11
6.3401038976377952
21
-4.2279911811023618
0
LINE
8
BLACK
6
CONTINUOUS
10
6.3401038976377952
20
-4.2279911811023618
11
6.3411138188976377
21
-4.2262420078740153
0
LINE
8
BLACK
6
CONTINUOUS
10
6.3411138188976377
20
-4.2262420078740153
11
6.3430118110236222
21
-4.2255511811023618
0
LINE
8
BLACK
6
CONTINUOUS
10
6.3430118110236222
20
-4.2255511811023618
11
6.3830118110236223
21
-4.2255511811023618
0
LINE
8
BLACK
6
CONTINUOUS
10
6.3830118110236223
20
-4.2255511811023618
11
6.3833953149606302
21
-4.2256187795275588
0
LINE
8
BLACK
6
CONTINUOUS
10
6.3438257874015749
20
-4.2353990157480315
11
6.3433811811023624
21
-4.235843622047244
0
LINE
8
BLACK
6
CONTINUOUS
10
6.3433811811023624
20
-4.235843622047244
11
6.3427046456692908
21
-4.2371966141732287
0
LINE
8
BLACK
6
CONTINUOUS
10
6.3427046456692908
20
-4.2371966141732287
11
6.3418879921259839
21
-4.2404633858267715
0
LINE
8
BLACK
6
CONTINUOUS
10
6.3418879921259839
20
-4.2404633858267715
11
6.3418879921259839
21
-4.2446244094488188
0
LINE
8
BLACK
6
CONTINUOUS
10
6.3418879921259839
20
-4.2446244094488188
11
6.3427046850393696
21
-4.2478912204724413
0
LINE
8
BLACK
6
CONTINUOUS
10
6.3427046850393696
20
-4.2478912204724413
11
6.3433811417322836
21
-4.2492441338582676
0
LINE
8
BLACK
6
CONTINUOUS
10
6.3433811417322836
20
-4.2492441338582676
11
6.3438257874015749
21
-4.2496887795275589
0
LINE
8
BLACK
6
CONTINUOUS
10
6.3438257874015749
20
-4.2496887795275589
11
6.3449360236220471
21
-4.2502438976377954
0
LINE
8
BLACK
6
CONTINUOUS
10
6.3449360236220471
20
-4.2502438976377954
11
6.3457970866141729
21
-4.2502438976377954
0
LINE
8
BLACK
6
CONTINUOUS
10
6.3457970866141729
20
-4.2502438976377954
11
6.3469072834645672
21
-4.2496887795275589
0
LINE
8
BLACK
6
CONTINUOUS
10
6.3469072834645672
20
-4.2496887795275589
11
6.3473518897637797
21
-4.2492441732283464
0
LINE
8
BLACK
6
CONTINUOUS
10
6.3473518897637797
20
-4.2492441732283464
11
6.3480284645669292
21
-4.2478910236220475
0
LINE
8
BLACK
6
CONTINUOUS
10
6.3480284645669292
20
-4.2478910236220475
11
6.3488451181102361
21
-4.24462437007874
0
LINE
8
BLACK
6
CONTINUOUS
10
6.3488451181102361
20
-4.24462437007874
11
6.3488451181102361
21
-4.2404633858267715
0
LINE
8
BLACK
6
CONTINUOUS
10
6.3488451181102361
20
-4.2404633858267715
11
6.3480284645669292
21
-4.2371967716535428
0
LINE
8
BLACK
6
CONTINUOUS
10
6.3480284645669292
20
-4.2371967716535428
11
6.3473518897637797
21
-4.235843622047244
0
LINE
8
BLACK
6
CONTINUOUS
10
6.3473518897637797
20
-4.235843622047244
11
6.3469072440944885
21
-4.2353989763779527
0
LINE
8
BLACK
6
CONTINUOUS
10
6.3469072440944885
20
-4.2353989763779527
11
6.3457971259842516
21
-4.2348438976377949
0
LINE
8
BLACK
6
CONTINUOUS
10
6.3457971259842516
20
-4.2348438976377949
11
6.3449360236220471
21
-4.2348438976377949
0
LINE
8
BLACK
6
CONTINUOUS
10
6.3449360236220471
20
-4.2348438976377949
11
6.3438257874015749
21
-4.2353990157480315
0
LINE
8
BLACK
6
CONTINUOUS
10
6.32124874015748
20
-4.2586736220472439
11
6.3218784645669288
21
-4.2601938976377953
0
LINE
8
BLACK
6
CONTINUOUS
10
6.3218784645669288
20
-4.2601938976377953
11
6.32124874015748
21
-4.2617141732283468
0
LINE
8
BLACK
6
CONTINUOUS
10
6.32124874015748
20
-4.2617141732283468
11
6.3197284645669294
21
-4.2623438976377948
0
LINE
8
BLACK
6
CONTINUOUS
10
6.3197284645669294
20
-4.2623438976377948
11
6.3122712992125987
21
-4.2623438976377948
0
LINE
8
BLACK
6
CONTINUOUS
10
6.3122712992125987
20
-4.2623438976377948
11
6.3157179133858268
21
-4.2662828740157481
0
LINE
8
BLACK
6
CONTINUOUS
10
6.3157179133858268
20
-4.2662828740157481
11
6.3159602755905508
21
-4.2669995275590553
0
LINE
8
BLACK
6
CONTINUOUS
10
6.3159602755905508
20
-4.2669995275590553
11
6.3162498818897639
21
-4.2676986614173229
0
LINE
8
BLACK
6
CONTINUOUS
10
6.3162498818897639
20
-4.2676986614173229
11
6.3162205905511808
21
-4.2677692519685042
0
LINE
8
BLACK
6
CONTINUOUS
10
6.3162205905511808
20
-4.2677692519685042
11
6.3162451181102357
21
-4.267841692913386
0
LINE
8
BLACK
6
CONTINUOUS
10
6.3162451181102357
20
-4.267841692913386
11
6.3159096456692909
21
-4.2685199606299209
0
LINE
8
BLACK
6
CONTINUOUS
10
6.3159096456692909
20
-4.2685199606299209
11
6.315620157480315
21
-4.2692189370078744
0
LINE
8
BLACK
6
CONTINUOUS
10
6.315620157480315
20
-4.2692189370078744
11
6.315549527559055
21
-4.2692481496062991
0
LINE
8
BLACK
6
CONTINUOUS
10
6.315549527559055
20
-4.2692481496062991
11
6.3155156692913383
21
-4.2693166929133861
0
LINE
8
BLACK
6
CONTINUOUS
10
6.3155156692913383
20
-4.2693166929133861
11
6.3147989763779524
21
-4.2695590551181102
0
LINE
8
BLACK
6
CONTINUOUS
10
6.3147989763779524
20
-4.2695590551181102
11
6.3140998818897636
21
-4.2698486614173223
0
LINE
8
BLACK
6
CONTINUOUS
10
6.3140998818897636
20
-4.2698486614173223
11
6.3117931889763774
21
-4.2698486614173223
0
LINE
8
BLACK
6
CONTINUOUS
10
6.3117931889763774
20
-4.2698486614173223
11
6.3106829527559052
21
-4.2704037401574801
0
LINE
8
BLACK
6
CONTINUOUS
10
6.3106829527559052
20
-4.2704037401574801
11
6.3102382677165352
21
-4.2708484251968502
0
LINE
8
BLACK
6
CONTINUOUS
10
6.3102382677165352
20
-4.2708484251968502
11
6.3096832283464561
21
-4.2719585826771649
0
LINE
8
BLACK
6
CONTINUOUS
10
6.3096832283464561
20
-4.2719585826771649
11
6.3096832283464561
21
-4.2756339763779527
0
LINE
8
BLACK
6
CONTINUOUS
10
6.3096832283464561
20
-4.2756339763779527
11
6.3102383070866139
21
-4.2767441732283462
0
LINE
8
BLACK
6
CONTINUOUS
10
6.3102383070866139
20
-4.2767441732283462
11
6.3106829133858264
21
-4.2771887795275587
0
LINE
8
BLACK
6
CONTINUOUS
10
6.3106829133858264
20
-4.2771887795275587
11
6.3117931496062987
21
-4.2777438976377953
0
LINE
8
BLACK
6
CONTINUOUS
10
6.3117931496062987
20
-4.2777438976377953
11
6.3164066141732285
21
-4.2777438976377953
0
LINE
8
BLACK
6
CONTINUOUS
10
6.3164066141732285
20
-4.2777438976377953
11
6.3175168110236219
21
-4.2771887795275587
0
LINE
8
BLACK
6
CONTINUOUS
10
6.3175168110236219
20
-4.2771887795275587
11
6.3182081889763779
21
-4.2764974409448815
0
LINE
8
BLACK
6
CONTINUOUS
10
6.3182081889763779
20
-4.2764974409448815
11
6.3197284645669294
21
-4.2758677165354326
0
LINE
8
BLACK
6
CONTINUOUS
10
6.3197284645669294
20
-4.2758677165354326
11
6.32124874015748
21
-4.2764974409448815
0
LINE
8
BLACK
6
CONTINUOUS
10
6.32124874015748
20
-4.2764974409448815
11
6.3218784645669288
21
-4.2780177165354329
0
LINE
8
BLACK
6
CONTINUOUS
10
6.3218784645669288
20
-4.2780177165354329
11
6.32124874015748
21
-4.2795379921259844
0
LINE
8
BLACK
6
CONTINUOUS
10
6.32124874015748
20
-4.2795379921259844
11
6.3203106299212601
21
-4.2804761023622042
0
LINE
8
BLACK
6
CONTINUOUS
10
6.3203106299212601
20
-4.2804761023622042
11
6.3199837007874011
21
-4.280611496062992
0
LINE
8
BLACK
6
CONTINUOUS
10
6.3199837007874011
20
-4.280611496062992
11
6.3197518503937005
21
-4.2808788582677169
0
LINE
8
BLACK
6
CONTINUOUS
10
6.3197518503937005
20
-4.2808788582677169
11
6.3178756692913387
21
-4.2818169291338579
0
LINE
8
BLACK
6
CONTINUOUS
10
6.3178756692913387
20
-4.2818169291338579
11
6.3173764960629919
21
-4.2818523622047246
0
LINE
8
BLACK
6
CONTINUOUS
10
6.3173764960629919
20
-4.2818523622047246
11
6.316914173228346
21
-4.282043897637795
0
LINE
8
BLACK
6
CONTINUOUS
10
6.316914173228346
20
-4.282043897637795
11
6.3112855905511811
21
-4.282043897637795
0
LINE
8
BLACK
6
CONTINUOUS
10
6.3112855905511811
20
-4.282043897637795
11
6.3108232283464565
21
-4.2818523622047246
0
LINE
8
BLACK
6
CONTINUOUS
10
6.3108232283464565
20
-4.2818523622047246
11
6.3103240944881884
21
-4.2818169291338579
0
LINE
8
BLACK
6
CONTINUOUS
10
6.3103240944881884
20
-4.2818169291338579
11
6.3084479133858267
21
-4.2808788582677169
0
LINE
8
BLACK
6
CONTINUOUS
10
6.3084479133858267
20
-4.2808788582677169
11
6.3082160236220473
21
-4.280611496062992
0
LINE
8
BLACK
6
CONTINUOUS
10
6.3082160236220473
20
-4.280611496062992
11
6.3078891338582679
21
-4.2804761023622042
0
LINE
8
BLACK
6
CONTINUOUS
10
6.3078891338582679
20
-4.2804761023622042
11
6.3069510236220472
21
-4.2795379921259844
0
LINE
8
BLACK
6
CONTINUOUS
10
6.3069510236220472
20
-4.2795379921259844
11
6.3068155905511807
21
-4.2792110629921263
0
LINE
8
BLACK
6
CONTINUOUS
10
6.3068155905511807
20
-4.2792110629921263
11
6.3065482677165354
21
-4.2789792125984247
0
LINE
8
BLACK
6
CONTINUOUS
10
6.3065482677165354
20
-4.2789792125984247
11
6.3056101968503935
21
-4.277103031496063
0
LINE
8
BLACK
6
CONTINUOUS
10
6.3056101968503935
20
-4.277103031496063
11
6.3055747244094489
21
-4.2766038582677162
0
LINE
8
BLACK
6
CONTINUOUS
10
6.3055747244094489
20
-4.2766038582677162
11
6.3053832283464564
21
-4.2761415354330712
0
LINE
8
BLACK
6
CONTINUOUS
10
6.3053832283464564
20
-4.2761415354330712
11
6.3053832283464564
21
-4.2714510629921261
0
LINE
8
BLACK
6
CONTINUOUS
10
6.3053832283464564
20
-4.2714510629921261
11
6.3055747244094489
21
-4.2709887007874014
0
LINE
8
BLACK
6
CONTINUOUS
10
6.3055747244094489
20
-4.2709887007874014
11
6.3056101968503935
21
-4.2704895669291334
0
LINE
8
BLACK
6
CONTINUOUS
10
6.3056101968503935
20
-4.2704895669291334
11
6.3065482677165354
21
-4.2686133464566929
0
LINE
8
BLACK
6
CONTINUOUS
10
6.3065482677165354
20
-4.2686133464566929
11
6.3068156299212594
21
-4.2683814173228347
0
LINE
8
BLACK
6
CONTINUOUS
10
6.3068156299212594
20
-4.2683814173228347
11
6.3069510629921259
21
-4.2680545275590553
0
LINE
8
BLACK
6
CONTINUOUS
10
6.3069510629921259
20
-4.2680545275590553
11
6.3078891732283466
21
-4.2671164566929134
0
LINE
8
BLACK
6
CONTINUOUS
10
6.3078891732283466
20
-4.2671164566929134
11
6.3082160236220473
21
-4.2669810629921257
0
LINE
8
BLACK
6
CONTINUOUS
10
6.3082160236220473
20
-4.2669810629921257
11
6.3084478740157479
21
-4.2667137795275591
0
LINE
8
BLACK
6
CONTINUOUS
10
6.3084478740157479
20
-4.2667137795275591
11
6.3097928346456689
21
-4.2660412598425195
0
LINE
8
BLACK
6
CONTINUOUS
10
6.3097928346456689
20
-4.2660412598425195
11
6.3059151968503935
21
-4.2616096850393701
0
LINE
8
BLACK
6
CONTINUOUS
10
6.3059151968503935
20
-4.2616096850393701
11
6.3056727952755907
21
-4.2608929921259842
0
LINE
8
BLACK
6
CONTINUOUS
10
6.3056727952755907
20
-4.2608929921259842
11
6.3053832283464564
21
-4.2601938976377953
0
LINE
8
BLACK
6
CONTINUOUS
10
6.3053832283464564
20
-4.2601938976377953
11
6.3054124803149607
21
-4.2601232677165353
0
LINE
8
BLACK
6
CONTINUOUS
10
6.3054124803149607
20
-4.2601232677165353
11
6.3053879921259837
21
-4.2600508661417322
0
LINE
8
BLACK
6
CONTINUOUS
10
6.3053879921259837
20
-4.2600508661417322
11
6.3057234251968506
21
-4.2593725590551177
0
LINE
8
BLACK
6
CONTINUOUS
10
6.3057234251968506
20
-4.2593725590551177
11
6.3060129527559052
21
-4.2586736220472439
0
LINE
8
BLACK
6
CONTINUOUS
10
6.3060129527559052
20
-4.2586736220472439
11
6.3060835433070865
21
-4.2586443700787404
0
LINE
8
BLACK
6
CONTINUOUS
10
6.3060835433070865
20
-4.2586443700787404
11
6.3061174409448819
21
-4.2585758661417321
0
LINE
8
BLACK
6
CONTINUOUS
10
6.3061174409448819
20
-4.2585758661417321
11
6.3068340944881891
21
-4.2583334645669293
0
LINE
8
BLACK
6
CONTINUOUS
10
6.3068340944881891
20
-4.2583334645669293
11
6.3075332283464567
21
-4.258043897637795
0
LINE
8
BLACK
6
CONTINUOUS
10
6.3075332283464567
20
-4.258043897637795
11
6.3197284645669294
21
-4.258043897637795
0
LINE
8
BLACK
6
CONTINUOUS
10
6.3197284645669294
20
-4.258043897637795
11
6.32124874015748
21
-4.2586736220472439
0
LINE
8
BLACK
6
CONTINUOUS
10
6.3322505511811018
20
-4.2581792913385828
11
6.3326035826771649
21
-4.2581542125984253
0
LINE
8
BLACK
6
CONTINUOUS
10
6.3326035826771649
20
-4.2581542125984253
11
6.335417913385827
21
-4.2590923622047239
0
LINE
8
BLACK
6
CONTINUOUS
10
6.335417913385827
20
-4.2590923622047239
11
6.3357959448818892
21
-4.2594201968503933
0
LINE
8
BLACK
6
CONTINUOUS
10
6.3357959448818892
20
-4.2594201968503933
11
6.3362582677165351
21
-4.2596117322834646
0
LINE
8
BLACK
6
CONTINUOUS
10
6.3362582677165351
20
-4.2596117322834646
11
6.3381344488188978
21
-4.2614879133858263
0
LINE
8
BLACK
6
CONTINUOUS
10
6.3381344488188978
20
-4.2614879133858263
11
6.3382698425196846
21
-4.2618148031496066
0
LINE
8
BLACK
6
CONTINUOUS
10
6.3382698425196846
20
-4.2618148031496066
11
6.3385372047244095
21
-4.262046692913386
0
LINE
8
BLACK
6
CONTINUOUS
10
6.3385372047244095
20
-4.262046692913386
11
6.3394752755905515
21
-4.2639228740157478
0
LINE
8
BLACK
6
CONTINUOUS
10
6.3394752755905515
20
-4.2639228740157478
11
6.3394925590551177
21
-4.2641666141732282
0
LINE
8
BLACK
6
CONTINUOUS
10
6.3394925590551177
20
-4.2641666141732282
11
6.3396380314960625
21
-4.2643629133858267
0
LINE
8
BLACK
6
CONTINUOUS
10
6.3396380314960625
20
-4.2643629133858267
11
6.3405761417322832
21
-4.2681153149606299
0
LINE
8
BLACK
6
CONTINUOUS
10
6.3405761417322832
20
-4.2681153149606299
11
6.3405360236220467
21
-4.2683848818897641
0
LINE
8
BLACK
6
CONTINUOUS
10
6.3405360236220467
20
-4.2683848818897641
11
6.3406403543307084
21
-4.2686367716535436
0
LINE
8
BLACK
6
CONTINUOUS
10
6.3406403543307084
20
-4.2686367716535436
11
6.3406403543307084
21
-4.2714510629921261
0
LINE
8
BLACK
6
CONTINUOUS
10
6.3406403543307084
20
-4.2714510629921261
11
6.3405360236220467
21
-4.2717029133858269
0
LINE
8
BLACK
6
CONTINUOUS
10
6.3405360236220467
20
-4.2717029133858269
11
6.3405761417322832
21
-4.2719725590551176
0
LINE
8
BLACK
6
CONTINUOUS
10
6.3405761417322832
20
-4.2719725590551176
11
6.3396380314960625
21
-4.2757248818897633
0
LINE
8
BLACK
6
CONTINUOUS
10
6.3396380314960625
20
-4.2757248818897633
11
6.3394925590551177
21
-4.2759211417322831
0
LINE
8
BLACK
6
CONTINUOUS
10
6.3394925590551177
20
-4.2759211417322831
11
6.3394752755905515
21
-4.2761649212598423
0
LINE
8
BLACK
6
CONTINUOUS
10
6.3394752755905515
20
-4.2761649212598423
11
6.3385372047244095
21
-4.2780411023622049
0
LINE
8
BLACK
6
CONTINUOUS
10
6.3385372047244095
20
-4.2780411023622049
11
6.3382698425196846
21
-4.2782729527559056
0
LINE
8
BLACK
6
CONTINUOUS
10
6.3382698425196846
20
-4.2782729527559056
11
6.3381344488188978
21
-4.2785998818897637
0
LINE
8
BLACK
6
CONTINUOUS
10
6.3381344488188978
20
-4.2785998818897637
11
6.3362583070866139
21
-4.2804761023622042
0
LINE
8
BLACK
6
CONTINUOUS
10
6.3362583070866139
20
-4.2804761023622042
11
6.3357958661417317
21
-4.2806676377952755
0
LINE
8
BLACK
6
CONTINUOUS
10
6.3357958661417317
20
-4.2806676377952755
11
6.3354178346456695
21
-4.2809955118110237
0
LINE
8
BLACK
6
CONTINUOUS
10
6.3354178346456695
20
-4.2809955118110237
11
6.3326035826771649
21
-4.2819335826771656
0
LINE
8
BLACK
6
CONTINUOUS
10
6.3326035826771649
20
-4.2819335826771656
11
6.3322505905511806
21
-4.2819084645669294
0
LINE
8
BLACK
6
CONTINUOUS
10
6.3322505905511806
20
-4.2819084645669294
11
6.3319237007874012
21
-4.282043897637795
0
LINE
8
BLACK
6
CONTINUOUS
10
6.3319237007874012
20
-4.282043897637795
11
6.3300474803149607
21
-4.282043897637795
0
LINE
8
BLACK
6
CONTINUOUS
10
6.3300474803149607
20
-4.282043897637795
11
6.3297205905511813
21
-4.2819084645669294
0
LINE
8
BLACK
6
CONTINUOUS
10
6.3297205905511813
20
-4.2819084645669294
11
6.3293675984251969
21
-4.2819335826771656
0
LINE
8
BLACK
6
CONTINUOUS
10
6.3293675984251969
20
-4.2819335826771656
11
6.3265533464566932
21
-4.2809955118110237
0
LINE
8
BLACK
6
CONTINUOUS
10
6.3265533464566932
20
-4.2809955118110237
11
6.3261752755905514
21
-4.2806675984251967
0
LINE
8
BLACK
6
CONTINUOUS
10
6.3261752755905514
20
-4.2806675984251967
11
6.3257129527559055
21
-4.2804761023622042
0
LINE
8
BLACK
6
CONTINUOUS
10
6.3257129527559055
20
-4.2804761023622042
11
6.3247748425196848
21
-4.2795379921259844
0
LINE
8
BLACK
6
CONTINUOUS
10
6.3247748425196848
20
-4.2795379921259844
11
6.3241451181102359
21
-4.2780177165354329
0
LINE
8
BLACK
6
CONTINUOUS
10
6.3241451181102359
20
-4.2780177165354329
11
6.3247748425196848
21
-4.2764974409448815
0
LINE
8
BLACK
6
CONTINUOUS
10
6.3247748425196848
20
-4.2764974409448815
11
6.3262951181102363
21
-4.2758677165354326
0
LINE
8
BLACK
6
CONTINUOUS
10
6.3262951181102363
20
-4.2758677165354326
11
6.3278153937007868
21
-4.2764974409448815
0
LINE
8
BLACK
6
CONTINUOUS
10
6.3278153937007868
20
-4.2764974409448815
11
6.3283945669291342
21
-4.2770766141732279
0
LINE
8
BLACK
6
CONTINUOUS
10
6.3283945669291342
20
-4.2770766141732279
11
6.3303964173228344
21
-4.2777438976377953
0
LINE
8
BLACK
6
CONTINUOUS
10
6.3303964173228344
20
-4.2777438976377953
11
6.3315747637795274
21
-4.2777438976377953
0
LINE
8
BLACK
6
CONTINUOUS
10
6.3315747637795274
20
-4.2777438976377953
11
6.3335765354330711
21
-4.2770766141732279
0
LINE
8
BLACK
6
CONTINUOUS
10
6.3335765354330711
20
-4.2770766141732279
11
6.3348471653543301
21
-4.275805984251968
0
LINE
8
BLACK
6
CONTINUOUS
10
6.3348471653543301
20
-4.275805984251968
11
6.3355237007874017
21
-4.2744529133858267
0
LINE
8
BLACK
6
CONTINUOUS
10
6.3355237007874017
20
-4.2744529133858267
11
6.3363403543307086
21
-4.271186299212598
0
LINE
8
BLACK
6
CONTINUOUS
10
6.3363403543307086
20
-4.271186299212598
11
6.3363403543307086
21
-4.2689014960629921
0
LINE
8
BLACK
6
CONTINUOUS
10
6.3363403543307086
20
-4.2689014960629921
11
6.3355237007874017
21
-4.2656348425196846
0
LINE
8
BLACK
6
CONTINUOUS
10
6.3355237007874017
20
-4.2656348425196846
11
6.3348471259842523
21
-4.2642816929133858
0
LINE
8
BLACK
6
CONTINUOUS
10
6.3348471259842523
20
-4.2642816929133858
11
6.3335766141732286
21
-4.2630111811023621
0
LINE
8
BLACK
6
CONTINUOUS
10
6.3335766141732286
20
-4.2630111811023621
11
6.3315747637795274
21
-4.2623438976377948
0
LINE
8
BLACK
6
CONTINUOUS
10
6.3315747637795274
20
-4.2623438976377948
11
6.3303963385826769
21
-4.2623438976377948
0
LINE
8
BLACK
6
CONTINUOUS
10
6.3303963385826769
20
-4.2623438976377948
11
6.328394606299212
21
-4.2630111417322833
0
LINE
8
BLACK
6
CONTINUOUS
10
6.328394606299212
20
-4.2630111417322833
11
6.3278153543307081
21
-4.2635903937007873
0
LINE
8
BLACK
6
CONTINUOUS
10
6.3278153543307081
20
-4.2635903937007873
11
6.3262950787401575
21
-4.2642200787401574
0
LINE
8
BLACK
6
CONTINUOUS
10
6.3262950787401575
20
-4.2642200787401574
11
6.3247748031496061
21
-4.2635903149606298
0
LINE
8
BLACK
6
CONTINUOUS
10
6.3247748031496061
20
-4.2635903149606298
11
6.3241451181102359
21
-4.2620700393700783
0
LINE
8
BLACK
6
CONTINUOUS
10
6.3241451181102359
20
-4.2620700393700783
11
6.3247748818897636
21
-4.2605497637795278
0
LINE
8
BLACK
6
CONTINUOUS
10
6.3247748818897636
20
-4.2605497637795278
11
6.3257129921259843
21
-4.2596116929133858
0
LINE
8
BLACK
6
CONTINUOUS
10
6.3257129921259843
20
-4.2596116929133858
11
6.3261752755905514
21
-4.2594201968503933
0
LINE
8
BLACK
6
CONTINUOUS
10
6.3261752755905514
20
-4.2594201968503933
11
6.3265533070866145
21
-4.2590923622047239
0
LINE
8
BLACK
6
CONTINUOUS
10
6.3265533070866145
20
-4.2590923622047239
11
6.3293675984251969
21
-4.2581542519685041
0
LINE
8
BLACK
6
CONTINUOUS
10
6.3293675984251969
20
-4.2581542519685041
11
6.3297205118110238
21
-4.2581792913385828
0
LINE
8
BLACK
6
CONTINUOUS
10
6.3297205118110238
20
-4.2581792913385828
11
6.3300474803149607
21
-4.258043897637795
0
LINE
8
BLACK
6
CONTINUOUS
10
6.3300474803149607
20
-4.258043897637795
11
6.3319237007874012
21
-4.258043897637795
0
LINE
8
BLACK
6
CONTINUOUS
10
6.3319237007874012
20
-4.258043897637795
11
6.3322505511811018
21
-4.2581792913385828
0
LINE
8
BLACK
6
CONTINUOUS
10
6.0127737401574803
20
-4.2241059448818898
11
6.0134645669291338
21
-4.2260039370078744
0
LINE
8
BLACK
6
CONTINUOUS
10
6.0134645669291338
20
-4.2260039370078744
11
6.0134645669291338
21
-4.2660039370078735
0
LINE
8
BLACK
6
CONTINUOUS
10
6.0134645669291338
20
-4.2660039370078735
11
6.013396929133858
21
-4.2663874409448814
0
LINE
8
BLACK
6
CONTINUOUS
10
6.013396929133858
20
-4.2663874409448814
11
6.0134197244094487
21
-4.2665166929133855
0
LINE
8
BLACK
6
CONTINUOUS
10
6.0134197244094487
20
-4.2665166929133855
11
6.0133540944881885
21
-4.2666302755905514
0
LINE
8
BLACK
6
CONTINUOUS
10
6.0133540944881885
20
-4.2666302755905514
11
6.0132864960629924
21
-4.2670138582677168
0
LINE
8
BLACK
6
CONTINUOUS
10
6.0132864960629924
20
-4.2670138582677168
11
6.0127933464566929
21
-4.2676015354330712
0
LINE
8
BLACK
6
CONTINUOUS
10
6.0127933464566929
20
-4.2676015354330712
11
6.0124098031496063
21
-4.2682658661417321
0
LINE
8
BLACK
6
CONTINUOUS
10
6.0124098031496063
20
-4.2682658661417321
11
6.0121594488188972
21
-4.2683569685039373
0
LINE
8
BLACK
6
CONTINUOUS
10
6.0121594488188972
20
-4.2683569685039373
11
6.0119881889763782
21
-4.268561102362205
0
LINE
8
BLACK
6
CONTINUOUS
10
6.0119881889763782
20
-4.268561102362205
11
6.0112325984251971
21
-4.2686943307086613
0
LINE
8
BLACK
6
CONTINUOUS
10
6.0112325984251971
20
-4.2686943307086613
11
6.0105118110236218
21
-4.2689566929133855
0
LINE
8
BLACK
6
CONTINUOUS
10
6.0105118110236218
20
-4.2689566929133855
11
5.9505118110236221
21
-4.2689566929133855
0
LINE
8
BLACK
6
CONTINUOUS
10
5.9505118110236221
20
-4.2689566929133855
11
5.9501282677165355
21
-4.2688890551181098
0
LINE
8
BLACK
6
CONTINUOUS
10
5.9501282677165355
20
-4.2688890551181098
11
5.9499990551181101
21
-4.2689118503937005
0
LINE
8
BLACK
6
CONTINUOUS
10
5.9499990551181101
20
-4.2689118503937005
11
5.9498854330708664
21
-4.2688462204724411
0
LINE
8
BLACK
6
CONTINUOUS
10
5.9498854330708664
20
-4.2688462204724411
11
5.9495018897637797
21
-4.2687786220472441
0
LINE
8
BLACK
6
CONTINUOUS
10
5.9495018897637797
20
-4.2687786220472441
11
5.9489141732283466
21
-4.2682854724409447
0
LINE
8
BLACK
6
CONTINUOUS
10
5.9489141732283466
20
-4.2682854724409447
11
5.9482498818897636
21
-4.267901929133858
0
LINE
8
BLACK
6
CONTINUOUS
10
5.9482498818897636
20
-4.267901929133858
11
5.9481587401574805
21
-4.2676515748031498
0
LINE
8
BLACK
6
CONTINUOUS
10
5.9481587401574805
20
-4.2676515748031498
11
5.9479546456692916
21
-4.26748031496063
0
LINE
8
BLACK
6
CONTINUOUS
10
5.9479546456692916
20
-4.26748031496063
11
5.9478213779527556
21
-4.2667247244094488
0
LINE
8
BLACK
6
CONTINUOUS
10
5.9478213779527556
20
-4.2667247244094488
11
5.9475590551181101
21
-4.2660039370078735
0
LINE
8
BLACK
6
CONTINUOUS
10
5.9475590551181101
20
-4.2660039370078735
11
5.9475590551181101
21
-4.2260039370078744
0
LINE
8
BLACK
6
CONTINUOUS
10
5.9475590551181101
20
-4.2260039370078744
11
5.9477371259842515
21
-4.224994015748031
0
LINE
8
BLACK
6
CONTINUOUS
10
5.9477371259842515
20
-4.224994015748031
11
5.9490354330708657
21
-4.2234467716535429
0
LINE
8
BLACK
6
CONTINUOUS
10
5.9490354330708657
20
-4.2234467716535429
11
5.9510245669291333
21
-4.2230960236220474
0
LINE
8
BLACK
6
CONTINUOUS
10
5.9510245669291333
20
-4.2230960236220474
11
5.9527737401574798
21
-4.2241059448818898
0
LINE
8
BLACK
6
CONTINUOUS
10
5.9527737401574798
20
-4.2241059448818898
11
5.9534645669291333
21
-4.2260039370078744
0
LINE
8
BLACK
6
CONTINUOUS
10
5.9534645669291333
20
-4.2260039370078744
11
5.9534645669291333
21
-4.2630511811023624
0
LINE
8
BLACK
6
CONTINUOUS
10
5.9534645669291333
20
-4.2630511811023624
11
6.0075590551181097
21
-4.2630511811023624
0
LINE
8
BLACK
6
CONTINUOUS
10
6.0075590551181097
20
-4.2630511811023624
11
6.0075590551181097
21
-4.2286324803149604
0
LINE
8
BLACK
6
CONTINUOUS
10
6.0075590551181097
20
-4.2286324803149604
11
6.0065517716535428
21
-4.2286324803149604
0
LINE
8
BLACK
6
CONTINUOUS
10
6.0065517716535428
20
-4.2286324803149604
11
6.0065517716535428
21
-4.2321110236220472
0
LINE
8
BLACK
6
CONTINUOUS
10
6.0065517716535428
20
-4.2321110236220472
11
6.0063602362204724
21
-4.232573346456693
0
LINE
8
BLACK
6
CONTINUOUS
10
6.0063602362204724
20
-4.232573346456693
11
6.0063248031496066
21
-4.2330724803149602
0
LINE
8
BLACK
6
CONTINUOUS
10
6.0063248031496066
20
-4.2330724803149602
11
6.0053867322834646
21
-4.2349487401574804
0
LINE
8
BLACK
6
CONTINUOUS
10
6.0053867322834646
20
-4.2349487401574804
11
6.005119330708661
21
-4.235180590551181
0
LINE
8
BLACK
6
CONTINUOUS
10
6.005119330708661
20
-4.235180590551181
11
6.0049839370078741
21
-4.2355075590551179
0
LINE
8
BLACK
6
CONTINUOUS
10
6.0049839370078741
20
-4.2355075590551179
11
6.0040458267716534
21
-4.2364456299212598
0
LINE
8
BLACK
6
CONTINUOUS
10
6.0040458267716534
20
-4.2364456299212598
11
6.0037189370078741
21
-4.2365809842519688
0
LINE
8
BLACK
6
CONTINUOUS
10
6.0037189370078741
20
-4.2365809842519688
11
6.0034871259842522
21
-4.2368483464566928
0
LINE
8
BLACK
6
CONTINUOUS
10
6.0034871259842522
20
-4.2368483464566928
11
6.0016109448818895
21
-4.2377864173228348
0
LINE
8
BLACK
6
CONTINUOUS
10
6.0016109448818895
20
-4.2377864173228348
11
6.0011117716535436
21
-4.2378218897637794
0
LINE
8
BLACK
6
CONTINUOUS
10
6.0011117716535436
20
-4.2378218897637794
11
6.000649409448819
21
-4.2380134251968506
0
LINE
8
BLACK
6
CONTINUOUS
10
6.000649409448819
20
-4.2380134251968506
11
5.9950208267716532
21
-4.2380134251968506
0
LINE
8
BLACK
6
CONTINUOUS
10
5.9950208267716532
20
-4.2380134251968506
11
5.9945584251968507
21
-4.2378218897637794
0
LINE
8
BLACK
6
CONTINUOUS
10
5.9945584251968507
20
-4.2378218897637794
11
5.9940592913385826
21
-4.2377864173228348
0
LINE
8
BLACK
6
CONTINUOUS
10
5.9940592913385826
20
-4.2377864173228348
11
5.99218311023622
21
-4.2368483070866141
0
LINE
8
BLACK
6
CONTINUOUS
10
5.99218311023622
20
-4.2368483070866141
11
5.9919512598425193
21
-4.2365809842519688
0
LINE
8
BLACK
6
CONTINUOUS
10
5.9919512598425193
20
-4.2365809842519688
11
5.9916244094488187
21
-4.2364456299212598
0
LINE
8
BLACK
6
CONTINUOUS
10
5.9916244094488187
20
-4.2364456299212598
11
5.990686299212598
21
-4.2355075590551179
0
LINE
8
BLACK
6
CONTINUOUS
10
5.990686299212598
20
-4.2355075590551179
11
5.9905508267716536
21
-4.235180590551181
0
LINE
8
BLACK
6
CONTINUOUS
10
5.9905508267716536
20
-4.235180590551181
11
5.9902835039370075
21
-4.2349487401574804
0
LINE
8
BLACK
6
CONTINUOUS
10
5.9902835039370075
20
-4.2349487401574804
11
5.9893453937007877
21
-4.2330725196850389
0
LINE
8
BLACK
6
CONTINUOUS
10
5.9893453937007877
20
-4.2330725196850389
11
5.9893099212598422
21
-4.232573346456693
0
LINE
8
BLACK
6
CONTINUOUS
10
5.9893099212598422
20
-4.232573346456693
11
5.9891184251968506
21
-4.2321110236220472
0
LINE
8
BLACK
6
CONTINUOUS
10
5.9891184251968506
20
-4.2321110236220472
11
5.9891184251968506
21
-4.2283586614173228
0
LINE
8
BLACK
6
CONTINUOUS
10
5.9891184251968506
20
-4.2283586614173228
11
5.9893099212598422
21
-4.2278962598425194
0
LINE
8
BLACK
6
CONTINUOUS
10
5.9893099212598422
20
-4.2278962598425194
11
5.9893454330708664
21
-4.2273971259842522
0
LINE
8
BLACK
6
CONTINUOUS
10
5.9893454330708664
20
-4.2273971259842522
11
5.9894284645669291
21
-4.2272309842519684
0
LINE
8
BLACK
6
CONTINUOUS
10
5.9894284645669291
20
-4.2272309842519684
11
5.9891184251968506
21
-4.2264824803149601
0
LINE
8
BLACK
6
CONTINUOUS
10
5.9891184251968506
20
-4.2264824803149601
11
5.9897481496062994
21
-4.2249622047244095
0
LINE
8
BLACK
6
CONTINUOUS
10
5.9897481496062994
20
-4.2249622047244095
11
5.99126842519685
21
-4.2243324803149607
0
LINE
8
BLACK
6
CONTINUOUS
10
5.99126842519685
20
-4.2243324803149607
11
6.0082922440944877
21
-4.2243324803149607
0
LINE
8
BLACK
6
CONTINUOUS
10
6.0082922440944877
20
-4.2243324803149607
11
6.0090354330708662
21
-4.2234467716535429
0
LINE
8
BLACK
6
CONTINUOUS
10
6.0090354330708662
20
-4.2234467716535429
11
6.0110245669291338
21
-4.2230960236220474
0
LINE
8
BLACK
6
CONTINUOUS
10
6.0110245669291338
20
-4.2230960236220474
11
6.0127737401574803
21
-4.2241059448818898
0
LINE
8
BLACK
6
CONTINUOUS
10
5.9934184251968503
20
-4.2288661811023625
11
5.9934184251968503
21
-4.2316034645669287
0
LINE
8
BLACK
6
CONTINUOUS
10
5.9934184251968503
20
-4.2316034645669287
11
5.9939735039370081
21
-4.2327136614173231
0
LINE
8
BLACK
6
CONTINUOUS
10
5.9939735039370081
20
-4.2327136614173231
11
5.9944181889763781
21
-4.2331583070866143
0
LINE
8
BLACK
6
CONTINUOUS
10
5.9944181889763781
20
-4.2331583070866143
11
5.9955284251968504
21
-4.23371342519685
0
LINE
8
BLACK
6
CONTINUOUS
10
5.9955284251968504
20
-4.23371342519685
11
6.0001418897637793
21
-4.23371342519685
0
LINE
8
BLACK
6
CONTINUOUS
10
6.0001418897637793
20
-4.23371342519685
11
6.0012520078740152
21
-4.2331583070866143
0
LINE
8
BLACK
6
CONTINUOUS
10
6.0012520078740152
20
-4.2331583070866143
11
6.0016966535433074
21
-4.2327136614173231
0
LINE
8
BLACK
6
CONTINUOUS
10
6.0016966535433074
20
-4.2327136614173231
11
6.0022517716535431
21
-4.2316034645669287
0
LINE
8
BLACK
6
CONTINUOUS
10
6.0022517716535431
20
-4.2316034645669287
11
6.0022517716535431
21
-4.2288661811023625
0
LINE
8
BLACK
6
CONTINUOUS
10
6.0022517716535431
20
-4.2288661811023625
11
6.0021349212598425
21
-4.2286324803149604
0
LINE
8
BLACK
6
CONTINUOUS
10
6.0021349212598425
20
-4.2286324803149604
11
5.9935352755905509
21
-4.2286324803149604
0
LINE
8
BLACK
6
CONTINUOUS
10
5.9935352755905509
20
-4.2286324803149604
11
5.9934184251968503
21
-4.2288661811023625
0
LINE
8
BLACK
6
CONTINUOUS
10
6.005922047244094
20
-4.2427860236220472
11
6.0065517716535428
21
-4.2443062992125986
0
LINE
8
BLACK
6
CONTINUOUS
10
6.0065517716535428
20
-4.2443062992125986
11
6.005922047244094
21
-4.2458265748031492
0
LINE
8
BLACK
6
CONTINUOUS
10
6.005922047244094
20
-4.2458265748031492
11
6.0044017716535434
21
-4.246456299212598
0
LINE
8
BLACK
6
CONTINUOUS
10
6.0044017716535434
20
-4.246456299212598
11
5.9962327165354328
21
-4.246456299212598
0
LINE
8
BLACK
6
CONTINUOUS
10
5.9962327165354328
20
-4.246456299212598
11
5.9962327165354328
21
-4.2508729527559055
0
LINE
8
BLACK
6
CONTINUOUS
10
5.9962327165354328
20
-4.2508729527559055
11
5.9956029921259839
21
-4.2523932283464569
0
LINE
8
BLACK
6
CONTINUOUS
10
5.9956029921259839
20
-4.2523932283464569
11
5.9940827165354333
21
-4.2530229527559058
0
LINE
8
BLACK
6
CONTINUOUS
10
5.9940827165354333
20
-4.2530229527559058
11
5.9925624409448819
21
-4.2523932283464569
0
LINE
8
BLACK
6
CONTINUOUS
10
5.9925624409448819
20
-4.2523932283464569
11
5.991932716535433
21
-4.2508729527559055
0
LINE
8
BLACK
6
CONTINUOUS
10
5.991932716535433
20
-4.2508729527559055
11
5.991932716535433
21
-4.246456299212598
0
LINE
8
BLACK
6
CONTINUOUS
10
5.991932716535433
20
-4.246456299212598
11
5.9868517716535434
21
-4.246456299212598
0
LINE
8
BLACK
6
CONTINUOUS
10
5.9868517716535434
20
-4.246456299212598
11
5.9868517716535434
21
-4.253687244094488
0
LINE
8
BLACK
6
CONTINUOUS
10
5.9868517716535434
20
-4.253687244094488
11
5.9862220472440946
21
-4.2552075196850394
0
LINE
8
BLACK
6
CONTINUOUS
10
5.9862220472440946
20
-4.2552075196850394
11
5.9847017716535431
21
-4.2558372440944883
0
LINE
8
BLACK
6
CONTINUOUS
10
5.9847017716535431
20
-4.2558372440944883
11
5.9831814960629917
21
-4.2552075196850394
0
LINE
8
BLACK
6
CONTINUOUS
10
5.9831814960629917
20
-4.2552075196850394
11
5.9825517716535428
21
-4.253687244094488
0
LINE
8
BLACK
6
CONTINUOUS
10
5.9825517716535428
20
-4.253687244094488
11
5.9825517716535428
21
-4.2443062992125986
0
LINE
8
BLACK
6
CONTINUOUS
10
5.9825517716535428
20
-4.2443062992125986
11
5.9831814960629917
21
-4.2427860236220472
0
LINE
8
BLACK
6
CONTINUOUS
10
5.9831814960629917
20
-4.2427860236220472
11
5.9847017716535431
21
-4.2421562992125983
0
LINE
8
BLACK
6
CONTINUOUS
10
5.9847017716535431
20
-4.2421562992125983
11
6.0044017716535434
21
-4.2421562992125983
0
LINE
8
BLACK
6
CONTINUOUS
10
6.0044017716535434
20
-4.2421562992125983
11
6.005922047244094
21
-4.2427860236220472
0
LINE
8
BLACK
6
CONTINUOUS
10
6.3101813385826766
20
-4.2373020472440945
11
6.3106805118110234
21
-4.2373375590551179
0
LINE
8
BLACK
6
CONTINUOUS
10
6.3106805118110234
20
-4.2373375590551179
11
6.3112716141732284
21
-4.2376331102362208
0
LINE
8
BLACK
6
CONTINUOUS
10
6.3112716141732284
20
-4.2376331102362208
11
6.3125332283464566
21
-4.237110551181102
0
LINE
8
BLACK
6
CONTINUOUS
10
6.3125332283464566
20
-4.237110551181102
11
6.314053503937008
21
-4.2377402755905509
0
LINE
8
BLACK
6
CONTINUOUS
10
6.314053503937008
20
-4.2377402755905509
11
6.3146832283464569
21
-4.2392605511811023
0
LINE
8
BLACK
6
CONTINUOUS
10
6.3146832283464569
20
-4.2392605511811023
11
6.3146832283464569
21
-4.2523938976377949
0
LINE
8
BLACK
6
CONTINUOUS
10
6.3146832283464569
20
-4.2523938976377949
11
6.314053503937008
21
-4.2539141732283463
0
LINE
8
BLACK
6
CONTINUOUS
10
6.314053503937008
20
-4.2539141732283463
11
6.3125332283464566
21
-4.2545438976377952
0
LINE
8
BLACK
6
CONTINUOUS
10
6.3125332283464566
20
-4.2545438976377952
11
6.3110129527559051
21
-4.2539141732283463
0
LINE
8
BLACK
6
CONTINUOUS
10
6.3110129527559051
20
-4.2539141732283463
11
6.3103832283464563
21
-4.2523938976377949
0
LINE
8
BLACK
6
CONTINUOUS
10
6.3103832283464563
20
-4.2523938976377949
11
6.3103832283464563
21
-4.2420272834645667
0
LINE
8
BLACK
6
CONTINUOUS
10
6.3103832283464563
20
-4.2420272834645667
11
6.3103215354330704
21
-4.2419655905511808
0
LINE
8
BLACK
6
CONTINUOUS
10
6.3103215354330704
20
-4.2419655905511808
11
6.3092114566929132
21
-4.2414105511811027
0
LINE
8
BLACK
6
CONTINUOUS
10
6.3092114566929132
20
-4.2414105511811027
11
6.307412244094488
21
-4.2414105511811027
0
LINE
8
BLACK
6
CONTINUOUS
10
6.307412244094488
20
-4.2414105511811027
11
6.3066309842519681
21
-4.2418011417322834
0
LINE
8
BLACK
6
CONTINUOUS
10
6.3066309842519681
20
-4.2418011417322834
11
6.3062403937007874
21
-4.2425823622047245
0
LINE
8
BLACK
6
CONTINUOUS
10
6.3062403937007874
20
-4.2425823622047245
11
6.3062403937007874
21
-4.2523938976377949
0
LINE
8
BLACK
6
CONTINUOUS
10
6.3062403937007874
20
-4.2523938976377949
11
6.3056106692913385
21
-4.2539141732283463
0
LINE
8
BLACK
6
CONTINUOUS
10
6.3056106692913385
20
-4.2539141732283463
11
6.3040903937007871
21
-4.2545438976377952
0
LINE
8
BLACK
6
CONTINUOUS
10
6.3040903937007871
20
-4.2545438976377952
11
6.3025701181102365
21
-4.2539141732283463
0
LINE
8
BLACK
6
CONTINUOUS
10
6.3025701181102365
20
-4.2539141732283463
11
6.3019403937007876
21
-4.2523938976377949
0
LINE
8
BLACK
6
CONTINUOUS
10
6.3019403937007876
20
-4.2523938976377949
11
6.3019403937007876
21
-4.2420748425196848
0
LINE
8
BLACK
6
CONTINUOUS
10
6.3019403937007876
20
-4.2420748425196848
11
6.3021318897637792
21
-4.2416124803149602
0
LINE
8
BLACK
6
CONTINUOUS
10
6.3021318897637792
20
-4.2416124803149602
11
6.3021673622047238
21
-4.241113346456693
0
LINE
8
BLACK
6
CONTINUOUS
10
6.3021673622047238
20
-4.241113346456693
11
6.3031054330708658
21
-4.2392371653543304
0
LINE
8
BLACK
6
CONTINUOUS
10
6.3031054330708658
20
-4.2392371653543304
11
6.3036203937007871
21
-4.2387904724409449
0
LINE
8
BLACK
6
CONTINUOUS
10
6.3036203937007871
20
-4.2387904724409449
11
6.3040669685039372
21
-4.2382756299212598
0
LINE
8
BLACK
6
CONTINUOUS
10
6.3040669685039372
20
-4.2382756299212598
11
6.3059431889763777
21
-4.2373375196850391
0
LINE
8
BLACK
6
CONTINUOUS
10
6.3059431889763777
20
-4.2373375196850391
11
6.3064423228346458
21
-4.2373020472440945
0
LINE
8
BLACK
6
CONTINUOUS
10
6.3064423228346458
20
-4.2373020472440945
11
6.3069046850393695
21
-4.237110551181102
0
LINE
8
BLACK
6
CONTINUOUS
10
6.3069046850393695
20
-4.237110551181102
11
6.3097189763779529
21
-4.237110551181102
0
LINE
8
BLACK
6
CONTINUOUS
10
6.3097189763779529
20
-4.237110551181102
11
6.3101813385826766
21
-4.2373020472440945
0
LINE
8
BLACK
6
CONTINUOUS
10
6.3280051181102364
20
-4.2307353937007877
11
6.3285042913385823
21
-4.230770905511811
0
LINE
8
BLACK
6
CONTINUOUS
10
6.3285042913385823
20
-4.230770905511811
11
6.3303804724409449
21
-4.231708976377953
0
LINE
8
BLACK
6
CONTINUOUS
10
6.3303804724409449
20
-4.231708976377953
11
6.3306122834645668
21
-4.2319762992125982
0
LINE
8
BLACK
6
CONTINUOUS
10
6.3306122834645668
20
-4.2319762992125982
11
6.3309391732283462
21
-4.232111692913386
0
LINE
8
BLACK
6
CONTINUOUS
10
6.3309391732283462
20
-4.232111692913386
11
6.3318772834645669
21
-4.233049763779527
0
LINE
8
BLACK
6
CONTINUOUS
10
6.3318772834645669
20
-4.233049763779527
11
6.3320126771653538
21
-4.233376692913386
0
LINE
8
BLACK
6
CONTINUOUS
10
6.3320126771653538
20
-4.233376692913386
11
6.3322800787401574
21
-4.2336085826771654
0
LINE
8
BLACK
6
CONTINUOUS
10
6.3322800787401574
20
-4.2336085826771654
11
6.3332181496062994
21
-4.2354848425196847
0
LINE
8
BLACK
6
CONTINUOUS
10
6.3332181496062994
20
-4.2354848425196847
11
6.3332354330708656
21
-4.2357285433070864
0
LINE
8
BLACK
6
CONTINUOUS
10
6.3332354330708656
20
-4.2357285433070864
11
6.3333809055118113
21
-4.2359248425196849
0
LINE
8
BLACK
6
CONTINUOUS
10
6.3333809055118113
20
-4.2359248425196849
11
6.3343190157480311
21
-4.2396771653543306
0
LINE
8
BLACK
6
CONTINUOUS
10
6.3343190157480311
20
-4.2396771653543306
11
6.3342788976377955
21
-4.2399467716535435
0
LINE
8
BLACK
6
CONTINUOUS
10
6.3342788976377955
20
-4.2399467716535435
11
6.3343832283464563
21
-4.240198661417323
0
LINE
8
BLACK
6
CONTINUOUS
10
6.3343832283464563
20
-4.240198661417323
11
6.3343832283464563
21
-4.2448891338582673
0
LINE
8
BLACK
6
CONTINUOUS
10
6.3343832283464563
20
-4.2448891338582673
11
6.3342788976377955
21
-4.2451409842519681
0
LINE
8
BLACK
6
CONTINUOUS
10
6.3342788976377955
20
-4.2451409842519681
11
6.3343190157480311
21
-4.245410590551181
0
LINE
8
BLACK
6
CONTINUOUS
10
6.3343190157480311
20
-4.245410590551181
11
6.3333809055118113
21
-4.2491629921259841
0
LINE
8
BLACK
6
CONTINUOUS
10
6.3333809055118113
20
-4.2491629921259841
11
6.3332354330708656
21
-4.2493592519685039
0
LINE
8
BLACK
6
CONTINUOUS
10
6.3332354330708656
20
-4.2493592519685039
11
6.3332181496062994
21
-4.2496030314960631
0
LINE
8
BLACK
6
CONTINUOUS
10
6.3332181496062994
20
-4.2496030314960631
11
6.3322800787401574
21
-4.2514792125984249
0
LINE
8
BLACK
6
CONTINUOUS
10
6.3322800787401574
20
-4.2514792125984249
11
6.3320127165354325
21
-4.2517110629921255
0
LINE
8
BLACK
6
CONTINUOUS
10
6.3320127165354325
20
-4.2517110629921255
11
6.3318773228346457
21
-4.2520379921259845
0
LINE
8
BLACK
6
CONTINUOUS
10
6.3318773228346457
20
-4.2520379921259845
11
6.330939212598425
21
-4.2529761023622044
0
LINE
8
BLACK
6
CONTINUOUS
10
6.330939212598425
20
-4.2529761023622044
11
6.3306122834645668
21
-4.2531114960629921
0
LINE
8
BLACK
6
CONTINUOUS
10
6.3306122834645668
20
-4.2531114960629921
11
6.3303804330708662
21
-4.2533788582677161
0
LINE
8
BLACK
6
CONTINUOUS
10
6.3303804330708662
20
-4.2533788582677161
11
6.3285042519685035
21
-4.2543169291338581
0
LINE
8
BLACK
6
CONTINUOUS
10
6.3285042519685035
20
-4.2543169291338581
11
6.3280050787401576
21
-4.2543523622047239
0
LINE
8
BLACK
6
CONTINUOUS
10
6.3280050787401576
20
-4.2543523622047239
11
6.3275427559055117
21
-4.2545438976377952
0
LINE
8
BLACK
6
CONTINUOUS
10
6.3275427559055117
20
-4.2545438976377952
11
6.3256665748031491
21
-4.2545438976377952
0
LINE
8
BLACK
6
CONTINUOUS
10
6.3256665748031491
20
-4.2545438976377952
11
6.3252042125984254
21
-4.2543523622047239
0
LINE
8
BLACK
6
CONTINUOUS
10
6.3252042125984254
20
-4.2543523622047239
11
6.3247051181102361
21
-4.2543169291338581
0
LINE
8
BLACK
6
CONTINUOUS
10
6.3247051181102361
20
-4.2543169291338581
11
6.3228288582677168
21
-4.2533788582677161
0
LINE
8
BLACK
6
CONTINUOUS
10
6.3228288582677168
20
-4.2533788582677161
11
6.3225969685039365
21
-4.2531114566929134
0
LINE
8
BLACK
6
CONTINUOUS
10
6.3225969685039365
20
-4.2531114566929134
11
6.3222700393700784
21
-4.2529760629921256
0
LINE
8
BLACK
6
CONTINUOUS
10
6.3222700393700784
20
-4.2529760629921256
11
6.3213319685039373
21
-4.2520379527559058
0
LINE
8
BLACK
6
CONTINUOUS
10
6.3213319685039373
20
-4.2520379527559058
11
6.3211965748031496
21
-4.2517110629921255
0
LINE
8
BLACK
6
CONTINUOUS
10
6.3211965748031496
20
-4.2517110629921255
11
6.3209292519685034
21
-4.2514792519685036
0
LINE
8
BLACK
6
CONTINUOUS
10
6.3209292519685034
20
-4.2514792519685036
11
6.3199911811023624
21
-4.2496030708661419
0
LINE
8
BLACK
6
CONTINUOUS
10
6.3199911811023624
20
-4.2496030708661419
11
6.3199738188976378
21
-4.2493593307086615
0
LINE
8
BLACK
6
CONTINUOUS
10
6.3199738188976378
20
-4.2493593307086615
11
6.3198283464566929
21
-4.2491629527559054
0
LINE
8
BLACK
6
CONTINUOUS
10
6.3198283464566929
20
-4.2491629527559054
11
6.3188902755905509
21
-4.2454105511811022
0
LINE
8
BLACK
6
CONTINUOUS
10
6.3188902755905509
20
-4.2454105511811022
11
6.3189303937007875
21
-4.2451409055118106
0
LINE
8
BLACK
6
CONTINUOUS
10
6.3189303937007875
20
-4.2451409055118106
11
6.3188261023622045
21
-4.2448891338582673
0
LINE
8
BLACK
6
CONTINUOUS
10
6.3188261023622045
20
-4.2448891338582673
11
6.3188261023622045
21
-4.240198661417323
0
LINE
8
BLACK
6
CONTINUOUS
10
6.3188261023622045
20
-4.240198661417323
11
6.3189303937007875
21
-4.2399468110236223
0
LINE
8
BLACK
6
CONTINUOUS
10
6.3189303937007875
20
-4.2399468110236223
11
6.3188902755905509
21
-4.2396772047244093
0
LINE
8
BLACK
6
CONTINUOUS
10
6.3188902755905509
20
-4.2396772047244093
11
6.3198283464566929
21
-4.2359248818897637
0
LINE
8
BLACK
6
CONTINUOUS
10
6.3198283464566929
20
-4.2359248818897637
11
6.3199738188976378
21
-4.2357285039370076
0
LINE
8
BLACK
6
CONTINUOUS
10
6.3199738188976378
20
-4.2357285039370076
11
6.3199911417322836
21
-4.235484803149606
0
LINE
8
BLACK
6
CONTINUOUS
10
6.3199911417322836
20
-4.235484803149606
11
6.3209292519685034
21
-4.2336085826771654
0
LINE
8
BLACK
6
CONTINUOUS
10
6.3209292519685034
20
-4.2336085826771654
11
6.3211965748031496
21
-4.233376692913386
0
LINE
8
BLACK
6
CONTINUOUS
10
6.3211965748031496
20
-4.233376692913386
11
6.3213320078740152
21
-4.2330498031496058
0
LINE
8
BLACK
6
CONTINUOUS
10
6.3213320078740152
20
-4.2330498031496058
11
6.3222700787401571
21
-4.2321117322834647
0
LINE
8
BLACK
6
CONTINUOUS
10
6.3222700787401571
20
-4.2321117322834647
11
6.3225969685039365
21
-4.2319762992125982
0
LINE
8
BLACK
6
CONTINUOUS
10
6.3225969685039365
20
-4.2319762992125982
11
6.3228288582677168
21
-4.231708976377953
0
LINE
8
BLACK
6
CONTINUOUS
10
6.3228288582677168
20
-4.231708976377953
11
6.3247050787401573
21
-4.2307708661417323
0
LINE
8
BLACK
6
CONTINUOUS
10
6.3247050787401573
20
-4.2307708661417323
11
6.3252042125984254
21
-4.2307353937007877
0
LINE
8
BLACK
6
CONTINUOUS
10
6.3252042125984254
20
-4.2307353937007877
11
6.3256665748031491
21
-4.2305438976377951
0
LINE
8
BLACK
6
CONTINUOUS
10
6.3256665748031491
20
-4.2305438976377951
11
6.3275427559055117
21
-4.2305438976377951
0
LINE
8
BLACK
6
CONTINUOUS
10
6.3275427559055117
20
-4.2305438976377951
11
6.3280051181102364
21
-4.2307353937007877
0
LINE
8
BLACK
6
CONTINUOUS
10
6.3250638976377953
20
-4.2353990157480315
11
6.3246192913385828
21
-4.235843622047244
0
LINE
8
BLACK
6
CONTINUOUS
10
6.3246192913385828
20
-4.235843622047244
11
6.3239427559055112
21
-4.2371966141732287
0
LINE
8
BLACK
6
CONTINUOUS
10
6.3239427559055112
20
-4.2371966141732287
11
6.3231261023622043
21
-4.2404633858267715
0
LINE
8
BLACK
6
CONTINUOUS
10
6.3231261023622043
20
-4.2404633858267715
11
6.3231261023622043
21
-4.2446244094488188
0
LINE
8
BLACK
6
CONTINUOUS
10
6.3231261023622043
20
-4.2446244094488188
11
6.32394279527559
21
-4.2478912204724413
0
LINE
8
BLACK
6
CONTINUOUS
10
6.32394279527559
20
-4.2478912204724413
11
6.3246192519685041
21
-4.2492441338582676
0
LINE
8
BLACK
6
CONTINUOUS
10
6.3246192519685041
20
-4.2492441338582676
11
6.3250638976377953
21
-4.2496887795275589
0
LINE
8
BLACK
6
CONTINUOUS
10
6.3250638976377953
20
-4.2496887795275589
11
6.3261741338582675
21
-4.2502438976377954
0
LINE
8
BLACK
6
CONTINUOUS
10
6.3261741338582675
20
-4.2502438976377954
11
6.3270351968503933
21
-4.2502438976377954
0
LINE
8
BLACK
6
CONTINUOUS
10
6.3270351968503933
20
-4.2502438976377954
11
6.3281453937007877
21
-4.2496887795275589
0
LINE
8
BLACK
6
CONTINUOUS
10
6.3281453937007877
20
-4.2496887795275589
11
6.3285900000000002
21
-4.2492441732283464
0
LINE
8
BLACK
6
CONTINUOUS
10
6.3285900000000002
20
-4.2492441732283464
11
6.3292665748031496
21
-4.2478910236220475
0
LINE
8
BLACK
6
CONTINUOUS
10
6.3292665748031496
20
-4.2478910236220475
11
6.3300832283464565
21
-4.24462437007874
0
LINE
8
BLACK
6
CONTINUOUS
10
6.3300832283464565
20
-4.24462437007874
11
6.3300832283464565
21
-4.2404633858267715
0
LINE
8
BLACK
6
CONTINUOUS
10
6.3300832283464565
20
-4.2404633858267715
11
6.3292665748031496
21
-4.2371967716535428
0
LINE
8
BLACK
6
CONTINUOUS
10
6.3292665748031496
20
-4.2371967716535428
11
6.3285900000000002
21
-4.235843622047244
0
LINE
8
BLACK
6
CONTINUOUS
10
6.3285900000000002
20
-4.235843622047244
11
6.3281453543307089
21
-4.2353989763779527
0
LINE
8
BLACK
6
CONTINUOUS
10
6.3281453543307089
20
-4.2353989763779527
11
6.327035236220472
21
-4.2348438976377949
0
LINE
8
BLACK
6
CONTINUOUS
10
6.327035236220472
20
-4.2348438976377949
11
6.3261741338582675
21
-4.2348438976377949
0
LINE
8
BLACK
6
CONTINUOUS
10
6.3261741338582675
20
-4.2348438976377949
11
6.3250638976377953
21
-4.2353990157480315
0
LINE
8
BLACK
6
CONTINUOUS
10
5.8655088976377954
20
-4.1971468897637791
11
5.8659412992125981
21
-4.198190866141732
0
LINE
8
BLACK
6
CONTINUOUS
10
5.8659412992125981
20
-4.198190866141732
11
5.8659412992125981
21
-4.2094394488188973
0
LINE
8
BLACK
6
CONTINUOUS
10
5.8659412992125981
20
-4.2094394488188973
11
5.8655088976377954
21
-4.2104834251968501
0
LINE
8
BLACK
6
CONTINUOUS
10
5.8655088976377954
20
-4.2104834251968501
11
5.8644649212598425
21
-4.2109158267716538
0
LINE
8
BLACK
6
CONTINUOUS
10
5.8644649212598425
20
-4.2109158267716538
11
5.8634209448818897
21
-4.2104834251968501
0
LINE
8
BLACK
6
CONTINUOUS
10
5.8634209448818897
20
-4.2104834251968501
11
5.8629885433070861
21
-4.2094394488188973
0
LINE
8
BLACK
6
CONTINUOUS
10
5.8629885433070861
20
-4.2094394488188973
11
5.8629885433070861
21
-4.2052915354330711
0
LINE
8
BLACK
6
CONTINUOUS
10
5.8629885433070861
20
-4.2052915354330711
11
5.8447798818897638
21
-4.2052915354330711
0
LINE
8
BLACK
6
CONTINUOUS
10
5.8447798818897638
20
-4.2052915354330711
11
5.8446394488188975
21
-4.2052333464566924
0
LINE
8
BLACK
6
CONTINUOUS
10
5.8446394488188975
20
-4.2052333464566924
11
5.8444903149606295
21
-4.2052628740157481
0
LINE
8
BLACK
6
CONTINUOUS
10
5.8444903149606295
20
-4.2052628740157481
11
5.8441331102362204
21
-4.2050236614173224
0
LINE
8
BLACK
6
CONTINUOUS
10
5.8441331102362204
20
-4.2050236614173224
11
5.843735905511811
21
-4.2048591338582675
0
LINE
8
BLACK
6
CONTINUOUS
10
5.843735905511811
20
-4.2048591338582675
11
5.8436777165354332
21
-4.2047186220472437
0
LINE
8
BLACK
6
CONTINUOUS
10
5.8436777165354332
20
-4.2047186220472437
11
5.8435514566929134
21
-4.2046340944881893
0
LINE
8
BLACK
6
CONTINUOUS
10
5.8435514566929134
20
-4.2046340944881893
11
5.8434680314960632
21
-4.2042123622047241
0
LINE
8
BLACK
6
CONTINUOUS
10
5.8434680314960632
20
-4.2042123622047241
11
5.8433035039370074
21
-4.2038151574803146
0
LINE
8
BLACK
6
CONTINUOUS
10
5.8433035039370074
20
-4.2038151574803146
11
5.8433616535433073
21
-4.2036747244094483
0
LINE
8
BLACK
6
CONTINUOUS
10
5.8433616535433073
20
-4.2036747244094483
11
5.8433321653543304
21
-4.2035255905511812
0
LINE
8
BLACK
6
CONTINUOUS
10
5.8433321653543304
20
-4.2035255905511812
11
5.8435713385826773
21
-4.2031683858267712
0
LINE
8
BLACK
6
CONTINUOUS
10
5.8435713385826773
20
-4.2031683858267712
11
5.843735905511811
21
-4.2027711811023618
0
LINE
8
BLACK
6
CONTINUOUS
10
5.843735905511811
20
-4.2027711811023618
11
5.8438763779527561
21
-4.202712992125984
0
LINE
8
BLACK
6
CONTINUOUS
10
5.8438763779527561
20
-4.202712992125984
11
5.8439609448818892
21
-4.2025867322834642
0
LINE
8
BLACK
6
CONTINUOUS
10
5.8439609448818892
20
-4.2025867322834642
11
5.846651338582677
21
-4.2007931102362202
0
LINE
8
BLACK
6
CONTINUOUS
10
5.846651338582677
20
-4.2007931102362202
11
5.8482534251968499
21
-4.1991910236220473
0
LINE
8
BLACK
6
CONTINUOUS
10
5.8482534251968499
20
-4.1991910236220473
11
5.8490836614173229
21
-4.1975306299212596
0
LINE
8
BLACK
6
CONTINUOUS
10
5.8490836614173229
20
-4.1975306299212596
11
5.8499372834645671
21
-4.1967902362204725
0
LINE
8
BLACK
6
CONTINUOUS
10
5.8499372834645671
20
-4.1967902362204725
11
5.8510644094488189
21
-4.1968703543307084
0
LINE
8
BLACK
6
CONTINUOUS
10
5.8510644094488189
20
-4.1968703543307084
11
5.8518048031496059
21
-4.1977239763779526
0
LINE
8
BLACK
6
CONTINUOUS
10
5.8518048031496059
20
-4.1977239763779526
11
5.85172468503937
21
-4.1988511417322831
0
LINE
8
BLACK
6
CONTINUOUS
10
5.85172468503937
20
-4.1988511417322831
11
5.8507873228346456
21
-4.2007258661417319
0
LINE
8
BLACK
6
CONTINUOUS
10
5.8507873228346456
20
-4.2007258661417319
11
5.8506037401574797
21
-4.200885078740157
0
LINE
8
BLACK
6
CONTINUOUS
10
5.8506037401574797
20
-4.200885078740157
11
5.8505107480314962
21
-4.2011096062992124
0
LINE
8
BLACK
6
CONTINUOUS
10
5.8505107480314962
20
-4.2011096062992124
11
5.8492816141732282
21
-4.2023387795275591
0
LINE
8
BLACK
6
CONTINUOUS
10
5.8492816141732282
20
-4.2023387795275591
11
5.8629885433070861
21
-4.2023387795275591
0
LINE
8
BLACK
6
CONTINUOUS
10
5.8629885433070861
20
-4.2023387795275591
11
5.8629885433070861
21
-4.198190866141732
0
LINE
8
BLACK
6
CONTINUOUS
10
5.8629885433070861
20
-4.198190866141732
11
5.8634209448818897
21
-4.1971468897637791
0
LINE
8
BLACK
6
CONTINUOUS
10
5.8634209448818897
20
-4.1971468897637791
11
5.8644649212598425
21
-4.1967144881889764
0
LINE
8
BLACK
6
CONTINUOUS
10
5.8644649212598425
20
-4.1967144881889764
11
5.8655088976377954
21
-4.1971468897637791
0
LINE
8
BLACK
6
CONTINUOUS
10
5.8610328740157476
20
-4.1771609055118111
11
5.8613756692913386
21
-4.177185275590551
0
LINE
8
BLACK
6
CONTINUOUS
10
5.8613756692913386
20
-4.177185275590551
11
5.8632504330708661
21
-4.1781226771653541
0
LINE
8
BLACK
6
CONTINUOUS
10
5.8632504330708661
20
-4.1781226771653541
11
5.8634096062992125
21
-4.1783062204724413
0
LINE
8
BLACK
6
CONTINUOUS
10
5.8634096062992125
20
-4.1783062204724413
11
5.8636340944881891
21
-4.1783992125984248
0
LINE
8
BLACK
6
CONTINUOUS
10
5.8636340944881891
20
-4.1783992125984248
11
5.8645714960629922
21
-4.1793365748031492
0
LINE
8
BLACK
6
CONTINUOUS
10
5.8645714960629922
20
-4.1793365748031492
11
5.8646644881889767
21
-4.1795611023622046
0
LINE
8
BLACK
6
CONTINUOUS
10
5.8646644881889767
20
-4.1795611023622046
11
5.8648480708661417
21
-4.1797203149606297
0
LINE
8
BLACK
6
CONTINUOUS
10
5.8648480708661417
20
-4.1797203149606297
11
5.8657854330708661
21
-4.1815950393700785
0
LINE
8
BLACK
6
CONTINUOUS
10
5.8657854330708661
20
-4.1815950393700785
11
5.8658097637795272
21
-4.1819377952755907
0
LINE
8
BLACK
6
CONTINUOUS
10
5.8658097637795272
20
-4.1819377952755907
11
5.8659412992125981
21
-4.1822553149606296
0
LINE
8
BLACK
6
CONTINUOUS
10
5.8659412992125981
20
-4.1822553149606296
11
5.8659412992125981
21
-4.1860048425196847
0
LINE
8
BLACK
6
CONTINUOUS
10
5.8659412992125981
20
-4.1860048425196847
11
5.8658097637795272
21
-4.1863223228346458
0
LINE
8
BLACK
6
CONTINUOUS
10
5.8658097637795272
20
-4.1863223228346458
11
5.8657854330708661
21
-4.1866651181102359
0
LINE
8
BLACK
6
CONTINUOUS
10
5.8657854330708661
20
-4.1866651181102359
11
5.8648480708661417
21
-4.1885398425196847
0
LINE
8
BLACK
6
CONTINUOUS
10
5.8648480708661417
20
-4.1885398425196847
11
5.8646644881889767
21
-4.1886990551181098
0
LINE
8
BLACK
6
CONTINUOUS
10
5.8646644881889767
20
-4.1886990551181098
11
5.8645714960629922
21
-4.1889235826771651
0
LINE
8
BLACK
6
CONTINUOUS
10
5.8645714960629922
20
-4.1889235826771651
11
5.8636341338582678
21
-4.1898609842519683
0
LINE
8
BLACK
6
CONTINUOUS
10
5.8636341338582678
20
-4.1898609842519683
11
5.863409527559055
21
-4.1899539763779527
0
LINE
8
BLACK
6
CONTINUOUS
10
5.863409527559055
20
-4.1899539763779527
11
5.8632503937007874
21
-4.190137519685039
0
LINE
8
BLACK
6
CONTINUOUS
10
5.8632503937007874
20
-4.190137519685039
11
5.8613756299212598
21
-4.1910748818897634
0
LINE
8
BLACK
6
CONTINUOUS
10
5.8613756299212598
20
-4.1910748818897634
11
5.8610328740157476
21
-4.1910992125984254
0
LINE
8
BLACK
6
CONTINUOUS
10
5.8610328740157476
20
-4.1910992125984254
11
5.8607153937007874
21
-4.1912307480314963
0
LINE
8
BLACK
6
CONTINUOUS
10
5.8607153937007874
20
-4.1912307480314963
11
5.8447798818897638
21
-4.1912307480314963
0
LINE
8
BLACK
6
CONTINUOUS
10
5.8447798818897638
20
-4.1912307480314963
11
5.843735905511811
21
-4.1907983464566927
0
LINE
8
BLACK
6
CONTINUOUS
10
5.843735905511811
20
-4.1907983464566927
11
5.8433035039370074
21
-4.1897543700787399
0
LINE
8
BLACK
6
CONTINUOUS
10
5.8433035039370074
20
-4.1897543700787399
11
5.843735905511811
21
-4.188710393700787
0
LINE
8
BLACK
6
CONTINUOUS
10
5.843735905511811
20
-4.188710393700787
11
5.8447798818897638
21
-4.1882779921259843
0
LINE
8
BLACK
6
CONTINUOUS
10
5.8447798818897638
20
-4.1882779921259843
11
5.8603668897637791
21
-4.1882779921259843
0
LINE
8
BLACK
6
CONTINUOUS
10
5.8603668897637791
20
-4.1882779921259843
11
5.8617155511811019
21
-4.1876036220472441
0
LINE
8
BLACK
6
CONTINUOUS
10
5.8617155511811019
20
-4.1876036220472441
11
5.8623142125984247
21
-4.1870050000000001
0
LINE
8
BLACK
6
CONTINUOUS
10
5.8623142125984247
20
-4.1870050000000001
11
5.8629885433070861
21
-4.1856563385826773
0
LINE
8
BLACK
6
CONTINUOUS
10
5.8629885433070861
20
-4.1856563385826773
11
5.8629885433070861
21
-4.1826037795275592
0
LINE
8
BLACK
6
CONTINUOUS
10
5.8629885433070861
20
-4.1826037795275592
11
5.8623142125984247
21
-4.1812551181102364
0
LINE
8
BLACK
6
CONTINUOUS
10
5.8623142125984247
20
-4.1812551181102364
11
5.8617156299212594
21
-4.1806565748031499
0
LINE
8
BLACK
6
CONTINUOUS
10
5.8617156299212594
20
-4.1806565748031499
11
5.8603668503937003
21
-4.179982165354331
0
LINE
8
BLACK
6
CONTINUOUS
10
5.8603668503937003
20
-4.179982165354331
11
5.8447798818897638
21
-4.179982165354331
0
LINE
8
BLACK
6
CONTINUOUS
10
5.8447798818897638
20
-4.179982165354331
11
5.843735905511811
21
-4.1795497637795274
0
LINE
8
BLACK
6
CONTINUOUS
10
5.843735905511811
20
-4.1795497637795274
11
5.8433035039370074
21
-4.1785057874015745
0
LINE
8
BLACK
6
CONTINUOUS
10
5.8433035039370074
20
-4.1785057874015745
11
5.843735905511811
21
-4.1774618110236217
0
LINE
8
BLACK
6
CONTINUOUS
10
5.843735905511811
20
-4.1774618110236217
11
5.8447798818897638
21
-4.177029409448819
0
LINE
8
BLACK
6
CONTINUOUS
10
5.8447798818897638
20
-4.177029409448819
11
5.8607153937007874
21
-4.177029409448819
0
LINE
8
BLACK
6
CONTINUOUS
10
5.8607153937007874
20
-4.177029409448819
11
5.8610328740157476
21
-4.1771609055118111
0
LINE
8
BLACK
6
CONTINUOUS
10
5.8624015748031493
20
-4.1482283464566931
11
5.8637935039370079
21
-4.1488049212598428
0
LINE
8
BLACK
6
CONTINUOUS
10
5.8637935039370079
20
-4.1488049212598428
11
5.8834785433070866
21
-4.1684899606299215
0
LINE
8
BLACK
6
CONTINUOUS
10
5.8834785433070866
20
-4.1684899606299215
11
5.8840551181102363
21
-4.1698818897637793
0
LINE
8
BLACK
6
CONTINUOUS
10
5.8840551181102363
20
-4.1698818897637793
11
5.8840551181102363
21
-4.2368110236220469
0
LINE
8
BLACK
6
CONTINUOUS
10
5.8840551181102363
20
-4.2368110236220469
11
5.8834785433070866
21
-4.2382029527559055
0
LINE
8
BLACK
6
CONTINUOUS
10
5.8834785433070866
20
-4.2382029527559055
11
5.882086614173228
21
-4.2387795275590552
0
LINE
8
BLACK
6
CONTINUOUS
10
5.882086614173228
20
-4.2387795275590552
11
5.8289370078740159
21
-4.2387795275590552
0
LINE
8
BLACK
6
CONTINUOUS
10
5.8289370078740159
20
-4.2387795275590552
11
5.8275450787401573
21
-4.2382029527559055
0
LINE
8
BLACK
6
CONTINUOUS
10
5.8275450787401573
20
-4.2382029527559055
11
5.8269685039370076
21
-4.2368110236220469
0
LINE
8
BLACK
6
CONTINUOUS
10
5.8269685039370076
20
-4.2368110236220469
11
5.8269685039370076
21
-4.1501968503937006
0
LINE
8
BLACK
6
CONTINUOUS
10
5.8269685039370076
20
-4.1501968503937006
11
5.8275450787401573
21
-4.1488049212598428
0
LINE
8
BLACK
6
CONTINUOUS
10
5.8275450787401573
20
-4.1488049212598428
11
5.8289370078740159
21
-4.1482283464566931
0
LINE
8
BLACK
6
CONTINUOUS
10
5.8289370078740159
20
-4.1482283464566931
11
5.8624015748031493
21
-4.1482283464566931
0
LINE
8
BLACK
6
CONTINUOUS
10
5.8309055118110233
20
-4.1521653543307089
11
5.8309055118110233
21
-4.2348425196850394
0
LINE
8
BLACK
6
CONTINUOUS
10
5.8309055118110233
20
-4.2348425196850394
11
5.8801181102362206
21
-4.2348425196850394
0
LINE
8
BLACK
6
CONTINUOUS
10
5.8801181102362206
20
-4.2348425196850394
11
5.8801181102362206
21
-4.1706972440944883
0
LINE
8
BLACK
6
CONTINUOUS
10
5.8801181102362206
20
-4.1706972440944883
11
5.8615862204724412
21
-4.1521653543307089
0
LINE
8
BLACK
6
CONTINUOUS
10
5.8615862204724412
20
-4.1521653543307089
11
5.8309055118110233
21
-4.1521653543307089
0
LINE
8
BLACK
6
CONTINUOUS
10
5.9784220472440941
20
-4.2077669685039369
11
5.979051771653543
21
-4.2092872440944884
0
LINE
8
BLACK
6
CONTINUOUS
10
5.979051771653543
20
-4.2092872440944884
11
5.979051771653543
21
-4.2214824803149602
0
LINE
8
BLACK
6
CONTINUOUS
10
5.979051771653543
20
-4.2214824803149602
11
5.9784220472440941
21
-4.2230027559055117
0
LINE
8
BLACK
6
CONTINUOUS
10
5.9784220472440941
20
-4.2230027559055117
11
5.9769017716535435
21
-4.2236324803149605
0
LINE
8
BLACK
6
CONTINUOUS
10
5.9769017716535435
20
-4.2236324803149605
11
5.9753814960629921
21
-4.2230027559055117
0
LINE
8
BLACK
6
CONTINUOUS
10
5.9753814960629921
20
-4.2230027559055117
11
5.9747517716535432
21
-4.2214824803149602
0
LINE
8
BLACK
6
CONTINUOUS
10
5.9747517716535432
20
-4.2214824803149602
11
5.9747517716535432
21
-4.2144777952755907
0
LINE
8
BLACK
6
CONTINUOUS
10
5.9747517716535432
20
-4.2144777952755907
11
5.9671649212598421
21
-4.2220646850393697
0
LINE
8
BLACK
6
CONTINUOUS
10
5.9671649212598421
20
-4.2220646850393697
11
5.9667025590551184
21
-4.2222561811023622
0
LINE
8
BLACK
6
CONTINUOUS
10
5.9667025590551184
20
-4.2222561811023622
11
5.9663244881889765
21
-4.2225840944881892
0
LINE
8
BLACK
6
CONTINUOUS
10
5.9663244881889765
20
-4.2225840944881892
11
5.9635102362204719
21
-4.2235221653543302
0
LINE
8
BLACK
6
CONTINUOUS
10
5.9635102362204719
20
-4.2235221653543302
11
5.9631572440944884
21
-4.223497047244094
0
LINE
8
BLACK
6
CONTINUOUS
10
5.9631572440944884
20
-4.223497047244094
11
5.9628303543307082
21
-4.2236324803149605
0
LINE
8
BLACK
6
CONTINUOUS
10
5.9628303543307082
20
-4.2236324803149605
11
5.9609541732283464
21
-4.2236324803149605
0
LINE
8
BLACK
6
CONTINUOUS
10
5.9609541732283464
20
-4.2236324803149605
11
5.9604918110236218
21
-4.2234409448818893
0
LINE
8
BLACK
6
CONTINUOUS
10
5.9604918110236218
20
-4.2234409448818893
11
5.9599927165354325
21
-4.2234055118110234
0
LINE
8
BLACK
6
CONTINUOUS
10
5.9599927165354325
20
-4.2234055118110234
11
5.9581164566929132
21
-4.2224674409448815
0
LINE
8
BLACK
6
CONTINUOUS
10
5.9581164566929132
20
-4.2224674409448815
11
5.9578845669291338
21
-4.2222000393700787
0
LINE
8
BLACK
6
CONTINUOUS
10
5.9578845669291338
20
-4.2222000393700787
11
5.9575576377952757
21
-4.222064645669291
0
LINE
8
BLACK
6
CONTINUOUS
10
5.9575576377952757
20
-4.222064645669291
11
5.9566195669291337
21
-4.2211265354330711
0
LINE
8
BLACK
6
CONTINUOUS
10
5.9566195669291337
20
-4.2211265354330711
11
5.956484173228346
21
-4.2207996456692909
0
LINE
8
BLACK
6
CONTINUOUS
10
5.956484173228346
20
-4.2207996456692909
11
5.9562168503937007
21
-4.220567834645669
0
LINE
8
BLACK
6
CONTINUOUS
10
5.9562168503937007
20
-4.220567834645669
11
5.9552787795275588
21
-4.2186916535433072
0
LINE
8
BLACK
6
CONTINUOUS
10
5.9552787795275588
20
-4.2186916535433072
11
5.9552432677165354
21
-4.2181924803149604
0
LINE
8
BLACK
6
CONTINUOUS
10
5.9552432677165354
20
-4.2181924803149604
11
5.9550517716535429
21
-4.2177301181102358
0
LINE
8
BLACK
6
CONTINUOUS
10
5.9550517716535429
20
-4.2177301181102358
11
5.9550517716535429
21
-4.2130396456692916
0
LINE
8
BLACK
6
CONTINUOUS
10
5.9550517716535429
20
-4.2130396456692916
11
5.9552432677165354
21
-4.2125772440944882
0
LINE
8
BLACK
6
CONTINUOUS
10
5.9552432677165354
20
-4.2125772440944882
11
5.9552787795275588
21
-4.2120781102362201
0
LINE
8
BLACK
6
CONTINUOUS
10
5.9552787795275588
20
-4.2120781102362201
11
5.9562168503937007
21
-4.2102019291338584
0
LINE
8
BLACK
6
CONTINUOUS
10
5.9562168503937007
20
-4.2102019291338584
11
5.956484173228346
21
-4.2099700787401577
0
LINE
8
BLACK
6
CONTINUOUS
10
5.956484173228346
20
-4.2099700787401577
11
5.9566195669291337
21
-4.2096432283464562
0
LINE
8
BLACK
6
CONTINUOUS
10
5.9566195669291337
20
-4.2096432283464562
11
5.9575576377952757
21
-4.2087051181102364
0
LINE
8
BLACK
6
CONTINUOUS
10
5.9575576377952757
20
-4.2087051181102364
11
5.9590779133858263
21
-4.2080753543307088
0
LINE
8
BLACK
6
CONTINUOUS
10
5.9590779133858263
20
-4.2080753543307088
11
5.9605981889763777
21
-4.2087050393700789
0
LINE
8
BLACK
6
CONTINUOUS
10
5.9605981889763777
20
-4.2087050393700789
11
5.9612279527559053
21
-4.2102253149606295
0
LINE
8
BLACK
6
CONTINUOUS
10
5.9612279527559053
20
-4.2102253149606295
11
5.9605982677165352
21
-4.2117455905511809
0
LINE
8
BLACK
6
CONTINUOUS
10
5.9605982677165352
20
-4.2117455905511809
11
5.9599068503937005
21
-4.2124370078740156
0
LINE
8
BLACK
6
CONTINUOUS
10
5.9599068503937005
20
-4.2124370078740156
11
5.9593517716535436
21
-4.2135471653543304
0
LINE
8
BLACK
6
CONTINUOUS
10
5.9593517716535436
20
-4.2135471653543304
11
5.9593517716535436
21
-4.2172225590551182
0
LINE
8
BLACK
6
CONTINUOUS
10
5.9593517716535436
20
-4.2172225590551182
11
5.9599068503937005
21
-4.218332716535433
0
LINE
8
BLACK
6
CONTINUOUS
10
5.9599068503937005
20
-4.218332716535433
11
5.9603514960629917
21
-4.2187773622047242
0
LINE
8
BLACK
6
CONTINUOUS
10
5.9603514960629917
20
-4.2187773622047242
11
5.961461732283464
21
-4.2193324803149608
0
LINE
8
BLACK
6
CONTINUOUS
10
5.961461732283464
20
-4.2193324803149608
11
5.9624814173228344
21
-4.2193324803149608
0
LINE
8
BLACK
6
CONTINUOUS
10
5.9624814173228344
20
-4.2193324803149608
11
5.9644832677165356
21
-4.2186651968503934
0
LINE
8
BLACK
6
CONTINUOUS
10
5.9644832677165356
20
-4.2186651968503934
11
5.9753814960629921
21
-4.2077669685039369
0
LINE
8
BLACK
6
CONTINUOUS
10
5.9753814960629921
20
-4.2077669685039369
11
5.9769017716535435
21
-4.2071372440944881
0
LINE
8
BLACK
6
CONTINUOUS
10
5.9769017716535435
20
-4.2071372440944881
11
5.9784220472440941
21
-4.2077669685039369
0
LINE
8
BLACK
6
CONTINUOUS
10
5.9971488582677166
20
-4.2047367716535433
11
5.9974184645669286
21
-4.2046966929133855
0
LINE
8
BLACK
6
CONTINUOUS
10
5.9974184645669286
20
-4.2046966929133855
11
6.0011708661417318
21
-4.2056347637795275
0
LINE
8
BLACK
6
CONTINUOUS
10
6.0011708661417318
20
-4.2056347637795275
11
6.0013672047244091
21
-4.2057802362204724
0
LINE
8
BLACK
6
CONTINUOUS
10
6.0013672047244091
20
-4.2057802362204724
11
6.0016109055118108
21
-4.2057975590551182
0
LINE
8
BLACK
6
CONTINUOUS
10
6.0016109055118108
20
-4.2057975590551182
11
6.0034870866141734
21
-4.2067356299212602
0
LINE
8
BLACK
6
CONTINUOUS
10
6.0034870866141734
20
-4.2067356299212602
11
6.0037189370078741
21
-4.2070029527559054
0
LINE
8
BLACK
6
CONTINUOUS
10
6.0037189370078741
20
-4.2070029527559054
11
6.0040458661417322
21
-4.2071383858267719
0
LINE
8
BLACK
6
CONTINUOUS
10
6.0040458661417322
20
-4.2071383858267719
11
6.0049839763779529
21
-4.2080764960629917
0
LINE
8
BLACK
6
CONTINUOUS
10
6.0049839763779529
20
-4.2080764960629917
11
6.0051193700787397
21
-4.208403385826772
0
LINE
8
BLACK
6
CONTINUOUS
10
6.0051193700787397
20
-4.208403385826772
11
6.0053867322834646
21
-4.2086352755905514
0
LINE
8
BLACK
6
CONTINUOUS
10
6.0053867322834646
20
-4.2086352755905514
11
6.0063248031496066
21
-4.2105114566929132
0
LINE
8
BLACK
6
CONTINUOUS
10
6.0063248031496066
20
-4.2105114566929132
11
6.0063602362204724
21
-4.2110105905511812
0
LINE
8
BLACK
6
CONTINUOUS
10
6.0063602362204724
20
-4.2110105905511812
11
6.0065517716535428
21
-4.2114729527559058
0
LINE
8
BLACK
6
CONTINUOUS
10
6.0065517716535428
20
-4.2114729527559058
11
6.0065517716535428
21
-4.2133491338582676
0
LINE
8
BLACK
6
CONTINUOUS
10
6.0065517716535428
20
-4.2133491338582676
11
6.0063602362204724
21
-4.2138114566929135
0
LINE
8
BLACK
6
CONTINUOUS
10
6.0063602362204724
20
-4.2138114566929135
11
6.0063248031496066
21
-4.2143105905511806
0
LINE
8
BLACK
6
CONTINUOUS
10
6.0063248031496066
20
-4.2143105905511806
11
6.0053867322834646
21
-4.2161868503937008
0
LINE
8
BLACK
6
CONTINUOUS
10
6.0053867322834646
20
-4.2161868503937008
11
6.005119330708661
21
-4.2164187007874014
0
LINE
8
BLACK
6
CONTINUOUS
10
6.005119330708661
20
-4.2164187007874014
11
6.0049839370078741
21
-4.2167456692913383
0
LINE
8
BLACK
6
CONTINUOUS
10
6.0049839370078741
20
-4.2167456692913383
11
6.0040458267716534
21
-4.2176837401574803
0
LINE
8
BLACK
6
CONTINUOUS
10
6.0040458267716534
20
-4.2176837401574803
11
6.0037189370078741
21
-4.2178190944881893
0
LINE
8
BLACK
6
CONTINUOUS
10
6.0037189370078741
20
-4.2178190944881893
11
6.0034871259842522
21
-4.2180864566929133
0
LINE
8
BLACK
6
CONTINUOUS
10
6.0034871259842522
20
-4.2180864566929133
11
6.0016109448818895
21
-4.2190245275590552
0
LINE
8
BLACK
6
CONTINUOUS
10
6.0016109448818895
20
-4.2190245275590552
11
6.0013672047244091
21
-4.2190418503937011
0
LINE
8
BLACK
6
CONTINUOUS
10
6.0013672047244091
20
-4.2190418503937011
11
6.001170826771653
21
-4.2191873622047247
0
LINE
8
BLACK
6
CONTINUOUS
10
6.001170826771653
20
-4.2191873622047247
11
5.9974184251968499
21
-4.2201254330708657
0
LINE
8
BLACK
6
CONTINUOUS
10
5.9974184251968499
20
-4.2201254330708657
11
5.9971487795275591
21
-4.2200852755905514
0
LINE
8
BLACK
6
CONTINUOUS
10
5.9971487795275591
20
-4.2200852755905514
11
5.9968970078740158
21
-4.2201896062992121
0
LINE
8
BLACK
6
CONTINUOUS
10
5.9968970078740158
20
-4.2201896062992121
11
5.9922065354330707
21
-4.2201896062992121
0
LINE
8
BLACK
6
CONTINUOUS
10
5.9922065354330707
20
-4.2201896062992121
11
5.9919546850393699
21
-4.2200852755905514
0
LINE
8
BLACK
6
CONTINUOUS
10
5.9919546850393699
20
-4.2200852755905514
11
5.991685078740157
21
-4.2201254330708657
0
LINE
8
BLACK
6
CONTINUOUS
10
5.991685078740157
20
-4.2201254330708657
11
5.9879327165354326
21
-4.2191873622047247
0
LINE
8
BLACK
6
CONTINUOUS
10
5.9879327165354326
20
-4.2191873622047247
11
5.9877363385826774
21
-4.2190418503937011
0
LINE
8
BLACK
6
CONTINUOUS
10
5.9877363385826774
20
-4.2190418503937011
11
5.9874926771653545
21
-4.219024566929134
0
LINE
8
BLACK
6
CONTINUOUS
10
5.9874926771653545
20
-4.219024566929134
11
5.9856164566929131
21
-4.2180864566929133
0
LINE
8
BLACK
6
CONTINUOUS
10
5.9856164566929131
20
-4.2180864566929133
11
5.9853845669291337
21
-4.2178190944881893
0
LINE
8
BLACK
6
CONTINUOUS
10
5.9853845669291337
20
-4.2178190944881893
11
5.9850576771653543
21
-4.2176837007874015
0
LINE
8
BLACK
6
CONTINUOUS
10
5.9850576771653543
20
-4.2176837007874015
11
5.9841196062992124
21
-4.2167456299212596
0
LINE
8
BLACK
6
CONTINUOUS
10
5.9841196062992124
20
-4.2167456299212596
11
5.9839841732283467
21
-4.2164187007874014
0
LINE
8
BLACK
6
CONTINUOUS
10
5.9839841732283467
20
-4.2164187007874014
11
5.9837168503937006
21
-4.2161868503937008
0
LINE
8
BLACK
6
CONTINUOUS
10
5.9837168503937006
20
-4.2161868503937008
11
5.9827787401574799
21
-4.2143106299212594
0
LINE
8
BLACK
6
CONTINUOUS
10
5.9827787401574799
20
-4.2143106299212594
11
5.9827432677165353
21
-4.2138114566929135
0
LINE
8
BLACK
6
CONTINUOUS
10
5.9827432677165353
20
-4.2138114566929135
11
5.9825517716535428
21
-4.2133491338582676
0
LINE
8
BLACK
6
CONTINUOUS
10
5.9825517716535428
20
-4.2133491338582676
11
5.9825517716535428
21
-4.2114729527559058
0
LINE
8
BLACK
6
CONTINUOUS
10
5.9825517716535428
20
-4.2114729527559058
11
5.9827432677165353
21
-4.2110105511811025
0
LINE
8
BLACK
6
CONTINUOUS
10
5.9827432677165353
20
-4.2110105511811025
11
5.9827787795275587
21
-4.2105114173228344
0
LINE
8
BLACK
6
CONTINUOUS
10
5.9827787795275587
20
-4.2105114173228344
11
5.9837168503937006
21
-4.2086352362204726
0
LINE
8
BLACK
6
CONTINUOUS
10
5.9837168503937006
20
-4.2086352362204726
11
5.9839841732283467
21
-4.208403385826772
0
LINE
8
BLACK
6
CONTINUOUS
10
5.9839841732283467
20
-4.208403385826772
11
5.9841195669291336
21
-4.2080765354330705
0
LINE
8
BLACK
6
CONTINUOUS
10
5.9841195669291336
20
-4.2080765354330705
11
5.9850576377952756
21
-4.2071384251968507
0
LINE
8
BLACK
6
CONTINUOUS
10
5.9850576377952756
20
-4.2071384251968507
11
5.9853845669291337
21
-4.2070029921259842
0
LINE
8
BLACK
6
CONTINUOUS
10
5.9853845669291337
20
-4.2070029921259842
11
5.9856164566929131
21
-4.2067356299212602
0
LINE
8
BLACK
6
CONTINUOUS
10
5.9856164566929131
20
-4.2067356299212602
11
5.9874927165354332
21
-4.2057975590551182
0
LINE
8
BLACK
6
CONTINUOUS
10
5.9874927165354332
20
-4.2057975590551182
11
5.9877364173228349
21
-4.2057802362204724
0
LINE
8
BLACK
6
CONTINUOUS
10
5.9877364173228349
20
-4.2057802362204724
11
5.9879327165354326
21
-4.2056348031496062
0
LINE
8
BLACK
6
CONTINUOUS
10
5.9879327165354326
20
-4.2056348031496062
11
5.9916850393700782
21
-4.2046966929133855
0
LINE
8
BLACK
6
CONTINUOUS
10
5.9916850393700782
20
-4.2046966929133855
11
5.9919546456692911
21
-4.2047367716535433
0
LINE
8
BLACK
6
CONTINUOUS
10
5.9919546456692911
20
-4.2047367716535433
11
5.9922065354330707
21
-4.2046324803149604
0
LINE
8
BLACK
6
CONTINUOUS
10
5.9922065354330707
20
-4.2046324803149604
11
5.9968970078740158
21
-4.2046324803149604
0
LINE
8
BLACK
6
CONTINUOUS
10
5.9968970078740158
20
-4.2046324803149604
11
5.9971488582677166
21
-4.2047367716535433
0
LINE
8
BLACK
6
CONTINUOUS
10
5.9892046456692913
20
-4.2097490944881892
11
5.9878514960629916
21
-4.2104256692913387
0
LINE
8
BLACK
6
CONTINUOUS
10
5.9878514960629916
20
-4.2104256692913387
11
5.9874068503937004
21
-4.2108703149606299
0
LINE
8
BLACK
6
CONTINUOUS
10
5.9874068503937004
20
-4.2108703149606299
11
5.9868517716535434
21
-4.2119804724409446
0
LINE
8
BLACK
6
CONTINUOUS
10
5.9868517716535434
20
-4.2119804724409446
11
5.9868517716535434
21
-4.2128415748031491
0
LINE
8
BLACK
6
CONTINUOUS
10
5.9868517716535434
20
-4.2128415748031491
11
5.9874068897637791
21
-4.2139518110236223
0
LINE
8
BLACK
6
CONTINUOUS
10
5.9874068897637791
20
-4.2139518110236223
11
5.9878514960629916
21
-4.2143964173228348
0
LINE
8
BLACK
6
CONTINUOUS
10
5.9878514960629916
20
-4.2143964173228348
11
5.9892044881889763
21
-4.2150729133858267
0
LINE
8
BLACK
6
CONTINUOUS
10
5.9892044881889763
20
-4.2150729133858267
11
5.9924712598425192
21
-4.2158896062992124
0
LINE
8
BLACK
6
CONTINUOUS
10
5.9924712598425192
20
-4.2158896062992124
11
5.9966322834645664
21
-4.2158896062992124
0
LINE
8
BLACK
6
CONTINUOUS
10
5.9966322834645664
20
-4.2158896062992124
11
5.9998990944881889
21
-4.2150728740157479
0
LINE
8
BLACK
6
CONTINUOUS
10
5.9998990944881889
20
-4.2150728740157479
11
6.0012520078740152
21
-4.2143964173228348
0
LINE
8
BLACK
6
CONTINUOUS
10
6.0012520078740152
20
-4.2143964173228348
11
6.0016966535433074
21
-4.2139517716535435
0
LINE
8
BLACK
6
CONTINUOUS
10
6.0016966535433074
20
-4.2139517716535435
11
6.0022517716535431
21
-4.2128415748031491
0
LINE
8
BLACK
6
CONTINUOUS
10
6.0022517716535431
20
-4.2128415748031491
11
6.0022517716535431
21
-4.2119804724409446
0
LINE
8
BLACK
6
CONTINUOUS
10
6.0022517716535431
20
-4.2119804724409446
11
6.0016966535433074
21
-4.2108702755905512
0
LINE
8
BLACK
6
CONTINUOUS
10
6.0016966535433074
20
-4.2108702755905512
11
6.001252047244094
21
-4.2104256692913387
0
LINE
8
BLACK
6
CONTINUOUS
10
6.001252047244094
20
-4.2104256692913387
11
5.9998988976377952
21
-4.2097490944881892
0
LINE
8
BLACK
6
CONTINUOUS
10
5.9998988976377952
20
-4.2097490944881892
11
5.9966324015748027
21
-4.2089324803149601
0
LINE
8
BLACK
6
CONTINUOUS
10
5.9966324015748027
20
-4.2089324803149601
11
5.9924712992125979
21
-4.2089324803149601
0
LINE
8
BLACK
6
CONTINUOUS
10
5.9924712992125979
20
-4.2089324803149601
11
5.9892046456692913
21
-4.2097490944881892
0
LINE
8
BLACK
6
CONTINUOUS
10
6.3040217322834646
20
-4.1457292519685041
11
6.3055689763779528
21
-4.1470275590551182
0
LINE
8
BLACK
6
CONTINUOUS
10
6.3055689763779528
20
-4.1470275590551182
11
6.3059197244094483
21
-4.1490166929133858
0
LINE
8
BLACK
6
CONTINUOUS
10
6.3059197244094483
20
-4.1490166929133858
11
6.3049098031496058
21
-4.1507658661417324
0
LINE
8
BLACK
6
CONTINUOUS
10
6.3049098031496058
20
-4.1507658661417324
11
6.3030118110236222
21
-4.1514566929133858
0
LINE
8
BLACK
6
CONTINUOUS
10
6.3030118110236222
20
-4.1514566929133858
11
6.2963469291338585
21
-4.1514566929133858
0
LINE
8
BLACK
6
CONTINUOUS
10
6.2963469291338585
20
-4.1514566929133858
11
6.2968594094488184
21
-4.1526938976377954
0
LINE
8
BLACK
6
CONTINUOUS
10
6.2968594094488184
20
-4.1526938976377954
11
6.2968594094488184
21
-4.1723938976377948
0
LINE
8
BLACK
6
CONTINUOUS
10
6.2968594094488184
20
-4.1723938976377948
11
6.2962296850393695
21
-4.1739141732283462
0
LINE
8
BLACK
6
CONTINUOUS
10
6.2962296850393695
20
-4.1739141732283462
11
6.294709409448819
21
-4.1745438976377951
0
LINE
8
BLACK
6
CONTINUOUS
10
6.294709409448819
20
-4.1745438976377951
11
6.2931891338582675
21
-4.1739141732283462
0
LINE
8
BLACK
6
CONTINUOUS
10
6.2931891338582675
20
-4.1739141732283462
11
6.2925594094488186
21
-4.1723938976377948
0
LINE
8
BLACK
6
CONTINUOUS
10
6.2925594094488186
20
-4.1723938976377948
11
6.2925594094488186
21
-4.1642248425196851
0
LINE
8
BLACK
6
CONTINUOUS
10
6.2925594094488186
20
-4.1642248425196851
11
6.2881427559055121
21
-4.1642248425196851
0
LINE
8
BLACK
6
CONTINUOUS
10
6.2881427559055121
20
-4.1642248425196851
11
6.2866224803149606
21
-4.1635951181102362
0
LINE
8
BLACK
6
CONTINUOUS
10
6.2866224803149606
20
-4.1635951181102362
11
6.2859927559055118
21
-4.1620748425196847
0
LINE
8
BLACK
6
CONTINUOUS
10
6.2859927559055118
20
-4.1620748425196847
11
6.2866224803149606
21
-4.1605545669291342
0
LINE
8
BLACK
6
CONTINUOUS
10
6.2866224803149606
20
-4.1605545669291342
11
6.2881427559055121
21
-4.1599248425196853
0
LINE
8
BLACK
6
CONTINUOUS
10
6.2881427559055121
20
-4.1599248425196853
11
6.2925594094488186
21
-4.1599248425196853
0
LINE
8
BLACK
6
CONTINUOUS
10
6.2925594094488186
20
-4.1599248425196853
11
6.2925594094488186
21
-4.1548438976377948
0
LINE
8
BLACK
6
CONTINUOUS
10
6.2925594094488186
20
-4.1548438976377948
11
6.2853284645669287
21
-4.1548438976377948
0
LINE
8
BLACK
6
CONTINUOUS
10
6.2853284645669287
20
-4.1548438976377948
11
6.2838081889763782
21
-4.154214173228346
0
LINE
8
BLACK
6
CONTINUOUS
10
6.2838081889763782
20
-4.154214173228346
11
6.2831784645669293
21
-4.1526938976377954
0
LINE
8
BLACK
6
CONTINUOUS
10
6.2831784645669293
20
-4.1526938976377954
11
6.2836909448818901
21
-4.1514566929133858
0
LINE
8
BLACK
6
CONTINUOUS
10
6.2836909448818901
20
-4.1514566929133858
11
6.2659645669291333
21
-4.1514566929133858
0
LINE
8
BLACK
6
CONTINUOUS
10
6.2659645669291333
20
-4.1514566929133858
11
6.2659645669291333
21
-4.2055511811023623
0
LINE
8
BLACK
6
CONTINUOUS
10
6.2659645669291333
20
-4.2055511811023623
11
6.3030118110236222
21
-4.2055511811023623
0
LINE
8
BLACK
6
CONTINUOUS
10
6.3030118110236222
20
-4.2055511811023623
11
6.3040217322834646
21
-4.2057292519685037
0
LINE
8
BLACK
6
CONTINUOUS
10
6.3040217322834646
20
-4.2057292519685037
11
6.3055689763779528
21
-4.2070275590551178
0
LINE
8
BLACK
6
CONTINUOUS
10
6.3055689763779528
20
-4.2070275590551178
11
6.3059197244094483
21
-4.2090166929133854
0
LINE
8
BLACK
6
CONTINUOUS
10
6.3059197244094483
20
-4.2090166929133854
11
6.3049098031496058
21
-4.210765866141732
0
LINE
8
BLACK
6
CONTINUOUS
10
6.3049098031496058
20
-4.210765866141732
11
6.3030118110236222
21
-4.2114566929133854
0
LINE
8
BLACK
6
CONTINUOUS
10
6.3030118110236222
20
-4.2114566929133854
11
6.2630118110236221
21
-4.2114566929133854
0
LINE
8
BLACK
6
CONTINUOUS
10
6.2630118110236221
20
-4.2114566929133854
11
6.2626282677165355
21
-4.2113890551181106
0
LINE
8
BLACK
6
CONTINUOUS
10
6.2626282677165355
20
-4.2113890551181106
11
6.2624990551181101
21
-4.2114118503937004
0
LINE
8
BLACK
6
CONTINUOUS
10
6.2624990551181101
20
-4.2114118503937004
11
6.2623854330708664
21
-4.211346220472441
0
LINE
8
BLACK
6
CONTINUOUS
10
6.2623854330708664
20
-4.211346220472441
11
6.2620018897637797
21
-4.211278622047244
0
LINE
8
BLACK
6
CONTINUOUS
10
6.2620018897637797
20
-4.211278622047244
11
6.2614141732283466
21
-4.2107854724409446
0
LINE
8
BLACK
6
CONTINUOUS
10
6.2614141732283466
20
-4.2107854724409446
11
6.2607498818897636
21
-4.2104019291338579
0
LINE
8
BLACK
6
CONTINUOUS
10
6.2607498818897636
20
-4.2104019291338579
11
6.2606587401574805
21
-4.2101515748031497
0
LINE
8
BLACK
6
CONTINUOUS
10
6.2606587401574805
20
-4.2101515748031497
11
6.2604546456692916
21
-4.2099803149606299
0
LINE
8
BLACK
6
CONTINUOUS
10
6.2604546456692916
20
-4.2099803149606299
11
6.2603213779527556
21
-4.2092247244094487
0
LINE
8
BLACK
6
CONTINUOUS
10
6.2603213779527556
20
-4.2092247244094487
11
6.2600590551181101
21
-4.2085039370078743
0
LINE
8
BLACK
6
CONTINUOUS
10
6.2600590551181101
20
-4.2085039370078743
11
6.2600590551181101
21
-4.1485039370078738
0
LINE
8
BLACK
6
CONTINUOUS
10
6.2600590551181101
20
-4.1485039370078738
11
6.2601266535433071
21
-4.1481203937007871
0
LINE
8
BLACK
6
CONTINUOUS
10
6.2601266535433071
20
-4.1481203937007871
11
6.2601038976377952
21
-4.1479911811023618
0
LINE
8
BLACK
6
CONTINUOUS
10
6.2601038976377952
20
-4.1479911811023618
11
6.2601694881889767
21
-4.147877559055118
0
LINE
8
BLACK
6
CONTINUOUS
10
6.2601694881889767
20
-4.147877559055118
11
6.2602371259842515
21
-4.1474940157480313
0
LINE
8
BLACK
6
CONTINUOUS
10
6.2602371259842515
20
-4.1474940157480313
11
6.2607302362204722
21
-4.1469062992125982
0
LINE
8
BLACK
6
CONTINUOUS
10
6.2607302362204722
20
-4.1469062992125982
11
6.2611138188976376
21
-4.1462420078740161
0
LINE
8
BLACK
6
CONTINUOUS
10
6.2611138188976376
20
-4.1462420078740161
11
6.261364133858268
21
-4.1461508661417321
0
LINE
8
BLACK
6
CONTINUOUS
10
6.261364133858268
20
-4.1461508661417321
11
6.2615354330708657
21
-4.1459467716535432
0
LINE
8
BLACK
6
CONTINUOUS
10
6.2615354330708657
20
-4.1459467716535432
11
6.2622909842519681
21
-4.1458135039370081
0
LINE
8
BLACK
6
CONTINUOUS
10
6.2622909842519681
20
-4.1458135039370081
11
6.2630118110236221
21
-4.1455511811023618
0
LINE
8
BLACK
6
CONTINUOUS
10
6.2630118110236221
20
-4.1455511811023618
11
6.3030118110236222
21
-4.1455511811023618
0
LINE
8
BLACK
6
CONTINUOUS
10
6.3030118110236222
20
-4.1455511811023618
11
6.3040217322834646
21
-4.1457292519685041
0
LINE
8
BLACK
6
CONTINUOUS
10
6.3833953149606302
20
-4.1456187795275588
11
6.3835245669291334
21
-4.1455960236220468
0
LINE
8
BLACK
6
CONTINUOUS
10
6.3835245669291334
20
-4.1455960236220468
11
6.3836381496062993
21
-4.1456616141732283
0
LINE
8
BLACK
6
CONTINUOUS
10
6.3836381496062993
20
-4.1456616141732283
11
6.3840217322834647
21
-4.1457292519685041
0
LINE
8
BLACK
6
CONTINUOUS
10
6.3840217322834647
20
-4.1457292519685041
11
6.3846094094488191
21
-4.1462223622047247
0
LINE
8
BLACK
6
CONTINUOUS
10
6.3846094094488191
20
-4.1462223622047247
11
6.3852737401574799
21
-4.1466059448818893
0
LINE
8
BLACK
6
CONTINUOUS
10
6.3852737401574799
20
-4.1466059448818893
11
6.3853648425196852
21
-4.1468562598425196
0
LINE
8
BLACK
6
CONTINUOUS
10
6.3853648425196852
20
-4.1468562598425196
11
6.3855689763779528
21
-4.1470275590551182
0
LINE
8
BLACK
6
CONTINUOUS
10
6.3855689763779528
20
-4.1470275590551182
11
6.3857022047244092
21
-4.1477831102362206
0
LINE
8
BLACK
6
CONTINUOUS
10
6.3857022047244092
20
-4.1477831102362206
11
6.3859645669291334
21
-4.1485039370078738
0
LINE
8
BLACK
6
CONTINUOUS
10
6.3859645669291334
20
-4.1485039370078738
11
6.3859645669291334
21
-4.2085039370078743
0
LINE
8
BLACK
6
CONTINUOUS
10
6.3859645669291334
20
-4.2085039370078743
11
6.3858969291338585
21
-4.2088874409448822
0
LINE
8
BLACK
6
CONTINUOUS
10
6.3858969291338585
20
-4.2088874409448822
11
6.3859197244094483
21
-4.2090166929133854
0
LINE
8
BLACK
6
CONTINUOUS
10
6.3859197244094483
20
-4.2090166929133854
11
6.385854094488189
21
-4.2091302755905513
0
LINE
8
BLACK
6
CONTINUOUS
10
6.385854094488189
20
-4.2091302755905513
11
6.385786496062992
21
-4.2095138582677167
0
LINE
8
BLACK
6
CONTINUOUS
10
6.385786496062992
20
-4.2095138582677167
11
6.3852933464566926
21
-4.2101015354330711
0
LINE
8
BLACK
6
CONTINUOUS
10
6.3852933464566926
20
-4.2101015354330711
11
6.3849098031496059
21
-4.210765866141732
0
LINE
8
BLACK
6
CONTINUOUS
10
6.3849098031496059
20
-4.210765866141732
11
6.3846594488188977
21
-4.2108569685039372
0
LINE
8
BLACK
6
CONTINUOUS
10
6.3846594488188977
20
-4.2108569685039372
11
6.3844881889763778
21
-4.2110611023622049
0
LINE
8
BLACK
6
CONTINUOUS
10
6.3844881889763778
20
-4.2110611023622049
11
6.3837325984251967
21
-4.2111943307086612
0
LINE
8
BLACK
6
CONTINUOUS
10
6.3837325984251967
20
-4.2111943307086612
11
6.3830118110236223
21
-4.2114566929133854
0
LINE
8
BLACK
6
CONTINUOUS
10
6.3830118110236223
20
-4.2114566929133854
11
6.3430118110236222
21
-4.2114566929133854
0
LINE
8
BLACK
6
CONTINUOUS
10
6.3430118110236222
20
-4.2114566929133854
11
6.3420018897637798
21
-4.211278622047244
0
LINE
8
BLACK
6
CONTINUOUS
10
6.3420018897637798
20
-4.211278622047244
11
6.3404546456692916
21
-4.2099803149606299
0
LINE
8
BLACK
6
CONTINUOUS
10
6.3404546456692916
20
-4.2099803149606299
11
6.3401038976377952
21
-4.2079911811023623
0
LINE
8
BLACK
6
CONTINUOUS
10
6.3401038976377952
20
-4.2079911811023623
11
6.3411138188976377
21
-4.2062420078740157
0
LINE
8
BLACK
6
CONTINUOUS
10
6.3411138188976377
20
-4.2062420078740157
11
6.3430118110236222
21
-4.2055511811023623
0
LINE
8
BLACK
6
CONTINUOUS
10
6.3430118110236222
20
-4.2055511811023623
11
6.3800590551181102
21
-4.2055511811023623
0
LINE
8
BLACK
6
CONTINUOUS
10
6.3800590551181102
20
-4.2055511811023623
11
6.3800590551181102
21
-4.1514566929133858
0
LINE
8
BLACK
6
CONTINUOUS
10
6.3800590551181102
20
-4.1514566929133858
11
6.3658507086614176
21
-4.1514566929133858
0
LINE
8
BLACK
6
CONTINUOUS
10
6.3658507086614176
20
-4.1514566929133858
11
6.3659173228346457
21
-4.1515012992125984
0
LINE
8
BLACK
6
CONTINUOUS
10
6.3659173228346457
20
-4.1515012992125984
11
6.3676754724409443
21
-4.1541384645669295
0
LINE
8
BLACK
6
CONTINUOUS
10
6.3676754724409443
20
-4.1541384645669295
11
6.3691543700787401
21
-4.1556173622047243
0
LINE
8
BLACK
6
CONTINUOUS
10
6.3691543700787401
20
-4.1556173622047243
11
6.3707185433070865
21
-4.1563994488188971
0
LINE
8
BLACK
6
CONTINUOUS
10
6.3707185433070865
20
-4.1563994488188971
11
6.3717966535433073
21
-4.1576425984251966
0
LINE
8
BLACK
6
CONTINUOUS
10
6.3717966535433073
20
-4.1576425984251966
11
6.3716799999999996
21
-4.1592840157480317
0
LINE
8
BLACK
6
CONTINUOUS
10
6.3716799999999996
20
-4.1592840157480317
11
6.3704368897637798
21
-4.1603621653543303
0
LINE
8
BLACK
6
CONTINUOUS
10
6.3704368897637798
20
-4.1603621653543303
11
6.3687954724409446
21
-4.1602454724409448
0
LINE
8
BLACK
6
CONTINUOUS
10
6.3687954724409446
20
-4.1602454724409448
11
6.3669192913385828
21
-4.1593073622047241
0
LINE
8
BLACK
6
CONTINUOUS
10
6.3669192913385828
20
-4.1593073622047241
11
6.3666874409448821
21
-4.1590400393700788
0
LINE
8
BLACK
6
CONTINUOUS
10
6.3666874409448821
20
-4.1590400393700788
11
6.3663605511811019
21
-4.1589046456692911
0
LINE
8
BLACK
6
CONTINUOUS
10
6.3663605511811019
20
-4.1589046456692911
11
6.3662784251968505
21
-4.1588225196850397
0
LINE
8
BLACK
6
CONTINUOUS
10
6.3662784251968505
20
-4.1588225196850397
11
6.3662784251968505
21
-4.1702438976377953
0
LINE
8
BLACK
6
CONTINUOUS
10
6.3662784251968505
20
-4.1702438976377953
11
6.369757007874016
21
-4.1702438976377953
0
LINE
8
BLACK
6
CONTINUOUS
10
6.369757007874016
20
-4.1702438976377953
11
6.3712772834645666
21
-4.1708736220472442
0
LINE
8
BLACK
6
CONTINUOUS
10
6.3712772834645666
20
-4.1708736220472442
11
6.3719070078740154
21
-4.1723938976377948
0
LINE
8
BLACK
6
CONTINUOUS
10
6.3719070078740154
20
-4.1723938976377948
11
6.3712772834645666
21
-4.1739141732283462
0
LINE
8
BLACK
6
CONTINUOUS
10
6.3712772834645666
20
-4.1739141732283462
11
6.369757007874016
21
-4.1745438976377951
0
LINE
8
BLACK
6
CONTINUOUS
10
6.369757007874016
20
-4.1745438976377951
11
6.3641284251968502
21
-4.1745438976377951
0
LINE
8
BLACK
6
CONTINUOUS
10
6.3641284251968502
20
-4.1745438976377951
11
6.358499881889764
21
-4.1745438976377951
0
LINE
8
BLACK
6
CONTINUOUS
10
6.358499881889764
20
-4.1745438976377951
11
6.3569796062992125
21
-4.1739141732283462
0
LINE
8
BLACK
6
CONTINUOUS
10
6.3569796062992125
20
-4.1739141732283462
11
6.3563498818897637
21
-4.1723938976377948
0
LINE
8
BLACK
6
CONTINUOUS
10
6.3563498818897637
20
-4.1723938976377948
11
6.3569796062992125
21
-4.1708736220472442
0
LINE
8
BLACK
6
CONTINUOUS
10
6.3569796062992125
20
-4.1708736220472442
11
6.358499881889764
21
-4.1702438976377953
0
LINE
8
BLACK
6
CONTINUOUS
10
6.358499881889764
20
-4.1702438976377953
11
6.3619784251968499
21
-4.1702438976377953
0
LINE
8
BLACK
6
CONTINUOUS
10
6.3619784251968499
20
-4.1702438976377953
11
6.3619784251968499
21
-4.1526938976377954
0
LINE
8
BLACK
6
CONTINUOUS
10
6.3619784251968499
20
-4.1526938976377954
11
6.3620631102362202
21
-4.1524893307086614
0
LINE
8
BLACK
6
CONTINUOUS
10
6.3620631102362202
20
-4.1524893307086614
11
6.362020196850394
21
-4.1522722440944877
0
LINE
8
BLACK
6
CONTINUOUS
10
6.362020196850394
20
-4.1522722440944877
11
6.3623685039370077
21
-4.1517520866141728
0
LINE
8
BLACK
6
CONTINUOUS
10
6.3623685039370077
20
-4.1517520866141728
11
6.3624908661417319
21
-4.1514566929133858
0
LINE
8
BLACK
6
CONTINUOUS
10
6.3624908661417319
20
-4.1514566929133858
11
6.3486377952755904
21
-4.1514566929133858
0
LINE
8
BLACK
6
CONTINUOUS
10
6.3486377952755904
20
-4.1514566929133858
11
6.3491423622047245
21
-4.1517089763779529
0
LINE
8
BLACK
6
CONTINUOUS
10
6.3491423622047245
20
-4.1517089763779529
11
6.3493741732283464
21
-4.1519762992125981
0
LINE
8
BLACK
6
CONTINUOUS
10
6.3493741732283464
20
-4.1519762992125981
11
6.3497010629921258
21
-4.1521116929133859
0
LINE
8
BLACK
6
CONTINUOUS
10
6.3497010629921258
20
-4.1521116929133859
11
6.3506391732283465
21
-4.1530497637795278
0
LINE
8
BLACK
6
CONTINUOUS
10
6.3506391732283465
20
-4.1530497637795278
11
6.3507745669291333
21
-4.153376692913386
0
LINE
8
BLACK
6
CONTINUOUS
10
6.3507745669291333
20
-4.153376692913386
11
6.351041968503937
21
-4.1536085826771654
0
LINE
8
BLACK
6
CONTINUOUS
10
6.351041968503937
20
-4.1536085826771654
11
6.3519800393700789
21
-4.1554848425196846
0
LINE
8
BLACK
6
CONTINUOUS
10
6.3519800393700789
20
-4.1554848425196846
11
6.3519973228346451
21
-4.1557285433070863
0
LINE
8
BLACK
6
CONTINUOUS
10
6.3519973228346451
20
-4.1557285433070863
11
6.35214279527559
21
-4.1559248425196849
0
LINE
8
BLACK
6
CONTINUOUS
10
6.35214279527559
20
-4.1559248425196849
11
6.3530809055118107
21
-4.1596771653543305
0
LINE
8
BLACK
6
CONTINUOUS
10
6.3530809055118107
20
-4.1596771653543305
11
6.3530407874015751
21
-4.1599467716535434
0
LINE
8
BLACK
6
CONTINUOUS
10
6.3530407874015751
20
-4.1599467716535434
11
6.3531451181102359
21
-4.160198661417323
0
LINE
8
BLACK
6
CONTINUOUS
10
6.3531451181102359
20
-4.160198661417323
11
6.3531451181102359
21
-4.1648891338582672
0
LINE
8
BLACK
6
CONTINUOUS
10
6.3531451181102359
20
-4.1648891338582672
11
6.3530407874015751
21
-4.165140984251968
0
LINE
8
BLACK
6
CONTINUOUS
10
6.3530407874015751
20
-4.165140984251968
11
6.3530809055118107
21
-4.1654105905511809
0
LINE
8
BLACK
6
CONTINUOUS
10
6.3530809055118107
20
-4.1654105905511809
11
6.35214279527559
21
-4.1691629921259841
0
LINE
8
BLACK
6
CONTINUOUS
10
6.35214279527559
20
-4.1691629921259841
11
6.3519973228346451
21
-4.1693592519685039
0
LINE
8
BLACK
6
CONTINUOUS
10
6.3519973228346451
20
-4.1693592519685039
11
6.3519800393700789
21
-4.169603031496063
0
LINE
8
BLACK
6
CONTINUOUS
10
6.3519800393700789
20
-4.169603031496063
11
6.351041968503937
21
-4.1714792125984248
0
LINE
8
BLACK
6
CONTINUOUS
10
6.351041968503937
20
-4.1714792125984248
11
6.3507746062992121
21
-4.1717110629921255
0
LINE
8
BLACK
6
CONTINUOUS
10
6.3507746062992121
20
-4.1717110629921255
11
6.3506392125984252
21
-4.1720379921259845
0
LINE
8
BLACK
6
CONTINUOUS
10
6.3506392125984252
20
-4.1720379921259845
11
6.3497011023622045
21
-4.1729761023622043
0
LINE
8
BLACK
6
CONTINUOUS
10
6.3497011023622045
20
-4.1729761023622043
11
6.3493741732283464
21
-4.173111496062992
0
LINE
8
BLACK
6
CONTINUOUS
10
6.3493741732283464
20
-4.173111496062992
11
6.3491423228346457
21
-4.173378858267716
0
LINE
8
BLACK
6
CONTINUOUS
10
6.3491423228346457
20
-4.173378858267716
11
6.3472661417322831
21
-4.174316929133858
0
LINE
8
BLACK
6
CONTINUOUS
10
6.3472661417322831
20
-4.174316929133858
11
6.3467669685039372
21
-4.1743523622047247
0
LINE
8
BLACK
6
CONTINUOUS
10
6.3467669685039372
20
-4.1743523622047247
11
6.3463046456692913
21
-4.1745438976377951
0
LINE
8
BLACK
6
CONTINUOUS
10
6.3463046456692913
20
-4.1745438976377951
11
6.3444284645669287
21
-4.1745438976377951
0
LINE
8
BLACK
6
CONTINUOUS
10
6.3444284645669287
20
-4.1745438976377951
11
6.3439661023622049
21
-4.1743523622047247
0
LINE
8
BLACK
6
CONTINUOUS
10
6.3439661023622049
20
-4.1743523622047247
11
6.3434670078740156
21
-4.174316929133858
0
LINE
8
BLACK
6
CONTINUOUS
10
6.3434670078740156
20
-4.174316929133858
11
6.3415907480314964
21
-4.173378858267716
0
LINE
8
BLACK
6
CONTINUOUS
10
6.3415907480314964
20
-4.173378858267716
11
6.3413588582677161
21
-4.1731114566929133
0
LINE
8
BLACK
6
CONTINUOUS
10
6.3413588582677161
20
-4.1731114566929133
11
6.3410319291338579
21
-4.1729760629921255
0
LINE
8
BLACK
6
CONTINUOUS
10
6.3410319291338579
20
-4.1729760629921255
11
6.340093858267716
21
-4.1720379527559057
0
LINE
8
BLACK
6
CONTINUOUS
10
6.340093858267716
20
-4.1720379527559057
11
6.3399584645669291
21
-4.1717110629921255
0
LINE
8
BLACK
6
CONTINUOUS
10
6.3399584645669291
20
-4.1717110629921255
11
6.339691141732283
21
-4.1714792519685036
0
LINE
8
BLACK
6
CONTINUOUS
10
6.339691141732283
20
-4.1714792519685036
11
6.3387530708661419
21
-4.1696030708661418
0
LINE
8
BLACK
6
CONTINUOUS
10
6.3387530708661419
20
-4.1696030708661418
11
6.3387357086614173
21
-4.1693593307086614
0
LINE
8
BLACK
6
CONTINUOUS
10
6.3387357086614173
20
-4.1693593307086614
11
6.3385902362204725
21
-4.1691629527559053
0
LINE
8
BLACK
6
CONTINUOUS
10
6.3385902362204725
20
-4.1691629527559053
11
6.3376521653543305
21
-4.1654105511811022
0
LINE
8
BLACK
6
CONTINUOUS
10
6.3376521653543305
20
-4.1654105511811022
11
6.337692283464567
21
-4.1651409055118105
0
LINE
8
BLACK
6
CONTINUOUS
10
6.337692283464567
20
-4.1651409055118105
11
6.3375879921259841
21
-4.1648891338582672
0
LINE
8
BLACK
6
CONTINUOUS
10
6.3375879921259841
20
-4.1648891338582672
11
6.3375879921259841
21
-4.160198661417323
0
LINE
8
BLACK
6
CONTINUOUS
10
6.3375879921259841
20
-4.160198661417323
11
6.337692283464567
21
-4.1599468110236222
0
LINE
8
BLACK
6
CONTINUOUS
10
6.337692283464567
20
-4.1599468110236222
11
6.3376521653543305
21
-4.1596772047244093
0
LINE
8
BLACK
6
CONTINUOUS
10
6.3376521653543305
20
-4.1596772047244093
11
6.3385902362204725
21
-4.1559248818897636
0
LINE
8
BLACK
6
CONTINUOUS
10
6.3385902362204725
20
-4.1559248818897636
11
6.3387357086614173
21
-4.1557285039370075
0
LINE
8
BLACK
6
CONTINUOUS
10
6.3387357086614173
20
-4.1557285039370075
11
6.3387530314960632
21
-4.1554848031496059
0
LINE
8
BLACK
6
CONTINUOUS
10
6.3387530314960632
20
-4.1554848031496059
11
6.339691141732283
21
-4.1536085826771654
0
LINE
8
BLACK
6
CONTINUOUS
10
6.339691141732283
20
-4.1536085826771654
11
6.3399584645669291
21
-4.153376692913386
0
LINE
8
BLACK
6
CONTINUOUS
10
6.3399584645669291
20
-4.153376692913386
11
6.3400938976377947
21
-4.1530498031496066
0
LINE
8
BLACK
6
CONTINUOUS
10
6.3400938976377947
20
-4.1530498031496066
11
6.3410319685039367
21
-4.1521117322834646
0
LINE
8
BLACK
6
CONTINUOUS
10
6.3410319685039367
20
-4.1521117322834646
11
6.3413588582677161
21
-4.1519762992125981
0
LINE
8
BLACK
6
CONTINUOUS
10
6.3413588582677161
20
-4.1519762992125981
11
6.3415907480314964
21
-4.1517089763779529
0
LINE
8
BLACK
6
CONTINUOUS
10
6.3415907480314964
20
-4.1517089763779529
11
6.3423342125984252
21
-4.1513372047244097
0
LINE
8
BLACK
6
CONTINUOUS
10
6.3423342125984252
20
-4.1513372047244097
11
6.3420018897637798
21
-4.1512786220472444
0
LINE
8
BLACK
6
CONTINUOUS
10
6.3420018897637798
20
-4.1512786220472444
11
6.3404546456692916
21
-4.1499803149606302
0
LINE
8
BLACK
6
CONTINUOUS
10
6.3404546456692916
20
-4.1499803149606302
11
6.3401038976377952
21
-4.1479911811023618
0
LINE
8
BLACK
6
CONTINUOUS
10
6.3401038976377952
20
-4.1479911811023618
11
6.3411138188976377
21
-4.1462420078740161
0
LINE
8
BLACK
6
CONTINUOUS
10
6.3411138188976377
20
-4.1462420078740161
11
6.3430118110236222
21
-4.1455511811023618
0
LINE
8
BLACK
6
CONTINUOUS
10
6.3430118110236222
20
-4.1455511811023618
11
6.3830118110236223
21
-4.1455511811023618
0
LINE
8
BLACK
6
CONTINUOUS
10
6.3830118110236223
20
-4.1455511811023618
11
6.3833953149606302
21
-4.1456187795275588
0
LINE
8
BLACK
6
CONTINUOUS
10
6.3438257874015749
20
-4.1553990157480314
11
6.3433811811023624
21
-4.1558436220472439
0
LINE
8
BLACK
6
CONTINUOUS
10
6.3433811811023624
20
-4.1558436220472439
11
6.3427046456692908
21
-4.1571966141732286
0
LINE
8
BLACK
6
CONTINUOUS
10
6.3427046456692908
20
-4.1571966141732286
11
6.3418879921259839
21
-4.1604633858267714
0
LINE
8
BLACK
6
CONTINUOUS
10
6.3418879921259839
20
-4.1604633858267714
11
6.3418879921259839
21
-4.1646244094488187
0
LINE
8
BLACK
6
CONTINUOUS
10
6.3418879921259839
20
-4.1646244094488187
11
6.3427046850393696
21
-4.1678912204724412
0
LINE
8
BLACK
6
CONTINUOUS
10
6.3427046850393696
20
-4.1678912204724412
11
6.3433811417322836
21
-4.1692441338582675
0
LINE
8
BLACK
6
CONTINUOUS
10
6.3433811417322836
20
-4.1692441338582675
11
6.3438257874015749
21
-4.1696887795275588
0
LINE
8
BLACK
6
CONTINUOUS
10
6.3438257874015749
20
-4.1696887795275588
11
6.3449360236220471
21
-4.1702438976377953
0
LINE
8
BLACK
6
CONTINUOUS
10
6.3449360236220471
20
-4.1702438976377953
11
6.3457970866141729
21
-4.1702438976377953
0
LINE
8
BLACK
6
CONTINUOUS
10
6.3457970866141729
20
-4.1702438976377953
11
6.3469072834645672
21
-4.1696887795275588
0
LINE
8
BLACK
6
CONTINUOUS
10
6.3469072834645672
20
-4.1696887795275588
11
6.3473518897637797
21
-4.1692441732283463
0
LINE
8
BLACK
6
CONTINUOUS
10
6.3473518897637797
20
-4.1692441732283463
11
6.3480284645669292
21
-4.1678910236220474
0
LINE
8
BLACK
6
CONTINUOUS
10
6.3480284645669292
20
-4.1678910236220474
11
6.3488451181102361
21
-4.16462437007874
0
LINE
8
BLACK
6
CONTINUOUS
10
6.3488451181102361
20
-4.16462437007874
11
6.3488451181102361
21
-4.1604633858267714
0
LINE
8
BLACK
6
CONTINUOUS
10
6.3488451181102361
20
-4.1604633858267714
11
6.3480284645669292
21
-4.1571967716535436
0
LINE
8
BLACK
6
CONTINUOUS
10
6.3480284645669292
20
-4.1571967716535436
11
6.3473518897637797
21
-4.1558436220472439
0
LINE
8
BLACK
6
CONTINUOUS
10
6.3473518897637797
20
-4.1558436220472439
11
6.3469072440944885
21
-4.1553989763779526
0
LINE
8
BLACK
6
CONTINUOUS
10
6.3469072440944885
20
-4.1553989763779526
11
6.3457971259842516
21
-4.1548438976377948
0
LINE
8
BLACK
6
CONTINUOUS
10
6.3457971259842516
20
-4.1548438976377948
11
6.3449360236220471
21
-4.1548438976377948
0
LINE
8
BLACK
6
CONTINUOUS
10
6.3449360236220471
20
-4.1548438976377948
11
6.3438257874015749
21
-4.1553990157480314
0
LINE
8
BLACK
6
CONTINUOUS
10
5.9687107874015748
20
-4.1884796456692914
11
5.9689803937007877
21
-4.1884395669291337
0
LINE
8
BLACK
6
CONTINUOUS
10
5.9689803937007877
20
-4.1884395669291337
11
5.9727327559055121
21
-4.1893776377952756
0
LINE
8
BLACK
6
CONTINUOUS
10
5.9727327559055121
20
-4.1893776377952756
11
5.9729290551181098
21
-4.1895231102362205
0
LINE
8
BLACK
6
CONTINUOUS
10
5.9729290551181098
20
-4.1895231102362205
11
5.9731727952755902
21
-4.1895404330708663
0
LINE
8
BLACK
6
CONTINUOUS
10
5.9731727952755902
20
-4.1895404330708663
11
5.9750489763779528
21
-4.1904785039370074
0
LINE
8
BLACK
6
CONTINUOUS
10
5.9750489763779528
20
-4.1904785039370074
11
5.9752807874015748
21
-4.1907457874015748
0
LINE
8
BLACK
6
CONTINUOUS
10
5.9752807874015748
20
-4.1907457874015748
11
5.9756077559055116
21
-4.1908812204724413
0
LINE
8
BLACK
6
CONTINUOUS
10
5.9756077559055116
20
-4.1908812204724413
11
5.977483976377953
21
-4.192757401574803
0
LINE
8
BLACK
6
CONTINUOUS
10
5.977483976377953
20
-4.192757401574803
11
5.9776754724409447
21
-4.1932197637795277
0
LINE
8
BLACK
6
CONTINUOUS
10
5.9776754724409447
20
-4.1932197637795277
11
5.9780033858267716
21
-4.1935978346456695
0
LINE
8
BLACK
6
CONTINUOUS
10
5.9780033858267716
20
-4.1935978346456695
11
5.9789414566929135
21
-4.196412125984252
0
LINE
8
BLACK
6
CONTINUOUS
10
5.9789414566929135
20
-4.196412125984252
11
5.9789163385826773
21
-4.1967650787401576
0
LINE
8
BLACK
6
CONTINUOUS
10
5.9789163385826773
20
-4.1967650787401576
11
5.979051771653543
21
-4.1970920078740157
0
LINE
8
BLACK
6
CONTINUOUS
10
5.979051771653543
20
-4.1970920078740157
11
5.979051771653543
21
-4.1989682283464562
0
LINE
8
BLACK
6
CONTINUOUS
10
5.979051771653543
20
-4.1989682283464562
11
5.9789163385826773
21
-4.1992950787401577
0
LINE
8
BLACK
6
CONTINUOUS
10
5.9789163385826773
20
-4.1992950787401577
11
5.9789414566929135
21
-4.19964811023622
0
LINE
8
BLACK
6
CONTINUOUS
10
5.9789414566929135
20
-4.19964811023622
11
5.9780033858267716
21
-4.2024623622047246
0
LINE
8
BLACK
6
CONTINUOUS
10
5.9780033858267716
20
-4.2024623622047246
11
5.9776754724409447
21
-4.2028403937007877
0
LINE
8
BLACK
6
CONTINUOUS
10
5.9776754724409447
20
-4.2028403937007877
11
5.977483976377953
21
-4.2033027559055114
0
LINE
8
BLACK
6
CONTINUOUS
10
5.977483976377953
20
-4.2033027559055114
11
5.9765458661417323
21
-4.2042408661417321
0
LINE
8
BLACK
6
CONTINUOUS
10
5.9765458661417323
20
-4.2042408661417321
11
5.9750255905511809
21
-4.204870590551181
0
LINE
8
BLACK
6
CONTINUOUS
10
5.9750255905511809
20
-4.204870590551181
11
5.9735053149606294
21
-4.2042408661417321
0
LINE
8
BLACK
6
CONTINUOUS
10
5.9735053149606294
20
-4.2042408661417321
11
5.9728755905511806
21
-4.2027205905511806
0
LINE
8
BLACK
6
CONTINUOUS
10
5.9728755905511806
20
-4.2027205905511806
11
5.9735053149606294
21
-4.2012003149606301
0
LINE
8
BLACK
6
CONTINUOUS
10
5.9735053149606294
20
-4.2012003149606301
11
5.9740844881889759
21
-4.2006211023622049
0
LINE
8
BLACK
6
CONTINUOUS
10
5.9740844881889759
20
-4.2006211023622049
11
5.9747517716535432
21
-4.1986192913385825
0
LINE
8
BLACK
6
CONTINUOUS
10
5.9747517716535432
20
-4.1986192913385825
11
5.9747517716535432
21
-4.197440866141732
0
LINE
8
BLACK
6
CONTINUOUS
10
5.9747517716535432
20
-4.197440866141732
11
5.9740844881889759
21
-4.1954390551181104
0
LINE
8
BLACK
6
CONTINUOUS
10
5.9740844881889759
20
-4.1954390551181104
11
5.9728138582677168
21
-4.194168503937008
0
LINE
8
BLACK
6
CONTINUOUS
10
5.9728138582677168
20
-4.194168503937008
11
5.9714608267716534
21
-4.1934919685039374
0
LINE
8
BLACK
6
CONTINUOUS
10
5.9714608267716534
20
-4.1934919685039374
11
5.9681943307086609
21
-4.1926753543307083
0
LINE
8
BLACK
6
CONTINUOUS
10
5.9681943307086609
20
-4.1926753543307083
11
5.9659094094488188
21
-4.1926753543307083
0
LINE
8
BLACK
6
CONTINUOUS
10
5.9659094094488188
20
-4.1926753543307083
11
5.9626427165354325
21
-4.1934919685039374
0
LINE
8
BLACK
6
CONTINUOUS
10
5.9626427165354325
20
-4.1934919685039374
11
5.9612895669291337
21
-4.1941685433070868
0
LINE
8
BLACK
6
CONTINUOUS
10
5.9612895669291337
20
-4.1941685433070868
11
5.96001905511811
21
-4.1954390551181104
0
LINE
8
BLACK
6
CONTINUOUS
10
5.96001905511811
20
-4.1954390551181104
11
5.9593517716535436
21
-4.1974409448818895
0
LINE
8
BLACK
6
CONTINUOUS
10
5.9593517716535436
20
-4.1974409448818895
11
5.9593517716535436
21
-4.1986193307086612
0
LINE
8
BLACK
6
CONTINUOUS
10
5.9593517716535436
20
-4.1986193307086612
11
5.9600190157480313
21
-4.2006210629921261
0
LINE
8
BLACK
6
CONTINUOUS
10
5.9600190157480313
20
-4.2006210629921261
11
5.9605982677165352
21
-4.2012003543307088
0
LINE
8
BLACK
6
CONTINUOUS
10
5.9605982677165352
20
-4.2012003543307088
11
5.9612279527559053
21
-4.2027206299212594
0
LINE
8
BLACK
6
CONTINUOUS
10
5.9612279527559053
20
-4.2027206299212594
11
5.9605981889763777
21
-4.2042409055118108
0
LINE
8
BLACK
6
CONTINUOUS
10
5.9605981889763777
20
-4.2042409055118108
11
5.9590779133858263
21
-4.204870590551181
0
LINE
8
BLACK
6
CONTINUOUS
10
5.9590779133858263
20
-4.204870590551181
11
5.9575576377952757
21
-4.2042408267716533
0
LINE
8
BLACK
6
CONTINUOUS
10
5.9575576377952757
20
-4.2042408267716533
11
5.9566195669291337
21
-4.2033027165354326
0
LINE
8
BLACK
6
CONTINUOUS
10
5.9566195669291337
20
-4.2033027165354326
11
5.9564280708661412
21
-4.2028403937007877
0
LINE
8
BLACK
6
CONTINUOUS
10
5.9564280708661412
20
-4.2028403937007877
11
5.9561002362204727
21
-4.2024624015748033
0
LINE
8
BLACK
6
CONTINUOUS
10
5.9561002362204727
20
-4.2024624015748033
11
5.955162125984252
21
-4.1996481496062987
0
LINE
8
BLACK
6
CONTINUOUS
10
5.955162125984252
20
-4.1996481496062987
11
5.9551871653543307
21
-4.1992951574803152
0
LINE
8
BLACK
6
CONTINUOUS
10
5.9551871653543307
20
-4.1992951574803152
11
5.9550517716535429
21
-4.1989682283464562
0
LINE
8
BLACK
6
CONTINUOUS
10
5.9550517716535429
20
-4.1989682283464562
11
5.9550517716535429
21
-4.1970920078740157
0
LINE
8
BLACK
6
CONTINUOUS
10
5.9550517716535429
20
-4.1970920078740157
11
5.9551871653543307
21
-4.1967651181102363
0
LINE
8
BLACK
6
CONTINUOUS
10
5.9551871653543307
20
-4.1967651181102363
11
5.9551620866141732
21
-4.196412125984252
0
LINE
8
BLACK
6
CONTINUOUS
10
5.9551620866141732
20
-4.196412125984252
11
5.9561002362204727
21
-4.1935977952755907
0
LINE
8
BLACK
6
CONTINUOUS
10
5.9561002362204727
20
-4.1935977952755907
11
5.9564280708661412
21
-4.1932197244094489
0
LINE
8
BLACK
6
CONTINUOUS
10
5.9564280708661412
20
-4.1932197244094489
11
5.9566196062992125
21
-4.1927574409448818
0
LINE
8
BLACK
6
CONTINUOUS
10
5.9566196062992125
20
-4.1927574409448818
11
5.9584957874015743
21
-4.19088125984252
0
LINE
8
BLACK
6
CONTINUOUS
10
5.9584957874015743
20
-4.19088125984252
11
5.9588226771653545
21
-4.1907458267716535
0
LINE
8
BLACK
6
CONTINUOUS
10
5.9588226771653545
20
-4.1907458267716535
11
5.9590545669291339
21
-4.1904785039370074
0
LINE
8
BLACK
6
CONTINUOUS
10
5.9590545669291339
20
-4.1904785039370074
11
5.9609307480314957
21
-4.1895404330708663
0
LINE
8
BLACK
6
CONTINUOUS
10
5.9609307480314957
20
-4.1895404330708663
11
5.9611744881889761
21
-4.1895231102362205
0
LINE
8
BLACK
6
CONTINUOUS
10
5.9611744881889761
20
-4.1895231102362205
11
5.9613707874015747
21
-4.1893776771653544
0
LINE
8
BLACK
6
CONTINUOUS
10
5.9613707874015747
20
-4.1893776771653544
11
5.9651231889763778
21
-4.1884395669291337
0
LINE
8
BLACK
6
CONTINUOUS
10
5.9651231889763778
20
-4.1884395669291337
11
5.965392755905512
21
-4.1884796456692914
0
LINE
8
BLACK
6
CONTINUOUS
10
5.965392755905512
20
-4.1884796456692914
11
5.9656446456692915
21
-4.1883753543307085
0
LINE
8
BLACK
6
CONTINUOUS
10
5.9656446456692915
20
-4.1883753543307085
11
5.968458937007874
21
-4.1883753543307085
0
LINE
8
BLACK
6
CONTINUOUS
10
5.968458937007874
20
-4.1883753543307085
11
5.9687107874015748
21
-4.1884796456692914
0
LINE
8
BLACK
6
CONTINUOUS
10
6.3111194094488186
20
-4.1573020472440945
11
6.3116185826771654
21
-4.1573375590551178
0
LINE
8
BLACK
6
CONTINUOUS
10
6.3116185826771654
20
-4.1573375590551178
11
6.3117846850393695
21
-4.1574205905511814
0
LINE
8
BLACK
6
CONTINUOUS
10
6.3117846850393695
20
-4.1574205905511814
11
6.3125332283464566
21
-4.157110551181102
0
LINE
8
BLACK
6
CONTINUOUS
10
6.3125332283464566
20
-4.157110551181102
11
6.314053503937008
21
-4.1577402755905508
0
LINE
8
BLACK
6
CONTINUOUS
10
6.314053503937008
20
-4.1577402755905508
11
6.3146832283464569
21
-4.1592605511811023
0
LINE
8
BLACK
6
CONTINUOUS
10
6.3146832283464569
20
-4.1592605511811023
11
6.3146832283464569
21
-4.1773059055118109
0
LINE
8
BLACK
6
CONTINUOUS
10
6.3146832283464569
20
-4.1773059055118109
11
6.3150613779527554
21
-4.1773327952755901
0
LINE
8
BLACK
6
CONTINUOUS
10
6.3150613779527554
20
-4.1773327952755901
11
6.3161395669291336
21
-4.1785759448818895
0
LINE
8
BLACK
6
CONTINUOUS
10
6.3161395669291336
20
-4.1785759448818895
11
6.3208299999999999
21
-4.1926473228346453
0
LINE
8
BLACK
6
CONTINUOUS
10
6.3208299999999999
20
-4.1926473228346453
11
6.3208048818897637
21
-4.1930002362204721
0
LINE
8
BLACK
6
CONTINUOUS
10
6.3208048818897637
20
-4.1930002362204721
11
6.3209403543307081
21
-4.1933272440944878
0
LINE
8
BLACK
6
CONTINUOUS
10
6.3209403543307081
20
-4.1933272440944878
11
6.320748779527559
21
-4.1937896456692911
0
LINE
8
BLACK
6
CONTINUOUS
10
6.320748779527559
20
-4.1937896456692911
11
6.3207133464566931
21
-4.1942887401574804
0
LINE
8
BLACK
6
CONTINUOUS
10
6.3207133464566931
20
-4.1942887401574804
11
6.3204460629921257
21
-4.1945205511811023
0
LINE
8
BLACK
6
CONTINUOUS
10
6.3204460629921257
20
-4.1945205511811023
11
6.3203106299212601
21
-4.1948475196850392
0
LINE
8
BLACK
6
CONTINUOUS
10
6.3203106299212601
20
-4.1948475196850392
11
6.3198482283464568
21
-4.1950390157480317
0
LINE
8
BLACK
6
CONTINUOUS
10
6.3198482283464568
20
-4.1950390157480317
11
6.3194702362204724
21
-4.195366889763779
0
LINE
8
BLACK
6
CONTINUOUS
10
6.3194702362204724
20
-4.195366889763779
11
6.3191173228346456
21
-4.1953417716535428
0
LINE
8
BLACK
6
CONTINUOUS
10
6.3191173228346456
20
-4.1953417716535428
11
6.3187903543307087
21
-4.1954772440944881
0
LINE
8
BLACK
6
CONTINUOUS
10
6.3187903543307087
20
-4.1954772440944881
11
6.3115594094488188
21
-4.1954772440944881
0
LINE
8
BLACK
6
CONTINUOUS
10
6.3115594094488188
20
-4.1954772440944881
11
6.3115594094488188
21
-4.1998938976377955
0
LINE
8
BLACK
6
CONTINUOUS
10
6.3115594094488188
20
-4.1998938976377955
11
6.3109296850393699
21
-4.2014141732283461
0
LINE
8
BLACK
6
CONTINUOUS
10
6.3109296850393699
20
-4.2014141732283461
11
6.3094094094488185
21
-4.202043897637795
0
LINE
8
BLACK
6
CONTINUOUS
10
6.3094094094488185
20
-4.202043897637795
11
6.3078891338582679
21
-4.2014141732283461
0
LINE
8
BLACK
6
CONTINUOUS
10
6.3078891338582679
20
-4.2014141732283461
11
6.307259409448819
21
-4.1998938976377955
0
LINE
8
BLACK
6
CONTINUOUS
10
6.307259409448819
20
-4.1998938976377955
11
6.307259409448819
21
-4.1954772440944881
0
LINE
8
BLACK
6
CONTINUOUS
10
6.307259409448819
20
-4.1954772440944881
11
6.306595118110236
21
-4.1954772440944881
0
LINE
8
BLACK
6
CONTINUOUS
10
6.306595118110236
20
-4.1954772440944881
11
6.3050748425196845
21
-4.1948475196850392
0
LINE
8
BLACK
6
CONTINUOUS
10
6.3050748425196845
20
-4.1948475196850392
11
6.3044451181102357
21
-4.1933272440944878
0
LINE
8
BLACK
6
CONTINUOUS
10
6.3044451181102357
20
-4.1933272440944878
11
6.3050748425196845
21
-4.1918069685039372
0
LINE
8
BLACK
6
CONTINUOUS
10
6.3050748425196845
20
-4.1918069685039372
11
6.306595118110236
21
-4.1911772440944883
0
LINE
8
BLACK
6
CONTINUOUS
10
6.306595118110236
20
-4.1911772440944883
11
6.307259409448819
21
-4.1911772440944883
0
LINE
8
BLACK
6
CONTINUOUS
10
6.307259409448819
20
-4.1911772440944883
11
6.307259409448819
21
-4.1867605511811021
0
LINE
8
BLACK
6
CONTINUOUS
10
6.307259409448819
20
-4.1867605511811021
11
6.3078891338582679
21
-4.1852402755905507
0
LINE
8
BLACK
6
CONTINUOUS
10
6.3078891338582679
20
-4.1852402755905507
11
6.3094094094488185
21
-4.1846105511811027
0
LINE
8
BLACK
6
CONTINUOUS
10
6.3094094094488185
20
-4.1846105511811027
11
6.3109296850393699
21
-4.1852402755905507
0
LINE
8
BLACK
6
CONTINUOUS
10
6.3109296850393699
20
-4.1852402755905507
11
6.3115594094488188
21
-4.1867605511811021
0
LINE
8
BLACK
6
CONTINUOUS
10
6.3115594094488188
20
-4.1867605511811021
11
6.3115594094488188
21
-4.1911772440944883
0
LINE
8
BLACK
6
CONTINUOUS
10
6.3115594094488188
20
-4.1911772440944883
11
6.3158073622047244
21
-4.1911772440944883
0
LINE
8
BLACK
6
CONTINUOUS
10
6.3158073622047244
20
-4.1911772440944883
11
6.3124387401574804
21
-4.1810714173228343
0
LINE
8
BLACK
6
CONTINUOUS
10
6.3124387401574804
20
-4.1810714173228343
11
6.3110129527559051
21
-4.1804808267716531
0
LINE
8
BLACK
6
CONTINUOUS
10
6.3110129527559051
20
-4.1804808267716531
11
6.3103832283464563
21
-4.1789605511811025
0
LINE
8
BLACK
6
CONTINUOUS
10
6.3103832283464563
20
-4.1789605511811025
11
6.3103832283464563
21
-4.1745438976377951
0
LINE
8
BLACK
6
CONTINUOUS
10
6.3103832283464563
20
-4.1745438976377951
11
6.3069046850393695
21
-4.1745438976377951
0
LINE
8
BLACK
6
CONTINUOUS
10
6.3069046850393695
20
-4.1745438976377951
11
6.3064423228346458
21
-4.1743523622047247
0
LINE
8
BLACK
6
CONTINUOUS
10
6.3064423228346458
20
-4.1743523622047247
11
6.3059432283464565
21
-4.174316929133858
0
LINE
8
BLACK
6
CONTINUOUS
10
6.3059432283464565
20
-4.174316929133858
11
6.3040669685039372
21
-4.173378858267716
0
LINE
8
BLACK
6
CONTINUOUS
10
6.3040669685039372
20
-4.173378858267716
11
6.3038350787401569
21
-4.1731114566929133
0
LINE
8
BLACK
6
CONTINUOUS
10
6.3038350787401569
20
-4.1731114566929133
11
6.3035081496062988
21
-4.1729760629921255
0
LINE
8
BLACK
6
CONTINUOUS
10
6.3035081496062988
20
-4.1729760629921255
11
6.3025700787401577
21
-4.1720379527559057
0
LINE
8
BLACK
6
CONTINUOUS
10
6.3025700787401577
20
-4.1720379527559057
11
6.30243468503937
21
-4.1717110629921255
0
LINE
8
BLACK
6
CONTINUOUS
10
6.30243468503937
20
-4.1717110629921255
11
6.3021673622047238
21
-4.1714792519685036
0
LINE
8
BLACK
6
CONTINUOUS
10
6.3021673622047238
20
-4.1714792519685036
11
6.3012292913385828
21
-4.1696030708661418
0
LINE
8
BLACK
6
CONTINUOUS
10
6.3012292913385828
20
-4.1696030708661418
11
6.3011937795275585
21
-4.169103897637795
0
LINE
8
BLACK
6
CONTINUOUS
10
6.3011937795275585
20
-4.169103897637795
11
6.3010022834645669
21
-4.1686415354330704
0
LINE
8
BLACK
6
CONTINUOUS
10
6.3010022834645669
20
-4.1686415354330704
11
6.3010022834645669
21
-4.1630129527559054
0
LINE
8
BLACK
6
CONTINUOUS
10
6.3010022834645669
20
-4.1630129527559054
11
6.3011937795275585
21
-4.1625505511811021
0
LINE
8
BLACK
6
CONTINUOUS
10
6.3011937795275585
20
-4.1625505511811021
11
6.3012292913385828
21
-4.1620514173228349
0
LINE
8
BLACK
6
CONTINUOUS
10
6.3012292913385828
20
-4.1620514173228349
11
6.3021673622047238
21
-4.1601752362204723
0
LINE
8
BLACK
6
CONTINUOUS
10
6.3021673622047238
20
-4.1601752362204723
11
6.30243468503937
21
-4.1599433858267716
0
LINE
8
BLACK
6
CONTINUOUS
10
6.30243468503937
20
-4.1599433858267716
11
6.3025700787401577
21
-4.159616535433071
0
LINE
8
BLACK
6
CONTINUOUS
10
6.3025700787401577
20
-4.159616535433071
11
6.3035081496062988
21
-4.1586784251968503
0
LINE
8
BLACK
6
CONTINUOUS
10
6.3035081496062988
20
-4.1586784251968503
11
6.3038350787401569
21
-4.158542952755905
0
LINE
8
BLACK
6
CONTINUOUS
10
6.3038350787401569
20
-4.158542952755905
11
6.3040669685039372
21
-4.1582756299212598
0
LINE
8
BLACK
6
CONTINUOUS
10
6.3040669685039372
20
-4.1582756299212598
11
6.3059431889763777
21
-4.1573375196850391
0
LINE
8
BLACK
6
CONTINUOUS
10
6.3059431889763777
20
-4.1573375196850391
11
6.3064423228346458
21
-4.1573020472440945
0
LINE
8
BLACK
6
CONTINUOUS
10
6.3064423228346458
20
-4.1573020472440945
11
6.3069046850393695
21
-4.157110551181102
0
LINE
8
BLACK
6
CONTINUOUS
10
6.3069046850393695
20
-4.157110551181102
11
6.3106570472440939
21
-4.157110551181102
0
LINE
8
BLACK
6
CONTINUOUS
10
6.3106570472440939
20
-4.157110551181102
11
6.3111194094488186
21
-4.1573020472440945
0
LINE
8
BLACK
6
CONTINUOUS
10
6.3063020078740157
20
-4.1619656299212595
11
6.3058573622047245
21
-4.1624103149606295
0
LINE
8
BLACK
6
CONTINUOUS
10
6.3058573622047245
20
-4.1624103149606295
11
6.3053022834645667
21
-4.1635204724409451
0
LINE
8
BLACK
6
CONTINUOUS
10
6.3053022834645667
20
-4.1635204724409451
11
6.3053022834645667
21
-4.1681339763779528
0
LINE
8
BLACK
6
CONTINUOUS
10
6.3053022834645667
20
-4.1681339763779528
11
6.3058573622047245
21
-4.1692441338582675
0
LINE
8
BLACK
6
CONTINUOUS
10
6.3058573622047245
20
-4.1692441338582675
11
6.3063020078740157
21
-4.1696887795275588
0
LINE
8
BLACK
6
CONTINUOUS
10
6.3063020078740157
20
-4.1696887795275588
11
6.307412244094488
21
-4.1702438976377953
0
LINE
8
BLACK
6
CONTINUOUS
10
6.307412244094488
20
-4.1702438976377953
11
6.3101494881889764
21
-4.1702438976377953
0
LINE
8
BLACK
6
CONTINUOUS
10
6.3101494881889764
20
-4.1702438976377953
11
6.3103832283464563
21
-4.170127007874016
0
LINE
8
BLACK
6
CONTINUOUS
10
6.3103832283464563
20
-4.170127007874016
11
6.3103832283464563
21
-4.1615274015748032
0
LINE
8
BLACK
6
CONTINUOUS
10
6.3103832283464563
20
-4.1615274015748032
11
6.3101495275590551
21
-4.1614105511811026
0
LINE
8
BLACK
6
CONTINUOUS
10
6.3101495275590551
20
-4.1614105511811026
11
6.307412244094488
21
-4.1614105511811026
0
LINE
8
BLACK
6
CONTINUOUS
10
6.307412244094488
20
-4.1614105511811026
11
6.3063020078740157
21
-4.1619656299212595
0
LINE
8
BLACK
6
CONTINUOUS
10
6.3322505511811018
20
-4.1781792913385827
11
6.3326035826771649
21
-4.1781542125984252
0
LINE
8
BLACK
6
CONTINUOUS
10
6.3326035826771649
20
-4.1781542125984252
11
6.335417913385827
21
-4.1790923622047247
0
LINE
8
BLACK
6
CONTINUOUS
10
6.335417913385827
20
-4.1790923622047247
11
6.3357959448818892
21
-4.1794201968503932
0
LINE
8
BLACK
6
CONTINUOUS
10
6.3357959448818892
20
-4.1794201968503932
11
6.3362582677165351
21
-4.1796117322834645
0
LINE
8
BLACK
6
CONTINUOUS
10
6.3362582677165351
20
-4.1796117322834645
11
6.3381344488188978
21
-4.1814879133858263
0
LINE
8
BLACK
6
CONTINUOUS
10
6.3381344488188978
20
-4.1814879133858263
11
6.3382698425196846
21
-4.1818148031496065
0
LINE
8
BLACK
6
CONTINUOUS
10
6.3382698425196846
20
-4.1818148031496065
11
6.3385372047244095
21
-4.1820466929133859
0
LINE
8
BLACK
6
CONTINUOUS
10
6.3385372047244095
20
-4.1820466929133859
11
6.3394752755905515
21
-4.1839228740157477
0
LINE
8
BLACK
6
CONTINUOUS
10
6.3394752755905515
20
-4.1839228740157477
11
6.3394925590551177
21
-4.1841666141732281
0
LINE
8
BLACK
6
CONTINUOUS
10
6.3394925590551177
20
-4.1841666141732281
11
6.3396380314960625
21
-4.1843629133858267
0
LINE
8
BLACK
6
CONTINUOUS
10
6.3396380314960625
20
-4.1843629133858267
11
6.3405761417322832
21
-4.1881153149606298
0
LINE
8
BLACK
6
CONTINUOUS
10
6.3405761417322832
20
-4.1881153149606298
11
6.3405360236220467
21
-4.188384881889764
0
LINE
8
BLACK
6
CONTINUOUS
10
6.3405360236220467
20
-4.188384881889764
11
6.3406403543307084
21
-4.1886367716535435
0
LINE
8
BLACK
6
CONTINUOUS
10
6.3406403543307084
20
-4.1886367716535435
11
6.3406403543307084
21
-4.191451062992126
0
LINE
8
BLACK
6
CONTINUOUS
10
6.3406403543307084
20
-4.191451062992126
11
6.3405360236220467
21
-4.1917029133858268
0
LINE
8
BLACK
6
CONTINUOUS
10
6.3405360236220467
20
-4.1917029133858268
11
6.3405761417322832
21
-4.1919725590551185
0
LINE
8
BLACK
6
CONTINUOUS
10
6.3405761417322832
20
-4.1919725590551185
11
6.3396380314960625
21
-4.1957248818897641
0
LINE
8
BLACK
6
CONTINUOUS
10
6.3396380314960625
20
-4.1957248818897641
11
6.3394925590551177
21
-4.195921141732283
0
LINE
8
BLACK
6
CONTINUOUS
10
6.3394925590551177
20
-4.195921141732283
11
6.3394752755905515
21
-4.1961649212598422
0
LINE
8
BLACK
6
CONTINUOUS
10
6.3394752755905515
20
-4.1961649212598422
11
6.3385372047244095
21
-4.1980411023622048
0
LINE
8
BLACK
6
CONTINUOUS
10
6.3385372047244095
20
-4.1980411023622048
11
6.3382698425196846
21
-4.1982729527559055
0
LINE
8
BLACK
6
CONTINUOUS
10
6.3382698425196846
20
-4.1982729527559055
11
6.3381344488188978
21
-4.1985998818897636
0
LINE
8
BLACK
6
CONTINUOUS
10
6.3381344488188978
20
-4.1985998818897636
11
6.3362583070866139
21
-4.200476102362205
0
LINE
8
BLACK
6
CONTINUOUS
10
6.3362583070866139
20
-4.200476102362205
11
6.3357958661417317
21
-4.2006676377952754
0
LINE
8
BLACK
6
CONTINUOUS
10
6.3357958661417317
20
-4.2006676377952754
11
6.3354178346456695
21
-4.2009955118110236
0
LINE
8
BLACK
6
CONTINUOUS
10
6.3354178346456695
20
-4.2009955118110236
11
6.3326035826771649
21
-4.2019335826771655
0
LINE
8
BLACK
6
CONTINUOUS
10
6.3326035826771649
20
-4.2019335826771655
11
6.3322505905511806
21
-4.2019084645669293
0
LINE
8
BLACK
6
CONTINUOUS
10
6.3322505905511806
20
-4.2019084645669293
11
6.3319237007874012
21
-4.202043897637795
0
LINE
8
BLACK
6
CONTINUOUS
10
6.3319237007874012
20
-4.202043897637795
11
6.3300474803149607
21
-4.202043897637795
0
LINE
8
BLACK
6
CONTINUOUS
10
6.3300474803149607
20
-4.202043897637795
11
6.3297205905511813
21
-4.2019084645669293
0
LINE
8
BLACK
6
CONTINUOUS
10
6.3297205905511813
20
-4.2019084645669293
11
6.3293675984251969
21
-4.2019335826771655
0
LINE
8
BLACK
6
CONTINUOUS
10
6.3293675984251969
20
-4.2019335826771655
11
6.3265533464566932
21
-4.2009955118110236
0
LINE
8
BLACK
6
CONTINUOUS
10
6.3265533464566932
20
-4.2009955118110236
11
6.3261752755905514
21
-4.2006675984251967
0
LINE
8
BLACK
6
CONTINUOUS
10
6.3261752755905514
20
-4.2006675984251967
11
6.3257129527559055
21
-4.200476102362205
0
LINE
8
BLACK
6
CONTINUOUS
10
6.3257129527559055
20
-4.200476102362205
11
6.3247748425196848
21
-4.1995379921259843
0
LINE
8
BLACK
6
CONTINUOUS
10
6.3247748425196848
20
-4.1995379921259843
11
6.3241451181102359
21
-4.1980177165354329
0
LINE
8
BLACK
6
CONTINUOUS
10
6.3241451181102359
20
-4.1980177165354329
11
6.3247748425196848
21
-4.1964974409448814
0
LINE
8
BLACK
6
CONTINUOUS
10
6.3247748425196848
20
-4.1964974409448814
11
6.3262951181102363
21
-4.1958677165354326
0
LINE
8
BLACK
6
CONTINUOUS
10
6.3262951181102363
20
-4.1958677165354326
11
6.3278153937007868
21
-4.1964974409448814
0
LINE
8
BLACK
6
CONTINUOUS
10
6.3278153937007868
20
-4.1964974409448814
11
6.3283945669291342
21
-4.1970766141732279
0
LINE
8
BLACK
6
CONTINUOUS
10
6.3283945669291342
20
-4.1970766141732279
11
6.3303964173228344
21
-4.1977438976377952
0
LINE
8
BLACK
6
CONTINUOUS
10
6.3303964173228344
20
-4.1977438976377952
11
6.3315747637795274
21
-4.1977438976377952
0
LINE
8
BLACK
6
CONTINUOUS
10
6.3315747637795274
20
-4.1977438976377952
11
6.3335765354330711
21
-4.1970766141732279
0
LINE
8
BLACK
6
CONTINUOUS
10
6.3335765354330711
20
-4.1970766141732279
11
6.3348471653543301
21
-4.1958059842519688
0
LINE
8
BLACK
6
CONTINUOUS
10
6.3348471653543301
20
-4.1958059842519688
11
6.3355237007874017
21
-4.1944529133858266
0
LINE
8
BLACK
6
CONTINUOUS
10
6.3355237007874017
20
-4.1944529133858266
11
6.3363403543307086
21
-4.1911862992125979
0
LINE
8
BLACK
6
CONTINUOUS
10
6.3363403543307086
20
-4.1911862992125979
11
6.3363403543307086
21
-4.188901496062992
0
LINE
8
BLACK
6
CONTINUOUS
10
6.3363403543307086
20
-4.188901496062992
11
6.3355237007874017
21
-4.1856348425196845
0
LINE
8
BLACK
6
CONTINUOUS
10
6.3355237007874017
20
-4.1856348425196845
11
6.3348471259842523
21
-4.1842816929133857
0
LINE
8
BLACK
6
CONTINUOUS
10
6.3348471259842523
20
-4.1842816929133857
11
6.3335766141732286
21
-4.183011181102362
0
LINE
8
BLACK
6
CONTINUOUS
10
6.3335766141732286
20
-4.183011181102362
11
6.3315747637795274
21
-4.1823438976377956
0
LINE
8
BLACK
6
CONTINUOUS
10
6.3315747637795274
20
-4.1823438976377956
11
6.3303963385826769
21
-4.1823438976377956
0
LINE
8
BLACK
6
CONTINUOUS
10
6.3303963385826769
20
-4.1823438976377956
11
6.328394606299212
21
-4.1830111417322833
0
LINE
8
BLACK
6
CONTINUOUS
10
6.328394606299212
20
-4.1830111417322833
11
6.3278153543307081
21
-4.1835903937007872
0
LINE
8
BLACK
6
CONTINUOUS
10
6.3278153543307081
20
-4.1835903937007872
11
6.3262950787401575
21
-4.1842200787401573
0
LINE
8
BLACK
6
CONTINUOUS
10
6.3262950787401575
20
-4.1842200787401573
11
6.3247748031496061
21
-4.1835903149606297
0
LINE
8
BLACK
6
CONTINUOUS
10
6.3247748031496061
20
-4.1835903149606297
11
6.3241451181102359
21
-4.1820700393700783
0
LINE
8
BLACK
6
CONTINUOUS
10
6.3241451181102359
20
-4.1820700393700783
11
6.3247748818897636
21
-4.1805497637795277
0
LINE
8
BLACK
6
CONTINUOUS
10
6.3247748818897636
20
-4.1805497637795277
11
6.3257129921259843
21
-4.1796116929133857
0
LINE
8
BLACK
6
CONTINUOUS
10
6.3257129921259843
20
-4.1796116929133857
11
6.3261752755905514
21
-4.1794201968503932
0
LINE
8
BLACK
6
CONTINUOUS
10
6.3261752755905514
20
-4.1794201968503932
11
6.3265533070866145
21
-4.1790923622047247
0
LINE
8
BLACK
6
CONTINUOUS
10
6.3265533070866145
20
-4.1790923622047247
11
6.3293675984251969
21
-4.178154251968504
0
LINE
8
BLACK
6
CONTINUOUS
10
6.3293675984251969
20
-4.178154251968504
11
6.3297205118110238
21
-4.1781792913385827
0
LINE
8
BLACK
6
CONTINUOUS
10
6.3297205118110238
20
-4.1781792913385827
11
6.3300474803149607
21
-4.1780438976377949
0
LINE
8
BLACK
6
CONTINUOUS
10
6.3300474803149607
20
-4.1780438976377949
11
6.3319237007874012
21
-4.1780438976377949
0
LINE
8
BLACK
6
CONTINUOUS
10
6.3319237007874012
20
-4.1780438976377949
11
6.3322505511811018
21
-4.1781792913385827
0
LINE
8
BLACK
6
CONTINUOUS
10
5.9971488582677166
20
-4.1859748818897637
11
5.9974184645669286
21
-4.185934803149606
0
LINE
8
BLACK
6
CONTINUOUS
10
5.9974184645669286
20
-4.185934803149606
11
6.0011708661417318
21
-4.1868728740157479
0
LINE
8
BLACK
6
CONTINUOUS
10
6.0011708661417318
20
-4.1868728740157479
11
6.0013672047244091
21
-4.1870183464566928
0
LINE
8
BLACK
6
CONTINUOUS
10
6.0013672047244091
20
-4.1870183464566928
11
6.0016109055118108
21
-4.1870356692913386
0
LINE
8
BLACK
6
CONTINUOUS
10
6.0016109055118108
20
-4.1870356692913386
11
6.0034870866141734
21
-4.1879737401574806
0
LINE
8
BLACK
6
CONTINUOUS
10
6.0034870866141734
20
-4.1879737401574806
11
6.0037189370078741
21
-4.1882410629921258
0
LINE
8
BLACK
6
CONTINUOUS
10
6.0037189370078741
20
-4.1882410629921258
11
6.0040458661417322
21
-4.1883764960629923
0
LINE
8
BLACK
6
CONTINUOUS
10
6.0040458661417322
20
-4.1883764960629923
11
6.0049839763779529
21
-4.1893146062992122
0
LINE
8
BLACK
6
CONTINUOUS
10
6.0049839763779529
20
-4.1893146062992122
11
6.0051193700787397
21
-4.1896414960629924
0
LINE
8
BLACK
6
CONTINUOUS
10
6.0051193700787397
20
-4.1896414960629924
11
6.0053867322834646
21
-4.1898733858267718
0
LINE
8
BLACK
6
CONTINUOUS
10
6.0053867322834646
20
-4.1898733858267718
11
6.0063248031496066
21
-4.1917495669291336
0
LINE
8
BLACK
6
CONTINUOUS
10
6.0063248031496066
20
-4.1917495669291336
11
6.0063602362204724
21
-4.1922487007874016
0
LINE
8
BLACK
6
CONTINUOUS
10
6.0063602362204724
20
-4.1922487007874016
11
6.0065517716535428
21
-4.1927110629921263
0
LINE
8
BLACK
6
CONTINUOUS
10
6.0065517716535428
20
-4.1927110629921263
11
6.0065517716535428
21
-4.194587244094488
0
LINE
8
BLACK
6
CONTINUOUS
10
6.0065517716535428
20
-4.194587244094488
11
6.0063602362204724
21
-4.1950495669291339
0
LINE
8
BLACK
6
CONTINUOUS
10
6.0063602362204724
20
-4.1950495669291339
11
6.0063248031496066
21
-4.1955487007874011
0
LINE
8
BLACK
6
CONTINUOUS
10
6.0063248031496066
20
-4.1955487007874011
11
6.0053867322834646
21
-4.1974249606299212
0
LINE
8
BLACK
6
CONTINUOUS
10
6.0053867322834646
20
-4.1974249606299212
11
6.005119330708661
21
-4.1976568110236219
0
LINE
8
BLACK
6
CONTINUOUS
10
6.005119330708661
20
-4.1976568110236219
11
6.0049839370078741
21
-4.1979837795275587
0
LINE
8
BLACK
6
CONTINUOUS
10
6.0049839370078741
20
-4.1979837795275587
11
6.0040458267716534
21
-4.1989218503937007
0
LINE
8
BLACK
6
CONTINUOUS
10
6.0040458267716534
20
-4.1989218503937007
11
6.0037189370078741
21
-4.1990572047244097
0
LINE
8
BLACK
6
CONTINUOUS
10
6.0037189370078741
20
-4.1990572047244097
11
6.0034871259842522
21
-4.1993245669291337
0
LINE
8
BLACK
6
CONTINUOUS
10
6.0034871259842522
20
-4.1993245669291337
11
6.0016109448818895
21
-4.2002626377952756
0
LINE
8
BLACK
6
CONTINUOUS
10
6.0016109448818895
20
-4.2002626377952756
11
6.0013672047244091
21
-4.2002799606299215
0
LINE
8
BLACK
6
CONTINUOUS
10
6.0013672047244091
20
-4.2002799606299215
11
6.001170826771653
21
-4.2004254724409451
0
LINE
8
BLACK
6
CONTINUOUS
10
6.001170826771653
20
-4.2004254724409451
11
5.9974184251968499
21
-4.2013635433070862
0
LINE
8
BLACK
6
CONTINUOUS
10
5.9974184251968499
20
-4.2013635433070862
11
5.9971487795275591
21
-4.2013233858267718
0
LINE
8
BLACK
6
CONTINUOUS
10
5.9971487795275591
20
-4.2013233858267718
11
5.9968970078740158
21
-4.2014277165354326
0
LINE
8
BLACK
6
CONTINUOUS
10
5.9968970078740158
20
-4.2014277165354326
11
5.9922065354330707
21
-4.2014277165354326
0
LINE
8
BLACK
6
CONTINUOUS
10
5.9922065354330707
20
-4.2014277165354326
11
5.9919546850393699
21
-4.2013233858267718
0
LINE
8
BLACK
6
CONTINUOUS
10
5.9919546850393699
20
-4.2013233858267718
11
5.991685078740157
21
-4.2013635433070862
0
LINE
8
BLACK
6
CONTINUOUS
10
5.991685078740157
20
-4.2013635433070862
11
5.9879327165354326
21
-4.2004254724409451
0
LINE
8
BLACK
6
CONTINUOUS
10
5.9879327165354326
20
-4.2004254724409451
11
5.9877363385826774
21
-4.2002799606299215
0
LINE
8
BLACK
6
CONTINUOUS
10
5.9877363385826774
20
-4.2002799606299215
11
5.9874926771653545
21
-4.2002626771653544
0
LINE
8
BLACK
6
CONTINUOUS
10
5.9874926771653545
20
-4.2002626771653544
11
5.9856164566929131
21
-4.1993245669291337
0
LINE
8
BLACK
6
CONTINUOUS
10
5.9856164566929131
20
-4.1993245669291337
11
5.9853845669291337
21
-4.1990572047244097
0
LINE
8
BLACK
6
CONTINUOUS
10
5.9853845669291337
20
-4.1990572047244097
11
5.9850576771653543
21
-4.1989218110236219
0
LINE
8
BLACK
6
CONTINUOUS
10
5.9850576771653543
20
-4.1989218110236219
11
5.9841196062992124
21
-4.19798374015748
0
LINE
8
BLACK
6
CONTINUOUS
10
5.9841196062992124
20
-4.19798374015748
11
5.9839841732283467
21
-4.1976568110236219
0
LINE
8
BLACK
6
CONTINUOUS
10
5.9839841732283467
20
-4.1976568110236219
11
5.9837168503937006
21
-4.1974249606299212
0
LINE
8
BLACK
6
CONTINUOUS
10
5.9837168503937006
20
-4.1974249606299212
11
5.9827787401574799
21
-4.1955487401574798
0
LINE
8
BLACK
6
CONTINUOUS
10
5.9827787401574799
20
-4.1955487401574798
11
5.9827432677165353
21
-4.1950495669291339
0
LINE
8
BLACK
6
CONTINUOUS
10
5.9827432677165353
20
-4.1950495669291339
11
5.9825517716535428
21
-4.194587244094488
0
LINE
8
BLACK
6
CONTINUOUS
10
5.9825517716535428
20
-4.194587244094488
11
5.9825517716535428
21
-4.1927110629921263
0
LINE
8
BLACK
6
CONTINUOUS
10
5.9825517716535428
20
-4.1927110629921263
11
5.9827432677165353
21
-4.1922486614173229
0
LINE
8
BLACK
6
CONTINUOUS
10
5.9827432677165353
20
-4.1922486614173229
11
5.9827787795275587
21
-4.1917495275590548
0
LINE
8
BLACK
6
CONTINUOUS
10
5.9827787795275587
20
-4.1917495275590548
11
5.9837168503937006
21
-4.1898733464566931
0
LINE
8
BLACK
6
CONTINUOUS
10
5.9837168503937006
20
-4.1898733464566931
11
5.9839841732283467
21
-4.1896414960629924
0
LINE
8
BLACK
6
CONTINUOUS
10
5.9839841732283467
20
-4.1896414960629924
11
5.9841195669291336
21
-4.1893146456692909
0
LINE
8
BLACK
6
CONTINUOUS
10
5.9841195669291336
20
-4.1893146456692909
11
5.9850576377952756
21
-4.1883765354330711
0
LINE
8
BLACK
6
CONTINUOUS
10
5.9850576377952756
20
-4.1883765354330711
11
5.9853845669291337
21
-4.1882411023622046
0
LINE
8
BLACK
6
CONTINUOUS
10
5.9853845669291337
20
-4.1882411023622046
11
5.9856164566929131
21
-4.1879737401574806
0
LINE
8
BLACK
6
CONTINUOUS
10
5.9856164566929131
20
-4.1879737401574806
11
5.9874927165354332
21
-4.1870356692913386
0
LINE
8
BLACK
6
CONTINUOUS
10
5.9874927165354332
20
-4.1870356692913386
11
5.9877364173228349
21
-4.1870183464566928
0
LINE
8
BLACK
6
CONTINUOUS
10
5.9877364173228349
20
-4.1870183464566928
11
5.9879327165354326
21
-4.1868729133858267
0
LINE
8
BLACK
6
CONTINUOUS
10
5.9879327165354326
20
-4.1868729133858267
11
5.9916850393700782
21
-4.185934803149606
0
LINE
8
BLACK
6
CONTINUOUS
10
5.9916850393700782
20
-4.185934803149606
11
5.9919546456692911
21
-4.1859748818897637
0
LINE
8
BLACK
6
CONTINUOUS
10
5.9919546456692911
20
-4.1859748818897637
11
5.9922065354330707
21
-4.1858705905511808
0
LINE
8
BLACK
6
CONTINUOUS
10
5.9922065354330707
20
-4.1858705905511808
11
5.9968970078740158
21
-4.1858705905511808
0
LINE
8
BLACK
6
CONTINUOUS
10
5.9968970078740158
20
-4.1858705905511808
11
5.9971488582677166
21
-4.1859748818897637
0
LINE
8
BLACK
6
CONTINUOUS
10
5.9892046456692913
20
-4.1909872047244097
11
5.9878514960629916
21
-4.1916637795275591
0
LINE
8
BLACK
6
CONTINUOUS
10
5.9878514960629916
20
-4.1916637795275591
11
5.9874068503937004
21
-4.1921084251968503
0
LINE
8
BLACK
6
CONTINUOUS
10
5.9874068503937004
20
-4.1921084251968503
11
5.9868517716535434
21
-4.1932185826771651
0
LINE
8
BLACK
6
CONTINUOUS
10
5.9868517716535434
20
-4.1932185826771651
11
5.9868517716535434
21
-4.1940796850393696
0
LINE
8
BLACK
6
CONTINUOUS
10
5.9868517716535434
20
-4.1940796850393696
11
5.9874068897637791
21
-4.1951899212598427
0
LINE
8
BLACK
6
CONTINUOUS
10
5.9874068897637791
20
-4.1951899212598427
11
5.9878514960629916
21
-4.1956345275590552
0
LINE
8
BLACK
6
CONTINUOUS
10
5.9878514960629916
20
-4.1956345275590552
11
5.9892044881889763
21
-4.1963110236220471
0
LINE
8
BLACK
6
CONTINUOUS
10
5.9892044881889763
20
-4.1963110236220471
11
5.9924712598425192
21
-4.1971277165354328
0
LINE
8
BLACK
6
CONTINUOUS
10
5.9924712598425192
20
-4.1971277165354328
11
5.9966322834645664
21
-4.1971277165354328
0
LINE
8
BLACK
6
CONTINUOUS
10
5.9966322834645664
20
-4.1971277165354328
11
5.9998990944881889
21
-4.1963109842519684
0
LINE
8
BLACK
6
CONTINUOUS
10
5.9998990944881889
20
-4.1963109842519684
11
6.0012520078740152
21
-4.1956345275590552
0
LINE
8
BLACK
6
CONTINUOUS
10
6.0012520078740152
20
-4.1956345275590552
11
6.0016966535433074
21
-4.1951898818897639
0
LINE
8
BLACK
6
CONTINUOUS
10
6.0016966535433074
20
-4.1951898818897639
11
6.0022517716535431
21
-4.1940796850393696
0
LINE
8
BLACK
6
CONTINUOUS
10
6.0022517716535431
20
-4.1940796850393696
11
6.0022517716535431
21
-4.1932185826771651
0
LINE
8
BLACK
6
CONTINUOUS
10
6.0022517716535431
20
-4.1932185826771651
11
6.0016966535433074
21
-4.1921083858267716
0
LINE
8
BLACK
6
CONTINUOUS
10
6.0016966535433074
20
-4.1921083858267716
11
6.001252047244094
21
-4.1916637795275591
0
LINE
8
BLACK
6
CONTINUOUS
10
6.001252047244094
20
-4.1916637795275591
11
5.9998988976377952
21
-4.1909872047244097
0
LINE
8
BLACK
6
CONTINUOUS
10
5.9998988976377952
20
-4.1909872047244097
11
5.9966324015748027
21
-4.1901705905511806
0
LINE
8
BLACK
6
CONTINUOUS
10
5.9966324015748027
20
-4.1901705905511806
11
5.9924712992125979
21
-4.1901705905511806
0
LINE
8
BLACK
6
CONTINUOUS
10
5.9924712992125979
20
-4.1901705905511806
11
5.9892046456692913
21
-4.1909872047244097
0
LINE
8
BLACK
6
CONTINUOUS
10
5.6899220472440941
20
-4.1469050787401578
11
5.690551771653543
21
-4.1484253543307084
0
LINE
8
BLACK
6
CONTINUOUS
10
5.690551771653543
20
-4.1484253543307084
11
5.6899220472440941
21
-4.1499456299212598
0
LINE
8
BLACK
6
CONTINUOUS
10
5.6899220472440941
20
-4.1499456299212598
11
5.6884017716535435
21
-4.1505753543307087
0
LINE
8
BLACK
6
CONTINUOUS
10
5.6884017716535435
20
-4.1505753543307087
11
5.6802327165354329
21
-4.1505753543307087
0
LINE
8
BLACK
6
CONTINUOUS
10
5.6802327165354329
20
-4.1505753543307087
11
5.6802327165354329
21
-4.1549920078740152
0
LINE
8
BLACK
6
CONTINUOUS
10
5.6802327165354329
20
-4.1549920078740152
11
5.6796029921259841
21
-4.1565122834645667
0
LINE
8
BLACK
6
CONTINUOUS
10
5.6796029921259841
20
-4.1565122834645667
11
5.6780827165354326
21
-4.1571420078740156
0
LINE
8
BLACK
6
CONTINUOUS
10
5.6780827165354326
20
-4.1571420078740156
11
5.676562440944882
21
-4.1565122834645667
0
LINE
8
BLACK
6
CONTINUOUS
10
5.676562440944882
20
-4.1565122834645667
11
5.6759327165354332
21
-4.1549920078740152
0
LINE
8
BLACK
6
CONTINUOUS
10
5.6759327165354332
20
-4.1549920078740152
11
5.6759327165354332
21
-4.1505753543307087
0
LINE
8
BLACK
6
CONTINUOUS
10
5.6759327165354332
20
-4.1505753543307087
11
5.6708517716535436
21
-4.1505753543307087
0
LINE
8
BLACK
6
CONTINUOUS
10
5.6708517716535436
20
-4.1505753543307087
11
5.6708517716535436
21
-4.1578062992125986
0
LINE
8
BLACK
6
CONTINUOUS
10
5.6708517716535436
20
-4.1578062992125986
11
5.6702220472440947
21
-4.1593265748031492
0
LINE
8
BLACK
6
CONTINUOUS
10
5.6702220472440947
20
-4.1593265748031492
11
5.6687017716535433
21
-4.159956299212598
0
LINE
8
BLACK
6
CONTINUOUS
10
5.6687017716535433
20
-4.159956299212598
11
5.6674645669291337
21
-4.1594438188976373
0
LINE
8
BLACK
6
CONTINUOUS
10
5.6674645669291337
20
-4.1594438188976373
11
5.6674645669291337
21
-4.1865511811023621
0
LINE
8
BLACK
6
CONTINUOUS
10
5.6674645669291337
20
-4.1865511811023621
11
5.7215590551181101
21
-4.1865511811023621
0
LINE
8
BLACK
6
CONTINUOUS
10
5.7215590551181101
20
-4.1865511811023621
11
5.7215590551181101
21
-4.1495039370078741
0
LINE
8
BLACK
6
CONTINUOUS
10
5.7215590551181101
20
-4.1495039370078741
11
5.7217371259842515
21
-4.1484940157480317
0
LINE
8
BLACK
6
CONTINUOUS
10
5.7217371259842515
20
-4.1484940157480317
11
5.7230354330708657
21
-4.1469467716535435
0
LINE
8
BLACK
6
CONTINUOUS
10
5.7230354330708657
20
-4.1469467716535435
11
5.7250245669291333
21
-4.1465960236220472
0
LINE
8
BLACK
6
CONTINUOUS
10
5.7250245669291333
20
-4.1465960236220472
11
5.7267737401574799
21
-4.1476059448818896
0
LINE
8
BLACK
6
CONTINUOUS
10
5.7267737401574799
20
-4.1476059448818896
11
5.7274645669291333
21
-4.1495039370078741
0
LINE
8
BLACK
6
CONTINUOUS
10
5.7274645669291333
20
-4.1495039370078741
11
5.7274645669291333
21
-4.1895039370078742
0
LINE
8
BLACK
6
CONTINUOUS
10
5.7274645669291333
20
-4.1895039370078742
11
5.7273969291338584
21
-4.1898874409448821
0
LINE
8
BLACK
6
CONTINUOUS
10
5.7273969291338584
20
-4.1898874409448821
11
5.7274197244094491
21
-4.1900166929133853
0
LINE
8
BLACK
6
CONTINUOUS
10
5.7274197244094491
20
-4.1900166929133853
11
5.7273540944881889
21
-4.1901302755905512
0
LINE
8
BLACK
6
CONTINUOUS
10
5.7273540944881889
20
-4.1901302755905512
11
5.7272864960629919
21
-4.1905138582677166
0
LINE
8
BLACK
6
CONTINUOUS
10
5.7272864960629919
20
-4.1905138582677166
11
5.7267933464566925
21
-4.191101535433071
0
LINE
8
BLACK
6
CONTINUOUS
10
5.7267933464566925
20
-4.191101535433071
11
5.7264098031496058
21
-4.1917658661417319
0
LINE
8
BLACK
6
CONTINUOUS
10
5.7264098031496058
20
-4.1917658661417319
11
5.7261594488188976
21
-4.1918569685039371
0
LINE
8
BLACK
6
CONTINUOUS
10
5.7261594488188976
20
-4.1918569685039371
11
5.7259881889763777
21
-4.1920611023622047
0
LINE
8
BLACK
6
CONTINUOUS
10
5.7259881889763777
20
-4.1920611023622047
11
5.7252325984251966
21
-4.1921943307086611
0
LINE
8
BLACK
6
CONTINUOUS
10
5.7252325984251966
20
-4.1921943307086611
11
5.7245118110236222
21
-4.1924566929133853
0
LINE
8
BLACK
6
CONTINUOUS
10
5.7245118110236222
20
-4.1924566929133853
11
5.6645118110236217
21
-4.1924566929133853
0
LINE
8
BLACK
6
CONTINUOUS
10
5.6645118110236217
20
-4.1924566929133853
11
5.664128267716535
21
-4.1923890551181104
0
LINE
8
BLACK
6
CONTINUOUS
10
5.664128267716535
20
-4.1923890551181104
11
5.6639990551181105
21
-4.1924118503937011
0
LINE
8
BLACK
6
CONTINUOUS
10
5.6639990551181105
20
-4.1924118503937011
11
5.6638854330708659
21
-4.1923462204724409
0
LINE
8
BLACK
6
CONTINUOUS
10
5.6638854330708659
20
-4.1923462204724409
11
5.6635018897637792
21
-4.1922786220472439
0
LINE
8
BLACK
6
CONTINUOUS
10
5.6635018897637792
20
-4.1922786220472439
11
5.6629141732283461
21
-4.1917854724409445
0
LINE
8
BLACK
6
CONTINUOUS
10
5.6629141732283461
20
-4.1917854724409445
11
5.662249881889764
21
-4.1914019291338578
0
LINE
8
BLACK
6
CONTINUOUS
10
5.662249881889764
20
-4.1914019291338578
11
5.66215874015748
21
-4.1911515748031496
0
LINE
8
BLACK
6
CONTINUOUS
10
5.66215874015748
20
-4.1911515748031496
11
5.6619546456692911
21
-4.1909803149606297
0
LINE
8
BLACK
6
CONTINUOUS
10
5.6619546456692911
20
-4.1909803149606297
11
5.661821377952756
21
-4.1902247244094486
0
LINE
8
BLACK
6
CONTINUOUS
10
5.661821377952756
20
-4.1902247244094486
11
5.6615590551181105
21
-4.1895039370078742
0
LINE
8
BLACK
6
CONTINUOUS
10
5.6615590551181105
20
-4.1895039370078742
11
5.6615590551181105
21
-4.1495039370078741
0
LINE
8
BLACK
6
CONTINUOUS
10
5.6615590551181105
20
-4.1495039370078741
11
5.6617371259842519
21
-4.1484940157480317
0
LINE
8
BLACK
6
CONTINUOUS
10
5.6617371259842519
20
-4.1484940157480317
11
5.6630354330708661
21
-4.1469467716535435
0
LINE
8
BLACK
6
CONTINUOUS
10
5.6630354330708661
20
-4.1469467716535435
11
5.6650245669291337
21
-4.1465960236220472
0
LINE
8
BLACK
6
CONTINUOUS
10
5.6650245669291337
20
-4.1465960236220472
11
5.6667737401574803
21
-4.1476059448818896
0
LINE
8
BLACK
6
CONTINUOUS
10
5.6667737401574803
20
-4.1476059448818896
11
5.6668286614173224
21
-4.1477568503937006
0
LINE
8
BLACK
6
CONTINUOUS
10
5.6668286614173224
20
-4.1477568503937006
11
5.6671814960629918
21
-4.1469050787401578
0
LINE
8
BLACK
6
CONTINUOUS
10
5.6671814960629918
20
-4.1469050787401578
11
5.6687017716535433
21
-4.1462753543307089
0
LINE
8
BLACK
6
CONTINUOUS
10
5.6687017716535433
20
-4.1462753543307089
11
5.6884017716535435
21
-4.1462753543307089
0
LINE
8
BLACK
6
CONTINUOUS
10
5.6884017716535435
20
-4.1462753543307089
11
5.6899220472440941
21
-4.1469050787401578
0
LINE
8
BLACK
6
CONTINUOUS
10
6.0108953149606297
20
-4.1431187795275592
11
6.0110245669291338
21
-4.1430960236220473
0
LINE
8
BLACK
6
CONTINUOUS
10
6.0110245669291338
20
-4.1430960236220473
11
6.0111381496062988
21
-4.1431616141732279
0
LINE
8
BLACK
6
CONTINUOUS
10
6.0111381496062988
20
-4.1431616141732279
11
6.0115217322834642
21
-4.1432292519685037
0
LINE
8
BLACK
6
CONTINUOUS
10
6.0115217322834642
20
-4.1432292519685037
11
6.0121094094488186
21
-4.1437223622047243
0
LINE
8
BLACK
6
CONTINUOUS
10
6.0121094094488186
20
-4.1437223622047243
11
6.0127737401574803
21
-4.1441059448818898
0
LINE
8
BLACK
6
CONTINUOUS
10
6.0127737401574803
20
-4.1441059448818898
11
6.0128648425196847
21
-4.1443562598425192
0
LINE
8
BLACK
6
CONTINUOUS
10
6.0128648425196847
20
-4.1443562598425192
11
6.0130689763779523
21
-4.1445275590551178
0
LINE
8
BLACK
6
CONTINUOUS
10
6.0130689763779523
20
-4.1445275590551178
11
6.0132022047244096
21
-4.1452831102362202
0
LINE
8
BLACK
6
CONTINUOUS
10
6.0132022047244096
20
-4.1452831102362202
11
6.0134645669291338
21
-4.1460039370078743
0
LINE
8
BLACK
6
CONTINUOUS
10
6.0134645669291338
20
-4.1460039370078743
11
6.0134645669291338
21
-4.1860039370078743
0
LINE
8
BLACK
6
CONTINUOUS
10
6.0134645669291338
20
-4.1860039370078743
11
6.0132864960629924
21
-4.1870138582677168
0
LINE
8
BLACK
6
CONTINUOUS
10
6.0132864960629924
20
-4.1870138582677168
11
6.0119881889763782
21
-4.1885611023622049
0
LINE
8
BLACK
6
CONTINUOUS
10
6.0119881889763782
20
-4.1885611023622049
11
6.0099990551181097
21
-4.1889118503937004
0
LINE
8
BLACK
6
CONTINUOUS
10
6.0099990551181097
20
-4.1889118503937004
11
6.0082498818897641
21
-4.1879019291338579
0
LINE
8
BLACK
6
CONTINUOUS
10
6.0082498818897641
20
-4.1879019291338579
11
6.0075590551181097
21
-4.1860039370078743
0
LINE
8
BLACK
6
CONTINUOUS
10
6.0075590551181097
20
-4.1860039370078743
11
6.0075590551181097
21
-4.1489566929133854
0
LINE
8
BLACK
6
CONTINUOUS
10
6.0075590551181097
20
-4.1489566929133854
11
5.9534645669291333
21
-4.1489566929133854
0
LINE
8
BLACK
6
CONTINUOUS
10
5.9534645669291333
20
-4.1489566929133854
11
5.9534645669291333
21
-4.1860039370078743
0
LINE
8
BLACK
6
CONTINUOUS
10
5.9534645669291333
20
-4.1860039370078743
11
5.9532864960629919
21
-4.1870138582677168
0
LINE
8
BLACK
6
CONTINUOUS
10
5.9532864960629919
20
-4.1870138582677168
11
5.9519881889763777
21
-4.1885611023622049
0
LINE
8
BLACK
6
CONTINUOUS
10
5.9519881889763777
20
-4.1885611023622049
11
5.9499990551181101
21
-4.1889118503937004
0
LINE
8
BLACK
6
CONTINUOUS
10
5.9499990551181101
20
-4.1889118503937004
11
5.9482498818897636
21
-4.1879019291338579
0
LINE
8
BLACK
6
CONTINUOUS
10
5.9482498818897636
20
-4.1879019291338579
11
5.9475590551181101
21
-4.1860039370078743
0
LINE
8
BLACK
6
CONTINUOUS
10
5.9475590551181101
20
-4.1860039370078743
11
5.9475590551181101
21
-4.1460039370078743
0
LINE
8
BLACK
6
CONTINUOUS
10
5.9475590551181101
20
-4.1460039370078743
11
5.9476266535433071
21
-4.1456203937007876
0
LINE
8
BLACK
6
CONTINUOUS
10
5.9476266535433071
20
-4.1456203937007876
11
5.9476038976377952
21
-4.1454911811023623
0
LINE
8
BLACK
6
CONTINUOUS
10
5.9476038976377952
20
-4.1454911811023623
11
5.9476694881889767
21
-4.1453775590551176
0
LINE
8
BLACK
6
CONTINUOUS
10
5.9476694881889767
20
-4.1453775590551176
11
5.9477371259842515
21
-4.1449940157480318
0
LINE
8
BLACK
6
CONTINUOUS
10
5.9477371259842515
20
-4.1449940157480318
11
5.9482302362204722
21
-4.1444062992125987
0
LINE
8
BLACK
6
CONTINUOUS
10
5.9482302362204722
20
-4.1444062992125987
11
5.9486138188976376
21
-4.1437420078740157
0
LINE
8
BLACK
6
CONTINUOUS
10
5.9486138188976376
20
-4.1437420078740157
11
5.948864133858268
21
-4.1436508661417326
0
LINE
8
BLACK
6
CONTINUOUS
10
5.948864133858268
20
-4.1436508661417326
11
5.9490354330708657
21
-4.1434467716535428
0
LINE
8
BLACK
6
CONTINUOUS
10
5.9490354330708657
20
-4.1434467716535428
11
5.9497909842519681
21
-4.1433135039370077
0
LINE
8
BLACK
6
CONTINUOUS
10
5.9497909842519681
20
-4.1433135039370077
11
5.9505118110236221
21
-4.1430511811023623
0
LINE
8
BLACK
6
CONTINUOUS
10
5.9505118110236221
20
-4.1430511811023623
11
6.0105118110236218
21
-4.1430511811023623
0
LINE
8
BLACK
6
CONTINUOUS
10
6.0105118110236218
20
-4.1430511811023623
11
6.0108953149606297
21
-4.1431187795275592
0
LINE
8
BLACK
6
CONTINUOUS
10
6.1058631102362204
20
-4.1562490157480312
11
6.1060221653543305
21
-4.1562175590551176
0
LINE
8
BLACK
6
CONTINUOUS
10
6.1060221653543305
20
-4.1562175590551176
11
6.1064031889763779
21
-4.1564727165354327
0
LINE
8
BLACK
6
CONTINUOUS
10
6.1064031889763779
20
-4.1564727165354327
11
6.1068268503937002
21
-4.156648228346457
0
LINE
8
BLACK
6
CONTINUOUS
10
6.1068268503937002
20
-4.156648228346457
11
6.1068888582677161
21
-4.1567979921259841
0
LINE
8
BLACK
6
CONTINUOUS
10
6.1068888582677161
20
-4.1567979921259841
11
6.1070236220472438
21
-4.1568882283464568
0
LINE
8
BLACK
6
CONTINUOUS
10
6.1070236220472438
20
-4.1568882283464568
11
6.1088118897637793
21
-4.1595706692913383
0
LINE
8
BLACK
6
CONTINUOUS
10
6.1088118897637793
20
-4.1595706692913383
11
6.1103957086614171
21
-4.1611544488188974
0
LINE
8
BLACK
6
CONTINUOUS
10
6.1103957086614171
20
-4.1611544488188974
11
6.1120418503937008
21
-4.1619775196850393
0
LINE
8
BLACK
6
CONTINUOUS
10
6.1120418503937008
20
-4.1619775196850393
11
6.1128315354330711
21
-4.1628880314960632
0
LINE
8
BLACK
6
CONTINUOUS
10
6.1128315354330711
20
-4.1628880314960632
11
6.1127461417322833
21
-4.1640903149606299
0
LINE
8
BLACK
6
CONTINUOUS
10
6.1127461417322833
20
-4.1640903149606299
11
6.1118355905511805
21
-4.1648800393700789
0
LINE
8
BLACK
6
CONTINUOUS
10
6.1118355905511805
20
-4.1648800393700789
11
6.1106333070866139
21
-4.1647946062992123
0
LINE
8
BLACK
6
CONTINUOUS
10
6.1106333070866139
20
-4.1647946062992123
11
6.1087585826771651
21
-4.1638572440944879
0
LINE
8
BLACK
6
CONTINUOUS
10
6.1087585826771651
20
-4.1638572440944879
11
6.1085887401574803
21
-4.1636614173228343
0
LINE
8
BLACK
6
CONTINUOUS
10
6.1085887401574803
20
-4.1636614173228343
11
6.1083492519685034
21
-4.1635622440944884
0
LINE
8
BLACK
6
CONTINUOUS
10
6.1083492519685034
20
-4.1635622440944884
11
6.1072881102362206
21
-4.162501062992126
0
LINE
8
BLACK
6
CONTINUOUS
10
6.1072881102362206
20
-4.162501062992126
11
6.1072881102362206
21
-4.1758720078740152
0
LINE
8
BLACK
6
CONTINUOUS
10
6.1072881102362206
20
-4.1758720078740152
11
6.1113375984251963
21
-4.1758720078740152
0
LINE
8
BLACK
6
CONTINUOUS
10
6.1113375984251963
20
-4.1758720078740152
11
6.1124511417322838
21
-4.1763332677165357
0
LINE
8
BLACK
6
CONTINUOUS
10
6.1124511417322838
20
-4.1763332677165357
11
6.1129124015748033
21
-4.1774468110236223
0
LINE
8
BLACK
6
CONTINUOUS
10
6.1129124015748033
20
-4.1774468110236223
11
6.1124511417322838
21
-4.1785603543307088
0
LINE
8
BLACK
6
CONTINUOUS
10
6.1124511417322838
20
-4.1785603543307088
11
6.1113375984251963
21
-4.1790216141732284
0
LINE
8
BLACK
6
CONTINUOUS
10
6.1113375984251963
20
-4.1790216141732284
11
6.1057133070866136
21
-4.1790216141732284
0
LINE
8
BLACK
6
CONTINUOUS
10
6.1057133070866136
20
-4.1790216141732284
11
6.100089015748031
21
-4.1790216141732284
0
LINE
8
BLACK
6
CONTINUOUS
10
6.100089015748031
20
-4.1790216141732284
11
6.0989754724409444
21
-4.1785603543307088
0
LINE
8
BLACK
6
CONTINUOUS
10
6.0989754724409444
20
-4.1785603543307088
11
6.0985142125984249
21
-4.1774468110236223
0
LINE
8
BLACK
6
CONTINUOUS
10
6.0985142125984249
20
-4.1774468110236223
11
6.0989754724409444
21
-4.1763332677165357
0
LINE
8
BLACK
6
CONTINUOUS
10
6.0989754724409444
20
-4.1763332677165357
11
6.100089015748031
21
-4.1758720078740152
0
LINE
8
BLACK
6
CONTINUOUS
10
6.100089015748031
20
-4.1758720078740152
11
6.1041385039370075
21
-4.1758720078740152
0
LINE
8
BLACK
6
CONTINUOUS
10
6.1041385039370075
20
-4.1758720078740152
11
6.1041385039370075
21
-4.1577617716535435
0
LINE
8
BLACK
6
CONTINUOUS
10
6.1041385039370075
20
-4.1577617716535435
11
6.1042005511811022
21
-4.157611929133858
0
LINE
8
BLACK
6
CONTINUOUS
10
6.1042005511811022
20
-4.157611929133858
11
6.1041690944881886
21
-4.1574529133858267
0
LINE
8
BLACK
6
CONTINUOUS
10
6.1041690944881886
20
-4.1574529133858267
11
6.1044242519685037
21
-4.1570718503937005
0
LINE
8
BLACK
6
CONTINUOUS
10
6.1044242519685037
20
-4.1570718503937005
11
6.1045997637795271
21
-4.156648228346457
0
LINE
8
BLACK
6
CONTINUOUS
10
6.1045997637795271
20
-4.156648228346457
11
6.1047495275590551
21
-4.1565861811023623
0
LINE
8
BLACK
6
CONTINUOUS
10
6.1047495275590551
20
-4.1565861811023623
11
6.1048397637795278
21
-4.1564514566929134
0
LINE
8
BLACK
6
CONTINUOUS
10
6.1048397637795278
20
-4.1564514566929134
11
6.1052896062992126
21
-4.1563624409448821
0
LINE
8
BLACK
6
CONTINUOUS
10
6.1052896062992126
20
-4.1563624409448821
11
6.1057133070866136
21
-4.1561869685039365
0
LINE
8
BLACK
6
CONTINUOUS
10
6.1057133070866136
20
-4.1561869685039365
11
6.1058631102362204
21
-4.1562490157480312
0
LINE
8
BLACK
6
CONTINUOUS
10
6.127449291338583
20
-4.156648228346457
11
6.1279105511811025
21
-4.1577617716535435
0
LINE
8
BLACK
6
CONTINUOUS
10
6.1279105511811025
20
-4.1577617716535435
11
6.1279105511811025
21
-4.1774468110236223
0
LINE
8
BLACK
6
CONTINUOUS
10
6.1279105511811025
20
-4.1774468110236223
11
6.127449291338583
21
-4.1785603543307088
0
LINE
8
BLACK
6
CONTINUOUS
10
6.127449291338583
20
-4.1785603543307088
11
6.1263357480314955
21
-4.1790216141732284
0
LINE
8
BLACK
6
CONTINUOUS
10
6.1263357480314955
20
-4.1790216141732284
11
6.1169619291338577
21
-4.1790216141732284
0
LINE
8
BLACK
6
CONTINUOUS
10
6.1169619291338577
20
-4.1790216141732284
11
6.1158483858267711
21
-4.1785603543307088
0
LINE
8
BLACK
6
CONTINUOUS
10
6.1158483858267711
20
-4.1785603543307088
11
6.1153871259842516
21
-4.1774468110236223
0
LINE
8
BLACK
6
CONTINUOUS
10
6.1153871259842516
20
-4.1774468110236223
11
6.1158483858267711
21
-4.1763332677165357
0
LINE
8
BLACK
6
CONTINUOUS
10
6.1158483858267711
20
-4.1763332677165357
11
6.1169619291338577
21
-4.1758720078740152
0
LINE
8
BLACK
6
CONTINUOUS
10
6.1169619291338577
20
-4.1758720078740152
11
6.1247609448818894
21
-4.1758720078740152
0
LINE
8
BLACK
6
CONTINUOUS
10
6.1247609448818894
20
-4.1758720078740152
11
6.1247609448818894
21
-4.1577617716535435
0
LINE
8
BLACK
6
CONTINUOUS
10
6.1247609448818894
20
-4.1577617716535435
11
6.1252222047244089
21
-4.156648228346457
0
LINE
8
BLACK
6
CONTINUOUS
10
6.1252222047244089
20
-4.156648228346457
11
6.1263357480314955
21
-4.1561869685039365
0
LINE
8
BLACK
6
CONTINUOUS
10
6.1263357480314955
20
-4.1561869685039365
11
6.127449291338583
21
-4.156648228346457
0
LINE
8
BLACK
6
CONTINUOUS
10
6.153051181102362
20
-4.1488188976377955
11
6.1544431102362207
21
-4.1493954724409452
0
LINE
8
BLACK
6
CONTINUOUS
10
6.1544431102362207
20
-4.1493954724409452
11
6.1550196850393704
21
-4.150787401574803
0
LINE
8
BLACK
6
CONTINUOUS
10
6.1550196850393704
20
-4.150787401574803
11
6.1550196850393704
21
-4.1862204724409446
0
LINE
8
BLACK
6
CONTINUOUS
10
6.1550196850393704
20
-4.1862204724409446
11
6.1544431102362207
21
-4.1876124015748033
0
LINE
8
BLACK
6
CONTINUOUS
10
6.1544431102362207
20
-4.1876124015748033
11
6.153051181102362
21
-4.188188976377953
0
LINE
8
BLACK
6
CONTINUOUS
10
6.153051181102362
20
-4.188188976377953
11
6.0743110236220472
21
-4.188188976377953
0
LINE
8
BLACK
6
CONTINUOUS
10
6.0743110236220472
20
-4.188188976377953
11
6.0729190944881886
21
-4.1876124015748033
0
LINE
8
BLACK
6
CONTINUOUS
10
6.0729190944881886
20
-4.1876124015748033
11
6.0723425196850389
21
-4.1862204724409446
0
LINE
8
BLACK
6
CONTINUOUS
10
6.0723425196850389
20
-4.1862204724409446
11
6.0723425196850389
21
-4.150787401574803
0
LINE
8
BLACK
6
CONTINUOUS
10
6.0723425196850389
20
-4.150787401574803
11
6.0729190944881886
21
-4.1493954724409452
0
LINE
8
BLACK
6
CONTINUOUS
10
6.0729190944881886
20
-4.1493954724409452
11
6.0743110236220472
21
-4.1488188976377955
0
LINE
8
BLACK
6
CONTINUOUS
10
6.0743110236220472
20
-4.1488188976377955
11
6.153051181102362
21
-4.1488188976377955
0
LINE
8
BLACK
6
CONTINUOUS
10
6.0762795275590546
20
-4.1527559055118113
11
6.0762795275590546
21
-4.1842519685039372
0
LINE
8
BLACK
6
CONTINUOUS
10
6.0762795275590546
20
-4.1842519685039372
11
6.1510826771653546
21
-4.1842519685039372
0
LINE
8
BLACK
6
CONTINUOUS
10
6.1510826771653546
20
-4.1842519685039372
11
6.1510826771653546
21
-4.1527559055118113
0
LINE
8
BLACK
6
CONTINUOUS
10
6.1510826771653546
20
-4.1527559055118113
11
6.0762795275590546
21
-4.1527559055118113
0
LINE
8
BLACK
6
CONTINUOUS
10
6.005922047244094
20
-4.1677384251968501
11
6.0065517716535428
21
-4.1692587007874016
0
LINE
8
BLACK
6
CONTINUOUS
10
6.0065517716535428
20
-4.1692587007874016
11
6.0065517716535428
21
-4.1805158267716536
0
LINE
8
BLACK
6
CONTINUOUS
10
6.0065517716535428
20
-4.1805158267716536
11
6.005922047244094
21
-4.182036102362205
0
LINE
8
BLACK
6
CONTINUOUS
10
6.005922047244094
20
-4.182036102362205
11
6.0044017716535434
21
-4.1826658267716539
0
LINE
8
BLACK
6
CONTINUOUS
10
6.0044017716535434
20
-4.1826658267716539
11
6.0028814960629919
21
-4.182036102362205
0
LINE
8
BLACK
6
CONTINUOUS
10
6.0028814960629919
20
-4.182036102362205
11
6.0022517716535431
21
-4.1805158267716536
0
LINE
8
BLACK
6
CONTINUOUS
10
6.0022517716535431
20
-4.1805158267716536
11
6.0022517716535431
21
-4.1770372834645668
0
LINE
8
BLACK
6
CONTINUOUS
10
6.0022517716535431
20
-4.1770372834645668
11
5.9847017716535431
21
-4.1770372834645668
0
LINE
8
BLACK
6
CONTINUOUS
10
5.9847017716535431
20
-4.1770372834645668
11
5.9844972047244092
21
-4.1769525590551178
0
LINE
8
BLACK
6
CONTINUOUS
10
5.9844972047244092
20
-4.1769525590551178
11
5.9842801181102363
21
-4.1769955118110236
0
LINE
8
BLACK
6
CONTINUOUS
10
5.9842801181102363
20
-4.1769955118110236
11
5.9837599606299214
21
-4.1766471653543302
0
LINE
8
BLACK
6
CONTINUOUS
10
5.9837599606299214
20
-4.1766471653543302
11
5.9831814960629917
21
-4.176407559055118
0
LINE
8
BLACK
6
CONTINUOUS
10
5.9831814960629917
20
-4.176407559055118
11
5.9830967716535435
21
-4.1762030314960628
0
LINE
8
BLACK
6
CONTINUOUS
10
5.9830967716535435
20
-4.1762030314960628
11
5.9829128740157476
21
-4.1760798818897635
0
LINE
8
BLACK
6
CONTINUOUS
10
5.9829128740157476
20
-4.1760798818897635
11
5.982791377952756
21
-4.1754657480314963
0
LINE
8
BLACK
6
CONTINUOUS
10
5.982791377952756
20
-4.1754657480314963
11
5.9825517716535428
21
-4.1748872834645665
0
LINE
8
BLACK
6
CONTINUOUS
10
5.9825517716535428
20
-4.1748872834645665
11
5.9826364566929131
21
-4.1746827165354325
0
LINE
8
BLACK
6
CONTINUOUS
10
5.9826364566929131
20
-4.1746827165354325
11
5.982593543307086
21
-4.1744656299212597
0
LINE
8
BLACK
6
CONTINUOUS
10
5.982593543307086
20
-4.1744656299212597
11
5.9829418503937006
21
-4.1739454724409448
0
LINE
8
BLACK
6
CONTINUOUS
10
5.9829418503937006
20
-4.1739454724409448
11
5.9831814960629917
21
-4.1733670078740159
0
LINE
8
BLACK
6
CONTINUOUS
10
5.9831814960629917
20
-4.1733670078740159
11
5.9833859842519681
21
-4.1732822834645669
0
LINE
8
BLACK
6
CONTINUOUS
10
5.9833859842519681
20
-4.1732822834645669
11
5.9835091732283461
21
-4.1730983858267718
0
LINE
8
BLACK
6
CONTINUOUS
10
5.9835091732283461
20
-4.1730983858267718
11
5.9861463385826772
21
-4.1713401968503936
0
LINE
8
BLACK
6
CONTINUOUS
10
5.9861463385826772
20
-4.1713401968503936
11
5.987625236220472
21
-4.1698612992125987
0
LINE
8
BLACK
6
CONTINUOUS
10
5.987625236220472
20
-4.1698612992125987
11
5.9884073228346457
21
-4.168297165354331
0
LINE
8
BLACK
6
CONTINUOUS
10
5.9884073228346457
20
-4.168297165354331
11
5.9896504724409452
21
-4.1672190551181103
0
LINE
8
BLACK
6
CONTINUOUS
10
5.9896504724409452
20
-4.1672190551181103
11
5.9912918897637795
21
-4.1673357086614171
0
LINE
8
BLACK
6
CONTINUOUS
10
5.9912918897637795
20
-4.1673357086614171
11
5.9923700393700789
21
-4.1685788188976378
0
LINE
8
BLACK
6
CONTINUOUS
10
5.9923700393700789
20
-4.1685788188976378
11
5.9922533464566925
21
-4.1702202362204721
0
LINE
8
BLACK
6
CONTINUOUS
10
5.9922533464566925
20
-4.1702202362204721
11
5.9913152362204727
21
-4.1720964173228348
0
LINE
8
BLACK
6
CONTINUOUS
10
5.9913152362204727
20
-4.1720964173228348
11
5.9910479133858265
21
-4.1723282283464567
0
LINE
8
BLACK
6
CONTINUOUS
10
5.9910479133858265
20
-4.1723282283464567
11
5.9909125196850388
21
-4.1726551574803148
0
LINE
8
BLACK
6
CONTINUOUS
10
5.9909125196850388
20
-4.1726551574803148
11
5.9908303937007874
21
-4.1727372834645671
0
LINE
8
BLACK
6
CONTINUOUS
10
5.9908303937007874
20
-4.1727372834645671
11
6.0022517716535431
21
-4.1727372834645671
0
LINE
8
BLACK
6
CONTINUOUS
10
6.0022517716535431
20
-4.1727372834645671
11
6.0022517716535431
21
-4.1692587007874016
0
LINE
8
BLACK
6
CONTINUOUS
10
6.0022517716535431
20
-4.1692587007874016
11
6.0028814960629919
21
-4.1677384251968501
0
LINE
8
BLACK
6
CONTINUOUS
10
6.0028814960629919
20
-4.1677384251968501
11
6.0044017716535434
21
-4.1671087007874013
0
LINE
8
BLACK
6
CONTINUOUS
10
6.0044017716535434
20
-4.1671087007874013
11
6.005922047244094
21
-4.1677384251968501
0
LINE
8
BLACK
6
CONTINUOUS
10
6.3280051181102364
20
-4.1507353937007876
11
6.3285042913385823
21
-4.1507709055118109
0
LINE
8
BLACK
6
CONTINUOUS
10
6.3285042913385823
20
-4.1507709055118109
11
6.3303804724409449
21
-4.1517089763779529
0
LINE
8
BLACK
6
CONTINUOUS
10
6.3303804724409449
20
-4.1517089763779529
11
6.3306122834645668
21
-4.1519762992125981
0
LINE
8
BLACK
6
CONTINUOUS
10
6.3306122834645668
20
-4.1519762992125981
11
6.3309391732283462
21
-4.1521116929133859
0
LINE
8
BLACK
6
CONTINUOUS
10
6.3309391732283462
20
-4.1521116929133859
11
6.3318772834645669
21
-4.1530497637795278
0
LINE
8
BLACK
6
CONTINUOUS
10
6.3318772834645669
20
-4.1530497637795278
11
6.3320126771653538
21
-4.153376692913386
0
LINE
8
BLACK
6
CONTINUOUS
10
6.3320126771653538
20
-4.153376692913386
11
6.3322800787401574
21
-4.1536085826771654
0
LINE
8
BLACK
6
CONTINUOUS
10
6.3322800787401574
20
-4.1536085826771654
11
6.3332181496062994
21
-4.1554848425196846
0
LINE
8
BLACK
6
CONTINUOUS
10
6.3332181496062994
20
-4.1554848425196846
11
6.3332354330708656
21
-4.1557285433070863
0
LINE
8
BLACK
6
CONTINUOUS
10
6.3332354330708656
20
-4.1557285433070863
11
6.3333809055118113
21
-4.1559248425196849
0
LINE
8
BLACK
6
CONTINUOUS
10
6.3333809055118113
20
-4.1559248425196849
11
6.3343190157480311
21
-4.1596771653543305
0
LINE
8
BLACK
6
CONTINUOUS
10
6.3343190157480311
20
-4.1596771653543305
11
6.3342788976377955
21
-4.1599467716535434
0
LINE
8
BLACK
6
CONTINUOUS
10
6.3342788976377955
20
-4.1599467716535434
11
6.3343832283464563
21
-4.160198661417323
0
LINE
8
BLACK
6
CONTINUOUS
10
6.3343832283464563
20
-4.160198661417323
11
6.3343832283464563
21
-4.1648891338582672
0
LINE
8
BLACK
6
CONTINUOUS
10
6.3343832283464563
20
-4.1648891338582672
11
6.3342788976377955
21
-4.165140984251968
0
LINE
8
BLACK
6
CONTINUOUS
10
6.3342788976377955
20
-4.165140984251968
11
6.3343190157480311
21
-4.1654105905511809
0
LINE
8
BLACK
6
CONTINUOUS
10
6.3343190157480311
20
-4.1654105905511809
11
6.3333809055118113
21
-4.1691629921259841
0
LINE
8
BLACK
6
CONTINUOUS
10
6.3333809055118113
20
-4.1691629921259841
11
6.3332354330708656
21
-4.1693592519685039
0
LINE
8
BLACK
6
CONTINUOUS
10
6.3332354330708656
20
-4.1693592519685039
11
6.3332181496062994
21
-4.169603031496063
0
LINE
8
BLACK
6
CONTINUOUS
10
6.3332181496062994
20
-4.169603031496063
11
6.3322800787401574
21
-4.1714792125984248
0
LINE
8
BLACK
6
CONTINUOUS
10
6.3322800787401574
20
-4.1714792125984248
11
6.3320127165354325
21
-4.1717110629921255
0
LINE
8
BLACK
6
CONTINUOUS
10
6.3320127165354325
20
-4.1717110629921255
11
6.3318773228346457
21
-4.1720379921259845
0
LINE
8
BLACK
6
CONTINUOUS
10
6.3318773228346457
20
-4.1720379921259845
11
6.330939212598425
21
-4.1729761023622043
0
LINE
8
BLACK
6
CONTINUOUS
10
6.330939212598425
20
-4.1729761023622043
11
6.3306122834645668
21
-4.173111496062992
0
LINE
8
BLACK
6
CONTINUOUS
10
6.3306122834645668
20
-4.173111496062992
11
6.3303804330708662
21
-4.173378858267716
0
LINE
8
BLACK
6
CONTINUOUS
10
6.3303804330708662
20
-4.173378858267716
11
6.3285042519685035
21
-4.174316929133858
0
LINE
8
BLACK
6
CONTINUOUS
10
6.3285042519685035
20
-4.174316929133858
11
6.3280050787401576
21
-4.1743523622047247
0
LINE
8
BLACK
6
CONTINUOUS
10
6.3280050787401576
20
-4.1743523622047247
11
6.3275427559055117
21
-4.1745438976377951
0
LINE
8
BLACK
6
CONTINUOUS
10
6.3275427559055117
20
-4.1745438976377951
11
6.3256665748031491
21
-4.1745438976377951
0
LINE
8
BLACK
6
CONTINUOUS
10
6.3256665748031491
20
-4.1745438976377951
11
6.3252042125984254
21
-4.1743523622047247
0
LINE
8
BLACK
6
CONTINUOUS
10
6.3252042125984254
20
-4.1743523622047247
11
6.3247051181102361
21
-4.174316929133858
0
LINE
8
BLACK
6
CONTINUOUS
10
6.3247051181102361
20
-4.174316929133858
11
6.3228288582677168
21
-4.173378858267716
0
LINE
8
BLACK
6
CONTINUOUS
10
6.3228288582677168
20
-4.173378858267716
11
6.3225969685039365
21
-4.1731114566929133
0
LINE
8
BLACK
6
CONTINUOUS
10
6.3225969685039365
20
-4.1731114566929133
11
6.3222700393700784
21
-4.1729760629921255
0
LINE
8
BLACK
6
CONTINUOUS
10
6.3222700393700784
20
-4.1729760629921255
11
6.3213319685039373
21
-4.1720379527559057
0
LINE
8
BLACK
6
CONTINUOUS
10
6.3213319685039373
20
-4.1720379527559057
11
6.3211965748031496
21
-4.1717110629921255
0
LINE
8
BLACK
6
CONTINUOUS
10
6.3211965748031496
20
-4.1717110629921255
11
6.3209292519685034
21
-4.1714792519685036
0
LINE
8
BLACK
6
CONTINUOUS
10
6.3209292519685034
20
-4.1714792519685036
11
6.3199911811023624
21
-4.1696030708661418
0
LINE
8
BLACK
6
CONTINUOUS
10
6.3199911811023624
20
-4.1696030708661418
11
6.3199738188976378
21
-4.1693593307086614
0
LINE
8
BLACK
6
CONTINUOUS
10
6.3199738188976378
20
-4.1693593307086614
11
6.3198283464566929
21
-4.1691629527559053
0
LINE
8
BLACK
6
CONTINUOUS
10
6.3198283464566929
20
-4.1691629527559053
11
6.3188902755905509
21
-4.1654105511811022
0
LINE
8
BLACK
6
CONTINUOUS
10
6.3188902755905509
20
-4.1654105511811022
11
6.3189303937007875
21
-4.1651409055118105
0
LINE
8
BLACK
6
CONTINUOUS
10
6.3189303937007875
20
-4.1651409055118105
11
6.3188261023622045
21
-4.1648891338582672
0
LINE
8
BLACK
6
CONTINUOUS
10
6.3188261023622045
20
-4.1648891338582672
11
6.3188261023622045
21
-4.160198661417323
0
LINE
8
BLACK
6
CONTINUOUS
10
6.3188261023622045
20
-4.160198661417323
11
6.3189303937007875
21
-4.1599468110236222
0
LINE
8
BLACK
6
CONTINUOUS
10
6.3189303937007875
20
-4.1599468110236222
11
6.3188902755905509
21
-4.1596772047244093
0
LINE
8
BLACK
6
CONTINUOUS
10
6.3188902755905509
20
-4.1596772047244093
11
6.3198283464566929
21
-4.1559248818897636
0
LINE
8
BLACK
6
CONTINUOUS
10
6.3198283464566929
20
-4.1559248818897636
11
6.3199738188976378
21
-4.1557285039370075
0
LINE
8
BLACK
6
CONTINUOUS
10
6.3199738188976378
20
-4.1557285039370075
11
6.3199911417322836
21
-4.1554848031496059
0
LINE
8
BLACK
6
CONTINUOUS
10
6.3199911417322836
20
-4.1554848031496059
11
6.3209292519685034
21
-4.1536085826771654
0
LINE
8
BLACK
6
CONTINUOUS
10
6.3209292519685034
20
-4.1536085826771654
11
6.3211965748031496
21
-4.153376692913386
0
LINE
8
BLACK
6
CONTINUOUS
10
6.3211965748031496
20
-4.153376692913386
11
6.3213320078740152
21
-4.1530498031496066
0
LINE
8
BLACK
6
CONTINUOUS
10
6.3213320078740152
20
-4.1530498031496066
11
6.3222700787401571
21
-4.1521117322834646
0
LINE
8
BLACK
6
CONTINUOUS
10
6.3222700787401571
20
-4.1521117322834646
11
6.3225969685039365
21
-4.1519762992125981
0
LINE
8
BLACK
6
CONTINUOUS
10
6.3225969685039365
20
-4.1519762992125981
11
6.3228288582677168
21
-4.1517089763779529
0
LINE
8
BLACK
6
CONTINUOUS
10
6.3228288582677168
20
-4.1517089763779529
11
6.3247050787401573
21
-4.1507708661417322
0
LINE
8
BLACK
6
CONTINUOUS
10
6.3247050787401573
20
-4.1507708661417322
11
6.3252042125984254
21
-4.1507353937007876
0
LINE
8
BLACK
6
CONTINUOUS
10
6.3252042125984254
20
-4.1507353937007876
11
6.3256665748031491
21
-4.1505438976377951
0
LINE
8
BLACK
6
CONTINUOUS
10
6.3256665748031491
20
-4.1505438976377951
11
6.3275427559055117
21
-4.1505438976377951
0
LINE
8
BLACK
6
CONTINUOUS
10
6.3275427559055117
20
-4.1505438976377951
11
6.3280051181102364
21
-4.1507353937007876
0
LINE
8
BLACK
6
CONTINUOUS
10
6.3250638976377953
20
-4.1553990157480314
11
6.3246192913385828
21
-4.1558436220472439
0
LINE
8
BLACK
6
CONTINUOUS
10
6.3246192913385828
20
-4.1558436220472439
11
6.3239427559055112
21
-4.1571966141732286
0
LINE
8
BLACK
6
CONTINUOUS
10
6.3239427559055112
20
-4.1571966141732286
11
6.3231261023622043
21
-4.1604633858267714
0
LINE
8
BLACK
6
CONTINUOUS
10
6.3231261023622043
20
-4.1604633858267714
11
6.3231261023622043
21
-4.1646244094488187
0
LINE
8
BLACK
6
CONTINUOUS
10
6.3231261023622043
20
-4.1646244094488187
11
6.32394279527559
21
-4.1678912204724412
0
LINE
8
BLACK
6
CONTINUOUS
10
6.32394279527559
20
-4.1678912204724412
11
6.3246192519685041
21
-4.1692441338582675
0
LINE
8
BLACK
6
CONTINUOUS
10
6.3246192519685041
20
-4.1692441338582675
11
6.3250638976377953
21
-4.1696887795275588
0
LINE
8
BLACK
6
CONTINUOUS
10
6.3250638976377953
20
-4.1696887795275588
11
6.3261741338582675
21
-4.1702438976377953
0
LINE
8
BLACK
6
CONTINUOUS
10
6.3261741338582675
20
-4.1702438976377953
11
6.3270351968503933
21
-4.1702438976377953
0
LINE
8
BLACK
6
CONTINUOUS
10
6.3270351968503933
20
-4.1702438976377953
11
6.3281453937007877
21
-4.1696887795275588
0
LINE
8
BLACK
6
CONTINUOUS
10
6.3281453937007877
20
-4.1696887795275588
11
6.3285900000000002
21
-4.1692441732283463
0
LINE
8
BLACK
6
CONTINUOUS
10
6.3285900000000002
20
-4.1692441732283463
11
6.3292665748031496
21
-4.1678910236220474
0
LINE
8
BLACK
6
CONTINUOUS
10
6.3292665748031496
20
-4.1678910236220474
11
6.3300832283464565
21
-4.16462437007874
0
LINE
8
BLACK
6
CONTINUOUS
10
6.3300832283464565
20
-4.16462437007874
11
6.3300832283464565
21
-4.1604633858267714
0
LINE
8
BLACK
6
CONTINUOUS
10
6.3300832283464565
20
-4.1604633858267714
11
6.3292665748031496
21
-4.1571967716535436
0
LINE
8
BLACK
6
CONTINUOUS
10
6.3292665748031496
20
-4.1571967716535436
11
6.3285900000000002
21
-4.1558436220472439
0
LINE
8
BLACK
6
CONTINUOUS
10
6.3285900000000002
20
-4.1558436220472439
11
6.3281453543307089
21
-4.1553989763779526
0
LINE
8
BLACK
6
CONTINUOUS
10
6.3281453543307089
20
-4.1553989763779526
11
6.327035236220472
21
-4.1548438976377948
0
LINE
8
BLACK
6
CONTINUOUS
10
6.327035236220472
20
-4.1548438976377948
11
6.3261741338582675
21
-4.1548438976377948
0
LINE
8
BLACK
6
CONTINUOUS
10
6.3261741338582675
20
-4.1548438976377948
11
6.3250638976377953
21
-4.1553990157480314
0
LINE
8
BLACK
6
CONTINUOUS
10
5.717422047244094
20
-4.1322050787401574
11
5.7180517716535428
21
-4.1337253543307089
0
LINE
8
BLACK
6
CONTINUOUS
10
5.7180517716535428
20
-4.1337253543307089
11
5.7180517716535428
21
-4.1449824803149609
0
LINE
8
BLACK
6
CONTINUOUS
10
5.7180517716535428
20
-4.1449824803149609
11
5.717422047244094
21
-4.1465027559055114
0
LINE
8
BLACK
6
CONTINUOUS
10
5.717422047244094
20
-4.1465027559055114
11
5.7159017716535434
21
-4.1471324803149603
0
LINE
8
BLACK
6
CONTINUOUS
10
5.7159017716535434
20
-4.1471324803149603
11
5.7143814960629919
21
-4.1465027559055114
0
LINE
8
BLACK
6
CONTINUOUS
10
5.7143814960629919
20
-4.1465027559055114
11
5.7137517716535431
21
-4.1449824803149609
0
LINE
8
BLACK
6
CONTINUOUS
10
5.7137517716535431
20
-4.1449824803149609
11
5.7137517716535431
21
-4.1415039370078741
0
LINE
8
BLACK
6
CONTINUOUS
10
5.7137517716535431
20
-4.1415039370078741
11
5.6962017716535431
21
-4.1415039370078741
0
LINE
8
BLACK
6
CONTINUOUS
10
5.6962017716535431
20
-4.1415039370078741
11
5.6959972047244092
21
-4.141419212598425
0
LINE
8
BLACK
6
CONTINUOUS
10
5.6959972047244092
20
-4.141419212598425
11
5.6957801181102363
21
-4.1414621653543309
0
LINE
8
BLACK
6
CONTINUOUS
10
5.6957801181102363
20
-4.1414621653543309
11
5.6952599606299215
21
-4.1411138188976375
0
LINE
8
BLACK
6
CONTINUOUS
10
5.6952599606299215
20
-4.1411138188976375
11
5.6946814960629917
21
-4.1408742125984253
0
LINE
8
BLACK
6
CONTINUOUS
10
5.6946814960629917
20
-4.1408742125984253
11
5.6945967716535435
21
-4.1406696850393701
0
LINE
8
BLACK
6
CONTINUOUS
10
5.6945967716535435
20
-4.1406696850393701
11
5.6944128740157476
21
-4.1405465354330708
0
LINE
8
BLACK
6
CONTINUOUS
10
5.6944128740157476
20
-4.1405465354330708
11
5.694291377952756
21
-4.1399324015748027
0
LINE
8
BLACK
6
CONTINUOUS
10
5.694291377952756
20
-4.1399324015748027
11
5.6940517716535428
21
-4.1393539370078738
0
LINE
8
BLACK
6
CONTINUOUS
10
5.6940517716535428
20
-4.1393539370078738
11
5.6941364566929131
21
-4.1391493700787398
0
LINE
8
BLACK
6
CONTINUOUS
10
5.6941364566929131
20
-4.1391493700787398
11
5.6940935433070861
21
-4.138932283464567
0
LINE
8
BLACK
6
CONTINUOUS
10
5.6940935433070861
20
-4.138932283464567
11
5.6944418503937007
21
-4.1384121259842521
0
LINE
8
BLACK
6
CONTINUOUS
10
5.6944418503937007
20
-4.1384121259842521
11
5.6946814960629917
21
-4.1378336614173223
0
LINE
8
BLACK
6
CONTINUOUS
10
5.6946814960629917
20
-4.1378336614173223
11
5.6948859842519681
21
-4.1377489370078742
0
LINE
8
BLACK
6
CONTINUOUS
10
5.6948859842519681
20
-4.1377489370078742
11
5.6950091732283461
21
-4.1375650393700782
0
LINE
8
BLACK
6
CONTINUOUS
10
5.6950091732283461
20
-4.1375650393700782
11
5.6976463385826772
21
-4.1358068503937009
0
LINE
8
BLACK
6
CONTINUOUS
10
5.6976463385826772
20
-4.1358068503937009
11
5.6991252362204721
21
-4.1343279527559051
0
LINE
8
BLACK
6
CONTINUOUS
10
5.6991252362204721
20
-4.1343279527559051
11
5.6999073228346457
21
-4.1327638188976374
0
LINE
8
BLACK
6
CONTINUOUS
10
5.6999073228346457
20
-4.1327638188976374
11
5.7011504724409452
21
-4.1316857086614176
0
LINE
8
BLACK
6
CONTINUOUS
10
5.7011504724409452
20
-4.1316857086614176
11
5.7027918897637795
21
-4.1318023622047244
0
LINE
8
BLACK
6
CONTINUOUS
10
5.7027918897637795
20
-4.1318023622047244
11
5.703870039370079
21
-4.1330454724409451
0
LINE
8
BLACK
6
CONTINUOUS
10
5.703870039370079
20
-4.1330454724409451
11
5.7037533464566925
21
-4.1346868897637794
0
LINE
8
BLACK
6
CONTINUOUS
10
5.7037533464566925
20
-4.1346868897637794
11
5.7028152362204727
21
-4.1365630708661421
0
LINE
8
BLACK
6
CONTINUOUS
10
5.7028152362204727
20
-4.1365630708661421
11
5.7025479133858266
21
-4.136794881889764
0
LINE
8
BLACK
6
CONTINUOUS
10
5.7025479133858266
20
-4.136794881889764
11
5.7024125196850388
21
-4.1371218110236221
0
LINE
8
BLACK
6
CONTINUOUS
10
5.7024125196850388
20
-4.1371218110236221
11
5.7023303937007874
21
-4.1372039370078735
0
LINE
8
BLACK
6
CONTINUOUS
10
5.7023303937007874
20
-4.1372039370078735
11
5.7137517716535431
21
-4.1372039370078735
0
LINE
8
BLACK
6
CONTINUOUS
10
5.7137517716535431
20
-4.1372039370078735
11
5.7137517716535431
21
-4.1337253543307089
0
LINE
8
BLACK
6
CONTINUOUS
10
5.7137517716535431
20
-4.1337253543307089
11
5.7143814960629919
21
-4.1322050787401574
0
LINE
8
BLACK
6
CONTINUOUS
10
5.7143814960629919
20
-4.1322050787401574
11
5.7159017716535434
21
-4.1315753543307085
0
LINE
8
BLACK
6
CONTINUOUS
10
5.7159017716535434
20
-4.1315753543307085
11
5.717422047244094
21
-4.1322050787401574
0
LINE
8
BLACK
6
CONTINUOUS
10
5.6860498031496061
20
-4.1286430314960629
11
5.6865489763779529
21
-4.1286785039370075
0
LINE
8
BLACK
6
CONTINUOUS
10
5.6865489763779529
20
-4.1286785039370075
11
5.6884251968503934
21
-4.1296165748031495
0
LINE
8
BLACK
6
CONTINUOUS
10
5.6884251968503934
20
-4.1296165748031495
11
5.688871850393701
21
-4.1301315354330708
0
LINE
8
BLACK
6
CONTINUOUS
10
5.688871850393701
20
-4.1301315354330708
11
5.6893867322834648
21
-4.13057811023622
0
LINE
8
BLACK
6
CONTINUOUS
10
5.6893867322834648
20
-4.13057811023622
11
5.6903248031496059
21
-4.1324542913385827
0
LINE
8
BLACK
6
CONTINUOUS
10
5.6903248031496059
20
-4.1324542913385827
11
5.6903602362204726
21
-4.1329534251968507
0
LINE
8
BLACK
6
CONTINUOUS
10
5.6903602362204726
20
-4.1329534251968507
11
5.690551771653543
21
-4.1334157874015744
0
LINE
8
BLACK
6
CONTINUOUS
10
5.690551771653543
20
-4.1334157874015744
11
5.690551771653543
21
-4.1362300787401578
0
LINE
8
BLACK
6
CONTINUOUS
10
5.690551771653543
20
-4.1362300787401578
11
5.6903602362204726
21
-4.1366924015748028
0
LINE
8
BLACK
6
CONTINUOUS
10
5.6903602362204726
20
-4.1366924015748028
11
5.6903248031496059
21
-4.1371915354330708
0
LINE
8
BLACK
6
CONTINUOUS
10
5.6903248031496059
20
-4.1371915354330708
11
5.6900291732283463
21
-4.137782755905512
0
LINE
8
BLACK
6
CONTINUOUS
10
5.6900291732283463
20
-4.137782755905512
11
5.690551771653543
21
-4.1390443700787403
0
LINE
8
BLACK
6
CONTINUOUS
10
5.690551771653543
20
-4.1390443700787403
11
5.6899220472440941
21
-4.1405646456692908
0
LINE
8
BLACK
6
CONTINUOUS
10
5.6899220472440941
20
-4.1405646456692908
11
5.6884017716535435
21
-4.1411943700787397
0
LINE
8
BLACK
6
CONTINUOUS
10
5.6884017716535435
20
-4.1411943700787397
11
5.6865255511811021
21
-4.1411943700787397
0
LINE
8
BLACK
6
CONTINUOUS
10
5.6865255511811021
20
-4.1411943700787397
11
5.6752684251968502
21
-4.1411943700787397
0
LINE
8
BLACK
6
CONTINUOUS
10
5.6752684251968502
20
-4.1411943700787397
11
5.6737481496062987
21
-4.1405646456692908
0
LINE
8
BLACK
6
CONTINUOUS
10
5.6737481496062987
20
-4.1405646456692908
11
5.6731184251968498
21
-4.1390443700787403
0
LINE
8
BLACK
6
CONTINUOUS
10
5.6731184251968498
20
-4.1390443700787403
11
5.6737481496062987
21
-4.1375240944881888
0
LINE
8
BLACK
6
CONTINUOUS
10
5.6737481496062987
20
-4.1375240944881888
11
5.6752684251968502
21
-4.1368943700787399
0
LINE
8
BLACK
6
CONTINUOUS
10
5.6752684251968502
20
-4.1368943700787399
11
5.6856350787401571
21
-4.1368943700787399
0
LINE
8
BLACK
6
CONTINUOUS
10
5.6856350787401571
20
-4.1368943700787399
11
5.6856966535433067
21
-4.1368327165354328
0
LINE
8
BLACK
6
CONTINUOUS
10
5.6856966535433067
20
-4.1368327165354328
11
5.6862517716535432
21
-4.1357225196850393
0
LINE
8
BLACK
6
CONTINUOUS
10
5.6862517716535432
20
-4.1357225196850393
11
5.6862517716535432
21
-4.1339233070866142
0
LINE
8
BLACK
6
CONTINUOUS
10
5.6862517716535432
20
-4.1339233070866142
11
5.6858611417322837
21
-4.133142086614173
0
LINE
8
BLACK
6
CONTINUOUS
10
5.6858611417322837
20
-4.133142086614173
11
5.6850799606299214
21
-4.1327515354330711
0
LINE
8
BLACK
6
CONTINUOUS
10
5.6850799606299214
20
-4.1327515354330711
11
5.6752684251968502
21
-4.1327515354330711
0
LINE
8
BLACK
6
CONTINUOUS
10
5.6752684251968502
20
-4.1327515354330711
11
5.6737481496062987
21
-4.1321218110236222
0
LINE
8
BLACK
6
CONTINUOUS
10
5.6737481496062987
20
-4.1321218110236222
11
5.6731184251968498
21
-4.1306015354330707
0
LINE
8
BLACK
6
CONTINUOUS
10
5.6731184251968498
20
-4.1306015354330707
11
5.6737481496062987
21
-4.1290812598425193
0
LINE
8
BLACK
6
CONTINUOUS
10
5.6737481496062987
20
-4.1290812598425193
11
5.6752684251968502
21
-4.1284515354330704
0
LINE
8
BLACK
6
CONTINUOUS
10
5.6752684251968502
20
-4.1284515354330704
11
5.6855874803149602
21
-4.1284515354330704
0
LINE
8
BLACK
6
CONTINUOUS
10
5.6855874803149602
20
-4.1284515354330704
11
5.6860498031496061
21
-4.1286430314960629
0
LINE
8
BLACK
6
CONTINUOUS
10
5.7077107874015747
20
-4.1119796456692912
11
5.7079803937007876
21
-4.1119395669291334
0
LINE
8
BLACK
6
CONTINUOUS
10
5.7079803937007876
20
-4.1119395669291334
11
5.711732755905512
21
-4.1128776377952754
0
LINE
8
BLACK
6
CONTINUOUS
10
5.711732755905512
20
-4.1128776377952754
11
5.7119290551181097
21
-4.1130231102362202
0
LINE
8
BLACK
6
CONTINUOUS
10
5.7119290551181097
20
-4.1130231102362202
11
5.7121727952755901
21
-4.1130404330708661
0
LINE
8
BLACK
6
CONTINUOUS
10
5.7121727952755901
20
-4.1130404330708661
11
5.7140489763779527
21
-4.113978503937008
0
LINE
8
BLACK
6
CONTINUOUS
10
5.7140489763779527
20
-4.113978503937008
11
5.7142807874015746
21
-4.1142457874015745
0
LINE
8
BLACK
6
CONTINUOUS
10
5.7142807874015746
20
-4.1142457874015745
11
5.7146077559055115
21
-4.114381220472441
0
LINE
8
BLACK
6
CONTINUOUS
10
5.7146077559055115
20
-4.114381220472441
11
5.7164839763779529
21
-4.1162574015748028
0
LINE
8
BLACK
6
CONTINUOUS
10
5.7164839763779529
20
-4.1162574015748028
11
5.7166754724409445
21
-4.1167197637795274
0
LINE
8
BLACK
6
CONTINUOUS
10
5.7166754724409445
20
-4.1167197637795274
11
5.7170033858267715
21
-4.1170978346456693
0
LINE
8
BLACK
6
CONTINUOUS
10
5.7170033858267715
20
-4.1170978346456693
11
5.7179414566929134
21
-4.1199121259842517
0
LINE
8
BLACK
6
CONTINUOUS
10
5.7179414566929134
20
-4.1199121259842517
11
5.7179163385826772
21
-4.1202650787401573
0
LINE
8
BLACK
6
CONTINUOUS
10
5.7179163385826772
20
-4.1202650787401573
11
5.7180517716535428
21
-4.1205920078740155
0
LINE
8
BLACK
6
CONTINUOUS
10
5.7180517716535428
20
-4.1205920078740155
11
5.7180517716535428
21
-4.1224682283464569
0
LINE
8
BLACK
6
CONTINUOUS
10
5.7180517716535428
20
-4.1224682283464569
11
5.7179163385826772
21
-4.1227950787401575
0
LINE
8
BLACK
6
CONTINUOUS
10
5.7179163385826772
20
-4.1227950787401575
11
5.7179414566929134
21
-4.1231481102362206
0
LINE
8
BLACK
6
CONTINUOUS
10
5.7179414566929134
20
-4.1231481102362206
11
5.7170033858267715
21
-4.1259623622047243
0
LINE
8
BLACK
6
CONTINUOUS
10
5.7170033858267715
20
-4.1259623622047243
11
5.7166754724409445
21
-4.1263403937007874
0
LINE
8
BLACK
6
CONTINUOUS
10
5.7166754724409445
20
-4.1263403937007874
11
5.7164839763779529
21
-4.126802755905512
0
LINE
8
BLACK
6
CONTINUOUS
10
5.7164839763779529
20
-4.126802755905512
11
5.7155458661417322
21
-4.1277408661417319
0
LINE
8
BLACK
6
CONTINUOUS
10
5.7155458661417322
20
-4.1277408661417319
11
5.7140255905511808
21
-4.1283705905511807
0
LINE
8
BLACK
6
CONTINUOUS
10
5.7140255905511808
20
-4.1283705905511807
11
5.7125053149606302
21
-4.1277408661417319
0
LINE
8
BLACK
6
CONTINUOUS
10
5.7125053149606302
20
-4.1277408661417319
11
5.7118755905511813
21
-4.1262205905511813
0
LINE
8
BLACK
6
CONTINUOUS
10
5.7118755905511813
20
-4.1262205905511813
11
5.7125053149606302
21
-4.1247003149606298
0
LINE
8
BLACK
6
CONTINUOUS
10
5.7125053149606302
20
-4.1247003149606298
11
5.7130844881889766
21
-4.1241211023622046
0
LINE
8
BLACK
6
CONTINUOUS
10
5.7130844881889766
20
-4.1241211023622046
11
5.7137517716535431
21
-4.1221192913385822
0
LINE
8
BLACK
6
CONTINUOUS
10
5.7137517716535431
20
-4.1221192913385822
11
5.7137517716535431
21
-4.1209408661417326
0
LINE
8
BLACK
6
CONTINUOUS
10
5.7137517716535431
20
-4.1209408661417326
11
5.7130844881889766
21
-4.1189390551181102
0
LINE
8
BLACK
6
CONTINUOUS
10
5.7130844881889766
20
-4.1189390551181102
11
5.7118138582677167
21
-4.1176685039370078
0
LINE
8
BLACK
6
CONTINUOUS
10
5.7118138582677167
20
-4.1176685039370078
11
5.7104608267716532
21
-4.1169919685039371
0
LINE
8
BLACK
6
CONTINUOUS
10
5.7104608267716532
20
-4.1169919685039371
11
5.7071943307086617
21
-4.1161753543307089
0
LINE
8
BLACK
6
CONTINUOUS
10
5.7071943307086617
20
-4.1161753543307089
11
5.7049094094488186
21
-4.1161753543307089
0
LINE
8
BLACK
6
CONTINUOUS
10
5.7049094094488186
20
-4.1161753543307089
11
5.7016427165354333
21
-4.1169919685039371
0
LINE
8
BLACK
6
CONTINUOUS
10
5.7016427165354333
20
-4.1169919685039371
11
5.7002895669291336
21
-4.1176685433070865
0
LINE
8
BLACK
6
CONTINUOUS
10
5.7002895669291336
20
-4.1176685433070865
11
5.6990190551181099
21
-4.1189390551181102
0
LINE
8
BLACK
6
CONTINUOUS
10
5.6990190551181099
20
-4.1189390551181102
11
5.6983517716535435
21
-4.1209409448818901
0
LINE
8
BLACK
6
CONTINUOUS
10
5.6983517716535435
20
-4.1209409448818901
11
5.6983517716535435
21
-4.122119330708661
0
LINE
8
BLACK
6
CONTINUOUS
10
5.6983517716535435
20
-4.122119330708661
11
5.6990190157480312
21
-4.1241210629921259
0
LINE
8
BLACK
6
CONTINUOUS
10
5.6990190157480312
20
-4.1241210629921259
11
5.6995982677165351
21
-4.1247003543307086
0
LINE
8
BLACK
6
CONTINUOUS
10
5.6995982677165351
20
-4.1247003543307086
11
5.7002279527559052
21
-4.12622062992126
0
LINE
8
BLACK
6
CONTINUOUS
10
5.7002279527559052
20
-4.12622062992126
11
5.6995981889763776
21
-4.1277409055118106
0
LINE
8
BLACK
6
CONTINUOUS
10
5.6995981889763776
20
-4.1277409055118106
11
5.698077913385827
21
-4.1283705905511807
0
LINE
8
BLACK
6
CONTINUOUS
10
5.698077913385827
20
-4.1283705905511807
11
5.6965576377952756
21
-4.1277408267716531
0
LINE
8
BLACK
6
CONTINUOUS
10
5.6965576377952756
20
-4.1277408267716531
11
5.6956195669291336
21
-4.1268027165354333
0
LINE
8
BLACK
6
CONTINUOUS
10
5.6956195669291336
20
-4.1268027165354333
11
5.695428070866142
21
-4.1263403937007874
0
LINE
8
BLACK
6
CONTINUOUS
10
5.695428070866142
20
-4.1263403937007874
11
5.6951002362204726
21
-4.1259624015748031
0
LINE
8
BLACK
6
CONTINUOUS
10
5.6951002362204726
20
-4.1259624015748031
11
5.6941621259842519
21
-4.1231481496062994
0
LINE
8
BLACK
6
CONTINUOUS
10
5.6941621259842519
20
-4.1231481496062994
11
5.6941871653543306
21
-4.122795157480315
0
LINE
8
BLACK
6
CONTINUOUS
10
5.6941871653543306
20
-4.122795157480315
11
5.6940517716535428
21
-4.1224682283464569
0
LINE
8
BLACK
6
CONTINUOUS
10
5.6940517716535428
20
-4.1224682283464569
11
5.6940517716535428
21
-4.1205920078740155
0
LINE
8
BLACK
6
CONTINUOUS
10
5.6940517716535428
20
-4.1205920078740155
11
5.6941871653543306
21
-4.1202651181102361
0
LINE
8
BLACK
6
CONTINUOUS
10
5.6941871653543306
20
-4.1202651181102361
11
5.6941620866141731
21
-4.1199121259842517
0
LINE
8
BLACK
6
CONTINUOUS
10
5.6941620866141731
20
-4.1199121259842517
11
5.6951002362204726
21
-4.1170977952755905
0
LINE
8
BLACK
6
CONTINUOUS
10
5.6951002362204726
20
-4.1170977952755905
11
5.695428070866142
21
-4.1167197244094487
0
LINE
8
BLACK
6
CONTINUOUS
10
5.695428070866142
20
-4.1167197244094487
11
5.6956196062992124
21
-4.1162574409448816
0
LINE
8
BLACK
6
CONTINUOUS
10
5.6956196062992124
20
-4.1162574409448816
11
5.697495787401575
21
-4.1143812598425198
0
LINE
8
BLACK
6
CONTINUOUS
10
5.697495787401575
20
-4.1143812598425198
11
5.6978226771653544
21
-4.1142458267716533
0
LINE
8
BLACK
6
CONTINUOUS
10
5.6978226771653544
20
-4.1142458267716533
11
5.6980545669291338
21
-4.113978503937008
0
LINE
8
BLACK
6
CONTINUOUS
10
5.6980545669291338
20
-4.113978503937008
11
5.6999307480314956
21
-4.1130404330708661
0
LINE
8
BLACK
6
CONTINUOUS
10
5.6999307480314956
20
-4.1130404330708661
11
5.700174488188976
21
-4.1130231102362202
0
LINE
8
BLACK
6
CONTINUOUS
10
5.700174488188976
20
-4.1130231102362202
11
5.7003707874015745
21
-4.1128776771653541
0
LINE
8
BLACK
6
CONTINUOUS
10
5.7003707874015745
20
-4.1128776771653541
11
5.7041231889763777
21
-4.1119395669291334
0
LINE
8
BLACK
6
CONTINUOUS
10
5.7041231889763777
20
-4.1119395669291334
11
5.7043927559055119
21
-4.1119796456692912
0
LINE
8
BLACK
6
CONTINUOUS
10
5.7043927559055119
20
-4.1119796456692912
11
5.7046446456692914
21
-4.1118753543307083
0
LINE
8
BLACK
6
CONTINUOUS
10
5.7046446456692914
20
-4.1118753543307083
11
5.7074589370078739
21
-4.1118753543307083
0
LINE
8
BLACK
6
CONTINUOUS
10
5.7074589370078739
20
-4.1118753543307083
11
5.7077107874015747
21
-4.1119796456692912
0
LINE
8
BLACK
6
CONTINUOUS
10
5.6811488582677168
20
-4.1088558267716531
11
5.6814184645669288
21
-4.1088157480314962
0
LINE
8
BLACK
6
CONTINUOUS
10
5.6814184645669288
20
-4.1088157480314962
11
5.6851708661417319
21
-4.1097538188976381
0
LINE
8
BLACK
6
CONTINUOUS
10
5.6851708661417319
20
-4.1097538188976381
11
5.6853672047244093
21
-4.109899291338583
0
LINE
8
BLACK
6
CONTINUOUS
10
5.6853672047244093
20
-4.109899291338583
11
5.6856109055118109
21
-4.109916614173228
0
LINE
8
BLACK
6
CONTINUOUS
10
5.6856109055118109
20
-4.109916614173228
11
5.6874870866141727
21
-4.1108546850393699
0
LINE
8
BLACK
6
CONTINUOUS
10
5.6874870866141727
20
-4.1108546850393699
11
5.6877189370078742
21
-4.111122007874016
0
LINE
8
BLACK
6
CONTINUOUS
10
5.6877189370078742
20
-4.111122007874016
11
5.6880458661417324
21
-4.1112574409448817
0
LINE
8
BLACK
6
CONTINUOUS
10
5.6880458661417324
20
-4.1112574409448817
11
5.6889839763779531
21
-4.1121955511811024
0
LINE
8
BLACK
6
CONTINUOUS
10
5.6889839763779531
20
-4.1121955511811024
11
5.6891193700787399
21
-4.1125224409448817
0
LINE
8
BLACK
6
CONTINUOUS
10
5.6891193700787399
20
-4.1125224409448817
11
5.6893867322834648
21
-4.1127543307086611
0
LINE
8
BLACK
6
CONTINUOUS
10
5.6893867322834648
20
-4.1127543307086611
11
5.6903248031496059
21
-4.1146305118110238
0
LINE
8
BLACK
6
CONTINUOUS
10
5.6903248031496059
20
-4.1146305118110238
11
5.6903602362204726
21
-4.115129645669291
0
LINE
8
BLACK
6
CONTINUOUS
10
5.6903602362204726
20
-4.115129645669291
11
5.690551771653543
21
-4.1155920078740156
0
LINE
8
BLACK
6
CONTINUOUS
10
5.690551771653543
20
-4.1155920078740156
11
5.690551771653543
21
-4.1174681889763782
0
LINE
8
BLACK
6
CONTINUOUS
10
5.690551771653543
20
-4.1174681889763782
11
5.6903602362204726
21
-4.1179305118110232
0
LINE
8
BLACK
6
CONTINUOUS
10
5.6903602362204726
20
-4.1179305118110232
11
5.6903248031496059
21
-4.1184296456692913
0
LINE
8
BLACK
6
CONTINUOUS
10
5.6903248031496059
20
-4.1184296456692913
11
5.6893867322834648
21
-4.1203059055118105
0
LINE
8
BLACK
6
CONTINUOUS
10
5.6893867322834648
20
-4.1203059055118105
11
5.6891193307086612
21
-4.1205377559055121
0
LINE
8
BLACK
6
CONTINUOUS
10
5.6891193307086612
20
-4.1205377559055121
11
5.6889839370078743
21
-4.120864724409449
0
LINE
8
BLACK
6
CONTINUOUS
10
5.6889839370078743
20
-4.120864724409449
11
5.6880458267716536
21
-4.12180279527559
0
LINE
8
BLACK
6
CONTINUOUS
10
5.6880458267716536
20
-4.12180279527559
11
5.6877189370078742
21
-4.121938149606299
0
LINE
8
BLACK
6
CONTINUOUS
10
5.6877189370078742
20
-4.121938149606299
11
5.6874871259842514
21
-4.1222055118110239
0
LINE
8
BLACK
6
CONTINUOUS
10
5.6874871259842514
20
-4.1222055118110239
11
5.6856109448818897
21
-4.123143582677165
0
LINE
8
BLACK
6
CONTINUOUS
10
5.6856109448818897
20
-4.123143582677165
11
5.6853672047244093
21
-4.1231609055118108
0
LINE
8
BLACK
6
CONTINUOUS
10
5.6853672047244093
20
-4.1231609055118108
11
5.6851708267716532
21
-4.1233064173228344
0
LINE
8
BLACK
6
CONTINUOUS
10
5.6851708267716532
20
-4.1233064173228344
11
5.68141842519685
21
-4.1242444881889764
0
LINE
8
BLACK
6
CONTINUOUS
10
5.68141842519685
20
-4.1242444881889764
11
5.6811487795275593
21
-4.1242043307086611
0
LINE
8
BLACK
6
CONTINUOUS
10
5.6811487795275593
20
-4.1242043307086611
11
5.680897007874016
21
-4.1243086614173228
0
LINE
8
BLACK
6
CONTINUOUS
10
5.680897007874016
20
-4.1243086614173228
11
5.6762065354330709
21
-4.1243086614173228
0
LINE
8
BLACK
6
CONTINUOUS
10
5.6762065354330709
20
-4.1243086614173228
11
5.6759546850393701
21
-4.1242043307086611
0
LINE
8
BLACK
6
CONTINUOUS
10
5.6759546850393701
20
-4.1242043307086611
11
5.6756850787401572
21
-4.1242444881889764
0
LINE
8
BLACK
6
CONTINUOUS
10
5.6756850787401572
20
-4.1242444881889764
11
5.6719327165354327
21
-4.1233064173228344
0
LINE
8
BLACK
6
CONTINUOUS
10
5.6719327165354327
20
-4.1233064173228344
11
5.6717363385826767
21
-4.1231609055118108
0
LINE
8
BLACK
6
CONTINUOUS
10
5.6717363385826767
20
-4.1231609055118108
11
5.6714926771653538
21
-4.1231436220472437
0
LINE
8
BLACK
6
CONTINUOUS
10
5.6714926771653538
20
-4.1231436220472437
11
5.6696164566929133
21
-4.1222055118110239
0
LINE
8
BLACK
6
CONTINUOUS
10
5.6696164566929133
20
-4.1222055118110239
11
5.6693845669291338
21
-4.121938149606299
0
LINE
8
BLACK
6
CONTINUOUS
10
5.6693845669291338
20
-4.121938149606299
11
5.6690576771653545
21
-4.1218027559055122
0
LINE
8
BLACK
6
CONTINUOUS
10
5.6690576771653545
20
-4.1218027559055122
11
5.6681196062992125
21
-4.1208646850393702
0
LINE
8
BLACK
6
CONTINUOUS
10
5.6681196062992125
20
-4.1208646850393702
11
5.667984173228346
21
-4.1205377559055121
0
LINE
8
BLACK
6
CONTINUOUS
10
5.667984173228346
20
-4.1205377559055121
11
5.6677168503937008
21
-4.1203059055118105
0
LINE
8
BLACK
6
CONTINUOUS
10
5.6677168503937008
20
-4.1203059055118105
11
5.6667787401574801
21
-4.11842968503937
0
LINE
8
BLACK
6
CONTINUOUS
10
5.6667787401574801
20
-4.11842968503937
11
5.6667432677165355
21
-4.1179305118110232
0
LINE
8
BLACK
6
CONTINUOUS
10
5.6667432677165355
20
-4.1179305118110232
11
5.666551771653543
21
-4.1174681889763782
0
LINE
8
BLACK
6
CONTINUOUS
10
5.666551771653543
20
-4.1174681889763782
11
5.666551771653543
21
-4.1155920078740156
0
LINE
8
BLACK
6
CONTINUOUS
10
5.666551771653543
20
-4.1155920078740156
11
5.6667432677165355
21
-4.1151296062992122
0
LINE
8
BLACK
6
CONTINUOUS
10
5.6667432677165355
20
-4.1151296062992122
11
5.6667787795275588
21
-4.114630472440945
0
LINE
8
BLACK
6
CONTINUOUS
10
5.6667787795275588
20
-4.114630472440945
11
5.6677168503937008
21
-4.1127542913385824
0
LINE
8
BLACK
6
CONTINUOUS
10
5.6677168503937008
20
-4.1127542913385824
11
5.667984173228346
21
-4.1125224409448817
0
LINE
8
BLACK
6
CONTINUOUS
10
5.667984173228346
20
-4.1125224409448817
11
5.6681195669291338
21
-4.1121955905511811
0
LINE
8
BLACK
6
CONTINUOUS
10
5.6681195669291338
20
-4.1121955905511811
11
5.6690576377952757
21
-4.1112574803149604
0
LINE
8
BLACK
6
CONTINUOUS
10
5.6690576377952757
20
-4.1112574803149604
11
5.6693845669291338
21
-4.1111220472440948
0
LINE
8
BLACK
6
CONTINUOUS
10
5.6693845669291338
20
-4.1111220472440948
11
5.6696164566929133
21
-4.1108546850393699
0
LINE
8
BLACK
6
CONTINUOUS
10
5.6696164566929133
20
-4.1108546850393699
11
5.6714927165354325
21
-4.109916614173228
0
LINE
8
BLACK
6
CONTINUOUS
10
5.6714927165354325
20
-4.109916614173228
11
5.6717364173228342
21
-4.109899291338583
0
LINE
8
BLACK
6
CONTINUOUS
10
5.6717364173228342
20
-4.109899291338583
11
5.6719327165354327
21
-4.109753858267716
0
LINE
8
BLACK
6
CONTINUOUS
10
5.6719327165354327
20
-4.109753858267716
11
5.6756850393700784
21
-4.1088157480314962
0
LINE
8
BLACK
6
CONTINUOUS
10
5.6756850393700784
20
-4.1088157480314962
11
5.6759546456692913
21
-4.1088558267716531
0
LINE
8
BLACK
6
CONTINUOUS
10
5.6759546456692913
20
-4.1088558267716531
11
5.6762065354330709
21
-4.108751535433071
0
LINE
8
BLACK
6
CONTINUOUS
10
5.6762065354330709
20
-4.108751535433071
11
5.680897007874016
21
-4.108751535433071
0
LINE
8
BLACK
6
CONTINUOUS
10
5.680897007874016
20
-4.108751535433071
11
5.6811488582677168
21
-4.1088558267716531
0
LINE
8
BLACK
6
CONTINUOUS
10
5.6732046456692915
20
-4.113868149606299
11
5.6718514960629918
21
-4.1145447244094484
0
LINE
8
BLACK
6
CONTINUOUS
10
5.6718514960629918
20
-4.1145447244094484
11
5.6714068503937005
21
-4.1149893700787397
0
LINE
8
BLACK
6
CONTINUOUS
10
5.6714068503937005
20
-4.1149893700787397
11
5.6708517716535436
21
-4.1160995275590553
0
LINE
8
BLACK
6
CONTINUOUS
10
5.6708517716535436
20
-4.1160995275590553
11
5.6708517716535436
21
-4.1169606299212598
0
LINE
8
BLACK
6
CONTINUOUS
10
5.6708517716535436
20
-4.1169606299212598
11
5.6714068897637793
21
-4.118070866141732
0
LINE
8
BLACK
6
CONTINUOUS
10
5.6714068897637793
20
-4.118070866141732
11
5.6718514960629918
21
-4.1185154724409445
0
LINE
8
BLACK
6
CONTINUOUS
10
5.6718514960629918
20
-4.1185154724409445
11
5.6732044881889765
21
-4.1191919685039373
0
LINE
8
BLACK
6
CONTINUOUS
10
5.6732044881889765
20
-4.1191919685039373
11
5.6764712598425193
21
-4.120008661417323
0
LINE
8
BLACK
6
CONTINUOUS
10
5.6764712598425193
20
-4.120008661417323
11
5.6806322834645666
21
-4.120008661417323
0
LINE
8
BLACK
6
CONTINUOUS
10
5.6806322834645666
20
-4.120008661417323
11
5.6838990944881891
21
-4.1191919291338586
0
LINE
8
BLACK
6
CONTINUOUS
10
5.6838990944881891
20
-4.1191919291338586
11
5.6852520078740154
21
-4.1185154724409445
0
LINE
8
BLACK
6
CONTINUOUS
10
5.6852520078740154
20
-4.1185154724409445
11
5.6856966535433067
21
-4.1180708267716533
0
LINE
8
BLACK
6
CONTINUOUS
10
5.6856966535433067
20
-4.1180708267716533
11
5.6862517716535432
21
-4.1169606299212598
0
LINE
8
BLACK
6
CONTINUOUS
10
5.6862517716535432
20
-4.1169606299212598
11
5.6862517716535432
21
-4.1160995275590553
0
LINE
8
BLACK
6
CONTINUOUS
10
5.6862517716535432
20
-4.1160995275590553
11
5.6856966535433067
21
-4.1149893307086609
0
LINE
8
BLACK
6
CONTINUOUS
10
5.6856966535433067
20
-4.1149893307086609
11
5.6852520472440942
21
-4.1145447244094484
0
LINE
8
BLACK
6
CONTINUOUS
10
5.6852520472440942
20
-4.1145447244094484
11
5.6838988976377953
21
-4.113868149606299
0
LINE
8
BLACK
6
CONTINUOUS
10
5.6838988976377953
20
-4.113868149606299
11
5.6806324015748029
21
-4.1130515354330708
0
LINE
8
BLACK
6
CONTINUOUS
10
5.6806324015748029
20
-4.1130515354330708
11
5.6764712992125981
21
-4.1130515354330708
0
LINE
8
BLACK
6
CONTINUOUS
10
5.6764712992125981
20
-4.1130515354330708
11
5.6732046456692915
21
-4.113868149606299
0
LINE
8
BLACK
6
CONTINUOUS
10
5.7248953149606301
20
-4.066618779527559
11
5.7250245669291333
21
-4.0665960236220471
0
LINE
8
BLACK
6
CONTINUOUS
10
5.7250245669291333
20
-4.0665960236220471
11
5.7251381496062992
21
-4.0666616141732286
0
LINE
8
BLACK
6
CONTINUOUS
10
5.7251381496062992
20
-4.0666616141732286
11
5.7255217322834646
21
-4.0667292519685034
0
LINE
8
BLACK
6
CONTINUOUS
10
5.7255217322834646
20
-4.0667292519685034
11
5.726109409448819
21
-4.0672223622047241
0
LINE
8
BLACK
6
CONTINUOUS
10
5.726109409448819
20
-4.0672223622047241
11
5.7267737401574799
21
-4.0676059448818895
0
LINE
8
BLACK
6
CONTINUOUS
10
5.7267737401574799
20
-4.0676059448818895
11
5.7268648425196851
21
-4.0678562598425199
0
LINE
8
BLACK
6
CONTINUOUS
10
5.7268648425196851
20
-4.0678562598425199
11
5.7270689763779528
21
-4.0680275590551176
0
LINE
8
BLACK
6
CONTINUOUS
10
5.7270689763779528
20
-4.0680275590551176
11
5.7272022047244091
21
-4.06878311023622
0
LINE
8
BLACK
6
CONTINUOUS
10
5.7272022047244091
20
-4.06878311023622
11
5.7274645669291333
21
-4.0695039370078741
0
LINE
8
BLACK
6
CONTINUOUS
10
5.7274645669291333
20
-4.0695039370078741
11
5.7274645669291333
21
-4.1095039370078741
0
LINE
8
BLACK
6
CONTINUOUS
10
5.7274645669291333
20
-4.1095039370078741
11
5.7272864960629919
21
-4.1105138582677165
0
LINE
8
BLACK
6
CONTINUOUS
10
5.7272864960629919
20
-4.1105138582677165
11
5.7259881889763777
21
-4.1120611023622047
0
LINE
8
BLACK
6
CONTINUOUS
10
5.7259881889763777
20
-4.1120611023622047
11
5.7239990551181101
21
-4.1124118503937011
0
LINE
8
BLACK
6
CONTINUOUS
10
5.7239990551181101
20
-4.1124118503937011
11
5.7222498818897636
21
-4.1114019291338586
0
LINE
8
BLACK
6
CONTINUOUS
10
5.7222498818897636
20
-4.1114019291338586
11
5.7215590551181101
21
-4.1095039370078741
0
LINE
8
BLACK
6
CONTINUOUS
10
5.7215590551181101
20
-4.1095039370078741
11
5.7215590551181101
21
-4.0724566929133861
0
LINE
8
BLACK
6
CONTINUOUS
10
5.7215590551181101
20
-4.0724566929133861
11
5.6674645669291337
21
-4.0724566929133861
0
LINE
8
BLACK
6
CONTINUOUS
10
5.6674645669291337
20
-4.0724566929133861
11
5.6674645669291337
21
-4.0960459055118106
0
LINE
8
BLACK
6
CONTINUOUS
10
5.6674645669291337
20
-4.0960459055118106
11
5.6675091732283462
21
-4.0959793307086612
0
LINE
8
BLACK
6
CONTINUOUS
10
5.6675091732283462
20
-4.0959793307086612
11
5.6701463385826774
21
-4.0942211417322838
0
LINE
8
BLACK
6
CONTINUOUS
10
5.6701463385826774
20
-4.0942211417322838
11
5.6716252362204722
21
-4.0927422440944881
0
LINE
8
BLACK
6
CONTINUOUS
10
5.6716252362204722
20
-4.0927422440944881
11
5.6724073228346459
21
-4.0911781102362204
0
LINE
8
BLACK
6
CONTINUOUS
10
5.6724073228346459
20
-4.0911781102362204
11
5.6736504724409444
21
-4.0900999999999996
0
LINE
8
BLACK
6
CONTINUOUS
10
5.6736504724409444
20
-4.0900999999999996
11
5.6752918897637796
21
-4.0902166535433073
0
LINE
8
BLACK
6
CONTINUOUS
10
5.6752918897637796
20
-4.0902166535433073
11
5.6763700393700782
21
-4.0914597637795271
0
LINE
8
BLACK
6
CONTINUOUS
10
5.6763700393700782
20
-4.0914597637795271
11
5.6762533464566927
21
-4.0931011811023623
0
LINE
8
BLACK
6
CONTINUOUS
10
5.6762533464566927
20
-4.0931011811023623
11
5.675315236220472
21
-4.0949773622047241
0
LINE
8
BLACK
6
CONTINUOUS
10
5.675315236220472
20
-4.0949773622047241
11
5.6750479133858267
21
-4.095209173228346
0
LINE
8
BLACK
6
CONTINUOUS
10
5.6750479133858267
20
-4.095209173228346
11
5.674912519685039
21
-4.095536102362205
0
LINE
8
BLACK
6
CONTINUOUS
10
5.674912519685039
20
-4.095536102362205
11
5.6748303937007876
21
-4.0956182283464564
0
LINE
8
BLACK
6
CONTINUOUS
10
5.6748303937007876
20
-4.0956182283464564
11
5.6862517716535432
21
-4.0956182283464564
0
LINE
8
BLACK
6
CONTINUOUS
10
5.6862517716535432
20
-4.0956182283464564
11
5.6862517716535432
21
-4.0921396456692909
0
LINE
8
BLACK
6
CONTINUOUS
10
5.6862517716535432
20
-4.0921396456692909
11
5.6868814960629921
21
-4.0906193700787403
0
LINE
8
BLACK
6
CONTINUOUS
10
5.6868814960629921
20
-4.0906193700787403
11
5.6884017716535435
21
-4.0899896456692915
0
LINE
8
BLACK
6
CONTINUOUS
10
5.6884017716535435
20
-4.0899896456692915
11
5.6899220472440941
21
-4.0906193700787403
0
LINE
8
BLACK
6
CONTINUOUS
10
5.6899220472440941
20
-4.0906193700787403
11
5.690551771653543
21
-4.0921396456692909
0
LINE
8
BLACK
6
CONTINUOUS
10
5.690551771653543
20
-4.0921396456692909
11
5.690551771653543
21
-4.1033967716535429
0
LINE
8
BLACK
6
CONTINUOUS
10
5.690551771653543
20
-4.1033967716535429
11
5.6899220472440941
21
-4.1049170472440943
0
LINE
8
BLACK
6
CONTINUOUS
10
5.6899220472440941
20
-4.1049170472440943
11
5.6884017716535435
21
-4.1055467716535432
0
LINE
8
BLACK
6
CONTINUOUS
10
5.6884017716535435
20
-4.1055467716535432
11
5.6868814960629921
21
-4.1049170472440943
0
LINE
8
BLACK
6
CONTINUOUS
10
5.6868814960629921
20
-4.1049170472440943
11
5.6862517716535432
21
-4.1033967716535429
0
LINE
8
BLACK
6
CONTINUOUS
10
5.6862517716535432
20
-4.1033967716535429
11
5.6862517716535432
21
-4.099918228346457
0
LINE
8
BLACK
6
CONTINUOUS
10
5.6862517716535432
20
-4.099918228346457
11
5.6687017716535433
21
-4.099918228346457
0
LINE
8
BLACK
6
CONTINUOUS
10
5.6687017716535433
20
-4.099918228346457
11
5.6684972047244093
21
-4.099833503937008
0
LINE
8
BLACK
6
CONTINUOUS
10
5.6684972047244093
20
-4.099833503937008
11
5.6682801181102365
21
-4.0998764566929129
0
LINE
8
BLACK
6
CONTINUOUS
10
5.6682801181102365
20
-4.0998764566929129
11
5.6677599606299207
21
-4.0995281102362204
0
LINE
8
BLACK
6
CONTINUOUS
10
5.6677599606299207
20
-4.0995281102362204
11
5.6674645669291337
21
-4.0994057480314963
0
LINE
8
BLACK
6
CONTINUOUS
10
5.6674645669291337
20
-4.0994057480314963
11
5.6674645669291337
21
-4.1095039370078741
0
LINE
8
BLACK
6
CONTINUOUS
10
5.6674645669291337
20
-4.1095039370078741
11
5.6672864960629923
21
-4.1105138582677165
0
LINE
8
BLACK
6
CONTINUOUS
10
5.6672864960629923
20
-4.1105138582677165
11
5.6659881889763781
21
-4.1120611023622047
0
LINE
8
BLACK
6
CONTINUOUS
10
5.6659881889763781
20
-4.1120611023622047
11
5.6639990551181105
21
-4.1124118503937011
0
LINE
8
BLACK
6
CONTINUOUS
10
5.6639990551181105
20
-4.1124118503937011
11
5.662249881889764
21
-4.1114019291338586
0
LINE
8
BLACK
6
CONTINUOUS
10
5.662249881889764
20
-4.1114019291338586
11
5.6615590551181105
21
-4.1095039370078741
0
LINE
8
BLACK
6
CONTINUOUS
10
5.6615590551181105
20
-4.1095039370078741
11
5.6615590551181105
21
-4.0695039370078741
0
LINE
8
BLACK
6
CONTINUOUS
10
5.6615590551181105
20
-4.0695039370078741
11
5.6616266535433066
21
-4.0691203937007874
0
LINE
8
BLACK
6
CONTINUOUS
10
5.6616266535433066
20
-4.0691203937007874
11
5.6616038976377956
21
-4.068991181102362
0
LINE
8
BLACK
6
CONTINUOUS
10
5.6616038976377956
20
-4.068991181102362
11
5.6616694881889762
21
-4.0688775590551183
0
LINE
8
BLACK
6
CONTINUOUS
10
5.6616694881889762
20
-4.0688775590551183
11
5.6617371259842519
21
-4.0684940157480316
0
LINE
8
BLACK
6
CONTINUOUS
10
5.6617371259842519
20
-4.0684940157480316
11
5.6622302362204726
21
-4.0679062992125985
0
LINE
8
BLACK
6
CONTINUOUS
10
5.6622302362204726
20
-4.0679062992125985
11
5.662613818897638
21
-4.0672420078740155
0
LINE
8
BLACK
6
CONTINUOUS
10
5.662613818897638
20
-4.0672420078740155
11
5.6628641338582675
21
-4.0671508661417324
0
LINE
8
BLACK
6
CONTINUOUS
10
5.6628641338582675
20
-4.0671508661417324
11
5.6630354330708661
21
-4.0669467716535435
0
LINE
8
BLACK
6
CONTINUOUS
10
5.6630354330708661
20
-4.0669467716535435
11
5.6637909842519685
21
-4.0668135039370075
0
LINE
8
BLACK
6
CONTINUOUS
10
5.6637909842519685
20
-4.0668135039370075
11
5.6645118110236217
21
-4.066551181102362
0
LINE
8
BLACK
6
CONTINUOUS
10
5.6645118110236217
20
-4.066551181102362
11
5.7245118110236222
21
-4.066551181102362
0
LINE
8
BLACK
6
CONTINUOUS
10
5.7245118110236222
20
-4.066551181102362
11
5.7248953149606301
21
-4.066618779527559
0
LINE
8
BLACK
6
CONTINUOUS
10
6.2541693700787402
20
-4.0658493307086614
11
6.2546306299212597
21
-4.066962874015748
0
LINE
8
BLACK
6
CONTINUOUS
10
6.2546306299212597
20
-4.066962874015748
11
6.2541693700787402
21
-4.0680764173228345
0
LINE
8
BLACK
6
CONTINUOUS
10
6.2541693700787402
20
-4.0680764173228345
11
6.2402500393700784
21
-4.0819957480314963
0
LINE
8
BLACK
6
CONTINUOUS
10
6.2402500393700784
20
-4.0819957480314963
11
6.2402499999999996
21
-4.0819959055118114
0
LINE
8
BLACK
6
CONTINUOUS
10
6.2402499999999996
20
-4.0819959055118114
11
6.2391364173228343
21
-4.0824571259842521
0
LINE
8
BLACK
6
CONTINUOUS
10
6.2391364173228343
20
-4.0824571259842521
11
6.2380228740157477
21
-4.0819959055118114
0
LINE
8
BLACK
6
CONTINUOUS
10
6.2380228740157477
20
-4.0819959055118114
11
6.2313945669291337
21
-4.0753675590551177
0
LINE
8
BLACK
6
CONTINUOUS
10
6.2313945669291337
20
-4.0753675590551177
11
6.2309333070866142
21
-4.0742540157480311
0
LINE
8
BLACK
6
CONTINUOUS
10
6.2309333070866142
20
-4.0742540157480311
11
6.2313945669291337
21
-4.0731404724409446
0
LINE
8
BLACK
6
CONTINUOUS
10
6.2313945669291337
20
-4.0731404724409446
11
6.2325081102362203
21
-4.072679212598425
0
LINE
8
BLACK
6
CONTINUOUS
10
6.2325081102362203
20
-4.072679212598425
11
6.2336216535433069
21
-4.0731404724409446
0
LINE
8
BLACK
6
CONTINUOUS
10
6.2336216535433069
20
-4.0731404724409446
11
6.2391364173228343
21
-4.0786551968503932
0
LINE
8
BLACK
6
CONTINUOUS
10
6.2391364173228343
20
-4.0786551968503932
11
6.251942283464567
21
-4.0658493307086614
0
LINE
8
BLACK
6
CONTINUOUS
10
6.251942283464567
20
-4.0658493307086614
11
6.2530558267716536
21
-4.0653880708661418
0
LINE
8
BLACK
6
CONTINUOUS
10
6.2530558267716536
20
-4.0653880708661418
11
6.2541693700787402
21
-4.0658493307086614
0
LINE
8
BLACK
6
CONTINUOUS
10
6.2353988582677164
20
-4.0489164960629918
11
6.2356574015748034
21
-4.0488981496062992
0
LINE
8
BLACK
6
CONTINUOUS
10
6.2356574015748034
20
-4.0488981496062992
11
6.237645905511811
21
-4.0495609842519684
0
LINE
8
BLACK
6
CONTINUOUS
10
6.237645905511811
20
-4.0495609842519684
11
6.2379227952755905
21
-4.0498011023622045
0
LINE
8
BLACK
6
CONTINUOUS
10
6.2379227952755905
20
-4.0498011023622045
11
6.2382614566929133
21
-4.0499414173228345
0
LINE
8
BLACK
6
CONTINUOUS
10
6.2382614566929133
20
-4.0499414173228345
11
6.2415756299212601
21
-4.0532555905511813
0
LINE
8
BLACK
6
CONTINUOUS
10
6.2415756299212601
20
-4.0532555905511813
11
6.2417159055118105
21
-4.053594291338583
0
LINE
8
BLACK
6
CONTINUOUS
10
6.2417159055118105
20
-4.053594291338583
11
6.2419560236220475
21
-4.0538711417322837
0
LINE
8
BLACK
6
CONTINUOUS
10
6.2419560236220475
20
-4.0538711417322837
11
6.2426188582677167
21
-4.0558596062992125
0
LINE
8
BLACK
6
CONTINUOUS
10
6.2426188582677167
20
-4.0558596062992125
11
6.2426004724409445
21
-4.0561181102362207
0
LINE
8
BLACK
6
CONTINUOUS
10
6.2426004724409445
20
-4.0561181102362207
11
6.2426996850393701
21
-4.0563575984251967
0
LINE
8
BLACK
6
CONTINUOUS
10
6.2426996850393701
20
-4.0563575984251967
11
6.2426996850393701
21
-4.0576832677165351
0
LINE
8
BLACK
6
CONTINUOUS
10
6.2426996850393701
20
-4.0576832677165351
11
6.2422384251968506
21
-4.0587968110236217
0
LINE
8
BLACK
6
CONTINUOUS
10
6.2422384251968506
20
-4.0587968110236217
11
6.241124881889764
21
-4.0592580708661412
0
LINE
8
BLACK
6
CONTINUOUS
10
6.241124881889764
20
-4.0592580708661412
11
6.2400113385826774
21
-4.0587968110236217
0
LINE
8
BLACK
6
CONTINUOUS
10
6.2400113385826774
20
-4.0587968110236217
11
6.239550078740157
21
-4.0576832677165351
0
LINE
8
BLACK
6
CONTINUOUS
10
6.239550078740157
20
-4.0576832677165351
11
6.239550078740157
21
-4.0566131102362206
0
LINE
8
BLACK
6
CONTINUOUS
10
6.239550078740157
20
-4.0566131102362206
11
6.2390856299212594
21
-4.0552197637795278
0
LINE
8
BLACK
6
CONTINUOUS
10
6.2390856299212594
20
-4.0552197637795278
11
6.2362972047244094
21
-4.0524313385826769
0
LINE
8
BLACK
6
CONTINUOUS
10
6.2362972047244094
20
-4.0524313385826769
11
6.2349038976377953
21
-4.051966929133858
0
LINE
8
BLACK
6
CONTINUOUS
10
6.2349038976377953
20
-4.051966929133858
11
6.2340892913385826
21
-4.051966929133858
0
LINE
8
BLACK
6
CONTINUOUS
10
6.2340892913385826
20
-4.051966929133858
11
6.2326959842519685
21
-4.0524313385826769
0
LINE
8
BLACK
6
CONTINUOUS
10
6.2326959842519685
20
-4.0524313385826769
11
6.2318138188976375
21
-4.0533134645669291
0
LINE
8
BLACK
6
CONTINUOUS
10
6.2318138188976375
20
-4.0533134645669291
11
6.2307687795275593
21
-4.055403622047244
0
LINE
8
BLACK
6
CONTINUOUS
10
6.2307687795275593
20
-4.055403622047244
11
6.2307687795275593
21
-4.0709398425196852
0
LINE
8
BLACK
6
CONTINUOUS
10
6.2307687795275593
20
-4.0709398425196852
11
6.2303075196850388
21
-4.0720533858267718
0
LINE
8
BLACK
6
CONTINUOUS
10
6.2303075196850388
20
-4.0720533858267718
11
6.2291939763779522
21
-4.0725146456692913
0
LINE
8
BLACK
6
CONTINUOUS
10
6.2291939763779522
20
-4.0725146456692913
11
6.2280804330708657
21
-4.0720533858267718
0
LINE
8
BLACK
6
CONTINUOUS
10
6.2280804330708657
20
-4.0720533858267718
11
6.2194636220472441
21
-4.0634366141732281
0
LINE
8
BLACK
6
CONTINUOUS
10
6.2194636220472441
20
-4.0634366141732281
11
6.2190023622047246
21
-4.0623230708661415
0
LINE
8
BLACK
6
CONTINUOUS
10
6.2190023622047246
20
-4.0623230708661415
11
6.2194636220472441
21
-4.061209527559055
0
LINE
8
BLACK
6
CONTINUOUS
10
6.2194636220472441
20
-4.061209527559055
11
6.2205771653543307
21
-4.0607482677165354
0
LINE
8
BLACK
6
CONTINUOUS
10
6.2205771653543307
20
-4.0607482677165354
11
6.2216907086614173
21
-4.061209527559055
0
LINE
8
BLACK
6
CONTINUOUS
10
6.2216907086614173
20
-4.061209527559055
11
6.2276191732283461
21
-4.0671379527559051
0
LINE
8
BLACK
6
CONTINUOUS
10
6.2276191732283461
20
-4.0671379527559051
11
6.2276191732283461
21
-4.0550319291338583
0
LINE
8
BLACK
6
CONTINUOUS
10
6.2276191732283461
20
-4.0550319291338583
11
6.2277594488188974
21
-4.0546932677165355
0
LINE
8
BLACK
6
CONTINUOUS
10
6.2277594488188974
20
-4.0546932677165355
11
6.2277854330708662
21
-4.0543276771653538
0
LINE
8
BLACK
6
CONTINUOUS
10
6.2277854330708662
20
-4.0543276771653538
11
6.2291110629921258
21
-4.0516763385826771
0
LINE
8
BLACK
6
CONTINUOUS
10
6.2291110629921258
20
-4.0516763385826771
11
6.2293068503937006
21
-4.0515064960629923
0
LINE
8
BLACK
6
CONTINUOUS
10
6.2293068503937006
20
-4.0515064960629923
11
6.2294060629921262
21
-4.0512670866141729
0
LINE
8
BLACK
6
CONTINUOUS
10
6.2294060629921262
20
-4.0512670866141729
11
6.2307316929133858
21
-4.0499414173228345
0
LINE
8
BLACK
6
CONTINUOUS
10
6.2307316929133858
20
-4.0499414173228345
11
6.2310703543307087
21
-4.0498011023622045
0
LINE
8
BLACK
6
CONTINUOUS
10
6.2310703543307087
20
-4.0498011023622045
11
6.2313472834645669
21
-4.0495609842519684
0
LINE
8
BLACK
6
CONTINUOUS
10
6.2313472834645669
20
-4.0495609842519684
11
6.2333357874015745
21
-4.0488981496062992
0
LINE
8
BLACK
6
CONTINUOUS
10
6.2333357874015745
20
-4.0488981496062992
11
6.2335942913385827
21
-4.0489164960629918
0
LINE
8
BLACK
6
CONTINUOUS
10
6.2335942913385827
20
-4.0489164960629918
11
6.2338337795275587
21
-4.0488173228346458
0
LINE
8
BLACK
6
CONTINUOUS
10
6.2338337795275587
20
-4.0488173228346458
11
6.2351594094488192
21
-4.0488173228346458
0
LINE
8
BLACK
6
CONTINUOUS
10
6.2351594094488192
20
-4.0488173228346458
11
6.2353988582677164
21
-4.0489164960629918
0
LINE
8
BLACK
6
CONTINUOUS
10
6.2225923622047246
20
-4.0238522834645671
11
6.2782701181102363
21
-4.0795300000000001
0
LINE
8
BLACK
6
CONTINUOUS
10
6.2782701181102363
20
-4.0795300000000001
11
6.2788466535433072
21
-4.0809219291338579
0
LINE
8
BLACK
6
CONTINUOUS
10
6.2788466535433072
20
-4.0809219291338579
11
6.2782701181102363
21
-4.0823138976377953
0
LINE
8
BLACK
6
CONTINUOUS
10
6.2782701181102363
20
-4.0823138976377953
11
6.2782699606299213
21
-4.082313937007874
0
LINE
8
BLACK
6
CONTINUOUS
10
6.2782699606299213
20
-4.082313937007874
11
6.2532151968503937
21
-4.1073687007874016
0
LINE
8
BLACK
6
CONTINUOUS
10
6.2532151968503937
20
-4.1073687007874016
11
6.253215157480315
21
-4.1073688582677166
0
LINE
8
BLACK
6
CONTINUOUS
10
6.253215157480315
20
-4.1073688582677166
11
6.2518231889763776
21
-4.1079453937007875
0
LINE
8
BLACK
6
CONTINUOUS
10
6.2518231889763776
20
-4.1079453937007875
11
6.2504312598425198
21
-4.1073688582677166
0
LINE
8
BLACK
6
CONTINUOUS
10
6.2504312598425198
20
-4.1073688582677166
11
6.1947535433070868
21
-4.0516911023622049
0
LINE
8
BLACK
6
CONTINUOUS
10
6.1947535433070868
20
-4.0516911023622049
11
6.1941769685039372
21
-4.0502991732283462
0
LINE
8
BLACK
6
CONTINUOUS
10
6.1941769685039372
20
-4.0502991732283462
11
6.1947535433070868
21
-4.0489072440944884
0
LINE
8
BLACK
6
CONTINUOUS
10
6.1947535433070868
20
-4.0489072440944884
11
6.2198085039370081
21
-4.0238522834645671
0
LINE
8
BLACK
6
CONTINUOUS
10
6.2198085039370081
20
-4.0238522834645671
11
6.2212004330708659
21
-4.0232757086614175
0
LINE
8
BLACK
6
CONTINUOUS
10
6.2212004330708659
20
-4.0232757086614175
11
6.2225923622047246
21
-4.0238522834645671
0
LINE
8
BLACK
6
CONTINUOUS
10
6.198929330708661
20
-4.0502991338582675
11
6.2518231889763776
21
-4.103192992125984
0
LINE
8
BLACK
6
CONTINUOUS
10
6.2518231889763776
20
-4.103192992125984
11
6.2740942519685037
21
-4.0809219291338579
0
LINE
8
BLACK
6
CONTINUOUS
10
6.2740942519685037
20
-4.0809219291338579
11
6.2212003937007871
21
-4.0280280708661413
0
LINE
8
BLACK
6
CONTINUOUS
10
6.2212003937007871
20
-4.0280280708661413
11
6.198929330708661
21
-4.0502991338582675
0
LINE
8
BLACK
6
CONTINUOUS
10
6.0565217322834641
20
-4.0132292519685038
11
6.0580689763779523
21
-4.0145275590551179
0
LINE
8
BLACK
6
CONTINUOUS
10
6.0580689763779523
20
-4.0145275590551179
11
6.0584197244094486
21
-4.0165166929133855
0
LINE
8
BLACK
6
CONTINUOUS
10
6.0584197244094486
20
-4.0165166929133855
11
6.0575379527559052
21
-4.0180438976377948
0
LINE
8
BLACK
6
CONTINUOUS
10
6.0575379527559052
20
-4.0180438976377948
11
6.065971299212598
21
-4.0180438976377948
0
LINE
8
BLACK
6
CONTINUOUS
10
6.065971299212598
20
-4.0180438976377948
11
6.0674915748031495
21
-4.0186736220472437
0
LINE
8
BLACK
6
CONTINUOUS
10
6.0674915748031495
20
-4.0186736220472437
11
6.0681212992125984
21
-4.0201938976377951
0
LINE
8
BLACK
6
CONTINUOUS
10
6.0681212992125984
20
-4.0201938976377951
11
6.0681212992125984
21
-4.0398938976377954
0
LINE
8
BLACK
6
CONTINUOUS
10
6.0681212992125984
20
-4.0398938976377954
11
6.0674915748031495
21
-4.041414173228346
0
LINE
8
BLACK
6
CONTINUOUS
10
6.0674915748031495
20
-4.041414173228346
11
6.065971299212598
21
-4.0420438976377948
0
LINE
8
BLACK
6
CONTINUOUS
10
6.065971299212598
20
-4.0420438976377948
11
6.0644510236220475
21
-4.041414173228346
0
LINE
8
BLACK
6
CONTINUOUS
10
6.0644510236220475
20
-4.041414173228346
11
6.0638212992125986
21
-4.0398938976377954
0
LINE
8
BLACK
6
CONTINUOUS
10
6.0638212992125986
20
-4.0398938976377954
11
6.0638212992125986
21
-4.0317248425196848
0
LINE
8
BLACK
6
CONTINUOUS
10
6.0638212992125986
20
-4.0317248425196848
11
6.0594046456692912
21
-4.0317248425196848
0
LINE
8
BLACK
6
CONTINUOUS
10
6.0594046456692912
20
-4.0317248425196848
11
6.0578843700787397
21
-4.0310951181102359
0
LINE
8
BLACK
6
CONTINUOUS
10
6.0578843700787397
20
-4.0310951181102359
11
6.0572546456692908
21
-4.0295748425196853
0
LINE
8
BLACK
6
CONTINUOUS
10
6.0572546456692908
20
-4.0295748425196853
11
6.0578843700787397
21
-4.0280545669291339
0
LINE
8
BLACK
6
CONTINUOUS
10
6.0578843700787397
20
-4.0280545669291339
11
6.0594046456692912
21
-4.027424842519685
0
LINE
8
BLACK
6
CONTINUOUS
10
6.0594046456692912
20
-4.027424842519685
11
6.0638212992125986
21
-4.027424842519685
0
LINE
8
BLACK
6
CONTINUOUS
10
6.0638212992125986
20
-4.027424842519685
11
6.0638212992125986
21
-4.0223438976377954
0
LINE
8
BLACK
6
CONTINUOUS
10
6.0638212992125986
20
-4.0223438976377954
11
6.0565903543307087
21
-4.0223438976377954
0
LINE
8
BLACK
6
CONTINUOUS
10
6.0565903543307087
20
-4.0223438976377954
11
6.0550700787401572
21
-4.0217141732283466
0
LINE
8
BLACK
6
CONTINUOUS
10
6.0550700787401572
20
-4.0217141732283466
11
6.0544403543307084
21
-4.0201938976377951
0
LINE
8
BLACK
6
CONTINUOUS
10
6.0544403543307084
20
-4.0201938976377951
11
6.0549528346456691
21
-4.0189566929133855
0
LINE
8
BLACK
6
CONTINUOUS
10
6.0549528346456691
20
-4.0189566929133855
11
6.0184645669291337
21
-4.0189566929133855
0
LINE
8
BLACK
6
CONTINUOUS
10
6.0184645669291337
20
-4.0189566929133855
11
6.0184645669291337
21
-4.073051181102362
0
LINE
8
BLACK
6
CONTINUOUS
10
6.0184645669291337
20
-4.073051181102362
11
6.0555118110236217
21
-4.073051181102362
0
LINE
8
BLACK
6
CONTINUOUS
10
6.0555118110236217
20
-4.073051181102362
11
6.0565217322834641
21
-4.0732292519685043
0
LINE
8
BLACK
6
CONTINUOUS
10
6.0565217322834641
20
-4.0732292519685043
11
6.0580689763779523
21
-4.0745275590551184
0
LINE
8
BLACK
6
CONTINUOUS
10
6.0580689763779523
20
-4.0745275590551184
11
6.0584197244094486
21
-4.076516692913386
0
LINE
8
BLACK
6
CONTINUOUS
10
6.0584197244094486
20
-4.076516692913386
11
6.0574098031496062
21
-4.0782658661417326
0
LINE
8
BLACK
6
CONTINUOUS
10
6.0574098031496062
20
-4.0782658661417326
11
6.0555118110236217
21
-4.078956692913386
0
LINE
8
BLACK
6
CONTINUOUS
10
6.0555118110236217
20
-4.078956692913386
11
6.0155118110236216
21
-4.078956692913386
0
LINE
8
BLACK
6
CONTINUOUS
10
6.0155118110236216
20
-4.078956692913386
11
6.015128267716535
21
-4.0788890551181103
0
LINE
8
BLACK
6
CONTINUOUS
10
6.015128267716535
20
-4.0788890551181103
11
6.0149990551181105
21
-4.078911850393701
0
LINE
8
BLACK
6
CONTINUOUS
10
6.0149990551181105
20
-4.078911850393701
11
6.0148854330708659
21
-4.0788462204724407
0
LINE
8
BLACK
6
CONTINUOUS
10
6.0148854330708659
20
-4.0788462204724407
11
6.0145018897637792
21
-4.0787786220472437
0
LINE
8
BLACK
6
CONTINUOUS
10
6.0145018897637792
20
-4.0787786220472437
11
6.0139141732283461
21
-4.0782854724409452
0
LINE
8
BLACK
6
CONTINUOUS
10
6.0139141732283461
20
-4.0782854724409452
11
6.0132498818897639
21
-4.0779019291338585
0
LINE
8
BLACK
6
CONTINUOUS
10
6.0132498818897639
20
-4.0779019291338585
11
6.01315874015748
21
-4.0776515748031494
0
LINE
8
BLACK
6
CONTINUOUS
10
6.01315874015748
20
-4.0776515748031494
11
6.0129546456692911
21
-4.0774803149606296
0
LINE
8
BLACK
6
CONTINUOUS
10
6.0129546456692911
20
-4.0774803149606296
11
6.012821377952756
21
-4.0767247244094484
0
LINE
8
BLACK
6
CONTINUOUS
10
6.012821377952756
20
-4.0767247244094484
11
6.0125590551181105
21
-4.076003937007874
0
LINE
8
BLACK
6
CONTINUOUS
10
6.0125590551181105
20
-4.076003937007874
11
6.0125590551181105
21
-4.0160039370078735
0
LINE
8
BLACK
6
CONTINUOUS
10
6.0125590551181105
20
-4.0160039370078735
11
6.0126266535433066
21
-4.0156203937007877
0
LINE
8
BLACK
6
CONTINUOUS
10
6.0126266535433066
20
-4.0156203937007877
11
6.0126038976377956
21
-4.0154911811023624
0
LINE
8
BLACK
6
CONTINUOUS
10
6.0126038976377956
20
-4.0154911811023624
11
6.0126694881889762
21
-4.0153775590551177
0
LINE
8
BLACK
6
CONTINUOUS
10
6.0126694881889762
20
-4.0153775590551177
11
6.0127371259842519
21
-4.0149940157480311
0
LINE
8
BLACK
6
CONTINUOUS
10
6.0127371259842519
20
-4.0149940157480311
11
6.0132302362204726
21
-4.014406299212598
0
LINE
8
BLACK
6
CONTINUOUS
10
6.0132302362204726
20
-4.014406299212598
11
6.013613818897638
21
-4.0137420078740158
0
LINE
8
BLACK
6
CONTINUOUS
10
6.013613818897638
20
-4.0137420078740158
11
6.0138641338582675
21
-4.0136508661417318
0
LINE
8
BLACK
6
CONTINUOUS
10
6.0138641338582675
20
-4.0136508661417318
11
6.0140354330708661
21
-4.0134467716535429
0
LINE
8
BLACK
6
CONTINUOUS
10
6.0140354330708661
20
-4.0134467716535429
11
6.0147909842519685
21
-4.0133135039370078
0
LINE
8
BLACK
6
CONTINUOUS
10
6.0147909842519685
20
-4.0133135039370078
11
6.0155118110236216
21
-4.0130511811023624
0
LINE
8
BLACK
6
CONTINUOUS
10
6.0155118110236216
20
-4.0130511811023624
11
6.0555118110236217
21
-4.0130511811023624
0
LINE
8
BLACK
6
CONTINUOUS
10
6.0555118110236217
20
-4.0130511811023624
11
6.0565217322834641
21
-4.0132292519685038
0
LINE
8
BLACK
6
CONTINUOUS
10
6.1358953149606297
20
-4.0131187795275594
11
6.1360245669291338
21
-4.0130960236220474
0
LINE
8
BLACK
6
CONTINUOUS
10
6.1360245669291338
20
-4.0130960236220474
11
6.1361381496062988
21
-4.013161614173228
0
LINE
8
BLACK
6
CONTINUOUS
10
6.1361381496062988
20
-4.013161614173228
11
6.1365217322834642
21
-4.0132292519685038
0
LINE
8
BLACK
6
CONTINUOUS
10
6.1365217322834642
20
-4.0132292519685038
11
6.1371094094488186
21
-4.0137223622047244
0
LINE
8
BLACK
6
CONTINUOUS
10
6.1371094094488186
20
-4.0137223622047244
11
6.1377737401574803
21
-4.0141059448818899
0
LINE
8
BLACK
6
CONTINUOUS
10
6.1377737401574803
20
-4.0141059448818899
11
6.1378648425196847
21
-4.0143562598425193
0
LINE
8
BLACK
6
CONTINUOUS
10
6.1378648425196847
20
-4.0143562598425193
11
6.1380689763779523
21
-4.0145275590551179
0
LINE
8
BLACK
6
CONTINUOUS
10
6.1380689763779523
20
-4.0145275590551179
11
6.1382022047244096
21
-4.0152831102362203
0
LINE
8
BLACK
6
CONTINUOUS
10
6.1382022047244096
20
-4.0152831102362203
11
6.1384645669291338
21
-4.0160039370078735
0
LINE
8
BLACK
6
CONTINUOUS
10
6.1384645669291338
20
-4.0160039370078735
11
6.1384645669291338
21
-4.076003937007874
0
LINE
8
BLACK
6
CONTINUOUS
10
6.1384645669291338
20
-4.076003937007874
11
6.138396929133858
21
-4.0763874409448819
0
LINE
8
BLACK
6
CONTINUOUS
10
6.138396929133858
20
-4.0763874409448819
11
6.1384197244094487
21
-4.076516692913386
0
LINE
8
BLACK
6
CONTINUOUS
10
6.1384197244094487
20
-4.076516692913386
11
6.1383540944881885
21
-4.076630275590551
0
LINE
8
BLACK
6
CONTINUOUS
10
6.1383540944881885
20
-4.076630275590551
11
6.1382864960629924
21
-4.0770138582677165
0
LINE
8
BLACK
6
CONTINUOUS
10
6.1382864960629924
20
-4.0770138582677165
11
6.1377933464566929
21
-4.0776015354330708
0
LINE
8
BLACK
6
CONTINUOUS
10
6.1377933464566929
20
-4.0776015354330708
11
6.1374098031496063
21
-4.0782658661417326
0
LINE
8
BLACK
6
CONTINUOUS
10
6.1374098031496063
20
-4.0782658661417326
11
6.1371594488188972
21
-4.0783569685039369
0
LINE
8
BLACK
6
CONTINUOUS
10
6.1371594488188972
20
-4.0783569685039369
11
6.1369881889763782
21
-4.0785611023622046
0
LINE
8
BLACK
6
CONTINUOUS
10
6.1369881889763782
20
-4.0785611023622046
11
6.1362325984251971
21
-4.0786943307086609
0
LINE
8
BLACK
6
CONTINUOUS
10
6.1362325984251971
20
-4.0786943307086609
11
6.1355118110236218
21
-4.078956692913386
0
LINE
8
BLACK
6
CONTINUOUS
10
6.1355118110236218
20
-4.078956692913386
11
6.0955118110236217
21
-4.078956692913386
0
LINE
8
BLACK
6
CONTINUOUS
10
6.0955118110236217
20
-4.078956692913386
11
6.0945018897637793
21
-4.0787786220472437
0
LINE
8
BLACK
6
CONTINUOUS
10
6.0945018897637793
20
-4.0787786220472437
11
6.0929546456692911
21
-4.0774803149606296
0
LINE
8
BLACK
6
CONTINUOUS
10
6.0929546456692911
20
-4.0774803149606296
11
6.0926038976377948
21
-4.075491181102362
0
LINE
8
BLACK
6
CONTINUOUS
10
6.0926038976377948
20
-4.075491181102362
11
6.0936138188976381
21
-4.0737420078740154
0
LINE
8
BLACK
6
CONTINUOUS
10
6.0936138188976381
20
-4.0737420078740154
11
6.0955118110236217
21
-4.073051181102362
0
LINE
8
BLACK
6
CONTINUOUS
10
6.0955118110236217
20
-4.073051181102362
11
6.1325590551181097
21
-4.073051181102362
0
LINE
8
BLACK
6
CONTINUOUS
10
6.1325590551181097
20
-4.073051181102362
11
6.1325590551181097
21
-4.0189566929133855
0
LINE
8
BLACK
6
CONTINUOUS
10
6.1325590551181097
20
-4.0189566929133855
11
6.0995888188976375
21
-4.0189566929133855
0
LINE
8
BLACK
6
CONTINUOUS
10
6.0995888188976375
20
-4.0189566929133855
11
6.0996554330708657
21
-4.0190012992125981
0
LINE
8
BLACK
6
CONTINUOUS
10
6.0996554330708657
20
-4.0190012992125981
11
6.1014135826771652
21
-4.0216384645669292
0
LINE
8
BLACK
6
CONTINUOUS
10
6.1014135826771652
20
-4.0216384645669292
11
6.1028924803149609
21
-4.023117362204724
0
LINE
8
BLACK
6
CONTINUOUS
10
6.1028924803149609
20
-4.023117362204724
11
6.1044566535433074
21
-4.0238994488188977
0
LINE
8
BLACK
6
CONTINUOUS
10
6.1044566535433074
20
-4.0238994488188977
11
6.1055347637795272
21
-4.0251425984251972
0
LINE
8
BLACK
6
CONTINUOUS
10
6.1055347637795272
20
-4.0251425984251972
11
6.1054181102362204
21
-4.0267840157480315
0
LINE
8
BLACK
6
CONTINUOUS
10
6.1054181102362204
20
-4.0267840157480315
11
6.1041749999999997
21
-4.0278621653543309
0
LINE
8
BLACK
6
CONTINUOUS
10
6.1041749999999997
20
-4.0278621653543309
11
6.1025335826771654
21
-4.0277454724409445
0
LINE
8
BLACK
6
CONTINUOUS
10
6.1025335826771654
20
-4.0277454724409445
11
6.1006574015748027
21
-4.0268073622047247
0
LINE
8
BLACK
6
CONTINUOUS
10
6.1006574015748027
20
-4.0268073622047247
11
6.1004255511811021
21
-4.0265400393700785
0
LINE
8
BLACK
6
CONTINUOUS
10
6.1004255511811021
20
-4.0265400393700785
11
6.1000986614173227
21
-4.0264046456692917
0
LINE
8
BLACK
6
CONTINUOUS
10
6.1000986614173227
20
-4.0264046456692917
11
6.1000165354330704
21
-4.0263225196850394
0
LINE
8
BLACK
6
CONTINUOUS
10
6.1000165354330704
20
-4.0263225196850394
11
6.1000165354330704
21
-4.0377438976377951
0
LINE
8
BLACK
6
CONTINUOUS
10
6.1000165354330704
20
-4.0377438976377951
11
6.1034951181102359
21
-4.0377438976377951
0
LINE
8
BLACK
6
CONTINUOUS
10
6.1034951181102359
20
-4.0377438976377951
11
6.1050153937007874
21
-4.0383736220472439
0
LINE
8
BLACK
6
CONTINUOUS
10
6.1050153937007874
20
-4.0383736220472439
11
6.1056451181102362
21
-4.0398938976377954
0
LINE
8
BLACK
6
CONTINUOUS
10
6.1056451181102362
20
-4.0398938976377954
11
6.1050153937007874
21
-4.041414173228346
0
LINE
8
BLACK
6
CONTINUOUS
10
6.1050153937007874
20
-4.041414173228346
11
6.1034951181102359
21
-4.0420438976377948
0
LINE
8
BLACK
6
CONTINUOUS
10
6.1034951181102359
20
-4.0420438976377948
11
6.097866535433071
21
-4.0420438976377948
0
LINE
8
BLACK
6
CONTINUOUS
10
6.097866535433071
20
-4.0420438976377948
11
6.0922379921259839
21
-4.0420438976377948
0
LINE
8
BLACK
6
CONTINUOUS
10
6.0922379921259839
20
-4.0420438976377948
11
6.0907177165354334
21
-4.041414173228346
0
LINE
8
BLACK
6
CONTINUOUS
10
6.0907177165354334
20
-4.041414173228346
11
6.0900879921259845
21
-4.0398938976377954
0
LINE
8
BLACK
6
CONTINUOUS
10
6.0900879921259845
20
-4.0398938976377954
11
6.0907177165354334
21
-4.0383736220472439
0
LINE
8
BLACK
6
CONTINUOUS
10
6.0907177165354334
20
-4.0383736220472439
11
6.0922379921259839
21
-4.0377438976377951
0
LINE
8
BLACK
6
CONTINUOUS
10
6.0922379921259839
20
-4.0377438976377951
11
6.0957165354330707
21
-4.0377438976377951
0
LINE
8
BLACK
6
CONTINUOUS
10
6.0957165354330707
20
-4.0377438976377951
11
6.0957165354330707
21
-4.0201938976377951
0
LINE
8
BLACK
6
CONTINUOUS
10
6.0957165354330707
20
-4.0201938976377951
11
6.095801220472441
21
-4.0199893307086612
0
LINE
8
BLACK
6
CONTINUOUS
10
6.095801220472441
20
-4.0199893307086612
11
6.0957583070866139
21
-4.0197722440944883
0
LINE
8
BLACK
6
CONTINUOUS
10
6.0957583070866139
20
-4.0197722440944883
11
6.0961066141732285
21
-4.0192520866141734
0
LINE
8
BLACK
6
CONTINUOUS
10
6.0961066141732285
20
-4.0192520866141734
11
6.0962289763779527
21
-4.0189566929133855
0
LINE
8
BLACK
6
CONTINUOUS
10
6.0962289763779527
20
-4.0189566929133855
11
6.0955118110236217
21
-4.0189566929133855
0
LINE
8
BLACK
6
CONTINUOUS
10
6.0955118110236217
20
-4.0189566929133855
11
6.0945018897637793
21
-4.0187786220472441
0
LINE
8
BLACK
6
CONTINUOUS
10
6.0945018897637793
20
-4.0187786220472441
11
6.0929546456692911
21
-4.01748031496063
0
LINE
8
BLACK
6
CONTINUOUS
10
6.0929546456692911
20
-4.01748031496063
11
6.0926038976377948
21
-4.0154911811023624
0
LINE
8
BLACK
6
CONTINUOUS
10
6.0926038976377948
20
-4.0154911811023624
11
6.0936138188976381
21
-4.0137420078740158
0
LINE
8
BLACK
6
CONTINUOUS
10
6.0936138188976381
20
-4.0137420078740158
11
6.0955118110236217
21
-4.0130511811023624
0
LINE
8
BLACK
6
CONTINUOUS
10
6.0955118110236217
20
-4.0130511811023624
11
6.1355118110236218
21
-4.0130511811023624
0
LINE
8
BLACK
6
CONTINUOUS
10
6.1355118110236218
20
-4.0130511811023624
11
6.1358953149606297
21
-4.0131187795275594
0
LINE
8
BLACK
6
CONTINUOUS
10
5.8483631889763776
20
-3.9692170866141732
11
5.848532598425197
21
-3.9692061811023622
0
LINE
8
BLACK
6
CONTINUOUS
10
5.848532598425197
20
-3.9692061811023622
11
5.8492231889763779
21
-3.969713622047244
0
LINE
8
BLACK
6
CONTINUOUS
10
5.8492231889763779
20
-3.969713622047244
11
5.8499653149606301
21
-3.970142125984252
0
LINE
8
BLACK
6
CONTINUOUS
10
5.8499653149606301
20
-3.970142125984252
11
5.8500233464566929
21
-3.9703016141732284
0
LINE
8
BLACK
6
CONTINUOUS
10
5.8500233464566929
20
-3.9703016141732284
11
5.8501602362204723
21
-3.9704022047244094
0
LINE
8
BLACK
6
CONTINUOUS
10
5.8501602362204723
20
-3.9704022047244094
11
5.853747559055118
21
-3.9757832283464567
0
LINE
8
BLACK
6
CONTINUOUS
10
5.853747559055118
20
-3.9757832283464567
11
5.8569515354330708
21
-3.9789872047244095
0
LINE
8
BLACK
6
CONTINUOUS
10
5.8569515354330708
20
-3.9789872047244095
11
5.8602724803149604
21
-3.9806476771653543
0
LINE
8
BLACK
6
CONTINUOUS
10
5.8602724803149604
20
-3.9806476771653543
11
5.8610961417322835
21
-3.9812585826771651
0
LINE
8
BLACK
6
CONTINUOUS
10
5.8610961417322835
20
-3.9812585826771651
11
5.861899409448819
21
-3.9831117716535434
0
LINE
8
BLACK
6
CONTINUOUS
10
5.861899409448819
20
-3.9831117716535434
11
5.861323543307086
21
-3.9850477952755905
0
LINE
8
BLACK
6
CONTINUOUS
10
5.861323543307086
20
-3.9850477952755905
11
5.8596379921259842
21
-3.98616062992126
0
LINE
8
BLACK
6
CONTINUOUS
10
5.8596379921259842
20
-3.98616062992126
11
5.8576314566929133
21
-3.9859297244094489
0
LINE
8
BLACK
6
CONTINUOUS
10
5.8576314566929133
20
-3.9859297244094489
11
5.8538819291338582
21
-3.9840549606299214
0
LINE
8
BLACK
6
CONTINUOUS
10
5.8538819291338582
20
-3.9840549606299214
11
5.8531728346456688
21
-3.9835290157480312
0
LINE
8
BLACK
6
CONTINUOUS
10
5.8531728346456688
20
-3.9835290157480312
11
5.8531145275590548
21
-3.9835018503937007
0
LINE
8
BLACK
6
CONTINUOUS
10
5.8531145275590548
20
-3.9835018503937007
11
5.8506561417322835
21
-3.981043464566929
0
LINE
8
BLACK
6
CONTINUOUS
10
5.8506561417322835
20
-3.981043464566929
11
5.8506561417322835
21
-4.0084574409448814
0
LINE
8
BLACK
6
CONTINUOUS
10
5.8506561417322835
20
-4.0084574409448814
11
5.8589519685039368
21
-4.0084574409448814
0
LINE
8
BLACK
6
CONTINUOUS
10
5.8589519685039368
20
-4.0084574409448814
11
5.8599618897637793
21
-4.0086355118110237
0
LINE
8
BLACK
6
CONTINUOUS
10
5.8599618897637793
20
-4.0086355118110237
11
5.8615091338582674
21
-4.0099338188976379
0
LINE
8
BLACK
6
CONTINUOUS
10
5.8615091338582674
20
-4.0099338188976379
11
5.8618598818897638
21
-4.0119229527559055
0
LINE
8
BLACK
6
CONTINUOUS
10
5.8618598818897638
20
-4.0119229527559055
11
5.8608499606299214
21
-4.013672125984252
0
LINE
8
BLACK
6
CONTINUOUS
10
5.8608499606299214
20
-4.013672125984252
11
5.8589519685039368
21
-4.0143629527559055
0
LINE
8
BLACK
6
CONTINUOUS
10
5.8589519685039368
20
-4.0143629527559055
11
5.8364548031496062
21
-4.0143629527559055
0
LINE
8
BLACK
6
CONTINUOUS
10
5.8364548031496062
20
-4.0143629527559055
11
5.8354448818897637
21
-4.0141848818897641
0
LINE
8
BLACK
6
CONTINUOUS
10
5.8354448818897637
20
-4.0141848818897641
11
5.8338976377952756
21
-4.0128865748031499
0
LINE
8
BLACK
6
CONTINUOUS
10
5.8338976377952756
20
-4.0128865748031499
11
5.8335468897637792
21
-4.0108974409448814
0
LINE
8
BLACK
6
CONTINUOUS
10
5.8335468897637792
20
-4.0108974409448814
11
5.8345568110236217
21
-4.0091482677165358
0
LINE
8
BLACK
6
CONTINUOUS
10
5.8345568110236217
20
-4.0091482677165358
11
5.8364548031496062
21
-4.0084574409448814
0
LINE
8
BLACK
6
CONTINUOUS
10
5.8364548031496062
20
-4.0084574409448814
11
5.8447506299212595
21
-4.0084574409448814
0
LINE
8
BLACK
6
CONTINUOUS
10
5.8447506299212595
20
-4.0084574409448814
11
5.8447506299212595
21
-3.9720401181102361
0
LINE
8
BLACK
6
CONTINUOUS
10
5.8447506299212595
20
-3.9720401181102361
11
5.8449287007874018
21
-3.9710301968503936
0
LINE
8
BLACK
6
CONTINUOUS
10
5.8449287007874018
20
-3.9710301968503936
11
5.8450377952755908
21
-3.9709001181102361
0
LINE
8
BLACK
6
CONTINUOUS
10
5.8450377952755908
20
-3.9709001181102361
11
5.845056496062992
21
-3.970731377952756
0
LINE
8
BLACK
6
CONTINUOUS
10
5.845056496062992
20
-3.970731377952756
11
5.845676102362205
21
-3.9701394488188977
0
LINE
8
BLACK
6
CONTINUOUS
10
5.845676102362205
20
-3.9701394488188977
11
5.8462270078740159
21
-3.9694829527559055
0
LINE
8
BLACK
6
CONTINUOUS
10
5.8462270078740159
20
-3.9694829527559055
11
5.8463942125984252
21
-3.969453464566929
0
LINE
8
BLACK
6
CONTINUOUS
10
5.8463942125984252
20
-3.969453464566929
11
5.8465170078740156
21
-3.9693361811023622
0
LINE
8
BLACK
6
CONTINUOUS
10
5.8465170078740156
20
-3.9693361811023622
11
5.8473721259842515
21
-3.969281023622047
0
LINE
8
BLACK
6
CONTINUOUS
10
5.8473721259842515
20
-3.969281023622047
11
5.8482161417322835
21
-3.9691322047244095
0
LINE
8
BLACK
6
CONTINUOUS
10
5.8482161417322835
20
-3.9691322047244095
11
5.8483631889763776
21
-3.9692170866141732
0
LINE
8
BLACK
6
CONTINUOUS
10
5.8912101574803151
20
-3.970142125984252
11
5.8919009842519685
21
-3.9720401181102361
0
LINE
8
BLACK
6
CONTINUOUS
10
5.8919009842519685
20
-3.9720401181102361
11
5.8919009842519685
21
-4.0114101968503935
0
LINE
8
BLACK
6
CONTINUOUS
10
5.8919009842519685
20
-4.0114101968503935
11
5.8918333464566928
21
-4.0117937007874014
0
LINE
8
BLACK
6
CONTINUOUS
10
5.8918333464566928
20
-4.0117937007874014
11
5.8918561417322834
21
-4.0119229527559055
0
LINE
8
BLACK
6
CONTINUOUS
10
5.8918561417322834
20
-4.0119229527559055
11
5.8917905118110232
21
-4.0120365354330705
0
LINE
8
BLACK
6
CONTINUOUS
10
5.8917905118110232
20
-4.0120365354330705
11
5.8917229133858262
21
-4.0124201181102359
0
LINE
8
BLACK
6
CONTINUOUS
10
5.8917229133858262
20
-4.0124201181102359
11
5.8912297637795277
21
-4.0130077952755903
0
LINE
8
BLACK
6
CONTINUOUS
10
5.8912297637795277
20
-4.0130077952755903
11
5.890846220472441
21
-4.013672125984252
0
LINE
8
BLACK
6
CONTINUOUS
10
5.890846220472441
20
-4.013672125984252
11
5.8905958661417319
21
-4.0137632283464564
0
LINE
8
BLACK
6
CONTINUOUS
10
5.8905958661417319
20
-4.0137632283464564
11
5.8904246062992121
21
-4.0139673622047241
0
LINE
8
BLACK
6
CONTINUOUS
10
5.8904246062992121
20
-4.0139673622047241
11
5.8896690157480309
21
-4.0141005905511813
0
LINE
8
BLACK
6
CONTINUOUS
10
5.8896690157480309
20
-4.0141005905511813
11
5.8889482283464565
21
-4.0143629527559055
0
LINE
8
BLACK
6
CONTINUOUS
10
5.8889482283464565
20
-4.0143629527559055
11
5.8702005905511809
21
-4.0143629527559055
0
LINE
8
BLACK
6
CONTINUOUS
10
5.8702005905511809
20
-4.0143629527559055
11
5.8691906692913385
21
-4.0141848818897641
0
LINE
8
BLACK
6
CONTINUOUS
10
5.8691906692913385
20
-4.0141848818897641
11
5.8676434251968503
21
-4.0128865748031499
0
LINE
8
BLACK
6
CONTINUOUS
10
5.8676434251968503
20
-4.0128865748031499
11
5.867292677165354
21
-4.0108974409448814
0
LINE
8
BLACK
6
CONTINUOUS
10
5.867292677165354
20
-4.0108974409448814
11
5.8683025984251964
21
-4.0091482677165358
0
LINE
8
BLACK
6
CONTINUOUS
10
5.8683025984251964
20
-4.0091482677165358
11
5.8702005905511809
21
-4.0084574409448814
0
LINE
8
BLACK
6
CONTINUOUS
10
5.8702005905511809
20
-4.0084574409448814
11
5.8859954724409445
21
-4.0084574409448814
0
LINE
8
BLACK
6
CONTINUOUS
10
5.8859954724409445
20
-4.0084574409448814
11
5.8859954724409445
21
-3.9720401181102361
0
LINE
8
BLACK
6
CONTINUOUS
10
5.8859954724409445
20
-3.9720401181102361
11
5.8861735433070868
21
-3.9710301968503936
0
LINE
8
BLACK
6
CONTINUOUS
10
5.8861735433070868
20
-3.9710301968503936
11
5.8874718503937009
21
-3.9694829527559055
0
LINE
8
BLACK
6
CONTINUOUS
10
5.8874718503937009
20
-3.9694829527559055
11
5.8894609842519685
21
-3.9691322047244095
0
LINE
8
BLACK
6
CONTINUOUS
10
5.8894609842519685
20
-3.9691322047244095
11
5.8912101574803151
21
-3.970142125984252
0
LINE
8
BLACK
6
CONTINUOUS
10
5.9230775196850391
20
-3.969154960629921
11
5.9232067716535433
21
-3.9691322047244095
0
LINE
8
BLACK
6
CONTINUOUS
10
5.9232067716535433
20
-3.9691322047244095
11
5.9233203543307082
21
-3.9691977952755906
0
LINE
8
BLACK
6
CONTINUOUS
10
5.9233203543307082
20
-3.9691977952755906
11
5.9237039370078737
21
-3.9692654330708659
0
LINE
8
BLACK
6
CONTINUOUS
10
5.9237039370078737
20
-3.9692654330708659
11
5.924291614173228
21
-3.9697585433070866
0
LINE
8
BLACK
6
CONTINUOUS
10
5.924291614173228
20
-3.9697585433070866
11
5.9249559448818898
21
-3.970142125984252
0
LINE
8
BLACK
6
CONTINUOUS
10
5.9249559448818898
20
-3.970142125984252
11
5.9250470472440941
21
-3.9703924409448819
0
LINE
8
BLACK
6
CONTINUOUS
10
5.9250470472440941
20
-3.9703924409448819
11
5.9252511811023618
21
-3.97056374015748
0
LINE
8
BLACK
6
CONTINUOUS
10
5.9252511811023618
20
-3.97056374015748
11
5.9253844094488191
21
-3.9713192913385824
0
LINE
8
BLACK
6
CONTINUOUS
10
5.9253844094488191
20
-3.9713192913385824
11
5.9256467716535433
21
-3.9720401181102361
0
LINE
8
BLACK
6
CONTINUOUS
10
5.9256467716535433
20
-3.9720401181102361
11
5.9256467716535433
21
-4.0114101968503935
0
LINE
8
BLACK
6
CONTINUOUS
10
5.9256467716535433
20
-4.0114101968503935
11
5.9254687007874018
21
-4.0124201181102359
0
LINE
8
BLACK
6
CONTINUOUS
10
5.9254687007874018
20
-4.0124201181102359
11
5.9241703937007877
21
-4.0139673622047241
0
LINE
8
BLACK
6
CONTINUOUS
10
5.9241703937007877
20
-4.0139673622047241
11
5.9221812598425192
21
-4.0143181102362204
0
LINE
8
BLACK
6
CONTINUOUS
10
5.9221812598425192
20
-4.0143181102362204
11
5.9204320866141735
21
-4.013308188976378
0
LINE
8
BLACK
6
CONTINUOUS
10
5.9204320866141735
20
-4.013308188976378
11
5.9197412598425192
21
-4.0114101968503935
0
LINE
8
BLACK
6
CONTINUOUS
10
5.9197412598425192
20
-4.0114101968503935
11
5.9197412598425192
21
-3.9937405118110236
0
LINE
8
BLACK
6
CONTINUOUS
10
5.9197412598425192
20
-3.9937405118110236
11
5.9095706692913383
21
-3.9937405118110236
0
LINE
8
BLACK
6
CONTINUOUS
10
5.9095706692913383
20
-3.9937405118110236
11
5.9085607480314959
21
-3.9935624409448818
0
LINE
8
BLACK
6
CONTINUOUS
10
5.9085607480314959
20
-3.9935624409448818
11
5.9070135039370077
21
-3.9922641338582676
0
LINE
8
BLACK
6
CONTINUOUS
10
5.9070135039370077
20
-3.9922641338582676
11
5.9066627559055114
21
-3.990275
0
LINE
8
BLACK
6
CONTINUOUS
10
5.9066627559055114
20
-3.990275
11
5.9076726771653538
21
-3.9885258267716535
0
LINE
8
BLACK
6
CONTINUOUS
10
5.9076726771653538
20
-3.9885258267716535
11
5.9095706692913383
21
-3.987835
0
LINE
8
BLACK
6
CONTINUOUS
10
5.9095706692913383
20
-3.987835
11
5.9197412598425192
21
-3.987835
0
LINE
8
BLACK
6
CONTINUOUS
10
5.9197412598425192
20
-3.987835
11
5.9197412598425192
21
-3.9749928740157481
0
LINE
8
BLACK
6
CONTINUOUS
10
5.9197412598425192
20
-3.9749928740157481
11
5.9039463779527557
21
-3.9749928740157481
0
LINE
8
BLACK
6
CONTINUOUS
10
5.9039463779527557
20
-3.9749928740157481
11
5.9029364566929132
21
-3.9748148031496062
0
LINE
8
BLACK
6
CONTINUOUS
10
5.9029364566929132
20
-3.9748148031496062
11
5.9013892125984251
21
-3.9735164960629921
0
LINE
8
BLACK
6
CONTINUOUS
10
5.9013892125984251
20
-3.9735164960629921
11
5.9010384645669287
21
-3.9715273622047245
0
LINE
8
BLACK
6
CONTINUOUS
10
5.9010384645669287
20
-3.9715273622047245
11
5.9020483858267712
21
-3.9697781889763779
0
LINE
8
BLACK
6
CONTINUOUS
10
5.9020483858267712
20
-3.9697781889763779
11
5.9039463779527557
21
-3.9690873622047245
0
LINE
8
BLACK
6
CONTINUOUS
10
5.9039463779527557
20
-3.9690873622047245
11
5.9226940157480312
21
-3.9690873622047245
0
LINE
8
BLACK
6
CONTINUOUS
10
5.9226940157480312
20
-3.9690873622047245
11
5.9230775196850391
21
-3.969154960629921
0
LINE
8
BLACK
6
CONTINUOUS
10
5.9553149606299209
20
-3.9162007874015745
11
5.9570827165354325
21
-3.9169330314960629
0
LINE
8
BLACK
6
CONTINUOUS
10
5.9570827165354325
20
-3.9169330314960629
11
5.9578149606299213
21
-3.9187007874015749
0
LINE
8
BLACK
6
CONTINUOUS
10
5.9578149606299213
20
-3.9187007874015749
11
5.9578149606299213
21
-4.0683070866141735
0
LINE
8
BLACK
6
CONTINUOUS
10
5.9578149606299213
20
-4.0683070866141735
11
5.9570827165354325
21
-4.0700748425196851
0
LINE
8
BLACK
6
CONTINUOUS
10
5.9570827165354325
20
-4.0700748425196851
11
5.9553149606299209
21
-4.070807086614173
0
LINE
8
BLACK
6
CONTINUOUS
10
5.9553149606299209
20
-4.070807086614173
11
5.8057086614173228
21
-4.070807086614173
0
LINE
8
BLACK
6
CONTINUOUS
10
5.8057086614173228
20
-4.070807086614173
11
5.8039409055118112
21
-4.0700748425196851
0
LINE
8
BLACK
6
CONTINUOUS
10
5.8039409055118112
20
-4.0700748425196851
11
5.8032086614173224
21
-4.0683070866141735
0
LINE
8
BLACK
6
CONTINUOUS
10
5.8032086614173224
20
-4.0683070866141735
11
5.8032086614173224
21
-3.9187007874015749
0
LINE
8
BLACK
6
CONTINUOUS
10
5.8032086614173224
20
-3.9187007874015749
11
5.8039409055118112
21
-3.9169330314960629
0
LINE
8
BLACK
6
CONTINUOUS
10
5.8039409055118112
20
-3.9169330314960629
11
5.8057086614173228
21
-3.9162007874015745
0
LINE
8
BLACK
6
CONTINUOUS
10
5.8057086614173228
20
-3.9162007874015745
11
5.9553149606299209
21
-3.9162007874015745
0
LINE
8
BLACK
6
CONTINUOUS
10
5.8082086614173223
20
-3.9212007874015748
11
5.8082086614173223
21
-4.0658070866141731
0
LINE
8
BLACK
6
CONTINUOUS
10
5.8082086614173223
20
-4.0658070866141731
11
5.9528149606299214
21
-4.0658070866141731
0
LINE
8
BLACK
6
CONTINUOUS
10
5.9528149606299214
20
-4.0658070866141731
11
5.9528149606299214
21
-3.9212007874015748
0
LINE
8
BLACK
6
CONTINUOUS
10
5.9528149606299214
20
-3.9212007874015748
11
5.8082086614173223
21
-3.9212007874015748
0
LINE
8
BLACK
6
CONTINUOUS
10
6.0710207874015749
20
-4.045820787401575
11
6.0717137007874014
21
-4.0460298818897638
0
LINE
8
BLACK
6
CONTINUOUS
10
6.0717137007874014
20
-4.0460298818897638
11
6.0717674409448819
21
-4.0461300787401573
0
LINE
8
BLACK
6
CONTINUOUS
10
6.0717674409448819
20
-4.0461300787401573
11
6.0718725196850389
21
-4.0461736220472444
0
LINE
8
BLACK
6
CONTINUOUS
10
6.0718725196850389
20
-4.0461736220472444
11
6.0721494488188972
21
-4.0468421653543309
0
LINE
8
BLACK
6
CONTINUOUS
10
6.0721494488188972
20
-4.0468421653543309
11
6.0724915748031494
21
-4.0474799606299214
0
LINE
8
BLACK
6
CONTINUOUS
10
6.0724915748031494
20
-4.0474799606299214
11
6.0734296850393701
21
-4.0568609055118108
0
LINE
8
BLACK
6
CONTINUOUS
10
6.0734296850393701
20
-4.0568609055118108
11
6.0733968110236223
21
-4.0569697244094485
0
LINE
8
BLACK
6
CONTINUOUS
10
6.0733968110236223
20
-4.0569697244094485
11
6.0734403543307085
21
-4.0570748031496064
0
LINE
8
BLACK
6
CONTINUOUS
10
6.0734403543307085
20
-4.0570748031496064
11
6.0731633858267715
21
-4.0577433858267717
0
LINE
8
BLACK
6
CONTINUOUS
10
6.0731633858267715
20
-4.0577433858267717
11
6.0729543700787403
21
-4.0584362992125982
0
LINE
8
BLACK
6
CONTINUOUS
10
6.0729543700787403
20
-4.0584362992125982
11
6.072854133858268
21
-4.0584900393700787
0
LINE
8
BLACK
6
CONTINUOUS
10
6.072854133858268
20
-4.0584900393700787
11
6.0728106692913384
21
-4.058595078740157
0
LINE
8
BLACK
6
CONTINUOUS
10
6.0728106692913384
20
-4.058595078740157
11
6.0721420866141731
21
-4.0588720078740153
0
LINE
8
BLACK
6
CONTINUOUS
10
6.0721420866141731
20
-4.0588720078740153
11
6.0715042913385826
21
-4.0592141732283462
0
LINE
8
BLACK
6
CONTINUOUS
10
6.0715042913385826
20
-4.0592141732283462
11
6.0713954330708662
21
-4.0591812992125984
0
LINE
8
BLACK
6
CONTINUOUS
10
6.0713954330708662
20
-4.0591812992125984
11
6.0712903937007869
21
-4.0592248425196846
0
LINE
8
BLACK
6
CONTINUOUS
10
6.0712903937007869
20
-4.0592248425196846
11
6.0706215748031491
21
-4.0589477952755901
0
LINE
8
BLACK
6
CONTINUOUS
10
6.0706215748031491
20
-4.0589477952755901
11
6.0699288976377952
21
-4.0587388188976377
0
LINE
8
BLACK
6
CONTINUOUS
10
6.0699288976377952
20
-4.0587388188976377
11
6.0698751574803147
21
-4.0586386614173229
0
LINE
8
BLACK
6
CONTINUOUS
10
6.0698751574803147
20
-4.0586386614173229
11
6.0697701181102364
21
-4.0585951574803145
0
LINE
8
BLACK
6
CONTINUOUS
10
6.0697701181102364
20
-4.0585951574803145
11
6.0690786614173229
21
-4.0579037401574798
0
LINE
8
BLACK
6
CONTINUOUS
10
6.0690786614173229
20
-4.0579037401574798
11
6.0679685433070869
21
-4.0573486614173229
0
LINE
8
BLACK
6
CONTINUOUS
10
6.0679685433070869
20
-4.0573486614173229
11
6.0642931889763778
21
-4.0573486614173229
0
LINE
8
BLACK
6
CONTINUOUS
10
6.0642931889763778
20
-4.0573486614173229
11
6.0631829527559056
21
-4.0579037401574798
0
LINE
8
BLACK
6
CONTINUOUS
10
6.0631829527559056
20
-4.0579037401574798
11
6.0627382677165356
21
-4.0583484251968507
0
LINE
8
BLACK
6
CONTINUOUS
10
6.0627382677165356
20
-4.0583484251968507
11
6.0621832283464565
21
-4.0594585826771654
0
LINE
8
BLACK
6
CONTINUOUS
10
6.0621832283464565
20
-4.0594585826771654
11
6.0621832283464565
21
-4.0631339763779524
0
LINE
8
BLACK
6
CONTINUOUS
10
6.0621832283464565
20
-4.0631339763779524
11
6.0627383070866143
21
-4.0642441732283467
0
LINE
8
BLACK
6
CONTINUOUS
10
6.0627383070866143
20
-4.0642441732283467
11
6.0631829133858268
21
-4.0646887795275592
0
LINE
8
BLACK
6
CONTINUOUS
10
6.0631829133858268
20
-4.0646887795275592
11
6.0642931496062991
21
-4.0652438976377949
0
LINE
8
BLACK
6
CONTINUOUS
10
6.0642931496062991
20
-4.0652438976377949
11
6.0679685039370082
21
-4.0652438976377949
0
LINE
8
BLACK
6
CONTINUOUS
10
6.0679685039370082
20
-4.0652438976377949
11
6.0690787007874016
21
-4.0646887795275592
0
LINE
8
BLACK
6
CONTINUOUS
10
6.0690787007874016
20
-4.0646887795275592
11
6.0697700787401576
21
-4.063997440944882
0
LINE
8
BLACK
6
CONTINUOUS
10
6.0697700787401576
20
-4.063997440944882
11
6.0712903543307082
21
-4.0633677165354332
0
LINE
8
BLACK
6
CONTINUOUS
10
6.0712903543307082
20
-4.0633677165354332
11
6.0728106299212596
21
-4.063997440944882
0
LINE
8
BLACK
6
CONTINUOUS
10
6.0728106299212596
20
-4.063997440944882
11
6.0734403543307085
21
-4.0655177165354326
0
LINE
8
BLACK
6
CONTINUOUS
10
6.0734403543307085
20
-4.0655177165354326
11
6.0728106299212596
21
-4.067037992125984
0
LINE
8
BLACK
6
CONTINUOUS
10
6.0728106299212596
20
-4.067037992125984
11
6.0718725196850389
21
-4.0679761023622047
0
LINE
8
BLACK
6
CONTINUOUS
10
6.0718725196850389
20
-4.0679761023622047
11
6.0715455905511808
21
-4.0681114960629916
0
LINE
8
BLACK
6
CONTINUOUS
10
6.0715455905511808
20
-4.0681114960629916
11
6.0713137401574802
21
-4.0683788582677165
0
LINE
8
BLACK
6
CONTINUOUS
10
6.0713137401574802
20
-4.0683788582677165
11
6.0694375590551184
21
-4.0693169291338585
0
LINE
8
BLACK
6
CONTINUOUS
10
6.0694375590551184
20
-4.0693169291338585
11
6.0689383858267716
21
-4.0693523622047243
0
LINE
8
BLACK
6
CONTINUOUS
10
6.0689383858267716
20
-4.0693523622047243
11
6.0684760629921257
21
-4.0695438976377956
0
LINE
8
BLACK
6
CONTINUOUS
10
6.0684760629921257
20
-4.0695438976377956
11
6.0637855905511806
21
-4.0695438976377956
0
LINE
8
BLACK
6
CONTINUOUS
10
6.0637855905511806
20
-4.0695438976377956
11
6.0633232283464569
21
-4.0693523622047243
0
LINE
8
BLACK
6
CONTINUOUS
10
6.0633232283464569
20
-4.0693523622047243
11
6.0628240944881888
21
-4.0693169291338585
0
LINE
8
BLACK
6
CONTINUOUS
10
6.0628240944881888
20
-4.0693169291338585
11
6.0609479133858271
21
-4.0683788582677165
0
LINE
8
BLACK
6
CONTINUOUS
10
6.0609479133858271
20
-4.0683788582677165
11
6.0607160236220468
21
-4.0681114960629916
0
LINE
8
BLACK
6
CONTINUOUS
10
6.0607160236220468
20
-4.0681114960629916
11
6.0603891338582674
21
-4.0679761023622047
0
LINE
8
BLACK
6
CONTINUOUS
10
6.0603891338582674
20
-4.0679761023622047
11
6.0594510236220467
21
-4.067037992125984
0
LINE
8
BLACK
6
CONTINUOUS
10
6.0594510236220467
20
-4.067037992125984
11
6.0593155905511811
21
-4.0667110629921259
0
LINE
8
BLACK
6
CONTINUOUS
10
6.0593155905511811
20
-4.0667110629921259
11
6.0590482677165349
21
-4.0664792125984253
0
LINE
8
BLACK
6
CONTINUOUS
10
6.0590482677165349
20
-4.0664792125984253
11
6.0581101968503939
21
-4.0646030314960626
0
LINE
8
BLACK
6
CONTINUOUS
10
6.0581101968503939
20
-4.0646030314960626
11
6.0580747244094484
21
-4.0641038582677167
0
LINE
8
BLACK
6
CONTINUOUS
10
6.0580747244094484
20
-4.0641038582677167
11
6.0578832283464568
21
-4.0636415354330708
0
LINE
8
BLACK
6
CONTINUOUS
10
6.0578832283464568
20
-4.0636415354330708
11
6.0578832283464568
21
-4.0589510629921257
0
LINE
8
BLACK
6
CONTINUOUS
10
6.0578832283464568
20
-4.0589510629921257
11
6.0580747244094484
21
-4.0584887007874011
0
LINE
8
BLACK
6
CONTINUOUS
10
6.0580747244094484
20
-4.0584887007874011
11
6.0581101968503939
21
-4.0579895669291339
0
LINE
8
BLACK
6
CONTINUOUS
10
6.0581101968503939
20
-4.0579895669291339
11
6.0590482677165349
21
-4.0561133464566925
0
LINE
8
BLACK
6
CONTINUOUS
10
6.0590482677165349
20
-4.0561133464566925
11
6.0593156299212598
21
-4.0558814173228344
0
LINE
8
BLACK
6
CONTINUOUS
10
6.0593156299212598
20
-4.0558814173228344
11
6.0594510629921254
21
-4.055554527559055
0
LINE
8
BLACK
6
CONTINUOUS
10
6.0594510629921254
20
-4.055554527559055
11
6.0603891732283461
21
-4.054616456692913
0
LINE
8
BLACK
6
CONTINUOUS
10
6.0603891732283461
20
-4.054616456692913
11
6.0607160236220468
21
-4.0544810629921262
0
LINE
8
BLACK
6
CONTINUOUS
10
6.0607160236220468
20
-4.0544810629921262
11
6.0609478740157483
21
-4.0542137795275588
0
LINE
8
BLACK
6
CONTINUOUS
10
6.0609478740157483
20
-4.0542137795275588
11
6.0628240551181101
21
-4.0532756692913381
0
LINE
8
BLACK
6
CONTINUOUS
10
6.0628240551181101
20
-4.0532756692913381
11
6.0633231889763781
21
-4.0532401574803147
0
LINE
8
BLACK
6
CONTINUOUS
10
6.0633231889763781
20
-4.0532401574803147
11
6.0637855905511806
21
-4.0530486614173231
0
LINE
8
BLACK
6
CONTINUOUS
10
6.0637855905511806
20
-4.0530486614173231
11
6.0684760629921257
21
-4.0530486614173231
0
LINE
8
BLACK
6
CONTINUOUS
10
6.0684760629921257
20
-4.0530486614173231
11
6.0687378346456695
21
-4.0531570866141733
0
LINE
8
BLACK
6
CONTINUOUS
10
6.0687378346456695
20
-4.0531570866141733
11
6.0684065354330707
21
-4.0498438976377953
0
LINE
8
BLACK
6
CONTINUOUS
10
6.0684065354330707
20
-4.0498438976377953
11
6.0609712992125981
21
-4.0498438976377953
0
LINE
8
BLACK
6
CONTINUOUS
10
6.0609712992125981
20
-4.0498438976377953
11
6.0594510236220467
21
-4.0492141732283464
0
LINE
8
BLACK
6
CONTINUOUS
10
6.0594510236220467
20
-4.0492141732283464
11
6.0588212992125987
21
-4.047693897637795
0
LINE
8
BLACK
6
CONTINUOUS
10
6.0588212992125987
20
-4.047693897637795
11
6.0594510236220467
21
-4.0461736220472444
0
LINE
8
BLACK
6
CONTINUOUS
10
6.0594510236220467
20
-4.0461736220472444
11
6.0609712992125981
21
-4.0455438976377955
0
LINE
8
BLACK
6
CONTINUOUS
10
6.0609712992125981
20
-4.0455438976377955
11
6.0703522440944884
21
-4.0455438976377955
0
LINE
8
BLACK
6
CONTINUOUS
10
6.0703522440944884
20
-4.0455438976377955
11
6.0710207874015749
21
-4.045820787401575
0
LINE
8
BLACK
6
CONTINUOUS
10
6.0847505511811022
20
-4.0456792913385824
11
6.0851035826771653
21
-4.0456542125984249
0
LINE
8
BLACK
6
CONTINUOUS
10
6.0851035826771653
20
-4.0456542125984249
11
6.0879179133858266
21
-4.0465923622047244
0
LINE
8
BLACK
6
CONTINUOUS
10
6.0879179133858266
20
-4.0465923622047244
11
6.0882959448818896
21
-4.0469201968503938
0
LINE
8
BLACK
6
CONTINUOUS
10
6.0882959448818896
20
-4.0469201968503938
11
6.0887582677165355
21
-4.0471117322834642
0
LINE
8
BLACK
6
CONTINUOUS
10
6.0887582677165355
20
-4.0471117322834642
11
6.0906344488188973
21
-4.0489879133858269
0
LINE
8
BLACK
6
CONTINUOUS
10
6.0906344488188973
20
-4.0489879133858269
11
6.090769842519685
21
-4.0493148031496062
0
LINE
8
BLACK
6
CONTINUOUS
10
6.090769842519685
20
-4.0493148031496062
11
6.091037204724409
21
-4.0495466929133856
0
LINE
8
BLACK
6
CONTINUOUS
10
6.091037204724409
20
-4.0495466929133856
11
6.091975275590551
21
-4.0514228740157483
0
LINE
8
BLACK
6
CONTINUOUS
10
6.091975275590551
20
-4.0514228740157483
11
6.0919925590551181
21
-4.0516666141732278
0
LINE
8
BLACK
6
CONTINUOUS
10
6.0919925590551181
20
-4.0516666141732278
11
6.0921380314960629
21
-4.0518629133858264
0
LINE
8
BLACK
6
CONTINUOUS
10
6.0921380314960629
20
-4.0518629133858264
11
6.0930761417322836
21
-4.0556153149606295
0
LINE
8
BLACK
6
CONTINUOUS
10
6.0930761417322836
20
-4.0556153149606295
11
6.0930360236220471
21
-4.0558848818897637
0
LINE
8
BLACK
6
CONTINUOUS
10
6.0930360236220471
20
-4.0558848818897637
11
6.0931403543307088
21
-4.0561367716535432
0
LINE
8
BLACK
6
CONTINUOUS
10
6.0931403543307088
20
-4.0561367716535432
11
6.0931403543307088
21
-4.0589510629921257
0
LINE
8
BLACK
6
CONTINUOUS
10
6.0931403543307088
20
-4.0589510629921257
11
6.0930360236220471
21
-4.0592029133858265
0
LINE
8
BLACK
6
CONTINUOUS
10
6.0930360236220471
20
-4.0592029133858265
11
6.0930761417322836
21
-4.0594725590551182
0
LINE
8
BLACK
6
CONTINUOUS
10
6.0930761417322836
20
-4.0594725590551182
11
6.0921380314960629
21
-4.0632248818897638
0
LINE
8
BLACK
6
CONTINUOUS
10
6.0921380314960629
20
-4.0632248818897638
11
6.0919925590551181
21
-4.0634211417322836
0
LINE
8
BLACK
6
CONTINUOUS
10
6.0919925590551181
20
-4.0634211417322836
11
6.091975275590551
21
-4.0636649212598428
0
LINE
8
BLACK
6
CONTINUOUS
10
6.091975275590551
20
-4.0636649212598428
11
6.091037204724409
21
-4.0655411023622046
0
LINE
8
BLACK
6
CONTINUOUS
10
6.091037204724409
20
-4.0655411023622046
11
6.090769842519685
21
-4.0657729527559052
0
LINE
8
BLACK
6
CONTINUOUS
10
6.090769842519685
20
-4.0657729527559052
11
6.0906344488188973
21
-4.0660998818897633
0
LINE
8
BLACK
6
CONTINUOUS
10
6.0906344488188973
20
-4.0660998818897633
11
6.0887583070866143
21
-4.0679761023622047
0
LINE
8
BLACK
6
CONTINUOUS
10
6.0887583070866143
20
-4.0679761023622047
11
6.0882958661417321
21
-4.0681676377952751
0
LINE
8
BLACK
6
CONTINUOUS
10
6.0882958661417321
20
-4.0681676377952751
11
6.087917834645669
21
-4.0684955118110233
0
LINE
8
BLACK
6
CONTINUOUS
10
6.087917834645669
20
-4.0684955118110233
11
6.0851035826771653
21
-4.0694335826771653
0
LINE
8
BLACK
6
CONTINUOUS
10
6.0851035826771653
20
-4.0694335826771653
11
6.0847505905511809
21
-4.0694084645669291
0
LINE
8
BLACK
6
CONTINUOUS
10
6.0847505905511809
20
-4.0694084645669291
11
6.0844237007874016
21
-4.0695438976377956
0
LINE
8
BLACK
6
CONTINUOUS
10
6.0844237007874016
20
-4.0695438976377956
11
6.0825474803149602
21
-4.0695438976377956
0
LINE
8
BLACK
6
CONTINUOUS
10
6.0825474803149602
20
-4.0695438976377956
11
6.0822205905511808
21
-4.0694084645669291
0
LINE
8
BLACK
6
CONTINUOUS
10
6.0822205905511808
20
-4.0694084645669291
11
6.0818675984251964
21
-4.0694335826771653
0
LINE
8
BLACK
6
CONTINUOUS
10
6.0818675984251964
20
-4.0694335826771653
11
6.0790533464566927
21
-4.0684955118110233
0
LINE
8
BLACK
6
CONTINUOUS
10
6.0790533464566927
20
-4.0684955118110233
11
6.0786752755905509
21
-4.0681675984251964
0
LINE
8
BLACK
6
CONTINUOUS
10
6.0786752755905509
20
-4.0681675984251964
11
6.078212952755905
21
-4.0679761023622047
0
LINE
8
BLACK
6
CONTINUOUS
10
6.078212952755905
20
-4.0679761023622047
11
6.0772748425196852
21
-4.067037992125984
0
LINE
8
BLACK
6
CONTINUOUS
10
6.0772748425196852
20
-4.067037992125984
11
6.0766451181102363
21
-4.0655177165354326
0
LINE
8
BLACK
6
CONTINUOUS
10
6.0766451181102363
20
-4.0655177165354326
11
6.0772748425196852
21
-4.063997440944882
0
LINE
8
BLACK
6
CONTINUOUS
10
6.0772748425196852
20
-4.063997440944882
11
6.0787951181102358
21
-4.0633677165354332
0
LINE
8
BLACK
6
CONTINUOUS
10
6.0787951181102358
20
-4.0633677165354332
11
6.0803153937007872
21
-4.063997440944882
0
LINE
8
BLACK
6
CONTINUOUS
10
6.0803153937007872
20
-4.063997440944882
11
6.0808945669291337
21
-4.0645766141732285
0
LINE
8
BLACK
6
CONTINUOUS
10
6.0808945669291337
20
-4.0645766141732285
11
6.0828964173228348
21
-4.0652438976377949
0
LINE
8
BLACK
6
CONTINUOUS
10
6.0828964173228348
20
-4.0652438976377949
11
6.0840747637795278
21
-4.0652438976377949
0
LINE
8
BLACK
6
CONTINUOUS
10
6.0840747637795278
20
-4.0652438976377949
11
6.0860765354330706
21
-4.0645766141732285
0
LINE
8
BLACK
6
CONTINUOUS
10
6.0860765354330706
20
-4.0645766141732285
11
6.0873471653543305
21
-4.0633059842519685
0
LINE
8
BLACK
6
CONTINUOUS
10
6.0873471653543305
20
-4.0633059842519685
11
6.0880237007874012
21
-4.0619529133858263
0
LINE
8
BLACK
6
CONTINUOUS
10
6.0880237007874012
20
-4.0619529133858263
11
6.0888403543307081
21
-4.0586862992125985
0
LINE
8
BLACK
6
CONTINUOUS
10
6.0888403543307081
20
-4.0586862992125985
11
6.0888403543307081
21
-4.0564014960629917
0
LINE
8
BLACK
6
CONTINUOUS
10
6.0888403543307081
20
-4.0564014960629917
11
6.0880237007874012
21
-4.0531348425196851
0
LINE
8
BLACK
6
CONTINUOUS
10
6.0880237007874012
20
-4.0531348425196851
11
6.0873471259842518
21
-4.0517816929133854
0
LINE
8
BLACK
6
CONTINUOUS
10
6.0873471259842518
20
-4.0517816929133854
11
6.0860766141732281
21
-4.0505111811023617
0
LINE
8
BLACK
6
CONTINUOUS
10
6.0860766141732281
20
-4.0505111811023617
11
6.0840747637795278
21
-4.0498438976377953
0
LINE
8
BLACK
6
CONTINUOUS
10
6.0840747637795278
20
-4.0498438976377953
11
6.0828963385826773
21
-4.0498438976377953
0
LINE
8
BLACK
6
CONTINUOUS
10
6.0828963385826773
20
-4.0498438976377953
11
6.0808946062992124
21
-4.050511141732283
0
LINE
8
BLACK
6
CONTINUOUS
10
6.0808946062992124
20
-4.050511141732283
11
6.0803153543307085
21
-4.0510903937007869
0
LINE
8
BLACK
6
CONTINUOUS
10
6.0803153543307085
20
-4.0510903937007869
11
6.078795078740157
21
-4.051720078740157
0
LINE
8
BLACK
6
CONTINUOUS
10
6.078795078740157
20
-4.051720078740157
11
6.0772748031496064
21
-4.0510903149606294
0
LINE
8
BLACK
6
CONTINUOUS
10
6.0772748031496064
20
-4.0510903149606294
11
6.0766451181102363
21
-4.0495700393700789
0
LINE
8
BLACK
6
CONTINUOUS
10
6.0766451181102363
20
-4.0495700393700789
11
6.0772748818897639
21
-4.0480497637795274
0
LINE
8
BLACK
6
CONTINUOUS
10
6.0772748818897639
20
-4.0480497637795274
11
6.0782129921259838
21
-4.0471116929133855
0
LINE
8
BLACK
6
CONTINUOUS
10
6.0782129921259838
20
-4.0471116929133855
11
6.0786752755905509
21
-4.0469201968503938
0
LINE
8
BLACK
6
CONTINUOUS
10
6.0786752755905509
20
-4.0469201968503938
11
6.079053307086614
21
-4.0465923622047244
0
LINE
8
BLACK
6
CONTINUOUS
10
6.079053307086614
20
-4.0465923622047244
11
6.0818675984251964
21
-4.0456542519685037
0
LINE
8
BLACK
6
CONTINUOUS
10
6.0818675984251964
20
-4.0456542519685037
11
6.0822205118110233
21
-4.0456792913385824
0
LINE
8
BLACK
6
CONTINUOUS
10
6.0822205118110233
20
-4.0456792913385824
11
6.0825474803149602
21
-4.0455438976377955
0
LINE
8
BLACK
6
CONTINUOUS
10
6.0825474803149602
20
-4.0455438976377955
11
6.0844237007874016
21
-4.0455438976377955
0
LINE
8
BLACK
6
CONTINUOUS
10
6.0844237007874016
20
-4.0455438976377955
11
6.0847505511811022
21
-4.0456792913385824
0
LINE
8
BLACK
6
CONTINUOUS
10
6.0814432283464566
20
-4.0248020472440942
11
6.0819424015748034
21
-4.0248375590551184
0
LINE
8
BLACK
6
CONTINUOUS
10
6.0819424015748034
20
-4.0248375590551184
11
6.0825335039370074
21
-4.0251331102362204
0
LINE
8
BLACK
6
CONTINUOUS
10
6.0825335039370074
20
-4.0251331102362204
11
6.0837951181102357
21
-4.0246105511811026
0
LINE
8
BLACK
6
CONTINUOUS
10
6.0837951181102357
20
-4.0246105511811026
11
6.0853153937007871
21
-4.0252402755905514
0
LINE
8
BLACK
6
CONTINUOUS
10
6.0853153937007871
20
-4.0252402755905514
11
6.085945118110236
21
-4.026760551181102
0
LINE
8
BLACK
6
CONTINUOUS
10
6.085945118110236
20
-4.026760551181102
11
6.085945118110236
21
-4.0398938976377954
0
LINE
8
BLACK
6
CONTINUOUS
10
6.085945118110236
20
-4.0398938976377954
11
6.0853153937007871
21
-4.041414173228346
0
LINE
8
BLACK
6
CONTINUOUS
10
6.0853153937007871
20
-4.041414173228346
11
6.0837951181102357
21
-4.0420438976377948
0
LINE
8
BLACK
6
CONTINUOUS
10
6.0837951181102357
20
-4.0420438976377948
11
6.0822748425196851
21
-4.041414173228346
0
LINE
8
BLACK
6
CONTINUOUS
10
6.0822748425196851
20
-4.041414173228346
11
6.0816451181102362
21
-4.0398938976377954
0
LINE
8
BLACK
6
CONTINUOUS
10
6.0816451181102362
20
-4.0398938976377954
11
6.0816451181102362
21
-4.0295272834645672
0
LINE
8
BLACK
6
CONTINUOUS
10
6.0816451181102362
20
-4.0295272834645672
11
6.0815834251968504
21
-4.0294655905511814
0
LINE
8
BLACK
6
CONTINUOUS
10
6.0815834251968504
20
-4.0294655905511814
11
6.0804733464566931
21
-4.0289105511811023
0
LINE
8
BLACK
6
CONTINUOUS
10
6.0804733464566931
20
-4.0289105511811023
11
6.0786741338582679
21
-4.0289105511811023
0
LINE
8
BLACK
6
CONTINUOUS
10
6.0786741338582679
20
-4.0289105511811023
11
6.0778928740157481
21
-4.029301141732283
0
LINE
8
BLACK
6
CONTINUOUS
10
6.0778928740157481
20
-4.029301141732283
11
6.0775022834645664
21
-4.0300823622047242
0
LINE
8
BLACK
6
CONTINUOUS
10
6.0775022834645664
20
-4.0300823622047242
11
6.0775022834645664
21
-4.0398938976377954
0
LINE
8
BLACK
6
CONTINUOUS
10
6.0775022834645664
20
-4.0398938976377954
11
6.0768725590551176
21
-4.041414173228346
0
LINE
8
BLACK
6
CONTINUOUS
10
6.0768725590551176
20
-4.041414173228346
11
6.075352283464567
21
-4.0420438976377948
0
LINE
8
BLACK
6
CONTINUOUS
10
6.075352283464567
20
-4.0420438976377948
11
6.0738320078740156
21
-4.041414173228346
0
LINE
8
BLACK
6
CONTINUOUS
10
6.0738320078740156
20
-4.041414173228346
11
6.0732022834645667
21
-4.0398938976377954
0
LINE
8
BLACK
6
CONTINUOUS
10
6.0732022834645667
20
-4.0398938976377954
11
6.0732022834645667
21
-4.0295748425196853
0
LINE
8
BLACK
6
CONTINUOUS
10
6.0732022834645667
20
-4.0295748425196853
11
6.0733937795275592
21
-4.0291124803149607
0
LINE
8
BLACK
6
CONTINUOUS
10
6.0733937795275592
20
-4.0291124803149607
11
6.0734292519685038
21
-4.0286133464566927
0
LINE
8
BLACK
6
CONTINUOUS
10
6.0734292519685038
20
-4.0286133464566927
11
6.0743673228346458
21
-4.0267371653543309
0
LINE
8
BLACK
6
CONTINUOUS
10
6.0743673228346458
20
-4.0267371653543309
11
6.074882283464567
21
-4.0262904724409445
0
LINE
8
BLACK
6
CONTINUOUS
10
6.074882283464567
20
-4.0262904724409445
11
6.0753288582677163
21
-4.0257756299212595
0
LINE
8
BLACK
6
CONTINUOUS
10
6.0753288582677163
20
-4.0257756299212595
11
6.0772050787401577
21
-4.0248375196850397
0
LINE
8
BLACK
6
CONTINUOUS
10
6.0772050787401577
20
-4.0248375196850397
11
6.0777042125984249
21
-4.0248020472440942
0
LINE
8
BLACK
6
CONTINUOUS
10
6.0777042125984249
20
-4.0248020472440942
11
6.0781665748031495
21
-4.0246105511811026
0
LINE
8
BLACK
6
CONTINUOUS
10
6.0781665748031495
20
-4.0246105511811026
11
6.0809808661417319
21
-4.0246105511811026
0
LINE
8
BLACK
6
CONTINUOUS
10
6.0809808661417319
20
-4.0246105511811026
11
6.0814432283464566
21
-4.0248020472440942
0
LINE
8
BLACK
6
CONTINUOUS
10
6.1520713385826769
20
-3.8989150393700784
11
6.1539461417322832
21
-3.900789803149606
0
LINE
8
BLACK
6
CONTINUOUS
10
6.1539461417322832
20
-3.900789803149606
11
6.154452519685039
21
-3.9015129527559056
0
LINE
8
BLACK
6
CONTINUOUS
10
6.154452519685039
20
-3.9015129527559056
11
6.154499291338583
21
-3.9015572440944881
0
LINE
8
BLACK
6
CONTINUOUS
10
6.154499291338583
20
-3.9015572440944881
11
6.1563740551181105
21
-3.9053067716535432
0
LINE
8
BLACK
6
CONTINUOUS
10
6.1563740551181105
20
-3.9053067716535432
11
6.1566664173228345
21
-3.9062896850393698
0
LINE
8
BLACK
6
CONTINUOUS
10
6.1566664173228345
20
-3.9062896850393698
11
6.1566253937007875
21
-3.9064613779527559
0
LINE
8
BLACK
6
CONTINUOUS
10
6.1566253937007875
20
-3.9064613779527559
11
6.1566857874015746
21
-3.9066272834645668
0
LINE
8
BLACK
6
CONTINUOUS
10
6.1566857874015746
20
-3.9066272834645668
11
6.1566857874015746
21
-3.9178758661417321
0
LINE
8
BLACK
6
CONTINUOUS
10
6.1566857874015746
20
-3.9178758661417321
11
6.1565077165354332
21
-3.9188857874015746
0
LINE
8
BLACK
6
CONTINUOUS
10
6.1565077165354332
20
-3.9188857874015746
11
6.1563942125984248
21
-3.9190210236220473
0
LINE
8
BLACK
6
CONTINUOUS
10
6.1563942125984248
20
-3.9190210236220473
11
6.1563740551181105
21
-3.9191963779527557
0
LINE
8
BLACK
6
CONTINUOUS
10
6.1563740551181105
20
-3.9191963779527557
11
6.154499291338583
21
-3.9229459055118108
0
LINE
8
BLACK
6
CONTINUOUS
10
6.154499291338583
20
-3.9229459055118108
11
6.1539733070866136
21
-3.9236550000000001
0
LINE
8
BLACK
6
CONTINUOUS
10
6.1539733070866136
20
-3.9236550000000001
11
6.1539461417322832
21
-3.9237133464566929
0
LINE
8
BLACK
6
CONTINUOUS
10
6.1539461417322832
20
-3.9237133464566929
11
6.1520713385826769
21
-3.9255881102362205
0
LINE
8
BLACK
6
CONTINUOUS
10
6.1520713385826769
20
-3.9255881102362205
11
6.1513482677165356
21
-3.9260943700787401
0
LINE
8
BLACK
6
CONTINUOUS
10
6.1513482677165356
20
-3.9260943700787401
11
6.1513039763779522
21
-3.9261411811023623
0
LINE
8
BLACK
6
CONTINUOUS
10
6.1513039763779522
20
-3.9261411811023623
11
6.1475544488188971
21
-3.9280159448818899
0
LINE
8
BLACK
6
CONTINUOUS
10
6.1475544488188971
20
-3.9280159448818899
11
6.1465714960629922
21
-3.9283083070866143
0
LINE
8
BLACK
6
CONTINUOUS
10
6.1465714960629922
20
-3.9283083070866143
11
6.1463998031496061
21
-3.9282672834645669
0
LINE
8
BLACK
6
CONTINUOUS
10
6.1463998031496061
20
-3.9282672834645669
11
6.1462339370078736
21
-3.9283276771653544
0
LINE
8
BLACK
6
CONTINUOUS
10
6.1462339370078736
20
-3.9283276771653544
11
6.1368601181102358
21
-3.9283276771653544
0
LINE
8
BLACK
6
CONTINUOUS
10
6.1368601181102358
20
-3.9283276771653544
11
6.1358501968503933
21
-3.9281496062992125
0
LINE
8
BLACK
6
CONTINUOUS
10
6.1358501968503933
20
-3.9281496062992125
11
6.1357149212598427
21
-3.9280361023622046
0
LINE
8
BLACK
6
CONTINUOUS
10
6.1357149212598427
20
-3.9280361023622046
11
6.1355396062992122
21
-3.9280159448818899
0
LINE
8
BLACK
6
CONTINUOUS
10
6.1355396062992122
20
-3.9280159448818899
11
6.1317900787401571
21
-3.9261411811023623
0
LINE
8
BLACK
6
CONTINUOUS
10
6.1317900787401571
20
-3.9261411811023623
11
6.1310809842519687
21
-3.9256152755905509
0
LINE
8
BLACK
6
CONTINUOUS
10
6.1310809842519687
20
-3.9256152755905509
11
6.1310226771653538
21
-3.9255880708661417
0
LINE
8
BLACK
6
CONTINUOUS
10
6.1310226771653538
20
-3.9255880708661417
11
6.1291479133858262
21
-3.9237133070866141
0
LINE
8
BLACK
6
CONTINUOUS
10
6.1291479133858262
20
-3.9237133070866141
11
6.1286416141732278
21
-3.9229901968503937
0
LINE
8
BLACK
6
CONTINUOUS
10
6.1286416141732278
20
-3.9229901968503937
11
6.128594803149606
21
-3.9229459055118108
0
LINE
8
BLACK
6
CONTINUOUS
10
6.128594803149606
20
-3.9229459055118108
11
6.1267200393700785
21
-3.9191963779527557
0
LINE
8
BLACK
6
CONTINUOUS
10
6.1267200393700785
20
-3.9191963779527557
11
6.1265523622047242
21
-3.9186326771653541
0
LINE
8
BLACK
6
CONTINUOUS
10
6.1265523622047242
20
-3.9186326771653541
11
6.1163073622047239
21
-3.9275970866141732
0
LINE
8
BLACK
6
CONTINUOUS
10
6.1163073622047239
20
-3.9275970866141732
11
6.1159274803149604
21
-3.9278269685039371
0
LINE
8
BLACK
6
CONTINUOUS
10
6.1159274803149604
20
-3.9278269685039371
11
6.1158393307086616
21
-3.9279320866141729
0
LINE
8
BLACK
6
CONTINUOUS
10
6.1158393307086616
20
-3.9279320866141729
11
6.1157187401574804
21
-3.9279533070866139
0
LINE
8
BLACK
6
CONTINUOUS
10
6.1157187401574804
20
-3.9279533070866139
11
6.1154300393700787
21
-3.9281281102362202
0
LINE
8
BLACK
6
CONTINUOUS
10
6.1154300393700787
20
-3.9281281102362202
11
6.114634173228346
21
-3.9281445669291339
0
LINE
8
BLACK
6
CONTINUOUS
10
6.114634173228346
20
-3.9281445669291339
11
6.113850196850394
21
-3.9282828346456693
0
LINE
8
BLACK
6
CONTINUOUS
10
6.113850196850394
20
-3.9282828346456693
11
6.1136461811023617
21
-3.9281650393700787
0
LINE
8
BLACK
6
CONTINUOUS
10
6.1136461811023617
20
-3.9281650393700787
11
6.1134107086614176
21
-3.9281699212598422
0
LINE
8
BLACK
6
CONTINUOUS
10
6.1134107086614176
20
-3.9281699212598422
11
6.1127904330708658
21
-3.9276709448818896
0
LINE
8
BLACK
6
CONTINUOUS
10
6.1127904330708658
20
-3.9276709448818896
11
6.1121010236220474
21
-3.9272729133858268
0
LINE
8
BLACK
6
CONTINUOUS
10
6.1121010236220474
20
-3.9272729133858268
11
6.1120204330708656
21
-3.9270515354330708
0
LINE
8
BLACK
6
CONTINUOUS
10
6.1120204330708656
20
-3.9270515354330708
11
6.1118368897637794
21
-3.926903897637795
0
LINE
8
BLACK
6
CONTINUOUS
10
6.1118368897637794
20
-3.926903897637795
11
6.1116824409448816
21
-3.9261229133858269
0
LINE
8
BLACK
6
CONTINUOUS
10
6.1116824409448816
20
-3.9261229133858269
11
6.111410196850394
21
-3.9253749212598423
0
LINE
8
BLACK
6
CONTINUOUS
10
6.111410196850394
20
-3.9253749212598423
11
6.111410196850394
21
-3.9010029921259841
0
LINE
8
BLACK
6
CONTINUOUS
10
6.111410196850394
20
-3.9010029921259841
11
6.1115882677165354
21
-3.8999930708661417
0
LINE
8
BLACK
6
CONTINUOUS
10
6.1115882677165354
20
-3.8999930708661417
11
6.1128865748031496
21
-3.8984458267716535
0
LINE
8
BLACK
6
CONTINUOUS
10
6.1128865748031496
20
-3.8984458267716535
11
6.1148757086614172
21
-3.8980950787401576
0
LINE
8
BLACK
6
CONTINUOUS
10
6.1148757086614172
20
-3.8980950787401576
11
6.1166248818897637
21
-3.899105
0
LINE
8
BLACK
6
CONTINUOUS
10
6.1166248818897637
20
-3.899105
11
6.1173157086614172
21
-3.9010029921259841
0
LINE
8
BLACK
6
CONTINUOUS
10
6.1173157086614172
20
-3.9010029921259841
11
6.1173157086614172
21
-3.9188677165354329
0
LINE
8
BLACK
6
CONTINUOUS
10
6.1173157086614172
20
-3.9188677165354329
11
6.1274166535433068
21
-3.9100294094488186
0
LINE
8
BLACK
6
CONTINUOUS
10
6.1274166535433068
20
-3.9100294094488186
11
6.1277964960629916
21
-3.9097994881889764
0
LINE
8
BLACK
6
CONTINUOUS
10
6.1277964960629916
20
-3.9097994881889764
11
6.12788468503937
21
-3.9096944094488189
0
LINE
8
BLACK
6
CONTINUOUS
10
6.12788468503937
20
-3.9096944094488189
11
6.1280052362204724
21
-3.9096731496062991
0
LINE
8
BLACK
6
CONTINUOUS
10
6.1280052362204724
20
-3.9096731496062991
11
6.1282939763779529
21
-3.9094983858267716
0
LINE
8
BLACK
6
CONTINUOUS
10
6.1282939763779529
20
-3.9094983858267716
11
6.1290898031496059
21
-3.9094818897637795
0
LINE
8
BLACK
6
CONTINUOUS
10
6.1290898031496059
20
-3.9094818897637795
11
6.1298738188976376
21
-3.9093436614173229
0
LINE
8
BLACK
6
CONTINUOUS
10
6.1298738188976376
20
-3.9093436614173229
11
6.1300777952755903
21
-3.9094614173228344
0
LINE
8
BLACK
6
CONTINUOUS
10
6.1300777952755903
20
-3.9094614173228344
11
6.1303133464566928
21
-3.9094565748031496
0
LINE
8
BLACK
6
CONTINUOUS
10
6.1303133464566928
20
-3.9094565748031496
11
6.1309336220472437
21
-3.9099555511811022
0
LINE
8
BLACK
6
CONTINUOUS
10
6.1309336220472437
20
-3.9099555511811022
11
6.1316229921259842
21
-3.9103535826771654
0
LINE
8
BLACK
6
CONTINUOUS
10
6.1316229921259842
20
-3.9103535826771654
11
6.1317035433070863
21
-3.9105749212598426
0
LINE
8
BLACK
6
CONTINUOUS
10
6.1317035433070863
20
-3.9105749212598426
11
6.1318871259842522
21
-3.9107225984251968
0
LINE
8
BLACK
6
CONTINUOUS
10
6.1318871259842522
20
-3.9107225984251968
11
6.1320415354330704
21
-3.9115035433070866
0
LINE
8
BLACK
6
CONTINUOUS
10
6.1320415354330704
20
-3.9115035433070866
11
6.1323138188976376
21
-3.9122515748031494
0
LINE
8
BLACK
6
CONTINUOUS
10
6.1323138188976376
20
-3.9122515748031494
11
6.1323138188976376
21
-3.9171788188976375
0
LINE
8
BLACK
6
CONTINUOUS
10
6.1323138188976376
20
-3.9171788188976375
11
6.1336625590551179
21
-3.9198762992125982
0
LINE
8
BLACK
6
CONTINUOUS
10
6.1336625590551179
20
-3.9198762992125982
11
6.1348596850393697
21
-3.9210734251968504
0
LINE
8
BLACK
6
CONTINUOUS
10
6.1348596850393697
20
-3.9210734251968504
11
6.1375571653543304
21
-3.9224221653543307
0
LINE
8
BLACK
6
CONTINUOUS
10
6.1375571653543304
20
-3.9224221653543307
11
6.145536889763779
21
-3.9224221653543307
0
LINE
8
BLACK
6
CONTINUOUS
10
6.145536889763779
20
-3.9224221653543307
11
6.1482343700787396
21
-3.9210733858267717
0
LINE
8
BLACK
6
CONTINUOUS
10
6.1482343700787396
20
-3.9210733858267717
11
6.1494315354330711
21
-3.9198762598425194
0
LINE
8
BLACK
6
CONTINUOUS
10
6.1494315354330711
20
-3.9198762598425194
11
6.1507802755905514
21
-3.9171788188976375
0
LINE
8
BLACK
6
CONTINUOUS
10
6.1507802755905514
20
-3.9171788188976375
11
6.1507802755905514
21
-3.9073243307086614
0
LINE
8
BLACK
6
CONTINUOUS
10
6.1507802755905514
20
-3.9073243307086614
11
6.1494315354330711
21
-3.9046268503937007
0
LINE
8
BLACK
6
CONTINUOUS
10
6.1494315354330711
20
-3.9046268503937007
11
6.1478955905511814
21
-3.9030909448818898
0
LINE
8
BLACK
6
CONTINUOUS
10
6.1478955905511814
20
-3.9030909448818898
11
6.1473073622047245
21
-3.9022509055118109
0
LINE
8
BLACK
6
CONTINUOUS
10
6.1473073622047245
20
-3.9022509055118109
11
6.1471312992125986
21
-3.9002387795275588
0
LINE
8
BLACK
6
CONTINUOUS
10
6.1471312992125986
20
-3.9002387795275588
11
6.1482898031496065
21
-3.8985842125984251
0
LINE
8
BLACK
6
CONTINUOUS
10
6.1482898031496065
20
-3.8985842125984251
11
6.1502407874015743
21
-3.8980614960629922
0
LINE
8
BLACK
6
CONTINUOUS
10
6.1502407874015743
20
-3.8980614960629922
11
6.1520713385826769
21
-3.8989150393700784
0
LINE
8
BLACK
6
CONTINUOUS
10
6.147243858267716
20
-3.8607329921259841
11
6.1473790944881888
21
-3.8608464566929133
0
LINE
8
BLACK
6
CONTINUOUS
10
6.1473790944881888
20
-3.8608464566929133
11
6.1475544488188971
21
-3.8608666535433072
0
LINE
8
BLACK
6
CONTINUOUS
10
6.1475544488188971
20
-3.8608666535433072
11
6.1513039763779522
21
-3.8627414173228347
0
LINE
8
BLACK
6
CONTINUOUS
10
6.1513039763779522
20
-3.8627414173228347
11
6.1520129527559053
21
-3.8632672440944882
0
LINE
8
BLACK
6
CONTINUOUS
10
6.1520129527559053
20
-3.8632672440944882
11
6.1520713385826769
21
-3.8632944881889761
0
LINE
8
BLACK
6
CONTINUOUS
10
6.1520713385826769
20
-3.8632944881889761
11
6.1539461417322832
21
-3.8651692519685037
0
LINE
8
BLACK
6
CONTINUOUS
10
6.1539461417322832
20
-3.8651692519685037
11
6.154452519685039
21
-3.8658924015748029
0
LINE
8
BLACK
6
CONTINUOUS
10
6.154452519685039
20
-3.8658924015748029
11
6.154499291338583
21
-3.8659366929133858
0
LINE
8
BLACK
6
CONTINUOUS
10
6.154499291338583
20
-3.8659366929133858
11
6.1563740551181105
21
-3.8696862204724409
0
LINE
8
BLACK
6
CONTINUOUS
10
6.1563740551181105
20
-3.8696862204724409
11
6.1566664173228345
21
-3.8706691338582675
0
LINE
8
BLACK
6
CONTINUOUS
10
6.1566664173228345
20
-3.8706691338582675
11
6.1566253937007875
21
-3.8708408267716536
0
LINE
8
BLACK
6
CONTINUOUS
10
6.1566253937007875
20
-3.8708408267716536
11
6.1566857874015746
21
-3.8710067322834645
0
LINE
8
BLACK
6
CONTINUOUS
10
6.1566857874015746
20
-3.8710067322834645
11
6.1566857874015746
21
-3.8785057874015747
0
LINE
8
BLACK
6
CONTINUOUS
10
6.1566857874015746
20
-3.8785057874015747
11
6.1565077165354332
21
-3.8795157086614172
0
LINE
8
BLACK
6
CONTINUOUS
10
6.1565077165354332
20
-3.8795157086614172
11
6.1563942125984248
21
-3.8796509448818899
0
LINE
8
BLACK
6
CONTINUOUS
10
6.1563942125984248
20
-3.8796509448818899
11
6.1563740551181105
21
-3.8798262992125983
0
LINE
8
BLACK
6
CONTINUOUS
10
6.1563740551181105
20
-3.8798262992125983
11
6.154499291338583
21
-3.8835758267716534
0
LINE
8
BLACK
6
CONTINUOUS
10
6.154499291338583
20
-3.8835758267716534
11
6.1539733070866136
21
-3.8842849212598423
0
LINE
8
BLACK
6
CONTINUOUS
10
6.1539733070866136
20
-3.8842849212598423
11
6.1539461417322832
21
-3.8843432677165355
0
LINE
8
BLACK
6
CONTINUOUS
10
6.1539461417322832
20
-3.8843432677165355
11
6.1520713385826769
21
-3.886218031496063
0
LINE
8
BLACK
6
CONTINUOUS
10
6.1520713385826769
20
-3.886218031496063
11
6.1513482677165356
21
-3.8867242913385827
0
LINE
8
BLACK
6
CONTINUOUS
10
6.1513482677165356
20
-3.8867242913385827
11
6.1513039763779522
21
-3.8867711023622045
0
LINE
8
BLACK
6
CONTINUOUS
10
6.1513039763779522
20
-3.8867711023622045
11
6.1475544488188971
21
-3.888645866141732
0
LINE
8
BLACK
6
CONTINUOUS
10
6.1475544488188971
20
-3.888645866141732
11
6.1465714960629922
21
-3.8889382283464564
0
LINE
8
BLACK
6
CONTINUOUS
10
6.1465714960629922
20
-3.8889382283464564
11
6.1463998031496061
21
-3.8888972047244095
0
LINE
8
BLACK
6
CONTINUOUS
10
6.1463998031496061
20
-3.8888972047244095
11
6.1462339370078736
21
-3.8889575984251969
0
LINE
8
BLACK
6
CONTINUOUS
10
6.1462339370078736
20
-3.8889575984251969
11
6.1143629527559051
21
-3.8889575984251969
0
LINE
8
BLACK
6
CONTINUOUS
10
6.1143629527559051
20
-3.8889575984251969
11
6.1133530314960627
21
-3.8887795275590551
0
LINE
8
BLACK
6
CONTINUOUS
10
6.1133530314960627
20
-3.8887795275590551
11
6.1118057874015745
21
-3.8874812204724409
0
LINE
8
BLACK
6
CONTINUOUS
10
6.1118057874015745
20
-3.8874812204724409
11
6.1114550393700782
21
-3.8854920866141733
0
LINE
8
BLACK
6
CONTINUOUS
10
6.1114550393700782
20
-3.8854920866141733
11
6.1124649606299215
21
-3.8837429133858268
0
LINE
8
BLACK
6
CONTINUOUS
10
6.1124649606299215
20
-3.8837429133858268
11
6.1143629527559051
21
-3.8830520866141733
0
LINE
8
BLACK
6
CONTINUOUS
10
6.1143629527559051
20
-3.8830520866141733
11
6.145536889763779
21
-3.8830520866141733
0
LINE
8
BLACK
6
CONTINUOUS
10
6.145536889763779
20
-3.8830520866141733
11
6.1482343700787396
21
-3.8817033070866143
0
LINE
8
BLACK
6
CONTINUOUS
10
6.1482343700787396
20
-3.8817033070866143
11
6.1494315354330711
21
-3.880506181102362
0
LINE
8
BLACK
6
CONTINUOUS
10
6.1494315354330711
20
-3.880506181102362
11
6.1507802755905514
21
-3.8778087401574801
0
LINE
8
BLACK
6
CONTINUOUS
10
6.1507802755905514
20
-3.8778087401574801
11
6.1507802755905514
21
-3.8717037795275591
0
LINE
8
BLACK
6
CONTINUOUS
10
6.1507802755905514
20
-3.8717037795275591
11
6.1494315354330711
21
-3.8690062992125984
0
LINE
8
BLACK
6
CONTINUOUS
10
6.1494315354330711
20
-3.8690062992125984
11
6.1482343700787396
21
-3.8678091732283462
0
LINE
8
BLACK
6
CONTINUOUS
10
6.1482343700787396
20
-3.8678091732283462
11
6.145536889763779
21
-3.8664604330708658
0
LINE
8
BLACK
6
CONTINUOUS
10
6.145536889763779
20
-3.8664604330708658
11
6.1143629527559051
21
-3.8664604330708658
0
LINE
8
BLACK
6
CONTINUOUS
10
6.1143629527559051
20
-3.8664604330708658
11
6.1133530314960627
21
-3.8662823622047244
0
LINE
8
BLACK
6
CONTINUOUS
10
6.1133530314960627
20
-3.8662823622047244
11
6.1118057874015745
21
-3.8649840551181103
0
LINE
8
BLACK
6
CONTINUOUS
10
6.1118057874015745
20
-3.8649840551181103
11
6.1114550393700782
21
-3.8629949212598422
0
LINE
8
BLACK
6
CONTINUOUS
10
6.1114550393700782
20
-3.8629949212598422
11
6.1124649606299215
21
-3.8612457480314961
0
LINE
8
BLACK
6
CONTINUOUS
10
6.1124649606299215
20
-3.8612457480314961
11
6.1143629527559051
21
-3.8605549212598422
0
LINE
8
BLACK
6
CONTINUOUS
10
6.1143629527559051
20
-3.8605549212598422
11
6.1462339370078736
21
-3.8605549212598422
0
LINE
8
BLACK
6
CONTINUOUS
10
6.1462339370078736
20
-3.8605549212598422
11
6.147243858267716
21
-3.8607329921259841
0
LINE
8
BLACK
6
CONTINUOUS
10
6.1535433070866139
20
-3.8029527559055119
11
6.1549352362204726
21
-3.8035293307086615
0
LINE
8
BLACK
6
CONTINUOUS
10
6.1549352362204726
20
-3.8035293307086615
11
6.1943053543307087
21
-3.8428994094488189
0
LINE
8
BLACK
6
CONTINUOUS
10
6.1943053543307087
20
-3.8428994094488189
11
6.1948818897637796
21
-3.8442913385826771
0
LINE
8
BLACK
6
CONTINUOUS
10
6.1948818897637796
20
-3.8442913385826771
11
6.1948818897637796
21
-3.9820866141732281
0
LINE
8
BLACK
6
CONTINUOUS
10
6.1948818897637796
20
-3.9820866141732281
11
6.19430531496063
21
-3.9834785433070867
0
LINE
8
BLACK
6
CONTINUOUS
10
6.19430531496063
20
-3.9834785433070867
11
6.1929133858267713
21
-3.9840551181102359
0
LINE
8
BLACK
6
CONTINUOUS
10
6.1929133858267713
20
-3.9840551181102359
11
6.0944881889763778
21
-3.9840551181102359
0
LINE
8
BLACK
6
CONTINUOUS
10
6.0944881889763778
20
-3.9840551181102359
11
6.0930962598425191
21
-3.9834785433070867
0
LINE
8
BLACK
6
CONTINUOUS
10
6.0930962598425191
20
-3.9834785433070867
11
6.0925196850393704
21
-3.9820866141732281
0
LINE
8
BLACK
6
CONTINUOUS
10
6.0925196850393704
20
-3.9820866141732281
11
6.0925196850393704
21
-3.8049212598425197
0
LINE
8
BLACK
6
CONTINUOUS
10
6.0925196850393704
20
-3.8049212598425197
11
6.0930962598425191
21
-3.8035293307086615
0
LINE
8
BLACK
6
CONTINUOUS
10
6.0930962598425191
20
-3.8035293307086615
11
6.0944881889763778
21
-3.8029527559055119
0
LINE
8
BLACK
6
CONTINUOUS
10
6.0944881889763778
20
-3.8029527559055119
11
6.1535433070866139
21
-3.8029527559055119
0
LINE
8
BLACK
6
CONTINUOUS
10
6.0964566929133861
20
-3.8068897637795276
11
6.0964566929133861
21
-3.9801181102362202
0
LINE
8
BLACK
6
CONTINUOUS
10
6.0964566929133861
20
-3.9801181102362202
11
6.1909448818897639
21
-3.9801181102362202
0
LINE
8
BLACK
6
CONTINUOUS
10
6.1909448818897639
20
-3.9801181102362202
11
6.1909448818897639
21
-3.8451066929133857
0
LINE
8
BLACK
6
CONTINUOUS
10
6.1909448818897639
20
-3.8451066929133857
11
6.1527279527559058
21
-3.8068897637795276
0
LINE
8
BLACK
6
CONTINUOUS
10
6.1527279527559058
20
-3.8068897637795276
11
6.0964566929133861
21
-3.8068897637795276
0
LINE
8
BLACK
6
CONTINUOUS
10
6.456852283464567
20
-3.9241059448818896
11
6.4575431102362204
21
-3.9260039370078741
0
LINE
8
BLACK
6
CONTINUOUS
10
6.4575431102362204
20
-3.9260039370078741
11
6.4575431102362204
21
-3.9660039370078741
0
LINE
8
BLACK
6
CONTINUOUS
10
6.4575431102362204
20
-3.9660039370078741
11
6.4574754724409447
21
-3.9663874409448816
0
LINE
8
BLACK
6
CONTINUOUS
10
6.4574754724409447
20
-3.9663874409448816
11
6.4574982677165353
21
-3.9665166929133857
0
LINE
8
BLACK
6
CONTINUOUS
10
6.4574982677165353
20
-3.9665166929133857
11
6.4574326377952751
21
-3.9666302755905511
0
LINE
8
BLACK
6
CONTINUOUS
10
6.4574326377952751
20
-3.9666302755905511
11
6.457365039370079
21
-3.9670138582677166
0
LINE
8
BLACK
6
CONTINUOUS
10
6.457365039370079
20
-3.9670138582677166
11
6.4568718897637796
21
-3.9676015354330709
0
LINE
8
BLACK
6
CONTINUOUS
10
6.4568718897637796
20
-3.9676015354330709
11
6.4564883464566929
21
-3.9682658661417323
0
LINE
8
BLACK
6
CONTINUOUS
10
6.4564883464566929
20
-3.9682658661417323
11
6.4562379921259838
21
-3.968356968503937
0
LINE
8
BLACK
6
CONTINUOUS
10
6.4562379921259838
20
-3.968356968503937
11
6.4560667322834648
21
-3.9685611023622047
0
LINE
8
BLACK
6
CONTINUOUS
10
6.4560667322834648
20
-3.9685611023622047
11
6.4553111417322837
21
-3.9686943307086615
0
LINE
8
BLACK
6
CONTINUOUS
10
6.4553111417322837
20
-3.9686943307086615
11
6.4545903543307084
21
-3.9689566929133857
0
LINE
8
BLACK
6
CONTINUOUS
10
6.4545903543307084
20
-3.9689566929133857
11
6.3945903543307088
21
-3.9689566929133857
0
LINE
8
BLACK
6
CONTINUOUS
10
6.3945903543307088
20
-3.9689566929133857
11
6.3942068110236221
21
-3.96888905511811
0
LINE
8
BLACK
6
CONTINUOUS
10
6.3942068110236221
20
-3.96888905511811
11
6.3940775984251967
21
-3.9689118503937006
0
LINE
8
BLACK
6
CONTINUOUS
10
6.3940775984251967
20
-3.9689118503937006
11
6.393963976377953
21
-3.9688462204724408
0
LINE
8
BLACK
6
CONTINUOUS
10
6.393963976377953
20
-3.9688462204724408
11
6.3935804330708663
21
-3.9687786220472439
0
LINE
8
BLACK
6
CONTINUOUS
10
6.3935804330708663
20
-3.9687786220472439
11
6.3929927165354332
21
-3.9682854724409449
0
LINE
8
BLACK
6
CONTINUOUS
10
6.3929927165354332
20
-3.9682854724409449
11
6.3923284251968502
21
-3.9679019291338582
0
LINE
8
BLACK
6
CONTINUOUS
10
6.3923284251968502
20
-3.9679019291338582
11
6.3922372834645671
21
-3.9676515748031496
0
LINE
8
BLACK
6
CONTINUOUS
10
6.3922372834645671
20
-3.9676515748031496
11
6.3920331889763782
21
-3.9674803149606297
0
LINE
8
BLACK
6
CONTINUOUS
10
6.3920331889763782
20
-3.9674803149606297
11
6.3918999212598422
21
-3.9667247244094486
0
LINE
8
BLACK
6
CONTINUOUS
10
6.3918999212598422
20
-3.9667247244094486
11
6.3916375984251967
21
-3.9660039370078741
0
LINE
8
BLACK
6
CONTINUOUS
10
6.3916375984251967
20
-3.9660039370078741
11
6.3916375984251967
21
-3.9260039370078741
0
LINE
8
BLACK
6
CONTINUOUS
10
6.3916375984251967
20
-3.9260039370078741
11
6.3918156692913382
21
-3.9249940157480312
0
LINE
8
BLACK
6
CONTINUOUS
10
6.3918156692913382
20
-3.9249940157480312
11
6.3931139763779523
21
-3.9234467716535431
0
LINE
8
BLACK
6
CONTINUOUS
10
6.3931139763779523
20
-3.9234467716535431
11
6.3951031102362199
21
-3.9230960236220471
0
LINE
8
BLACK
6
CONTINUOUS
10
6.3951031102362199
20
-3.9230960236220471
11
6.3968522834645665
21
-3.9241059448818896
0
LINE
8
BLACK
6
CONTINUOUS
10
6.3968522834645665
20
-3.9241059448818896
11
6.3975431102362199
21
-3.9260039370078741
0
LINE
8
BLACK
6
CONTINUOUS
10
6.3975431102362199
20
-3.9260039370078741
11
6.3975431102362199
21
-3.930792559055118
0
LINE
8
BLACK
6
CONTINUOUS
10
6.3975431102362199
20
-3.930792559055118
11
6.3987803149606295
21
-3.930280118110236
0
LINE
8
BLACK
6
CONTINUOUS
10
6.3987803149606295
20
-3.930280118110236
11
6.4184803149606298
21
-3.930280118110236
0
LINE
8
BLACK
6
CONTINUOUS
10
6.4184803149606298
20
-3.930280118110236
11
6.4200005905511812
21
-3.9309098425196849
0
LINE
8
BLACK
6
CONTINUOUS
10
6.4200005905511812
20
-3.9309098425196849
11
6.4206303149606301
21
-3.9324301181102364
0
LINE
8
BLACK
6
CONTINUOUS
10
6.4206303149606301
20
-3.9324301181102364
11
6.4200005905511812
21
-3.9339503937007874
0
LINE
8
BLACK
6
CONTINUOUS
10
6.4200005905511812
20
-3.9339503937007874
11
6.4184803149606298
21
-3.9345801181102362
0
LINE
8
BLACK
6
CONTINUOUS
10
6.4184803149606298
20
-3.9345801181102362
11
6.4103112598425191
21
-3.9345801181102362
0
LINE
8
BLACK
6
CONTINUOUS
10
6.4103112598425191
20
-3.9345801181102362
11
6.4103112598425191
21
-3.941537244094488
0
LINE
8
BLACK
6
CONTINUOUS
10
6.4103112598425191
20
-3.941537244094488
11
6.4184803149606298
21
-3.941537244094488
0
LINE
8
BLACK
6
CONTINUOUS
10
6.4184803149606298
20
-3.941537244094488
11
6.4200005905511812
21
-3.9421669685039369
0
LINE
8
BLACK
6
CONTINUOUS
10
6.4200005905511812
20
-3.9421669685039369
11
6.4206303149606301
21
-3.9436872440944879
0
LINE
8
BLACK
6
CONTINUOUS
10
6.4206303149606301
20
-3.9436872440944879
11
6.4200005905511812
21
-3.9452075196850394
0
LINE
8
BLACK
6
CONTINUOUS
10
6.4200005905511812
20
-3.9452075196850394
11
6.4184803149606298
21
-3.9458372440944882
0
LINE
8
BLACK
6
CONTINUOUS
10
6.4184803149606298
20
-3.9458372440944882
11
6.4081612598425197
21
-3.9458372440944882
0
LINE
8
BLACK
6
CONTINUOUS
10
6.4081612598425197
20
-3.9458372440944882
11
6.3987803149606295
21
-3.9458372440944882
0
LINE
8
BLACK
6
CONTINUOUS
10
6.3987803149606295
20
-3.9458372440944882
11
6.3975431102362199
21
-3.9453247637795275
0
LINE
8
BLACK
6
CONTINUOUS
10
6.3975431102362199
20
-3.9453247637795275
11
6.3975431102362199
21
-3.9630511811023621
0
LINE
8
BLACK
6
CONTINUOUS
10
6.3975431102362199
20
-3.9630511811023621
11
6.4516375984251964
21
-3.9630511811023621
0
LINE
8
BLACK
6
CONTINUOUS
10
6.4516375984251964
20
-3.9630511811023621
11
6.4516375984251964
21
-3.9260039370078741
0
LINE
8
BLACK
6
CONTINUOUS
10
6.4516375984251964
20
-3.9260039370078741
11
6.4518156692913387
21
-3.9249940157480312
0
LINE
8
BLACK
6
CONTINUOUS
10
6.4518156692913387
20
-3.9249940157480312
11
6.4531139763779528
21
-3.9234467716535431
0
LINE
8
BLACK
6
CONTINUOUS
10
6.4531139763779528
20
-3.9234467716535431
11
6.4551031102362204
21
-3.9230960236220471
0
LINE
8
BLACK
6
CONTINUOUS
10
6.4551031102362204
20
-3.9230960236220471
11
6.456852283464567
21
-3.9241059448818896
0
LINE
8
BLACK
6
CONTINUOUS
10
6.3975431102362199
20
-3.94204968503937
11
6.3987803149606295
21
-3.941537244094488
0
LINE
8
BLACK
6
CONTINUOUS
10
6.3987803149606295
20
-3.941537244094488
11
6.4060112598425194
21
-3.941537244094488
0
LINE
8
BLACK
6
CONTINUOUS
10
6.4060112598425194
20
-3.941537244094488
11
6.4060112598425194
21
-3.9345801181102362
0
LINE
8
BLACK
6
CONTINUOUS
10
6.4060112598425194
20
-3.9345801181102362
11
6.3987803149606295
21
-3.9345801181102362
0
LINE
8
BLACK
6
CONTINUOUS
10
6.3987803149606295
20
-3.9345801181102362
11
6.3975431102362199
21
-3.9340676377952755
0
LINE
8
BLACK
6
CONTINUOUS
10
6.3975431102362199
20
-3.9340676377952755
11
6.3975431102362199
21
-3.94204968503937
0
LINE
8
BLACK
6
CONTINUOUS
10
6.4200005905511812
20
-3.9130860236220473
11
6.4206303149606301
21
-3.9146062992125983
0
LINE
8
BLACK
6
CONTINUOUS
10
6.4206303149606301
20
-3.9146062992125983
11
6.4200005905511812
21
-3.9161265748031493
0
LINE
8
BLACK
6
CONTINUOUS
10
6.4200005905511812
20
-3.9161265748031493
11
6.4184803149606298
21
-3.9167562992125982
0
LINE
8
BLACK
6
CONTINUOUS
10
6.4184803149606298
20
-3.9167562992125982
11
6.4081137007874016
21
-3.9167562992125982
0
LINE
8
BLACK
6
CONTINUOUS
10
6.4081137007874016
20
-3.9167562992125982
11
6.4080520078740157
21
-3.9168179527559053
0
LINE
8
BLACK
6
CONTINUOUS
10
6.4080520078740157
20
-3.9168179527559053
11
6.4074969685039367
21
-3.9179280708661417
0
LINE
8
BLACK
6
CONTINUOUS
10
6.4074969685039367
20
-3.9179280708661417
11
6.4074969685039367
21
-3.9197272834645669
0
LINE
8
BLACK
6
CONTINUOUS
10
6.4074969685039367
20
-3.9197272834645669
11
6.4078875590551183
21
-3.920508503937008
0
LINE
8
BLACK
6
CONTINUOUS
10
6.4078875590551183
20
-3.920508503937008
11
6.4086688188976373
21
-3.9208991338582675
0
LINE
8
BLACK
6
CONTINUOUS
10
6.4086688188976373
20
-3.9208991338582675
11
6.4184803149606298
21
-3.9208991338582675
0
LINE
8
BLACK
6
CONTINUOUS
10
6.4184803149606298
20
-3.9208991338582675
11
6.4200005905511812
21
-3.9215288582677164
0
LINE
8
BLACK
6
CONTINUOUS
10
6.4200005905511812
20
-3.9215288582677164
11
6.4206303149606301
21
-3.9230491338582678
0
LINE
8
BLACK
6
CONTINUOUS
10
6.4206303149606301
20
-3.9230491338582678
11
6.4200005905511812
21
-3.9245694094488188
0
LINE
8
BLACK
6
CONTINUOUS
10
6.4200005905511812
20
-3.9245694094488188
11
6.4184803149606298
21
-3.9251991338582677
0
LINE
8
BLACK
6
CONTINUOUS
10
6.4184803149606298
20
-3.9251991338582677
11
6.4081612598425197
21
-3.9251991338582677
0
LINE
8
BLACK
6
CONTINUOUS
10
6.4081612598425197
20
-3.9251991338582677
11
6.4076988976377951
21
-3.9250075984251969
0
LINE
8
BLACK
6
CONTINUOUS
10
6.4076988976377951
20
-3.9250075984251969
11
6.407199763779527
21
-3.9249721653543306
0
LINE
8
BLACK
6
CONTINUOUS
10
6.407199763779527
20
-3.9249721653543306
11
6.4053235826771653
21
-3.9240340944881891
0
LINE
8
BLACK
6
CONTINUOUS
10
6.4053235826771653
20
-3.9240340944881891
11
6.4048769291338585
21
-3.923519094488189
0
LINE
8
BLACK
6
CONTINUOUS
10
6.4048769291338585
20
-3.923519094488189
11
6.4043620472440947
21
-3.9230725590551181
0
LINE
8
BLACK
6
CONTINUOUS
10
6.4043620472440947
20
-3.9230725590551181
11
6.403423937007874
21
-3.9211963385826771
0
LINE
8
BLACK
6
CONTINUOUS
10
6.403423937007874
20
-3.9211963385826771
11
6.4033884645669286
21
-3.9206971653543308
0
LINE
8
BLACK
6
CONTINUOUS
10
6.4033884645669286
20
-3.9206971653543308
11
6.4031969685039369
21
-3.9202348425196849
0
LINE
8
BLACK
6
CONTINUOUS
10
6.4031969685039369
20
-3.9202348425196849
11
6.4031969685039369
21
-3.9174205511811024
0
LINE
8
BLACK
6
CONTINUOUS
10
6.4031969685039369
20
-3.9174205511811024
11
6.4033884645669286
21
-3.9169581496062991
0
LINE
8
BLACK
6
CONTINUOUS
10
6.4033884645669286
20
-3.9169581496062991
11
6.4034239763779528
21
-3.9164590157480315
0
LINE
8
BLACK
6
CONTINUOUS
10
6.4034239763779528
20
-3.9164590157480315
11
6.4037195275590548
21
-3.9158678740157478
0
LINE
8
BLACK
6
CONTINUOUS
10
6.4037195275590548
20
-3.9158678740157478
11
6.4031969685039369
21
-3.9146062992125983
0
LINE
8
BLACK
6
CONTINUOUS
10
6.4031969685039369
20
-3.9146062992125983
11
6.4038266929133858
21
-3.9130860236220473
0
LINE
8
BLACK
6
CONTINUOUS
10
6.4038266929133858
20
-3.9130860236220473
11
6.4053469685039373
21
-3.9124562992125984
0
LINE
8
BLACK
6
CONTINUOUS
10
6.4053469685039373
20
-3.9124562992125984
11
6.4184803149606298
21
-3.9124562992125984
0
LINE
8
BLACK
6
CONTINUOUS
10
6.4184803149606298
20
-3.9124562992125984
11
6.4200005905511812
21
-3.9130860236220473
0
LINE
8
BLACK
6
CONTINUOUS
10
6.4456244094488184
20
-3.9068288976377952
11
6.4465625196850391
21
-3.9077670078740159
0
LINE
8
BLACK
6
CONTINUOUS
10
6.4465625196850391
20
-3.9077670078740159
11
6.4466979133858269
21
-3.9080938976377952
0
LINE
8
BLACK
6
CONTINUOUS
10
6.4466979133858269
20
-3.9080938976377952
11
6.4469652755905509
21
-3.9083257874015747
0
LINE
8
BLACK
6
CONTINUOUS
10
6.4469652755905509
20
-3.9083257874015747
11
6.4479033464566928
21
-3.9102019685039369
0
LINE
8
BLACK
6
CONTINUOUS
10
6.4479033464566928
20
-3.9102019685039369
11
6.4479387795275587
21
-3.9107011023622045
0
LINE
8
BLACK
6
CONTINUOUS
10
6.4479387795275587
20
-3.9107011023622045
11
6.4481303149606299
21
-3.9111634645669291
0
LINE
8
BLACK
6
CONTINUOUS
10
6.4481303149606299
20
-3.9111634645669291
11
6.4481303149606299
21
-3.9158539370078738
0
LINE
8
BLACK
6
CONTINUOUS
10
6.4481303149606299
20
-3.9158539370078738
11
6.4479387795275587
21
-3.9163162598425196
0
LINE
8
BLACK
6
CONTINUOUS
10
6.4479387795275587
20
-3.9163162598425196
11
6.4479033464566928
21
-3.916815433070866
0
LINE
8
BLACK
6
CONTINUOUS
10
6.4479033464566928
20
-3.916815433070866
11
6.4469652755905509
21
-3.9186916141732282
0
LINE
8
BLACK
6
CONTINUOUS
10
6.4469652755905509
20
-3.9186916141732282
11
6.4466979133858269
21
-3.9189234645669289
0
LINE
8
BLACK
6
CONTINUOUS
10
6.4466979133858269
20
-3.9189234645669289
11
6.4465625196850391
21
-3.9192503937007874
0
LINE
8
BLACK
6
CONTINUOUS
10
6.4465625196850391
20
-3.9192503937007874
11
6.4456244094488184
21
-3.9201885039370077
0
LINE
8
BLACK
6
CONTINUOUS
10
6.4456244094488184
20
-3.9201885039370077
11
6.4452974803149603
21
-3.920323897637795
0
LINE
8
BLACK
6
CONTINUOUS
10
6.4452974803149603
20
-3.920323897637795
11
6.4450656299212596
21
-3.9205912598425194
0
LINE
8
BLACK
6
CONTINUOUS
10
6.4450656299212596
20
-3.9205912598425194
11
6.4431894488188979
21
-3.9215293307086614
0
LINE
8
BLACK
6
CONTINUOUS
10
6.4431894488188979
20
-3.9215293307086614
11
6.4426902755905511
21
-3.9215647637795277
0
LINE
8
BLACK
6
CONTINUOUS
10
6.4426902755905511
20
-3.9215647637795277
11
6.4422279527559052
21
-3.9217562992125985
0
LINE
8
BLACK
6
CONTINUOUS
10
6.4422279527559052
20
-3.9217562992125985
11
6.4375374803149601
21
-3.9217562992125985
0
LINE
8
BLACK
6
CONTINUOUS
10
6.4375374803149601
20
-3.9217562992125985
11
6.4370751181102364
21
-3.9215647637795277
0
LINE
8
BLACK
6
CONTINUOUS
10
6.4370751181102364
20
-3.9215647637795277
11
6.4365760236220471
21
-3.9215293307086614
0
LINE
8
BLACK
6
CONTINUOUS
10
6.4365760236220471
20
-3.9215293307086614
11
6.4346997637795278
21
-3.9205912598425194
0
LINE
8
BLACK
6
CONTINUOUS
10
6.4346997637795278
20
-3.9205912598425194
11
6.4344678740157475
21
-3.9203238582677162
0
LINE
8
BLACK
6
CONTINUOUS
10
6.4344678740157475
20
-3.9203238582677162
11
6.4341409448818894
21
-3.9201884645669289
0
LINE
8
BLACK
6
CONTINUOUS
10
6.4341409448818894
20
-3.9201884645669289
11
6.4332028740157483
21
-3.9192503543307087
0
LINE
8
BLACK
6
CONTINUOUS
10
6.4332028740157483
20
-3.9192503543307087
11
6.4330674803149606
21
-3.9189234645669289
0
LINE
8
BLACK
6
CONTINUOUS
10
6.4330674803149606
20
-3.9189234645669289
11
6.4328001574803144
21
-3.918691653543307
0
LINE
8
BLACK
6
CONTINUOUS
10
6.4328001574803144
20
-3.918691653543307
11
6.4318620866141734
21
-3.9168154724409447
0
LINE
8
BLACK
6
CONTINUOUS
10
6.4318620866141734
20
-3.9168154724409447
11
6.4318265748031491
21
-3.9163162992125984
0
LINE
8
BLACK
6
CONTINUOUS
10
6.4318265748031491
20
-3.9163162992125984
11
6.4316350787401575
21
-3.9158539370078738
0
LINE
8
BLACK
6
CONTINUOUS
10
6.4316350787401575
20
-3.9158539370078738
11
6.4316350787401575
21
-3.9111634645669291
0
LINE
8
BLACK
6
CONTINUOUS
10
6.4316350787401575
20
-3.9111634645669291
11
6.4317435039370077
21
-3.910901653543307
0
LINE
8
BLACK
6
CONTINUOUS
10
6.4317435039370077
20
-3.910901653543307
11
6.4284303149606297
21
-3.9112329921259841
0
LINE
8
BLACK
6
CONTINUOUS
10
6.4284303149606297
20
-3.9112329921259841
11
6.4284303149606297
21
-3.9186682283464567
0
LINE
8
BLACK
6
CONTINUOUS
10
6.4284303149606297
20
-3.9186682283464567
11
6.4278005905511808
21
-3.9201885039370077
0
LINE
8
BLACK
6
CONTINUOUS
10
6.4278005905511808
20
-3.9201885039370077
11
6.4262803149606293
21
-3.9208182283464565
0
LINE
8
BLACK
6
CONTINUOUS
10
6.4262803149606293
20
-3.9208182283464565
11
6.4247600393700788
21
-3.9201885039370077
0
LINE
8
BLACK
6
CONTINUOUS
10
6.4247600393700788
20
-3.9201885039370077
11
6.4241303149606299
21
-3.9186682283464567
0
LINE
8
BLACK
6
CONTINUOUS
10
6.4241303149606299
20
-3.9186682283464567
11
6.4241303149606299
21
-3.9092872834645669
0
LINE
8
BLACK
6
CONTINUOUS
10
6.4241303149606299
20
-3.9092872834645669
11
6.4244072047244094
21
-3.9086187007874016
0
LINE
8
BLACK
6
CONTINUOUS
10
6.4244072047244094
20
-3.9086187007874016
11
6.4246162992125981
21
-3.9079258267716535
0
LINE
8
BLACK
6
CONTINUOUS
10
6.4246162992125981
20
-3.9079258267716535
11
6.4247164960629917
21
-3.9078720472440942
0
LINE
8
BLACK
6
CONTINUOUS
10
6.4247164960629917
20
-3.9078720472440942
11
6.4247600393700788
21
-3.9077670078740159
0
LINE
8
BLACK
6
CONTINUOUS
10
6.4247600393700788
20
-3.9077670078740159
11
6.4254285826771653
21
-3.9074900393700784
0
LINE
8
BLACK
6
CONTINUOUS
10
6.4254285826771653
20
-3.9074900393700784
11
6.4260663779527558
21
-3.9071479527559054
0
LINE
8
BLACK
6
CONTINUOUS
10
6.4260663779527558
20
-3.9071479527559054
11
6.4354473228346452
21
-3.9062098425196852
0
LINE
8
BLACK
6
CONTINUOUS
10
6.4354473228346452
20
-3.9062098425196852
11
6.4355561417322837
21
-3.9062426771653542
0
LINE
8
BLACK
6
CONTINUOUS
10
6.4355561417322837
20
-3.9062426771653542
11
6.4356612204724408
21
-3.9061991732283463
0
LINE
8
BLACK
6
CONTINUOUS
10
6.4356612204724408
20
-3.9061991732283463
11
6.4363298031496061
21
-3.9064761023622045
0
LINE
8
BLACK
6
CONTINUOUS
10
6.4363298031496061
20
-3.9064761023622045
11
6.4370227165354326
21
-3.906685157480315
0
LINE
8
BLACK
6
CONTINUOUS
10
6.4370227165354326
20
-3.906685157480315
11
6.4370764566929131
21
-3.9067853543307085
0
LINE
8
BLACK
6
CONTINUOUS
10
6.4370764566929131
20
-3.9067853543307085
11
6.4371814960629923
21
-3.9068288582677164
0
LINE
8
BLACK
6
CONTINUOUS
10
6.4371814960629923
20
-3.9068288582677164
11
6.4374584251968505
21
-3.907497401574803
0
LINE
8
BLACK
6
CONTINUOUS
10
6.4374584251968505
20
-3.907497401574803
11
6.4378005905511806
21
-3.9081352362204722
0
LINE
8
BLACK
6
CONTINUOUS
10
6.4378005905511806
20
-3.9081352362204722
11
6.4377677165354328
21
-3.9082440551181103
0
LINE
8
BLACK
6
CONTINUOUS
10
6.4377677165354328
20
-3.9082440551181103
11
6.4378112598425199
21
-3.9083491338582674
0
LINE
8
BLACK
6
CONTINUOUS
10
6.4378112598425199
20
-3.9083491338582674
11
6.4375342125984254
21
-3.9090179133858265
0
LINE
8
BLACK
6
CONTINUOUS
10
6.4375342125984254
20
-3.9090179133858265
11
6.437325236220472
21
-3.9097106299212596
0
LINE
8
BLACK
6
CONTINUOUS
10
6.437325236220472
20
-3.9097106299212596
11
6.4372250787401573
21
-3.9097643307086614
0
LINE
8
BLACK
6
CONTINUOUS
10
6.4372250787401573
20
-3.9097643307086614
11
6.4371815748031498
21
-3.9098694094488189
0
LINE
8
BLACK
6
CONTINUOUS
10
6.4371815748031498
20
-3.9098694094488189
11
6.4364901574803151
21
-3.9105608267716536
0
LINE
8
BLACK
6
CONTINUOUS
10
6.4364901574803151
20
-3.9105608267716536
11
6.4359350787401572
21
-3.9116709842519684
0
LINE
8
BLACK
6
CONTINUOUS
10
6.4359350787401572
20
-3.9116709842519684
11
6.4359350787401572
21
-3.9153463779527558
0
LINE
8
BLACK
6
CONTINUOUS
10
6.4359350787401572
20
-3.9153463779527558
11
6.4364901574803151
21
-3.9164565354330709
0
LINE
8
BLACK
6
CONTINUOUS
10
6.4364901574803151
20
-3.9164565354330709
11
6.4369348031496063
21
-3.9169011811023622
0
LINE
8
BLACK
6
CONTINUOUS
10
6.4369348031496063
20
-3.9169011811023622
11
6.4380450393700785
21
-3.9174562992125983
0
LINE
8
BLACK
6
CONTINUOUS
10
6.4380450393700785
20
-3.9174562992125983
11
6.4417203937007876
21
-3.9174562992125983
0
LINE
8
BLACK
6
CONTINUOUS
10
6.4417203937007876
20
-3.9174562992125983
11
6.4428305905511811
21
-3.9169011811023622
0
LINE
8
BLACK
6
CONTINUOUS
10
6.4428305905511811
20
-3.9169011811023622
11
6.4432751968503936
21
-3.9164565748031497
0
LINE
8
BLACK
6
CONTINUOUS
10
6.4432751968503936
20
-3.9164565748031497
11
6.4438303149606302
21
-3.9153463779527558
0
LINE
8
BLACK
6
CONTINUOUS
10
6.4438303149606302
20
-3.9153463779527558
11
6.4438303149606302
21
-3.9116709842519684
0
LINE
8
BLACK
6
CONTINUOUS
10
6.4438303149606302
20
-3.9116709842519684
11
6.4432751968503936
21
-3.9105607874015749
0
LINE
8
BLACK
6
CONTINUOUS
10
6.4432751968503936
20
-3.9105607874015749
11
6.4425838582677164
21
-3.9098694488188976
0
LINE
8
BLACK
6
CONTINUOUS
10
6.4425838582677164
20
-3.9098694488188976
11
6.4419541338582675
21
-3.9083491732283462
0
LINE
8
BLACK
6
CONTINUOUS
10
6.4419541338582675
20
-3.9083491732283462
11
6.4425838582677164
21
-3.9068288976377952
0
LINE
8
BLACK
6
CONTINUOUS
10
6.4425838582677164
20
-3.9068288976377952
11
6.4441041338582679
21
-3.9061991732283463
0
LINE
8
BLACK
6
CONTINUOUS
10
6.4441041338582679
20
-3.9061991732283463
11
6.4456244094488184
21
-3.9068288976377952
0
LINE
8
BLACK
6
CONTINUOUS
10
6.411227401574803
20
-3.8928605905511811
11
6.4114970078740159
21
-3.8928205118110237
0
LINE
8
BLACK
6
CONTINUOUS
10
6.4114970078740159
20
-3.8928205118110237
11
6.4152494094488191
21
-3.8937585826771652
0
LINE
8
BLACK
6
CONTINUOUS
10
6.4152494094488191
20
-3.8937585826771652
11
6.4154457480314955
21
-3.8939040551181101
0
LINE
8
BLACK
6
CONTINUOUS
10
6.4154457480314955
20
-3.8939040551181101
11
6.4156894488188971
21
-3.8939213779527559
0
LINE
8
BLACK
6
CONTINUOUS
10
6.4156894488188971
20
-3.8939213779527559
11
6.4175656299212598
21
-3.8948594488188975
0
LINE
8
BLACK
6
CONTINUOUS
10
6.4175656299212598
20
-3.8948594488188975
11
6.4177974803149604
21
-3.8951267716535432
0
LINE
8
BLACK
6
CONTINUOUS
10
6.4177974803149604
20
-3.8951267716535432
11
6.4181244094488186
21
-3.8952622047244092
0
LINE
8
BLACK
6
CONTINUOUS
10
6.4181244094488186
20
-3.8952622047244092
11
6.4190625196850393
21
-3.8962003149606299
0
LINE
8
BLACK
6
CONTINUOUS
10
6.4190625196850393
20
-3.8962003149606299
11
6.419197913385827
21
-3.8965272047244093
0
LINE
8
BLACK
6
CONTINUOUS
10
6.419197913385827
20
-3.8965272047244093
11
6.419465275590551
21
-3.8967590944881887
0
LINE
8
BLACK
6
CONTINUOUS
10
6.419465275590551
20
-3.8967590944881887
11
6.420403346456693
21
-3.8986352755905509
0
LINE
8
BLACK
6
CONTINUOUS
10
6.420403346456693
20
-3.8986352755905509
11
6.4204387795275588
21
-3.8991344094488189
0
LINE
8
BLACK
6
CONTINUOUS
10
6.4204387795275588
20
-3.8991344094488189
11
6.4206303149606301
21
-3.8995967716535431
0
LINE
8
BLACK
6
CONTINUOUS
10
6.4206303149606301
20
-3.8995967716535431
11
6.4206303149606301
21
-3.9014729527559053
0
LINE
8
BLACK
6
CONTINUOUS
10
6.4206303149606301
20
-3.9014729527559053
11
6.4204387795275588
21
-3.9019352755905512
0
LINE
8
BLACK
6
CONTINUOUS
10
6.4204387795275588
20
-3.9019352755905512
11
6.420403346456693
21
-3.9024344094488188
0
LINE
8
BLACK
6
CONTINUOUS
10
6.420403346456693
20
-3.9024344094488188
11
6.419465275590551
21
-3.9043106692913385
0
LINE
8
BLACK
6
CONTINUOUS
10
6.419465275590551
20
-3.9043106692913385
11
6.4191978740157483
21
-3.9045425196850392
0
LINE
8
BLACK
6
CONTINUOUS
10
6.4191978740157483
20
-3.9045425196850392
11
6.4190624803149605
21
-3.9048694881889765
0
LINE
8
BLACK
6
CONTINUOUS
10
6.4190624803149605
20
-3.9048694881889765
11
6.4181243700787398
21
-3.905807559055118
0
LINE
8
BLACK
6
CONTINUOUS
10
6.4181243700787398
20
-3.905807559055118
11
6.4177974803149604
21
-3.9059429133858266
0
LINE
8
BLACK
6
CONTINUOUS
10
6.4177974803149604
20
-3.9059429133858266
11
6.4175656692913385
21
-3.906210275590551
0
LINE
8
BLACK
6
CONTINUOUS
10
6.4175656692913385
20
-3.906210275590551
11
6.4156894881889759
21
-3.907148346456693
0
LINE
8
BLACK
6
CONTINUOUS
10
6.4156894881889759
20
-3.907148346456693
11
6.4154457480314955
21
-3.9071656692913384
0
LINE
8
BLACK
6
CONTINUOUS
10
6.4154457480314955
20
-3.9071656692913384
11
6.4152493700787403
21
-3.907311181102362
0
LINE
8
BLACK
6
CONTINUOUS
10
6.4152493700787403
20
-3.907311181102362
11
6.4114969685039371
21
-3.9082492519685039
0
LINE
8
BLACK
6
CONTINUOUS
10
6.4114969685039371
20
-3.9082492519685039
11
6.4112273228346455
21
-3.9082090944881891
0
LINE
8
BLACK
6
CONTINUOUS
10
6.4112273228346455
20
-3.9082090944881891
11
6.4109755511811022
21
-3.9083134251968503
0
LINE
8
BLACK
6
CONTINUOUS
10
6.4109755511811022
20
-3.9083134251968503
11
6.4062850787401571
21
-3.9083134251968503
0
LINE
8
BLACK
6
CONTINUOUS
10
6.4062850787401571
20
-3.9083134251968503
11
6.4060332283464563
21
-3.9082090944881891
0
LINE
8
BLACK
6
CONTINUOUS
10
6.4060332283464563
20
-3.9082090944881891
11
6.4057636220472443
21
-3.9082492519685039
0
LINE
8
BLACK
6
CONTINUOUS
10
6.4057636220472443
20
-3.9082492519685039
11
6.4020112598425198
21
-3.907311181102362
0
LINE
8
BLACK
6
CONTINUOUS
10
6.4020112598425198
20
-3.907311181102362
11
6.4018148818897638
21
-3.9071656692913384
0
LINE
8
BLACK
6
CONTINUOUS
10
6.4018148818897638
20
-3.9071656692913384
11
6.4015712204724409
21
-3.9071483858267717
0
LINE
8
BLACK
6
CONTINUOUS
10
6.4015712204724409
20
-3.9071483858267717
11
6.3996949999999995
21
-3.906210275590551
0
LINE
8
BLACK
6
CONTINUOUS
10
6.3996949999999995
20
-3.906210275590551
11
6.3994631102362201
21
-3.9059429133858266
0
LINE
8
BLACK
6
CONTINUOUS
10
6.3994631102362201
20
-3.9059429133858266
11
6.3991362204724407
21
-3.9058075196850393
0
LINE
8
BLACK
6
CONTINUOUS
10
6.3991362204724407
20
-3.9058075196850393
11
6.3981981496062987
21
-3.9048694488188977
0
LINE
8
BLACK
6
CONTINUOUS
10
6.3981981496062987
20
-3.9048694488188977
11
6.3980627165354331
21
-3.9045425196850392
0
LINE
8
BLACK
6
CONTINUOUS
10
6.3980627165354331
20
-3.9045425196850392
11
6.397795393700787
21
-3.9043106692913385
0
LINE
8
BLACK
6
CONTINUOUS
10
6.397795393700787
20
-3.9043106692913385
11
6.3968572834645672
21
-3.9024344488188976
0
LINE
8
BLACK
6
CONTINUOUS
10
6.3968572834645672
20
-3.9024344488188976
11
6.3968218110236217
21
-3.9019352755905512
0
LINE
8
BLACK
6
CONTINUOUS
10
6.3968218110236217
20
-3.9019352755905512
11
6.3966303149606301
21
-3.9014729527559053
0
LINE
8
BLACK
6
CONTINUOUS
10
6.3966303149606301
20
-3.9014729527559053
11
6.3966303149606301
21
-3.8995967716535431
0
LINE
8
BLACK
6
CONTINUOUS
10
6.3966303149606301
20
-3.8995967716535431
11
6.3968218110236217
21
-3.8991343700787402
0
LINE
8
BLACK
6
CONTINUOUS
10
6.3968218110236217
20
-3.8991343700787402
11
6.3968573228346459
21
-3.8986352362204721
0
LINE
8
BLACK
6
CONTINUOUS
10
6.3968573228346459
20
-3.8986352362204721
11
6.397795393700787
21
-3.8967590551181099
0
LINE
8
BLACK
6
CONTINUOUS
10
6.397795393700787
20
-3.8967590551181099
11
6.3980627165354331
21
-3.8965272047244093
0
LINE
8
BLACK
6
CONTINUOUS
10
6.3980627165354331
20
-3.8965272047244093
11
6.39819811023622
21
-3.8962003543307087
0
LINE
8
BLACK
6
CONTINUOUS
10
6.39819811023622
20
-3.8962003543307087
11
6.3991361811023619
21
-3.895262244094488
0
LINE
8
BLACK
6
CONTINUOUS
10
6.3991361811023619
20
-3.895262244094488
11
6.3994631102362201
21
-3.8951268110236219
0
LINE
8
BLACK
6
CONTINUOUS
10
6.3994631102362201
20
-3.8951268110236219
11
6.3996949999999995
21
-3.8948594488188975
0
LINE
8
BLACK
6
CONTINUOUS
10
6.3996949999999995
20
-3.8948594488188975
11
6.4015712598425196
21
-3.8939213779527559
0
LINE
8
BLACK
6
CONTINUOUS
10
6.4015712598425196
20
-3.8939213779527559
11
6.4018149606299213
21
-3.8939040551181101
0
LINE
8
BLACK
6
CONTINUOUS
10
6.4018149606299213
20
-3.8939040551181101
11
6.4020112598425198
21
-3.893758622047244
0
LINE
8
BLACK
6
CONTINUOUS
10
6.4020112598425198
20
-3.893758622047244
11
6.4057635826771655
21
-3.8928205118110237
0
LINE
8
BLACK
6
CONTINUOUS
10
6.4057635826771655
20
-3.8928205118110237
11
6.4060331889763775
21
-3.8928605905511811
0
LINE
8
BLACK
6
CONTINUOUS
10
6.4060331889763775
20
-3.8928605905511811
11
6.4062850787401571
21
-3.8927562992125981
0
LINE
8
BLACK
6
CONTINUOUS
10
6.4062850787401571
20
-3.8927562992125981
11
6.4109755511811022
21
-3.8927562992125981
0
LINE
8
BLACK
6
CONTINUOUS
10
6.4109755511811022
20
-3.8927562992125981
11
6.411227401574803
21
-3.8928605905511811
0
LINE
8
BLACK
6
CONTINUOUS
10
6.4032831889763777
20
-3.8978729133858265
11
6.4019300393700789
21
-3.8985494881889764
0
LINE
8
BLACK
6
CONTINUOUS
10
6.4019300393700789
20
-3.8985494881889764
11
6.4014853937007876
21
-3.8989941338582677
0
LINE
8
BLACK
6
CONTINUOUS
10
6.4014853937007876
20
-3.8989941338582677
11
6.4009303149606298
21
-3.9001042913385824
0
LINE
8
BLACK
6
CONTINUOUS
10
6.4009303149606298
20
-3.9001042913385824
11
6.4009303149606298
21
-3.9009653937007873
0
LINE
8
BLACK
6
CONTINUOUS
10
6.4009303149606298
20
-3.9009653937007873
11
6.4014854330708664
21
-3.9020756299212596
0
LINE
8
BLACK
6
CONTINUOUS
10
6.4014854330708664
20
-3.9020756299212596
11
6.4019300393700789
21
-3.9025202362204725
0
LINE
8
BLACK
6
CONTINUOUS
10
6.4019300393700789
20
-3.9025202362204725
11
6.4032830314960627
21
-3.9031967322834644
0
LINE
8
BLACK
6
CONTINUOUS
10
6.4032830314960627
20
-3.9031967322834644
11
6.4065498031496064
21
-3.9040134251968501
0
LINE
8
BLACK
6
CONTINUOUS
10
6.4065498031496064
20
-3.9040134251968501
11
6.4107108267716537
21
-3.9040134251968501
0
LINE
8
BLACK
6
CONTINUOUS
10
6.4107108267716537
20
-3.9040134251968501
11
6.4139776377952753
21
-3.9031966929133857
0
LINE
8
BLACK
6
CONTINUOUS
10
6.4139776377952753
20
-3.9031966929133857
11
6.4153305511811025
21
-3.9025202362204725
0
LINE
8
BLACK
6
CONTINUOUS
10
6.4153305511811025
20
-3.9025202362204725
11
6.4157751968503938
21
-3.9020755905511808
0
LINE
8
BLACK
6
CONTINUOUS
10
6.4157751968503938
20
-3.9020755905511808
11
6.4163303149606294
21
-3.9009653937007873
0
LINE
8
BLACK
6
CONTINUOUS
10
6.4163303149606294
20
-3.9009653937007873
11
6.4163303149606294
21
-3.9001042913385824
0
LINE
8
BLACK
6
CONTINUOUS
10
6.4163303149606294
20
-3.9001042913385824
11
6.4157751968503938
21
-3.8989940944881889
0
LINE
8
BLACK
6
CONTINUOUS
10
6.4157751968503938
20
-3.8989940944881889
11
6.4153305905511813
21
-3.8985494881889764
0
LINE
8
BLACK
6
CONTINUOUS
10
6.4153305905511813
20
-3.8985494881889764
11
6.4139774409448815
21
-3.8978729133858265
0
LINE
8
BLACK
6
CONTINUOUS
10
6.4139774409448815
20
-3.8978729133858265
11
6.41071094488189
21
-3.8970562992125983
0
LINE
8
BLACK
6
CONTINUOUS
10
6.41071094488189
20
-3.8970562992125983
11
6.4065498425196852
21
-3.8970562992125983
0
LINE
8
BLACK
6
CONTINUOUS
10
6.4065498425196852
20
-3.8970562992125983
11
6.4032831889763777
21
-3.8978729133858265
0
LINE
8
BLACK
6
CONTINUOUS
10
6.4475005905511811
20
-3.89181937007874
11
6.4481303149606299
21
-3.8933396456692915
0
LINE
8
BLACK
6
CONTINUOUS
10
6.4481303149606299
20
-3.8933396456692915
11
6.4481303149606299
21
-3.9027205905511808
0
LINE
8
BLACK
6
CONTINUOUS
10
6.4481303149606299
20
-3.9027205905511808
11
6.4475005905511811
21
-3.9042408661417323
0
LINE
8
BLACK
6
CONTINUOUS
10
6.4475005905511811
20
-3.9042408661417323
11
6.4459803149606296
21
-3.9048705905511811
0
LINE
8
BLACK
6
CONTINUOUS
10
6.4459803149606296
20
-3.9048705905511811
11
6.4444600393700782
21
-3.9042408661417323
0
LINE
8
BLACK
6
CONTINUOUS
10
6.4444600393700782
20
-3.9042408661417323
11
6.4438303149606302
21
-3.9027205905511808
0
LINE
8
BLACK
6
CONTINUOUS
10
6.4438303149606302
20
-3.9027205905511808
11
6.4438303149606302
21
-3.8954896456692913
0
LINE
8
BLACK
6
CONTINUOUS
10
6.4438303149606302
20
-3.8954896456692913
11
6.4262803149606293
21
-3.8954896456692913
0
LINE
8
BLACK
6
CONTINUOUS
10
6.4262803149606293
20
-3.8954896456692913
11
6.4247600393700788
21
-3.8948599212598425
0
LINE
8
BLACK
6
CONTINUOUS
10
6.4247600393700788
20
-3.8948599212598425
11
6.4241303149606299
21
-3.8933396456692915
0
LINE
8
BLACK
6
CONTINUOUS
10
6.4241303149606299
20
-3.8933396456692915
11
6.4247600393700788
21
-3.89181937007874
0
LINE
8
BLACK
6
CONTINUOUS
10
6.4247600393700788
20
-3.89181937007874
11
6.4262803149606293
21
-3.8911896456692912
0
LINE
8
BLACK
6
CONTINUOUS
10
6.4262803149606293
20
-3.8911896456692912
11
6.4459803149606296
21
-3.8911896456692912
0
LINE
8
BLACK
6
CONTINUOUS
10
6.4459803149606296
20
-3.8911896456692912
11
6.4475005905511811
21
-3.89181937007874
0
LINE
8
BLACK
6
CONTINUOUS
10
6.4549738582677163
20
-3.843118779527559
11
6.4551031102362204
21
-3.8430960236220471
0
LINE
8
BLACK
6
CONTINUOUS
10
6.4551031102362204
20
-3.8430960236220471
11
6.4552166929133854
21
-3.8431616141732281
0
LINE
8
BLACK
6
CONTINUOUS
10
6.4552166929133854
20
-3.8431616141732281
11
6.4556002755905508
21
-3.8432292519685038
0
LINE
8
BLACK
6
CONTINUOUS
10
6.4556002755905508
20
-3.8432292519685038
11
6.4561879527559052
21
-3.8437223622047245
0
LINE
8
BLACK
6
CONTINUOUS
10
6.4561879527559052
20
-3.8437223622047245
11
6.456852283464567
21
-3.8441059448818895
0
LINE
8
BLACK
6
CONTINUOUS
10
6.456852283464567
20
-3.8441059448818895
11
6.4569433858267713
21
-3.8443562598425194
0
LINE
8
BLACK
6
CONTINUOUS
10
6.4569433858267713
20
-3.8443562598425194
11
6.457147519685039
21
-3.844527559055118
0
LINE
8
BLACK
6
CONTINUOUS
10
6.457147519685039
20
-3.844527559055118
11
6.4572807480314962
21
-3.8452831102362204
0
LINE
8
BLACK
6
CONTINUOUS
10
6.4572807480314962
20
-3.8452831102362204
11
6.4575431102362204
21
-3.846003937007874
0
LINE
8
BLACK
6
CONTINUOUS
10
6.4575431102362204
20
-3.846003937007874
11
6.4575431102362204
21
-3.8860039370078741
0
LINE
8
BLACK
6
CONTINUOUS
10
6.4575431102362204
20
-3.8860039370078741
11
6.457365039370079
21
-3.8870138582677165
0
LINE
8
BLACK
6
CONTINUOUS
10
6.457365039370079
20
-3.8870138582677165
11
6.4560667322834648
21
-3.8885611023622046
0
LINE
8
BLACK
6
CONTINUOUS
10
6.4560667322834648
20
-3.8885611023622046
11
6.4540775984251963
21
-3.8889118503937006
0
LINE
8
BLACK
6
CONTINUOUS
10
6.4540775984251963
20
-3.8889118503937006
11
6.4523284251968507
21
-3.8879019291338581
0
LINE
8
BLACK
6
CONTINUOUS
10
6.4523284251968507
20
-3.8879019291338581
11
6.4516375984251964
21
-3.8860039370078741
0
LINE
8
BLACK
6
CONTINUOUS
10
6.4516375984251964
20
-3.8860039370078741
11
6.4516375984251964
21
-3.8489566929133856
0
LINE
8
BLACK
6
CONTINUOUS
10
6.4516375984251964
20
-3.8489566929133856
11
6.3975431102362199
21
-3.8489566929133856
0
LINE
8
BLACK
6
CONTINUOUS
10
6.3975431102362199
20
-3.8489566929133856
11
6.3975431102362199
21
-3.861288779527559
0
LINE
8
BLACK
6
CONTINUOUS
10
6.3975431102362199
20
-3.861288779527559
11
6.3975877165354333
21
-3.8612222047244096
0
LINE
8
BLACK
6
CONTINUOUS
10
6.3975877165354333
20
-3.8612222047244096
11
6.4002248818897636
21
-3.8594640157480313
0
LINE
8
BLACK
6
CONTINUOUS
10
6.4002248818897636
20
-3.8594640157480313
11
6.4017037795275593
21
-3.857985118110236
0
LINE
8
BLACK
6
CONTINUOUS
10
6.4017037795275593
20
-3.857985118110236
11
6.4024858661417321
21
-3.8564209842519683
0
LINE
8
BLACK
6
CONTINUOUS
10
6.4024858661417321
20
-3.8564209842519683
11
6.4037290157480316
21
-3.855342874015748
0
LINE
8
BLACK
6
CONTINUOUS
10
6.4037290157480316
20
-3.855342874015748
11
6.4053704330708658
21
-3.8554595275590549
0
LINE
8
BLACK
6
CONTINUOUS
10
6.4053704330708658
20
-3.8554595275590549
11
6.4064485826771653
21
-3.8567026377952756
0
LINE
8
BLACK
6
CONTINUOUS
10
6.4064485826771653
20
-3.8567026377952756
11
6.4063318897637798
21
-3.8583440551181103
0
LINE
8
BLACK
6
CONTINUOUS
10
6.4063318897637798
20
-3.8583440551181103
11
6.4053937795275591
21
-3.8602202362204725
0
LINE
8
BLACK
6
CONTINUOUS
10
6.4053937795275591
20
-3.8602202362204725
11
6.4051264566929129
21
-3.8604520472440944
0
LINE
8
BLACK
6
CONTINUOUS
10
6.4051264566929129
20
-3.8604520472440944
11
6.4049910629921261
21
-3.8607789763779525
0
LINE
8
BLACK
6
CONTINUOUS
10
6.4049910629921261
20
-3.8607789763779525
11
6.4049089370078738
21
-3.8608611023622048
0
LINE
8
BLACK
6
CONTINUOUS
10
6.4049089370078738
20
-3.8608611023622048
11
6.4163303149606294
21
-3.8608611023622048
0
LINE
8
BLACK
6
CONTINUOUS
10
6.4163303149606294
20
-3.8608611023622048
11
6.4163303149606294
21
-3.8573825196850393
0
LINE
8
BLACK
6
CONTINUOUS
10
6.4163303149606294
20
-3.8573825196850393
11
6.4169600393700783
21
-3.8558622440944883
0
LINE
8
BLACK
6
CONTINUOUS
10
6.4169600393700783
20
-3.8558622440944883
11
6.4184803149606298
21
-3.8552325196850394
0
LINE
8
BLACK
6
CONTINUOUS
10
6.4184803149606298
20
-3.8552325196850394
11
6.4200005905511812
21
-3.8558622440944883
0
LINE
8
BLACK
6
CONTINUOUS
10
6.4200005905511812
20
-3.8558622440944883
11
6.4206303149606301
21
-3.8573825196850393
0
LINE
8
BLACK
6
CONTINUOUS
10
6.4206303149606301
20
-3.8573825196850393
11
6.4206303149606301
21
-3.8686396456692913
0
LINE
8
BLACK
6
CONTINUOUS
10
6.4206303149606301
20
-3.8686396456692913
11
6.4200005905511812
21
-3.8701599212598423
0
LINE
8
BLACK
6
CONTINUOUS
10
6.4200005905511812
20
-3.8701599212598423
11
6.4184803149606298
21
-3.8707896456692912
0
LINE
8
BLACK
6
CONTINUOUS
10
6.4184803149606298
20
-3.8707896456692912
11
6.4169600393700783
21
-3.8701599212598423
0
LINE
8
BLACK
6
CONTINUOUS
10
6.4169600393700783
20
-3.8701599212598423
11
6.4163303149606294
21
-3.8686396456692913
0
LINE
8
BLACK
6
CONTINUOUS
10
6.4163303149606294
20
-3.8686396456692913
11
6.4163303149606294
21
-3.8651611023622046
0
LINE
8
BLACK
6
CONTINUOUS
10
6.4163303149606294
20
-3.8651611023622046
11
6.3987803149606295
21
-3.8651611023622046
0
LINE
8
BLACK
6
CONTINUOUS
10
6.3987803149606295
20
-3.8651611023622046
11
6.3985757480314955
21
-3.8650763779527559
0
LINE
8
BLACK
6
CONTINUOUS
10
6.3985757480314955
20
-3.8650763779527559
11
6.3983586614173227
21
-3.8651193307086613
0
LINE
8
BLACK
6
CONTINUOUS
10
6.3983586614173227
20
-3.8651193307086613
11
6.3978385039370078
21
-3.8647709842519684
0
LINE
8
BLACK
6
CONTINUOUS
10
6.3978385039370078
20
-3.8647709842519684
11
6.3975431102362199
21
-3.8646486220472438
0
LINE
8
BLACK
6
CONTINUOUS
10
6.3975431102362199
20
-3.8646486220472438
11
6.3975431102362199
21
-3.8785017322834645
0
LINE
8
BLACK
6
CONTINUOUS
10
6.3975431102362199
20
-3.8785017322834645
11
6.397795393700787
21
-3.8779971653543308
0
LINE
8
BLACK
6
CONTINUOUS
10
6.397795393700787
20
-3.8779971653543308
11
6.3980627165354331
21
-3.8777653149606297
0
LINE
8
BLACK
6
CONTINUOUS
10
6.3980627165354331
20
-3.8777653149606297
11
6.39819811023622
21
-3.8774384645669291
0
LINE
8
BLACK
6
CONTINUOUS
10
6.39819811023622
20
-3.8774384645669291
11
6.3991361811023619
21
-3.8765003543307084
0
LINE
8
BLACK
6
CONTINUOUS
10
6.3991361811023619
20
-3.8765003543307084
11
6.3994631102362201
21
-3.8763649212598423
0
LINE
8
BLACK
6
CONTINUOUS
10
6.3994631102362201
20
-3.8763649212598423
11
6.3996949999999995
21
-3.8760975590551179
0
LINE
8
BLACK
6
CONTINUOUS
10
6.3996949999999995
20
-3.8760975590551179
11
6.4015712598425196
21
-3.8751594881889764
0
LINE
8
BLACK
6
CONTINUOUS
10
6.4015712598425196
20
-3.8751594881889764
11
6.4018149606299213
21
-3.8751421653543305
0
LINE
8
BLACK
6
CONTINUOUS
10
6.4018149606299213
20
-3.8751421653543305
11
6.4020112598425198
21
-3.8749967322834644
0
LINE
8
BLACK
6
CONTINUOUS
10
6.4020112598425198
20
-3.8749967322834644
11
6.4057635826771655
21
-3.8740586220472442
0
LINE
8
BLACK
6
CONTINUOUS
10
6.4057635826771655
20
-3.8740586220472442
11
6.4060331889763775
21
-3.8740987007874015
0
LINE
8
BLACK
6
CONTINUOUS
10
6.4060331889763775
20
-3.8740987007874015
11
6.4062850787401571
21
-3.873994409448819
0
LINE
8
BLACK
6
CONTINUOUS
10
6.4062850787401571
20
-3.873994409448819
11
6.4109755511811022
21
-3.873994409448819
0
LINE
8
BLACK
6
CONTINUOUS
10
6.4109755511811022
20
-3.873994409448819
11
6.411227401574803
21
-3.8740987007874015
0
LINE
8
BLACK
6
CONTINUOUS
10
6.411227401574803
20
-3.8740987007874015
11
6.4114970078740159
21
-3.8740586220472442
0
LINE
8
BLACK
6
CONTINUOUS
10
6.4114970078740159
20
-3.8740586220472442
11
6.4152494094488191
21
-3.8749966929133857
0
LINE
8
BLACK
6
CONTINUOUS
10
6.4152494094488191
20
-3.8749966929133857
11
6.4154457480314955
21
-3.8751421653543305
0
LINE
8
BLACK
6
CONTINUOUS
10
6.4154457480314955
20
-3.8751421653543305
11
6.4156894488188971
21
-3.8751594881889764
0
LINE
8
BLACK
6
CONTINUOUS
10
6.4156894488188971
20
-3.8751594881889764
11
6.4175656299212598
21
-3.8760975590551179
0
LINE
8
BLACK
6
CONTINUOUS
10
6.4175656299212598
20
-3.8760975590551179
11
6.4177974803149604
21
-3.8763648818897636
0
LINE
8
BLACK
6
CONTINUOUS
10
6.4177974803149604
20
-3.8763648818897636
11
6.4181244094488186
21
-3.8765003149606296
0
LINE
8
BLACK
6
CONTINUOUS
10
6.4181244094488186
20
-3.8765003149606296
11
6.4190625196850393
21
-3.8774384251968503
0
LINE
8
BLACK
6
CONTINUOUS
10
6.4190625196850393
20
-3.8774384251968503
11
6.419197913385827
21
-3.8777653149606297
0
LINE
8
BLACK
6
CONTINUOUS
10
6.419197913385827
20
-3.8777653149606297
11
6.419465275590551
21
-3.8779972047244096
0
LINE
8
BLACK
6
CONTINUOUS
10
6.419465275590551
20
-3.8779972047244096
11
6.420403346456693
21
-3.8798733858267718
0
LINE
8
BLACK
6
CONTINUOUS
10
6.420403346456693
20
-3.8798733858267718
11
6.4204387795275588
21
-3.8803725196850394
0
LINE
8
BLACK
6
CONTINUOUS
10
6.4204387795275588
20
-3.8803725196850394
11
6.4206303149606301
21
-3.8808348818897636
0
LINE
8
BLACK
6
CONTINUOUS
10
6.4206303149606301
20
-3.8808348818897636
11
6.4206303149606301
21
-3.8827110629921258
0
LINE
8
BLACK
6
CONTINUOUS
10
6.4206303149606301
20
-3.8827110629921258
11
6.4204387795275588
21
-3.8831733858267716
0
LINE
8
BLACK
6
CONTINUOUS
10
6.4204387795275588
20
-3.8831733858267716
11
6.420403346456693
21
-3.8836725196850392
0
LINE
8
BLACK
6
CONTINUOUS
10
6.420403346456693
20
-3.8836725196850392
11
6.419465275590551
21
-3.8855487795275589
0
LINE
8
BLACK
6
CONTINUOUS
10
6.419465275590551
20
-3.8855487795275589
11
6.4191978740157483
21
-3.8857806299212596
0
LINE
8
BLACK
6
CONTINUOUS
10
6.4191978740157483
20
-3.8857806299212596
11
6.4190624803149605
21
-3.8861075984251969
0
LINE
8
BLACK
6
CONTINUOUS
10
6.4190624803149605
20
-3.8861075984251969
11
6.4181243700787398
21
-3.8870456692913384
0
LINE
8
BLACK
6
CONTINUOUS
10
6.4181243700787398
20
-3.8870456692913384
11
6.4177974803149604
21
-3.887181023622047
0
LINE
8
BLACK
6
CONTINUOUS
10
6.4177974803149604
20
-3.887181023622047
11
6.4175656692913385
21
-3.8874483858267714
0
LINE
8
BLACK
6
CONTINUOUS
10
6.4175656692913385
20
-3.8874483858267714
11
6.4156894881889759
21
-3.8883864566929134
0
LINE
8
BLACK
6
CONTINUOUS
10
6.4156894881889759
20
-3.8883864566929134
11
6.4154457480314955
21
-3.8884037795275588
0
LINE
8
BLACK
6
CONTINUOUS
10
6.4154457480314955
20
-3.8884037795275588
11
6.4152493700787403
21
-3.8885492913385824
0
LINE
8
BLACK
6
CONTINUOUS
10
6.4152493700787403
20
-3.8885492913385824
11
6.4114969685039371
21
-3.8894873622047244
0
LINE
8
BLACK
6
CONTINUOUS
10
6.4114969685039371
20
-3.8894873622047244
11
6.4112273228346455
21
-3.8894472047244095
0
LINE
8
BLACK
6
CONTINUOUS
10
6.4112273228346455
20
-3.8894472047244095
11
6.4109755511811022
21
-3.8895515354330708
0
LINE
8
BLACK
6
CONTINUOUS
10
6.4109755511811022
20
-3.8895515354330708
11
6.4062850787401571
21
-3.8895515354330708
0
LINE
8
BLACK
6
CONTINUOUS
10
6.4062850787401571
20
-3.8895515354330708
11
6.4060332283464563
21
-3.8894472047244095
0
LINE
8
BLACK
6
CONTINUOUS
10
6.4060332283464563
20
-3.8894472047244095
11
6.4057636220472443
21
-3.8894873622047244
0
LINE
8
BLACK
6
CONTINUOUS
10
6.4057636220472443
20
-3.8894873622047244
11
6.4020112598425198
21
-3.8885492913385824
0
LINE
8
BLACK
6
CONTINUOUS
10
6.4020112598425198
20
-3.8885492913385824
11
6.4018148818897638
21
-3.8884037795275588
0
LINE
8
BLACK
6
CONTINUOUS
10
6.4018148818897638
20
-3.8884037795275588
11
6.4015712204724409
21
-3.8883864960629921
0
LINE
8
BLACK
6
CONTINUOUS
10
6.4015712204724409
20
-3.8883864960629921
11
6.3996949999999995
21
-3.8874483858267714
0
LINE
8
BLACK
6
CONTINUOUS
10
6.3996949999999995
20
-3.8874483858267714
11
6.3994631102362201
21
-3.887181023622047
0
LINE
8
BLACK
6
CONTINUOUS
10
6.3994631102362201
20
-3.887181023622047
11
6.3991362204724407
21
-3.8870456299212597
0
LINE
8
BLACK
6
CONTINUOUS
10
6.3991362204724407
20
-3.8870456299212597
11
6.3981981496062987
21
-3.8861075590551182
0
LINE
8
BLACK
6
CONTINUOUS
10
6.3981981496062987
20
-3.8861075590551182
11
6.3980627165354331
21
-3.8857806299212596
0
LINE
8
BLACK
6
CONTINUOUS
10
6.3980627165354331
20
-3.8857806299212596
11
6.397795393700787
21
-3.8855487795275589
0
LINE
8
BLACK
6
CONTINUOUS
10
6.397795393700787
20
-3.8855487795275589
11
6.3975431102362199
21
-3.8850442125984253
0
LINE
8
BLACK
6
CONTINUOUS
10
6.3975431102362199
20
-3.8850442125984253
11
6.3975431102362199
21
-3.8860039370078741
0
LINE
8
BLACK
6
CONTINUOUS
10
6.3975431102362199
20
-3.8860039370078741
11
6.3973650393700785
21
-3.8870138582677165
0
LINE
8
BLACK
6
CONTINUOUS
10
6.3973650393700785
20
-3.8870138582677165
11
6.3960667322834643
21
-3.8885611023622046
0
LINE
8
BLACK
6
CONTINUOUS
10
6.3960667322834643
20
-3.8885611023622046
11
6.3940775984251967
21
-3.8889118503937006
0
LINE
8
BLACK
6
CONTINUOUS
10
6.3940775984251967
20
-3.8889118503937006
11
6.3923284251968502
21
-3.8879019291338581
0
LINE
8
BLACK
6
CONTINUOUS
10
6.3923284251968502
20
-3.8879019291338581
11
6.3916375984251967
21
-3.8860039370078741
0
LINE
8
BLACK
6
CONTINUOUS
10
6.3916375984251967
20
-3.8860039370078741
11
6.3916375984251967
21
-3.846003937007874
0
LINE
8
BLACK
6
CONTINUOUS
10
6.3916375984251967
20
-3.846003937007874
11
6.3917051968503937
21
-3.8456203937007873
0
LINE
8
BLACK
6
CONTINUOUS
10
6.3917051968503937
20
-3.8456203937007873
11
6.3916824409448818
21
-3.845491181102362
0
LINE
8
BLACK
6
CONTINUOUS
10
6.3916824409448818
20
-3.845491181102362
11
6.3917480314960624
21
-3.8453775590551182
0
LINE
8
BLACK
6
CONTINUOUS
10
6.3917480314960624
20
-3.8453775590551182
11
6.3918156692913382
21
-3.8449940157480316
0
LINE
8
BLACK
6
CONTINUOUS
10
6.3918156692913382
20
-3.8449940157480316
11
6.3923087795275588
21
-3.8444062992125985
0
LINE
8
BLACK
6
CONTINUOUS
10
6.3923087795275588
20
-3.8444062992125985
11
6.3926923622047243
21
-3.8437420078740159
0
LINE
8
BLACK
6
CONTINUOUS
10
6.3926923622047243
20
-3.8437420078740159
11
6.3929426771653546
21
-3.8436508661417323
0
LINE
8
BLACK
6
CONTINUOUS
10
6.3929426771653546
20
-3.8436508661417323
11
6.3931139763779523
21
-3.8434467716535434
0
LINE
8
BLACK
6
CONTINUOUS
10
6.3931139763779523
20
-3.8434467716535434
11
6.3938695275590547
21
-3.8433135039370079
0
LINE
8
BLACK
6
CONTINUOUS
10
6.3938695275590547
20
-3.8433135039370079
11
6.3945903543307088
21
-3.843051181102362
0
LINE
8
BLACK
6
CONTINUOUS
10
6.3945903543307088
20
-3.843051181102362
11
6.4545903543307084
21
-3.843051181102362
0
LINE
8
BLACK
6
CONTINUOUS
10
6.4545903543307084
20
-3.843051181102362
11
6.4549738582677163
21
-3.843118779527559
0
LINE
8
BLACK
6
CONTINUOUS
10
6.4032831889763777
20
-3.879111023622047
11
6.4019300393700789
21
-3.8797875984251968
0
LINE
8
BLACK
6
CONTINUOUS
10
6.4019300393700789
20
-3.8797875984251968
11
6.4014853937007876
21
-3.8802322440944881
0
LINE
8
BLACK
6
CONTINUOUS
10
6.4014853937007876
20
-3.8802322440944881
11
6.4009303149606298
21
-3.8813424015748033
0
LINE
8
BLACK
6
CONTINUOUS
10
6.4009303149606298
20
-3.8813424015748033
11
6.4009303149606298
21
-3.8822035039370077
0
LINE
8
BLACK
6
CONTINUOUS
10
6.4009303149606298
20
-3.8822035039370077
11
6.4014854330708664
21
-3.8833137401574804
0
LINE
8
BLACK
6
CONTINUOUS
10
6.4014854330708664
20
-3.8833137401574804
11
6.4019300393700789
21
-3.8837583464566929
0
LINE
8
BLACK
6
CONTINUOUS
10
6.4019300393700789
20
-3.8837583464566929
11
6.4032830314960627
21
-3.8844348425196848
0
LINE
8
BLACK
6
CONTINUOUS
10
6.4032830314960627
20
-3.8844348425196848
11
6.4065498031496064
21
-3.8852515354330706
0
LINE
8
BLACK
6
CONTINUOUS
10
6.4065498031496064
20
-3.8852515354330706
11
6.4107108267716537
21
-3.8852515354330706
0
LINE
8
BLACK
6
CONTINUOUS
10
6.4107108267716537
20
-3.8852515354330706
11
6.4139776377952753
21
-3.8844348031496061
0
LINE
8
BLACK
6
CONTINUOUS
10
6.4139776377952753
20
-3.8844348031496061
11
6.4153305511811025
21
-3.8837583464566929
0
LINE
8
BLACK
6
CONTINUOUS
10
6.4153305511811025
20
-3.8837583464566929
11
6.4157751968503938
21
-3.8833137007874017
0
LINE
8
BLACK
6
CONTINUOUS
10
6.4157751968503938
20
-3.8833137007874017
11
6.4163303149606294
21
-3.8822035039370077
0
LINE
8
BLACK
6
CONTINUOUS
10
6.4163303149606294
20
-3.8822035039370077
11
6.4163303149606294
21
-3.8813424015748033
0
LINE
8
BLACK
6
CONTINUOUS
10
6.4163303149606294
20
-3.8813424015748033
11
6.4157751968503938
21
-3.8802322047244093
0
LINE
8
BLACK
6
CONTINUOUS
10
6.4157751968503938
20
-3.8802322047244093
11
6.4153305905511813
21
-3.8797875984251968
0
LINE
8
BLACK
6
CONTINUOUS
10
6.4153305905511813
20
-3.8797875984251968
11
6.4139774409448815
21
-3.879111023622047
0
LINE
8
BLACK
6
CONTINUOUS
10
6.4139774409448815
20
-3.879111023622047
11
6.41071094488189
21
-3.8782944094488188
0
LINE
8
BLACK
6
CONTINUOUS
10
6.41071094488189
20
-3.8782944094488188
11
6.4065498425196852
21
-3.8782944094488188
0
LINE
8
BLACK
6
CONTINUOUS
10
6.4065498425196852
20
-3.8782944094488188
11
6.4032831889763777
21
-3.879111023622047
0
LINE
8
BLACK
6
CONTINUOUS
10
5.8539550787401575
20
-3.7783449606299211
11
5.8822393307086616
21
-3.8066292125984251
0
LINE
8
BLACK
6
CONTINUOUS
10
5.8822393307086616
20
-3.8066292125984251
11
5.8824627165354331
21
-3.8069482283464566
0
LINE
8
BLACK
6
CONTINUOUS
10
5.8824627165354331
20
-3.8069482283464566
11
5.8825701968503932
21
-3.8070235039370077
0
LINE
8
BLACK
6
CONTINUOUS
10
5.8825701968503932
20
-3.8070235039370077
11
5.8826041338582673
21
-3.8071502362204726
0
LINE
8
BLACK
6
CONTINUOUS
10
5.8826041338582673
20
-3.8071502362204726
11
5.8828275196850388
21
-3.8074692519685041
0
LINE
8
BLACK
6
CONTINUOUS
10
5.8828275196850388
20
-3.8074692519685041
11
5.8828943700787404
21
-3.8082334645669289
0
LINE
8
BLACK
6
CONTINUOUS
10
5.8828943700787404
20
-3.8082334645669289
11
5.883092913385827
21
-3.8089744881889764
0
LINE
8
BLACK
6
CONTINUOUS
10
5.883092913385827
20
-3.8089744881889764
11
5.8829803149606299
21
-3.8092159055118109
0
LINE
8
BLACK
6
CONTINUOUS
10
5.8829803149606299
20
-3.8092159055118109
11
5.8830035433070869
21
-3.8094813385826769
0
LINE
8
BLACK
6
CONTINUOUS
10
5.8830035433070869
20
-3.8094813385826769
11
5.8825635433070866
21
-3.8101097244094486
0
LINE
8
BLACK
6
CONTINUOUS
10
5.8825635433070866
20
-3.8101097244094486
11
5.8822393307086616
21
-3.8108050393700785
0
LINE
8
BLACK
6
CONTINUOUS
10
5.8822393307086616
20
-3.8108050393700785
11
5.8398129133858268
21
-3.8532314566929133
0
LINE
8
BLACK
6
CONTINUOUS
10
5.8398129133858268
20
-3.8532314566929133
11
5.8394938582677165
21
-3.8534548425196848
0
LINE
8
BLACK
6
CONTINUOUS
10
5.8394938582677165
20
-3.8534548425196848
11
5.8394186220472442
21
-3.8535623228346454
0
LINE
8
BLACK
6
CONTINUOUS
10
5.8394186220472442
20
-3.8535623228346454
11
5.8392918503937006
21
-3.8535962598425195
0
LINE
8
BLACK
6
CONTINUOUS
10
5.8392918503937006
20
-3.8535962598425195
11
5.8389728740157478
21
-3.8538196456692915
0
LINE
8
BLACK
6
CONTINUOUS
10
5.8389728740157478
20
-3.8538196456692915
11
5.8382085433070863
21
-3.8538864960629922
0
LINE
8
BLACK
6
CONTINUOUS
10
5.8382085433070863
20
-3.8538864960629922
11
5.8374676377952754
21
-3.8540850393700787
0
LINE
8
BLACK
6
CONTINUOUS
10
5.8374676377952754
20
-3.8540850393700787
11
5.8372262204724406
21
-3.8539724409448817
0
LINE
8
BLACK
6
CONTINUOUS
10
5.8372262204724406
20
-3.8539724409448817
11
5.8369607874015745
21
-3.8539957086614174
0
LINE
8
BLACK
6
CONTINUOUS
10
5.8369607874015745
20
-3.8539957086614174
11
5.836332283464567
21
-3.8535555905511809
0
LINE
8
BLACK
6
CONTINUOUS
10
5.836332283464567
20
-3.8535555905511809
11
5.8356370866141729
21
-3.8532314566929133
0
LINE
8
BLACK
6
CONTINUOUS
10
5.8356370866141729
20
-3.8532314566929133
11
5.8073528346456689
21
-3.8249472047244093
0
LINE
8
BLACK
6
CONTINUOUS
10
5.8073528346456689
20
-3.8249472047244093
11
5.8067646456692916
21
-3.8241071653543308
0
LINE
8
BLACK
6
CONTINUOUS
10
5.8067646456692916
20
-3.8241071653543308
11
5.8065885826771648
21
-3.8220950787401575
0
LINE
8
BLACK
6
CONTINUOUS
10
5.8065885826771648
20
-3.8220950787401575
11
5.8077471259842515
21
-3.8204405118110234
0
LINE
8
BLACK
6
CONTINUOUS
10
5.8077471259842515
20
-3.8204405118110234
11
5.8096980708661414
21
-3.8199177952755905
0
LINE
8
BLACK
6
CONTINUOUS
10
5.8096980708661414
20
-3.8199177952755905
11
5.8115286614173227
21
-3.8207713779527559
0
LINE
8
BLACK
6
CONTINUOUS
10
5.8115286614173227
20
-3.8207713779527559
11
5.8377249999999998
21
-3.846967716535433
0
LINE
8
BLACK
6
CONTINUOUS
10
5.8377249999999998
20
-3.846967716535433
11
5.8759755905511808
21
-3.808717125984252
0
LINE
8
BLACK
6
CONTINUOUS
10
5.8759755905511808
20
-3.808717125984252
11
5.8497792519685037
21
-3.7825207874015749
0
LINE
8
BLACK
6
CONTINUOUS
10
5.8497792519685037
20
-3.7825207874015749
11
5.8491910629921255
21
-3.781680748031496
0
LINE
8
BLACK
6
CONTINUOUS
10
5.8491910629921255
20
-3.781680748031496
11
5.8490149999999996
21
-3.7796686614173227
0
LINE
8
BLACK
6
CONTINUOUS
10
5.8490149999999996
20
-3.7796686614173227
11
5.8501735433070863
21
-3.778014094488189
0
LINE
8
BLACK
6
CONTINUOUS
10
5.8501735433070863
20
-3.778014094488189
11
5.8521244881889762
21
-3.7774913779527557
0
LINE
8
BLACK
6
CONTINUOUS
10
5.8521244881889762
20
-3.7774913779527557
11
5.8539550787401575
21
-3.7783449606299211
0
LINE
8
BLACK
6
CONTINUOUS
10
6.3734786614173231
20
-3.7985790551181102
11
6.3741694881889766
21
-3.8004770472440943
0
LINE
8
BLACK
6
CONTINUOUS
10
6.3741694881889766
20
-3.8004770472440943
11
6.3741694881889766
21
-3.8404770472440943
0
LINE
8
BLACK
6
CONTINUOUS
10
6.3741694881889766
20
-3.8404770472440943
11
6.3741018503937008
21
-3.8408605511811023
0
LINE
8
BLACK
6
CONTINUOUS
10
6.3741018503937008
20
-3.8408605511811023
11
6.3741246456692915
21
-3.8409898031496064
0
LINE
8
BLACK
6
CONTINUOUS
10
6.3741246456692915
20
-3.8409898031496064
11
6.3740590157480312
21
-3.8411033858267714
0
LINE
8
BLACK
6
CONTINUOUS
10
6.3740590157480312
20
-3.8411033858267714
11
6.3739914173228343
21
-3.8414869685039368
0
LINE
8
BLACK
6
CONTINUOUS
10
6.3739914173228343
20
-3.8414869685039368
11
6.3734982677165357
21
-3.8420746456692911
0
LINE
8
BLACK
6
CONTINUOUS
10
6.3734982677165357
20
-3.8420746456692911
11
6.373114724409449
21
-3.8427389763779525
0
LINE
8
BLACK
6
CONTINUOUS
10
6.373114724409449
20
-3.8427389763779525
11
6.37286437007874
21
-3.8428300787401573
0
LINE
8
BLACK
6
CONTINUOUS
10
6.37286437007874
20
-3.8428300787401573
11
6.3726931102362201
21
-3.8430342125984249
0
LINE
8
BLACK
6
CONTINUOUS
10
6.3726931102362201
20
-3.8430342125984249
11
6.371937519685039
21
-3.8431674409448817
0
LINE
8
BLACK
6
CONTINUOUS
10
6.371937519685039
20
-3.8431674409448817
11
6.3712167322834645
21
-3.8434298031496064
0
LINE
8
BLACK
6
CONTINUOUS
10
6.3712167322834645
20
-3.8434298031496064
11
6.311216732283464
21
-3.8434298031496064
0
LINE
8
BLACK
6
CONTINUOUS
10
6.311216732283464
20
-3.8434298031496064
11
6.3108331889763782
21
-3.8433621653543306
0
LINE
8
BLACK
6
CONTINUOUS
10
6.3108331889763782
20
-3.8433621653543306
11
6.3107039763779529
21
-3.8433849606299213
0
LINE
8
BLACK
6
CONTINUOUS
10
6.3107039763779529
20
-3.8433849606299213
11
6.3105903543307083
21
-3.8433193307086615
0
LINE
8
BLACK
6
CONTINUOUS
10
6.3105903543307083
20
-3.8433193307086615
11
6.3102068110236216
21
-3.8432517322834645
0
LINE
8
BLACK
6
CONTINUOUS
10
6.3102068110236216
20
-3.8432517322834645
11
6.3096190944881885
21
-3.8427585826771651
0
LINE
8
BLACK
6
CONTINUOUS
10
6.3096190944881885
20
-3.8427585826771651
11
6.3089548031496063
21
-3.8423750393700788
0
LINE
8
BLACK
6
CONTINUOUS
10
6.3089548031496063
20
-3.8423750393700788
11
6.3088636614173224
21
-3.8421246850393702
0
LINE
8
BLACK
6
CONTINUOUS
10
6.3088636614173224
20
-3.8421246850393702
11
6.3086595669291334
21
-3.8419534251968503
0
LINE
8
BLACK
6
CONTINUOUS
10
6.3086595669291334
20
-3.8419534251968503
11
6.3085262992125983
21
-3.8411978346456692
0
LINE
8
BLACK
6
CONTINUOUS
10
6.3085262992125983
20
-3.8411978346456692
11
6.3082639763779529
21
-3.8404770472440943
0
LINE
8
BLACK
6
CONTINUOUS
10
6.3082639763779529
20
-3.8404770472440943
11
6.3082639763779529
21
-3.8004770472440943
0
LINE
8
BLACK
6
CONTINUOUS
10
6.3082639763779529
20
-3.8004770472440943
11
6.3084420472440943
21
-3.7994671259842518
0
LINE
8
BLACK
6
CONTINUOUS
10
6.3084420472440943
20
-3.7994671259842518
11
6.3097403543307085
21
-3.7979198818897637
0
LINE
8
BLACK
6
CONTINUOUS
10
6.3097403543307085
20
-3.7979198818897637
11
6.3117294881889761
21
-3.7975691338582678
0
LINE
8
BLACK
6
CONTINUOUS
10
6.3117294881889761
20
-3.7975691338582678
11
6.3134786614173226
21
-3.7985790551181102
0
LINE
8
BLACK
6
CONTINUOUS
10
6.3134786614173226
20
-3.7985790551181102
11
6.3141694881889761
21
-3.8004770472440943
0
LINE
8
BLACK
6
CONTINUOUS
10
6.3141694881889761
20
-3.8004770472440943
11
6.3141694881889761
21
-3.8375242913385827
0
LINE
8
BLACK
6
CONTINUOUS
10
6.3141694881889761
20
-3.8375242913385827
11
6.3682639763779525
21
-3.8375242913385827
0
LINE
8
BLACK
6
CONTINUOUS
10
6.3682639763779525
20
-3.8375242913385827
11
6.3682639763779525
21
-3.8004770472440943
0
LINE
8
BLACK
6
CONTINUOUS
10
6.3682639763779525
20
-3.8004770472440943
11
6.3684420472440939
21
-3.7994671259842518
0
LINE
8
BLACK
6
CONTINUOUS
10
6.3684420472440939
20
-3.7994671259842518
11
6.369740354330709
21
-3.7979198818897637
0
LINE
8
BLACK
6
CONTINUOUS
10
6.369740354330709
20
-3.7979198818897637
11
6.3717294881889766
21
-3.7975691338582678
0
LINE
8
BLACK
6
CONTINUOUS
10
6.3717294881889766
20
-3.7975691338582678
11
6.3734786614173231
21
-3.7985790551181102
0
LINE
8
BLACK
6
CONTINUOUS
10
5.9763885433070865
20
-3.8016482283464565
11
5.976849803149606
21
-3.8027617716535431
0
LINE
8
BLACK
6
CONTINUOUS
10
5.976849803149606
20
-3.8027617716535431
11
5.9763885433070865
21
-3.8038753149606297
0
LINE
8
BLACK
6
CONTINUOUS
10
5.9763885433070865
20
-3.8038753149606297
11
5.9752749999999999
21
-3.8043365748031497
0
LINE
8
BLACK
6
CONTINUOUS
10
5.9752749999999999
20
-3.8043365748031497
11
5.9665595275590553
21
-3.8043365748031497
0
LINE
8
BLACK
6
CONTINUOUS
10
5.9665595275590553
20
-3.8043365748031497
11
5.9708358661417318
21
-3.8092238188976375
0
LINE
8
BLACK
6
CONTINUOUS
10
5.9708358661417318
20
-3.8092238188976375
11
5.9710133858267715
21
-3.8097487401574801
0
LINE
8
BLACK
6
CONTINUOUS
10
5.9710133858267715
20
-3.8097487401574801
11
5.9712255118110233
21
-3.8102608267716533
0
LINE
8
BLACK
6
CONTINUOUS
10
5.9712255118110233
20
-3.8102608267716533
11
5.9712040551181103
21
-3.8103125590551179
0
LINE
8
BLACK
6
CONTINUOUS
10
5.9712040551181103
20
-3.8103125590551179
11
5.9712220078740152
21
-3.8103655905511808
0
LINE
8
BLACK
6
CONTINUOUS
10
5.9712220078740152
20
-3.8103655905511808
11
5.9709763385826768
21
-3.8108623228346454
0
LINE
8
BLACK
6
CONTINUOUS
10
5.9709763385826768
20
-3.8108623228346454
11
5.9707642519685038
21
-3.8113743700787399
0
LINE
8
BLACK
6
CONTINUOUS
10
5.9707642519685038
20
-3.8113743700787399
11
5.9707125196850388
21
-3.8113957874015747
0
LINE
8
BLACK
6
CONTINUOUS
10
5.9707125196850388
20
-3.8113957874015747
11
5.9706877165354326
21
-3.8114459842519683
0
LINE
8
BLACK
6
CONTINUOUS
10
5.9706877165354326
20
-3.8114459842519683
11
5.9701627559055117
21
-3.8116235039370077
0
LINE
8
BLACK
6
CONTINUOUS
10
5.9701627559055117
20
-3.8116235039370077
11
5.9696507086614172
21
-3.8118356299212599
0
LINE
8
BLACK
6
CONTINUOUS
10
5.9696507086614172
20
-3.8118356299212599
11
5.9672103149606297
21
-3.8118356299212599
0
LINE
8
BLACK
6
CONTINUOUS
10
5.9672103149606297
20
-3.8118356299212599
11
5.9658965748031498
21
-3.8124924803149605
0
LINE
8
BLACK
6
CONTINUOUS
10
5.9658965748031498
20
-3.8124924803149605
11
5.9653206692913381
21
-3.8130683858267718
0
LINE
8
BLACK
6
CONTINUOUS
10
5.9653206692913381
20
-3.8130683858267718
11
5.9646638188976375
21
-3.8143821259842521
0
LINE
8
BLACK
6
CONTINUOUS
10
5.9646638188976375
20
-3.8143821259842521
11
5.9646638188976375
21
-3.8183254724409448
0
LINE
8
BLACK
6
CONTINUOUS
10
5.9646638188976375
20
-3.8183254724409448
11
5.9653206692913381
21
-3.8196391732283463
0
LINE
8
BLACK
6
CONTINUOUS
10
5.9653206692913381
20
-3.8196391732283463
11
5.9658966141732286
21
-3.8202151968503935
0
LINE
8
BLACK
6
CONTINUOUS
10
5.9658966141732286
20
-3.8202151968503935
11
5.9672102755905509
21
-3.8208720078740157
0
LINE
8
BLACK
6
CONTINUOUS
10
5.9672102755905509
20
-3.8208720078740157
11
5.9720911023622048
21
-3.8208720078740157
0
LINE
8
BLACK
6
CONTINUOUS
10
5.9720911023622048
20
-3.8208720078740157
11
5.9734047637795271
21
-3.8202151574803147
0
LINE
8
BLACK
6
CONTINUOUS
10
5.9734047637795271
20
-3.8202151574803147
11
5.9741614173228346
21
-3.8194585039370077
0
LINE
8
BLACK
6
CONTINUOUS
10
5.9741614173228346
20
-3.8194585039370077
11
5.9752749999999999
21
-3.8189972834645669
0
LINE
8
BLACK
6
CONTINUOUS
10
5.9752749999999999
20
-3.8189972834645669
11
5.9763885433070865
21
-3.8194585039370077
0
LINE
8
BLACK
6
CONTINUOUS
10
5.9763885433070865
20
-3.8194585039370077
11
5.9768497637795273
21
-3.8205720472440943
0
LINE
8
BLACK
6
CONTINUOUS
10
5.9768497637795273
20
-3.8205720472440943
11
5.9763885433070865
21
-3.8216856299212596
0
LINE
8
BLACK
6
CONTINUOUS
10
5.9763885433070865
20
-3.8216856299212596
11
5.9754511417322833
21
-3.822622992125984
0
LINE
8
BLACK
6
CONTINUOUS
10
5.9754511417322833
20
-3.822622992125984
11
5.9752116535433073
21
-3.8227221653543304
0
LINE
8
BLACK
6
CONTINUOUS
10
5.9752116535433073
20
-3.8227221653543304
11
5.9750418503937004
21
-3.8229179921259844
0
LINE
8
BLACK
6
CONTINUOUS
10
5.9750418503937004
20
-3.8229179921259844
11
5.9731670866141728
21
-3.8238553543307088
0
LINE
8
BLACK
6
CONTINUOUS
10
5.9731670866141728
20
-3.8238553543307088
11
5.9728014566929133
21
-3.8238812992125983
0
LINE
8
BLACK
6
CONTINUOUS
10
5.9728014566929133
20
-3.8238812992125983
11
5.9724628346456692
21
-3.8240216141732284
0
LINE
8
BLACK
6
CONTINUOUS
10
5.9724628346456692
20
-3.8240216141732284
11
5.9668385433070865
21
-3.8240216141732284
0
LINE
8
BLACK
6
CONTINUOUS
10
5.9668385433070865
20
-3.8240216141732284
11
5.9664998818897637
21
-3.8238812992125983
0
LINE
8
BLACK
6
CONTINUOUS
10
5.9664998818897637
20
-3.8238812992125983
11
5.9661342519685041
21
-3.8238553543307088
0
LINE
8
BLACK
6
CONTINUOUS
10
5.9661342519685041
20
-3.8238553543307088
11
5.9642595275590553
21
-3.8229179921259844
0
LINE
8
BLACK
6
CONTINUOUS
10
5.9642595275590553
20
-3.8229179921259844
11
5.9640897244094484
21
-3.8227222047244092
0
LINE
8
BLACK
6
CONTINUOUS
10
5.9640897244094484
20
-3.8227222047244092
11
5.9638501968503936
21
-3.822622992125984
0
LINE
8
BLACK
6
CONTINUOUS
10
5.9638501968503936
20
-3.822622992125984
11
5.9629128346456692
21
-3.8216855905511808
0
LINE
8
BLACK
6
CONTINUOUS
10
5.9629128346456692
20
-3.8216855905511808
11
5.9628136220472436
21
-3.8214461023622048
0
LINE
8
BLACK
6
CONTINUOUS
10
5.9628136220472436
20
-3.8214461023622048
11
5.9626178740157476
21
-3.8212763385826771
0
LINE
8
BLACK
6
CONTINUOUS
10
5.9626178740157476
20
-3.8212763385826771
11
5.9616804724409445
21
-3.8194015748031496
0
LINE
8
BLACK
6
CONTINUOUS
10
5.9616804724409445
20
-3.8194015748031496
11
5.9616544881889766
21
-3.8190359055118108
0
LINE
8
BLACK
6
CONTINUOUS
10
5.9616544881889766
20
-3.8190359055118108
11
5.9615142125984253
21
-3.8186972834645667
0
LINE
8
BLACK
6
CONTINUOUS
10
5.9615142125984253
20
-3.8186972834645667
11
5.9615142125984253
21
-3.8140103543307085
0
LINE
8
BLACK
6
CONTINUOUS
10
5.9615142125984253
20
-3.8140103543307085
11
5.9616544881889766
21
-3.8136716929133856
0
LINE
8
BLACK
6
CONTINUOUS
10
5.9616544881889766
20
-3.8136716929133856
11
5.9616804724409445
21
-3.813306062992126
0
LINE
8
BLACK
6
CONTINUOUS
10
5.9616804724409445
20
-3.813306062992126
11
5.9626178740157476
21
-3.8114312992125985
0
LINE
8
BLACK
6
CONTINUOUS
10
5.9626178740157476
20
-3.8114312992125985
11
5.9628136614173224
21
-3.8112614566929133
0
LINE
8
BLACK
6
CONTINUOUS
10
5.9628136614173224
20
-3.8112614566929133
11
5.962912874015748
21
-3.8110220472440943
0
LINE
8
BLACK
6
CONTINUOUS
10
5.962912874015748
20
-3.8110220472440943
11
5.9638502362204724
21
-3.8100846850393699
0
LINE
8
BLACK
6
CONTINUOUS
10
5.9638502362204724
20
-3.8100846850393699
11
5.9640896456692909
21
-3.8099854724409448
0
LINE
8
BLACK
6
CONTINUOUS
10
5.9640896456692909
20
-3.8099854724409448
11
5.9642594881889766
21
-3.80978968503937
0
LINE
8
BLACK
6
CONTINUOUS
10
5.9642594881889766
20
-3.80978968503937
11
5.9661342519685041
21
-3.8088522834645668
0
LINE
8
BLACK
6
CONTINUOUS
10
5.9661342519685041
20
-3.8088522834645668
11
5.9663144488188973
21
-3.8088394488188975
0
LINE
8
BLACK
6
CONTINUOUS
10
5.9663144488188973
20
-3.8088394488188975
11
5.961903858267716
21
-3.803798779527559
0
LINE
8
BLACK
6
CONTINUOUS
10
5.961903858267716
20
-3.803798779527559
11
5.9617262992125983
21
-3.8032738188976376
0
LINE
8
BLACK
6
CONTINUOUS
10
5.9617262992125983
20
-3.8032738188976376
11
5.9615142125984253
21
-3.8027617716535431
0
LINE
8
BLACK
6
CONTINUOUS
10
5.9615142125984253
20
-3.8027617716535431
11
5.9615356299212596
21
-3.8027099999999998
0
LINE
8
BLACK
6
CONTINUOUS
10
5.9615356299212596
20
-3.8027099999999998
11
5.9615177165354325
21
-3.8026570078740156
0
LINE
8
BLACK
6
CONTINUOUS
10
5.9615177165354325
20
-3.8026570078740156
11
5.961763346456693
21
-3.8021602362204723
0
LINE
8
BLACK
6
CONTINUOUS
10
5.961763346456693
20
-3.8021602362204723
11
5.9619754724409448
21
-3.8016482283464565
0
LINE
8
BLACK
6
CONTINUOUS
10
5.9619754724409448
20
-3.8016482283464565
11
5.9620271653543302
21
-3.801626771653543
0
LINE
8
BLACK
6
CONTINUOUS
10
5.9620271653543302
20
-3.801626771653543
11
5.962052007874016
21
-3.8015766141732281
0
LINE
8
BLACK
6
CONTINUOUS
10
5.962052007874016
20
-3.8015766141732281
11
5.9625769291338582
21
-3.80139905511811
0
LINE
8
BLACK
6
CONTINUOUS
10
5.9625769291338582
20
-3.80139905511811
11
5.9630890157480314
21
-3.801186968503937
0
LINE
8
BLACK
6
CONTINUOUS
10
5.9630890157480314
20
-3.801186968503937
11
5.9752749999999999
21
-3.801186968503937
0
LINE
8
BLACK
6
CONTINUOUS
10
5.9752749999999999
20
-3.801186968503937
11
5.9763885433070865
21
-3.8016482283464565
0
LINE
8
BLACK
6
CONTINUOUS
10
5.9904492913385825
20
-3.8016482283464565
11
5.9909105511811021
21
-3.8027617716535431
0
LINE
8
BLACK
6
CONTINUOUS
10
5.9909105511811021
20
-3.8027617716535431
11
5.9909105511811021
21
-3.8224468110236218
0
LINE
8
BLACK
6
CONTINUOUS
10
5.9909105511811021
20
-3.8224468110236218
11
5.9904492913385825
21
-3.8235603543307084
0
LINE
8
BLACK
6
CONTINUOUS
10
5.9904492913385825
20
-3.8235603543307084
11
5.9893357480314959
21
-3.8240216141732284
0
LINE
8
BLACK
6
CONTINUOUS
10
5.9893357480314959
20
-3.8240216141732284
11
5.9799619291338582
21
-3.8240216141732284
0
LINE
8
BLACK
6
CONTINUOUS
10
5.9799619291338582
20
-3.8240216141732284
11
5.9788483858267716
21
-3.8235603543307084
0
LINE
8
BLACK
6
CONTINUOUS
10
5.9788483858267716
20
-3.8235603543307084
11
5.978387125984252
21
-3.8224468110236218
0
LINE
8
BLACK
6
CONTINUOUS
10
5.978387125984252
20
-3.8224468110236218
11
5.9788483858267716
21
-3.8213332677165353
0
LINE
8
BLACK
6
CONTINUOUS
10
5.9788483858267716
20
-3.8213332677165353
11
5.9799619291338582
21
-3.8208720078740157
0
LINE
8
BLACK
6
CONTINUOUS
10
5.9799619291338582
20
-3.8208720078740157
11
5.9877609448818898
21
-3.8208720078740157
0
LINE
8
BLACK
6
CONTINUOUS
10
5.9877609448818898
20
-3.8208720078740157
11
5.9877609448818898
21
-3.8027617716535431
0
LINE
8
BLACK
6
CONTINUOUS
10
5.9877609448818898
20
-3.8027617716535431
11
5.9882222047244094
21
-3.8016482283464565
0
LINE
8
BLACK
6
CONTINUOUS
10
5.9882222047244094
20
-3.8016482283464565
11
5.9893357480314959
21
-3.801186968503937
0
LINE
8
BLACK
6
CONTINUOUS
10
5.9893357480314959
20
-3.801186968503937
11
5.9904492913385825
21
-3.8016482283464565
0
LINE
8
BLACK
6
CONTINUOUS
10
6.0160511811023625
20
-3.7938188976377951
11
6.0174431102362202
21
-3.7943954724409448
0
LINE
8
BLACK
6
CONTINUOUS
10
6.0174431102362202
20
-3.7943954724409448
11
6.0180196850393699
21
-3.795787401574803
0
LINE
8
BLACK
6
CONTINUOUS
10
6.0180196850393699
20
-3.795787401574803
11
6.0180196850393699
21
-3.8312204724409447
0
LINE
8
BLACK
6
CONTINUOUS
10
6.0180196850393699
20
-3.8312204724409447
11
6.0174431102362202
21
-3.8326124015748029
0
LINE
8
BLACK
6
CONTINUOUS
10
6.0174431102362202
20
-3.8326124015748029
11
6.0160511811023625
21
-3.8331889763779525
0
LINE
8
BLACK
6
CONTINUOUS
10
6.0160511811023625
20
-3.8331889763779525
11
5.9373110236220468
21
-3.8331889763779525
0
LINE
8
BLACK
6
CONTINUOUS
10
5.9373110236220468
20
-3.8331889763779525
11
5.935919094488189
21
-3.8326124015748029
0
LINE
8
BLACK
6
CONTINUOUS
10
5.935919094488189
20
-3.8326124015748029
11
5.9353425196850393
21
-3.8312204724409447
0
LINE
8
BLACK
6
CONTINUOUS
10
5.9353425196850393
20
-3.8312204724409447
11
5.9353425196850393
21
-3.795787401574803
0
LINE
8
BLACK
6
CONTINUOUS
10
5.9353425196850393
20
-3.795787401574803
11
5.935919094488189
21
-3.7943954724409448
0
LINE
8
BLACK
6
CONTINUOUS
10
5.935919094488189
20
-3.7943954724409448
11
5.9373110236220468
21
-3.7938188976377951
0
LINE
8
BLACK
6
CONTINUOUS
10
5.9373110236220468
20
-3.7938188976377951
11
6.0160511811023625
21
-3.7938188976377951
0
LINE
8
BLACK
6
CONTINUOUS
10
5.9392795275590551
20
-3.7977559055118109
11
5.9392795275590551
21
-3.8292519685039368
0
LINE
8
BLACK
6
CONTINUOUS
10
5.9392795275590551
20
-3.8292519685039368
11
6.0140826771653542
21
-3.8292519685039368
0
LINE
8
BLACK
6
CONTINUOUS
10
6.0140826771653542
20
-3.8292519685039368
11
6.0140826771653542
21
-3.7977559055118109
0
LINE
8
BLACK
6
CONTINUOUS
10
6.0140826771653542
20
-3.7977559055118109
11
5.9392795275590551
21
-3.7977559055118109
0
LINE
8
BLACK
6
CONTINUOUS
10
5.8224896456692914
20
-3.7971374803149605
11
5.822706771653543
21
-3.7970945669291338
0
LINE
8
BLACK
6
CONTINUOUS
10
5.822706771653543
20
-3.7970945669291338
11
5.8232268897637791
21
-3.797442874015748
0
LINE
8
BLACK
6
CONTINUOUS
10
5.8232268897637791
20
-3.797442874015748
11
5.8238054330708664
21
-3.7976825196850394
0
LINE
8
BLACK
6
CONTINUOUS
10
5.8238054330708664
20
-3.7976825196850394
11
5.8238901181102358
21
-3.7978870078740155
0
LINE
8
BLACK
6
CONTINUOUS
10
5.8238901181102358
20
-3.7978870078740155
11
5.8240740551181105
21
-3.7980101968503934
0
LINE
8
BLACK
6
CONTINUOUS
10
5.8240740551181105
20
-3.7980101968503934
11
5.8241955511811021
21
-3.7986243700787399
0
LINE
8
BLACK
6
CONTINUOUS
10
5.8241955511811021
20
-3.7986243700787399
11
5.8244351574803153
21
-3.7992027952755905
0
LINE
8
BLACK
6
CONTINUOUS
10
5.8244351574803153
20
-3.7992027952755905
11
5.8243504330708662
21
-3.7994072440944882
0
LINE
8
BLACK
6
CONTINUOUS
10
5.8243504330708662
20
-3.7994072440944882
11
5.8243934251968499
21
-3.7996244488188977
0
LINE
8
BLACK
6
CONTINUOUS
10
5.8243934251968499
20
-3.7996244488188977
11
5.823771850393701
21
-3.802732401574803
0
LINE
8
BLACK
6
CONTINUOUS
10
5.823771850393701
20
-3.802732401574803
11
5.823771850393701
21
-3.8048238582677163
0
LINE
8
BLACK
6
CONTINUOUS
10
5.823771850393701
20
-3.8048238582677163
11
5.824324842519685
21
-3.8064829133858269
0
LINE
8
BLACK
6
CONTINUOUS
10
5.824324842519685
20
-3.8064829133858269
11
5.8242081496062994
21
-3.8081243307086612
0
LINE
8
BLACK
6
CONTINUOUS
10
5.8242081496062994
20
-3.8081243307086612
11
5.8229650393700787
21
-3.8092024803149607
0
LINE
8
BLACK
6
CONTINUOUS
10
5.8229650393700787
20
-3.8092024803149607
11
5.8213236220472444
21
-3.8090857874015747
0
LINE
8
BLACK
6
CONTINUOUS
10
5.8213236220472444
20
-3.8090857874015747
11
5.8202454724409449
21
-3.8078426771653544
0
LINE
8
BLACK
6
CONTINUOUS
10
5.8202454724409449
20
-3.8078426771653544
11
5.8195821653543307
21
-3.8058526771653542
0
LINE
8
BLACK
6
CONTINUOUS
10
5.8195821653543307
20
-3.8058526771653542
11
5.8196072440944882
21
-3.8054996850393699
0
LINE
8
BLACK
6
CONTINUOUS
10
5.8196072440944882
20
-3.8054996850393699
11
5.8194718503937004
21
-3.8051727952755905
0
LINE
8
BLACK
6
CONTINUOUS
10
5.8194718503937004
20
-3.8051727952755905
11
5.8194718503937004
21
-3.805056653543307
0
LINE
8
BLACK
6
CONTINUOUS
10
5.8194718503937004
20
-3.805056653543307
11
5.8113956692913389
21
-3.8131327952755907
0
LINE
8
BLACK
6
CONTINUOUS
10
5.8113956692913389
20
-3.8131327952755907
11
5.8138554330708656
21
-3.8155925590551178
0
LINE
8
BLACK
6
CONTINUOUS
10
5.8138554330708656
20
-3.8155925590551178
11
5.8144851574803145
21
-3.8171128346456693
0
LINE
8
BLACK
6
CONTINUOUS
10
5.8144851574803145
20
-3.8171128346456693
11
5.8138554330708656
21
-3.8186331102362203
0
LINE
8
BLACK
6
CONTINUOUS
10
5.8138554330708656
20
-3.8186331102362203
11
5.812335157480315
21
-3.8192628346456692
0
LINE
8
BLACK
6
CONTINUOUS
10
5.812335157480315
20
-3.8192628346456692
11
5.8108148818897636
21
-3.8186331102362203
0
LINE
8
BLACK
6
CONTINUOUS
10
5.8108148818897636
20
-3.8186331102362203
11
5.8028548818897638
21
-3.8106730708661418
0
LINE
8
BLACK
6
CONTINUOUS
10
5.8028548818897638
20
-3.8106730708661418
11
5.802225157480315
21
-3.8091527952755904
0
LINE
8
BLACK
6
CONTINUOUS
10
5.802225157480315
20
-3.8091527952755904
11
5.8028548818897638
21
-3.8076325196850394
0
LINE
8
BLACK
6
CONTINUOUS
10
5.8028548818897638
20
-3.8076325196850394
11
5.8043751574803144
21
-3.8070027952755905
0
LINE
8
BLACK
6
CONTINUOUS
10
5.8043751574803144
20
-3.8070027952755905
11
5.8058954330708659
21
-3.8076325196850394
0
LINE
8
BLACK
6
CONTINUOUS
10
5.8058954330708659
20
-3.8076325196850394
11
5.808355118110236
21
-3.8100922440944882
0
LINE
8
BLACK
6
CONTINUOUS
10
5.808355118110236
20
-3.8100922440944882
11
5.8207648818897635
21
-3.7976825196850394
0
LINE
8
BLACK
6
CONTINUOUS
10
5.8207648818897635
20
-3.7976825196850394
11
5.8209693307086612
21
-3.7975977952755904
0
LINE
8
BLACK
6
CONTINUOUS
10
5.8209693307086612
20
-3.7975977952755904
11
5.8210925196850392
21
-3.7974138976377954
0
LINE
8
BLACK
6
CONTINUOUS
10
5.8210925196850392
20
-3.7974138976377954
11
5.821706692913386
21
-3.7972923622047241
0
LINE
8
BLACK
6
CONTINUOUS
10
5.821706692913386
20
-3.7972923622047241
11
5.8222851574803149
21
-3.7970527952755906
0
LINE
8
BLACK
6
CONTINUOUS
10
5.8222851574803149
20
-3.7970527952755906
11
5.8224896456692914
21
-3.7971374803149605
0
LINE
8
BLACK
6
CONTINUOUS
10
6.3666269685039367
20
-3.798497244094488
11
6.3672566929133856
21
-3.8000175196850394
0
LINE
8
BLACK
6
CONTINUOUS
10
6.3672566929133856
20
-3.8000175196850394
11
6.3666269685039367
21
-3.8015377952755904
0
LINE
8
BLACK
6
CONTINUOUS
10
6.3666269685039367
20
-3.8015377952755904
11
6.3651066929133853
21
-3.8021675196850393
0
LINE
8
BLACK
6
CONTINUOUS
10
6.3651066929133853
20
-3.8021675196850393
11
6.3569376377952755
21
-3.8021675196850393
0
LINE
8
BLACK
6
CONTINUOUS
10
6.3569376377952755
20
-3.8021675196850393
11
6.3569376377952755
21
-3.8065841732283463
0
LINE
8
BLACK
6
CONTINUOUS
10
6.3569376377952755
20
-3.8065841732283463
11
6.3563079133858267
21
-3.8081044488188978
0
LINE
8
BLACK
6
CONTINUOUS
10
6.3563079133858267
20
-3.8081044488188978
11
6.3547876377952752
21
-3.8087341732283462
0
LINE
8
BLACK
6
CONTINUOUS
10
6.3547876377952752
20
-3.8087341732283462
11
6.3532673622047247
21
-3.8081044488188978
0
LINE
8
BLACK
6
CONTINUOUS
10
6.3532673622047247
20
-3.8081044488188978
11
6.3526376377952758
21
-3.8065841732283463
0
LINE
8
BLACK
6
CONTINUOUS
10
6.3526376377952758
20
-3.8065841732283463
11
6.3526376377952758
21
-3.8021675196850393
0
LINE
8
BLACK
6
CONTINUOUS
10
6.3526376377952758
20
-3.8021675196850393
11
6.3475566929133853
21
-3.8021675196850393
0
LINE
8
BLACK
6
CONTINUOUS
10
6.3475566929133853
20
-3.8021675196850393
11
6.3475566929133853
21
-3.8093984645669292
0
LINE
8
BLACK
6
CONTINUOUS
10
6.3475566929133853
20
-3.8093984645669292
11
6.3469269685039365
21
-3.8109187401574802
0
LINE
8
BLACK
6
CONTINUOUS
10
6.3469269685039365
20
-3.8109187401574802
11
6.3454066929133859
21
-3.8115484645669291
0
LINE
8
BLACK
6
CONTINUOUS
10
6.3454066929133859
20
-3.8115484645669291
11
6.3438864173228344
21
-3.8109187401574802
0
LINE
8
BLACK
6
CONTINUOUS
10
6.3438864173228344
20
-3.8109187401574802
11
6.3432566929133856
21
-3.8093984645669292
0
LINE
8
BLACK
6
CONTINUOUS
10
6.3432566929133856
20
-3.8093984645669292
11
6.3432566929133856
21
-3.8000175196850394
0
LINE
8
BLACK
6
CONTINUOUS
10
6.3432566929133856
20
-3.8000175196850394
11
6.3438864173228344
21
-3.798497244094488
0
LINE
8
BLACK
6
CONTINUOUS
10
6.3438864173228344
20
-3.798497244094488
11
6.3454066929133859
21
-3.7978675196850391
0
LINE
8
BLACK
6
CONTINUOUS
10
6.3454066929133859
20
-3.7978675196850391
11
6.3651066929133853
21
-3.7978675196850391
0
LINE
8
BLACK
6
CONTINUOUS
10
6.3651066929133853
20
-3.7978675196850391
11
6.3666269685039367
21
-3.798497244094488
0
LINE
8
BLACK
6
CONTINUOUS
10
5.8043917322834648
20
-3.7878764566929135
11
5.8047698031496058
21
-3.7882043307086612
0
LINE
8
BLACK
6
CONTINUOUS
10
5.8047698031496058
20
-3.7882043307086612
11
5.8052321259842516
21
-3.7883958661417321
0
LINE
8
BLACK
6
CONTINUOUS
10
5.8052321259842516
20
-3.7883958661417321
11
5.8072221259842518
21
-3.7903858661417322
0
LINE
8
BLACK
6
CONTINUOUS
10
5.8072221259842518
20
-3.7903858661417322
11
5.8074136220472443
21
-3.7908481496062993
0
LINE
8
BLACK
6
CONTINUOUS
10
5.8074136220472443
20
-3.7908481496062993
11
5.8077415354330704
21
-3.7912262598425195
0
LINE
8
BLACK
6
CONTINUOUS
10
5.8077415354330704
20
-3.7912262598425195
11
5.8079505118110237
21
-3.7918532677165353
0
LINE
8
BLACK
6
CONTINUOUS
10
5.8079505118110237
20
-3.7918532677165353
11
5.809212125984252
21
-3.7923758661417324
0
LINE
8
BLACK
6
CONTINUOUS
10
5.809212125984252
20
-3.7923758661417324
11
5.8098418503937008
21
-3.7938961417322834
0
LINE
8
BLACK
6
CONTINUOUS
10
5.8098418503937008
20
-3.7938961417322834
11
5.809212125984252
21
-3.7954164173228344
0
LINE
8
BLACK
6
CONTINUOUS
10
5.809212125984252
20
-3.7954164173228344
11
5.7999254330708663
21
-3.8047031102362205
0
LINE
8
BLACK
6
CONTINUOUS
10
5.7999254330708663
20
-3.8047031102362205
11
5.7984051574803148
21
-3.8053328346456694
0
LINE
8
BLACK
6
CONTINUOUS
10
5.7984051574803148
20
-3.8053328346456694
11
5.7968848818897634
21
-3.8047031102362205
0
LINE
8
BLACK
6
CONTINUOUS
10
5.7968848818897634
20
-3.8047031102362205
11
5.7962551574803145
21
-3.8031828346456691
0
LINE
8
BLACK
6
CONTINUOUS
10
5.7962551574803145
20
-3.8031828346456691
11
5.7968848818897634
21
-3.8016625590551181
0
LINE
8
BLACK
6
CONTINUOUS
10
5.7968848818897634
20
-3.8016625590551181
11
5.8042151574803151
21
-3.7943322834645667
0
LINE
8
BLACK
6
CONTINUOUS
10
5.8042151574803151
20
-3.7943322834645667
11
5.8042151574803151
21
-3.7942450393700788
0
LINE
8
BLACK
6
CONTINUOUS
10
5.8042151574803151
20
-3.7942450393700788
11
5.8038226377952755
21
-3.7930674803149604
0
LINE
8
BLACK
6
CONTINUOUS
10
5.8038226377952755
20
-3.7930674803149604
11
5.8025504724409451
21
-3.79179531496063
0
LINE
8
BLACK
6
CONTINUOUS
10
5.8025504724409451
20
-3.79179531496063
11
5.8017218503937009
21
-3.7915191338582677
0
LINE
8
BLACK
6
CONTINUOUS
10
5.8017218503937009
20
-3.7915191338582677
11
5.800893188976378
21
-3.79179531496063
0
LINE
8
BLACK
6
CONTINUOUS
10
5.800893188976378
20
-3.79179531496063
11
5.7939554330708658
21
-3.7987331102362205
0
LINE
8
BLACK
6
CONTINUOUS
10
5.7939554330708658
20
-3.7987331102362205
11
5.7924351574803152
21
-3.7993628346456694
0
LINE
8
BLACK
6
CONTINUOUS
10
5.7924351574803152
20
-3.7993628346456694
11
5.7909148818897638
21
-3.7987331102362205
0
LINE
8
BLACK
6
CONTINUOUS
10
5.7909148818897638
20
-3.7987331102362205
11
5.7902851574803149
21
-3.7972128346456691
0
LINE
8
BLACK
6
CONTINUOUS
10
5.7902851574803149
20
-3.7972128346456691
11
5.7909148818897638
21
-3.795692559055118
0
LINE
8
BLACK
6
CONTINUOUS
10
5.7909148818897638
20
-3.795692559055118
11
5.7982115748031493
21
-3.7883958661417321
0
LINE
8
BLACK
6
CONTINUOUS
10
5.7982115748031493
20
-3.7883958661417321
11
5.7986738582677164
21
-3.7882043307086612
0
LINE
8
BLACK
6
CONTINUOUS
10
5.7986738582677164
20
-3.7882043307086612
11
5.799051968503937
21
-3.7878764566929135
0
LINE
8
BLACK
6
CONTINUOUS
10
5.799051968503937
20
-3.7878764566929135
11
5.8010419685039372
21
-3.7872131496062993
0
LINE
8
BLACK
6
CONTINUOUS
10
5.8010419685039372
20
-3.7872131496062993
11
5.8017218503937009
21
-3.7872614566929133
0
LINE
8
BLACK
6
CONTINUOUS
10
5.8017218503937009
20
-3.7872614566929133
11
5.8024017322834647
21
-3.7872131496062993
0
LINE
8
BLACK
6
CONTINUOUS
10
5.8024017322834647
20
-3.7872131496062993
11
5.8043917322834648
21
-3.7878764566929135
0
LINE
8
BLACK
6
CONTINUOUS
10
6.3194269685039366
20
-3.7822400787401573
11
6.3200566929133855
21
-3.7837603543307088
0
LINE
8
BLACK
6
CONTINUOUS
10
6.3200566929133855
20
-3.7837603543307088
11
6.3200566929133855
21
-3.7936331496062992
0
LINE
8
BLACK
6
CONTINUOUS
10
6.3200566929133855
20
-3.7936331496062992
11
6.3367597637795274
21
-3.7864746850393698
0
LINE
8
BLACK
6
CONTINUOUS
10
6.3367597637795274
20
-3.7864746850393698
11
6.3384051574803149
21
-3.7864546062992126
0
LINE
8
BLACK
6
CONTINUOUS
10
6.3384051574803149
20
-3.7864546062992126
11
6.3395828346456691
21
-3.787603897637795
0
LINE
8
BLACK
6
CONTINUOUS
10
6.3395828346456691
20
-3.787603897637795
11
6.3396029133858267
21
-3.7892493307086612
0
LINE
8
BLACK
6
CONTINUOUS
10
6.3396029133858267
20
-3.7892493307086612
11
6.3384536220472443
21
-3.7904270078740159
0
LINE
8
BLACK
6
CONTINUOUS
10
6.3384536220472443
20
-3.7904270078740159
11
6.318753622047244
21
-3.798869842519685
0
LINE
8
BLACK
6
CONTINUOUS
10
6.318753622047244
20
-3.798869842519685
11
6.31831342519685
21
-3.7988751968503935
0
LINE
8
BLACK
6
CONTINUOUS
10
6.31831342519685
20
-3.7988751968503935
11
6.317906692913386
21
-3.7990437007874016
0
LINE
8
BLACK
6
CONTINUOUS
10
6.317906692913386
20
-3.7990437007874016
11
6.3175231889763781
21
-3.7988848425196848
0
LINE
8
BLACK
6
CONTINUOUS
10
6.3175231889763781
20
-3.7988848425196848
11
6.3171081889763778
21
-3.7988899212598426
0
LINE
8
BLACK
6
CONTINUOUS
10
6.3171081889763778
20
-3.7988899212598426
11
6.3167931102362207
21
-3.7985824409448816
0
LINE
8
BLACK
6
CONTINUOUS
10
6.3167931102362207
20
-3.7985824409448816
11
6.3163864173228346
21
-3.7984139763779527
0
LINE
8
BLACK
6
CONTINUOUS
10
6.3163864173228346
20
-3.7984139763779527
11
6.3162275590551182
21
-3.7980304724409448
0
LINE
8
BLACK
6
CONTINUOUS
10
6.3162275590551182
20
-3.7980304724409448
11
6.3159305511811024
21
-3.7977406299212597
0
LINE
8
BLACK
6
CONTINUOUS
10
6.3159305511811024
20
-3.7977406299212597
11
6.315925157480315
21
-3.7973004330708662
0
LINE
8
BLACK
6
CONTINUOUS
10
6.315925157480315
20
-3.7973004330708662
11
6.3157566929133857
21
-3.7968937007874013
0
LINE
8
BLACK
6
CONTINUOUS
10
6.3157566929133857
20
-3.7968937007874013
11
6.3157566929133857
21
-3.7837603543307088
0
LINE
8
BLACK
6
CONTINUOUS
10
6.3157566929133857
20
-3.7837603543307088
11
6.3163864173228346
21
-3.7822400787401573
0
LINE
8
BLACK
6
CONTINUOUS
10
6.3163864173228346
20
-3.7822400787401573
11
6.317906692913386
21
-3.7816103543307085
0
LINE
8
BLACK
6
CONTINUOUS
10
6.317906692913386
20
-3.7816103543307085
11
6.3194269685039366
21
-3.7822400787401573
0
LINE
8
BLACK
6
CONTINUOUS
10
5.7957974015748031
20
-3.7210353937007872
11
5.7960628346456691
21
-3.7210122047244094
0
LINE
8
BLACK
6
CONTINUOUS
10
5.7960628346456691
20
-3.7210122047244094
11
5.7966912204724412
21
-3.7214522047244092
0
LINE
8
BLACK
6
CONTINUOUS
10
5.7966912204724412
20
-3.7214522047244092
11
5.7973865354330707
21
-3.7217764173228347
0
LINE
8
BLACK
6
CONTINUOUS
10
5.7973865354330707
20
-3.7217764173228347
11
5.8256707874015747
21
-3.7500606692913383
0
LINE
8
BLACK
6
CONTINUOUS
10
5.8256707874015747
20
-3.7500606692913383
11
5.8262589763779529
21
-3.7509007086614172
0
LINE
8
BLACK
6
CONTINUOUS
10
5.8262589763779529
20
-3.7509007086614172
11
5.826435
21
-3.7529127952755905
0
LINE
8
BLACK
6
CONTINUOUS
10
5.826435
20
-3.7529127952755905
11
5.8252764960629921
21
-3.7545673622047242
0
LINE
8
BLACK
6
CONTINUOUS
10
5.8252764960629921
20
-3.7545673622047242
11
5.8233255118110234
21
-3.7550900787401575
0
LINE
8
BLACK
6
CONTINUOUS
10
5.8233255118110234
20
-3.7550900787401575
11
5.8214949606299209
21
-3.7542364960629921
0
LINE
8
BLACK
6
CONTINUOUS
10
5.8214949606299209
20
-3.7542364960629921
11
5.7952986220472438
21
-3.728040157480315
0
LINE
8
BLACK
6
CONTINUOUS
10
5.7952986220472438
20
-3.728040157480315
11
5.7570480314960628
21
-3.766290748031496
0
LINE
8
BLACK
6
CONTINUOUS
10
5.7570480314960628
20
-3.766290748031496
11
5.7832443700787399
21
-3.7924870866141731
0
LINE
8
BLACK
6
CONTINUOUS
10
5.7832443700787399
20
-3.7924870866141731
11
5.7838325590551181
21
-3.793327125984252
0
LINE
8
BLACK
6
CONTINUOUS
10
5.7838325590551181
20
-3.793327125984252
11
5.7840085826771652
21
-3.7953392125984253
0
LINE
8
BLACK
6
CONTINUOUS
10
5.7840085826771652
20
-3.7953392125984253
11
5.7828500787401573
21
-3.796993779527559
0
LINE
8
BLACK
6
CONTINUOUS
10
5.7828500787401573
20
-3.796993779527559
11
5.7808990944881886
21
-3.7975164960629919
0
LINE
8
BLACK
6
CONTINUOUS
10
5.7808990944881886
20
-3.7975164960629919
11
5.7790685433070861
21
-3.7966629133858265
0
LINE
8
BLACK
6
CONTINUOUS
10
5.7790685433070861
20
-3.7966629133858265
11
5.7507842913385829
21
-3.7683786614173229
0
LINE
8
BLACK
6
CONTINUOUS
10
5.7507842913385829
20
-3.7683786614173229
11
5.7505609055118105
21
-3.7680596062992127
0
LINE
8
BLACK
6
CONTINUOUS
10
5.7505609055118105
20
-3.7680596062992127
11
5.7504534251968504
21
-3.7679843700787399
0
LINE
8
BLACK
6
CONTINUOUS
10
5.7504534251968504
20
-3.7679843700787399
11
5.7504194488188975
21
-3.7678575984251967
0
LINE
8
BLACK
6
CONTINUOUS
10
5.7504194488188975
20
-3.7678575984251967
11
5.7501961023622048
21
-3.767538622047244
0
LINE
8
BLACK
6
CONTINUOUS
10
5.7501961023622048
20
-3.767538622047244
11
5.7501292125984254
21
-3.7667743307086612
0
LINE
8
BLACK
6
CONTINUOUS
10
5.7501292125984254
20
-3.7667743307086612
11
5.7499307086614175
21
-3.7660334251968504
0
LINE
8
BLACK
6
CONTINUOUS
10
5.7499307086614175
20
-3.7660334251968504
11
5.750043267716535
21
-3.7657920078740155
0
LINE
8
BLACK
6
CONTINUOUS
10
5.750043267716535
20
-3.7657920078740155
11
5.7500200393700789
21
-3.7655265354330707
0
LINE
8
BLACK
6
CONTINUOUS
10
5.7500200393700789
20
-3.7655265354330707
11
5.7504601181102357
21
-3.764897992125984
0
LINE
8
BLACK
6
CONTINUOUS
10
5.7504601181102357
20
-3.764897992125984
11
5.7507842913385829
21
-3.7642028346456691
0
LINE
8
BLACK
6
CONTINUOUS
10
5.7507842913385829
20
-3.7642028346456691
11
5.7932107086614169
21
-3.7217764173228347
0
LINE
8
BLACK
6
CONTINUOUS
10
5.7932107086614169
20
-3.7217764173228347
11
5.7935297244094484
21
-3.7215530314960628
0
LINE
8
BLACK
6
CONTINUOUS
10
5.7935297244094484
20
-3.7215530314960628
11
5.7936049999999994
21
-3.7214455511811022
0
LINE
8
BLACK
6
CONTINUOUS
10
5.7936049999999994
20
-3.7214455511811022
11
5.7937317322834643
21
-3.7214115748031493
0
LINE
8
BLACK
6
CONTINUOUS
10
5.7937317322834643
20
-3.7214115748031493
11
5.7940507480314958
21
-3.7211882283464566
0
LINE
8
BLACK
6
CONTINUOUS
10
5.7940507480314958
20
-3.7211882283464566
11
5.7948149212598423
21
-3.7211213385826771
0
LINE
8
BLACK
6
CONTINUOUS
10
5.7948149212598423
20
-3.7211213385826771
11
5.7955559448818894
21
-3.7209228346456693
0
LINE
8
BLACK
6
CONTINUOUS
10
5.7955559448818894
20
-3.7209228346456693
11
5.7957974015748031
21
-3.7210353937007872
0
LINE
8
BLACK
6
CONTINUOUS
10
5.8357784251968505
20
-3.7727111023622046
11
5.8362775984251964
21
-3.7727465748031497
0
LINE
8
BLACK
6
CONTINUOUS
10
5.8362775984251964
20
-3.7727465748031497
11
5.8389309448818896
21
-3.7740732283464564
0
LINE
8
BLACK
6
CONTINUOUS
10
5.8389309448818896
20
-3.7740732283464564
11
5.8391627952755902
21
-3.7743405511811021
0
LINE
8
BLACK
6
CONTINUOUS
10
5.8391627952755902
20
-3.7743405511811021
11
5.8394897244094484
21
-3.7744759842519686
0
LINE
8
BLACK
6
CONTINUOUS
10
5.8394897244094484
20
-3.7744759842519686
11
5.8408163779527555
21
-3.7758026377952754
0
LINE
8
BLACK
6
CONTINUOUS
10
5.8408163779527555
20
-3.7758026377952754
11
5.8409517716535433
21
-3.7761295275590552
0
LINE
8
BLACK
6
CONTINUOUS
10
5.8409517716535433
20
-3.7761295275590552
11
5.8412191338582673
21
-3.7763614173228346
0
LINE
8
BLACK
6
CONTINUOUS
10
5.8412191338582673
20
-3.7763614173228346
11
5.8425457874015745
21
-3.7790147637795273
0
LINE
8
BLACK
6
CONTINUOUS
10
5.8425457874015745
20
-3.7790147637795273
11
5.84258125984252
21
-3.7795139370078741
0
LINE
8
BLACK
6
CONTINUOUS
10
5.84258125984252
20
-3.7795139370078741
11
5.8427727559055116
21
-3.7799762598425195
0
LINE
8
BLACK
6
CONTINUOUS
10
5.8427727559055116
20
-3.7799762598425195
11
5.8427727559055116
21
-3.7826296062992126
0
LINE
8
BLACK
6
CONTINUOUS
10
5.8427727559055116
20
-3.7826296062992126
11
5.8426373228346451
21
-3.782956496062992
0
LINE
8
BLACK
6
CONTINUOUS
10
5.8426373228346451
20
-3.782956496062992
11
5.8426624409448822
21
-3.7833094881889764
0
LINE
8
BLACK
6
CONTINUOUS
10
5.8426624409448822
20
-3.7833094881889764
11
5.841999133858268
21
-3.7852994881889761
0
LINE
8
BLACK
6
CONTINUOUS
10
5.841999133858268
20
-3.7852994881889761
11
5.8418389763779528
21
-3.7854840944881887
0
LINE
8
BLACK
6
CONTINUOUS
10
5.8418389763779528
20
-3.7854840944881887
11
5.8418030314960632
21
-3.7857257874015748
0
LINE
8
BLACK
6
CONTINUOUS
10
5.8418030314960632
20
-3.7857257874015748
11
5.8398130708661418
21
-3.7890424409448817
0
LINE
8
BLACK
6
CONTINUOUS
10
5.8398130708661418
20
-3.7890424409448817
11
5.8395940157480313
21
-3.7892047244094487
0
LINE
8
BLACK
6
CONTINUOUS
10
5.8395940157480313
20
-3.7892047244094487
11
5.8394897244094484
21
-3.7894565354330707
0
LINE
8
BLACK
6
CONTINUOUS
10
5.8394897244094484
20
-3.7894565354330707
11
5.8374997244094491
21
-3.7914465354330709
0
LINE
8
BLACK
6
CONTINUOUS
10
5.8374997244094491
20
-3.7914465354330709
11
5.8372478740157483
21
-3.7915508267716533
0
LINE
8
BLACK
6
CONTINUOUS
10
5.8372478740157483
20
-3.7915508267716533
11
5.8370855905511814
21
-3.7917698818897638
0
LINE
8
BLACK
6
CONTINUOUS
10
5.8370855905511814
20
-3.7917698818897638
11
5.8337688976377953
21
-3.7937598818897635
0
LINE
8
BLACK
6
CONTINUOUS
10
5.8337688976377953
20
-3.7937598818897635
11
5.8335272047244091
21
-3.7937958267716536
0
LINE
8
BLACK
6
CONTINUOUS
10
5.8335272047244091
20
-3.7937958267716536
11
5.8333426377952753
21
-3.7939559448818896
0
LINE
8
BLACK
6
CONTINUOUS
10
5.8333426377952753
20
-3.7939559448818896
11
5.8313526771653539
21
-3.7946192519685038
0
LINE
8
BLACK
6
CONTINUOUS
10
5.8313526771653539
20
-3.7946192519685038
11
5.8309996850393704
21
-3.7945941732283464
0
LINE
8
BLACK
6
CONTINUOUS
10
5.8309996850393704
20
-3.7945941732283464
11
5.8306727559055114
21
-3.7947296062992124
0
LINE
8
BLACK
6
CONTINUOUS
10
5.8306727559055114
20
-3.7947296062992124
11
5.8280194488188979
21
-3.7947296062992124
0
LINE
8
BLACK
6
CONTINUOUS
10
5.8280194488188979
20
-3.7947296062992124
11
5.8275570472440945
21
-3.7945380708661416
0
LINE
8
BLACK
6
CONTINUOUS
10
5.8275570472440945
20
-3.7945380708661416
11
5.8270579133858265
21
-3.7945025984251965
0
LINE
8
BLACK
6
CONTINUOUS
10
5.8270579133858265
20
-3.7945025984251965
11
5.8244045669291333
21
-3.7931759448818898
0
LINE
8
BLACK
6
CONTINUOUS
10
5.8244045669291333
20
-3.7931759448818898
11
5.8241726771653539
21
-3.7929085433070866
0
LINE
8
BLACK
6
CONTINUOUS
10
5.8241726771653539
20
-3.7929085433070866
11
5.8238458267716533
21
-3.7927731889763781
0
LINE
8
BLACK
6
CONTINUOUS
10
5.8238458267716533
20
-3.7927731889763781
11
5.8225191732283461
21
-3.7914465354330709
0
LINE
8
BLACK
6
CONTINUOUS
10
5.8225191732283461
20
-3.7914465354330709
11
5.8223837401574805
21
-3.791119645669291
0
LINE
8
BLACK
6
CONTINUOUS
10
5.8223837401574805
20
-3.791119645669291
11
5.8221164173228344
21
-3.7908877952755904
0
LINE
8
BLACK
6
CONTINUOUS
10
5.8221164173228344
20
-3.7908877952755904
11
5.8207897244094484
21
-3.7882344488188977
0
LINE
8
BLACK
6
CONTINUOUS
10
5.8207897244094484
20
-3.7882344488188977
11
5.8207542125984251
21
-3.7877351968503934
0
LINE
8
BLACK
6
CONTINUOUS
10
5.8207542125984251
20
-3.7877351968503934
11
5.8205627559055113
21
-3.7872729133858267
0
LINE
8
BLACK
6
CONTINUOUS
10
5.8205627559055113
20
-3.7872729133858267
11
5.8205627559055113
21
-3.7859462598425195
0
LINE
8
BLACK
6
CONTINUOUS
10
5.8205627559055113
20
-3.7859462598425195
11
5.8211924803149602
21
-3.7844259842519685
0
LINE
8
BLACK
6
CONTINUOUS
10
5.8211924803149602
20
-3.7844259842519685
11
5.8227127559055116
21
-3.7837962598425197
0
LINE
8
BLACK
6
CONTINUOUS
10
5.8227127559055116
20
-3.7837962598425197
11
5.8242330314960631
21
-3.7844259842519685
0
LINE
8
BLACK
6
CONTINUOUS
10
5.8242330314960631
20
-3.7844259842519685
11
5.8248627559055119
21
-3.7859462598425195
0
LINE
8
BLACK
6
CONTINUOUS
10
5.8248627559055119
20
-3.7859462598425195
11
5.8248627559055119
21
-3.78676531496063
0
LINE
8
BLACK
6
CONTINUOUS
10
5.8248627559055119
20
-3.78676531496063
11
5.8258064173228341
21
-3.7886526771653544
0
LINE
8
BLACK
6
CONTINUOUS
10
5.8258064173228341
20
-3.7886526771653544
11
5.8266396062992127
21
-3.7894858661417321
0
LINE
8
BLACK
6
CONTINUOUS
10
5.8266396062992127
20
-3.7894858661417321
11
5.8285270472440942
21
-3.7904296062992127
0
LINE
8
BLACK
6
CONTINUOUS
10
5.8285270472440942
20
-3.7904296062992127
11
5.8303238976377951
21
-3.7904296062992127
0
LINE
8
BLACK
6
CONTINUOUS
10
5.8303238976377951
20
-3.7904296062992127
11
5.831758897637795
21
-3.789951220472441
0
LINE
8
BLACK
6
CONTINUOUS
10
5.831758897637795
20
-3.789951220472441
11
5.8346463779527555
21
-3.7882187401574803
0
LINE
8
BLACK
6
CONTINUOUS
10
5.8346463779527555
20
-3.7882187401574803
11
5.8362619291338582
21
-3.786603188976378
0
LINE
8
BLACK
6
CONTINUOUS
10
5.8362619291338582
20
-3.786603188976378
11
5.8379943700787402
21
-3.7837158661417321
0
LINE
8
BLACK
6
CONTINUOUS
10
5.8379943700787402
20
-3.7837158661417321
11
5.8384727559055118
21
-3.7822806692913384
0
LINE
8
BLACK
6
CONTINUOUS
10
5.8384727559055118
20
-3.7822806692913384
11
5.8384727559055118
21
-3.7804837795275588
0
LINE
8
BLACK
6
CONTINUOUS
10
5.8384727559055118
20
-3.7804837795275588
11
5.83752905511811
21
-3.7785964173228344
0
LINE
8
BLACK
6
CONTINUOUS
10
5.83752905511811
20
-3.7785964173228344
11
5.8366959055118111
21
-3.7777632677165354
0
LINE
8
BLACK
6
CONTINUOUS
10
5.8366959055118111
20
-3.7777632677165354
11
5.8348085433070862
21
-3.7768196062992123
0
LINE
8
BLACK
6
CONTINUOUS
10
5.8348085433070862
20
-3.7768196062992123
11
5.8339894488188975
21
-3.7768196062992123
0
LINE
8
BLACK
6
CONTINUOUS
10
5.8339894488188975
20
-3.7768196062992123
11
5.832469173228346
21
-3.7761898818897639
0
LINE
8
BLACK
6
CONTINUOUS
10
5.832469173228346
20
-3.7761898818897639
11
5.8318394488188972
21
-3.7746696062992124
0
LINE
8
BLACK
6
CONTINUOUS
10
5.8318394488188972
20
-3.7746696062992124
11
5.832469173228346
21
-3.7731493307086614
0
LINE
8
BLACK
6
CONTINUOUS
10
5.832469173228346
20
-3.7731493307086614
11
5.8339894488188975
21
-3.7725196062992126
0
LINE
8
BLACK
6
CONTINUOUS
10
5.8339894488188975
20
-3.7725196062992126
11
5.8353161023622047
21
-3.7725196062992126
0
LINE
8
BLACK
6
CONTINUOUS
10
5.8353161023622047
20
-3.7725196062992126
11
5.8357784251968505
21
-3.7727111023622046
0
LINE
8
BLACK
6
CONTINUOUS
10
6.3666269685039367
20
-3.7806734251968503
11
6.3672566929133856
21
-3.7821937007874014
0
LINE
8
BLACK
6
CONTINUOUS
10
6.3672566929133856
20
-3.7821937007874014
11
6.3666269685039367
21
-3.7837139763779528
0
LINE
8
BLACK
6
CONTINUOUS
10
6.3666269685039367
20
-3.7837139763779528
11
6.3651066929133853
21
-3.7843437007874017
0
LINE
8
BLACK
6
CONTINUOUS
10
6.3651066929133853
20
-3.7843437007874017
11
6.3547400787401571
21
-3.7843437007874017
0
LINE
8
BLACK
6
CONTINUOUS
10
6.3547400787401571
20
-3.7843437007874017
11
6.3546783858267712
21
-3.7844053543307088
0
LINE
8
BLACK
6
CONTINUOUS
10
6.3546783858267712
20
-3.7844053543307088
11
6.3541233464566931
21
-3.7855154724409448
0
LINE
8
BLACK
6
CONTINUOUS
10
6.3541233464566931
20
-3.7855154724409448
11
6.3541233464566931
21
-3.78731468503937
0
LINE
8
BLACK
6
CONTINUOUS
10
6.3541233464566931
20
-3.78731468503937
11
6.3545139370078738
21
-3.7880959055118111
0
LINE
8
BLACK
6
CONTINUOUS
10
6.3545139370078738
20
-3.7880959055118111
11
6.3552951968503937
21
-3.7884865354330706
0
LINE
8
BLACK
6
CONTINUOUS
10
6.3552951968503937
20
-3.7884865354330706
11
6.3651066929133853
21
-3.7884865354330706
0
LINE
8
BLACK
6
CONTINUOUS
10
6.3651066929133853
20
-3.7884865354330706
11
6.3666269685039367
21
-3.7891162598425194
0
LINE
8
BLACK
6
CONTINUOUS
10
6.3666269685039367
20
-3.7891162598425194
11
6.3672566929133856
21
-3.7906365354330709
0
LINE
8
BLACK
6
CONTINUOUS
10
6.3672566929133856
20
-3.7906365354330709
11
6.3666269685039367
21
-3.7921568110236219
0
LINE
8
BLACK
6
CONTINUOUS
10
6.3666269685039367
20
-3.7921568110236219
11
6.3651066929133853
21
-3.7927865354330708
0
LINE
8
BLACK
6
CONTINUOUS
10
6.3651066929133853
20
-3.7927865354330708
11
6.3547876377952752
21
-3.7927865354330708
0
LINE
8
BLACK
6
CONTINUOUS
10
6.3547876377952752
20
-3.7927865354330708
11
6.3543252755905506
21
-3.7925949999999999
0
LINE
8
BLACK
6
CONTINUOUS
10
6.3543252755905506
20
-3.7925949999999999
11
6.3538261417322834
21
-3.7925595669291337
0
LINE
8
BLACK
6
CONTINUOUS
10
6.3538261417322834
20
-3.7925595669291337
11
6.3519499606299208
21
-3.7916214960629921
0
LINE
8
BLACK
6
CONTINUOUS
10
6.3519499606299208
20
-3.7916214960629921
11
6.351503307086614
21
-3.7911064960629921
0
LINE
8
BLACK
6
CONTINUOUS
10
6.351503307086614
20
-3.7911064960629921
11
6.3509884251968503
21
-3.7906599606299212
0
LINE
8
BLACK
6
CONTINUOUS
10
6.3509884251968503
20
-3.7906599606299212
11
6.3500503149606295
21
-3.7887837401574802
0
LINE
8
BLACK
6
CONTINUOUS
10
6.3500503149606295
20
-3.7887837401574802
11
6.350014842519685
21
-3.7882845669291338
0
LINE
8
BLACK
6
CONTINUOUS
10
6.350014842519685
20
-3.7882845669291338
11
6.3498233464566924
21
-3.787822244094488
0
LINE
8
BLACK
6
CONTINUOUS
10
6.3498233464566924
20
-3.787822244094488
11
6.3498233464566924
21
-3.7850079527559055
0
LINE
8
BLACK
6
CONTINUOUS
10
6.3498233464566924
20
-3.7850079527559055
11
6.350014842519685
21
-3.7845455511811021
0
LINE
8
BLACK
6
CONTINUOUS
10
6.350014842519685
20
-3.7845455511811021
11
6.3500503543307083
21
-3.7840464173228345
0
LINE
8
BLACK
6
CONTINUOUS
10
6.3500503543307083
20
-3.7840464173228345
11
6.3503459055118112
21
-3.7834552755905513
0
LINE
8
BLACK
6
CONTINUOUS
10
6.3503459055118112
20
-3.7834552755905513
11
6.3498233464566924
21
-3.7821937007874014
0
LINE
8
BLACK
6
CONTINUOUS
10
6.3498233464566924
20
-3.7821937007874014
11
6.3504530708661413
21
-3.7806734251968503
0
LINE
8
BLACK
6
CONTINUOUS
10
6.3504530708661413
20
-3.7806734251968503
11
6.3519733464566928
21
-3.7800437007874015
0
LINE
8
BLACK
6
CONTINUOUS
10
6.3519733464566928
20
-3.7800437007874015
11
6.3651066929133853
21
-3.7800437007874015
0
LINE
8
BLACK
6
CONTINUOUS
10
6.3651066929133853
20
-3.7800437007874015
11
6.3666269685039367
21
-3.7806734251968503
0
LINE
8
BLACK
6
CONTINUOUS
10
5.7946187795275588
20
-3.7684958661417323
11
5.8012521259842522
21
-3.7751292125984253
0
LINE
8
BLACK
6
CONTINUOUS
10
5.8012521259842522
20
-3.7751292125984253
11
5.8018818503937011
21
-3.7766494881889763
0
LINE
8
BLACK
6
CONTINUOUS
10
5.8018818503937011
20
-3.7766494881889763
11
5.8012521259842522
21
-3.7781697637795273
0
LINE
8
BLACK
6
CONTINUOUS
10
5.8012521259842522
20
-3.7781697637795273
11
5.7873220866141732
21
-3.7920997637795275
0
LINE
8
BLACK
6
CONTINUOUS
10
5.7873220866141732
20
-3.7920997637795275
11
5.7858018110236218
21
-3.7927294881889764
0
LINE
8
BLACK
6
CONTINUOUS
10
5.7858018110236218
20
-3.7927294881889764
11
5.7842815354330703
21
-3.7920997637795275
0
LINE
8
BLACK
6
CONTINUOUS
10
5.7842815354330703
20
-3.7920997637795275
11
5.7836518110236224
21
-3.7905794881889765
0
LINE
8
BLACK
6
CONTINUOUS
10
5.7836518110236224
20
-3.7905794881889765
11
5.7842815354330703
21
-3.789059212598425
0
LINE
8
BLACK
6
CONTINUOUS
10
5.7842815354330703
20
-3.789059212598425
11
5.7900579527559053
21
-3.7832827952755905
0
LINE
8
BLACK
6
CONTINUOUS
10
5.7900579527559053
20
-3.7832827952755905
11
5.7869348818897635
21
-3.7801597637795274
0
LINE
8
BLACK
6
CONTINUOUS
10
5.7869348818897635
20
-3.7801597637795274
11
5.7863051574803146
21
-3.7786394881889764
0
LINE
8
BLACK
6
CONTINUOUS
10
5.7863051574803146
20
-3.7786394881889764
11
5.7869348818897635
21
-3.777119212598425
0
LINE
8
BLACK
6
CONTINUOUS
10
5.7869348818897635
20
-3.777119212598425
11
5.7884551574803149
21
-3.7764894881889761
0
LINE
8
BLACK
6
CONTINUOUS
10
5.7884551574803149
20
-3.7764894881889761
11
5.7899754330708664
21
-3.777119212598425
0
LINE
8
BLACK
6
CONTINUOUS
10
5.7899754330708664
20
-3.777119212598425
11
5.7930985039370073
21
-3.7802422440944881
0
LINE
8
BLACK
6
CONTINUOUS
10
5.7930985039370073
20
-3.7802422440944881
11
5.79669125984252
21
-3.7766494488188975
0
LINE
8
BLACK
6
CONTINUOUS
10
5.79669125984252
20
-3.7766494488188975
11
5.7915782283464567
21
-3.7715364173228347
0
LINE
8
BLACK
6
CONTINUOUS
10
5.7915782283464567
20
-3.7715364173228347
11
5.7909485039370079
21
-3.7700161417322833
0
LINE
8
BLACK
6
CONTINUOUS
10
5.7909485039370079
20
-3.7700161417322833
11
5.7915782283464567
21
-3.7684958661417323
0
LINE
8
BLACK
6
CONTINUOUS
10
5.7915782283464567
20
-3.7684958661417323
11
5.7930985039370073
21
-3.7678661417322834
0
LINE
8
BLACK
6
CONTINUOUS
10
5.7930985039370073
20
-3.7678661417322834
11
5.7946187795275588
21
-3.7684958661417323
0
LINE
8
BLACK
6
CONTINUOUS
10
5.8230396850393698
20
-3.7600516535433068
11
5.8233926771653541
21
-3.7600266141732281
0
LINE
8
BLACK
6
CONTINUOUS
10
5.8233926771653541
20
-3.7600266141732281
11
5.8253826377952755
21
-3.7606899212598424
0
LINE
8
BLACK
6
CONTINUOUS
10
5.8253826377952755
20
-3.7606899212598424
11
5.8257606692913386
21
-3.7610177952755905
0
LINE
8
BLACK
6
CONTINUOUS
10
5.8257606692913386
20
-3.7610177952755905
11
5.8262230314960632
21
-3.7612093307086614
0
LINE
8
BLACK
6
CONTINUOUS
10
5.8262230314960632
20
-3.7612093307086614
11
5.8288763779527555
21
-3.7638625984251965
0
LINE
8
BLACK
6
CONTINUOUS
10
5.8288763779527555
20
-3.7638625984251965
11
5.829067874015748
21
-3.7643249606299212
0
LINE
8
BLACK
6
CONTINUOUS
10
5.829067874015748
20
-3.7643249606299212
11
5.8293957480314962
21
-3.7647029921259842
0
LINE
8
BLACK
6
CONTINUOUS
10
5.8293957480314962
20
-3.7647029921259842
11
5.8300590944881892
21
-3.766692992125984
0
LINE
8
BLACK
6
CONTINUOUS
10
5.8300590944881892
20
-3.766692992125984
11
5.8300340157480317
21
-3.7670459448818896
0
LINE
8
BLACK
6
CONTINUOUS
10
5.8300340157480317
20
-3.7670459448818896
11
5.8301694488188973
21
-3.7673729133858265
0
LINE
8
BLACK
6
CONTINUOUS
10
5.8301694488188973
20
-3.7673729133858265
11
5.8301694488188973
21
-3.7686996062992124
0
LINE
8
BLACK
6
CONTINUOUS
10
5.8301694488188973
20
-3.7686996062992124
11
5.8300340157480317
21
-3.769026535433071
0
LINE
8
BLACK
6
CONTINUOUS
10
5.8300340157480317
20
-3.769026535433071
11
5.8300590944881892
21
-3.7693795275590549
0
LINE
8
BLACK
6
CONTINUOUS
10
5.8300590944881892
20
-3.7693795275590549
11
5.8293957480314962
21
-3.7713695275590551
0
LINE
8
BLACK
6
CONTINUOUS
10
5.8293957480314962
20
-3.7713695275590551
11
5.829067874015748
21
-3.7717475196850394
0
LINE
8
BLACK
6
CONTINUOUS
10
5.829067874015748
20
-3.7717475196850394
11
5.8288763385826767
21
-3.7722099606299211
0
LINE
8
BLACK
6
CONTINUOUS
10
5.8288763385826767
20
-3.7722099606299211
11
5.8282129921259838
21
-3.7728732283464566
0
LINE
8
BLACK
6
CONTINUOUS
10
5.8282129921259838
20
-3.7728732283464566
11
5.8277506692913388
21
-3.7730646850393699
0
LINE
8
BLACK
6
CONTINUOUS
10
5.8277506692913388
20
-3.7730646850393699
11
5.8273726377952757
21
-3.7733925984251968
0
LINE
8
BLACK
6
CONTINUOUS
10
5.8273726377952757
20
-3.7733925984251968
11
5.8253826771653543
21
-3.774055905511811
0
LINE
8
BLACK
6
CONTINUOUS
10
5.8253826771653543
20
-3.774055905511811
11
5.8250296850393699
21
-3.7740308267716536
0
LINE
8
BLACK
6
CONTINUOUS
10
5.8250296850393699
20
-3.7740308267716536
11
5.8247027559055118
21
-3.7741662598425196
0
LINE
8
BLACK
6
CONTINUOUS
10
5.8247027559055118
20
-3.7741662598425196
11
5.8241994488188977
21
-3.7741662598425196
0
LINE
8
BLACK
6
CONTINUOUS
10
5.8241994488188977
20
-3.7741662598425196
11
5.8241994488188977
21
-3.7746696062992124
0
LINE
8
BLACK
6
CONTINUOUS
10
5.8241994488188977
20
-3.7746696062992124
11
5.8240640157480312
21
-3.7749965354330706
0
LINE
8
BLACK
6
CONTINUOUS
10
5.8240640157480312
20
-3.7749965354330706
11
5.8240890944881887
21
-3.775349527559055
0
LINE
8
BLACK
6
CONTINUOUS
10
5.8240890944881887
20
-3.775349527559055
11
5.8234257480314957
21
-3.7773395275590551
0
LINE
8
BLACK
6
CONTINUOUS
10
5.8234257480314957
20
-3.7773395275590551
11
5.8230978740157475
21
-3.7777175196850394
0
LINE
8
BLACK
6
CONTINUOUS
10
5.8230978740157475
20
-3.7777175196850394
11
5.8229063779527559
21
-3.7781799212598424
0
LINE
8
BLACK
6
CONTINUOUS
10
5.8229063779527559
20
-3.7781799212598424
11
5.8202530314960628
21
-3.780833188976378
0
LINE
8
BLACK
6
CONTINUOUS
10
5.8202530314960628
20
-3.780833188976378
11
5.8197906692913381
21
-3.7810246850393701
0
LINE
8
BLACK
6
CONTINUOUS
10
5.8197906692913381
20
-3.7810246850393701
11
5.8194126377952751
21
-3.7813525984251966
0
LINE
8
BLACK
6
CONTINUOUS
10
5.8194126377952751
20
-3.7813525984251966
11
5.8174226771653545
21
-3.7820159055118108
0
LINE
8
BLACK
6
CONTINUOUS
10
5.8174226771653545
20
-3.7820159055118108
11
5.8170696850393702
21
-3.7819908267716533
0
LINE
8
BLACK
6
CONTINUOUS
10
5.8170696850393702
20
-3.7819908267716533
11
5.816742755905512
21
-3.7821262598425194
0
LINE
8
BLACK
6
CONTINUOUS
10
5.816742755905512
20
-3.7821262598425194
11
5.8154161023622049
21
-3.7821262598425194
0
LINE
8
BLACK
6
CONTINUOUS
10
5.8154161023622049
20
-3.7821262598425194
11
5.815089133858268
21
-3.7819908267716533
0
LINE
8
BLACK
6
CONTINUOUS
10
5.815089133858268
20
-3.7819908267716533
11
5.8147361811023623
21
-3.7820159055118108
0
LINE
8
BLACK
6
CONTINUOUS
10
5.8147361811023623
20
-3.7820159055118108
11
5.8127461811023622
21
-3.7813525590551182
0
LINE
8
BLACK
6
CONTINUOUS
10
5.8127461811023622
20
-3.7813525590551182
11
5.8123681102362204
21
-3.7810246850393701
0
LINE
8
BLACK
6
CONTINUOUS
10
5.8123681102362204
20
-3.7810246850393701
11
5.8119058267716532
21
-3.780833188976378
0
LINE
8
BLACK
6
CONTINUOUS
10
5.8119058267716532
20
-3.780833188976378
11
5.8092524803149601
21
-3.7781798818897636
0
LINE
8
BLACK
6
CONTINUOUS
10
5.8092524803149601
20
-3.7781798818897636
11
5.8090609448818897
21
-3.7777175590551182
0
LINE
8
BLACK
6
CONTINUOUS
10
5.8090609448818897
20
-3.7777175590551182
11
5.8087330708661415
21
-3.7773394881889764
0
LINE
8
BLACK
6
CONTINUOUS
10
5.8087330708661415
20
-3.7773394881889764
11
5.8080697637795273
21
-3.7753494881889762
0
LINE
8
BLACK
6
CONTINUOUS
10
5.8080697637795273
20
-3.7753494881889762
11
5.8080948425196848
21
-3.7749964960629923
0
LINE
8
BLACK
6
CONTINUOUS
10
5.8080948425196848
20
-3.7749964960629923
11
5.8079594488188979
21
-3.7746696062992124
0
LINE
8
BLACK
6
CONTINUOUS
10
5.8079594488188979
20
-3.7746696062992124
11
5.8079594488188979
21
-3.7733429133858265
0
LINE
8
BLACK
6
CONTINUOUS
10
5.8079594488188979
20
-3.7733429133858265
11
5.8080948425196848
21
-3.7730159842519684
0
LINE
8
BLACK
6
CONTINUOUS
10
5.8080948425196848
20
-3.7730159842519684
11
5.8080697637795273
21
-3.7726630314960627
0
LINE
8
BLACK
6
CONTINUOUS
10
5.8080697637795273
20
-3.7726630314960627
11
5.8087330708661415
21
-3.770673031496063
0
LINE
8
BLACK
6
CONTINUOUS
10
5.8087330708661415
20
-3.770673031496063
11
5.8090609448818897
21
-3.7702949212598424
0
LINE
8
BLACK
6
CONTINUOUS
10
5.8090609448818897
20
-3.7702949212598424
11
5.8092524803149601
21
-3.7698326377952753
0
LINE
8
BLACK
6
CONTINUOUS
10
5.8092524803149601
20
-3.7698326377952753
11
5.8119058267716532
21
-3.7671793307086614
0
LINE
8
BLACK
6
CONTINUOUS
10
5.8119058267716532
20
-3.7671793307086614
11
5.8123681102362204
21
-3.7669877952755906
0
LINE
8
BLACK
6
CONTINUOUS
10
5.8123681102362204
20
-3.7669877952755906
11
5.8127461811023622
21
-3.7666599606299211
0
LINE
8
BLACK
6
CONTINUOUS
10
5.8127461811023622
20
-3.7666599606299211
11
5.8147361811023623
21
-3.7659966141732282
0
LINE
8
BLACK
6
CONTINUOUS
10
5.8147361811023623
20
-3.7659966141732282
11
5.815089133858268
21
-3.7660216535433069
0
LINE
8
BLACK
6
CONTINUOUS
10
5.815089133858268
20
-3.7660216535433069
11
5.8154161023622049
21
-3.7658862598425196
0
LINE
8
BLACK
6
CONTINUOUS
10
5.8154161023622049
20
-3.7658862598425196
11
5.8159194488188977
21
-3.7658862598425196
0
LINE
8
BLACK
6
CONTINUOUS
10
5.8159194488188977
20
-3.7658862598425196
11
5.8159194488188977
21
-3.7653829133858268
0
LINE
8
BLACK
6
CONTINUOUS
10
5.8159194488188977
20
-3.7653829133858268
11
5.8160548425196845
21
-3.7650559842519686
0
LINE
8
BLACK
6
CONTINUOUS
10
5.8160548425196845
20
-3.7650559842519686
11
5.8160297637795271
21
-3.764703031496063
0
LINE
8
BLACK
6
CONTINUOUS
10
5.8160297637795271
20
-3.764703031496063
11
5.8166930708661413
21
-3.7627130314960628
0
LINE
8
BLACK
6
CONTINUOUS
10
5.8166930708661413
20
-3.7627130314960628
11
5.8170209842519682
21
-3.7623349212598423
0
LINE
8
BLACK
6
CONTINUOUS
10
5.8170209842519682
20
-3.7623349212598423
11
5.8172125196850395
21
-3.7618725984251968
0
LINE
8
BLACK
6
CONTINUOUS
10
5.8172125196850395
20
-3.7618725984251968
11
5.8178758661417325
21
-3.7612092913385826
0
LINE
8
BLACK
6
CONTINUOUS
10
5.8178758661417325
20
-3.7612092913385826
11
5.8183381496062987
21
-3.7610177952755905
0
LINE
8
BLACK
6
CONTINUOUS
10
5.8183381496062987
20
-3.7610177952755905
11
5.8187161811023618
21
-3.7606899606299211
0
LINE
8
BLACK
6
CONTINUOUS
10
5.8187161811023618
20
-3.7606899606299211
11
5.8207061811023619
21
-3.7600266141732281
0
LINE
8
BLACK
6
CONTINUOUS
10
5.8207061811023619
20
-3.7600266141732281
11
5.8210591338582676
21
-3.7600516535433068
0
LINE
8
BLACK
6
CONTINUOUS
10
5.8210591338582676
20
-3.7600516535433068
11
5.8213861023622044
21
-3.7599162598425195
0
LINE
8
BLACK
6
CONTINUOUS
10
5.8213861023622044
20
-3.7599162598425195
11
5.8227127559055116
21
-3.7599162598425195
0
LINE
8
BLACK
6
CONTINUOUS
10
5.8227127559055116
20
-3.7599162598425195
11
5.8230396850393698
21
-3.7600516535433068
0
LINE
8
BLACK
6
CONTINUOUS
10
5.8145875196850394
20
-3.7705787401574802
11
5.8126519291338585
21
-3.772514251968504
0
LINE
8
BLACK
6
CONTINUOUS
10
5.8126519291338585
20
-3.772514251968504
11
5.8122594488188977
21
-3.7736918110236219
0
LINE
8
BLACK
6
CONTINUOUS
10
5.8122594488188977
20
-3.7736918110236219
11
5.8122594488188977
21
-3.7743206692913387
0
LINE
8
BLACK
6
CONTINUOUS
10
5.8122594488188977
20
-3.7743206692913387
11
5.8126519291338585
21
-3.7754982283464567
0
LINE
8
BLACK
6
CONTINUOUS
10
5.8126519291338585
20
-3.7754982283464567
11
5.8145875196850394
21
-3.77743374015748
0
LINE
8
BLACK
6
CONTINUOUS
10
5.8145875196850394
20
-3.77743374015748
11
5.8157650393700786
21
-3.7778262598425196
0
LINE
8
BLACK
6
CONTINUOUS
10
5.8157650393700786
20
-3.7778262598425196
11
5.8163938976377949
21
-3.7778262598425196
0
LINE
8
BLACK
6
CONTINUOUS
10
5.8163938976377949
20
-3.7778262598425196
11
5.8175713385826766
21
-3.77743374015748
0
LINE
8
BLACK
6
CONTINUOUS
10
5.8175713385826766
20
-3.77743374015748
11
5.8195069291338584
21
-3.7754981889763779
0
LINE
8
BLACK
6
CONTINUOUS
10
5.8195069291338584
20
-3.7754981889763779
11
5.8198994488188971
21
-3.7743206692913387
0
LINE
8
BLACK
6
CONTINUOUS
10
5.8198994488188971
20
-3.7743206692913387
11
5.8198994488188971
21
-3.7736918110236219
0
LINE
8
BLACK
6
CONTINUOUS
10
5.8198994488188971
20
-3.7736918110236219
11
5.8195069291338584
21
-3.7725142913385827
0
LINE
8
BLACK
6
CONTINUOUS
10
5.8195069291338584
20
-3.7725142913385827
11
5.8175713385826766
21
-3.7705787401574802
0
LINE
8
BLACK
6
CONTINUOUS
10
5.8175713385826766
20
-3.7705787401574802
11
5.8163938976377949
21
-3.7701862598425198
0
LINE
8
BLACK
6
CONTINUOUS
10
5.8163938976377949
20
-3.7701862598425198
11
5.8157650393700786
21
-3.7701862598425198
0
LINE
8
BLACK
6
CONTINUOUS
10
5.8157650393700786
20
-3.7701862598425198
11
5.8145875196850394
21
-3.7705787401574802
0
LINE
8
BLACK
6
CONTINUOUS
10
5.8205983070866143
20
-3.7645951181102362
11
5.8202194488188974
21
-3.7657318110236218
0
LINE
8
BLACK
6
CONTINUOUS
10
5.8202194488188974
20
-3.7657318110236218
11
5.8202194488188974
21
-3.7663606692913385
0
LINE
8
BLACK
6
CONTINUOUS
10
5.8202194488188974
20
-3.7663606692913385
11
5.8206119291338583
21
-3.7675382283464565
0
LINE
8
BLACK
6
CONTINUOUS
10
5.8206119291338583
20
-3.7675382283464565
11
5.8225475196850391
21
-3.7694737401574803
0
LINE
8
BLACK
6
CONTINUOUS
10
5.8225475196850391
20
-3.7694737401574803
11
5.8237250393700783
21
-3.7698662598425194
0
LINE
8
BLACK
6
CONTINUOUS
10
5.8237250393700783
20
-3.7698662598425194
11
5.8243538976377955
21
-3.7698662598425194
0
LINE
8
BLACK
6
CONTINUOUS
10
5.8243538976377955
20
-3.7698662598425194
11
5.8254905511811019
21
-3.7694873622047242
0
LINE
8
BLACK
6
CONTINUOUS
10
5.8254905511811019
20
-3.7694873622047242
11
5.8258694488188976
21
-3.7683506692913387
0
LINE
8
BLACK
6
CONTINUOUS
10
5.8258694488188976
20
-3.7683506692913387
11
5.8258694488188976
21
-3.7677218110236219
0
LINE
8
BLACK
6
CONTINUOUS
10
5.8258694488188976
20
-3.7677218110236219
11
5.825476929133858
21
-3.7665442913385827
0
LINE
8
BLACK
6
CONTINUOUS
10
5.825476929133858
20
-3.7665442913385827
11
5.8235413385826771
21
-3.7646087401574801
0
LINE
8
BLACK
6
CONTINUOUS
10
5.8235413385826771
20
-3.7646087401574801
11
5.8223638976377954
21
-3.7642162598425197
0
LINE
8
BLACK
6
CONTINUOUS
10
5.8223638976377954
20
-3.7642162598425197
11
5.8217350393700782
21
-3.7642162598425197
0
LINE
8
BLACK
6
CONTINUOUS
10
5.8217350393700782
20
-3.7642162598425197
11
5.8205983070866143
21
-3.7645951181102362
0
LINE
8
BLACK
6
CONTINUOUS
10
6.3294157086614176
20
-3.7629527559055118
11
6.3296853149606296
21
-3.762912677165354
0
LINE
8
BLACK
6
CONTINUOUS
10
6.3296853149606296
20
-3.762912677165354
11
6.333437677165354
21
-3.763850748031496
0
LINE
8
BLACK
6
CONTINUOUS
10
6.333437677165354
20
-3.763850748031496
11
6.3336339763779526
21
-3.7639962204724409
0
LINE
8
BLACK
6
CONTINUOUS
10
6.3336339763779526
20
-3.7639962204724409
11
6.333877716535433
21
-3.7640135433070867
0
LINE
8
BLACK
6
CONTINUOUS
10
6.333877716535433
20
-3.7640135433070867
11
6.3357538976377947
21
-3.7649516141732282
0
LINE
8
BLACK
6
CONTINUOUS
10
6.3357538976377947
20
-3.7649516141732282
11
6.3359857086614175
21
-3.7652188976377952
0
LINE
8
BLACK
6
CONTINUOUS
10
6.3359857086614175
20
-3.7652188976377952
11
6.3363126771653544
21
-3.7653543307086612
0
LINE
8
BLACK
6
CONTINUOUS
10
6.3363126771653544
20
-3.7653543307086612
11
6.3381888976377949
21
-3.7672305118110234
0
LINE
8
BLACK
6
CONTINUOUS
10
6.3381888976377949
20
-3.7672305118110234
11
6.3383803937007874
21
-3.767692874015748
0
LINE
8
BLACK
6
CONTINUOUS
10
6.3383803937007874
20
-3.767692874015748
11
6.3387083070866144
21
-3.7680709448818899
0
LINE
8
BLACK
6
CONTINUOUS
10
6.3387083070866144
20
-3.7680709448818899
11
6.3396463779527554
21
-3.7708852362204723
0
LINE
8
BLACK
6
CONTINUOUS
10
6.3396463779527554
20
-3.7708852362204723
11
6.3396212598425192
21
-3.771238188976378
0
LINE
8
BLACK
6
CONTINUOUS
10
6.3396212598425192
20
-3.771238188976378
11
6.3397566929133857
21
-3.7715651181102361
0
LINE
8
BLACK
6
CONTINUOUS
10
6.3397566929133857
20
-3.7715651181102361
11
6.3397566929133857
21
-3.7734413385826771
0
LINE
8
BLACK
6
CONTINUOUS
10
6.3397566929133857
20
-3.7734413385826771
11
6.3396212598425192
21
-3.7737681889763777
0
LINE
8
BLACK
6
CONTINUOUS
10
6.3396212598425192
20
-3.7737681889763777
11
6.3396463779527554
21
-3.7741212204724408
0
LINE
8
BLACK
6
CONTINUOUS
10
6.3396463779527554
20
-3.7741212204724408
11
6.3387083070866144
21
-3.776935472440945
0
LINE
8
BLACK
6
CONTINUOUS
10
6.3387083070866144
20
-3.776935472440945
11
6.3383803937007874
21
-3.7773135039370076
0
LINE
8
BLACK
6
CONTINUOUS
10
6.3383803937007874
20
-3.7773135039370076
11
6.3381888976377949
21
-3.7777758661417322
0
LINE
8
BLACK
6
CONTINUOUS
10
6.3381888976377949
20
-3.7777758661417322
11
6.3372507874015751
21
-3.7787139763779525
0
LINE
8
BLACK
6
CONTINUOUS
10
6.3372507874015751
20
-3.7787139763779525
11
6.3357305118110236
21
-3.7793437007874013
0
LINE
8
BLACK
6
CONTINUOUS
10
6.3357305118110236
20
-3.7793437007874013
11
6.3342102362204722
21
-3.7787139763779525
0
LINE
8
BLACK
6
CONTINUOUS
10
6.3342102362204722
20
-3.7787139763779525
11
6.3335805118110233
21
-3.7771937007874015
0
LINE
8
BLACK
6
CONTINUOUS
10
6.3335805118110233
20
-3.7771937007874015
11
6.3342102362204722
21
-3.7756734251968505
0
LINE
8
BLACK
6
CONTINUOUS
10
6.3342102362204722
20
-3.7756734251968505
11
6.3347894094488186
21
-3.7750942125984253
0
LINE
8
BLACK
6
CONTINUOUS
10
6.3347894094488186
20
-3.7750942125984253
11
6.335456692913386
21
-3.7730924015748029
0
LINE
8
BLACK
6
CONTINUOUS
10
6.335456692913386
20
-3.7730924015748029
11
6.335456692913386
21
-3.7719139763779528
0
LINE
8
BLACK
6
CONTINUOUS
10
6.335456692913386
20
-3.7719139763779528
11
6.3347894094488186
21
-3.7699121653543308
0
LINE
8
BLACK
6
CONTINUOUS
10
6.3347894094488186
20
-3.7699121653543308
11
6.3335187795275587
21
-3.7686416141732284
0
LINE
8
BLACK
6
CONTINUOUS
10
6.3335187795275587
20
-3.7686416141732284
11
6.3321657480314961
21
-3.7679650787401573
0
LINE
8
BLACK
6
CONTINUOUS
10
6.3321657480314961
20
-3.7679650787401573
11
6.3288992519685037
21
-3.7671484645669291
0
LINE
8
BLACK
6
CONTINUOUS
10
6.3288992519685037
20
-3.7671484645669291
11
6.3266143307086615
21
-3.7671484645669291
0
LINE
8
BLACK
6
CONTINUOUS
10
6.3266143307086615
20
-3.7671484645669291
11
6.3233476377952753
21
-3.7679650787401573
0
LINE
8
BLACK
6
CONTINUOUS
10
6.3233476377952753
20
-3.7679650787401573
11
6.3219944881889765
21
-3.7686416535433072
0
LINE
8
BLACK
6
CONTINUOUS
10
6.3219944881889765
20
-3.7686416535433072
11
6.3207239763779528
21
-3.7699121653543308
0
LINE
8
BLACK
6
CONTINUOUS
10
6.3207239763779528
20
-3.7699121653543308
11
6.3200566929133855
21
-3.7719140551181103
0
LINE
8
BLACK
6
CONTINUOUS
10
6.3200566929133855
20
-3.7719140551181103
11
6.3200566929133855
21
-3.7730924409448816
0
LINE
8
BLACK
6
CONTINUOUS
10
6.3200566929133855
20
-3.7730924409448816
11
6.320723937007874
21
-3.7750941732283465
0
LINE
8
BLACK
6
CONTINUOUS
10
6.320723937007874
20
-3.7750941732283465
11
6.321303188976378
21
-3.7756734645669292
0
LINE
8
BLACK
6
CONTINUOUS
10
6.321303188976378
20
-3.7756734645669292
11
6.3219328740157481
21
-3.7771937401574802
0
LINE
8
BLACK
6
CONTINUOUS
10
6.3219328740157481
20
-3.7771937401574802
11
6.3213031102362205
21
-3.7787140157480312
0
LINE
8
BLACK
6
CONTINUOUS
10
6.3213031102362205
20
-3.7787140157480312
11
6.319782834645669
21
-3.7793437007874013
0
LINE
8
BLACK
6
CONTINUOUS
10
6.319782834645669
20
-3.7793437007874013
11
6.3182625590551176
21
-3.7787139370078737
0
LINE
8
BLACK
6
CONTINUOUS
10
6.3182625590551176
20
-3.7787139370078737
11
6.3173244881889765
21
-3.7777758267716535
0
LINE
8
BLACK
6
CONTINUOUS
10
6.3173244881889765
20
-3.7777758267716535
11
6.317132992125984
21
-3.7773135039370076
0
LINE
8
BLACK
6
CONTINUOUS
10
6.317132992125984
20
-3.7773135039370076
11
6.3168051574803146
21
-3.7769355118110237
0
LINE
8
BLACK
6
CONTINUOUS
10
6.3168051574803146
20
-3.7769355118110237
11
6.3158670472440948
21
-3.7741212598425196
0
LINE
8
BLACK
6
CONTINUOUS
10
6.3158670472440948
20
-3.7741212598425196
11
6.3158920866141735
21
-3.7737682677165352
0
LINE
8
BLACK
6
CONTINUOUS
10
6.3158920866141735
20
-3.7737682677165352
11
6.3157566929133857
21
-3.7734413385826771
0
LINE
8
BLACK
6
CONTINUOUS
10
6.3157566929133857
20
-3.7734413385826771
11
6.3157566929133857
21
-3.7715651181102361
0
LINE
8
BLACK
6
CONTINUOUS
10
6.3157566929133857
20
-3.7715651181102361
11
6.3158920866141735
21
-3.7712382283464567
0
LINE
8
BLACK
6
CONTINUOUS
10
6.3158920866141735
20
-3.7712382283464567
11
6.315867007874016
21
-3.7708852362204723
0
LINE
8
BLACK
6
CONTINUOUS
10
6.315867007874016
20
-3.7708852362204723
11
6.3168051574803146
21
-3.7680709055118111
0
LINE
8
BLACK
6
CONTINUOUS
10
6.3168051574803146
20
-3.7680709055118111
11
6.317132992125984
21
-3.7676928346456693
0
LINE
8
BLACK
6
CONTINUOUS
10
6.317132992125984
20
-3.7676928346456693
11
6.3173245275590553
21
-3.7672305511811022
0
LINE
8
BLACK
6
CONTINUOUS
10
6.3173245275590553
20
-3.7672305511811022
11
6.319200708661417
21
-3.76535437007874
0
LINE
8
BLACK
6
CONTINUOUS
10
6.319200708661417
20
-3.76535437007874
11
6.3195275984251964
21
-3.7652189370078739
0
LINE
8
BLACK
6
CONTINUOUS
10
6.3195275984251964
20
-3.7652189370078739
11
6.3197594881889758
21
-3.7649516141732282
0
LINE
8
BLACK
6
CONTINUOUS
10
6.3197594881889758
20
-3.7649516141732282
11
6.3216356692913385
21
-3.7640135433070867
0
LINE
8
BLACK
6
CONTINUOUS
10
6.3216356692913385
20
-3.7640135433070867
11
6.3218794094488189
21
-3.7639962204724409
0
LINE
8
BLACK
6
CONTINUOUS
10
6.3218794094488189
20
-3.7639962204724409
11
6.3220757086614174
21
-3.7638507874015747
0
LINE
8
BLACK
6
CONTINUOUS
10
6.3220757086614174
20
-3.7638507874015747
11
6.3258281102362206
21
-3.762912677165354
0
LINE
8
BLACK
6
CONTINUOUS
10
6.3258281102362206
20
-3.762912677165354
11
6.3260976771653539
21
-3.7629527559055118
0
LINE
8
BLACK
6
CONTINUOUS
10
6.3260976771653539
20
-3.7629527559055118
11
6.3263495669291334
21
-3.7628484645669289
0
LINE
8
BLACK
6
CONTINUOUS
10
6.3263495669291334
20
-3.7628484645669289
11
6.3291638582677168
21
-3.7628484645669289
0
LINE
8
BLACK
6
CONTINUOUS
10
6.3291638582677168
20
-3.7628484645669289
11
6.3294157086614176
21
-3.7629527559055118
0
LINE
8
BLACK
6
CONTINUOUS
10
6.3666269685039367
20
-3.7609734251968505
11
6.3672566929133856
21
-3.7624937007874015
0
LINE
8
BLACK
6
CONTINUOUS
10
6.3672566929133856
20
-3.7624937007874015
11
6.3672566929133856
21
-3.7737508267716535
0
LINE
8
BLACK
6
CONTINUOUS
10
6.3672566929133856
20
-3.7737508267716535
11
6.3666269685039367
21
-3.7752711023622045
0
LINE
8
BLACK
6
CONTINUOUS
10
6.3666269685039367
20
-3.7752711023622045
11
6.3651066929133853
21
-3.7759008267716534
0
LINE
8
BLACK
6
CONTINUOUS
10
6.3651066929133853
20
-3.7759008267716534
11
6.3635864173228347
21
-3.7752711023622045
0
LINE
8
BLACK
6
CONTINUOUS
10
6.3635864173228347
20
-3.7752711023622045
11
6.3629566929133858
21
-3.7737508267716535
0
LINE
8
BLACK
6
CONTINUOUS
10
6.3629566929133858
20
-3.7737508267716535
11
6.3629566929133858
21
-3.7702722834645668
0
LINE
8
BLACK
6
CONTINUOUS
10
6.3629566929133858
20
-3.7702722834645668
11
6.3454066929133859
21
-3.7702722834645668
0
LINE
8
BLACK
6
CONTINUOUS
10
6.3454066929133859
20
-3.7702722834645668
11
6.3452021259842519
21
-3.7701875590551182
0
LINE
8
BLACK
6
CONTINUOUS
10
6.3452021259842519
20
-3.7701875590551182
11
6.3449850393700782
21
-3.7702305118110235
0
LINE
8
BLACK
6
CONTINUOUS
10
6.3449850393700782
20
-3.7702305118110235
11
6.3444648818897633
21
-3.7698821653543306
0
LINE
8
BLACK
6
CONTINUOUS
10
6.3444648818897633
20
-3.7698821653543306
11
6.3438864173228344
21
-3.7696425590551179
0
LINE
8
BLACK
6
CONTINUOUS
10
6.3438864173228344
20
-3.7696425590551179
11
6.3438016929133854
21
-3.7694380314960627
0
LINE
8
BLACK
6
CONTINUOUS
10
6.3438016929133854
20
-3.7694380314960627
11
6.3436177952755903
21
-3.7693148818897635
0
LINE
8
BLACK
6
CONTINUOUS
10
6.3436177952755903
20
-3.7693148818897635
11
6.3434962992125987
21
-3.7687007480314958
0
LINE
8
BLACK
6
CONTINUOUS
10
6.3434962992125987
20
-3.7687007480314958
11
6.3432566929133856
21
-3.7681222834645669
0
LINE
8
BLACK
6
CONTINUOUS
10
6.3432566929133856
20
-3.7681222834645669
11
6.3433413779527559
21
-3.7679177165354329
0
LINE
8
BLACK
6
CONTINUOUS
10
6.3433413779527559
20
-3.7679177165354329
11
6.3432984645669288
21
-3.7677006299212596
0
LINE
8
BLACK
6
CONTINUOUS
10
6.3432984645669288
20
-3.7677006299212596
11
6.3436467716535434
21
-3.7671804724409448
0
LINE
8
BLACK
6
CONTINUOUS
10
6.3436467716535434
20
-3.7671804724409448
11
6.3438864173228344
21
-3.7666020078740154
0
LINE
8
BLACK
6
CONTINUOUS
10
6.3438864173228344
20
-3.7666020078740154
11
6.3440909055118109
21
-3.7665172834645668
0
LINE
8
BLACK
6
CONTINUOUS
10
6.3440909055118109
20
-3.7665172834645668
11
6.3442140944881888
21
-3.7663333858267714
0
LINE
8
BLACK
6
CONTINUOUS
10
6.3442140944881888
20
-3.7663333858267714
11
6.34685125984252
21
-3.7645751968503935
0
LINE
8
BLACK
6
CONTINUOUS
10
6.34685125984252
20
-3.7645751968503935
11
6.3483301574803148
21
-3.7630962992125983
0
LINE
8
BLACK
6
CONTINUOUS
10
6.3483301574803148
20
-3.7630962992125983
11
6.3491122440944885
21
-3.7615321653543305
0
LINE
8
BLACK
6
CONTINUOUS
10
6.3491122440944885
20
-3.7615321653543305
11
6.3503553937007871
21
-3.7604540551181103
0
LINE
8
BLACK
6
CONTINUOUS
10
6.3503553937007871
20
-3.7604540551181103
11
6.3519968110236222
21
-3.7605707086614171
0
LINE
8
BLACK
6
CONTINUOUS
10
6.3519968110236222
20
-3.7605707086614171
11
6.3530749606299208
21
-3.7618138188976378
0
LINE
8
BLACK
6
CONTINUOUS
10
6.3530749606299208
20
-3.7618138188976378
11
6.3529582677165353
21
-3.7634552362204725
0
LINE
8
BLACK
6
CONTINUOUS
10
6.3529582677165353
20
-3.7634552362204725
11
6.3520201574803146
21
-3.7653314173228347
0
LINE
8
BLACK
6
CONTINUOUS
10
6.3520201574803146
20
-3.7653314173228347
11
6.3517528346456693
21
-3.7655632283464566
0
LINE
8
BLACK
6
CONTINUOUS
10
6.3517528346456693
20
-3.7655632283464566
11
6.3516174409448816
21
-3.7658901574803147
0
LINE
8
BLACK
6
CONTINUOUS
10
6.3516174409448816
20
-3.7658901574803147
11
6.3515353149606302
21
-3.765972283464567
0
LINE
8
BLACK
6
CONTINUOUS
10
6.3515353149606302
20
-3.765972283464567
11
6.3629566929133858
21
-3.765972283464567
0
LINE
8
BLACK
6
CONTINUOUS
10
6.3629566929133858
20
-3.765972283464567
11
6.3629566929133858
21
-3.7624937007874015
0
LINE
8
BLACK
6
CONTINUOUS
10
6.3629566929133858
20
-3.7624937007874015
11
6.3635864173228347
21
-3.7609734251968505
0
LINE
8
BLACK
6
CONTINUOUS
10
6.3635864173228347
20
-3.7609734251968505
11
6.3651066929133853
21
-3.7603437007874017
0
LINE
8
BLACK
6
CONTINUOUS
10
6.3651066929133853
20
-3.7603437007874017
11
6.3666269685039367
21
-3.7609734251968505
0
LINE
8
BLACK
6
CONTINUOUS
10
6.3716002362204724
20
-3.7175918897637796
11
6.3717294881889766
21
-3.7175691338582677
0
LINE
8
BLACK
6
CONTINUOUS
10
6.3717294881889766
20
-3.7175691338582677
11
6.3718430708661415
21
-3.7176347244094488
0
LINE
8
BLACK
6
CONTINUOUS
10
6.3718430708661415
20
-3.7176347244094488
11
6.372226653543307
21
-3.7177023622047245
0
LINE
8
BLACK
6
CONTINUOUS
10
6.372226653543307
20
-3.7177023622047245
11
6.3728143307086613
21
-3.7181954724409447
0
LINE
8
BLACK
6
CONTINUOUS
10
6.3728143307086613
20
-3.7181954724409447
11
6.3734786614173231
21
-3.7185790551181102
0
LINE
8
BLACK
6
CONTINUOUS
10
6.3734786614173231
20
-3.7185790551181102
11
6.3735697637795274
21
-3.71882937007874
0
LINE
8
BLACK
6
CONTINUOUS
10
6.3735697637795274
20
-3.71882937007874
11
6.3737738976377951
21
-3.7190006692913387
0
LINE
8
BLACK
6
CONTINUOUS
10
6.3737738976377951
20
-3.7190006692913387
11
6.3739071259842515
21
-3.719756220472441
0
LINE
8
BLACK
6
CONTINUOUS
10
6.3739071259842515
20
-3.719756220472441
11
6.3741694881889766
21
-3.7204770472440942
0
LINE
8
BLACK
6
CONTINUOUS
10
6.3741694881889766
20
-3.7204770472440942
11
6.3741694881889766
21
-3.7604770472440943
0
LINE
8
BLACK
6
CONTINUOUS
10
6.3741694881889766
20
-3.7604770472440943
11
6.3739914173228343
21
-3.7614869685039367
0
LINE
8
BLACK
6
CONTINUOUS
10
6.3739914173228343
20
-3.7614869685039367
11
6.3726931102362201
21
-3.7630342125984253
0
LINE
8
BLACK
6
CONTINUOUS
10
6.3726931102362201
20
-3.7630342125984253
11
6.3707039763779525
21
-3.7633849606299212
0
LINE
8
BLACK
6
CONTINUOUS
10
6.3707039763779525
20
-3.7633849606299212
11
6.3689548031496059
21
-3.7623750393700788
0
LINE
8
BLACK
6
CONTINUOUS
10
6.3689548031496059
20
-3.7623750393700788
11
6.3682639763779525
21
-3.7604770472440943
0
LINE
8
BLACK
6
CONTINUOUS
10
6.3682639763779525
20
-3.7604770472440943
11
6.3682639763779525
21
-3.7234298031496063
0
LINE
8
BLACK
6
CONTINUOUS
10
6.3682639763779525
20
-3.7234298031496063
11
6.3141694881889761
21
-3.7234298031496063
0
LINE
8
BLACK
6
CONTINUOUS
10
6.3141694881889761
20
-3.7234298031496063
11
6.3141694881889761
21
-3.7604770472440943
0
LINE
8
BLACK
6
CONTINUOUS
10
6.3141694881889761
20
-3.7604770472440943
11
6.3139914173228346
21
-3.7614869685039367
0
LINE
8
BLACK
6
CONTINUOUS
10
6.3139914173228346
20
-3.7614869685039367
11
6.3126931102362205
21
-3.7630342125984253
0
LINE
8
BLACK
6
CONTINUOUS
10
6.3126931102362205
20
-3.7630342125984253
11
6.3107039763779529
21
-3.7633849606299212
0
LINE
8
BLACK
6
CONTINUOUS
10
6.3107039763779529
20
-3.7633849606299212
11
6.3089548031496063
21
-3.7623750393700788
0
LINE
8
BLACK
6
CONTINUOUS
10
6.3089548031496063
20
-3.7623750393700788
11
6.3082639763779529
21
-3.7604770472440943
0
LINE
8
BLACK
6
CONTINUOUS
10
6.3082639763779529
20
-3.7604770472440943
11
6.3082639763779529
21
-3.7204770472440942
0
LINE
8
BLACK
6
CONTINUOUS
10
6.3082639763779529
20
-3.7204770472440942
11
6.3083315748031499
21
-3.720093503937008
0
LINE
8
BLACK
6
CONTINUOUS
10
6.3083315748031499
20
-3.720093503937008
11
6.3083088188976379
21
-3.7199642913385826
0
LINE
8
BLACK
6
CONTINUOUS
10
6.3083088188976379
20
-3.7199642913385826
11
6.3083744094488186
21
-3.7198506692913385
0
LINE
8
BLACK
6
CONTINUOUS
10
6.3083744094488186
20
-3.7198506692913385
11
6.3084420472440943
21
-3.7194671259842518
0
LINE
8
BLACK
6
CONTINUOUS
10
6.3084420472440943
20
-3.7194671259842518
11
6.308935157480315
21
-3.7188794094488187
0
LINE
8
BLACK
6
CONTINUOUS
10
6.308935157480315
20
-3.7188794094488187
11
6.3093187401574804
21
-3.7182151181102361
0
LINE
8
BLACK
6
CONTINUOUS
10
6.3093187401574804
20
-3.7182151181102361
11
6.3095690551181098
21
-3.7181239763779526
0
LINE
8
BLACK
6
CONTINUOUS
10
6.3095690551181098
20
-3.7181239763779526
11
6.3097403543307085
21
-3.7179198818897636
0
LINE
8
BLACK
6
CONTINUOUS
10
6.3097403543307085
20
-3.7179198818897636
11
6.3104959055118108
21
-3.7177866141732281
0
LINE
8
BLACK
6
CONTINUOUS
10
6.3104959055118108
20
-3.7177866141732281
11
6.311216732283464
21
-3.7175242913385826
0
LINE
8
BLACK
6
CONTINUOUS
10
6.311216732283464
20
-3.7175242913385826
11
6.3712167322834645
21
-3.7175242913385826
0
LINE
8
BLACK
6
CONTINUOUS
10
6.3712167322834645
20
-3.7175242913385826
11
6.3716002362204724
21
-3.7175918897637796
0
LINE
8
BLACK
6
CONTINUOUS
10
5.98777374015748
20
-3.6991059448818895
11
5.9884645669291334
21
-3.701003937007874
0
LINE
8
BLACK
6
CONTINUOUS
10
5.9884645669291334
20
-3.701003937007874
11
5.9884645669291334
21
-3.741003937007874
0
LINE
8
BLACK
6
CONTINUOUS
10
5.9884645669291334
20
-3.741003937007874
11
5.9883969291338586
21
-3.741387440944882
0
LINE
8
BLACK
6
CONTINUOUS
10
5.9883969291338586
20
-3.741387440944882
11
5.9884197244094484
21
-3.7415166929133856
0
LINE
8
BLACK
6
CONTINUOUS
10
5.9884197244094484
20
-3.7415166929133856
11
5.988354094488189
21
-3.7416302755905511
0
LINE
8
BLACK
6
CONTINUOUS
10
5.988354094488189
20
-3.7416302755905511
11
5.988286496062992
21
-3.7420138582677165
0
LINE
8
BLACK
6
CONTINUOUS
10
5.988286496062992
20
-3.7420138582677165
11
5.9877933464566926
21
-3.7426015354330708
0
LINE
8
BLACK
6
CONTINUOUS
10
5.9877933464566926
20
-3.7426015354330708
11
5.9874098031496059
21
-3.7432658661417322
0
LINE
8
BLACK
6
CONTINUOUS
10
5.9874098031496059
20
-3.7432658661417322
11
5.9871594488188977
21
-3.743356968503937
0
LINE
8
BLACK
6
CONTINUOUS
10
5.9871594488188977
20
-3.743356968503937
11
5.9869881889763779
21
-3.7435611023622046
0
LINE
8
BLACK
6
CONTINUOUS
10
5.9869881889763779
20
-3.7435611023622046
11
5.9862325984251967
21
-3.7436943307086614
0
LINE
8
BLACK
6
CONTINUOUS
10
5.9862325984251967
20
-3.7436943307086614
11
5.9855118110236223
21
-3.7439566929133856
0
LINE
8
BLACK
6
CONTINUOUS
10
5.9855118110236223
20
-3.7439566929133856
11
5.9255118110236218
21
-3.7439566929133856
0
LINE
8
BLACK
6
CONTINUOUS
10
5.9255118110236218
20
-3.7439566929133856
11
5.9251282677165351
21
-3.7438890551181103
0
LINE
8
BLACK
6
CONTINUOUS
10
5.9251282677165351
20
-3.7438890551181103
11
5.9249990551181098
21
-3.7439118503937006
0
LINE
8
BLACK
6
CONTINUOUS
10
5.9249990551181098
20
-3.7439118503937006
11
5.924885433070866
21
-3.7438462204724408
0
LINE
8
BLACK
6
CONTINUOUS
10
5.924885433070866
20
-3.7438462204724408
11
5.9245018897637793
21
-3.7437786220472442
0
LINE
8
BLACK
6
CONTINUOUS
10
5.9245018897637793
20
-3.7437786220472442
11
5.9239141732283462
21
-3.7432854724409448
0
LINE
8
BLACK
6
CONTINUOUS
10
5.9239141732283462
20
-3.7432854724409448
11
5.9232498818897632
21
-3.7429019291338581
0
LINE
8
BLACK
6
CONTINUOUS
10
5.9232498818897632
20
-3.7429019291338581
11
5.9231587401574801
21
-3.7426515748031495
0
LINE
8
BLACK
6
CONTINUOUS
10
5.9231587401574801
20
-3.7426515748031495
11
5.9229546456692912
21
-3.7424803149606301
0
LINE
8
BLACK
6
CONTINUOUS
10
5.9229546456692912
20
-3.7424803149606301
11
5.9228213779527561
21
-3.7417247244094489
0
LINE
8
BLACK
6
CONTINUOUS
10
5.9228213779527561
20
-3.7417247244094489
11
5.9225590551181098
21
-3.741003937007874
0
LINE
8
BLACK
6
CONTINUOUS
10
5.9225590551181098
20
-3.741003937007874
11
5.9225590551181098
21
-3.701003937007874
0
LINE
8
BLACK
6
CONTINUOUS
10
5.9225590551181098
20
-3.701003937007874
11
5.9227371259842521
21
-3.6999940157480316
0
LINE
8
BLACK
6
CONTINUOUS
10
5.9227371259842521
20
-3.6999940157480316
11
5.9240354330708662
21
-3.6984467716535434
0
LINE
8
BLACK
6
CONTINUOUS
10
5.9240354330708662
20
-3.6984467716535434
11
5.9260245669291338
21
-3.698096023622047
0
LINE
8
BLACK
6
CONTINUOUS
10
5.9260245669291338
20
-3.698096023622047
11
5.9277737401574804
21
-3.6991059448818895
0
LINE
8
BLACK
6
CONTINUOUS
10
5.9277737401574804
20
-3.6991059448818895
11
5.9284645669291338
21
-3.701003937007874
0
LINE
8
BLACK
6
CONTINUOUS
10
5.9284645669291338
20
-3.701003937007874
11
5.9284645669291338
21
-3.738051181102362
0
LINE
8
BLACK
6
CONTINUOUS
10
5.9284645669291338
20
-3.738051181102362
11
5.9825590551181103
21
-3.738051181102362
0
LINE
8
BLACK
6
CONTINUOUS
10
5.9825590551181103
20
-3.738051181102362
11
5.9825590551181103
21
-3.701003937007874
0
LINE
8
BLACK
6
CONTINUOUS
10
5.9825590551181103
20
-3.701003937007874
11
5.9827371259842517
21
-3.6999940157480316
0
LINE
8
BLACK
6
CONTINUOUS
10
5.9827371259842517
20
-3.6999940157480316
11
5.9840354330708658
21
-3.6984467716535434
0
LINE
8
BLACK
6
CONTINUOUS
10
5.9840354330708658
20
-3.6984467716535434
11
5.9860245669291334
21
-3.698096023622047
0
LINE
8
BLACK
6
CONTINUOUS
10
5.9860245669291334
20
-3.698096023622047
11
5.98777374015748
21
-3.6991059448818895
0
LINE
8
BLACK
6
CONTINUOUS
10
6.2127737401574805
20
-3.6991059448818895
11
6.213464566929134
21
-3.701003937007874
0
LINE
8
BLACK
6
CONTINUOUS
10
6.213464566929134
20
-3.701003937007874
11
6.213464566929134
21
-3.741003937007874
0
LINE
8
BLACK
6
CONTINUOUS
10
6.213464566929134
20
-3.741003937007874
11
6.2133969291338582
21
-3.741387440944882
0
LINE
8
BLACK
6
CONTINUOUS
10
6.2133969291338582
20
-3.741387440944882
11
6.2134197244094489
21
-3.7415166929133856
0
LINE
8
BLACK
6
CONTINUOUS
10
6.2134197244094489
20
-3.7415166929133856
11
6.2133540944881887
21
-3.7416302755905511
0
LINE
8
BLACK
6
CONTINUOUS
10
6.2133540944881887
20
-3.7416302755905511
11
6.2132864960629917
21
-3.7420138582677165
0
LINE
8
BLACK
6
CONTINUOUS
10
6.2132864960629917
20
-3.7420138582677165
11
6.2127933464566931
21
-3.7426015354330708
0
LINE
8
BLACK
6
CONTINUOUS
10
6.2127933464566931
20
-3.7426015354330708
11
6.2124098031496064
21
-3.7432658661417322
0
LINE
8
BLACK
6
CONTINUOUS
10
6.2124098031496064
20
-3.7432658661417322
11
6.2121594488188974
21
-3.743356968503937
0
LINE
8
BLACK
6
CONTINUOUS
10
6.2121594488188974
20
-3.743356968503937
11
6.2119881889763775
21
-3.7435611023622046
0
LINE
8
BLACK
6
CONTINUOUS
10
6.2119881889763775
20
-3.7435611023622046
11
6.2112325984251964
21
-3.7436943307086614
0
LINE
8
BLACK
6
CONTINUOUS
10
6.2112325984251964
20
-3.7436943307086614
11
6.2105118110236219
21
-3.7439566929133856
0
LINE
8
BLACK
6
CONTINUOUS
10
6.2105118110236219
20
-3.7439566929133856
11
6.1505118110236223
21
-3.7439566929133856
0
LINE
8
BLACK
6
CONTINUOUS
10
6.1505118110236223
20
-3.7439566929133856
11
6.1501282677165356
21
-3.7438890551181103
0
LINE
8
BLACK
6
CONTINUOUS
10
6.1501282677165356
20
-3.7438890551181103
11
6.1499990551181103
21
-3.7439118503937006
0
LINE
8
BLACK
6
CONTINUOUS
10
6.1499990551181103
20
-3.7439118503937006
11
6.1498854330708657
21
-3.7438462204724408
0
LINE
8
BLACK
6
CONTINUOUS
10
6.1498854330708657
20
-3.7438462204724408
11
6.149501889763779
21
-3.7437786220472442
0
LINE
8
BLACK
6
CONTINUOUS
10
6.149501889763779
20
-3.7437786220472442
11
6.1489141732283459
21
-3.7432854724409448
0
LINE
8
BLACK
6
CONTINUOUS
10
6.1489141732283459
20
-3.7432854724409448
11
6.1482498818897637
21
-3.7429019291338581
0
LINE
8
BLACK
6
CONTINUOUS
10
6.1482498818897637
20
-3.7429019291338581
11
6.1481587401574798
21
-3.7426515748031495
0
LINE
8
BLACK
6
CONTINUOUS
10
6.1481587401574798
20
-3.7426515748031495
11
6.1479546456692908
21
-3.7424803149606301
0
LINE
8
BLACK
6
CONTINUOUS
10
6.1479546456692908
20
-3.7424803149606301
11
6.1478213779527557
21
-3.7417247244094489
0
LINE
8
BLACK
6
CONTINUOUS
10
6.1478213779527557
20
-3.7417247244094489
11
6.1475590551181103
21
-3.741003937007874
0
LINE
8
BLACK
6
CONTINUOUS
10
6.1475590551181103
20
-3.741003937007874
11
6.1475590551181103
21
-3.701003937007874
0
LINE
8
BLACK
6
CONTINUOUS
10
6.1475590551181103
20
-3.701003937007874
11
6.1477371259842517
21
-3.6999940157480316
0
LINE
8
BLACK
6
CONTINUOUS
10
6.1477371259842517
20
-3.6999940157480316
11
6.1490354330708659
21
-3.6984467716535434
0
LINE
8
BLACK
6
CONTINUOUS
10
6.1490354330708659
20
-3.6984467716535434
11
6.1510245669291335
21
-3.698096023622047
0
LINE
8
BLACK
6
CONTINUOUS
10
6.1510245669291335
20
-3.698096023622047
11
6.15277374015748
21
-3.6991059448818895
0
LINE
8
BLACK
6
CONTINUOUS
10
6.15277374015748
20
-3.6991059448818895
11
6.1534645669291335
21
-3.701003937007874
0
LINE
8
BLACK
6
CONTINUOUS
10
6.1534645669291335
20
-3.701003937007874
11
6.1534645669291335
21
-3.738051181102362
0
LINE
8
BLACK
6
CONTINUOUS
10
6.1534645669291335
20
-3.738051181102362
11
6.2075590551181099
21
-3.738051181102362
0
LINE
8
BLACK
6
CONTINUOUS
10
6.2075590551181099
20
-3.738051181102362
11
6.2075590551181099
21
-3.701003937007874
0
LINE
8
BLACK
6
CONTINUOUS
10
6.2075590551181099
20
-3.701003937007874
11
6.2077371259842522
21
-3.6999940157480316
0
LINE
8
BLACK
6
CONTINUOUS
10
6.2077371259842522
20
-3.6999940157480316
11
6.2090354330708664
21
-3.6984467716535434
0
LINE
8
BLACK
6
CONTINUOUS
10
6.2090354330708664
20
-3.6984467716535434
11
6.211024566929134
21
-3.698096023622047
0
LINE
8
BLACK
6
CONTINUOUS
10
6.211024566929134
20
-3.698096023622047
11
6.2127737401574805
21
-3.6991059448818895
0
LINE
8
BLACK
6
CONTINUOUS
10
5.9809220472440945
20
-3.6962098425196848
11
5.9815517716535433
21
-3.6977301181102362
0
LINE
8
BLACK
6
CONTINUOUS
10
5.9815517716535433
20
-3.6977301181102362
11
5.9815517716535433
21
-3.7099253543307085
0
LINE
8
BLACK
6
CONTINUOUS
10
5.9815517716535433
20
-3.7099253543307085
11
5.9809220472440945
21
-3.7114456299212599
0
LINE
8
BLACK
6
CONTINUOUS
10
5.9809220472440945
20
-3.7114456299212599
11
5.979401771653543
21
-3.7120753543307088
0
LINE
8
BLACK
6
CONTINUOUS
10
5.979401771653543
20
-3.7120753543307088
11
5.9778814960629916
21
-3.7114456299212599
0
LINE
8
BLACK
6
CONTINUOUS
10
5.9778814960629916
20
-3.7114456299212599
11
5.9772517716535436
21
-3.7099253543307085
0
LINE
8
BLACK
6
CONTINUOUS
10
5.9772517716535436
20
-3.7099253543307085
11
5.9772517716535436
21
-3.7029206692913386
0
LINE
8
BLACK
6
CONTINUOUS
10
5.9772517716535436
20
-3.7029206692913386
11
5.9696649212598425
21
-3.710507559055118
0
LINE
8
BLACK
6
CONTINUOUS
10
5.9696649212598425
20
-3.710507559055118
11
5.9692025590551179
21
-3.71069905511811
0
LINE
8
BLACK
6
CONTINUOUS
10
5.9692025590551179
20
-3.71069905511811
11
5.968824488188976
21
-3.711026968503937
0
LINE
8
BLACK
6
CONTINUOUS
10
5.968824488188976
20
-3.711026968503937
11
5.9660102362204723
21
-3.7119650393700785
0
LINE
8
BLACK
6
CONTINUOUS
10
5.9660102362204723
20
-3.7119650393700785
11
5.9656572440944879
21
-3.7119399212598423
0
LINE
8
BLACK
6
CONTINUOUS
10
5.9656572440944879
20
-3.7119399212598423
11
5.9653303543307086
21
-3.7120753543307088
0
LINE
8
BLACK
6
CONTINUOUS
10
5.9653303543307086
20
-3.7120753543307088
11
5.9634541732283459
21
-3.7120753543307088
0
LINE
8
BLACK
6
CONTINUOUS
10
5.9634541732283459
20
-3.7120753543307088
11
5.9629918110236222
21
-3.7118838188976375
0
LINE
8
BLACK
6
CONTINUOUS
10
5.9629918110236222
20
-3.7118838188976375
11
5.9624927165354329
21
-3.7118483858267717
0
LINE
8
BLACK
6
CONTINUOUS
10
5.9624927165354329
20
-3.7118483858267717
11
5.9606164566929136
21
-3.7109103149606297
0
LINE
8
BLACK
6
CONTINUOUS
10
5.9606164566929136
20
-3.7109103149606297
11
5.9603845669291333
21
-3.7106429133858265
0
LINE
8
BLACK
6
CONTINUOUS
10
5.9603845669291333
20
-3.7106429133858265
11
5.9600576377952752
21
-3.7105075196850392
0
LINE
8
BLACK
6
CONTINUOUS
10
5.9600576377952752
20
-3.7105075196850392
11
5.9591195669291341
21
-3.709569409448819
0
LINE
8
BLACK
6
CONTINUOUS
10
5.9591195669291341
20
-3.709569409448819
11
5.9589841732283464
21
-3.7092425196850392
0
LINE
8
BLACK
6
CONTINUOUS
10
5.9589841732283464
20
-3.7092425196850392
11
5.9587168503937002
21
-3.7090107086614172
0
LINE
8
BLACK
6
CONTINUOUS
10
5.9587168503937002
20
-3.7090107086614172
11
5.9577787795275592
21
-3.707134527559055
0
LINE
8
BLACK
6
CONTINUOUS
10
5.9577787795275592
20
-3.707134527559055
11
5.957743267716535
21
-3.7066353543307087
0
LINE
8
BLACK
6
CONTINUOUS
10
5.957743267716535
20
-3.7066353543307087
11
5.9575517716535433
21
-3.7061729921259841
0
LINE
8
BLACK
6
CONTINUOUS
10
5.9575517716535433
20
-3.7061729921259841
11
5.9575517716535433
21
-3.7014825196850394
0
LINE
8
BLACK
6
CONTINUOUS
10
5.9575517716535433
20
-3.7014825196850394
11
5.957743267716535
21
-3.701020118110236
0
LINE
8
BLACK
6
CONTINUOUS
10
5.957743267716535
20
-3.701020118110236
11
5.9577787795275592
21
-3.7005209842519684
0
LINE
8
BLACK
6
CONTINUOUS
10
5.9577787795275592
20
-3.7005209842519684
11
5.9587168503937002
21
-3.6986448031496062
0
LINE
8
BLACK
6
CONTINUOUS
10
5.9587168503937002
20
-3.6986448031496062
11
5.9589841732283464
21
-3.6984129527559055
0
LINE
8
BLACK
6
CONTINUOUS
10
5.9589841732283464
20
-3.6984129527559055
11
5.9591195669291341
21
-3.6980861023622045
0
LINE
8
BLACK
6
CONTINUOUS
10
5.9591195669291341
20
-3.6980861023622045
11
5.9600576377952752
21
-3.6971479921259842
0
LINE
8
BLACK
6
CONTINUOUS
10
5.9600576377952752
20
-3.6971479921259842
11
5.9615779133858267
21
-3.6965182283464566
0
LINE
8
BLACK
6
CONTINUOUS
10
5.9615779133858267
20
-3.6965182283464566
11
5.9630981889763781
21
-3.6971479133858267
0
LINE
8
BLACK
6
CONTINUOUS
10
5.9630981889763781
20
-3.6971479133858267
11
5.9637279527559057
21
-3.6986681889763777
0
LINE
8
BLACK
6
CONTINUOUS
10
5.9637279527559057
20
-3.6986681889763777
11
5.9630982677165356
21
-3.7001884645669292
0
LINE
8
BLACK
6
CONTINUOUS
10
5.9630982677165356
20
-3.7001884645669292
11
5.9624068503937009
21
-3.7008798818897639
0
LINE
8
BLACK
6
CONTINUOUS
10
5.9624068503937009
20
-3.7008798818897639
11
5.9618517716535431
21
-3.7019900393700786
0
LINE
8
BLACK
6
CONTINUOUS
10
5.9618517716535431
20
-3.7019900393700786
11
5.9618517716535431
21
-3.705665433070866
0
LINE
8
BLACK
6
CONTINUOUS
10
5.9618517716535431
20
-3.705665433070866
11
5.9624068503937009
21
-3.7067755905511812
0
LINE
8
BLACK
6
CONTINUOUS
10
5.9624068503937009
20
-3.7067755905511812
11
5.9628514960629921
21
-3.7072202362204725
0
LINE
8
BLACK
6
CONTINUOUS
10
5.9628514960629921
20
-3.7072202362204725
11
5.9639617322834644
21
-3.7077753543307086
0
LINE
8
BLACK
6
CONTINUOUS
10
5.9639617322834644
20
-3.7077753543307086
11
5.9649814173228348
21
-3.7077753543307086
0
LINE
8
BLACK
6
CONTINUOUS
10
5.9649814173228348
20
-3.7077753543307086
11
5.9669832677165351
21
-3.7071080708661417
0
LINE
8
BLACK
6
CONTINUOUS
10
5.9669832677165351
20
-3.7071080708661417
11
5.9778814960629916
21
-3.6962098425196848
0
LINE
8
BLACK
6
CONTINUOUS
10
5.9778814960629916
20
-3.6962098425196848
11
5.979401771653543
21
-3.6955801181102363
0
LINE
8
BLACK
6
CONTINUOUS
10
5.979401771653543
20
-3.6955801181102363
11
5.9809220472440945
21
-3.6962098425196848
0
LINE
8
BLACK
6
CONTINUOUS
10
6.2059220472440941
20
-3.6962098425196848
11
6.206551771653543
21
-3.6977301181102362
0
LINE
8
BLACK
6
CONTINUOUS
10
6.206551771653543
20
-3.6977301181102362
11
6.206551771653543
21
-3.7099253543307085
0
LINE
8
BLACK
6
CONTINUOUS
10
6.206551771653543
20
-3.7099253543307085
11
6.2059220472440941
21
-3.7114456299212599
0
LINE
8
BLACK
6
CONTINUOUS
10
6.2059220472440941
20
-3.7114456299212599
11
6.2044017716535436
21
-3.7120753543307088
0
LINE
8
BLACK
6
CONTINUOUS
10
6.2044017716535436
20
-3.7120753543307088
11
6.2028814960629921
21
-3.7114456299212599
0
LINE
8
BLACK
6
CONTINUOUS
10
6.2028814960629921
20
-3.7114456299212599
11
6.2022517716535432
21
-3.7099253543307085
0
LINE
8
BLACK
6
CONTINUOUS
10
6.2022517716535432
20
-3.7099253543307085
11
6.2022517716535432
21
-3.7029206692913386
0
LINE
8
BLACK
6
CONTINUOUS
10
6.2022517716535432
20
-3.7029206692913386
11
6.1946649212598421
21
-3.710507559055118
0
LINE
8
BLACK
6
CONTINUOUS
10
6.1946649212598421
20
-3.710507559055118
11
6.1942025590551184
21
-3.71069905511811
0
LINE
8
BLACK
6
CONTINUOUS
10
6.1942025590551184
20
-3.71069905511811
11
6.1938244881889766
21
-3.711026968503937
0
LINE
8
BLACK
6
CONTINUOUS
10
6.1938244881889766
20
-3.711026968503937
11
6.191010236220472
21
-3.7119650393700785
0
LINE
8
BLACK
6
CONTINUOUS
10
6.191010236220472
20
-3.7119650393700785
11
6.1906572440944885
21
-3.7119399212598423
0
LINE
8
BLACK
6
CONTINUOUS
10
6.1906572440944885
20
-3.7119399212598423
11
6.1903303543307082
21
-3.7120753543307088
0
LINE
8
BLACK
6
CONTINUOUS
10
6.1903303543307082
20
-3.7120753543307088
11
6.1884541732283465
21
-3.7120753543307088
0
LINE
8
BLACK
6
CONTINUOUS
10
6.1884541732283465
20
-3.7120753543307088
11
6.1879918110236218
21
-3.7118838188976375
0
LINE
8
BLACK
6
CONTINUOUS
10
6.1879918110236218
20
-3.7118838188976375
11
6.1874927165354325
21
-3.7118483858267717
0
LINE
8
BLACK
6
CONTINUOUS
10
6.1874927165354325
20
-3.7118483858267717
11
6.1856164566929133
21
-3.7109103149606297
0
LINE
8
BLACK
6
CONTINUOUS
10
6.1856164566929133
20
-3.7109103149606297
11
6.1853845669291339
21
-3.7106429133858265
0
LINE
8
BLACK
6
CONTINUOUS
10
6.1853845669291339
20
-3.7106429133858265
11
6.1850576377952757
21
-3.7105075196850392
0
LINE
8
BLACK
6
CONTINUOUS
10
6.1850576377952757
20
-3.7105075196850392
11
6.1841195669291338
21
-3.709569409448819
0
LINE
8
BLACK
6
CONTINUOUS
10
6.1841195669291338
20
-3.709569409448819
11
6.183984173228346
21
-3.7092425196850392
0
LINE
8
BLACK
6
CONTINUOUS
10
6.183984173228346
20
-3.7092425196850392
11
6.1837168503937008
21
-3.7090107086614172
0
LINE
8
BLACK
6
CONTINUOUS
10
6.1837168503937008
20
-3.7090107086614172
11
6.1827787795275588
21
-3.707134527559055
0
LINE
8
BLACK
6
CONTINUOUS
10
6.1827787795275588
20
-3.707134527559055
11
6.1827432677165355
21
-3.7066353543307087
0
LINE
8
BLACK
6
CONTINUOUS
10
6.1827432677165355
20
-3.7066353543307087
11
6.182551771653543
21
-3.7061729921259841
0
LINE
8
BLACK
6
CONTINUOUS
10
6.182551771653543
20
-3.7061729921259841
11
6.182551771653543
21
-3.7014825196850394
0
LINE
8
BLACK
6
CONTINUOUS
10
6.182551771653543
20
-3.7014825196850394
11
6.1827432677165355
21
-3.701020118110236
0
LINE
8
BLACK
6
CONTINUOUS
10
6.1827432677165355
20
-3.701020118110236
11
6.1827787795275588
21
-3.7005209842519684
0
LINE
8
BLACK
6
CONTINUOUS
10
6.1827787795275588
20
-3.7005209842519684
11
6.1837168503937008
21
-3.6986448031496062
0
LINE
8
BLACK
6
CONTINUOUS
10
6.1837168503937008
20
-3.6986448031496062
11
6.183984173228346
21
-3.6984129527559055
0
LINE
8
BLACK
6
CONTINUOUS
10
6.183984173228346
20
-3.6984129527559055
11
6.1841195669291338
21
-3.6980861023622045
0
LINE
8
BLACK
6
CONTINUOUS
10
6.1841195669291338
20
-3.6980861023622045
11
6.1850576377952757
21
-3.6971479921259842
0
LINE
8
BLACK
6
CONTINUOUS
10
6.1850576377952757
20
-3.6971479921259842
11
6.1865779133858263
21
-3.6965182283464566
0
LINE
8
BLACK
6
CONTINUOUS
10
6.1865779133858263
20
-3.6965182283464566
11
6.1880981889763778
21
-3.6971479133858267
0
LINE
8
BLACK
6
CONTINUOUS
10
6.1880981889763778
20
-3.6971479133858267
11
6.1887279527559054
21
-3.6986681889763777
0
LINE
8
BLACK
6
CONTINUOUS
10
6.1887279527559054
20
-3.6986681889763777
11
6.1880982677165353
21
-3.7001884645669292
0
LINE
8
BLACK
6
CONTINUOUS
10
6.1880982677165353
20
-3.7001884645669292
11
6.1874068503937005
21
-3.7008798818897639
0
LINE
8
BLACK
6
CONTINUOUS
10
6.1874068503937005
20
-3.7008798818897639
11
6.1868517716535436
21
-3.7019900393700786
0
LINE
8
BLACK
6
CONTINUOUS
10
6.1868517716535436
20
-3.7019900393700786
11
6.1868517716535436
21
-3.705665433070866
0
LINE
8
BLACK
6
CONTINUOUS
10
6.1868517716535436
20
-3.705665433070866
11
6.1874068503937005
21
-3.7067755905511812
0
LINE
8
BLACK
6
CONTINUOUS
10
6.1874068503937005
20
-3.7067755905511812
11
6.1878514960629918
21
-3.7072202362204725
0
LINE
8
BLACK
6
CONTINUOUS
10
6.1878514960629918
20
-3.7072202362204725
11
6.188961732283464
21
-3.7077753543307086
0
LINE
8
BLACK
6
CONTINUOUS
10
6.188961732283464
20
-3.7077753543307086
11
6.1899814173228345
21
-3.7077753543307086
0
LINE
8
BLACK
6
CONTINUOUS
10
6.1899814173228345
20
-3.7077753543307086
11
6.1919832677165356
21
-3.7071080708661417
0
LINE
8
BLACK
6
CONTINUOUS
10
6.1919832677165356
20
-3.7071080708661417
11
6.2028814960629921
21
-3.6962098425196848
0
LINE
8
BLACK
6
CONTINUOUS
10
6.2028814960629921
20
-3.6962098425196848
11
6.2044017716535436
21
-3.6955801181102363
0
LINE
8
BLACK
6
CONTINUOUS
10
6.2044017716535436
20
-3.6955801181102363
11
6.2059220472440941
21
-3.6962098425196848
0
LINE
8
BLACK
6
CONTINUOUS
10
6.169648858267716
20
-3.6925605905511811
11
6.1699184645669289
21
-3.6925205118110234
0
LINE
8
BLACK
6
CONTINUOUS
10
6.1699184645669289
20
-3.6925205118110234
11
6.1736708661417321
21
-3.6934585826771653
0
LINE
8
BLACK
6
CONTINUOUS
10
6.1736708661417321
20
-3.6934585826771653
11
6.1738672047244094
21
-3.6936040551181102
0
LINE
8
BLACK
6
CONTINUOUS
10
6.1738672047244094
20
-3.6936040551181102
11
6.1741109055118111
21
-3.693621377952756
0
LINE
8
BLACK
6
CONTINUOUS
10
6.1741109055118111
20
-3.693621377952756
11
6.1759870866141728
21
-3.6945594488188975
0
LINE
8
BLACK
6
CONTINUOUS
10
6.1759870866141728
20
-3.6945594488188975
11
6.1762189370078735
21
-3.6948267716535432
0
LINE
8
BLACK
6
CONTINUOUS
10
6.1762189370078735
20
-3.6948267716535432
11
6.1765458661417325
21
-3.6949622047244093
0
LINE
8
BLACK
6
CONTINUOUS
10
6.1765458661417325
20
-3.6949622047244093
11
6.1774839763779523
21
-3.69590031496063
0
LINE
8
BLACK
6
CONTINUOUS
10
6.1774839763779523
20
-3.69590031496063
11
6.1776193700787401
21
-3.6962272047244094
0
LINE
8
BLACK
6
CONTINUOUS
10
6.1776193700787401
20
-3.6962272047244094
11
6.1778867322834641
21
-3.6964590944881888
0
LINE
8
BLACK
6
CONTINUOUS
10
6.1778867322834641
20
-3.6964590944881888
11
6.178824803149606
21
-3.698335275590551
0
LINE
8
BLACK
6
CONTINUOUS
10
6.178824803149606
20
-3.698335275590551
11
6.1788602362204719
21
-3.698834409448819
0
LINE
8
BLACK
6
CONTINUOUS
10
6.1788602362204719
20
-3.698834409448819
11
6.1790517716535431
21
-3.6992967716535432
0
LINE
8
BLACK
6
CONTINUOUS
10
6.1790517716535431
20
-3.6992967716535432
11
6.1790517716535431
21
-3.7011729527559054
0
LINE
8
BLACK
6
CONTINUOUS
10
6.1790517716535431
20
-3.7011729527559054
11
6.1788602362204719
21
-3.7016352755905513
0
LINE
8
BLACK
6
CONTINUOUS
10
6.1788602362204719
20
-3.7016352755905513
11
6.178824803149606
21
-3.7021344094488189
0
LINE
8
BLACK
6
CONTINUOUS
10
6.178824803149606
20
-3.7021344094488189
11
6.1778867322834641
21
-3.7040106692913386
0
LINE
8
BLACK
6
CONTINUOUS
10
6.1778867322834641
20
-3.7040106692913386
11
6.1776193307086613
21
-3.7042425196850393
0
LINE
8
BLACK
6
CONTINUOUS
10
6.1776193307086613
20
-3.7042425196850393
11
6.1774839370078736
21
-3.7045694881889761
0
LINE
8
BLACK
6
CONTINUOUS
10
6.1774839370078736
20
-3.7045694881889761
11
6.1765458267716538
21
-3.7055075590551181
0
LINE
8
BLACK
6
CONTINUOUS
10
6.1765458267716538
20
-3.7055075590551181
11
6.1762189370078735
21
-3.7056429133858266
0
LINE
8
BLACK
6
CONTINUOUS
10
6.1762189370078735
20
-3.7056429133858266
11
6.1759871259842516
21
-3.7059102755905511
0
LINE
8
BLACK
6
CONTINUOUS
10
6.1759871259842516
20
-3.7059102755905511
11
6.1741109448818898
21
-3.706848346456693
0
LINE
8
BLACK
6
CONTINUOUS
10
6.1741109448818898
20
-3.706848346456693
11
6.1738672047244094
21
-3.7068656692913384
0
LINE
8
BLACK
6
CONTINUOUS
10
6.1738672047244094
20
-3.7068656692913384
11
6.1736708267716534
21
-3.7070111811023621
0
LINE
8
BLACK
6
CONTINUOUS
10
6.1736708267716534
20
-3.7070111811023621
11
6.1699184251968502
21
-3.707949251968504
0
LINE
8
BLACK
6
CONTINUOUS
10
6.1699184251968502
20
-3.707949251968504
11
6.1696487795275585
21
-3.7079090944881887
0
LINE
8
BLACK
6
CONTINUOUS
10
6.1696487795275585
20
-3.7079090944881887
11
6.1693970078740152
21
-3.7080134251968504
0
LINE
8
BLACK
6
CONTINUOUS
10
6.1693970078740152
20
-3.7080134251968504
11
6.164706535433071
21
-3.7080134251968504
0
LINE
8
BLACK
6
CONTINUOUS
10
6.164706535433071
20
-3.7080134251968504
11
6.1644546850393702
21
-3.7079090944881887
0
LINE
8
BLACK
6
CONTINUOUS
10
6.1644546850393702
20
-3.7079090944881887
11
6.1641850787401573
21
-3.707949251968504
0
LINE
8
BLACK
6
CONTINUOUS
10
6.1641850787401573
20
-3.707949251968504
11
6.1604327165354329
21
-3.7070111811023621
0
LINE
8
BLACK
6
CONTINUOUS
10
6.1604327165354329
20
-3.7070111811023621
11
6.1602363385826768
21
-3.7068656692913384
0
LINE
8
BLACK
6
CONTINUOUS
10
6.1602363385826768
20
-3.7068656692913384
11
6.1599926771653539
21
-3.7068483858267718
0
LINE
8
BLACK
6
CONTINUOUS
10
6.1599926771653539
20
-3.7068483858267718
11
6.1581164566929134
21
-3.7059102755905511
0
LINE
8
BLACK
6
CONTINUOUS
10
6.1581164566929134
20
-3.7059102755905511
11
6.157884566929134
21
-3.7056429133858266
0
LINE
8
BLACK
6
CONTINUOUS
10
6.157884566929134
20
-3.7056429133858266
11
6.1575576771653546
21
-3.7055075196850393
0
LINE
8
BLACK
6
CONTINUOUS
10
6.1575576771653546
20
-3.7055075196850393
11
6.1566196062992127
21
-3.7045694488188974
0
LINE
8
BLACK
6
CONTINUOUS
10
6.1566196062992127
20
-3.7045694488188974
11
6.1564841732283462
21
-3.7042425196850393
0
LINE
8
BLACK
6
CONTINUOUS
10
6.1564841732283462
20
-3.7042425196850393
11
6.1562168503937009
21
-3.7040106692913386
0
LINE
8
BLACK
6
CONTINUOUS
10
6.1562168503937009
20
-3.7040106692913386
11
6.1552787401574802
21
-3.7021344488188976
0
LINE
8
BLACK
6
CONTINUOUS
10
6.1552787401574802
20
-3.7021344488188976
11
6.1552432677165356
21
-3.7016352755905513
0
LINE
8
BLACK
6
CONTINUOUS
10
6.1552432677165356
20
-3.7016352755905513
11
6.1550517716535431
21
-3.7011729527559054
0
LINE
8
BLACK
6
CONTINUOUS
10
6.1550517716535431
20
-3.7011729527559054
11
6.1550517716535431
21
-3.6992967716535432
0
LINE
8
BLACK
6
CONTINUOUS
10
6.1550517716535431
20
-3.6992967716535432
11
6.1552432677165356
21
-3.6988343700787403
0
LINE
8
BLACK
6
CONTINUOUS
10
6.1552432677165356
20
-3.6988343700787403
11
6.155278779527559
21
-3.6983352362204722
0
LINE
8
BLACK
6
CONTINUOUS
10
6.155278779527559
20
-3.6983352362204722
11
6.1562168503937009
21
-3.69645905511811
0
LINE
8
BLACK
6
CONTINUOUS
10
6.1562168503937009
20
-3.69645905511811
11
6.1564841732283462
21
-3.6962272047244094
0
LINE
8
BLACK
6
CONTINUOUS
10
6.1564841732283462
20
-3.6962272047244094
11
6.1566195669291339
21
-3.6959003543307087
0
LINE
8
BLACK
6
CONTINUOUS
10
6.1566195669291339
20
-3.6959003543307087
11
6.1575576377952759
21
-3.694962244094488
0
LINE
8
BLACK
6
CONTINUOUS
10
6.1575576377952759
20
-3.694962244094488
11
6.157884566929134
21
-3.694826811023622
0
LINE
8
BLACK
6
CONTINUOUS
10
6.157884566929134
20
-3.694826811023622
11
6.1581164566929134
21
-3.6945594488188975
0
LINE
8
BLACK
6
CONTINUOUS
10
6.1581164566929134
20
-3.6945594488188975
11
6.1599927165354327
21
-3.693621377952756
0
LINE
8
BLACK
6
CONTINUOUS
10
6.1599927165354327
20
-3.693621377952756
11
6.1602364173228343
21
-3.6936040551181102
0
LINE
8
BLACK
6
CONTINUOUS
10
6.1602364173228343
20
-3.6936040551181102
11
6.1604327165354329
21
-3.6934586220472441
0
LINE
8
BLACK
6
CONTINUOUS
10
6.1604327165354329
20
-3.6934586220472441
11
6.1641850393700786
21
-3.6925205118110234
0
LINE
8
BLACK
6
CONTINUOUS
10
6.1641850393700786
20
-3.6925205118110234
11
6.1644546456692915
21
-3.6925605905511811
0
LINE
8
BLACK
6
CONTINUOUS
10
6.1644546456692915
20
-3.6925605905511811
11
6.164706535433071
21
-3.6924562992125982
0
LINE
8
BLACK
6
CONTINUOUS
10
6.164706535433071
20
-3.6924562992125982
11
6.1693970078740152
21
-3.6924562992125982
0
LINE
8
BLACK
6
CONTINUOUS
10
6.1693970078740152
20
-3.6924562992125982
11
6.169648858267716
21
-3.6925605905511811
0
LINE
8
BLACK
6
CONTINUOUS
10
6.1617046456692908
20
-3.6975729133858266
11
6.1603514960629919
21
-3.6982494881889765
0
LINE
8
BLACK
6
CONTINUOUS
10
6.1603514960629919
20
-3.6982494881889765
11
6.1599068503937007
21
-3.6986941338582677
0
LINE
8
BLACK
6
CONTINUOUS
10
6.1599068503937007
20
-3.6986941338582677
11
6.1593517716535429
21
-3.6998042913385825
0
LINE
8
BLACK
6
CONTINUOUS
10
6.1593517716535429
20
-3.6998042913385825
11
6.1593517716535429
21
-3.7006653937007874
0
LINE
8
BLACK
6
CONTINUOUS
10
6.1593517716535429
20
-3.7006653937007874
11
6.1599068897637794
21
-3.7017756299212596
0
LINE
8
BLACK
6
CONTINUOUS
10
6.1599068897637794
20
-3.7017756299212596
11
6.1603514960629919
21
-3.7022202362204721
0
LINE
8
BLACK
6
CONTINUOUS
10
6.1603514960629919
20
-3.7022202362204721
11
6.1617044881889766
21
-3.7028967322834645
0
LINE
8
BLACK
6
CONTINUOUS
10
6.1617044881889766
20
-3.7028967322834645
11
6.1649712598425195
21
-3.7037134251968502
0
LINE
8
BLACK
6
CONTINUOUS
10
6.1649712598425195
20
-3.7037134251968502
11
6.1691322834645668
21
-3.7037134251968502
0
LINE
8
BLACK
6
CONTINUOUS
10
6.1691322834645668
20
-3.7037134251968502
11
6.1723990944881892
21
-3.7028966929133857
0
LINE
8
BLACK
6
CONTINUOUS
10
6.1723990944881892
20
-3.7028966929133857
11
6.1737520078740156
21
-3.7022202362204721
0
LINE
8
BLACK
6
CONTINUOUS
10
6.1737520078740156
20
-3.7022202362204721
11
6.1741966535433068
21
-3.7017755905511809
0
LINE
8
BLACK
6
CONTINUOUS
10
6.1741966535433068
20
-3.7017755905511809
11
6.1747517716535434
21
-3.7006653937007874
0
LINE
8
BLACK
6
CONTINUOUS
10
6.1747517716535434
20
-3.7006653937007874
11
6.1747517716535434
21
-3.6998042913385825
0
LINE
8
BLACK
6
CONTINUOUS
10
6.1747517716535434
20
-3.6998042913385825
11
6.1741966535433068
21
-3.698694094488189
0
LINE
8
BLACK
6
CONTINUOUS
10
6.1741966535433068
20
-3.698694094488189
11
6.1737520472440943
21
-3.6982494881889765
0
LINE
8
BLACK
6
CONTINUOUS
10
6.1737520472440943
20
-3.6982494881889765
11
6.1723988976377955
21
-3.6975729133858266
0
LINE
8
BLACK
6
CONTINUOUS
10
6.1723988976377955
20
-3.6975729133858266
11
6.169132401574803
21
-3.6967562992125984
0
LINE
8
BLACK
6
CONTINUOUS
10
6.169132401574803
20
-3.6967562992125984
11
6.1649712992125982
21
-3.6967562992125984
0
LINE
8
BLACK
6
CONTINUOUS
10
6.1649712992125982
20
-3.6967562992125984
11
6.1617046456692908
21
-3.6975729133858266
0
LINE
8
BLACK
6
CONTINUOUS
10
5.9411070078740158
20
-3.6832668503937005
11
5.9416061811023617
21
-3.6833023622047243
0
LINE
8
BLACK
6
CONTINUOUS
10
5.9416061811023617
20
-3.6833023622047243
11
5.9434823622047244
21
-3.6842404330708662
0
LINE
8
BLACK
6
CONTINUOUS
10
5.9434823622047244
20
-3.6842404330708662
11
5.9437141732283463
21
-3.6845077559055119
0
LINE
8
BLACK
6
CONTINUOUS
10
5.9437141732283463
20
-3.6845077559055119
11
5.9440410629921256
21
-3.6846431496062992
0
LINE
8
BLACK
6
CONTINUOUS
10
5.9440410629921256
20
-3.6846431496062992
11
5.9449791732283463
21
-3.6855812204724407
0
LINE
8
BLACK
6
CONTINUOUS
10
5.9449791732283463
20
-3.6855812204724407
11
5.9451145669291341
21
-3.6859081496062993
0
LINE
8
BLACK
6
CONTINUOUS
10
5.9451145669291341
20
-3.6859081496062993
11
5.9453819685039369
21
-3.6861400393700787
0
LINE
8
BLACK
6
CONTINUOUS
10
5.9453819685039369
20
-3.6861400393700787
11
5.9463200393700788
21
-3.6880162204724409
0
LINE
8
BLACK
6
CONTINUOUS
10
5.9463200393700788
20
-3.6880162204724409
11
5.9463554724409446
21
-3.6885153543307085
0
LINE
8
BLACK
6
CONTINUOUS
10
5.9463554724409446
20
-3.6885153543307085
11
5.9465470078740159
21
-3.6889777165354332
0
LINE
8
BLACK
6
CONTINUOUS
10
5.9465470078740159
20
-3.6889777165354332
11
5.9465470078740159
21
-3.6927301181102363
0
LINE
8
BLACK
6
CONTINUOUS
10
5.9465470078740159
20
-3.6927301181102363
11
5.9463554724409446
21
-3.6931924409448817
0
LINE
8
BLACK
6
CONTINUOUS
10
5.9463554724409446
20
-3.6931924409448817
11
5.9463302362204722
21
-3.6935477952755904
0
LINE
8
BLACK
6
CONTINUOUS
10
5.9463302362204722
20
-3.6935477952755904
11
5.9486559055118109
21
-3.6919973228346454
0
LINE
8
BLACK
6
CONTINUOUS
10
5.9486559055118109
20
-3.6919973228346454
11
5.9491966535433072
21
-3.6914565748031496
0
LINE
8
BLACK
6
CONTINUOUS
10
5.9491966535433072
20
-3.6914565748031496
11
5.9497517716535429
21
-3.6903463779527557
0
LINE
8
BLACK
6
CONTINUOUS
10
5.9497517716535429
20
-3.6903463779527557
11
5.9497517716535429
21
-3.687101535433071
0
LINE
8
BLACK
6
CONTINUOUS
10
5.9497517716535429
20
-3.687101535433071
11
5.9503814960629917
21
-3.6855812598425195
0
LINE
8
BLACK
6
CONTINUOUS
10
5.9503814960629917
20
-3.6855812598425195
11
5.9519017716535432
21
-3.6849515354330706
0
LINE
8
BLACK
6
CONTINUOUS
10
5.9519017716535432
20
-3.6849515354330706
11
5.9534220472440946
21
-3.6855812598425195
0
LINE
8
BLACK
6
CONTINUOUS
10
5.9534220472440946
20
-3.6855812598425195
11
5.9540517716535435
21
-3.687101535433071
0
LINE
8
BLACK
6
CONTINUOUS
10
5.9540517716535435
20
-3.687101535433071
11
5.9540517716535435
21
-3.6908539370078741
0
LINE
8
BLACK
6
CONTINUOUS
10
5.9540517716535435
20
-3.6908539370078741
11
5.9538602362204722
21
-3.6913162598425195
0
LINE
8
BLACK
6
CONTINUOUS
10
5.9538602362204722
20
-3.6913162598425195
11
5.9538248031496064
21
-3.6918154330708659
0
LINE
8
BLACK
6
CONTINUOUS
10
5.9538248031496064
20
-3.6918154330708659
11
5.9528867322834644
21
-3.6936916141732281
0
LINE
8
BLACK
6
CONTINUOUS
10
5.9528867322834644
20
-3.6936916141732281
11
5.9526193700787404
21
-3.6939234645669292
0
LINE
8
BLACK
6
CONTINUOUS
10
5.9526193700787404
20
-3.6939234645669292
11
5.9524839763779527
21
-3.6942503937007873
0
LINE
8
BLACK
6
CONTINUOUS
10
5.9524839763779527
20
-3.6942503937007873
11
5.951545866141732
21
-3.6951885039370076
0
LINE
8
BLACK
6
CONTINUOUS
10
5.951545866141732
20
-3.6951885039370076
11
5.9513413385826768
21
-3.6952731889763779
0
LINE
8
BLACK
6
CONTINUOUS
10
5.9513413385826768
20
-3.6952731889763779
11
5.9512181889763776
21
-3.6954571259842517
0
LINE
8
BLACK
6
CONTINUOUS
10
5.9512181889763776
20
-3.6954571259842517
11
5.9484038976377951
21
-3.6973333070866139
0
LINE
8
BLACK
6
CONTINUOUS
10
5.9484038976377951
20
-3.6973333070866139
11
5.9480349606299212
21
-3.6974062598425195
0
LINE
8
BLACK
6
CONTINUOUS
10
5.9480349606299212
20
-3.6974062598425195
11
5.947732716535433
21
-3.6976302362204723
0
LINE
8
BLACK
6
CONTINUOUS
10
5.947732716535433
20
-3.6976302362204723
11
5.9439803937007873
21
-3.6985683070866142
0
LINE
8
BLACK
6
CONTINUOUS
10
5.9439803937007873
20
-3.6985683070866142
11
5.9437107480314957
21
-3.6985281496062989
0
LINE
8
BLACK
6
CONTINUOUS
10
5.9437107480314957
20
-3.6985281496062989
11
5.9434589370078736
21
-3.6986324803149606
0
LINE
8
BLACK
6
CONTINUOUS
10
5.9434589370078736
20
-3.6986324803149606
11
5.9359541732283461
21
-3.6986324803149606
0
LINE
8
BLACK
6
CONTINUOUS
10
5.9359541732283461
20
-3.6986324803149606
11
5.9354918110236223
21
-3.6984409448818898
0
LINE
8
BLACK
6
CONTINUOUS
10
5.9354918110236223
20
-3.6984409448818898
11
5.934992716535433
21
-3.6984055118110235
0
LINE
8
BLACK
6
CONTINUOUS
10
5.934992716535433
20
-3.6984055118110235
11
5.9331164566929129
21
-3.697467440944882
0
LINE
8
BLACK
6
CONTINUOUS
10
5.9331164566929129
20
-3.697467440944882
11
5.9328845669291335
21
-3.6972000393700788
0
LINE
8
BLACK
6
CONTINUOUS
10
5.9328845669291335
20
-3.6972000393700788
11
5.9325576377952753
21
-3.697064645669291
0
LINE
8
BLACK
6
CONTINUOUS
10
5.9325576377952753
20
-3.697064645669291
11
5.9316195669291334
21
-3.6961265354330708
0
LINE
8
BLACK
6
CONTINUOUS
10
5.9316195669291334
20
-3.6961265354330708
11
5.9314841732283465
21
-3.6957996456692914
0
LINE
8
BLACK
6
CONTINUOUS
10
5.9314841732283465
20
-3.6957996456692914
11
5.9312168503937004
21
-3.6955678346456691
0
LINE
8
BLACK
6
CONTINUOUS
10
5.9312168503937004
20
-3.6955678346456691
11
5.9302787795275593
21
-3.6936916535433069
0
LINE
8
BLACK
6
CONTINUOUS
10
5.9302787795275593
20
-3.6936916535433069
11
5.9302432677165351
21
-3.6931924803149605
0
LINE
8
BLACK
6
CONTINUOUS
10
5.9302432677165351
20
-3.6931924803149605
11
5.9300517716535435
21
-3.6927301181102363
0
LINE
8
BLACK
6
CONTINUOUS
10
5.9300517716535435
20
-3.6927301181102363
11
5.9300517716535435
21
-3.6889777165354332
0
LINE
8
BLACK
6
CONTINUOUS
10
5.9300517716535435
20
-3.6889777165354332
11
5.9302432677165351
21
-3.6885153149606298
0
LINE
8
BLACK
6
CONTINUOUS
10
5.9302432677165351
20
-3.6885153149606298
11
5.9302787795275593
21
-3.6880161811023622
0
LINE
8
BLACK
6
CONTINUOUS
10
5.9302787795275593
20
-3.6880161811023622
11
5.9312168503937004
21
-3.68614
0
LINE
8
BLACK
6
CONTINUOUS
10
5.9312168503937004
20
-3.68614
11
5.9314841732283465
21
-3.6859081102362206
0
LINE
8
BLACK
6
CONTINUOUS
10
5.9314841732283465
20
-3.6859081102362206
11
5.9316196062992121
21
-3.6855812598425195
0
LINE
8
BLACK
6
CONTINUOUS
10
5.9316196062992121
20
-3.6855812598425195
11
5.9325576771653541
21
-3.684643188976378
0
LINE
8
BLACK
6
CONTINUOUS
10
5.9325576771653541
20
-3.684643188976378
11
5.9328845669291335
21
-3.6845077559055119
0
LINE
8
BLACK
6
CONTINUOUS
10
5.9328845669291335
20
-3.6845077559055119
11
5.9331164566929129
21
-3.6842404330708662
0
LINE
8
BLACK
6
CONTINUOUS
10
5.9331164566929129
20
-3.6842404330708662
11
5.9349926771653543
21
-3.6833023228346455
0
LINE
8
BLACK
6
CONTINUOUS
10
5.9349926771653543
20
-3.6833023228346455
11
5.9354918110236223
21
-3.6832668503937005
0
LINE
8
BLACK
6
CONTINUOUS
10
5.9354918110236223
20
-3.6832668503937005
11
5.9359541732283461
21
-3.6830753543307084
0
LINE
8
BLACK
6
CONTINUOUS
10
5.9359541732283461
20
-3.6830753543307084
11
5.9406446456692912
21
-3.6830753543307084
0
LINE
8
BLACK
6
CONTINUOUS
10
5.9406446456692912
20
-3.6830753543307084
11
5.9411070078740158
21
-3.6832668503937005
0
LINE
8
BLACK
6
CONTINUOUS
10
5.9353514960629923
20
-3.6879304724409447
11
5.9349068110236223
21
-3.688375118110236
0
LINE
8
BLACK
6
CONTINUOUS
10
5.9349068110236223
20
-3.688375118110236
11
5.9343517716535432
21
-3.6894852362204724
0
LINE
8
BLACK
6
CONTINUOUS
10
5.9343517716535432
20
-3.6894852362204724
11
5.9343517716535432
21
-3.6922225590551179
0
LINE
8
BLACK
6
CONTINUOUS
10
5.9343517716535432
20
-3.6922225590551179
11
5.934906850393701
21
-3.693332716535433
0
LINE
8
BLACK
6
CONTINUOUS
10
5.934906850393701
20
-3.693332716535433
11
5.9353514960629923
21
-3.6937773622047243
0
LINE
8
BLACK
6
CONTINUOUS
10
5.9353514960629923
20
-3.6937773622047243
11
5.9364617322834645
21
-3.6943324803149604
0
LINE
8
BLACK
6
CONTINUOUS
10
5.9364617322834645
20
-3.6943324803149604
11
5.9401370866141727
21
-3.6943324803149604
0
LINE
8
BLACK
6
CONTINUOUS
10
5.9401370866141727
20
-3.6943324803149604
11
5.9412472834645671
21
-3.6937773622047243
0
LINE
8
BLACK
6
CONTINUOUS
10
5.9412472834645671
20
-3.6937773622047243
11
5.9416918897637796
21
-3.6933327559055118
0
LINE
8
BLACK
6
CONTINUOUS
10
5.9416918897637796
20
-3.6933327559055118
11
5.9422470078740153
21
-3.6922225590551179
0
LINE
8
BLACK
6
CONTINUOUS
10
5.9422470078740153
20
-3.6922225590551179
11
5.9422470078740153
21
-3.6894852362204724
0
LINE
8
BLACK
6
CONTINUOUS
10
5.9422470078740153
20
-3.6894852362204724
11
5.9416919291338584
21
-3.6883750787401572
0
LINE
8
BLACK
6
CONTINUOUS
10
5.9416919291338584
20
-3.6883750787401572
11
5.9412472440944883
21
-3.687930433070866
0
LINE
8
BLACK
6
CONTINUOUS
10
5.9412472440944883
20
-3.687930433070866
11
5.9401371259842515
21
-3.6873753543307086
0
LINE
8
BLACK
6
CONTINUOUS
10
5.9401371259842515
20
-3.6873753543307086
11
5.9364617322834645
21
-3.6873753543307086
0
LINE
8
BLACK
6
CONTINUOUS
10
5.9364617322834645
20
-3.6873753543307086
11
5.9353514960629923
21
-3.6879304724409447
0
LINE
8
BLACK
6
CONTINUOUS
10
5.9874887007874014
20
-3.6802622440944881
11
5.9881184251968502
21
-3.6817825196850391
0
LINE
8
BLACK
6
CONTINUOUS
10
5.9881184251968502
20
-3.6817825196850391
11
5.9874887007874014
21
-3.6833027952755906
0
LINE
8
BLACK
6
CONTINUOUS
10
5.9874887007874014
20
-3.6833027952755906
11
5.9859684251968499
21
-3.6839325196850394
0
LINE
8
BLACK
6
CONTINUOUS
10
5.9859684251968499
20
-3.6839325196850394
11
5.9815517716535433
21
-3.6839325196850394
0
LINE
8
BLACK
6
CONTINUOUS
10
5.9815517716535433
20
-3.6839325196850394
11
5.9815517716535433
21
-3.6874110629921257
0
LINE
8
BLACK
6
CONTINUOUS
10
5.9815517716535433
20
-3.6874110629921257
11
5.9813602362204721
21
-3.6878733858267716
0
LINE
8
BLACK
6
CONTINUOUS
10
5.9813602362204721
20
-3.6878733858267716
11
5.9813248031496062
21
-3.6883725196850392
0
LINE
8
BLACK
6
CONTINUOUS
10
5.9813248031496062
20
-3.6883725196850392
11
5.9803867322834643
21
-3.6902487795275589
0
LINE
8
BLACK
6
CONTINUOUS
10
5.9803867322834643
20
-3.6902487795275589
11
5.9801193307086615
21
-3.6904806299212596
0
LINE
8
BLACK
6
CONTINUOUS
10
5.9801193307086615
20
-3.6904806299212596
11
5.9799839370078738
21
-3.6908075984251969
0
LINE
8
BLACK
6
CONTINUOUS
10
5.9799839370078738
20
-3.6908075984251969
11
5.9790458267716531
21
-3.6917456692913384
0
LINE
8
BLACK
6
CONTINUOUS
10
5.9790458267716531
20
-3.6917456692913384
11
5.9787189370078737
21
-3.691881023622047
0
LINE
8
BLACK
6
CONTINUOUS
10
5.9787189370078737
20
-3.691881023622047
11
5.9784871259842518
21
-3.6921483858267714
0
LINE
8
BLACK
6
CONTINUOUS
10
5.9784871259842518
20
-3.6921483858267714
11
5.97661094488189
21
-3.6930864566929134
0
LINE
8
BLACK
6
CONTINUOUS
10
5.97661094488189
20
-3.6930864566929134
11
5.9761117716535432
21
-3.6931219291338584
0
LINE
8
BLACK
6
CONTINUOUS
10
5.9761117716535432
20
-3.6931219291338584
11
5.9756494094488186
21
-3.6933134645669292
0
LINE
8
BLACK
6
CONTINUOUS
10
5.9756494094488186
20
-3.6933134645669292
11
5.9700208267716537
21
-3.6933134645669292
0
LINE
8
BLACK
6
CONTINUOUS
10
5.9700208267716537
20
-3.6933134645669292
11
5.9695584251968503
21
-3.6931219291338584
0
LINE
8
BLACK
6
CONTINUOUS
10
5.9695584251968503
20
-3.6931219291338584
11
5.9690592913385823
21
-3.6930864566929134
0
LINE
8
BLACK
6
CONTINUOUS
10
5.9690592913385823
20
-3.6930864566929134
11
5.9671831102362205
21
-3.6921483464566927
0
LINE
8
BLACK
6
CONTINUOUS
10
5.9671831102362205
20
-3.6921483464566927
11
5.9669512598425198
21
-3.691881023622047
0
LINE
8
BLACK
6
CONTINUOUS
10
5.9669512598425198
20
-3.691881023622047
11
5.9666244094488183
21
-3.6917456692913384
0
LINE
8
BLACK
6
CONTINUOUS
10
5.9666244094488183
20
-3.6917456692913384
11
5.9656862992125985
21
-3.6908075984251969
0
LINE
8
BLACK
6
CONTINUOUS
10
5.9656862992125985
20
-3.6908075984251969
11
5.9655508267716533
21
-3.6904806299212596
0
LINE
8
BLACK
6
CONTINUOUS
10
5.9655508267716533
20
-3.6904806299212596
11
5.965283503937008
21
-3.6902487795275589
0
LINE
8
BLACK
6
CONTINUOUS
10
5.965283503937008
20
-3.6902487795275589
11
5.9643453937007873
21
-3.688372559055118
0
LINE
8
BLACK
6
CONTINUOUS
10
5.9643453937007873
20
-3.688372559055118
11
5.9643099212598427
21
-3.6878733858267716
0
LINE
8
BLACK
6
CONTINUOUS
10
5.9643099212598427
20
-3.6878733858267716
11
5.9641184251968502
21
-3.6874110629921257
0
LINE
8
BLACK
6
CONTINUOUS
10
5.9641184251968502
20
-3.6874110629921257
11
5.9641184251968502
21
-3.6836587007874013
0
LINE
8
BLACK
6
CONTINUOUS
10
5.9641184251968502
20
-3.6836587007874013
11
5.9643099212598427
21
-3.6831962992125984
0
LINE
8
BLACK
6
CONTINUOUS
10
5.9643099212598427
20
-3.6831962992125984
11
5.9643454330708661
21
-3.6826971653543308
0
LINE
8
BLACK
6
CONTINUOUS
10
5.9643454330708661
20
-3.6826971653543308
11
5.9644284645669288
21
-3.682531023622047
0
LINE
8
BLACK
6
CONTINUOUS
10
5.9644284645669288
20
-3.682531023622047
11
5.9641184251968502
21
-3.6817825196850391
0
LINE
8
BLACK
6
CONTINUOUS
10
5.9641184251968502
20
-3.6817825196850391
11
5.9647481496062991
21
-3.6802622440944881
0
LINE
8
BLACK
6
CONTINUOUS
10
5.9647481496062991
20
-3.6802622440944881
11
5.9662684251968505
21
-3.6796325196850392
0
LINE
8
BLACK
6
CONTINUOUS
10
5.9662684251968505
20
-3.6796325196850392
11
5.9859684251968499
21
-3.6796325196850392
0
LINE
8
BLACK
6
CONTINUOUS
10
5.9859684251968499
20
-3.6796325196850392
11
5.9874887007874014
21
-3.6802622440944881
0
LINE
8
BLACK
6
CONTINUOUS
10
5.96841842519685
20
-3.684166220472441
11
5.96841842519685
21
-3.6869035039370077
0
LINE
8
BLACK
6
CONTINUOUS
10
5.96841842519685
20
-3.6869035039370077
11
5.9689735039370078
21
-3.6880137007874016
0
LINE
8
BLACK
6
CONTINUOUS
10
5.9689735039370078
20
-3.6880137007874016
11
5.9694181889763778
21
-3.6884583464566929
0
LINE
8
BLACK
6
CONTINUOUS
10
5.9694181889763778
20
-3.6884583464566929
11
5.97052842519685
21
-3.689013464566929
0
LINE
8
BLACK
6
CONTINUOUS
10
5.97052842519685
20
-3.689013464566929
11
5.9751418897637798
21
-3.689013464566929
0
LINE
8
BLACK
6
CONTINUOUS
10
5.9751418897637798
20
-3.689013464566929
11
5.9762520078740158
21
-3.6884583464566929
0
LINE
8
BLACK
6
CONTINUOUS
10
5.9762520078740158
20
-3.6884583464566929
11
5.976696653543307
21
-3.6880137007874016
0
LINE
8
BLACK
6
CONTINUOUS
10
5.976696653543307
20
-3.6880137007874016
11
5.9772517716535436
21
-3.6869035039370077
0
LINE
8
BLACK
6
CONTINUOUS
10
5.9772517716535436
20
-3.6869035039370077
11
5.9772517716535436
21
-3.684166220472441
0
LINE
8
BLACK
6
CONTINUOUS
10
5.9772517716535436
20
-3.684166220472441
11
5.9771349212598421
21
-3.6839325196850394
0
LINE
8
BLACK
6
CONTINUOUS
10
5.9771349212598421
20
-3.6839325196850394
11
5.9685352755905514
21
-3.6839325196850394
0
LINE
8
BLACK
6
CONTINUOUS
10
5.9685352755905514
20
-3.6839325196850394
11
5.96841842519685
21
-3.684166220472441
0
LINE
8
BLACK
6
CONTINUOUS
10
6.212488700787401
20
-3.6802622440944881
11
6.2131184251968499
21
-3.6817825196850391
0
LINE
8
BLACK
6
CONTINUOUS
10
6.2131184251968499
20
-3.6817825196850391
11
6.212488700787401
21
-3.6833027952755906
0
LINE
8
BLACK
6
CONTINUOUS
10
6.212488700787401
20
-3.6833027952755906
11
6.2109684251968504
21
-3.6839325196850394
0
LINE
8
BLACK
6
CONTINUOUS
10
6.2109684251968504
20
-3.6839325196850394
11
6.206551771653543
21
-3.6839325196850394
0
LINE
8
BLACK
6
CONTINUOUS
10
6.206551771653543
20
-3.6839325196850394
11
6.206551771653543
21
-3.6874110629921257
0
LINE
8
BLACK
6
CONTINUOUS
10
6.206551771653543
20
-3.6874110629921257
11
6.2063602362204726
21
-3.6878733858267716
0
LINE
8
BLACK
6
CONTINUOUS
10
6.2063602362204726
20
-3.6878733858267716
11
6.2063248031496059
21
-3.6883725196850392
0
LINE
8
BLACK
6
CONTINUOUS
10
6.2063248031496059
20
-3.6883725196850392
11
6.2053867322834648
21
-3.6902487795275589
0
LINE
8
BLACK
6
CONTINUOUS
10
6.2053867322834648
20
-3.6902487795275589
11
6.2051193307086612
21
-3.6904806299212596
0
LINE
8
BLACK
6
CONTINUOUS
10
6.2051193307086612
20
-3.6904806299212596
11
6.2049839370078743
21
-3.6908075984251969
0
LINE
8
BLACK
6
CONTINUOUS
10
6.2049839370078743
20
-3.6908075984251969
11
6.2040458267716536
21
-3.6917456692913384
0
LINE
8
BLACK
6
CONTINUOUS
10
6.2040458267716536
20
-3.6917456692913384
11
6.2037189370078742
21
-3.691881023622047
0
LINE
8
BLACK
6
CONTINUOUS
10
6.2037189370078742
20
-3.691881023622047
11
6.2034871259842514
21
-3.6921483858267714
0
LINE
8
BLACK
6
CONTINUOUS
10
6.2034871259842514
20
-3.6921483858267714
11
6.2016109448818897
21
-3.6930864566929134
0
LINE
8
BLACK
6
CONTINUOUS
10
6.2016109448818897
20
-3.6930864566929134
11
6.2011117716535429
21
-3.6931219291338584
0
LINE
8
BLACK
6
CONTINUOUS
10
6.2011117716535429
20
-3.6931219291338584
11
6.2006494094488191
21
-3.6933134645669292
0
LINE
8
BLACK
6
CONTINUOUS
10
6.2006494094488191
20
-3.6933134645669292
11
6.1950208267716533
21
-3.6933134645669292
0
LINE
8
BLACK
6
CONTINUOUS
10
6.1950208267716533
20
-3.6933134645669292
11
6.19455842519685
21
-3.6931219291338584
0
LINE
8
BLACK
6
CONTINUOUS
10
6.19455842519685
20
-3.6931219291338584
11
6.1940592913385828
21
-3.6930864566929134
0
LINE
8
BLACK
6
CONTINUOUS
10
6.1940592913385828
20
-3.6930864566929134
11
6.1921831102362201
21
-3.6921483464566927
0
LINE
8
BLACK
6
CONTINUOUS
10
6.1921831102362201
20
-3.6921483464566927
11
6.1919512598425195
21
-3.691881023622047
0
LINE
8
BLACK
6
CONTINUOUS
10
6.1919512598425195
20
-3.691881023622047
11
6.1916244094488189
21
-3.6917456692913384
0
LINE
8
BLACK
6
CONTINUOUS
10
6.1916244094488189
20
-3.6917456692913384
11
6.1906862992125982
21
-3.6908075984251969
0
LINE
8
BLACK
6
CONTINUOUS
10
6.1906862992125982
20
-3.6908075984251969
11
6.1905508267716538
21
-3.6904806299212596
0
LINE
8
BLACK
6
CONTINUOUS
10
6.1905508267716538
20
-3.6904806299212596
11
6.1902835039370077
21
-3.6902487795275589
0
LINE
8
BLACK
6
CONTINUOUS
10
6.1902835039370077
20
-3.6902487795275589
11
6.189345393700787
21
-3.688372559055118
0
LINE
8
BLACK
6
CONTINUOUS
10
6.189345393700787
20
-3.688372559055118
11
6.1893099212598424
21
-3.6878733858267716
0
LINE
8
BLACK
6
CONTINUOUS
10
6.1893099212598424
20
-3.6878733858267716
11
6.1891184251968498
21
-3.6874110629921257
0
LINE
8
BLACK
6
CONTINUOUS
10
6.1891184251968498
20
-3.6874110629921257
11
6.1891184251968498
21
-3.6836587007874013
0
LINE
8
BLACK
6
CONTINUOUS
10
6.1891184251968498
20
-3.6836587007874013
11
6.1893099212598424
21
-3.6831962992125984
0
LINE
8
BLACK
6
CONTINUOUS
10
6.1893099212598424
20
-3.6831962992125984
11
6.1893454330708657
21
-3.6826971653543308
0
LINE
8
BLACK
6
CONTINUOUS
10
6.1893454330708657
20
-3.6826971653543308
11
6.1894284645669293
21
-3.682531023622047
0
LINE
8
BLACK
6
CONTINUOUS
10
6.1894284645669293
20
-3.682531023622047
11
6.1891184251968498
21
-3.6817825196850391
0
LINE
8
BLACK
6
CONTINUOUS
10
6.1891184251968498
20
-3.6817825196850391
11
6.1897481496062987
21
-3.6802622440944881
0
LINE
8
BLACK
6
CONTINUOUS
10
6.1897481496062987
20
-3.6802622440944881
11
6.1912684251968502
21
-3.6796325196850392
0
LINE
8
BLACK
6
CONTINUOUS
10
6.1912684251968502
20
-3.6796325196850392
11
6.2109684251968504
21
-3.6796325196850392
0
LINE
8
BLACK
6
CONTINUOUS
10
6.2109684251968504
20
-3.6796325196850392
11
6.212488700787401
21
-3.6802622440944881
0
LINE
8
BLACK
6
CONTINUOUS
10
6.1934184251968505
20
-3.684166220472441
11
6.1934184251968505
21
-3.6869035039370077
0
LINE
8
BLACK
6
CONTINUOUS
10
6.1934184251968505
20
-3.6869035039370077
11
6.1939735039370074
21
-3.6880137007874016
0
LINE
8
BLACK
6
CONTINUOUS
10
6.1939735039370074
20
-3.6880137007874016
11
6.1944181889763774
21
-3.6884583464566929
0
LINE
8
BLACK
6
CONTINUOUS
10
6.1944181889763774
20
-3.6884583464566929
11
6.1955284251968505
21
-3.689013464566929
0
LINE
8
BLACK
6
CONTINUOUS
10
6.1955284251968505
20
-3.689013464566929
11
6.2001418897637794
21
-3.689013464566929
0
LINE
8
BLACK
6
CONTINUOUS
10
6.2001418897637794
20
-3.689013464566929
11
6.2012520078740154
21
-3.6884583464566929
0
LINE
8
BLACK
6
CONTINUOUS
10
6.2012520078740154
20
-3.6884583464566929
11
6.2016966535433067
21
-3.6880137007874016
0
LINE
8
BLACK
6
CONTINUOUS
10
6.2016966535433067
20
-3.6880137007874016
11
6.2022517716535432
21
-3.6869035039370077
0
LINE
8
BLACK
6
CONTINUOUS
10
6.2022517716535432
20
-3.6869035039370077
11
6.2022517716535432
21
-3.684166220472441
0
LINE
8
BLACK
6
CONTINUOUS
10
6.2022517716535432
20
-3.684166220472441
11
6.2021349212598427
21
-3.6839325196850394
0
LINE
8
BLACK
6
CONTINUOUS
10
6.2021349212598427
20
-3.6839325196850394
11
6.1935352755905511
21
-3.6839325196850394
0
LINE
8
BLACK
6
CONTINUOUS
10
6.1935352755905511
20
-3.6839325196850394
11
6.1934184251968505
21
-3.684166220472441
0
LINE
8
BLACK
6
CONTINUOUS
10
6.1784220472440943
20
-3.6743241338582675
11
6.1790517716535431
21
-3.675844409448819
0
LINE
8
BLACK
6
CONTINUOUS
10
6.1790517716535431
20
-3.675844409448819
11
6.1790517716535431
21
-3.687101535433071
0
LINE
8
BLACK
6
CONTINUOUS
10
6.1790517716535431
20
-3.687101535433071
11
6.1784220472440943
21
-3.688621811023622
0
LINE
8
BLACK
6
CONTINUOUS
10
6.1784220472440943
20
-3.688621811023622
11
6.1769017716535428
21
-3.6892515354330708
0
LINE
8
BLACK
6
CONTINUOUS
10
6.1769017716535428
20
-3.6892515354330708
11
6.1753814960629922
21
-3.688621811023622
0
LINE
8
BLACK
6
CONTINUOUS
10
6.1753814960629922
20
-3.688621811023622
11
6.1747517716535434
21
-3.687101535433071
0
LINE
8
BLACK
6
CONTINUOUS
10
6.1747517716535434
20
-3.687101535433071
11
6.1747517716535434
21
-3.6836229921259842
0
LINE
8
BLACK
6
CONTINUOUS
10
6.1747517716535434
20
-3.6836229921259842
11
6.1572017716535434
21
-3.6836229921259842
0
LINE
8
BLACK
6
CONTINUOUS
10
6.1572017716535434
20
-3.6836229921259842
11
6.1569972047244095
21
-3.6835382677165351
0
LINE
8
BLACK
6
CONTINUOUS
10
6.1569972047244095
20
-3.6835382677165351
11
6.1567801181102357
21
-3.683581220472441
0
LINE
8
BLACK
6
CONTINUOUS
10
6.1567801181102357
20
-3.683581220472441
11
6.1562599606299209
21
-3.6832328740157481
0
LINE
8
BLACK
6
CONTINUOUS
10
6.1562599606299209
20
-3.6832328740157481
11
6.155681496062992
21
-3.6829932677165353
0
LINE
8
BLACK
6
CONTINUOUS
10
6.155681496062992
20
-3.6829932677165353
11
6.1555967716535429
21
-3.6827887401574801
0
LINE
8
BLACK
6
CONTINUOUS
10
6.1555967716535429
20
-3.6827887401574801
11
6.1554128740157479
21
-3.6826655905511809
0
LINE
8
BLACK
6
CONTINUOUS
10
6.1554128740157479
20
-3.6826655905511809
11
6.1552913779527554
21
-3.6820514566929132
0
LINE
8
BLACK
6
CONTINUOUS
10
6.1552913779527554
20
-3.6820514566929132
11
6.1550517716535431
21
-3.6814729921259843
0
LINE
8
BLACK
6
CONTINUOUS
10
6.1550517716535431
20
-3.6814729921259843
11
6.1551364566929134
21
-3.6812684251968504
0
LINE
8
BLACK
6
CONTINUOUS
10
6.1551364566929134
20
-3.6812684251968504
11
6.1550935433070864
21
-3.6810513385826771
0
LINE
8
BLACK
6
CONTINUOUS
10
6.1550935433070864
20
-3.6810513385826771
11
6.155441850393701
21
-3.6805311811023622
0
LINE
8
BLACK
6
CONTINUOUS
10
6.155441850393701
20
-3.6805311811023622
11
6.155681496062992
21
-3.6799527165354329
0
LINE
8
BLACK
6
CONTINUOUS
10
6.155681496062992
20
-3.6799527165354329
11
6.1558859842519684
21
-3.6798679921259843
0
LINE
8
BLACK
6
CONTINUOUS
10
6.1558859842519684
20
-3.6798679921259843
11
6.1560091732283464
21
-3.6796840944881888
0
LINE
8
BLACK
6
CONTINUOUS
10
6.1560091732283464
20
-3.6796840944881888
11
6.1586463385826766
21
-3.677925905511811
0
LINE
8
BLACK
6
CONTINUOUS
10
6.1586463385826766
20
-3.677925905511811
11
6.1601252362204724
21
-3.6764470078740157
0
LINE
8
BLACK
6
CONTINUOUS
10
6.1601252362204724
20
-3.6764470078740157
11
6.1609073228346452
21
-3.674882874015748
0
LINE
8
BLACK
6
CONTINUOUS
10
6.1609073228346452
20
-3.674882874015748
11
6.1621504724409446
21
-3.6738047637795277
0
LINE
8
BLACK
6
CONTINUOUS
10
6.1621504724409446
20
-3.6738047637795277
11
6.1637918897637798
21
-3.6739214173228345
0
LINE
8
BLACK
6
CONTINUOUS
10
6.1637918897637798
20
-3.6739214173228345
11
6.1648700393700784
21
-3.6751645275590552
0
LINE
8
BLACK
6
CONTINUOUS
10
6.1648700393700784
20
-3.6751645275590552
11
6.1647533464566928
21
-3.6768059448818895
0
LINE
8
BLACK
6
CONTINUOUS
10
6.1647533464566928
20
-3.6768059448818895
11
6.1638152362204721
21
-3.6786821259842517
0
LINE
8
BLACK
6
CONTINUOUS
10
6.1638152362204721
20
-3.6786821259842517
11
6.1635479133858269
21
-3.6789139370078741
0
LINE
8
BLACK
6
CONTINUOUS
10
6.1635479133858269
20
-3.6789139370078741
11
6.1634125196850391
21
-3.6792408661417322
0
LINE
8
BLACK
6
CONTINUOUS
10
6.1634125196850391
20
-3.6792408661417322
11
6.1633303937007868
21
-3.679322992125984
0
LINE
8
BLACK
6
CONTINUOUS
10
6.1633303937007868
20
-3.679322992125984
11
6.1747517716535434
21
-3.679322992125984
0
LINE
8
BLACK
6
CONTINUOUS
10
6.1747517716535434
20
-3.679322992125984
11
6.1747517716535434
21
-3.675844409448819
0
LINE
8
BLACK
6
CONTINUOUS
10
6.1747517716535434
20
-3.675844409448819
11
6.1753814960629922
21
-3.6743241338582675
0
LINE
8
BLACK
6
CONTINUOUS
10
6.1753814960629922
20
-3.6743241338582675
11
6.1769017716535428
21
-3.6736944094488186
0
LINE
8
BLACK
6
CONTINUOUS
10
6.1769017716535428
20
-3.6736944094488186
11
6.1784220472440943
21
-3.6743241338582675
0
LINE
8
BLACK
6
CONTINUOUS
10
5.8332206299212599
20
-3.6468459448818895
11
5.8335635039370075
21
-3.6468703149606299
0
LINE
8
BLACK
6
CONTINUOUS
10
5.8335635039370075
20
-3.6468703149606299
11
5.8337227165354326
21
-3.6470538976377953
0
LINE
8
BLACK
6
CONTINUOUS
10
5.8337227165354326
20
-3.6470538976377953
11
5.8339472047244092
21
-3.6471468897637793
0
LINE
8
BLACK
6
CONTINUOUS
10
5.8339472047244092
20
-3.6471468897637793
11
5.8340786614173226
21
-3.6474643307086612
0
LINE
8
BLACK
6
CONTINUOUS
10
5.8340786614173226
20
-3.6474643307086612
11
5.8343038582677167
21
-3.6477239763779528
0
LINE
8
BLACK
6
CONTINUOUS
10
5.8343038582677167
20
-3.6477239763779528
11
5.8342866141732284
21
-3.647966377952756
0
LINE
8
BLACK
6
CONTINUOUS
10
5.8342866141732284
20
-3.647966377952756
11
5.8343796062992128
21
-3.6481908661417322
0
LINE
8
BLACK
6
CONTINUOUS
10
5.8343796062992128
20
-3.6481908661417322
11
5.8343796062992128
21
-3.6560883070866139
0
LINE
8
BLACK
6
CONTINUOUS
10
5.8343796062992128
20
-3.6560883070866139
11
5.8394649212598422
21
-3.6560883070866139
0
LINE
8
BLACK
6
CONTINUOUS
10
5.8394649212598422
20
-3.6560883070866139
11
5.840508897637795
21
-3.6565207086614171
0
LINE
8
BLACK
6
CONTINUOUS
10
5.840508897637795
20
-3.6565207086614171
11
5.8409412992125986
21
-3.6575646850393699
0
LINE
8
BLACK
6
CONTINUOUS
10
5.8409412992125986
20
-3.6575646850393699
11
5.840508897637795
21
-3.6586086614173228
0
LINE
8
BLACK
6
CONTINUOUS
10
5.840508897637795
20
-3.6586086614173228
11
5.8394649212598422
21
-3.6590410629921259
0
LINE
8
BLACK
6
CONTINUOUS
10
5.8394649212598422
20
-3.6590410629921259
11
5.8343796062992128
21
-3.6590410629921259
0
LINE
8
BLACK
6
CONTINUOUS
10
5.8343796062992128
20
-3.6590410629921259
11
5.8343796062992128
21
-3.6603768110236219
0
LINE
8
BLACK
6
CONTINUOUS
10
5.8343796062992128
20
-3.6603768110236219
11
5.8339472047244092
21
-3.6614207874015747
0
LINE
8
BLACK
6
CONTINUOUS
10
5.8339472047244092
20
-3.6614207874015747
11
5.8329032283464564
21
-3.6618531889763779
0
LINE
8
BLACK
6
CONTINUOUS
10
5.8329032283464564
20
-3.6618531889763779
11
5.8318592519685035
21
-3.6614207874015747
0
LINE
8
BLACK
6
CONTINUOUS
10
5.8318592519685035
20
-3.6614207874015747
11
5.8314268503937008
21
-3.6603768110236219
0
LINE
8
BLACK
6
CONTINUOUS
10
5.8314268503937008
20
-3.6603768110236219
11
5.8314268503937008
21
-3.6590410629921259
0
LINE
8
BLACK
6
CONTINUOUS
10
5.8314268503937008
20
-3.6590410629921259
11
5.8263415748031493
21
-3.6590410629921259
0
LINE
8
BLACK
6
CONTINUOUS
10
5.8263415748031493
20
-3.6590410629921259
11
5.8252975984251965
21
-3.6586086614173228
0
LINE
8
BLACK
6
CONTINUOUS
10
5.8252975984251965
20
-3.6586086614173228
11
5.8248651968503937
21
-3.6575646850393699
0
LINE
8
BLACK
6
CONTINUOUS
10
5.8248651968503937
20
-3.6575646850393699
11
5.8252975984251965
21
-3.6565207086614171
0
LINE
8
BLACK
6
CONTINUOUS
10
5.8252975984251965
20
-3.6565207086614171
11
5.8263415748031493
21
-3.6560883070866139
0
LINE
8
BLACK
6
CONTINUOUS
10
5.8263415748031493
20
-3.6560883070866139
11
5.8314268503937008
21
-3.6560883070866139
0
LINE
8
BLACK
6
CONTINUOUS
10
5.8314268503937008
20
-3.6560883070866139
11
5.8314268503937008
21
-3.6502392125984251
0
LINE
8
BLACK
6
CONTINUOUS
10
5.8314268503937008
20
-3.6502392125984251
11
5.8193094094488185
21
-3.6542783858267716
0
LINE
8
BLACK
6
CONTINUOUS
10
5.8193094094488185
20
-3.6542783858267716
11
5.8181822440944879
21
-3.654198307086614
0
LINE
8
BLACK
6
CONTINUOUS
10
5.8181822440944879
20
-3.654198307086614
11
5.8174418897637796
21
-3.6533446456692911
0
LINE
8
BLACK
6
CONTINUOUS
10
5.8174418897637796
20
-3.6533446456692911
11
5.8175219685039368
21
-3.6522174803149605
0
LINE
8
BLACK
6
CONTINUOUS
10
5.8175219685039368
20
-3.6522174803149605
11
5.8183756299212597
21
-3.6514771259842518
0
LINE
8
BLACK
6
CONTINUOUS
10
5.8183756299212597
20
-3.6514771259842518
11
5.8324363779527557
21
-3.6467902362204723
0
LINE
8
BLACK
6
CONTINUOUS
10
5.8324363779527557
20
-3.6467902362204723
11
5.8326787401574798
21
-3.6468074409448819
0
LINE
8
BLACK
6
CONTINUOUS
10
5.8326787401574798
20
-3.6468074409448819
11
5.8329032283464564
21
-3.6467144881889761
0
LINE
8
BLACK
6
CONTINUOUS
10
5.8329032283464564
20
-3.6467144881889761
11
5.8332206299212599
21
-3.6468459448818895
0
LINE
8
BLACK
6
CONTINUOUS
10
5.8360328740157481
20
-3.6271609055118108
11
5.8363756692913382
21
-3.6271852755905512
0
LINE
8
BLACK
6
CONTINUOUS
10
5.8363756692913382
20
-3.6271852755905512
11
5.8382504330708658
21
-3.6281226771653543
0
LINE
8
BLACK
6
CONTINUOUS
10
5.8382504330708658
20
-3.6281226771653543
11
5.8384096062992121
21
-3.628306220472441
0
LINE
8
BLACK
6
CONTINUOUS
10
5.8384096062992121
20
-3.628306220472441
11
5.8386340944881887
21
-3.628399212598425
0
LINE
8
BLACK
6
CONTINUOUS
10
5.8386340944881887
20
-3.628399212598425
11
5.8395714960629919
21
-3.6293365748031494
0
LINE
8
BLACK
6
CONTINUOUS
10
5.8395714960629919
20
-3.6293365748031494
11
5.8396644881889763
21
-3.6295611023622047
0
LINE
8
BLACK
6
CONTINUOUS
10
5.8396644881889763
20
-3.6295611023622047
11
5.8398480708661413
21
-3.6297203149606299
0
LINE
8
BLACK
6
CONTINUOUS
10
5.8398480708661413
20
-3.6297203149606299
11
5.8407854330708657
21
-3.6315950393700787
0
LINE
8
BLACK
6
CONTINUOUS
10
5.8407854330708657
20
-3.6315950393700787
11
5.8408097637795278
21
-3.6319377952755905
0
LINE
8
BLACK
6
CONTINUOUS
10
5.8408097637795278
20
-3.6319377952755905
11
5.8409412992125986
21
-3.6322553149606298
0
LINE
8
BLACK
6
CONTINUOUS
10
5.8409412992125986
20
-3.6322553149606298
11
5.8409412992125986
21
-3.6360048425196849
0
LINE
8
BLACK
6
CONTINUOUS
10
5.8409412992125986
20
-3.6360048425196849
11
5.8408097637795278
21
-3.6363223228346455
0
LINE
8
BLACK
6
CONTINUOUS
10
5.8408097637795278
20
-3.6363223228346455
11
5.8407854330708657
21
-3.6366651181102361
0
LINE
8
BLACK
6
CONTINUOUS
10
5.8407854330708657
20
-3.6366651181102361
11
5.8398480708661413
21
-3.6385398425196849
0
LINE
8
BLACK
6
CONTINUOUS
10
5.8398480708661413
20
-3.6385398425196849
11
5.8396644881889763
21
-3.63869905511811
0
LINE
8
BLACK
6
CONTINUOUS
10
5.8396644881889763
20
-3.63869905511811
11
5.8395714960629919
21
-3.6389235826771653
0
LINE
8
BLACK
6
CONTINUOUS
10
5.8395714960629919
20
-3.6389235826771653
11
5.8386341338582675
21
-3.6398609842519685
0
LINE
8
BLACK
6
CONTINUOUS
10
5.8386341338582675
20
-3.6398609842519685
11
5.8384095275590546
21
-3.6399539763779525
0
LINE
8
BLACK
6
CONTINUOUS
10
5.8384095275590546
20
-3.6399539763779525
11
5.838250393700787
21
-3.6401375196850392
0
LINE
8
BLACK
6
CONTINUOUS
10
5.838250393700787
20
-3.6401375196850392
11
5.8363756299212595
21
-3.6410748818897636
0
LINE
8
BLACK
6
CONTINUOUS
10
5.8363756299212595
20
-3.6410748818897636
11
5.8360328740157481
21
-3.6410992125984252
0
LINE
8
BLACK
6
CONTINUOUS
10
5.8360328740157481
20
-3.6410992125984252
11
5.8357153937007871
21
-3.641230748031496
0
LINE
8
BLACK
6
CONTINUOUS
10
5.8357153937007871
20
-3.641230748031496
11
5.8197798818897635
21
-3.641230748031496
0
LINE
8
BLACK
6
CONTINUOUS
10
5.8197798818897635
20
-3.641230748031496
11
5.8187359055118106
21
-3.6407983464566929
0
LINE
8
BLACK
6
CONTINUOUS
10
5.8187359055118106
20
-3.6407983464566929
11
5.8183035039370079
21
-3.63975437007874
0
LINE
8
BLACK
6
CONTINUOUS
10
5.8183035039370079
20
-3.63975437007874
11
5.8187359055118106
21
-3.6387103937007872
0
LINE
8
BLACK
6
CONTINUOUS
10
5.8187359055118106
20
-3.6387103937007872
11
5.8197798818897635
21
-3.638277992125984
0
LINE
8
BLACK
6
CONTINUOUS
10
5.8197798818897635
20
-3.638277992125984
11
5.8353668897637796
21
-3.638277992125984
0
LINE
8
BLACK
6
CONTINUOUS
10
5.8353668897637796
20
-3.638277992125984
11
5.8367155511811024
21
-3.6376036220472439
0
LINE
8
BLACK
6
CONTINUOUS
10
5.8367155511811024
20
-3.6376036220472439
11
5.8373142125984252
21
-3.6370049999999998
0
LINE
8
BLACK
6
CONTINUOUS
10
5.8373142125984252
20
-3.6370049999999998
11
5.8379885433070866
21
-3.635656338582677
0
LINE
8
BLACK
6
CONTINUOUS
10
5.8379885433070866
20
-3.635656338582677
11
5.8379885433070866
21
-3.632603779527559
0
LINE
8
BLACK
6
CONTINUOUS
10
5.8379885433070866
20
-3.632603779527559
11
5.8373142125984252
21
-3.6312551181102362
0
LINE
8
BLACK
6
CONTINUOUS
10
5.8373142125984252
20
-3.6312551181102362
11
5.8367156299212599
21
-3.6306565748031496
0
LINE
8
BLACK
6
CONTINUOUS
10
5.8367156299212599
20
-3.6306565748031496
11
5.8353668503937008
21
-3.6299821653543307
0
LINE
8
BLACK
6
CONTINUOUS
10
5.8353668503937008
20
-3.6299821653543307
11
5.8197798818897635
21
-3.6299821653543307
0
LINE
8
BLACK
6
CONTINUOUS
10
5.8197798818897635
20
-3.6299821653543307
11
5.8187359055118106
21
-3.6295497637795275
0
LINE
8
BLACK
6
CONTINUOUS
10
5.8187359055118106
20
-3.6295497637795275
11
5.8183035039370079
21
-3.6285057874015747
0
LINE
8
BLACK
6
CONTINUOUS
10
5.8183035039370079
20
-3.6285057874015747
11
5.8187359055118106
21
-3.6274618110236219
0
LINE
8
BLACK
6
CONTINUOUS
10
5.8187359055118106
20
-3.6274618110236219
11
5.8197798818897635
21
-3.6270294094488187
0
LINE
8
BLACK
6
CONTINUOUS
10
5.8197798818897635
20
-3.6270294094488187
11
5.8357153937007871
21
-3.6270294094488187
0
LINE
8
BLACK
6
CONTINUOUS
10
5.8357153937007871
20
-3.6270294094488187
11
5.8360328740157481
21
-3.6271609055118108
0
LINE
8
BLACK
6
CONTINUOUS
10
5.8570866141732285
20
-3.5982283464566929
11
5.8584785433070863
21
-3.5988049212598425
0
LINE
8
BLACK
6
CONTINUOUS
10
5.8584785433070863
20
-3.5988049212598425
11
5.8590551181102359
21
-3.6001968503937007
0
LINE
8
BLACK
6
CONTINUOUS
10
5.8590551181102359
20
-3.6001968503937007
11
5.8590551181102359
21
-3.686811023622047
0
LINE
8
BLACK
6
CONTINUOUS
10
5.8590551181102359
20
-3.686811023622047
11
5.8584785433070863
21
-3.6882029527559053
0
LINE
8
BLACK
6
CONTINUOUS
10
5.8584785433070863
20
-3.6882029527559053
11
5.8570866141732285
21
-3.6887795275590549
0
LINE
8
BLACK
6
CONTINUOUS
10
5.8570866141732285
20
-3.6887795275590549
11
5.8236220472440943
21
-3.6887795275590549
0
LINE
8
BLACK
6
CONTINUOUS
10
5.8236220472440943
20
-3.6887795275590549
11
5.8222301181102365
21
-3.6882029527559053
0
LINE
8
BLACK
6
CONTINUOUS
10
5.8222301181102365
20
-3.6882029527559053
11
5.8025450787401578
21
-3.6685179133858266
0
LINE
8
BLACK
6
CONTINUOUS
10
5.8025450787401578
20
-3.6685179133858266
11
5.8019685039370081
21
-3.6671259842519683
0
LINE
8
BLACK
6
CONTINUOUS
10
5.8019685039370081
20
-3.6671259842519683
11
5.8019685039370081
21
-3.6001968503937007
0
LINE
8
BLACK
6
CONTINUOUS
10
5.8019685039370081
20
-3.6001968503937007
11
5.8025450787401578
21
-3.5988049212598425
0
LINE
8
BLACK
6
CONTINUOUS
10
5.8025450787401578
20
-3.5988049212598425
11
5.8039370078740156
21
-3.5982283464566929
0
LINE
8
BLACK
6
CONTINUOUS
10
5.8039370078740156
20
-3.5982283464566929
11
5.8570866141732285
21
-3.5982283464566929
0
LINE
8
BLACK
6
CONTINUOUS
10
5.8059055118110239
20
-3.6021653543307086
11
5.8059055118110239
21
-3.6663106299212598
0
LINE
8
BLACK
6
CONTINUOUS
10
5.8059055118110239
20
-3.6663106299212598
11
5.8244374015748033
21
-3.6848425196850392
0
LINE
8
BLACK
6
CONTINUOUS
10
5.8244374015748033
20
-3.6848425196850392
11
5.8551181102362202
21
-3.6848425196850392
0
LINE
8
BLACK
6
CONTINUOUS
10
5.8551181102362202
20
-3.6848425196850392
11
5.8551181102362202
21
-3.6021653543307086
0
LINE
8
BLACK
6
CONTINUOUS
10
5.8551181102362202
20
-3.6021653543307086
11
5.8059055118110239
21
-3.6021653543307086
0
LINE
8
BLACK
6
CONTINUOUS
10
6.3155088976377955
20
-3.6462094881889762
11
6.315941338582677
21
-3.647253464566929
0
LINE
8
BLACK
6
CONTINUOUS
10
6.315941338582677
20
-3.647253464566929
11
6.3159412992125983
21
-3.6472535433070865
0
LINE
8
BLACK
6
CONTINUOUS
10
6.3159412992125983
20
-3.6472535433070865
11
6.3159412992125983
21
-3.6594394488188975
0
LINE
8
BLACK
6
CONTINUOUS
10
6.3159412992125983
20
-3.6594394488188975
11
6.3155088976377955
21
-3.6604834251968503
0
LINE
8
BLACK
6
CONTINUOUS
10
6.3155088976377955
20
-3.6604834251968503
11
6.3144649212598427
21
-3.6609158267716535
0
LINE
8
BLACK
6
CONTINUOUS
10
6.3144649212598427
20
-3.6609158267716535
11
6.3134209448818899
21
-3.6604834251968503
0
LINE
8
BLACK
6
CONTINUOUS
10
6.3134209448818899
20
-3.6604834251968503
11
6.3129885433070863
21
-3.6594394488188975
0
LINE
8
BLACK
6
CONTINUOUS
10
6.3129885433070863
20
-3.6594394488188975
11
6.3129885433070863
21
-3.6508177559055119
0
LINE
8
BLACK
6
CONTINUOUS
10
6.3129885433070863
20
-3.6508177559055119
11
6.3042603149606302
21
-3.6595460236220472
0
LINE
8
BLACK
6
CONTINUOUS
10
6.3042603149606302
20
-3.6595460236220472
11
6.3039427952755904
21
-3.6596775196850393
0
LINE
8
BLACK
6
CONTINUOUS
10
6.3039427952755904
20
-3.6596775196850393
11
6.3036832283464568
21
-3.6599026771653542
0
LINE
8
BLACK
6
CONTINUOUS
10
6.3036832283464568
20
-3.6599026771653542
11
6.3008710629921261
21
-3.6608400787401574
0
LINE
8
BLACK
6
CONTINUOUS
10
6.3008710629921261
20
-3.6608400787401574
11
6.3006286220472436
21
-3.660822834645669
0
LINE
8
BLACK
6
CONTINUOUS
10
6.3006286220472436
20
-3.660822834645669
11
6.3004041732283467
21
-3.6609158267716535
0
LINE
8
BLACK
6
CONTINUOUS
10
6.3004041732283467
20
-3.6609158267716535
11
6.2985294094488191
21
-3.6609158267716535
0
LINE
8
BLACK
6
CONTINUOUS
10
6.2985294094488191
20
-3.6609158267716535
11
6.2982118897637793
21
-3.6607842913385826
0
LINE
8
BLACK
6
CONTINUOUS
10
6.2982118897637793
20
-3.6607842913385826
11
6.297869133858268
21
-3.660759960629921
0
LINE
8
BLACK
6
CONTINUOUS
10
6.297869133858268
20
-3.660759960629921
11
6.2959943700787404
21
-3.6598225590551179
0
LINE
8
BLACK
6
CONTINUOUS
10
6.2959943700787404
20
-3.6598225590551179
11
6.2958351574803144
21
-3.6596389763779529
0
LINE
8
BLACK
6
CONTINUOUS
10
6.2958351574803144
20
-3.6596389763779529
11
6.2956106692913387
21
-3.6595459842519684
0
LINE
8
BLACK
6
CONTINUOUS
10
6.2956106692913387
20
-3.6595459842519684
11
6.2946733070866143
21
-3.6586086614173228
0
LINE
8
BLACK
6
CONTINUOUS
10
6.2946733070866143
20
-3.6586086614173228
11
6.2945802755905511
21
-3.6583840944881887
0
LINE
8
BLACK
6
CONTINUOUS
10
6.2945802755905511
20
-3.6583840944881887
11
6.2943967716535427
21
-3.6582249606299211
0
LINE
8
BLACK
6
CONTINUOUS
10
6.2943967716535427
20
-3.6582249606299211
11
6.2934593700787405
21
-3.6563501968503935
0
LINE
8
BLACK
6
CONTINUOUS
10
6.2934593700787405
20
-3.6563501968503935
11
6.2934349999999997
21
-3.656007401574803
0
LINE
8
BLACK
6
CONTINUOUS
10
6.2934349999999997
20
-3.656007401574803
11
6.2933035039370075
21
-3.6556899212598424
0
LINE
8
BLACK
6
CONTINUOUS
10
6.2933035039370075
20
-3.6556899212598424
11
6.2933035039370075
21
-3.6510029921259841
0
LINE
8
BLACK
6
CONTINUOUS
10
6.2933035039370075
20
-3.6510029921259841
11
6.2934349999999997
21
-3.6506854724409448
0
LINE
8
BLACK
6
CONTINUOUS
10
6.2934349999999997
20
-3.6506854724409448
11
6.2934593700787405
21
-3.650342716535433
0
LINE
8
BLACK
6
CONTINUOUS
10
6.2934593700787405
20
-3.650342716535433
11
6.2943967716535427
21
-3.6484679527559054
0
LINE
8
BLACK
6
CONTINUOUS
10
6.2943967716535427
20
-3.6484679527559054
11
6.2945802755905511
21
-3.6483087795275591
0
LINE
8
BLACK
6
CONTINUOUS
10
6.2945802755905511
20
-3.6483087795275591
11
6.2946733070866143
21
-3.6480842519685037
0
LINE
8
BLACK
6
CONTINUOUS
10
6.2946733070866143
20
-3.6480842519685037
11
6.2956106692913387
21
-3.6471469291338581
0
LINE
8
BLACK
6
CONTINUOUS
10
6.2956106692913387
20
-3.6471469291338581
11
6.2966546456692916
21
-3.6467144488188974
0
LINE
8
BLACK
6
CONTINUOUS
10
6.2966546456692916
20
-3.6467144488188974
11
6.2976985826771656
21
-3.6471469291338581
0
LINE
8
BLACK
6
CONTINUOUS
10
6.2976985826771656
20
-3.6471469291338581
11
6.2981310629921259
21
-3.6481908661417322
0
LINE
8
BLACK
6
CONTINUOUS
10
6.2981310629921259
20
-3.6481908661417322
11
6.2976985826771656
21
-3.649234842519685
0
LINE
8
BLACK
6
CONTINUOUS
10
6.2976985826771656
20
-3.649234842519685
11
6.2969306299212597
21
-3.6500027952755905
0
LINE
8
BLACK
6
CONTINUOUS
10
6.2969306299212597
20
-3.6500027952755905
11
6.2962562598425196
21
-3.6513515354330708
0
LINE
8
BLACK
6
CONTINUOUS
10
6.2962562598425196
20
-3.6513515354330708
11
6.2962562598425196
21
-3.655341338582677
0
LINE
8
BLACK
6
CONTINUOUS
10
6.2962562598425196
20
-3.655341338582677
11
6.2969306299212597
21
-3.6566900787401573
0
LINE
8
BLACK
6
CONTINUOUS
10
6.2969306299212597
20
-3.6566900787401573
11
6.2975291732283463
21
-3.6572886614173226
0
LINE
8
BLACK
6
CONTINUOUS
10
6.2975291732283463
20
-3.6572886614173226
11
6.2988779527559053
21
-3.6579630708661415
0
LINE
8
BLACK
6
CONTINUOUS
10
6.2988779527559053
20
-3.6579630708661415
11
6.3001645275590548
21
-3.6579630708661415
0
LINE
8
BLACK
6
CONTINUOUS
10
6.3001645275590548
20
-3.6579630708661415
11
6.3024187795275592
21
-3.657211614173228
0
LINE
8
BLACK
6
CONTINUOUS
10
6.3024187795275592
20
-3.657211614173228
11
6.3134209055118111
21
-3.6462095275590549
0
LINE
8
BLACK
6
CONTINUOUS
10
6.3134209055118111
20
-3.6462095275590549
11
6.3134209448818899
21
-3.6462094881889762
0
LINE
8
BLACK
6
CONTINUOUS
10
6.3134209448818899
20
-3.6462094881889762
11
6.313726732283464
21
-3.6460828346456693
0
LINE
8
BLACK
6
CONTINUOUS
10
6.313726732283464
20
-3.6460828346456693
11
6.3144649212598427
21
-3.6457770472440942
0
LINE
8
BLACK
6
CONTINUOUS
10
6.3144649212598427
20
-3.6457770472440942
11
6.3155088976377955
21
-3.6462094881889762
0
LINE
8
BLACK
6
CONTINUOUS
10
6.3110328740157478
20
-3.6271609055118108
11
6.3113756692913388
21
-3.6271852755905512
0
LINE
8
BLACK
6
CONTINUOUS
10
6.3113756692913388
20
-3.6271852755905512
11
6.3132504330708663
21
-3.6281226771653543
0
LINE
8
BLACK
6
CONTINUOUS
10
6.3132504330708663
20
-3.6281226771653543
11
6.3134096062992127
21
-3.628306220472441
0
LINE
8
BLACK
6
CONTINUOUS
10
6.3134096062992127
20
-3.628306220472441
11
6.3136340944881892
21
-3.628399212598425
0
LINE
8
BLACK
6
CONTINUOUS
10
6.3136340944881892
20
-3.628399212598425
11
6.3145714960629924
21
-3.6293365748031494
0
LINE
8
BLACK
6
CONTINUOUS
10
6.3145714960629924
20
-3.6293365748031494
11
6.314664488188976
21
-3.6295611023622047
0
LINE
8
BLACK
6
CONTINUOUS
10
6.314664488188976
20
-3.6295611023622047
11
6.3148480708661419
21
-3.6297203149606299
0
LINE
8
BLACK
6
CONTINUOUS
10
6.3148480708661419
20
-3.6297203149606299
11
6.3157854330708663
21
-3.6315950393700787
0
LINE
8
BLACK
6
CONTINUOUS
10
6.3157854330708663
20
-3.6315950393700787
11
6.3158097637795274
21
-3.6319377952755905
0
LINE
8
BLACK
6
CONTINUOUS
10
6.3158097637795274
20
-3.6319377952755905
11
6.3159412992125983
21
-3.6322553149606298
0
LINE
8
BLACK
6
CONTINUOUS
10
6.3159412992125983
20
-3.6322553149606298
11
6.3159412992125983
21
-3.6360048425196849
0
LINE
8
BLACK
6
CONTINUOUS
10
6.3159412992125983
20
-3.6360048425196849
11
6.3158097637795274
21
-3.6363223228346455
0
LINE
8
BLACK
6
CONTINUOUS
10
6.3158097637795274
20
-3.6363223228346455
11
6.3157854330708663
21
-3.6366651181102361
0
LINE
8
BLACK
6
CONTINUOUS
10
6.3157854330708663
20
-3.6366651181102361
11
6.3148480708661419
21
-3.6385398425196849
0
LINE
8
BLACK
6
CONTINUOUS
10
6.3148480708661419
20
-3.6385398425196849
11
6.314664488188976
21
-3.63869905511811
0
LINE
8
BLACK
6
CONTINUOUS
10
6.314664488188976
20
-3.63869905511811
11
6.3145714960629924
21
-3.6389235826771653
0
LINE
8
BLACK
6
CONTINUOUS
10
6.3145714960629924
20
-3.6389235826771653
11
6.313634133858268
21
-3.6398609842519685
0
LINE
8
BLACK
6
CONTINUOUS
10
6.313634133858268
20
-3.6398609842519685
11
6.3134095275590552
21
-3.6399539763779525
0
LINE
8
BLACK
6
CONTINUOUS
10
6.3134095275590552
20
-3.6399539763779525
11
6.3132503937007876
21
-3.6401375196850392
0
LINE
8
BLACK
6
CONTINUOUS
10
6.3132503937007876
20
-3.6401375196850392
11
6.31137562992126
21
-3.6410748818897636
0
LINE
8
BLACK
6
CONTINUOUS
10
6.31137562992126
20
-3.6410748818897636
11
6.3110328740157478
21
-3.6410992125984252
0
LINE
8
BLACK
6
CONTINUOUS
10
6.3110328740157478
20
-3.6410992125984252
11
6.3107153937007876
21
-3.641230748031496
0
LINE
8
BLACK
6
CONTINUOUS
10
6.3107153937007876
20
-3.641230748031496
11
6.294779881889764
21
-3.641230748031496
0
LINE
8
BLACK
6
CONTINUOUS
10
6.294779881889764
20
-3.641230748031496
11
6.2937359055118112
21
-3.6407983464566929
0
LINE
8
BLACK
6
CONTINUOUS
10
6.2937359055118112
20
-3.6407983464566929
11
6.2933035039370075
21
-3.63975437007874
0
LINE
8
BLACK
6
CONTINUOUS
10
6.2933035039370075
20
-3.63975437007874
11
6.2937359055118112
21
-3.6387103937007872
0
LINE
8
BLACK
6
CONTINUOUS
10
6.2937359055118112
20
-3.6387103937007872
11
6.294779881889764
21
-3.638277992125984
0
LINE
8
BLACK
6
CONTINUOUS
10
6.294779881889764
20
-3.638277992125984
11
6.3103668897637792
21
-3.638277992125984
0
LINE
8
BLACK
6
CONTINUOUS
10
6.3103668897637792
20
-3.638277992125984
11
6.3117155511811021
21
-3.6376036220472439
0
LINE
8
BLACK
6
CONTINUOUS
10
6.3117155511811021
20
-3.6376036220472439
11
6.3123142125984248
21
-3.6370049999999998
0
LINE
8
BLACK
6
CONTINUOUS
10
6.3123142125984248
20
-3.6370049999999998
11
6.3129885433070863
21
-3.635656338582677
0
LINE
8
BLACK
6
CONTINUOUS
10
6.3129885433070863
20
-3.635656338582677
11
6.3129885433070863
21
-3.632603779527559
0
LINE
8
BLACK
6
CONTINUOUS
10
6.3129885433070863
20
-3.632603779527559
11
6.3123142125984248
21
-3.6312551181102362
0
LINE
8
BLACK
6
CONTINUOUS
10
6.3123142125984248
20
-3.6312551181102362
11
6.3117156299212596
21
-3.6306565748031496
0
LINE
8
BLACK
6
CONTINUOUS
10
6.3117156299212596
20
-3.6306565748031496
11
6.3103668503937005
21
-3.6299821653543307
0
LINE
8
BLACK
6
CONTINUOUS
10
6.3103668503937005
20
-3.6299821653543307
11
6.294779881889764
21
-3.6299821653543307
0
LINE
8
BLACK
6
CONTINUOUS
10
6.294779881889764
20
-3.6299821653543307
11
6.2937359055118112
21
-3.6295497637795275
0
LINE
8
BLACK
6
CONTINUOUS
10
6.2937359055118112
20
-3.6295497637795275
11
6.2933035039370075
21
-3.6285057874015747
0
LINE
8
BLACK
6
CONTINUOUS
10
6.2933035039370075
20
-3.6285057874015747
11
6.2937359055118112
21
-3.6274618110236219
0
LINE
8
BLACK
6
CONTINUOUS
10
6.2937359055118112
20
-3.6274618110236219
11
6.294779881889764
21
-3.6270294094488187
0
LINE
8
BLACK
6
CONTINUOUS
10
6.294779881889764
20
-3.6270294094488187
11
6.3107153937007876
21
-3.6270294094488187
0
LINE
8
BLACK
6
CONTINUOUS
10
6.3107153937007876
20
-3.6270294094488187
11
6.3110328740157478
21
-3.6271609055118108
0
LINE
8
BLACK
6
CONTINUOUS
10
6.3124015748031495
20
-3.5982283464566929
11
6.3137935039370081
21
-3.5988049212598425
0
LINE
8
BLACK
6
CONTINUOUS
10
6.3137935039370081
20
-3.5988049212598425
11
6.3334785433070868
21
-3.6184899606299212
0
LINE
8
BLACK
6
CONTINUOUS
10
6.3334785433070868
20
-3.6184899606299212
11
6.3340551181102365
21
-3.6198818897637794
0
LINE
8
BLACK
6
CONTINUOUS
10
6.3340551181102365
20
-3.6198818897637794
11
6.3340551181102365
21
-3.686811023622047
0
LINE
8
BLACK
6
CONTINUOUS
10
6.3340551181102365
20
-3.686811023622047
11
6.3334785433070868
21
-3.6882029527559053
0
LINE
8
BLACK
6
CONTINUOUS
10
6.3334785433070868
20
-3.6882029527559053
11
6.3320866141732282
21
-3.6887795275590549
0
LINE
8
BLACK
6
CONTINUOUS
10
6.3320866141732282
20
-3.6887795275590549
11
6.2789370078740152
21
-3.6887795275590549
0
LINE
8
BLACK
6
CONTINUOUS
10
6.2789370078740152
20
-3.6887795275590549
11
6.2775450787401574
21
-3.6882029527559053
0
LINE
8
BLACK
6
CONTINUOUS
10
6.2775450787401574
20
-3.6882029527559053
11
6.2769685039370078
21
-3.686811023622047
0
LINE
8
BLACK
6
CONTINUOUS
10
6.2769685039370078
20
-3.686811023622047
11
6.2769685039370078
21
-3.6001968503937007
0
LINE
8
BLACK
6
CONTINUOUS
10
6.2769685039370078
20
-3.6001968503937007
11
6.2775450787401574
21
-3.5988049212598425
0
LINE
8
BLACK
6
CONTINUOUS
10
6.2775450787401574
20
-3.5988049212598425
11
6.2789370078740152
21
-3.5982283464566929
0
LINE
8
BLACK
6
CONTINUOUS
10
6.2789370078740152
20
-3.5982283464566929
11
6.3124015748031495
21
-3.5982283464566929
0
LINE
8
BLACK
6
CONTINUOUS
10
6.2809055118110235
20
-3.6021653543307086
11
6.2809055118110235
21
-3.6848425196850392
0
LINE
8
BLACK
6
CONTINUOUS
10
6.2809055118110235
20
-3.6848425196850392
11
6.3301181102362207
21
-3.6848425196850392
0
LINE
8
BLACK
6
CONTINUOUS
10
6.3301181102362207
20
-3.6848425196850392
11
6.3301181102362207
21
-3.620697244094488
0
LINE
8
BLACK
6
CONTINUOUS
10
6.3301181102362207
20
-3.620697244094488
11
6.3115862204724404
21
-3.6021653543307086
0
LINE
8
BLACK
6
CONTINUOUS
10
6.3115862204724404
20
-3.6021653543307086
11
6.2809055118110235
21
-3.6021653543307086
0
LINE
8
BLACK
6
CONTINUOUS
10
5.9437107874015744
20
-3.6634796456692911
11
5.9439803937007873
21
-3.6634395669291338
0
LINE
8
BLACK
6
CONTINUOUS
10
5.9439803937007873
20
-3.6634395669291338
11
5.9477327559055118
21
-3.6643776377952757
0
LINE
8
BLACK
6
CONTINUOUS
10
5.9477327559055118
20
-3.6643776377952757
11
5.9479290551181103
21
-3.6645231102362206
0
LINE
8
BLACK
6
CONTINUOUS
10
5.9479290551181103
20
-3.6645231102362206
11
5.9481727952755907
21
-3.664540433070866
0
LINE
8
BLACK
6
CONTINUOUS
10
5.9481727952755907
20
-3.664540433070866
11
5.9500489763779525
21
-3.6654785039370079
0
LINE
8
BLACK
6
CONTINUOUS
10
5.9500489763779525
20
-3.6654785039370079
11
5.9502807874015744
21
-3.6657457874015749
0
LINE
8
BLACK
6
CONTINUOUS
10
5.9502807874015744
20
-3.6657457874015749
11
5.9506077559055113
21
-3.6658812204724409
0
LINE
8
BLACK
6
CONTINUOUS
10
5.9506077559055113
20
-3.6658812204724409
11
5.9524839763779527
21
-3.6677574015748031
0
LINE
8
BLACK
6
CONTINUOUS
10
5.9524839763779527
20
-3.6677574015748031
11
5.9526754724409443
21
-3.6682197637795273
0
LINE
8
BLACK
6
CONTINUOUS
10
5.9526754724409443
20
-3.6682197637795273
11
5.9530033858267712
21
-3.6685978346456691
0
LINE
8
BLACK
6
CONTINUOUS
10
5.9530033858267712
20
-3.6685978346456691
11
5.9539414566929132
21
-3.671412125984252
0
LINE
8
BLACK
6
CONTINUOUS
10
5.9539414566929132
20
-3.671412125984252
11
5.953916338582677
21
-3.6717650787401572
0
LINE
8
BLACK
6
CONTINUOUS
10
5.953916338582677
20
-3.6717650787401572
11
5.9540517716535435
21
-3.6720920078740158
0
LINE
8
BLACK
6
CONTINUOUS
10
5.9540517716535435
20
-3.6720920078740158
11
5.9540517716535435
21
-3.6739682283464568
0
LINE
8
BLACK
6
CONTINUOUS
10
5.9540517716535435
20
-3.6739682283464568
11
5.953916338582677
21
-3.6742950787401574
0
LINE
8
BLACK
6
CONTINUOUS
10
5.953916338582677
20
-3.6742950787401574
11
5.9539414566929132
21
-3.6746481102362205
0
LINE
8
BLACK
6
CONTINUOUS
10
5.9539414566929132
20
-3.6746481102362205
11
5.9530033858267712
21
-3.6774623622047242
0
LINE
8
BLACK
6
CONTINUOUS
10
5.9530033858267712
20
-3.6774623622047242
11
5.9526754724409443
21
-3.6778403937007873
0
LINE
8
BLACK
6
CONTINUOUS
10
5.9526754724409443
20
-3.6778403937007873
11
5.9524839763779527
21
-3.6783027559055119
0
LINE
8
BLACK
6
CONTINUOUS
10
5.9524839763779527
20
-3.6783027559055119
11
5.951545866141732
21
-3.6792408661417322
0
LINE
8
BLACK
6
CONTINUOUS
10
5.951545866141732
20
-3.6792408661417322
11
5.9500255905511814
21
-3.679870590551181
0
LINE
8
BLACK
6
CONTINUOUS
10
5.9500255905511814
20
-3.679870590551181
11
5.94850531496063
21
-3.6792408661417322
0
LINE
8
BLACK
6
CONTINUOUS
10
5.94850531496063
20
-3.6792408661417322
11
5.9478755905511811
21
-3.6777205905511812
0
LINE
8
BLACK
6
CONTINUOUS
10
5.9478755905511811
20
-3.6777205905511812
11
5.94850531496063
21
-3.6762003149606297
0
LINE
8
BLACK
6
CONTINUOUS
10
5.94850531496063
20
-3.6762003149606297
11
5.9490844881889764
21
-3.6756211023622045
0
LINE
8
BLACK
6
CONTINUOUS
10
5.9490844881889764
20
-3.6756211023622045
11
5.9497517716535429
21
-3.6736192913385826
0
LINE
8
BLACK
6
CONTINUOUS
10
5.9497517716535429
20
-3.6736192913385826
11
5.9497517716535429
21
-3.672440866141732
0
LINE
8
BLACK
6
CONTINUOUS
10
5.9497517716535429
20
-3.672440866141732
11
5.9490844881889764
21
-3.6704390551181101
0
LINE
8
BLACK
6
CONTINUOUS
10
5.9490844881889764
20
-3.6704390551181101
11
5.9478138582677165
21
-3.6691685039370077
0
LINE
8
BLACK
6
CONTINUOUS
10
5.9478138582677165
20
-3.6691685039370077
11
5.946460826771653
21
-3.668491968503937
0
LINE
8
BLACK
6
CONTINUOUS
10
5.946460826771653
20
-3.668491968503937
11
5.9431943307086614
21
-3.6676753543307088
0
LINE
8
BLACK
6
CONTINUOUS
10
5.9431943307086614
20
-3.6676753543307088
11
5.9409094094488184
21
-3.6676753543307088
0
LINE
8
BLACK
6
CONTINUOUS
10
5.9409094094488184
20
-3.6676753543307088
11
5.9376427165354331
21
-3.668491968503937
0
LINE
8
BLACK
6
CONTINUOUS
10
5.9376427165354331
20
-3.668491968503937
11
5.9362895669291333
21
-3.6691685433070864
0
LINE
8
BLACK
6
CONTINUOUS
10
5.9362895669291333
20
-3.6691685433070864
11
5.9350190551181097
21
-3.6704390551181101
0
LINE
8
BLACK
6
CONTINUOUS
10
5.9350190551181097
20
-3.6704390551181101
11
5.9343517716535432
21
-3.6724409448818895
0
LINE
8
BLACK
6
CONTINUOUS
10
5.9343517716535432
20
-3.6724409448818895
11
5.9343517716535432
21
-3.6736193307086613
0
LINE
8
BLACK
6
CONTINUOUS
10
5.9343517716535432
20
-3.6736193307086613
11
5.9350190157480309
21
-3.6756210629921258
0
LINE
8
BLACK
6
CONTINUOUS
10
5.9350190157480309
20
-3.6756210629921258
11
5.9355982677165349
21
-3.6762003543307085
0
LINE
8
BLACK
6
CONTINUOUS
10
5.9355982677165349
20
-3.6762003543307085
11
5.936227952755905
21
-3.6777206299212599
0
LINE
8
BLACK
6
CONTINUOUS
10
5.936227952755905
20
-3.6777206299212599
11
5.9355981889763783
21
-3.6792409055118109
0
LINE
8
BLACK
6
CONTINUOUS
10
5.9355981889763783
20
-3.6792409055118109
11
5.9340779133858268
21
-3.679870590551181
0
LINE
8
BLACK
6
CONTINUOUS
10
5.9340779133858268
20
-3.679870590551181
11
5.9325576377952753
21
-3.6792408267716534
0
LINE
8
BLACK
6
CONTINUOUS
10
5.9325576377952753
20
-3.6792408267716534
11
5.9316195669291334
21
-3.6783027165354332
0
LINE
8
BLACK
6
CONTINUOUS
10
5.9316195669291334
20
-3.6783027165354332
11
5.9314280708661418
21
-3.6778403937007873
0
LINE
8
BLACK
6
CONTINUOUS
10
5.9314280708661418
20
-3.6778403937007873
11
5.9311002362204723
21
-3.677462401574803
0
LINE
8
BLACK
6
CONTINUOUS
10
5.9311002362204723
20
-3.677462401574803
11
5.9301621259842516
21
-3.6746481496062993
0
LINE
8
BLACK
6
CONTINUOUS
10
5.9301621259842516
20
-3.6746481496062993
11
5.9301871653543303
21
-3.6742951574803149
0
LINE
8
BLACK
6
CONTINUOUS
10
5.9301871653543303
20
-3.6742951574803149
11
5.9300517716535435
21
-3.6739682283464568
0
LINE
8
BLACK
6
CONTINUOUS
10
5.9300517716535435
20
-3.6739682283464568
11
5.9300517716535435
21
-3.6720920078740158
0
LINE
8
BLACK
6
CONTINUOUS
10
5.9300517716535435
20
-3.6720920078740158
11
5.9301871653543303
21
-3.671765118110236
0
LINE
8
BLACK
6
CONTINUOUS
10
5.9301871653543303
20
-3.671765118110236
11
5.9301620866141729
21
-3.671412125984252
0
LINE
8
BLACK
6
CONTINUOUS
10
5.9301620866141729
20
-3.671412125984252
11
5.9311002362204723
21
-3.6685977952755904
0
LINE
8
BLACK
6
CONTINUOUS
10
5.9311002362204723
20
-3.6685977952755904
11
5.9314280708661418
21
-3.6682197244094485
0
LINE
8
BLACK
6
CONTINUOUS
10
5.9314280708661418
20
-3.6682197244094485
11
5.9316196062992121
21
-3.6677574409448819
0
LINE
8
BLACK
6
CONTINUOUS
10
5.9316196062992121
20
-3.6677574409448819
11
5.9334957874015748
21
-3.6658812598425197
0
LINE
8
BLACK
6
CONTINUOUS
10
5.9334957874015748
20
-3.6658812598425197
11
5.9338226771653542
21
-3.6657458267716536
0
LINE
8
BLACK
6
CONTINUOUS
10
5.9338226771653542
20
-3.6657458267716536
11
5.9340545669291336
21
-3.6654785039370079
0
LINE
8
BLACK
6
CONTINUOUS
10
5.9340545669291336
20
-3.6654785039370079
11
5.9359307480314962
21
-3.664540433070866
0
LINE
8
BLACK
6
CONTINUOUS
10
5.9359307480314962
20
-3.664540433070866
11
5.9361744881889766
21
-3.6645231102362206
0
LINE
8
BLACK
6
CONTINUOUS
10
5.9361744881889766
20
-3.6645231102362206
11
5.9363707874015743
21
-3.6643776771653545
0
LINE
8
BLACK
6
CONTINUOUS
10
5.9363707874015743
20
-3.6643776771653545
11
5.9401231889763775
21
-3.6634395669291338
0
LINE
8
BLACK
6
CONTINUOUS
10
5.9401231889763775
20
-3.6634395669291338
11
5.9403927559055116
21
-3.6634796456692911
0
LINE
8
BLACK
6
CONTINUOUS
10
5.9403927559055116
20
-3.6634796456692911
11
5.9406446456692912
21
-3.6633753543307086
0
LINE
8
BLACK
6
CONTINUOUS
10
5.9406446456692912
20
-3.6633753543307086
11
5.9434589370078736
21
-3.6633753543307086
0
LINE
8
BLACK
6
CONTINUOUS
10
5.9434589370078736
20
-3.6633753543307086
11
5.9437107874015744
21
-3.6634796456692911
0
LINE
8
BLACK
6
CONTINUOUS
10
6.0490217322834647
20
-3.6107292519685039
11
6.0505689763779529
21
-3.6120275590551181
0
LINE
8
BLACK
6
CONTINUOUS
10
6.0505689763779529
20
-3.6120275590551181
11
6.0509197244094484
21
-3.6140166929133857
0
LINE
8
BLACK
6
CONTINUOUS
10
6.0509197244094484
20
-3.6140166929133857
11
6.0499098031496059
21
-3.6157658661417322
0
LINE
8
BLACK
6
CONTINUOUS
10
6.0499098031496059
20
-3.6157658661417322
11
6.0480118110236223
21
-3.6164566929133857
0
LINE
8
BLACK
6
CONTINUOUS
10
6.0480118110236223
20
-3.6164566929133857
11
6.0109645669291334
21
-3.6164566929133857
0
LINE
8
BLACK
6
CONTINUOUS
10
6.0109645669291334
20
-3.6164566929133857
11
6.0109645669291334
21
-3.6705511811023621
0
LINE
8
BLACK
6
CONTINUOUS
10
6.0109645669291334
20
-3.6705511811023621
11
6.0480118110236223
21
-3.6705511811023621
0
LINE
8
BLACK
6
CONTINUOUS
10
6.0480118110236223
20
-3.6705511811023621
11
6.0490217322834647
21
-3.670729251968504
0
LINE
8
BLACK
6
CONTINUOUS
10
6.0490217322834647
20
-3.670729251968504
11
6.0505689763779529
21
-3.6720275590551181
0
LINE
8
BLACK
6
CONTINUOUS
10
6.0505689763779529
20
-3.6720275590551181
11
6.0509197244094484
21
-3.6740166929133857
0
LINE
8
BLACK
6
CONTINUOUS
10
6.0509197244094484
20
-3.6740166929133857
11
6.0499098031496059
21
-3.6757658661417323
0
LINE
8
BLACK
6
CONTINUOUS
10
6.0499098031496059
20
-3.6757658661417323
11
6.0480118110236223
21
-3.6764566929133857
0
LINE
8
BLACK
6
CONTINUOUS
10
6.0480118110236223
20
-3.6764566929133857
11
6.0080118110236223
21
-3.6764566929133857
0
LINE
8
BLACK
6
CONTINUOUS
10
6.0080118110236223
20
-3.6764566929133857
11
6.0076282677165356
21
-3.67638905511811
0
LINE
8
BLACK
6
CONTINUOUS
10
6.0076282677165356
20
-3.67638905511811
11
6.0074990551181102
21
-3.6764118503937007
0
LINE
8
BLACK
6
CONTINUOUS
10
6.0074990551181102
20
-3.6764118503937007
11
6.0073854330708656
21
-3.6763462204724409
0
LINE
8
BLACK
6
CONTINUOUS
10
6.0073854330708656
20
-3.6763462204724409
11
6.0070018897637798
21
-3.6762786220472439
0
LINE
8
BLACK
6
CONTINUOUS
10
6.0070018897637798
20
-3.6762786220472439
11
6.0064141732283467
21
-3.6757854724409449
0
LINE
8
BLACK
6
CONTINUOUS
10
6.0064141732283467
20
-3.6757854724409449
11
6.0057498818897637
21
-3.6754019291338582
0
LINE
8
BLACK
6
CONTINUOUS
10
6.0057498818897637
20
-3.6754019291338582
11
6.0056587401574806
21
-3.6751515748031496
0
LINE
8
BLACK
6
CONTINUOUS
10
6.0056587401574806
20
-3.6751515748031496
11
6.0054546456692908
21
-3.6749803149606297
0
LINE
8
BLACK
6
CONTINUOUS
10
6.0054546456692908
20
-3.6749803149606297
11
6.0053213779527557
21
-3.6742247244094486
0
LINE
8
BLACK
6
CONTINUOUS
10
6.0053213779527557
20
-3.6742247244094486
11
6.0050590551181102
21
-3.6735039370078741
0
LINE
8
BLACK
6
CONTINUOUS
10
6.0050590551181102
20
-3.6735039370078741
11
6.0050590551181102
21
-3.6135039370078741
0
LINE
8
BLACK
6
CONTINUOUS
10
6.0050590551181102
20
-3.6135039370078741
11
6.0051266535433072
21
-3.6131203937007874
0
LINE
8
BLACK
6
CONTINUOUS
10
6.0051266535433072
20
-3.6131203937007874
11
6.0051038976377953
21
-3.6129911811023621
0
LINE
8
BLACK
6
CONTINUOUS
10
6.0051038976377953
20
-3.6129911811023621
11
6.0051694881889759
21
-3.6128775590551179
0
LINE
8
BLACK
6
CONTINUOUS
10
6.0051694881889759
20
-3.6128775590551179
11
6.0052371259842516
21
-3.6124940157480312
0
LINE
8
BLACK
6
CONTINUOUS
10
6.0052371259842516
20
-3.6124940157480312
11
6.0057302362204723
21
-3.6119062992125985
0
LINE
8
BLACK
6
CONTINUOUS
10
6.0057302362204723
20
-3.6119062992125985
11
6.0061138188976377
21
-3.6112420078740155
0
LINE
8
BLACK
6
CONTINUOUS
10
6.0061138188976377
20
-3.6112420078740155
11
6.0063641338582672
21
-3.6111508661417324
0
LINE
8
BLACK
6
CONTINUOUS
10
6.0063641338582672
20
-3.6111508661417324
11
6.0065354330708658
21
-3.6109467716535431
0
LINE
8
BLACK
6
CONTINUOUS
10
6.0065354330708658
20
-3.6109467716535431
11
6.0072909842519682
21
-3.610813503937008
0
LINE
8
BLACK
6
CONTINUOUS
10
6.0072909842519682
20
-3.610813503937008
11
6.0080118110236223
21
-3.6105511811023621
0
LINE
8
BLACK
6
CONTINUOUS
10
6.0080118110236223
20
-3.6105511811023621
11
6.0480118110236223
21
-3.6105511811023621
0
LINE
8
BLACK
6
CONTINUOUS
10
6.0480118110236223
20
-3.6105511811023621
11
6.0490217322834647
21
-3.6107292519685039
0
LINE
8
BLACK
6
CONTINUOUS
10
6.1283953149606294
20
-3.6106187795275591
11
6.1285245669291335
21
-3.6105960236220471
0
LINE
8
BLACK
6
CONTINUOUS
10
6.1285245669291335
20
-3.6105960236220471
11
6.1286381496062994
21
-3.6106616141732282
0
LINE
8
BLACK
6
CONTINUOUS
10
6.1286381496062994
20
-3.6106616141732282
11
6.1290217322834648
21
-3.6107292519685039
0
LINE
8
BLACK
6
CONTINUOUS
10
6.1290217322834648
20
-3.6107292519685039
11
6.1296094094488192
21
-3.6112223622047241
0
LINE
8
BLACK
6
CONTINUOUS
10
6.1296094094488192
20
-3.6112223622047241
11
6.1302737401574801
21
-3.6116059448818896
0
LINE
8
BLACK
6
CONTINUOUS
10
6.1302737401574801
20
-3.6116059448818896
11
6.1303648425196853
21
-3.6118562598425195
0
LINE
8
BLACK
6
CONTINUOUS
10
6.1303648425196853
20
-3.6118562598425195
11
6.1305689763779529
21
-3.6120275590551181
0
LINE
8
BLACK
6
CONTINUOUS
10
6.1305689763779529
20
-3.6120275590551181
11
6.1307022047244093
21
-3.6127831102362205
0
LINE
8
BLACK
6
CONTINUOUS
10
6.1307022047244093
20
-3.6127831102362205
11
6.1309645669291335
21
-3.6135039370078741
0
LINE
8
BLACK
6
CONTINUOUS
10
6.1309645669291335
20
-3.6135039370078741
11
6.1309645669291335
21
-3.6735039370078741
0
LINE
8
BLACK
6
CONTINUOUS
10
6.1309645669291335
20
-3.6735039370078741
11
6.1308969291338578
21
-3.6738874409448816
0
LINE
8
BLACK
6
CONTINUOUS
10
6.1308969291338578
20
-3.6738874409448816
11
6.1309197244094484
21
-3.6740166929133857
0
LINE
8
BLACK
6
CONTINUOUS
10
6.1309197244094484
20
-3.6740166929133857
11
6.1308540944881891
21
-3.6741302755905512
0
LINE
8
BLACK
6
CONTINUOUS
10
6.1308540944881891
20
-3.6741302755905512
11
6.1307864960629921
21
-3.6745138582677166
0
LINE
8
BLACK
6
CONTINUOUS
10
6.1307864960629921
20
-3.6745138582677166
11
6.1302933464566927
21
-3.6751015354330709
0
LINE
8
BLACK
6
CONTINUOUS
10
6.1302933464566927
20
-3.6751015354330709
11
6.129909803149606
21
-3.6757658661417323
0
LINE
8
BLACK
6
CONTINUOUS
10
6.129909803149606
20
-3.6757658661417323
11
6.1296594488188978
21
-3.6758569685039371
0
LINE
8
BLACK
6
CONTINUOUS
10
6.1296594488188978
20
-3.6758569685039371
11
6.1294881889763779
21
-3.6760611023622047
0
LINE
8
BLACK
6
CONTINUOUS
10
6.1294881889763779
20
-3.6760611023622047
11
6.1287325984251968
21
-3.6761943307086615
0
LINE
8
BLACK
6
CONTINUOUS
10
6.1287325984251968
20
-3.6761943307086615
11
6.1280118110236215
21
-3.6764566929133857
0
LINE
8
BLACK
6
CONTINUOUS
10
6.1280118110236215
20
-3.6764566929133857
11
6.0880118110236223
21
-3.6764566929133857
0
LINE
8
BLACK
6
CONTINUOUS
10
6.0880118110236223
20
-3.6764566929133857
11
6.087001889763779
21
-3.6762786220472439
0
LINE
8
BLACK
6
CONTINUOUS
10
6.087001889763779
20
-3.6762786220472439
11
6.0854546456692908
21
-3.6749803149606297
0
LINE
8
BLACK
6
CONTINUOUS
10
6.0854546456692908
20
-3.6749803149606297
11
6.0851038976377954
21
-3.6729911811023621
0
LINE
8
BLACK
6
CONTINUOUS
10
6.0851038976377954
20
-3.6729911811023621
11
6.0861138188976378
21
-3.6712420078740156
0
LINE
8
BLACK
6
CONTINUOUS
10
6.0861138188976378
20
-3.6712420078740156
11
6.0880118110236223
21
-3.6705511811023621
0
LINE
8
BLACK
6
CONTINUOUS
10
6.0880118110236223
20
-3.6705511811023621
11
6.1250590551181103
21
-3.6705511811023621
0
LINE
8
BLACK
6
CONTINUOUS
10
6.1250590551181103
20
-3.6705511811023621
11
6.1250590551181103
21
-3.6164566929133857
0
LINE
8
BLACK
6
CONTINUOUS
10
6.1250590551181103
20
-3.6164566929133857
11
6.0936377559055117
21
-3.6164566929133857
0
LINE
8
BLACK
6
CONTINUOUS
10
6.0936377559055117
20
-3.6164566929133857
11
6.0941423228346459
21
-3.6167089763779527
0
LINE
8
BLACK
6
CONTINUOUS
10
6.0941423228346459
20
-3.6167089763779527
11
6.0943741732283465
21
-3.6169762992125984
0
LINE
8
BLACK
6
CONTINUOUS
10
6.0943741732283465
20
-3.6169762992125984
11
6.0947011023622046
21
-3.6171117322834645
0
LINE
8
BLACK
6
CONTINUOUS
10
6.0947011023622046
20
-3.6171117322834645
11
6.0956391732283466
21
-3.618049803149606
0
LINE
8
BLACK
6
CONTINUOUS
10
6.0956391732283466
20
-3.618049803149606
11
6.095723858267716
21
-3.6182542913385825
0
LINE
8
BLACK
6
CONTINUOUS
10
6.095723858267716
20
-3.6182542913385825
11
6.0959077952755907
21
-3.6183774803149604
0
LINE
8
BLACK
6
CONTINUOUS
10
6.0959077952755907
20
-3.6183774803149604
11
6.0977840157480312
21
-3.6211917716535433
0
LINE
8
BLACK
6
CONTINUOUS
10
6.0977840157480312
20
-3.6211917716535433
11
6.0978570078740155
21
-3.6215607874015747
0
LINE
8
BLACK
6
CONTINUOUS
10
6.0978570078740155
20
-3.6215607874015747
11
6.0980808661417321
21
-3.6218629133858267
0
LINE
8
BLACK
6
CONTINUOUS
10
6.0980808661417321
20
-3.6218629133858267
11
6.0990189763779528
21
-3.6256153149606298
0
LINE
8
BLACK
6
CONTINUOUS
10
6.0990189763779528
20
-3.6256153149606298
11
6.0989788582677162
21
-3.6258848818897635
0
LINE
8
BLACK
6
CONTINUOUS
10
6.0989788582677162
20
-3.6258848818897635
11
6.0990831889763779
21
-3.6261367716535431
0
LINE
8
BLACK
6
CONTINUOUS
10
6.0990831889763779
20
-3.6261367716535431
11
6.0990831889763779
21
-3.6336415354330707
0
LINE
8
BLACK
6
CONTINUOUS
10
6.0990831889763779
20
-3.6336415354330707
11
6.0988916535433066
21
-3.6341038976377953
0
LINE
8
BLACK
6
CONTINUOUS
10
6.0988916535433066
20
-3.6341038976377953
11
6.0988561811023621
21
-3.6346030708661416
0
LINE
8
BLACK
6
CONTINUOUS
10
6.0988561811023621
20
-3.6346030708661416
11
6.0979180708661413
21
-3.6364792519685039
0
LINE
8
BLACK
6
CONTINUOUS
10
6.0979180708661413
20
-3.6364792519685039
11
6.0976507480314961
21
-3.6367110629921258
0
LINE
8
BLACK
6
CONTINUOUS
10
6.0976507480314961
20
-3.6367110629921258
11
6.0975153937007871
21
-3.6370379527559056
0
LINE
8
BLACK
6
CONTINUOUS
10
6.0975153937007871
20
-3.6370379527559056
11
6.0965773228346452
21
-3.6379760629921258
0
LINE
8
BLACK
6
CONTINUOUS
10
6.0965773228346452
20
-3.6379760629921258
11
6.0962503543307083
21
-3.6381114566929131
0
LINE
8
BLACK
6
CONTINUOUS
10
6.0962503543307083
20
-3.6381114566929131
11
6.0960185039370076
21
-3.6383788582677163
0
LINE
8
BLACK
6
CONTINUOUS
10
6.0960185039370076
20
-3.6383788582677163
11
6.0941423228346459
21
-3.6393169291338583
0
LINE
8
BLACK
6
CONTINUOUS
10
6.0941423228346459
20
-3.6393169291338583
11
6.093643149606299
21
-3.6393523622047241
0
LINE
8
BLACK
6
CONTINUOUS
10
6.093643149606299
20
-3.6393523622047241
11
6.0931808267716532
21
-3.6395438976377954
0
LINE
8
BLACK
6
CONTINUOUS
10
6.0931808267716532
20
-3.6395438976377954
11
6.08942842519685
21
-3.6395438976377954
0
LINE
8
BLACK
6
CONTINUOUS
10
6.08942842519685
20
-3.6395438976377954
11
6.0889660629921263
21
-3.6393523622047241
0
LINE
8
BLACK
6
CONTINUOUS
10
6.0889660629921263
20
-3.6393523622047241
11
6.0884669291338582
21
-3.6393169291338583
0
LINE
8
BLACK
6
CONTINUOUS
10
6.0884669291338582
20
-3.6393169291338583
11
6.0865907480314956
21
-3.6383788582677163
0
LINE
8
BLACK
6
CONTINUOUS
10
6.0865907480314956
20
-3.6383788582677163
11
6.0863588582677162
21
-3.6381114960629919
0
LINE
8
BLACK
6
CONTINUOUS
10
6.0863588582677162
20
-3.6381114960629919
11
6.0860319685039368
21
-3.6379761023622046
0
LINE
8
BLACK
6
CONTINUOUS
10
6.0860319685039368
20
-3.6379761023622046
11
6.0850938582677161
21
-3.6370379921259843
0
LINE
8
BLACK
6
CONTINUOUS
10
6.0850938582677161
20
-3.6370379921259843
11
6.0849584251968505
21
-3.6367110629921258
0
LINE
8
BLACK
6
CONTINUOUS
10
6.0849584251968505
20
-3.6367110629921258
11
6.0846911023622043
21
-3.6364792125984251
0
LINE
8
BLACK
6
CONTINUOUS
10
6.0846911023622043
20
-3.6364792125984251
11
6.0837530314960633
21
-3.6346030314960629
0
LINE
8
BLACK
6
CONTINUOUS
10
6.0837530314960633
20
-3.6346030314960629
11
6.0837175590551178
21
-3.6341038582677165
0
LINE
8
BLACK
6
CONTINUOUS
10
6.0837175590551178
20
-3.6341038582677165
11
6.0835260629921262
21
-3.6336415354330707
0
LINE
8
BLACK
6
CONTINUOUS
10
6.0835260629921262
20
-3.6336415354330707
11
6.0835260629921262
21
-3.628951062992126
0
LINE
8
BLACK
6
CONTINUOUS
10
6.0835260629921262
20
-3.628951062992126
11
6.0837175590551178
21
-3.6284887007874014
0
LINE
8
BLACK
6
CONTINUOUS
10
6.0837175590551178
20
-3.6284887007874014
11
6.0837530314960633
21
-3.6279895669291338
0
LINE
8
BLACK
6
CONTINUOUS
10
6.0837530314960633
20
-3.6279895669291338
11
6.0846911023622043
21
-3.6261133464566928
0
LINE
8
BLACK
6
CONTINUOUS
10
6.0846911023622043
20
-3.6261133464566928
11
6.0849584645669292
21
-3.6258814173228346
0
LINE
8
BLACK
6
CONTINUOUS
10
6.0849584645669292
20
-3.6258814173228346
11
6.0850938976377948
21
-3.6255545275590548
0
LINE
8
BLACK
6
CONTINUOUS
10
6.0850938976377948
20
-3.6255545275590548
11
6.0860320078740155
21
-3.6246164566929133
0
LINE
8
BLACK
6
CONTINUOUS
10
6.0860320078740155
20
-3.6246164566929133
11
6.0863588582677162
21
-3.624481062992126
0
LINE
8
BLACK
6
CONTINUOUS
10
6.0863588582677162
20
-3.624481062992126
11
6.0865907086614168
21
-3.6242137795275591
0
LINE
8
BLACK
6
CONTINUOUS
10
6.0865907086614168
20
-3.6242137795275591
11
6.0884668897637795
21
-3.6232756692913384
0
LINE
8
BLACK
6
CONTINUOUS
10
6.0884668897637795
20
-3.6232756692913384
11
6.0889660236220475
21
-3.623240157480315
0
LINE
8
BLACK
6
CONTINUOUS
10
6.0889660236220475
20
-3.623240157480315
11
6.08942842519685
21
-3.623048661417323
0
LINE
8
BLACK
6
CONTINUOUS
10
6.08942842519685
20
-3.623048661417323
11
6.0931808267716532
21
-3.623048661417323
0
LINE
8
BLACK
6
CONTINUOUS
10
6.0931808267716532
20
-3.623048661417323
11
6.0936431889763778
21
-3.623240157480315
0
LINE
8
BLACK
6
CONTINUOUS
10
6.0936431889763778
20
-3.623240157480315
11
6.093998464566929
21
-3.6232654330708662
0
LINE
8
BLACK
6
CONTINUOUS
10
6.093998464566929
20
-3.6232654330708662
11
6.0924480708661415
21
-3.6209398031496063
0
LINE
8
BLACK
6
CONTINUOUS
10
6.0924480708661415
20
-3.6209398031496063
11
6.0919072834645664
21
-3.6203990157480312
0
LINE
8
BLACK
6
CONTINUOUS
10
6.0919072834645664
20
-3.6203990157480312
11
6.0907970472440942
21
-3.6198438976377951
0
LINE
8
BLACK
6
CONTINUOUS
10
6.0907970472440942
20
-3.6198438976377951
11
6.0875522440944883
21
-3.6198438976377951
0
LINE
8
BLACK
6
CONTINUOUS
10
6.0875522440944883
20
-3.6198438976377951
11
6.0860319685039368
21
-3.6192141732283463
0
LINE
8
BLACK
6
CONTINUOUS
10
6.0860319685039368
20
-3.6192141732283463
11
6.0854022440944879
21
-3.6176938976377953
0
LINE
8
BLACK
6
CONTINUOUS
10
6.0854022440944879
20
-3.6176938976377953
11
6.0860319685039368
21
-3.6161736220472438
0
LINE
8
BLACK
6
CONTINUOUS
10
6.0860319685039368
20
-3.6161736220472438
11
6.086597559055118
21
-3.6159393307086614
0
LINE
8
BLACK
6
CONTINUOUS
10
6.086597559055118
20
-3.6159393307086614
11
6.0854546456692908
21
-3.6149803149606297
0
LINE
8
BLACK
6
CONTINUOUS
10
6.0854546456692908
20
-3.6149803149606297
11
6.0851038976377954
21
-3.6129911811023621
0
LINE
8
BLACK
6
CONTINUOUS
10
6.0851038976377954
20
-3.6129911811023621
11
6.0861138188976378
21
-3.6112420078740155
0
LINE
8
BLACK
6
CONTINUOUS
10
6.0861138188976378
20
-3.6112420078740155
11
6.0880118110236223
21
-3.6105511811023621
0
LINE
8
BLACK
6
CONTINUOUS
10
6.0880118110236223
20
-3.6105511811023621
11
6.1280118110236215
21
-3.6105511811023621
0
LINE
8
BLACK
6
CONTINUOUS
10
6.1280118110236215
20
-3.6105511811023621
11
6.1283953149606294
21
-3.6106187795275591
0
LINE
8
BLACK
6
CONTINUOUS
10
6.088825787401575
20
-3.6279037401574801
11
6.088381102362205
21
-3.6283484251968505
0
LINE
8
BLACK
6
CONTINUOUS
10
6.088381102362205
20
-3.6283484251968505
11
6.0878260629921259
21
-3.6294585826771653
0
LINE
8
BLACK
6
CONTINUOUS
10
6.0878260629921259
20
-3.6294585826771653
11
6.0878260629921259
21
-3.6331339763779527
0
LINE
8
BLACK
6
CONTINUOUS
10
6.0878260629921259
20
-3.6331339763779527
11
6.0883811417322837
21
-3.6342441732283466
0
LINE
8
BLACK
6
CONTINUOUS
10
6.0883811417322837
20
-3.6342441732283466
11
6.0888257480314962
21
-3.6346887795275591
0
LINE
8
BLACK
6
CONTINUOUS
10
6.0888257480314962
20
-3.6346887795275591
11
6.0899359842519685
21
-3.6352438976377952
0
LINE
8
BLACK
6
CONTINUOUS
10
6.0899359842519685
20
-3.6352438976377952
11
6.0926732677165356
21
-3.6352438976377952
0
LINE
8
BLACK
6
CONTINUOUS
10
6.0926732677165356
20
-3.6352438976377952
11
6.0937834251968503
21
-3.6346888188976378
0
LINE
8
BLACK
6
CONTINUOUS
10
6.0937834251968503
20
-3.6346888188976378
11
6.0942280708661416
21
-3.6342441338582678
0
LINE
8
BLACK
6
CONTINUOUS
10
6.0942280708661416
20
-3.6342441338582678
11
6.0947831889763782
21
-3.6331339370078739
0
LINE
8
BLACK
6
CONTINUOUS
10
6.0947831889763782
20
-3.6331339370078739
11
6.0947831889763782
21
-3.629458622047244
0
LINE
8
BLACK
6
CONTINUOUS
10
6.0947831889763782
20
-3.629458622047244
11
6.0942280708661416
21
-3.6283483858267718
0
LINE
8
BLACK
6
CONTINUOUS
10
6.0942280708661416
20
-3.6283483858267718
11
6.0937833858267716
21
-3.6279037007874013
0
LINE
8
BLACK
6
CONTINUOUS
10
6.0937833858267716
20
-3.6279037007874013
11
6.0926733070866144
21
-3.6273486614173227
0
LINE
8
BLACK
6
CONTINUOUS
10
6.0926733070866144
20
-3.6273486614173227
11
6.0899360236220472
21
-3.6273486614173227
0
LINE
8
BLACK
6
CONTINUOUS
10
6.0899360236220472
20
-3.6273486614173227
11
6.088825787401575
21
-3.6279037401574801
0
LINE
8
BLACK
6
CONTINUOUS
10
5.9809220472440945
20
-3.6596241338582676
11
5.9815517716535433
21
-3.661144409448819
0
LINE
8
BLACK
6
CONTINUOUS
10
5.9815517716535433
20
-3.661144409448819
11
5.9815517716535433
21
-3.6733396456692913
0
LINE
8
BLACK
6
CONTINUOUS
10
5.9815517716535433
20
-3.6733396456692913
11
5.9809220472440945
21
-3.6748599212598423
0
LINE
8
BLACK
6
CONTINUOUS
10
5.9809220472440945
20
-3.6748599212598423
11
5.979401771653543
21
-3.6754896456692911
0
LINE
8
BLACK
6
CONTINUOUS
10
5.979401771653543
20
-3.6754896456692911
11
5.9778814960629916
21
-3.6748599212598423
0
LINE
8
BLACK
6
CONTINUOUS
10
5.9778814960629916
20
-3.6748599212598423
11
5.9772517716535436
21
-3.6733396456692913
0
LINE
8
BLACK
6
CONTINUOUS
10
5.9772517716535436
20
-3.6733396456692913
11
5.9772517716535436
21
-3.6663349606299214
0
LINE
8
BLACK
6
CONTINUOUS
10
5.9772517716535436
20
-3.6663349606299214
11
5.9696649212598425
21
-3.6739218503937008
0
LINE
8
BLACK
6
CONTINUOUS
10
5.9696649212598425
20
-3.6739218503937008
11
5.9692025590551179
21
-3.6741133464566929
0
LINE
8
BLACK
6
CONTINUOUS
10
5.9692025590551179
20
-3.6741133464566929
11
5.968824488188976
21
-3.6744412598425198
0
LINE
8
BLACK
6
CONTINUOUS
10
5.968824488188976
20
-3.6744412598425198
11
5.9660102362204723
21
-3.6753793307086613
0
LINE
8
BLACK
6
CONTINUOUS
10
5.9660102362204723
20
-3.6753793307086613
11
5.9656572440944879
21
-3.6753542125984251
0
LINE
8
BLACK
6
CONTINUOUS
10
5.9656572440944879
20
-3.6753542125984251
11
5.9653303543307086
21
-3.6754896456692911
0
LINE
8
BLACK
6
CONTINUOUS
10
5.9653303543307086
20
-3.6754896456692911
11
5.9634541732283459
21
-3.6754896456692911
0
LINE
8
BLACK
6
CONTINUOUS
10
5.9634541732283459
20
-3.6754896456692911
11
5.9629918110236222
21
-3.6752981102362203
0
LINE
8
BLACK
6
CONTINUOUS
10
5.9629918110236222
20
-3.6752981102362203
11
5.9624927165354329
21
-3.675262677165354
0
LINE
8
BLACK
6
CONTINUOUS
10
5.9624927165354329
20
-3.675262677165354
11
5.9606164566929136
21
-3.6743246062992125
0
LINE
8
BLACK
6
CONTINUOUS
10
5.9606164566929136
20
-3.6743246062992125
11
5.9603845669291333
21
-3.6740572047244093
0
LINE
8
BLACK
6
CONTINUOUS
10
5.9603845669291333
20
-3.6740572047244093
11
5.9600576377952752
21
-3.673921811023622
0
LINE
8
BLACK
6
CONTINUOUS
10
5.9600576377952752
20
-3.673921811023622
11
5.9591195669291341
21
-3.6729837007874013
0
LINE
8
BLACK
6
CONTINUOUS
10
5.9591195669291341
20
-3.6729837007874013
11
5.9589841732283464
21
-3.672656811023622
0
LINE
8
BLACK
6
CONTINUOUS
10
5.9589841732283464
20
-3.672656811023622
11
5.9587168503937002
21
-3.6724250000000001
0
LINE
8
BLACK
6
CONTINUOUS
10
5.9587168503937002
20
-3.6724250000000001
11
5.9577787795275592
21
-3.6705488188976378
0
LINE
8
BLACK
6
CONTINUOUS
10
5.9577787795275592
20
-3.6705488188976378
11
5.957743267716535
21
-3.670049645669291
0
LINE
8
BLACK
6
CONTINUOUS
10
5.957743267716535
20
-3.670049645669291
11
5.9575517716535433
21
-3.6695872834645669
0
LINE
8
BLACK
6
CONTINUOUS
10
5.9575517716535433
20
-3.6695872834645669
11
5.9575517716535433
21
-3.6648968110236217
0
LINE
8
BLACK
6
CONTINUOUS
10
5.9575517716535433
20
-3.6648968110236217
11
5.957743267716535
21
-3.6644344094488188
0
LINE
8
BLACK
6
CONTINUOUS
10
5.957743267716535
20
-3.6644344094488188
11
5.9577787795275592
21
-3.6639352755905512
0
LINE
8
BLACK
6
CONTINUOUS
10
5.9577787795275592
20
-3.6639352755905512
11
5.9587168503937002
21
-3.662059094488189
0
LINE
8
BLACK
6
CONTINUOUS
10
5.9587168503937002
20
-3.662059094488189
11
5.9589841732283464
21
-3.6618272440944879
0
LINE
8
BLACK
6
CONTINUOUS
10
5.9589841732283464
20
-3.6618272440944879
11
5.9591195669291341
21
-3.6615003937007873
0
LINE
8
BLACK
6
CONTINUOUS
10
5.9591195669291341
20
-3.6615003937007873
11
5.9600576377952752
21
-3.660562283464567
0
LINE
8
BLACK
6
CONTINUOUS
10
5.9600576377952752
20
-3.660562283464567
11
5.9615779133858267
21
-3.6599325196850394
0
LINE
8
BLACK
6
CONTINUOUS
10
5.9615779133858267
20
-3.6599325196850394
11
5.9630981889763781
21
-3.6605622047244095
0
LINE
8
BLACK
6
CONTINUOUS
10
5.9630981889763781
20
-3.6605622047244095
11
5.9637279527559057
21
-3.6620824803149605
0
LINE
8
BLACK
6
CONTINUOUS
10
5.9637279527559057
20
-3.6620824803149605
11
5.9630982677165356
21
-3.6636027559055115
0
LINE
8
BLACK
6
CONTINUOUS
10
5.9630982677165356
20
-3.6636027559055115
11
5.9624068503937009
21
-3.6642941732283463
0
LINE
8
BLACK
6
CONTINUOUS
10
5.9624068503937009
20
-3.6642941732283463
11
5.9618517716535431
21
-3.6654043307086615
0
LINE
8
BLACK
6
CONTINUOUS
10
5.9618517716535431
20
-3.6654043307086615
11
5.9618517716535431
21
-3.6690797244094489
0
LINE
8
BLACK
6
CONTINUOUS
10
5.9618517716535431
20
-3.6690797244094489
11
5.9624068503937009
21
-3.6701898818897636
0
LINE
8
BLACK
6
CONTINUOUS
10
5.9624068503937009
20
-3.6701898818897636
11
5.9628514960629921
21
-3.6706345275590548
0
LINE
8
BLACK
6
CONTINUOUS
10
5.9628514960629921
20
-3.6706345275590548
11
5.9639617322834644
21
-3.6711896456692914
0
LINE
8
BLACK
6
CONTINUOUS
10
5.9639617322834644
20
-3.6711896456692914
11
5.9649814173228348
21
-3.6711896456692914
0
LINE
8
BLACK
6
CONTINUOUS
10
5.9649814173228348
20
-3.6711896456692914
11
5.9669832677165351
21
-3.6705223622047245
0
LINE
8
BLACK
6
CONTINUOUS
10
5.9669832677165351
20
-3.6705223622047245
11
5.9778814960629916
21
-3.6596241338582676
0
LINE
8
BLACK
6
CONTINUOUS
10
5.9778814960629916
20
-3.6596241338582676
11
5.979401771653543
21
-3.6589944094488187
0
LINE
8
BLACK
6
CONTINUOUS
10
5.979401771653543
20
-3.6589944094488187
11
5.9809220472440945
21
-3.6596241338582676
0
LINE
8
BLACK
6
CONTINUOUS
10
6.2059220472440941
20
-3.6596241338582676
11
6.206551771653543
21
-3.661144409448819
0
LINE
8
BLACK
6
CONTINUOUS
10
6.206551771653543
20
-3.661144409448819
11
6.206551771653543
21
-3.6733396456692913
0
LINE
8
BLACK
6
CONTINUOUS
10
6.206551771653543
20
-3.6733396456692913
11
6.2059220472440941
21
-3.6748599212598423
0
LINE
8
BLACK
6
CONTINUOUS
10
6.2059220472440941
20
-3.6748599212598423
11
6.2044017716535436
21
-3.6754896456692911
0
LINE
8
BLACK
6
CONTINUOUS
10
6.2044017716535436
20
-3.6754896456692911
11
6.2028814960629921
21
-3.6748599212598423
0
LINE
8
BLACK
6
CONTINUOUS
10
6.2028814960629921
20
-3.6748599212598423
11
6.2022517716535432
21
-3.6733396456692913
0
LINE
8
BLACK
6
CONTINUOUS
10
6.2022517716535432
20
-3.6733396456692913
11
6.2022517716535432
21
-3.6663349606299214
0
LINE
8
BLACK
6
CONTINUOUS
10
6.2022517716535432
20
-3.6663349606299214
11
6.1946649212598421
21
-3.6739218503937008
0
LINE
8
BLACK
6
CONTINUOUS
10
6.1946649212598421
20
-3.6739218503937008
11
6.1942025590551184
21
-3.6741133464566929
0
LINE
8
BLACK
6
CONTINUOUS
10
6.1942025590551184
20
-3.6741133464566929
11
6.1938244881889766
21
-3.6744412598425198
0
LINE
8
BLACK
6
CONTINUOUS
10
6.1938244881889766
20
-3.6744412598425198
11
6.191010236220472
21
-3.6753793307086613
0
LINE
8
BLACK
6
CONTINUOUS
10
6.191010236220472
20
-3.6753793307086613
11
6.1906572440944885
21
-3.6753542125984251
0
LINE
8
BLACK
6
CONTINUOUS
10
6.1906572440944885
20
-3.6753542125984251
11
6.1903303543307082
21
-3.6754896456692911
0
LINE
8
BLACK
6
CONTINUOUS
10
6.1903303543307082
20
-3.6754896456692911
11
6.1884541732283465
21
-3.6754896456692911
0
LINE
8
BLACK
6
CONTINUOUS
10
6.1884541732283465
20
-3.6754896456692911
11
6.1879918110236218
21
-3.6752981102362203
0
LINE
8
BLACK
6
CONTINUOUS
10
6.1879918110236218
20
-3.6752981102362203
11
6.1874927165354325
21
-3.675262677165354
0
LINE
8
BLACK
6
CONTINUOUS
10
6.1874927165354325
20
-3.675262677165354
11
6.1856164566929133
21
-3.6743246062992125
0
LINE
8
BLACK
6
CONTINUOUS
10
6.1856164566929133
20
-3.6743246062992125
11
6.1853845669291339
21
-3.6740572047244093
0
LINE
8
BLACK
6
CONTINUOUS
10
6.1853845669291339
20
-3.6740572047244093
11
6.1850576377952757
21
-3.673921811023622
0
LINE
8
BLACK
6
CONTINUOUS
10
6.1850576377952757
20
-3.673921811023622
11
6.1841195669291338
21
-3.6729837007874013
0
LINE
8
BLACK
6
CONTINUOUS
10
6.1841195669291338
20
-3.6729837007874013
11
6.183984173228346
21
-3.672656811023622
0
LINE
8
BLACK
6
CONTINUOUS
10
6.183984173228346
20
-3.672656811023622
11
6.1837168503937008
21
-3.6724250000000001
0
LINE
8
BLACK
6
CONTINUOUS
10
6.1837168503937008
20
-3.6724250000000001
11
6.1827787795275588
21
-3.6705488188976378
0
LINE
8
BLACK
6
CONTINUOUS
10
6.1827787795275588
20
-3.6705488188976378
11
6.1827432677165355
21
-3.670049645669291
0
LINE
8
BLACK
6
CONTINUOUS
10
6.1827432677165355
20
-3.670049645669291
11
6.182551771653543
21
-3.6695872834645669
0
LINE
8
BLACK
6
CONTINUOUS
10
6.182551771653543
20
-3.6695872834645669
11
6.182551771653543
21
-3.6648968110236217
0
LINE
8
BLACK
6
CONTINUOUS
10
6.182551771653543
20
-3.6648968110236217
11
6.1827432677165355
21
-3.6644344094488188
0
LINE
8
BLACK
6
CONTINUOUS
10
6.1827432677165355
20
-3.6644344094488188
11
6.1827787795275588
21
-3.6639352755905512
0
LINE
8
BLACK
6
CONTINUOUS
10
6.1827787795275588
20
-3.6639352755905512
11
6.1837168503937008
21
-3.662059094488189
0
LINE
8
BLACK
6
CONTINUOUS
10
6.1837168503937008
20
-3.662059094488189
11
6.183984173228346
21
-3.6618272440944879
0
LINE
8
BLACK
6
CONTINUOUS
10
6.183984173228346
20
-3.6618272440944879
11
6.1841195669291338
21
-3.6615003937007873
0
LINE
8
BLACK
6
CONTINUOUS
10
6.1841195669291338
20
-3.6615003937007873
11
6.1850576377952757
21
-3.660562283464567
0
LINE
8
BLACK
6
CONTINUOUS
10
6.1850576377952757
20
-3.660562283464567
11
6.1865779133858263
21
-3.6599325196850394
0
LINE
8
BLACK
6
CONTINUOUS
10
6.1865779133858263
20
-3.6599325196850394
11
6.1880981889763778
21
-3.6605622047244095
0
LINE
8
BLACK
6
CONTINUOUS
10
6.1880981889763778
20
-3.6605622047244095
11
6.1887279527559054
21
-3.6620824803149605
0
LINE
8
BLACK
6
CONTINUOUS
10
6.1887279527559054
20
-3.6620824803149605
11
6.1880982677165353
21
-3.6636027559055115
0
LINE
8
BLACK
6
CONTINUOUS
10
6.1880982677165353
20
-3.6636027559055115
11
6.1874068503937005
21
-3.6642941732283463
0
LINE
8
BLACK
6
CONTINUOUS
10
6.1874068503937005
20
-3.6642941732283463
11
6.1868517716535436
21
-3.6654043307086615
0
LINE
8
BLACK
6
CONTINUOUS
10
6.1868517716535436
20
-3.6654043307086615
11
6.1868517716535436
21
-3.6690797244094489
0
LINE
8
BLACK
6
CONTINUOUS
10
6.1868517716535436
20
-3.6690797244094489
11
6.1874068503937005
21
-3.6701898818897636
0
LINE
8
BLACK
6
CONTINUOUS
10
6.1874068503937005
20
-3.6701898818897636
11
6.1878514960629918
21
-3.6706345275590548
0
LINE
8
BLACK
6
CONTINUOUS
10
6.1878514960629918
20
-3.6706345275590548
11
6.188961732283464
21
-3.6711896456692914
0
LINE
8
BLACK
6
CONTINUOUS
10
6.188961732283464
20
-3.6711896456692914
11
6.1899814173228345
21
-3.6711896456692914
0
LINE
8
BLACK
6
CONTINUOUS
10
6.1899814173228345
20
-3.6711896456692914
11
6.1919832677165356
21
-3.6705223622047245
0
LINE
8
BLACK
6
CONTINUOUS
10
6.1919832677165356
20
-3.6705223622047245
11
6.2028814960629921
21
-3.6596241338582676
0
LINE
8
BLACK
6
CONTINUOUS
10
6.2028814960629921
20
-3.6596241338582676
11
6.2044017716535436
21
-3.6589944094488187
0
LINE
8
BLACK
6
CONTINUOUS
10
6.2044017716535436
20
-3.6589944094488187
11
6.2059220472440941
21
-3.6596241338582676
0
LINE
8
BLACK
6
CONTINUOUS
10
6.168710787401575
20
-3.6540987007874013
11
6.168980393700787
21
-3.654058622047244
0
LINE
8
BLACK
6
CONTINUOUS
10
6.168980393700787
20
-3.654058622047244
11
6.1727327559055114
21
-3.6549966929133859
0
LINE
8
BLACK
6
CONTINUOUS
10
6.1727327559055114
20
-3.6549966929133859
11
6.17292905511811
21
-3.6551421653543308
0
LINE
8
BLACK
6
CONTINUOUS
10
6.17292905511811
20
-3.6551421653543308
11
6.1731727952755904
21
-3.6551594881889762
0
LINE
8
BLACK
6
CONTINUOUS
10
6.1731727952755904
20
-3.6551594881889762
11
6.175048976377953
21
-3.6560975590551181
0
LINE
8
BLACK
6
CONTINUOUS
10
6.175048976377953
20
-3.6560975590551181
11
6.1752807874015749
21
-3.6563648425196851
0
LINE
8
BLACK
6
CONTINUOUS
10
6.1752807874015749
20
-3.6563648425196851
11
6.1756077559055118
21
-3.6565002755905511
0
LINE
8
BLACK
6
CONTINUOUS
10
6.1756077559055118
20
-3.6565002755905511
11
6.1774839763779523
21
-3.6583764566929133
0
LINE
8
BLACK
6
CONTINUOUS
10
6.1774839763779523
20
-3.6583764566929133
11
6.1776754724409448
21
-3.6588388188976375
0
LINE
8
BLACK
6
CONTINUOUS
10
6.1776754724409448
20
-3.6588388188976375
11
6.1780033858267718
21
-3.6592168897637793
0
LINE
8
BLACK
6
CONTINUOUS
10
6.1780033858267718
20
-3.6592168897637793
11
6.1789414566929128
21
-3.6620311811023623
0
LINE
8
BLACK
6
CONTINUOUS
10
6.1789414566929128
20
-3.6620311811023623
11
6.1789163385826766
21
-3.6623841338582674
0
LINE
8
BLACK
6
CONTINUOUS
10
6.1789163385826766
20
-3.6623841338582674
11
6.1790517716535431
21
-3.662711062992126
0
LINE
8
BLACK
6
CONTINUOUS
10
6.1790517716535431
20
-3.662711062992126
11
6.1790517716535431
21
-3.664587283464567
0
LINE
8
BLACK
6
CONTINUOUS
10
6.1790517716535431
20
-3.664587283464567
11
6.1789163385826766
21
-3.6649141338582676
0
LINE
8
BLACK
6
CONTINUOUS
10
6.1789163385826766
20
-3.6649141338582676
11
6.1789414566929128
21
-3.6652671653543307
0
LINE
8
BLACK
6
CONTINUOUS
10
6.1789414566929128
20
-3.6652671653543307
11
6.1780033858267718
21
-3.6680814173228344
0
LINE
8
BLACK
6
CONTINUOUS
10
6.1780033858267718
20
-3.6680814173228344
11
6.1776754724409448
21
-3.6684594488188975
0
LINE
8
BLACK
6
CONTINUOUS
10
6.1776754724409448
20
-3.6684594488188975
11
6.1774839763779523
21
-3.6689218110236221
0
LINE
8
BLACK
6
CONTINUOUS
10
6.1774839763779523
20
-3.6689218110236221
11
6.1765458661417325
21
-3.6698599212598424
0
LINE
8
BLACK
6
CONTINUOUS
10
6.1765458661417325
20
-3.6698599212598424
11
6.1750255905511811
21
-3.6704896456692913
0
LINE
8
BLACK
6
CONTINUOUS
10
6.1750255905511811
20
-3.6704896456692913
11
6.1735053149606296
21
-3.6698599212598424
0
LINE
8
BLACK
6
CONTINUOUS
10
6.1735053149606296
20
-3.6698599212598424
11
6.1728755905511807
21
-3.6683396456692914
0
LINE
8
BLACK
6
CONTINUOUS
10
6.1728755905511807
20
-3.6683396456692914
11
6.1735053149606296
21
-3.6668193700787399
0
LINE
8
BLACK
6
CONTINUOUS
10
6.1735053149606296
20
-3.6668193700787399
11
6.174084488188976
21
-3.6662401574803147
0
LINE
8
BLACK
6
CONTINUOUS
10
6.174084488188976
20
-3.6662401574803147
11
6.1747517716535434
21
-3.6642383464566928
0
LINE
8
BLACK
6
CONTINUOUS
10
6.1747517716535434
20
-3.6642383464566928
11
6.1747517716535434
21
-3.6630599212598423
0
LINE
8
BLACK
6
CONTINUOUS
10
6.1747517716535434
20
-3.6630599212598423
11
6.174084488188976
21
-3.6610581102362203
0
LINE
8
BLACK
6
CONTINUOUS
10
6.174084488188976
20
-3.6610581102362203
11
6.1728138582677161
21
-3.6597875590551179
0
LINE
8
BLACK
6
CONTINUOUS
10
6.1728138582677161
20
-3.6597875590551179
11
6.1714608267716535
21
-3.6591110236220472
0
LINE
8
BLACK
6
CONTINUOUS
10
6.1714608267716535
20
-3.6591110236220472
11
6.1681943307086611
21
-3.658294409448819
0
LINE
8
BLACK
6
CONTINUOUS
10
6.1681943307086611
20
-3.658294409448819
11
6.1659094094488189
21
-3.658294409448819
0
LINE
8
BLACK
6
CONTINUOUS
10
6.1659094094488189
20
-3.658294409448819
11
6.1626427165354327
21
-3.6591110236220472
0
LINE
8
BLACK
6
CONTINUOUS
10
6.1626427165354327
20
-3.6591110236220472
11
6.1612895669291339
21
-3.6597875984251966
0
LINE
8
BLACK
6
CONTINUOUS
10
6.1612895669291339
20
-3.6597875984251966
11
6.1600190551181102
21
-3.6610581102362203
0
LINE
8
BLACK
6
CONTINUOUS
10
6.1600190551181102
20
-3.6610581102362203
11
6.1593517716535429
21
-3.6630599999999998
0
LINE
8
BLACK
6
CONTINUOUS
10
6.1593517716535429
20
-3.6630599999999998
11
6.1593517716535429
21
-3.6642383858267715
0
LINE
8
BLACK
6
CONTINUOUS
10
6.1593517716535429
20
-3.6642383858267715
11
6.1600190157480315
21
-3.666240118110236
0
LINE
8
BLACK
6
CONTINUOUS
10
6.1600190157480315
20
-3.666240118110236
11
6.1605982677165354
21
-3.6668194094488187
0
LINE
8
BLACK
6
CONTINUOUS
10
6.1605982677165354
20
-3.6668194094488187
11
6.1612279527559055
21
-3.6683396850393701
0
LINE
8
BLACK
6
CONTINUOUS
10
6.1612279527559055
20
-3.6683396850393701
11
6.1605981889763779
21
-3.6698599606299211
0
LINE
8
BLACK
6
CONTINUOUS
10
6.1605981889763779
20
-3.6698599606299211
11
6.1590779133858264
21
-3.6704896456692913
0
LINE
8
BLACK
6
CONTINUOUS
10
6.1590779133858264
20
-3.6704896456692913
11
6.1575576377952759
21
-3.6698598818897636
0
LINE
8
BLACK
6
CONTINUOUS
10
6.1575576377952759
20
-3.6698598818897636
11
6.1566195669291339
21
-3.6689217716535434
0
LINE
8
BLACK
6
CONTINUOUS
10
6.1566195669291339
20
-3.6689217716535434
11
6.1564280708661414
21
-3.6684594488188975
0
LINE
8
BLACK
6
CONTINUOUS
10
6.1564280708661414
20
-3.6684594488188975
11
6.156100236220472
21
-3.6680814566929132
0
LINE
8
BLACK
6
CONTINUOUS
10
6.156100236220472
20
-3.6680814566929132
11
6.1551621259842522
21
-3.6652672047244095
0
LINE
8
BLACK
6
CONTINUOUS
10
6.1551621259842522
20
-3.6652672047244095
11
6.1551871653543309
21
-3.6649142125984251
0
LINE
8
BLACK
6
CONTINUOUS
10
6.1551871653543309
20
-3.6649142125984251
11
6.1550517716535431
21
-3.664587283464567
0
LINE
8
BLACK
6
CONTINUOUS
10
6.1550517716535431
20
-3.664587283464567
11
6.1550517716535431
21
-3.662711062992126
0
LINE
8
BLACK
6
CONTINUOUS
10
6.1550517716535431
20
-3.662711062992126
11
6.1551871653543309
21
-3.6623841732283462
0
LINE
8
BLACK
6
CONTINUOUS
10
6.1551871653543309
20
-3.6623841732283462
11
6.1551620866141734
21
-3.6620311811023623
0
LINE
8
BLACK
6
CONTINUOUS
10
6.1551620866141734
20
-3.6620311811023623
11
6.156100236220472
21
-3.6592168503937006
0
LINE
8
BLACK
6
CONTINUOUS
10
6.156100236220472
20
-3.6592168503937006
11
6.1564280708661414
21
-3.6588387795275588
0
LINE
8
BLACK
6
CONTINUOUS
10
6.1564280708661414
20
-3.6588387795275588
11
6.1566196062992127
21
-3.6583764960629921
0
LINE
8
BLACK
6
CONTINUOUS
10
6.1566196062992127
20
-3.6583764960629921
11
6.1584957874015744
21
-3.6565003149606299
0
LINE
8
BLACK
6
CONTINUOUS
10
6.1584957874015744
20
-3.6565003149606299
11
6.1588226771653538
21
-3.6563648818897638
0
LINE
8
BLACK
6
CONTINUOUS
10
6.1588226771653538
20
-3.6563648818897638
11
6.1590545669291341
21
-3.6560975590551181
0
LINE
8
BLACK
6
CONTINUOUS
10
6.1590545669291341
20
-3.6560975590551181
11
6.1609307480314959
21
-3.6551594881889762
0
LINE
8
BLACK
6
CONTINUOUS
10
6.1609307480314959
20
-3.6551594881889762
11
6.1611744881889763
21
-3.6551421653543308
0
LINE
8
BLACK
6
CONTINUOUS
10
6.1611744881889763
20
-3.6551421653543308
11
6.1613707874015748
21
-3.6549967322834647
0
LINE
8
BLACK
6
CONTINUOUS
10
6.1613707874015748
20
-3.6549967322834647
11
6.165123188976378
21
-3.654058622047244
0
LINE
8
BLACK
6
CONTINUOUS
10
6.165123188976378
20
-3.654058622047244
11
6.1653927559055113
21
-3.6540987007874013
0
LINE
8
BLACK
6
CONTINUOUS
10
6.1653927559055113
20
-3.6540987007874013
11
6.1656446456692908
21
-3.6539944094488188
0
LINE
8
BLACK
6
CONTINUOUS
10
6.1656446456692908
20
-3.6539944094488188
11
6.1684589370078742
21
-3.6539944094488188
0
LINE
8
BLACK
6
CONTINUOUS
10
6.1684589370078742
20
-3.6539944094488188
11
6.168710787401575
21
-3.6540987007874013
0
LINE
8
BLACK
6
CONTINUOUS
10
6.0605002755905506
20
-3.6432353937007873
11
6.0609994488188974
21
-3.6432708661417323
0
LINE
8
BLACK
6
CONTINUOUS
10
6.0609994488188974
20
-3.6432708661417323
11
6.0628756692913388
21
-3.6442089763779526
0
LINE
8
BLACK
6
CONTINUOUS
10
6.0628756692913388
20
-3.6442089763779526
11
6.0631075196850395
21
-3.6444762992125983
0
LINE
8
BLACK
6
CONTINUOUS
10
6.0631075196850395
20
-3.6444762992125983
11
6.0634344488188976
21
-3.6446117322834644
0
LINE
8
BLACK
6
CONTINUOUS
10
6.0634344488188976
20
-3.6446117322834644
11
6.0643725196850395
21
-3.6455498031496063
0
LINE
8
BLACK
6
CONTINUOUS
10
6.0643725196850395
20
-3.6455498031496063
11
6.064457204724409
21
-3.6457542913385828
0
LINE
8
BLACK
6
CONTINUOUS
10
6.064457204724409
20
-3.6457542913385828
11
6.0646411417322836
21
-3.6458774803149607
0
LINE
8
BLACK
6
CONTINUOUS
10
6.0646411417322836
20
-3.6458774803149607
11
6.0665173622047242
21
-3.6486917716535432
0
LINE
8
BLACK
6
CONTINUOUS
10
6.0665173622047242
20
-3.6486917716535432
11
6.0665903543307085
21
-3.6490607874015746
0
LINE
8
BLACK
6
CONTINUOUS
10
6.0665903543307085
20
-3.6490607874015746
11
6.066814212598425
21
-3.6493629133858265
0
LINE
8
BLACK
6
CONTINUOUS
10
6.066814212598425
20
-3.6493629133858265
11
6.0677523228346457
21
-3.6531153149606297
0
LINE
8
BLACK
6
CONTINUOUS
10
6.0677523228346457
20
-3.6531153149606297
11
6.0677122047244092
21
-3.6533848818897638
0
LINE
8
BLACK
6
CONTINUOUS
10
6.0677122047244092
20
-3.6533848818897638
11
6.0678165354330709
21
-3.6536367716535434
0
LINE
8
BLACK
6
CONTINUOUS
10
6.0678165354330709
20
-3.6536367716535434
11
6.0678165354330709
21
-3.661141535433071
0
LINE
8
BLACK
6
CONTINUOUS
10
6.0678165354330709
20
-3.661141535433071
11
6.0676249999999996
21
-3.6616038976377951
0
LINE
8
BLACK
6
CONTINUOUS
10
6.0676249999999996
20
-3.6616038976377951
11
6.067589527559055
21
-3.6621030708661415
0
LINE
8
BLACK
6
CONTINUOUS
10
6.067589527559055
20
-3.6621030708661415
11
6.0666514173228343
21
-3.6639792519685037
0
LINE
8
BLACK
6
CONTINUOUS
10
6.0666514173228343
20
-3.6639792519685037
11
6.066384094488189
21
-3.6642110629921261
0
LINE
8
BLACK
6
CONTINUOUS
10
6.066384094488189
20
-3.6642110629921261
11
6.0662487401574801
21
-3.6645379527559054
0
LINE
8
BLACK
6
CONTINUOUS
10
6.0662487401574801
20
-3.6645379527559054
11
6.0653106692913381
21
-3.6654760629921257
0
LINE
8
BLACK
6
CONTINUOUS
10
6.0653106692913381
20
-3.6654760629921257
11
6.0649837007874012
21
-3.6656114566929134
0
LINE
8
BLACK
6
CONTINUOUS
10
6.0649837007874012
20
-3.6656114566929134
11
6.0647518503937006
21
-3.6658788582677166
0
LINE
8
BLACK
6
CONTINUOUS
10
6.0647518503937006
20
-3.6658788582677166
11
6.0628756692913388
21
-3.6668169291338581
0
LINE
8
BLACK
6
CONTINUOUS
10
6.0628756692913388
20
-3.6668169291338581
11
6.062376496062992
21
-3.6668523622047244
0
LINE
8
BLACK
6
CONTINUOUS
10
6.062376496062992
20
-3.6668523622047244
11
6.0619141732283461
21
-3.6670438976377953
0
LINE
8
BLACK
6
CONTINUOUS
10
6.0619141732283461
20
-3.6670438976377953
11
6.058161771653543
21
-3.6670438976377953
0
LINE
8
BLACK
6
CONTINUOUS
10
6.058161771653543
20
-3.6670438976377953
11
6.0576994094488184
21
-3.6668523622047244
0
LINE
8
BLACK
6
CONTINUOUS
10
6.0576994094488184
20
-3.6668523622047244
11
6.0572002755905512
21
-3.6668169291338581
0
LINE
8
BLACK
6
CONTINUOUS
10
6.0572002755905512
20
-3.6668169291338581
11
6.0553240944881885
21
-3.6658788582677166
0
LINE
8
BLACK
6
CONTINUOUS
10
6.0553240944881885
20
-3.6658788582677166
11
6.0550922047244091
21
-3.6656114960629922
0
LINE
8
BLACK
6
CONTINUOUS
10
6.0550922047244091
20
-3.6656114960629922
11
6.0547653149606298
21
-3.6654761023622044
0
LINE
8
BLACK
6
CONTINUOUS
10
6.0547653149606298
20
-3.6654761023622044
11
6.0538272047244091
21
-3.6645379921259842
0
LINE
8
BLACK
6
CONTINUOUS
10
6.0538272047244091
20
-3.6645379921259842
11
6.0536917716535434
21
-3.6642110629921261
0
LINE
8
BLACK
6
CONTINUOUS
10
6.0536917716535434
20
-3.6642110629921261
11
6.0534244488188973
21
-3.663979212598425
0
LINE
8
BLACK
6
CONTINUOUS
10
6.0534244488188973
20
-3.663979212598425
11
6.0524863779527553
21
-3.6621030314960628
0
LINE
8
BLACK
6
CONTINUOUS
10
6.0524863779527553
20
-3.6621030314960628
11
6.0524509055118108
21
-3.6616038582677164
0
LINE
8
BLACK
6
CONTINUOUS
10
6.0524509055118108
20
-3.6616038582677164
11
6.0522594094488191
21
-3.661141535433071
0
LINE
8
BLACK
6
CONTINUOUS
10
6.0522594094488191
20
-3.661141535433071
11
6.0522594094488191
21
-3.6564510629921259
0
LINE
8
BLACK
6
CONTINUOUS
10
6.0522594094488191
20
-3.6564510629921259
11
6.0524509055118108
21
-3.6559887007874017
0
LINE
8
BLACK
6
CONTINUOUS
10
6.0524509055118108
20
-3.6559887007874017
11
6.0524863779527553
21
-3.6554895669291336
0
LINE
8
BLACK
6
CONTINUOUS
10
6.0524863779527553
20
-3.6554895669291336
11
6.0534244488188973
21
-3.6536133464566927
0
LINE
8
BLACK
6
CONTINUOUS
10
6.0534244488188973
20
-3.6536133464566927
11
6.0536918110236222
21
-3.6533814173228345
0
LINE
8
BLACK
6
CONTINUOUS
10
6.0536918110236222
20
-3.6533814173228345
11
6.0538272440944878
21
-3.6530545275590551
0
LINE
8
BLACK
6
CONTINUOUS
10
6.0538272440944878
20
-3.6530545275590551
11
6.0547653543307085
21
-3.6521164566929132
0
LINE
8
BLACK
6
CONTINUOUS
10
6.0547653543307085
20
-3.6521164566929132
11
6.0550922047244091
21
-3.6519810629921259
0
LINE
8
BLACK
6
CONTINUOUS
10
6.0550922047244091
20
-3.6519810629921259
11
6.0553240551181098
21
-3.6517137795275589
0
LINE
8
BLACK
6
CONTINUOUS
10
6.0553240551181098
20
-3.6517137795275589
11
6.0572002362204724
21
-3.6507756692913387
0
LINE
8
BLACK
6
CONTINUOUS
10
6.0572002362204724
20
-3.6507756692913387
11
6.0576993700787396
21
-3.6507401574803149
0
LINE
8
BLACK
6
CONTINUOUS
10
6.0576993700787396
20
-3.6507401574803149
11
6.058161771653543
21
-3.6505486614173228
0
LINE
8
BLACK
6
CONTINUOUS
10
6.058161771653543
20
-3.6505486614173228
11
6.0619141732283461
21
-3.6505486614173228
0
LINE
8
BLACK
6
CONTINUOUS
10
6.0619141732283461
20
-3.6505486614173228
11
6.0623765354330708
21
-3.6507401574803149
0
LINE
8
BLACK
6
CONTINUOUS
10
6.0623765354330708
20
-3.6507401574803149
11
6.0627318110236219
21
-3.6507654330708661
0
LINE
8
BLACK
6
CONTINUOUS
10
6.0627318110236219
20
-3.6507654330708661
11
6.0611814173228344
21
-3.6484398031496061
0
LINE
8
BLACK
6
CONTINUOUS
10
6.0611814173228344
20
-3.6484398031496061
11
6.0606406299212594
21
-3.6478990157480315
0
LINE
8
BLACK
6
CONTINUOUS
10
6.0606406299212594
20
-3.6478990157480315
11
6.0595303937007872
21
-3.647343897637795
0
LINE
8
BLACK
6
CONTINUOUS
10
6.0595303937007872
20
-3.647343897637795
11
6.0562855905511812
21
-3.647343897637795
0
LINE
8
BLACK
6
CONTINUOUS
10
6.0562855905511812
20
-3.647343897637795
11
6.0547653149606298
21
-3.6467141732283466
0
LINE
8
BLACK
6
CONTINUOUS
10
6.0547653149606298
20
-3.6467141732283466
11
6.0541355905511809
21
-3.6451938976377951
0
LINE
8
BLACK
6
CONTINUOUS
10
6.0541355905511809
20
-3.6451938976377951
11
6.0547653149606298
21
-3.6436736220472441
0
LINE
8
BLACK
6
CONTINUOUS
10
6.0547653149606298
20
-3.6436736220472441
11
6.0562855905511812
21
-3.6430438976377952
0
LINE
8
BLACK
6
CONTINUOUS
10
6.0562855905511812
20
-3.6430438976377952
11
6.0600379527559056
21
-3.6430438976377952
0
LINE
8
BLACK
6
CONTINUOUS
10
6.0600379527559056
20
-3.6430438976377952
11
6.0605002755905506
21
-3.6432353937007873
0
LINE
8
BLACK
6
CONTINUOUS
10
6.0575591338582679
20
-3.6554037401574804
11
6.0571144488188979
21
-3.6558484251968504
0
LINE
8
BLACK
6
CONTINUOUS
10
6.0571144488188979
20
-3.6558484251968504
11
6.0565594094488189
21
-3.6569585826771651
0
LINE
8
BLACK
6
CONTINUOUS
10
6.0565594094488189
20
-3.6569585826771651
11
6.0565594094488189
21
-3.6606339763779525
0
LINE
8
BLACK
6
CONTINUOUS
10
6.0565594094488189
20
-3.6606339763779525
11
6.0571144881889758
21
-3.6617441732283464
0
LINE
8
BLACK
6
CONTINUOUS
10
6.0571144881889758
20
-3.6617441732283464
11
6.0575590944881892
21
-3.6621887795275589
0
LINE
8
BLACK
6
CONTINUOUS
10
6.0575590944881892
20
-3.6621887795275589
11
6.0586693307086614
21
-3.6627438976377951
0
LINE
8
BLACK
6
CONTINUOUS
10
6.0586693307086614
20
-3.6627438976377951
11
6.0614066141732286
21
-3.6627438976377951
0
LINE
8
BLACK
6
CONTINUOUS
10
6.0614066141732286
20
-3.6627438976377951
11
6.0625167716535433
21
-3.6621888188976377
0
LINE
8
BLACK
6
CONTINUOUS
10
6.0625167716535433
20
-3.6621888188976377
11
6.0629614173228346
21
-3.6617441338582677
0
LINE
8
BLACK
6
CONTINUOUS
10
6.0629614173228346
20
-3.6617441338582677
11
6.0635165354330711
21
-3.6606339370078738
0
LINE
8
BLACK
6
CONTINUOUS
10
6.0635165354330711
20
-3.6606339370078738
11
6.0635165354330711
21
-3.6569586220472439
0
LINE
8
BLACK
6
CONTINUOUS
10
6.0635165354330711
20
-3.6569586220472439
11
6.0629614173228346
21
-3.6558483858267716
0
LINE
8
BLACK
6
CONTINUOUS
10
6.0629614173228346
20
-3.6558483858267716
11
6.0625167322834645
21
-3.6554037007874016
0
LINE
8
BLACK
6
CONTINUOUS
10
6.0625167322834645
20
-3.6554037007874016
11
6.0614066535433073
21
-3.6548486614173226
0
LINE
8
BLACK
6
CONTINUOUS
10
6.0614066535433073
20
-3.6548486614173226
11
6.0586693700787402
21
-3.6548486614173226
0
LINE
8
BLACK
6
CONTINUOUS
10
6.0586693700787402
20
-3.6548486614173226
11
6.0575591338582679
21
-3.6554037401574804
0
LINE
8
BLACK
6
CONTINUOUS
10
6.0821963385826772
20
-3.6436736220472441
11
6.082826062992126
21
-3.6451938976377951
0
LINE
8
BLACK
6
CONTINUOUS
10
6.082826062992126
20
-3.6451938976377951
11
6.082826062992126
21
-3.6648938976377954
0
LINE
8
BLACK
6
CONTINUOUS
10
6.082826062992126
20
-3.6648938976377954
11
6.0821963385826772
21
-3.6664141732283464
0
LINE
8
BLACK
6
CONTINUOUS
10
6.0821963385826772
20
-3.6664141732283464
11
6.0806760629921257
21
-3.6670438976377953
0
LINE
8
BLACK
6
CONTINUOUS
10
6.0806760629921257
20
-3.6670438976377953
11
6.0712951181102364
21
-3.6670438976377953
0
LINE
8
BLACK
6
CONTINUOUS
10
6.0712951181102364
20
-3.6670438976377953
11
6.0697748425196849
21
-3.6664141732283464
0
LINE
8
BLACK
6
CONTINUOUS
10
6.0697748425196849
20
-3.6664141732283464
11
6.069145118110236
21
-3.6648938976377954
0
LINE
8
BLACK
6
CONTINUOUS
10
6.069145118110236
20
-3.6648938976377954
11
6.0697748425196849
21
-3.6633736220472439
0
LINE
8
BLACK
6
CONTINUOUS
10
6.0697748425196849
20
-3.6633736220472439
11
6.0712951181102364
21
-3.6627438976377951
0
LINE
8
BLACK
6
CONTINUOUS
10
6.0712951181102364
20
-3.6627438976377951
11
6.0785260629921263
21
-3.6627438976377951
0
LINE
8
BLACK
6
CONTINUOUS
10
6.0785260629921263
20
-3.6627438976377951
11
6.0785260629921263
21
-3.6451938976377951
0
LINE
8
BLACK
6
CONTINUOUS
10
6.0785260629921263
20
-3.6451938976377951
11
6.0791557874015743
21
-3.6436736220472441
0
LINE
8
BLACK
6
CONTINUOUS
10
6.0791557874015743
20
-3.6436736220472441
11
6.0806760629921257
21
-3.6430438976377952
0
LINE
8
BLACK
6
CONTINUOUS
10
6.0806760629921257
20
-3.6430438976377952
11
6.0821963385826772
21
-3.6436736220472441
0
LINE
8
BLACK
6
CONTINUOUS
10
5.9858953149606302
20
-3.6181187795275589
11
5.9860245669291334
21
-3.618096023622047
0
LINE
8
BLACK
6
CONTINUOUS
10
5.9860245669291334
20
-3.618096023622047
11
5.9861381496062993
21
-3.6181616141732285
0
LINE
8
BLACK
6
CONTINUOUS
10
5.9861381496062993
20
-3.6181616141732285
11
5.9865217322834647
21
-3.6182292519685038
0
LINE
8
BLACK
6
CONTINUOUS
10
5.9865217322834647
20
-3.6182292519685038
11
5.9871094094488191
21
-3.6187223622047244
0
LINE
8
BLACK
6
CONTINUOUS
10
5.9871094094488191
20
-3.6187223622047244
11
5.98777374015748
21
-3.6191059448818899
0
LINE
8
BLACK
6
CONTINUOUS
10
5.98777374015748
20
-3.6191059448818899
11
5.9878648425196852
21
-3.6193562598425197
0
LINE
8
BLACK
6
CONTINUOUS
10
5.9878648425196852
20
-3.6193562598425197
11
5.9880689763779529
21
-3.6195275590551179
0
LINE
8
BLACK
6
CONTINUOUS
10
5.9880689763779529
20
-3.6195275590551179
11
5.9882022047244092
21
-3.6202831102362203
0
LINE
8
BLACK
6
CONTINUOUS
10
5.9882022047244092
20
-3.6202831102362203
11
5.9884645669291334
21
-3.6210039370078739
0
LINE
8
BLACK
6
CONTINUOUS
10
5.9884645669291334
20
-3.6210039370078739
11
5.9884645669291334
21
-3.661003937007874
0
LINE
8
BLACK
6
CONTINUOUS
10
5.9884645669291334
20
-3.661003937007874
11
5.988286496062992
21
-3.6620138582677164
0
LINE
8
BLACK
6
CONTINUOUS
10
5.988286496062992
20
-3.6620138582677164
11
5.9869881889763779
21
-3.6635611023622046
0
LINE
8
BLACK
6
CONTINUOUS
10
5.9869881889763779
20
-3.6635611023622046
11
5.9849990551181103
21
-3.6639118503937005
0
LINE
8
BLACK
6
CONTINUOUS
10
5.9849990551181103
20
-3.6639118503937005
11
5.9832498818897637
21
-3.662901929133858
0
LINE
8
BLACK
6
CONTINUOUS
10
5.9832498818897637
20
-3.662901929133858
11
5.9825590551181103
21
-3.661003937007874
0
LINE
8
BLACK
6
CONTINUOUS
10
5.9825590551181103
20
-3.661003937007874
11
5.9825590551181103
21
-3.623956692913386
0
LINE
8
BLACK
6
CONTINUOUS
10
5.9825590551181103
20
-3.623956692913386
11
5.9284645669291338
21
-3.623956692913386
0
LINE
8
BLACK
6
CONTINUOUS
10
5.9284645669291338
20
-3.623956692913386
11
5.9284645669291338
21
-3.661003937007874
0
LINE
8
BLACK
6
CONTINUOUS
10
5.9284645669291338
20
-3.661003937007874
11
5.9282864960629924
21
-3.6620138582677164
0
LINE
8
BLACK
6
CONTINUOUS
10
5.9282864960629924
20
-3.6620138582677164
11
5.9269881889763782
21
-3.6635611023622046
0
LINE
8
BLACK
6
CONTINUOUS
10
5.9269881889763782
20
-3.6635611023622046
11
5.9249990551181098
21
-3.6639118503937005
0
LINE
8
BLACK
6
CONTINUOUS
10
5.9249990551181098
20
-3.6639118503937005
11
5.9232498818897632
21
-3.662901929133858
0
LINE
8
BLACK
6
CONTINUOUS
10
5.9232498818897632
20
-3.662901929133858
11
5.9225590551181098
21
-3.661003937007874
0
LINE
8
BLACK
6
CONTINUOUS
10
5.9225590551181098
20
-3.661003937007874
11
5.9225590551181098
21
-3.6210039370078739
0
LINE
8
BLACK
6
CONTINUOUS
10
5.9225590551181098
20
-3.6210039370078739
11
5.9226266535433068
21
-3.6206203937007873
0
LINE
8
BLACK
6
CONTINUOUS
10
5.9226266535433068
20
-3.6206203937007873
11
5.9226038976377948
21
-3.6204911811023623
0
LINE
8
BLACK
6
CONTINUOUS
10
5.9226038976377948
20
-3.6204911811023623
11
5.9226694881889763
21
-3.6203775590551182
0
LINE
8
BLACK
6
CONTINUOUS
10
5.9226694881889763
20
-3.6203775590551182
11
5.9227371259842521
21
-3.6199940157480315
0
LINE
8
BLACK
6
CONTINUOUS
10
5.9227371259842521
20
-3.6199940157480315
11
5.9232302362204727
21
-3.6194062992125984
0
LINE
8
BLACK
6
CONTINUOUS
10
5.9232302362204727
20
-3.6194062992125984
11
5.9236138188976373
21
-3.6187420078740158
0
LINE
8
BLACK
6
CONTINUOUS
10
5.9236138188976373
20
-3.6187420078740158
11
5.9238641338582676
21
-3.6186508661417323
0
LINE
8
BLACK
6
CONTINUOUS
10
5.9238641338582676
20
-3.6186508661417323
11
5.9240354330708662
21
-3.6184467716535433
0
LINE
8
BLACK
6
CONTINUOUS
10
5.9240354330708662
20
-3.6184467716535433
11
5.9247909842519686
21
-3.6183135039370078
0
LINE
8
BLACK
6
CONTINUOUS
10
5.9247909842519686
20
-3.6183135039370078
11
5.9255118110236218
21
-3.6180511811023619
0
LINE
8
BLACK
6
CONTINUOUS
10
5.9255118110236218
20
-3.6180511811023619
11
5.9855118110236223
21
-3.6180511811023619
0
LINE
8
BLACK
6
CONTINUOUS
10
5.9855118110236223
20
-3.6180511811023619
11
5.9858953149606302
21
-3.6181187795275589
0
LINE
8
BLACK
6
CONTINUOUS
10
6.2108953149606299
20
-3.6181187795275589
11
6.211024566929134
21
-3.618096023622047
0
LINE
8
BLACK
6
CONTINUOUS
10
6.211024566929134
20
-3.618096023622047
11
6.211138149606299
21
-3.6181616141732285
0
LINE
8
BLACK
6
CONTINUOUS
10
6.211138149606299
20
-3.6181616141732285
11
6.2115217322834644
21
-3.6182292519685038
0
LINE
8
BLACK
6
CONTINUOUS
10
6.2115217322834644
20
-3.6182292519685038
11
6.2121094094488187
21
-3.6187223622047244
0
LINE
8
BLACK
6
CONTINUOUS
10
6.2121094094488187
20
-3.6187223622047244
11
6.2127737401574805
21
-3.6191059448818899
0
LINE
8
BLACK
6
CONTINUOUS
10
6.2127737401574805
20
-3.6191059448818899
11
6.2128648425196848
21
-3.6193562598425197
0
LINE
8
BLACK
6
CONTINUOUS
10
6.2128648425196848
20
-3.6193562598425197
11
6.2130689763779525
21
-3.6195275590551179
0
LINE
8
BLACK
6
CONTINUOUS
10
6.2130689763779525
20
-3.6195275590551179
11
6.2132022047244089
21
-3.6202831102362203
0
LINE
8
BLACK
6
CONTINUOUS
10
6.2132022047244089
20
-3.6202831102362203
11
6.213464566929134
21
-3.6210039370078739
0
LINE
8
BLACK
6
CONTINUOUS
10
6.213464566929134
20
-3.6210039370078739
11
6.213464566929134
21
-3.661003937007874
0
LINE
8
BLACK
6
CONTINUOUS
10
6.213464566929134
20
-3.661003937007874
11
6.2132864960629917
21
-3.6620138582677164
0
LINE
8
BLACK
6
CONTINUOUS
10
6.2132864960629917
20
-3.6620138582677164
11
6.2119881889763775
21
-3.6635611023622046
0
LINE
8
BLACK
6
CONTINUOUS
10
6.2119881889763775
20
-3.6635611023622046
11
6.2099990551181099
21
-3.6639118503937005
0
LINE
8
BLACK
6
CONTINUOUS
10
6.2099990551181099
20
-3.6639118503937005
11
6.2082498818897633
21
-3.662901929133858
0
LINE
8
BLACK
6
CONTINUOUS
10
6.2082498818897633
20
-3.662901929133858
11
6.2075590551181099
21
-3.661003937007874
0
LINE
8
BLACK
6
CONTINUOUS
10
6.2075590551181099
20
-3.661003937007874
11
6.2075590551181099
21
-3.623956692913386
0
LINE
8
BLACK
6
CONTINUOUS
10
6.2075590551181099
20
-3.623956692913386
11
6.1534645669291335
21
-3.623956692913386
0
LINE
8
BLACK
6
CONTINUOUS
10
6.1534645669291335
20
-3.623956692913386
11
6.1534645669291335
21
-3.661003937007874
0
LINE
8
BLACK
6
CONTINUOUS
10
6.1534645669291335
20
-3.661003937007874
11
6.1532864960629921
21
-3.6620138582677164
0
LINE
8
BLACK
6
CONTINUOUS
10
6.1532864960629921
20
-3.6620138582677164
11
6.1519881889763779
21
-3.6635611023622046
0
LINE
8
BLACK
6
CONTINUOUS
10
6.1519881889763779
20
-3.6635611023622046
11
6.1499990551181103
21
-3.6639118503937005
0
LINE
8
BLACK
6
CONTINUOUS
10
6.1499990551181103
20
-3.6639118503937005
11
6.1482498818897637
21
-3.662901929133858
0
LINE
8
BLACK
6
CONTINUOUS
10
6.1482498818897637
20
-3.662901929133858
11
6.1475590551181103
21
-3.661003937007874
0
LINE
8
BLACK
6
CONTINUOUS
10
6.1475590551181103
20
-3.661003937007874
11
6.1475590551181103
21
-3.6210039370078739
0
LINE
8
BLACK
6
CONTINUOUS
10
6.1475590551181103
20
-3.6210039370078739
11
6.1476266535433073
21
-3.6206203937007873
0
LINE
8
BLACK
6
CONTINUOUS
10
6.1476266535433073
20
-3.6206203937007873
11
6.1476038976377954
21
-3.6204911811023623
0
LINE
8
BLACK
6
CONTINUOUS
10
6.1476038976377954
20
-3.6204911811023623
11
6.147669488188976
21
-3.6203775590551182
0
LINE
8
BLACK
6
CONTINUOUS
10
6.147669488188976
20
-3.6203775590551182
11
6.1477371259842517
21
-3.6199940157480315
0
LINE
8
BLACK
6
CONTINUOUS
10
6.1477371259842517
20
-3.6199940157480315
11
6.1482302362204724
21
-3.6194062992125984
0
LINE
8
BLACK
6
CONTINUOUS
10
6.1482302362204724
20
-3.6194062992125984
11
6.1486138188976378
21
-3.6187420078740158
0
LINE
8
BLACK
6
CONTINUOUS
10
6.1486138188976378
20
-3.6187420078740158
11
6.1488641338582672
21
-3.6186508661417323
0
LINE
8
BLACK
6
CONTINUOUS
10
6.1488641338582672
20
-3.6186508661417323
11
6.1490354330708659
21
-3.6184467716535433
0
LINE
8
BLACK
6
CONTINUOUS
10
6.1490354330708659
20
-3.6184467716535433
11
6.1497909842519682
21
-3.6183135039370078
0
LINE
8
BLACK
6
CONTINUOUS
10
6.1497909842519682
20
-3.6183135039370078
11
6.1505118110236223
21
-3.6180511811023619
0
LINE
8
BLACK
6
CONTINUOUS
10
6.1505118110236223
20
-3.6180511811023619
11
6.2105118110236219
21
-3.6180511811023619
0
LINE
8
BLACK
6
CONTINUOUS
10
6.2105118110236219
20
-3.6180511811023619
11
6.2108953149606299
21
-3.6181187795275589
0
LINE
8
BLACK
6
CONTINUOUS
10
6.0570574803149606
20
-3.6157353937007874
11
6.0575566535433065
21
-3.6157709055118108
0
LINE
8
BLACK
6
CONTINUOUS
10
6.0575566535433065
20
-3.6157709055118108
11
6.0594328346456692
21
-3.6167089763779527
0
LINE
8
BLACK
6
CONTINUOUS
10
6.0594328346456692
20
-3.6167089763779527
11
6.0596646850393698
21
-3.6169762992125984
0
LINE
8
BLACK
6
CONTINUOUS
10
6.0596646850393698
20
-3.6169762992125984
11
6.0599915748031492
21
-3.6171117322834645
0
LINE
8
BLACK
6
CONTINUOUS
10
6.0599915748031492
20
-3.6171117322834645
11
6.0609296456692912
21
-3.618049803149606
0
LINE
8
BLACK
6
CONTINUOUS
10
6.0609296456692912
20
-3.618049803149606
11
6.0610650393700789
21
-3.6183766929133858
0
LINE
8
BLACK
6
CONTINUOUS
10
6.0610650393700789
20
-3.6183766929133858
11
6.0613324015748029
21
-3.6186085826771652
0
LINE
8
BLACK
6
CONTINUOUS
10
6.0613324015748029
20
-3.6186085826771652
11
6.0622705118110236
21
-3.6204848031496062
0
LINE
8
BLACK
6
CONTINUOUS
10
6.0622705118110236
20
-3.6204848031496062
11
6.0623059448818895
21
-3.6209839370078738
0
LINE
8
BLACK
6
CONTINUOUS
10
6.0623059448818895
20
-3.6209839370078738
11
6.0624974803149607
21
-3.6214462992125984
0
LINE
8
BLACK
6
CONTINUOUS
10
6.0624974803149607
20
-3.6214462992125984
11
6.0624974803149607
21
-3.6223843700787399
0
LINE
8
BLACK
6
CONTINUOUS
10
6.0624974803149607
20
-3.6223843700787399
11
6.0623059448818895
21
-3.6228467322834645
0
LINE
8
BLACK
6
CONTINUOUS
10
6.0623059448818895
20
-3.6228467322834645
11
6.0622704724409449
21
-3.6233459055118109
0
LINE
8
BLACK
6
CONTINUOUS
10
6.0622704724409449
20
-3.6233459055118109
11
6.0613323622047242
21
-3.6252220866141731
0
LINE
8
BLACK
6
CONTINUOUS
10
6.0613323622047242
20
-3.6252220866141731
11
6.0610650393700789
21
-3.625453897637795
0
LINE
8
BLACK
6
CONTINUOUS
10
6.0610650393700789
20
-3.625453897637795
11
6.0609296850393699
21
-3.6257807874015748
0
LINE
8
BLACK
6
CONTINUOUS
10
6.0609296850393699
20
-3.6257807874015748
11
6.0605737007874012
21
-3.6261367322834643
0
LINE
8
BLACK
6
CONTINUOUS
10
6.0605737007874012
20
-3.6261367322834643
11
6.0609296850393699
21
-3.626492716535433
0
LINE
8
BLACK
6
CONTINUOUS
10
6.0609296850393699
20
-3.626492716535433
11
6.0610650393700789
21
-3.6268195669291337
0
LINE
8
BLACK
6
CONTINUOUS
10
6.0610650393700789
20
-3.6268195669291337
11
6.0613323622047242
21
-3.6270514173228348
0
LINE
8
BLACK
6
CONTINUOUS
10
6.0613323622047242
20
-3.6270514173228348
11
6.0622704724409449
21
-3.628927598425197
0
LINE
8
BLACK
6
CONTINUOUS
10
6.0622704724409449
20
-3.628927598425197
11
6.0623059448818895
21
-3.6294267322834646
0
LINE
8
BLACK
6
CONTINUOUS
10
6.0623059448818895
20
-3.6294267322834646
11
6.0624974803149607
21
-3.6298891338582675
0
LINE
8
BLACK
6
CONTINUOUS
10
6.0624974803149607
20
-3.6298891338582675
11
6.0624974803149607
21
-3.6336415354330707
0
LINE
8
BLACK
6
CONTINUOUS
10
6.0624974803149607
20
-3.6336415354330707
11
6.0623059448818895
21
-3.6341038976377953
0
LINE
8
BLACK
6
CONTINUOUS
10
6.0623059448818895
20
-3.6341038976377953
11
6.0622704724409449
21
-3.6346030708661416
0
LINE
8
BLACK
6
CONTINUOUS
10
6.0622704724409449
20
-3.6346030708661416
11
6.0613323622047242
21
-3.6364792519685039
0
LINE
8
BLACK
6
CONTINUOUS
10
6.0613323622047242
20
-3.6364792519685039
11
6.0610650393700789
21
-3.6367110629921258
0
LINE
8
BLACK
6
CONTINUOUS
10
6.0610650393700789
20
-3.6367110629921258
11
6.0609296850393699
21
-3.6370379527559056
0
LINE
8
BLACK
6
CONTINUOUS
10
6.0609296850393699
20
-3.6370379527559056
11
6.059991614173228
21
-3.6379760629921258
0
LINE
8
BLACK
6
CONTINUOUS
10
6.059991614173228
20
-3.6379760629921258
11
6.0596646456692911
21
-3.6381114566929131
0
LINE
8
BLACK
6
CONTINUOUS
10
6.0596646456692911
20
-3.6381114566929131
11
6.0594327952755904
21
-3.6383788582677163
0
LINE
8
BLACK
6
CONTINUOUS
10
6.0594327952755904
20
-3.6383788582677163
11
6.0575566141732278
21
-3.6393169291338583
0
LINE
8
BLACK
6
CONTINUOUS
10
6.0575566141732278
20
-3.6393169291338583
11
6.0570574409448819
21
-3.6393523622047241
0
LINE
8
BLACK
6
CONTINUOUS
10
6.0570574409448819
20
-3.6393523622047241
11
6.056595118110236
21
-3.6395438976377954
0
LINE
8
BLACK
6
CONTINUOUS
10
6.056595118110236
20
-3.6395438976377954
11
6.0528427165354328
21
-3.6395438976377954
0
LINE
8
BLACK
6
CONTINUOUS
10
6.0528427165354328
20
-3.6395438976377954
11
6.0523803543307082
21
-3.6393523622047241
0
LINE
8
BLACK
6
CONTINUOUS
10
6.0523803543307082
20
-3.6393523622047241
11
6.051881220472441
21
-3.6393169291338583
0
LINE
8
BLACK
6
CONTINUOUS
10
6.051881220472441
20
-3.6393169291338583
11
6.0500050393700784
21
-3.6383788582677163
0
LINE
8
BLACK
6
CONTINUOUS
10
6.0500050393700784
20
-3.6383788582677163
11
6.049773149606299
21
-3.6381114960629919
0
LINE
8
BLACK
6
CONTINUOUS
10
6.049773149606299
20
-3.6381114960629919
11
6.0494462598425196
21
-3.6379761023622046
0
LINE
8
BLACK
6
CONTINUOUS
10
6.0494462598425196
20
-3.6379761023622046
11
6.0485081496062989
21
-3.6370379921259843
0
LINE
8
BLACK
6
CONTINUOUS
10
6.0485081496062989
20
-3.6370379921259843
11
6.0483727165354333
21
-3.6367110629921258
0
LINE
8
BLACK
6
CONTINUOUS
10
6.0483727165354333
20
-3.6367110629921258
11
6.0481053937007871
21
-3.6364792125984251
0
LINE
8
BLACK
6
CONTINUOUS
10
6.0481053937007871
20
-3.6364792125984251
11
6.0471673228346452
21
-3.6346030314960629
0
LINE
8
BLACK
6
CONTINUOUS
10
6.0471673228346452
20
-3.6346030314960629
11
6.0471318503937006
21
-3.6341038582677165
0
LINE
8
BLACK
6
CONTINUOUS
10
6.0471318503937006
20
-3.6341038582677165
11
6.0469403543307081
21
-3.6336415354330707
0
LINE
8
BLACK
6
CONTINUOUS
10
6.0469403543307081
20
-3.6336415354330707
11
6.0469403543307081
21
-3.6298891338582675
0
LINE
8
BLACK
6
CONTINUOUS
10
6.0469403543307081
20
-3.6298891338582675
11
6.0471318503937006
21
-3.6294267716535433
0
LINE
8
BLACK
6
CONTINUOUS
10
6.0471318503937006
20
-3.6294267716535433
11
6.0471673228346452
21
-3.6289276377952757
0
LINE
8
BLACK
6
CONTINUOUS
10
6.0471673228346452
20
-3.6289276377952757
11
6.0481053937007871
21
-3.6270514566929135
0
LINE
8
BLACK
6
CONTINUOUS
10
6.0481053937007871
20
-3.6270514566929135
11
6.0483727165354333
21
-3.6268195669291337
0
LINE
8
BLACK
6
CONTINUOUS
10
6.0483727165354333
20
-3.6268195669291337
11
6.0485081496062989
21
-3.6264926771653543
0
LINE
8
BLACK
6
CONTINUOUS
10
6.0485081496062989
20
-3.6264926771653543
11
6.0488640551181101
21
-3.6261367322834643
0
LINE
8
BLACK
6
CONTINUOUS
10
6.0488640551181101
20
-3.6261367322834643
11
6.0485081496062989
21
-3.6257808267716536
0
LINE
8
BLACK
6
CONTINUOUS
10
6.0485081496062989
20
-3.6257808267716536
11
6.0483727165354333
21
-3.625453897637795
0
LINE
8
BLACK
6
CONTINUOUS
10
6.0483727165354333
20
-3.625453897637795
11
6.0481053937007871
21
-3.6252220472440944
0
LINE
8
BLACK
6
CONTINUOUS
10
6.0481053937007871
20
-3.6252220472440944
11
6.0471673228346452
21
-3.6233458661417322
0
LINE
8
BLACK
6
CONTINUOUS
10
6.0471673228346452
20
-3.6233458661417322
11
6.0471318503937006
21
-3.6228466929133858
0
LINE
8
BLACK
6
CONTINUOUS
10
6.0471318503937006
20
-3.6228466929133858
11
6.0469403543307081
21
-3.6223843700787399
0
LINE
8
BLACK
6
CONTINUOUS
10
6.0469403543307081
20
-3.6223843700787399
11
6.0469403543307081
21
-3.6214462992125984
0
LINE
8
BLACK
6
CONTINUOUS
10
6.0469403543307081
20
-3.6214462992125984
11
6.0471318503937006
21
-3.6209839370078738
0
LINE
8
BLACK
6
CONTINUOUS
10
6.0471318503937006
20
-3.6209839370078738
11
6.0471673228346452
21
-3.6204848031496062
0
LINE
8
BLACK
6
CONTINUOUS
10
6.0471673228346452
20
-3.6204848031496062
11
6.0481053937007871
21
-3.6186085826771652
0
LINE
8
BLACK
6
CONTINUOUS
10
6.0481053937007871
20
-3.6186085826771652
11
6.048372755905512
21
-3.6183766535433071
0
LINE
8
BLACK
6
CONTINUOUS
10
6.048372755905512
20
-3.6183766535433071
11
6.0485081889763777
21
-3.6180497637795277
0
LINE
8
BLACK
6
CONTINUOUS
10
6.0485081889763777
20
-3.6180497637795277
11
6.0494462992125984
21
-3.6171116929133857
0
LINE
8
BLACK
6
CONTINUOUS
10
6.0494462992125984
20
-3.6171116929133857
11
6.049773149606299
21
-3.6169762992125984
0
LINE
8
BLACK
6
CONTINUOUS
10
6.049773149606299
20
-3.6169762992125984
11
6.0500049999999996
21
-3.6167090157480315
0
LINE
8
BLACK
6
CONTINUOUS
10
6.0500049999999996
20
-3.6167090157480315
11
6.0518811811023623
21
-3.6157709055118108
0
LINE
8
BLACK
6
CONTINUOUS
10
6.0518811811023623
20
-3.6157709055118108
11
6.0523803149606294
21
-3.6157353937007874
0
LINE
8
BLACK
6
CONTINUOUS
10
6.0523803149606294
20
-3.6157353937007874
11
6.0528427165354328
21
-3.6155438976377954
0
LINE
8
BLACK
6
CONTINUOUS
10
6.0528427165354328
20
-3.6155438976377954
11
6.056595118110236
21
-3.6155438976377954
0
LINE
8
BLACK
6
CONTINUOUS
10
6.056595118110236
20
-3.6155438976377954
11
6.0570574803149606
21
-3.6157353937007874
0
LINE
8
BLACK
6
CONTINUOUS
10
6.052240039370079
20
-3.6288418503937008
11
6.0517954330708656
21
-3.6292864566929133
0
LINE
8
BLACK
6
CONTINUOUS
10
6.0517954330708656
20
-3.6292864566929133
11
6.0512403543307087
21
-3.6303966535433072
0
LINE
8
BLACK
6
CONTINUOUS
10
6.0512403543307087
20
-3.6303966535433072
11
6.0512403543307087
21
-3.6331339763779527
0
LINE
8
BLACK
6
CONTINUOUS
10
6.0512403543307087
20
-3.6331339763779527
11
6.0517954330708656
21
-3.6342441732283466
0
LINE
8
BLACK
6
CONTINUOUS
10
6.0517954330708656
20
-3.6342441732283466
11
6.052240039370079
21
-3.6346887795275591
0
LINE
8
BLACK
6
CONTINUOUS
10
6.052240039370079
20
-3.6346887795275591
11
6.0533502755905513
21
-3.6352438976377952
0
LINE
8
BLACK
6
CONTINUOUS
10
6.0533502755905513
20
-3.6352438976377952
11
6.0560875590551175
21
-3.6352438976377952
0
LINE
8
BLACK
6
CONTINUOUS
10
6.0560875590551175
20
-3.6352438976377952
11
6.0571977165354332
21
-3.6346888188976378
0
LINE
8
BLACK
6
CONTINUOUS
10
6.0571977165354332
20
-3.6346888188976378
11
6.0576423622047244
21
-3.6342441338582678
0
LINE
8
BLACK
6
CONTINUOUS
10
6.0576423622047244
20
-3.6342441338582678
11
6.0581974803149601
21
-3.6331339370078739
0
LINE
8
BLACK
6
CONTINUOUS
10
6.0581974803149601
20
-3.6331339370078739
11
6.0581974803149601
21
-3.630396692913386
0
LINE
8
BLACK
6
CONTINUOUS
10
6.0581974803149601
20
-3.630396692913386
11
6.0576423622047244
21
-3.629286496062992
0
LINE
8
BLACK
6
CONTINUOUS
10
6.0576423622047244
20
-3.629286496062992
11
6.0571977165354332
21
-3.628841811023622
0
LINE
8
BLACK
6
CONTINUOUS
10
6.0571977165354332
20
-3.628841811023622
11
6.0560875590551175
21
-3.6282867716535434
0
LINE
8
BLACK
6
CONTINUOUS
10
6.0560875590551175
20
-3.6282867716535434
11
6.0533502755905513
21
-3.6282867716535434
0
LINE
8
BLACK
6
CONTINUOUS
10
6.0533502755905513
20
-3.6282867716535434
11
6.052240039370079
21
-3.6288418503937008
0
LINE
8
BLACK
6
CONTINUOUS
10
6.0522400787401569
20
-3.6203989763779525
11
6.0517953937007869
21
-3.6208436614173229
0
LINE
8
BLACK
6
CONTINUOUS
10
6.0517953937007869
20
-3.6208436614173229
11
6.0512595669291338
21
-3.62191531496063
0
LINE
8
BLACK
6
CONTINUOUS
10
6.0512595669291338
20
-3.62191531496063
11
6.0517954330708656
21
-3.6229870078740158
0
LINE
8
BLACK
6
CONTINUOUS
10
6.0517954330708656
20
-3.6229870078740158
11
6.0522400787401569
21
-3.6234316535433071
0
LINE
8
BLACK
6
CONTINUOUS
10
6.0522400787401569
20
-3.6234316535433071
11
6.05335031496063
21
-3.6239867716535432
0
LINE
8
BLACK
6
CONTINUOUS
10
6.05335031496063
20
-3.6239867716535432
11
6.0560875984251963
21
-3.6239867716535432
0
LINE
8
BLACK
6
CONTINUOUS
10
6.0560875984251963
20
-3.6239867716535432
11
6.0571976771653544
21
-3.6234316929133858
0
LINE
8
BLACK
6
CONTINUOUS
10
6.0571976771653544
20
-3.6234316929133858
11
6.0576423622047244
21
-3.6229869685039371
0
LINE
8
BLACK
6
CONTINUOUS
10
6.0576423622047244
20
-3.6229869685039371
11
6.0581781889763775
21
-3.62191531496063
0
LINE
8
BLACK
6
CONTINUOUS
10
6.0581781889763775
20
-3.62191531496063
11
6.0576423622047244
21
-3.6208436220472442
0
LINE
8
BLACK
6
CONTINUOUS
10
6.0576423622047244
20
-3.6208436220472442
11
6.0571976771653544
21
-3.6203989370078737
0
LINE
8
BLACK
6
CONTINUOUS
10
6.0571976771653544
20
-3.6203989370078737
11
6.0560875984251963
21
-3.6198438976377951
0
LINE
8
BLACK
6
CONTINUOUS
10
6.0560875984251963
20
-3.6198438976377951
11
6.05335031496063
21
-3.6198438976377951
0
LINE
8
BLACK
6
CONTINUOUS
10
6.05335031496063
20
-3.6198438976377951
11
6.0522400787401569
21
-3.6203989763779525
0
LINE
8
BLACK
6
CONTINUOUS
10
6.0748812992125982
20
-3.6223020472440943
11
6.075380472440945
21
-3.6223375590551181
0
LINE
8
BLACK
6
CONTINUOUS
10
6.075380472440945
20
-3.6223375590551181
11
6.0759715748031491
21
-3.6226331102362206
0
LINE
8
BLACK
6
CONTINUOUS
10
6.0759715748031491
20
-3.6226331102362206
11
6.0772331889763782
21
-3.6221105511811023
0
LINE
8
BLACK
6
CONTINUOUS
10
6.0772331889763782
20
-3.6221105511811023
11
6.0787534645669288
21
-3.6227402755905511
0
LINE
8
BLACK
6
CONTINUOUS
10
6.0787534645669288
20
-3.6227402755905511
11
6.0793831889763776
21
-3.6242605511811021
0
LINE
8
BLACK
6
CONTINUOUS
10
6.0793831889763776
20
-3.6242605511811021
11
6.0793831889763776
21
-3.6373938976377951
0
LINE
8
BLACK
6
CONTINUOUS
10
6.0793831889763776
20
-3.6373938976377951
11
6.0787534645669288
21
-3.6389141732283465
0
LINE
8
BLACK
6
CONTINUOUS
10
6.0787534645669288
20
-3.6389141732283465
11
6.0772331889763782
21
-3.6395438976377954
0
LINE
8
BLACK
6
CONTINUOUS
10
6.0772331889763782
20
-3.6395438976377954
11
6.0757129133858268
21
-3.6389141732283465
0
LINE
8
BLACK
6
CONTINUOUS
10
6.0757129133858268
20
-3.6389141732283465
11
6.0750831889763779
21
-3.6373938976377951
0
LINE
8
BLACK
6
CONTINUOUS
10
6.0750831889763779
20
-3.6373938976377951
11
6.0750831889763779
21
-3.6270272834645669
0
LINE
8
BLACK
6
CONTINUOUS
10
6.0750831889763779
20
-3.6270272834645669
11
6.075021496062992
21
-3.6269655905511811
0
LINE
8
BLACK
6
CONTINUOUS
10
6.075021496062992
20
-3.6269655905511811
11
6.0739114173228348
21
-3.6264105511811024
0
LINE
8
BLACK
6
CONTINUOUS
10
6.0739114173228348
20
-3.6264105511811024
11
6.0721122047244096
21
-3.6264105511811024
0
LINE
8
BLACK
6
CONTINUOUS
10
6.0721122047244096
20
-3.6264105511811024
11
6.0713309448818897
21
-3.6268011417322832
0
LINE
8
BLACK
6
CONTINUOUS
10
6.0713309448818897
20
-3.6268011417322832
11
6.0709403543307081
21
-3.6275823622047243
0
LINE
8
BLACK
6
CONTINUOUS
10
6.0709403543307081
20
-3.6275823622047243
11
6.0709403543307081
21
-3.6373938976377951
0
LINE
8
BLACK
6
CONTINUOUS
10
6.0709403543307081
20
-3.6373938976377951
11
6.0703106299212601
21
-3.6389141732283465
0
LINE
8
BLACK
6
CONTINUOUS
10
6.0703106299212601
20
-3.6389141732283465
11
6.0687903543307087
21
-3.6395438976377954
0
LINE
8
BLACK
6
CONTINUOUS
10
6.0687903543307087
20
-3.6395438976377954
11
6.0672700787401572
21
-3.6389141732283465
0
LINE
8
BLACK
6
CONTINUOUS
10
6.0672700787401572
20
-3.6389141732283465
11
6.0666403543307084
21
-3.6373938976377951
0
LINE
8
BLACK
6
CONTINUOUS
10
6.0666403543307084
20
-3.6373938976377951
11
6.0666403543307084
21
-3.627074842519685
0
LINE
8
BLACK
6
CONTINUOUS
10
6.0666403543307084
20
-3.627074842519685
11
6.0668318503937009
21
-3.6266124803149604
0
LINE
8
BLACK
6
CONTINUOUS
10
6.0668318503937009
20
-3.6266124803149604
11
6.0668673228346455
21
-3.6261133464566928
0
LINE
8
BLACK
6
CONTINUOUS
10
6.0668673228346455
20
-3.6261133464566928
11
6.0678053937007874
21
-3.6242371653543306
0
LINE
8
BLACK
6
CONTINUOUS
10
6.0678053937007874
20
-3.6242371653543306
11
6.0683203543307087
21
-3.6237904724409447
0
LINE
8
BLACK
6
CONTINUOUS
10
6.0683203543307087
20
-3.6237904724409447
11
6.068766929133858
21
-3.6232756299212596
0
LINE
8
BLACK
6
CONTINUOUS
10
6.068766929133858
20
-3.6232756299212596
11
6.0706431496062994
21
-3.6223375196850394
0
LINE
8
BLACK
6
CONTINUOUS
10
6.0706431496062994
20
-3.6223375196850394
11
6.0711422834645665
21
-3.6223020472440943
0
LINE
8
BLACK
6
CONTINUOUS
10
6.0711422834645665
20
-3.6223020472440943
11
6.0716046456692911
21
-3.6221105511811023
0
LINE
8
BLACK
6
CONTINUOUS
10
6.0716046456692911
20
-3.6221105511811023
11
6.0744189370078736
21
-3.6221105511811023
0
LINE
8
BLACK
6
CONTINUOUS
10
6.0744189370078736
20
-3.6221105511811023
11
6.0748812992125982
21
-3.6223020472440943
0
LINE
8
BLACK
6
CONTINUOUS
10
6.3361579527559053
20
-3.5168126771653543
11
6.3367876771653542
21
-3.5183329527559053
0
LINE
8
BLACK
6
CONTINUOUS
10
6.3367876771653542
20
-3.5183329527559053
11
6.3361579527559053
21
-3.5198532283464568
0
LINE
8
BLACK
6
CONTINUOUS
10
6.3361579527559053
20
-3.5198532283464568
11
6.3346376771653539
21
-3.5204829527559056
0
LINE
8
BLACK
6
CONTINUOUS
10
6.3346376771653539
20
-3.5204829527559056
11
6.3264686220472441
21
-3.5204829527559056
0
LINE
8
BLACK
6
CONTINUOUS
10
6.3264686220472441
20
-3.5204829527559056
11
6.3264686220472441
21
-3.5248996062992126
0
LINE
8
BLACK
6
CONTINUOUS
10
6.3264686220472441
20
-3.5248996062992126
11
6.3258388976377953
21
-3.5264198818897636
0
LINE
8
BLACK
6
CONTINUOUS
10
6.3258388976377953
20
-3.5264198818897636
11
6.3243186220472438
21
-3.5270496062992125
0
LINE
8
BLACK
6
CONTINUOUS
10
6.3243186220472438
20
-3.5270496062992125
11
6.3227983464566924
21
-3.5264198818897636
0
LINE
8
BLACK
6
CONTINUOUS
10
6.3227983464566924
20
-3.5264198818897636
11
6.3221686220472444
21
-3.5248996062992126
0
LINE
8
BLACK
6
CONTINUOUS
10
6.3221686220472444
20
-3.5248996062992126
11
6.3221686220472444
21
-3.5204829527559056
0
LINE
8
BLACK
6
CONTINUOUS
10
6.3221686220472444
20
-3.5204829527559056
11
6.3170876771653539
21
-3.5204829527559056
0
LINE
8
BLACK
6
CONTINUOUS
10
6.3170876771653539
20
-3.5204829527559056
11
6.3170876771653539
21
-3.5277138976377951
0
LINE
8
BLACK
6
CONTINUOUS
10
6.3170876771653539
20
-3.5277138976377951
11
6.316457952755905
21
-3.5292341732283465
0
LINE
8
BLACK
6
CONTINUOUS
10
6.316457952755905
20
-3.5292341732283465
11
6.3149376771653545
21
-3.5298638976377954
0
LINE
8
BLACK
6
CONTINUOUS
10
6.3149376771653545
20
-3.5298638976377954
11
6.3137004724409449
21
-3.5293514173228346
0
LINE
8
BLACK
6
CONTINUOUS
10
6.3137004724409449
20
-3.5293514173228346
11
6.3137004724409449
21
-3.5658397244094489
0
LINE
8
BLACK
6
CONTINUOUS
10
6.3137004724409449
20
-3.5658397244094489
11
6.3677949606299213
21
-3.5658397244094489
0
LINE
8
BLACK
6
CONTINUOUS
10
6.3677949606299213
20
-3.5658397244094489
11
6.3677949606299213
21
-3.5287924803149604
0
LINE
8
BLACK
6
CONTINUOUS
10
6.3677949606299213
20
-3.5287924803149604
11
6.3679730314960628
21
-3.527782559055118
0
LINE
8
BLACK
6
CONTINUOUS
10
6.3679730314960628
20
-3.527782559055118
11
6.3692713385826769
21
-3.5262353149606298
0
LINE
8
BLACK
6
CONTINUOUS
10
6.3692713385826769
20
-3.5262353149606298
11
6.3712604724409445
21
-3.5258845669291339
0
LINE
8
BLACK
6
CONTINUOUS
10
6.3712604724409445
20
-3.5258845669291339
11
6.3730096456692911
21
-3.5268944881889763
0
LINE
8
BLACK
6
CONTINUOUS
10
6.3730096456692911
20
-3.5268944881889763
11
6.3737004724409445
21
-3.5287924803149604
0
LINE
8
BLACK
6
CONTINUOUS
10
6.3737004724409445
20
-3.5287924803149604
11
6.3737004724409445
21
-3.5687924803149604
0
LINE
8
BLACK
6
CONTINUOUS
10
6.3737004724409445
20
-3.5687924803149604
11
6.3736328346456688
21
-3.5691759842519684
0
LINE
8
BLACK
6
CONTINUOUS
10
6.3736328346456688
20
-3.5691759842519684
11
6.3736556299212594
21
-3.5693052362204725
0
LINE
8
BLACK
6
CONTINUOUS
10
6.3736556299212594
20
-3.5693052362204725
11
6.3735900000000001
21
-3.5694188188976379
0
LINE
8
BLACK
6
CONTINUOUS
10
6.3735900000000001
20
-3.5694188188976379
11
6.3735224015748031
21
-3.5698024015748029
0
LINE
8
BLACK
6
CONTINUOUS
10
6.3735224015748031
20
-3.5698024015748029
11
6.3730292519685037
21
-3.5703900787401572
0
LINE
8
BLACK
6
CONTINUOUS
10
6.3730292519685037
20
-3.5703900787401572
11
6.372645708661417
21
-3.571054409448819
0
LINE
8
BLACK
6
CONTINUOUS
10
6.372645708661417
20
-3.571054409448819
11
6.3723953543307088
21
-3.5711455118110234
0
LINE
8
BLACK
6
CONTINUOUS
10
6.3723953543307088
20
-3.5711455118110234
11
6.3722240944881889
21
-3.5713496456692915
0
LINE
8
BLACK
6
CONTINUOUS
10
6.3722240944881889
20
-3.5713496456692915
11
6.3714685039370078
21
-3.5714828740157478
0
LINE
8
BLACK
6
CONTINUOUS
10
6.3714685039370078
20
-3.5714828740157478
11
6.3707477165354334
21
-3.5717452362204725
0
LINE
8
BLACK
6
CONTINUOUS
10
6.3707477165354334
20
-3.5717452362204725
11
6.3107477165354329
21
-3.5717452362204725
0
LINE
8
BLACK
6
CONTINUOUS
10
6.3107477165354329
20
-3.5717452362204725
11
6.3103641732283462
21
-3.5716775984251967
0
LINE
8
BLACK
6
CONTINUOUS
10
6.3103641732283462
20
-3.5716775984251967
11
6.3102349606299208
21
-3.5717003937007874
0
LINE
8
BLACK
6
CONTINUOUS
10
6.3102349606299208
20
-3.5717003937007874
11
6.3101213385826771
21
-3.5716347637795276
0
LINE
8
BLACK
6
CONTINUOUS
10
6.3101213385826771
20
-3.5716347637795276
11
6.3097377952755904
21
-3.5715671653543306
0
LINE
8
BLACK
6
CONTINUOUS
10
6.3097377952755904
20
-3.5715671653543306
11
6.3091500787401573
21
-3.5710740157480316
0
LINE
8
BLACK
6
CONTINUOUS
10
6.3091500787401573
20
-3.5710740157480316
11
6.3084857874015743
21
-3.570690472440945
0
LINE
8
BLACK
6
CONTINUOUS
10
6.3084857874015743
20
-3.570690472440945
11
6.3083946456692912
21
-3.5704401181102363
0
LINE
8
BLACK
6
CONTINUOUS
10
6.3083946456692912
20
-3.5704401181102363
11
6.3081905511811023
21
-3.5702688582677164
0
LINE
8
BLACK
6
CONTINUOUS
10
6.3081905511811023
20
-3.5702688582677164
11
6.3080572834645672
21
-3.5695132677165353
0
LINE
8
BLACK
6
CONTINUOUS
10
6.3080572834645672
20
-3.5695132677165353
11
6.3077949606299208
21
-3.5687924803149604
0
LINE
8
BLACK
6
CONTINUOUS
10
6.3077949606299208
20
-3.5687924803149604
11
6.3077949606299208
21
-3.5287924803149604
0
LINE
8
BLACK
6
CONTINUOUS
10
6.3077949606299208
20
-3.5287924803149604
11
6.3079730314960631
21
-3.527782559055118
0
LINE
8
BLACK
6
CONTINUOUS
10
6.3079730314960631
20
-3.527782559055118
11
6.3092713385826773
21
-3.5262353149606298
0
LINE
8
BLACK
6
CONTINUOUS
10
6.3092713385826773
20
-3.5262353149606298
11
6.3112604724409449
21
-3.5258845669291339
0
LINE
8
BLACK
6
CONTINUOUS
10
6.3112604724409449
20
-3.5258845669291339
11
6.3127876771653542
21
-3.5267662992125985
0
LINE
8
BLACK
6
CONTINUOUS
10
6.3127876771653542
20
-3.5267662992125985
11
6.3127876771653542
21
-3.5183329527559053
0
LINE
8
BLACK
6
CONTINUOUS
10
6.3127876771653542
20
-3.5183329527559053
11
6.313417401574803
21
-3.5168126771653543
0
LINE
8
BLACK
6
CONTINUOUS
10
6.313417401574803
20
-3.5168126771653543
11
6.3149376771653545
21
-3.5161829527559054
0
LINE
8
BLACK
6
CONTINUOUS
10
6.3149376771653545
20
-3.5161829527559054
11
6.3346376771653539
21
-3.5161829527559054
0
LINE
8
BLACK
6
CONTINUOUS
10
6.3346376771653539
20
-3.5161829527559054
11
6.3361579527559053
21
-3.5168126771653543
0
LINE
8
BLACK
6
CONTINUOUS
10
6.3588476771653539
20
-3.5110553937007873
11
6.3593468503937007
21
-3.5110909055118111
0
LINE
8
BLACK
6
CONTINUOUS
10
6.3593468503937007
20
-3.5110909055118111
11
6.3612230314960625
21
-3.5120289763779526
0
LINE
8
BLACK
6
CONTINUOUS
10
6.3612230314960625
20
-3.5120289763779526
11
6.3614548425196853
21
-3.5122962992125983
0
LINE
8
BLACK
6
CONTINUOUS
10
6.3614548425196853
20
-3.5122962992125983
11
6.3617817322834647
21
-3.5124316929133856
0
LINE
8
BLACK
6
CONTINUOUS
10
6.3617817322834647
20
-3.5124316929133856
11
6.3627198425196845
21
-3.5133697637795276
0
LINE
8
BLACK
6
CONTINUOUS
10
6.3627198425196845
20
-3.5133697637795276
11
6.3628552362204722
21
-3.5136966929133857
0
LINE
8
BLACK
6
CONTINUOUS
10
6.3628552362204722
20
-3.5136966929133857
11
6.3631226377952759
21
-3.5139285826771651
0
LINE
8
BLACK
6
CONTINUOUS
10
6.3631226377952759
20
-3.5139285826771651
11
6.3640607086614169
21
-3.5158047637795273
0
LINE
8
BLACK
6
CONTINUOUS
10
6.3640607086614169
20
-3.5158047637795273
11
6.3640961417322837
21
-3.5163038976377954
0
LINE
8
BLACK
6
CONTINUOUS
10
6.3640961417322837
20
-3.5163038976377954
11
6.364287677165354
21
-3.5167662598425196
0
LINE
8
BLACK
6
CONTINUOUS
10
6.364287677165354
20
-3.5167662598425196
11
6.364287677165354
21
-3.5205186614173227
0
LINE
8
BLACK
6
CONTINUOUS
10
6.364287677165354
20
-3.5205186614173227
11
6.3640961417322837
21
-3.5209809842519686
0
LINE
8
BLACK
6
CONTINUOUS
10
6.3640961417322837
20
-3.5209809842519686
11
6.3640607086614169
21
-3.521480157480315
0
LINE
8
BLACK
6
CONTINUOUS
10
6.3640607086614169
20
-3.521480157480315
11
6.3631226377952759
21
-3.5233563385826772
0
LINE
8
BLACK
6
CONTINUOUS
10
6.3631226377952759
20
-3.5233563385826772
11
6.362855275590551
21
-3.5235881889763778
0
LINE
8
BLACK
6
CONTINUOUS
10
6.362855275590551
20
-3.5235881889763778
11
6.3627198818897632
21
-3.5239151181102359
0
LINE
8
BLACK
6
CONTINUOUS
10
6.3627198818897632
20
-3.5239151181102359
11
6.3617817716535434
21
-3.5248532283464566
0
LINE
8
BLACK
6
CONTINUOUS
10
6.3617817716535434
20
-3.5248532283464566
11
6.3614548425196853
21
-3.5249886220472439
0
LINE
8
BLACK
6
CONTINUOUS
10
6.3614548425196853
20
-3.5249886220472439
11
6.3612229921259837
21
-3.5252559842519684
0
LINE
8
BLACK
6
CONTINUOUS
10
6.3612229921259837
20
-3.5252559842519684
11
6.359346811023622
21
-3.5261940551181103
0
LINE
8
BLACK
6
CONTINUOUS
10
6.359346811023622
20
-3.5261940551181103
11
6.3588476377952752
21
-3.5262294881889762
0
LINE
8
BLACK
6
CONTINUOUS
10
6.3588476377952752
20
-3.5262294881889762
11
6.3583853149606302
21
-3.526421023622047
0
LINE
8
BLACK
6
CONTINUOUS
10
6.3583853149606302
20
-3.526421023622047
11
6.3536948425196851
21
-3.526421023622047
0
LINE
8
BLACK
6
CONTINUOUS
10
6.3536948425196851
20
-3.526421023622047
11
6.3532324803149605
21
-3.5262294881889762
0
LINE
8
BLACK
6
CONTINUOUS
10
6.3532324803149605
20
-3.5262294881889762
11
6.3527333858267712
21
-3.5261940551181103
0
LINE
8
BLACK
6
CONTINUOUS
10
6.3527333858267712
20
-3.5261940551181103
11
6.3508571259842519
21
-3.5252559842519684
0
LINE
8
BLACK
6
CONTINUOUS
10
6.3508571259842519
20
-3.5252559842519684
11
6.3506252362204725
21
-3.5249885826771652
0
LINE
8
BLACK
6
CONTINUOUS
10
6.3506252362204725
20
-3.5249885826771652
11
6.3502983070866144
21
-3.5248531889763779
0
LINE
8
BLACK
6
CONTINUOUS
10
6.3502983070866144
20
-3.5248531889763779
11
6.3493602362204724
21
-3.5239150787401572
0
LINE
8
BLACK
6
CONTINUOUS
10
6.3493602362204724
20
-3.5239150787401572
11
6.3492248425196847
21
-3.5235881889763778
0
LINE
8
BLACK
6
CONTINUOUS
10
6.3492248425196847
20
-3.5235881889763778
11
6.3489575196850394
21
-3.5233563779527559
0
LINE
8
BLACK
6
CONTINUOUS
10
6.3489575196850394
20
-3.5233563779527559
11
6.3480194488188975
21
-3.5214801968503937
0
LINE
8
BLACK
6
CONTINUOUS
10
6.3480194488188975
20
-3.5214801968503937
11
6.3479839370078741
21
-3.5209810236220473
0
LINE
8
BLACK
6
CONTINUOUS
10
6.3479839370078741
20
-3.5209810236220473
11
6.3477924409448816
21
-3.5205186614173227
0
LINE
8
BLACK
6
CONTINUOUS
10
6.3477924409448816
20
-3.5205186614173227
11
6.3477924409448816
21
-3.5167662598425196
0
LINE
8
BLACK
6
CONTINUOUS
10
6.3477924409448816
20
-3.5167662598425196
11
6.3479839370078741
21
-3.5163038582677166
0
LINE
8
BLACK
6
CONTINUOUS
10
6.3479839370078741
20
-3.5163038582677166
11
6.3480092125984253
21
-3.5159485826771655
0
LINE
8
BLACK
6
CONTINUOUS
10
6.3480092125984253
20
-3.5159485826771655
11
6.3456835826771654
21
-3.5174989763779525
0
LINE
8
BLACK
6
CONTINUOUS
10
6.3456835826771654
20
-3.5174989763779525
11
6.3451427952755903
21
-3.5180398031496063
0
LINE
8
BLACK
6
CONTINUOUS
10
6.3451427952755903
20
-3.5180398031496063
11
6.3445876771653538
21
-3.5191500393700785
0
LINE
8
BLACK
6
CONTINUOUS
10
6.3445876771653538
20
-3.5191500393700785
11
6.3445876771653538
21
-3.5223948425196849
0
LINE
8
BLACK
6
CONTINUOUS
10
6.3445876771653538
20
-3.5223948425196849
11
6.3439579527559058
21
-3.5239151181102359
0
LINE
8
BLACK
6
CONTINUOUS
10
6.3439579527559058
20
-3.5239151181102359
11
6.3424376771653543
21
-3.5245448425196848
0
LINE
8
BLACK
6
CONTINUOUS
10
6.3424376771653543
20
-3.5245448425196848
11
6.3409174015748029
21
-3.5239151181102359
0
LINE
8
BLACK
6
CONTINUOUS
10
6.3409174015748029
20
-3.5239151181102359
11
6.340287677165354
21
-3.5223948425196849
0
LINE
8
BLACK
6
CONTINUOUS
10
6.340287677165354
20
-3.5223948425196849
11
6.340287677165354
21
-3.5186424803149605
0
LINE
8
BLACK
6
CONTINUOUS
10
6.340287677165354
20
-3.5186424803149605
11
6.3404791732283465
21
-3.5181801181102363
0
LINE
8
BLACK
6
CONTINUOUS
10
6.3404791732283465
20
-3.5181801181102363
11
6.3405146456692911
21
-3.5176809842519683
0
LINE
8
BLACK
6
CONTINUOUS
10
6.3405146456692911
20
-3.5176809842519683
11
6.3414527559055118
21
-3.5158047637795273
0
LINE
8
BLACK
6
CONTINUOUS
10
6.3414527559055118
20
-3.5158047637795273
11
6.3417200787401571
21
-3.5155728740157479
0
LINE
8
BLACK
6
CONTINUOUS
10
6.3417200787401571
20
-3.5155728740157479
11
6.3418555118110236
21
-3.5152459842519685
0
LINE
8
BLACK
6
CONTINUOUS
10
6.3418555118110236
20
-3.5152459842519685
11
6.3427935826771655
21
-3.5143079133858266
0
LINE
8
BLACK
6
CONTINUOUS
10
6.3427935826771655
20
-3.5143079133858266
11
6.342998070866142
21
-3.514223188976378
0
LINE
8
BLACK
6
CONTINUOUS
10
6.342998070866142
20
-3.514223188976378
11
6.34312125984252
21
-3.5140392913385825
0
LINE
8
BLACK
6
CONTINUOUS
10
6.34312125984252
20
-3.5140392913385825
11
6.3459355511811024
21
-3.5121630708661415
0
LINE
8
BLACK
6
CONTINUOUS
10
6.3459355511811024
20
-3.5121630708661415
11
6.3463045669291338
21
-3.5120900393700785
0
LINE
8
BLACK
6
CONTINUOUS
10
6.3463045669291338
20
-3.5120900393700785
11
6.3466066929133857
21
-3.5118662204724407
0
LINE
8
BLACK
6
CONTINUOUS
10
6.3466066929133857
20
-3.5118662204724407
11
6.3503590944881889
21
-3.5109281102362204
0
LINE
8
BLACK
6
CONTINUOUS
10
6.3503590944881889
20
-3.5109281102362204
11
6.3506286614173231
21
-3.5109681889763777
0
LINE
8
BLACK
6
CONTINUOUS
10
6.3506286614173231
20
-3.5109681889763777
11
6.3508805511811026
21
-3.5108638976377953
0
LINE
8
BLACK
6
CONTINUOUS
10
6.3508805511811026
20
-3.5108638976377953
11
6.3583853149606302
21
-3.5108638976377953
0
LINE
8
BLACK
6
CONTINUOUS
10
6.3583853149606302
20
-3.5108638976377953
11
6.3588476771653539
21
-3.5110553937007873
0
LINE
8
BLACK
6
CONTINUOUS
10
6.3530921653543304
20
-3.5157190157480316
11
6.3526474803149604
21
-3.5161636614173228
0
LINE
8
BLACK
6
CONTINUOUS
10
6.3526474803149604
20
-3.5161636614173228
11
6.3520924409448813
21
-3.5172737795275588
0
LINE
8
BLACK
6
CONTINUOUS
10
6.3520924409448813
20
-3.5172737795275588
11
6.3520924409448813
21
-3.5200111023622047
0
LINE
8
BLACK
6
CONTINUOUS
10
6.3520924409448813
20
-3.5200111023622047
11
6.3526475196850392
21
-3.5211212598425194
0
LINE
8
BLACK
6
CONTINUOUS
10
6.3526475196850392
20
-3.5211212598425194
11
6.3530921653543304
21
-3.5215659055118111
0
LINE
8
BLACK
6
CONTINUOUS
10
6.3530921653543304
20
-3.5215659055118111
11
6.3542024015748026
21
-3.5221210236220473
0
LINE
8
BLACK
6
CONTINUOUS
10
6.3542024015748026
20
-3.5221210236220473
11
6.3578777559055117
21
-3.5221210236220473
0
LINE
8
BLACK
6
CONTINUOUS
10
6.3578777559055117
20
-3.5221210236220473
11
6.3589879527559052
21
-3.5215659055118111
0
LINE
8
BLACK
6
CONTINUOUS
10
6.3589879527559052
20
-3.5215659055118111
11
6.3594325590551177
21
-3.5211212992125982
0
LINE
8
BLACK
6
CONTINUOUS
10
6.3594325590551177
20
-3.5211212992125982
11
6.3599876771653543
21
-3.5200111023622047
0
LINE
8
BLACK
6
CONTINUOUS
10
6.3599876771653543
20
-3.5200111023622047
11
6.3599876771653543
21
-3.5172737795275588
0
LINE
8
BLACK
6
CONTINUOUS
10
6.3599876771653543
20
-3.5172737795275588
11
6.3594325984251965
21
-3.5161636220472441
0
LINE
8
BLACK
6
CONTINUOUS
10
6.3594325984251965
20
-3.5161636220472441
11
6.3589879133858265
21
-3.5157189763779528
0
LINE
8
BLACK
6
CONTINUOUS
10
6.3589879133858265
20
-3.5157189763779528
11
6.3578777952755905
21
-3.515163897637795
0
LINE
8
BLACK
6
CONTINUOUS
10
6.3578777952755905
20
-3.515163897637795
11
6.3542024015748026
21
-3.515163897637795
0
LINE
8
BLACK
6
CONTINUOUS
10
6.3542024015748026
20
-3.515163897637795
11
6.3530921653543304
21
-3.5157190157480316
0
LINE
8
BLACK
6
CONTINUOUS
10
6.3361579527559053
20
-3.4989888582677167
11
6.3367876771653542
21
-3.5005091338582677
0
LINE
8
BLACK
6
CONTINUOUS
10
6.3367876771653542
20
-3.5005091338582677
11
6.3361579527559053
21
-3.5020294094488187
0
LINE
8
BLACK
6
CONTINUOUS
10
6.3361579527559053
20
-3.5020294094488187
11
6.3346376771653539
21
-3.5026591338582675
0
LINE
8
BLACK
6
CONTINUOUS
10
6.3346376771653539
20
-3.5026591338582675
11
6.3242710629921257
21
-3.5026591338582675
0
LINE
8
BLACK
6
CONTINUOUS
10
6.3242710629921257
20
-3.5026591338582675
11
6.3242093700787398
21
-3.5027207874015747
0
LINE
8
BLACK
6
CONTINUOUS
10
6.3242093700787398
20
-3.5027207874015747
11
6.3236543307086617
21
-3.5038309055118111
0
LINE
8
BLACK
6
CONTINUOUS
10
6.3236543307086617
20
-3.5038309055118111
11
6.3236543307086617
21
-3.5056301181102363
0
LINE
8
BLACK
6
CONTINUOUS
10
6.3236543307086617
20
-3.5056301181102363
11
6.3240449212598424
21
-3.506411338582677
0
LINE
8
BLACK
6
CONTINUOUS
10
6.3240449212598424
20
-3.506411338582677
11
6.3248261811023623
21
-3.5068019685039369
0
LINE
8
BLACK
6
CONTINUOUS
10
6.3248261811023623
20
-3.5068019685039369
11
6.3346376771653539
21
-3.5068019685039369
0
LINE
8
BLACK
6
CONTINUOUS
10
6.3346376771653539
20
-3.5068019685039369
11
6.3361579527559053
21
-3.5074316929133857
0
LINE
8
BLACK
6
CONTINUOUS
10
6.3361579527559053
20
-3.5074316929133857
11
6.3367876771653542
21
-3.5089519685039368
0
LINE
8
BLACK
6
CONTINUOUS
10
6.3367876771653542
20
-3.5089519685039368
11
6.3361579527559053
21
-3.5104722440944882
0
LINE
8
BLACK
6
CONTINUOUS
10
6.3361579527559053
20
-3.5104722440944882
11
6.3346376771653539
21
-3.5111019685039371
0
LINE
8
BLACK
6
CONTINUOUS
10
6.3346376771653539
20
-3.5111019685039371
11
6.3243186220472438
21
-3.5111019685039371
0
LINE
8
BLACK
6
CONTINUOUS
10
6.3243186220472438
20
-3.5111019685039371
11
6.3238562598425192
21
-3.5109104330708663
0
LINE
8
BLACK
6
CONTINUOUS
10
6.3238562598425192
20
-3.5109104330708663
11
6.323357125984252
21
-3.510875
0
LINE
8
BLACK
6
CONTINUOUS
10
6.323357125984252
20
-3.510875
11
6.3214809448818894
21
-3.509936929133858
0
LINE
8
BLACK
6
CONTINUOUS
10
6.3214809448818894
20
-3.509936929133858
11
6.3210342913385826
21
-3.509421929133858
0
LINE
8
BLACK
6
CONTINUOUS
10
6.3210342913385826
20
-3.509421929133858
11
6.3205194094488188
21
-3.5089753937007875
0
LINE
8
BLACK
6
CONTINUOUS
10
6.3205194094488188
20
-3.5089753937007875
11
6.3195812992125981
21
-3.5070991732283465
0
LINE
8
BLACK
6
CONTINUOUS
10
6.3195812992125981
20
-3.5070991732283465
11
6.3195458267716536
21
-3.5065999999999997
0
LINE
8
BLACK
6
CONTINUOUS
10
6.3195458267716536
20
-3.5065999999999997
11
6.319354330708661
21
-3.5061376771653543
0
LINE
8
BLACK
6
CONTINUOUS
10
6.319354330708661
20
-3.5061376771653543
11
6.319354330708661
21
-3.5033233858267714
0
LINE
8
BLACK
6
CONTINUOUS
10
6.319354330708661
20
-3.5033233858267714
11
6.3195458267716536
21
-3.5028609842519685
0
LINE
8
BLACK
6
CONTINUOUS
10
6.3195458267716536
20
-3.5028609842519685
11
6.3195813385826769
21
-3.5023618503937008
0
LINE
8
BLACK
6
CONTINUOUS
10
6.3195813385826769
20
-3.5023618503937008
11
6.3198768897637798
21
-3.5017707086614172
0
LINE
8
BLACK
6
CONTINUOUS
10
6.3198768897637798
20
-3.5017707086614172
11
6.319354330708661
21
-3.5005091338582677
0
LINE
8
BLACK
6
CONTINUOUS
10
6.319354330708661
20
-3.5005091338582677
11
6.3199840551181099
21
-3.4989888582677167
0
LINE
8
BLACK
6
CONTINUOUS
10
6.3199840551181099
20
-3.4989888582677167
11
6.3215043307086614
21
-3.4983591338582678
0
LINE
8
BLACK
6
CONTINUOUS
10
6.3215043307086614
20
-3.4983591338582678
11
6.3346376771653539
21
-3.4983591338582678
0
LINE
8
BLACK
6
CONTINUOUS
10
6.3346376771653539
20
-3.4983591338582678
11
6.3361579527559053
21
-3.4989888582677167
0
LINE
8
BLACK
6
CONTINUOUS
10
6.3539466929133859
20
-3.4912681889763779
11
6.3542162992125979
21
-3.4912281102362206
0
LINE
8
BLACK
6
CONTINUOUS
10
6.3542162992125979
20
-3.4912281102362206
11
6.3579686614173223
21
-3.4921661811023621
0
LINE
8
BLACK
6
CONTINUOUS
10
6.3579686614173223
20
-3.4921661811023621
11
6.3581649606299209
21
-3.492311653543307
0
LINE
8
BLACK
6
CONTINUOUS
10
6.3581649606299209
20
-3.492311653543307
11
6.3584087007874013
21
-3.4923289763779528
0
LINE
8
BLACK
6
CONTINUOUS
10
6.3584087007874013
20
-3.4923289763779528
11
6.3602848818897639
21
-3.4932670472440943
0
LINE
8
BLACK
6
CONTINUOUS
10
6.3602848818897639
20
-3.4932670472440943
11
6.3605166929133858
21
-3.4935343307086613
0
LINE
8
BLACK
6
CONTINUOUS
10
6.3605166929133858
20
-3.4935343307086613
11
6.3608436614173227
21
-3.4936697637795273
0
LINE
8
BLACK
6
CONTINUOUS
10
6.3608436614173227
20
-3.4936697637795273
11
6.3627198818897632
21
-3.4955459448818895
0
LINE
8
BLACK
6
CONTINUOUS
10
6.3627198818897632
20
-3.4955459448818895
11
6.3629113779527557
21
-3.4960083070866141
0
LINE
8
BLACK
6
CONTINUOUS
10
6.3629113779527557
20
-3.4960083070866141
11
6.3632392913385827
21
-3.496386377952756
0
LINE
8
BLACK
6
CONTINUOUS
10
6.3632392913385827
20
-3.496386377952756
11
6.3641773622047246
21
-3.4992006692913384
0
LINE
8
BLACK
6
CONTINUOUS
10
6.3641773622047246
20
-3.4992006692913384
11
6.3641522440944884
21
-3.4995536220472441
0
LINE
8
BLACK
6
CONTINUOUS
10
6.3641522440944884
20
-3.4995536220472441
11
6.364287677165354
21
-3.4998805511811022
0
LINE
8
BLACK
6
CONTINUOUS
10
6.364287677165354
20
-3.4998805511811022
11
6.364287677165354
21
-3.5017567716535432
0
LINE
8
BLACK
6
CONTINUOUS
10
6.364287677165354
20
-3.5017567716535432
11
6.3641522440944884
21
-3.5020836220472442
0
LINE
8
BLACK
6
CONTINUOUS
10
6.3641522440944884
20
-3.5020836220472442
11
6.3641773622047246
21
-3.5024366535433069
0
LINE
8
BLACK
6
CONTINUOUS
10
6.3641773622047246
20
-3.5024366535433069
11
6.3632392913385827
21
-3.5052509055118111
0
LINE
8
BLACK
6
CONTINUOUS
10
6.3632392913385827
20
-3.5052509055118111
11
6.3629113779527557
21
-3.5056289370078741
0
LINE
8
BLACK
6
CONTINUOUS
10
6.3629113779527557
20
-3.5056289370078741
11
6.3627198818897632
21
-3.5060912992125983
0
LINE
8
BLACK
6
CONTINUOUS
10
6.3627198818897632
20
-3.5060912992125983
11
6.3617817716535434
21
-3.507029409448819
0
LINE
8
BLACK
6
CONTINUOUS
10
6.3617817716535434
20
-3.507029409448819
11
6.360261496062992
21
-3.5076591338582674
0
LINE
8
BLACK
6
CONTINUOUS
10
6.360261496062992
20
-3.5076591338582674
11
6.3587412204724405
21
-3.507029409448819
0
LINE
8
BLACK
6
CONTINUOUS
10
6.3587412204724405
20
-3.507029409448819
11
6.3581114960629916
21
-3.5055091338582676
0
LINE
8
BLACK
6
CONTINUOUS
10
6.3581114960629916
20
-3.5055091338582676
11
6.3587412204724405
21
-3.5039888582677166
0
LINE
8
BLACK
6
CONTINUOUS
10
6.3587412204724405
20
-3.5039888582677166
11
6.3593203937007869
21
-3.5034096456692914
0
LINE
8
BLACK
6
CONTINUOUS
10
6.3593203937007869
20
-3.5034096456692914
11
6.3599876771653543
21
-3.5014078346456694
0
LINE
8
BLACK
6
CONTINUOUS
10
6.3599876771653543
20
-3.5014078346456694
11
6.3599876771653543
21
-3.5002294094488189
0
LINE
8
BLACK
6
CONTINUOUS
10
6.3599876771653543
20
-3.5002294094488189
11
6.3593203937007869
21
-3.4982275984251969
0
LINE
8
BLACK
6
CONTINUOUS
10
6.3593203937007869
20
-3.4982275984251969
11
6.358049763779527
21
-3.4969570472440945
0
LINE
8
BLACK
6
CONTINUOUS
10
6.358049763779527
20
-3.4969570472440945
11
6.3566967322834644
21
-3.4962805118110234
0
LINE
8
BLACK
6
CONTINUOUS
10
6.3566967322834644
20
-3.4962805118110234
11
6.353430236220472
21
-3.4954638976377952
0
LINE
8
BLACK
6
CONTINUOUS
10
6.353430236220472
20
-3.4954638976377952
11
6.3511453149606298
21
-3.4954638976377952
0
LINE
8
BLACK
6
CONTINUOUS
10
6.3511453149606298
20
-3.4954638976377952
11
6.3478786220472436
21
-3.4962805118110234
0
LINE
8
BLACK
6
CONTINUOUS
10
6.3478786220472436
20
-3.4962805118110234
11
6.3465254724409448
21
-3.4969570866141733
0
LINE
8
BLACK
6
CONTINUOUS
10
6.3465254724409448
20
-3.4969570866141733
11
6.3452549606299211
21
-3.4982275984251969
0
LINE
8
BLACK
6
CONTINUOUS
10
6.3452549606299211
20
-3.4982275984251969
11
6.3445876771653538
21
-3.5002294881889764
0
LINE
8
BLACK
6
CONTINUOUS
10
6.3445876771653538
20
-3.5002294881889764
11
6.3445876771653538
21
-3.5014078740157482
0
LINE
8
BLACK
6
CONTINUOUS
10
6.3445876771653538
20
-3.5014078740157482
11
6.3452549212598424
21
-3.5034096062992126
0
LINE
8
BLACK
6
CONTINUOUS
10
6.3452549212598424
20
-3.5034096062992126
11
6.3458341732283463
21
-3.5039888976377953
0
LINE
8
BLACK
6
CONTINUOUS
10
6.3458341732283463
20
-3.5039888976377953
11
6.3464638582677164
21
-3.5055091732283463
0
LINE
8
BLACK
6
CONTINUOUS
10
6.3464638582677164
20
-3.5055091732283463
11
6.3458340944881888
21
-3.5070294488188978
0
LINE
8
BLACK
6
CONTINUOUS
10
6.3458340944881888
20
-3.5070294488188978
11
6.3443138188976373
21
-3.5076591338582674
0
LINE
8
BLACK
6
CONTINUOUS
10
6.3443138188976373
20
-3.5076591338582674
11
6.3427935433070868
21
-3.5070293700787403
0
LINE
8
BLACK
6
CONTINUOUS
10
6.3427935433070868
20
-3.5070293700787403
11
6.3418554724409448
21
-3.5060912598425196
0
LINE
8
BLACK
6
CONTINUOUS
10
6.3418554724409448
20
-3.5060912598425196
11
6.3416639763779523
21
-3.5056289370078741
0
LINE
8
BLACK
6
CONTINUOUS
10
6.3416639763779523
20
-3.5056289370078741
11
6.3413361417322829
21
-3.5052509448818898
0
LINE
8
BLACK
6
CONTINUOUS
10
6.3413361417322829
20
-3.5052509448818898
11
6.3403980314960631
21
-3.5024366929133857
0
LINE
8
BLACK
6
CONTINUOUS
10
6.3403980314960631
20
-3.5024366929133857
11
6.3404230708661418
21
-3.5020837007874013
0
LINE
8
BLACK
6
CONTINUOUS
10
6.3404230708661418
20
-3.5020837007874013
11
6.340287677165354
21
-3.5017567716535432
0
LINE
8
BLACK
6
CONTINUOUS
10
6.340287677165354
20
-3.5017567716535432
11
6.340287677165354
21
-3.4998805511811022
0
LINE
8
BLACK
6
CONTINUOUS
10
6.340287677165354
20
-3.4998805511811022
11
6.3404230708661418
21
-3.4995536614173228
0
LINE
8
BLACK
6
CONTINUOUS
10
6.3404230708661418
20
-3.4995536614173228
11
6.3403979921259843
21
-3.4992006692913384
0
LINE
8
BLACK
6
CONTINUOUS
10
6.3403979921259843
20
-3.4992006692913384
11
6.3413361417322829
21
-3.4963863385826772
0
LINE
8
BLACK
6
CONTINUOUS
10
6.3413361417322829
20
-3.4963863385826772
11
6.3416639763779523
21
-3.4960082677165354
0
LINE
8
BLACK
6
CONTINUOUS
10
6.3416639763779523
20
-3.4960082677165354
11
6.3418555118110236
21
-3.4955459842519683
0
LINE
8
BLACK
6
CONTINUOUS
10
6.3418555118110236
20
-3.4955459842519683
11
6.3437316929133853
21
-3.4936698031496061
0
LINE
8
BLACK
6
CONTINUOUS
10
6.3437316929133853
20
-3.4936698031496061
11
6.3440585826771656
21
-3.49353437007874
0
LINE
8
BLACK
6
CONTINUOUS
10
6.3440585826771656
20
-3.49353437007874
11
6.344290472440945
21
-3.4932670472440943
0
LINE
8
BLACK
6
CONTINUOUS
10
6.344290472440945
20
-3.4932670472440943
11
6.3461666535433068
21
-3.4923289763779528
0
LINE
8
BLACK
6
CONTINUOUS
10
6.3461666535433068
20
-3.4923289763779528
11
6.3464103937007872
21
-3.492311653543307
0
LINE
8
BLACK
6
CONTINUOUS
10
6.3464103937007872
20
-3.492311653543307
11
6.3466066929133857
21
-3.4921662204724409
0
LINE
8
BLACK
6
CONTINUOUS
10
6.3466066929133857
20
-3.4921662204724409
11
6.3503590944881889
21
-3.4912281102362206
0
LINE
8
BLACK
6
CONTINUOUS
10
6.3503590944881889
20
-3.4912281102362206
11
6.3506286614173231
21
-3.4912681889763779
0
LINE
8
BLACK
6
CONTINUOUS
10
6.3506286614173231
20
-3.4912681889763779
11
6.3508805511811026
21
-3.491163897637795
0
LINE
8
BLACK
6
CONTINUOUS
10
6.3508805511811026
20
-3.491163897637795
11
6.3536948425196851
21
-3.491163897637795
0
LINE
8
BLACK
6
CONTINUOUS
10
6.3536948425196851
20
-3.491163897637795
11
6.3539466929133859
21
-3.4912681889763779
0
LINE
8
BLACK
6
CONTINUOUS
10
6.3711312204724404
20
-3.4459073228346457
11
6.3712604724409445
21
-3.4458845669291338
0
LINE
8
BLACK
6
CONTINUOUS
10
6.3712604724409445
20
-3.4458845669291338
11
6.3713740551181104
21
-3.4459501574803149
0
LINE
8
BLACK
6
CONTINUOUS
10
6.3713740551181104
20
-3.4459501574803149
11
6.3717576377952758
21
-3.4460177952755906
0
LINE
8
BLACK
6
CONTINUOUS
10
6.3717576377952758
20
-3.4460177952755906
11
6.3723453149606302
21
-3.4465109055118108
0
LINE
8
BLACK
6
CONTINUOUS
10
6.3723453149606302
20
-3.4465109055118108
11
6.3730096456692911
21
-3.4468944881889763
0
LINE
8
BLACK
6
CONTINUOUS
10
6.3730096456692911
20
-3.4468944881889763
11
6.3731007480314963
21
-3.4471448031496061
0
LINE
8
BLACK
6
CONTINUOUS
10
6.3731007480314963
20
-3.4471448031496061
11
6.373304881889764
21
-3.4473161023622048
0
LINE
8
BLACK
6
CONTINUOUS
10
6.373304881889764
20
-3.4473161023622048
11
6.3734381102362203
21
-3.4480716535433071
0
LINE
8
BLACK
6
CONTINUOUS
10
6.3734381102362203
20
-3.4480716535433071
11
6.3737004724409445
21
-3.4487924803149608
0
LINE
8
BLACK
6
CONTINUOUS
10
6.3737004724409445
20
-3.4487924803149608
11
6.3737004724409445
21
-3.4887924803149604
0
LINE
8
BLACK
6
CONTINUOUS
10
6.3737004724409445
20
-3.4887924803149604
11
6.3735224015748031
21
-3.4898024015748033
0
LINE
8
BLACK
6
CONTINUOUS
10
6.3735224015748031
20
-3.4898024015748033
11
6.3722240944881889
21
-3.4913496456692914
0
LINE
8
BLACK
6
CONTINUOUS
10
6.3722240944881889
20
-3.4913496456692914
11
6.3702349606299213
21
-3.4917003937007873
0
LINE
8
BLACK
6
CONTINUOUS
10
6.3702349606299213
20
-3.4917003937007873
11
6.3684857874015748
21
-3.4906904724409449
0
LINE
8
BLACK
6
CONTINUOUS
10
6.3684857874015748
20
-3.4906904724409449
11
6.3677949606299213
21
-3.4887924803149604
0
LINE
8
BLACK
6
CONTINUOUS
10
6.3677949606299213
20
-3.4887924803149604
11
6.3677949606299213
21
-3.4517452362204724
0
LINE
8
BLACK
6
CONTINUOUS
10
6.3677949606299213
20
-3.4517452362204724
11
6.3137004724409449
21
-3.4517452362204724
0
LINE
8
BLACK
6
CONTINUOUS
10
6.3137004724409449
20
-3.4517452362204724
11
6.3137004724409449
21
-3.4847153937007875
0
LINE
8
BLACK
6
CONTINUOUS
10
6.3137004724409449
20
-3.4847153937007875
11
6.3137450787401574
21
-3.4846488188976377
0
LINE
8
BLACK
6
CONTINUOUS
10
6.3137450787401574
20
-3.4846488188976377
11
6.3163822440944877
21
-3.4828906299212599
0
LINE
8
BLACK
6
CONTINUOUS
10
6.3163822440944877
20
-3.4828906299212599
11
6.3178611417322834
21
-3.4814117322834646
0
LINE
8
BLACK
6
CONTINUOUS
10
6.3178611417322834
20
-3.4814117322834646
11
6.3186432283464562
21
-3.4798475984251969
0
LINE
8
BLACK
6
CONTINUOUS
10
6.3186432283464562
20
-3.4798475984251969
11
6.3198863779527557
21
-3.4787694881889761
0
LINE
8
BLACK
6
CONTINUOUS
10
6.3198863779527557
20
-3.4787694881889761
11
6.3215277952755908
21
-3.4788861417322834
0
LINE
8
BLACK
6
CONTINUOUS
10
6.3215277952755908
20
-3.4788861417322834
11
6.3226059448818894
21
-3.4801292519685036
0
LINE
8
BLACK
6
CONTINUOUS
10
6.3226059448818894
20
-3.4801292519685036
11
6.3224892519685039
21
-3.4817706692913384
0
LINE
8
BLACK
6
CONTINUOUS
10
6.3224892519685039
20
-3.4817706692913384
11
6.3215511417322832
21
-3.4836468503937006
0
LINE
8
BLACK
6
CONTINUOUS
10
6.3215511417322832
20
-3.4836468503937006
11
6.3212838188976379
21
-3.4838786614173229
0
LINE
8
BLACK
6
CONTINUOUS
10
6.3212838188976379
20
-3.4838786614173229
11
6.3211484251968502
21
-3.4842055905511811
0
LINE
8
BLACK
6
CONTINUOUS
10
6.3211484251968502
20
-3.4842055905511811
11
6.3210662992125979
21
-3.4842877165354329
0
LINE
8
BLACK
6
CONTINUOUS
10
6.3210662992125979
20
-3.4842877165354329
11
6.3324876771653544
21
-3.4842877165354329
0
LINE
8
BLACK
6
CONTINUOUS
10
6.3324876771653544
20
-3.4842877165354329
11
6.3324876771653544
21
-3.4808091338582678
0
LINE
8
BLACK
6
CONTINUOUS
10
6.3324876771653544
20
-3.4808091338582678
11
6.3331174015748033
21
-3.4792888582677164
0
LINE
8
BLACK
6
CONTINUOUS
10
6.3331174015748033
20
-3.4792888582677164
11
6.3346376771653539
21
-3.4786591338582675
0
LINE
8
BLACK
6
CONTINUOUS
10
6.3346376771653539
20
-3.4786591338582675
11
6.3361579527559053
21
-3.4792888582677164
0
LINE
8
BLACK
6
CONTINUOUS
10
6.3361579527559053
20
-3.4792888582677164
11
6.3367876771653542
21
-3.4808091338582678
0
LINE
8
BLACK
6
CONTINUOUS
10
6.3367876771653542
20
-3.4808091338582678
11
6.3367876771653542
21
-3.4920662598425194
0
LINE
8
BLACK
6
CONTINUOUS
10
6.3367876771653542
20
-3.4920662598425194
11
6.3361579527559053
21
-3.4935865354330708
0
LINE
8
BLACK
6
CONTINUOUS
10
6.3361579527559053
20
-3.4935865354330708
11
6.3346376771653539
21
-3.4942162598425197
0
LINE
8
BLACK
6
CONTINUOUS
10
6.3346376771653539
20
-3.4942162598425197
11
6.3331174015748033
21
-3.4935865354330708
0
LINE
8
BLACK
6
CONTINUOUS
10
6.3331174015748033
20
-3.4935865354330708
11
6.3324876771653544
21
-3.4920662598425194
0
LINE
8
BLACK
6
CONTINUOUS
10
6.3324876771653544
20
-3.4920662598425194
11
6.3324876771653544
21
-3.4885877165354331
0
LINE
8
BLACK
6
CONTINUOUS
10
6.3324876771653544
20
-3.4885877165354331
11
6.3149376771653545
21
-3.4885877165354331
0
LINE
8
BLACK
6
CONTINUOUS
10
6.3149376771653545
20
-3.4885877165354331
11
6.3147331102362205
21
-3.488502992125984
0
LINE
8
BLACK
6
CONTINUOUS
10
6.3147331102362205
20
-3.488502992125984
11
6.3145160236220468
21
-3.4885459448818898
0
LINE
8
BLACK
6
CONTINUOUS
10
6.3145160236220468
20
-3.4885459448818898
11
6.3139958661417319
21
-3.4881975984251969
0
LINE
8
BLACK
6
CONTINUOUS
10
6.3139958661417319
20
-3.4881975984251969
11
6.3137004724409449
21
-3.4880752362204723
0
LINE
8
BLACK
6
CONTINUOUS
10
6.3137004724409449
20
-3.4880752362204723
11
6.3137004724409449
21
-3.4887924803149604
0
LINE
8
BLACK
6
CONTINUOUS
10
6.3137004724409449
20
-3.4887924803149604
11
6.3135224015748026
21
-3.4898024015748033
0
LINE
8
BLACK
6
CONTINUOUS
10
6.3135224015748026
20
-3.4898024015748033
11
6.3122240944881884
21
-3.4913496456692914
0
LINE
8
BLACK
6
CONTINUOUS
10
6.3122240944881884
20
-3.4913496456692914
11
6.3102349606299208
21
-3.4917003937007873
0
LINE
8
BLACK
6
CONTINUOUS
10
6.3102349606299208
20
-3.4917003937007873
11
6.3084857874015743
21
-3.4906904724409449
0
LINE
8
BLACK
6
CONTINUOUS
10
6.3084857874015743
20
-3.4906904724409449
11
6.3077949606299208
21
-3.4887924803149604
0
LINE
8
BLACK
6
CONTINUOUS
10
6.3077949606299208
20
-3.4887924803149604
11
6.3077949606299208
21
-3.4487924803149608
0
LINE
8
BLACK
6
CONTINUOUS
10
6.3077949606299208
20
-3.4487924803149608
11
6.3078625590551178
21
-3.4484089370078741
0
LINE
8
BLACK
6
CONTINUOUS
10
6.3078625590551178
20
-3.4484089370078741
11
6.3078398031496059
21
-3.4482797244094487
0
LINE
8
BLACK
6
CONTINUOUS
10
6.3078398031496059
20
-3.4482797244094487
11
6.3079053937007874
21
-3.4481661023622046
0
LINE
8
BLACK
6
CONTINUOUS
10
6.3079053937007874
20
-3.4481661023622046
11
6.3079730314960631
21
-3.4477825590551179
0
LINE
8
BLACK
6
CONTINUOUS
10
6.3079730314960631
20
-3.4477825590551179
11
6.3084661417322829
21
-3.4471948425196848
0
LINE
8
BLACK
6
CONTINUOUS
10
6.3084661417322829
20
-3.4471948425196848
11
6.3088497244094484
21
-3.4465305511811022
0
LINE
8
BLACK
6
CONTINUOUS
10
6.3088497244094484
20
-3.4465305511811022
11
6.3091000393700787
21
-3.4464394094488187
0
LINE
8
BLACK
6
CONTINUOUS
10
6.3091000393700787
20
-3.4464394094488187
11
6.3092713385826773
21
-3.4462353149606297
0
LINE
8
BLACK
6
CONTINUOUS
10
6.3092713385826773
20
-3.4462353149606297
11
6.3100268897637797
21
-3.4461020472440942
0
LINE
8
BLACK
6
CONTINUOUS
10
6.3100268897637797
20
-3.4461020472440942
11
6.3107477165354329
21
-3.4458397244094487
0
LINE
8
BLACK
6
CONTINUOUS
10
6.3107477165354329
20
-3.4458397244094487
11
6.3707477165354334
21
-3.4458397244094487
0
LINE
8
BLACK
6
CONTINUOUS
10
6.3707477165354334
20
-3.4458397244094487
11
6.3711312204724404
21
-3.4459073228346457
0
LINE
8
BLACK
6
CONTINUOUS
10
6.4563422047244092
20
-3.3991059448818897
11
6.4570330314960627
21
-3.4010039370078737
0
LINE
8
BLACK
6
CONTINUOUS
10
6.4570330314960627
20
-3.4010039370078737
11
6.4570330314960627
21
-3.4410039370078738
0
LINE
8
BLACK
6
CONTINUOUS
10
6.4570330314960627
20
-3.4410039370078738
11
6.4569653937007869
21
-3.4413874409448817
0
LINE
8
BLACK
6
CONTINUOUS
10
6.4569653937007869
20
-3.4413874409448817
11
6.4569881889763776
21
-3.4415166929133858
0
LINE
8
BLACK
6
CONTINUOUS
10
6.4569881889763776
20
-3.4415166929133858
11
6.4569225590551182
21
-3.4416302755905512
0
LINE
8
BLACK
6
CONTINUOUS
10
6.4569225590551182
20
-3.4416302755905512
11
6.4568549606299213
21
-3.4420138582677167
0
LINE
8
BLACK
6
CONTINUOUS
10
6.4568549606299213
20
-3.4420138582677167
11
6.4563618110236218
21
-3.4426015354330706
0
LINE
8
BLACK
6
CONTINUOUS
10
6.4563618110236218
20
-3.4426015354330706
11
6.4559782677165352
21
-3.4432658661417324
0
LINE
8
BLACK
6
CONTINUOUS
10
6.4559782677165352
20
-3.4432658661417324
11
6.455727913385827
21
-3.4433569685039371
0
LINE
8
BLACK
6
CONTINUOUS
10
6.455727913385827
20
-3.4433569685039371
11
6.4555566535433071
21
-3.4435611023622048
0
LINE
8
BLACK
6
CONTINUOUS
10
6.4555566535433071
20
-3.4435611023622048
11
6.454801062992126
21
-3.4436943307086612
0
LINE
8
BLACK
6
CONTINUOUS
10
6.454801062992126
20
-3.4436943307086612
11
6.4540802755905506
21
-3.4439566929133858
0
LINE
8
BLACK
6
CONTINUOUS
10
6.4540802755905506
20
-3.4439566929133858
11
6.394080275590551
21
-3.4439566929133858
0
LINE
8
BLACK
6
CONTINUOUS
10
6.394080275590551
20
-3.4439566929133858
11
6.3936967322834644
21
-3.4438890551181101
0
LINE
8
BLACK
6
CONTINUOUS
10
6.3936967322834644
20
-3.4438890551181101
11
6.393567519685039
21
-3.4439118503937007
0
LINE
8
BLACK
6
CONTINUOUS
10
6.393567519685039
20
-3.4439118503937007
11
6.3934538976377953
21
-3.4438462204724409
0
LINE
8
BLACK
6
CONTINUOUS
10
6.3934538976377953
20
-3.4438462204724409
11
6.3930703543307086
21
-3.4437786220472439
0
LINE
8
BLACK
6
CONTINUOUS
10
6.3930703543307086
20
-3.4437786220472439
11
6.3924826377952755
21
-3.443285472440945
0
LINE
8
BLACK
6
CONTINUOUS
10
6.3924826377952755
20
-3.443285472440945
11
6.3918183464566924
21
-3.4429019291338583
0
LINE
8
BLACK
6
CONTINUOUS
10
6.3918183464566924
20
-3.4429019291338583
11
6.3917272047244094
21
-3.4426515748031496
0
LINE
8
BLACK
6
CONTINUOUS
10
6.3917272047244094
20
-3.4426515748031496
11
6.3915231102362204
21
-3.4424803149606298
0
LINE
8
BLACK
6
CONTINUOUS
10
6.3915231102362204
20
-3.4424803149606298
11
6.3913898425196844
21
-3.4417247244094487
0
LINE
8
BLACK
6
CONTINUOUS
10
6.3913898425196844
20
-3.4417247244094487
11
6.391127519685039
21
-3.4410039370078738
0
LINE
8
BLACK
6
CONTINUOUS
10
6.391127519685039
20
-3.4410039370078738
11
6.391127519685039
21
-3.4010039370078737
0
LINE
8
BLACK
6
CONTINUOUS
10
6.391127519685039
20
-3.4010039370078737
11
6.3913055905511813
21
-3.3999940157480313
0
LINE
8
BLACK
6
CONTINUOUS
10
6.3913055905511813
20
-3.3999940157480313
11
6.3926038976377955
21
-3.3984467716535431
0
LINE
8
BLACK
6
CONTINUOUS
10
6.3926038976377955
20
-3.3984467716535431
11
6.3945930314960631
21
-3.3980960236220472
0
LINE
8
BLACK
6
CONTINUOUS
10
6.3945930314960631
20
-3.3980960236220472
11
6.3963422047244096
21
-3.3991059448818897
0
LINE
8
BLACK
6
CONTINUOUS
10
6.3963422047244096
20
-3.3991059448818897
11
6.3970330314960631
21
-3.4010039370078737
0
LINE
8
BLACK
6
CONTINUOUS
10
6.3970330314960631
20
-3.4010039370078737
11
6.3970330314960631
21
-3.4380511811023622
0
LINE
8
BLACK
6
CONTINUOUS
10
6.3970330314960631
20
-3.4380511811023622
11
6.4511275196850395
21
-3.4380511811023622
0
LINE
8
BLACK
6
CONTINUOUS
10
6.4511275196850395
20
-3.4380511811023622
11
6.4511275196850395
21
-3.4010039370078737
0
LINE
8
BLACK
6
CONTINUOUS
10
6.4511275196850395
20
-3.4010039370078737
11
6.4513055905511809
21
-3.3999940157480313
0
LINE
8
BLACK
6
CONTINUOUS
10
6.4513055905511809
20
-3.3999940157480313
11
6.4526038976377951
21
-3.3984467716535431
0
LINE
8
BLACK
6
CONTINUOUS
10
6.4526038976377951
20
-3.3984467716535431
11
6.4545930314960627
21
-3.3980960236220472
0
LINE
8
BLACK
6
CONTINUOUS
10
6.4545930314960627
20
-3.3980960236220472
11
6.4563422047244092
21
-3.3991059448818897
0
LINE
8
BLACK
6
CONTINUOUS
10
6.4494905118110237
20
-3.4159098425196848
11
6.4501202362204726
21
-3.4174301181102362
0
LINE
8
BLACK
6
CONTINUOUS
10
6.4501202362204726
20
-3.4174301181102362
11
6.4494905118110237
21
-3.4189503937007872
0
LINE
8
BLACK
6
CONTINUOUS
10
6.4494905118110237
20
-3.4189503937007872
11
6.4479702362204723
21
-3.4195801181102361
0
LINE
8
BLACK
6
CONTINUOUS
10
6.4479702362204723
20
-3.4195801181102361
11
6.4398011811023617
21
-3.4195801181102361
0
LINE
8
BLACK
6
CONTINUOUS
10
6.4398011811023617
20
-3.4195801181102361
11
6.4398011811023617
21
-3.4265372440944879
0
LINE
8
BLACK
6
CONTINUOUS
10
6.4398011811023617
20
-3.4265372440944879
11
6.4479702362204723
21
-3.4265372440944879
0
LINE
8
BLACK
6
CONTINUOUS
10
6.4479702362204723
20
-3.4265372440944879
11
6.4494905118110237
21
-3.4271669685039368
0
LINE
8
BLACK
6
CONTINUOUS
10
6.4494905118110237
20
-3.4271669685039368
11
6.4501202362204726
21
-3.4286872440944882
0
LINE
8
BLACK
6
CONTINUOUS
10
6.4501202362204726
20
-3.4286872440944882
11
6.4494905118110237
21
-3.4302075196850392
0
LINE
8
BLACK
6
CONTINUOUS
10
6.4494905118110237
20
-3.4302075196850392
11
6.4479702362204723
21
-3.4308372440944881
0
LINE
8
BLACK
6
CONTINUOUS
10
6.4479702362204723
20
-3.4308372440944881
11
6.4376511811023622
21
-3.4308372440944881
0
LINE
8
BLACK
6
CONTINUOUS
10
6.4376511811023622
20
-3.4308372440944881
11
6.428270236220472
21
-3.4308372440944881
0
LINE
8
BLACK
6
CONTINUOUS
10
6.428270236220472
20
-3.4308372440944881
11
6.4267499606299214
21
-3.4302075196850392
0
LINE
8
BLACK
6
CONTINUOUS
10
6.4267499606299214
20
-3.4302075196850392
11
6.4261202362204726
21
-3.4286872440944882
0
LINE
8
BLACK
6
CONTINUOUS
10
6.4261202362204726
20
-3.4286872440944882
11
6.4267499606299214
21
-3.4271669685039368
0
LINE
8
BLACK
6
CONTINUOUS
10
6.4267499606299214
20
-3.4271669685039368
11
6.428270236220472
21
-3.4265372440944879
0
LINE
8
BLACK
6
CONTINUOUS
10
6.428270236220472
20
-3.4265372440944879
11
6.4355011811023619
21
-3.4265372440944879
0
LINE
8
BLACK
6
CONTINUOUS
10
6.4355011811023619
20
-3.4265372440944879
11
6.4355011811023619
21
-3.4195801181102361
0
LINE
8
BLACK
6
CONTINUOUS
10
6.4355011811023619
20
-3.4195801181102361
11
6.428270236220472
21
-3.4195801181102361
0
LINE
8
BLACK
6
CONTINUOUS
10
6.428270236220472
20
-3.4195801181102361
11
6.4267499606299214
21
-3.4189503937007872
0
LINE
8
BLACK
6
CONTINUOUS
10
6.4267499606299214
20
-3.4189503937007872
11
6.4261202362204726
21
-3.4174301181102362
0
LINE
8
BLACK
6
CONTINUOUS
10
6.4261202362204726
20
-3.4174301181102362
11
6.4267499606299214
21
-3.4159098425196848
0
LINE
8
BLACK
6
CONTINUOUS
10
6.4267499606299214
20
-3.4159098425196848
11
6.428270236220472
21
-3.4152801181102364
0
LINE
8
BLACK
6
CONTINUOUS
10
6.428270236220472
20
-3.4152801181102364
11
6.4479702362204723
21
-3.4152801181102364
0
LINE
8
BLACK
6
CONTINUOUS
10
6.4479702362204723
20
-3.4152801181102364
11
6.4494905118110237
21
-3.4159098425196848
0
LINE
8
BLACK
6
CONTINUOUS
10
6.1219037401574798
20
-3.3136868110236222
11
6.1224803149606295
21
-3.3150787401574804
0
LINE
8
BLACK
6
CONTINUOUS
10
6.1224803149606295
20
-3.3150787401574804
11
6.1224803149606295
21
-3.3288582677165355
0
LINE
8
BLACK
6
CONTINUOUS
10
6.1224803149606295
20
-3.3288582677165355
11
6.1421653543307082
21
-3.3288582677165355
0
LINE
8
BLACK
6
CONTINUOUS
10
6.1421653543307082
20
-3.3288582677165355
11
6.1435572834645669
21
-3.3294348425196851
0
LINE
8
BLACK
6
CONTINUOUS
10
6.1435572834645669
20
-3.3294348425196851
11
6.1441338582677165
21
-3.3308267716535434
0
LINE
8
BLACK
6
CONTINUOUS
10
6.1441338582677165
20
-3.3308267716535434
11
6.1435572834645669
21
-3.3322187007874016
0
LINE
8
BLACK
6
CONTINUOUS
10
6.1435572834645669
20
-3.3322187007874016
11
6.1421653543307082
21
-3.3327952755905512
0
LINE
8
BLACK
6
CONTINUOUS
10
6.1421653543307082
20
-3.3327952755905512
11
6.1241899999999996
21
-3.3327952755905512
0
LINE
8
BLACK
6
CONTINUOUS
10
6.1241899999999996
20
-3.3327952755905512
11
6.1378977165354334
21
-3.3533568897637793
0
LINE
8
BLACK
6
CONTINUOUS
10
6.1378977165354334
20
-3.3533568897637793
11
6.1380088976377953
21
-3.3539190944881887
0
LINE
8
BLACK
6
CONTINUOUS
10
6.1380088976377953
20
-3.3539190944881887
11
6.1382283464566925
21
-3.3544488188976378
0
LINE
8
BLACK
6
CONTINUOUS
10
6.1382283464566925
20
-3.3544488188976378
11
6.1381507480314959
21
-3.3546361023622047
0
LINE
8
BLACK
6
CONTINUOUS
10
6.1381507480314959
20
-3.3546361023622047
11
6.1381900787401573
21
-3.3548348818897638
0
LINE
8
BLACK
6
CONTINUOUS
10
6.1381900787401573
20
-3.3548348818897638
11
6.1378711417322833
21
-3.3553111023622049
0
LINE
8
BLACK
6
CONTINUOUS
10
6.1378711417322833
20
-3.3553111023622049
11
6.1376517716535428
21
-3.355840748031496
0
LINE
8
BLACK
6
CONTINUOUS
10
6.1376517716535428
20
-3.355840748031496
11
6.1374645275590547
21
-3.3559182677165356
0
LINE
8
BLACK
6
CONTINUOUS
10
6.1374645275590547
20
-3.3559182677165356
11
6.1373517716535435
21
-3.3560866929133857
0
LINE
8
BLACK
6
CONTINUOUS
10
6.1373517716535435
20
-3.3560866929133857
11
6.1367895275590554
21
-3.3561978740157481
0
LINE
8
BLACK
6
CONTINUOUS
10
6.1367895275590554
20
-3.3561978740157481
11
6.136259842519685
21
-3.3564173228346457
0
LINE
8
BLACK
6
CONTINUOUS
10
6.136259842519685
20
-3.3564173228346457
11
6.1224803149606295
21
-3.3564173228346457
0
LINE
8
BLACK
6
CONTINUOUS
10
6.1224803149606295
20
-3.3564173228346457
11
6.1224803149606295
21
-3.3741338582677165
0
LINE
8
BLACK
6
CONTINUOUS
10
6.1224803149606295
20
-3.3741338582677165
11
6.1219037401574798
21
-3.3755257874015747
0
LINE
8
BLACK
6
CONTINUOUS
10
6.1219037401574798
20
-3.3755257874015747
11
6.1205118110236221
21
-3.3761023622047244
0
LINE
8
BLACK
6
CONTINUOUS
10
6.1205118110236221
20
-3.3761023622047244
11
6.1191198818897634
21
-3.3755257874015747
0
LINE
8
BLACK
6
CONTINUOUS
10
6.1191198818897634
20
-3.3755257874015747
11
6.1185433070866138
21
-3.3741338582677165
0
LINE
8
BLACK
6
CONTINUOUS
10
6.1185433070866138
20
-3.3741338582677165
11
6.1185433070866138
21
-3.3564173228346457
0
LINE
8
BLACK
6
CONTINUOUS
10
6.1185433070866138
20
-3.3564173228346457
11
6.1047637795275591
21
-3.3564173228346457
0
LINE
8
BLACK
6
CONTINUOUS
10
6.1047637795275591
20
-3.3564173228346457
11
6.1042342519685038
21
-3.3561979527559056
0
LINE
8
BLACK
6
CONTINUOUS
10
6.1042342519685038
20
-3.3561979527559056
11
6.1036718503937006
21
-3.3560867322834644
0
LINE
8
BLACK
6
CONTINUOUS
10
6.1036718503937006
20
-3.3560867322834644
11
6.1035590157480311
21
-3.3559182677165356
0
LINE
8
BLACK
6
CONTINUOUS
10
6.1035590157480311
20
-3.3559182677165356
11
6.1033718503937004
21
-3.355840748031496
0
LINE
8
BLACK
6
CONTINUOUS
10
6.1033718503937004
20
-3.355840748031496
11
6.1031524803149608
21
-3.3553112204724407
0
LINE
8
BLACK
6
CONTINUOUS
10
6.1031524803149608
20
-3.3553112204724407
11
6.1028335039370081
21
-3.3548348818897638
0
LINE
8
BLACK
6
CONTINUOUS
10
6.1028335039370081
20
-3.3548348818897638
11
6.1028727952755908
21
-3.3546360236220472
0
LINE
8
BLACK
6
CONTINUOUS
10
6.1028727952755908
20
-3.3546360236220472
11
6.1027952755905508
21
-3.3544488188976378
0
LINE
8
BLACK
6
CONTINUOUS
10
6.1027952755905508
20
-3.3544488188976378
11
6.1030146062992126
21
-3.3539192913385825
0
LINE
8
BLACK
6
CONTINUOUS
10
6.1030146062992126
20
-3.3539192913385825
11
6.103125866141732
21
-3.3533568897637793
0
LINE
8
BLACK
6
CONTINUOUS
10
6.103125866141732
20
-3.3533568897637793
11
6.1168336220472437
21
-3.3327952755905512
0
LINE
8
BLACK
6
CONTINUOUS
10
6.1168336220472437
20
-3.3327952755905512
11
6.0988582677165351
21
-3.3327952755905512
0
LINE
8
BLACK
6
CONTINUOUS
10
6.0988582677165351
20
-3.3327952755905512
11
6.0974663385826773
21
-3.3322187007874016
0
LINE
8
BLACK
6
CONTINUOUS
10
6.0974663385826773
20
-3.3322187007874016
11
6.0968897637795276
21
-3.3308267716535434
0
LINE
8
BLACK
6
CONTINUOUS
10
6.0968897637795276
20
-3.3308267716535434
11
6.0974663385826773
21
-3.3294348425196851
0
LINE
8
BLACK
6
CONTINUOUS
10
6.0974663385826773
20
-3.3294348425196851
11
6.0988582677165351
21
-3.3288582677165355
0
LINE
8
BLACK
6
CONTINUOUS
10
6.0988582677165351
20
-3.3288582677165355
11
6.1185433070866138
21
-3.3288582677165355
0
LINE
8
BLACK
6
CONTINUOUS
10
6.1185433070866138
20
-3.3288582677165355
11
6.1185433070866138
21
-3.3150787401574804
0
LINE
8
BLACK
6
CONTINUOUS
10
6.1185433070866138
20
-3.3150787401574804
11
6.1191198818897634
21
-3.3136868110236222
0
LINE
8
BLACK
6
CONTINUOUS
10
6.1191198818897634
20
-3.3136868110236222
11
6.1205118110236221
21
-3.3131102362204725
0
LINE
8
BLACK
6
CONTINUOUS
10
6.1205118110236221
20
-3.3131102362204725
11
6.1219037401574798
21
-3.3136868110236222
0
LINE
8
BLACK
6
CONTINUOUS
10
6.1084419685039366
20
-3.3524803149606299
11
6.1325816535433066
21
-3.3524803149606299
0
LINE
8
BLACK
6
CONTINUOUS
10
6.1325816535433066
20
-3.3524803149606299
11
6.1205117716535433
21
-3.3343755118110234
0
LINE
8
BLACK
6
CONTINUOUS
10
6.1205117716535433
20
-3.3343755118110234
11
6.1084419685039366
21
-3.3524803149606299
0
LINE
8
BLACK
6
CONTINUOUS
10
6.152007874015748
20
-3.2776771653543308
11
6.1533998031496058
21
-3.2782537401574801
0
LINE
8
BLACK
6
CONTINUOUS
10
6.1533998031496058
20
-3.2782537401574801
11
6.1539763779527554
21
-3.2796456692913387
0
LINE
8
BLACK
6
CONTINUOUS
10
6.1539763779527554
20
-3.2796456692913387
11
6.1539763779527554
21
-3.4095669291338582
0
LINE
8
BLACK
6
CONTINUOUS
10
6.1539763779527554
20
-3.4095669291338582
11
6.1533998031496058
21
-3.4109588582677164
0
LINE
8
BLACK
6
CONTINUOUS
10
6.1533998031496058
20
-3.4109588582677164
11
6.152007874015748
21
-3.411535433070866
0
LINE
8
BLACK
6
CONTINUOUS
10
6.152007874015748
20
-3.411535433070866
11
6.0890157480314961
21
-3.411535433070866
0
LINE
8
BLACK
6
CONTINUOUS
10
6.0890157480314961
20
-3.411535433070866
11
6.0876238188976375
21
-3.4109588582677164
0
LINE
8
BLACK
6
CONTINUOUS
10
6.0876238188976375
20
-3.4109588582677164
11
6.0870472440944878
21
-3.4095669291338582
0
LINE
8
BLACK
6
CONTINUOUS
10
6.0870472440944878
20
-3.4095669291338582
11
6.0870472440944878
21
-3.2796456692913387
0
LINE
8
BLACK
6
CONTINUOUS
10
6.0870472440944878
20
-3.2796456692913387
11
6.0876238188976375
21
-3.2782537401574801
0
LINE
8
BLACK
6
CONTINUOUS
10
6.0876238188976375
20
-3.2782537401574801
11
6.0890157480314961
21
-3.2776771653543308
0
LINE
8
BLACK
6
CONTINUOUS
10
6.0890157480314961
20
-3.2776771653543308
11
6.152007874015748
21
-3.2776771653543308
0
LINE
8
BLACK
6
CONTINUOUS
10
6.0909842519685036
20
-3.2816141732283466
11
6.0909842519685036
21
-3.4075984251968503
0
LINE
8
BLACK
6
CONTINUOUS
10
6.0909842519685036
20
-3.4075984251968503
11
6.1500393700787397
21
-3.4075984251968503
0
LINE
8
BLACK
6
CONTINUOUS
10
6.1500393700787397
20
-3.4075984251968503
11
6.1500393700787397
21
-3.2816141732283466
0
LINE
8
BLACK
6
CONTINUOUS
10
6.1500393700787397
20
-3.2816141732283466
11
6.0909842519685036
21
-3.2816141732283466
0
LINE
8
BLACK
6
CONTINUOUS
10
6.2561674803149607
20
-3.3130523622047243
11
6.2567440551181104
21
-3.3144442913385825
0
LINE
8
BLACK
6
CONTINUOUS
10
6.2567440551181104
20
-3.3144442913385825
11
6.2567440551181104
21
-3.3282238188976376
0
LINE
8
BLACK
6
CONTINUOUS
10
6.2567440551181104
20
-3.3282238188976376
11
6.2764290944881891
21
-3.3282238188976376
0
LINE
8
BLACK
6
CONTINUOUS
10
6.2764290944881891
20
-3.3282238188976376
11
6.2778210236220469
21
-3.3288003937007873
0
LINE
8
BLACK
6
CONTINUOUS
10
6.2778210236220469
20
-3.3288003937007873
11
6.2783975984251965
21
-3.3301923228346455
0
LINE
8
BLACK
6
CONTINUOUS
10
6.2783975984251965
20
-3.3301923228346455
11
6.2778210236220469
21
-3.3315842519685037
0
LINE
8
BLACK
6
CONTINUOUS
10
6.2778210236220469
20
-3.3315842519685037
11
6.2764290944881891
21
-3.3321608267716534
0
LINE
8
BLACK
6
CONTINUOUS
10
6.2764290944881891
20
-3.3321608267716534
11
6.2584537401574805
21
-3.3321608267716534
0
LINE
8
BLACK
6
CONTINUOUS
10
6.2584537401574805
20
-3.3321608267716534
11
6.2721614566929134
21
-3.3527224409448819
0
LINE
8
BLACK
6
CONTINUOUS
10
6.2721614566929134
20
-3.3527224409448819
11
6.2722726377952753
21
-3.3532846456692913
0
LINE
8
BLACK
6
CONTINUOUS
10
6.2722726377952753
20
-3.3532846456692913
11
6.2724920866141733
21
-3.3538143700787399
0
LINE
8
BLACK
6
CONTINUOUS
10
6.2724920866141733
20
-3.3538143700787399
11
6.2724144881889758
21
-3.3540016535433068
0
LINE
8
BLACK
6
CONTINUOUS
10
6.2724144881889758
20
-3.3540016535433068
11
6.2724538188976373
21
-3.3542004330708659
0
LINE
8
BLACK
6
CONTINUOUS
10
6.2724538188976373
20
-3.3542004330708659
11
6.2721348818897633
21
-3.354676653543307
0
LINE
8
BLACK
6
CONTINUOUS
10
6.2721348818897633
20
-3.354676653543307
11
6.2719155118110237
21
-3.3552062992125982
0
LINE
8
BLACK
6
CONTINUOUS
10
6.2719155118110237
20
-3.3552062992125982
11
6.2717282677165356
21
-3.3552838188976377
0
LINE
8
BLACK
6
CONTINUOUS
10
6.2717282677165356
20
-3.3552838188976377
11
6.2716155118110235
21
-3.3554522440944883
0
LINE
8
BLACK
6
CONTINUOUS
10
6.2716155118110235
20
-3.3554522440944883
11
6.2710532677165354
21
-3.3555634251968502
0
LINE
8
BLACK
6
CONTINUOUS
10
6.2710532677165354
20
-3.3555634251968502
11
6.270523582677165
21
-3.3557828740157478
0
LINE
8
BLACK
6
CONTINUOUS
10
6.270523582677165
20
-3.3557828740157478
11
6.2567440551181104
21
-3.3557828740157478
0
LINE
8
BLACK
6
CONTINUOUS
10
6.2567440551181104
20
-3.3557828740157478
11
6.2567440551181104
21
-3.3734994094488187
0
LINE
8
BLACK
6
CONTINUOUS
10
6.2567440551181104
20
-3.3734994094488187
11
6.2561674803149607
21
-3.3748913385826769
0
LINE
8
BLACK
6
CONTINUOUS
10
6.2561674803149607
20
-3.3748913385826769
11
6.2547755511811021
21
-3.3754679133858265
0
LINE
8
BLACK
6
CONTINUOUS
10
6.2547755511811021
20
-3.3754679133858265
11
6.2533836220472443
21
-3.3748913385826769
0
LINE
8
BLACK
6
CONTINUOUS
10
6.2533836220472443
20
-3.3748913385826769
11
6.2528070472440946
21
-3.3734994094488187
0
LINE
8
BLACK
6
CONTINUOUS
10
6.2528070472440946
20
-3.3734994094488187
11
6.2528070472440946
21
-3.3557828740157478
0
LINE
8
BLACK
6
CONTINUOUS
10
6.2528070472440946
20
-3.3557828740157478
11
6.2390275196850391
21
-3.3557828740157478
0
LINE
8
BLACK
6
CONTINUOUS
10
6.2390275196850391
20
-3.3557828740157478
11
6.2384979921259838
21
-3.3555635039370078
0
LINE
8
BLACK
6
CONTINUOUS
10
6.2384979921259838
20
-3.3555635039370078
11
6.2379355905511806
21
-3.355452283464567
0
LINE
8
BLACK
6
CONTINUOUS
10
6.2379355905511806
20
-3.355452283464567
11
6.2378227559055119
21
-3.3552838188976377
0
LINE
8
BLACK
6
CONTINUOUS
10
6.2378227559055119
20
-3.3552838188976377
11
6.2376355905511813
21
-3.3552062992125982
0
LINE
8
BLACK
6
CONTINUOUS
10
6.2376355905511813
20
-3.3552062992125982
11
6.2374162204724408
21
-3.3546767716535433
0
LINE
8
BLACK
6
CONTINUOUS
10
6.2374162204724408
20
-3.3546767716535433
11
6.2370972440944881
21
-3.3542004330708659
0
LINE
8
BLACK
6
CONTINUOUS
10
6.2370972440944881
20
-3.3542004330708659
11
6.2371365354330708
21
-3.3540015748031493
0
LINE
8
BLACK
6
CONTINUOUS
10
6.2371365354330708
20
-3.3540015748031493
11
6.2370590157480317
21
-3.3538143700787399
0
LINE
8
BLACK
6
CONTINUOUS
10
6.2370590157480317
20
-3.3538143700787399
11
6.2372783464566925
21
-3.3532848425196851
0
LINE
8
BLACK
6
CONTINUOUS
10
6.2372783464566925
20
-3.3532848425196851
11
6.237389606299212
21
-3.3527224409448819
0
LINE
8
BLACK
6
CONTINUOUS
10
6.237389606299212
20
-3.3527224409448819
11
6.2510973622047246
21
-3.3321608267716534
0
LINE
8
BLACK
6
CONTINUOUS
10
6.2510973622047246
20
-3.3321608267716534
11
6.2331220078740159
21
-3.3321608267716534
0
LINE
8
BLACK
6
CONTINUOUS
10
6.2331220078740159
20
-3.3321608267716534
11
6.2317300787401573
21
-3.3315842519685037
0
LINE
8
BLACK
6
CONTINUOUS
10
6.2317300787401573
20
-3.3315842519685037
11
6.2311535039370076
21
-3.3301923228346455
0
LINE
8
BLACK
6
CONTINUOUS
10
6.2311535039370076
20
-3.3301923228346455
11
6.2317300787401573
21
-3.3288003937007873
0
LINE
8
BLACK
6
CONTINUOUS
10
6.2317300787401573
20
-3.3288003937007873
11
6.2331220078740159
21
-3.3282238188976376
0
LINE
8
BLACK
6
CONTINUOUS
10
6.2331220078740159
20
-3.3282238188976376
11
6.2528070472440946
21
-3.3282238188976376
0
LINE
8
BLACK
6
CONTINUOUS
10
6.2528070472440946
20
-3.3282238188976376
11
6.2528070472440946
21
-3.3144442913385825
0
LINE
8
BLACK
6
CONTINUOUS
10
6.2528070472440946
20
-3.3144442913385825
11
6.2533836220472443
21
-3.3130523622047243
0
LINE
8
BLACK
6
CONTINUOUS
10
6.2533836220472443
20
-3.3130523622047243
11
6.2547755511811021
21
-3.3124757874015747
0
LINE
8
BLACK
6
CONTINUOUS
10
6.2547755511811021
20
-3.3124757874015747
11
6.2561674803149607
21
-3.3130523622047243
0
LINE
8
BLACK
6
CONTINUOUS
10
6.2427057086614175
20
-3.3518458661417321
11
6.2668453937007875
21
-3.3518458661417321
0
LINE
8
BLACK
6
CONTINUOUS
10
6.2668453937007875
20
-3.3518458661417321
11
6.2547755118110233
21
-3.333741062992126
0
LINE
8
BLACK
6
CONTINUOUS
10
6.2547755118110233
20
-3.333741062992126
11
6.2427057086614175
21
-3.3518458661417321
0
LINE
8
BLACK
6
CONTINUOUS
10
6.286271614173228
20
-3.277042716535433
11
6.2876635433070867
21
-3.2776192913385827
0
LINE
8
BLACK
6
CONTINUOUS
10
6.2876635433070867
20
-3.2776192913385827
11
6.2882401181102363
21
-3.2790112204724409
0
LINE
8
BLACK
6
CONTINUOUS
10
6.2882401181102363
20
-3.2790112204724409
11
6.2882401181102363
21
-3.4089324803149608
0
LINE
8
BLACK
6
CONTINUOUS
10
6.2882401181102363
20
-3.4089324803149608
11
6.2876635433070867
21
-3.410324409448819
0
LINE
8
BLACK
6
CONTINUOUS
10
6.2876635433070867
20
-3.410324409448819
11
6.286271614173228
21
-3.4109009842519686
0
LINE
8
BLACK
6
CONTINUOUS
10
6.286271614173228
20
-3.4109009842519686
11
6.2232794881889761
21
-3.4109009842519686
0
LINE
8
BLACK
6
CONTINUOUS
10
6.2232794881889761
20
-3.4109009842519686
11
6.2218875590551184
21
-3.410324409448819
0
LINE
8
BLACK
6
CONTINUOUS
10
6.2218875590551184
20
-3.410324409448819
11
6.2213109842519687
21
-3.4089324803149608
0
LINE
8
BLACK
6
CONTINUOUS
10
6.2213109842519687
20
-3.4089324803149608
11
6.2213109842519687
21
-3.2790112204724409
0
LINE
8
BLACK
6
CONTINUOUS
10
6.2213109842519687
20
-3.2790112204724409
11
6.2218875590551184
21
-3.2776192913385827
0
LINE
8
BLACK
6
CONTINUOUS
10
6.2218875590551184
20
-3.2776192913385827
11
6.2232794881889761
21
-3.277042716535433
0
LINE
8
BLACK
6
CONTINUOUS
10
6.2232794881889761
20
-3.277042716535433
11
6.286271614173228
21
-3.277042716535433
0
LINE
8
BLACK
6
CONTINUOUS
10
6.2252479921259845
20
-3.2809797244094487
11
6.2252479921259845
21
-3.4069639763779529
0
LINE
8
BLACK
6
CONTINUOUS
10
6.2252479921259845
20
-3.4069639763779529
11
6.2843031102362206
21
-3.4069639763779529
0
LINE
8
BLACK
6
CONTINUOUS
10
6.2843031102362206
20
-3.4069639763779529
11
6.2843031102362206
21
-3.2809797244094487
0
LINE
8
BLACK
6
CONTINUOUS
10
6.2843031102362206
20
-3.2809797244094487
11
6.2252479921259845
21
-3.2809797244094487
0
LINE
8
BLACK
6
CONTINUOUS
10
6.4494905118110237
20
-3.3980860236220471
11
6.4501202362204726
21
-3.3996062992125982
0
LINE
8
BLACK
6
CONTINUOUS
10
6.4501202362204726
20
-3.3996062992125982
11
6.4494905118110237
21
-3.4011265748031496
0
LINE
8
BLACK
6
CONTINUOUS
10
6.4494905118110237
20
-3.4011265748031496
11
6.4479702362204723
21
-3.4017562992125985
0
LINE
8
BLACK
6
CONTINUOUS
10
6.4479702362204723
20
-3.4017562992125985
11
6.4376036220472441
21
-3.4017562992125985
0
LINE
8
BLACK
6
CONTINUOUS
10
6.4376036220472441
20
-3.4017562992125985
11
6.4375419291338583
21
-3.4018179527559056
0
LINE
8
BLACK
6
CONTINUOUS
10
6.4375419291338583
20
-3.4018179527559056
11
6.4369868897637792
21
-3.4029280708661416
0
LINE
8
BLACK
6
CONTINUOUS
10
6.4369868897637792
20
-3.4029280708661416
11
6.4369868897637792
21
-3.4047272834645668
0
LINE
8
BLACK
6
CONTINUOUS
10
6.4369868897637792
20
-3.4047272834645668
11
6.4373774803149608
21
-3.4055085039370079
0
LINE
8
BLACK
6
CONTINUOUS
10
6.4373774803149608
20
-3.4055085039370079
11
6.4381587401574798
21
-3.4058991338582678
0
LINE
8
BLACK
6
CONTINUOUS
10
6.4381587401574798
20
-3.4058991338582678
11
6.4479702362204723
21
-3.4058991338582678
0
LINE
8
BLACK
6
CONTINUOUS
10
6.4479702362204723
20
-3.4058991338582678
11
6.4494905118110237
21
-3.4065288582677167
0
LINE
8
BLACK
6
CONTINUOUS
10
6.4494905118110237
20
-3.4065288582677167
11
6.4501202362204726
21
-3.4080491338582677
0
LINE
8
BLACK
6
CONTINUOUS
10
6.4501202362204726
20
-3.4080491338582677
11
6.4494905118110237
21
-3.4095694094488187
0
LINE
8
BLACK
6
CONTINUOUS
10
6.4494905118110237
20
-3.4095694094488187
11
6.4479702362204723
21
-3.4101991338582676
0
LINE
8
BLACK
6
CONTINUOUS
10
6.4479702362204723
20
-3.4101991338582676
11
6.4376511811023622
21
-3.4101991338582676
0
LINE
8
BLACK
6
CONTINUOUS
10
6.4376511811023622
20
-3.4101991338582676
11
6.4371888188976376
21
-3.4100075984251967
0
LINE
8
BLACK
6
CONTINUOUS
10
6.4371888188976376
20
-3.4100075984251967
11
6.4366896850393696
21
-3.4099721653543305
0
LINE
8
BLACK
6
CONTINUOUS
10
6.4366896850393696
20
-3.4099721653543305
11
6.4348135039370078
21
-3.4090340944881889
0
LINE
8
BLACK
6
CONTINUOUS
10
6.4348135039370078
20
-3.4090340944881889
11
6.434366850393701
21
-3.4085190944881889
0
LINE
8
BLACK
6
CONTINUOUS
10
6.434366850393701
20
-3.4085190944881889
11
6.4338519685039373
21
-3.408072559055118
0
LINE
8
BLACK
6
CONTINUOUS
10
6.4338519685039373
20
-3.408072559055118
11
6.4329138582677166
21
-3.406196338582677
0
LINE
8
BLACK
6
CONTINUOUS
10
6.4329138582677166
20
-3.406196338582677
11
6.4328783858267711
21
-3.4056971653543306
0
LINE
8
BLACK
6
CONTINUOUS
10
6.4328783858267711
20
-3.4056971653543306
11
6.4326868897637794
21
-3.4052348425196848
0
LINE
8
BLACK
6
CONTINUOUS
10
6.4326868897637794
20
-3.4052348425196848
11
6.4326868897637794
21
-3.4024205511811023
0
LINE
8
BLACK
6
CONTINUOUS
10
6.4326868897637794
20
-3.4024205511811023
11
6.4328783858267711
21
-3.4019581496062989
0
LINE
8
BLACK
6
CONTINUOUS
10
6.4328783858267711
20
-3.4019581496062989
11
6.4329138976377953
21
-3.4014590157480313
0
LINE
8
BLACK
6
CONTINUOUS
10
6.4329138976377953
20
-3.4014590157480313
11
6.4332094488188973
21
-3.4008678740157481
0
LINE
8
BLACK
6
CONTINUOUS
10
6.4332094488188973
20
-3.4008678740157481
11
6.4326868897637794
21
-3.3996062992125982
0
LINE
8
BLACK
6
CONTINUOUS
10
6.4326868897637794
20
-3.3996062992125982
11
6.4333166141732283
21
-3.3980860236220471
0
LINE
8
BLACK
6
CONTINUOUS
10
6.4333166141732283
20
-3.3980860236220471
11
6.4348368897637798
21
-3.3974562992125983
0
LINE
8
BLACK
6
CONTINUOUS
10
6.4348368897637798
20
-3.3974562992125983
11
6.4479702362204723
21
-3.3974562992125983
0
LINE
8
BLACK
6
CONTINUOUS
10
6.4479702362204723
20
-3.3974562992125983
11
6.4494905118110237
21
-3.3980860236220471
0
LINE
8
BLACK
6
CONTINUOUS
10
6.414365984251968
20
-3.3813907086614172
11
6.4148650787401573
21
-3.3814261811023623
0
LINE
8
BLACK
6
CONTINUOUS
10
6.4148650787401573
20
-3.3814261811023623
11
6.4150968897637792
21
-3.3816934251968505
0
LINE
8
BLACK
6
CONTINUOUS
10
6.4150968897637792
20
-3.3816934251968505
11
6.4154238582677161
21
-3.3818288976377953
0
LINE
8
BLACK
6
CONTINUOUS
10
6.4154238582677161
20
-3.3818288976377953
11
6.4156153543307086
21
-3.3822912598425194
0
LINE
8
BLACK
6
CONTINUOUS
10
6.4156153543307086
20
-3.3822912598425194
11
6.4159432283464568
21
-3.3826692913385825
0
LINE
8
BLACK
6
CONTINUOUS
10
6.4159432283464568
20
-3.3826692913385825
11
6.4159181102362206
21
-3.3830221653543306
0
LINE
8
BLACK
6
CONTINUOUS
10
6.4159181102362206
20
-3.3830221653543306
11
6.416053582677165
21
-3.3833491732283463
0
LINE
8
BLACK
6
CONTINUOUS
10
6.416053582677165
20
-3.3833491732283463
11
6.416053582677165
21
-3.3905801181102362
0
LINE
8
BLACK
6
CONTINUOUS
10
6.416053582677165
20
-3.3905801181102362
11
6.4204702362204724
21
-3.3905801181102362
0
LINE
8
BLACK
6
CONTINUOUS
10
6.4204702362204724
20
-3.3905801181102362
11
6.4219905118110239
21
-3.391209842519685
0
LINE
8
BLACK
6
CONTINUOUS
10
6.4219905118110239
20
-3.391209842519685
11
6.4226202362204727
21
-3.3927301181102361
0
LINE
8
BLACK
6
CONTINUOUS
10
6.4226202362204727
20
-3.3927301181102361
11
6.4219905118110239
21
-3.3942503937007875
0
LINE
8
BLACK
6
CONTINUOUS
10
6.4219905118110239
20
-3.3942503937007875
11
6.4204702362204724
21
-3.3948801181102359
0
LINE
8
BLACK
6
CONTINUOUS
10
6.4204702362204724
20
-3.3948801181102359
11
6.416053582677165
21
-3.3948801181102359
0
LINE
8
BLACK
6
CONTINUOUS
10
6.416053582677165
20
-3.3948801181102359
11
6.416053582677165
21
-3.395544409448819
0
LINE
8
BLACK
6
CONTINUOUS
10
6.416053582677165
20
-3.395544409448819
11
6.4154238582677161
21
-3.39706468503937
0
LINE
8
BLACK
6
CONTINUOUS
10
6.4154238582677161
20
-3.39706468503937
11
6.4139035826771655
21
-3.3976944094488188
0
LINE
8
BLACK
6
CONTINUOUS
10
6.4139035826771655
20
-3.3976944094488188
11
6.4123833070866141
21
-3.39706468503937
0
LINE
8
BLACK
6
CONTINUOUS
10
6.4123833070866141
20
-3.39706468503937
11
6.4117535826771652
21
-3.395544409448819
0
LINE
8
BLACK
6
CONTINUOUS
10
6.4117535826771652
20
-3.395544409448819
11
6.4117535826771652
21
-3.3948801181102359
0
LINE
8
BLACK
6
CONTINUOUS
10
6.4117535826771652
20
-3.3948801181102359
11
6.407336889763779
21
-3.3948801181102359
0
LINE
8
BLACK
6
CONTINUOUS
10
6.407336889763779
20
-3.3948801181102359
11
6.4058166141732285
21
-3.3942503937007875
0
LINE
8
BLACK
6
CONTINUOUS
10
6.4058166141732285
20
-3.3942503937007875
11
6.4051868897637796
21
-3.3927301181102361
0
LINE
8
BLACK
6
CONTINUOUS
10
6.4051868897637796
20
-3.3927301181102361
11
6.4058166141732285
21
-3.391209842519685
0
LINE
8
BLACK
6
CONTINUOUS
10
6.4058166141732285
20
-3.391209842519685
11
6.407336889763779
21
-3.3905801181102362
0
LINE
8
BLACK
6
CONTINUOUS
10
6.407336889763779
20
-3.3905801181102362
11
6.4117535826771652
21
-3.3905801181102362
0
LINE
8
BLACK
6
CONTINUOUS
10
6.4117535826771652
20
-3.3905801181102362
11
6.4117535826771652
21
-3.3863321259842518
0
LINE
8
BLACK
6
CONTINUOUS
10
6.4117535826771652
20
-3.3863321259842518
11
6.4005120472440939
21
-3.3900793307086614
0
LINE
8
BLACK
6
CONTINUOUS
10
6.4005120472440939
20
-3.3900793307086614
11
6.3988706692913384
21
-3.3899626771653542
0
LINE
8
BLACK
6
CONTINUOUS
10
6.3988706692913384
20
-3.3899626771653542
11
6.3977924803149602
21
-3.3887195275590551
0
LINE
8
BLACK
6
CONTINUOUS
10
6.3977924803149602
20
-3.3887195275590551
11
6.3979091338582679
21
-3.3870781496062992
0
LINE
8
BLACK
6
CONTINUOUS
10
6.3979091338582679
20
-3.3870781496062992
11
6.3991522834645664
21
-3.3859999606299214
0
LINE
8
BLACK
6
CONTINUOUS
10
6.3991522834645664
20
-3.3859999606299214
11
6.413223661417323
21
-3.381309527559055
0
LINE
8
BLACK
6
CONTINUOUS
10
6.413223661417323
20
-3.381309527559055
11
6.413576574803149
21
-3.3813346062992125
0
LINE
8
BLACK
6
CONTINUOUS
10
6.413576574803149
20
-3.3813346062992125
11
6.4139035826771655
21
-3.3811991732283464
0
LINE
8
BLACK
6
CONTINUOUS
10
6.4139035826771655
20
-3.3811991732283464
11
6.414365984251968
21
-3.3813907086614172
0
LINE
8
BLACK
6
CONTINUOUS
10
6.4407173228346455
20
-3.3778605905511809
11
6.4409869291338584
21
-3.3778205118110236
0
LINE
8
BLACK
6
CONTINUOUS
10
6.4409869291338584
20
-3.3778205118110236
11
6.4447393307086616
21
-3.3787585826771651
0
LINE
8
BLACK
6
CONTINUOUS
10
6.4447393307086616
20
-3.3787585826771651
11
6.4449356692913389
21
-3.37890405511811
0
LINE
8
BLACK
6
CONTINUOUS
10
6.4449356692913389
20
-3.37890405511811
11
6.4451793700787396
21
-3.3789213779527558
0
LINE
8
BLACK
6
CONTINUOUS
10
6.4451793700787396
20
-3.3789213779527558
11
6.4470555511811023
21
-3.3798594488188978
0
LINE
8
BLACK
6
CONTINUOUS
10
6.4470555511811023
20
-3.3798594488188978
11
6.447287401574803
21
-3.380126771653543
0
LINE
8
BLACK
6
CONTINUOUS
10
6.447287401574803
20
-3.380126771653543
11
6.4476143307086611
21
-3.3802622047244095
0
LINE
8
BLACK
6
CONTINUOUS
10
6.4476143307086611
20
-3.3802622047244095
11
6.4485524409448818
21
-3.3812003149606298
0
LINE
8
BLACK
6
CONTINUOUS
10
6.4485524409448818
20
-3.3812003149606298
11
6.4486878346456695
21
-3.3815272047244092
0
LINE
8
BLACK
6
CONTINUOUS
10
6.4486878346456695
20
-3.3815272047244092
11
6.4489551968503935
21
-3.381759094488189
0
LINE
8
BLACK
6
CONTINUOUS
10
6.4489551968503935
20
-3.381759094488189
11
6.4498932677165355
21
-3.3836352755905512
0
LINE
8
BLACK
6
CONTINUOUS
10
6.4498932677165355
20
-3.3836352755905512
11
6.4499287007874013
21
-3.3841344094488188
0
LINE
8
BLACK
6
CONTINUOUS
10
6.4499287007874013
20
-3.3841344094488188
11
6.4501202362204726
21
-3.3845967716535434
0
LINE
8
BLACK
6
CONTINUOUS
10
6.4501202362204726
20
-3.3845967716535434
11
6.4501202362204726
21
-3.3864729527559057
0
LINE
8
BLACK
6
CONTINUOUS
10
6.4501202362204726
20
-3.3864729527559057
11
6.4499287007874013
21
-3.3869352755905511
0
LINE
8
BLACK
6
CONTINUOUS
10
6.4499287007874013
20
-3.3869352755905511
11
6.4498932677165355
21
-3.3874344094488187
0
LINE
8
BLACK
6
CONTINUOUS
10
6.4498932677165355
20
-3.3874344094488187
11
6.4489551968503935
21
-3.3893106692913384
0
LINE
8
BLACK
6
CONTINUOUS
10
6.4489551968503935
20
-3.3893106692913384
11
6.4486877952755908
21
-3.3895425196850395
0
LINE
8
BLACK
6
CONTINUOUS
10
6.4486877952755908
20
-3.3895425196850395
11
6.448552401574803
21
-3.3898694881889764
0
LINE
8
BLACK
6
CONTINUOUS
10
6.448552401574803
20
-3.3898694881889764
11
6.4476142913385823
21
-3.3908075590551179
0
LINE
8
BLACK
6
CONTINUOUS
10
6.4476142913385823
20
-3.3908075590551179
11
6.447287401574803
21
-3.3909429133858269
0
LINE
8
BLACK
6
CONTINUOUS
10
6.447287401574803
20
-3.3909429133858269
11
6.447055590551181
21
-3.3912102755905509
0
LINE
8
BLACK
6
CONTINUOUS
10
6.447055590551181
20
-3.3912102755905509
11
6.4451794094488184
21
-3.3921483464566928
0
LINE
8
BLACK
6
CONTINUOUS
10
6.4451794094488184
20
-3.3921483464566928
11
6.4449356692913389
21
-3.3921656692913387
0
LINE
8
BLACK
6
CONTINUOUS
10
6.4449356692913389
20
-3.3921656692913387
11
6.4447392913385828
21
-3.3923111811023623
0
LINE
8
BLACK
6
CONTINUOUS
10
6.4447392913385828
20
-3.3923111811023623
11
6.4409868897637796
21
-3.3932492519685038
0
LINE
8
BLACK
6
CONTINUOUS
10
6.4409868897637796
20
-3.3932492519685038
11
6.440717244094488
21
-3.393209094488189
0
LINE
8
BLACK
6
CONTINUOUS
10
6.440717244094488
20
-3.393209094488189
11
6.4404654724409447
21
-3.3933134251968502
0
LINE
8
BLACK
6
CONTINUOUS
10
6.4404654724409447
20
-3.3933134251968502
11
6.4357749999999996
21
-3.3933134251968502
0
LINE
8
BLACK
6
CONTINUOUS
10
6.4357749999999996
20
-3.3933134251968502
11
6.4355231496062988
21
-3.393209094488189
0
LINE
8
BLACK
6
CONTINUOUS
10
6.4355231496062988
20
-3.393209094488189
11
6.4352535433070868
21
-3.3932492519685038
0
LINE
8
BLACK
6
CONTINUOUS
10
6.4352535433070868
20
-3.3932492519685038
11
6.4315011811023624
21
-3.3923111811023623
0
LINE
8
BLACK
6
CONTINUOUS
10
6.4315011811023624
20
-3.3923111811023623
11
6.4313048031496063
21
-3.3921656692913387
0
LINE
8
BLACK
6
CONTINUOUS
10
6.4313048031496063
20
-3.3921656692913387
11
6.4310611417322834
21
-3.3921483858267716
0
LINE
8
BLACK
6
CONTINUOUS
10
6.4310611417322834
20
-3.3921483858267716
11
6.429184921259842
21
-3.3912102755905509
0
LINE
8
BLACK
6
CONTINUOUS
10
6.429184921259842
20
-3.3912102755905509
11
6.4289530314960626
21
-3.3909429133858269
0
LINE
8
BLACK
6
CONTINUOUS
10
6.4289530314960626
20
-3.3909429133858269
11
6.4286261417322832
21
-3.3908075196850391
0
LINE
8
BLACK
6
CONTINUOUS
10
6.4286261417322832
20
-3.3908075196850391
11
6.4276880708661412
21
-3.3898694488188976
0
LINE
8
BLACK
6
CONTINUOUS
10
6.4276880708661412
20
-3.3898694488188976
11
6.4275526377952756
21
-3.3895425196850395
0
LINE
8
BLACK
6
CONTINUOUS
10
6.4275526377952756
20
-3.3895425196850395
11
6.4272853149606295
21
-3.3893106692913384
0
LINE
8
BLACK
6
CONTINUOUS
10
6.4272853149606295
20
-3.3893106692913384
11
6.4263472047244097
21
-3.3874344488188974
0
LINE
8
BLACK
6
CONTINUOUS
10
6.4263472047244097
20
-3.3874344488188974
11
6.4263117322834642
21
-3.3869352755905511
0
LINE
8
BLACK
6
CONTINUOUS
10
6.4263117322834642
20
-3.3869352755905511
11
6.4261202362204726
21
-3.3864729527559057
0
LINE
8
BLACK
6
CONTINUOUS
10
6.4261202362204726
20
-3.3864729527559057
11
6.4261202362204726
21
-3.3845967716535434
0
LINE
8
BLACK
6
CONTINUOUS
10
6.4261202362204726
20
-3.3845967716535434
11
6.4263117322834642
21
-3.3841343700787401
0
LINE
8
BLACK
6
CONTINUOUS
10
6.4263117322834642
20
-3.3841343700787401
11
6.4263472440944884
21
-3.3836352362204725
0
LINE
8
BLACK
6
CONTINUOUS
10
6.4263472440944884
20
-3.3836352362204725
11
6.4272853149606295
21
-3.3817590551181103
0
LINE
8
BLACK
6
CONTINUOUS
10
6.4272853149606295
20
-3.3817590551181103
11
6.4275526377952756
21
-3.3815272047244092
0
LINE
8
BLACK
6
CONTINUOUS
10
6.4275526377952756
20
-3.3815272047244092
11
6.4276880314960625
21
-3.3812003543307085
0
LINE
8
BLACK
6
CONTINUOUS
10
6.4276880314960625
20
-3.3812003543307085
11
6.4286261023622044
21
-3.3802622440944883
0
LINE
8
BLACK
6
CONTINUOUS
10
6.4286261023622044
20
-3.3802622440944883
11
6.4289530314960626
21
-3.3801268110236218
0
LINE
8
BLACK
6
CONTINUOUS
10
6.4289530314960626
20
-3.3801268110236218
11
6.429184921259842
21
-3.3798594488188978
0
LINE
8
BLACK
6
CONTINUOUS
10
6.429184921259842
20
-3.3798594488188978
11
6.4310611811023621
21
-3.3789213779527558
0
LINE
8
BLACK
6
CONTINUOUS
10
6.4310611811023621
20
-3.3789213779527558
11
6.4313048818897638
21
-3.37890405511811
0
LINE
8
BLACK
6
CONTINUOUS
10
6.4313048818897638
20
-3.37890405511811
11
6.4315011811023624
21
-3.3787586220472439
0
LINE
8
BLACK
6
CONTINUOUS
10
6.4315011811023624
20
-3.3787586220472439
11
6.435253503937008
21
-3.3778205118110236
0
LINE
8
BLACK
6
CONTINUOUS
10
6.435253503937008
20
-3.3778205118110236
11
6.43552311023622
21
-3.3778605905511809
0
LINE
8
BLACK
6
CONTINUOUS
10
6.43552311023622
20
-3.3778605905511809
11
6.4357749999999996
21
-3.3777562992125985
0
LINE
8
BLACK
6
CONTINUOUS
10
6.4357749999999996
20
-3.3777562992125985
11
6.4404654724409447
21
-3.3777562992125985
0
LINE
8
BLACK
6
CONTINUOUS
10
6.4404654724409447
20
-3.3777562992125985
11
6.4407173228346455
21
-3.3778605905511809
0
LINE
8
BLACK
6
CONTINUOUS
10
6.4327731102362202
20
-3.3828729133858269
11
6.4314199606299214
21
-3.3835494881889763
0
LINE
8
BLACK
6
CONTINUOUS
10
6.4314199606299214
20
-3.3835494881889763
11
6.4309753149606301
21
-3.3839941338582675
0
LINE
8
BLACK
6
CONTINUOUS
10
6.4309753149606301
20
-3.3839941338582675
11
6.4304202362204723
21
-3.3851042913385827
0
LINE
8
BLACK
6
CONTINUOUS
10
6.4304202362204723
20
-3.3851042913385827
11
6.4304202362204723
21
-3.3859653937007872
0
LINE
8
BLACK
6
CONTINUOUS
10
6.4304202362204723
20
-3.3859653937007872
11
6.4309753543307089
21
-3.3870756299212599
0
LINE
8
BLACK
6
CONTINUOUS
10
6.4309753543307089
20
-3.3870756299212599
11
6.4314199606299214
21
-3.3875202362204724
0
LINE
8
BLACK
6
CONTINUOUS
10
6.4314199606299214
20
-3.3875202362204724
11
6.4327729527559052
21
-3.3881967322834643
0
LINE
8
BLACK
6
CONTINUOUS
10
6.4327729527559052
20
-3.3881967322834643
11
6.4360397244094489
21
-3.3890134251968504
0
LINE
8
BLACK
6
CONTINUOUS
10
6.4360397244094489
20
-3.3890134251968504
11
6.4402007480314962
21
-3.3890134251968504
0
LINE
8
BLACK
6
CONTINUOUS
10
6.4402007480314962
20
-3.3890134251968504
11
6.4434675590551178
21
-3.3881966929133855
0
LINE
8
BLACK
6
CONTINUOUS
10
6.4434675590551178
20
-3.3881966929133855
11
6.444820472440945
21
-3.3875202362204724
0
LINE
8
BLACK
6
CONTINUOUS
10
6.444820472440945
20
-3.3875202362204724
11
6.4452651181102363
21
-3.3870755905511811
0
LINE
8
BLACK
6
CONTINUOUS
10
6.4452651181102363
20
-3.3870755905511811
11
6.445820236220472
21
-3.3859653937007872
0
LINE
8
BLACK
6
CONTINUOUS
10
6.445820236220472
20
-3.3859653937007872
11
6.445820236220472
21
-3.3851042913385827
0
LINE
8
BLACK
6
CONTINUOUS
10
6.445820236220472
20
-3.3851042913385827
11
6.4452651181102363
21
-3.3839940944881888
0
LINE
8
BLACK
6
CONTINUOUS
10
6.4452651181102363
20
-3.3839940944881888
11
6.4448205118110238
21
-3.3835494881889763
0
LINE
8
BLACK
6
CONTINUOUS
10
6.4448205118110238
20
-3.3835494881889763
11
6.443467362204724
21
-3.3828729133858269
0
LINE
8
BLACK
6
CONTINUOUS
10
6.443467362204724
20
-3.3828729133858269
11
6.4402008661417325
21
-3.3820562992125982
0
LINE
8
BLACK
6
CONTINUOUS
10
6.4402008661417325
20
-3.3820562992125982
11
6.4360397637795277
21
-3.3820562992125982
0
LINE
8
BLACK
6
CONTINUOUS
10
6.4360397637795277
20
-3.3820562992125982
11
6.4327731102362202
21
-3.3828729133858269
0
LINE
8
BLACK
6
CONTINUOUS
10
6.4219905118110239
20
-3.3668193700787401
11
6.4226202362204727
21
-3.3683396456692911
0
LINE
8
BLACK
6
CONTINUOUS
10
6.4226202362204727
20
-3.3683396456692911
11
6.4226202362204727
21
-3.3777205905511809
0
LINE
8
BLACK
6
CONTINUOUS
10
6.4226202362204727
20
-3.3777205905511809
11
6.4219905118110239
21
-3.3792408661417324
0
LINE
8
BLACK
6
CONTINUOUS
10
6.4219905118110239
20
-3.3792408661417324
11
6.4204702362204724
21
-3.3798705905511812
0
LINE
8
BLACK
6
CONTINUOUS
10
6.4204702362204724
20
-3.3798705905511812
11
6.418949960629921
21
-3.3792408661417324
0
LINE
8
BLACK
6
CONTINUOUS
10
6.418949960629921
20
-3.3792408661417324
11
6.4183202362204721
21
-3.3777205905511809
0
LINE
8
BLACK
6
CONTINUOUS
10
6.4183202362204721
20
-3.3777205905511809
11
6.4183202362204721
21
-3.3704896456692914
0
LINE
8
BLACK
6
CONTINUOUS
10
6.4183202362204721
20
-3.3704896456692914
11
6.4007702362204721
21
-3.3704896456692914
0
LINE
8
BLACK
6
CONTINUOUS
10
6.4007702362204721
20
-3.3704896456692914
11
6.3992499606299207
21
-3.3698599212598426
0
LINE
8
BLACK
6
CONTINUOUS
10
6.3992499606299207
20
-3.3698599212598426
11
6.3986202362204727
21
-3.3683396456692911
0
LINE
8
BLACK
6
CONTINUOUS
10
6.3986202362204727
20
-3.3683396456692911
11
6.3992499606299207
21
-3.3668193700787401
0
LINE
8
BLACK
6
CONTINUOUS
10
6.3992499606299207
20
-3.3668193700787401
11
6.4007702362204721
21
-3.3661896456692912
0
LINE
8
BLACK
6
CONTINUOUS
10
6.4007702362204721
20
-3.3661896456692912
11
6.4204702362204724
21
-3.3661896456692912
0
LINE
8
BLACK
6
CONTINUOUS
10
6.4204702362204724
20
-3.3661896456692912
11
6.4219905118110239
21
-3.3668193700787401
0
LINE
8
BLACK
6
CONTINUOUS
10
6.4407173228346455
20
-3.3590987007874014
11
6.4409869291338584
21
-3.359058622047244
0
LINE
8
BLACK
6
CONTINUOUS
10
6.4409869291338584
20
-3.359058622047244
11
6.4447393307086616
21
-3.3599966929133855
0
LINE
8
BLACK
6
CONTINUOUS
10
6.4447393307086616
20
-3.3599966929133855
11
6.4449356692913389
21
-3.3601421653543304
0
LINE
8
BLACK
6
CONTINUOUS
10
6.4449356692913389
20
-3.3601421653543304
11
6.4451793700787396
21
-3.3601594881889763
0
LINE
8
BLACK
6
CONTINUOUS
10
6.4451793700787396
20
-3.3601594881889763
11
6.4470555511811023
21
-3.3610975590551182
0
LINE
8
BLACK
6
CONTINUOUS
10
6.4470555511811023
20
-3.3610975590551182
11
6.447287401574803
21
-3.3613648818897639
0
LINE
8
BLACK
6
CONTINUOUS
10
6.447287401574803
20
-3.3613648818897639
11
6.4476143307086611
21
-3.36150031496063
0
LINE
8
BLACK
6
CONTINUOUS
10
6.4476143307086611
20
-3.36150031496063
11
6.4485524409448818
21
-3.3624384251968502
0
LINE
8
BLACK
6
CONTINUOUS
10
6.4485524409448818
20
-3.3624384251968502
11
6.4486878346456695
21
-3.36276531496063
0
LINE
8
BLACK
6
CONTINUOUS
10
6.4486878346456695
20
-3.36276531496063
11
6.4489551968503935
21
-3.3629972047244094
0
LINE
8
BLACK
6
CONTINUOUS
10
6.4489551968503935
20
-3.3629972047244094
11
6.4498932677165355
21
-3.3648733858267716
0
LINE
8
BLACK
6
CONTINUOUS
10
6.4498932677165355
20
-3.3648733858267716
11
6.4499287007874013
21
-3.3653725196850393
0
LINE
8
BLACK
6
CONTINUOUS
10
6.4499287007874013
20
-3.3653725196850393
11
6.4501202362204726
21
-3.3658348818897639
0
LINE
8
BLACK
6
CONTINUOUS
10
6.4501202362204726
20
-3.3658348818897639
11
6.4501202362204726
21
-3.3677110629921261
0
LINE
8
BLACK
6
CONTINUOUS
10
6.4501202362204726
20
-3.3677110629921261
11
6.4499287007874013
21
-3.3681733858267715
0
LINE
8
BLACK
6
CONTINUOUS
10
6.4499287007874013
20
-3.3681733858267715
11
6.4498932677165355
21
-3.3686725196850391
0
LINE
8
BLACK
6
CONTINUOUS
10
6.4498932677165355
20
-3.3686725196850391
11
6.4489551968503935
21
-3.3705487795275588
0
LINE
8
BLACK
6
CONTINUOUS
10
6.4489551968503935
20
-3.3705487795275588
11
6.4486877952755908
21
-3.3707806299212599
0
LINE
8
BLACK
6
CONTINUOUS
10
6.4486877952755908
20
-3.3707806299212599
11
6.448552401574803
21
-3.3711075984251968
0
LINE
8
BLACK
6
CONTINUOUS
10
6.448552401574803
20
-3.3711075984251968
11
6.4476142913385823
21
-3.3720456692913383
0
LINE
8
BLACK
6
CONTINUOUS
10
6.4476142913385823
20
-3.3720456692913383
11
6.447287401574803
21
-3.3721810236220473
0
LINE
8
BLACK
6
CONTINUOUS
10
6.447287401574803
20
-3.3721810236220473
11
6.447055590551181
21
-3.3724483858267718
0
LINE
8
BLACK
6
CONTINUOUS
10
6.447055590551181
20
-3.3724483858267718
11
6.4451794094488184
21
-3.3733864566929133
0
LINE
8
BLACK
6
CONTINUOUS
10
6.4451794094488184
20
-3.3733864566929133
11
6.4449356692913389
21
-3.3734037795275591
0
LINE
8
BLACK
6
CONTINUOUS
10
6.4449356692913389
20
-3.3734037795275591
11
6.4447392913385828
21
-3.3735492913385827
0
LINE
8
BLACK
6
CONTINUOUS
10
6.4447392913385828
20
-3.3735492913385827
11
6.4409868897637796
21
-3.3744873622047242
0
LINE
8
BLACK
6
CONTINUOUS
10
6.4409868897637796
20
-3.3744873622047242
11
6.440717244094488
21
-3.3744472047244094
0
LINE
8
BLACK
6
CONTINUOUS
10
6.440717244094488
20
-3.3744472047244094
11
6.4404654724409447
21
-3.3745515354330706
0
LINE
8
BLACK
6
CONTINUOUS
10
6.4404654724409447
20
-3.3745515354330706
11
6.4357749999999996
21
-3.3745515354330706
0
LINE
8
BLACK
6
CONTINUOUS
10
6.4357749999999996
20
-3.3745515354330706
11
6.4355231496062988
21
-3.3744472047244094
0
LINE
8
BLACK
6
CONTINUOUS
10
6.4355231496062988
20
-3.3744472047244094
11
6.4352535433070868
21
-3.3744873622047242
0
LINE
8
BLACK
6
CONTINUOUS
10
6.4352535433070868
20
-3.3744873622047242
11
6.4315011811023624
21
-3.3735492913385827
0
LINE
8
BLACK
6
CONTINUOUS
10
6.4315011811023624
20
-3.3735492913385827
11
6.4313048031496063
21
-3.3734037795275591
0
LINE
8
BLACK
6
CONTINUOUS
10
6.4313048031496063
20
-3.3734037795275591
11
6.4310611417322834
21
-3.373386496062992
0
LINE
8
BLACK
6
CONTINUOUS
10
6.4310611417322834
20
-3.373386496062992
11
6.429184921259842
21
-3.3724483858267718
0
LINE
8
BLACK
6
CONTINUOUS
10
6.429184921259842
20
-3.3724483858267718
11
6.4289530314960626
21
-3.3721810236220473
0
LINE
8
BLACK
6
CONTINUOUS
10
6.4289530314960626
20
-3.3721810236220473
11
6.4286261417322832
21
-3.3720456299212596
0
LINE
8
BLACK
6
CONTINUOUS
10
6.4286261417322832
20
-3.3720456299212596
11
6.4276880708661412
21
-3.3711075590551181
0
LINE
8
BLACK
6
CONTINUOUS
10
6.4276880708661412
20
-3.3711075590551181
11
6.4275526377952756
21
-3.3707806299212599
0
LINE
8
BLACK
6
CONTINUOUS
10
6.4275526377952756
20
-3.3707806299212599
11
6.4272853149606295
21
-3.3705487795275588
0
LINE
8
BLACK
6
CONTINUOUS
10
6.4272853149606295
20
-3.3705487795275588
11
6.4263472047244097
21
-3.3686725590551179
0
LINE
8
BLACK
6
CONTINUOUS
10
6.4263472047244097
20
-3.3686725590551179
11
6.4263117322834642
21
-3.3681733858267715
0
LINE
8
BLACK
6
CONTINUOUS
10
6.4263117322834642
20
-3.3681733858267715
11
6.4261202362204726
21
-3.3677110629921261
0
LINE
8
BLACK
6
CONTINUOUS
10
6.4261202362204726
20
-3.3677110629921261
11
6.4261202362204726
21
-3.3658348818897639
0
LINE
8
BLACK
6
CONTINUOUS
10
6.4261202362204726
20
-3.3658348818897639
11
6.4263117322834642
21
-3.3653724803149605
0
LINE
8
BLACK
6
CONTINUOUS
10
6.4263117322834642
20
-3.3653724803149605
11
6.4263472440944884
21
-3.3648733464566929
0
LINE
8
BLACK
6
CONTINUOUS
10
6.4263472440944884
20
-3.3648733464566929
11
6.4272853149606295
21
-3.3629971653543307
0
LINE
8
BLACK
6
CONTINUOUS
10
6.4272853149606295
20
-3.3629971653543307
11
6.4275526377952756
21
-3.36276531496063
0
LINE
8
BLACK
6
CONTINUOUS
10
6.4275526377952756
20
-3.36276531496063
11
6.4276880314960625
21
-3.362438464566929
0
LINE
8
BLACK
6
CONTINUOUS
10
6.4276880314960625
20
-3.362438464566929
11
6.4286261023622044
21
-3.3615003543307087
0
LINE
8
BLACK
6
CONTINUOUS
10
6.4286261023622044
20
-3.3615003543307087
11
6.4289530314960626
21
-3.3613649212598427
0
LINE
8
BLACK
6
CONTINUOUS
10
6.4289530314960626
20
-3.3613649212598427
11
6.429184921259842
21
-3.3610975590551182
0
LINE
8
BLACK
6
CONTINUOUS
10
6.429184921259842
20
-3.3610975590551182
11
6.4310611811023621
21
-3.3601594881889763
0
LINE
8
BLACK
6
CONTINUOUS
10
6.4310611811023621
20
-3.3601594881889763
11
6.4313048818897638
21
-3.3601421653543304
0
LINE
8
BLACK
6
CONTINUOUS
10
6.4313048818897638
20
-3.3601421653543304
11
6.4315011811023624
21
-3.3599967322834643
0
LINE
8
BLACK
6
CONTINUOUS
10
6.4315011811023624
20
-3.3599967322834643
11
6.435253503937008
21
-3.359058622047244
0
LINE
8
BLACK
6
CONTINUOUS
10
6.435253503937008
20
-3.359058622047244
11
6.43552311023622
21
-3.3590987007874014
0
LINE
8
BLACK
6
CONTINUOUS
10
6.43552311023622
20
-3.3590987007874014
11
6.4357749999999996
21
-3.3589944094488189
0
LINE
8
BLACK
6
CONTINUOUS
10
6.4357749999999996
20
-3.3589944094488189
11
6.4404654724409447
21
-3.3589944094488189
0
LINE
8
BLACK
6
CONTINUOUS
10
6.4404654724409447
20
-3.3589944094488189
11
6.4407173228346455
21
-3.3590987007874014
0
LINE
8
BLACK
6
CONTINUOUS
10
6.4327731102362202
20
-3.3641110236220473
11
6.4314199606299214
21
-3.3647875984251967
0
LINE
8
BLACK
6
CONTINUOUS
10
6.4314199606299214
20
-3.3647875984251967
11
6.4309753149606301
21
-3.365232244094488
0
LINE
8
BLACK
6
CONTINUOUS
10
6.4309753149606301
20
-3.365232244094488
11
6.4304202362204723
21
-3.3663424015748031
0
LINE
8
BLACK
6
CONTINUOUS
10
6.4304202362204723
20
-3.3663424015748031
11
6.4304202362204723
21
-3.3672035039370076
0
LINE
8
BLACK
6
CONTINUOUS
10
6.4304202362204723
20
-3.3672035039370076
11
6.4309753543307089
21
-3.3683137401574803
0
LINE
8
BLACK
6
CONTINUOUS
10
6.4309753543307089
20
-3.3683137401574803
11
6.4314199606299214
21
-3.3687583464566928
0
LINE
8
BLACK
6
CONTINUOUS
10
6.4314199606299214
20
-3.3687583464566928
11
6.4327729527559052
21
-3.3694348425196852
0
LINE
8
BLACK
6
CONTINUOUS
10
6.4327729527559052
20
-3.3694348425196852
11
6.4360397244094489
21
-3.3702515354330709
0
LINE
8
BLACK
6
CONTINUOUS
10
6.4360397244094489
20
-3.3702515354330709
11
6.4402007480314962
21
-3.3702515354330709
0
LINE
8
BLACK
6
CONTINUOUS
10
6.4402007480314962
20
-3.3702515354330709
11
6.4434675590551178
21
-3.3694348031496064
0
LINE
8
BLACK
6
CONTINUOUS
10
6.4434675590551178
20
-3.3694348031496064
11
6.444820472440945
21
-3.3687583464566928
0
LINE
8
BLACK
6
CONTINUOUS
10
6.444820472440945
20
-3.3687583464566928
11
6.4452651181102363
21
-3.3683137007874016
0
LINE
8
BLACK
6
CONTINUOUS
10
6.4452651181102363
20
-3.3683137007874016
11
6.445820236220472
21
-3.3672035039370076
0
LINE
8
BLACK
6
CONTINUOUS
10
6.445820236220472
20
-3.3672035039370076
11
6.445820236220472
21
-3.3663424015748031
0
LINE
8
BLACK
6
CONTINUOUS
10
6.445820236220472
20
-3.3663424015748031
11
6.4452651181102363
21
-3.3652322047244092
0
LINE
8
BLACK
6
CONTINUOUS
10
6.4452651181102363
20
-3.3652322047244092
11
6.4448205118110238
21
-3.3647875984251967
0
LINE
8
BLACK
6
CONTINUOUS
10
6.4448205118110238
20
-3.3647875984251967
11
6.443467362204724
21
-3.3641110236220473
0
LINE
8
BLACK
6
CONTINUOUS
10
6.443467362204724
20
-3.3641110236220473
11
6.4402008661417325
21
-3.3632944094488186
0
LINE
8
BLACK
6
CONTINUOUS
10
6.4402008661417325
20
-3.3632944094488186
11
6.4360397637795277
21
-3.3632944094488186
0
LINE
8
BLACK
6
CONTINUOUS
10
6.4360397637795277
20
-3.3632944094488186
11
6.4327731102362202
21
-3.3641110236220473
0
LINE
8
BLACK
6
CONTINUOUS
10
6.4544637795275586
20
-3.3181187795275591
11
6.4545930314960627
21
-3.3180960236220471
0
LINE
8
BLACK
6
CONTINUOUS
10
6.4545930314960627
20
-3.3180960236220471
11
6.4547066141732286
21
-3.3181616141732282
0
LINE
8
BLACK
6
CONTINUOUS
10
6.4547066141732286
20
-3.3181616141732282
11
6.455090196850394
21
-3.3182292519685039
0
LINE
8
BLACK
6
CONTINUOUS
10
6.455090196850394
20
-3.3182292519685039
11
6.4556778740157474
21
-3.3187223622047242
0
LINE
8
BLACK
6
CONTINUOUS
10
6.4556778740157474
20
-3.3187223622047242
11
6.4563422047244092
21
-3.3191059448818896
0
LINE
8
BLACK
6
CONTINUOUS
10
6.4563422047244092
20
-3.3191059448818896
11
6.4564333070866144
21
-3.3193562598425195
0
LINE
8
BLACK
6
CONTINUOUS
10
6.4564333070866144
20
-3.3193562598425195
11
6.4566374409448821
21
-3.3195275590551181
0
LINE
8
BLACK
6
CONTINUOUS
10
6.4566374409448821
20
-3.3195275590551181
11
6.4567706692913385
21
-3.3202831102362205
0
LINE
8
BLACK
6
CONTINUOUS
10
6.4567706692913385
20
-3.3202831102362205
11
6.4570330314960627
21
-3.3210039370078741
0
LINE
8
BLACK
6
CONTINUOUS
10
6.4570330314960627
20
-3.3210039370078741
11
6.4570330314960627
21
-3.3610039370078741
0
LINE
8
BLACK
6
CONTINUOUS
10
6.4570330314960627
20
-3.3610039370078741
11
6.4568549606299213
21
-3.3620138582677166
0
LINE
8
BLACK
6
CONTINUOUS
10
6.4568549606299213
20
-3.3620138582677166
11
6.4555566535433071
21
-3.3635611023622047
0
LINE
8
BLACK
6
CONTINUOUS
10
6.4555566535433071
20
-3.3635611023622047
11
6.4535675196850395
21
-3.3639118503937007
0
LINE
8
BLACK
6
CONTINUOUS
10
6.4535675196850395
20
-3.3639118503937007
11
6.4518183464566929
21
-3.3629019291338582
0
LINE
8
BLACK
6
CONTINUOUS
10
6.4518183464566929
20
-3.3629019291338582
11
6.4511275196850395
21
-3.3610039370078741
0
LINE
8
BLACK
6
CONTINUOUS
10
6.4511275196850395
20
-3.3610039370078741
11
6.4511275196850395
21
-3.3239566929133857
0
LINE
8
BLACK
6
CONTINUOUS
10
6.4511275196850395
20
-3.3239566929133857
11
6.3970330314960631
21
-3.3239566929133857
0
LINE
8
BLACK
6
CONTINUOUS
10
6.3970330314960631
20
-3.3239566929133857
11
6.3970330314960631
21
-3.3610039370078741
0
LINE
8
BLACK
6
CONTINUOUS
10
6.3970330314960631
20
-3.3610039370078741
11
6.3968549606299208
21
-3.3620138582677166
0
LINE
8
BLACK
6
CONTINUOUS
10
6.3968549606299208
20
-3.3620138582677166
11
6.3955566535433066
21
-3.3635611023622047
0
LINE
8
BLACK
6
CONTINUOUS
10
6.3955566535433066
20
-3.3635611023622047
11
6.393567519685039
21
-3.3639118503937007
0
LINE
8
BLACK
6
CONTINUOUS
10
6.393567519685039
20
-3.3639118503937007
11
6.3918183464566924
21
-3.3629019291338582
0
LINE
8
BLACK
6
CONTINUOUS
10
6.3918183464566924
20
-3.3629019291338582
11
6.391127519685039
21
-3.3610039370078741
0
LINE
8
BLACK
6
CONTINUOUS
10
6.391127519685039
20
-3.3610039370078741
11
6.391127519685039
21
-3.3210039370078741
0
LINE
8
BLACK
6
CONTINUOUS
10
6.391127519685039
20
-3.3210039370078741
11
6.391195118110236
21
-3.3206203937007874
0
LINE
8
BLACK
6
CONTINUOUS
10
6.391195118110236
20
-3.3206203937007874
11
6.3911723622047241
21
-3.3204911811023621
0
LINE
8
BLACK
6
CONTINUOUS
10
6.3911723622047241
20
-3.3204911811023621
11
6.3912379527559056
21
-3.3203775590551179
0
LINE
8
BLACK
6
CONTINUOUS
10
6.3912379527559056
20
-3.3203775590551179
11
6.3913055905511813
21
-3.3199940157480312
0
LINE
8
BLACK
6
CONTINUOUS
10
6.3913055905511813
20
-3.3199940157480312
11
6.3917987007874011
21
-3.3194062992125986
0
LINE
8
BLACK
6
CONTINUOUS
10
6.3917987007874011
20
-3.3194062992125986
11
6.3921822834645665
21
-3.3187420078740155
0
LINE
8
BLACK
6
CONTINUOUS
10
6.3921822834645665
20
-3.3187420078740155
11
6.3924325984251968
21
-3.318650866141732
0
LINE
8
BLACK
6
CONTINUOUS
10
6.3924325984251968
20
-3.318650866141732
11
6.3926038976377955
21
-3.3184467716535431
0
LINE
8
BLACK
6
CONTINUOUS
10
6.3926038976377955
20
-3.3184467716535431
11
6.3933594488188978
21
-3.318313503937008
0
LINE
8
BLACK
6
CONTINUOUS
10
6.3933594488188978
20
-3.318313503937008
11
6.394080275590551
21
-3.3180511811023621
0
LINE
8
BLACK
6
CONTINUOUS
10
6.394080275590551
20
-3.3180511811023621
11
6.4540802755905506
21
-3.3180511811023621
0
LINE
8
BLACK
6
CONTINUOUS
10
6.4540802755905506
20
-3.3180511811023621
11
6.4544637795275586
21
-3.3181187795275591
0
LINE
8
BLACK
6
CONTINUOUS
10
6.4494905118110237
20
-3.3408622440944882
11
6.4501202362204726
21
-3.3423825196850392
0
LINE
8
BLACK
6
CONTINUOUS
10
6.4501202362204726
20
-3.3423825196850392
11
6.4501202362204726
21
-3.3536396456692912
0
LINE
8
BLACK
6
CONTINUOUS
10
6.4501202362204726
20
-3.3536396456692912
11
6.4494905118110237
21
-3.3551599212598426
0
LINE
8
BLACK
6
CONTINUOUS
10
6.4494905118110237
20
-3.3551599212598426
11
6.4479702362204723
21
-3.3557896456692911
0
LINE
8
BLACK
6
CONTINUOUS
10
6.4479702362204723
20
-3.3557896456692911
11
6.4464499606299208
21
-3.3551599212598426
0
LINE
8
BLACK
6
CONTINUOUS
10
6.4464499606299208
20
-3.3551599212598426
11
6.445820236220472
21
-3.3536396456692912
0
LINE
8
BLACK
6
CONTINUOUS
10
6.445820236220472
20
-3.3536396456692912
11
6.445820236220472
21
-3.3501611023622044
0
LINE
8
BLACK
6
CONTINUOUS
10
6.445820236220472
20
-3.3501611023622044
11
6.428270236220472
21
-3.3501611023622044
0
LINE
8
BLACK
6
CONTINUOUS
10
6.428270236220472
20
-3.3501611023622044
11
6.428065669291338
21
-3.3500763779527558
0
LINE
8
BLACK
6
CONTINUOUS
10
6.428065669291338
20
-3.3500763779527558
11
6.4278485826771652
21
-3.3501193307086612
0
LINE
8
BLACK
6
CONTINUOUS
10
6.4278485826771652
20
-3.3501193307086612
11
6.4273284251968503
21
-3.3497709842519683
0
LINE
8
BLACK
6
CONTINUOUS
10
6.4273284251968503
20
-3.3497709842519683
11
6.4267499606299214
21
-3.349531377952756
0
LINE
8
BLACK
6
CONTINUOUS
10
6.4267499606299214
20
-3.349531377952756
11
6.4266652362204724
21
-3.3493268503937008
0
LINE
8
BLACK
6
CONTINUOUS
10
6.4266652362204724
20
-3.3493268503937008
11
6.4264813385826773
21
-3.3492037007874016
0
LINE
8
BLACK
6
CONTINUOUS
10
6.4264813385826773
20
-3.3492037007874016
11
6.4263598425196848
21
-3.3485895669291339
0
LINE
8
BLACK
6
CONTINUOUS
10
6.4263598425196848
20
-3.3485895669291339
11
6.4261202362204726
21
-3.3480111023622046
0
LINE
8
BLACK
6
CONTINUOUS
10
6.4261202362204726
20
-3.3480111023622046
11
6.426204921259842
21
-3.3478065354330706
0
LINE
8
BLACK
6
CONTINUOUS
10
6.426204921259842
20
-3.3478065354330706
11
6.4261620078740158
21
-3.3475894488188978
0
LINE
8
BLACK
6
CONTINUOUS
10
6.4261620078740158
20
-3.3475894488188978
11
6.4265103149606295
21
-3.3470692913385824
0
LINE
8
BLACK
6
CONTINUOUS
10
6.4265103149606295
20
-3.3470692913385824
11
6.4267499606299214
21
-3.3464908267716535
0
LINE
8
BLACK
6
CONTINUOUS
10
6.4267499606299214
20
-3.3464908267716535
11
6.4269544488188979
21
-3.3464061023622045
0
LINE
8
BLACK
6
CONTINUOUS
10
6.4269544488188979
20
-3.3464061023622045
11
6.4270776377952759
21
-3.3462222047244095
0
LINE
8
BLACK
6
CONTINUOUS
10
6.4270776377952759
20
-3.3462222047244095
11
6.4297148031496061
21
-3.3444640157480312
0
LINE
8
BLACK
6
CONTINUOUS
10
6.4297148031496061
20
-3.3444640157480312
11
6.4311937007874018
21
-3.3429851181102364
0
LINE
8
BLACK
6
CONTINUOUS
10
6.4311937007874018
20
-3.3429851181102364
11
6.4319757874015746
21
-3.3414209842519682
0
LINE
8
BLACK
6
CONTINUOUS
10
6.4319757874015746
20
-3.3414209842519682
11
6.4332189370078741
21
-3.3403428740157479
0
LINE
8
BLACK
6
CONTINUOUS
10
6.4332189370078741
20
-3.3403428740157479
11
6.4348603543307084
21
-3.3404595275590552
0
LINE
8
BLACK
6
CONTINUOUS
10
6.4348603543307084
20
-3.3404595275590552
11
6.4359385039370078
21
-3.3417026377952754
0
LINE
8
BLACK
6
CONTINUOUS
10
6.4359385039370078
20
-3.3417026377952754
11
6.4358218110236223
21
-3.3433440551181102
0
LINE
8
BLACK
6
CONTINUOUS
10
6.4358218110236223
20
-3.3433440551181102
11
6.4348837007874016
21
-3.3452202362204724
0
LINE
8
BLACK
6
CONTINUOUS
10
6.4348837007874016
20
-3.3452202362204724
11
6.4346163779527554
21
-3.3454520472440943
0
LINE
8
BLACK
6
CONTINUOUS
10
6.4346163779527554
20
-3.3454520472440943
11
6.4344809842519686
21
-3.3457789763779529
0
LINE
8
BLACK
6
CONTINUOUS
10
6.4344809842519686
20
-3.3457789763779529
11
6.4343988582677163
21
-3.3458611023622047
0
LINE
8
BLACK
6
CONTINUOUS
10
6.4343988582677163
20
-3.3458611023622047
11
6.445820236220472
21
-3.3458611023622047
0
LINE
8
BLACK
6
CONTINUOUS
10
6.445820236220472
20
-3.3458611023622047
11
6.445820236220472
21
-3.3423825196850392
0
LINE
8
BLACK
6
CONTINUOUS
10
6.445820236220472
20
-3.3423825196850392
11
6.4464499606299208
21
-3.3408622440944882
0
LINE
8
BLACK
6
CONTINUOUS
10
6.4464499606299208
20
-3.3408622440944882
11
6.4479702362204723
21
-3.3402325196850393
0
LINE
8
BLACK
6
CONTINUOUS
10
6.4479702362204723
20
-3.3402325196850393
11
6.4494905118110237
21
-3.3408622440944882
0
LINE
8
BLACK
6
CONTINUOUS
10
5.8009865354330703
20
-3.3032987007874013
11
5.8011559448818897
21
-3.3032877952755904
0
LINE
8
BLACK
6
CONTINUOUS
10
5.8011559448818897
20
-3.3032877952755904
11
5.8018465354330706
21
-3.3037952362204726
0
LINE
8
BLACK
6
CONTINUOUS
10
5.8018465354330706
20
-3.3037952362204726
11
5.8025886614173228
21
-3.3042237401574801
0
LINE
8
BLACK
6
CONTINUOUS
10
5.8025886614173228
20
-3.3042237401574801
11
5.8026466929133855
21
-3.3043832283464565
0
LINE
8
BLACK
6
CONTINUOUS
10
5.8026466929133855
20
-3.3043832283464565
11
5.802783582677165
21
-3.3044838188976375
0
LINE
8
BLACK
6
CONTINUOUS
10
5.802783582677165
20
-3.3044838188976375
11
5.8063709055118107
21
-3.3098648425196848
0
LINE
8
BLACK
6
CONTINUOUS
10
5.8063709055118107
20
-3.3098648425196848
11
5.8095748818897635
21
-3.3130688188976376
0
LINE
8
BLACK
6
CONTINUOUS
10
5.8095748818897635
20
-3.3130688188976376
11
5.8128958267716531
21
-3.3147292913385824
0
LINE
8
BLACK
6
CONTINUOUS
10
5.8128958267716531
20
-3.3147292913385824
11
5.8137194881889762
21
-3.3153401968503937
0
LINE
8
BLACK
6
CONTINUOUS
10
5.8137194881889762
20
-3.3153401968503937
11
5.8145227559055117
21
-3.3171933858267715
0
LINE
8
BLACK
6
CONTINUOUS
10
5.8145227559055117
20
-3.3171933858267715
11
5.8139468897637796
21
-3.3191294094488186
0
LINE
8
BLACK
6
CONTINUOUS
10
5.8139468897637796
20
-3.3191294094488186
11
5.8122613385826769
21
-3.3202422440944881
0
LINE
8
BLACK
6
CONTINUOUS
10
5.8122613385826769
20
-3.3202422440944881
11
5.810254803149606
21
-3.3200113385826771
0
LINE
8
BLACK
6
CONTINUOUS
10
5.810254803149606
20
-3.3200113385826771
11
5.8065052755905509
21
-3.3181365748031495
0
LINE
8
BLACK
6
CONTINUOUS
10
5.8065052755905509
20
-3.3181365748031495
11
5.8057961811023624
21
-3.3176106299212598
0
LINE
8
BLACK
6
CONTINUOUS
10
5.8057961811023624
20
-3.3176106299212598
11
5.8057378740157475
21
-3.3175834645669289
0
LINE
8
BLACK
6
CONTINUOUS
10
5.8057378740157475
20
-3.3175834645669289
11
5.8032794881889762
21
-3.3151250787401576
0
LINE
8
BLACK
6
CONTINUOUS
10
5.8032794881889762
20
-3.3151250787401576
11
5.8032794881889762
21
-3.34253905511811
0
LINE
8
BLACK
6
CONTINUOUS
10
5.8032794881889762
20
-3.34253905511811
11
5.8115753149606295
21
-3.34253905511811
0
LINE
8
BLACK
6
CONTINUOUS
10
5.8115753149606295
20
-3.34253905511811
11
5.812585236220472
21
-3.3427171259842519
0
LINE
8
BLACK
6
CONTINUOUS
10
5.812585236220472
20
-3.3427171259842519
11
5.8141324803149601
21
-3.344015433070866
0
LINE
8
BLACK
6
CONTINUOUS
10
5.8141324803149601
20
-3.344015433070866
11
5.8144832283464565
21
-3.3460045669291336
0
LINE
8
BLACK
6
CONTINUOUS
10
5.8144832283464565
20
-3.3460045669291336
11
5.813473307086614
21
-3.3477537401574802
0
LINE
8
BLACK
6
CONTINUOUS
10
5.813473307086614
20
-3.3477537401574802
11
5.8115753149606295
21
-3.3484445669291336
0
LINE
8
BLACK
6
CONTINUOUS
10
5.8115753149606295
20
-3.3484445669291336
11
5.7890781496062989
21
-3.3484445669291336
0
LINE
8
BLACK
6
CONTINUOUS
10
5.7890781496062989
20
-3.3484445669291336
11
5.7880682283464564
21
-3.3482664960629922
0
LINE
8
BLACK
6
CONTINUOUS
10
5.7880682283464564
20
-3.3482664960629922
11
5.7865209842519683
21
-3.346968188976378
0
LINE
8
BLACK
6
CONTINUOUS
10
5.7865209842519683
20
-3.346968188976378
11
5.7861702362204719
21
-3.34497905511811
0
LINE
8
BLACK
6
CONTINUOUS
10
5.7861702362204719
20
-3.34497905511811
11
5.7871801574803152
21
-3.3432298818897639
0
LINE
8
BLACK
6
CONTINUOUS
10
5.7871801574803152
20
-3.3432298818897639
11
5.7890781496062989
21
-3.34253905511811
0
LINE
8
BLACK
6
CONTINUOUS
10
5.7890781496062989
20
-3.34253905511811
11
5.797373976377953
21
-3.34253905511811
0
LINE
8
BLACK
6
CONTINUOUS
10
5.797373976377953
20
-3.34253905511811
11
5.797373976377953
21
-3.3061217322834646
0
LINE
8
BLACK
6
CONTINUOUS
10
5.797373976377953
20
-3.3061217322834646
11
5.7975520472440945
21
-3.3051118110236222
0
LINE
8
BLACK
6
CONTINUOUS
10
5.7975520472440945
20
-3.3051118110236222
11
5.7976611417322834
21
-3.3049817322834647
0
LINE
8
BLACK
6
CONTINUOUS
10
5.7976611417322834
20
-3.3049817322834647
11
5.7976798425196847
21
-3.3048129921259841
0
LINE
8
BLACK
6
CONTINUOUS
10
5.7976798425196847
20
-3.3048129921259841
11
5.7982994488188977
21
-3.3042210629921258
0
LINE
8
BLACK
6
CONTINUOUS
10
5.7982994488188977
20
-3.3042210629921258
11
5.7988503543307086
21
-3.3035645669291336
0
LINE
8
BLACK
6
CONTINUOUS
10
5.7988503543307086
20
-3.3035645669291336
11
5.7990175590551178
21
-3.3035350787401576
0
LINE
8
BLACK
6
CONTINUOUS
10
5.7990175590551178
20
-3.3035350787401576
11
5.7991403543307083
21
-3.3034177952755903
0
LINE
8
BLACK
6
CONTINUOUS
10
5.7991403543307083
20
-3.3034177952755903
11
5.799995472440945
21
-3.3033626377952756
0
LINE
8
BLACK
6
CONTINUOUS
10
5.799995472440945
20
-3.3033626377952756
11
5.8008394881889762
21
-3.3032138188976377
0
LINE
8
BLACK
6
CONTINUOUS
10
5.8008394881889762
20
-3.3032138188976377
11
5.8009865354330703
21
-3.3032987007874013
0
LINE
8
BLACK
6
CONTINUOUS
10
5.8494541338582673
20
-3.3032365748031496
11
5.8495833858267714
21
-3.3032138188976377
0
LINE
8
BLACK
6
CONTINUOUS
10
5.8495833858267714
20
-3.3032138188976377
11
5.8496969685039373
21
-3.3032794094488187
0
LINE
8
BLACK
6
CONTINUOUS
10
5.8496969685039373
20
-3.3032794094488187
11
5.8500805511811018
21
-3.3033470472440944
0
LINE
8
BLACK
6
CONTINUOUS
10
5.8500805511811018
20
-3.3033470472440944
11
5.8506682283464562
21
-3.3038401574803147
0
LINE
8
BLACK
6
CONTINUOUS
10
5.8506682283464562
20
-3.3038401574803147
11
5.851332559055118
21
-3.3042237401574801
0
LINE
8
BLACK
6
CONTINUOUS
10
5.851332559055118
20
-3.3042237401574801
11
5.8514236614173223
21
-3.30447405511811
0
LINE
8
BLACK
6
CONTINUOUS
10
5.8514236614173223
20
-3.30447405511811
11
5.8516277952755908
21
-3.3046453543307086
0
LINE
8
BLACK
6
CONTINUOUS
10
5.8516277952755908
20
-3.3046453543307086
11
5.8517610236220472
21
-3.305400905511811
0
LINE
8
BLACK
6
CONTINUOUS
10
5.8517610236220472
20
-3.305400905511811
11
5.8520233858267714
21
-3.3061217322834646
0
LINE
8
BLACK
6
CONTINUOUS
10
5.8520233858267714
20
-3.3061217322834646
11
5.8520233858267714
21
-3.345491811023622
0
LINE
8
BLACK
6
CONTINUOUS
10
5.8520233858267714
20
-3.345491811023622
11
5.8519557480314957
21
-3.34587531496063
0
LINE
8
BLACK
6
CONTINUOUS
10
5.8519557480314957
20
-3.34587531496063
11
5.8519785433070863
21
-3.3460045669291336
0
LINE
8
BLACK
6
CONTINUOUS
10
5.8519785433070863
20
-3.3460045669291336
11
5.851912913385827
21
-3.3461181496062991
0
LINE
8
BLACK
6
CONTINUOUS
10
5.851912913385827
20
-3.3461181496062991
11
5.85184531496063
21
-3.3465017322834645
0
LINE
8
BLACK
6
CONTINUOUS
10
5.85184531496063
20
-3.3465017322834645
11
5.8513521653543306
21
-3.3470894094488188
0
LINE
8
BLACK
6
CONTINUOUS
10
5.8513521653543306
20
-3.3470894094488188
11
5.8509686220472439
21
-3.3477537401574802
0
LINE
8
BLACK
6
CONTINUOUS
10
5.8509686220472439
20
-3.3477537401574802
11
5.8507182677165357
21
-3.3478448425196849
0
LINE
8
BLACK
6
CONTINUOUS
10
5.8507182677165357
20
-3.3478448425196849
11
5.8505470078740158
21
-3.3480489763779526
0
LINE
8
BLACK
6
CONTINUOUS
10
5.8505470078740158
20
-3.3480489763779526
11
5.8497914173228347
21
-3.3481822047244094
0
LINE
8
BLACK
6
CONTINUOUS
10
5.8497914173228347
20
-3.3481822047244094
11
5.8490706299212594
21
-3.3484445669291336
0
LINE
8
BLACK
6
CONTINUOUS
10
5.8490706299212594
20
-3.3484445669291336
11
5.8396968110236216
21
-3.3484445669291336
0
LINE
8
BLACK
6
CONTINUOUS
10
5.8396968110236216
20
-3.3484445669291336
11
5.838827401574803
21
-3.3482912598425196
0
LINE
8
BLACK
6
CONTINUOUS
10
5.838827401574803
20
-3.3482912598425196
11
5.8387630314960628
21
-3.3482930314960631
0
LINE
8
BLACK
6
CONTINUOUS
10
5.8387630314960628
20
-3.3482930314960631
11
5.8331387795275589
21
-3.3464182677165355
0
LINE
8
BLACK
6
CONTINUOUS
10
5.8331387795275589
20
-3.3464182677165355
11
5.8322370078740153
21
-3.3459299606299213
0
LINE
8
BLACK
6
CONTINUOUS
10
5.8322370078740153
20
-3.3459299606299213
11
5.8321446062992122
21
-3.3457795669291337
0
LINE
8
BLACK
6
CONTINUOUS
10
5.8321446062992122
20
-3.3457795669291337
11
5.8319846062992129
21
-3.3457049606299214
0
LINE
8
BLACK
6
CONTINUOUS
10
5.8319846062992129
20
-3.3457049606299214
11
5.8282350787401578
21
-3.3419553937007875
0
LINE
8
BLACK
6
CONTINUOUS
10
5.8282350787401578
20
-3.3419553937007875
11
5.8277286614173223
21
-3.3412322047244092
0
LINE
8
BLACK
6
CONTINUOUS
10
5.8277286614173223
20
-3.3412322047244092
11
5.8276819685039367
21
-3.3411879921259842
0
LINE
8
BLACK
6
CONTINUOUS
10
5.8276819685039367
20
-3.3411879921259842
11
5.8258072047244092
21
-3.3374384645669291
0
LINE
8
BLACK
6
CONTINUOUS
10
5.8258072047244092
20
-3.3374384645669291
11
5.8256618897637793
21
-3.3369499999999999
0
LINE
8
BLACK
6
CONTINUOUS
10
5.8256618897637793
20
-3.3369499999999999
11
5.8255836220472439
21
-3.3368340944881889
0
LINE
8
BLACK
6
CONTINUOUS
10
5.8255836220472439
20
-3.3368340944881889
11
5.8237088582677163
21
-3.3293350393700787
0
LINE
8
BLACK
6
CONTINUOUS
10
5.8237088582677163
20
-3.3293350393700787
11
5.8236673622047244
21
-3.3287471259842518
0
LINE
8
BLACK
6
CONTINUOUS
10
5.8236673622047244
20
-3.3287471259842518
11
5.8236207086614176
21
-3.3286188976377953
0
LINE
8
BLACK
6
CONTINUOUS
10
5.8236207086614176
20
-3.3286188976377953
11
5.8236207086614176
21
-3.3229946062992126
0
LINE
8
BLACK
6
CONTINUOUS
10
5.8236207086614176
20
-3.3229946062992126
11
5.8237230314960629
21
-3.3224142125984253
0
LINE
8
BLACK
6
CONTINUOUS
10
5.8237230314960629
20
-3.3224142125984253
11
5.8237088582677163
21
-3.3222784645669292
0
LINE
8
BLACK
6
CONTINUOUS
10
5.8237088582677163
20
-3.3222784645669292
11
5.8255836220472439
21
-3.314779409448819
0
LINE
8
BLACK
6
CONTINUOUS
10
5.8255836220472439
20
-3.314779409448819
11
5.8257911811023622
21
-3.3143139370078738
0
LINE
8
BLACK
6
CONTINUOUS
10
5.8257911811023622
20
-3.3143139370078738
11
5.8258072047244092
21
-3.3141750393700788
0
LINE
8
BLACK
6
CONTINUOUS
10
5.8258072047244092
20
-3.3141750393700788
11
5.8276819685039367
21
-3.3104255118110237
0
LINE
8
BLACK
6
CONTINUOUS
10
5.8276819685039367
20
-3.3104255118110237
11
5.8282078740157477
21
-3.3097164173228344
0
LINE
8
BLACK
6
CONTINUOUS
10
5.8282078740157477
20
-3.3097164173228344
11
5.8282350787401578
21
-3.3096581102362204
0
LINE
8
BLACK
6
CONTINUOUS
10
5.8282350787401578
20
-3.3096581102362204
11
5.8319846062992129
21
-3.3059085826771653
0
LINE
8
BLACK
6
CONTINUOUS
10
5.8319846062992129
20
-3.3059085826771653
11
5.8328246456692909
21
-3.3053203543307084
0
LINE
8
BLACK
6
CONTINUOUS
10
5.8328246456692909
20
-3.3053203543307084
11
5.8330005511811018
21
-3.305304960629921
0
LINE
8
BLACK
6
CONTINUOUS
10
5.8330005511811018
20
-3.305304960629921
11
5.8331387795275589
21
-3.3051952755905512
0
LINE
8
BLACK
6
CONTINUOUS
10
5.8331387795275589
20
-3.3051952755905512
11
5.8387630314960628
21
-3.3033205118110236
0
LINE
8
BLACK
6
CONTINUOUS
10
5.8387630314960628
20
-3.3033205118110236
11
5.8396362598425196
21
-3.3031909842519682
0
LINE
8
BLACK
6
CONTINUOUS
10
5.8396362598425196
20
-3.3031909842519682
11
5.8396968110236216
21
-3.3031689763779526
0
LINE
8
BLACK
6
CONTINUOUS
10
5.8396968110236216
20
-3.3031689763779526
11
5.8490706299212594
21
-3.3031689763779526
0
LINE
8
BLACK
6
CONTINUOUS
10
5.8490706299212594
20
-3.3031689763779526
11
5.8494541338582673
21
-3.3032365748031496
0
LINE
8
BLACK
6
CONTINUOUS
10
5.8356675590551177
20
-3.3105772834645668
11
5.8327497244094486
21
-3.3134951181102363
0
LINE
8
BLACK
6
CONTINUOUS
10
5.8327497244094486
20
-3.3134951181102363
11
5.8312342125984253
21
-3.3165261023622046
0
LINE
8
BLACK
6
CONTINUOUS
10
5.8312342125984253
20
-3.3165261023622046
11
5.8295262204724407
21
-3.3233581496062992
0
LINE
8
BLACK
6
CONTINUOUS
10
5.8295262204724407
20
-3.3233581496062992
11
5.8295262204724407
21
-3.3282553543307087
0
LINE
8
BLACK
6
CONTINUOUS
10
5.8295262204724407
20
-3.3282553543307087
11
5.8312342125984253
21
-3.3350874015748029
0
LINE
8
BLACK
6
CONTINUOUS
10
5.8312342125984253
20
-3.3350874015748029
11
5.8327497244094486
21
-3.3381183858267716
0
LINE
8
BLACK
6
CONTINUOUS
10
5.8327497244094486
20
-3.3381183858267716
11
5.8356675590551177
21
-3.3410362598425194
0
LINE
8
BLACK
6
CONTINUOUS
10
5.8356675590551177
20
-3.3410362598425194
11
5.8401759448818895
21
-3.34253905511811
0
LINE
8
BLACK
6
CONTINUOUS
10
5.8401759448818895
20
-3.34253905511811
11
5.8461178740157482
21
-3.34253905511811
0
LINE
8
BLACK
6
CONTINUOUS
10
5.8461178740157482
20
-3.34253905511811
11
5.8461178740157482
21
-3.3090744881889762
0
LINE
8
BLACK
6
CONTINUOUS
10
5.8461178740157482
20
-3.3090744881889762
11
5.8401759448818895
21
-3.3090744881889762
0
LINE
8
BLACK
6
CONTINUOUS
10
5.8401759448818895
20
-3.3090744881889762
11
5.8356675590551177
21
-3.3105772834645668
0
LINE
8
BLACK
6
CONTINUOUS
10
5.8208352362204723
20
-3.1946534645669291
11
5.8214118110236219
21
-3.1960453937007873
0
LINE
8
BLACK
6
CONTINUOUS
10
5.8214118110236219
20
-3.1960453937007873
11
5.8214118110236219
21
-3.2239143307086615
0
LINE
8
BLACK
6
CONTINUOUS
10
5.8214118110236219
20
-3.2239143307086615
11
5.8636690944881886
21
-3.1963958267716537
0
LINE
8
BLACK
6
CONTINUOUS
10
5.8636690944881886
20
-3.1963958267716537
11
5.8642228346456688
21
-3.1962924409448816
0
LINE
8
BLACK
6
CONTINUOUS
10
5.8642228346456688
20
-3.1962924409448816
11
5.8647433070866137
21
-3.1960768897637792
0
LINE
8
BLACK
6
CONTINUOUS
10
5.8647433070866137
20
-3.1960768897637792
11
5.8649404330708661
21
-3.1961585433070865
0
LINE
8
BLACK
6
CONTINUOUS
10
5.8649404330708661
20
-3.1961585433070865
11
5.8651501181102361
21
-3.1961194094488188
0
LINE
8
BLACK
6
CONTINUOUS
10
5.8651501181102361
20
-3.1961194094488188
11
5.8656147244094488
21
-3.1964378346456694
0
LINE
8
BLACK
6
CONTINUOUS
10
5.8656147244094488
20
-3.1964378346456694
11
5.8661352362204724
21
-3.1966534645669289
0
LINE
8
BLACK
6
CONTINUOUS
10
5.8661352362204724
20
-3.1966534645669289
11
5.8662168503937009
21
-3.1968505511811025
0
LINE
8
BLACK
6
CONTINUOUS
10
5.8662168503937009
20
-3.1968505511811025
11
5.866392874015748
21
-3.196971181102362
0
LINE
8
BLACK
6
CONTINUOUS
10
5.866392874015748
20
-3.196971181102362
11
5.8664962204724409
21
-3.1975249212598427
0
LINE
8
BLACK
6
CONTINUOUS
10
5.8664962204724409
20
-3.1975249212598427
11
5.866711811023622
21
-3.1980453937007871
0
LINE
8
BLACK
6
CONTINUOUS
10
5.866711811023622
20
-3.1980453937007871
11
5.866711811023622
21
-3.2255768897637793
0
LINE
8
BLACK
6
CONTINUOUS
10
5.866711811023622
20
-3.2255768897637793
11
5.9040433070866136
21
-3.2255768897637793
0
LINE
8
BLACK
6
CONTINUOUS
10
5.9040433070866136
20
-3.2255768897637793
11
5.9054352362204723
21
-3.226153464566929
0
LINE
8
BLACK
6
CONTINUOUS
10
5.9054352362204723
20
-3.226153464566929
11
5.9060118110236219
21
-3.2275453937007872
0
LINE
8
BLACK
6
CONTINUOUS
10
5.9060118110236219
20
-3.2275453937007872
11
5.9054352362204723
21
-3.2289373228346454
0
LINE
8
BLACK
6
CONTINUOUS
10
5.9054352362204723
20
-3.2289373228346454
11
5.9040433070866136
21
-3.2295138976377951
0
LINE
8
BLACK
6
CONTINUOUS
10
5.9040433070866136
20
-3.2295138976377951
11
5.866711811023622
21
-3.2295138976377951
0
LINE
8
BLACK
6
CONTINUOUS
10
5.866711811023622
20
-3.2295138976377951
11
5.866711811023622
21
-3.2590453937007875
0
LINE
8
BLACK
6
CONTINUOUS
10
5.866711811023622
20
-3.2590453937007875
11
5.8664855511811025
21
-3.2595914960629919
0
LINE
8
BLACK
6
CONTINUOUS
10
5.8664855511811025
20
-3.2595914960629919
11
5.8663594881889765
21
-3.260169212598425
0
LINE
8
BLACK
6
CONTINUOUS
10
5.8663594881889765
20
-3.260169212598425
11
5.8662053149606299
21
-3.2602681102362205
0
LINE
8
BLACK
6
CONTINUOUS
10
5.8662053149606299
20
-3.2602681102362205
11
5.8661352362204724
21
-3.2604373228346457
0
LINE
8
BLACK
6
CONTINUOUS
10
5.8661352362204724
20
-3.2604373228346457
11
5.8655890944881888
21
-3.2606635039370078
0
LINE
8
BLACK
6
CONTINUOUS
10
5.8655890944881888
20
-3.2606635039370078
11
5.8650914566929133
21
-3.260982874015748
0
LINE
8
BLACK
6
CONTINUOUS
10
5.8650914566929133
20
-3.260982874015748
11
5.8649124803149606
21
-3.2609437795275591
0
LINE
8
BLACK
6
CONTINUOUS
10
5.8649124803149606
20
-3.2609437795275591
11
5.8647433070866137
21
-3.2610138976377954
0
LINE
8
BLACK
6
CONTINUOUS
10
5.8647433070866137
20
-3.2610138976377954
11
5.8641971259842522
21
-3.2607876377952754
0
LINE
8
BLACK
6
CONTINUOUS
10
5.8641971259842522
20
-3.2607876377952754
11
5.8636194881889763
21
-3.2606615748031493
0
LINE
8
BLACK
6
CONTINUOUS
10
5.8636194881889763
20
-3.2606615748031493
11
5.8214118110236219
21
-3.2313118503937006
0
LINE
8
BLACK
6
CONTINUOUS
10
5.8214118110236219
20
-3.2313118503937006
11
5.8214118110236219
21
-3.2590453937007875
0
LINE
8
BLACK
6
CONTINUOUS
10
5.8214118110236219
20
-3.2590453937007875
11
5.8208352362204723
21
-3.2604373228346457
0
LINE
8
BLACK
6
CONTINUOUS
10
5.8208352362204723
20
-3.2604373228346457
11
5.8194433070866136
21
-3.2610138976377954
0
LINE
8
BLACK
6
CONTINUOUS
10
5.8194433070866136
20
-3.2610138976377954
11
5.8180513779527558
21
-3.2604373228346457
0
LINE
8
BLACK
6
CONTINUOUS
10
5.8180513779527558
20
-3.2604373228346457
11
5.8174748031496062
21
-3.2590453937007875
0
LINE
8
BLACK
6
CONTINUOUS
10
5.8174748031496062
20
-3.2590453937007875
11
5.8174748031496062
21
-3.2295138976377951
0
LINE
8
BLACK
6
CONTINUOUS
10
5.8174748031496062
20
-3.2295138976377951
11
5.7839433070866137
21
-3.2295138976377951
0
LINE
8
BLACK
6
CONTINUOUS
10
5.7839433070866137
20
-3.2295138976377951
11
5.782551377952756
21
-3.2289373228346454
0
LINE
8
BLACK
6
CONTINUOUS
10
5.782551377952756
20
-3.2289373228346454
11
5.7819748031496063
21
-3.2275453937007872
0
LINE
8
BLACK
6
CONTINUOUS
10
5.7819748031496063
20
-3.2275453937007872
11
5.782551377952756
21
-3.226153464566929
0
LINE
8
BLACK
6
CONTINUOUS
10
5.782551377952756
20
-3.226153464566929
11
5.7839433070866137
21
-3.2255768897637793
0
LINE
8
BLACK
6
CONTINUOUS
10
5.7839433070866137
20
-3.2255768897637793
11
5.8174748031496062
21
-3.2255768897637793
0
LINE
8
BLACK
6
CONTINUOUS
10
5.8174748031496062
20
-3.2255768897637793
11
5.8174748031496062
21
-3.1960453937007873
0
LINE
8
BLACK
6
CONTINUOUS
10
5.8174748031496062
20
-3.1960453937007873
11
5.8180513779527558
21
-3.1946534645669291
0
LINE
8
BLACK
6
CONTINUOUS
10
5.8180513779527558
20
-3.1946534645669291
11
5.8194433070866136
21
-3.1940768897637795
0
LINE
8
BLACK
6
CONTINUOUS
10
5.8194433070866136
20
-3.1940768897637795
11
5.8208352362204723
21
-3.1946534645669291
0
LINE
8
BLACK
6
CONTINUOUS
10
5.822968346456693
20
-3.2275989370078739
11
5.8627748031496063
21
-3.2552788582677166
0
LINE
8
BLACK
6
CONTINUOUS
10
5.8627748031496063
20
-3.2552788582677166
11
5.8627748031496063
21
-3.2016764173228345
0
LINE
8
BLACK
6
CONTINUOUS
10
5.8627748031496063
20
-3.2016764173228345
11
5.822968346456693
21
-3.2275989370078739
0
LINE
8
BLACK
6
CONTINUOUS
10
5.935562992125984
20
-3.166561929133858
11
5.9369549212598427
21
-3.1671385039370077
0
LINE
8
BLACK
6
CONTINUOUS
10
5.9369549212598427
20
-3.1671385039370077
11
5.9375314960629924
21
-3.1685304330708659
0
LINE
8
BLACK
6
CONTINUOUS
10
5.9375314960629924
20
-3.1685304330708659
11
5.9375314960629924
21
-3.2866406692913386
0
LINE
8
BLACK
6
CONTINUOUS
10
5.9375314960629924
20
-3.2866406692913386
11
5.9369549212598427
21
-3.2880325984251968
0
LINE
8
BLACK
6
CONTINUOUS
10
5.9369549212598427
20
-3.2880325984251968
11
5.935562992125984
21
-3.2886091732283464
0
LINE
8
BLACK
6
CONTINUOUS
10
5.935562992125984
20
-3.2886091732283464
11
5.75446062992126
21
-3.2886091732283464
0
LINE
8
BLACK
6
CONTINUOUS
10
5.75446062992126
20
-3.2886091732283464
11
5.7530687007874013
21
-3.2880325984251968
0
LINE
8
BLACK
6
CONTINUOUS
10
5.7530687007874013
20
-3.2880325984251968
11
5.7524921259842516
21
-3.2866406692913386
0
LINE
8
BLACK
6
CONTINUOUS
10
5.7524921259842516
20
-3.2866406692913386
11
5.7524921259842516
21
-3.1685304330708659
0
LINE
8
BLACK
6
CONTINUOUS
10
5.7524921259842516
20
-3.1685304330708659
11
5.7530687007874013
21
-3.1671385039370077
0
LINE
8
BLACK
6
CONTINUOUS
10
5.7530687007874013
20
-3.1671385039370077
11
5.75446062992126
21
-3.166561929133858
0
LINE
8
BLACK
6
CONTINUOUS
10
5.75446062992126
20
-3.166561929133858
11
5.935562992125984
21
-3.166561929133858
0
LINE
8
BLACK
6
CONTINUOUS
10
5.7564291338582674
20
-3.1704989370078738
11
5.7564291338582674
21
-3.2846721653543307
0
LINE
8
BLACK
6
CONTINUOUS
10
5.7564291338582674
20
-3.2846721653543307
11
5.9335944881889766
21
-3.2846721653543307
0
LINE
8
BLACK
6
CONTINUOUS
10
5.9335944881889766
20
-3.2846721653543307
11
5.9335944881889766
21
-3.1704989370078738
0
LINE
8
BLACK
6
CONTINUOUS
10
5.9335944881889766
20
-3.1704989370078738
11
5.7564291338582674
21
-3.1704989370078738
0
LINE
8
BLACK
6
CONTINUOUS
10
6.1367563779527554
20
-3.2290800393700785
11
6.1386311811023617
21
-3.230954803149606
0
LINE
8
BLACK
6
CONTINUOUS
10
6.1386311811023617
20
-3.230954803149606
11
6.1391375590551176
21
-3.2316779527559056
0
LINE
8
BLACK
6
CONTINUOUS
10
6.1391375590551176
20
-3.2316779527559056
11
6.1391843307086615
21
-3.2317222440944882
0
LINE
8
BLACK
6
CONTINUOUS
10
6.1391843307086615
20
-3.2317222440944882
11
6.1410590944881891
21
-3.2354717716535433
0
LINE
8
BLACK
6
CONTINUOUS
10
6.1410590944881891
20
-3.2354717716535433
11
6.141351456692913
21
-3.2364546850393698
0
LINE
8
BLACK
6
CONTINUOUS
10
6.141351456692913
20
-3.2364546850393698
11
6.1413104330708661
21
-3.236626377952756
0
LINE
8
BLACK
6
CONTINUOUS
10
6.1413104330708661
20
-3.236626377952756
11
6.1413708267716531
21
-3.2367922834645668
0
LINE
8
BLACK
6
CONTINUOUS
10
6.1413708267716531
20
-3.2367922834645668
11
6.1413708267716531
21
-3.2480408661417322
0
LINE
8
BLACK
6
CONTINUOUS
10
6.1413708267716531
20
-3.2480408661417322
11
6.1411927559055117
21
-3.2490507874015746
0
LINE
8
BLACK
6
CONTINUOUS
10
6.1411927559055117
20
-3.2490507874015746
11
6.1410792519685042
21
-3.2491860236220473
0
LINE
8
BLACK
6
CONTINUOUS
10
6.1410792519685042
20
-3.2491860236220473
11
6.1410590944881891
21
-3.2493613779527557
0
LINE
8
BLACK
6
CONTINUOUS
10
6.1410590944881891
20
-3.2493613779527557
11
6.1391843307086615
21
-3.2531109055118108
0
LINE
8
BLACK
6
CONTINUOUS
10
6.1391843307086615
20
-3.2531109055118108
11
6.1386583464566931
21
-3.2538199999999997
0
LINE
8
BLACK
6
CONTINUOUS
10
6.1386583464566931
20
-3.2538199999999997
11
6.1386311811023617
21
-3.2538783464566929
0
LINE
8
BLACK
6
CONTINUOUS
10
6.1386311811023617
20
-3.2538783464566929
11
6.1367563779527554
21
-3.2557531102362205
0
LINE
8
BLACK
6
CONTINUOUS
10
6.1367563779527554
20
-3.2557531102362205
11
6.1360333070866142
21
-3.2562593700787401
0
LINE
8
BLACK
6
CONTINUOUS
10
6.1360333070866142
20
-3.2562593700787401
11
6.1359890157480317
21
-3.2563061811023619
0
LINE
8
BLACK
6
CONTINUOUS
10
6.1359890157480317
20
-3.2563061811023619
11
6.1322394881889766
21
-3.2581809448818895
0
LINE
8
BLACK
6
CONTINUOUS
10
6.1322394881889766
20
-3.2581809448818895
11
6.1312565354330708
21
-3.2584733070866143
0
LINE
8
BLACK
6
CONTINUOUS
10
6.1312565354330708
20
-3.2584733070866143
11
6.1310848425196847
21
-3.2584322834645669
0
LINE
8
BLACK
6
CONTINUOUS
10
6.1310848425196847
20
-3.2584322834645669
11
6.130918976377953
21
-3.2584926771653544
0
LINE
8
BLACK
6
CONTINUOUS
10
6.130918976377953
20
-3.2584926771653544
11
6.1215451574803152
21
-3.2584926771653544
0
LINE
8
BLACK
6
CONTINUOUS
10
6.1215451574803152
20
-3.2584926771653544
11
6.1205352362204719
21
-3.2583146062992125
0
LINE
8
BLACK
6
CONTINUOUS
10
6.1205352362204719
20
-3.2583146062992125
11
6.1203999606299213
21
-3.2582011023622046
0
LINE
8
BLACK
6
CONTINUOUS
10
6.1203999606299213
20
-3.2582011023622046
11
6.1202246456692908
21
-3.2581809448818895
0
LINE
8
BLACK
6
CONTINUOUS
10
6.1202246456692908
20
-3.2581809448818895
11
6.1164751181102357
21
-3.2563061811023619
0
LINE
8
BLACK
6
CONTINUOUS
10
6.1164751181102357
20
-3.2563061811023619
11
6.1157660236220472
21
-3.2557802755905509
0
LINE
8
BLACK
6
CONTINUOUS
10
6.1157660236220472
20
-3.2557802755905509
11
6.1157077165354332
21
-3.2557530708661417
0
LINE
8
BLACK
6
CONTINUOUS
10
6.1157077165354332
20
-3.2557530708661417
11
6.1138329527559057
21
-3.2538783070866142
0
LINE
8
BLACK
6
CONTINUOUS
10
6.1138329527559057
20
-3.2538783070866142
11
6.1133266535433073
21
-3.2531551968503938
0
LINE
8
BLACK
6
CONTINUOUS
10
6.1133266535433073
20
-3.2531551968503938
11
6.1132798425196846
21
-3.2531109055118108
0
LINE
8
BLACK
6
CONTINUOUS
10
6.1132798425196846
20
-3.2531109055118108
11
6.111405078740157
21
-3.2493613779527557
0
LINE
8
BLACK
6
CONTINUOUS
10
6.111405078740157
20
-3.2493613779527557
11
6.1112374015748028
21
-3.2487976771653542
0
LINE
8
BLACK
6
CONTINUOUS
10
6.1112374015748028
20
-3.2487976771653542
11
6.1009924015748034
21
-3.2577620866141732
0
LINE
8
BLACK
6
CONTINUOUS
10
6.1009924015748034
20
-3.2577620866141732
11
6.1006125196850389
21
-3.2579919685039371
0
LINE
8
BLACK
6
CONTINUOUS
10
6.1006125196850389
20
-3.2579919685039371
11
6.1005243700787402
21
-3.258097086614173
0
LINE
8
BLACK
6
CONTINUOUS
10
6.1005243700787402
20
-3.258097086614173
11
6.100403779527559
21
-3.258118307086614
0
LINE
8
BLACK
6
CONTINUOUS
10
6.100403779527559
20
-3.258118307086614
11
6.1001150787401572
21
-3.2582931102362203
0
LINE
8
BLACK
6
CONTINUOUS
10
6.1001150787401572
20
-3.2582931102362203
11
6.0993192125984255
21
-3.258309566929134
0
LINE
8
BLACK
6
CONTINUOUS
10
6.0993192125984255
20
-3.258309566929134
11
6.0985352362204726
21
-3.2584478346456693
0
LINE
8
BLACK
6
CONTINUOUS
10
6.0985352362204726
20
-3.2584478346456693
11
6.0983312204724411
21
-3.2583300393700787
0
LINE
8
BLACK
6
CONTINUOUS
10
6.0983312204724411
20
-3.2583300393700787
11
6.0980957480314961
21
-3.2583349212598423
0
LINE
8
BLACK
6
CONTINUOUS
10
6.0980957480314961
20
-3.2583349212598423
11
6.0974754724409443
21
-3.2578359448818897
0
LINE
8
BLACK
6
CONTINUOUS
10
6.0974754724409443
20
-3.2578359448818897
11
6.096786062992126
21
-3.2574379133858269
0
LINE
8
BLACK
6
CONTINUOUS
10
6.096786062992126
20
-3.2574379133858269
11
6.0967054724409451
21
-3.2572165354330709
0
LINE
8
BLACK
6
CONTINUOUS
10
6.0967054724409451
20
-3.2572165354330709
11
6.0965219291338579
21
-3.2570688976377951
0
LINE
8
BLACK
6
CONTINUOUS
10
6.0965219291338579
20
-3.2570688976377951
11
6.0963674803149601
21
-3.2562879133858269
0
LINE
8
BLACK
6
CONTINUOUS
10
6.0963674803149601
20
-3.2562879133858269
11
6.0960952362204726
21
-3.2555399212598424
0
LINE
8
BLACK
6
CONTINUOUS
10
6.0960952362204726
20
-3.2555399212598424
11
6.0960952362204726
21
-3.2311679921259842
0
LINE
8
BLACK
6
CONTINUOUS
10
6.0960952362204726
20
-3.2311679921259842
11
6.096273307086614
21
-3.2301580708661417
0
LINE
8
BLACK
6
CONTINUOUS
10
6.096273307086614
20
-3.2301580708661417
11
6.0975716141732281
21
-3.2286108267716536
0
LINE
8
BLACK
6
CONTINUOUS
10
6.0975716141732281
20
-3.2286108267716536
11
6.0995607480314957
21
-3.2282600787401572
0
LINE
8
BLACK
6
CONTINUOUS
10
6.0995607480314957
20
-3.2282600787401572
11
6.1013099212598423
21
-3.2292700000000001
0
LINE
8
BLACK
6
CONTINUOUS
10
6.1013099212598423
20
-3.2292700000000001
11
6.1020007480314957
21
-3.2311679921259842
0
LINE
8
BLACK
6
CONTINUOUS
10
6.1020007480314957
20
-3.2311679921259842
11
6.1020007480314957
21
-3.2490327165354329
0
LINE
8
BLACK
6
CONTINUOUS
10
6.1020007480314957
20
-3.2490327165354329
11
6.1121016929133853
21
-3.2401944094488186
0
LINE
8
BLACK
6
CONTINUOUS
10
6.1121016929133853
20
-3.2401944094488186
11
6.112481535433071
21
-3.2399644881889764
0
LINE
8
BLACK
6
CONTINUOUS
10
6.112481535433071
20
-3.2399644881889764
11
6.1125697244094486
21
-3.2398594094488189
0
LINE
8
BLACK
6
CONTINUOUS
10
6.1125697244094486
20
-3.2398594094488189
11
6.112690275590551
21
-3.2398381496062991
0
LINE
8
BLACK
6
CONTINUOUS
10
6.112690275590551
20
-3.2398381496062991
11
6.1129790157480315
21
-3.2396633858267716
0
LINE
8
BLACK
6
CONTINUOUS
10
6.1129790157480315
20
-3.2396633858267716
11
6.1137748425196845
21
-3.2396468897637796
0
LINE
8
BLACK
6
CONTINUOUS
10
6.1137748425196845
20
-3.2396468897637796
11
6.1145588582677162
21
-3.239508661417323
0
LINE
8
BLACK
6
CONTINUOUS
10
6.1145588582677162
20
-3.239508661417323
11
6.1147628346456688
21
-3.2396264173228344
0
LINE
8
BLACK
6
CONTINUOUS
10
6.1147628346456688
20
-3.2396264173228344
11
6.1149983858267714
21
-3.2396215748031496
0
LINE
8
BLACK
6
CONTINUOUS
10
6.1149983858267714
20
-3.2396215748031496
11
6.1156186614173231
21
-3.2401205511811022
0
LINE
8
BLACK
6
CONTINUOUS
10
6.1156186614173231
20
-3.2401205511811022
11
6.1163080314960627
21
-3.2405185826771654
0
LINE
8
BLACK
6
CONTINUOUS
10
6.1163080314960627
20
-3.2405185826771654
11
6.1163885826771649
21
-3.2407399212598422
0
LINE
8
BLACK
6
CONTINUOUS
10
6.1163885826771649
20
-3.2407399212598422
11
6.1165721653543308
21
-3.2408875984251968
0
LINE
8
BLACK
6
CONTINUOUS
10
6.1165721653543308
20
-3.2408875984251968
11
6.1167265748031499
21
-3.2416685433070866
0
LINE
8
BLACK
6
CONTINUOUS
10
6.1167265748031499
20
-3.2416685433070866
11
6.1169988582677162
21
-3.2424165748031495
0
LINE
8
BLACK
6
CONTINUOUS
10
6.1169988582677162
20
-3.2424165748031495
11
6.1169988582677162
21
-3.2473438188976376
0
LINE
8
BLACK
6
CONTINUOUS
10
6.1169988582677162
20
-3.2473438188976376
11
6.1183475984251965
21
-3.2500412992125982
0
LINE
8
BLACK
6
CONTINUOUS
10
6.1183475984251965
20
-3.2500412992125982
11
6.1195447244094483
21
-3.2512384251968505
0
LINE
8
BLACK
6
CONTINUOUS
10
6.1195447244094483
20
-3.2512384251968505
11
6.1222422047244089
21
-3.2525871653543308
0
LINE
8
BLACK
6
CONTINUOUS
10
6.1222422047244089
20
-3.2525871653543308
11
6.1302219291338584
21
-3.2525871653543308
0
LINE
8
BLACK
6
CONTINUOUS
10
6.1302219291338584
20
-3.2525871653543308
11
6.1329194094488191
21
-3.2512383858267717
0
LINE
8
BLACK
6
CONTINUOUS
10
6.1329194094488191
20
-3.2512383858267717
11
6.1341165748031496
21
-3.2500412598425195
0
LINE
8
BLACK
6
CONTINUOUS
10
6.1341165748031496
20
-3.2500412598425195
11
6.13546531496063
21
-3.2473438188976376
0
LINE
8
BLACK
6
CONTINUOUS
10
6.13546531496063
20
-3.2473438188976376
11
6.13546531496063
21
-3.2374893307086614
0
LINE
8
BLACK
6
CONTINUOUS
10
6.13546531496063
20
-3.2374893307086614
11
6.1341165748031496
21
-3.2347918503937008
0
LINE
8
BLACK
6
CONTINUOUS
10
6.1341165748031496
20
-3.2347918503937008
11
6.13258062992126
21
-3.2332559448818898
0
LINE
8
BLACK
6
CONTINUOUS
10
6.13258062992126
20
-3.2332559448818898
11
6.1319924015748031
21
-3.2324159055118109
0
LINE
8
BLACK
6
CONTINUOUS
10
6.1319924015748031
20
-3.2324159055118109
11
6.1318163385826772
21
-3.2304037795275589
0
LINE
8
BLACK
6
CONTINUOUS
10
6.1318163385826772
20
-3.2304037795275589
11
6.1329748425196851
21
-3.2287492125984252
0
LINE
8
BLACK
6
CONTINUOUS
10
6.1329748425196851
20
-3.2287492125984252
11
6.1349258267716538
21
-3.2282264960629918
0
LINE
8
BLACK
6
CONTINUOUS
10
6.1349258267716538
20
-3.2282264960629918
11
6.1367563779527554
21
-3.2290800393700785
0
LINE
8
BLACK
6
CONTINUOUS
10
6.2733114960629921
20
-3.2276931102362205
11
6.273446062992126
21
-3.2276813779527558
0
LINE
8
BLACK
6
CONTINUOUS
10
6.273446062992126
20
-3.2276813779527558
11
6.2741742125984254
21
-3.228191220472441
0
LINE
8
BLACK
6
CONTINUOUS
10
6.2741742125984254
20
-3.228191220472441
11
6.2749437401574806
21
-3.2286355511811022
0
LINE
8
BLACK
6
CONTINUOUS
10
6.2749437401574806
20
-3.2286355511811022
11
6.2749898818897636
21
-3.2287624015748029
0
LINE
8
BLACK
6
CONTINUOUS
10
6.2749898818897636
20
-3.2287624015748029
11
6.2751005905511805
21
-3.2288399212598424
0
LINE
8
BLACK
6
CONTINUOUS
10
6.2751005905511805
20
-3.2288399212598424
11
6.2753305905511807
21
-3.2296984251968501
0
LINE
8
BLACK
6
CONTINUOUS
10
6.2753305905511807
20
-3.2296984251968501
11
6.275634566929134
21
-3.2305335433070868
0
LINE
8
BLACK
6
CONTINUOUS
10
6.275634566929134
20
-3.2305335433070868
11
6.275634566929134
21
-3.254905472440945
0
LINE
8
BLACK
6
CONTINUOUS
10
6.275634566929134
20
-3.254905472440945
11
6.2754564960629917
21
-3.2559153937007874
0
LINE
8
BLACK
6
CONTINUOUS
10
6.2754564960629917
20
-3.2559153937007874
11
6.2741581889763776
21
-3.2574626377952756
0
LINE
8
BLACK
6
CONTINUOUS
10
6.2741581889763776
20
-3.2574626377952756
11
6.27216905511811
21
-3.2578133858267715
0
LINE
8
BLACK
6
CONTINUOUS
10
6.27216905511811
20
-3.2578133858267715
11
6.2704198818897634
21
-3.256803464566929
0
LINE
8
BLACK
6
CONTINUOUS
10
6.2704198818897634
20
-3.256803464566929
11
6.26972905511811
21
-3.254905472440945
0
LINE
8
BLACK
6
CONTINUOUS
10
6.26972905511811
20
-3.254905472440945
11
6.26972905511811
21
-3.237662086614173
0
LINE
8
BLACK
6
CONTINUOUS
10
6.26972905511811
20
-3.237662086614173
11
6.2522725196850395
21
-3.2551186220472439
0
LINE
8
BLACK
6
CONTINUOUS
10
6.2522725196850395
20
-3.2551186220472439
11
6.2514324803149606
21
-3.255706811023622
0
LINE
8
BLACK
6
CONTINUOUS
10
6.2514324803149606
20
-3.255706811023622
11
6.2512566141732284
21
-3.2557221653543307
0
LINE
8
BLACK
6
CONTINUOUS
10
6.2512566141732284
20
-3.2557221653543307
11
6.2511183464566926
21
-3.255831929133858
0
LINE
8
BLACK
6
CONTINUOUS
10
6.2511183464566926
20
-3.255831929133858
11
6.24549405511811
21
-3.2577066929133855
0
LINE
8
BLACK
6
CONTINUOUS
10
6.24549405511811
20
-3.2577066929133855
11
6.244620866141732
21
-3.2578361417322834
0
LINE
8
BLACK
6
CONTINUOUS
10
6.244620866141732
20
-3.2578361417322834
11
6.2445603149606299
21
-3.2578582283464566
0
LINE
8
BLACK
6
CONTINUOUS
10
6.2445603149606299
20
-3.2578582283464566
11
6.2408107874015748
21
-3.2578582283464566
0
LINE
8
BLACK
6
CONTINUOUS
10
6.2408107874015748
20
-3.2578582283464566
11
6.2398008661417323
21
-3.2576801574803147
0
LINE
8
BLACK
6
CONTINUOUS
10
6.2398008661417323
20
-3.2576801574803147
11
6.2396655905511809
21
-3.2575666535433072
0
LINE
8
BLACK
6
CONTINUOUS
10
6.2396655905511809
20
-3.2575666535433072
11
6.2394902755905512
21
-3.2575464960629921
0
LINE
8
BLACK
6
CONTINUOUS
10
6.2394902755905512
20
-3.2575464960629921
11
6.2357407480314961
21
-3.2556717322834645
0
LINE
8
BLACK
6
CONTINUOUS
10
6.2357407480314961
20
-3.2556717322834645
11
6.2350316535433068
21
-3.2551458267716535
0
LINE
8
BLACK
6
CONTINUOUS
10
6.2350316535433068
20
-3.2551458267716535
11
6.2349733464566928
21
-3.2551186220472439
0
LINE
8
BLACK
6
CONTINUOUS
10
6.2349733464566928
20
-3.2551186220472439
11
6.2330985826771652
21
-3.2532438582677163
0
LINE
8
BLACK
6
CONTINUOUS
10
6.2330985826771652
20
-3.2532438582677163
11
6.2325922834645668
21
-3.2525207480314959
0
LINE
8
BLACK
6
CONTINUOUS
10
6.2325922834645668
20
-3.2525207480314959
11
6.232545472440945
21
-3.2524764566929134
0
LINE
8
BLACK
6
CONTINUOUS
10
6.232545472440945
20
-3.2524764566929134
11
6.2306707086614175
21
-3.2487269291338583
0
LINE
8
BLACK
6
CONTINUOUS
10
6.2306707086614175
20
-3.2487269291338583
11
6.2303783464566926
21
-3.2477439763779525
0
LINE
8
BLACK
6
CONTINUOUS
10
6.2303783464566926
20
-3.2477439763779525
11
6.2304193307086617
21
-3.2475722834645668
0
LINE
8
BLACK
6
CONTINUOUS
10
6.2304193307086617
20
-3.2475722834645668
11
6.2303589763779526
21
-3.2474064173228347
0
LINE
8
BLACK
6
CONTINUOUS
10
6.2303589763779526
20
-3.2474064173228347
11
6.2303589763779526
21
-3.238032598425197
0
LINE
8
BLACK
6
CONTINUOUS
10
6.2303589763779526
20
-3.238032598425197
11
6.230537047244094
21
-3.2370226771653541
0
LINE
8
BLACK
6
CONTINUOUS
10
6.230537047244094
20
-3.2370226771653541
11
6.2306505118110236
21
-3.236887401574803
0
LINE
8
BLACK
6
CONTINUOUS
10
6.2306505118110236
20
-3.236887401574803
11
6.2306707086614175
21
-3.236712086614173
0
LINE
8
BLACK
6
CONTINUOUS
10
6.2306707086614175
20
-3.236712086614173
11
6.232545472440945
21
-3.2329625590551179
0
LINE
8
BLACK
6
CONTINUOUS
10
6.232545472440945
20
-3.2329625590551179
11
6.233071377952756
21
-3.232253464566929
0
LINE
8
BLACK
6
CONTINUOUS
10
6.233071377952756
20
-3.232253464566929
11
6.2330985826771652
21
-3.2321951574803149
0
LINE
8
BLACK
6
CONTINUOUS
10
6.2330985826771652
20
-3.2321951574803149
11
6.2349733464566928
21
-3.2303203937007874
0
LINE
8
BLACK
6
CONTINUOUS
10
6.2349733464566928
20
-3.2303203937007874
11
6.2358133858267717
21
-3.2297322047244093
0
LINE
8
BLACK
6
CONTINUOUS
10
6.2358133858267717
20
-3.2297322047244093
11
6.237825472440945
21
-3.2295561811023621
0
LINE
8
BLACK
6
CONTINUOUS
10
6.237825472440945
20
-3.2295561811023621
11
6.2394800393700782
21
-3.23071468503937
0
LINE
8
BLACK
6
CONTINUOUS
10
6.2394800393700782
20
-3.23071468503937
11
6.240002755905512
21
-3.2326656692913387
0
LINE
8
BLACK
6
CONTINUOUS
10
6.240002755905512
20
-3.2326656692913387
11
6.2391491732283466
21
-3.2344962204724408
0
LINE
8
BLACK
6
CONTINUOUS
10
6.2391491732283466
20
-3.2344962204724408
11
6.2376132283464569
21
-3.2360321653543305
0
LINE
8
BLACK
6
CONTINUOUS
10
6.2376132283464569
20
-3.2360321653543305
11
6.2362644881889766
21
-3.2387296456692911
0
LINE
8
BLACK
6
CONTINUOUS
10
6.2362644881889766
20
-3.2387296456692911
11
6.2362644881889766
21
-3.2467093700787402
0
LINE
8
BLACK
6
CONTINUOUS
10
6.2362644881889766
20
-3.2467093700787402
11
6.2376132283464569
21
-3.2494068503937008
0
LINE
8
BLACK
6
CONTINUOUS
10
6.2376132283464569
20
-3.2494068503937008
11
6.2388103543307087
21
-3.2506039763779526
0
LINE
8
BLACK
6
CONTINUOUS
10
6.2388103543307087
20
-3.2506039763779526
11
6.2415078346456694
21
-3.2519527165354329
0
LINE
8
BLACK
6
CONTINUOUS
10
6.2415078346456694
20
-3.2519527165354329
11
6.244081181102362
21
-3.2519527165354329
0
LINE
8
BLACK
6
CONTINUOUS
10
6.244081181102362
20
-3.2519527165354329
11
6.2485895669291338
21
-3.2504498818897636
0
LINE
8
BLACK
6
CONTINUOUS
10
6.2485895669291338
20
-3.2504498818897636
11
6.2705938976377951
21
-3.2284456299212598
0
LINE
8
BLACK
6
CONTINUOUS
10
6.2705938976377951
20
-3.2284456299212598
11
6.2711219291338578
21
-3.2280758267716534
0
LINE
8
BLACK
6
CONTINUOUS
10
6.2711219291338578
20
-3.2280758267716534
11
6.2712054330708664
21
-3.2279763779527557
0
LINE
8
BLACK
6
CONTINUOUS
10
6.2712054330708664
20
-3.2279763779527557
11
6.2712837401574806
21
-3.227962559055118
0
LINE
8
BLACK
6
CONTINUOUS
10
6.2712837401574806
20
-3.227962559055118
11
6.271433937007874
21
-3.2278574015748029
0
LINE
8
BLACK
6
CONTINUOUS
10
6.271433937007874
20
-3.2278574015748029
11
6.2723194881889759
21
-3.2277799212598426
0
LINE
8
BLACK
6
CONTINUOUS
10
6.2723194881889759
20
-3.2277799212598426
11
6.273194566929134
21
-3.2276256299212598
0
LINE
8
BLACK
6
CONTINUOUS
10
6.273194566929134
20
-3.2276256299212598
11
6.2733114960629921
21
-3.2276931102362205
0
LINE
8
BLACK
6
CONTINUOUS
10
6.138801574803149
20
-3.1926622834645668
11
6.1389308267716531
21
-3.1926395275590549
0
LINE
8
BLACK
6
CONTINUOUS
10
6.1389308267716531
20
-3.1926395275590549
11
6.139044409448819
21
-3.1927051181102359
0
LINE
8
BLACK
6
CONTINUOUS
10
6.139044409448819
20
-3.1927051181102359
11
6.1394279921259844
21
-3.1927727559055117
0
LINE
8
BLACK
6
CONTINUOUS
10
6.1394279921259844
20
-3.1927727559055117
11
6.1400156692913388
21
-3.1932658661417324
0
LINE
8
BLACK
6
CONTINUOUS
10
6.1400156692913388
20
-3.1932658661417324
11
6.1406799999999997
21
-3.1936494488188978
0
LINE
8
BLACK
6
CONTINUOUS
10
6.1406799999999997
20
-3.1936494488188978
11
6.1407711023622049
21
-3.1938997637795277
0
LINE
8
BLACK
6
CONTINUOUS
10
6.1407711023622049
20
-3.1938997637795277
11
6.1409752362204726
21
-3.1940710629921258
0
LINE
8
BLACK
6
CONTINUOUS
10
6.1409752362204726
20
-3.1940710629921258
11
6.1411084645669289
21
-3.1948266141732282
0
LINE
8
BLACK
6
CONTINUOUS
10
6.1411084645669289
20
-3.1948266141732282
11
6.1413708267716531
21
-3.1955474409448819
0
LINE
8
BLACK
6
CONTINUOUS
10
6.1413708267716531
20
-3.1955474409448819
11
6.1413708267716531
21
-3.2049212598425196
0
LINE
8
BLACK
6
CONTINUOUS
10
6.1413708267716531
20
-3.2049212598425196
11
6.1412175196850392
21
-3.20579062992126
0
LINE
8
BLACK
6
CONTINUOUS
10
6.1412175196850392
20
-3.20579062992126
11
6.1412192913385821
21
-3.2058550393700789
0
LINE
8
BLACK
6
CONTINUOUS
10
6.1412192913385821
20
-3.2058550393700789
11
6.1393445275590546
21
-3.2114792913385828
0
LINE
8
BLACK
6
CONTINUOUS
10
6.1393445275590546
20
-3.2114792913385828
11
6.1388562204724408
21
-3.2123810629921259
0
LINE
8
BLACK
6
CONTINUOUS
10
6.1388562204724408
20
-3.2123810629921259
11
6.1387058267716537
21
-3.2124734251968503
0
LINE
8
BLACK
6
CONTINUOUS
10
6.1387058267716537
20
-3.2124734251968503
11
6.1386312204724405
21
-3.2126334645669292
0
LINE
8
BLACK
6
CONTINUOUS
10
6.1386312204724405
20
-3.2126334645669292
11
6.1348816535433066
21
-3.2163829921259843
0
LINE
8
BLACK
6
CONTINUOUS
10
6.1348816535433066
20
-3.2163829921259843
11
6.1341584645669291
21
-3.2168893700787402
0
LINE
8
BLACK
6
CONTINUOUS
10
6.1341584645669291
20
-3.2168893700787402
11
6.1341142519685041
21
-3.2169361023622045
0
LINE
8
BLACK
6
CONTINUOUS
10
6.1341142519685041
20
-3.2169361023622045
11
6.130364724409449
21
-3.2188108661417321
0
LINE
8
BLACK
6
CONTINUOUS
10
6.130364724409449
20
-3.2188108661417321
11
6.1298762598425194
21
-3.2189561417322832
0
LINE
8
BLACK
6
CONTINUOUS
10
6.1298762598425194
20
-3.2189561417322832
11
6.1297603543307089
21
-3.2190344488188978
0
LINE
8
BLACK
6
CONTINUOUS
10
6.1297603543307089
20
-3.2190344488188978
11
6.1222612992125987
21
-3.2209092125984253
0
LINE
8
BLACK
6
CONTINUOUS
10
6.1222612992125987
20
-3.2209092125984253
11
6.1216733858267718
21
-3.2209506692913386
0
LINE
8
BLACK
6
CONTINUOUS
10
6.1216733858267718
20
-3.2209506692913386
11
6.1215451574803152
21
-3.2209973622047245
0
LINE
8
BLACK
6
CONTINUOUS
10
6.1215451574803152
20
-3.2209973622047245
11
6.1159208661417326
21
-3.2209973622047245
0
LINE
8
BLACK
6
CONTINUOUS
10
6.1159208661417326
20
-3.2209973622047245
11
6.1153404724409448
21
-3.2208950000000001
0
LINE
8
BLACK
6
CONTINUOUS
10
6.1153404724409448
20
-3.2208950000000001
11
6.1152047244094483
21
-3.2209092125984253
0
LINE
8
BLACK
6
CONTINUOUS
10
6.1152047244094483
20
-3.2209092125984253
11
6.1077056692913381
21
-3.2190344488188978
0
LINE
8
BLACK
6
CONTINUOUS
10
6.1077056692913381
20
-3.2190344488188978
11
6.1072401968503938
21
-3.2188268503937008
0
LINE
8
BLACK
6
CONTINUOUS
10
6.1072401968503938
20
-3.2188268503937008
11
6.1071012992125979
21
-3.2188108661417321
0
LINE
8
BLACK
6
CONTINUOUS
10
6.1071012992125979
20
-3.2188108661417321
11
6.1033517716535428
21
-3.2169361023622045
0
LINE
8
BLACK
6
CONTINUOUS
10
6.1033517716535428
20
-3.2169361023622045
11
6.1026426771653544
21
-3.2164101574803148
0
LINE
8
BLACK
6
CONTINUOUS
10
6.1026426771653544
20
-3.2164101574803148
11
6.1025843700787403
21
-3.2163829921259843
0
LINE
8
BLACK
6
CONTINUOUS
10
6.1025843700787403
20
-3.2163829921259843
11
6.0988348425196852
21
-3.2126334645669292
0
LINE
8
BLACK
6
CONTINUOUS
10
6.0988348425196852
20
-3.2126334645669292
11
6.0982466535433071
21
-3.2117934251968503
0
LINE
8
BLACK
6
CONTINUOUS
10
6.0982466535433071
20
-3.2117934251968503
11
6.0982312598425192
21
-3.2116175590551181
0
LINE
8
BLACK
6
CONTINUOUS
10
6.0982312598425192
20
-3.2116175590551181
11
6.0981215354330711
21
-3.2114792913385828
0
LINE
8
BLACK
6
CONTINUOUS
10
6.0981215354330711
20
-3.2114792913385828
11
6.0962467716535436
21
-3.2058550000000001
0
LINE
8
BLACK
6
CONTINUOUS
10
6.0962467716535436
20
-3.2058550000000001
11
6.0961172834645669
21
-3.2049818110236221
0
LINE
8
BLACK
6
CONTINUOUS
10
6.0961172834645669
20
-3.2049818110236221
11
6.0960952362204726
21
-3.2049212598425196
0
LINE
8
BLACK
6
CONTINUOUS
10
6.0960952362204726
20
-3.2049212598425196
11
6.0960952362204726
21
-3.1955474409448819
0
LINE
8
BLACK
6
CONTINUOUS
10
6.0960952362204726
20
-3.1955474409448819
11
6.0961628346456695
21
-3.1951638976377952
0
LINE
8
BLACK
6
CONTINUOUS
10
6.0961628346456695
20
-3.1951638976377952
11
6.0961400787401576
21
-3.1950346850393698
0
LINE
8
BLACK
6
CONTINUOUS
10
6.0961400787401576
20
-3.1950346850393698
11
6.0962056692913382
21
-3.1949210629921261
0
LINE
8
BLACK
6
CONTINUOUS
10
6.0962056692913382
20
-3.1949210629921261
11
6.096273307086614
21
-3.1945375196850394
0
LINE
8
BLACK
6
CONTINUOUS
10
6.096273307086614
20
-3.1945375196850394
11
6.0967664173228346
21
-3.1939498031496063
0
LINE
8
BLACK
6
CONTINUOUS
10
6.0967664173228346
20
-3.1939498031496063
11
6.0971500000000001
21
-3.1932855118110237
0
LINE
8
BLACK
6
CONTINUOUS
10
6.0971500000000001
20
-3.1932855118110237
11
6.0974003149606295
21
-3.1931943700787402
0
LINE
8
BLACK
6
CONTINUOUS
10
6.0974003149606295
20
-3.1931943700787402
11
6.0975716141732281
21
-3.1929902755905513
0
LINE
8
BLACK
6
CONTINUOUS
10
6.0975716141732281
20
-3.1929902755905513
11
6.0983271653543305
21
-3.1928570078740157
0
LINE
8
BLACK
6
CONTINUOUS
10
6.0983271653543305
20
-3.1928570078740157
11
6.0990479921259837
21
-3.1925946850393698
0
LINE
8
BLACK
6
CONTINUOUS
10
6.0990479921259837
20
-3.1925946850393698
11
6.138418070866142
21
-3.1925946850393698
0
LINE
8
BLACK
6
CONTINUOUS
10
6.138418070866142
20
-3.1925946850393698
11
6.138801574803149
21
-3.1926622834645668
0
LINE
8
BLACK
6
CONTINUOUS
10
6.1020007480314957
20
-3.204442086614173
11
6.1035035433070863
21
-3.2089505118110235
0
LINE
8
BLACK
6
CONTINUOUS
10
6.1035035433070863
20
-3.2089505118110235
11
6.1064213779527554
21
-3.2118683464566931
0
LINE
8
BLACK
6
CONTINUOUS
10
6.1064213779527554
20
-3.2118683464566931
11
6.1094523622047241
21
-3.2133838188976376
0
LINE
8
BLACK
6
CONTINUOUS
10
6.1094523622047241
20
-3.2133838188976376
11
6.1162844094488191
21
-3.2150918503937009
0
LINE
8
BLACK
6
CONTINUOUS
10
6.1162844094488191
20
-3.2150918503937009
11
6.1211816141732278
21
-3.2150918503937009
0
LINE
8
BLACK
6
CONTINUOUS
10
6.1211816141732278
20
-3.2150918503937009
11
6.1280136614173228
21
-3.2133838188976376
0
LINE
8
BLACK
6
CONTINUOUS
10
6.1280136614173228
20
-3.2133838188976376
11
6.1310446456692915
21
-3.2118683070866143
0
LINE
8
BLACK
6
CONTINUOUS
10
6.1310446456692915
20
-3.2118683070866143
11
6.1339625196850394
21
-3.2089504724409448
0
LINE
8
BLACK
6
CONTINUOUS
10
6.1339625196850394
20
-3.2089504724409448
11
6.13546531496063
21
-3.2044421259842517
0
LINE
8
BLACK
6
CONTINUOUS
10
6.13546531496063
20
-3.2044421259842517
11
6.13546531496063
21
-3.1985001968503934
0
LINE
8
BLACK
6
CONTINUOUS
10
6.13546531496063
20
-3.1985001968503934
11
6.1020007480314957
21
-3.1985001968503934
0
LINE
8
BLACK
6
CONTINUOUS
10
6.1020007480314957
20
-3.1985001968503934
11
6.1020007480314957
21
-3.204442086614173
0
LINE
8
BLACK
6
CONTINUOUS
10
6.2730653149606299
20
-3.1920278346456694
11
6.273194566929134
21
-3.1920050787401575
0
LINE
8
BLACK
6
CONTINUOUS
10
6.273194566929134
20
-3.1920050787401575
11
6.273308149606299
21
-3.1920706692913385
0
LINE
8
BLACK
6
CONTINUOUS
10
6.273308149606299
20
-3.1920706692913385
11
6.2736917322834644
21
-3.1921383070866143
0
LINE
8
BLACK
6
CONTINUOUS
10
6.2736917322834644
20
-3.1921383070866143
11
6.2742794094488188
21
-3.1926314173228345
0
LINE
8
BLACK
6
CONTINUOUS
10
6.2742794094488188
20
-3.1926314173228345
11
6.2749437401574806
21
-3.1930149999999999
0
LINE
8
BLACK
6
CONTINUOUS
10
6.2749437401574806
20
-3.1930149999999999
11
6.2750348425196849
21
-3.1932653149606298
0
LINE
8
BLACK
6
CONTINUOUS
10
6.2750348425196849
20
-3.1932653149606298
11
6.2752389763779526
21
-3.1934366141732284
0
LINE
8
BLACK
6
CONTINUOUS
10
6.2752389763779526
20
-3.1934366141732284
11
6.2753722047244089
21
-3.1941921653543308
0
LINE
8
BLACK
6
CONTINUOUS
10
6.2753722047244089
20
-3.1941921653543308
11
6.275634566929134
21
-3.194912992125984
0
LINE
8
BLACK
6
CONTINUOUS
10
6.275634566929134
20
-3.194912992125984
11
6.275634566929134
21
-3.2042868110236218
0
LINE
8
BLACK
6
CONTINUOUS
10
6.275634566929134
20
-3.2042868110236218
11
6.2754812598425191
21
-3.2051561811023621
0
LINE
8
BLACK
6
CONTINUOUS
10
6.2754812598425191
20
-3.2051561811023621
11
6.275483031496063
21
-3.205220590551181
0
LINE
8
BLACK
6
CONTINUOUS
10
6.275483031496063
20
-3.205220590551181
11
6.2736082677165355
21
-3.2108448425196849
0
LINE
8
BLACK
6
CONTINUOUS
10
6.2736082677165355
20
-3.2108448425196849
11
6.2731199606299208
21
-3.2117466141732285
0
LINE
8
BLACK
6
CONTINUOUS
10
6.2731199606299208
20
-3.2117466141732285
11
6.2729695669291337
21
-3.2118389763779529
0
LINE
8
BLACK
6
CONTINUOUS
10
6.2729695669291337
20
-3.2118389763779529
11
6.2728949606299214
21
-3.2119990157480314
0
LINE
8
BLACK
6
CONTINUOUS
10
6.2728949606299214
20
-3.2119990157480314
11
6.2691453937007875
21
-3.2157485433070865
0
LINE
8
BLACK
6
CONTINUOUS
10
6.2691453937007875
20
-3.2157485433070865
11
6.2684222047244091
21
-3.2162549212598424
0
LINE
8
BLACK
6
CONTINUOUS
10
6.2684222047244091
20
-3.2162549212598424
11
6.2683779921259841
21
-3.2163016535433071
0
LINE
8
BLACK
6
CONTINUOUS
10
6.2683779921259841
20
-3.2163016535433071
11
6.264628464566929
21
-3.2181764173228347
0
LINE
8
BLACK
6
CONTINUOUS
10
6.264628464566929
20
-3.2181764173228347
11
6.2641400000000003
21
-3.2183216929133858
0
LINE
8
BLACK
6
CONTINUOUS
10
6.2641400000000003
20
-3.2183216929133858
11
6.2640240944881889
21
-3.2183999999999999
0
LINE
8
BLACK
6
CONTINUOUS
10
6.2640240944881889
20
-3.2183999999999999
11
6.2565250393700786
21
-3.2202747637795275
0
LINE
8
BLACK
6
CONTINUOUS
10
6.2565250393700786
20
-3.2202747637795275
11
6.2559371259842518
21
-3.2203162204724407
0
LINE
8
BLACK
6
CONTINUOUS
10
6.2559371259842518
20
-3.2203162204724407
11
6.2558088976377952
21
-3.2203629133858267
0
LINE
8
BLACK
6
CONTINUOUS
10
6.2558088976377952
20
-3.2203629133858267
11
6.2501846062992126
21
-3.2203629133858267
0
LINE
8
BLACK
6
CONTINUOUS
10
6.2501846062992126
20
-3.2203629133858267
11
6.2496042125984248
21
-3.2202605511811022
0
LINE
8
BLACK
6
CONTINUOUS
10
6.2496042125984248
20
-3.2202605511811022
11
6.2494684645669292
21
-3.2202747637795275
0
LINE
8
BLACK
6
CONTINUOUS
10
6.2494684645669292
20
-3.2202747637795275
11
6.241969409448819
21
-3.2183999999999999
0
LINE
8
BLACK
6
CONTINUOUS
10
6.241969409448819
20
-3.2183999999999999
11
6.2415039370078738
21
-3.2181924015748029
0
LINE
8
BLACK
6
CONTINUOUS
10
6.2415039370078738
20
-3.2181924015748029
11
6.2413650393700788
21
-3.2181764173228347
0
LINE
8
BLACK
6
CONTINUOUS
10
6.2413650393700788
20
-3.2181764173228347
11
6.2376155118110237
21
-3.2163016535433071
0
LINE
8
BLACK
6
CONTINUOUS
10
6.2376155118110237
20
-3.2163016535433071
11
6.2369064173228344
21
-3.2157757086614174
0
LINE
8
BLACK
6
CONTINUOUS
10
6.2369064173228344
20
-3.2157757086614174
11
6.2368481102362203
21
-3.2157485433070865
0
LINE
8
BLACK
6
CONTINUOUS
10
6.2368481102362203
20
-3.2157485433070865
11
6.2330985826771652
21
-3.2119990157480314
0
LINE
8
BLACK
6
CONTINUOUS
10
6.2330985826771652
20
-3.2119990157480314
11
6.2325103937007871
21
-3.2111589763779529
0
LINE
8
BLACK
6
CONTINUOUS
10
6.2325103937007871
20
-3.2111589763779529
11
6.2324950000000001
21
-3.2109831102362203
0
LINE
8
BLACK
6
CONTINUOUS
10
6.2324950000000001
20
-3.2109831102362203
11
6.2323852755905511
21
-3.2108448425196849
0
LINE
8
BLACK
6
CONTINUOUS
10
6.2323852755905511
20
-3.2108448425196849
11
6.2305105118110236
21
-3.2052205511811023
0
LINE
8
BLACK
6
CONTINUOUS
10
6.2305105118110236
20
-3.2052205511811023
11
6.2303810236220469
21
-3.2043473622047243
0
LINE
8
BLACK
6
CONTINUOUS
10
6.2303810236220469
20
-3.2043473622047243
11
6.2303589763779526
21
-3.2042868110236218
0
LINE
8
BLACK
6
CONTINUOUS
10
6.2303589763779526
20
-3.2042868110236218
11
6.2303589763779526
21
-3.194912992125984
0
LINE
8
BLACK
6
CONTINUOUS
10
6.2303589763779526
20
-3.194912992125984
11
6.2304265748031495
21
-3.1945294488188978
0
LINE
8
BLACK
6
CONTINUOUS
10
6.2304265748031495
20
-3.1945294488188978
11
6.2304038188976376
21
-3.1944002362204724
0
LINE
8
BLACK
6
CONTINUOUS
10
6.2304038188976376
20
-3.1944002362204724
11
6.2304694094488191
21
-3.1942866141732282
0
LINE
8
BLACK
6
CONTINUOUS
10
6.2304694094488191
20
-3.1942866141732282
11
6.230537047244094
21
-3.1939030708661416
0
LINE
8
BLACK
6
CONTINUOUS
10
6.230537047244094
20
-3.1939030708661416
11
6.2310301574803146
21
-3.1933153543307085
0
LINE
8
BLACK
6
CONTINUOUS
10
6.2310301574803146
20
-3.1933153543307085
11
6.2314137401574801
21
-3.1926510629921259
0
LINE
8
BLACK
6
CONTINUOUS
10
6.2314137401574801
20
-3.1926510629921259
11
6.2316640551181104
21
-3.1925599212598423
0
LINE
8
BLACK
6
CONTINUOUS
10
6.2316640551181104
20
-3.1925599212598423
11
6.2318353543307081
21
-3.1923558267716534
0
LINE
8
BLACK
6
CONTINUOUS
10
6.2318353543307081
20
-3.1923558267716534
11
6.2325909055118105
21
-3.1922225590551179
0
LINE
8
BLACK
6
CONTINUOUS
10
6.2325909055118105
20
-3.1922225590551179
11
6.2333117322834646
21
-3.1919602362204724
0
LINE
8
BLACK
6
CONTINUOUS
10
6.2333117322834646
20
-3.1919602362204724
11
6.272681811023622
21
-3.1919602362204724
0
LINE
8
BLACK
6
CONTINUOUS
10
6.272681811023622
20
-3.1919602362204724
11
6.2730653149606299
21
-3.1920278346456694
0
LINE
8
BLACK
6
CONTINUOUS
10
6.2362644881889766
20
-3.2038076377952756
11
6.2377672834645672
21
-3.2083160629921261
0
LINE
8
BLACK
6
CONTINUOUS
10
6.2377672834645672
20
-3.2083160629921261
11
6.2406851181102363
21
-3.2112338976377952
0
LINE
8
BLACK
6
CONTINUOUS
10
6.2406851181102363
20
-3.2112338976377952
11
6.243716102362205
21
-3.2127493700787402
0
LINE
8
BLACK
6
CONTINUOUS
10
6.243716102362205
20
-3.2127493700787402
11
6.2505481496062991
21
-3.2144574015748031
0
LINE
8
BLACK
6
CONTINUOUS
10
6.2505481496062991
20
-3.2144574015748031
11
6.2554453543307087
21
-3.2144574015748031
0
LINE
8
BLACK
6
CONTINUOUS
10
6.2554453543307087
20
-3.2144574015748031
11
6.2622774015748028
21
-3.2127493700787402
0
LINE
8
BLACK
6
CONTINUOUS
10
6.2622774015748028
20
-3.2127493700787402
11
6.2653083858267715
21
-3.2112338582677165
0
LINE
8
BLACK
6
CONTINUOUS
10
6.2653083858267715
20
-3.2112338582677165
11
6.2682262598425194
21
-3.2083160236220474
0
LINE
8
BLACK
6
CONTINUOUS
10
6.2682262598425194
20
-3.2083160236220474
11
6.26972905511811
21
-3.2038076771653543
0
LINE
8
BLACK
6
CONTINUOUS
10
6.26972905511811
20
-3.2038076771653543
11
6.26972905511811
21
-3.197865748031496
0
LINE
8
BLACK
6
CONTINUOUS
10
6.26972905511811
20
-3.197865748031496
11
6.2362644881889766
21
-3.197865748031496
0
LINE
8
BLACK
6
CONTINUOUS
10
6.2362644881889766
20
-3.197865748031496
11
6.2362644881889766
21
-3.2038076377952756
0
LINE
8
BLACK
6
CONTINUOUS
10
6.0877737401574805
20
-2.9741059448818898
11
6.088464566929134
21
-2.9760039370078739
0
LINE
8
BLACK
6
CONTINUOUS
10
6.088464566929134
20
-2.9760039370078739
11
6.088464566929134
21
-3.0160039370078739
0
LINE
8
BLACK
6
CONTINUOUS
10
6.088464566929134
20
-3.0160039370078739
11
6.0883969291338582
21
-3.0163874409448819
0
LINE
8
BLACK
6
CONTINUOUS
10
6.0883969291338582
20
-3.0163874409448819
11
6.0884197244094489
21
-3.016516692913386
0
LINE
8
BLACK
6
CONTINUOUS
10
6.0884197244094489
20
-3.016516692913386
11
6.0883540944881887
21
-3.016630275590551
0
LINE
8
BLACK
6
CONTINUOUS
10
6.0883540944881887
20
-3.016630275590551
11
6.0882864960629917
21
-3.0170138582677164
0
LINE
8
BLACK
6
CONTINUOUS
10
6.0882864960629917
20
-3.0170138582677164
11
6.0877933464566931
21
-3.0176015354330707
0
LINE
8
BLACK
6
CONTINUOUS
10
6.0877933464566931
20
-3.0176015354330707
11
6.0874098031496064
21
-3.0182658661417321
0
LINE
8
BLACK
6
CONTINUOUS
10
6.0874098031496064
20
-3.0182658661417321
11
6.0871594488188974
21
-3.0183569685039369
0
LINE
8
BLACK
6
CONTINUOUS
10
6.0871594488188974
20
-3.0183569685039369
11
6.0869881889763775
21
-3.0185611023622045
0
LINE
8
BLACK
6
CONTINUOUS
10
6.0869881889763775
20
-3.0185611023622045
11
6.0862325984251964
21
-3.0186943307086613
0
LINE
8
BLACK
6
CONTINUOUS
10
6.0862325984251964
20
-3.0186943307086613
11
6.0855118110236219
21
-3.018956692913386
0
LINE
8
BLACK
6
CONTINUOUS
10
6.0855118110236219
20
-3.018956692913386
11
6.0255118110236223
21
-3.018956692913386
0
LINE
8
BLACK
6
CONTINUOUS
10
6.0255118110236223
20
-3.018956692913386
11
6.0251282677165356
21
-3.0188890551181102
0
LINE
8
BLACK
6
CONTINUOUS
10
6.0251282677165356
20
-3.0188890551181102
11
6.0249990551181103
21
-3.0189118503937009
0
LINE
8
BLACK
6
CONTINUOUS
10
6.0249990551181103
20
-3.0189118503937009
11
6.0248854330708657
21
-3.0188462204724407
0
LINE
8
BLACK
6
CONTINUOUS
10
6.0248854330708657
20
-3.0188462204724407
11
6.024501889763779
21
-3.0187786220472441
0
LINE
8
BLACK
6
CONTINUOUS
10
6.024501889763779
20
-3.0187786220472441
11
6.0239141732283459
21
-3.0182854724409447
0
LINE
8
BLACK
6
CONTINUOUS
10
6.0239141732283459
20
-3.0182854724409447
11
6.0232498818897637
21
-3.017901929133858
0
LINE
8
BLACK
6
CONTINUOUS
10
6.0232498818897637
20
-3.017901929133858
11
6.0231587401574798
21
-3.0176515748031494
0
LINE
8
BLACK
6
CONTINUOUS
10
6.0231587401574798
20
-3.0176515748031494
11
6.0229546456692908
21
-3.01748031496063
0
LINE
8
BLACK
6
CONTINUOUS
10
6.0229546456692908
20
-3.01748031496063
11
6.0228213779527557
21
-3.0167247244094488
0
LINE
8
BLACK
6
CONTINUOUS
10
6.0228213779527557
20
-3.0167247244094488
11
6.0225590551181103
21
-3.0160039370078739
0
LINE
8
BLACK
6
CONTINUOUS
10
6.0225590551181103
20
-3.0160039370078739
11
6.0225590551181103
21
-2.9760039370078739
0
LINE
8
BLACK
6
CONTINUOUS
10
6.0225590551181103
20
-2.9760039370078739
11
6.0227371259842517
21
-2.9749940157480315
0
LINE
8
BLACK
6
CONTINUOUS
10
6.0227371259842517
20
-2.9749940157480315
11
6.0240354330708659
21
-2.9734467716535433
0
LINE
8
BLACK
6
CONTINUOUS
10
6.0240354330708659
20
-2.9734467716535433
11
6.0260245669291335
21
-2.9730960236220474
0
LINE
8
BLACK
6
CONTINUOUS
10
6.0260245669291335
20
-2.9730960236220474
11
6.02777374015748
21
-2.9741059448818898
0
LINE
8
BLACK
6
CONTINUOUS
10
6.02777374015748
20
-2.9741059448818898
11
6.0284645669291335
21
-2.9760039370078739
0
LINE
8
BLACK
6
CONTINUOUS
10
6.0284645669291335
20
-2.9760039370078739
11
6.0284645669291335
21
-3.0130511811023619
0
LINE
8
BLACK
6
CONTINUOUS
10
6.0284645669291335
20
-3.0130511811023619
11
6.0825590551181099
21
-3.0130511811023619
0
LINE
8
BLACK
6
CONTINUOUS
10
6.0825590551181099
20
-3.0130511811023619
11
6.0825590551181099
21
-2.9760039370078739
0
LINE
8
BLACK
6
CONTINUOUS
10
6.0825590551181099
20
-2.9760039370078739
11
6.0827371259842522
21
-2.9749940157480315
0
LINE
8
BLACK
6
CONTINUOUS
10
6.0827371259842522
20
-2.9749940157480315
11
6.0840354330708664
21
-2.9734467716535433
0
LINE
8
BLACK
6
CONTINUOUS
10
6.0840354330708664
20
-2.9734467716535433
11
6.086024566929134
21
-2.9730960236220474
0
LINE
8
BLACK
6
CONTINUOUS
10
6.086024566929134
20
-2.9730960236220474
11
6.0877737401574805
21
-2.9741059448818898
0
LINE
8
BLACK
6
CONTINUOUS
10
6.1877737401574802
20
-2.9741059448818898
11
6.1884645669291336
21
-2.9760039370078739
0
LINE
8
BLACK
6
CONTINUOUS
10
6.1884645669291336
20
-2.9760039370078739
11
6.1884645669291336
21
-3.0160039370078739
0
LINE
8
BLACK
6
CONTINUOUS
10
6.1884645669291336
20
-3.0160039370078739
11
6.1883969291338579
21
-3.0163874409448819
0
LINE
8
BLACK
6
CONTINUOUS
10
6.1883969291338579
20
-3.0163874409448819
11
6.1884197244094485
21
-3.016516692913386
0
LINE
8
BLACK
6
CONTINUOUS
10
6.1884197244094485
20
-3.016516692913386
11
6.1883540944881892
21
-3.016630275590551
0
LINE
8
BLACK
6
CONTINUOUS
10
6.1883540944881892
20
-3.016630275590551
11
6.1882864960629922
21
-3.0170138582677164
0
LINE
8
BLACK
6
CONTINUOUS
10
6.1882864960629922
20
-3.0170138582677164
11
6.1877933464566928
21
-3.0176015354330707
0
LINE
8
BLACK
6
CONTINUOUS
10
6.1877933464566928
20
-3.0176015354330707
11
6.1874098031496061
21
-3.0182658661417321
0
LINE
8
BLACK
6
CONTINUOUS
10
6.1874098031496061
20
-3.0182658661417321
11
6.1871594488188979
21
-3.0183569685039369
0
LINE
8
BLACK
6
CONTINUOUS
10
6.1871594488188979
20
-3.0183569685039369
11
6.186988188976378
21
-3.0185611023622045
0
LINE
8
BLACK
6
CONTINUOUS
10
6.186988188976378
20
-3.0185611023622045
11
6.1862325984251969
21
-3.0186943307086613
0
LINE
8
BLACK
6
CONTINUOUS
10
6.1862325984251969
20
-3.0186943307086613
11
6.1855118110236216
21
-3.018956692913386
0
LINE
8
BLACK
6
CONTINUOUS
10
6.1855118110236216
20
-3.018956692913386
11
6.125511811023622
21
-3.018956692913386
0
LINE
8
BLACK
6
CONTINUOUS
10
6.125511811023622
20
-3.018956692913386
11
6.1251282677165353
21
-3.0188890551181102
0
LINE
8
BLACK
6
CONTINUOUS
10
6.1251282677165353
20
-3.0188890551181102
11
6.1249990551181099
21
-3.0189118503937009
0
LINE
8
BLACK
6
CONTINUOUS
10
6.1249990551181099
20
-3.0189118503937009
11
6.1248854330708662
21
-3.0188462204724407
0
LINE
8
BLACK
6
CONTINUOUS
10
6.1248854330708662
20
-3.0188462204724407
11
6.1245018897637795
21
-3.0187786220472441
0
LINE
8
BLACK
6
CONTINUOUS
10
6.1245018897637795
20
-3.0187786220472441
11
6.1239141732283464
21
-3.0182854724409447
0
LINE
8
BLACK
6
CONTINUOUS
10
6.1239141732283464
20
-3.0182854724409447
11
6.1232498818897634
21
-3.017901929133858
0
LINE
8
BLACK
6
CONTINUOUS
10
6.1232498818897634
20
-3.017901929133858
11
6.1231587401574803
21
-3.0176515748031494
0
LINE
8
BLACK
6
CONTINUOUS
10
6.1231587401574803
20
-3.0176515748031494
11
6.1229546456692914
21
-3.01748031496063
0
LINE
8
BLACK
6
CONTINUOUS
10
6.1229546456692914
20
-3.01748031496063
11
6.1228213779527554
21
-3.0167247244094488
0
LINE
8
BLACK
6
CONTINUOUS
10
6.1228213779527554
20
-3.0167247244094488
11
6.1225590551181099
21
-3.0160039370078739
0
LINE
8
BLACK
6
CONTINUOUS
10
6.1225590551181099
20
-3.0160039370078739
11
6.1225590551181099
21
-2.9760039370078739
0
LINE
8
BLACK
6
CONTINUOUS
10
6.1225590551181099
20
-2.9760039370078739
11
6.1227371259842522
21
-2.9749940157480315
0
LINE
8
BLACK
6
CONTINUOUS
10
6.1227371259842522
20
-2.9749940157480315
11
6.1240354330708664
21
-2.9734467716535433
0
LINE
8
BLACK
6
CONTINUOUS
10
6.1240354330708664
20
-2.9734467716535433
11
6.126024566929134
21
-2.9730960236220474
0
LINE
8
BLACK
6
CONTINUOUS
10
6.126024566929134
20
-2.9730960236220474
11
6.1277737401574806
21
-2.9741059448818898
0
LINE
8
BLACK
6
CONTINUOUS
10
6.1277737401574806
20
-2.9741059448818898
11
6.128464566929134
21
-2.9760039370078739
0
LINE
8
BLACK
6
CONTINUOUS
10
6.128464566929134
20
-2.9760039370078739
11
6.128464566929134
21
-3.0130511811023619
0
LINE
8
BLACK
6
CONTINUOUS
10
6.128464566929134
20
-3.0130511811023619
11
6.1825590551181104
21
-3.0130511811023619
0
LINE
8
BLACK
6
CONTINUOUS
10
6.1825590551181104
20
-3.0130511811023619
11
6.1825590551181104
21
-2.9760039370078739
0
LINE
8
BLACK
6
CONTINUOUS
10
6.1825590551181104
20
-2.9760039370078739
11
6.1827371259842518
21
-2.9749940157480315
0
LINE
8
BLACK
6
CONTINUOUS
10
6.1827371259842518
20
-2.9749940157480315
11
6.184035433070866
21
-2.9734467716535433
0
LINE
8
BLACK
6
CONTINUOUS
10
6.184035433070866
20
-2.9734467716535433
11
6.1860245669291336
21
-2.9730960236220474
0
LINE
8
BLACK
6
CONTINUOUS
10
6.1860245669291336
20
-2.9730960236220474
11
6.1877737401574802
21
-2.9741059448818898
0
LINE
8
BLACK
6
CONTINUOUS
10
6.2877737401574798
20
-2.9741059448818898
11
6.2884645669291341
21
-2.9760039370078739
0
LINE
8
BLACK
6
CONTINUOUS
10
6.2884645669291341
20
-2.9760039370078739
11
6.2884645669291341
21
-3.0160039370078739
0
LINE
8
BLACK
6
CONTINUOUS
10
6.2884645669291341
20
-3.0160039370078739
11
6.2883969291338584
21
-3.0163874409448819
0
LINE
8
BLACK
6
CONTINUOUS
10
6.2883969291338584
20
-3.0163874409448819
11
6.2884197244094491
21
-3.016516692913386
0
LINE
8
BLACK
6
CONTINUOUS
10
6.2884197244094491
20
-3.016516692913386
11
6.2883540944881888
21
-3.016630275590551
0
LINE
8
BLACK
6
CONTINUOUS
10
6.2883540944881888
20
-3.016630275590551
11
6.2882864960629918
21
-3.0170138582677164
0
LINE
8
BLACK
6
CONTINUOUS
10
6.2882864960629918
20
-3.0170138582677164
11
6.2877933464566924
21
-3.0176015354330707
0
LINE
8
BLACK
6
CONTINUOUS
10
6.2877933464566924
20
-3.0176015354330707
11
6.2874098031496057
21
-3.0182658661417321
0
LINE
8
BLACK
6
CONTINUOUS
10
6.2874098031496057
20
-3.0182658661417321
11
6.2871594488188975
21
-3.0183569685039369
0
LINE
8
BLACK
6
CONTINUOUS
10
6.2871594488188975
20
-3.0183569685039369
11
6.2869881889763777
21
-3.0185611023622045
0
LINE
8
BLACK
6
CONTINUOUS
10
6.2869881889763777
20
-3.0185611023622045
11
6.2862325984251965
21
-3.0186943307086613
0
LINE
8
BLACK
6
CONTINUOUS
10
6.2862325984251965
20
-3.0186943307086613
11
6.2855118110236221
21
-3.018956692913386
0
LINE
8
BLACK
6
CONTINUOUS
10
6.2855118110236221
20
-3.018956692913386
11
6.2255118110236216
21
-3.018956692913386
0
LINE
8
BLACK
6
CONTINUOUS
10
6.2255118110236216
20
-3.018956692913386
11
6.2251282677165349
21
-3.0188890551181102
0
LINE
8
BLACK
6
CONTINUOUS
10
6.2251282677165349
20
-3.0188890551181102
11
6.2249990551181105
21
-3.0189118503937009
0
LINE
8
BLACK
6
CONTINUOUS
10
6.2249990551181105
20
-3.0189118503937009
11
6.2248854330708658
21
-3.0188462204724407
0
LINE
8
BLACK
6
CONTINUOUS
10
6.2248854330708658
20
-3.0188462204724407
11
6.2245018897637792
21
-3.0187786220472441
0
LINE
8
BLACK
6
CONTINUOUS
10
6.2245018897637792
20
-3.0187786220472441
11
6.2239141732283461
21
-3.0182854724409447
0
LINE
8
BLACK
6
CONTINUOUS
10
6.2239141732283461
20
-3.0182854724409447
11
6.2232498818897639
21
-3.017901929133858
0
LINE
8
BLACK
6
CONTINUOUS
10
6.2232498818897639
20
-3.017901929133858
11
6.2231587401574799
21
-3.0176515748031494
0
LINE
8
BLACK
6
CONTINUOUS
10
6.2231587401574799
20
-3.0176515748031494
11
6.222954645669291
21
-3.01748031496063
0
LINE
8
BLACK
6
CONTINUOUS
10
6.222954645669291
20
-3.01748031496063
11
6.2228213779527559
21
-3.0167247244094488
0
LINE
8
BLACK
6
CONTINUOUS
10
6.2228213779527559
20
-3.0167247244094488
11
6.2225590551181105
21
-3.0160039370078739
0
LINE
8
BLACK
6
CONTINUOUS
10
6.2225590551181105
20
-3.0160039370078739
11
6.2225590551181105
21
-2.9760039370078739
0
LINE
8
BLACK
6
CONTINUOUS
10
6.2225590551181105
20
-2.9760039370078739
11
6.2227371259842519
21
-2.9749940157480315
0
LINE
8
BLACK
6
CONTINUOUS
10
6.2227371259842519
20
-2.9749940157480315
11
6.224035433070866
21
-2.9734467716535433
0
LINE
8
BLACK
6
CONTINUOUS
10
6.224035433070866
20
-2.9734467716535433
11
6.2260245669291336
21
-2.9730960236220474
0
LINE
8
BLACK
6
CONTINUOUS
10
6.2260245669291336
20
-2.9730960236220474
11
6.2277737401574802
21
-2.9741059448818898
0
LINE
8
BLACK
6
CONTINUOUS
10
6.2277737401574802
20
-2.9741059448818898
11
6.2284645669291336
21
-2.9760039370078739
0
LINE
8
BLACK
6
CONTINUOUS
10
6.2284645669291336
20
-2.9760039370078739
11
6.2284645669291336
21
-3.0130511811023619
0
LINE
8
BLACK
6
CONTINUOUS
10
6.2284645669291336
20
-3.0130511811023619
11
6.2825590551181101
21
-3.0130511811023619
0
LINE
8
BLACK
6
CONTINUOUS
10
6.2825590551181101
20
-3.0130511811023619
11
6.2825590551181101
21
-2.9760039370078739
0
LINE
8
BLACK
6
CONTINUOUS
10
6.2825590551181101
20
-2.9760039370078739
11
6.2827371259842515
21
-2.9749940157480315
0
LINE
8
BLACK
6
CONTINUOUS
10
6.2827371259842515
20
-2.9749940157480315
11
6.2840354330708657
21
-2.9734467716535433
0
LINE
8
BLACK
6
CONTINUOUS
10
6.2840354330708657
20
-2.9734467716535433
11
6.2860245669291341
21
-2.9730960236220474
0
LINE
8
BLACK
6
CONTINUOUS
10
6.2860245669291341
20
-2.9730960236220474
11
6.2877737401574798
21
-2.9741059448818898
0
LINE
8
BLACK
6
CONTINUOUS
10
6.3877737401574803
20
-2.9741059448818898
11
6.3884645669291338
21
-2.9760039370078739
0
LINE
8
BLACK
6
CONTINUOUS
10
6.3884645669291338
20
-2.9760039370078739
11
6.3884645669291338
21
-3.0160039370078739
0
LINE
8
BLACK
6
CONTINUOUS
10
6.3884645669291338
20
-3.0160039370078739
11
6.388396929133858
21
-3.0163874409448819
0
LINE
8
BLACK
6
CONTINUOUS
10
6.388396929133858
20
-3.0163874409448819
11
6.3884197244094487
21
-3.016516692913386
0
LINE
8
BLACK
6
CONTINUOUS
10
6.3884197244094487
20
-3.016516692913386
11
6.3883540944881885
21
-3.016630275590551
0
LINE
8
BLACK
6
CONTINUOUS
10
6.3883540944881885
20
-3.016630275590551
11
6.3882864960629924
21
-3.0170138582677164
0
LINE
8
BLACK
6
CONTINUOUS
10
6.3882864960629924
20
-3.0170138582677164
11
6.3877933464566929
21
-3.0176015354330707
0
LINE
8
BLACK
6
CONTINUOUS
10
6.3877933464566929
20
-3.0176015354330707
11
6.3874098031496063
21
-3.0182658661417321
0
LINE
8
BLACK
6
CONTINUOUS
10
6.3874098031496063
20
-3.0182658661417321
11
6.3871594488188972
21
-3.0183569685039369
0
LINE
8
BLACK
6
CONTINUOUS
10
6.3871594488188972
20
-3.0183569685039369
11
6.3869881889763782
21
-3.0185611023622045
0
LINE
8
BLACK
6
CONTINUOUS
10
6.3869881889763782
20
-3.0185611023622045
11
6.3862325984251971
21
-3.0186943307086613
0
LINE
8
BLACK
6
CONTINUOUS
10
6.3862325984251971
20
-3.0186943307086613
11
6.3855118110236218
21
-3.018956692913386
0
LINE
8
BLACK
6
CONTINUOUS
10
6.3855118110236218
20
-3.018956692913386
11
6.3255118110236221
21
-3.018956692913386
0
LINE
8
BLACK
6
CONTINUOUS
10
6.3255118110236221
20
-3.018956692913386
11
6.3251282677165355
21
-3.0188890551181102
0
LINE
8
BLACK
6
CONTINUOUS
10
6.3251282677165355
20
-3.0188890551181102
11
6.3249990551181101
21
-3.0189118503937009
0
LINE
8
BLACK
6
CONTINUOUS
10
6.3249990551181101
20
-3.0189118503937009
11
6.3248854330708664
21
-3.0188462204724407
0
LINE
8
BLACK
6
CONTINUOUS
10
6.3248854330708664
20
-3.0188462204724407
11
6.3245018897637797
21
-3.0187786220472441
0
LINE
8
BLACK
6
CONTINUOUS
10
6.3245018897637797
20
-3.0187786220472441
11
6.3239141732283466
21
-3.0182854724409447
0
LINE
8
BLACK
6
CONTINUOUS
10
6.3239141732283466
20
-3.0182854724409447
11
6.3232498818897636
21
-3.017901929133858
0
LINE
8
BLACK
6
CONTINUOUS
10
6.3232498818897636
20
-3.017901929133858
11
6.3231587401574805
21
-3.0176515748031494
0
LINE
8
BLACK
6
CONTINUOUS
10
6.3231587401574805
20
-3.0176515748031494
11
6.3229546456692916
21
-3.01748031496063
0
LINE
8
BLACK
6
CONTINUOUS
10
6.3229546456692916
20
-3.01748031496063
11
6.3228213779527556
21
-3.0167247244094488
0
LINE
8
BLACK
6
CONTINUOUS
10
6.3228213779527556
20
-3.0167247244094488
11
6.3225590551181101
21
-3.0160039370078739
0
LINE
8
BLACK
6
CONTINUOUS
10
6.3225590551181101
20
-3.0160039370078739
11
6.3225590551181101
21
-2.9760039370078739
0
LINE
8
BLACK
6
CONTINUOUS
10
6.3225590551181101
20
-2.9760039370078739
11
6.3227371259842515
21
-2.9749940157480315
0
LINE
8
BLACK
6
CONTINUOUS
10
6.3227371259842515
20
-2.9749940157480315
11
6.3240354330708657
21
-2.9734467716535433
0
LINE
8
BLACK
6
CONTINUOUS
10
6.3240354330708657
20
-2.9734467716535433
11
6.3260245669291333
21
-2.9730960236220474
0
LINE
8
BLACK
6
CONTINUOUS
10
6.3260245669291333
20
-2.9730960236220474
11
6.3277737401574798
21
-2.9741059448818898
0
LINE
8
BLACK
6
CONTINUOUS
10
6.3277737401574798
20
-2.9741059448818898
11
6.3284645669291333
21
-2.9760039370078739
0
LINE
8
BLACK
6
CONTINUOUS
10
6.3284645669291333
20
-2.9760039370078739
11
6.3284645669291333
21
-3.0130511811023619
0
LINE
8
BLACK
6
CONTINUOUS
10
6.3284645669291333
20
-3.0130511811023619
11
6.3825590551181097
21
-3.0130511811023619
0
LINE
8
BLACK
6
CONTINUOUS
10
6.3825590551181097
20
-3.0130511811023619
11
6.3825590551181097
21
-2.9760039370078739
0
LINE
8
BLACK
6
CONTINUOUS
10
6.3825590551181097
20
-2.9760039370078739
11
6.382737125984252
21
-2.9749940157480315
0
LINE
8
BLACK
6
CONTINUOUS
10
6.382737125984252
20
-2.9749940157480315
11
6.3840354330708662
21
-2.9734467716535433
0
LINE
8
BLACK
6
CONTINUOUS
10
6.3840354330708662
20
-2.9734467716535433
11
6.3860245669291338
21
-2.9730960236220474
0
LINE
8
BLACK
6
CONTINUOUS
10
6.3860245669291338
20
-2.9730960236220474
11
6.3877737401574803
21
-2.9741059448818898
0
LINE
8
BLACK
6
CONTINUOUS
10
6.1809220472440947
20
-2.9749622047244095
11
6.1815517716535435
21
-2.9764824803149605
0
LINE
8
BLACK
6
CONTINUOUS
10
6.1815517716535435
20
-2.9764824803149605
11
6.1809220472440947
21
-2.9780027559055116
0
LINE
8
BLACK
6
CONTINUOUS
10
6.1809220472440947
20
-2.9780027559055116
11
6.1794017716535432
21
-2.9786324803149604
0
LINE
8
BLACK
6
CONTINUOUS
10
6.1794017716535432
20
-2.9786324803149604
11
6.1758454330708661
21
-2.9786324803149604
0
LINE
8
BLACK
6
CONTINUOUS
10
6.1758454330708661
20
-2.9786324803149604
11
6.1806917716535432
21
-2.982267244094488
0
LINE
8
BLACK
6
CONTINUOUS
10
6.1806917716535432
20
-2.982267244094488
11
6.1815301574803145
21
-2.9836831889763777
0
LINE
8
BLACK
6
CONTINUOUS
10
6.1815301574803145
20
-2.9836831889763777
11
6.1811217716535429
21
-2.9852772440944881
0
LINE
8
BLACK
6
CONTINUOUS
10
6.1811217716535429
20
-2.9852772440944881
11
6.1797058267716531
21
-2.9861156299212599
0
LINE
8
BLACK
6
CONTINUOUS
10
6.1797058267716531
20
-2.9861156299212599
11
6.1781117716535432
21
-2.9857072440944883
0
LINE
8
BLACK
6
CONTINUOUS
10
6.1781117716535432
20
-2.9857072440944883
11
6.1720987401574803
21
-2.9811974409448818
0
LINE
8
BLACK
6
CONTINUOUS
10
6.1720987401574803
20
-2.9811974409448818
11
6.1677887007874013
21
-2.9855075196850391
0
LINE
8
BLACK
6
CONTINUOUS
10
6.1677887007874013
20
-2.9855075196850391
11
6.1662684251968498
21
-2.986137244094488
0
LINE
8
BLACK
6
CONTINUOUS
10
6.1662684251968498
20
-2.986137244094488
11
6.1647481496062992
21
-2.9855075196850391
0
LINE
8
BLACK
6
CONTINUOUS
10
6.1647481496062992
20
-2.9855075196850391
11
6.1641184251968504
21
-2.9839872440944881
0
LINE
8
BLACK
6
CONTINUOUS
10
6.1641184251968504
20
-2.9839872440944881
11
6.1647481496062992
21
-2.9824669685039371
0
LINE
8
BLACK
6
CONTINUOUS
10
6.1647481496062992
20
-2.9824669685039371
11
6.168582637795275
21
-2.9786324803149604
0
LINE
8
BLACK
6
CONTINUOUS
10
6.168582637795275
20
-2.9786324803149604
11
6.1597017716535429
21
-2.9786324803149604
0
LINE
8
BLACK
6
CONTINUOUS
10
6.1597017716535429
20
-2.9786324803149604
11
6.1581814960629924
21
-2.9780027559055116
0
LINE
8
BLACK
6
CONTINUOUS
10
6.1581814960629924
20
-2.9780027559055116
11
6.1575517716535435
21
-2.9764824803149605
0
LINE
8
BLACK
6
CONTINUOUS
10
6.1575517716535435
20
-2.9764824803149605
11
6.1581814960629924
21
-2.9749622047244095
0
LINE
8
BLACK
6
CONTINUOUS
10
6.1581814960629924
20
-2.9749622047244095
11
6.1597017716535429
21
-2.9743324803149607
0
LINE
8
BLACK
6
CONTINUOUS
10
6.1597017716535429
20
-2.9743324803149607
11
6.1794017716535432
21
-2.9743324803149607
0
LINE
8
BLACK
6
CONTINUOUS
10
6.1794017716535432
20
-2.9743324803149607
11
6.1809220472440947
21
-2.9749622047244095
0
LINE
8
BLACK
6
CONTINUOUS
10
6.380922047244094
20
-2.9749622047244095
11
6.3815517716535428
21
-2.9764824803149605
0
LINE
8
BLACK
6
CONTINUOUS
10
6.3815517716535428
20
-2.9764824803149605
11
6.380922047244094
21
-2.9780027559055116
0
LINE
8
BLACK
6
CONTINUOUS
10
6.380922047244094
20
-2.9780027559055116
11
6.3794017716535434
21
-2.9786324803149604
0
LINE
8
BLACK
6
CONTINUOUS
10
6.3794017716535434
20
-2.9786324803149604
11
6.3758454330708663
21
-2.9786324803149604
0
LINE
8
BLACK
6
CONTINUOUS
10
6.3758454330708663
20
-2.9786324803149604
11
6.3806917716535434
21
-2.982267244094488
0
LINE
8
BLACK
6
CONTINUOUS
10
6.3806917716535434
20
-2.982267244094488
11
6.3815301574803147
21
-2.9836831889763777
0
LINE
8
BLACK
6
CONTINUOUS
10
6.3815301574803147
20
-2.9836831889763777
11
6.3811217716535431
21
-2.9852772440944881
0
LINE
8
BLACK
6
CONTINUOUS
10
6.3811217716535431
20
-2.9852772440944881
11
6.3797058267716533
21
-2.9861156299212599
0
LINE
8
BLACK
6
CONTINUOUS
10
6.3797058267716533
20
-2.9861156299212599
11
6.3781117716535434
21
-2.9857072440944883
0
LINE
8
BLACK
6
CONTINUOUS
10
6.3781117716535434
20
-2.9857072440944883
11
6.3720987401574805
21
-2.9811974409448818
0
LINE
8
BLACK
6
CONTINUOUS
10
6.3720987401574805
20
-2.9811974409448818
11
6.3677887007874014
21
-2.9855075196850391
0
LINE
8
BLACK
6
CONTINUOUS
10
6.3677887007874014
20
-2.9855075196850391
11
6.36626842519685
21
-2.986137244094488
0
LINE
8
BLACK
6
CONTINUOUS
10
6.36626842519685
20
-2.986137244094488
11
6.3647481496062994
21
-2.9855075196850391
0
LINE
8
BLACK
6
CONTINUOUS
10
6.3647481496062994
20
-2.9855075196850391
11
6.3641184251968506
21
-2.9839872440944881
0
LINE
8
BLACK
6
CONTINUOUS
10
6.3641184251968506
20
-2.9839872440944881
11
6.3647481496062994
21
-2.9824669685039371
0
LINE
8
BLACK
6
CONTINUOUS
10
6.3647481496062994
20
-2.9824669685039371
11
6.3685826377952752
21
-2.9786324803149604
0
LINE
8
BLACK
6
CONTINUOUS
10
6.3685826377952752
20
-2.9786324803149604
11
6.3597017716535431
21
-2.9786324803149604
0
LINE
8
BLACK
6
CONTINUOUS
10
6.3597017716535431
20
-2.9786324803149604
11
6.3581814960629917
21
-2.9780027559055116
0
LINE
8
BLACK
6
CONTINUOUS
10
6.3581814960629917
20
-2.9780027559055116
11
6.3575517716535428
21
-2.9764824803149605
0
LINE
8
BLACK
6
CONTINUOUS
10
6.3575517716535428
20
-2.9764824803149605
11
6.3581814960629917
21
-2.9749622047244095
0
LINE
8
BLACK
6
CONTINUOUS
10
6.3581814960629917
20
-2.9749622047244095
11
6.3597017716535431
21
-2.9743324803149607
0
LINE
8
BLACK
6
CONTINUOUS
10
6.3597017716535431
20
-2.9743324803149607
11
6.3794017716535434
21
-2.9743324803149607
0
LINE
8
BLACK
6
CONTINUOUS
10
6.3794017716535434
20
-2.9743324803149607
11
6.380922047244094
21
-2.9749622047244095
0
LINE
8
BLACK
6
CONTINUOUS
10
6.0509220472440948
20
-2.9649622047244093
11
6.0515517716535427
21
-2.9664824803149608
0
LINE
8
BLACK
6
CONTINUOUS
10
6.0515517716535427
20
-2.9664824803149608
11
6.0509220472440948
21
-2.9680027559055118
0
LINE
8
BLACK
6
CONTINUOUS
10
6.0509220472440948
20
-2.9680027559055118
11
6.0494017716535433
21
-2.9686324803149606
0
LINE
8
BLACK
6
CONTINUOUS
10
6.0494017716535433
20
-2.9686324803149606
11
6.0458454330708662
21
-2.9686324803149606
0
LINE
8
BLACK
6
CONTINUOUS
10
6.0458454330708662
20
-2.9686324803149606
11
6.0506917716535433
21
-2.9722672440944882
0
LINE
8
BLACK
6
CONTINUOUS
10
6.0506917716535433
20
-2.9722672440944882
11
6.0515301574803146
21
-2.973683188976378
0
LINE
8
BLACK
6
CONTINUOUS
10
6.0515301574803146
20
-2.973683188976378
11
6.051121771653543
21
-2.9752772440944879
0
LINE
8
BLACK
6
CONTINUOUS
10
6.051121771653543
20
-2.9752772440944879
11
6.0497058267716532
21
-2.9761156299212597
0
LINE
8
BLACK
6
CONTINUOUS
10
6.0497058267716532
20
-2.9761156299212597
11
6.0481117716535433
21
-2.9757072440944881
0
LINE
8
BLACK
6
CONTINUOUS
10
6.0481117716535433
20
-2.9757072440944881
11
6.0420987401574804
21
-2.971197440944882
0
LINE
8
BLACK
6
CONTINUOUS
10
6.0420987401574804
20
-2.971197440944882
11
6.0377887007874014
21
-2.9755075196850393
0
LINE
8
BLACK
6
CONTINUOUS
10
6.0377887007874014
20
-2.9755075196850393
11
6.0362684251968499
21
-2.9761372440944882
0
LINE
8
BLACK
6
CONTINUOUS
10
6.0362684251968499
20
-2.9761372440944882
11
6.0347481496062994
21
-2.9755075196850393
0
LINE
8
BLACK
6
CONTINUOUS
10
6.0347481496062994
20
-2.9755075196850393
11
6.0341184251968505
21
-2.9739872440944883
0
LINE
8
BLACK
6
CONTINUOUS
10
6.0341184251968505
20
-2.9739872440944883
11
6.0347481496062994
21
-2.9724669685039369
0
LINE
8
BLACK
6
CONTINUOUS
10
6.0347481496062994
20
-2.9724669685039369
11
6.0385826377952752
21
-2.9686324803149606
0
LINE
8
BLACK
6
CONTINUOUS
10
6.0385826377952752
20
-2.9686324803149606
11
6.029701771653543
21
-2.9686324803149606
0
LINE
8
BLACK
6
CONTINUOUS
10
6.029701771653543
20
-2.9686324803149606
11
6.0281814960629916
21
-2.9680027559055118
0
LINE
8
BLACK
6
CONTINUOUS
10
6.0281814960629916
20
-2.9680027559055118
11
6.0275517716535436
21
-2.9664824803149608
0
LINE
8
BLACK
6
CONTINUOUS
10
6.0275517716535436
20
-2.9664824803149608
11
6.0281814960629916
21
-2.9649622047244093
0
LINE
8
BLACK
6
CONTINUOUS
10
6.0281814960629916
20
-2.9649622047244093
11
6.029701771653543
21
-2.9643324803149604
0
LINE
8
BLACK
6
CONTINUOUS
10
6.029701771653543
20
-2.9643324803149604
11
6.0494017716535433
21
-2.9643324803149604
0
LINE
8
BLACK
6
CONTINUOUS
10
6.0494017716535433
20
-2.9643324803149604
11
6.0509220472440948
21
-2.9649622047244093
0
LINE
8
BLACK
6
CONTINUOUS
10
6.2509220472440941
20
-2.9649622047244093
11
6.2515517716535429
21
-2.9664824803149608
0
LINE
8
BLACK
6
CONTINUOUS
10
6.2515517716535429
20
-2.9664824803149608
11
6.2509220472440941
21
-2.9680027559055118
0
LINE
8
BLACK
6
CONTINUOUS
10
6.2509220472440941
20
-2.9680027559055118
11
6.2494017716535435
21
-2.9686324803149606
0
LINE
8
BLACK
6
CONTINUOUS
10
6.2494017716535435
20
-2.9686324803149606
11
6.2458454330708664
21
-2.9686324803149606
0
LINE
8
BLACK
6
CONTINUOUS
10
6.2458454330708664
20
-2.9686324803149606
11
6.2506917716535435
21
-2.9722672440944882
0
LINE
8
BLACK
6
CONTINUOUS
10
6.2506917716535435
20
-2.9722672440944882
11
6.2515301574803148
21
-2.973683188976378
0
LINE
8
BLACK
6
CONTINUOUS
10
6.2515301574803148
20
-2.973683188976378
11
6.2511217716535432
21
-2.9752772440944879
0
LINE
8
BLACK
6
CONTINUOUS
10
6.2511217716535432
20
-2.9752772440944879
11
6.2497058267716534
21
-2.9761156299212597
0
LINE
8
BLACK
6
CONTINUOUS
10
6.2497058267716534
20
-2.9761156299212597
11
6.2481117716535435
21
-2.9757072440944881
0
LINE
8
BLACK
6
CONTINUOUS
10
6.2481117716535435
20
-2.9757072440944881
11
6.2420987401574806
21
-2.971197440944882
0
LINE
8
BLACK
6
CONTINUOUS
10
6.2420987401574806
20
-2.971197440944882
11
6.2377887007874016
21
-2.9755075196850393
0
LINE
8
BLACK
6
CONTINUOUS
10
6.2377887007874016
20
-2.9755075196850393
11
6.2362684251968501
21
-2.9761372440944882
0
LINE
8
BLACK
6
CONTINUOUS
10
6.2362684251968501
20
-2.9761372440944882
11
6.2347481496062986
21
-2.9755075196850393
0
LINE
8
BLACK
6
CONTINUOUS
10
6.2347481496062986
20
-2.9755075196850393
11
6.2341184251968507
21
-2.9739872440944883
0
LINE
8
BLACK
6
CONTINUOUS
10
6.2341184251968507
20
-2.9739872440944883
11
6.2347481496062986
21
-2.9724669685039369
0
LINE
8
BLACK
6
CONTINUOUS
10
6.2347481496062986
20
-2.9724669685039369
11
6.2385826377952753
21
-2.9686324803149606
0
LINE
8
BLACK
6
CONTINUOUS
10
6.2385826377952753
20
-2.9686324803149606
11
6.2297017716535432
21
-2.9686324803149606
0
LINE
8
BLACK
6
CONTINUOUS
10
6.2297017716535432
20
-2.9686324803149606
11
6.2281814960629918
21
-2.9680027559055118
0
LINE
8
BLACK
6
CONTINUOUS
10
6.2281814960629918
20
-2.9680027559055118
11
6.2275517716535429
21
-2.9664824803149608
0
LINE
8
BLACK
6
CONTINUOUS
10
6.2275517716535429
20
-2.9664824803149608
11
6.2281814960629918
21
-2.9649622047244093
0
LINE
8
BLACK
6
CONTINUOUS
10
6.2281814960629918
20
-2.9649622047244093
11
6.2297017716535432
21
-2.9643324803149604
0
LINE
8
BLACK
6
CONTINUOUS
10
6.2297017716535432
20
-2.9643324803149604
11
6.2494017716535435
21
-2.9643324803149604
0
LINE
8
BLACK
6
CONTINUOUS
10
6.2494017716535435
20
-2.9643324803149604
11
6.2509220472440941
21
-2.9649622047244093
0
LINE
8
BLACK
6
CONTINUOUS
10
6.145797519685039
20
-2.9582668897637796
11
6.1462966141732283
21
-2.9583023622047242
0
LINE
8
BLACK
6
CONTINUOUS
10
6.1462966141732283
20
-2.9583023622047242
11
6.1465284251968502
21
-2.9585696062992124
0
LINE
8
BLACK
6
CONTINUOUS
10
6.1465284251968502
20
-2.9585696062992124
11
6.146855393700787
21
-2.9587050787401572
0
LINE
8
BLACK
6
CONTINUOUS
10
6.146855393700787
20
-2.9587050787401572
11
6.1470468897637796
21
-2.9591674409448818
0
LINE
8
BLACK
6
CONTINUOUS
10
6.1470468897637796
20
-2.9591674409448818
11
6.1473747637795277
21
-2.9595454724409449
0
LINE
8
BLACK
6
CONTINUOUS
10
6.1473747637795277
20
-2.9595454724409449
11
6.1473496456692915
21
-2.959898346456693
0
LINE
8
BLACK
6
CONTINUOUS
10
6.1473496456692915
20
-2.959898346456693
11
6.1474851181102359
21
-2.9602253543307087
0
LINE
8
BLACK
6
CONTINUOUS
10
6.1474851181102359
20
-2.9602253543307087
11
6.1474851181102359
21
-2.9674562992125986
0
LINE
8
BLACK
6
CONTINUOUS
10
6.1474851181102359
20
-2.9674562992125986
11
6.1519017716535433
21
-2.9674562992125986
0
LINE
8
BLACK
6
CONTINUOUS
10
6.1519017716535433
20
-2.9674562992125986
11
6.1534220472440939
21
-2.968086023622047
0
LINE
8
BLACK
6
CONTINUOUS
10
6.1534220472440939
20
-2.968086023622047
11
6.1540517716535428
21
-2.9696062992125984
0
LINE
8
BLACK
6
CONTINUOUS
10
6.1540517716535428
20
-2.9696062992125984
11
6.1534220472440939
21
-2.9711265748031495
0
LINE
8
BLACK
6
CONTINUOUS
10
6.1534220472440939
20
-2.9711265748031495
11
6.1519017716535433
21
-2.9717562992125983
0
LINE
8
BLACK
6
CONTINUOUS
10
6.1519017716535433
20
-2.9717562992125983
11
6.1474851181102359
21
-2.9717562992125983
0
LINE
8
BLACK
6
CONTINUOUS
10
6.1474851181102359
20
-2.9717562992125983
11
6.1474851181102359
21
-2.9724205905511809
0
LINE
8
BLACK
6
CONTINUOUS
10
6.1474851181102359
20
-2.9724205905511809
11
6.146855393700787
21
-2.9739408661417324
0
LINE
8
BLACK
6
CONTINUOUS
10
6.146855393700787
20
-2.9739408661417324
11
6.1453351181102365
21
-2.9745705905511812
0
LINE
8
BLACK
6
CONTINUOUS
10
6.1453351181102365
20
-2.9745705905511812
11
6.143814842519685
21
-2.9739408661417324
0
LINE
8
BLACK
6
CONTINUOUS
10
6.143814842519685
20
-2.9739408661417324
11
6.1431851181102362
21
-2.9724205905511809
0
LINE
8
BLACK
6
CONTINUOUS
10
6.1431851181102362
20
-2.9724205905511809
11
6.1431851181102362
21
-2.9717562992125983
0
LINE
8
BLACK
6
CONTINUOUS
10
6.1431851181102362
20
-2.9717562992125983
11
6.13876842519685
21
-2.9717562992125983
0
LINE
8
BLACK
6
CONTINUOUS
10
6.13876842519685
20
-2.9717562992125983
11
6.1372481496062994
21
-2.9711265748031495
0
LINE
8
BLACK
6
CONTINUOUS
10
6.1372481496062994
20
-2.9711265748031495
11
6.1366184251968505
21
-2.9696062992125984
0
LINE
8
BLACK
6
CONTINUOUS
10
6.1366184251968505
20
-2.9696062992125984
11
6.1372481496062994
21
-2.968086023622047
0
LINE
8
BLACK
6
CONTINUOUS
10
6.1372481496062994
20
-2.968086023622047
11
6.13876842519685
21
-2.9674562992125986
0
LINE
8
BLACK
6
CONTINUOUS
10
6.13876842519685
20
-2.9674562992125986
11
6.1431851181102362
21
-2.9674562992125986
0
LINE
8
BLACK
6
CONTINUOUS
10
6.1431851181102362
20
-2.9674562992125986
11
6.1431851181102362
21
-2.9632083070866142
0
LINE
8
BLACK
6
CONTINUOUS
10
6.1431851181102362
20
-2.9632083070866142
11
6.1319435826771649
21
-2.9669555118110233
0
LINE
8
BLACK
6
CONTINUOUS
10
6.1319435826771649
20
-2.9669555118110233
11
6.1303022047244093
21
-2.9668388582677165
0
LINE
8
BLACK
6
CONTINUOUS
10
6.1303022047244093
20
-2.9668388582677165
11
6.1292240157480311
21
-2.9655957086614171
0
LINE
8
BLACK
6
CONTINUOUS
10
6.1292240157480311
20
-2.9655957086614171
11
6.1293406692913388
21
-2.9639543307086615
0
LINE
8
BLACK
6
CONTINUOUS
10
6.1293406692913388
20
-2.9639543307086615
11
6.1305838188976374
21
-2.9628761417322833
0
LINE
8
BLACK
6
CONTINUOUS
10
6.1305838188976374
20
-2.9628761417322833
11
6.144655196850394
21
-2.9581857086614174
0
LINE
8
BLACK
6
CONTINUOUS
10
6.144655196850394
20
-2.9581857086614174
11
6.14500811023622
21
-2.9582107874015748
0
LINE
8
BLACK
6
CONTINUOUS
10
6.14500811023622
20
-2.9582107874015748
11
6.1453351181102365
21
-2.9580753543307088
0
LINE
8
BLACK
6
CONTINUOUS
10
6.1453351181102365
20
-2.9580753543307088
11
6.145797519685039
21
-2.9582668897637796
0
LINE
8
BLACK
6
CONTINUOUS
10
6.076545866141732
20
-2.9587050787401572
11
6.0774839763779527
21
-2.9596431889763779
0
LINE
8
BLACK
6
CONTINUOUS
10
6.0774839763779527
20
-2.9596431889763779
11
6.0776193700787404
21
-2.9599700787401573
0
LINE
8
BLACK
6
CONTINUOUS
10
6.0776193700787404
20
-2.9599700787401573
11
6.0778867322834644
21
-2.9602019685039371
0
LINE
8
BLACK
6
CONTINUOUS
10
6.0778867322834644
20
-2.9602019685039371
11
6.0788248031496064
21
-2.9620781496062993
0
LINE
8
BLACK
6
CONTINUOUS
10
6.0788248031496064
20
-2.9620781496062993
11
6.0788602362204722
21
-2.9625772834645669
0
LINE
8
BLACK
6
CONTINUOUS
10
6.0788602362204722
20
-2.9625772834645669
11
6.0790517716535435
21
-2.9630396456692911
0
LINE
8
BLACK
6
CONTINUOUS
10
6.0790517716535435
20
-2.9630396456692911
11
6.0790517716535435
21
-2.9677301181102362
0
LINE
8
BLACK
6
CONTINUOUS
10
6.0790517716535435
20
-2.9677301181102362
11
6.0788602362204722
21
-2.9681924409448817
0
LINE
8
BLACK
6
CONTINUOUS
10
6.0788602362204722
20
-2.9681924409448817
11
6.0788248031496064
21
-2.9686916141732285
0
LINE
8
BLACK
6
CONTINUOUS
10
6.0788248031496064
20
-2.9686916141732285
11
6.0778867322834644
21
-2.9705677952755907
0
LINE
8
BLACK
6
CONTINUOUS
10
6.0778867322834644
20
-2.9705677952755907
11
6.0776193700787404
21
-2.9707996456692913
0
LINE
8
BLACK
6
CONTINUOUS
10
6.0776193700787404
20
-2.9707996456692913
11
6.0774839763779527
21
-2.9711265748031495
0
LINE
8
BLACK
6
CONTINUOUS
10
6.0774839763779527
20
-2.9711265748031495
11
6.076545866141732
21
-2.9720646850393702
0
LINE
8
BLACK
6
CONTINUOUS
10
6.076545866141732
20
-2.9720646850393702
11
6.0762189370078739
21
-2.9722000787401575
0
LINE
8
BLACK
6
CONTINUOUS
10
6.0762189370078739
20
-2.9722000787401575
11
6.0759870866141732
21
-2.9724674409448819
0
LINE
8
BLACK
6
CONTINUOUS
10
6.0759870866141732
20
-2.9724674409448819
11
6.0741109055118105
21
-2.9734055118110234
0
LINE
8
BLACK
6
CONTINUOUS
10
6.0741109055118105
20
-2.9734055118110234
11
6.0736117322834646
21
-2.9734409448818897
0
LINE
8
BLACK
6
CONTINUOUS
10
6.0736117322834646
20
-2.9734409448818897
11
6.0731494094488188
21
-2.9736324803149605
0
LINE
8
BLACK
6
CONTINUOUS
10
6.0731494094488188
20
-2.9736324803149605
11
6.0684589370078736
21
-2.9736324803149605
0
LINE
8
BLACK
6
CONTINUOUS
10
6.0684589370078736
20
-2.9736324803149605
11
6.0679965748031499
21
-2.9734409448818897
0
LINE
8
BLACK
6
CONTINUOUS
10
6.0679965748031499
20
-2.9734409448818897
11
6.0674974803149606
21
-2.9734055118110234
0
LINE
8
BLACK
6
CONTINUOUS
10
6.0674974803149606
20
-2.9734055118110234
11
6.0656212204724405
21
-2.9724674409448819
0
LINE
8
BLACK
6
CONTINUOUS
10
6.0656212204724405
20
-2.9724674409448819
11
6.065389330708661
21
-2.9722000393700787
0
LINE
8
BLACK
6
CONTINUOUS
10
6.065389330708661
20
-2.9722000393700787
11
6.0650624015748029
21
-2.9720646456692914
0
LINE
8
BLACK
6
CONTINUOUS
10
6.0650624015748029
20
-2.9720646456692914
11
6.064124330708661
21
-2.9711265354330707
0
LINE
8
BLACK
6
CONTINUOUS
10
6.064124330708661
20
-2.9711265354330707
11
6.0639889370078741
21
-2.9707996456692913
0
LINE
8
BLACK
6
CONTINUOUS
10
6.0639889370078741
20
-2.9707996456692913
11
6.063721614173228
21
-2.9705678346456694
0
LINE
8
BLACK
6
CONTINUOUS
10
6.063721614173228
20
-2.9705678346456694
11
6.0627835433070869
21
-2.9686916535433072
0
LINE
8
BLACK
6
CONTINUOUS
10
6.0627835433070869
20
-2.9686916535433072
11
6.0627480314960627
21
-2.9681924803149604
0
LINE
8
BLACK
6
CONTINUOUS
10
6.0627480314960627
20
-2.9681924803149604
11
6.062556535433071
21
-2.9677301181102362
0
LINE
8
BLACK
6
CONTINUOUS
10
6.062556535433071
20
-2.9677301181102362
11
6.062556535433071
21
-2.9630396456692911
0
LINE
8
BLACK
6
CONTINUOUS
10
6.062556535433071
20
-2.9630396456692911
11
6.0626649606299212
21
-2.962777834645669
0
LINE
8
BLACK
6
CONTINUOUS
10
6.0626649606299212
20
-2.962777834645669
11
6.0593517716535432
21
-2.9631091732283465
0
LINE
8
BLACK
6
CONTINUOUS
10
6.0593517716535432
20
-2.9631091732283465
11
6.0593517716535432
21
-2.9705444094488187
0
LINE
8
BLACK
6
CONTINUOUS
10
6.0593517716535432
20
-2.9705444094488187
11
6.0587220472440944
21
-2.9720646850393702
0
LINE
8
BLACK
6
CONTINUOUS
10
6.0587220472440944
20
-2.9720646850393702
11
6.0572017716535429
21
-2.972694409448819
0
LINE
8
BLACK
6
CONTINUOUS
10
6.0572017716535429
20
-2.972694409448819
11
6.0556814960629923
21
-2.9720646850393702
0
LINE
8
BLACK
6
CONTINUOUS
10
6.0556814960629923
20
-2.9720646850393702
11
6.0550517716535435
21
-2.9705444094488187
0
LINE
8
BLACK
6
CONTINUOUS
10
6.0550517716535435
20
-2.9705444094488187
11
6.0550517716535435
21
-2.9611634645669289
0
LINE
8
BLACK
6
CONTINUOUS
10
6.0550517716535435
20
-2.9611634645669289
11
6.055328661417323
21
-2.9604948818897636
0
LINE
8
BLACK
6
CONTINUOUS
10
6.055328661417323
20
-2.9604948818897636
11
6.0555377559055117
21
-2.9598020078740155
0
LINE
8
BLACK
6
CONTINUOUS
10
6.0555377559055117
20
-2.9598020078740155
11
6.0556379527559052
21
-2.9597482283464567
0
LINE
8
BLACK
6
CONTINUOUS
10
6.0556379527559052
20
-2.9597482283464567
11
6.0556814960629923
21
-2.9596431889763779
0
LINE
8
BLACK
6
CONTINUOUS
10
6.0556814960629923
20
-2.9596431889763779
11
6.0563500393700789
21
-2.9593662204724409
0
LINE
8
BLACK
6
CONTINUOUS
10
6.0563500393700789
20
-2.9593662204724409
11
6.0569878346456694
21
-2.9590241338582675
0
LINE
8
BLACK
6
CONTINUOUS
10
6.0569878346456694
20
-2.9590241338582675
11
6.0663687795275587
21
-2.9580860236220472
0
LINE
8
BLACK
6
CONTINUOUS
10
6.0663687795275587
20
-2.9580860236220472
11
6.0664775984251964
21
-2.9581188582677163
0
LINE
8
BLACK
6
CONTINUOUS
10
6.0664775984251964
20
-2.9581188582677163
11
6.0665826771653544
21
-2.9580753543307088
0
LINE
8
BLACK
6
CONTINUOUS
10
6.0665826771653544
20
-2.9580753543307088
11
6.0672512598425197
21
-2.958352283464567
0
LINE
8
BLACK
6
CONTINUOUS
10
6.0672512598425197
20
-2.958352283464567
11
6.0679441732283461
21
-2.958561338582677
0
LINE
8
BLACK
6
CONTINUOUS
10
6.0679441732283461
20
-2.958561338582677
11
6.0679979133858266
21
-2.958661535433071
0
LINE
8
BLACK
6
CONTINUOUS
10
6.0679979133858266
20
-2.958661535433071
11
6.0681029527559049
21
-2.9587050393700789
0
LINE
8
BLACK
6
CONTINUOUS
10
6.0681029527559049
20
-2.9587050393700789
11
6.0683798818897641
21
-2.9593735826771654
0
LINE
8
BLACK
6
CONTINUOUS
10
6.0683798818897641
20
-2.9593735826771654
11
6.0687220472440941
21
-2.9600114173228347
0
LINE
8
BLACK
6
CONTINUOUS
10
6.0687220472440941
20
-2.9600114173228347
11
6.0686891732283463
21
-2.9601202362204724
0
LINE
8
BLACK
6
CONTINUOUS
10
6.0686891732283463
20
-2.9601202362204724
11
6.0687327165354326
21
-2.9602253149606299
0
LINE
8
BLACK
6
CONTINUOUS
10
6.0687327165354326
20
-2.9602253149606299
11
6.0684556692913381
21
-2.960894094488189
0
LINE
8
BLACK
6
CONTINUOUS
10
6.0684556692913381
20
-2.960894094488189
11
6.0682466929133856
21
-2.9615868110236221
0
LINE
8
BLACK
6
CONTINUOUS
10
6.0682466929133856
20
-2.9615868110236221
11
6.0681465354330708
21
-2.9616405118110234
0
LINE
8
BLACK
6
CONTINUOUS
10
6.0681465354330708
20
-2.9616405118110234
11
6.0681030314960624
21
-2.9617455905511809
0
LINE
8
BLACK
6
CONTINUOUS
10
6.0681030314960624
20
-2.9617455905511809
11
6.0674116141732286
21
-2.9624370078740156
0
LINE
8
BLACK
6
CONTINUOUS
10
6.0674116141732286
20
-2.9624370078740156
11
6.0668565354330708
21
-2.9635471653543308
0
LINE
8
BLACK
6
CONTINUOUS
10
6.0668565354330708
20
-2.9635471653543308
11
6.0668565354330708
21
-2.9672225590551182
0
LINE
8
BLACK
6
CONTINUOUS
10
6.0668565354330708
20
-2.9672225590551182
11
6.0674116141732286
21
-2.968332716535433
0
LINE
8
BLACK
6
CONTINUOUS
10
6.0674116141732286
20
-2.968332716535433
11
6.0678562598425199
21
-2.9687773622047242
0
LINE
8
BLACK
6
CONTINUOUS
10
6.0678562598425199
20
-2.9687773622047242
11
6.0689664960629921
21
-2.9693324803149608
0
LINE
8
BLACK
6
CONTINUOUS
10
6.0689664960629921
20
-2.9693324803149608
11
6.0726418503937003
21
-2.9693324803149608
0
LINE
8
BLACK
6
CONTINUOUS
10
6.0726418503937003
20
-2.9693324803149608
11
6.0737520472440947
21
-2.9687773622047242
0
LINE
8
BLACK
6
CONTINUOUS
10
6.0737520472440947
20
-2.9687773622047242
11
6.0741966535433072
21
-2.9683327559055117
0
LINE
8
BLACK
6
CONTINUOUS
10
6.0741966535433072
20
-2.9683327559055117
11
6.0747517716535429
21
-2.9672225590551182
0
LINE
8
BLACK
6
CONTINUOUS
10
6.0747517716535429
20
-2.9672225590551182
11
6.0747517716535429
21
-2.9635471653543308
0
LINE
8
BLACK
6
CONTINUOUS
10
6.0747517716535429
20
-2.9635471653543308
11
6.0741966535433072
21
-2.9624369685039369
0
LINE
8
BLACK
6
CONTINUOUS
10
6.0741966535433072
20
-2.9624369685039369
11
6.07350531496063
21
-2.9617456299212597
0
LINE
8
BLACK
6
CONTINUOUS
10
6.07350531496063
20
-2.9617456299212597
11
6.0728755905511811
21
-2.9602253543307087
0
LINE
8
BLACK
6
CONTINUOUS
10
6.0728755905511811
20
-2.9602253543307087
11
6.07350531496063
21
-2.9587050787401572
0
LINE
8
BLACK
6
CONTINUOUS
10
6.07350531496063
20
-2.9587050787401572
11
6.0750255905511805
21
-2.9580753543307088
0
LINE
8
BLACK
6
CONTINUOUS
10
6.0750255905511805
20
-2.9580753543307088
11
6.076545866141732
21
-2.9587050787401572
0
LINE
8
BLACK
6
CONTINUOUS
10
6.2784220472440939
20
-2.9577669685039369
11
6.2790517716535428
21
-2.959287244094488
0
LINE
8
BLACK
6
CONTINUOUS
10
6.2790517716535428
20
-2.959287244094488
11
6.2790517716535428
21
-2.9714824803149607
0
LINE
8
BLACK
6
CONTINUOUS
10
6.2790517716535428
20
-2.9714824803149607
11
6.2784220472440939
21
-2.9730027559055117
0
LINE
8
BLACK
6
CONTINUOUS
10
6.2784220472440939
20
-2.9730027559055117
11
6.2769017716535433
21
-2.9736324803149605
0
LINE
8
BLACK
6
CONTINUOUS
10
6.2769017716535433
20
-2.9736324803149605
11
6.2753814960629919
21
-2.9730027559055117
0
LINE
8
BLACK
6
CONTINUOUS
10
6.2753814960629919
20
-2.9730027559055117
11
6.274751771653543
21
-2.9714824803149607
0
LINE
8
BLACK
6
CONTINUOUS
10
6.274751771653543
20
-2.9714824803149607
11
6.274751771653543
21
-2.9644777952755903
0
LINE
8
BLACK
6
CONTINUOUS
10
6.274751771653543
20
-2.9644777952755903
11
6.2671649212598428
21
-2.9720646850393702
0
LINE
8
BLACK
6
CONTINUOUS
10
6.2671649212598428
20
-2.9720646850393702
11
6.2667025590551182
21
-2.9722561811023622
0
LINE
8
BLACK
6
CONTINUOUS
10
6.2667025590551182
20
-2.9722561811023622
11
6.2663244881889764
21
-2.9725840944881887
0
LINE
8
BLACK
6
CONTINUOUS
10
6.2663244881889764
20
-2.9725840944881887
11
6.2635102362204726
21
-2.9735221653543307
0
LINE
8
BLACK
6
CONTINUOUS
10
6.2635102362204726
20
-2.9735221653543307
11
6.2631572440944883
21
-2.9734970472440945
0
LINE
8
BLACK
6
CONTINUOUS
10
6.2631572440944883
20
-2.9734970472440945
11
6.2628303543307089
21
-2.9736324803149605
0
LINE
8
BLACK
6
CONTINUOUS
10
6.2628303543307089
20
-2.9736324803149605
11
6.2609541732283462
21
-2.9736324803149605
0
LINE
8
BLACK
6
CONTINUOUS
10
6.2609541732283462
20
-2.9736324803149605
11
6.2604918110236216
21
-2.9734409448818897
0
LINE
8
BLACK
6
CONTINUOUS
10
6.2604918110236216
20
-2.9734409448818897
11
6.2599927165354332
21
-2.9734055118110234
0
LINE
8
BLACK
6
CONTINUOUS
10
6.2599927165354332
20
-2.9734055118110234
11
6.2581164566929131
21
-2.9724674409448819
0
LINE
8
BLACK
6
CONTINUOUS
10
6.2581164566929131
20
-2.9724674409448819
11
6.2578845669291336
21
-2.9722000393700787
0
LINE
8
BLACK
6
CONTINUOUS
10
6.2578845669291336
20
-2.9722000393700787
11
6.2575576377952755
21
-2.9720646456692914
0
LINE
8
BLACK
6
CONTINUOUS
10
6.2575576377952755
20
-2.9720646456692914
11
6.2566195669291336
21
-2.9711265354330707
0
LINE
8
BLACK
6
CONTINUOUS
10
6.2566195669291336
20
-2.9711265354330707
11
6.2564841732283467
21
-2.9707996456692913
0
LINE
8
BLACK
6
CONTINUOUS
10
6.2564841732283467
20
-2.9707996456692913
11
6.2562168503937006
21
-2.9705678346456694
0
LINE
8
BLACK
6
CONTINUOUS
10
6.2562168503937006
20
-2.9705678346456694
11
6.2552787795275586
21
-2.9686916535433072
0
LINE
8
BLACK
6
CONTINUOUS
10
6.2552787795275586
20
-2.9686916535433072
11
6.2552432677165353
21
-2.9681924803149604
0
LINE
8
BLACK
6
CONTINUOUS
10
6.2552432677165353
20
-2.9681924803149604
11
6.2550517716535428
21
-2.9677301181102362
0
LINE
8
BLACK
6
CONTINUOUS
10
6.2550517716535428
20
-2.9677301181102362
11
6.2550517716535428
21
-2.9630396456692911
0
LINE
8
BLACK
6
CONTINUOUS
10
6.2550517716535428
20
-2.9630396456692911
11
6.2552432677165353
21
-2.9625772440944882
0
LINE
8
BLACK
6
CONTINUOUS
10
6.2552432677165353
20
-2.9625772440944882
11
6.2552787795275586
21
-2.9620781102362206
0
LINE
8
BLACK
6
CONTINUOUS
10
6.2552787795275586
20
-2.9620781102362206
11
6.2562168503937006
21
-2.9602019291338584
0
LINE
8
BLACK
6
CONTINUOUS
10
6.2562168503937006
20
-2.9602019291338584
11
6.2564841732283467
21
-2.9599700787401573
0
LINE
8
BLACK
6
CONTINUOUS
10
6.2564841732283467
20
-2.9599700787401573
11
6.2566195669291336
21
-2.9596432283464567
0
LINE
8
BLACK
6
CONTINUOUS
10
6.2566195669291336
20
-2.9596432283464567
11
6.2575576377952755
21
-2.958705118110236
0
LINE
8
BLACK
6
CONTINUOUS
10
6.2575576377952755
20
-2.958705118110236
11
6.259077913385827
21
-2.9580753543307088
0
LINE
8
BLACK
6
CONTINUOUS
10
6.259077913385827
20
-2.9580753543307088
11
6.2605981889763775
21
-2.9587050393700789
0
LINE
8
BLACK
6
CONTINUOUS
10
6.2605981889763775
20
-2.9587050393700789
11
6.2612279527559052
21
-2.9602253149606299
0
LINE
8
BLACK
6
CONTINUOUS
10
6.2612279527559052
20
-2.9602253149606299
11
6.260598267716535
21
-2.9617455905511809
0
LINE
8
BLACK
6
CONTINUOUS
10
6.260598267716535
20
-2.9617455905511809
11
6.2599068503937003
21
-2.9624370078740156
0
LINE
8
BLACK
6
CONTINUOUS
10
6.2599068503937003
20
-2.9624370078740156
11
6.2593517716535434
21
-2.9635471653543308
0
LINE
8
BLACK
6
CONTINUOUS
10
6.2593517716535434
20
-2.9635471653543308
11
6.2593517716535434
21
-2.9672225590551182
0
LINE
8
BLACK
6
CONTINUOUS
10
6.2593517716535434
20
-2.9672225590551182
11
6.2599068503937003
21
-2.968332716535433
0
LINE
8
BLACK
6
CONTINUOUS
10
6.2599068503937003
20
-2.968332716535433
11
6.2603514960629916
21
-2.9687773622047242
0
LINE
8
BLACK
6
CONTINUOUS
10
6.2603514960629916
20
-2.9687773622047242
11
6.2614617322834647
21
-2.9693324803149608
0
LINE
8
BLACK
6
CONTINUOUS
10
6.2614617322834647
20
-2.9693324803149608
11
6.2624814173228343
21
-2.9693324803149608
0
LINE
8
BLACK
6
CONTINUOUS
10
6.2624814173228343
20
-2.9693324803149608
11
6.2644832677165354
21
-2.9686651968503934
0
LINE
8
BLACK
6
CONTINUOUS
10
6.2644832677165354
20
-2.9686651968503934
11
6.2753814960629919
21
-2.9577669685039369
0
LINE
8
BLACK
6
CONTINUOUS
10
6.2753814960629919
20
-2.9577669685039369
11
6.2769017716535433
21
-2.9571372440944881
0
LINE
8
BLACK
6
CONTINUOUS
10
6.2769017716535433
20
-2.9571372440944881
11
6.2784220472440939
21
-2.9577669685039369
0
LINE
8
BLACK
6
CONTINUOUS
10
6.3515458661417323
20
-2.9577669685039369
11
6.352483976377953
21
-2.9587050787401572
0
LINE
8
BLACK
6
CONTINUOUS
10
6.352483976377953
20
-2.9587050787401572
11
6.3526193700787399
21
-2.959031968503937
0
LINE
8
BLACK
6
CONTINUOUS
10
6.3526193700787399
20
-2.959031968503937
11
6.3528867322834648
21
-2.9592638582677164
0
LINE
8
BLACK
6
CONTINUOUS
10
6.3528867322834648
20
-2.9592638582677164
11
6.3538248031496058
21
-2.9611400393700786
0
LINE
8
BLACK
6
CONTINUOUS
10
6.3538248031496058
20
-2.9611400393700786
11
6.3538602362204726
21
-2.9616391732283462
0
LINE
8
BLACK
6
CONTINUOUS
10
6.3538602362204726
20
-2.9616391732283462
11
6.354051771653543
21
-2.9621015354330709
0
LINE
8
BLACK
6
CONTINUOUS
10
6.354051771653543
20
-2.9621015354330709
11
6.354051771653543
21
-2.9677301181102362
0
LINE
8
BLACK
6
CONTINUOUS
10
6.354051771653543
20
-2.9677301181102362
11
6.3538602362204726
21
-2.9681924409448817
0
LINE
8
BLACK
6
CONTINUOUS
10
6.3538602362204726
20
-2.9681924409448817
11
6.3538248031496058
21
-2.9686916141732285
0
LINE
8
BLACK
6
CONTINUOUS
10
6.3538248031496058
20
-2.9686916141732285
11
6.3528867322834648
21
-2.9705677952755907
0
LINE
8
BLACK
6
CONTINUOUS
10
6.3528867322834648
20
-2.9705677952755907
11
6.3526193700787399
21
-2.9707996456692913
0
LINE
8
BLACK
6
CONTINUOUS
10
6.3526193700787399
20
-2.9707996456692913
11
6.352483976377953
21
-2.9711265748031495
0
LINE
8
BLACK
6
CONTINUOUS
10
6.352483976377953
20
-2.9711265748031495
11
6.3515458661417323
21
-2.9720646850393702
0
LINE
8
BLACK
6
CONTINUOUS
10
6.3515458661417323
20
-2.9720646850393702
11
6.3512189370078742
21
-2.9722000787401575
0
LINE
8
BLACK
6
CONTINUOUS
10
6.3512189370078742
20
-2.9722000787401575
11
6.3509870866141727
21
-2.9724674409448819
0
LINE
8
BLACK
6
CONTINUOUS
10
6.3509870866141727
20
-2.9724674409448819
11
6.3491109055118109
21
-2.9734055118110234
0
LINE
8
BLACK
6
CONTINUOUS
10
6.3491109055118109
20
-2.9734055118110234
11
6.3486117322834641
21
-2.9734409448818897
0
LINE
8
BLACK
6
CONTINUOUS
10
6.3486117322834641
20
-2.9734409448818897
11
6.3481494094488191
21
-2.9736324803149605
0
LINE
8
BLACK
6
CONTINUOUS
10
6.3481494094488191
20
-2.9736324803149605
11
6.343458937007874
21
-2.9736324803149605
0
LINE
8
BLACK
6
CONTINUOUS
10
6.343458937007874
20
-2.9736324803149605
11
6.3429965748031494
21
-2.9734409448818897
0
LINE
8
BLACK
6
CONTINUOUS
10
6.3429965748031494
20
-2.9734409448818897
11
6.3424974803149601
21
-2.9734055118110234
0
LINE
8
BLACK
6
CONTINUOUS
10
6.3424974803149601
20
-2.9734055118110234
11
6.3406212204724408
21
-2.9724674409448819
0
LINE
8
BLACK
6
CONTINUOUS
10
6.3406212204724408
20
-2.9724674409448819
11
6.3403893307086614
21
-2.9722000393700787
0
LINE
8
BLACK
6
CONTINUOUS
10
6.3403893307086614
20
-2.9722000393700787
11
6.3400624015748033
21
-2.9720646456692914
0
LINE
8
BLACK
6
CONTINUOUS
10
6.3400624015748033
20
-2.9720646456692914
11
6.3391243307086613
21
-2.9711265354330707
0
LINE
8
BLACK
6
CONTINUOUS
10
6.3391243307086613
20
-2.9711265354330707
11
6.3389889370078736
21
-2.9707996456692913
0
LINE
8
BLACK
6
CONTINUOUS
10
6.3389889370078736
20
-2.9707996456692913
11
6.3387216141732283
21
-2.9705678346456694
0
LINE
8
BLACK
6
CONTINUOUS
10
6.3387216141732283
20
-2.9705678346456694
11
6.3380491338582674
21
-2.969222874015748
0
LINE
8
BLACK
6
CONTINUOUS
10
6.3380491338582674
20
-2.969222874015748
11
6.333617559055118
21
-2.9731005118110234
0
LINE
8
BLACK
6
CONTINUOUS
10
6.333617559055118
20
-2.9731005118110234
11
6.3329008661417321
21
-2.9733428740157479
0
LINE
8
BLACK
6
CONTINUOUS
10
6.3329008661417321
20
-2.9733428740157479
11
6.3322017716535433
21
-2.9736324803149605
0
LINE
8
BLACK
6
CONTINUOUS
10
6.3322017716535433
20
-2.9736324803149605
11
6.3321311417322832
21
-2.9736031889763779
0
LINE
8
BLACK
6
CONTINUOUS
10
6.3321311417322832
20
-2.9736031889763779
11
6.3320587401574802
21
-2.9736277165354328
0
LINE
8
BLACK
6
CONTINUOUS
10
6.3320587401574802
20
-2.9736277165354328
11
6.3313804330708656
21
-2.973292244094488
0
LINE
8
BLACK
6
CONTINUOUS
10
6.3313804330708656
20
-2.973292244094488
11
6.3306814960629918
21
-2.9730027559055117
0
LINE
8
BLACK
6
CONTINUOUS
10
6.3306814960629918
20
-2.9730027559055117
11
6.3306522440944883
21
-2.972932125984252
0
LINE
8
BLACK
6
CONTINUOUS
10
6.3306522440944883
20
-2.972932125984252
11
6.33058374015748
21
-2.9728982677165354
0
LINE
8
BLACK
6
CONTINUOUS
10
6.33058374015748
20
-2.9728982677165354
11
6.3303413385826772
21
-2.9721815748031495
0
LINE
8
BLACK
6
CONTINUOUS
10
6.3303413385826772
20
-2.9721815748031495
11
6.3300517716535429
21
-2.9714824803149607
0
LINE
8
BLACK
6
CONTINUOUS
10
6.3300517716535429
20
-2.9714824803149607
11
6.3300517716535429
21
-2.959287244094488
0
LINE
8
BLACK
6
CONTINUOUS
10
6.3300517716535429
20
-2.959287244094488
11
6.3306814960629918
21
-2.9577669685039369
0
LINE
8
BLACK
6
CONTINUOUS
10
6.3306814960629918
20
-2.9577669685039369
11
6.3322017716535433
21
-2.9571372440944881
0
LINE
8
BLACK
6
CONTINUOUS
10
6.3322017716535433
20
-2.9571372440944881
11
6.3337220472440947
21
-2.9577669685039369
0
LINE
8
BLACK
6
CONTINUOUS
10
6.3337220472440947
20
-2.9577669685039369
11
6.3343517716535436
21
-2.959287244094488
0
LINE
8
BLACK
6
CONTINUOUS
10
6.3343517716535436
20
-2.959287244094488
11
6.3343517716535436
21
-2.9667443700787399
0
LINE
8
BLACK
6
CONTINUOUS
10
6.3343517716535436
20
-2.9667443700787399
11
6.3382907480314961
21
-2.9632977952755906
0
LINE
8
BLACK
6
CONTINUOUS
10
6.3382907480314961
20
-2.9632977952755906
11
6.3390074015748032
21
-2.9630553937007873
0
LINE
8
BLACK
6
CONTINUOUS
10
6.3390074015748032
20
-2.9630553937007873
11
6.3397065354330708
21
-2.9627658267716535
0
LINE
8
BLACK
6
CONTINUOUS
10
6.3397065354330708
20
-2.9627658267716535
11
6.3397771259842521
21
-2.9627950787401574
0
LINE
8
BLACK
6
CONTINUOUS
10
6.3397771259842521
20
-2.9627950787401574
11
6.3398495669291339
21
-2.9627705905511812
0
LINE
8
BLACK
6
CONTINUOUS
10
6.3398495669291339
20
-2.9627705905511812
11
6.3405278346456688
21
-2.9631060236220472
0
LINE
8
BLACK
6
CONTINUOUS
10
6.3405278346456688
20
-2.9631060236220472
11
6.3412268110236223
21
-2.9633955511811023
0
LINE
8
BLACK
6
CONTINUOUS
10
6.3412268110236223
20
-2.9633955511811023
11
6.341256023622047
21
-2.9634661417322832
0
LINE
8
BLACK
6
CONTINUOUS
10
6.341256023622047
20
-2.9634661417322832
11
6.341324566929134
21
-2.9635000393700786
0
LINE
8
BLACK
6
CONTINUOUS
10
6.341324566929134
20
-2.9635000393700786
11
6.3415669291338581
21
-2.9642166929133857
0
LINE
8
BLACK
6
CONTINUOUS
10
6.3415669291338581
20
-2.9642166929133857
11
6.3418565354330712
21
-2.9649158267716533
0
LINE
8
BLACK
6
CONTINUOUS
10
6.3418565354330712
20
-2.9649158267716533
11
6.3418565354330712
21
-2.9672225590551182
0
LINE
8
BLACK
6
CONTINUOUS
10
6.3418565354330712
20
-2.9672225590551182
11
6.3424116141732281
21
-2.968332716535433
0
LINE
8
BLACK
6
CONTINUOUS
10
6.3424116141732281
20
-2.968332716535433
11
6.3428562598425193
21
-2.9687773622047242
0
LINE
8
BLACK
6
CONTINUOUS
10
6.3428562598425193
20
-2.9687773622047242
11
6.3439664960629916
21
-2.9693324803149608
0
LINE
8
BLACK
6
CONTINUOUS
10
6.3439664960629916
20
-2.9693324803149608
11
6.3476418503937007
21
-2.9693324803149608
0
LINE
8
BLACK
6
CONTINUOUS
10
6.3476418503937007
20
-2.9693324803149608
11
6.3487520472440941
21
-2.9687773622047242
0
LINE
8
BLACK
6
CONTINUOUS
10
6.3487520472440941
20
-2.9687773622047242
11
6.3491966535433066
21
-2.9683327559055117
0
LINE
8
BLACK
6
CONTINUOUS
10
6.3491966535433066
20
-2.9683327559055117
11
6.3497517716535432
21
-2.9672225590551182
0
LINE
8
BLACK
6
CONTINUOUS
10
6.3497517716535432
20
-2.9672225590551182
11
6.3497517716535432
21
-2.9626090551181101
0
LINE
8
BLACK
6
CONTINUOUS
10
6.3497517716535432
20
-2.9626090551181101
11
6.3491966535433066
21
-2.9614988582677166
0
LINE
8
BLACK
6
CONTINUOUS
10
6.3491966535433066
20
-2.9614988582677166
11
6.3485053149606294
21
-2.9608075196850394
0
LINE
8
BLACK
6
CONTINUOUS
10
6.3485053149606294
20
-2.9608075196850394
11
6.3478755905511806
21
-2.959287244094488
0
LINE
8
BLACK
6
CONTINUOUS
10
6.3478755905511806
20
-2.959287244094488
11
6.3485053149606294
21
-2.9577669685039369
0
LINE
8
BLACK
6
CONTINUOUS
10
6.3485053149606294
20
-2.9577669685039369
11
6.3500255905511809
21
-2.9571372440944881
0
LINE
8
BLACK
6
CONTINUOUS
10
6.3500255905511809
20
-2.9571372440944881
11
6.3515458661417323
21
-2.9577669685039369
0
LINE
8
BLACK
6
CONTINUOUS
10
6.1721488582677164
20
-2.9547367716535433
11
6.1724184645669293
21
-2.9546966929133855
0
LINE
8
BLACK
6
CONTINUOUS
10
6.1724184645669293
20
-2.9546966929133855
11
6.1761708661417325
21
-2.9556347637795275
0
LINE
8
BLACK
6
CONTINUOUS
10
6.1761708661417325
20
-2.9556347637795275
11
6.1763672047244089
21
-2.9557802362204724
0
LINE
8
BLACK
6
CONTINUOUS
10
6.1763672047244089
20
-2.9557802362204724
11
6.1766109055118106
21
-2.9557975590551182
0
LINE
8
BLACK
6
CONTINUOUS
10
6.1766109055118106
20
-2.9557975590551182
11
6.1784870866141732
21
-2.9567356299212597
0
LINE
8
BLACK
6
CONTINUOUS
10
6.1784870866141732
20
-2.9567356299212597
11
6.1787189370078739
21
-2.9570029527559054
0
LINE
8
BLACK
6
CONTINUOUS
10
6.1787189370078739
20
-2.9570029527559054
11
6.179045866141732
21
-2.9571383858267715
0
LINE
8
BLACK
6
CONTINUOUS
10
6.179045866141732
20
-2.9571383858267715
11
6.1799839763779527
21
-2.9580764960629922
0
LINE
8
BLACK
6
CONTINUOUS
10
6.1799839763779527
20
-2.9580764960629922
11
6.1801193700787405
21
-2.9584033858267715
0
LINE
8
BLACK
6
CONTINUOUS
10
6.1801193700787405
20
-2.9584033858267715
11
6.1803867322834645
21
-2.958635275590551
0
LINE
8
BLACK
6
CONTINUOUS
10
6.1803867322834645
20
-2.958635275590551
11
6.1813248031496064
21
-2.9605114566929132
0
LINE
8
BLACK
6
CONTINUOUS
10
6.1813248031496064
20
-2.9605114566929132
11
6.1813602362204723
21
-2.9610105905511812
0
LINE
8
BLACK
6
CONTINUOUS
10
6.1813602362204723
20
-2.9610105905511812
11
6.1815517716535435
21
-2.9614729527559054
0
LINE
8
BLACK
6
CONTINUOUS
10
6.1815517716535435
20
-2.9614729527559054
11
6.1815517716535435
21
-2.9633491338582676
0
LINE
8
BLACK
6
CONTINUOUS
10
6.1815517716535435
20
-2.9633491338582676
11
6.1813602362204723
21
-2.9638114566929135
0
LINE
8
BLACK
6
CONTINUOUS
10
6.1813602362204723
20
-2.9638114566929135
11
6.1813248031496064
21
-2.9643105905511811
0
LINE
8
BLACK
6
CONTINUOUS
10
6.1813248031496064
20
-2.9643105905511811
11
6.1803867322834645
21
-2.9661868503937008
0
LINE
8
BLACK
6
CONTINUOUS
10
6.1803867322834645
20
-2.9661868503937008
11
6.1801193307086617
21
-2.9664187007874014
0
LINE
8
BLACK
6
CONTINUOUS
10
6.1801193307086617
20
-2.9664187007874014
11
6.179983937007874
21
-2.9667456692913383
0
LINE
8
BLACK
6
CONTINUOUS
10
6.179983937007874
20
-2.9667456692913383
11
6.1790458267716533
21
-2.9676837401574803
0
LINE
8
BLACK
6
CONTINUOUS
10
6.1790458267716533
20
-2.9676837401574803
11
6.1787189370078739
21
-2.9678190944881888
0
LINE
8
BLACK
6
CONTINUOUS
10
6.1787189370078739
20
-2.9678190944881888
11
6.178487125984252
21
-2.9680864566929133
0
LINE
8
BLACK
6
CONTINUOUS
10
6.178487125984252
20
-2.9680864566929133
11
6.1766109448818893
21
-2.9690245275590552
0
LINE
8
BLACK
6
CONTINUOUS
10
6.1766109448818893
20
-2.9690245275590552
11
6.1763672047244089
21
-2.9690418503937006
0
LINE
8
BLACK
6
CONTINUOUS
10
6.1763672047244089
20
-2.9690418503937006
11
6.1761708267716537
21
-2.9691873622047242
0
LINE
8
BLACK
6
CONTINUOUS
10
6.1761708267716537
20
-2.9691873622047242
11
6.1724184251968506
21
-2.9701254330708662
0
LINE
8
BLACK
6
CONTINUOUS
10
6.1724184251968506
20
-2.9701254330708662
11
6.1721487795275589
21
-2.9700852755905509
0
LINE
8
BLACK
6
CONTINUOUS
10
6.1721487795275589
20
-2.9700852755905509
11
6.1718970078740156
21
-2.9701896062992126
0
LINE
8
BLACK
6
CONTINUOUS
10
6.1718970078740156
20
-2.9701896062992126
11
6.1672065354330705
21
-2.9701896062992126
0
LINE
8
BLACK
6
CONTINUOUS
10
6.1672065354330705
20
-2.9701896062992126
11
6.1669546850393697
21
-2.9700852755905509
0
LINE
8
BLACK
6
CONTINUOUS
10
6.1669546850393697
20
-2.9700852755905509
11
6.1666850787401577
21
-2.9701254330708662
0
LINE
8
BLACK
6
CONTINUOUS
10
6.1666850787401577
20
-2.9701254330708662
11
6.1629327165354333
21
-2.9691873622047242
0
LINE
8
BLACK
6
CONTINUOUS
10
6.1629327165354333
20
-2.9691873622047242
11
6.1627363385826772
21
-2.9690418503937006
0
LINE
8
BLACK
6
CONTINUOUS
10
6.1627363385826772
20
-2.9690418503937006
11
6.1624926771653543
21
-2.969024566929134
0
LINE
8
BLACK
6
CONTINUOUS
10
6.1624926771653543
20
-2.969024566929134
11
6.1606164566929129
21
-2.9680864566929133
0
LINE
8
BLACK
6
CONTINUOUS
10
6.1606164566929129
20
-2.9680864566929133
11
6.1603845669291335
21
-2.9678190944881888
0
LINE
8
BLACK
6
CONTINUOUS
10
6.1603845669291335
20
-2.9678190944881888
11
6.1600576771653541
21
-2.9676837007874015
0
LINE
8
BLACK
6
CONTINUOUS
10
6.1600576771653541
20
-2.9676837007874015
11
6.1591196062992122
21
-2.9667456299212596
0
LINE
8
BLACK
6
CONTINUOUS
10
6.1591196062992122
20
-2.9667456299212596
11
6.1589841732283466
21
-2.9664187007874014
0
LINE
8
BLACK
6
CONTINUOUS
10
6.1589841732283466
20
-2.9664187007874014
11
6.1587168503937004
21
-2.9661868503937008
0
LINE
8
BLACK
6
CONTINUOUS
10
6.1587168503937004
20
-2.9661868503937008
11
6.1577787401574806
21
-2.9643106299212598
0
LINE
8
BLACK
6
CONTINUOUS
10
6.1577787401574806
20
-2.9643106299212598
11
6.1577432677165351
21
-2.9638114566929135
0
LINE
8
BLACK
6
CONTINUOUS
10
6.1577432677165351
20
-2.9638114566929135
11
6.1575517716535435
21
-2.9633491338582676
0
LINE
8
BLACK
6
CONTINUOUS
10
6.1575517716535435
20
-2.9633491338582676
11
6.1575517716535435
21
-2.9614729527559054
0
LINE
8
BLACK
6
CONTINUOUS
10
6.1575517716535435
20
-2.9614729527559054
11
6.1577432677165351
21
-2.9610105511811025
0
LINE
8
BLACK
6
CONTINUOUS
10
6.1577432677165351
20
-2.9610105511811025
11
6.1577787795275585
21
-2.9605114173228344
0
LINE
8
BLACK
6
CONTINUOUS
10
6.1577787795275585
20
-2.9605114173228344
11
6.1587168503937004
21
-2.9586352362204722
0
LINE
8
BLACK
6
CONTINUOUS
10
6.1587168503937004
20
-2.9586352362204722
11
6.1589841732283466
21
-2.9584033858267715
0
LINE
8
BLACK
6
CONTINUOUS
10
6.1589841732283466
20
-2.9584033858267715
11
6.1591195669291334
21
-2.9580765354330709
0
LINE
8
BLACK
6
CONTINUOUS
10
6.1591195669291334
20
-2.9580765354330709
11
6.1600576377952754
21
-2.9571384251968502
0
LINE
8
BLACK
6
CONTINUOUS
10
6.1600576377952754
20
-2.9571384251968502
11
6.1603845669291335
21
-2.9570029921259842
0
LINE
8
BLACK
6
CONTINUOUS
10
6.1603845669291335
20
-2.9570029921259842
11
6.1606164566929129
21
-2.9567356299212597
0
LINE
8
BLACK
6
CONTINUOUS
10
6.1606164566929129
20
-2.9567356299212597
11
6.1624927165354331
21
-2.9557975590551182
0
LINE
8
BLACK
6
CONTINUOUS
10
6.1624927165354331
20
-2.9557975590551182
11
6.1627364173228347
21
-2.9557802362204724
0
LINE
8
BLACK
6
CONTINUOUS
10
6.1627364173228347
20
-2.9557802362204724
11
6.1629327165354333
21
-2.9556348031496062
0
LINE
8
BLACK
6
CONTINUOUS
10
6.1629327165354333
20
-2.9556348031496062
11
6.1666850393700789
21
-2.9546966929133855
0
LINE
8
BLACK
6
CONTINUOUS
10
6.1666850393700789
20
-2.9546966929133855
11
6.166954645669291
21
-2.9547367716535433
0
LINE
8
BLACK
6
CONTINUOUS
10
6.166954645669291
20
-2.9547367716535433
11
6.1672065354330705
21
-2.9546324803149604
0
LINE
8
BLACK
6
CONTINUOUS
10
6.1672065354330705
20
-2.9546324803149604
11
6.1718970078740156
21
-2.9546324803149604
0
LINE
8
BLACK
6
CONTINUOUS
10
6.1718970078740156
20
-2.9546324803149604
11
6.1721488582677164
21
-2.9547367716535433
0
LINE
8
BLACK
6
CONTINUOUS
10
6.1642046456692912
20
-2.9597490944881888
11
6.1628514960629923
21
-2.9604256692913387
0
LINE
8
BLACK
6
CONTINUOUS
10
6.1628514960629923
20
-2.9604256692913387
11
6.1624068503937011
21
-2.9608703149606299
0
LINE
8
BLACK
6
CONTINUOUS
10
6.1624068503937011
20
-2.9608703149606299
11
6.1618517716535433
21
-2.9619804724409446
0
LINE
8
BLACK
6
CONTINUOUS
10
6.1618517716535433
20
-2.9619804724409446
11
6.1618517716535433
21
-2.9628415748031496
0
LINE
8
BLACK
6
CONTINUOUS
10
6.1618517716535433
20
-2.9628415748031496
11
6.1624068897637798
21
-2.9639518110236218
0
LINE
8
BLACK
6
CONTINUOUS
10
6.1624068897637798
20
-2.9639518110236218
11
6.1628514960629923
21
-2.9643964173228348
0
LINE
8
BLACK
6
CONTINUOUS
10
6.1628514960629923
20
-2.9643964173228348
11
6.1642044881889761
21
-2.9650729133858267
0
LINE
8
BLACK
6
CONTINUOUS
10
6.1642044881889761
20
-2.9650729133858267
11
6.1674712598425199
21
-2.9658896062992124
0
LINE
8
BLACK
6
CONTINUOUS
10
6.1674712598425199
20
-2.9658896062992124
11
6.1716322834645672
21
-2.9658896062992124
0
LINE
8
BLACK
6
CONTINUOUS
10
6.1716322834645672
20
-2.9658896062992124
11
6.1748990944881887
21
-2.9650728740157479
0
LINE
8
BLACK
6
CONTINUOUS
10
6.1748990944881887
20
-2.9650728740157479
11
6.176252007874016
21
-2.9643964173228348
0
LINE
8
BLACK
6
CONTINUOUS
10
6.176252007874016
20
-2.9643964173228348
11
6.1766966535433072
21
-2.9639517716535431
0
LINE
8
BLACK
6
CONTINUOUS
10
6.1766966535433072
20
-2.9639517716535431
11
6.1772517716535429
21
-2.9628415748031496
0
LINE
8
BLACK
6
CONTINUOUS
10
6.1772517716535429
20
-2.9628415748031496
11
6.1772517716535429
21
-2.9619804724409446
0
LINE
8
BLACK
6
CONTINUOUS
10
6.1772517716535429
20
-2.9619804724409446
11
6.1766966535433072
21
-2.9608702755905512
0
LINE
8
BLACK
6
CONTINUOUS
10
6.1766966535433072
20
-2.9608702755905512
11
6.1762520472440947
21
-2.9604256692913387
0
LINE
8
BLACK
6
CONTINUOUS
10
6.1762520472440947
20
-2.9604256692913387
11
6.174898897637795
21
-2.9597490944881888
0
LINE
8
BLACK
6
CONTINUOUS
10
6.174898897637795
20
-2.9597490944881888
11
6.1716324015748034
21
-2.9589324803149606
0
LINE
8
BLACK
6
CONTINUOUS
10
6.1716324015748034
20
-2.9589324803149606
11
6.1674712992125986
21
-2.9589324803149606
0
LINE
8
BLACK
6
CONTINUOUS
10
6.1674712992125986
20
-2.9589324803149606
11
6.1642046456692912
21
-2.9597490944881888
0
LINE
8
BLACK
6
CONTINUOUS
10
6.3721488582677166
20
-2.9547367716535433
11
6.3724184645669286
21
-2.9546966929133855
0
LINE
8
BLACK
6
CONTINUOUS
10
6.3724184645669286
20
-2.9546966929133855
11
6.3761708661417318
21
-2.9556347637795275
0
LINE
8
BLACK
6
CONTINUOUS
10
6.3761708661417318
20
-2.9556347637795275
11
6.3763672047244091
21
-2.9557802362204724
0
LINE
8
BLACK
6
CONTINUOUS
10
6.3763672047244091
20
-2.9557802362204724
11
6.3766109055118108
21
-2.9557975590551182
0
LINE
8
BLACK
6
CONTINUOUS
10
6.3766109055118108
20
-2.9557975590551182
11
6.3784870866141734
21
-2.9567356299212597
0
LINE
8
BLACK
6
CONTINUOUS
10
6.3784870866141734
20
-2.9567356299212597
11
6.3787189370078741
21
-2.9570029527559054
0
LINE
8
BLACK
6
CONTINUOUS
10
6.3787189370078741
20
-2.9570029527559054
11
6.3790458661417322
21
-2.9571383858267715
0
LINE
8
BLACK
6
CONTINUOUS
10
6.3790458661417322
20
-2.9571383858267715
11
6.3799839763779529
21
-2.9580764960629922
0
LINE
8
BLACK
6
CONTINUOUS
10
6.3799839763779529
20
-2.9580764960629922
11
6.3801193700787397
21
-2.9584033858267715
0
LINE
8
BLACK
6
CONTINUOUS
10
6.3801193700787397
20
-2.9584033858267715
11
6.3803867322834646
21
-2.958635275590551
0
LINE
8
BLACK
6
CONTINUOUS
10
6.3803867322834646
20
-2.958635275590551
11
6.3813248031496066
21
-2.9605114566929132
0
LINE
8
BLACK
6
CONTINUOUS
10
6.3813248031496066
20
-2.9605114566929132
11
6.3813602362204724
21
-2.9610105905511812
0
LINE
8
BLACK
6
CONTINUOUS
10
6.3813602362204724
20
-2.9610105905511812
11
6.3815517716535428
21
-2.9614729527559054
0
LINE
8
BLACK
6
CONTINUOUS
10
6.3815517716535428
20
-2.9614729527559054
11
6.3815517716535428
21
-2.9633491338582676
0
LINE
8
BLACK
6
CONTINUOUS
10
6.3815517716535428
20
-2.9633491338582676
11
6.3813602362204724
21
-2.9638114566929135
0
LINE
8
BLACK
6
CONTINUOUS
10
6.3813602362204724
20
-2.9638114566929135
11
6.3813248031496066
21
-2.9643105905511811
0
LINE
8
BLACK
6
CONTINUOUS
10
6.3813248031496066
20
-2.9643105905511811
11
6.3803867322834646
21
-2.9661868503937008
0
LINE
8
BLACK
6
CONTINUOUS
10
6.3803867322834646
20
-2.9661868503937008
11
6.380119330708661
21
-2.9664187007874014
0
LINE
8
BLACK
6
CONTINUOUS
10
6.380119330708661
20
-2.9664187007874014
11
6.3799839370078741
21
-2.9667456692913383
0
LINE
8
BLACK
6
CONTINUOUS
10
6.3799839370078741
20
-2.9667456692913383
11
6.3790458267716534
21
-2.9676837401574803
0
LINE
8
BLACK
6
CONTINUOUS
10
6.3790458267716534
20
-2.9676837401574803
11
6.3787189370078741
21
-2.9678190944881888
0
LINE
8
BLACK
6
CONTINUOUS
10
6.3787189370078741
20
-2.9678190944881888
11
6.3784871259842522
21
-2.9680864566929133
0
LINE
8
BLACK
6
CONTINUOUS
10
6.3784871259842522
20
-2.9680864566929133
11
6.3766109448818895
21
-2.9690245275590552
0
LINE
8
BLACK
6
CONTINUOUS
10
6.3766109448818895
20
-2.9690245275590552
11
6.3763672047244091
21
-2.9690418503937006
0
LINE
8
BLACK
6
CONTINUOUS
10
6.3763672047244091
20
-2.9690418503937006
11
6.376170826771653
21
-2.9691873622047242
0
LINE
8
BLACK
6
CONTINUOUS
10
6.376170826771653
20
-2.9691873622047242
11
6.3724184251968499
21
-2.9701254330708662
0
LINE
8
BLACK
6
CONTINUOUS
10
6.3724184251968499
20
-2.9701254330708662
11
6.3721487795275591
21
-2.9700852755905509
0
LINE
8
BLACK
6
CONTINUOUS
10
6.3721487795275591
20
-2.9700852755905509
11
6.3718970078740158
21
-2.9701896062992126
0
LINE
8
BLACK
6
CONTINUOUS
10
6.3718970078740158
20
-2.9701896062992126
11
6.3672065354330707
21
-2.9701896062992126
0
LINE
8
BLACK
6
CONTINUOUS
10
6.3672065354330707
20
-2.9701896062992126
11
6.3669546850393699
21
-2.9700852755905509
0
LINE
8
BLACK
6
CONTINUOUS
10
6.3669546850393699
20
-2.9700852755905509
11
6.366685078740157
21
-2.9701254330708662
0
LINE
8
BLACK
6
CONTINUOUS
10
6.366685078740157
20
-2.9701254330708662
11
6.3629327165354326
21
-2.9691873622047242
0
LINE
8
BLACK
6
CONTINUOUS
10
6.3629327165354326
20
-2.9691873622047242
11
6.3627363385826774
21
-2.9690418503937006
0
LINE
8
BLACK
6
CONTINUOUS
10
6.3627363385826774
20
-2.9690418503937006
11
6.3624926771653545
21
-2.969024566929134
0
LINE
8
BLACK
6
CONTINUOUS
10
6.3624926771653545
20
-2.969024566929134
11
6.3606164566929131
21
-2.9680864566929133
0
LINE
8
BLACK
6
CONTINUOUS
10
6.3606164566929131
20
-2.9680864566929133
11
6.3603845669291337
21
-2.9678190944881888
0
LINE
8
BLACK
6
CONTINUOUS
10
6.3603845669291337
20
-2.9678190944881888
11
6.3600576771653543
21
-2.9676837007874015
0
LINE
8
BLACK
6
CONTINUOUS
10
6.3600576771653543
20
-2.9676837007874015
11
6.3591196062992124
21
-2.9667456299212596
0
LINE
8
BLACK
6
CONTINUOUS
10
6.3591196062992124
20
-2.9667456299212596
11
6.3589841732283467
21
-2.9664187007874014
0
LINE
8
BLACK
6
CONTINUOUS
10
6.3589841732283467
20
-2.9664187007874014
11
6.3587168503937006
21
-2.9661868503937008
0
LINE
8
BLACK
6
CONTINUOUS
10
6.3587168503937006
20
-2.9661868503937008
11
6.3577787401574799
21
-2.9643106299212598
0
LINE
8
BLACK
6
CONTINUOUS
10
6.3577787401574799
20
-2.9643106299212598
11
6.3577432677165353
21
-2.9638114566929135
0
LINE
8
BLACK
6
CONTINUOUS
10
6.3577432677165353
20
-2.9638114566929135
11
6.3575517716535428
21
-2.9633491338582676
0
LINE
8
BLACK
6
CONTINUOUS
10
6.3575517716535428
20
-2.9633491338582676
11
6.3575517716535428
21
-2.9614729527559054
0
LINE
8
BLACK
6
CONTINUOUS
10
6.3575517716535428
20
-2.9614729527559054
11
6.3577432677165353
21
-2.9610105511811025
0
LINE
8
BLACK
6
CONTINUOUS
10
6.3577432677165353
20
-2.9610105511811025
11
6.3577787795275587
21
-2.9605114173228344
0
LINE
8
BLACK
6
CONTINUOUS
10
6.3577787795275587
20
-2.9605114173228344
11
6.3587168503937006
21
-2.9586352362204722
0
LINE
8
BLACK
6
CONTINUOUS
10
6.3587168503937006
20
-2.9586352362204722
11
6.3589841732283467
21
-2.9584033858267715
0
LINE
8
BLACK
6
CONTINUOUS
10
6.3589841732283467
20
-2.9584033858267715
11
6.3591195669291336
21
-2.9580765354330709
0
LINE
8
BLACK
6
CONTINUOUS
10
6.3591195669291336
20
-2.9580765354330709
11
6.3600576377952756
21
-2.9571384251968502
0
LINE
8
BLACK
6
CONTINUOUS
10
6.3600576377952756
20
-2.9571384251968502
11
6.3603845669291337
21
-2.9570029921259842
0
LINE
8
BLACK
6
CONTINUOUS
10
6.3603845669291337
20
-2.9570029921259842
11
6.3606164566929131
21
-2.9567356299212597
0
LINE
8
BLACK
6
CONTINUOUS
10
6.3606164566929131
20
-2.9567356299212597
11
6.3624927165354332
21
-2.9557975590551182
0
LINE
8
BLACK
6
CONTINUOUS
10
6.3624927165354332
20
-2.9557975590551182
11
6.3627364173228349
21
-2.9557802362204724
0
LINE
8
BLACK
6
CONTINUOUS
10
6.3627364173228349
20
-2.9557802362204724
11
6.3629327165354326
21
-2.9556348031496062
0
LINE
8
BLACK
6
CONTINUOUS
10
6.3629327165354326
20
-2.9556348031496062
11
6.3666850393700782
21
-2.9546966929133855
0
LINE
8
BLACK
6
CONTINUOUS
10
6.3666850393700782
20
-2.9546966929133855
11
6.3669546456692911
21
-2.9547367716535433
0
LINE
8
BLACK
6
CONTINUOUS
10
6.3669546456692911
20
-2.9547367716535433
11
6.3672065354330707
21
-2.9546324803149604
0
LINE
8
BLACK
6
CONTINUOUS
10
6.3672065354330707
20
-2.9546324803149604
11
6.3718970078740158
21
-2.9546324803149604
0
LINE
8
BLACK
6
CONTINUOUS
10
6.3718970078740158
20
-2.9546324803149604
11
6.3721488582677166
21
-2.9547367716535433
0
LINE
8
BLACK
6
CONTINUOUS
10
6.3642046456692913
20
-2.9597490944881888
11
6.3628514960629916
21
-2.9604256692913387
0
LINE
8
BLACK
6
CONTINUOUS
10
6.3628514960629916
20
-2.9604256692913387
11
6.3624068503937004
21
-2.9608703149606299
0
LINE
8
BLACK
6
CONTINUOUS
10
6.3624068503937004
20
-2.9608703149606299
11
6.3618517716535434
21
-2.9619804724409446
0
LINE
8
BLACK
6
CONTINUOUS
10
6.3618517716535434
20
-2.9619804724409446
11
6.3618517716535434
21
-2.9628415748031496
0
LINE
8
BLACK
6
CONTINUOUS
10
6.3618517716535434
20
-2.9628415748031496
11
6.3624068897637791
21
-2.9639518110236218
0
LINE
8
BLACK
6
CONTINUOUS
10
6.3624068897637791
20
-2.9639518110236218
11
6.3628514960629916
21
-2.9643964173228348
0
LINE
8
BLACK
6
CONTINUOUS
10
6.3628514960629916
20
-2.9643964173228348
11
6.3642044881889763
21
-2.9650729133858267
0
LINE
8
BLACK
6
CONTINUOUS
10
6.3642044881889763
20
-2.9650729133858267
11
6.3674712598425192
21
-2.9658896062992124
0
LINE
8
BLACK
6
CONTINUOUS
10
6.3674712598425192
20
-2.9658896062992124
11
6.3716322834645664
21
-2.9658896062992124
0
LINE
8
BLACK
6
CONTINUOUS
10
6.3716322834645664
20
-2.9658896062992124
11
6.3748990944881889
21
-2.9650728740157479
0
LINE
8
BLACK
6
CONTINUOUS
10
6.3748990944881889
20
-2.9650728740157479
11
6.3762520078740152
21
-2.9643964173228348
0
LINE
8
BLACK
6
CONTINUOUS
10
6.3762520078740152
20
-2.9643964173228348
11
6.3766966535433065
21
-2.9639517716535431
0
LINE
8
BLACK
6
CONTINUOUS
10
6.3766966535433065
20
-2.9639517716535431
11
6.3772517716535431
21
-2.9628415748031496
0
LINE
8
BLACK
6
CONTINUOUS
10
6.3772517716535431
20
-2.9628415748031496
11
6.3772517716535431
21
-2.9619804724409446
0
LINE
8
BLACK
6
CONTINUOUS
10
6.3772517716535431
20
-2.9619804724409446
11
6.3766966535433065
21
-2.9608702755905512
0
LINE
8
BLACK
6
CONTINUOUS
10
6.3766966535433065
20
-2.9608702755905512
11
6.376252047244094
21
-2.9604256692913387
0
LINE
8
BLACK
6
CONTINUOUS
10
6.376252047244094
20
-2.9604256692913387
11
6.3748988976377952
21
-2.9597490944881888
0
LINE
8
BLACK
6
CONTINUOUS
10
6.3748988976377952
20
-2.9597490944881888
11
6.3716324015748027
21
-2.9589324803149606
0
LINE
8
BLACK
6
CONTINUOUS
10
6.3716324015748027
20
-2.9589324803149606
11
6.3674712992125979
21
-2.9589324803149606
0
LINE
8
BLACK
6
CONTINUOUS
10
6.3674712992125979
20
-2.9589324803149606
11
6.3642046456692913
21
-2.9597490944881888
0
LINE
8
BLACK
6
CONTINUOUS
10
6.0421488582677165
20
-2.9447367716535431
11
6.0424184645669294
21
-2.9446966929133858
0
LINE
8
BLACK
6
CONTINUOUS
10
6.0424184645669294
20
-2.9446966929133858
11
6.0461708661417317
21
-2.9456347637795277
0
LINE
8
BLACK
6
CONTINUOUS
10
6.0461708661417317
20
-2.9456347637795277
11
6.046367204724409
21
-2.9457802362204726
0
LINE
8
BLACK
6
CONTINUOUS
10
6.046367204724409
20
-2.9457802362204726
11
6.0466109055118107
21
-2.945797559055118
0
LINE
8
BLACK
6
CONTINUOUS
10
6.0466109055118107
20
-2.945797559055118
11
6.0484870866141733
21
-2.9467356299212599
0
LINE
8
BLACK
6
CONTINUOUS
10
6.0484870866141733
20
-2.9467356299212599
11
6.048718937007874
21
-2.9470029527559056
0
LINE
8
BLACK
6
CONTINUOUS
10
6.048718937007874
20
-2.9470029527559056
11
6.0490458661417321
21
-2.9471383858267717
0
LINE
8
BLACK
6
CONTINUOUS
10
6.0490458661417321
20
-2.9471383858267717
11
6.0499839763779528
21
-2.9480764960629919
0
LINE
8
BLACK
6
CONTINUOUS
10
6.0499839763779528
20
-2.9480764960629919
11
6.0501193700787397
21
-2.9484033858267717
0
LINE
8
BLACK
6
CONTINUOUS
10
6.0501193700787397
20
-2.9484033858267717
11
6.0503867322834646
21
-2.9486352755905512
0
LINE
8
BLACK
6
CONTINUOUS
10
6.0503867322834646
20
-2.9486352755905512
11
6.0513248031496065
21
-2.9505114566929134
0
LINE
8
BLACK
6
CONTINUOUS
10
6.0513248031496065
20
-2.9505114566929134
11
6.0513602362204724
21
-2.951010590551181
0
LINE
8
BLACK
6
CONTINUOUS
10
6.0513602362204724
20
-2.951010590551181
11
6.0515517716535427
21
-2.9514729527559056
0
LINE
8
BLACK
6
CONTINUOUS
10
6.0515517716535427
20
-2.9514729527559056
11
6.0515517716535427
21
-2.9533491338582678
0
LINE
8
BLACK
6
CONTINUOUS
10
6.0515517716535427
20
-2.9533491338582678
11
6.0513602362204724
21
-2.9538114566929132
0
LINE
8
BLACK
6
CONTINUOUS
10
6.0513602362204724
20
-2.9538114566929132
11
6.0513248031496065
21
-2.9543105905511808
0
LINE
8
BLACK
6
CONTINUOUS
10
6.0513248031496065
20
-2.9543105905511808
11
6.0503867322834646
21
-2.9561868503937005
0
LINE
8
BLACK
6
CONTINUOUS
10
6.0503867322834646
20
-2.9561868503937005
11
6.0501193307086609
21
-2.9564187007874017
0
LINE
8
BLACK
6
CONTINUOUS
10
6.0501193307086609
20
-2.9564187007874017
11
6.0499839370078741
21
-2.9567456692913385
0
LINE
8
BLACK
6
CONTINUOUS
10
6.0499839370078741
20
-2.9567456692913385
11
6.0490458267716534
21
-2.95768374015748
0
LINE
8
BLACK
6
CONTINUOUS
10
6.0490458267716534
20
-2.95768374015748
11
6.048718937007874
21
-2.957819094488189
0
LINE
8
BLACK
6
CONTINUOUS
10
6.048718937007874
20
-2.957819094488189
11
6.0484871259842521
21
-2.9580864566929135
0
LINE
8
BLACK
6
CONTINUOUS
10
6.0484871259842521
20
-2.9580864566929135
11
6.0466109448818894
21
-2.959024527559055
0
LINE
8
BLACK
6
CONTINUOUS
10
6.0466109448818894
20
-2.959024527559055
11
6.046367204724409
21
-2.9590418503937008
0
LINE
8
BLACK
6
CONTINUOUS
10
6.046367204724409
20
-2.9590418503937008
11
6.046170826771653
21
-2.9591873622047244
0
LINE
8
BLACK
6
CONTINUOUS
10
6.046170826771653
20
-2.9591873622047244
11
6.0424184251968507
21
-2.960125433070866
0
LINE
8
BLACK
6
CONTINUOUS
10
6.0424184251968507
20
-2.960125433070866
11
6.042148779527559
21
-2.9600852755905511
0
LINE
8
BLACK
6
CONTINUOUS
10
6.042148779527559
20
-2.9600852755905511
11
6.0418970078740157
21
-2.9601896062992124
0
LINE
8
BLACK
6
CONTINUOUS
10
6.0418970078740157
20
-2.9601896062992124
11
6.0372065354330706
21
-2.9601896062992124
0
LINE
8
BLACK
6
CONTINUOUS
10
6.0372065354330706
20
-2.9601896062992124
11
6.0369546850393698
21
-2.9600852755905511
0
LINE
8
BLACK
6
CONTINUOUS
10
6.0369546850393698
20
-2.9600852755905511
11
6.0366850787401569
21
-2.960125433070866
0
LINE
8
BLACK
6
CONTINUOUS
10
6.0366850787401569
20
-2.960125433070866
11
6.0329327165354325
21
-2.9591873622047244
0
LINE
8
BLACK
6
CONTINUOUS
10
6.0329327165354325
20
-2.9591873622047244
11
6.0327363385826773
21
-2.9590418503937008
0
LINE
8
BLACK
6
CONTINUOUS
10
6.0327363385826773
20
-2.9590418503937008
11
6.0324926771653544
21
-2.9590245669291337
0
LINE
8
BLACK
6
CONTINUOUS
10
6.0324926771653544
20
-2.9590245669291337
11
6.030616456692913
21
-2.9580864566929135
0
LINE
8
BLACK
6
CONTINUOUS
10
6.030616456692913
20
-2.9580864566929135
11
6.0303845669291336
21
-2.957819094488189
0
LINE
8
BLACK
6
CONTINUOUS
10
6.0303845669291336
20
-2.957819094488189
11
6.0300576771653542
21
-2.9576837007874017
0
LINE
8
BLACK
6
CONTINUOUS
10
6.0300576771653542
20
-2.9576837007874017
11
6.0291196062992123
21
-2.9567456299212598
0
LINE
8
BLACK
6
CONTINUOUS
10
6.0291196062992123
20
-2.9567456299212598
11
6.0289841732283467
21
-2.9564187007874017
0
LINE
8
BLACK
6
CONTINUOUS
10
6.0289841732283467
20
-2.9564187007874017
11
6.0287168503937005
21
-2.9561868503937005
0
LINE
8
BLACK
6
CONTINUOUS
10
6.0287168503937005
20
-2.9561868503937005
11
6.0277787401574798
21
-2.9543106299212596
0
LINE
8
BLACK
6
CONTINUOUS
10
6.0277787401574798
20
-2.9543106299212596
11
6.0277432677165352
21
-2.9538114566929132
0
LINE
8
BLACK
6
CONTINUOUS
10
6.0277432677165352
20
-2.9538114566929132
11
6.0275517716535436
21
-2.9533491338582678
0
LINE
8
BLACK
6
CONTINUOUS
10
6.0275517716535436
20
-2.9533491338582678
11
6.0275517716535436
21
-2.9514729527559056
0
LINE
8
BLACK
6
CONTINUOUS
10
6.0275517716535436
20
-2.9514729527559056
11
6.0277432677165352
21
-2.9510105511811022
0
LINE
8
BLACK
6
CONTINUOUS
10
6.0277432677165352
20
-2.9510105511811022
11
6.0277787795275586
21
-2.9505114173228346
0
LINE
8
BLACK
6
CONTINUOUS
10
6.0277787795275586
20
-2.9505114173228346
11
6.0287168503937005
21
-2.9486352362204724
0
LINE
8
BLACK
6
CONTINUOUS
10
6.0287168503937005
20
-2.9486352362204724
11
6.0289841732283467
21
-2.9484033858267717
0
LINE
8
BLACK
6
CONTINUOUS
10
6.0289841732283467
20
-2.9484033858267717
11
6.0291195669291335
21
-2.9480765354330707
0
LINE
8
BLACK
6
CONTINUOUS
10
6.0291195669291335
20
-2.9480765354330707
11
6.0300576377952755
21
-2.9471384251968504
0
LINE
8
BLACK
6
CONTINUOUS
10
6.0300576377952755
20
-2.9471384251968504
11
6.0303845669291336
21
-2.9470029921259844
0
LINE
8
BLACK
6
CONTINUOUS
10
6.0303845669291336
20
-2.9470029921259844
11
6.030616456692913
21
-2.9467356299212599
0
LINE
8
BLACK
6
CONTINUOUS
10
6.030616456692913
20
-2.9467356299212599
11
6.0324927165354332
21
-2.945797559055118
0
LINE
8
BLACK
6
CONTINUOUS
10
6.0324927165354332
20
-2.945797559055118
11
6.0327364173228348
21
-2.9457802362204726
0
LINE
8
BLACK
6
CONTINUOUS
10
6.0327364173228348
20
-2.9457802362204726
11
6.0329327165354325
21
-2.945634803149606
0
LINE
8
BLACK
6
CONTINUOUS
10
6.0329327165354325
20
-2.945634803149606
11
6.0366850393700782
21
-2.9446966929133858
0
LINE
8
BLACK
6
CONTINUOUS
10
6.0366850393700782
20
-2.9446966929133858
11
6.0369546456692911
21
-2.9447367716535431
0
LINE
8
BLACK
6
CONTINUOUS
10
6.0369546456692911
20
-2.9447367716535431
11
6.0372065354330706
21
-2.9446324803149606
0
LINE
8
BLACK
6
CONTINUOUS
10
6.0372065354330706
20
-2.9446324803149606
11
6.0418970078740157
21
-2.9446324803149606
0
LINE
8
BLACK
6
CONTINUOUS
10
6.0418970078740157
20
-2.9446324803149606
11
6.0421488582677165
21
-2.9447367716535431
0
LINE
8
BLACK
6
CONTINUOUS
10
6.0342046456692913
20
-2.949749094488189
11
6.0328514960629924
21
-2.9504256692913384
0
LINE
8
BLACK
6
CONTINUOUS
10
6.0328514960629924
20
-2.9504256692913384
11
6.0324068503937003
21
-2.9508703149606297
0
LINE
8
BLACK
6
CONTINUOUS
10
6.0324068503937003
20
-2.9508703149606297
11
6.0318517716535434
21
-2.9519804724409449
0
LINE
8
BLACK
6
CONTINUOUS
10
6.0318517716535434
20
-2.9519804724409449
11
6.0318517716535434
21
-2.9528415748031493
0
LINE
8
BLACK
6
CONTINUOUS
10
6.0318517716535434
20
-2.9528415748031493
11
6.032406889763779
21
-2.953951811023622
0
LINE
8
BLACK
6
CONTINUOUS
10
6.032406889763779
20
-2.953951811023622
11
6.0328514960629924
21
-2.9543964173228345
0
LINE
8
BLACK
6
CONTINUOUS
10
6.0328514960629924
20
-2.9543964173228345
11
6.0342044881889763
21
-2.9550729133858269
0
LINE
8
BLACK
6
CONTINUOUS
10
6.0342044881889763
20
-2.9550729133858269
11
6.03747125984252
21
-2.9558896062992126
0
LINE
8
BLACK
6
CONTINUOUS
10
6.03747125984252
20
-2.9558896062992126
11
6.0416322834645664
21
-2.9558896062992126
0
LINE
8
BLACK
6
CONTINUOUS
10
6.0416322834645664
20
-2.9558896062992126
11
6.0448990944881889
21
-2.9550728740157481
0
LINE
8
BLACK
6
CONTINUOUS
10
6.0448990944881889
20
-2.9550728740157481
11
6.0462520078740152
21
-2.9543964173228345
0
LINE
8
BLACK
6
CONTINUOUS
10
6.0462520078740152
20
-2.9543964173228345
11
6.0466966535433073
21
-2.9539517716535433
0
LINE
8
BLACK
6
CONTINUOUS
10
6.0466966535433073
20
-2.9539517716535433
11
6.047251771653543
21
-2.9528415748031493
0
LINE
8
BLACK
6
CONTINUOUS
10
6.047251771653543
20
-2.9528415748031493
11
6.047251771653543
21
-2.9519804724409449
0
LINE
8
BLACK
6
CONTINUOUS
10
6.047251771653543
20
-2.9519804724409449
11
6.0466966535433073
21
-2.9508702755905509
0
LINE
8
BLACK
6
CONTINUOUS
10
6.0466966535433073
20
-2.9508702755905509
11
6.0462520472440939
21
-2.9504256692913384
0
LINE
8
BLACK
6
CONTINUOUS
10
6.0462520472440939
20
-2.9504256692913384
11
6.0448988976377951
21
-2.949749094488189
0
LINE
8
BLACK
6
CONTINUOUS
10
6.0448988976377951
20
-2.949749094488189
11
6.0416324015748026
21
-2.9489324803149604
0
LINE
8
BLACK
6
CONTINUOUS
10
6.0416324015748026
20
-2.9489324803149604
11
6.0374712992125987
21
-2.9489324803149604
0
LINE
8
BLACK
6
CONTINUOUS
10
6.0374712992125987
20
-2.9489324803149604
11
6.0342046456692913
21
-2.949749094488189
0
LINE
8
BLACK
6
CONTINUOUS
10
6.2421488582677167
20
-2.9447367716535431
11
6.2424184645669287
21
-2.9446966929133858
0
LINE
8
BLACK
6
CONTINUOUS
10
6.2424184645669287
20
-2.9446966929133858
11
6.2461708661417319
21
-2.9456347637795277
0
LINE
8
BLACK
6
CONTINUOUS
10
6.2461708661417319
20
-2.9456347637795277
11
6.2463672047244092
21
-2.9457802362204726
0
LINE
8
BLACK
6
CONTINUOUS
10
6.2463672047244092
20
-2.9457802362204726
11
6.2466109055118109
21
-2.945797559055118
0
LINE
8
BLACK
6
CONTINUOUS
10
6.2466109055118109
20
-2.945797559055118
11
6.2484870866141735
21
-2.9467356299212599
0
LINE
8
BLACK
6
CONTINUOUS
10
6.2484870866141735
20
-2.9467356299212599
11
6.2487189370078742
21
-2.9470029527559056
0
LINE
8
BLACK
6
CONTINUOUS
10
6.2487189370078742
20
-2.9470029527559056
11
6.2490458661417323
21
-2.9471383858267717
0
LINE
8
BLACK
6
CONTINUOUS
10
6.2490458661417323
20
-2.9471383858267717
11
6.249983976377953
21
-2.9480764960629919
0
LINE
8
BLACK
6
CONTINUOUS
10
6.249983976377953
20
-2.9480764960629919
11
6.2501193700787399
21
-2.9484033858267717
0
LINE
8
BLACK
6
CONTINUOUS
10
6.2501193700787399
20
-2.9484033858267717
11
6.2503867322834648
21
-2.9486352755905512
0
LINE
8
BLACK
6
CONTINUOUS
10
6.2503867322834648
20
-2.9486352755905512
11
6.2513248031496058
21
-2.9505114566929134
0
LINE
8
BLACK
6
CONTINUOUS
10
6.2513248031496058
20
-2.9505114566929134
11
6.2513602362204725
21
-2.951010590551181
0
LINE
8
BLACK
6
CONTINUOUS
10
6.2513602362204725
20
-2.951010590551181
11
6.2515517716535429
21
-2.9514729527559056
0
LINE
8
BLACK
6
CONTINUOUS
10
6.2515517716535429
20
-2.9514729527559056
11
6.2515517716535429
21
-2.9533491338582678
0
LINE
8
BLACK
6
CONTINUOUS
10
6.2515517716535429
20
-2.9533491338582678
11
6.2513602362204725
21
-2.9538114566929132
0
LINE
8
BLACK
6
CONTINUOUS
10
6.2513602362204725
20
-2.9538114566929132
11
6.2513248031496058
21
-2.9543105905511808
0
LINE
8
BLACK
6
CONTINUOUS
10
6.2513248031496058
20
-2.9543105905511808
11
6.2503867322834648
21
-2.9561868503937005
0
LINE
8
BLACK
6
CONTINUOUS
10
6.2503867322834648
20
-2.9561868503937005
11
6.2501193307086611
21
-2.9564187007874017
0
LINE
8
BLACK
6
CONTINUOUS
10
6.2501193307086611
20
-2.9564187007874017
11
6.2499839370078742
21
-2.9567456692913385
0
LINE
8
BLACK
6
CONTINUOUS
10
6.2499839370078742
20
-2.9567456692913385
11
6.2490458267716535
21
-2.95768374015748
0
LINE
8
BLACK
6
CONTINUOUS
10
6.2490458267716535
20
-2.95768374015748
11
6.2487189370078742
21
-2.957819094488189
0
LINE
8
BLACK
6
CONTINUOUS
10
6.2487189370078742
20
-2.957819094488189
11
6.2484871259842523
21
-2.9580864566929135
0
LINE
8
BLACK
6
CONTINUOUS
10
6.2484871259842523
20
-2.9580864566929135
11
6.2466109448818896
21
-2.959024527559055
0
LINE
8
BLACK
6
CONTINUOUS
10
6.2466109448818896
20
-2.959024527559055
11
6.2463672047244092
21
-2.9590418503937008
0
LINE
8
BLACK
6
CONTINUOUS
10
6.2463672047244092
20
-2.9590418503937008
11
6.2461708267716531
21
-2.9591873622047244
0
LINE
8
BLACK
6
CONTINUOUS
10
6.2461708267716531
20
-2.9591873622047244
11
6.24241842519685
21
-2.960125433070866
0
LINE
8
BLACK
6
CONTINUOUS
10
6.24241842519685
20
-2.960125433070866
11
6.2421487795275592
21
-2.9600852755905511
0
LINE
8
BLACK
6
CONTINUOUS
10
6.2421487795275592
20
-2.9600852755905511
11
6.2418970078740159
21
-2.9601896062992124
0
LINE
8
BLACK
6
CONTINUOUS
10
6.2418970078740159
20
-2.9601896062992124
11
6.2372065354330708
21
-2.9601896062992124
0
LINE
8
BLACK
6
CONTINUOUS
10
6.2372065354330708
20
-2.9601896062992124
11
6.23695468503937
21
-2.9600852755905511
0
LINE
8
BLACK
6
CONTINUOUS
10
6.23695468503937
20
-2.9600852755905511
11
6.2366850787401571
21
-2.960125433070866
0
LINE
8
BLACK
6
CONTINUOUS
10
6.2366850787401571
20
-2.960125433070866
11
6.2329327165354327
21
-2.9591873622047244
0
LINE
8
BLACK
6
CONTINUOUS
10
6.2329327165354327
20
-2.9591873622047244
11
6.2327363385826766
21
-2.9590418503937008
0
LINE
8
BLACK
6
CONTINUOUS
10
6.2327363385826766
20
-2.9590418503937008
11
6.2324926771653546
21
-2.9590245669291337
0
LINE
8
BLACK
6
CONTINUOUS
10
6.2324926771653546
20
-2.9590245669291337
11
6.2306164566929132
21
-2.9580864566929135
0
LINE
8
BLACK
6
CONTINUOUS
10
6.2306164566929132
20
-2.9580864566929135
11
6.2303845669291338
21
-2.957819094488189
0
LINE
8
BLACK
6
CONTINUOUS
10
6.2303845669291338
20
-2.957819094488189
11
6.2300576771653544
21
-2.9576837007874017
0
LINE
8
BLACK
6
CONTINUOUS
10
6.2300576771653544
20
-2.9576837007874017
11
6.2291196062992125
21
-2.9567456299212598
0
LINE
8
BLACK
6
CONTINUOUS
10
6.2291196062992125
20
-2.9567456299212598
11
6.228984173228346
21
-2.9564187007874017
0
LINE
8
BLACK
6
CONTINUOUS
10
6.228984173228346
20
-2.9564187007874017
11
6.2287168503937007
21
-2.9561868503937005
0
LINE
8
BLACK
6
CONTINUOUS
10
6.2287168503937007
20
-2.9561868503937005
11
6.22777874015748
21
-2.9543106299212596
0
LINE
8
BLACK
6
CONTINUOUS
10
6.22777874015748
20
-2.9543106299212596
11
6.2277432677165354
21
-2.9538114566929132
0
LINE
8
BLACK
6
CONTINUOUS
10
6.2277432677165354
20
-2.9538114566929132
11
6.2275517716535429
21
-2.9533491338582678
0
LINE
8
BLACK
6
CONTINUOUS
10
6.2275517716535429
20
-2.9533491338582678
11
6.2275517716535429
21
-2.9514729527559056
0
LINE
8
BLACK
6
CONTINUOUS
10
6.2275517716535429
20
-2.9514729527559056
11
6.2277432677165354
21
-2.9510105511811022
0
LINE
8
BLACK
6
CONTINUOUS
10
6.2277432677165354
20
-2.9510105511811022
11
6.2277787795275588
21
-2.9505114173228346
0
LINE
8
BLACK
6
CONTINUOUS
10
6.2277787795275588
20
-2.9505114173228346
11
6.2287168503937007
21
-2.9486352362204724
0
LINE
8
BLACK
6
CONTINUOUS
10
6.2287168503937007
20
-2.9486352362204724
11
6.228984173228346
21
-2.9484033858267717
0
LINE
8
BLACK
6
CONTINUOUS
10
6.228984173228346
20
-2.9484033858267717
11
6.2291195669291337
21
-2.9480765354330707
0
LINE
8
BLACK
6
CONTINUOUS
10
6.2291195669291337
20
-2.9480765354330707
11
6.2300576377952757
21
-2.9471384251968504
0
LINE
8
BLACK
6
CONTINUOUS
10
6.2300576377952757
20
-2.9471384251968504
11
6.2303845669291338
21
-2.9470029921259844
0
LINE
8
BLACK
6
CONTINUOUS
10
6.2303845669291338
20
-2.9470029921259844
11
6.2306164566929132
21
-2.9467356299212599
0
LINE
8
BLACK
6
CONTINUOUS
10
6.2306164566929132
20
-2.9467356299212599
11
6.2324927165354334
21
-2.945797559055118
0
LINE
8
BLACK
6
CONTINUOUS
10
6.2324927165354334
20
-2.945797559055118
11
6.2327364173228341
21
-2.9457802362204726
0
LINE
8
BLACK
6
CONTINUOUS
10
6.2327364173228341
20
-2.9457802362204726
11
6.2329327165354327
21
-2.945634803149606
0
LINE
8
BLACK
6
CONTINUOUS
10
6.2329327165354327
20
-2.945634803149606
11
6.2366850393700783
21
-2.9446966929133858
0
LINE
8
BLACK
6
CONTINUOUS
10
6.2366850393700783
20
-2.9446966929133858
11
6.2369546456692913
21
-2.9447367716535431
0
LINE
8
BLACK
6
CONTINUOUS
10
6.2369546456692913
20
-2.9447367716535431
11
6.2372065354330708
21
-2.9446324803149606
0
LINE
8
BLACK
6
CONTINUOUS
10
6.2372065354330708
20
-2.9446324803149606
11
6.2418970078740159
21
-2.9446324803149606
0
LINE
8
BLACK
6
CONTINUOUS
10
6.2418970078740159
20
-2.9446324803149606
11
6.2421488582677167
21
-2.9447367716535431
0
LINE
8
BLACK
6
CONTINUOUS
10
6.2342046456692914
20
-2.949749094488189
11
6.2328514960629917
21
-2.9504256692913384
0
LINE
8
BLACK
6
CONTINUOUS
10
6.2328514960629917
20
-2.9504256692913384
11
6.2324068503937005
21
-2.9508703149606297
0
LINE
8
BLACK
6
CONTINUOUS
10
6.2324068503937005
20
-2.9508703149606297
11
6.2318517716535435
21
-2.9519804724409449
0
LINE
8
BLACK
6
CONTINUOUS
10
6.2318517716535435
20
-2.9519804724409449
11
6.2318517716535435
21
-2.9528415748031493
0
LINE
8
BLACK
6
CONTINUOUS
10
6.2318517716535435
20
-2.9528415748031493
11
6.2324068897637792
21
-2.953951811023622
0
LINE
8
BLACK
6
CONTINUOUS
10
6.2324068897637792
20
-2.953951811023622
11
6.2328514960629917
21
-2.9543964173228345
0
LINE
8
BLACK
6
CONTINUOUS
10
6.2328514960629917
20
-2.9543964173228345
11
6.2342044881889764
21
-2.9550729133858269
0
LINE
8
BLACK
6
CONTINUOUS
10
6.2342044881889764
20
-2.9550729133858269
11
6.2374712598425193
21
-2.9558896062992126
0
LINE
8
BLACK
6
CONTINUOUS
10
6.2374712598425193
20
-2.9558896062992126
11
6.2416322834645666
21
-2.9558896062992126
0
LINE
8
BLACK
6
CONTINUOUS
10
6.2416322834645666
20
-2.9558896062992126
11
6.244899094488189
21
-2.9550728740157481
0
LINE
8
BLACK
6
CONTINUOUS
10
6.244899094488189
20
-2.9550728740157481
11
6.2462520078740154
21
-2.9543964173228345
0
LINE
8
BLACK
6
CONTINUOUS
10
6.2462520078740154
20
-2.9543964173228345
11
6.2466966535433066
21
-2.9539517716535433
0
LINE
8
BLACK
6
CONTINUOUS
10
6.2466966535433066
20
-2.9539517716535433
11
6.2472517716535432
21
-2.9528415748031493
0
LINE
8
BLACK
6
CONTINUOUS
10
6.2472517716535432
20
-2.9528415748031493
11
6.2472517716535432
21
-2.9519804724409449
0
LINE
8
BLACK
6
CONTINUOUS
10
6.2472517716535432
20
-2.9519804724409449
11
6.2466966535433066
21
-2.9508702755905509
0
LINE
8
BLACK
6
CONTINUOUS
10
6.2466966535433066
20
-2.9508702755905509
11
6.2462520472440941
21
-2.9504256692913384
0
LINE
8
BLACK
6
CONTINUOUS
10
6.2462520472440941
20
-2.9504256692913384
11
6.2448988976377953
21
-2.949749094488189
0
LINE
8
BLACK
6
CONTINUOUS
10
6.2448988976377953
20
-2.949749094488189
11
6.2416324015748028
21
-2.9489324803149604
0
LINE
8
BLACK
6
CONTINUOUS
10
6.2416324015748028
20
-2.9489324803149604
11
6.237471299212598
21
-2.9489324803149604
0
LINE
8
BLACK
6
CONTINUOUS
10
6.237471299212598
20
-2.9489324803149604
11
6.2342046456692914
21
-2.949749094488189
0
LINE
8
BLACK
6
CONTINUOUS
10
6.0784220472440946
20
-2.9399431889763781
11
6.0790517716535435
21
-2.9414634645669291
0
LINE
8
BLACK
6
CONTINUOUS
10
6.0790517716535435
20
-2.9414634645669291
11
6.0784220472440946
21
-2.9429837401574801
0
LINE
8
BLACK
6
CONTINUOUS
10
6.0784220472440946
20
-2.9429837401574801
11
6.0769017716535432
21
-2.943613464566929
0
LINE
8
BLACK
6
CONTINUOUS
10
6.0769017716535432
20
-2.943613464566929
11
6.0696708267716533
21
-2.943613464566929
0
LINE
8
BLACK
6
CONTINUOUS
10
6.0696708267716533
20
-2.943613464566929
11
6.0696708267716533
21
-2.9450345275590553
0
LINE
8
BLACK
6
CONTINUOUS
10
6.0696708267716533
20
-2.9450345275590553
11
6.0781347244094484
21
-2.9509592519685039
0
LINE
8
BLACK
6
CONTINUOUS
10
6.0781347244094484
20
-2.9509592519685039
11
6.0790190551181098
21
-2.952346968503937
0
LINE
8
BLACK
6
CONTINUOUS
10
6.0790190551181098
20
-2.952346968503937
11
6.0786631102362207
21
-2.9539535433070867
0
LINE
8
BLACK
6
CONTINUOUS
10
6.0786631102362207
20
-2.9539535433070867
11
6.0772754330708656
21
-2.9548378740157482
0
LINE
8
BLACK
6
CONTINUOUS
10
6.0772754330708656
20
-2.9548378740157482
11
6.075668818897638
21
-2.9544819291338582
0
LINE
8
BLACK
6
CONTINUOUS
10
6.075668818897638
20
-2.9544819291338582
11
6.0693716929133856
21
-2.9500739370078741
0
LINE
8
BLACK
6
CONTINUOUS
10
6.0693716929133856
20
-2.9500739370078741
11
6.0685057086614176
21
-2.9518059448818899
0
LINE
8
BLACK
6
CONTINUOUS
10
6.0685057086614176
20
-2.9518059448818899
11
6.0682383858267714
21
-2.9520377559055118
0
LINE
8
BLACK
6
CONTINUOUS
10
6.0682383858267714
20
-2.9520377559055118
11
6.0681029921259837
21
-2.9523646850393699
0
LINE
8
BLACK
6
CONTINUOUS
10
6.0681029921259837
20
-2.9523646850393699
11
6.0671649212598426
21
-2.9533027559055118
0
LINE
8
BLACK
6
CONTINUOUS
10
6.0671649212598426
20
-2.9533027559055118
11
6.0668379921259845
21
-2.9534381496062991
0
LINE
8
BLACK
6
CONTINUOUS
10
6.0668379921259845
20
-2.9534381496062991
11
6.066606141732283
21
-2.9537055118110236
0
LINE
8
BLACK
6
CONTINUOUS
10
6.066606141732283
20
-2.9537055118110236
11
6.0647299212598424
21
-2.9546436220472438
0
LINE
8
BLACK
6
CONTINUOUS
10
6.0647299212598424
20
-2.9546436220472438
11
6.0642307480314956
21
-2.9546790551181101
0
LINE
8
BLACK
6
CONTINUOUS
10
6.0642307480314956
20
-2.9546790551181101
11
6.0637684251968507
21
-2.954870590551181
0
LINE
8
BLACK
6
CONTINUOUS
10
6.0637684251968507
20
-2.954870590551181
11
6.0609541732283461
21
-2.954870590551181
0
LINE
8
BLACK
6
CONTINUOUS
10
6.0609541732283461
20
-2.954870590551181
11
6.0604918110236223
21
-2.9546790551181101
0
LINE
8
BLACK
6
CONTINUOUS
10
6.0604918110236223
20
-2.9546790551181101
11
6.0599926771653543
21
-2.9546436220472438
0
LINE
8
BLACK
6
CONTINUOUS
10
6.0599926771653543
20
-2.9546436220472438
11
6.0581164566929129
21
-2.9537055118110236
0
LINE
8
BLACK
6
CONTINUOUS
10
6.0581164566929129
20
-2.9537055118110236
11
6.0578845669291335
21
-2.9534381496062991
0
LINE
8
BLACK
6
CONTINUOUS
10
6.0578845669291335
20
-2.9534381496062991
11
6.0575576771653541
21
-2.9533027559055118
0
LINE
8
BLACK
6
CONTINUOUS
10
6.0575576771653541
20
-2.9533027559055118
11
6.0566196062992121
21
-2.9523646850393699
0
LINE
8
BLACK
6
CONTINUOUS
10
6.0566196062992121
20
-2.9523646850393699
11
6.0564841732283465
21
-2.9520377952755905
0
LINE
8
BLACK
6
CONTINUOUS
10
6.0564841732283465
20
-2.9520377952755905
11
6.0562168503937004
21
-2.9518059448818899
0
LINE
8
BLACK
6
CONTINUOUS
10
6.0562168503937004
20
-2.9518059448818899
11
6.0552787795275593
21
-2.9499297637795276
0
LINE
8
BLACK
6
CONTINUOUS
10
6.0552787795275593
20
-2.9499297637795276
11
6.0552432677165351
21
-2.9494305905511808
0
LINE
8
BLACK
6
CONTINUOUS
10
6.0552432677165351
20
-2.9494305905511808
11
6.0550517716535435
21
-2.9489682283464567
0
LINE
8
BLACK
6
CONTINUOUS
10
6.0550517716535435
20
-2.9489682283464567
11
6.0550517716535435
21
-2.9414634645669291
0
LINE
8
BLACK
6
CONTINUOUS
10
6.0550517716535435
20
-2.9414634645669291
11
6.0556814960629923
21
-2.9399431889763781
0
LINE
8
BLACK
6
CONTINUOUS
10
6.0556814960629923
20
-2.9399431889763781
11
6.0572017716535429
21
-2.9393134645669292
0
LINE
8
BLACK
6
CONTINUOUS
10
6.0572017716535429
20
-2.9393134645669292
11
6.0769017716535432
21
-2.9393134645669292
0
LINE
8
BLACK
6
CONTINUOUS
10
6.0769017716535432
20
-2.9393134645669292
11
6.0784220472440946
21
-2.9399431889763781
0
LINE
8
BLACK
6
CONTINUOUS
10
6.0593517716535432
20
-2.9484606692913387
11
6.0599068110236223
21
-2.9495707874015746
0
LINE
8
BLACK
6
CONTINUOUS
10
6.0599068110236223
20
-2.9495707874015746
11
6.0603514960629923
21
-2.9500154724409446
0
LINE
8
BLACK
6
CONTINUOUS
10
6.0603514960629923
20
-2.9500154724409446
11
6.0614617322834645
21
-2.9505705905511812
0
LINE
8
BLACK
6
CONTINUOUS
10
6.0614617322834645
20
-2.9505705905511812
11
6.0632608661417322
21
-2.9505705905511812
0
LINE
8
BLACK
6
CONTINUOUS
10
6.0632608661417322
20
-2.9505705905511812
11
6.0643711023622044
21
-2.9500154724409446
0
LINE
8
BLACK
6
CONTINUOUS
10
6.0643711023622044
20
-2.9500154724409446
11
6.0648157086614169
21
-2.9495708267716534
0
LINE
8
BLACK
6
CONTINUOUS
10
6.0648157086614169
20
-2.9495708267716534
11
6.0653708267716535
21
-2.9484606299212599
0
LINE
8
BLACK
6
CONTINUOUS
10
6.0653708267716535
20
-2.9484606299212599
11
6.0653708267716535
21
-2.943613464566929
0
LINE
8
BLACK
6
CONTINUOUS
10
6.0653708267716535
20
-2.943613464566929
11
6.0593517716535432
21
-2.943613464566929
0
LINE
8
BLACK
6
CONTINUOUS
10
6.0593517716535432
20
-2.943613464566929
11
6.0593517716535432
21
-2.9484606692913387
0
LINE
8
BLACK
6
CONTINUOUS
10
6.1534220472440939
20
-2.9399431889763781
11
6.1540517716535428
21
-2.9414634645669291
0
LINE
8
BLACK
6
CONTINUOUS
10
6.1540517716535428
20
-2.9414634645669291
11
6.1534220472440939
21
-2.9429837401574801
0
LINE
8
BLACK
6
CONTINUOUS
10
6.1534220472440939
20
-2.9429837401574801
11
6.1519017716535433
21
-2.943613464566929
0
LINE
8
BLACK
6
CONTINUOUS
10
6.1519017716535433
20
-2.943613464566929
11
6.1446708267716534
21
-2.943613464566929
0
LINE
8
BLACK
6
CONTINUOUS
10
6.1446708267716534
20
-2.943613464566929
11
6.1446708267716534
21
-2.9450345275590553
0
LINE
8
BLACK
6
CONTINUOUS
10
6.1446708267716534
20
-2.9450345275590553
11
6.1531347244094485
21
-2.9509592519685039
0
LINE
8
BLACK
6
CONTINUOUS
10
6.1531347244094485
20
-2.9509592519685039
11
6.15401905511811
21
-2.952346968503937
0
LINE
8
BLACK
6
CONTINUOUS
10
6.15401905511811
20
-2.952346968503937
11
6.15366311023622
21
-2.9539535433070867
0
LINE
8
BLACK
6
CONTINUOUS
10
6.15366311023622
20
-2.9539535433070867
11
6.1522754330708658
21
-2.9548378740157482
0
LINE
8
BLACK
6
CONTINUOUS
10
6.1522754330708658
20
-2.9548378740157482
11
6.1506688188976373
21
-2.9544819291338582
0
LINE
8
BLACK
6
CONTINUOUS
10
6.1506688188976373
20
-2.9544819291338582
11
6.1443716929133858
21
-2.9500739370078741
0
LINE
8
BLACK
6
CONTINUOUS
10
6.1443716929133858
20
-2.9500739370078741
11
6.1435057086614169
21
-2.9518059448818899
0
LINE
8
BLACK
6
CONTINUOUS
10
6.1435057086614169
20
-2.9518059448818899
11
6.1432383858267716
21
-2.9520377559055118
0
LINE
8
BLACK
6
CONTINUOUS
10
6.1432383858267716
20
-2.9520377559055118
11
6.1431029921259839
21
-2.9523646850393699
0
LINE
8
BLACK
6
CONTINUOUS
10
6.1431029921259839
20
-2.9523646850393699
11
6.1421649212598428
21
-2.9533027559055118
0
LINE
8
BLACK
6
CONTINUOUS
10
6.1421649212598428
20
-2.9533027559055118
11
6.1418379921259838
21
-2.9534381496062991
0
LINE
8
BLACK
6
CONTINUOUS
10
6.1418379921259838
20
-2.9534381496062991
11
6.1416061417322831
21
-2.9537055118110236
0
LINE
8
BLACK
6
CONTINUOUS
10
6.1416061417322831
20
-2.9537055118110236
11
6.1397299212598426
21
-2.9546436220472438
0
LINE
8
BLACK
6
CONTINUOUS
10
6.1397299212598426
20
-2.9546436220472438
11
6.1392307480314958
21
-2.9546790551181101
0
LINE
8
BLACK
6
CONTINUOUS
10
6.1392307480314958
20
-2.9546790551181101
11
6.13876842519685
21
-2.954870590551181
0
LINE
8
BLACK
6
CONTINUOUS
10
6.13876842519685
20
-2.954870590551181
11
6.1359541732283462
21
-2.954870590551181
0
LINE
8
BLACK
6
CONTINUOUS
10
6.1359541732283462
20
-2.954870590551181
11
6.1354918110236216
21
-2.9546790551181101
0
LINE
8
BLACK
6
CONTINUOUS
10
6.1354918110236216
20
-2.9546790551181101
11
6.1349926771653545
21
-2.9546436220472438
0
LINE
8
BLACK
6
CONTINUOUS
10
6.1349926771653545
20
-2.9546436220472438
11
6.1331164566929131
21
-2.9537055118110236
0
LINE
8
BLACK
6
CONTINUOUS
10
6.1331164566929131
20
-2.9537055118110236
11
6.1328845669291336
21
-2.9534381496062991
0
LINE
8
BLACK
6
CONTINUOUS
10
6.1328845669291336
20
-2.9534381496062991
11
6.1325576771653543
21
-2.9533027559055118
0
LINE
8
BLACK
6
CONTINUOUS
10
6.1325576771653543
20
-2.9533027559055118
11
6.1316196062992123
21
-2.9523646850393699
0
LINE
8
BLACK
6
CONTINUOUS
10
6.1316196062992123
20
-2.9523646850393699
11
6.1314841732283467
21
-2.9520377952755905
0
LINE
8
BLACK
6
CONTINUOUS
10
6.1314841732283467
20
-2.9520377952755905
11
6.1312168503937006
21
-2.9518059448818899
0
LINE
8
BLACK
6
CONTINUOUS
10
6.1312168503937006
20
-2.9518059448818899
11
6.1302787795275586
21
-2.9499297637795276
0
LINE
8
BLACK
6
CONTINUOUS
10
6.1302787795275586
20
-2.9499297637795276
11
6.1302432677165353
21
-2.9494305905511808
0
LINE
8
BLACK
6
CONTINUOUS
10
6.1302432677165353
20
-2.9494305905511808
11
6.1300517716535428
21
-2.9489682283464567
0
LINE
8
BLACK
6
CONTINUOUS
10
6.1300517716535428
20
-2.9489682283464567
11
6.1300517716535428
21
-2.9414634645669291
0
LINE
8
BLACK
6
CONTINUOUS
10
6.1300517716535428
20
-2.9414634645669291
11
6.1306814960629916
21
-2.9399431889763781
0
LINE
8
BLACK
6
CONTINUOUS
10
6.1306814960629916
20
-2.9399431889763781
11
6.1322017716535431
21
-2.9393134645669292
0
LINE
8
BLACK
6
CONTINUOUS
10
6.1322017716535431
20
-2.9393134645669292
11
6.1519017716535433
21
-2.9393134645669292
0
LINE
8
BLACK
6
CONTINUOUS
10
6.1519017716535433
20
-2.9393134645669292
11
6.1534220472440939
21
-2.9399431889763781
0
LINE
8
BLACK
6
CONTINUOUS
10
6.1343517716535434
20
-2.9484606692913387
11
6.1349068110236216
21
-2.9495707874015746
0
LINE
8
BLACK
6
CONTINUOUS
10
6.1349068110236216
20
-2.9495707874015746
11
6.1353514960629916
21
-2.9500154724409446
0
LINE
8
BLACK
6
CONTINUOUS
10
6.1353514960629916
20
-2.9500154724409446
11
6.1364617322834647
21
-2.9505705905511812
0
LINE
8
BLACK
6
CONTINUOUS
10
6.1364617322834647
20
-2.9505705905511812
11
6.1382608661417324
21
-2.9505705905511812
0
LINE
8
BLACK
6
CONTINUOUS
10
6.1382608661417324
20
-2.9505705905511812
11
6.1393711023622046
21
-2.9500154724409446
0
LINE
8
BLACK
6
CONTINUOUS
10
6.1393711023622046
20
-2.9500154724409446
11
6.1398157086614171
21
-2.9495708267716534
0
LINE
8
BLACK
6
CONTINUOUS
10
6.1398157086614171
20
-2.9495708267716534
11
6.1403708267716537
21
-2.9484606299212599
0
LINE
8
BLACK
6
CONTINUOUS
10
6.1403708267716537
20
-2.9484606299212599
11
6.1403708267716537
21
-2.943613464566929
0
LINE
8
BLACK
6
CONTINUOUS
10
6.1403708267716537
20
-2.943613464566929
11
6.1343517716535434
21
-2.943613464566929
0
LINE
8
BLACK
6
CONTINUOUS
10
6.1343517716535434
20
-2.943613464566929
11
6.1343517716535434
21
-2.9484606692913387
0
LINE
8
BLACK
6
CONTINUOUS
10
6.2784220472440939
20
-2.9399431889763781
11
6.2790517716535428
21
-2.9414634645669291
0
LINE
8
BLACK
6
CONTINUOUS
10
6.2790517716535428
20
-2.9414634645669291
11
6.2784220472440939
21
-2.9429837401574801
0
LINE
8
BLACK
6
CONTINUOUS
10
6.2784220472440939
20
-2.9429837401574801
11
6.2769017716535433
21
-2.943613464566929
0
LINE
8
BLACK
6
CONTINUOUS
10
6.2769017716535433
20
-2.943613464566929
11
6.2696708267716534
21
-2.943613464566929
0
LINE
8
BLACK
6
CONTINUOUS
10
6.2696708267716534
20
-2.943613464566929
11
6.2696708267716534
21
-2.9450345275590553
0
LINE
8
BLACK
6
CONTINUOUS
10
6.2696708267716534
20
-2.9450345275590553
11
6.2781347244094485
21
-2.9509592519685039
0
LINE
8
BLACK
6
CONTINUOUS
10
6.2781347244094485
20
-2.9509592519685039
11
6.27901905511811
21
-2.952346968503937
0
LINE
8
BLACK
6
CONTINUOUS
10
6.27901905511811
20
-2.952346968503937
11
6.27866311023622
21
-2.9539535433070867
0
LINE
8
BLACK
6
CONTINUOUS
10
6.27866311023622
20
-2.9539535433070867
11
6.2772754330708658
21
-2.9548378740157482
0
LINE
8
BLACK
6
CONTINUOUS
10
6.2772754330708658
20
-2.9548378740157482
11
6.2756688188976373
21
-2.9544819291338582
0
LINE
8
BLACK
6
CONTINUOUS
10
6.2756688188976373
20
-2.9544819291338582
11
6.2693716929133858
21
-2.9500739370078741
0
LINE
8
BLACK
6
CONTINUOUS
10
6.2693716929133858
20
-2.9500739370078741
11
6.2685057086614169
21
-2.9518059448818899
0
LINE
8
BLACK
6
CONTINUOUS
10
6.2685057086614169
20
-2.9518059448818899
11
6.2682383858267716
21
-2.9520377559055118
0
LINE
8
BLACK
6
CONTINUOUS
10
6.2682383858267716
20
-2.9520377559055118
11
6.2681029921259839
21
-2.9523646850393699
0
LINE
8
BLACK
6
CONTINUOUS
10
6.2681029921259839
20
-2.9523646850393699
11
6.2671649212598428
21
-2.9533027559055118
0
LINE
8
BLACK
6
CONTINUOUS
10
6.2671649212598428
20
-2.9533027559055118
11
6.2668379921259838
21
-2.9534381496062991
0
LINE
8
BLACK
6
CONTINUOUS
10
6.2668379921259838
20
-2.9534381496062991
11
6.2666061417322831
21
-2.9537055118110236
0
LINE
8
BLACK
6
CONTINUOUS
10
6.2666061417322831
20
-2.9537055118110236
11
6.2647299212598426
21
-2.9546436220472438
0
LINE
8
BLACK
6
CONTINUOUS
10
6.2647299212598426
20
-2.9546436220472438
11
6.2642307480314958
21
-2.9546790551181101
0
LINE
8
BLACK
6
CONTINUOUS
10
6.2642307480314958
20
-2.9546790551181101
11
6.26376842519685
21
-2.954870590551181
0
LINE
8
BLACK
6
CONTINUOUS
10
6.26376842519685
20
-2.954870590551181
11
6.2609541732283462
21
-2.954870590551181
0
LINE
8
BLACK
6
CONTINUOUS
10
6.2609541732283462
20
-2.954870590551181
11
6.2604918110236216
21
-2.9546790551181101
0
LINE
8
BLACK
6
CONTINUOUS
10
6.2604918110236216
20
-2.9546790551181101
11
6.2599926771653545
21
-2.9546436220472438
0
LINE
8
BLACK
6
CONTINUOUS
10
6.2599926771653545
20
-2.9546436220472438
11
6.2581164566929131
21
-2.9537055118110236
0
LINE
8
BLACK
6
CONTINUOUS
10
6.2581164566929131
20
-2.9537055118110236
11
6.2578845669291336
21
-2.9534381496062991
0
LINE
8
BLACK
6
CONTINUOUS
10
6.2578845669291336
20
-2.9534381496062991
11
6.2575576771653543
21
-2.9533027559055118
0
LINE
8
BLACK
6
CONTINUOUS
10
6.2575576771653543
20
-2.9533027559055118
11
6.2566196062992123
21
-2.9523646850393699
0
LINE
8
BLACK
6
CONTINUOUS
10
6.2566196062992123
20
-2.9523646850393699
11
6.2564841732283467
21
-2.9520377952755905
0
LINE
8
BLACK
6
CONTINUOUS
10
6.2564841732283467
20
-2.9520377952755905
11
6.2562168503937006
21
-2.9518059448818899
0
LINE
8
BLACK
6
CONTINUOUS
10
6.2562168503937006
20
-2.9518059448818899
11
6.2552787795275586
21
-2.9499297637795276
0
LINE
8
BLACK
6
CONTINUOUS
10
6.2552787795275586
20
-2.9499297637795276
11
6.2552432677165353
21
-2.9494305905511808
0
LINE
8
BLACK
6
CONTINUOUS
10
6.2552432677165353
20
-2.9494305905511808
11
6.2550517716535428
21
-2.9489682283464567
0
LINE
8
BLACK
6
CONTINUOUS
10
6.2550517716535428
20
-2.9489682283464567
11
6.2550517716535428
21
-2.9414634645669291
0
LINE
8
BLACK
6
CONTINUOUS
10
6.2550517716535428
20
-2.9414634645669291
11
6.2556814960629916
21
-2.9399431889763781
0
LINE
8
BLACK
6
CONTINUOUS
10
6.2556814960629916
20
-2.9399431889763781
11
6.2572017716535431
21
-2.9393134645669292
0
LINE
8
BLACK
6
CONTINUOUS
10
6.2572017716535431
20
-2.9393134645669292
11
6.2769017716535433
21
-2.9393134645669292
0
LINE
8
BLACK
6
CONTINUOUS
10
6.2769017716535433
20
-2.9393134645669292
11
6.2784220472440939
21
-2.9399431889763781
0
LINE
8
BLACK
6
CONTINUOUS
10
6.2593517716535434
20
-2.9484606692913387
11
6.2599068110236216
21
-2.9495707874015746
0
LINE
8
BLACK
6
CONTINUOUS
10
6.2599068110236216
20
-2.9495707874015746
11
6.2603514960629916
21
-2.9500154724409446
0
LINE
8
BLACK
6
CONTINUOUS
10
6.2603514960629916
20
-2.9500154724409446
11
6.2614617322834647
21
-2.9505705905511812
0
LINE
8
BLACK
6
CONTINUOUS
10
6.2614617322834647
20
-2.9505705905511812
11
6.2632608661417324
21
-2.9505705905511812
0
LINE
8
BLACK
6
CONTINUOUS
10
6.2632608661417324
20
-2.9505705905511812
11
6.2643711023622046
21
-2.9500154724409446
0
LINE
8
BLACK
6
CONTINUOUS
10
6.2643711023622046
20
-2.9500154724409446
11
6.2648157086614171
21
-2.9495708267716534
0
LINE
8
BLACK
6
CONTINUOUS
10
6.2648157086614171
20
-2.9495708267716534
11
6.2653708267716537
21
-2.9484606299212599
0
LINE
8
BLACK
6
CONTINUOUS
10
6.2653708267716537
20
-2.9484606299212599
11
6.2653708267716537
21
-2.943613464566929
0
LINE
8
BLACK
6
CONTINUOUS
10
6.2653708267716537
20
-2.943613464566929
11
6.2593517716535434
21
-2.943613464566929
0
LINE
8
BLACK
6
CONTINUOUS
10
6.2593517716535434
20
-2.943613464566929
11
6.2593517716535434
21
-2.9484606692913387
0
LINE
8
BLACK
6
CONTINUOUS
10
6.3534220472440941
20
-2.9399431889763781
11
6.354051771653543
21
-2.9414634645669291
0
LINE
8
BLACK
6
CONTINUOUS
10
6.354051771653543
20
-2.9414634645669291
11
6.3534220472440941
21
-2.9429837401574801
0
LINE
8
BLACK
6
CONTINUOUS
10
6.3534220472440941
20
-2.9429837401574801
11
6.3519017716535435
21
-2.943613464566929
0
LINE
8
BLACK
6
CONTINUOUS
10
6.3519017716535435
20
-2.943613464566929
11
6.3446708267716536
21
-2.943613464566929
0
LINE
8
BLACK
6
CONTINUOUS
10
6.3446708267716536
20
-2.943613464566929
11
6.3446708267716536
21
-2.9450345275590553
0
LINE
8
BLACK
6
CONTINUOUS
10
6.3446708267716536
20
-2.9450345275590553
11
6.3531347244094487
21
-2.9509592519685039
0
LINE
8
BLACK
6
CONTINUOUS
10
6.3531347244094487
20
-2.9509592519685039
11
6.3540190551181102
21
-2.952346968503937
0
LINE
8
BLACK
6
CONTINUOUS
10
6.3540190551181102
20
-2.952346968503937
11
6.3536631102362202
21
-2.9539535433070867
0
LINE
8
BLACK
6
CONTINUOUS
10
6.3536631102362202
20
-2.9539535433070867
11
6.352275433070866
21
-2.9548378740157482
0
LINE
8
BLACK
6
CONTINUOUS
10
6.352275433070866
20
-2.9548378740157482
11
6.3506688188976375
21
-2.9544819291338582
0
LINE
8
BLACK
6
CONTINUOUS
10
6.3506688188976375
20
-2.9544819291338582
11
6.344371692913386
21
-2.9500739370078741
0
LINE
8
BLACK
6
CONTINUOUS
10
6.344371692913386
20
-2.9500739370078741
11
6.3435057086614171
21
-2.9518059448818899
0
LINE
8
BLACK
6
CONTINUOUS
10
6.3435057086614171
20
-2.9518059448818899
11
6.3432383858267718
21
-2.9520377559055118
0
LINE
8
BLACK
6
CONTINUOUS
10
6.3432383858267718
20
-2.9520377559055118
11
6.3431029921259841
21
-2.9523646850393699
0
LINE
8
BLACK
6
CONTINUOUS
10
6.3431029921259841
20
-2.9523646850393699
11
6.3421649212598421
21
-2.9533027559055118
0
LINE
8
BLACK
6
CONTINUOUS
10
6.3421649212598421
20
-2.9533027559055118
11
6.341837992125984
21
-2.9534381496062991
0
LINE
8
BLACK
6
CONTINUOUS
10
6.341837992125984
20
-2.9534381496062991
11
6.3416061417322833
21
-2.9537055118110236
0
LINE
8
BLACK
6
CONTINUOUS
10
6.3416061417322833
20
-2.9537055118110236
11
6.3397299212598428
21
-2.9546436220472438
0
LINE
8
BLACK
6
CONTINUOUS
10
6.3397299212598428
20
-2.9546436220472438
11
6.339230748031496
21
-2.9546790551181101
0
LINE
8
BLACK
6
CONTINUOUS
10
6.339230748031496
20
-2.9546790551181101
11
6.3387684251968501
21
-2.954870590551181
0
LINE
8
BLACK
6
CONTINUOUS
10
6.3387684251968501
20
-2.954870590551181
11
6.3359541732283464
21
-2.954870590551181
0
LINE
8
BLACK
6
CONTINUOUS
10
6.3359541732283464
20
-2.954870590551181
11
6.3354918110236218
21
-2.9546790551181101
0
LINE
8
BLACK
6
CONTINUOUS
10
6.3354918110236218
20
-2.9546790551181101
11
6.3349926771653537
21
-2.9546436220472438
0
LINE
8
BLACK
6
CONTINUOUS
10
6.3349926771653537
20
-2.9546436220472438
11
6.3331164566929132
21
-2.9537055118110236
0
LINE
8
BLACK
6
CONTINUOUS
10
6.3331164566929132
20
-2.9537055118110236
11
6.3328845669291338
21
-2.9534381496062991
0
LINE
8
BLACK
6
CONTINUOUS
10
6.3328845669291338
20
-2.9534381496062991
11
6.3325576771653544
21
-2.9533027559055118
0
LINE
8
BLACK
6
CONTINUOUS
10
6.3325576771653544
20
-2.9533027559055118
11
6.3316196062992125
21
-2.9523646850393699
0
LINE
8
BLACK
6
CONTINUOUS
10
6.3316196062992125
20
-2.9523646850393699
11
6.331484173228346
21
-2.9520377952755905
0
LINE
8
BLACK
6
CONTINUOUS
10
6.331484173228346
20
-2.9520377952755905
11
6.3312168503937007
21
-2.9518059448818899
0
LINE
8
BLACK
6
CONTINUOUS
10
6.3312168503937007
20
-2.9518059448818899
11
6.3302787795275588
21
-2.9499297637795276
0
LINE
8
BLACK
6
CONTINUOUS
10
6.3302787795275588
20
-2.9499297637795276
11
6.3302432677165354
21
-2.9494305905511808
0
LINE
8
BLACK
6
CONTINUOUS
10
6.3302432677165354
20
-2.9494305905511808
11
6.3300517716535429
21
-2.9489682283464567
0
LINE
8
BLACK
6
CONTINUOUS
10
6.3300517716535429
20
-2.9489682283464567
11
6.3300517716535429
21
-2.9414634645669291
0
LINE
8
BLACK
6
CONTINUOUS
10
6.3300517716535429
20
-2.9414634645669291
11
6.3306814960629918
21
-2.9399431889763781
0
LINE
8
BLACK
6
CONTINUOUS
10
6.3306814960629918
20
-2.9399431889763781
11
6.3322017716535433
21
-2.9393134645669292
0
LINE
8
BLACK
6
CONTINUOUS
10
6.3322017716535433
20
-2.9393134645669292
11
6.3519017716535435
21
-2.9393134645669292
0
LINE
8
BLACK
6
CONTINUOUS
10
6.3519017716535435
20
-2.9393134645669292
11
6.3534220472440941
21
-2.9399431889763781
0
LINE
8
BLACK
6
CONTINUOUS
10
6.3343517716535436
20
-2.9484606692913387
11
6.3349068110236217
21
-2.9495707874015746
0
LINE
8
BLACK
6
CONTINUOUS
10
6.3349068110236217
20
-2.9495707874015746
11
6.3353514960629917
21
-2.9500154724409446
0
LINE
8
BLACK
6
CONTINUOUS
10
6.3353514960629917
20
-2.9500154724409446
11
6.336461732283464
21
-2.9505705905511812
0
LINE
8
BLACK
6
CONTINUOUS
10
6.336461732283464
20
-2.9505705905511812
11
6.3382608661417326
21
-2.9505705905511812
0
LINE
8
BLACK
6
CONTINUOUS
10
6.3382608661417326
20
-2.9505705905511812
11
6.3393711023622048
21
-2.9500154724409446
0
LINE
8
BLACK
6
CONTINUOUS
10
6.3393711023622048
20
-2.9500154724409446
11
6.3398157086614173
21
-2.9495708267716534
0
LINE
8
BLACK
6
CONTINUOUS
10
6.3398157086614173
20
-2.9495708267716534
11
6.340370826771653
21
-2.9484606299212599
0
LINE
8
BLACK
6
CONTINUOUS
10
6.340370826771653
20
-2.9484606299212599
11
6.340370826771653
21
-2.943613464566929
0
LINE
8
BLACK
6
CONTINUOUS
10
6.340370826771653
20
-2.943613464566929
11
6.3343517716535436
21
-2.943613464566929
0
LINE
8
BLACK
6
CONTINUOUS
10
6.3343517716535436
20
-2.943613464566929
11
6.3343517716535436
21
-2.9484606692913387
0
LINE
8
BLACK
6
CONTINUOUS
10
6.1809220472440947
20
-2.9365003149606297
11
6.1815517716535435
21
-2.9380205905511811
0
LINE
8
BLACK
6
CONTINUOUS
10
6.1815517716535435
20
-2.9380205905511811
11
6.1815517716535435
21
-2.9492777165354331
0
LINE
8
BLACK
6
CONTINUOUS
10
6.1815517716535435
20
-2.9492777165354331
11
6.1809220472440947
21
-2.9507979921259841
0
LINE
8
BLACK
6
CONTINUOUS
10
6.1809220472440947
20
-2.9507979921259841
11
6.1794017716535432
21
-2.951427716535433
0
LINE
8
BLACK
6
CONTINUOUS
10
6.1794017716535432
20
-2.951427716535433
11
6.1778814960629918
21
-2.9507979921259841
0
LINE
8
BLACK
6
CONTINUOUS
10
6.1778814960629918
20
-2.9507979921259841
11
6.1772517716535429
21
-2.9492777165354331
0
LINE
8
BLACK
6
CONTINUOUS
10
6.1772517716535429
20
-2.9492777165354331
11
6.1772517716535429
21
-2.9457991732283464
0
LINE
8
BLACK
6
CONTINUOUS
10
6.1772517716535429
20
-2.9457991732283464
11
6.1597017716535429
21
-2.9457991732283464
0
LINE
8
BLACK
6
CONTINUOUS
10
6.1597017716535429
20
-2.9457991732283464
11
6.159497204724409
21
-2.9457144488188978
0
LINE
8
BLACK
6
CONTINUOUS
10
6.159497204724409
20
-2.9457144488188978
11
6.1592801181102361
21
-2.9457574015748031
0
LINE
8
BLACK
6
CONTINUOUS
10
6.1592801181102361
20
-2.9457574015748031
11
6.1587599606299213
21
-2.9454090551181102
0
LINE
8
BLACK
6
CONTINUOUS
10
6.1587599606299213
20
-2.9454090551181102
11
6.1581814960629924
21
-2.9451694488188975
0
LINE
8
BLACK
6
CONTINUOUS
10
6.1581814960629924
20
-2.9451694488188975
11
6.1580967716535433
21
-2.9449649212598423
0
LINE
8
BLACK
6
CONTINUOUS
10
6.1580967716535433
20
-2.9449649212598423
11
6.1579128740157483
21
-2.9448417716535431
0
LINE
8
BLACK
6
CONTINUOUS
10
6.1579128740157483
20
-2.9448417716535431
11
6.1577913779527558
21
-2.9442276377952754
0
LINE
8
BLACK
6
CONTINUOUS
10
6.1577913779527558
20
-2.9442276377952754
11
6.1575517716535435
21
-2.9436491732283465
0
LINE
8
BLACK
6
CONTINUOUS
10
6.1575517716535435
20
-2.9436491732283465
11
6.1576364566929129
21
-2.9434446062992126
0
LINE
8
BLACK
6
CONTINUOUS
10
6.1576364566929129
20
-2.9434446062992126
11
6.1575935433070867
21
-2.9432275196850393
0
LINE
8
BLACK
6
CONTINUOUS
10
6.1575935433070867
20
-2.9432275196850393
11
6.1579418503937005
21
-2.9427073622047244
0
LINE
8
BLACK
6
CONTINUOUS
10
6.1579418503937005
20
-2.9427073622047244
11
6.1581814960629924
21
-2.9421288976377951
0
LINE
8
BLACK
6
CONTINUOUS
10
6.1581814960629924
20
-2.9421288976377951
11
6.1583859842519679
21
-2.9420441732283464
0
LINE
8
BLACK
6
CONTINUOUS
10
6.1583859842519679
20
-2.9420441732283464
11
6.1585091732283459
21
-2.941860275590551
0
LINE
8
BLACK
6
CONTINUOUS
10
6.1585091732283459
20
-2.941860275590551
11
6.161146338582677
21
-2.9401020866141732
0
LINE
8
BLACK
6
CONTINUOUS
10
6.161146338582677
20
-2.9401020866141732
11
6.1626252362204719
21
-2.9386231889763779
0
LINE
8
BLACK
6
CONTINUOUS
10
6.1626252362204719
20
-2.9386231889763779
11
6.1634073228346455
21
-2.9370590551181102
0
LINE
8
BLACK
6
CONTINUOUS
10
6.1634073228346455
20
-2.9370590551181102
11
6.164650472440945
21
-2.9359809448818899
0
LINE
8
BLACK
6
CONTINUOUS
10
6.164650472440945
20
-2.9359809448818899
11
6.1662918897637793
21
-2.9360975984251967
0
LINE
8
BLACK
6
CONTINUOUS
10
6.1662918897637793
20
-2.9360975984251967
11
6.1673700393700788
21
-2.9373407086614174
0
LINE
8
BLACK
6
CONTINUOUS
10
6.1673700393700788
20
-2.9373407086614174
11
6.1672533464566932
21
-2.9389821259842517
0
LINE
8
BLACK
6
CONTINUOUS
10
6.1672533464566932
20
-2.9389821259842517
11
6.1663152362204725
21
-2.9408583070866139
0
LINE
8
BLACK
6
CONTINUOUS
10
6.1663152362204725
20
-2.9408583070866139
11
6.1660479133858264
21
-2.9410901181102362
0
LINE
8
BLACK
6
CONTINUOUS
10
6.1660479133858264
20
-2.9410901181102362
11
6.1659125196850395
21
-2.9414170472440944
0
LINE
8
BLACK
6
CONTINUOUS
10
6.1659125196850395
20
-2.9414170472440944
11
6.1658303937007872
21
-2.9414991732283462
0
LINE
8
BLACK
6
CONTINUOUS
10
6.1658303937007872
20
-2.9414991732283462
11
6.1772517716535429
21
-2.9414991732283462
0
LINE
8
BLACK
6
CONTINUOUS
10
6.1772517716535429
20
-2.9414991732283462
11
6.1772517716535429
21
-2.9380205905511811
0
LINE
8
BLACK
6
CONTINUOUS
10
6.1772517716535429
20
-2.9380205905511811
11
6.1778814960629918
21
-2.9365003149606297
0
LINE
8
BLACK
6
CONTINUOUS
10
6.1778814960629918
20
-2.9365003149606297
11
6.1794017716535432
21
-2.9358705905511808
0
LINE
8
BLACK
6
CONTINUOUS
10
6.1794017716535432
20
-2.9358705905511808
11
6.1809220472440947
21
-2.9365003149606297
0
LINE
8
BLACK
6
CONTINUOUS
10
6.380922047244094
20
-2.9365003149606297
11
6.3815517716535428
21
-2.9380205905511811
0
LINE
8
BLACK
6
CONTINUOUS
10
6.3815517716535428
20
-2.9380205905511811
11
6.3815517716535428
21
-2.9492777165354331
0
LINE
8
BLACK
6
CONTINUOUS
10
6.3815517716535428
20
-2.9492777165354331
11
6.380922047244094
21
-2.9507979921259841
0
LINE
8
BLACK
6
CONTINUOUS
10
6.380922047244094
20
-2.9507979921259841
11
6.3794017716535434
21
-2.951427716535433
0
LINE
8
BLACK
6
CONTINUOUS
10
6.3794017716535434
20
-2.951427716535433
11
6.3778814960629919
21
-2.9507979921259841
0
LINE
8
BLACK
6
CONTINUOUS
10
6.3778814960629919
20
-2.9507979921259841
11
6.3772517716535431
21
-2.9492777165354331
0
LINE
8
BLACK
6
CONTINUOUS
10
6.3772517716535431
20
-2.9492777165354331
11
6.3772517716535431
21
-2.9457991732283464
0
LINE
8
BLACK
6
CONTINUOUS
10
6.3772517716535431
20
-2.9457991732283464
11
6.3597017716535431
21
-2.9457991732283464
0
LINE
8
BLACK
6
CONTINUOUS
10
6.3597017716535431
20
-2.9457991732283464
11
6.3594972047244092
21
-2.9457144488188978
0
LINE
8
BLACK
6
CONTINUOUS
10
6.3594972047244092
20
-2.9457144488188978
11
6.3592801181102363
21
-2.9457574015748031
0
LINE
8
BLACK
6
CONTINUOUS
10
6.3592801181102363
20
-2.9457574015748031
11
6.3587599606299214
21
-2.9454090551181102
0
LINE
8
BLACK
6
CONTINUOUS
10
6.3587599606299214
20
-2.9454090551181102
11
6.3581814960629917
21
-2.9451694488188975
0
LINE
8
BLACK
6
CONTINUOUS
10
6.3581814960629917
20
-2.9451694488188975
11
6.3580967716535435
21
-2.9449649212598423
0
LINE
8
BLACK
6
CONTINUOUS
10
6.3580967716535435
20
-2.9449649212598423
11
6.3579128740157476
21
-2.9448417716535431
0
LINE
8
BLACK
6
CONTINUOUS
10
6.3579128740157476
20
-2.9448417716535431
11
6.357791377952756
21
-2.9442276377952754
0
LINE
8
BLACK
6
CONTINUOUS
10
6.357791377952756
20
-2.9442276377952754
11
6.3575517716535428
21
-2.9436491732283465
0
LINE
8
BLACK
6
CONTINUOUS
10
6.3575517716535428
20
-2.9436491732283465
11
6.3576364566929131
21
-2.9434446062992126
0
LINE
8
BLACK
6
CONTINUOUS
10
6.3576364566929131
20
-2.9434446062992126
11
6.357593543307086
21
-2.9432275196850393
0
LINE
8
BLACK
6
CONTINUOUS
10
6.357593543307086
20
-2.9432275196850393
11
6.3579418503937006
21
-2.9427073622047244
0
LINE
8
BLACK
6
CONTINUOUS
10
6.3579418503937006
20
-2.9427073622047244
11
6.3581814960629917
21
-2.9421288976377951
0
LINE
8
BLACK
6
CONTINUOUS
10
6.3581814960629917
20
-2.9421288976377951
11
6.3583859842519681
21
-2.9420441732283464
0
LINE
8
BLACK
6
CONTINUOUS
10
6.3583859842519681
20
-2.9420441732283464
11
6.3585091732283461
21
-2.941860275590551
0
LINE
8
BLACK
6
CONTINUOUS
10
6.3585091732283461
20
-2.941860275590551
11
6.3611463385826772
21
-2.9401020866141732
0
LINE
8
BLACK
6
CONTINUOUS
10
6.3611463385826772
20
-2.9401020866141732
11
6.362625236220472
21
-2.9386231889763779
0
LINE
8
BLACK
6
CONTINUOUS
10
6.362625236220472
20
-2.9386231889763779
11
6.3634073228346457
21
-2.9370590551181102
0
LINE
8
BLACK
6
CONTINUOUS
10
6.3634073228346457
20
-2.9370590551181102
11
6.3646504724409452
21
-2.9359809448818899
0
LINE
8
BLACK
6
CONTINUOUS
10
6.3646504724409452
20
-2.9359809448818899
11
6.3662918897637795
21
-2.9360975984251967
0
LINE
8
BLACK
6
CONTINUOUS
10
6.3662918897637795
20
-2.9360975984251967
11
6.3673700393700789
21
-2.9373407086614174
0
LINE
8
BLACK
6
CONTINUOUS
10
6.3673700393700789
20
-2.9373407086614174
11
6.3672533464566925
21
-2.9389821259842517
0
LINE
8
BLACK
6
CONTINUOUS
10
6.3672533464566925
20
-2.9389821259842517
11
6.3663152362204727
21
-2.9408583070866139
0
LINE
8
BLACK
6
CONTINUOUS
10
6.3663152362204727
20
-2.9408583070866139
11
6.3660479133858265
21
-2.9410901181102362
0
LINE
8
BLACK
6
CONTINUOUS
10
6.3660479133858265
20
-2.9410901181102362
11
6.3659125196850388
21
-2.9414170472440944
0
LINE
8
BLACK
6
CONTINUOUS
10
6.3659125196850388
20
-2.9414170472440944
11
6.3658303937007874
21
-2.9414991732283462
0
LINE
8
BLACK
6
CONTINUOUS
10
6.3658303937007874
20
-2.9414991732283462
11
6.3772517716535431
21
-2.9414991732283462
0
LINE
8
BLACK
6
CONTINUOUS
10
6.3772517716535431
20
-2.9414991732283462
11
6.3772517716535431
21
-2.9380205905511811
0
LINE
8
BLACK
6
CONTINUOUS
10
6.3772517716535431
20
-2.9380205905511811
11
6.3778814960629919
21
-2.9365003149606297
0
LINE
8
BLACK
6
CONTINUOUS
10
6.3778814960629919
20
-2.9365003149606297
11
6.3794017716535434
21
-2.9358705905511808
0
LINE
8
BLACK
6
CONTINUOUS
10
6.3794017716535434
20
-2.9358705905511808
11
6.380922047244094
21
-2.9365003149606297
0
LINE
8
BLACK
6
CONTINUOUS
10
6.0858953149606299
20
-2.8931187795275588
11
6.086024566929134
21
-2.8930960236220473
0
LINE
8
BLACK
6
CONTINUOUS
10
6.086024566929134
20
-2.8930960236220473
11
6.086138149606299
21
-2.8931616141732284
0
LINE
8
BLACK
6
CONTINUOUS
10
6.086138149606299
20
-2.8931616141732284
11
6.0865217322834644
21
-2.8932292519685037
0
LINE
8
BLACK
6
CONTINUOUS
10
6.0865217322834644
20
-2.8932292519685037
11
6.0871094094488187
21
-2.8937223622047243
0
LINE
8
BLACK
6
CONTINUOUS
10
6.0871094094488187
20
-2.8937223622047243
11
6.0877737401574805
21
-2.8941059448818898
0
LINE
8
BLACK
6
CONTINUOUS
10
6.0877737401574805
20
-2.8941059448818898
11
6.0878648425196848
21
-2.8943562598425197
0
LINE
8
BLACK
6
CONTINUOUS
10
6.0878648425196848
20
-2.8943562598425197
11
6.0880689763779525
21
-2.8945275590551178
0
LINE
8
BLACK
6
CONTINUOUS
10
6.0880689763779525
20
-2.8945275590551178
11
6.0882022047244089
21
-2.8952831102362202
0
LINE
8
BLACK
6
CONTINUOUS
10
6.0882022047244089
20
-2.8952831102362202
11
6.088464566929134
21
-2.8960039370078738
0
LINE
8
BLACK
6
CONTINUOUS
10
6.088464566929134
20
-2.8960039370078738
11
6.088464566929134
21
-2.9360039370078739
0
LINE
8
BLACK
6
CONTINUOUS
10
6.088464566929134
20
-2.9360039370078739
11
6.0882864960629917
21
-2.9370138582677163
0
LINE
8
BLACK
6
CONTINUOUS
10
6.0882864960629917
20
-2.9370138582677163
11
6.0869881889763775
21
-2.9385611023622045
0
LINE
8
BLACK
6
CONTINUOUS
10
6.0869881889763775
20
-2.9385611023622045
11
6.0849990551181099
21
-2.9389118503937008
0
LINE
8
BLACK
6
CONTINUOUS
10
6.0849990551181099
20
-2.9389118503937008
11
6.0832498818897633
21
-2.9379019291338584
0
LINE
8
BLACK
6
CONTINUOUS
10
6.0832498818897633
20
-2.9379019291338584
11
6.0825590551181099
21
-2.9360039370078739
0
LINE
8
BLACK
6
CONTINUOUS
10
6.0825590551181099
20
-2.9360039370078739
11
6.0825590551181099
21
-2.8989566929133859
0
LINE
8
BLACK
6
CONTINUOUS
10
6.0825590551181099
20
-2.8989566929133859
11
6.0284645669291335
21
-2.8989566929133859
0
LINE
8
BLACK
6
CONTINUOUS
10
6.0284645669291335
20
-2.8989566929133859
11
6.0284645669291335
21
-2.9319268503937006
0
LINE
8
BLACK
6
CONTINUOUS
10
6.0284645669291335
20
-2.9319268503937006
11
6.028509173228346
21
-2.9318602755905512
0
LINE
8
BLACK
6
CONTINUOUS
10
6.028509173228346
20
-2.9318602755905512
11
6.0311463385826771
21
-2.9301020866141734
0
LINE
8
BLACK
6
CONTINUOUS
10
6.0311463385826771
20
-2.9301020866141734
11
6.032625236220472
21
-2.9286231889763781
0
LINE
8
BLACK
6
CONTINUOUS
10
6.032625236220472
20
-2.9286231889763781
11
6.0334073228346456
21
-2.9270590551181104
0
LINE
8
BLACK
6
CONTINUOUS
10
6.0334073228346456
20
-2.9270590551181104
11
6.0346504724409451
21
-2.9259809448818896
0
LINE
8
BLACK
6
CONTINUOUS
10
6.0346504724409451
20
-2.9259809448818896
11
6.0362918897637794
21
-2.9260975984251969
0
LINE
8
BLACK
6
CONTINUOUS
10
6.0362918897637794
20
-2.9260975984251969
11
6.0373700393700789
21
-2.9273407086614172
0
LINE
8
BLACK
6
CONTINUOUS
10
6.0373700393700789
20
-2.9273407086614172
11
6.0372533464566924
21
-2.9289821259842519
0
LINE
8
BLACK
6
CONTINUOUS
10
6.0372533464566924
20
-2.9289821259842519
11
6.0363152362204726
21
-2.9308583070866141
0
LINE
8
BLACK
6
CONTINUOUS
10
6.0363152362204726
20
-2.9308583070866141
11
6.0360479133858265
21
-2.931090118110236
0
LINE
8
BLACK
6
CONTINUOUS
10
6.0360479133858265
20
-2.931090118110236
11
6.0359125196850396
21
-2.9314170472440946
0
LINE
8
BLACK
6
CONTINUOUS
10
6.0359125196850396
20
-2.9314170472440946
11
6.0358303937007873
21
-2.9314991732283464
0
LINE
8
BLACK
6
CONTINUOUS
10
6.0358303937007873
20
-2.9314991732283464
11
6.047251771653543
21
-2.9314991732283464
0
LINE
8
BLACK
6
CONTINUOUS
10
6.047251771653543
20
-2.9314991732283464
11
6.047251771653543
21
-2.9280205905511809
0
LINE
8
BLACK
6
CONTINUOUS
10
6.047251771653543
20
-2.9280205905511809
11
6.0478814960629919
21
-2.9265003149606299
0
LINE
8
BLACK
6
CONTINUOUS
10
6.0478814960629919
20
-2.9265003149606299
11
6.0494017716535433
21
-2.925870590551181
0
LINE
8
BLACK
6
CONTINUOUS
10
6.0494017716535433
20
-2.925870590551181
11
6.0509220472440948
21
-2.9265003149606299
0
LINE
8
BLACK
6
CONTINUOUS
10
6.0509220472440948
20
-2.9265003149606299
11
6.0515517716535427
21
-2.9280205905511809
0
LINE
8
BLACK
6
CONTINUOUS
10
6.0515517716535427
20
-2.9280205905511809
11
6.0515517716535427
21
-2.9392777165354329
0
LINE
8
BLACK
6
CONTINUOUS
10
6.0515517716535427
20
-2.9392777165354329
11
6.0509220472440948
21
-2.9407979921259844
0
LINE
8
BLACK
6
CONTINUOUS
10
6.0509220472440948
20
-2.9407979921259844
11
6.0494017716535433
21
-2.9414277165354332
0
LINE
8
BLACK
6
CONTINUOUS
10
6.0494017716535433
20
-2.9414277165354332
11
6.0478814960629919
21
-2.9407979921259844
0
LINE
8
BLACK
6
CONTINUOUS
10
6.0478814960629919
20
-2.9407979921259844
11
6.047251771653543
21
-2.9392777165354329
0
LINE
8
BLACK
6
CONTINUOUS
10
6.047251771653543
20
-2.9392777165354329
11
6.047251771653543
21
-2.9357991732283466
0
LINE
8
BLACK
6
CONTINUOUS
10
6.047251771653543
20
-2.9357991732283466
11
6.029701771653543
21
-2.9357991732283466
0
LINE
8
BLACK
6
CONTINUOUS
10
6.029701771653543
20
-2.9357991732283466
11
6.0294972047244091
21
-2.9357144488188975
0
LINE
8
BLACK
6
CONTINUOUS
10
6.0294972047244091
20
-2.9357144488188975
11
6.0292801181102362
21
-2.9357574015748029
0
LINE
8
BLACK
6
CONTINUOUS
10
6.0292801181102362
20
-2.9357574015748029
11
6.0287599606299214
21
-2.93540905511811
0
LINE
8
BLACK
6
CONTINUOUS
10
6.0287599606299214
20
-2.93540905511811
11
6.0284645669291335
21
-2.9352866929133858
0
LINE
8
BLACK
6
CONTINUOUS
10
6.0284645669291335
20
-2.9352866929133858
11
6.0284645669291335
21
-2.9360039370078739
0
LINE
8
BLACK
6
CONTINUOUS
10
6.0284645669291335
20
-2.9360039370078739
11
6.0282864960629921
21
-2.9370138582677163
0
LINE
8
BLACK
6
CONTINUOUS
10
6.0282864960629921
20
-2.9370138582677163
11
6.0269881889763779
21
-2.9385611023622045
0
LINE
8
BLACK
6
CONTINUOUS
10
6.0269881889763779
20
-2.9385611023622045
11
6.0249990551181103
21
-2.9389118503937008
0
LINE
8
BLACK
6
CONTINUOUS
10
6.0249990551181103
20
-2.9389118503937008
11
6.0232498818897637
21
-2.9379019291338584
0
LINE
8
BLACK
6
CONTINUOUS
10
6.0232498818897637
20
-2.9379019291338584
11
6.0225590551181103
21
-2.9360039370078739
0
LINE
8
BLACK
6
CONTINUOUS
10
6.0225590551181103
20
-2.9360039370078739
11
6.0225590551181103
21
-2.8960039370078738
0
LINE
8
BLACK
6
CONTINUOUS
10
6.0225590551181103
20
-2.8960039370078738
11
6.0226266535433073
21
-2.8956203937007872
0
LINE
8
BLACK
6
CONTINUOUS
10
6.0226266535433073
20
-2.8956203937007872
11
6.0226038976377954
21
-2.8954911811023623
0
LINE
8
BLACK
6
CONTINUOUS
10
6.0226038976377954
20
-2.8954911811023623
11
6.022669488188976
21
-2.8953775590551181
0
LINE
8
BLACK
6
CONTINUOUS
10
6.022669488188976
20
-2.8953775590551181
11
6.0227371259842517
21
-2.8949940157480314
0
LINE
8
BLACK
6
CONTINUOUS
10
6.0227371259842517
20
-2.8949940157480314
11
6.0232302362204724
21
-2.8944062992125983
0
LINE
8
BLACK
6
CONTINUOUS
10
6.0232302362204724
20
-2.8944062992125983
11
6.0236138188976378
21
-2.8937420078740157
0
LINE
8
BLACK
6
CONTINUOUS
10
6.0236138188976378
20
-2.8937420078740157
11
6.0238641338582672
21
-2.8936508661417322
0
LINE
8
BLACK
6
CONTINUOUS
10
6.0238641338582672
20
-2.8936508661417322
11
6.0240354330708659
21
-2.8934467716535432
0
LINE
8
BLACK
6
CONTINUOUS
10
6.0240354330708659
20
-2.8934467716535432
11
6.0247909842519682
21
-2.8933135039370077
0
LINE
8
BLACK
6
CONTINUOUS
10
6.0247909842519682
20
-2.8933135039370077
11
6.0255118110236223
21
-2.8930511811023623
0
LINE
8
BLACK
6
CONTINUOUS
10
6.0255118110236223
20
-2.8930511811023623
11
6.0855118110236219
21
-2.8930511811023623
0
LINE
8
BLACK
6
CONTINUOUS
10
6.0855118110236219
20
-2.8930511811023623
11
6.0858953149606299
21
-2.8931187795275588
0
LINE
8
BLACK
6
CONTINUOUS
10
6.28589531496063
20
-2.8931187795275588
11
6.2860245669291341
21
-2.8930960236220473
0
LINE
8
BLACK
6
CONTINUOUS
10
6.2860245669291341
20
-2.8930960236220473
11
6.2861381496062991
21
-2.8931616141732284
0
LINE
8
BLACK
6
CONTINUOUS
10
6.2861381496062991
20
-2.8931616141732284
11
6.2865217322834646
21
-2.8932292519685037
0
LINE
8
BLACK
6
CONTINUOUS
10
6.2865217322834646
20
-2.8932292519685037
11
6.2871094094488189
21
-2.8937223622047243
0
LINE
8
BLACK
6
CONTINUOUS
10
6.2871094094488189
20
-2.8937223622047243
11
6.2877737401574798
21
-2.8941059448818898
0
LINE
8
BLACK
6
CONTINUOUS
10
6.2877737401574798
20
-2.8941059448818898
11
6.287864842519685
21
-2.8943562598425197
0
LINE
8
BLACK
6
CONTINUOUS
10
6.287864842519685
20
-2.8943562598425197
11
6.2880689763779527
21
-2.8945275590551178
0
LINE
8
BLACK
6
CONTINUOUS
10
6.2880689763779527
20
-2.8945275590551178
11
6.2882022047244091
21
-2.8952831102362202
0
LINE
8
BLACK
6
CONTINUOUS
10
6.2882022047244091
20
-2.8952831102362202
11
6.2884645669291341
21
-2.8960039370078738
0
LINE
8
BLACK
6
CONTINUOUS
10
6.2884645669291341
20
-2.8960039370078738
11
6.2884645669291341
21
-2.9360039370078739
0
LINE
8
BLACK
6
CONTINUOUS
10
6.2884645669291341
20
-2.9360039370078739
11
6.2882864960629918
21
-2.9370138582677163
0
LINE
8
BLACK
6
CONTINUOUS
10
6.2882864960629918
20
-2.9370138582677163
11
6.2869881889763777
21
-2.9385611023622045
0
LINE
8
BLACK
6
CONTINUOUS
10
6.2869881889763777
20
-2.9385611023622045
11
6.2849990551181101
21
-2.9389118503937008
0
LINE
8
BLACK
6
CONTINUOUS
10
6.2849990551181101
20
-2.9389118503937008
11
6.2832498818897635
21
-2.9379019291338584
0
LINE
8
BLACK
6
CONTINUOUS
10
6.2832498818897635
20
-2.9379019291338584
11
6.2825590551181101
21
-2.9360039370078739
0
LINE
8
BLACK
6
CONTINUOUS
10
6.2825590551181101
20
-2.9360039370078739
11
6.2825590551181101
21
-2.8989566929133859
0
LINE
8
BLACK
6
CONTINUOUS
10
6.2825590551181101
20
-2.8989566929133859
11
6.2284645669291336
21
-2.8989566929133859
0
LINE
8
BLACK
6
CONTINUOUS
10
6.2284645669291336
20
-2.8989566929133859
11
6.2284645669291336
21
-2.9319268503937006
0
LINE
8
BLACK
6
CONTINUOUS
10
6.2284645669291336
20
-2.9319268503937006
11
6.2285091732283462
21
-2.9318602755905512
0
LINE
8
BLACK
6
CONTINUOUS
10
6.2285091732283462
20
-2.9318602755905512
11
6.2311463385826773
21
-2.9301020866141734
0
LINE
8
BLACK
6
CONTINUOUS
10
6.2311463385826773
20
-2.9301020866141734
11
6.2326252362204722
21
-2.9286231889763781
0
LINE
8
BLACK
6
CONTINUOUS
10
6.2326252362204722
20
-2.9286231889763781
11
6.2334073228346458
21
-2.9270590551181104
0
LINE
8
BLACK
6
CONTINUOUS
10
6.2334073228346458
20
-2.9270590551181104
11
6.2346504724409444
21
-2.9259809448818896
0
LINE
8
BLACK
6
CONTINUOUS
10
6.2346504724409444
20
-2.9259809448818896
11
6.2362918897637796
21
-2.9260975984251969
0
LINE
8
BLACK
6
CONTINUOUS
10
6.2362918897637796
20
-2.9260975984251969
11
6.2373700393700782
21
-2.9273407086614172
0
LINE
8
BLACK
6
CONTINUOUS
10
6.2373700393700782
20
-2.9273407086614172
11
6.2372533464566926
21
-2.9289821259842519
0
LINE
8
BLACK
6
CONTINUOUS
10
6.2372533464566926
20
-2.9289821259842519
11
6.2363152362204719
21
-2.9308583070866141
0
LINE
8
BLACK
6
CONTINUOUS
10
6.2363152362204719
20
-2.9308583070866141
11
6.2360479133858266
21
-2.931090118110236
0
LINE
8
BLACK
6
CONTINUOUS
10
6.2360479133858266
20
-2.931090118110236
11
6.2359125196850389
21
-2.9314170472440946
0
LINE
8
BLACK
6
CONTINUOUS
10
6.2359125196850389
20
-2.9314170472440946
11
6.2358303937007875
21
-2.9314991732283464
0
LINE
8
BLACK
6
CONTINUOUS
10
6.2358303937007875
20
-2.9314991732283464
11
6.2472517716535432
21
-2.9314991732283464
0
LINE
8
BLACK
6
CONTINUOUS
10
6.2472517716535432
20
-2.9314991732283464
11
6.2472517716535432
21
-2.9280205905511809
0
LINE
8
BLACK
6
CONTINUOUS
10
6.2472517716535432
20
-2.9280205905511809
11
6.247881496062992
21
-2.9265003149606299
0
LINE
8
BLACK
6
CONTINUOUS
10
6.247881496062992
20
-2.9265003149606299
11
6.2494017716535435
21
-2.925870590551181
0
LINE
8
BLACK
6
CONTINUOUS
10
6.2494017716535435
20
-2.925870590551181
11
6.2509220472440941
21
-2.9265003149606299
0
LINE
8
BLACK
6
CONTINUOUS
10
6.2509220472440941
20
-2.9265003149606299
11
6.2515517716535429
21
-2.9280205905511809
0
LINE
8
BLACK
6
CONTINUOUS
10
6.2515517716535429
20
-2.9280205905511809
11
6.2515517716535429
21
-2.9392777165354329
0
LINE
8
BLACK
6
CONTINUOUS
10
6.2515517716535429
20
-2.9392777165354329
11
6.2509220472440941
21
-2.9407979921259844
0
LINE
8
BLACK
6
CONTINUOUS
10
6.2509220472440941
20
-2.9407979921259844
11
6.2494017716535435
21
-2.9414277165354332
0
LINE
8
BLACK
6
CONTINUOUS
10
6.2494017716535435
20
-2.9414277165354332
11
6.247881496062992
21
-2.9407979921259844
0
LINE
8
BLACK
6
CONTINUOUS
10
6.247881496062992
20
-2.9407979921259844
11
6.2472517716535432
21
-2.9392777165354329
0
LINE
8
BLACK
6
CONTINUOUS
10
6.2472517716535432
20
-2.9392777165354329
11
6.2472517716535432
21
-2.9357991732283466
0
LINE
8
BLACK
6
CONTINUOUS
10
6.2472517716535432
20
-2.9357991732283466
11
6.2297017716535432
21
-2.9357991732283466
0
LINE
8
BLACK
6
CONTINUOUS
10
6.2297017716535432
20
-2.9357991732283466
11
6.2294972047244093
21
-2.9357144488188975
0
LINE
8
BLACK
6
CONTINUOUS
10
6.2294972047244093
20
-2.9357144488188975
11
6.2292801181102364
21
-2.9357574015748029
0
LINE
8
BLACK
6
CONTINUOUS
10
6.2292801181102364
20
-2.9357574015748029
11
6.2287599606299215
21
-2.93540905511811
0
LINE
8
BLACK
6
CONTINUOUS
10
6.2287599606299215
20
-2.93540905511811
11
6.2284645669291336
21
-2.9352866929133858
0
LINE
8
BLACK
6
CONTINUOUS
10
6.2284645669291336
20
-2.9352866929133858
11
6.2284645669291336
21
-2.9360039370078739
0
LINE
8
BLACK
6
CONTINUOUS
10
6.2284645669291336
20
-2.9360039370078739
11
6.2282864960629922
21
-2.9370138582677163
0
LINE
8
BLACK
6
CONTINUOUS
10
6.2282864960629922
20
-2.9370138582677163
11
6.2269881889763781
21
-2.9385611023622045
0
LINE
8
BLACK
6
CONTINUOUS
10
6.2269881889763781
20
-2.9385611023622045
11
6.2249990551181105
21
-2.9389118503937008
0
LINE
8
BLACK
6
CONTINUOUS
10
6.2249990551181105
20
-2.9389118503937008
11
6.2232498818897639
21
-2.9379019291338584
0
LINE
8
BLACK
6
CONTINUOUS
10
6.2232498818897639
20
-2.9379019291338584
11
6.2225590551181105
21
-2.9360039370078739
0
LINE
8
BLACK
6
CONTINUOUS
10
6.2225590551181105
20
-2.9360039370078739
11
6.2225590551181105
21
-2.8960039370078738
0
LINE
8
BLACK
6
CONTINUOUS
10
6.2225590551181105
20
-2.8960039370078738
11
6.2226266535433066
21
-2.8956203937007872
0
LINE
8
BLACK
6
CONTINUOUS
10
6.2226266535433066
20
-2.8956203937007872
11
6.2226038976377955
21
-2.8954911811023623
0
LINE
8
BLACK
6
CONTINUOUS
10
6.2226038976377955
20
-2.8954911811023623
11
6.2226694881889761
21
-2.8953775590551181
0
LINE
8
BLACK
6
CONTINUOUS
10
6.2226694881889761
20
-2.8953775590551181
11
6.2227371259842519
21
-2.8949940157480314
0
LINE
8
BLACK
6
CONTINUOUS
10
6.2227371259842519
20
-2.8949940157480314
11
6.2232302362204726
21
-2.8944062992125983
0
LINE
8
BLACK
6
CONTINUOUS
10
6.2232302362204726
20
-2.8944062992125983
11
6.223613818897638
21
-2.8937420078740157
0
LINE
8
BLACK
6
CONTINUOUS
10
6.223613818897638
20
-2.8937420078740157
11
6.2238641338582674
21
-2.8936508661417322
0
LINE
8
BLACK
6
CONTINUOUS
10
6.2238641338582674
20
-2.8936508661417322
11
6.224035433070866
21
-2.8934467716535432
0
LINE
8
BLACK
6
CONTINUOUS
10
6.224035433070866
20
-2.8934467716535432
11
6.2247909842519684
21
-2.8933135039370077
0
LINE
8
BLACK
6
CONTINUOUS
10
6.2247909842519684
20
-2.8933135039370077
11
6.2255118110236216
21
-2.8930511811023623
0
LINE
8
BLACK
6
CONTINUOUS
10
6.2255118110236216
20
-2.8930511811023623
11
6.2855118110236221
21
-2.8930511811023623
0
LINE
8
BLACK
6
CONTINUOUS
10
6.2855118110236221
20
-2.8930511811023623
11
6.28589531496063
21
-2.8931187795275588
0
LINE
8
BLACK
6
CONTINUOUS
10
6.1858953149606295
20
-2.8931187795275588
11
6.1860245669291336
21
-2.8930960236220473
0
LINE
8
BLACK
6
CONTINUOUS
10
6.1860245669291336
20
-2.8930960236220473
11
6.1861381496062995
21
-2.8931616141732284
0
LINE
8
BLACK
6
CONTINUOUS
10
6.1861381496062995
20
-2.8931616141732284
11
6.186521732283464
21
-2.8932292519685037
0
LINE
8
BLACK
6
CONTINUOUS
10
6.186521732283464
20
-2.8932292519685037
11
6.1871094094488184
21
-2.8937223622047243
0
LINE
8
BLACK
6
CONTINUOUS
10
6.1871094094488184
20
-2.8937223622047243
11
6.1877737401574802
21
-2.8941059448818898
0
LINE
8
BLACK
6
CONTINUOUS
10
6.1877737401574802
20
-2.8941059448818898
11
6.1878648425196845
21
-2.8943562598425197
0
LINE
8
BLACK
6
CONTINUOUS
10
6.1878648425196845
20
-2.8943562598425197
11
6.1880689763779531
21
-2.8945275590551178
0
LINE
8
BLACK
6
CONTINUOUS
10
6.1880689763779531
20
-2.8945275590551178
11
6.1882022047244094
21
-2.8952831102362202
0
LINE
8
BLACK
6
CONTINUOUS
10
6.1882022047244094
20
-2.8952831102362202
11
6.1884645669291336
21
-2.8960039370078738
0
LINE
8
BLACK
6
CONTINUOUS
10
6.1884645669291336
20
-2.8960039370078738
11
6.1884645669291336
21
-2.9360039370078739
0
LINE
8
BLACK
6
CONTINUOUS
10
6.1884645669291336
20
-2.9360039370078739
11
6.1882864960629922
21
-2.9370138582677163
0
LINE
8
BLACK
6
CONTINUOUS
10
6.1882864960629922
20
-2.9370138582677163
11
6.186988188976378
21
-2.9385611023622045
0
LINE
8
BLACK
6
CONTINUOUS
10
6.186988188976378
20
-2.9385611023622045
11
6.1849990551181104
21
-2.9389118503937008
0
LINE
8
BLACK
6
CONTINUOUS
10
6.1849990551181104
20
-2.9389118503937008
11
6.1832498818897639
21
-2.9379019291338584
0
LINE
8
BLACK
6
CONTINUOUS
10
6.1832498818897639
20
-2.9379019291338584
11
6.1825590551181104
21
-2.9360039370078739
0
LINE
8
BLACK
6
CONTINUOUS
10
6.1825590551181104
20
-2.9360039370078739
11
6.1825590551181104
21
-2.8989566929133859
0
LINE
8
BLACK
6
CONTINUOUS
10
6.1825590551181104
20
-2.8989566929133859
11
6.128464566929134
21
-2.8989566929133859
0
LINE
8
BLACK
6
CONTINUOUS
10
6.128464566929134
20
-2.8989566929133859
11
6.128464566929134
21
-2.9360039370078739
0
LINE
8
BLACK
6
CONTINUOUS
10
6.128464566929134
20
-2.9360039370078739
11
6.1282864960629917
21
-2.9370138582677163
0
LINE
8
BLACK
6
CONTINUOUS
10
6.1282864960629917
20
-2.9370138582677163
11
6.1269881889763775
21
-2.9385611023622045
0
LINE
8
BLACK
6
CONTINUOUS
10
6.1269881889763775
20
-2.9385611023622045
11
6.1249990551181099
21
-2.9389118503937008
0
LINE
8
BLACK
6
CONTINUOUS
10
6.1249990551181099
20
-2.9389118503937008
11
6.1232498818897634
21
-2.9379019291338584
0
LINE
8
BLACK
6
CONTINUOUS
10
6.1232498818897634
20
-2.9379019291338584
11
6.1225590551181099
21
-2.9360039370078739
0
LINE
8
BLACK
6
CONTINUOUS
10
6.1225590551181099
20
-2.9360039370078739
11
6.1225590551181099
21
-2.8960039370078738
0
LINE
8
BLACK
6
CONTINUOUS
10
6.1225590551181099
20
-2.8960039370078738
11
6.1226266535433069
21
-2.8956203937007872
0
LINE
8
BLACK
6
CONTINUOUS
10
6.1226266535433069
20
-2.8956203937007872
11
6.122603897637795
21
-2.8954911811023623
0
LINE
8
BLACK
6
CONTINUOUS
10
6.122603897637795
20
-2.8954911811023623
11
6.1226694881889765
21
-2.8953775590551181
0
LINE
8
BLACK
6
CONTINUOUS
10
6.1226694881889765
20
-2.8953775590551181
11
6.1227371259842522
21
-2.8949940157480314
0
LINE
8
BLACK
6
CONTINUOUS
10
6.1227371259842522
20
-2.8949940157480314
11
6.123230236220472
21
-2.8944062992125983
0
LINE
8
BLACK
6
CONTINUOUS
10
6.123230236220472
20
-2.8944062992125983
11
6.1236138188976375
21
-2.8937420078740157
0
LINE
8
BLACK
6
CONTINUOUS
10
6.1236138188976375
20
-2.8937420078740157
11
6.1238641338582678
21
-2.8936508661417322
0
LINE
8
BLACK
6
CONTINUOUS
10
6.1238641338582678
20
-2.8936508661417322
11
6.1240354330708664
21
-2.8934467716535432
0
LINE
8
BLACK
6
CONTINUOUS
10
6.1240354330708664
20
-2.8934467716535432
11
6.1247909842519688
21
-2.8933135039370077
0
LINE
8
BLACK
6
CONTINUOUS
10
6.1247909842519688
20
-2.8933135039370077
11
6.125511811023622
21
-2.8930511811023623
0
LINE
8
BLACK
6
CONTINUOUS
10
6.125511811023622
20
-2.8930511811023623
11
6.1855118110236216
21
-2.8930511811023623
0
LINE
8
BLACK
6
CONTINUOUS
10
6.1855118110236216
20
-2.8930511811023623
11
6.1858953149606295
21
-2.8931187795275588
0
LINE
8
BLACK
6
CONTINUOUS
10
6.3858953149606297
20
-2.8931187795275588
11
6.3860245669291338
21
-2.8930960236220473
0
LINE
8
BLACK
6
CONTINUOUS
10
6.3860245669291338
20
-2.8930960236220473
11
6.3861381496062988
21
-2.8931616141732284
0
LINE
8
BLACK
6
CONTINUOUS
10
6.3861381496062988
20
-2.8931616141732284
11
6.3865217322834642
21
-2.8932292519685037
0
LINE
8
BLACK
6
CONTINUOUS
10
6.3865217322834642
20
-2.8932292519685037
11
6.3871094094488186
21
-2.8937223622047243
0
LINE
8
BLACK
6
CONTINUOUS
10
6.3871094094488186
20
-2.8937223622047243
11
6.3877737401574803
21
-2.8941059448818898
0
LINE
8
BLACK
6
CONTINUOUS
10
6.3877737401574803
20
-2.8941059448818898
11
6.3878648425196847
21
-2.8943562598425197
0
LINE
8
BLACK
6
CONTINUOUS
10
6.3878648425196847
20
-2.8943562598425197
11
6.3880689763779523
21
-2.8945275590551178
0
LINE
8
BLACK
6
CONTINUOUS
10
6.3880689763779523
20
-2.8945275590551178
11
6.3882022047244096
21
-2.8952831102362202
0
LINE
8
BLACK
6
CONTINUOUS
10
6.3882022047244096
20
-2.8952831102362202
11
6.3884645669291338
21
-2.8960039370078738
0
LINE
8
BLACK
6
CONTINUOUS
10
6.3884645669291338
20
-2.8960039370078738
11
6.3884645669291338
21
-2.9360039370078739
0
LINE
8
BLACK
6
CONTINUOUS
10
6.3884645669291338
20
-2.9360039370078739
11
6.3882864960629924
21
-2.9370138582677163
0
LINE
8
BLACK
6
CONTINUOUS
10
6.3882864960629924
20
-2.9370138582677163
11
6.3869881889763782
21
-2.9385611023622045
0
LINE
8
BLACK
6
CONTINUOUS
10
6.3869881889763782
20
-2.9385611023622045
11
6.3849990551181097
21
-2.9389118503937008
0
LINE
8
BLACK
6
CONTINUOUS
10
6.3849990551181097
20
-2.9389118503937008
11
6.3832498818897641
21
-2.9379019291338584
0
LINE
8
BLACK
6
CONTINUOUS
10
6.3832498818897641
20
-2.9379019291338584
11
6.3825590551181097
21
-2.9360039370078739
0
LINE
8
BLACK
6
CONTINUOUS
10
6.3825590551181097
20
-2.9360039370078739
11
6.3825590551181097
21
-2.8989566929133859
0
LINE
8
BLACK
6
CONTINUOUS
10
6.3825590551181097
20
-2.8989566929133859
11
6.3284645669291333
21
-2.8989566929133859
0
LINE
8
BLACK
6
CONTINUOUS
10
6.3284645669291333
20
-2.8989566929133859
11
6.3284645669291333
21
-2.9360039370078739
0
LINE
8
BLACK
6
CONTINUOUS
10
6.3284645669291333
20
-2.9360039370078739
11
6.3282864960629919
21
-2.9370138582677163
0
LINE
8
BLACK
6
CONTINUOUS
10
6.3282864960629919
20
-2.9370138582677163
11
6.3269881889763777
21
-2.9385611023622045
0
LINE
8
BLACK
6
CONTINUOUS
10
6.3269881889763777
20
-2.9385611023622045
11
6.3249990551181101
21
-2.9389118503937008
0
LINE
8
BLACK
6
CONTINUOUS
10
6.3249990551181101
20
-2.9389118503937008
11
6.3232498818897636
21
-2.9379019291338584
0
LINE
8
BLACK
6
CONTINUOUS
10
6.3232498818897636
20
-2.9379019291338584
11
6.3225590551181101
21
-2.9360039370078739
0
LINE
8
BLACK
6
CONTINUOUS
10
6.3225590551181101
20
-2.9360039370078739
11
6.3225590551181101
21
-2.8960039370078738
0
LINE
8
BLACK
6
CONTINUOUS
10
6.3225590551181101
20
-2.8960039370078738
11
6.3226266535433071
21
-2.8956203937007872
0
LINE
8
BLACK
6
CONTINUOUS
10
6.3226266535433071
20
-2.8956203937007872
11
6.3226038976377952
21
-2.8954911811023623
0
LINE
8
BLACK
6
CONTINUOUS
10
6.3226038976377952
20
-2.8954911811023623
11
6.3226694881889767
21
-2.8953775590551181
0
LINE
8
BLACK
6
CONTINUOUS
10
6.3226694881889767
20
-2.8953775590551181
11
6.3227371259842515
21
-2.8949940157480314
0
LINE
8
BLACK
6
CONTINUOUS
10
6.3227371259842515
20
-2.8949940157480314
11
6.3232302362204722
21
-2.8944062992125983
0
LINE
8
BLACK
6
CONTINUOUS
10
6.3232302362204722
20
-2.8944062992125983
11
6.3236138188976376
21
-2.8937420078740157
0
LINE
8
BLACK
6
CONTINUOUS
10
6.3236138188976376
20
-2.8937420078740157
11
6.323864133858268
21
-2.8936508661417322
0
LINE
8
BLACK
6
CONTINUOUS
10
6.323864133858268
20
-2.8936508661417322
11
6.3240354330708657
21
-2.8934467716535432
0
LINE
8
BLACK
6
CONTINUOUS
10
6.3240354330708657
20
-2.8934467716535432
11
6.3247909842519681
21
-2.8933135039370077
0
LINE
8
BLACK
6
CONTINUOUS
10
6.3247909842519681
20
-2.8933135039370077
11
6.3255118110236221
21
-2.8930511811023623
0
LINE
8
BLACK
6
CONTINUOUS
10
6.3255118110236221
20
-2.8930511811023623
11
6.3855118110236218
21
-2.8930511811023623
0
LINE
8
BLACK
6
CONTINUOUS
10
6.3855118110236218
20
-2.8930511811023623
11
6.3858953149606297
21
-2.8931187795275588
  0
ENDSEC
  0
EOF
