  0
SECTION
  2
HEADER
  9
$ANGBASE
  50
0.0
  9
$ANGDIR
  70
1
  9
$MEASUREMENT
  70
0
  0
ENDSEC
  0
SECTION
  2
TABLES
  0
TABLE
  2
LTYPE
  70
4
  0
LTYPE
  5
40F
  2
CONTINUOUS
  70
0
  3
Solid line
  72
65
  73
0
  40
0.0
  0
LTYPE
  5
410
  2
DASHDOT
 70
0
  3
Dash Dot ____ _ ____ _
 72
65
 73
4
 40
2.0
 49
1.25
 49
-0.25
 49
0.25
 49
-0.25
  0
LTYPE
  5
411
  2
DASHED
 70
0
  3
Dashed __ __ __ __ __
 72
65
 73
2
 40
0.75
 49
0.5
 49
-0.25
  0
LTYPE
  5
43B
  2
DOTTED
 70
0
  3
Dotted .  .  .  .
 72
65
 73
2
 40
0.2
 49
0.0
 49
-0.2
  0
ENDTAB
  0
TABLE
  2
STYLE
  70
4
  0
STYLE
  2
KICAD
  70
0
  40
0
  41
1
  42
1
  50
0
  71
0
  3
isocp.shx
  0
STYLE
  2
KICADB
  70
0
  40
0
  41
1
  42
1
  50
0
  71
0
  3
isocp.shx
  0
STYLE
  2
KICADI
  70
0
  40
0
  41
1
  42
1
  50
15
  71
0
  3
isocp.shx
  0
STYLE
  2
KICADBI
  70
0
  40
0
  41
1
  42
1
  50
15
  71
0
  3
isocp.shx
  0
ENDTAB
  0
TABLE
  2
LAYER
  70
1
  0
LAYER
  2
BLACK
  70
0
  62
7
  6
CONTINUOUS
  0
ENDTAB
  0
ENDSEC
  0
SECTION
  2
ENTITIES
0
LINE
8
BLACK
6
CONTINUOUS
10
6.0153782283464565
20
-4.2985266535433073
11
6.0197682677165352
21
-4.3007635039370076
0
LINE
8
BLACK
6
CONTINUOUS
10
6.0197682677165352
20
-4.3007635039370076
11
6.023252244094488
21
-4.3042474803149604
0
LINE
8
BLACK
6
CONTINUOUS
10
6.023252244094488
20
-4.3042474803149604
11
6.0254890944881891
21
-4.3086375196850391
0
LINE
8
BLACK
6
CONTINUOUS
10
6.0254890944881891
20
-4.3086375196850391
11
6.0262598425196847
21
-4.3135039370078738
0
LINE
8
BLACK
6
CONTINUOUS
10
6.0262598425196847
20
-4.3135039370078738
11
6.0254890944881891
21
-4.3183703543307086
0
LINE
8
BLACK
6
CONTINUOUS
10
6.0254890944881891
20
-4.3183703543307086
11
6.023252244094488
21
-4.3227603937007872
0
LINE
8
BLACK
6
CONTINUOUS
10
6.023252244094488
20
-4.3227603937007872
11
6.0197682677165352
21
-4.3262443700787401
0
LINE
8
BLACK
6
CONTINUOUS
10
6.0197682677165352
20
-4.3262443700787401
11
6.0153782283464565
21
-4.3284812204724412
0
LINE
8
BLACK
6
CONTINUOUS
10
6.0153782283464565
20
-4.3284812204724412
11
6.0105118110236218
21
-4.3292519685039368
0
LINE
8
BLACK
6
CONTINUOUS
10
6.0105118110236218
20
-4.3292519685039368
11
6.005645393700787
21
-4.3284812204724412
0
LINE
8
BLACK
6
CONTINUOUS
10
6.005645393700787
20
-4.3284812204724412
11
6.0012553543307083
21
-4.3262443700787401
0
LINE
8
BLACK
6
CONTINUOUS
10
6.0012553543307083
20
-4.3262443700787401
11
5.9981816535433072
21
-4.3231706692913381
0
LINE
8
BLACK
6
CONTINUOUS
10
5.9981816535433072
20
-4.3231706692913381
11
5.8226775590551183
21
-4.3233350393700789
0
LINE
8
BLACK
6
CONTINUOUS
10
5.8226775590551183
20
-4.3233350393700789
11
5.819768267716535
21
-4.3262443700787401
0
LINE
8
BLACK
6
CONTINUOUS
10
5.819768267716535
20
-4.3262443700787401
11
5.8153782283464563
21
-4.3284812204724412
0
LINE
8
BLACK
6
CONTINUOUS
10
5.8153782283464563
20
-4.3284812204724412
11
5.8105118110236216
21
-4.3292519685039368
0
LINE
8
BLACK
6
CONTINUOUS
10
5.8105118110236216
20
-4.3292519685039368
11
5.8056453937007877
21
-4.3284812204724412
0
LINE
8
BLACK
6
CONTINUOUS
10
5.8056453937007877
20
-4.3284812204724412
11
5.8012553543307082
21
-4.3262443700787401
0
LINE
8
BLACK
6
CONTINUOUS
10
5.8012553543307082
20
-4.3262443700787401
11
5.7977713779527562
21
-4.3227603937007872
0
LINE
8
BLACK
6
CONTINUOUS
10
5.7977713779527562
20
-4.3227603937007872
11
5.7955345275590551
21
-4.3183703543307086
0
LINE
8
BLACK
6
CONTINUOUS
10
5.7955345275590551
20
-4.3183703543307086
11
5.7947637795275586
21
-4.3135039370078738
0
LINE
8
BLACK
6
CONTINUOUS
10
5.7947637795275586
20
-4.3135039370078738
11
5.7955345275590551
21
-4.3086375196850391
0
LINE
8
BLACK
6
CONTINUOUS
10
5.7955345275590551
20
-4.3086375196850391
11
5.7977713779527562
21
-4.3042474803149604
0
LINE
8
BLACK
6
CONTINUOUS
10
5.7977713779527562
20
-4.3042474803149604
11
5.8012553543307082
21
-4.3007635039370076
0
LINE
8
BLACK
6
CONTINUOUS
10
5.8012553543307082
20
-4.3007635039370076
11
5.8056453937007877
21
-4.2985266535433073
0
LINE
8
BLACK
6
CONTINUOUS
10
5.8056453937007877
20
-4.2985266535433073
11
5.8105118110236216
21
-4.2977559055118109
0
LINE
8
BLACK
6
CONTINUOUS
10
5.8105118110236216
20
-4.2977559055118109
11
5.8153782283464563
21
-4.2985266535433073
0
LINE
8
BLACK
6
CONTINUOUS
10
5.8153782283464563
20
-4.2985266535433073
11
5.819768267716535
21
-4.3007635039370076
0
LINE
8
BLACK
6
CONTINUOUS
10
5.819768267716535
20
-4.3007635039370076
11
5.8228419291338582
21
-4.3038371653543308
0
LINE
8
BLACK
6
CONTINUOUS
10
5.8228419291338582
20
-4.3038371653543308
11
5.9983460236220472
21
-4.3036727952755909
0
LINE
8
BLACK
6
CONTINUOUS
10
5.9983460236220472
20
-4.3036727952755909
11
6.0012553543307083
21
-4.3007635039370076
0
LINE
8
BLACK
6
CONTINUOUS
10
6.0012553543307083
20
-4.3007635039370076
11
6.005645393700787
21
-4.2985266535433073
0
LINE
8
BLACK
6
CONTINUOUS
10
6.005645393700787
20
-4.2985266535433073
11
6.0105118110236218
21
-4.2977559055118109
0
LINE
8
BLACK
6
CONTINUOUS
10
6.0105118110236218
20
-4.2977559055118109
11
6.0153782283464565
21
-4.2985266535433073
0
LINE
8
BLACK
6
CONTINUOUS
10
6.4805118110236215
20
-4.3185039370078737
11
6.4205118110236219
21
-4.3185039370078737
0
LINE
8
BLACK
6
CONTINUOUS
10
6.4205118110236219
20
-4.3185039370078737
11
6.4205118110236219
21
-4.2585039370078741
0
LINE
8
BLACK
6
CONTINUOUS
10
6.4205118110236219
20
-4.2585039370078741
11
6.4805118110236215
21
-4.2585039370078741
0
LINE
8
BLACK
6
CONTINUOUS
10
6.4805118110236215
20
-4.2585039370078741
11
6.4805118110236215
21
-4.3185039370078737
0
LINE
8
BLACK
6
CONTINUOUS
10
5.9093782283464567
20
-3.5385266535433071
11
5.9137682677165353
21
-3.5407635039370078
0
LINE
8
BLACK
6
CONTINUOUS
10
5.9137682677165353
20
-3.5407635039370078
11
5.9172522440944881
21
-3.5442474803149606
0
LINE
8
BLACK
6
CONTINUOUS
10
5.9172522440944881
20
-3.5442474803149606
11
5.9194890944881893
21
-3.5486375196850393
0
LINE
8
BLACK
6
CONTINUOUS
10
5.9194890944881893
20
-3.5486375196850393
11
5.9202598425196848
21
-3.553503937007874
0
LINE
8
BLACK
6
CONTINUOUS
10
5.9202598425196848
20
-3.553503937007874
11
5.9194890944881893
21
-3.5583703543307084
0
LINE
8
BLACK
6
CONTINUOUS
10
5.9194890944881893
20
-3.5583703543307084
11
5.9172522440944881
21
-3.5627603937007875
0
LINE
8
BLACK
6
CONTINUOUS
10
5.9172522440944881
20
-3.5627603937007875
11
5.9150629921259839
21
-3.5649496062992125
0
LINE
8
BLACK
6
CONTINUOUS
10
5.9150629921259839
20
-3.5649496062992125
11
5.9152477952755902
21
-4.0926104724409447
0
LINE
8
BLACK
6
CONTINUOUS
10
5.9152477952755902
20
-4.0926104724409447
11
5.9150586614173228
21
-4.0945306692913386
0
LINE
8
BLACK
6
CONTINUOUS
10
5.9150586614173228
20
-4.0945306692913386
11
5.9135890157480313
21
-4.0980787007874016
0
LINE
8
BLACK
6
CONTINUOUS
10
5.9135890157480313
20
-4.0980787007874016
11
5.913570157480315
21
-4.0980975196850391
0
LINE
8
BLACK
6
CONTINUOUS
10
5.913570157480315
20
-4.0980975196850391
11
5.7940073622047246
21
-4.2179099606299211
0
LINE
8
BLACK
6
CONTINUOUS
10
5.7940073622047246
20
-4.2179099606299211
11
5.7942598425196845
21
-4.2195039370078735
0
LINE
8
BLACK
6
CONTINUOUS
10
5.7942598425196845
20
-4.2195039370078735
11
5.7934890944881889
21
-4.2243703543307083
0
LINE
8
BLACK
6
CONTINUOUS
10
5.7934890944881889
20
-4.2243703543307083
11
5.7912522440944878
21
-4.2287603937007869
0
LINE
8
BLACK
6
CONTINUOUS
10
5.7912522440944878
20
-4.2287603937007869
11
5.787768267716535
21
-4.2322443700787398
0
LINE
8
BLACK
6
CONTINUOUS
10
5.787768267716535
20
-4.2322443700787398
11
5.7833782283464563
21
-4.2344812204724409
0
LINE
8
BLACK
6
CONTINUOUS
10
5.7833782283464563
20
-4.2344812204724409
11
5.7785118110236215
21
-4.2352519685039365
0
LINE
8
BLACK
6
CONTINUOUS
10
5.7785118110236215
20
-4.2352519685039365
11
5.7736453937007877
21
-4.2344812204724409
0
LINE
8
BLACK
6
CONTINUOUS
10
5.7736453937007877
20
-4.2344812204724409
11
5.7692553543307081
21
-4.2322443700787398
0
LINE
8
BLACK
6
CONTINUOUS
10
5.7692553543307081
20
-4.2322443700787398
11
5.7657713779527562
21
-4.2287603937007869
0
LINE
8
BLACK
6
CONTINUOUS
10
5.7657713779527562
20
-4.2287603937007869
11
5.763534527559055
21
-4.2243703543307083
0
LINE
8
BLACK
6
CONTINUOUS
10
5.763534527559055
20
-4.2243703543307083
11
5.7627637795275586
21
-4.2195039370078735
0
LINE
8
BLACK
6
CONTINUOUS
10
5.7627637795275586
20
-4.2195039370078735
11
5.763534527559055
21
-4.2146375196850396
0
LINE
8
BLACK
6
CONTINUOUS
10
5.763534527559055
20
-4.2146375196850396
11
5.7657713779527562
21
-4.2102474803149601
0
LINE
8
BLACK
6
CONTINUOUS
10
5.7657713779527562
20
-4.2102474803149601
11
5.7692553543307081
21
-4.2067635039370082
0
LINE
8
BLACK
6
CONTINUOUS
10
5.7692553543307081
20
-4.2067635039370082
11
5.7736453937007877
21
-4.204526653543307
0
LINE
8
BLACK
6
CONTINUOUS
10
5.7736453937007877
20
-4.204526653543307
11
5.7785118110236215
21
-4.2037559055118106
0
LINE
8
BLACK
6
CONTINUOUS
10
5.7785118110236215
20
-4.2037559055118106
11
5.7803033070866139
21
-4.2040396456692912
0
LINE
8
BLACK
6
CONTINUOUS
10
5.7803033070866139
20
-4.2040396456692912
11
5.8957497244094483
21
-4.0883521653543307
0
LINE
8
BLACK
6
CONTINUOUS
10
5.8957497244094483
20
-4.0883521653543307
11
5.8955669291338584
21
-3.5664031102362204
0
LINE
8
BLACK
6
CONTINUOUS
10
5.8955669291338584
20
-3.5664031102362204
11
5.8952553543307085
21
-3.5662443700787403
0
LINE
8
BLACK
6
CONTINUOUS
10
5.8952553543307085
20
-3.5662443700787403
11
5.8917713779527556
21
-3.5627603937007875
0
LINE
8
BLACK
6
CONTINUOUS
10
5.8917713779527556
20
-3.5627603937007875
11
5.8895345275590554
21
-3.5583703543307084
0
LINE
8
BLACK
6
CONTINUOUS
10
5.8895345275590554
20
-3.5583703543307084
11
5.8887637795275589
21
-3.553503937007874
0
LINE
8
BLACK
6
CONTINUOUS
10
5.8887637795275589
20
-3.553503937007874
11
5.8895345275590554
21
-3.5486375196850393
0
LINE
8
BLACK
6
CONTINUOUS
10
5.8895345275590554
20
-3.5486375196850393
11
5.8917713779527556
21
-3.5442474803149606
0
LINE
8
BLACK
6
CONTINUOUS
10
5.8917713779527556
20
-3.5442474803149606
11
5.8952553543307085
21
-3.5407635039370078
0
LINE
8
BLACK
6
CONTINUOUS
10
5.8952553543307085
20
-3.5407635039370078
11
5.8996453937007871
21
-3.5385266535433071
0
LINE
8
BLACK
6
CONTINUOUS
10
5.8996453937007871
20
-3.5385266535433071
11
5.9045118110236219
21
-3.5377559055118111
0
LINE
8
BLACK
6
CONTINUOUS
10
5.9045118110236219
20
-3.5377559055118111
11
5.9093782283464567
21
-3.5385266535433071
0
LINE
8
BLACK
6
CONTINUOUS
10
6.4805118110236215
20
-4.2185039370078741
11
6.4205118110236219
21
-4.2185039370078741
0
LINE
8
BLACK
6
CONTINUOUS
10
6.4205118110236219
20
-4.2185039370078741
11
6.4205118110236219
21
-4.1585039370078736
0
LINE
8
BLACK
6
CONTINUOUS
10
6.4205118110236219
20
-4.1585039370078736
11
6.4805118110236215
21
-4.1585039370078736
0
LINE
8
BLACK
6
CONTINUOUS
10
6.4805118110236215
20
-4.1585039370078736
11
6.4805118110236215
21
-4.2185039370078741
0
LINE
8
BLACK
6
CONTINUOUS
10
5.8605118110236223
20
-3.1235039370078739
11
5.81421562992126
21
-3.1235039370078739
0
LINE
8
BLACK
6
CONTINUOUS
10
5.81421562992126
20
-3.1235039370078739
11
5.7124715354330711
21
-3.2254636614173227
0
LINE
8
BLACK
6
CONTINUOUS
10
5.7124715354330711
20
-3.2254636614173227
11
5.7109801968503939
21
-3.2266874803149608
0
LINE
8
BLACK
6
CONTINUOUS
10
5.7109801968503939
20
-3.2266874803149608
11
5.7109800393700789
21
-3.2266876771653541
0
LINE
8
BLACK
6
CONTINUOUS
10
5.7109800393700789
20
-3.2266876771653541
11
5.7074320078740159
21
-3.2281573228346456
0
LINE
8
BLACK
6
CONTINUOUS
10
5.7074320078740159
20
-3.2281573228346456
11
5.3843461417322835
21
-3.228344212598425
0
LINE
8
BLACK
6
CONTINUOUS
10
5.3843461417322835
20
-3.228344212598425
11
5.3401667322834641
21
-3.27275437007874
0
LINE
8
BLACK
6
CONTINUOUS
10
5.3401667322834641
20
-3.27275437007874
11
5.3403543307086609
21
-4.0185039370078739
0
LINE
8
BLACK
6
CONTINUOUS
10
5.3403543307086609
20
-4.0185039370078739
11
5.3402030314960625
21
-4.0200399212598423
0
LINE
8
BLACK
6
CONTINUOUS
10
5.3402030314960625
20
-4.0200399212598423
11
5.340311850393701
21
-4.0299798425196851
0
LINE
8
BLACK
6
CONTINUOUS
10
5.340311850393701
20
-4.0299798425196851
11
5.3770793307086615
21
-4.066522834645669
0
LINE
8
BLACK
6
CONTINUOUS
10
5.3770793307086615
20
-4.066522834645669
11
5.613188937007874
21
-4.0663385433070864
0
LINE
8
BLACK
6
CONTINUOUS
10
5.613188937007874
20
-4.0663385433070864
11
5.6151091338582679
21
-4.0665276771653547
0
LINE
8
BLACK
6
CONTINUOUS
10
5.6151091338582679
20
-4.0665276771653547
11
5.6186571653543309
21
-4.0679973228346453
0
LINE
8
BLACK
6
CONTINUOUS
10
5.6186571653543309
20
-4.0679973228346453
11
5.6186709055118111
21
-4.0680110629921256
0
LINE
8
BLACK
6
CONTINUOUS
10
5.6186709055118111
20
-4.0680110629921256
11
5.7097476771653541
21
-4.1588281102362208
0
LINE
8
BLACK
6
CONTINUOUS
10
5.7097476771653541
20
-4.1588281102362208
11
5.7433129921259845
21
-4.1587058267716532
0
LINE
8
BLACK
6
CONTINUOUS
10
5.7433129921259845
20
-4.1587058267716532
11
5.7462553543307084
21
-4.155763503937008
0
LINE
8
BLACK
6
CONTINUOUS
10
5.7462553543307084
20
-4.155763503937008
11
5.7506453937007871
21
-4.1535266535433069
0
LINE
8
BLACK
6
CONTINUOUS
10
5.7506453937007871
20
-4.1535266535433069
11
5.7555118110236219
21
-4.1527559055118113
0
LINE
8
BLACK
6
CONTINUOUS
10
5.7555118110236219
20
-4.1527559055118113
11
5.7603782283464566
21
-4.1535266535433069
0
LINE
8
BLACK
6
CONTINUOUS
10
5.7603782283464566
20
-4.1535266535433069
11
5.7647682677165353
21
-4.155763503937008
0
LINE
8
BLACK
6
CONTINUOUS
10
5.7647682677165353
20
-4.155763503937008
11
5.7682522440944881
21
-4.1592474803149608
0
LINE
8
BLACK
6
CONTINUOUS
10
5.7682522440944881
20
-4.1592474803149608
11
5.7704890944881893
21
-4.1636375196850395
0
LINE
8
BLACK
6
CONTINUOUS
10
5.7704890944881893
20
-4.1636375196850395
11
5.7712598425196848
21
-4.1685039370078742
0
LINE
8
BLACK
6
CONTINUOUS
10
5.7712598425196848
20
-4.1685039370078742
11
5.7704890944881893
21
-4.1733703543307081
0
LINE
8
BLACK
6
CONTINUOUS
10
5.7704890944881893
20
-4.1733703543307081
11
5.7682522440944881
21
-4.1777603937007877
0
LINE
8
BLACK
6
CONTINUOUS
10
5.7682522440944881
20
-4.1777603937007877
11
5.7647682677165353
21
-4.1812443700787405
0
LINE
8
BLACK
6
CONTINUOUS
10
5.7647682677165353
20
-4.1812443700787405
11
5.7603782283464566
21
-4.1834812204724408
0
LINE
8
BLACK
6
CONTINUOUS
10
5.7603782283464566
20
-4.1834812204724408
11
5.7555118110236219
21
-4.1842519685039372
0
LINE
8
BLACK
6
CONTINUOUS
10
5.7555118110236219
20
-4.1842519685039372
11
5.7506453937007871
21
-4.1834812204724408
0
LINE
8
BLACK
6
CONTINUOUS
10
5.7506453937007871
20
-4.1834812204724408
11
5.7462553543307084
21
-4.1812443700787405
0
LINE
8
BLACK
6
CONTINUOUS
10
5.7462553543307084
20
-4.1812443700787405
11
5.7432200393700787
21
-4.1782090551181099
0
LINE
8
BLACK
6
CONTINUOUS
10
5.7432200393700787
20
-4.1782090551181099
11
5.705511811023622
21
-4.1783464566929132
0
LINE
8
BLACK
6
CONTINUOUS
10
5.705511811023622
20
-4.1783464566929132
11
5.7035916141732281
21
-4.1781573228346458
0
LINE
8
BLACK
6
CONTINUOUS
10
5.7035916141732281
20
-4.1781573228346458
11
5.7000435826771652
21
-4.1766876771653543
0
LINE
8
BLACK
6
CONTINUOUS
10
5.7000435826771652
20
-4.1766876771653543
11
5.7000298031496062
21
-4.1766738976377953
0
LINE
8
BLACK
6
CONTINUOUS
10
5.7000298031496062
20
-4.1766738976377953
11
5.6089353937007873
21
-4.0858392519685038
0
LINE
8
BLACK
6
CONTINUOUS
10
5.6089353937007873
20
-4.0858392519685038
11
5.3728346850393702
21
-4.0860235826771651
0
LINE
8
BLACK
6
CONTINUOUS
10
5.3728346850393702
20
-4.0860235826771651
11
5.3709144881889763
21
-4.0858344488188978
0
LINE
8
BLACK
6
CONTINUOUS
10
5.3709144881889763
20
-4.0858344488188978
11
5.3673664566929133
21
-4.0843648031496063
0
LINE
8
BLACK
6
CONTINUOUS
10
5.3673664566929133
20
-4.0843648031496063
11
5.3673600393700784
21
-4.0843583858267714
0
LINE
8
BLACK
6
CONTINUOUS
10
5.3673600393700784
20
-4.0843583858267714
11
5.323552086614173
21
-4.0408179133858271
0
LINE
8
BLACK
6
CONTINUOUS
10
5.323552086614173
20
-4.0408179133858271
11
5.3223282283464561
21
-4.0393265748031499
0
LINE
8
BLACK
6
CONTINUOUS
10
5.3223282283464561
20
-4.0393265748031499
11
5.322328070866142
21
-4.0393264173228349
0
LINE
8
BLACK
6
CONTINUOUS
10
5.322328070866142
20
-4.0393264173228349
11
5.3208584251968505
21
-4.035778385826772
0
LINE
8
BLACK
6
CONTINUOUS
10
5.3208584251968505
20
-4.035778385826772
11
5.3206692913385822
21
-4.0185039370078739
0
LINE
8
BLACK
6
CONTINUOUS
10
5.3206692913385822
20
-4.0185039370078739
11
5.3208574409448817
21
-4.016593503937008
0
LINE
8
BLACK
6
CONTINUOUS
10
5.3208574409448817
20
-4.016593503937008
11
5.3206692913385822
21
-3.2685039370078739
0
LINE
8
BLACK
6
CONTINUOUS
10
5.3206692913385822
20
-3.2685039370078739
11
5.3208584251968505
21
-3.2665837401574804
0
LINE
8
BLACK
6
CONTINUOUS
10
5.3208584251968505
20
-3.2665837401574804
11
5.322328070866142
21
-3.2630357086614175
0
LINE
8
BLACK
6
CONTINUOUS
10
5.322328070866142
20
-3.2630357086614175
11
5.3223355905511811
21
-3.2630281496062992
0
LINE
8
BLACK
6
CONTINUOUS
10
5.3223355905511811
20
-3.2630281496062992
11
5.3735520866141728
21
-3.211544212598425
0
LINE
8
BLACK
6
CONTINUOUS
10
5.3735520866141728
20
-3.211544212598425
11
5.3750433858267712
21
-3.2103203543307086
0
LINE
8
BLACK
6
CONTINUOUS
10
5.3750433858267712
20
-3.2103203543307086
11
5.375043582677165
21
-3.2103201968503936
0
LINE
8
BLACK
6
CONTINUOUS
10
5.375043582677165
20
-3.2103201968503936
11
5.378591614173228
21
-3.2088505511811021
0
LINE
8
BLACK
6
CONTINUOUS
10
5.378591614173228
20
-3.2088505511811021
11
5.7016909055118106
21
-3.208663622047244
0
LINE
8
BLACK
6
CONTINUOUS
10
5.7016909055118106
20
-3.208663622047244
11
5.8005118110236218
21
-3.109633307086614
0
LINE
8
BLACK
6
CONTINUOUS
10
5.8005118110236218
20
-3.109633307086614
11
5.8005118110236218
21
-3.0635039370078738
0
LINE
8
BLACK
6
CONTINUOUS
10
5.8005118110236218
20
-3.0635039370078738
11
5.8605118110236223
21
-3.0635039370078738
0
LINE
8
BLACK
6
CONTINUOUS
10
5.8605118110236223
20
-3.0635039370078738
11
5.8605118110236223
21
-3.1235039370078739
0
LINE
8
BLACK
6
CONTINUOUS
10
5.5425788582677162
20
-3.8260927165354328
11
5.5501664173228349
21
-3.8290321653543304
0
LINE
8
BLACK
6
CONTINUOUS
10
5.5501664173228349
20
-3.8290321653543304
11
5.5570846850393698
21
-3.8333157874015749
0
LINE
8
BLACK
6
CONTINUOUS
10
5.5570846850393698
20
-3.8333157874015749
11
5.5630980314960627
21
-3.838797677165354
0
LINE
8
BLACK
6
CONTINUOUS
10
5.5630980314960627
20
-3.838797677165354
11
5.568001692913386
21
-3.845291181102362
0
LINE
8
BLACK
6
CONTINUOUS
10
5.568001692913386
20
-3.845291181102362
11
5.571628700787401
21
-3.8525751574803149
0
LINE
8
BLACK
6
CONTINUOUS
10
5.571628700787401
20
-3.8525751574803149
11
5.5738555118110238
21
-3.8604016141732282
0
LINE
8
BLACK
6
CONTINUOUS
10
5.5738555118110238
20
-3.8604016141732282
11
5.574606299212598
21
-3.868503937007874
0
LINE
8
BLACK
6
CONTINUOUS
10
5.574606299212598
20
-3.868503937007874
11
5.5738555118110238
21
-3.8766062598425197
0
LINE
8
BLACK
6
CONTINUOUS
10
5.5738555118110238
20
-3.8766062598425197
11
5.571628700787401
21
-3.8844327165354331
0
LINE
8
BLACK
6
CONTINUOUS
10
5.571628700787401
20
-3.8844327165354331
11
5.568001692913386
21
-3.891716692913386
0
LINE
8
BLACK
6
CONTINUOUS
10
5.568001692913386
20
-3.891716692913386
11
5.5630980314960627
21
-3.8982101968503935
0
LINE
8
BLACK
6
CONTINUOUS
10
5.5630980314960627
20
-3.8982101968503935
11
5.5570846850393698
21
-3.9036920866141731
0
LINE
8
BLACK
6
CONTINUOUS
10
5.5570846850393698
20
-3.9036920866141731
11
5.5501664173228349
21
-3.9079757086614171
0
LINE
8
BLACK
6
CONTINUOUS
10
5.5501664173228349
20
-3.9079757086614171
11
5.5425788582677162
21
-3.9109151574803147
0
LINE
8
BLACK
6
CONTINUOUS
10
5.5425788582677162
20
-3.9109151574803147
11
5.5345803543307088
21
-3.91241031496063
0
LINE
8
BLACK
6
CONTINUOUS
10
5.5345803543307088
20
-3.91241031496063
11
5.5264432677165356
21
-3.91241031496063
0
LINE
8
BLACK
6
CONTINUOUS
10
5.5264432677165356
20
-3.91241031496063
11
5.5184447637795273
21
-3.9109151574803147
0
LINE
8
BLACK
6
CONTINUOUS
10
5.5184447637795273
20
-3.9109151574803147
11
5.5108572047244095
21
-3.9079757086614171
0
LINE
8
BLACK
6
CONTINUOUS
10
5.5108572047244095
20
-3.9079757086614171
11
5.5039389370078737
21
-3.9036920866141731
0
LINE
8
BLACK
6
CONTINUOUS
10
5.5039389370078737
20
-3.9036920866141731
11
5.4979255905511808
21
-3.8982101968503935
0
LINE
8
BLACK
6
CONTINUOUS
10
5.4979255905511808
20
-3.8982101968503935
11
5.4930219291338584
21
-3.891716692913386
0
LINE
8
BLACK
6
CONTINUOUS
10
5.4930219291338584
20
-3.891716692913386
11
5.4893949212598425
21
-3.8844327165354331
0
LINE
8
BLACK
6
CONTINUOUS
10
5.4893949212598425
20
-3.8844327165354331
11
5.4871681102362206
21
-3.8766062598425197
0
LINE
8
BLACK
6
CONTINUOUS
10
5.4871681102362206
20
-3.8766062598425197
11
5.4864173228346456
21
-3.868503937007874
0
LINE
8
BLACK
6
CONTINUOUS
10
5.4864173228346456
20
-3.868503937007874
11
5.4871681102362206
21
-3.8604016141732282
0
LINE
8
BLACK
6
CONTINUOUS
10
5.4871681102362206
20
-3.8604016141732282
11
5.4893949212598425
21
-3.8525751574803149
0
LINE
8
BLACK
6
CONTINUOUS
10
5.4893949212598425
20
-3.8525751574803149
11
5.4930219291338584
21
-3.845291181102362
0
LINE
8
BLACK
6
CONTINUOUS
10
5.4930219291338584
20
-3.845291181102362
11
5.4979255905511808
21
-3.838797677165354
0
LINE
8
BLACK
6
CONTINUOUS
10
5.4979255905511808
20
-3.838797677165354
11
5.5039389370078737
21
-3.8333157874015749
0
LINE
8
BLACK
6
CONTINUOUS
10
5.5039389370078737
20
-3.8333157874015749
11
5.5108572047244095
21
-3.8290321653543304
0
LINE
8
BLACK
6
CONTINUOUS
10
5.5108572047244095
20
-3.8290321653543304
11
5.5184447637795273
21
-3.8260927165354328
0
LINE
8
BLACK
6
CONTINUOUS
10
5.5184447637795273
20
-3.8260927165354328
11
5.5264432677165356
21
-3.824597559055118
0
LINE
8
BLACK
6
CONTINUOUS
10
5.5264432677165356
20
-3.824597559055118
11
5.5345803543307088
21
-3.824597559055118
0
LINE
8
BLACK
6
CONTINUOUS
10
5.5345803543307088
20
-3.824597559055118
11
5.5425788582677162
21
-3.8260927165354328
0
LINE
8
BLACK
6
CONTINUOUS
10
6.6425788582677168
20
-3.8260927165354328
11
6.6501664173228345
21
-3.8290321653543304
0
LINE
8
BLACK
6
CONTINUOUS
10
6.6501664173228345
20
-3.8290321653543304
11
6.6570846850393703
21
-3.8333157874015749
0
LINE
8
BLACK
6
CONTINUOUS
10
6.6570846850393703
20
-3.8333157874015749
11
6.6630980314960633
21
-3.838797677165354
0
LINE
8
BLACK
6
CONTINUOUS
10
6.6630980314960633
20
-3.838797677165354
11
6.6680016929133856
21
-3.845291181102362
0
LINE
8
BLACK
6
CONTINUOUS
10
6.6680016929133856
20
-3.845291181102362
11
6.6716287007874016
21
-3.8525751574803149
0
LINE
8
BLACK
6
CONTINUOUS
10
6.6716287007874016
20
-3.8525751574803149
11
6.6738555118110234
21
-3.8604016141732282
0
LINE
8
BLACK
6
CONTINUOUS
10
6.6738555118110234
20
-3.8604016141732282
11
6.6746062992125985
21
-3.868503937007874
0
LINE
8
BLACK
6
CONTINUOUS
10
6.6746062992125985
20
-3.868503937007874
11
6.6738555118110234
21
-3.8766062598425197
0
LINE
8
BLACK
6
CONTINUOUS
10
6.6738555118110234
20
-3.8766062598425197
11
6.6716287007874016
21
-3.8844327165354331
0
LINE
8
BLACK
6
CONTINUOUS
10
6.6716287007874016
20
-3.8844327165354331
11
6.6680016929133856
21
-3.891716692913386
0
LINE
8
BLACK
6
CONTINUOUS
10
6.6680016929133856
20
-3.891716692913386
11
6.6630980314960633
21
-3.8982101968503935
0
LINE
8
BLACK
6
CONTINUOUS
10
6.6630980314960633
20
-3.8982101968503935
11
6.6570846850393703
21
-3.9036920866141731
0
LINE
8
BLACK
6
CONTINUOUS
10
6.6570846850393703
20
-3.9036920866141731
11
6.6501664173228345
21
-3.9079757086614171
0
LINE
8
BLACK
6
CONTINUOUS
10
6.6501664173228345
20
-3.9079757086614171
11
6.6425788582677168
21
-3.9109151574803147
0
LINE
8
BLACK
6
CONTINUOUS
10
6.6425788582677168
20
-3.9109151574803147
11
6.6345803543307085
21
-3.91241031496063
0
LINE
8
BLACK
6
CONTINUOUS
10
6.6345803543307085
20
-3.91241031496063
11
6.6264432677165352
21
-3.91241031496063
0
LINE
8
BLACK
6
CONTINUOUS
10
6.6264432677165352
20
-3.91241031496063
11
6.6184447637795278
21
-3.9109151574803147
0
LINE
8
BLACK
6
CONTINUOUS
10
6.6184447637795278
20
-3.9109151574803147
11
6.6108572047244092
21
-3.9079757086614171
0
LINE
8
BLACK
6
CONTINUOUS
10
6.6108572047244092
20
-3.9079757086614171
11
6.6039389370078743
21
-3.9036920866141731
0
LINE
8
BLACK
6
CONTINUOUS
10
6.6039389370078743
20
-3.9036920866141731
11
6.5979255905511813
21
-3.8982101968503935
0
LINE
8
BLACK
6
CONTINUOUS
10
6.5979255905511813
20
-3.8982101968503935
11
6.5930219291338581
21
-3.891716692913386
0
LINE
8
BLACK
6
CONTINUOUS
10
6.5930219291338581
20
-3.891716692913386
11
6.5893949212598422
21
-3.8844327165354331
0
LINE
8
BLACK
6
CONTINUOUS
10
6.5893949212598422
20
-3.8844327165354331
11
6.5871681102362203
21
-3.8766062598425197
0
LINE
8
BLACK
6
CONTINUOUS
10
6.5871681102362203
20
-3.8766062598425197
11
6.5864173228346452
21
-3.868503937007874
0
LINE
8
BLACK
6
CONTINUOUS
10
6.5864173228346452
20
-3.868503937007874
11
6.5871681102362203
21
-3.8604016141732282
0
LINE
8
BLACK
6
CONTINUOUS
10
6.5871681102362203
20
-3.8604016141732282
11
6.5893949212598422
21
-3.8525751574803149
0
LINE
8
BLACK
6
CONTINUOUS
10
6.5893949212598422
20
-3.8525751574803149
11
6.5930219291338581
21
-3.845291181102362
0
LINE
8
BLACK
6
CONTINUOUS
10
6.5930219291338581
20
-3.845291181102362
11
6.5979255905511813
21
-3.838797677165354
0
LINE
8
BLACK
6
CONTINUOUS
10
6.5979255905511813
20
-3.838797677165354
11
6.6039389370078743
21
-3.8333157874015749
0
LINE
8
BLACK
6
CONTINUOUS
10
6.6039389370078743
20
-3.8333157874015749
11
6.6108572047244092
21
-3.8290321653543304
0
LINE
8
BLACK
6
CONTINUOUS
10
6.6108572047244092
20
-3.8290321653543304
11
6.6184447637795278
21
-3.8260927165354328
0
LINE
8
BLACK
6
CONTINUOUS
10
6.6184447637795278
20
-3.8260927165354328
11
6.6264432677165352
21
-3.824597559055118
0
LINE
8
BLACK
6
CONTINUOUS
10
6.6264432677165352
20
-3.824597559055118
11
6.6345803543307085
21
-3.824597559055118
0
LINE
8
BLACK
6
CONTINUOUS
10
6.6345803543307085
20
-3.824597559055118
11
6.6425788582677168
21
-3.8260927165354328
0
LINE
8
BLACK
6
CONTINUOUS
10
6.1855118110236216
20
-3.1985039370078741
11
6.1391855118110232
21
-3.1985039370078741
0
LINE
8
BLACK
6
CONTINUOUS
10
6.1391855118110232
20
-3.1985039370078741
11
5.8651728740157481
21
-3.4727598818897638
0
LINE
8
BLACK
6
CONTINUOUS
10
5.8651728740157481
20
-3.4727598818897638
11
5.8653543307086613
21
-3.618503937007874
0
LINE
8
BLACK
6
CONTINUOUS
10
5.8653543307086613
20
-3.618503937007874
11
5.8651721653543305
21
-3.6203531102362203
0
LINE
8
BLACK
6
CONTINUOUS
10
5.8651721653543305
20
-3.6203531102362203
11
5.8653317322834644
21
-3.7063269685039368
0
LINE
8
BLACK
6
CONTINUOUS
10
5.8653317322834644
20
-3.7063269685039368
11
5.8682522440944878
21
-3.7092474803149607
0
LINE
8
BLACK
6
CONTINUOUS
10
5.8682522440944878
20
-3.7092474803149607
11
5.8704890944881889
21
-3.7136375196850393
0
LINE
8
BLACK
6
CONTINUOUS
10
5.8704890944881889
20
-3.7136375196850393
11
5.8712598425196845
21
-3.7185039370078741
0
LINE
8
BLACK
6
CONTINUOUS
10
5.8712598425196845
20
-3.7185039370078741
11
5.8704890944881889
21
-3.7233703543307084
0
LINE
8
BLACK
6
CONTINUOUS
10
5.8704890944881889
20
-3.7233703543307084
11
5.8682522440944878
21
-3.7277603937007875
0
LINE
8
BLACK
6
CONTINUOUS
10
5.8682522440944878
20
-3.7277603937007875
11
5.8647682677165349
21
-3.7312443700787399
0
LINE
8
BLACK
6
CONTINUOUS
10
5.8647682677165349
20
-3.7312443700787399
11
5.8603782283464563
21
-3.733481220472441
0
LINE
8
BLACK
6
CONTINUOUS
10
5.8603782283464563
20
-3.733481220472441
11
5.8555118110236215
21
-3.734251968503937
0
LINE
8
BLACK
6
CONTINUOUS
10
5.8555118110236215
20
-3.734251968503937
11
5.8506453937007876
21
-3.733481220472441
0
LINE
8
BLACK
6
CONTINUOUS
10
5.8506453937007876
20
-3.733481220472441
11
5.8462553543307081
21
-3.7312443700787399
0
LINE
8
BLACK
6
CONTINUOUS
10
5.8462553543307081
20
-3.7312443700787399
11
5.8427713779527561
21
-3.7277603937007875
0
LINE
8
BLACK
6
CONTINUOUS
10
5.8427713779527561
20
-3.7277603937007875
11
5.840534527559055
21
-3.7233703543307084
0
LINE
8
BLACK
6
CONTINUOUS
10
5.840534527559055
20
-3.7233703543307084
11
5.8397637795275585
21
-3.7185039370078741
0
LINE
8
BLACK
6
CONTINUOUS
10
5.8397637795275585
20
-3.7185039370078741
11
5.840534527559055
21
-3.7136375196850393
0
LINE
8
BLACK
6
CONTINUOUS
10
5.840534527559055
20
-3.7136375196850393
11
5.8427713779527561
21
-3.7092474803149607
0
LINE
8
BLACK
6
CONTINUOUS
10
5.8427713779527561
20
-3.7092474803149607
11
5.845831968503937
21
-3.7061868503937005
0
LINE
8
BLACK
6
CONTINUOUS
10
5.845831968503937
20
-3.7061868503937005
11
5.8456692913385826
21
-3.618503937007874
0
LINE
8
BLACK
6
CONTINUOUS
10
5.8456692913385826
20
-3.618503937007874
11
5.8458537007874014
21
-3.616631653543307
0
LINE
8
BLACK
6
CONTINUOUS
10
5.8458537007874014
20
-3.616631653543307
11
5.8456692913385826
21
-3.4685039370078741
0
LINE
8
BLACK
6
CONTINUOUS
10
5.8456692913385826
20
-3.4685039370078741
11
5.84585842519685
21
-3.4665837401574802
0
LINE
8
BLACK
6
CONTINUOUS
10
5.84585842519685
20
-3.4665837401574802
11
5.8473280708661415
21
-3.4630357086614172
0
LINE
8
BLACK
6
CONTINUOUS
10
5.8473280708661415
20
-3.4630357086614172
11
5.8473724015748028
21
-3.4629913385826772
0
LINE
8
BLACK
6
CONTINUOUS
10
5.8473724015748028
20
-3.4629913385826772
11
6.125511811023622
21
-3.1846049606299212
0
LINE
8
BLACK
6
CONTINUOUS
10
6.125511811023622
20
-3.1846049606299212
11
6.125511811023622
21
-3.138503937007874
0
LINE
8
BLACK
6
CONTINUOUS
10
6.125511811023622
20
-3.138503937007874
11
6.1855118110236216
21
-3.138503937007874
0
LINE
8
BLACK
6
CONTINUOUS
10
6.1855118110236216
20
-3.138503937007874
11
6.1855118110236216
21
-3.1985039370078741
0
LINE
8
BLACK
6
CONTINUOUS
10
6.0855118110236219
20
-3.1985039370078741
11
6.0255118110236223
21
-3.1985039370078741
0
LINE
8
BLACK
6
CONTINUOUS
10
6.0255118110236223
20
-3.1985039370078741
11
6.0255118110236223
21
-3.138503937007874
0
LINE
8
BLACK
6
CONTINUOUS
10
6.0255118110236223
20
-3.138503937007874
11
6.0855118110236219
21
-3.138503937007874
0
LINE
8
BLACK
6
CONTINUOUS
10
6.0855118110236219
20
-3.138503937007874
11
6.0855118110236219
21
-3.1985039370078741
0
LINE
8
BLACK
6
CONTINUOUS
10
6.2855118110236221
20
-3.1985039370078741
11
6.2651761417322831
21
-3.1985039370078741
0
LINE
8
BLACK
6
CONTINUOUS
10
6.2651761417322831
20
-3.1985039370078741
11
6.2653501574803148
21
-3.7063453937007873
0
LINE
8
BLACK
6
CONTINUOUS
10
6.2653501574803148
20
-3.7063453937007873
11
6.2682522440944881
21
-3.7092474803149607
0
LINE
8
BLACK
6
CONTINUOUS
10
6.2682522440944881
20
-3.7092474803149607
11
6.2704890944881893
21
-3.7136375196850393
0
LINE
8
BLACK
6
CONTINUOUS
10
6.2704890944881893
20
-3.7136375196850393
11
6.2712598425196848
21
-3.7185039370078741
0
LINE
8
BLACK
6
CONTINUOUS
10
6.2712598425196848
20
-3.7185039370078741
11
6.2704890944881893
21
-3.7233703543307084
0
LINE
8
BLACK
6
CONTINUOUS
10
6.2704890944881893
20
-3.7233703543307084
11
6.2682522440944881
21
-3.7277603937007875
0
LINE
8
BLACK
6
CONTINUOUS
10
6.2682522440944881
20
-3.7277603937007875
11
6.2647682677165353
21
-3.7312443700787399
0
LINE
8
BLACK
6
CONTINUOUS
10
6.2647682677165353
20
-3.7312443700787399
11
6.2603782283464566
21
-3.733481220472441
0
LINE
8
BLACK
6
CONTINUOUS
10
6.2603782283464566
20
-3.733481220472441
11
6.2555118110236219
21
-3.734251968503937
0
LINE
8
BLACK
6
CONTINUOUS
10
6.2555118110236219
20
-3.734251968503937
11
6.2506453937007871
21
-3.733481220472441
0
LINE
8
BLACK
6
CONTINUOUS
10
6.2506453937007871
20
-3.733481220472441
11
6.2462553543307084
21
-3.7312443700787399
0
LINE
8
BLACK
6
CONTINUOUS
10
6.2462553543307084
20
-3.7312443700787399
11
6.2427713779527556
21
-3.7277603937007875
0
LINE
8
BLACK
6
CONTINUOUS
10
6.2427713779527556
20
-3.7277603937007875
11
6.2405345275590554
21
-3.7233703543307084
0
LINE
8
BLACK
6
CONTINUOUS
10
6.2405345275590554
20
-3.7233703543307084
11
6.2397637795275589
21
-3.7185039370078741
0
LINE
8
BLACK
6
CONTINUOUS
10
6.2397637795275589
20
-3.7185039370078741
11
6.2405345275590554
21
-3.7136375196850393
0
LINE
8
BLACK
6
CONTINUOUS
10
6.2405345275590554
20
-3.7136375196850393
11
6.2427713779527556
21
-3.7092474803149607
0
LINE
8
BLACK
6
CONTINUOUS
10
6.2427713779527556
20
-3.7092474803149607
11
6.245853503937008
21
-3.70616531496063
0
LINE
8
BLACK
6
CONTINUOUS
10
6.245853503937008
20
-3.70616531496063
11
6.2456795669291338
21
-3.1985039370078741
0
LINE
8
BLACK
6
CONTINUOUS
10
6.2456795669291338
20
-3.1985039370078741
11
6.2255118110236216
21
-3.1985039370078741
0
LINE
8
BLACK
6
CONTINUOUS
10
6.2255118110236216
20
-3.1985039370078741
11
6.2255118110236216
21
-3.138503937007874
0
LINE
8
BLACK
6
CONTINUOUS
10
6.2255118110236216
20
-3.138503937007874
11
6.2855118110236221
21
-3.138503937007874
0
LINE
8
BLACK
6
CONTINUOUS
10
6.2855118110236221
20
-3.138503937007874
11
6.2855118110236221
21
-3.1985039370078741
0
LINE
8
BLACK
6
CONTINUOUS
10
5.5425788582677162
20
-3.3760927165354331
11
5.5501664173228349
21
-3.3790321653543307
0
LINE
8
BLACK
6
CONTINUOUS
10
5.5501664173228349
20
-3.3790321653543307
11
5.5570846850393698
21
-3.3833157874015747
0
LINE
8
BLACK
6
CONTINUOUS
10
5.5570846850393698
20
-3.3833157874015747
11
5.5630980314960627
21
-3.3887976771653543
0
LINE
8
BLACK
6
CONTINUOUS
10
5.5630980314960627
20
-3.3887976771653543
11
5.568001692913386
21
-3.3952911811023623
0
LINE
8
BLACK
6
CONTINUOUS
10
5.568001692913386
20
-3.3952911811023623
11
5.571628700787401
21
-3.4025751574803147
0
LINE
8
BLACK
6
CONTINUOUS
10
5.571628700787401
20
-3.4025751574803147
11
5.5738555118110238
21
-3.4104016141732281
0
LINE
8
BLACK
6
CONTINUOUS
10
5.5738555118110238
20
-3.4104016141732281
11
5.574606299212598
21
-3.4185039370078738
0
LINE
8
BLACK
6
CONTINUOUS
10
5.574606299212598
20
-3.4185039370078738
11
5.5738555118110238
21
-3.4266062598425195
0
LINE
8
BLACK
6
CONTINUOUS
10
5.5738555118110238
20
-3.4266062598425195
11
5.571628700787401
21
-3.4344327165354329
0
LINE
8
BLACK
6
CONTINUOUS
10
5.571628700787401
20
-3.4344327165354329
11
5.568001692913386
21
-3.4417166929133858
0
LINE
8
BLACK
6
CONTINUOUS
10
5.568001692913386
20
-3.4417166929133858
11
5.5630980314960627
21
-3.4482101968503938
0
LINE
8
BLACK
6
CONTINUOUS
10
5.5630980314960627
20
-3.4482101968503938
11
5.5570846850393698
21
-3.4536920866141729
0
LINE
8
BLACK
6
CONTINUOUS
10
5.5570846850393698
20
-3.4536920866141729
11
5.5501664173228349
21
-3.4579757086614173
0
LINE
8
BLACK
6
CONTINUOUS
10
5.5501664173228349
20
-3.4579757086614173
11
5.5425788582677162
21
-3.460915157480315
0
LINE
8
BLACK
6
CONTINUOUS
10
5.5425788582677162
20
-3.460915157480315
11
5.5345803543307088
21
-3.4624103149606298
0
LINE
8
BLACK
6
CONTINUOUS
10
5.5345803543307088
20
-3.4624103149606298
11
5.5264432677165356
21
-3.4624103149606298
0
LINE
8
BLACK
6
CONTINUOUS
10
5.5264432677165356
20
-3.4624103149606298
11
5.5184447637795273
21
-3.460915157480315
0
LINE
8
BLACK
6
CONTINUOUS
10
5.5184447637795273
20
-3.460915157480315
11
5.5108572047244095
21
-3.4579757086614173
0
LINE
8
BLACK
6
CONTINUOUS
10
5.5108572047244095
20
-3.4579757086614173
11
5.5039389370078737
21
-3.4536920866141729
0
LINE
8
BLACK
6
CONTINUOUS
10
5.5039389370078737
20
-3.4536920866141729
11
5.4979255905511808
21
-3.4482101968503938
0
LINE
8
BLACK
6
CONTINUOUS
10
5.4979255905511808
20
-3.4482101968503938
11
5.4930219291338584
21
-3.4417166929133858
0
LINE
8
BLACK
6
CONTINUOUS
10
5.4930219291338584
20
-3.4417166929133858
11
5.4893949212598425
21
-3.4344327165354329
0
LINE
8
BLACK
6
CONTINUOUS
10
5.4893949212598425
20
-3.4344327165354329
11
5.4871681102362206
21
-3.4266062598425195
0
LINE
8
BLACK
6
CONTINUOUS
10
5.4871681102362206
20
-3.4266062598425195
11
5.4864173228346456
21
-3.4185039370078738
0
LINE
8
BLACK
6
CONTINUOUS
10
5.4864173228346456
20
-3.4185039370078738
11
5.4871681102362206
21
-3.4104016141732281
0
LINE
8
BLACK
6
CONTINUOUS
10
5.4871681102362206
20
-3.4104016141732281
11
5.4893949212598425
21
-3.4025751574803147
0
LINE
8
BLACK
6
CONTINUOUS
10
5.4893949212598425
20
-3.4025751574803147
11
5.4930219291338584
21
-3.3952911811023623
0
LINE
8
BLACK
6
CONTINUOUS
10
5.4930219291338584
20
-3.3952911811023623
11
5.4979255905511808
21
-3.3887976771653543
0
LINE
8
BLACK
6
CONTINUOUS
10
5.4979255905511808
20
-3.3887976771653543
11
5.5039389370078737
21
-3.3833157874015747
0
LINE
8
BLACK
6
CONTINUOUS
10
5.5039389370078737
20
-3.3833157874015747
11
5.5108572047244095
21
-3.3790321653543307
0
LINE
8
BLACK
6
CONTINUOUS
10
5.5108572047244095
20
-3.3790321653543307
11
5.5184447637795273
21
-3.3760927165354331
0
LINE
8
BLACK
6
CONTINUOUS
10
5.5184447637795273
20
-3.3760927165354331
11
5.5264432677165356
21
-3.3745975590551178
0
LINE
8
BLACK
6
CONTINUOUS
10
5.5264432677165356
20
-3.3745975590551178
11
5.5345803543307088
21
-3.3745975590551178
0
LINE
8
BLACK
6
CONTINUOUS
10
5.5345803543307088
20
-3.3745975590551178
11
5.5425788582677162
21
-3.3760927165354331
0
LINE
8
BLACK
6
CONTINUOUS
10
6.6425788582677168
20
-3.3760927165354331
11
6.6501664173228345
21
-3.3790321653543307
0
LINE
8
BLACK
6
CONTINUOUS
10
6.6501664173228345
20
-3.3790321653543307
11
6.6570846850393703
21
-3.3833157874015747
0
LINE
8
BLACK
6
CONTINUOUS
10
6.6570846850393703
20
-3.3833157874015747
11
6.6630980314960633
21
-3.3887976771653543
0
LINE
8
BLACK
6
CONTINUOUS
10
6.6630980314960633
20
-3.3887976771653543
11
6.6680016929133856
21
-3.3952911811023623
0
LINE
8
BLACK
6
CONTINUOUS
10
6.6680016929133856
20
-3.3952911811023623
11
6.6716287007874016
21
-3.4025751574803147
0
LINE
8
BLACK
6
CONTINUOUS
10
6.6716287007874016
20
-3.4025751574803147
11
6.6738555118110234
21
-3.4104016141732281
0
LINE
8
BLACK
6
CONTINUOUS
10
6.6738555118110234
20
-3.4104016141732281
11
6.6746062992125985
21
-3.4185039370078738
0
LINE
8
BLACK
6
CONTINUOUS
10
6.6746062992125985
20
-3.4185039370078738
11
6.6738555118110234
21
-3.4266062598425195
0
LINE
8
BLACK
6
CONTINUOUS
10
6.6738555118110234
20
-3.4266062598425195
11
6.6716287007874016
21
-3.4344327165354329
0
LINE
8
BLACK
6
CONTINUOUS
10
6.6716287007874016
20
-3.4344327165354329
11
6.6680016929133856
21
-3.4417166929133858
0
LINE
8
BLACK
6
CONTINUOUS
10
6.6680016929133856
20
-3.4417166929133858
11
6.6630980314960633
21
-3.4482101968503938
0
LINE
8
BLACK
6
CONTINUOUS
10
6.6630980314960633
20
-3.4482101968503938
11
6.6570846850393703
21
-3.4536920866141729
0
LINE
8
BLACK
6
CONTINUOUS
10
6.6570846850393703
20
-3.4536920866141729
11
6.6501664173228345
21
-3.4579757086614173
0
LINE
8
BLACK
6
CONTINUOUS
10
6.6501664173228345
20
-3.4579757086614173
11
6.6425788582677168
21
-3.460915157480315
0
LINE
8
BLACK
6
CONTINUOUS
10
6.6425788582677168
20
-3.460915157480315
11
6.6345803543307085
21
-3.4624103149606298
0
LINE
8
BLACK
6
CONTINUOUS
10
6.6345803543307085
20
-3.4624103149606298
11
6.6264432677165352
21
-3.4624103149606298
0
LINE
8
BLACK
6
CONTINUOUS
10
6.6264432677165352
20
-3.4624103149606298
11
6.6184447637795278
21
-3.460915157480315
0
LINE
8
BLACK
6
CONTINUOUS
10
6.6184447637795278
20
-3.460915157480315
11
6.6108572047244092
21
-3.4579757086614173
0
LINE
8
BLACK
6
CONTINUOUS
10
6.6108572047244092
20
-3.4579757086614173
11
6.6039389370078743
21
-3.4536920866141729
0
LINE
8
BLACK
6
CONTINUOUS
10
6.6039389370078743
20
-3.4536920866141729
11
6.5979255905511813
21
-3.4482101968503938
0
LINE
8
BLACK
6
CONTINUOUS
10
6.5979255905511813
20
-3.4482101968503938
11
6.5930219291338581
21
-3.4417166929133858
0
LINE
8
BLACK
6
CONTINUOUS
10
6.5930219291338581
20
-3.4417166929133858
11
6.5893949212598422
21
-3.4344327165354329
0
LINE
8
BLACK
6
CONTINUOUS
10
6.5893949212598422
20
-3.4344327165354329
11
6.5871681102362203
21
-3.4266062598425195
0
LINE
8
BLACK
6
CONTINUOUS
10
6.5871681102362203
20
-3.4266062598425195
11
6.5864173228346452
21
-3.4185039370078738
0
LINE
8
BLACK
6
CONTINUOUS
10
6.5864173228346452
20
-3.4185039370078738
11
6.5871681102362203
21
-3.4104016141732281
0
LINE
8
BLACK
6
CONTINUOUS
10
6.5871681102362203
20
-3.4104016141732281
11
6.5893949212598422
21
-3.4025751574803147
0
LINE
8
BLACK
6
CONTINUOUS
10
6.5893949212598422
20
-3.4025751574803147
11
6.5930219291338581
21
-3.3952911811023623
0
LINE
8
BLACK
6
CONTINUOUS
10
6.5930219291338581
20
-3.3952911811023623
11
6.5979255905511813
21
-3.3887976771653543
0
LINE
8
BLACK
6
CONTINUOUS
10
6.5979255905511813
20
-3.3887976771653543
11
6.6039389370078743
21
-3.3833157874015747
0
LINE
8
BLACK
6
CONTINUOUS
10
6.6039389370078743
20
-3.3833157874015747
11
6.6108572047244092
21
-3.3790321653543307
0
LINE
8
BLACK
6
CONTINUOUS
10
6.6108572047244092
20
-3.3790321653543307
11
6.6184447637795278
21
-3.3760927165354331
0
LINE
8
BLACK
6
CONTINUOUS
10
6.6184447637795278
20
-3.3760927165354331
11
6.6264432677165352
21
-3.3745975590551178
0
LINE
8
BLACK
6
CONTINUOUS
10
6.6264432677165352
20
-3.3745975590551178
11
6.6345803543307085
21
-3.3745975590551178
0
LINE
8
BLACK
6
CONTINUOUS
10
6.6345803543307085
20
-3.3745975590551178
11
6.6425788582677168
21
-3.3760927165354331
0
LINE
8
BLACK
6
CONTINUOUS
10
6.3855118110236218
20
-3.1985039370078741
11
6.3255118110236221
21
-3.1985039370078741
0
LINE
8
BLACK
6
CONTINUOUS
10
6.3255118110236221
20
-3.1985039370078741
11
6.3255118110236221
21
-3.138503937007874
0
LINE
8
BLACK
6
CONTINUOUS
10
6.3255118110236221
20
-3.138503937007874
11
6.3855118110236218
21
-3.138503937007874
0
LINE
8
BLACK
6
CONTINUOUS
10
6.3855118110236218
20
-3.138503937007874
11
6.3855118110236218
21
-3.1985039370078741
0
LINE
8
BLACK
6
CONTINUOUS
10
6.0855118110236219
20
-3.098503937007874
11
6.0255118110236223
21
-3.098503937007874
0
LINE
8
BLACK
6
CONTINUOUS
10
6.0255118110236223
20
-3.098503937007874
11
6.0255118110236223
21
-3.0385039370078739
0
LINE
8
BLACK
6
CONTINUOUS
10
6.0255118110236223
20
-3.0385039370078739
11
6.0855118110236219
21
-3.0385039370078739
0
LINE
8
BLACK
6
CONTINUOUS
10
6.0855118110236219
20
-3.0385039370078739
11
6.0855118110236219
21
-3.098503937007874
0
LINE
8
BLACK
6
CONTINUOUS
10
6.1855118110236216
20
-3.098503937007874
11
6.125511811023622
21
-3.098503937007874
0
LINE
8
BLACK
6
CONTINUOUS
10
6.125511811023622
20
-3.098503937007874
11
6.125511811023622
21
-3.0385039370078739
0
LINE
8
BLACK
6
CONTINUOUS
10
6.125511811023622
20
-3.0385039370078739
11
6.1855118110236216
21
-3.0385039370078739
0
LINE
8
BLACK
6
CONTINUOUS
10
6.1855118110236216
20
-3.0385039370078739
11
6.1855118110236216
21
-3.098503937007874
0
LINE
8
BLACK
6
CONTINUOUS
10
6.2855118110236221
20
-3.098503937007874
11
6.2255118110236216
21
-3.098503937007874
0
LINE
8
BLACK
6
CONTINUOUS
10
6.2255118110236216
20
-3.098503937007874
11
6.2255118110236216
21
-3.0385039370078739
0
LINE
8
BLACK
6
CONTINUOUS
10
6.2255118110236216
20
-3.0385039370078739
11
6.2855118110236221
21
-3.0385039370078739
0
LINE
8
BLACK
6
CONTINUOUS
10
6.2855118110236221
20
-3.0385039370078739
11
6.2855118110236221
21
-3.098503937007874
0
LINE
8
BLACK
6
CONTINUOUS
10
6.3855118110236218
20
-3.098503937007874
11
6.3255118110236221
21
-3.098503937007874
0
LINE
8
BLACK
6
CONTINUOUS
10
6.3255118110236221
20
-3.098503937007874
11
6.3255118110236221
21
-3.0385039370078739
0
LINE
8
BLACK
6
CONTINUOUS
10
6.3255118110236221
20
-3.0385039370078739
11
6.3855118110236218
21
-3.0385039370078739
0
LINE
8
BLACK
6
CONTINUOUS
10
6.3855118110236218
20
-3.0385039370078739
11
6.3855118110236218
21
-3.098503937007874
0
LINE
8
BLACK
6
CONTINUOUS
10
6.3603782283464563
20
-2.9035266535433069
11
6.3647682677165349
21
-2.905763503937008
0
LINE
8
BLACK
6
CONTINUOUS
10
6.3647682677165349
20
-2.905763503937008
11
6.3682522440944878
21
-2.9092474803149604
0
LINE
8
BLACK
6
CONTINUOUS
10
6.3682522440944878
20
-2.9092474803149604
11
6.3704890944881889
21
-2.9136375196850395
0
LINE
8
BLACK
6
CONTINUOUS
10
6.3704890944881889
20
-2.9136375196850395
11
6.3712598425196845
21
-2.9185039370078738
0
LINE
8
BLACK
6
CONTINUOUS
10
6.3712598425196845
20
-2.9185039370078738
11
6.3704890944881889
21
-2.9233703543307086
0
LINE
8
BLACK
6
CONTINUOUS
10
6.3704890944881889
20
-2.9233703543307086
11
6.3682522440944878
21
-2.9277603937007872
0
LINE
8
BLACK
6
CONTINUOUS
10
6.3682522440944878
20
-2.9277603937007872
11
6.3647682677165349
21
-2.9312443700787401
0
LINE
8
BLACK
6
CONTINUOUS
10
6.3647682677165349
20
-2.9312443700787401
11
6.3603782283464563
21
-2.9334812204724408
0
LINE
8
BLACK
6
CONTINUOUS
10
6.3603782283464563
20
-2.9334812204724408
11
6.3555118110236215
21
-2.9342519685039368
0
LINE
8
BLACK
6
CONTINUOUS
10
6.3555118110236215
20
-2.9342519685039368
11
6.3506453937007876
21
-2.9334812204724408
0
LINE
8
BLACK
6
CONTINUOUS
10
6.3506453937007876
20
-2.9334812204724408
11
6.3462553543307081
21
-2.9312443700787401
0
LINE
8
BLACK
6
CONTINUOUS
10
6.3462553543307081
20
-2.9312443700787401
11
6.3427713779527561
21
-2.9277603937007872
0
LINE
8
BLACK
6
CONTINUOUS
10
6.3427713779527561
20
-2.9277603937007872
11
6.3419956299212599
21
-2.9262379527559053
0
LINE
8
BLACK
6
CONTINUOUS
10
6.3419956299212599
20
-2.9262379527559053
11
6.1689617716535432
21
-2.9263678346456694
0
LINE
8
BLACK
6
CONTINUOUS
10
6.1689617716535432
20
-2.9263678346456694
11
6.1682522440944885
21
-2.9277603937007872
0
LINE
8
BLACK
6
CONTINUOUS
10
6.1682522440944885
20
-2.9277603937007872
11
6.1647682677165356
21
-2.9312443700787401
0
LINE
8
BLACK
6
CONTINUOUS
10
6.1647682677165356
20
-2.9312443700787401
11
6.160378228346457
21
-2.9334812204724408
0
LINE
8
BLACK
6
CONTINUOUS
10
6.160378228346457
20
-2.9334812204724408
11
6.1555118110236222
21
-2.9342519685039368
0
LINE
8
BLACK
6
CONTINUOUS
10
6.1555118110236222
20
-2.9342519685039368
11
6.1506453937007874
21
-2.9334812204724408
0
LINE
8
BLACK
6
CONTINUOUS
10
6.1506453937007874
20
-2.9334812204724408
11
6.1462553543307088
21
-2.9312443700787401
0
LINE
8
BLACK
6
CONTINUOUS
10
6.1462553543307088
20
-2.9312443700787401
11
6.142771377952756
21
-2.9277603937007872
0
LINE
8
BLACK
6
CONTINUOUS
10
6.142771377952756
20
-2.9277603937007872
11
6.1419944881889759
21
-2.9262356692913385
0
LINE
8
BLACK
6
CONTINUOUS
10
6.1419944881889759
20
-2.9262356692913385
11
5.9085710236220468
21
-2.9263761023622048
0
LINE
8
BLACK
6
CONTINUOUS
10
5.9085710236220468
20
-2.9263761023622048
11
5.8605118110236223
21
-2.97457062992126
0
LINE
8
BLACK
6
CONTINUOUS
10
5.8605118110236223
20
-2.97457062992126
11
5.8605118110236223
21
-3.0235039370078738
0
LINE
8
BLACK
6
CONTINUOUS
10
5.8605118110236223
20
-3.0235039370078738
11
5.8005118110236218
21
-3.0235039370078738
0
LINE
8
BLACK
6
CONTINUOUS
10
5.8005118110236218
20
-3.0235039370078738
11
5.8005118110236218
21
-2.9635039370078737
0
LINE
8
BLACK
6
CONTINUOUS
10
5.8005118110236218
20
-2.9635039370078737
11
5.8495182677165349
21
-2.9635039370078737
0
LINE
8
BLACK
6
CONTINUOUS
10
5.8495182677165349
20
-2.9635039370078737
11
5.8999440551181097
21
-2.9129361811023622
0
LINE
8
BLACK
6
CONTINUOUS
10
5.8999440551181097
20
-2.9129361811023622
11
5.901137244094488
21
-2.9119569291338583
0
LINE
8
BLACK
6
CONTINUOUS
10
5.901137244094488
20
-2.9119569291338583
11
5.9039756692913388
21
-2.9107812204724408
0
LINE
8
BLACK
6
CONTINUOUS
10
5.9039756692913388
20
-2.9107812204724408
11
6.1420628346456692
21
-2.9106379921259844
0
LINE
8
BLACK
6
CONTINUOUS
10
6.1420628346456692
20
-2.9106379921259844
11
6.142771377952756
21
-2.9092474803149604
0
LINE
8
BLACK
6
CONTINUOUS
10
6.142771377952756
20
-2.9092474803149604
11
6.1462553543307088
21
-2.905763503937008
0
LINE
8
BLACK
6
CONTINUOUS
10
6.1462553543307088
20
-2.905763503937008
11
6.1506453937007874
21
-2.9035266535433069
0
LINE
8
BLACK
6
CONTINUOUS
10
6.1506453937007874
20
-2.9035266535433069
11
6.1555118110236222
21
-2.9027559055118108
0
LINE
8
BLACK
6
CONTINUOUS
10
6.1555118110236222
20
-2.9027559055118108
11
6.160378228346457
21
-2.9035266535433069
0
LINE
8
BLACK
6
CONTINUOUS
10
6.160378228346457
20
-2.9035266535433069
11
6.1647682677165356
21
-2.905763503937008
0
LINE
8
BLACK
6
CONTINUOUS
10
6.1647682677165356
20
-2.905763503937008
11
6.1682522440944885
21
-2.9092474803149604
0
LINE
8
BLACK
6
CONTINUOUS
10
6.1682522440944885
20
-2.9092474803149604
11
6.1690279527559051
21
-2.9107698818897636
0
LINE
8
BLACK
6
CONTINUOUS
10
6.1690279527559051
20
-2.9107698818897636
11
6.3420618110236218
21
-2.9106399999999999
0
LINE
8
BLACK
6
CONTINUOUS
10
6.3420618110236218
20
-2.9106399999999999
11
6.3427713779527561
21
-2.9092474803149604
0
LINE
8
BLACK
6
CONTINUOUS
10
6.3427713779527561
20
-2.9092474803149604
11
6.3462553543307081
21
-2.905763503937008
0
LINE
8
BLACK
6
CONTINUOUS
10
6.3462553543307081
20
-2.905763503937008
11
6.3506453937007876
21
-2.9035266535433069
0
LINE
8
BLACK
6
CONTINUOUS
10
6.3506453937007876
20
-2.9035266535433069
11
6.3555118110236215
21
-2.9027559055118108
0
LINE
8
BLACK
6
CONTINUOUS
10
6.3555118110236215
20
-2.9027559055118108
11
6.3603782283464563
21
-2.9035266535433069
0
LINE
8
BLACK
6
CONTINUOUS
10
6.8689051574803148
20
-2.854248307086614
11
6.8703210629921259
21
-2.8561971259842518
0
LINE
8
BLACK
6
CONTINUOUS
10
6.8703210629921259
20
-2.8561971259842518
11
6.8705118110236221
21
-2.8574015748031494
0
LINE
8
BLACK
6
CONTINUOUS
10
6.8705118110236221
20
-2.8574015748031494
11
6.8705118110236221
21
-4.4296062992125984
0
LINE
8
BLACK
6
CONTINUOUS
10
6.8705118110236221
20
-4.4296062992125984
11
6.8697674409448819
21
-4.4318972834645667
0
LINE
8
BLACK
6
CONTINUOUS
10
6.8697674409448819
20
-4.4318972834645667
11
6.8678186220472437
21
-4.4333131889763777
0
LINE
8
BLACK
6
CONTINUOUS
10
6.8678186220472437
20
-4.4333131889763777
11
6.8666141732283466
21
-4.4335039370078739
0
LINE
8
BLACK
6
CONTINUOUS
10
6.8666141732283466
20
-4.4335039370078739
11
5.2944094488188975
21
-4.4335039370078739
0
LINE
8
BLACK
6
CONTINUOUS
10
5.2944094488188975
20
-4.4335039370078739
11
5.2921184645669292
21
-4.4327595669291338
0
LINE
8
BLACK
6
CONTINUOUS
10
5.2921184645669292
20
-4.4327595669291338
11
5.2907025590551182
21
-4.4308107480314955
0
LINE
8
BLACK
6
CONTINUOUS
10
5.2907025590551182
20
-4.4308107480314955
11
5.290511811023622
21
-4.4296062992125984
0
LINE
8
BLACK
6
CONTINUOUS
10
5.290511811023622
20
-4.4296062992125984
11
5.290511811023622
21
-4.3135038976377951
0
LINE
8
BLACK
6
CONTINUOUS
10
5.290511811023622
20
-4.3135038976377951
11
5.290511811023622
21
-4.2835446456692914
0
LINE
8
BLACK
6
CONTINUOUS
10
5.290511811023622
20
-4.2835446456692914
11
5.290511811023622
21
-4.2195038976377948
0
LINE
8
BLACK
6
CONTINUOUS
10
5.290511811023622
20
-4.2195038976377948
11
5.290511811023622
21
-3.2661689370078739
0
LINE
8
BLACK
6
CONTINUOUS
10
5.290511811023622
20
-3.2661689370078739
11
5.290511811023622
21
-3.0377264960629922
0
LINE
8
BLACK
6
CONTINUOUS
10
5.290511811023622
20
-3.0377264960629922
11
5.290511811023622
21
-2.9617402362204723
0
LINE
8
BLACK
6
CONTINUOUS
10
5.290511811023622
20
-2.9617402362204723
11
5.290511811023622
21
-2.8574015748031494
0
LINE
8
BLACK
6
CONTINUOUS
10
5.290511811023622
20
-2.8574015748031494
11
5.2912561811023622
21
-2.8551105905511811
0
LINE
8
BLACK
6
CONTINUOUS
10
5.2912561811023622
20
-2.8551105905511811
11
5.2932049999999995
21
-2.8536946850393701
0
LINE
8
BLACK
6
CONTINUOUS
10
5.2932049999999995
20
-2.8536946850393701
11
5.2944094488188975
21
-2.8535039370078739
0
LINE
8
BLACK
6
CONTINUOUS
10
5.2944094488188975
20
-2.8535039370078739
11
6.8666141732283466
21
-2.8535039370078739
0
LINE
8
BLACK
6
CONTINUOUS
10
6.8666141732283466
20
-2.8535039370078739
11
6.8689051574803148
21
-2.854248307086614
0
LINE
8
BLACK
6
CONTINUOUS
10
6.1207566535433067
20
-4.227043622047244
11
6.1113236220472436
21
-4.2301086220472444
0
LINE
8
BLACK
6
CONTINUOUS
10
6.1113236220472436
20
-4.2301086220472444
11
6.1024864960629923
21
-4.2346113385826767
0
LINE
8
BLACK
6
CONTINUOUS
10
6.1024864960629923
20
-4.2346113385826767
11
6.0944624015748028
21
-4.2404411811023621
0
LINE
8
BLACK
6
CONTINUOUS
10
6.0944624015748028
20
-4.2404411811023621
11
6.0874490551181104
21
-4.2474545275590554
0
LINE
8
BLACK
6
CONTINUOUS
10
6.0874490551181104
20
-4.2474545275590554
11
6.081619212598425
21
-4.255478622047244
0
LINE
8
BLACK
6
CONTINUOUS
10
6.081619212598425
20
-4.255478622047244
11
6.0771164960629918
21
-4.2643157480314962
0
LINE
8
BLACK
6
CONTINUOUS
10
6.0771164960629918
20
-4.2643157480314962
11
6.0740514960629923
21
-4.2737487795275593
0
LINE
8
BLACK
6
CONTINUOUS
10
6.0740514960629923
20
-4.2737487795275593
11
6.0724999999999998
21
-4.2835446456692914
0
LINE
8
BLACK
6
CONTINUOUS
10
6.0724999999999998
20
-4.2835446456692914
11
6.0724999999999998
21
-4.2934631889763777
0
LINE
8
BLACK
6
CONTINUOUS
10
6.0724999999999998
20
-4.2934631889763777
11
6.0740514960629923
21
-4.3032590551181098
0
LINE
8
BLACK
6
CONTINUOUS
10
6.0740514960629923
20
-4.3032590551181098
11
6.0771164960629918
21
-4.3126920866141729
0
LINE
8
BLACK
6
CONTINUOUS
10
6.0771164960629918
20
-4.3126920866141729
11
6.0804740944881885
21
-4.3192818110236217
0
LINE
8
BLACK
6
CONTINUOUS
10
6.0804740944881885
20
-4.3192818110236217
11
6.0816192913385825
21
-4.3215293307086613
0
LINE
8
BLACK
6
CONTINUOUS
10
6.0816192913385825
20
-4.3215293307086613
11
6.0874490944881892
21
-4.3295533858267712
0
LINE
8
BLACK
6
CONTINUOUS
10
6.0874490944881892
20
-4.3295533858267712
11
6.094462362204724
21
-4.3365666535433069
0
LINE
8
BLACK
6
CONTINUOUS
10
6.094462362204724
20
-4.3365666535433069
11
6.1024864173228348
21
-4.3423964566929136
0
LINE
8
BLACK
6
CONTINUOUS
10
6.1024864173228348
20
-4.3423964566929136
11
6.1113236614173223
21
-4.3468992519685035
0
LINE
8
BLACK
6
CONTINUOUS
10
6.1113236614173223
20
-4.3468992519685035
11
6.1207564960629917
21
-4.3499641732283463
0
LINE
8
BLACK
6
CONTINUOUS
10
6.1207564960629917
20
-4.3499641732283463
11
6.1207565354330704
21
-4.3499641732283463
0
LINE
8
BLACK
6
CONTINUOUS
10
6.1207565354330704
20
-4.3499641732283463
11
6.1207566535433067
21
-4.349964212598425
0
LINE
8
BLACK
6
CONTINUOUS
10
6.1207566535433067
20
-4.349964212598425
11
6.1305525590551175
21
-4.3515157480314963
0
LINE
8
BLACK
6
CONTINUOUS
10
6.1305525590551175
20
-4.3515157480314963
11
6.1305526771653538
21
-4.3515157480314963
0
LINE
8
BLACK
6
CONTINUOUS
10
6.1305526771653538
20
-4.3515157480314963
11
6.140471062992126
21
-4.3515157480314963
0
LINE
8
BLACK
6
CONTINUOUS
10
6.140471062992126
20
-4.3515157480314963
11
6.1502669291338581
21
-4.349964212598425
0
LINE
8
BLACK
6
CONTINUOUS
10
6.1502669291338581
20
-4.349964212598425
11
6.1502669685039368
21
-4.3499641732283463
0
LINE
8
BLACK
6
CONTINUOUS
10
6.1502669685039368
20
-4.3499641732283463
11
6.1502671259842518
21
-4.3499641732283463
0
LINE
8
BLACK
6
CONTINUOUS
10
6.1502671259842518
20
-4.3499641732283463
11
6.1596999606299212
21
-4.3468992519685035
0
LINE
8
BLACK
6
CONTINUOUS
10
6.1596999606299212
20
-4.3468992519685035
11
6.1685372047244096
21
-4.3423964566929136
0
LINE
8
BLACK
6
CONTINUOUS
10
6.1685372047244096
20
-4.3423964566929136
11
6.1765612598425195
21
-4.3365666535433069
0
LINE
8
BLACK
6
CONTINUOUS
10
6.1765612598425195
20
-4.3365666535433069
11
6.1835745275590552
21
-4.3295533858267712
0
LINE
8
BLACK
6
CONTINUOUS
10
6.1835745275590552
20
-4.3295533858267712
11
6.189404330708661
21
-4.3215293307086613
0
LINE
8
BLACK
6
CONTINUOUS
10
6.189404330708661
20
-4.3215293307086613
11
6.1939071259842517
21
-4.3126920866141729
0
LINE
8
BLACK
6
CONTINUOUS
10
6.1939071259842517
20
-4.3126920866141729
11
6.1969720472440946
21
-4.3032592519685036
0
LINE
8
BLACK
6
CONTINUOUS
10
6.1969720472440946
20
-4.3032592519685036
11
6.1972378346456694
21
-4.3015811023622046
0
LINE
8
BLACK
6
CONTINUOUS
10
6.1972378346456694
20
-4.3015811023622046
11
6.1985236220472437
21
-4.2934631889763777
0
LINE
8
BLACK
6
CONTINUOUS
10
6.1985236220472437
20
-4.2934631889763777
11
6.1985236220472437
21
-4.2835446456692914
0
LINE
8
BLACK
6
CONTINUOUS
10
6.1985236220472437
20
-4.2835446456692914
11
6.1969720866141733
21
-4.2737487795275593
0
LINE
8
BLACK
6
CONTINUOUS
10
6.1969720866141733
20
-4.2737487795275593
11
6.1969720472440946
21
-4.2737486220472443
0
LINE
8
BLACK
6
CONTINUOUS
10
6.1969720472440946
20
-4.2737486220472443
11
6.1939071259842517
21
-4.2643157874015749
0
LINE
8
BLACK
6
CONTINUOUS
10
6.1939071259842517
20
-4.2643157874015749
11
6.1905497244094487
21
-4.2577264960629924
0
LINE
8
BLACK
6
CONTINUOUS
10
6.1905497244094487
20
-4.2577264960629924
11
6.189404330708661
21
-4.2554785433070865
0
LINE
8
BLACK
6
CONTINUOUS
10
6.189404330708661
20
-4.2554785433070865
11
6.1835745275590552
21
-4.2474544881889766
0
LINE
8
BLACK
6
CONTINUOUS
10
6.1835745275590552
20
-4.2474544881889766
11
6.1765612598425195
21
-4.2404412204724409
0
LINE
8
BLACK
6
CONTINUOUS
10
6.1765612598425195
20
-4.2404412204724409
11
6.1685372047244096
21
-4.2346114173228342
0
LINE
8
BLACK
6
CONTINUOUS
10
6.1685372047244096
20
-4.2346114173228342
11
6.1685371653543308
21
-4.2346113779527554
0
LINE
8
BLACK
6
CONTINUOUS
10
6.1685371653543308
20
-4.2346113779527554
11
6.1685370866141733
21
-4.2346113385826767
0
LINE
8
BLACK
6
CONTINUOUS
10
6.1685370866141733
20
-4.2346113385826767
11
6.1596999606299212
21
-4.2301086220472444
0
LINE
8
BLACK
6
CONTINUOUS
10
6.1596999606299212
20
-4.2301086220472444
11
6.1502669291338581
21
-4.227043622047244
0
LINE
8
BLACK
6
CONTINUOUS
10
6.1502669291338581
20
-4.227043622047244
11
6.140471062992126
21
-4.2254921259842515
0
LINE
8
BLACK
6
CONTINUOUS
10
6.140471062992126
20
-4.2254921259842515
11
6.1404709448818897
21
-4.2254921259842515
0
LINE
8
BLACK
6
CONTINUOUS
10
6.1404709448818897
20
-4.2254921259842515
11
6.1305526771653538
21
-4.2254921259842515
0
LINE
8
BLACK
6
CONTINUOUS
10
6.1305526771653538
20
-4.2254921259842515
11
6.1305525590551175
21
-4.2254921259842515
0
LINE
8
BLACK
6
CONTINUOUS
10
6.1305525590551175
20
-4.2254921259842515
11
6.1207566535433067
21
-4.227043622047244
0
LINE
8
BLACK
6
CONTINUOUS
10
5.8043401968503936
20
-4.2904706692913388
11
5.8043398818897636
21
-4.2904707480314963
0
LINE
8
BLACK
6
CONTINUOUS
10
5.8043398818897636
20
-4.2904707480314963
11
5.7985890157480311
21
-4.2928528346456689
0
LINE
8
BLACK
6
CONTINUOUS
10
5.7985890157480311
20
-4.2928528346456689
11
5.7985889763779523
21
-4.2928528346456689
0
LINE
8
BLACK
6
CONTINUOUS
10
5.7985889763779523
20
-4.2928528346456689
11
5.7936505118110233
21
-4.296642244094488
0
LINE
8
BLACK
6
CONTINUOUS
10
5.7936505118110233
20
-4.296642244094488
11
5.7936501181102358
21
-4.2966426377952756
0
LINE
8
BLACK
6
CONTINUOUS
10
5.7936501181102358
20
-4.2966426377952756
11
5.7898607086614176
21
-4.3015811023622046
0
LINE
8
BLACK
6
CONTINUOUS
10
5.7898607086614176
20
-4.3015811023622046
11
5.7898607086614176
21
-4.3015811417322833
0
LINE
8
BLACK
6
CONTINUOUS
10
5.7898607086614176
20
-4.3015811417322833
11
5.7874786220472441
21
-4.3073320078740158
0
LINE
8
BLACK
6
CONTINUOUS
10
5.7874786220472441
20
-4.3073320078740158
11
5.7874785433070866
21
-4.3073323228346458
0
LINE
8
BLACK
6
CONTINUOUS
10
5.7874785433070866
20
-4.3073323228346458
11
5.7866660629921256
21
-4.3135038976377951
0
LINE
8
BLACK
6
CONTINUOUS
10
5.7866660629921256
20
-4.3135038976377951
11
5.7866660629921256
21
-4.3135039370078738
0
LINE
8
BLACK
6
CONTINUOUS
10
5.7866660629921256
20
-4.3135039370078738
11
5.7874785433070866
21
-4.3196755118110239
0
LINE
8
BLACK
6
CONTINUOUS
10
5.7874785433070866
20
-4.3196755118110239
11
5.7874786220472441
21
-4.3196758267716531
0
LINE
8
BLACK
6
CONTINUOUS
10
5.7874786220472441
20
-4.3196758267716531
11
5.7898607086614176
21
-4.3254266929133856
0
LINE
8
BLACK
6
CONTINUOUS
10
5.7898607086614176
20
-4.3254266929133856
11
5.7898607086614176
21
-4.3254267322834643
0
LINE
8
BLACK
6
CONTINUOUS
10
5.7898607086614176
20
-4.3254267322834643
11
5.7930272047244094
21
-4.3295533858267712
0
LINE
8
BLACK
6
CONTINUOUS
10
5.7930272047244094
20
-4.3295533858267712
11
5.7936503149606295
21
-4.3303654330708659
0
LINE
8
BLACK
6
CONTINUOUS
10
5.7936503149606295
20
-4.3303654330708659
11
5.7985889370078736
21
-4.3341549606299212
0
LINE
8
BLACK
6
CONTINUOUS
10
5.7985889370078736
20
-4.3341549606299212
11
5.8043400787401573
21
-4.336537165354331
0
LINE
8
BLACK
6
CONTINUOUS
10
5.8043400787401573
20
-4.336537165354331
11
5.8089688582677166
21
-4.3371465354330709
0
LINE
8
BLACK
6
CONTINUOUS
10
5.8089688582677166
20
-4.3371465354330709
11
5.8105117716535428
21
-4.3373496850393698
0
LINE
8
BLACK
6
CONTINUOUS
10
5.8105117716535428
20
-4.3373496850393698
11
5.8105118110236216
21
-4.3373496850393698
0
LINE
8
BLACK
6
CONTINUOUS
10
5.8105118110236216
20
-4.3373496850393698
11
5.8105118503937003
21
-4.3373496850393698
0
LINE
8
BLACK
6
CONTINUOUS
10
5.8105118503937003
20
-4.3373496850393698
11
5.8117461417322831
21
-4.3371871653543304
0
LINE
8
BLACK
6
CONTINUOUS
10
5.8117461417322831
20
-4.3371871653543304
11
5.8166835433070867
21
-4.336537165354331
0
LINE
8
BLACK
6
CONTINUOUS
10
5.8166835433070867
20
-4.336537165354331
11
5.8224346850393696
21
-4.3341549606299212
0
LINE
8
BLACK
6
CONTINUOUS
10
5.8224346850393696
20
-4.3341549606299212
11
5.8251836614173227
21
-4.3320455511811025
0
LINE
8
BLACK
6
CONTINUOUS
10
5.8251836614173227
20
-4.3320455511811025
11
5.8274543700787405
21
-4.3312414960629919
0
LINE
8
BLACK
6
CONTINUOUS
10
5.8274543700787405
20
-4.3312414960629919
11
5.8275563779527557
21
-4.3312401574803152
0
LINE
8
BLACK
6
CONTINUOUS
10
5.8275563779527557
20
-4.3312401574803152
11
5.9934672440944876
21
-4.3312401574803152
0
LINE
8
BLACK
6
CONTINUOUS
10
5.9934672440944876
20
-4.3312401574803152
11
5.9957582283464568
21
-4.3319845275590554
0
LINE
8
BLACK
6
CONTINUOUS
10
5.9957582283464568
20
-4.3319845275590554
11
5.9958391732283465
21
-4.3320449999999999
0
LINE
8
BLACK
6
CONTINUOUS
10
5.9958391732283465
20
-4.3320449999999999
11
5.9985889370078738
21
-4.3341549606299212
0
LINE
8
BLACK
6
CONTINUOUS
10
5.9985889370078738
20
-4.3341549606299212
11
6.0043400787401575
21
-4.336537165354331
0
LINE
8
BLACK
6
CONTINUOUS
10
6.0043400787401575
20
-4.336537165354331
11
6.0089688582677168
21
-4.3371465354330709
0
LINE
8
BLACK
6
CONTINUOUS
10
6.0089688582677168
20
-4.3371465354330709
11
6.010511771653543
21
-4.3373496850393698
0
LINE
8
BLACK
6
CONTINUOUS
10
6.010511771653543
20
-4.3373496850393698
11
6.0105118110236218
21
-4.3373496850393698
0
LINE
8
BLACK
6
CONTINUOUS
10
6.0105118110236218
20
-4.3373496850393698
11
6.0105118503937005
21
-4.3373496850393698
0
LINE
8
BLACK
6
CONTINUOUS
10
6.0105118503937005
20
-4.3373496850393698
11
6.0117461417322833
21
-4.3371871653543304
0
LINE
8
BLACK
6
CONTINUOUS
10
6.0117461417322833
20
-4.3371871653543304
11
6.0166835433070869
21
-4.336537165354331
0
LINE
8
BLACK
6
CONTINUOUS
10
6.0166835433070869
20
-4.336537165354331
11
6.0224346850393697
21
-4.3341549606299212
0
LINE
8
BLACK
6
CONTINUOUS
10
6.0224346850393697
20
-4.3341549606299212
11
6.0273733070866138
21
-4.3303654330708659
0
LINE
8
BLACK
6
CONTINUOUS
10
6.0273733070866138
20
-4.3303654330708659
11
6.0311628346456692
21
-4.3254268110236218
0
LINE
8
BLACK
6
CONTINUOUS
10
6.0311628346456692
20
-4.3254268110236218
11
6.0335450393700789
21
-4.3196756692913381
0
LINE
8
BLACK
6
CONTINUOUS
10
6.0335450393700789
20
-4.3196756692913381
11
6.0343575590551177
21
-4.3135039370078738
0
LINE
8
BLACK
6
CONTINUOUS
10
6.0343575590551177
20
-4.3135039370078738
11
6.0335450393700789
21
-4.3073322047244096
0
LINE
8
BLACK
6
CONTINUOUS
10
6.0335450393700789
20
-4.3073322047244096
11
6.0311628740157479
21
-4.3015811417322833
0
LINE
8
BLACK
6
CONTINUOUS
10
6.0311628740157479
20
-4.3015811417322833
11
6.0311628740157479
21
-4.3015811023622046
0
LINE
8
BLACK
6
CONTINUOUS
10
6.0311628740157479
20
-4.3015811023622046
11
6.0273734645669288
21
-4.2966426377952756
0
LINE
8
BLACK
6
CONTINUOUS
10
6.0273734645669288
20
-4.2966426377952756
11
6.02737342519685
21
-4.2966425984251968
0
LINE
8
BLACK
6
CONTINUOUS
10
6.02737342519685
20
-4.2966425984251968
11
6.0273733070866138
21
-4.2966424409448818
0
LINE
8
BLACK
6
CONTINUOUS
10
6.0273733070866138
20
-4.2966424409448818
11
6.02737311023622
21
-4.2966422834645668
0
LINE
8
BLACK
6
CONTINUOUS
10
6.02737311023622
20
-4.2966422834645668
11
6.0273730708661413
21
-4.296642244094488
0
LINE
8
BLACK
6
CONTINUOUS
10
6.0273730708661413
20
-4.296642244094488
11
6.0224345669291335
21
-4.2928528346456689
0
LINE
8
BLACK
6
CONTINUOUS
10
6.0224345669291335
20
-4.2928528346456689
11
6.016683700787401
21
-4.2904707480314963
0
LINE
8
BLACK
6
CONTINUOUS
10
6.016683700787401
20
-4.2904707480314963
11
6.0166833858267719
21
-4.2904706692913388
0
LINE
8
BLACK
6
CONTINUOUS
10
6.0166833858267719
20
-4.2904706692913388
11
6.0105118503937005
21
-4.2896581889763779
0
LINE
8
BLACK
6
CONTINUOUS
10
6.0105118503937005
20
-4.2896581889763779
11
6.010511771653543
21
-4.2896581889763779
0
LINE
8
BLACK
6
CONTINUOUS
10
6.010511771653543
20
-4.2896581889763779
11
6.0043401968503938
21
-4.2904706692913388
0
LINE
8
BLACK
6
CONTINUOUS
10
6.0043401968503938
20
-4.2904706692913388
11
6.0043398818897638
21
-4.2904707480314963
0
LINE
8
BLACK
6
CONTINUOUS
10
6.0043398818897638
20
-4.2904707480314963
11
5.9985890157480313
21
-4.2928528346456689
0
LINE
8
BLACK
6
CONTINUOUS
10
5.9985890157480313
20
-4.2928528346456689
11
5.9970863779527557
21
-4.2940058267716532
0
LINE
8
BLACK
6
CONTINUOUS
10
5.9970863779527557
20
-4.2940058267716532
11
5.9958399212598428
21
-4.2949622834645664
0
LINE
8
BLACK
6
CONTINUOUS
10
5.9958399212598428
20
-4.2949622834645664
11
5.9935692519685038
21
-4.2957663779527557
0
LINE
8
BLACK
6
CONTINUOUS
10
5.9935692519685038
20
-4.2957663779527557
11
5.9934672440944876
21
-4.2957677165354333
0
LINE
8
BLACK
6
CONTINUOUS
10
5.9934672440944876
20
-4.2957677165354333
11
5.8275563779527557
21
-4.2957677165354333
0
LINE
8
BLACK
6
CONTINUOUS
10
5.8275563779527557
20
-4.2957677165354333
11
5.8252653937007874
21
-4.2950233464566931
0
LINE
8
BLACK
6
CONTINUOUS
10
5.8252653937007874
20
-4.2950233464566931
11
5.825184409448819
21
-4.294962834645669
0
LINE
8
BLACK
6
CONTINUOUS
10
5.825184409448819
20
-4.294962834645669
11
5.8224346850393696
21
-4.2928529133858264
0
LINE
8
BLACK
6
CONTINUOUS
10
5.8224346850393696
20
-4.2928529133858264
11
5.8224346456692908
21
-4.2928528740157477
0
LINE
8
BLACK
6
CONTINUOUS
10
5.8224346456692908
20
-4.2928528740157477
11
5.8224345669291333
21
-4.2928528346456689
0
LINE
8
BLACK
6
CONTINUOUS
10
5.8224345669291333
20
-4.2928528346456689
11
5.8166837007874017
21
-4.2904707480314963
0
LINE
8
BLACK
6
CONTINUOUS
10
5.8166837007874017
20
-4.2904707480314963
11
5.8166833858267717
21
-4.2904706692913388
0
LINE
8
BLACK
6
CONTINUOUS
10
5.8166833858267717
20
-4.2904706692913388
11
5.8105118503937003
21
-4.2896581889763779
0
LINE
8
BLACK
6
CONTINUOUS
10
5.8105118503937003
20
-4.2896581889763779
11
5.8105117716535428
21
-4.2896581889763779
0
LINE
8
BLACK
6
CONTINUOUS
10
5.8105117716535428
20
-4.2896581889763779
11
5.8043401968503936
21
-4.2904706692913388
0
LINE
8
BLACK
6
CONTINUOUS
10
6.4126181102362203
20
-4.3192813385826767
11
6.4126181496062991
21
-4.3192818110236217
0
LINE
8
BLACK
6
CONTINUOUS
10
6.4126181496062991
20
-4.3192818110236217
11
6.4130652362204721
21
-4.3215293307086613
0
LINE
8
BLACK
6
CONTINUOUS
10
6.4130652362204721
20
-4.3215293307086613
11
6.4130761023622043
21
-4.3215838976377956
0
LINE
8
BLACK
6
CONTINUOUS
10
6.4130761023622043
20
-4.3215838976377956
11
6.4148207874015748
21
-4.3241949606299208
0
LINE
8
BLACK
6
CONTINUOUS
10
6.4148207874015748
20
-4.3241949606299208
11
6.4174318503937009
21
-4.3259396456692913
0
LINE
8
BLACK
6
CONTINUOUS
10
6.4174318503937009
20
-4.3259396456692913
11
6.4191823228346454
21
-4.3262878346456688
0
LINE
8
BLACK
6
CONTINUOUS
10
6.4191823228346454
20
-4.3262878346456688
11
6.4197338976377951
21
-4.3263975590551178
0
LINE
8
BLACK
6
CONTINUOUS
10
6.4197338976377951
20
-4.3263975590551178
11
6.4197340944881889
21
-4.3263975590551178
0
LINE
8
BLACK
6
CONTINUOUS
10
6.4197340944881889
20
-4.3263975590551178
11
6.4197343307086614
21
-4.3263976377952753
0
LINE
8
BLACK
6
CONTINUOUS
10
6.4197343307086614
20
-4.3263976377952753
11
6.4197343700787401
21
-4.3263976377952753
0
LINE
8
BLACK
6
CONTINUOUS
10
6.4197343700787401
20
-4.3263976377952753
11
6.4812892519685041
21
-4.3263976377952753
0
LINE
8
BLACK
6
CONTINUOUS
10
6.4812892519685041
20
-4.3263976377952753
11
6.4812892913385829
21
-4.3263976377952753
0
LINE
8
BLACK
6
CONTINUOUS
10
6.4812892913385829
20
-4.3263976377952753
11
6.4835917716535434
21
-4.3259396456692913
0
LINE
8
BLACK
6
CONTINUOUS
10
6.4835917716535434
20
-4.3259396456692913
11
6.4862028346456695
21
-4.3241949606299208
0
LINE
8
BLACK
6
CONTINUOUS
10
6.4862028346456695
20
-4.3241949606299208
11
6.4879475196850391
21
-4.3215838976377956
0
LINE
8
BLACK
6
CONTINUOUS
10
6.4879475196850391
20
-4.3215838976377956
11
6.4884055118110231
21
-4.3192814173228342
0
LINE
8
BLACK
6
CONTINUOUS
10
6.4884055118110231
20
-4.3192814173228342
11
6.4884055118110231
21
-4.2577264566929136
0
LINE
8
BLACK
6
CONTINUOUS
10
6.4884055118110231
20
-4.2577264566929136
11
6.4879475196850391
21
-4.2554239763779522
0
LINE
8
BLACK
6
CONTINUOUS
10
6.4879475196850391
20
-4.2554239763779522
11
6.4862028346456695
21
-4.252812913385827
0
LINE
8
BLACK
6
CONTINUOUS
10
6.4862028346456695
20
-4.252812913385827
11
6.4862026771653545
21
-4.2528127952755908
0
LINE
8
BLACK
6
CONTINUOUS
10
6.4862026771653545
20
-4.2528127952755908
11
6.4835918503937009
21
-4.2510682677165352
0
LINE
8
BLACK
6
CONTINUOUS
10
6.4835918503937009
20
-4.2510682677165352
11
6.4835917716535434
21
-4.2510682283464565
0
LINE
8
BLACK
6
CONTINUOUS
10
6.4835917716535434
20
-4.2510682283464565
11
6.4835916535433071
21
-4.2510681889763777
0
LINE
8
BLACK
6
CONTINUOUS
10
6.4835916535433071
20
-4.2510681889763777
11
6.4835916141732284
21
-4.2510681889763777
0
LINE
8
BLACK
6
CONTINUOUS
10
6.4835916141732284
20
-4.2510681889763777
11
6.4812896850393695
21
-4.2506102755905513
0
LINE
8
BLACK
6
CONTINUOUS
10
6.4812896850393695
20
-4.2506102755905513
11
6.4812892913385829
21
-4.2506102362204725
0
LINE
8
BLACK
6
CONTINUOUS
10
6.4812892913385829
20
-4.2506102362204725
11
6.4197343307086614
21
-4.2506102362204725
0
LINE
8
BLACK
6
CONTINUOUS
10
6.4197343307086614
20
-4.2506102362204725
11
6.4197342913385826
21
-4.2506102362204725
0
LINE
8
BLACK
6
CONTINUOUS
10
6.4197342913385826
20
-4.2506102362204725
11
6.4197338976377951
21
-4.2506102755905513
0
LINE
8
BLACK
6
CONTINUOUS
10
6.4197338976377951
20
-4.2506102755905513
11
6.4174319685039372
21
-4.2510681889763777
0
LINE
8
BLACK
6
CONTINUOUS
10
6.4174319685039372
20
-4.2510681889763777
11
6.4174317322834646
21
-4.2510682677165352
0
LINE
8
BLACK
6
CONTINUOUS
10
6.4174317322834646
20
-4.2510682677165352
11
6.4148209055118111
21
-4.2528127952755908
0
LINE
8
BLACK
6
CONTINUOUS
10
6.4148209055118111
20
-4.2528127952755908
11
6.4148206692913385
21
-4.2528130314960633
0
LINE
8
BLACK
6
CONTINUOUS
10
6.4148206692913385
20
-4.2528130314960633
11
6.413076141732283
21
-4.2554238582677169
0
LINE
8
BLACK
6
CONTINUOUS
10
6.413076141732283
20
-4.2554238582677169
11
6.4130760629921255
21
-4.2554240944881885
0
LINE
8
BLACK
6
CONTINUOUS
10
6.4130760629921255
20
-4.2554240944881885
11
6.4126181496062991
21
-4.2577260236220473
0
LINE
8
BLACK
6
CONTINUOUS
10
6.4126181496062991
20
-4.2577260236220473
11
6.4126181102362203
21
-4.2577264960629924
0
LINE
8
BLACK
6
CONTINUOUS
10
6.4126181102362203
20
-4.2577264960629924
11
6.4126181102362203
21
-4.3192813385826767
0
LINE
8
BLACK
6
CONTINUOUS
10
5.8983401968503939
20
-3.5304706692913386
11
5.8983398818897639
21
-3.5304707480314961
0
LINE
8
BLACK
6
CONTINUOUS
10
5.8983398818897639
20
-3.5304707480314961
11
5.8925890157480314
21
-3.5328528346456691
0
LINE
8
BLACK
6
CONTINUOUS
10
5.8925890157480314
20
-3.5328528346456691
11
5.8925889763779526
21
-3.5328528346456691
0
LINE
8
BLACK
6
CONTINUOUS
10
5.8925889763779526
20
-3.5328528346456691
11
5.8876505118110236
21
-3.5366422440944882
0
LINE
8
BLACK
6
CONTINUOUS
10
5.8876505118110236
20
-3.5366422440944882
11
5.8876501181102361
21
-3.5366426377952753
0
LINE
8
BLACK
6
CONTINUOUS
10
5.8876501181102361
20
-3.5366426377952753
11
5.883860708661417
21
-3.5415811023622048
0
LINE
8
BLACK
6
CONTINUOUS
10
5.883860708661417
20
-3.5415811023622048
11
5.883860708661417
21
-3.5415811417322836
0
LINE
8
BLACK
6
CONTINUOUS
10
5.883860708661417
20
-3.5415811417322836
11
5.8814786220472444
21
-3.5473320078740156
0
LINE
8
BLACK
6
CONTINUOUS
10
5.8814786220472444
20
-3.5473320078740156
11
5.8814785433070869
21
-3.5473323228346456
0
LINE
8
BLACK
6
CONTINUOUS
10
5.8814785433070869
20
-3.5473323228346456
11
5.8810099606299211
21
-3.5508917322834646
0
LINE
8
BLACK
6
CONTINUOUS
10
5.8810099606299211
20
-3.5508917322834646
11
5.8799729133858269
21
-3.5530659448818898
0
LINE
8
BLACK
6
CONTINUOUS
10
5.8799729133858269
20
-3.5530659448818898
11
5.8791607086614173
21
-3.5535068897637796
0
LINE
8
BLACK
6
CONTINUOUS
10
5.8791607086614173
20
-3.5535068897637796
11
5.8802989370078738
21
-3.5543338582677166
0
LINE
8
BLACK
6
CONTINUOUS
10
5.8802989370078738
20
-3.5543338582677166
11
5.8810099606299211
21
-3.5561161023622048
0
LINE
8
BLACK
6
CONTINUOUS
10
5.8810099606299211
20
-3.5561161023622048
11
5.8814785433070869
21
-3.5596755118110237
0
LINE
8
BLACK
6
CONTINUOUS
10
5.8814785433070869
20
-3.5596755118110237
11
5.8814786220472444
21
-3.5596758267716533
0
LINE
8
BLACK
6
CONTINUOUS
10
5.8814786220472444
20
-3.5596758267716533
11
5.883860708661417
21
-3.5654266929133858
0
LINE
8
BLACK
6
CONTINUOUS
10
5.883860708661417
20
-3.5654266929133858
11
5.883860708661417
21
-3.5654267322834645
0
LINE
8
BLACK
6
CONTINUOUS
10
5.883860708661417
20
-3.5654267322834645
11
5.8868636220472439
21
-3.5693401968503937
0
LINE
8
BLACK
6
CONTINUOUS
10
5.8868636220472439
20
-3.5693401968503937
11
5.8876677165354332
21
-3.571610905511811
0
LINE
8
BLACK
6
CONTINUOUS
10
5.8876677165354332
20
-3.571610905511811
11
5.8876690551181099
21
-3.5717129133858267
0
LINE
8
BLACK
6
CONTINUOUS
10
5.8876690551181099
20
-3.5717129133858267
11
5.8876690551181099
21
-4.0836493700787404
0
LINE
8
BLACK
6
CONTINUOUS
10
5.8876690551181099
20
-4.0836493700787404
11
5.8869246850393697
21
-4.0859403543307087
0
LINE
8
BLACK
6
CONTINUOUS
10
5.8869246850393697
20
-4.0859403543307087
11
5.8865274803149603
21
-4.0864054330708663
0
LINE
8
BLACK
6
CONTINUOUS
10
5.8865274803149603
20
-4.0864054330708663
11
5.7780227165354328
21
-4.1949101574803151
0
LINE
8
BLACK
6
CONTINUOUS
10
5.7780227165354328
20
-4.1949101574803151
11
5.7758763779527555
21
-4.1960037401574803
0
LINE
8
BLACK
6
CONTINUOUS
10
5.7758763779527555
20
-4.1960037401574803
11
5.7757754330708657
21
-4.1960183858267719
0
LINE
8
BLACK
6
CONTINUOUS
10
5.7757754330708657
20
-4.1960183858267719
11
5.7723400393700786
21
-4.1964707086614172
0
LINE
8
BLACK
6
CONTINUOUS
10
5.7723400393700786
20
-4.1964707086614172
11
5.7665890157480311
21
-4.1988528346456695
0
LINE
8
BLACK
6
CONTINUOUS
10
5.7665890157480311
20
-4.1988528346456695
11
5.7665889763779523
21
-4.1988528346456695
0
LINE
8
BLACK
6
CONTINUOUS
10
5.7665889763779523
20
-4.1988528346456695
11
5.7616505118110233
21
-4.2026422440944877
0
LINE
8
BLACK
6
CONTINUOUS
10
5.7616505118110233
20
-4.2026422440944877
11
5.7616501181102358
21
-4.2026426377952752
0
LINE
8
BLACK
6
CONTINUOUS
10
5.7616501181102358
20
-4.2026426377952752
11
5.7578607086614175
21
-4.2075811023622043
0
LINE
8
BLACK
6
CONTINUOUS
10
5.7578607086614175
20
-4.2075811023622043
11
5.7578607086614175
21
-4.207581141732283
0
LINE
8
BLACK
6
CONTINUOUS
10
5.7578607086614175
20
-4.207581141732283
11
5.755478622047244
21
-4.2133320078740155
0
LINE
8
BLACK
6
CONTINUOUS
10
5.755478622047244
20
-4.2133320078740155
11
5.7554785433070865
21
-4.2133323228346455
0
LINE
8
BLACK
6
CONTINUOUS
10
5.7554785433070865
20
-4.2133323228346455
11
5.7546660629921256
21
-4.2195038976377948
0
LINE
8
BLACK
6
CONTINUOUS
10
5.7546660629921256
20
-4.2195038976377948
11
5.7546660629921256
21
-4.2195039370078735
0
LINE
8
BLACK
6
CONTINUOUS
10
5.7546660629921256
20
-4.2195039370078735
11
5.7554785433070865
21
-4.2256755118110236
0
LINE
8
BLACK
6
CONTINUOUS
10
5.7554785433070865
20
-4.2256755118110236
11
5.755478622047244
21
-4.2256758267716537
0
LINE
8
BLACK
6
CONTINUOUS
10
5.755478622047244
20
-4.2256758267716537
11
5.7578607086614175
21
-4.2314266929133861
0
LINE
8
BLACK
6
CONTINUOUS
10
5.7578607086614175
20
-4.2314266929133861
11
5.7578607086614175
21
-4.2314267322834649
0
LINE
8
BLACK
6
CONTINUOUS
10
5.7578607086614175
20
-4.2314267322834649
11
5.7603044094488185
21
-4.2346114173228342
0
LINE
8
BLACK
6
CONTINUOUS
10
5.7603044094488185
20
-4.2346114173228342
11
5.7616503149606295
21
-4.2363654330708664
0
LINE
8
BLACK
6
CONTINUOUS
10
5.7616503149606295
20
-4.2363654330708664
11
5.7665889370078736
21
-4.2401549606299209
0
LINE
8
BLACK
6
CONTINUOUS
10
5.7665889370078736
20
-4.2401549606299209
11
5.7665889763779523
21
-4.2401549606299209
0
LINE
8
BLACK
6
CONTINUOUS
10
5.7665889763779523
20
-4.2401549606299209
11
5.7665890157480311
21
-4.2401549999999997
0
LINE
8
BLACK
6
CONTINUOUS
10
5.7665890157480311
20
-4.2401549999999997
11
5.7723398818897635
21
-4.2425370866141732
0
LINE
8
BLACK
6
CONTINUOUS
10
5.7723398818897635
20
-4.2425370866141732
11
5.7723400787401573
21
-4.2425371653543307
0
LINE
8
BLACK
6
CONTINUOUS
10
5.7723400787401573
20
-4.2425371653543307
11
5.7769688582677166
21
-4.2431465354330706
0
LINE
8
BLACK
6
CONTINUOUS
10
5.7769688582677166
20
-4.2431465354330706
11
5.7785117716535428
21
-4.2433496850393704
0
LINE
8
BLACK
6
CONTINUOUS
10
5.7785117716535428
20
-4.2433496850393704
11
5.7785118110236215
21
-4.2433496850393704
0
LINE
8
BLACK
6
CONTINUOUS
10
5.7785118110236215
20
-4.2433496850393704
11
5.7785118503937003
21
-4.2433496850393704
0
LINE
8
BLACK
6
CONTINUOUS
10
5.7785118503937003
20
-4.2433496850393704
11
5.7797461417322831
21
-4.2431871653543309
0
LINE
8
BLACK
6
CONTINUOUS
10
5.7797461417322831
20
-4.2431871653543309
11
5.7846835433070867
21
-4.2425371653543307
0
LINE
8
BLACK
6
CONTINUOUS
10
5.7846835433070867
20
-4.2425371653543307
11
5.7904346850393695
21
-4.2401549606299209
0
LINE
8
BLACK
6
CONTINUOUS
10
5.7904346850393695
20
-4.2401549606299209
11
5.7953733070866145
21
-4.2363654330708664
0
LINE
8
BLACK
6
CONTINUOUS
10
5.7953733070866145
20
-4.2363654330708664
11
5.799162834645669
21
-4.2314268110236224
0
LINE
8
BLACK
6
CONTINUOUS
10
5.799162834645669
20
-4.2314268110236224
11
5.8015450393700787
21
-4.2256756692913386
0
LINE
8
BLACK
6
CONTINUOUS
10
5.8015450393700787
20
-4.2256756692913386
11
5.8019972834645666
21
-4.2222402362204727
0
LINE
8
BLACK
6
CONTINUOUS
10
5.8019972834645666
20
-4.2222402362204727
11
5.8030342913385828
21
-4.2200660629921263
0
LINE
8
BLACK
6
CONTINUOUS
10
5.8030342913385828
20
-4.2200660629921263
11
5.8031040157480316
21
-4.2199944488188974
0
LINE
8
BLACK
6
CONTINUOUS
10
5.8031040157480316
20
-4.2199944488188974
11
5.8653720078740159
21
-4.1577264960629918
0
LINE
8
BLACK
6
CONTINUOUS
10
5.8653720078740159
20
-4.1577264960629918
11
5.919597755905512
21
-4.1035007874015745
0
LINE
8
BLACK
6
CONTINUOUS
10
5.919597755905512
20
-4.1035007874015745
11
5.9219327952755902
21
-4.0994564173228349
0
LINE
8
BLACK
6
CONTINUOUS
10
5.9219327952755902
20
-4.0994564173228349
11
5.9220486220472441
21
-4.0990239763779526
0
LINE
8
BLACK
6
CONTINUOUS
10
5.9220486220472441
20
-4.0990239763779526
11
5.9221882283464566
21
-4.0985030708661414
0
LINE
8
BLACK
6
CONTINUOUS
10
5.9221882283464566
20
-4.0985030708661414
11
5.9221882283464566
21
-4.0985029527559051
0
LINE
8
BLACK
6
CONTINUOUS
10
5.9221882283464566
20
-4.0985029527559051
11
5.9231414960629918
21
-4.0949454724409451
0
LINE
8
BLACK
6
CONTINUOUS
10
5.9231414960629918
20
-4.0949454724409451
11
5.9231414960629918
21
-3.9685038188976378
0
LINE
8
BLACK
6
CONTINUOUS
10
5.9231414960629918
20
-3.9685038188976378
11
5.9231414960629918
21
-3.868503779527559
0
LINE
8
BLACK
6
CONTINUOUS
10
5.9231414960629918
20
-3.868503779527559
11
5.9231414960629918
21
-3.7685038188976376
0
LINE
8
BLACK
6
CONTINUOUS
10
5.9231414960629918
20
-3.7685038188976376
11
5.9231414960629918
21
-3.5693840944881887
0
LINE
8
BLACK
6
CONTINUOUS
10
5.9231414960629918
20
-3.5693840944881887
11
5.923885866141732
21
-3.5670931102362204
0
LINE
8
BLACK
6
CONTINUOUS
10
5.923885866141732
20
-3.5670931102362204
11
5.9239454330708661
21
-3.5670133464566929
0
LINE
8
BLACK
6
CONTINUOUS
10
5.9239454330708661
20
-3.5670133464566929
11
5.9251628346456693
21
-3.565426811023622
0
LINE
8
BLACK
6
CONTINUOUS
10
5.9251628346456693
20
-3.565426811023622
11
5.927545039370079
21
-3.5596756692913387
0
LINE
8
BLACK
6
CONTINUOUS
10
5.927545039370079
20
-3.5596756692913387
11
5.9283575590551179
21
-3.553503937007874
0
LINE
8
BLACK
6
CONTINUOUS
10
5.9283575590551179
20
-3.553503937007874
11
5.927545039370079
21
-3.5473322047244094
0
LINE
8
BLACK
6
CONTINUOUS
10
5.927545039370079
20
-3.5473322047244094
11
5.925162874015748
21
-3.5415811417322836
0
LINE
8
BLACK
6
CONTINUOUS
10
5.925162874015748
20
-3.5415811417322836
11
5.925162874015748
21
-3.5415811023622048
0
LINE
8
BLACK
6
CONTINUOUS
10
5.925162874015748
20
-3.5415811023622048
11
5.9213734645669289
21
-3.5366426377952753
0
LINE
8
BLACK
6
CONTINUOUS
10
5.9213734645669289
20
-3.5366426377952753
11
5.9213734251968502
21
-3.5366425984251966
0
LINE
8
BLACK
6
CONTINUOUS
10
5.9213734251968502
20
-3.5366425984251966
11
5.9213733070866139
21
-3.536642440944882
0
LINE
8
BLACK
6
CONTINUOUS
10
5.9213733070866139
20
-3.536642440944882
11
5.9213731102362201
21
-3.536642283464567
0
LINE
8
BLACK
6
CONTINUOUS
10
5.9213731102362201
20
-3.536642283464567
11
5.9213730708661414
21
-3.5366422440944882
0
LINE
8
BLACK
6
CONTINUOUS
10
5.9213730708661414
20
-3.5366422440944882
11
5.9164345669291336
21
-3.5328528346456691
0
LINE
8
BLACK
6
CONTINUOUS
10
5.9164345669291336
20
-3.5328528346456691
11
5.9106837007874011
21
-3.5304707480314961
0
LINE
8
BLACK
6
CONTINUOUS
10
5.9106837007874011
20
-3.5304707480314961
11
5.9106833858267711
21
-3.5304706692913386
0
LINE
8
BLACK
6
CONTINUOUS
10
5.9106833858267711
20
-3.5304706692913386
11
5.9045118503937006
21
-3.5296581889763781
0
LINE
8
BLACK
6
CONTINUOUS
10
5.9045118503937006
20
-3.5296581889763781
11
5.9045117716535431
21
-3.5296581889763781
0
LINE
8
BLACK
6
CONTINUOUS
10
5.9045117716535431
20
-3.5296581889763781
11
5.8983401968503939
21
-3.5304706692913386
0
LINE
8
BLACK
6
CONTINUOUS
10
6.4126181102362203
20
-4.2192813385826771
11
6.4126181496062991
21
-4.2192818110236221
0
LINE
8
BLACK
6
CONTINUOUS
10
6.4126181496062991
20
-4.2192818110236221
11
6.4130760629921255
21
-4.2215837401574801
0
LINE
8
BLACK
6
CONTINUOUS
10
6.4130760629921255
20
-4.2215837401574801
11
6.413076141732283
21
-4.2215839763779526
0
LINE
8
BLACK
6
CONTINUOUS
10
6.413076141732283
20
-4.2215839763779526
11
6.4148206692913385
21
-4.2241948031496062
0
LINE
8
BLACK
6
CONTINUOUS
10
6.4148206692913385
20
-4.2241948031496062
11
6.4148207874015748
21
-4.2241949606299212
0
LINE
8
BLACK
6
CONTINUOUS
10
6.4148207874015748
20
-4.2241949606299212
11
6.4174318503937009
21
-4.2259396456692908
0
LINE
8
BLACK
6
CONTINUOUS
10
6.4174318503937009
20
-4.2259396456692908
11
6.4191823228346454
21
-4.2262878346456692
0
LINE
8
BLACK
6
CONTINUOUS
10
6.4191823228346454
20
-4.2262878346456692
11
6.4197338976377951
21
-4.2263975590551182
0
LINE
8
BLACK
6
CONTINUOUS
10
6.4197338976377951
20
-4.2263975590551182
11
6.4197340944881889
21
-4.2263975590551182
0
LINE
8
BLACK
6
CONTINUOUS
10
6.4197340944881889
20
-4.2263975590551182
11
6.4197343307086614
21
-4.2263976377952757
0
LINE
8
BLACK
6
CONTINUOUS
10
6.4197343307086614
20
-4.2263976377952757
11
6.4197343700787401
21
-4.2263976377952757
0
LINE
8
BLACK
6
CONTINUOUS
10
6.4197343700787401
20
-4.2263976377952757
11
6.4812892519685041
21
-4.2263976377952757
0
LINE
8
BLACK
6
CONTINUOUS
10
6.4812892519685041
20
-4.2263976377952757
11
6.4812892913385829
21
-4.2263976377952757
0
LINE
8
BLACK
6
CONTINUOUS
10
6.4812892913385829
20
-4.2263976377952757
11
6.4835917716535434
21
-4.2259396456692908
0
LINE
8
BLACK
6
CONTINUOUS
10
6.4835917716535434
20
-4.2259396456692908
11
6.4862028346456695
21
-4.2241949606299212
0
LINE
8
BLACK
6
CONTINUOUS
10
6.4862028346456695
20
-4.2241949606299212
11
6.4879475196850391
21
-4.2215838976377951
0
LINE
8
BLACK
6
CONTINUOUS
10
6.4879475196850391
20
-4.2215838976377951
11
6.4884055118110231
21
-4.2192814173228346
0
LINE
8
BLACK
6
CONTINUOUS
10
6.4884055118110231
20
-4.2192814173228346
11
6.4884055118110231
21
-4.1577264566929131
0
LINE
8
BLACK
6
CONTINUOUS
10
6.4884055118110231
20
-4.1577264566929131
11
6.4879475196850391
21
-4.1554239763779526
0
LINE
8
BLACK
6
CONTINUOUS
10
6.4879475196850391
20
-4.1554239763779526
11
6.4862028346456695
21
-4.1528129133858265
0
LINE
8
BLACK
6
CONTINUOUS
10
6.4862028346456695
20
-4.1528129133858265
11
6.4862026771653545
21
-4.1528127952755902
0
LINE
8
BLACK
6
CONTINUOUS
10
6.4862026771653545
20
-4.1528127952755902
11
6.4835918503937009
21
-4.1510682677165356
0
LINE
8
BLACK
6
CONTINUOUS
10
6.4835918503937009
20
-4.1510682677165356
11
6.4835917716535434
21
-4.1510682283464568
0
LINE
8
BLACK
6
CONTINUOUS
10
6.4835917716535434
20
-4.1510682283464568
11
6.4835916535433071
21
-4.1510681889763781
0
LINE
8
BLACK
6
CONTINUOUS
10
6.4835916535433071
20
-4.1510681889763781
11
6.4835916141732284
21
-4.1510681889763781
0
LINE
8
BLACK
6
CONTINUOUS
10
6.4835916141732284
20
-4.1510681889763781
11
6.4812896850393695
21
-4.1506102755905507
0
LINE
8
BLACK
6
CONTINUOUS
10
6.4812896850393695
20
-4.1506102755905507
11
6.4812892913385829
21
-4.150610236220472
0
LINE
8
BLACK
6
CONTINUOUS
10
6.4812892913385829
20
-4.150610236220472
11
6.4197343307086614
21
-4.150610236220472
0
LINE
8
BLACK
6
CONTINUOUS
10
6.4197343307086614
20
-4.150610236220472
11
6.4197342913385826
21
-4.150610236220472
0
LINE
8
BLACK
6
CONTINUOUS
10
6.4197342913385826
20
-4.150610236220472
11
6.4197338976377951
21
-4.1506102755905507
0
LINE
8
BLACK
6
CONTINUOUS
10
6.4197338976377951
20
-4.1506102755905507
11
6.4174319685039372
21
-4.1510681889763781
0
LINE
8
BLACK
6
CONTINUOUS
10
6.4174319685039372
20
-4.1510681889763781
11
6.4174317322834646
21
-4.1510682677165356
0
LINE
8
BLACK
6
CONTINUOUS
10
6.4174317322834646
20
-4.1510682677165356
11
6.4148209055118111
21
-4.1528127952755902
0
LINE
8
BLACK
6
CONTINUOUS
10
6.4148209055118111
20
-4.1528127952755902
11
6.4148206692913385
21
-4.1528130314960627
0
LINE
8
BLACK
6
CONTINUOUS
10
6.4148206692913385
20
-4.1528130314960627
11
6.413076141732283
21
-4.1554238582677163
0
LINE
8
BLACK
6
CONTINUOUS
10
6.413076141732283
20
-4.1554238582677163
11
6.4130760629921255
21
-4.1554240944881888
0
LINE
8
BLACK
6
CONTINUOUS
10
6.4130760629921255
20
-4.1554240944881888
11
6.4126181496062991
21
-4.1577260236220468
0
LINE
8
BLACK
6
CONTINUOUS
10
6.4126181496062991
20
-4.1577260236220468
11
6.4126181102362203
21
-4.1577264960629918
0
LINE
8
BLACK
6
CONTINUOUS
10
6.4126181102362203
20
-4.1577264960629918
11
6.4126181102362203
21
-4.2192813385826771
0
LINE
8
BLACK
6
CONTINUOUS
10
5.3127755905511806
20
-4.0161689370078744
11
5.3127755905511806
21
-4.0361931889763776
0
LINE
8
BLACK
6
CONTINUOUS
10
5.3127755905511806
20
-4.0361931889763776
11
5.3137288582677167
21
-4.0397508267716535
0
LINE
8
BLACK
6
CONTINUOUS
10
5.3137288582677167
20
-4.0397508267716535
11
5.3137288188976379
21
-4.0397508267716535
0
LINE
8
BLACK
6
CONTINUOUS
10
5.3137288188976379
20
-4.0397508267716535
11
5.3139842519685034
21
-4.0407040944881887
0
LINE
8
BLACK
6
CONTINUOUS
10
5.3139842519685034
20
-4.0407040944881887
11
5.3139843307086609
21
-4.0407042519685037
0
LINE
8
BLACK
6
CONTINUOUS
10
5.3139843307086609
20
-4.0407042519685037
11
5.3163191732283464
21
-4.0447483070866141
0
LINE
8
BLACK
6
CONTINUOUS
10
5.3163191732283464
20
-4.0447483070866141
11
5.3163192519685039
21
-4.0447483858267717
0
LINE
8
BLACK
6
CONTINUOUS
10
5.3163192519685039
20
-4.0447483858267717
11
5.3163193307086614
21
-4.0447485039370079
0
LINE
8
BLACK
6
CONTINUOUS
10
5.3163193307086614
20
-4.0447485039370079
11
5.3619443700787404
21
-4.0903735433070869
0
LINE
8
BLACK
6
CONTINUOUS
10
5.3619443700787404
20
-4.0903735433070869
11
5.3619444488188979
21
-4.0903735826771657
0
LINE
8
BLACK
6
CONTINUOUS
10
5.3619444488188979
20
-4.0903735826771657
11
5.3619445275590554
21
-4.0903736614173232
0
LINE
8
BLACK
6
CONTINUOUS
10
5.3619445275590554
20
-4.0903736614173232
11
5.3659885039370074
21
-4.0927084645669289
0
LINE
8
BLACK
6
CONTINUOUS
10
5.3659885039370074
20
-4.0927084645669289
11
5.3659885826771649
21
-4.0927085039370077
0
LINE
8
BLACK
6
CONTINUOUS
10
5.3659885826771649
20
-4.0927085039370077
11
5.36598874015748
21
-4.0927085826771652
0
LINE
8
BLACK
6
CONTINUOUS
10
5.36598874015748
20
-4.0927085826771652
11
5.366941850393701
21
-4.0929638976377953
0
LINE
8
BLACK
6
CONTINUOUS
10
5.366941850393701
20
-4.0929638976377953
11
5.3669419685039372
21
-4.0929640157480316
0
LINE
8
BLACK
6
CONTINUOUS
10
5.3669419685039372
20
-4.0929640157480316
11
5.366942007874016
21
-4.0929639763779528
0
LINE
8
BLACK
6
CONTINUOUS
10
5.366942007874016
20
-4.0929639763779528
11
5.3704995669291336
21
-4.093917244094488
0
LINE
8
BLACK
6
CONTINUOUS
10
5.3704995669291336
20
-4.093917244094488
11
5.3704996456692911
21
-4.0939172834645667
0
LINE
8
BLACK
6
CONTINUOUS
10
5.3704996456692911
20
-4.0939172834645667
11
5.3704996850393698
21
-4.0939172834645667
0
LINE
8
BLACK
6
CONTINUOUS
10
5.3704996850393698
20
-4.0939172834645667
11
5.6042278740157476
21
-4.0939172834645667
0
LINE
8
BLACK
6
CONTINUOUS
10
5.6042278740157476
20
-4.0939172834645667
11
5.6065188582677168
21
-4.0946616535433069
0
LINE
8
BLACK
6
CONTINUOUS
10
5.6065188582677168
20
-4.0946616535433069
11
5.6069839370078736
21
-4.0950588582677163
0
LINE
8
BLACK
6
CONTINUOUS
10
5.6069839370078736
20
-4.0950588582677163
11
5.6946214960629922
21
-4.1826964173228349
0
LINE
8
BLACK
6
CONTINUOUS
10
5.6946214960629922
20
-4.1826964173228349
11
5.6946215748031497
21
-4.1826964566929137
0
LINE
8
BLACK
6
CONTINUOUS
10
5.6946215748031497
20
-4.1826964566929137
11
5.6946216141732284
21
-4.1826964960629924
0
LINE
8
BLACK
6
CONTINUOUS
10
5.6946216141732284
20
-4.1826964960629924
11
5.6946216535433072
21
-4.1826965354330712
0
LINE
8
BLACK
6
CONTINUOUS
10
5.6946216535433072
20
-4.1826965354330712
11
5.6986656299212601
21
-4.185031338582677
0
LINE
8
BLACK
6
CONTINUOUS
10
5.6986656299212601
20
-4.185031338582677
11
5.6986657086614168
21
-4.1850313779527557
0
LINE
8
BLACK
6
CONTINUOUS
10
5.6986657086614168
20
-4.1850313779527557
11
5.6986658661417318
21
-4.1850314566929132
0
LINE
8
BLACK
6
CONTINUOUS
10
5.6986658661417318
20
-4.1850314566929132
11
5.6996189763779528
21
-4.1852867716535433
0
LINE
8
BLACK
6
CONTINUOUS
10
5.6996189763779528
20
-4.1852867716535433
11
5.699619094488189
21
-4.1852868897637796
0
LINE
8
BLACK
6
CONTINUOUS
10
5.699619094488189
20
-4.1852868897637796
11
5.6996191338582678
21
-4.1852868503937009
0
LINE
8
BLACK
6
CONTINUOUS
10
5.6996191338582678
20
-4.1852868503937009
11
5.7031766929133854
21
-4.186240118110236
0
LINE
8
BLACK
6
CONTINUOUS
10
5.7031766929133854
20
-4.186240118110236
11
5.7031767716535429
21
-4.1862401574803147
0
LINE
8
BLACK
6
CONTINUOUS
10
5.7031767716535429
20
-4.1862401574803147
11
5.7031768110236216
21
-4.1862401574803147
0
LINE
8
BLACK
6
CONTINUOUS
10
5.7031768110236216
20
-4.1862401574803147
11
5.7384672440944877
21
-4.1862401574803147
0
LINE
8
BLACK
6
CONTINUOUS
10
5.7384672440944877
20
-4.1862401574803147
11
5.7407582283464569
21
-4.1869845275590549
0
LINE
8
BLACK
6
CONTINUOUS
10
5.7407582283464569
20
-4.1869845275590549
11
5.7408391732283466
21
-4.1870449999999995
0
LINE
8
BLACK
6
CONTINUOUS
10
5.7408391732283466
20
-4.1870449999999995
11
5.7435889370078739
21
-4.1891549606299208
0
LINE
8
BLACK
6
CONTINUOUS
10
5.7435889370078739
20
-4.1891549606299208
11
5.7493400787401576
21
-4.1915371653543305
0
LINE
8
BLACK
6
CONTINUOUS
10
5.7493400787401576
20
-4.1915371653543305
11
5.753968858267716
21
-4.1921465354330705
0
LINE
8
BLACK
6
CONTINUOUS
10
5.753968858267716
20
-4.1921465354330705
11
5.7555117716535431
21
-4.1923496850393702
0
LINE
8
BLACK
6
CONTINUOUS
10
5.7555117716535431
20
-4.1923496850393702
11
5.7555118110236219
21
-4.1923496850393702
0
LINE
8
BLACK
6
CONTINUOUS
10
5.7555118110236219
20
-4.1923496850393702
11
5.7555118503937006
21
-4.1923496850393702
0
LINE
8
BLACK
6
CONTINUOUS
10
5.7555118503937006
20
-4.1923496850393702
11
5.7567461417322834
21
-4.1921871653543308
0
LINE
8
BLACK
6
CONTINUOUS
10
5.7567461417322834
20
-4.1921871653543308
11
5.7616835433070861
21
-4.1915371653543305
0
LINE
8
BLACK
6
CONTINUOUS
10
5.7616835433070861
20
-4.1915371653543305
11
5.7674346850393698
21
-4.1891549606299208
0
LINE
8
BLACK
6
CONTINUOUS
10
5.7674346850393698
20
-4.1891549606299208
11
5.7723733070866139
21
-4.1853654330708663
0
LINE
8
BLACK
6
CONTINUOUS
10
5.7723733070866139
20
-4.1853654330708663
11
5.7761628346456693
21
-4.1804268110236222
0
LINE
8
BLACK
6
CONTINUOUS
10
5.7761628346456693
20
-4.1804268110236222
11
5.778545039370079
21
-4.1746756692913385
0
LINE
8
BLACK
6
CONTINUOUS
10
5.778545039370079
20
-4.1746756692913385
11
5.7793575590551178
21
-4.1685039370078742
0
LINE
8
BLACK
6
CONTINUOUS
10
5.7793575590551178
20
-4.1685039370078742
11
5.778545039370079
21
-4.1623322047244091
0
LINE
8
BLACK
6
CONTINUOUS
10
5.778545039370079
20
-4.1623322047244091
11
5.776162874015748
21
-4.1565811417322838
0
LINE
8
BLACK
6
CONTINUOUS
10
5.776162874015748
20
-4.1565811417322838
11
5.776162874015748
21
-4.156581102362205
0
LINE
8
BLACK
6
CONTINUOUS
10
5.776162874015748
20
-4.156581102362205
11
5.7723734645669289
21
-4.1516426377952751
0
LINE
8
BLACK
6
CONTINUOUS
10
5.7723734645669289
20
-4.1516426377952751
11
5.7723734251968501
21
-4.1516425984251963
0
LINE
8
BLACK
6
CONTINUOUS
10
5.7723734251968501
20
-4.1516425984251963
11
5.7723733070866139
21
-4.1516424409448822
0
LINE
8
BLACK
6
CONTINUOUS
10
5.7723733070866139
20
-4.1516424409448822
11
5.7723731102362201
21
-4.1516422834645672
0
LINE
8
BLACK
6
CONTINUOUS
10
5.7723731102362201
20
-4.1516422834645672
11
5.7723730708661414
21
-4.1516422440944885
0
LINE
8
BLACK
6
CONTINUOUS
10
5.7723730708661414
20
-4.1516422440944885
11
5.7674345669291336
21
-4.1478528346456693
0
LINE
8
BLACK
6
CONTINUOUS
10
5.7674345669291336
20
-4.1478528346456693
11
5.7616837007874011
21
-4.1454707480314958
0
LINE
8
BLACK
6
CONTINUOUS
10
5.7616837007874011
20
-4.1454707480314958
11
5.7616833858267711
21
-4.1454706692913383
0
LINE
8
BLACK
6
CONTINUOUS
10
5.7616833858267711
20
-4.1454706692913383
11
5.7555118503937006
21
-4.1446581889763783
0
LINE
8
BLACK
6
CONTINUOUS
10
5.7555118503937006
20
-4.1446581889763783
11
5.7555117716535431
21
-4.1446581889763783
0
LINE
8
BLACK
6
CONTINUOUS
10
5.7555117716535431
20
-4.1446581889763783
11
5.7493401968503939
21
-4.1454706692913383
0
LINE
8
BLACK
6
CONTINUOUS
10
5.7493401968503939
20
-4.1454706692913383
11
5.7493398818897639
21
-4.1454707480314958
0
LINE
8
BLACK
6
CONTINUOUS
10
5.7493398818897639
20
-4.1454707480314958
11
5.7435890157480314
21
-4.1478528346456693
0
LINE
8
BLACK
6
CONTINUOUS
10
5.7435890157480314
20
-4.1478528346456693
11
5.7420863779527558
21
-4.1490058267716536
0
LINE
8
BLACK
6
CONTINUOUS
10
5.7420863779527558
20
-4.1490058267716536
11
5.740839921259842
21
-4.1499622834645669
0
LINE
8
BLACK
6
CONTINUOUS
10
5.740839921259842
20
-4.1499622834645669
11
5.7385692519685039
21
-4.1507663779527562
0
LINE
8
BLACK
6
CONTINUOUS
10
5.7385692519685039
20
-4.1507663779527562
11
5.7384672440944877
21
-4.1507677165354329
0
LINE
8
BLACK
6
CONTINUOUS
10
5.7384672440944877
20
-4.1507677165354329
11
5.7144728740157475
21
-4.1507677165354329
0
LINE
8
BLACK
6
CONTINUOUS
10
5.7144728740157475
20
-4.1507677165354329
11
5.7121818897637793
21
-4.1500233464566927
0
LINE
8
BLACK
6
CONTINUOUS
10
5.7121818897637793
20
-4.1500233464566927
11
5.7117168110236216
21
-4.1496261417322833
0
LINE
8
BLACK
6
CONTINUOUS
10
5.7117168110236216
20
-4.1496261417322833
11
5.7067488582677166
21
-4.1446581889763783
0
LINE
8
BLACK
6
CONTINUOUS
10
5.7067488582677166
20
-4.1446581889763783
11
5.6240792519685039
21
-4.0619885826771656
0
LINE
8
BLACK
6
CONTINUOUS
10
5.6240792519685039
20
-4.0619885826771656
11
5.6240791338582676
21
-4.0619885039370081
0
LINE
8
BLACK
6
CONTINUOUS
10
5.6240791338582676
20
-4.0619885039370081
11
5.6240790944881889
21
-4.0619884645669293
0
LINE
8
BLACK
6
CONTINUOUS
10
5.6240790944881889
20
-4.0619884645669293
11
5.6240790551181101
21
-4.0619884251968505
0
LINE
8
BLACK
6
CONTINUOUS
10
5.6240790551181101
20
-4.0619884251968505
11
5.6200349999999997
21
-4.0596535826771651
0
LINE
8
BLACK
6
CONTINUOUS
10
5.6200349999999997
20
-4.0596535826771651
11
5.6200348425196847
21
-4.0596535039370076
0
LINE
8
BLACK
6
CONTINUOUS
10
5.6200348425196847
20
-4.0596535039370076
11
5.6190815748031495
21
-4.0593980708661412
0
LINE
8
BLACK
6
CONTINUOUS
10
5.6190815748031495
20
-4.0593980708661412
11
5.6190815748031495
21
-4.05939811023622
0
LINE
8
BLACK
6
CONTINUOUS
10
5.6190815748031495
20
-4.05939811023622
11
5.6155239370078736
21
-4.0584448425196848
0
LINE
8
BLACK
6
CONTINUOUS
10
5.6155239370078736
20
-4.0584448425196848
11
5.6155238582677161
21
-4.0584448425196848
0
LINE
8
BLACK
6
CONTINUOUS
10
5.6155238582677161
20
-4.0584448425196848
11
5.3817957480314957
21
-4.0584448425196848
0
LINE
8
BLACK
6
CONTINUOUS
10
5.3817957480314957
20
-4.0584448425196848
11
5.3795047637795275
21
-4.0577004724409447
0
LINE
8
BLACK
6
CONTINUOUS
10
5.3795047637795275
20
-4.0577004724409447
11
5.3790396850393698
21
-4.0573032677165353
0
LINE
8
BLACK
6
CONTINUOUS
10
5.3790396850393698
20
-4.0573032677165353
11
5.3493896062992121
21
-4.0276531889763776
0
LINE
8
BLACK
6
CONTINUOUS
10
5.3493896062992121
20
-4.0276531889763776
11
5.3482960236220469
21
-4.0255068503937004
0
LINE
8
BLACK
6
CONTINUOUS
10
5.3482960236220469
20
-4.0255068503937004
11
5.3482480314960625
21
-4.0248971259842516
0
LINE
8
BLACK
6
CONTINUOUS
10
5.3482480314960625
20
-4.0248971259842516
11
5.3482480314960625
21
-3.9685038188976378
0
LINE
8
BLACK
6
CONTINUOUS
10
5.3482480314960625
20
-3.9685038188976378
11
5.3482480314960625
21
-3.868503779527559
0
LINE
8
BLACK
6
CONTINUOUS
10
5.3482480314960625
20
-3.868503779527559
11
5.3482480314960625
21
-3.7685038188976376
0
LINE
8
BLACK
6
CONTINUOUS
10
5.3482480314960625
20
-3.7685038188976376
11
5.3482480314960625
21
-3.5185038188976376
0
LINE
8
BLACK
6
CONTINUOUS
10
5.3482480314960625
20
-3.5185038188976376
11
5.3482480314960625
21
-3.4185037795275588
0
LINE
8
BLACK
6
CONTINUOUS
10
5.3482480314960625
20
-3.4185037795275588
11
5.3482480314960625
21
-3.3185038188976379
0
LINE
8
BLACK
6
CONTINUOUS
10
5.3482480314960625
20
-3.3185038188976379
11
5.3482480314960625
21
-3.2774649999999999
0
LINE
8
BLACK
6
CONTINUOUS
10
5.3482480314960625
20
-3.2774649999999999
11
5.3489924015748027
21
-3.2751740157480316
0
LINE
8
BLACK
6
CONTINUOUS
10
5.3489924015748027
20
-3.2751740157480316
11
5.3493896062992121
21
-3.2747089370078739
0
LINE
8
BLACK
6
CONTINUOUS
10
5.3493896062992121
20
-3.2747089370078739
11
5.3867168110236223
21
-3.2373817322834646
0
LINE
8
BLACK
6
CONTINUOUS
10
5.3867168110236223
20
-3.2373817322834646
11
5.3888631496062995
21
-3.236288149606299
0
LINE
8
BLACK
6
CONTINUOUS
10
5.3888631496062995
20
-3.236288149606299
11
5.3894728740157483
21
-3.236240157480315
0
LINE
8
BLACK
6
CONTINUOUS
10
5.3894728740157483
20
-3.236240157480315
11
5.7078468110236216
21
-3.236240157480315
0
LINE
8
BLACK
6
CONTINUOUS
10
5.7078468110236216
20
-3.236240157480315
11
5.7114042913385825
21
-3.2352868897637794
0
LINE
8
BLACK
6
CONTINUOUS
10
5.7114042913385825
20
-3.2352868897637794
11
5.7114044094488188
21
-3.2352868897637794
0
LINE
8
BLACK
6
CONTINUOUS
10
5.7114044094488188
20
-3.2352868897637794
11
5.7119253149606299
21
-3.2351472834645669
0
LINE
8
BLACK
6
CONTINUOUS
10
5.7119253149606299
20
-3.2351472834645669
11
5.7123577559055114
21
-3.2350314566929135
0
LINE
8
BLACK
6
CONTINUOUS
10
5.7123577559055114
20
-3.2350314566929135
11
5.7164021259842519
21
-3.2326964173228347
0
LINE
8
BLACK
6
CONTINUOUS
10
5.7164021259842519
20
-3.2326964173228347
11
5.8165593307086612
21
-3.132539212598425
0
LINE
8
BLACK
6
CONTINUOUS
10
5.8165593307086612
20
-3.132539212598425
11
5.8187056692913384
21
-3.1314456299212599
0
LINE
8
BLACK
6
CONTINUOUS
10
5.8187056692913384
20
-3.1314456299212599
11
5.8193153937007871
21
-3.1313976377952755
0
LINE
8
BLACK
6
CONTINUOUS
10
5.8193153937007871
20
-3.1313976377952755
11
5.861289251968504
21
-3.1313976377952755
0
LINE
8
BLACK
6
CONTINUOUS
10
5.861289251968504
20
-3.1313976377952755
11
5.8612892913385828
21
-3.1313976377952755
0
LINE
8
BLACK
6
CONTINUOUS
10
5.8612892913385828
20
-3.1313976377952755
11
5.8635917716535433
21
-3.1309396456692911
0
LINE
8
BLACK
6
CONTINUOUS
10
5.8635917716535433
20
-3.1309396456692911
11
5.8662028346456694
21
-3.129194960629921
0
LINE
8
BLACK
6
CONTINUOUS
10
5.8662028346456694
20
-3.129194960629921
11
5.867947519685039
21
-3.1265838976377953
0
LINE
8
BLACK
6
CONTINUOUS
10
5.867947519685039
20
-3.1265838976377953
11
5.8684055118110239
21
-3.1242814173228344
0
LINE
8
BLACK
6
CONTINUOUS
10
5.8684055118110239
20
-3.1242814173228344
11
5.8684055118110239
21
-3.0627264566929133
0
LINE
8
BLACK
6
CONTINUOUS
10
5.8684055118110239
20
-3.0627264566929133
11
5.8682093307086616
21
-3.0617402362204724
0
LINE
8
BLACK
6
CONTINUOUS
10
5.8682093307086616
20
-3.0617402362204724
11
5.867947519685039
21
-3.0604239763779528
0
LINE
8
BLACK
6
CONTINUOUS
10
5.867947519685039
20
-3.0604239763779528
11
5.8662028346456694
21
-3.0578129133858267
0
LINE
8
BLACK
6
CONTINUOUS
10
5.8662028346456694
20
-3.0578129133858267
11
5.8662026771653544
21
-3.0578127952755905
0
LINE
8
BLACK
6
CONTINUOUS
10
5.8662026771653544
20
-3.0578127952755905
11
5.8635918503937008
21
-3.0560682677165354
0
LINE
8
BLACK
6
CONTINUOUS
10
5.8635918503937008
20
-3.0560682677165354
11
5.8635917716535433
21
-3.0560682283464566
0
LINE
8
BLACK
6
CONTINUOUS
10
5.8635917716535433
20
-3.0560682283464566
11
5.863591653543307
21
-3.0560681889763779
0
LINE
8
BLACK
6
CONTINUOUS
10
5.863591653543307
20
-3.0560681889763779
11
5.8635916141732283
21
-3.0560681889763779
0
LINE
8
BLACK
6
CONTINUOUS
10
5.8635916141732283
20
-3.0560681889763779
11
5.8612896850393703
21
-3.055610275590551
0
LINE
8
BLACK
6
CONTINUOUS
10
5.8612896850393703
20
-3.055610275590551
11
5.8612892913385828
21
-3.0556102362204722
0
LINE
8
BLACK
6
CONTINUOUS
10
5.8612892913385828
20
-3.0556102362204722
11
5.7997343307086613
21
-3.0556102362204722
0
LINE
8
BLACK
6
CONTINUOUS
10
5.7997343307086613
20
-3.0556102362204722
11
5.7997342913385825
21
-3.0556102362204722
0
LINE
8
BLACK
6
CONTINUOUS
10
5.7997342913385825
20
-3.0556102362204722
11
5.799733897637795
21
-3.055610275590551
0
LINE
8
BLACK
6
CONTINUOUS
10
5.799733897637795
20
-3.055610275590551
11
5.797431968503937
21
-3.0560681889763779
0
LINE
8
BLACK
6
CONTINUOUS
10
5.797431968503937
20
-3.0560681889763779
11
5.7974317322834645
21
-3.0560682677165354
0
LINE
8
BLACK
6
CONTINUOUS
10
5.7974317322834645
20
-3.0560682677165354
11
5.7948209055118109
21
-3.0578127952755905
0
LINE
8
BLACK
6
CONTINUOUS
10
5.7948209055118109
20
-3.0578127952755905
11
5.7948206692913384
21
-3.057813031496063
0
LINE
8
BLACK
6
CONTINUOUS
10
5.7948206692913384
20
-3.057813031496063
11
5.7930761417322829
21
-3.0604238582677166
0
LINE
8
BLACK
6
CONTINUOUS
10
5.7930761417322829
20
-3.0604238582677166
11
5.7930760629921263
21
-3.0604240944881891
0
LINE
8
BLACK
6
CONTINUOUS
10
5.7930760629921263
20
-3.0604240944881891
11
5.7926181496062989
21
-3.062726023622047
0
LINE
8
BLACK
6
CONTINUOUS
10
5.7926181496062989
20
-3.062726023622047
11
5.7926181102362202
21
-3.0627264960629921
0
LINE
8
BLACK
6
CONTINUOUS
10
5.7926181102362202
20
-3.0627264960629921
11
5.7926181102362202
21
-3.1047003149606298
0
LINE
8
BLACK
6
CONTINUOUS
10
5.7926181102362202
20
-3.1047003149606298
11
5.79187374015748
21
-3.1069912992125985
0
LINE
8
BLACK
6
CONTINUOUS
10
5.79187374015748
20
-3.1069912992125985
11
5.7914765354330706
21
-3.1074563779527558
0
LINE
8
BLACK
6
CONTINUOUS
10
5.7914765354330706
20
-3.1074563779527558
11
5.7789765354330704
21
-3.1199563779527559
0
LINE
8
BLACK
6
CONTINUOUS
10
5.7789765354330704
20
-3.1199563779527559
11
5.7768301968503932
21
-3.1210499606299211
0
LINE
8
BLACK
6
CONTINUOUS
10
5.7768301968503932
20
-3.1210499606299211
11
5.7744509842519687
21
-3.1206731496062989
0
LINE
8
BLACK
6
CONTINUOUS
10
5.7744509842519687
20
-3.1206731496062989
11
5.7727476377952751
21
-3.1189698031496063
0
LINE
8
BLACK
6
CONTINUOUS
10
5.7727476377952751
20
-3.1189698031496063
11
5.772322834645669
21
-3.11720031496063
0
LINE
8
BLACK
6
CONTINUOUS
10
5.772322834645669
20
-3.11720031496063
11
5.772322834645669
21
-3.0994094881889764
0
LINE
8
BLACK
6
CONTINUOUS
10
5.772322834645669
20
-3.0994094881889764
11
5.7723227952755902
21
-3.0994094488188977
0
LINE
8
BLACK
6
CONTINUOUS
10
5.7723227952755902
20
-3.0994094488188977
11
5.7605118110236218
21
-3.0994094488188977
0
LINE
8
BLACK
6
CONTINUOUS
10
5.7605118110236218
20
-3.0994094488188977
11
5.7605118110236218
21
-3.1235039370078739
0
LINE
8
BLACK
6
CONTINUOUS
10
5.7605118110236218
20
-3.1235039370078739
11
5.7364173228346456
21
-3.1235039370078739
0
LINE
8
BLACK
6
CONTINUOUS
10
5.7364173228346456
20
-3.1235039370078739
11
5.7364173228346456
21
-3.1353148818897636
0
LINE
8
BLACK
6
CONTINUOUS
10
5.7364173228346456
20
-3.1353148818897636
11
5.7364173622047243
21
-3.1353149212598423
0
LINE
8
BLACK
6
CONTINUOUS
10
5.7364173622047243
20
-3.1353149212598423
11
5.7542082283464566
21
-3.1353149212598423
0
LINE
8
BLACK
6
CONTINUOUS
10
5.7542082283464566
20
-3.1353149212598423
11
5.7564992125984249
21
-3.1360592913385825
0
LINE
8
BLACK
6
CONTINUOUS
10
5.7564992125984249
20
-3.1360592913385825
11
5.7579151181102359
21
-3.1380081102362203
0
LINE
8
BLACK
6
CONTINUOUS
10
5.7579151181102359
20
-3.1380081102362203
11
5.7579151181102359
21
-3.1404170078740159
0
LINE
8
BLACK
6
CONTINUOUS
10
5.7579151181102359
20
-3.1404170078740159
11
5.7569642913385826
21
-3.1419686220472438
0
LINE
8
BLACK
6
CONTINUOUS
10
5.7569642913385826
20
-3.1419686220472438
11
5.6993068110236216
21
-3.1996261417322835
0
LINE
8
BLACK
6
CONTINUOUS
10
5.6993068110236216
20
-3.1996261417322835
11
5.6971604724409444
21
-3.2007197244094487
0
LINE
8
BLACK
6
CONTINUOUS
10
5.6971604724409444
20
-3.2007197244094487
11
5.6965507480314956
21
-3.2007677165354331
0
LINE
8
BLACK
6
CONTINUOUS
10
5.6965507480314956
20
-3.2007677165354331
11
5.3781768110236223
21
-3.2007677165354331
0
LINE
8
BLACK
6
CONTINUOUS
10
5.3781768110236223
20
-3.2007677165354331
11
5.3763979527559052
21
-3.2012443307086613
0
LINE
8
BLACK
6
CONTINUOUS
10
5.3763979527559052
20
-3.2012443307086613
11
5.3746190944881889
21
-3.2017209842519683
0
LINE
8
BLACK
6
CONTINUOUS
10
5.3746190944881889
20
-3.2017209842519683
11
5.3746190551181101
21
-3.2017209448818895
0
LINE
8
BLACK
6
CONTINUOUS
10
5.3746190551181101
20
-3.2017209448818895
11
5.3736658267716537
21
-3.2019764173228347
0
LINE
8
BLACK
6
CONTINUOUS
10
5.3736658267716537
20
-3.2019764173228347
11
5.3736657086614175
21
-3.2019764566929134
0
LINE
8
BLACK
6
CONTINUOUS
10
5.3736657086614175
20
-3.2019764566929134
11
5.369621653543307
21
-3.2043112992125984
0
LINE
8
BLACK
6
CONTINUOUS
10
5.369621653543307
20
-3.2043112992125984
11
5.3163191732283464
21
-3.257613779527559
0
LINE
8
BLACK
6
CONTINUOUS
10
5.3163191732283464
20
-3.257613779527559
11
5.3139842519685034
21
-3.2616579527559053
0
LINE
8
BLACK
6
CONTINUOUS
10
5.3139842519685034
20
-3.2616579527559053
11
5.3139842519685034
21
-3.2616579921259841
0
LINE
8
BLACK
6
CONTINUOUS
10
5.3139842519685034
20
-3.2616579921259841
11
5.3139842913385822
21
-3.2616580314960628
0
LINE
8
BLACK
6
CONTINUOUS
10
5.3139842913385822
20
-3.2616580314960628
11
5.3127755905511806
21
-3.2661689370078739
0
LINE
8
BLACK
6
CONTINUOUS
10
5.3127755905511806
20
-3.2661689370078739
11
5.3127755905511806
21
-4.0161689370078744
0
LINE
8
BLACK
6
CONTINUOUS
10
5.3883204330708656
20
-4.0190469291338582
11
5.3894035433070862
21
-4.0200518897637796
0
LINE
8
BLACK
6
CONTINUOUS
10
5.3894035433070862
20
-4.0200518897637796
11
5.3894037007874012
21
-4.0200520078740158
0
LINE
8
BLACK
6
CONTINUOUS
10
5.3894037007874012
20
-4.0200520078740158
11
5.3975457480314963
21
-4.0256031496062992
0
LINE
8
BLACK
6
CONTINUOUS
10
5.3975457480314963
20
-4.0256031496062992
11
5.4064239763779529
21
-4.029878622047244
0
LINE
8
BLACK
6
CONTINUOUS
10
5.4064239763779529
20
-4.029878622047244
11
5.4158402755905515
21
-4.0327831889763779
0
LINE
8
BLACK
6
CONTINUOUS
10
5.4158402755905515
20
-4.0327831889763779
11
5.4158406692913381
21
-4.0327832677165354
0
LINE
8
BLACK
6
CONTINUOUS
10
5.4158406692913381
20
-4.0327832677165354
11
5.4255845275590548
21
-4.0342519291338581
0
LINE
8
BLACK
6
CONTINUOUS
10
5.4255845275590548
20
-4.0342519291338581
11
5.4255848818897636
21
-4.0342519685039369
0
LINE
8
BLACK
6
CONTINUOUS
10
5.4255848818897636
20
-4.0342519685039369
11
5.4354387401574806
21
-4.0342519685039369
0
LINE
8
BLACK
6
CONTINUOUS
10
5.4354387401574806
20
-4.0342519685039369
11
5.4354390551181098
21
-4.0342519291338581
0
LINE
8
BLACK
6
CONTINUOUS
10
5.4354390551181098
20
-4.0342519291338581
11
5.4451829133858265
21
-4.0327832677165354
0
LINE
8
BLACK
6
CONTINUOUS
10
5.4451829133858265
20
-4.0327832677165354
11
5.445183307086614
21
-4.0327831889763779
0
LINE
8
BLACK
6
CONTINUOUS
10
5.445183307086614
20
-4.0327831889763779
11
5.4545996062992126
21
-4.029878622047244
0
LINE
8
BLACK
6
CONTINUOUS
10
5.4545996062992126
20
-4.029878622047244
11
5.4634778740157479
21
-4.0256031496062992
0
LINE
8
BLACK
6
CONTINUOUS
10
5.4634778740157479
20
-4.0256031496062992
11
5.4716196456692909
21
-4.0200522047244096
0
LINE
8
BLACK
6
CONTINUOUS
10
5.4716196456692909
20
-4.0200522047244096
11
5.4716200393700785
21
-4.0200518897637796
0
LINE
8
BLACK
6
CONTINUOUS
10
5.4716200393700785
20
-4.0200518897637796
11
5.4727031102362202
21
-4.0190469291338582
0
LINE
8
BLACK
6
CONTINUOUS
10
5.4727031102362202
20
-4.0190469291338582
11
5.4641185433070865
21
-4.0104623622047244
0
LINE
8
BLACK
6
CONTINUOUS
10
5.4641185433070865
20
-4.0104623622047244
11
5.4600125590551176
21
-4.013658188976378
0
LINE
8
BLACK
6
CONTINUOUS
10
5.4600125590551176
20
-4.013658188976378
11
5.4521780708661414
21
-4.0178979921259845
0
LINE
8
BLACK
6
CONTINUOUS
10
5.4521780708661414
20
-4.0178979921259845
11
5.4437525590551177
21
-4.0207904724409449
0
LINE
8
BLACK
6
CONTINUOUS
10
5.4437525590551177
20
-4.0207904724409449
11
5.4349659055118105
21
-4.0222567322834646
0
LINE
8
BLACK
6
CONTINUOUS
10
5.4349659055118105
20
-4.0222567322834646
11
5.4260577165354329
21
-4.0222567322834646
0
LINE
8
BLACK
6
CONTINUOUS
10
5.4260577165354329
20
-4.0222567322834646
11
5.4172710629921257
21
-4.0207904724409449
0
LINE
8
BLACK
6
CONTINUOUS
10
5.4172710629921257
20
-4.0207904724409449
11
5.408845551181102
21
-4.0178979921259845
0
LINE
8
BLACK
6
CONTINUOUS
10
5.408845551181102
20
-4.0178979921259845
11
5.4010110629921257
21
-4.013658188976378
0
LINE
8
BLACK
6
CONTINUOUS
10
5.4010110629921257
20
-4.013658188976378
11
5.3969050000000003
21
-4.0104623228346457
0
LINE
8
BLACK
6
CONTINUOUS
10
5.3969050000000003
20
-4.0104623228346457
11
5.3883204330708656
21
-4.0190469291338582
0
LINE
8
BLACK
6
CONTINUOUS
10
5.5883204330708658
20
-4.0190469291338582
11
5.5894035433070863
21
-4.0200518897637796
0
LINE
8
BLACK
6
CONTINUOUS
10
5.5894035433070863
20
-4.0200518897637796
11
5.5894037007874013
21
-4.0200520078740158
0
LINE
8
BLACK
6
CONTINUOUS
10
5.5894037007874013
20
-4.0200520078740158
11
5.5975457480314956
21
-4.0256031496062992
0
LINE
8
BLACK
6
CONTINUOUS
10
5.5975457480314956
20
-4.0256031496062992
11
5.6064239763779522
21
-4.029878622047244
0
LINE
8
BLACK
6
CONTINUOUS
10
5.6064239763779522
20
-4.029878622047244
11
5.6158402755905508
21
-4.0327831889763779
0
LINE
8
BLACK
6
CONTINUOUS
10
5.6158402755905508
20
-4.0327831889763779
11
5.6158406692913383
21
-4.0327832677165354
0
LINE
8
BLACK
6
CONTINUOUS
10
5.6158406692913383
20
-4.0327832677165354
11
5.625584527559055
21
-4.0342519291338581
0
LINE
8
BLACK
6
CONTINUOUS
10
5.625584527559055
20
-4.0342519291338581
11
5.6255848818897638
21
-4.0342519685039369
0
LINE
8
BLACK
6
CONTINUOUS
10
5.6255848818897638
20
-4.0342519685039369
11
5.6354387401574799
21
-4.0342519685039369
0
LINE
8
BLACK
6
CONTINUOUS
10
5.6354387401574799
20
-4.0342519685039369
11
5.6354390551181099
21
-4.0342519291338581
0
LINE
8
BLACK
6
CONTINUOUS
10
5.6354390551181099
20
-4.0342519291338581
11
5.6451829133858267
21
-4.0327832677165354
0
LINE
8
BLACK
6
CONTINUOUS
10
5.6451829133858267
20
-4.0327832677165354
11
5.6451833070866142
21
-4.0327831889763779
0
LINE
8
BLACK
6
CONTINUOUS
10
5.6451833070866142
20
-4.0327831889763779
11
5.6545996062992128
21
-4.029878622047244
0
LINE
8
BLACK
6
CONTINUOUS
10
5.6545996062992128
20
-4.029878622047244
11
5.6634778740157481
21
-4.0256031496062992
0
LINE
8
BLACK
6
CONTINUOUS
10
5.6634778740157481
20
-4.0256031496062992
11
5.6716196456692911
21
-4.0200522047244096
0
LINE
8
BLACK
6
CONTINUOUS
10
5.6716196456692911
20
-4.0200522047244096
11
5.6716200393700786
21
-4.0200518897637796
0
LINE
8
BLACK
6
CONTINUOUS
10
5.6716200393700786
20
-4.0200518897637796
11
5.6727031102362204
21
-4.0190469291338582
0
LINE
8
BLACK
6
CONTINUOUS
10
5.6727031102362204
20
-4.0190469291338582
11
5.6641185433070866
21
-4.0104623622047244
0
LINE
8
BLACK
6
CONTINUOUS
10
5.6641185433070866
20
-4.0104623622047244
11
5.6600125590551178
21
-4.013658188976378
0
LINE
8
BLACK
6
CONTINUOUS
10
5.6600125590551178
20
-4.013658188976378
11
5.6521780708661415
21
-4.0178979921259845
0
LINE
8
BLACK
6
CONTINUOUS
10
5.6521780708661415
20
-4.0178979921259845
11
5.6437525590551179
21
-4.0207904724409449
0
LINE
8
BLACK
6
CONTINUOUS
10
5.6437525590551179
20
-4.0207904724409449
11
5.6349659055118106
21
-4.0222567322834646
0
LINE
8
BLACK
6
CONTINUOUS
10
5.6349659055118106
20
-4.0222567322834646
11
5.6260577165354331
21
-4.0222567322834646
0
LINE
8
BLACK
6
CONTINUOUS
10
5.6260577165354331
20
-4.0222567322834646
11
5.6172710629921259
21
-4.0207904724409449
0
LINE
8
BLACK
6
CONTINUOUS
10
5.6172710629921259
20
-4.0207904724409449
11
5.6088455511811022
21
-4.0178979921259845
0
LINE
8
BLACK
6
CONTINUOUS
10
5.6088455511811022
20
-4.0178979921259845
11
5.6010110629921259
21
-4.013658188976378
0
LINE
8
BLACK
6
CONTINUOUS
10
5.6010110629921259
20
-4.013658188976378
11
5.5969049999999996
21
-4.0104623228346457
0
LINE
8
BLACK
6
CONTINUOUS
10
5.5969049999999996
20
-4.0104623228346457
11
5.5883204330708658
21
-4.0190469291338582
0
LINE
8
BLACK
6
CONTINUOUS
10
6.5600125590551182
20
-4.013658188976378
11
6.5521780708661419
21
-4.0178979921259845
0
LINE
8
BLACK
6
CONTINUOUS
10
6.5521780708661419
20
-4.0178979921259845
11
6.5437525590551182
21
-4.0207904724409449
0
LINE
8
BLACK
6
CONTINUOUS
10
6.5437525590551182
20
-4.0207904724409449
11
6.534965905511811
21
-4.0222567322834646
0
LINE
8
BLACK
6
CONTINUOUS
10
6.534965905511811
20
-4.0222567322834646
11
6.5260577165354325
21
-4.0222567322834646
0
LINE
8
BLACK
6
CONTINUOUS
10
6.5260577165354325
20
-4.0222567322834646
11
6.5172710629921262
21
-4.0207904724409449
0
LINE
8
BLACK
6
CONTINUOUS
10
6.5172710629921262
20
-4.0207904724409449
11
6.5088455511811025
21
-4.0178979921259845
0
LINE
8
BLACK
6
CONTINUOUS
10
6.5088455511811025
20
-4.0178979921259845
11
6.5010110629921263
21
-4.013658188976378
0
LINE
8
BLACK
6
CONTINUOUS
10
6.5010110629921263
20
-4.013658188976378
11
6.4969049999999999
21
-4.0104623228346457
0
LINE
8
BLACK
6
CONTINUOUS
10
6.4969049999999999
20
-4.0104623228346457
11
6.4883204330708661
21
-4.0190469291338582
0
LINE
8
BLACK
6
CONTINUOUS
10
6.4883204330708661
20
-4.0190469291338582
11
6.4894035433070867
21
-4.0200518897637796
0
LINE
8
BLACK
6
CONTINUOUS
10
6.4894035433070867
20
-4.0200518897637796
11
6.4894037007874017
21
-4.0200520078740158
0
LINE
8
BLACK
6
CONTINUOUS
10
6.4894037007874017
20
-4.0200520078740158
11
6.497545748031496
21
-4.0256031496062992
0
LINE
8
BLACK
6
CONTINUOUS
10
6.497545748031496
20
-4.0256031496062992
11
6.5064239763779526
21
-4.029878622047244
0
LINE
8
BLACK
6
CONTINUOUS
10
6.5064239763779526
20
-4.029878622047244
11
6.5158402755905511
21
-4.0327831889763779
0
LINE
8
BLACK
6
CONTINUOUS
10
6.5158402755905511
20
-4.0327831889763779
11
6.5158406692913386
21
-4.0327832677165354
0
LINE
8
BLACK
6
CONTINUOUS
10
6.5158406692913386
20
-4.0327832677165354
11
6.5255845275590554
21
-4.0342519291338581
0
LINE
8
BLACK
6
CONTINUOUS
10
6.5255845275590554
20
-4.0342519291338581
11
6.5255848818897633
21
-4.0342519685039369
0
LINE
8
BLACK
6
CONTINUOUS
10
6.5255848818897633
20
-4.0342519685039369
11
6.5354387401574803
21
-4.0342519685039369
0
LINE
8
BLACK
6
CONTINUOUS
10
6.5354387401574803
20
-4.0342519685039369
11
6.5354390551181103
21
-4.0342519291338581
0
LINE
8
BLACK
6
CONTINUOUS
10
6.5354390551181103
20
-4.0342519291338581
11
6.545182913385827
21
-4.0327832677165354
0
LINE
8
BLACK
6
CONTINUOUS
10
6.545182913385827
20
-4.0327832677165354
11
6.5451833070866137
21
-4.0327831889763779
0
LINE
8
BLACK
6
CONTINUOUS
10
6.5451833070866137
20
-4.0327831889763779
11
6.5545996062992122
21
-4.029878622047244
0
LINE
8
BLACK
6
CONTINUOUS
10
6.5545996062992122
20
-4.029878622047244
11
6.5634778740157476
21
-4.0256031496062992
0
LINE
8
BLACK
6
CONTINUOUS
10
6.5634778740157476
20
-4.0256031496062992
11
6.5716196456692915
21
-4.0200522047244096
0
LINE
8
BLACK
6
CONTINUOUS
10
6.5716196456692915
20
-4.0200522047244096
11
6.571620039370079
21
-4.0200518897637796
0
LINE
8
BLACK
6
CONTINUOUS
10
6.571620039370079
20
-4.0200518897637796
11
6.5727031496062986
21
-4.0190469291338582
0
LINE
8
BLACK
6
CONTINUOUS
10
6.5727031496062986
20
-4.0190469291338582
11
6.5641185433070861
21
-4.0104623228346457
0
LINE
8
BLACK
6
CONTINUOUS
10
6.5641185433070861
20
-4.0104623228346457
11
6.5600125590551182
21
-4.013658188976378
0
LINE
8
BLACK
6
CONTINUOUS
10
6.7600125590551183
20
-4.013658188976378
11
6.7521780708661412
21
-4.0178979921259845
0
LINE
8
BLACK
6
CONTINUOUS
10
6.7521780708661412
20
-4.0178979921259845
11
6.7437525590551184
21
-4.0207904724409449
0
LINE
8
BLACK
6
CONTINUOUS
10
6.7437525590551184
20
-4.0207904724409449
11
6.7349659055118112
21
-4.0222567322834646
0
LINE
8
BLACK
6
CONTINUOUS
10
6.7349659055118112
20
-4.0222567322834646
11
6.7260577165354327
21
-4.0222567322834646
0
LINE
8
BLACK
6
CONTINUOUS
10
6.7260577165354327
20
-4.0222567322834646
11
6.7172710629921255
21
-4.0207904724409449
0
LINE
8
BLACK
6
CONTINUOUS
10
6.7172710629921255
20
-4.0207904724409449
11
6.7088455511811018
21
-4.0178979921259845
0
LINE
8
BLACK
6
CONTINUOUS
10
6.7088455511811018
20
-4.0178979921259845
11
6.7010110629921256
21
-4.013658188976378
0
LINE
8
BLACK
6
CONTINUOUS
10
6.7010110629921256
20
-4.013658188976378
11
6.6969050000000001
21
-4.0104623228346457
0
LINE
8
BLACK
6
CONTINUOUS
10
6.6969050000000001
20
-4.0104623228346457
11
6.6883204330708663
21
-4.0190469291338582
0
LINE
8
BLACK
6
CONTINUOUS
10
6.6883204330708663
20
-4.0190469291338582
11
6.6894035433070869
21
-4.0200518897637796
0
LINE
8
BLACK
6
CONTINUOUS
10
6.6894035433070869
20
-4.0200518897637796
11
6.689403700787401
21
-4.0200520078740158
0
LINE
8
BLACK
6
CONTINUOUS
10
6.689403700787401
20
-4.0200520078740158
11
6.6975457480314962
21
-4.0256031496062992
0
LINE
8
BLACK
6
CONTINUOUS
10
6.6975457480314962
20
-4.0256031496062992
11
6.7064239763779527
21
-4.029878622047244
0
LINE
8
BLACK
6
CONTINUOUS
10
6.7064239763779527
20
-4.029878622047244
11
6.7158402755905513
21
-4.0327831889763779
0
LINE
8
BLACK
6
CONTINUOUS
10
6.7158402755905513
20
-4.0327831889763779
11
6.7158406692913388
21
-4.0327832677165354
0
LINE
8
BLACK
6
CONTINUOUS
10
6.7158406692913388
20
-4.0327832677165354
11
6.7255845275590547
21
-4.0342519291338581
0
LINE
8
BLACK
6
CONTINUOUS
10
6.7255845275590547
20
-4.0342519291338581
11
6.7255848818897634
21
-4.0342519685039369
0
LINE
8
BLACK
6
CONTINUOUS
10
6.7255848818897634
20
-4.0342519685039369
11
6.7354387401574805
21
-4.0342519685039369
0
LINE
8
BLACK
6
CONTINUOUS
10
6.7354387401574805
20
-4.0342519685039369
11
6.7354390551181105
21
-4.0342519291338581
0
LINE
8
BLACK
6
CONTINUOUS
10
6.7354390551181105
20
-4.0342519291338581
11
6.7451829133858263
21
-4.0327832677165354
0
LINE
8
BLACK
6
CONTINUOUS
10
6.7451829133858263
20
-4.0327832677165354
11
6.7451833070866138
21
-4.0327831889763779
0
LINE
8
BLACK
6
CONTINUOUS
10
6.7451833070866138
20
-4.0327831889763779
11
6.7545996062992124
21
-4.029878622047244
0
LINE
8
BLACK
6
CONTINUOUS
10
6.7545996062992124
20
-4.029878622047244
11
6.7634778740157477
21
-4.0256031496062992
0
LINE
8
BLACK
6
CONTINUOUS
10
6.7634778740157477
20
-4.0256031496062992
11
6.7716196456692908
21
-4.0200522047244096
0
LINE
8
BLACK
6
CONTINUOUS
10
6.7716196456692908
20
-4.0200522047244096
11
6.7716200393700783
21
-4.0200518897637796
0
LINE
8
BLACK
6
CONTINUOUS
10
6.7716200393700783
20
-4.0200518897637796
11
6.7727031496062988
21
-4.0190469291338582
0
LINE
8
BLACK
6
CONTINUOUS
10
6.7727031496062988
20
-4.0190469291338582
11
6.7641185433070863
21
-4.0104623228346457
0
LINE
8
BLACK
6
CONTINUOUS
10
6.7641185433070863
20
-4.0104623228346457
11
6.7600125590551183
21
-4.013658188976378
0
LINE
8
BLACK
6
CONTINUOUS
10
5.4957077952755906
20
-3.958677401574803
11
5.4957077165354331
21
-3.9586770078740154
0
LINE
8
BLACK
6
CONTINUOUS
10
5.4957077165354331
20
-3.9586770078740154
11
5.4935149999999995
21
-3.9490699212598424
0
LINE
8
BLACK
6
CONTINUOUS
10
5.4935149999999995
20
-3.9490699212598424
11
5.4899149212598424
21
-3.9398971653543304
0
LINE
8
BLACK
6
CONTINUOUS
10
5.4899149212598424
20
-3.9398971653543304
11
5.4899145669291336
21
-3.9398964173228346
0
LINE
8
BLACK
6
CONTINUOUS
10
5.4899145669291336
20
-3.9398964173228346
11
5.4849878346456693
21
-3.9313630708661416
0
LINE
8
BLACK
6
CONTINUOUS
10
5.4849878346456693
20
-3.9313630708661416
11
5.4849876771653543
21
-3.931362834645669
0
LINE
8
BLACK
6
CONTINUOUS
10
5.4849876771653543
20
-3.931362834645669
11
5.4810022047244091
21
-3.9263651574803147
0
LINE
8
BLACK
6
CONTINUOUS
10
5.4810022047244091
20
-3.9263651574803147
11
5.4725563385826774
21
-3.9348109842519685
0
LINE
8
BLACK
6
CONTINUOUS
10
5.4725563385826774
20
-3.9348109842519685
11
5.4730756692913385
21
-3.9353751574803151
0
LINE
8
BLACK
6
CONTINUOUS
10
5.4730756692913385
20
-3.9353751574803151
11
5.4779479921259844
21
-3.9428327559055116
0
LINE
8
BLACK
6
CONTINUOUS
10
5.4779479921259844
20
-3.9428327559055116
11
5.4815263779527559
21
-3.9509906299212596
0
LINE
8
BLACK
6
CONTINUOUS
10
5.4815263779527559
20
-3.9509906299212596
11
5.4837131889763775
21
-3.9596261811023621
0
LINE
8
BLACK
6
CONTINUOUS
10
5.4837131889763775
20
-3.9596261811023621
11
5.4844488188976372
21
-3.9685039370078741
0
LINE
8
BLACK
6
CONTINUOUS
10
5.4844488188976372
20
-3.9685039370078741
11
5.4837131889763775
21
-3.9773816929133856
0
LINE
8
BLACK
6
CONTINUOUS
10
5.4837131889763775
20
-3.9773816929133856
11
5.4815263779527559
21
-3.9860172440944881
0
LINE
8
BLACK
6
CONTINUOUS
10
5.4815263779527559
20
-3.9860172440944881
11
5.4779479921259844
21
-3.9941751181102361
0
LINE
8
BLACK
6
CONTINUOUS
10
5.4779479921259844
20
-3.9941751181102361
11
5.4730756692913385
21
-4.0016327165354326
0
LINE
8
BLACK
6
CONTINUOUS
10
5.4730756692913385
20
-4.0016327165354326
11
5.4725563779527562
21
-4.0021968110236221
0
LINE
8
BLACK
6
CONTINUOUS
10
5.4725563779527562
20
-4.0021968110236221
11
5.4810022047244091
21
-4.0106426377952751
0
LINE
8
BLACK
6
CONTINUOUS
10
5.4810022047244091
20
-4.0106426377952751
11
5.4849874409448818
21
-4.0056453149606295
0
LINE
8
BLACK
6
CONTINUOUS
10
5.4849874409448818
20
-4.0056453149606295
11
5.4849878346456693
21
-4.0056447637795278
0
LINE
8
BLACK
6
CONTINUOUS
10
5.4849878346456693
20
-4.0056447637795278
11
5.4899145669291336
21
-3.9971114173228344
0
LINE
8
BLACK
6
CONTINUOUS
10
5.4899145669291336
20
-3.9971114173228344
11
5.4899149212598424
21
-3.9971106692913385
0
LINE
8
BLACK
6
CONTINUOUS
10
5.4899149212598424
20
-3.9971106692913385
11
5.4935149999999995
21
-3.9879379133858266
0
LINE
8
BLACK
6
CONTINUOUS
10
5.4935149999999995
20
-3.9879379133858266
11
5.4957077165354331
21
-3.9783308267716535
0
LINE
8
BLACK
6
CONTINUOUS
10
5.4957077165354331
20
-3.9783308267716535
11
5.4957077952755906
21
-3.978330433070866
0
LINE
8
BLACK
6
CONTINUOUS
10
5.4957077952755906
20
-3.978330433070866
11
5.4964442125984254
21
-3.9685040157480316
0
LINE
8
BLACK
6
CONTINUOUS
10
5.4964442125984254
20
-3.9685040157480316
11
5.4964442125984254
21
-3.9685038188976378
0
LINE
8
BLACK
6
CONTINUOUS
10
5.4964442125984254
20
-3.9685038188976378
11
5.4957077952755906
21
-3.958677401574803
0
LINE
8
BLACK
6
CONTINUOUS
10
5.6725563385826767
20
-3.9348109842519685
11
5.6730756692913387
21
-3.9353751574803151
0
LINE
8
BLACK
6
CONTINUOUS
10
5.6730756692913387
20
-3.9353751574803151
11
5.6779479921259846
21
-3.9428327559055116
0
LINE
8
BLACK
6
CONTINUOUS
10
5.6779479921259846
20
-3.9428327559055116
11
5.6815263779527561
21
-3.9509906299212596
0
LINE
8
BLACK
6
CONTINUOUS
10
5.6815263779527561
20
-3.9509906299212596
11
5.6837131889763777
21
-3.9596261811023621
0
LINE
8
BLACK
6
CONTINUOUS
10
5.6837131889763777
20
-3.9596261811023621
11
5.6844488188976374
21
-3.9685039370078741
0
LINE
8
BLACK
6
CONTINUOUS
10
5.6844488188976374
20
-3.9685039370078741
11
5.6837131889763777
21
-3.9773816929133856
0
LINE
8
BLACK
6
CONTINUOUS
10
5.6837131889763777
20
-3.9773816929133856
11
5.6815263779527561
21
-3.9860172440944881
0
LINE
8
BLACK
6
CONTINUOUS
10
5.6815263779527561
20
-3.9860172440944881
11
5.6779479921259846
21
-3.9941751181102361
0
LINE
8
BLACK
6
CONTINUOUS
10
5.6779479921259846
20
-3.9941751181102361
11
5.6730756692913387
21
-4.0016327165354326
0
LINE
8
BLACK
6
CONTINUOUS
10
5.6730756692913387
20
-4.0016327165354326
11
5.6725563779527555
21
-4.0021968110236221
0
LINE
8
BLACK
6
CONTINUOUS
10
5.6725563779527555
20
-4.0021968110236221
11
5.6810022047244093
21
-4.0106426377952751
0
LINE
8
BLACK
6
CONTINUOUS
10
5.6810022047244093
20
-4.0106426377952751
11
5.684987440944882
21
-4.0056453149606295
0
LINE
8
BLACK
6
CONTINUOUS
10
5.684987440944882
20
-4.0056453149606295
11
5.6849878346456695
21
-4.0056447637795278
0
LINE
8
BLACK
6
CONTINUOUS
10
5.6849878346456695
20
-4.0056447637795278
11
5.6899145669291338
21
-3.9971114173228344
0
LINE
8
BLACK
6
CONTINUOUS
10
5.6899145669291338
20
-3.9971114173228344
11
5.6899149212598426
21
-3.9971106692913385
0
LINE
8
BLACK
6
CONTINUOUS
10
5.6899149212598426
20
-3.9971106692913385
11
5.6935149999999997
21
-3.9879379133858266
0
LINE
8
BLACK
6
CONTINUOUS
10
5.6935149999999997
20
-3.9879379133858266
11
5.6957077165354333
21
-3.9783308267716535
0
LINE
8
BLACK
6
CONTINUOUS
10
5.6957077165354333
20
-3.9783308267716535
11
5.6957077952755908
21
-3.978330433070866
0
LINE
8
BLACK
6
CONTINUOUS
10
5.6957077952755908
20
-3.978330433070866
11
5.6964442125984247
21
-3.9685040157480316
0
LINE
8
BLACK
6
CONTINUOUS
10
5.6964442125984247
20
-3.9685040157480316
11
5.6964442125984247
21
-3.9685038188976378
0
LINE
8
BLACK
6
CONTINUOUS
10
5.6964442125984247
20
-3.9685038188976378
11
5.6957077952755908
21
-3.958677401574803
0
LINE
8
BLACK
6
CONTINUOUS
10
5.6957077952755908
20
-3.958677401574803
11
5.6957077165354333
21
-3.9586770078740154
0
LINE
8
BLACK
6
CONTINUOUS
10
5.6957077165354333
20
-3.9586770078740154
11
5.6935149999999997
21
-3.9490699212598424
0
LINE
8
BLACK
6
CONTINUOUS
10
5.6935149999999997
20
-3.9490699212598424
11
5.6899149212598426
21
-3.9398971653543304
0
LINE
8
BLACK
6
CONTINUOUS
10
5.6899149212598426
20
-3.9398971653543304
11
5.6899145669291338
21
-3.9398964173228346
0
LINE
8
BLACK
6
CONTINUOUS
10
5.6899145669291338
20
-3.9398964173228346
11
5.6849878346456695
21
-3.9313630708661416
0
LINE
8
BLACK
6
CONTINUOUS
10
5.6849878346456695
20
-3.9313630708661416
11
5.6849876771653545
21
-3.931362834645669
0
LINE
8
BLACK
6
CONTINUOUS
10
5.6849876771653545
20
-3.931362834645669
11
5.6810022047244093
21
-3.9263651574803147
0
LINE
8
BLACK
6
CONTINUOUS
10
5.6810022047244093
20
-3.9263651574803147
11
5.6725563385826767
21
-3.9348109842519685
0
LINE
8
BLACK
6
CONTINUOUS
10
6.4760358267716533
20
-3.9313629527559053
11
6.4711088188976378
21
-3.9398968110236221
0
LINE
8
BLACK
6
CONTINUOUS
10
6.4711088188976378
20
-3.9398968110236221
11
6.4711086614173228
21
-3.9398971653543304
0
LINE
8
BLACK
6
CONTINUOUS
10
6.4711086614173228
20
-3.9398971653543304
11
6.4675085826771648
21
-3.9490699212598424
0
LINE
8
BLACK
6
CONTINUOUS
10
6.4675085826771648
20
-3.9490699212598424
11
6.465315866141732
21
-3.9586770078740154
0
LINE
8
BLACK
6
CONTINUOUS
10
6.465315866141732
20
-3.9586770078740154
11
6.4653157874015745
21
-3.958677401574803
0
LINE
8
BLACK
6
CONTINUOUS
10
6.4653157874015745
20
-3.958677401574803
11
6.4645794094488185
21
-3.9685038188976378
0
LINE
8
BLACK
6
CONTINUOUS
10
6.4645794094488185
20
-3.9685038188976378
11
6.4645794094488185
21
-3.9685040157480316
0
LINE
8
BLACK
6
CONTINUOUS
10
6.4645794094488185
20
-3.9685040157480316
11
6.4653157874015745
21
-3.978330433070866
0
LINE
8
BLACK
6
CONTINUOUS
10
6.4653157874015745
20
-3.978330433070866
11
6.465315866141732
21
-3.9783308267716535
0
LINE
8
BLACK
6
CONTINUOUS
10
6.465315866141732
20
-3.9783308267716535
11
6.4675085826771648
21
-3.9879379133858266
0
LINE
8
BLACK
6
CONTINUOUS
10
6.4675085826771648
20
-3.9879379133858266
11
6.4711086614173228
21
-3.9971106692913385
0
LINE
8
BLACK
6
CONTINUOUS
10
6.4711086614173228
20
-3.9971106692913385
11
6.4711090157480315
21
-3.9971114173228344
0
LINE
8
BLACK
6
CONTINUOUS
10
6.4711090157480315
20
-3.9971114173228344
11
6.4760357480314958
21
-4.0056447637795278
0
LINE
8
BLACK
6
CONTINUOUS
10
6.4760357480314958
20
-4.0056447637795278
11
6.4760359055118109
21
-4.0056450000000003
0
LINE
8
BLACK
6
CONTINUOUS
10
6.4760359055118109
20
-4.0056450000000003
11
6.4800213385826773
21
-4.0106426377952751
0
LINE
8
BLACK
6
CONTINUOUS
10
6.4800213385826773
20
-4.0106426377952751
11
6.4884671653543302
21
-4.0021967322834646
0
LINE
8
BLACK
6
CONTINUOUS
10
6.4884671653543302
20
-4.0021967322834646
11
6.4879479527559054
21
-4.0016327165354326
0
LINE
8
BLACK
6
CONTINUOUS
10
6.4879479527559054
20
-4.0016327165354326
11
6.4830756299212595
21
-3.9941751181102361
0
LINE
8
BLACK
6
CONTINUOUS
10
6.4830756299212595
20
-3.9941751181102361
11
6.479497244094488
21
-3.9860172440944881
0
LINE
8
BLACK
6
CONTINUOUS
10
6.479497244094488
20
-3.9860172440944881
11
6.4773104330708664
21
-3.9773816929133856
0
LINE
8
BLACK
6
CONTINUOUS
10
6.4773104330708664
20
-3.9773816929133856
11
6.4765748031496058
21
-3.9685039370078741
0
LINE
8
BLACK
6
CONTINUOUS
10
6.4765748031496058
20
-3.9685039370078741
11
6.4773104330708664
21
-3.9596261811023621
0
LINE
8
BLACK
6
CONTINUOUS
10
6.4773104330708664
20
-3.9596261811023621
11
6.479497244094488
21
-3.9509906299212596
0
LINE
8
BLACK
6
CONTINUOUS
10
6.479497244094488
20
-3.9509906299212596
11
6.4830756299212595
21
-3.9428327559055116
0
LINE
8
BLACK
6
CONTINUOUS
10
6.4830756299212595
20
-3.9428327559055116
11
6.4879479527559054
21
-3.9353751574803151
0
LINE
8
BLACK
6
CONTINUOUS
10
6.4879479527559054
20
-3.9353751574803151
11
6.488467204724409
21
-3.9348110236220473
0
LINE
8
BLACK
6
CONTINUOUS
10
6.488467204724409
20
-3.9348110236220473
11
6.4800213385826773
21
-3.9263651574803147
0
LINE
8
BLACK
6
CONTINUOUS
10
6.4800213385826773
20
-3.9263651574803147
11
6.4760358267716533
21
-3.9313629527559053
0
LINE
8
BLACK
6
CONTINUOUS
10
6.5957077952755903
20
-3.958677401574803
11
6.5957077165354328
21
-3.9586770078740154
0
LINE
8
BLACK
6
CONTINUOUS
10
6.5957077165354328
20
-3.9586770078740154
11
6.593515
21
-3.9490699212598424
0
LINE
8
BLACK
6
CONTINUOUS
10
6.593515
20
-3.9490699212598424
11
6.589914921259842
21
-3.9398971653543304
0
LINE
8
BLACK
6
CONTINUOUS
10
6.589914921259842
20
-3.9398971653543304
11
6.5899145669291341
21
-3.9398964173228346
0
LINE
8
BLACK
6
CONTINUOUS
10
6.5899145669291341
20
-3.9398964173228346
11
6.5849878346456689
21
-3.9313630708661416
0
LINE
8
BLACK
6
CONTINUOUS
10
6.5849878346456689
20
-3.9313630708661416
11
6.5849876771653539
21
-3.931362834645669
0
LINE
8
BLACK
6
CONTINUOUS
10
6.5849876771653539
20
-3.931362834645669
11
6.5810022047244097
21
-3.9263651574803147
0
LINE
8
BLACK
6
CONTINUOUS
10
6.5810022047244097
20
-3.9263651574803147
11
6.5725563385826771
21
-3.9348109842519685
0
LINE
8
BLACK
6
CONTINUOUS
10
6.5725563385826771
20
-3.9348109842519685
11
6.5730756692913381
21
-3.9353751574803151
0
LINE
8
BLACK
6
CONTINUOUS
10
6.5730756692913381
20
-3.9353751574803151
11
6.577947992125984
21
-3.9428327559055116
0
LINE
8
BLACK
6
CONTINUOUS
10
6.577947992125984
20
-3.9428327559055116
11
6.5815263779527555
21
-3.9509906299212596
0
LINE
8
BLACK
6
CONTINUOUS
10
6.5815263779527555
20
-3.9509906299212596
11
6.583713188976378
21
-3.9596261811023621
0
LINE
8
BLACK
6
CONTINUOUS
10
6.583713188976378
20
-3.9596261811023621
11
6.5844488188976378
21
-3.9685039370078741
0
LINE
8
BLACK
6
CONTINUOUS
10
6.5844488188976378
20
-3.9685039370078741
11
6.583713188976378
21
-3.9773816929133856
0
LINE
8
BLACK
6
CONTINUOUS
10
6.583713188976378
20
-3.9773816929133856
11
6.5815263779527555
21
-3.9860172440944881
0
LINE
8
BLACK
6
CONTINUOUS
10
6.5815263779527555
20
-3.9860172440944881
11
6.577947992125984
21
-3.9941751181102361
0
LINE
8
BLACK
6
CONTINUOUS
10
6.577947992125984
20
-3.9941751181102361
11
6.5730756692913381
21
-4.0016327165354326
0
LINE
8
BLACK
6
CONTINUOUS
10
6.5730756692913381
20
-4.0016327165354326
11
6.5725563779527558
21
-4.0021968110236221
0
LINE
8
BLACK
6
CONTINUOUS
10
6.5725563779527558
20
-4.0021968110236221
11
6.5810022047244097
21
-4.0106426377952751
0
LINE
8
BLACK
6
CONTINUOUS
10
6.5810022047244097
20
-4.0106426377952751
11
6.5849874409448814
21
-4.0056453149606295
0
LINE
8
BLACK
6
CONTINUOUS
10
6.5849874409448814
20
-4.0056453149606295
11
6.5849878346456689
21
-4.0056447637795278
0
LINE
8
BLACK
6
CONTINUOUS
10
6.5849878346456689
20
-4.0056447637795278
11
6.5899145669291341
21
-3.9971114173228344
0
LINE
8
BLACK
6
CONTINUOUS
10
6.5899145669291341
20
-3.9971114173228344
11
6.589914921259842
21
-3.9971106692913385
0
LINE
8
BLACK
6
CONTINUOUS
10
6.589914921259842
20
-3.9971106692913385
11
6.593515
21
-3.9879379133858266
0
LINE
8
BLACK
6
CONTINUOUS
10
6.593515
20
-3.9879379133858266
11
6.5957077165354328
21
-3.9783308267716535
0
LINE
8
BLACK
6
CONTINUOUS
10
6.5957077165354328
20
-3.9783308267716535
11
6.5957077952755903
21
-3.978330433070866
0
LINE
8
BLACK
6
CONTINUOUS
10
6.5957077952755903
20
-3.978330433070866
11
6.5964442125984251
21
-3.9685040157480316
0
LINE
8
BLACK
6
CONTINUOUS
10
6.5964442125984251
20
-3.9685040157480316
11
6.5964442125984251
21
-3.9685038188976378
0
LINE
8
BLACK
6
CONTINUOUS
10
6.5964442125984251
20
-3.9685038188976378
11
6.5957077952755903
21
-3.958677401574803
0
LINE
8
BLACK
6
CONTINUOUS
10
6.7725563385826772
20
-3.9348109842519685
11
6.7730756692913383
21
-3.9353751574803151
0
LINE
8
BLACK
6
CONTINUOUS
10
6.7730756692913383
20
-3.9353751574803151
11
6.7779479921259842
21
-3.9428327559055116
0
LINE
8
BLACK
6
CONTINUOUS
10
6.7779479921259842
20
-3.9428327559055116
11
6.7815263779527557
21
-3.9509906299212596
0
LINE
8
BLACK
6
CONTINUOUS
10
6.7815263779527557
20
-3.9509906299212596
11
6.7837131889763782
21
-3.9596261811023621
0
LINE
8
BLACK
6
CONTINUOUS
10
6.7837131889763782
20
-3.9596261811023621
11
6.784448818897638
21
-3.9685039370078741
0
LINE
8
BLACK
6
CONTINUOUS
10
6.784448818897638
20
-3.9685039370078741
11
6.7837131889763782
21
-3.9773816929133856
0
LINE
8
BLACK
6
CONTINUOUS
10
6.7837131889763782
20
-3.9773816929133856
11
6.7815263779527557
21
-3.9860172440944881
0
LINE
8
BLACK
6
CONTINUOUS
10
6.7815263779527557
20
-3.9860172440944881
11
6.7779479921259842
21
-3.9941751181102361
0
LINE
8
BLACK
6
CONTINUOUS
10
6.7779479921259842
20
-3.9941751181102361
11
6.7730756692913383
21
-4.0016327165354326
0
LINE
8
BLACK
6
CONTINUOUS
10
6.7730756692913383
20
-4.0016327165354326
11
6.772556377952756
21
-4.0021968110236221
0
LINE
8
BLACK
6
CONTINUOUS
10
6.772556377952756
20
-4.0021968110236221
11
6.781002204724409
21
-4.0106426377952751
0
LINE
8
BLACK
6
CONTINUOUS
10
6.781002204724409
20
-4.0106426377952751
11
6.7849874409448816
21
-4.0056453149606295
0
LINE
8
BLACK
6
CONTINUOUS
10
6.7849874409448816
20
-4.0056453149606295
11
6.7849878346456691
21
-4.0056447637795278
0
LINE
8
BLACK
6
CONTINUOUS
10
6.7849878346456691
20
-4.0056447637795278
11
6.7899145669291334
21
-3.9971114173228344
0
LINE
8
BLACK
6
CONTINUOUS
10
6.7899145669291334
20
-3.9971114173228344
11
6.7899149212598422
21
-3.9971106692913385
0
LINE
8
BLACK
6
CONTINUOUS
10
6.7899149212598422
20
-3.9971106692913385
11
6.7935150000000002
21
-3.9879379133858266
0
LINE
8
BLACK
6
CONTINUOUS
10
6.7935150000000002
20
-3.9879379133858266
11
6.7957077165354329
21
-3.9783308267716535
0
LINE
8
BLACK
6
CONTINUOUS
10
6.7957077165354329
20
-3.9783308267716535
11
6.7957077952755904
21
-3.978330433070866
0
LINE
8
BLACK
6
CONTINUOUS
10
6.7957077952755904
20
-3.978330433070866
11
6.7964442125984252
21
-3.9685040157480316
0
LINE
8
BLACK
6
CONTINUOUS
10
6.7964442125984252
20
-3.9685040157480316
11
6.7964442125984252
21
-3.9685038188976378
0
LINE
8
BLACK
6
CONTINUOUS
10
6.7964442125984252
20
-3.9685038188976378
11
6.7957077952755904
21
-3.958677401574803
0
LINE
8
BLACK
6
CONTINUOUS
10
6.7957077952755904
20
-3.958677401574803
11
6.7957077165354329
21
-3.9586770078740154
0
LINE
8
BLACK
6
CONTINUOUS
10
6.7957077165354329
20
-3.9586770078740154
11
6.7935150000000002
21
-3.9490699212598424
0
LINE
8
BLACK
6
CONTINUOUS
10
6.7935150000000002
20
-3.9490699212598424
11
6.7899149212598422
21
-3.9398971653543304
0
LINE
8
BLACK
6
CONTINUOUS
10
6.7899149212598422
20
-3.9398971653543304
11
6.7899145669291334
21
-3.9398964173228346
0
LINE
8
BLACK
6
CONTINUOUS
10
6.7899145669291334
20
-3.9398964173228346
11
6.7849878346456691
21
-3.9313630708661416
0
LINE
8
BLACK
6
CONTINUOUS
10
6.7849878346456691
20
-3.9313630708661416
11
6.7849876771653541
21
-3.931362834645669
0
LINE
8
BLACK
6
CONTINUOUS
10
6.7849876771653541
20
-3.931362834645669
11
6.781002204724409
21
-3.9263651574803147
0
LINE
8
BLACK
6
CONTINUOUS
10
6.781002204724409
20
-3.9263651574803147
11
6.7725563385826772
21
-3.9348109842519685
0
LINE
8
BLACK
6
CONTINUOUS
10
5.4158406692913381
20
-3.9042245669291336
11
5.4158402755905515
21
-3.9042246456692911
0
LINE
8
BLACK
6
CONTINUOUS
10
5.4158402755905515
20
-3.9042246456692911
11
5.4064239763779529
21
-3.9071292125984249
0
LINE
8
BLACK
6
CONTINUOUS
10
5.4064239763779529
20
-3.9071292125984249
11
5.3975457480314963
21
-3.9114046850393698
0
LINE
8
BLACK
6
CONTINUOUS
10
5.3975457480314963
20
-3.9114046850393698
11
5.3894035826771649
21
-3.9169559055118111
0
LINE
8
BLACK
6
CONTINUOUS
10
5.3894035826771649
20
-3.9169559055118111
11
5.3883204330708656
21
-3.917960866141732
0
LINE
8
BLACK
6
CONTINUOUS
10
5.3883204330708656
20
-3.917960866141732
11
5.396905039370079
21
-3.926545472440945
0
LINE
8
BLACK
6
CONTINUOUS
10
5.396905039370079
20
-3.926545472440945
11
5.4010110629921257
21
-3.9233496850393701
0
LINE
8
BLACK
6
CONTINUOUS
10
5.4010110629921257
20
-3.9233496850393701
11
5.408845551181102
21
-3.9191098818897636
0
LINE
8
BLACK
6
CONTINUOUS
10
5.408845551181102
20
-3.9191098818897636
11
5.4172710629921257
21
-3.9162174015748032
0
LINE
8
BLACK
6
CONTINUOUS
10
5.4172710629921257
20
-3.9162174015748032
11
5.4260577165354329
21
-3.9147511417322836
0
LINE
8
BLACK
6
CONTINUOUS
10
5.4260577165354329
20
-3.9147511417322836
11
5.4349659055118105
21
-3.9147511417322836
0
LINE
8
BLACK
6
CONTINUOUS
10
5.4349659055118105
20
-3.9147511417322836
11
5.4437525590551177
21
-3.9162174015748032
0
LINE
8
BLACK
6
CONTINUOUS
10
5.4437525590551177
20
-3.9162174015748032
11
5.4521780708661414
21
-3.9191098818897636
0
LINE
8
BLACK
6
CONTINUOUS
10
5.4521780708661414
20
-3.9191098818897636
11
5.4600125590551176
21
-3.9233496850393701
0
LINE
8
BLACK
6
CONTINUOUS
10
5.4600125590551176
20
-3.9233496850393701
11
5.464118464566929
21
-3.9265454330708662
0
LINE
8
BLACK
6
CONTINUOUS
10
5.464118464566929
20
-3.9265454330708662
11
5.4727031102362202
21
-3.917960866141732
0
LINE
8
BLACK
6
CONTINUOUS
10
5.4727031102362202
20
-3.917960866141732
11
5.4716200787401572
21
-3.9169559842519686
0
LINE
8
BLACK
6
CONTINUOUS
10
5.4716200787401572
20
-3.9169559842519686
11
5.4634777165354329
21
-3.9114046456692915
0
LINE
8
BLACK
6
CONTINUOUS
10
5.4634777165354329
20
-3.9114046456692915
11
5.4545996062992126
21
-3.9071292125984249
0
LINE
8
BLACK
6
CONTINUOUS
10
5.4545996062992126
20
-3.9071292125984249
11
5.445183307086614
21
-3.9042246456692911
0
LINE
8
BLACK
6
CONTINUOUS
10
5.445183307086614
20
-3.9042246456692911
11
5.4451829133858265
21
-3.9042245669291336
0
LINE
8
BLACK
6
CONTINUOUS
10
5.4451829133858265
20
-3.9042245669291336
11
5.4354390551181098
21
-3.9027559055118108
0
LINE
8
BLACK
6
CONTINUOUS
10
5.4354390551181098
20
-3.9027559055118108
11
5.4255845275590548
21
-3.9027559055118108
0
LINE
8
BLACK
6
CONTINUOUS
10
5.4255845275590548
20
-3.9027559055118108
11
5.4158406692913381
21
-3.9042245669291336
0
LINE
8
BLACK
6
CONTINUOUS
10
5.6158406692913383
20
-3.9042245669291336
11
5.6158402755905508
21
-3.9042246456692911
0
LINE
8
BLACK
6
CONTINUOUS
10
5.6158402755905508
20
-3.9042246456692911
11
5.6064239763779522
21
-3.9071292125984249
0
LINE
8
BLACK
6
CONTINUOUS
10
5.6064239763779522
20
-3.9071292125984249
11
5.5975457480314956
21
-3.9114046850393698
0
LINE
8
BLACK
6
CONTINUOUS
10
5.5975457480314956
20
-3.9114046850393698
11
5.5894035826771651
21
-3.9169559055118111
0
LINE
8
BLACK
6
CONTINUOUS
10
5.5894035826771651
20
-3.9169559055118111
11
5.5883204330708658
21
-3.917960866141732
0
LINE
8
BLACK
6
CONTINUOUS
10
5.5883204330708658
20
-3.917960866141732
11
5.5969050393700783
21
-3.926545472440945
0
LINE
8
BLACK
6
CONTINUOUS
10
5.5969050393700783
20
-3.926545472440945
11
5.6010110629921259
21
-3.9233496850393701
0
LINE
8
BLACK
6
CONTINUOUS
10
5.6010110629921259
20
-3.9233496850393701
11
5.6088455511811022
21
-3.9191098818897636
0
LINE
8
BLACK
6
CONTINUOUS
10
5.6088455511811022
20
-3.9191098818897636
11
5.6172710629921259
21
-3.9162174015748032
0
LINE
8
BLACK
6
CONTINUOUS
10
5.6172710629921259
20
-3.9162174015748032
11
5.6260577165354331
21
-3.9147511417322836
0
LINE
8
BLACK
6
CONTINUOUS
10
5.6260577165354331
20
-3.9147511417322836
11
5.6349659055118106
21
-3.9147511417322836
0
LINE
8
BLACK
6
CONTINUOUS
10
5.6349659055118106
20
-3.9147511417322836
11
5.6437525590551179
21
-3.9162174015748032
0
LINE
8
BLACK
6
CONTINUOUS
10
5.6437525590551179
20
-3.9162174015748032
11
5.6521780708661415
21
-3.9191098818897636
0
LINE
8
BLACK
6
CONTINUOUS
10
5.6521780708661415
20
-3.9191098818897636
11
5.6600125590551178
21
-3.9233496850393701
0
LINE
8
BLACK
6
CONTINUOUS
10
5.6600125590551178
20
-3.9233496850393701
11
5.6641184645669291
21
-3.9265454330708662
0
LINE
8
BLACK
6
CONTINUOUS
10
5.6641184645669291
20
-3.9265454330708662
11
5.6727031102362204
21
-3.917960866141732
0
LINE
8
BLACK
6
CONTINUOUS
10
5.6727031102362204
20
-3.917960866141732
11
5.6716200787401574
21
-3.9169559842519686
0
LINE
8
BLACK
6
CONTINUOUS
10
5.6716200787401574
20
-3.9169559842519686
11
5.6634777165354331
21
-3.9114046456692915
0
LINE
8
BLACK
6
CONTINUOUS
10
5.6634777165354331
20
-3.9114046456692915
11
5.6545996062992128
21
-3.9071292125984249
0
LINE
8
BLACK
6
CONTINUOUS
10
5.6545996062992128
20
-3.9071292125984249
11
5.6451833070866142
21
-3.9042246456692911
0
LINE
8
BLACK
6
CONTINUOUS
10
5.6451833070866142
20
-3.9042246456692911
11
5.6451829133858267
21
-3.9042245669291336
0
LINE
8
BLACK
6
CONTINUOUS
10
5.6451829133858267
20
-3.9042245669291336
11
5.6354390551181099
21
-3.9027559055118108
0
LINE
8
BLACK
6
CONTINUOUS
10
5.6354390551181099
20
-3.9027559055118108
11
5.625584527559055
21
-3.9027559055118108
0
LINE
8
BLACK
6
CONTINUOUS
10
5.625584527559055
20
-3.9027559055118108
11
5.6158406692913383
21
-3.9042245669291336
0
LINE
8
BLACK
6
CONTINUOUS
10
6.5158406692913386
20
-3.9042245669291336
11
6.5158402755905511
21
-3.9042246456692911
0
LINE
8
BLACK
6
CONTINUOUS
10
6.5158402755905511
20
-3.9042246456692911
11
6.5064239763779526
21
-3.9071292125984249
0
LINE
8
BLACK
6
CONTINUOUS
10
6.5064239763779526
20
-3.9071292125984249
11
6.497545748031496
21
-3.9114046850393698
0
LINE
8
BLACK
6
CONTINUOUS
10
6.497545748031496
20
-3.9114046850393698
11
6.4894035826771654
21
-3.9169559055118111
0
LINE
8
BLACK
6
CONTINUOUS
10
6.4894035826771654
20
-3.9169559055118111
11
6.4883204330708661
21
-3.917960866141732
0
LINE
8
BLACK
6
CONTINUOUS
10
6.4883204330708661
20
-3.917960866141732
11
6.4969050393700787
21
-3.926545472440945
0
LINE
8
BLACK
6
CONTINUOUS
10
6.4969050393700787
20
-3.926545472440945
11
6.5010110629921263
21
-3.9233496850393701
0
LINE
8
BLACK
6
CONTINUOUS
10
6.5010110629921263
20
-3.9233496850393701
11
6.5088455511811025
21
-3.9191098818897636
0
LINE
8
BLACK
6
CONTINUOUS
10
6.5088455511811025
20
-3.9191098818897636
11
6.5172710629921262
21
-3.9162174015748032
0
LINE
8
BLACK
6
CONTINUOUS
10
6.5172710629921262
20
-3.9162174015748032
11
6.5260577165354325
21
-3.9147511417322836
0
LINE
8
BLACK
6
CONTINUOUS
10
6.5260577165354325
20
-3.9147511417322836
11
6.534965905511811
21
-3.9147511417322836
0
LINE
8
BLACK
6
CONTINUOUS
10
6.534965905511811
20
-3.9147511417322836
11
6.5437525590551182
21
-3.9162174015748032
0
LINE
8
BLACK
6
CONTINUOUS
10
6.5437525590551182
20
-3.9162174015748032
11
6.5521780708661419
21
-3.9191098818897636
0
LINE
8
BLACK
6
CONTINUOUS
10
6.5521780708661419
20
-3.9191098818897636
11
6.5600125590551182
21
-3.9233496850393701
0
LINE
8
BLACK
6
CONTINUOUS
10
6.5600125590551182
20
-3.9233496850393701
11
6.5641184645669286
21
-3.9265454330708662
0
LINE
8
BLACK
6
CONTINUOUS
10
6.5641184645669286
20
-3.9265454330708662
11
6.5727031102362199
21
-3.917960866141732
0
LINE
8
BLACK
6
CONTINUOUS
10
6.5727031102362199
20
-3.917960866141732
11
6.5716200787401577
21
-3.9169559842519686
0
LINE
8
BLACK
6
CONTINUOUS
10
6.5716200787401577
20
-3.9169559842519686
11
6.5634777165354325
21
-3.9114046456692915
0
LINE
8
BLACK
6
CONTINUOUS
10
6.5634777165354325
20
-3.9114046456692915
11
6.5545996062992122
21
-3.9071292125984249
0
LINE
8
BLACK
6
CONTINUOUS
10
6.5545996062992122
20
-3.9071292125984249
11
6.5451833070866137
21
-3.9042246456692911
0
LINE
8
BLACK
6
CONTINUOUS
10
6.5451833070866137
20
-3.9042246456692911
11
6.545182913385827
21
-3.9042245669291336
0
LINE
8
BLACK
6
CONTINUOUS
10
6.545182913385827
20
-3.9042245669291336
11
6.5354390551181103
21
-3.9027559055118108
0
LINE
8
BLACK
6
CONTINUOUS
10
6.5354390551181103
20
-3.9027559055118108
11
6.5255845275590554
21
-3.9027559055118108
0
LINE
8
BLACK
6
CONTINUOUS
10
6.5255845275590554
20
-3.9027559055118108
11
6.5158406692913386
21
-3.9042245669291336
0
LINE
8
BLACK
6
CONTINUOUS
10
6.7158406692913388
20
-3.9042245669291336
11
6.7158402755905513
21
-3.9042246456692911
0
LINE
8
BLACK
6
CONTINUOUS
10
6.7158402755905513
20
-3.9042246456692911
11
6.7064239763779527
21
-3.9071292125984249
0
LINE
8
BLACK
6
CONTINUOUS
10
6.7064239763779527
20
-3.9071292125984249
11
6.6975457480314962
21
-3.9114046850393698
0
LINE
8
BLACK
6
CONTINUOUS
10
6.6975457480314962
20
-3.9114046850393698
11
6.6894035826771656
21
-3.9169559055118111
0
LINE
8
BLACK
6
CONTINUOUS
10
6.6894035826771656
20
-3.9169559055118111
11
6.6883204330708663
21
-3.917960866141732
0
LINE
8
BLACK
6
CONTINUOUS
10
6.6883204330708663
20
-3.917960866141732
11
6.6969050393700789
21
-3.926545472440945
0
LINE
8
BLACK
6
CONTINUOUS
10
6.6969050393700789
20
-3.926545472440945
11
6.7010110629921256
21
-3.9233496850393701
0
LINE
8
BLACK
6
CONTINUOUS
10
6.7010110629921256
20
-3.9233496850393701
11
6.7088455511811018
21
-3.9191098818897636
0
LINE
8
BLACK
6
CONTINUOUS
10
6.7088455511811018
20
-3.9191098818897636
11
6.7172710629921255
21
-3.9162174015748032
0
LINE
8
BLACK
6
CONTINUOUS
10
6.7172710629921255
20
-3.9162174015748032
11
6.7260577165354327
21
-3.9147511417322836
0
LINE
8
BLACK
6
CONTINUOUS
10
6.7260577165354327
20
-3.9147511417322836
11
6.7349659055118112
21
-3.9147511417322836
0
LINE
8
BLACK
6
CONTINUOUS
10
6.7349659055118112
20
-3.9147511417322836
11
6.7437525590551184
21
-3.9162174015748032
0
LINE
8
BLACK
6
CONTINUOUS
10
6.7437525590551184
20
-3.9162174015748032
11
6.7521780708661412
21
-3.9191098818897636
0
LINE
8
BLACK
6
CONTINUOUS
10
6.7521780708661412
20
-3.9191098818897636
11
6.7600125590551183
21
-3.9233496850393701
0
LINE
8
BLACK
6
CONTINUOUS
10
6.7600125590551183
20
-3.9233496850393701
11
6.7641184645669288
21
-3.9265454330708662
0
LINE
8
BLACK
6
CONTINUOUS
10
6.7641184645669288
20
-3.9265454330708662
11
6.7727031102362201
21
-3.917960866141732
0
LINE
8
BLACK
6
CONTINUOUS
10
6.7727031102362201
20
-3.917960866141732
11
6.771620078740157
21
-3.9169559842519686
0
LINE
8
BLACK
6
CONTINUOUS
10
6.771620078740157
20
-3.9169559842519686
11
6.7634777165354327
21
-3.9114046456692915
0
LINE
8
BLACK
6
CONTINUOUS
10
6.7634777165354327
20
-3.9114046456692915
11
6.7545996062992124
21
-3.9071292125984249
0
LINE
8
BLACK
6
CONTINUOUS
10
6.7545996062992124
20
-3.9071292125984249
11
6.7451833070866138
21
-3.9042246456692911
0
LINE
8
BLACK
6
CONTINUOUS
10
6.7451833070866138
20
-3.9042246456692911
11
6.7451829133858263
21
-3.9042245669291336
0
LINE
8
BLACK
6
CONTINUOUS
10
6.7451829133858263
20
-3.9042245669291336
11
6.7354390551181105
21
-3.9027559055118108
0
LINE
8
BLACK
6
CONTINUOUS
10
6.7354390551181105
20
-3.9027559055118108
11
6.7255845275590547
21
-3.9027559055118108
0
LINE
8
BLACK
6
CONTINUOUS
10
6.7255845275590547
20
-3.9027559055118108
11
6.7158406692913388
21
-3.9042245669291336
0
LINE
8
BLACK
6
CONTINUOUS
10
5.521449960629921
20
-3.8171099212598425
11
5.5126628740157475
21
-3.8194644094488188
0
LINE
8
BLACK
6
CONTINUOUS
10
5.5126628740157475
20
-3.8194644094488188
11
5.5044184645669292
21
-3.8233088188976376
0
LINE
8
BLACK
6
CONTINUOUS
10
5.5044184645669292
20
-3.8233088188976376
11
5.4969669685039371
21
-3.8285263779527559
0
LINE
8
BLACK
6
CONTINUOUS
10
5.4969669685039371
20
-3.8285263779527559
11
5.4905342519685041
21
-3.8349590944881888
0
LINE
8
BLACK
6
CONTINUOUS
10
5.4905342519685041
20
-3.8349590944881888
11
5.4853166929133854
21
-3.8424105905511809
0
LINE
8
BLACK
6
CONTINUOUS
10
5.4853166929133854
20
-3.8424105905511809
11
5.4814722834645666
21
-3.8506549999999997
0
LINE
8
BLACK
6
CONTINUOUS
10
5.4814722834645666
20
-3.8506549999999997
11
5.4791177952755907
21
-3.8594420866141732
0
LINE
8
BLACK
6
CONTINUOUS
10
5.4791177952755907
20
-3.8594420866141732
11
5.4783250393700786
21
-3.868503779527559
0
LINE
8
BLACK
6
CONTINUOUS
10
5.4783250393700786
20
-3.868503779527559
11
5.4783250393700786
21
-3.8685040551181102
0
LINE
8
BLACK
6
CONTINUOUS
10
5.4783250393700786
20
-3.8685040551181102
11
5.4791177952755907
21
-3.877565748031496
0
LINE
8
BLACK
6
CONTINUOUS
10
5.4791177952755907
20
-3.877565748031496
11
5.4791178346456695
21
-3.8775660236220473
0
LINE
8
BLACK
6
CONTINUOUS
10
5.4791178346456695
20
-3.8775660236220473
11
5.4791178740157482
21
-3.877566062992126
0
LINE
8
BLACK
6
CONTINUOUS
10
5.4791178740157482
20
-3.877566062992126
11
5.4814722834645666
21
-3.8863528740157478
0
LINE
8
BLACK
6
CONTINUOUS
10
5.4814722834645666
20
-3.8863528740157478
11
5.4853167322834642
21
-3.8945973228346458
0
LINE
8
BLACK
6
CONTINUOUS
10
5.4853167322834642
20
-3.8945973228346458
11
5.4905344094488191
21
-3.9020489370078741
0
LINE
8
BLACK
6
CONTINUOUS
10
5.4905344094488191
20
-3.9020489370078741
11
5.4969668110236221
21
-3.9084813385826771
0
LINE
8
BLACK
6
CONTINUOUS
10
5.4969668110236221
20
-3.9084813385826771
11
5.5044184251968504
21
-3.9136990157480316
0
LINE
8
BLACK
6
CONTINUOUS
10
5.5044184251968504
20
-3.9136990157480316
11
5.5126628740157475
21
-3.9175434645669291
0
LINE
8
BLACK
6
CONTINUOUS
10
5.5126628740157475
20
-3.9175434645669291
11
5.5214496850393697
21
-3.919897874015748
0
LINE
8
BLACK
6
CONTINUOUS
10
5.5214496850393697
20
-3.919897874015748
11
5.5214498425196847
21
-3.919897874015748
0
LINE
8
BLACK
6
CONTINUOUS
10
5.5214498425196847
20
-3.919897874015748
11
5.521449960629921
21
-3.9198979133858267
0
LINE
8
BLACK
6
CONTINUOUS
10
5.521449960629921
20
-3.9198979133858267
11
5.530511692913386
21
-3.9206907086614171
0
LINE
8
BLACK
6
CONTINUOUS
10
5.530511692913386
20
-3.9206907086614171
11
5.5305118110236222
21
-3.9206907086614171
0
LINE
8
BLACK
6
CONTINUOUS
10
5.5305118110236222
20
-3.9206907086614171
11
5.5305119291338585
21
-3.9206907086614171
0
LINE
8
BLACK
6
CONTINUOUS
10
5.5305119291338585
20
-3.9206907086614171
11
5.5395736220472438
21
-3.9198979133858267
0
LINE
8
BLACK
6
CONTINUOUS
10
5.5395736220472438
20
-3.9198979133858267
11
5.5395736614173225
21
-3.919897874015748
0
LINE
8
BLACK
6
CONTINUOUS
10
5.5395736614173225
20
-3.919897874015748
11
5.5395739370078738
21
-3.919897874015748
0
LINE
8
BLACK
6
CONTINUOUS
10
5.5395739370078738
20
-3.919897874015748
11
5.548360748031496
21
-3.9175434645669291
0
LINE
8
BLACK
6
CONTINUOUS
10
5.548360748031496
20
-3.9175434645669291
11
5.556605196850394
21
-3.9136990157480316
0
LINE
8
BLACK
6
CONTINUOUS
10
5.556605196850394
20
-3.9136990157480316
11
5.5640568110236215
21
-3.9084813385826771
0
LINE
8
BLACK
6
CONTINUOUS
10
5.5640568110236215
20
-3.9084813385826771
11
5.5704892125984253
21
-3.9020489370078741
0
LINE
8
BLACK
6
CONTINUOUS
10
5.5704892125984253
20
-3.9020489370078741
11
5.5757068897637794
21
-3.8945973228346458
0
LINE
8
BLACK
6
CONTINUOUS
10
5.5757068897637794
20
-3.8945973228346458
11
5.5795513385826769
21
-3.8863528740157478
0
LINE
8
BLACK
6
CONTINUOUS
10
5.5795513385826769
20
-3.8863528740157478
11
5.5819057480314962
21
-3.877566062992126
0
LINE
8
BLACK
6
CONTINUOUS
10
5.5819057480314962
20
-3.877566062992126
11
5.5826985826771649
21
-3.868503937007874
0
LINE
8
BLACK
6
CONTINUOUS
10
5.5826985826771649
20
-3.868503937007874
11
5.5819057480314962
21
-3.8594418110236219
0
LINE
8
BLACK
6
CONTINUOUS
10
5.5819057480314962
20
-3.8594418110236219
11
5.5795513385826769
21
-3.8506549999999997
0
LINE
8
BLACK
6
CONTINUOUS
10
5.5795513385826769
20
-3.8506549999999997
11
5.5757068897637794
21
-3.8424105511811022
0
LINE
8
BLACK
6
CONTINUOUS
10
5.5757068897637794
20
-3.8424105511811022
11
5.5704892125984253
21
-3.8349589370078738
0
LINE
8
BLACK
6
CONTINUOUS
10
5.5704892125984253
20
-3.8349589370078738
11
5.5640568110236215
21
-3.8285265354330709
0
LINE
8
BLACK
6
CONTINUOUS
10
5.5640568110236215
20
-3.8285265354330709
11
5.5640566535433074
21
-3.8285264173228346
0
LINE
8
BLACK
6
CONTINUOUS
10
5.5640566535433074
20
-3.8285264173228346
11
5.5640566141732286
21
-3.8285263779527559
0
LINE
8
BLACK
6
CONTINUOUS
10
5.5640566141732286
20
-3.8285263779527559
11
5.5598817716535436
21
-3.825603149606299
0
LINE
8
BLACK
6
CONTINUOUS
10
5.5598817716535436
20
-3.825603149606299
11
5.556605196850394
21
-3.8233088582677164
0
LINE
8
BLACK
6
CONTINUOUS
10
5.556605196850394
20
-3.8233088582677164
11
5.548360748031496
21
-3.8194644094488188
0
LINE
8
BLACK
6
CONTINUOUS
10
5.548360748031496
20
-3.8194644094488188
11
5.5395739370078738
21
-3.81711
0
LINE
8
BLACK
6
CONTINUOUS
10
5.5395739370078738
20
-3.81711
11
5.5395738976377951
21
-3.8171099606299213
0
LINE
8
BLACK
6
CONTINUOUS
10
5.5395738976377951
20
-3.8171099606299213
11
5.5395736220472438
21
-3.8171099212598425
0
LINE
8
BLACK
6
CONTINUOUS
10
5.5395736220472438
20
-3.8171099212598425
11
5.5305119291338585
21
-3.8163171653543304
0
LINE
8
BLACK
6
CONTINUOUS
10
5.5305119291338585
20
-3.8163171653543304
11
5.530511692913386
21
-3.8163171653543304
0
LINE
8
BLACK
6
CONTINUOUS
10
5.530511692913386
20
-3.8163171653543304
11
5.521449960629921
21
-3.8171099212598425
0
LINE
8
BLACK
6
CONTINUOUS
10
6.5783250393700783
20
-3.8685040551181102
11
6.5791177952755904
21
-3.877565748031496
0
LINE
8
BLACK
6
CONTINUOUS
10
6.5791177952755904
20
-3.877565748031496
11
6.5791178346456691
21
-3.8775660236220473
0
LINE
8
BLACK
6
CONTINUOUS
10
6.5791178346456691
20
-3.8775660236220473
11
6.5791178740157479
21
-3.877566062992126
0
LINE
8
BLACK
6
CONTINUOUS
10
6.5791178740157479
20
-3.877566062992126
11
6.5814722834645671
21
-3.8863528740157478
0
LINE
8
BLACK
6
CONTINUOUS
10
6.5814722834645671
20
-3.8863528740157478
11
6.5853167322834647
21
-3.8945973228346458
0
LINE
8
BLACK
6
CONTINUOUS
10
6.5853167322834647
20
-3.8945973228346458
11
6.5905344094488187
21
-3.9020489370078741
0
LINE
8
BLACK
6
CONTINUOUS
10
6.5905344094488187
20
-3.9020489370078741
11
6.5969668110236217
21
-3.9084813385826771
0
LINE
8
BLACK
6
CONTINUOUS
10
6.5969668110236217
20
-3.9084813385826771
11
6.6044184251968501
21
-3.9136990157480316
0
LINE
8
BLACK
6
CONTINUOUS
10
6.6044184251968501
20
-3.9136990157480316
11
6.612662874015748
21
-3.9175434645669291
0
LINE
8
BLACK
6
CONTINUOUS
10
6.612662874015748
20
-3.9175434645669291
11
6.6214496850393703
21
-3.919897874015748
0
LINE
8
BLACK
6
CONTINUOUS
10
6.6214496850393703
20
-3.919897874015748
11
6.6214498425196853
21
-3.919897874015748
0
LINE
8
BLACK
6
CONTINUOUS
10
6.6214498425196853
20
-3.919897874015748
11
6.6214499606299215
21
-3.9198979133858267
0
LINE
8
BLACK
6
CONTINUOUS
10
6.6214499606299215
20
-3.9198979133858267
11
6.6305116929133856
21
-3.9206907086614171
0
LINE
8
BLACK
6
CONTINUOUS
10
6.6305116929133856
20
-3.9206907086614171
11
6.6305118110236219
21
-3.9206907086614171
0
LINE
8
BLACK
6
CONTINUOUS
10
6.6305118110236219
20
-3.9206907086614171
11
6.6305119291338581
21
-3.9206907086614171
0
LINE
8
BLACK
6
CONTINUOUS
10
6.6305119291338581
20
-3.9206907086614171
11
6.6395736220472443
21
-3.9198979133858267
0
LINE
8
BLACK
6
CONTINUOUS
10
6.6395736220472443
20
-3.9198979133858267
11
6.6395736614173231
21
-3.919897874015748
0
LINE
8
BLACK
6
CONTINUOUS
10
6.6395736614173231
20
-3.919897874015748
11
6.6395739370078735
21
-3.919897874015748
0
LINE
8
BLACK
6
CONTINUOUS
10
6.6395739370078735
20
-3.919897874015748
11
6.6483607480314957
21
-3.9175434645669291
0
LINE
8
BLACK
6
CONTINUOUS
10
6.6483607480314957
20
-3.9175434645669291
11
6.6566051968503936
21
-3.9136990157480316
0
LINE
8
BLACK
6
CONTINUOUS
10
6.6566051968503936
20
-3.9136990157480316
11
6.664056811023622
21
-3.9084813385826771
0
LINE
8
BLACK
6
CONTINUOUS
10
6.664056811023622
20
-3.9084813385826771
11
6.670489212598425
21
-3.9020489370078741
0
LINE
8
BLACK
6
CONTINUOUS
10
6.670489212598425
20
-3.9020489370078741
11
6.675706889763779
21
-3.8945973228346458
0
LINE
8
BLACK
6
CONTINUOUS
10
6.675706889763779
20
-3.8945973228346458
11
6.6795513385826766
21
-3.8863528740157478
0
LINE
8
BLACK
6
CONTINUOUS
10
6.6795513385826766
20
-3.8863528740157478
11
6.6819057480314958
21
-3.877566062992126
0
LINE
8
BLACK
6
CONTINUOUS
10
6.6819057480314958
20
-3.877566062992126
11
6.6826985826771654
21
-3.868503937007874
0
LINE
8
BLACK
6
CONTINUOUS
10
6.6826985826771654
20
-3.868503937007874
11
6.6819057480314958
21
-3.8594418110236219
0
LINE
8
BLACK
6
CONTINUOUS
10
6.6819057480314958
20
-3.8594418110236219
11
6.6795513385826766
21
-3.8506549999999997
0
LINE
8
BLACK
6
CONTINUOUS
10
6.6795513385826766
20
-3.8506549999999997
11
6.675706889763779
21
-3.8424105511811022
0
LINE
8
BLACK
6
CONTINUOUS
10
6.675706889763779
20
-3.8424105511811022
11
6.670489212598425
21
-3.8349589370078738
0
LINE
8
BLACK
6
CONTINUOUS
10
6.670489212598425
20
-3.8349589370078738
11
6.664056811023622
21
-3.8285265354330709
0
LINE
8
BLACK
6
CONTINUOUS
10
6.664056811023622
20
-3.8285265354330709
11
6.664056653543307
21
-3.8285264173228346
0
LINE
8
BLACK
6
CONTINUOUS
10
6.664056653543307
20
-3.8285264173228346
11
6.6640566141732283
21
-3.8285263779527559
0
LINE
8
BLACK
6
CONTINUOUS
10
6.6640566141732283
20
-3.8285263779527559
11
6.6598817716535432
21
-3.825603149606299
0
LINE
8
BLACK
6
CONTINUOUS
10
6.6598817716535432
20
-3.825603149606299
11
6.6566051968503936
21
-3.8233088582677164
0
LINE
8
BLACK
6
CONTINUOUS
10
6.6566051968503936
20
-3.8233088582677164
11
6.6483607480314957
21
-3.8194644094488188
0
LINE
8
BLACK
6
CONTINUOUS
10
6.6483607480314957
20
-3.8194644094488188
11
6.6395739370078735
21
-3.81711
0
LINE
8
BLACK
6
CONTINUOUS
10
6.6395739370078735
20
-3.81711
11
6.6395738976377947
21
-3.8171099606299213
0
LINE
8
BLACK
6
CONTINUOUS
10
6.6395738976377947
20
-3.8171099606299213
11
6.6395736220472443
21
-3.8171099212598425
0
LINE
8
BLACK
6
CONTINUOUS
10
6.6395736220472443
20
-3.8171099212598425
11
6.6305119291338581
21
-3.8163171653543304
0
LINE
8
BLACK
6
CONTINUOUS
10
6.6305119291338581
20
-3.8163171653543304
11
6.6305116929133856
21
-3.8163171653543304
0
LINE
8
BLACK
6
CONTINUOUS
10
6.6305116929133856
20
-3.8163171653543304
11
6.6214499606299215
21
-3.8171099212598425
0
LINE
8
BLACK
6
CONTINUOUS
10
6.6214499606299215
20
-3.8171099212598425
11
6.612662874015748
21
-3.8194644094488188
0
LINE
8
BLACK
6
CONTINUOUS
10
6.612662874015748
20
-3.8194644094488188
11
6.6044184645669288
21
-3.8233088188976376
0
LINE
8
BLACK
6
CONTINUOUS
10
6.6044184645669288
20
-3.8233088188976376
11
6.5969669685039367
21
-3.8285263779527559
0
LINE
8
BLACK
6
CONTINUOUS
10
6.5969669685039367
20
-3.8285263779527559
11
6.5905342519685037
21
-3.8349590944881888
0
LINE
8
BLACK
6
CONTINUOUS
10
6.5905342519685037
20
-3.8349590944881888
11
6.5853166929133859
21
-3.8424105905511809
0
LINE
8
BLACK
6
CONTINUOUS
10
6.5853166929133859
20
-3.8424105905511809
11
6.5814722834645671
21
-3.8506549999999997
0
LINE
8
BLACK
6
CONTINUOUS
10
6.5814722834645671
20
-3.8506549999999997
11
6.5791177952755904
21
-3.8594420866141732
0
LINE
8
BLACK
6
CONTINUOUS
10
6.5791177952755904
20
-3.8594420866141732
11
6.5783250393700783
21
-3.868503779527559
0
LINE
8
BLACK
6
CONTINUOUS
10
6.5783250393700783
20
-3.868503779527559
11
6.5783250393700783
21
-3.8685040551181102
0
LINE
8
BLACK
6
CONTINUOUS
10
5.3883204330708656
20
-3.819046929133858
11
5.3894035433070862
21
-3.8200518897637794
0
LINE
8
BLACK
6
CONTINUOUS
10
5.3894035433070862
20
-3.8200518897637794
11
5.3894037007874012
21
-3.8200520078740157
0
LINE
8
BLACK
6
CONTINUOUS
10
5.3894037007874012
20
-3.8200520078740157
11
5.3975457480314963
21
-3.825603149606299
0
LINE
8
BLACK
6
CONTINUOUS
10
5.3975457480314963
20
-3.825603149606299
11
5.4064239763779529
21
-3.8298786220472438
0
LINE
8
BLACK
6
CONTINUOUS
10
5.4064239763779529
20
-3.8298786220472438
11
5.4158402755905515
21
-3.8327831889763777
0
LINE
8
BLACK
6
CONTINUOUS
10
5.4158402755905515
20
-3.8327831889763777
11
5.4158406692913381
21
-3.8327832677165352
0
LINE
8
BLACK
6
CONTINUOUS
10
5.4158406692913381
20
-3.8327832677165352
11
5.4255845275590548
21
-3.8342519291338584
0
LINE
8
BLACK
6
CONTINUOUS
10
5.4255845275590548
20
-3.8342519291338584
11
5.4255848818897636
21
-3.8342519685039371
0
LINE
8
BLACK
6
CONTINUOUS
10
5.4255848818897636
20
-3.8342519685039371
11
5.4354387401574806
21
-3.8342519685039371
0
LINE
8
BLACK
6
CONTINUOUS
10
5.4354387401574806
20
-3.8342519685039371
11
5.4354390551181098
21
-3.8342519291338584
0
LINE
8
BLACK
6
CONTINUOUS
10
5.4354390551181098
20
-3.8342519291338584
11
5.4451829133858265
21
-3.8327832677165352
0
LINE
8
BLACK
6
CONTINUOUS
10
5.4451829133858265
20
-3.8327832677165352
11
5.445183307086614
21
-3.8327831889763777
0
LINE
8
BLACK
6
CONTINUOUS
10
5.445183307086614
20
-3.8327831889763777
11
5.4545996062992126
21
-3.8298786220472438
0
LINE
8
BLACK
6
CONTINUOUS
10
5.4545996062992126
20
-3.8298786220472438
11
5.4634778740157479
21
-3.825603149606299
0
LINE
8
BLACK
6
CONTINUOUS
10
5.4634778740157479
20
-3.825603149606299
11
5.4716196456692909
21
-3.8200522047244094
0
LINE
8
BLACK
6
CONTINUOUS
10
5.4716196456692909
20
-3.8200522047244094
11
5.4716200393700785
21
-3.8200518897637794
0
LINE
8
BLACK
6
CONTINUOUS
10
5.4716200393700785
20
-3.8200518897637794
11
5.4727031102362202
21
-3.819046929133858
0
LINE
8
BLACK
6
CONTINUOUS
10
5.4727031102362202
20
-3.819046929133858
11
5.4641185433070865
21
-3.8104623622047242
0
LINE
8
BLACK
6
CONTINUOUS
10
5.4641185433070865
20
-3.8104623622047242
11
5.4600125590551176
21
-3.8136581889763779
0
LINE
8
BLACK
6
CONTINUOUS
10
5.4600125590551176
20
-3.8136581889763779
11
5.4521780708661414
21
-3.8178979921259844
0
LINE
8
BLACK
6
CONTINUOUS
10
5.4521780708661414
20
-3.8178979921259844
11
5.4437525590551177
21
-3.8207904724409447
0
LINE
8
BLACK
6
CONTINUOUS
10
5.4437525590551177
20
-3.8207904724409447
11
5.4349659055118105
21
-3.8222567322834644
0
LINE
8
BLACK
6
CONTINUOUS
10
5.4349659055118105
20
-3.8222567322834644
11
5.4260577165354329
21
-3.8222567322834644
0
LINE
8
BLACK
6
CONTINUOUS
10
5.4260577165354329
20
-3.8222567322834644
11
5.4172710629921257
21
-3.8207904724409447
0
LINE
8
BLACK
6
CONTINUOUS
10
5.4172710629921257
20
-3.8207904724409447
11
5.408845551181102
21
-3.8178979921259844
0
LINE
8
BLACK
6
CONTINUOUS
10
5.408845551181102
20
-3.8178979921259844
11
5.4010110629921257
21
-3.8136581889763779
0
LINE
8
BLACK
6
CONTINUOUS
10
5.4010110629921257
20
-3.8136581889763779
11
5.3969050000000003
21
-3.8104623228346455
0
LINE
8
BLACK
6
CONTINUOUS
10
5.3969050000000003
20
-3.8104623228346455
11
5.3883204330708656
21
-3.819046929133858
0
LINE
8
BLACK
6
CONTINUOUS
10
5.6600125590551178
20
-3.8136581889763779
11
5.6521780708661415
21
-3.8178979921259844
0
LINE
8
BLACK
6
CONTINUOUS
10
5.6521780708661415
20
-3.8178979921259844
11
5.6437525590551179
21
-3.8207904724409447
0
LINE
8
BLACK
6
CONTINUOUS
10
5.6437525590551179
20
-3.8207904724409447
11
5.6349659055118106
21
-3.8222567322834644
0
LINE
8
BLACK
6
CONTINUOUS
10
5.6349659055118106
20
-3.8222567322834644
11
5.6260577165354331
21
-3.8222567322834644
0
LINE
8
BLACK
6
CONTINUOUS
10
5.6260577165354331
20
-3.8222567322834644
11
5.6172710629921259
21
-3.8207904724409447
0
LINE
8
BLACK
6
CONTINUOUS
10
5.6172710629921259
20
-3.8207904724409447
11
5.6088455511811022
21
-3.8178979921259844
0
LINE
8
BLACK
6
CONTINUOUS
10
5.6088455511811022
20
-3.8178979921259844
11
5.6010110629921259
21
-3.8136581889763779
0
LINE
8
BLACK
6
CONTINUOUS
10
5.6010110629921259
20
-3.8136581889763779
11
5.5969049999999996
21
-3.8104623228346455
0
LINE
8
BLACK
6
CONTINUOUS
10
5.5969049999999996
20
-3.8104623228346455
11
5.5883204330708658
21
-3.819046929133858
0
LINE
8
BLACK
6
CONTINUOUS
10
5.5883204330708658
20
-3.819046929133858
11
5.5894035433070863
21
-3.8200518897637794
0
LINE
8
BLACK
6
CONTINUOUS
10
5.5894035433070863
20
-3.8200518897637794
11
5.5894037007874013
21
-3.8200520078740157
0
LINE
8
BLACK
6
CONTINUOUS
10
5.5894037007874013
20
-3.8200520078740157
11
5.5975457480314956
21
-3.825603149606299
0
LINE
8
BLACK
6
CONTINUOUS
10
5.5975457480314956
20
-3.825603149606299
11
5.6064239763779522
21
-3.8298786220472438
0
LINE
8
BLACK
6
CONTINUOUS
10
5.6064239763779522
20
-3.8298786220472438
11
5.6158402755905508
21
-3.8327831889763777
0
LINE
8
BLACK
6
CONTINUOUS
10
5.6158402755905508
20
-3.8327831889763777
11
5.6158406692913383
21
-3.8327832677165352
0
LINE
8
BLACK
6
CONTINUOUS
10
5.6158406692913383
20
-3.8327832677165352
11
5.625584527559055
21
-3.8342519291338584
0
LINE
8
BLACK
6
CONTINUOUS
10
5.625584527559055
20
-3.8342519291338584
11
5.6255848818897638
21
-3.8342519685039371
0
LINE
8
BLACK
6
CONTINUOUS
10
5.6255848818897638
20
-3.8342519685039371
11
5.6354387401574799
21
-3.8342519685039371
0
LINE
8
BLACK
6
CONTINUOUS
10
5.6354387401574799
20
-3.8342519685039371
11
5.6354390551181099
21
-3.8342519291338584
0
LINE
8
BLACK
6
CONTINUOUS
10
5.6354390551181099
20
-3.8342519291338584
11
5.6451829133858267
21
-3.8327832677165352
0
LINE
8
BLACK
6
CONTINUOUS
10
5.6451829133858267
20
-3.8327832677165352
11
5.6451833070866142
21
-3.8327831889763777
0
LINE
8
BLACK
6
CONTINUOUS
10
5.6451833070866142
20
-3.8327831889763777
11
5.6545996062992128
21
-3.8298786220472438
0
LINE
8
BLACK
6
CONTINUOUS
10
5.6545996062992128
20
-3.8298786220472438
11
5.6634778740157481
21
-3.825603149606299
0
LINE
8
BLACK
6
CONTINUOUS
10
5.6634778740157481
20
-3.825603149606299
11
5.6716196456692911
21
-3.8200522047244094
0
LINE
8
BLACK
6
CONTINUOUS
10
5.6716196456692911
20
-3.8200522047244094
11
5.6716200393700786
21
-3.8200518897637794
0
LINE
8
BLACK
6
CONTINUOUS
10
5.6716200393700786
20
-3.8200518897637794
11
5.6727031496062992
21
-3.819046929133858
0
LINE
8
BLACK
6
CONTINUOUS
10
5.6727031496062992
20
-3.819046929133858
11
5.6641185433070866
21
-3.8104623228346455
0
LINE
8
BLACK
6
CONTINUOUS
10
5.6641185433070866
20
-3.8104623228346455
11
5.6600125590551178
21
-3.8136581889763779
0
LINE
8
BLACK
6
CONTINUOUS
10
6.5600125590551182
20
-3.8136581889763779
11
6.5521780708661419
21
-3.8178979921259844
0
LINE
8
BLACK
6
CONTINUOUS
10
6.5521780708661419
20
-3.8178979921259844
11
6.5437525590551182
21
-3.8207904724409447
0
LINE
8
BLACK
6
CONTINUOUS
10
6.5437525590551182
20
-3.8207904724409447
11
6.534965905511811
21
-3.8222567322834644
0
LINE
8
BLACK
6
CONTINUOUS
10
6.534965905511811
20
-3.8222567322834644
11
6.5260577165354325
21
-3.8222567322834644
0
LINE
8
BLACK
6
CONTINUOUS
10
6.5260577165354325
20
-3.8222567322834644
11
6.5172710629921262
21
-3.8207904724409447
0
LINE
8
BLACK
6
CONTINUOUS
10
6.5172710629921262
20
-3.8207904724409447
11
6.5088455511811025
21
-3.8178979921259844
0
LINE
8
BLACK
6
CONTINUOUS
10
6.5088455511811025
20
-3.8178979921259844
11
6.5010110629921263
21
-3.8136581889763779
0
LINE
8
BLACK
6
CONTINUOUS
10
6.5010110629921263
20
-3.8136581889763779
11
6.4969049999999999
21
-3.8104623228346455
0
LINE
8
BLACK
6
CONTINUOUS
10
6.4969049999999999
20
-3.8104623228346455
11
6.4883204330708661
21
-3.819046929133858
0
LINE
8
BLACK
6
CONTINUOUS
10
6.4883204330708661
20
-3.819046929133858
11
6.4894035433070867
21
-3.8200518897637794
0
LINE
8
BLACK
6
CONTINUOUS
10
6.4894035433070867
20
-3.8200518897637794
11
6.4894037007874017
21
-3.8200520078740157
0
LINE
8
BLACK
6
CONTINUOUS
10
6.4894037007874017
20
-3.8200520078740157
11
6.497545748031496
21
-3.825603149606299
0
LINE
8
BLACK
6
CONTINUOUS
10
6.497545748031496
20
-3.825603149606299
11
6.5064239763779526
21
-3.8298786220472438
0
LINE
8
BLACK
6
CONTINUOUS
10
6.5064239763779526
20
-3.8298786220472438
11
6.5158402755905511
21
-3.8327831889763777
0
LINE
8
BLACK
6
CONTINUOUS
10
6.5158402755905511
20
-3.8327831889763777
11
6.5158406692913386
21
-3.8327832677165352
0
LINE
8
BLACK
6
CONTINUOUS
10
6.5158406692913386
20
-3.8327832677165352
11
6.5255845275590554
21
-3.8342519291338584
0
LINE
8
BLACK
6
CONTINUOUS
10
6.5255845275590554
20
-3.8342519291338584
11
6.5255848818897633
21
-3.8342519685039371
0
LINE
8
BLACK
6
CONTINUOUS
10
6.5255848818897633
20
-3.8342519685039371
11
6.5354387401574803
21
-3.8342519685039371
0
LINE
8
BLACK
6
CONTINUOUS
10
6.5354387401574803
20
-3.8342519685039371
11
6.5354390551181103
21
-3.8342519291338584
0
LINE
8
BLACK
6
CONTINUOUS
10
6.5354390551181103
20
-3.8342519291338584
11
6.545182913385827
21
-3.8327832677165352
0
LINE
8
BLACK
6
CONTINUOUS
10
6.545182913385827
20
-3.8327832677165352
11
6.5451833070866137
21
-3.8327831889763777
0
LINE
8
BLACK
6
CONTINUOUS
10
6.5451833070866137
20
-3.8327831889763777
11
6.5545996062992122
21
-3.8298786220472438
0
LINE
8
BLACK
6
CONTINUOUS
10
6.5545996062992122
20
-3.8298786220472438
11
6.5634778740157476
21
-3.825603149606299
0
LINE
8
BLACK
6
CONTINUOUS
10
6.5634778740157476
20
-3.825603149606299
11
6.5716196456692915
21
-3.8200522047244094
0
LINE
8
BLACK
6
CONTINUOUS
10
6.5716196456692915
20
-3.8200522047244094
11
6.571620039370079
21
-3.8200518897637794
0
LINE
8
BLACK
6
CONTINUOUS
10
6.571620039370079
20
-3.8200518897637794
11
6.5727031496062986
21
-3.819046929133858
0
LINE
8
BLACK
6
CONTINUOUS
10
6.5727031496062986
20
-3.819046929133858
11
6.5641185433070861
21
-3.8104623228346455
0
LINE
8
BLACK
6
CONTINUOUS
10
6.5641185433070861
20
-3.8104623228346455
11
6.5600125590551182
21
-3.8136581889763779
0
LINE
8
BLACK
6
CONTINUOUS
10
6.7600125590551183
20
-3.8136581889763779
11
6.7521780708661412
21
-3.8178979921259844
0
LINE
8
BLACK
6
CONTINUOUS
10
6.7521780708661412
20
-3.8178979921259844
11
6.7437525590551184
21
-3.8207904724409447
0
LINE
8
BLACK
6
CONTINUOUS
10
6.7437525590551184
20
-3.8207904724409447
11
6.7349659055118112
21
-3.8222567322834644
0
LINE
8
BLACK
6
CONTINUOUS
10
6.7349659055118112
20
-3.8222567322834644
11
6.7260577165354327
21
-3.8222567322834644
0
LINE
8
BLACK
6
CONTINUOUS
10
6.7260577165354327
20
-3.8222567322834644
11
6.7172710629921255
21
-3.8207904724409447
0
LINE
8
BLACK
6
CONTINUOUS
10
6.7172710629921255
20
-3.8207904724409447
11
6.7088455511811018
21
-3.8178979921259844
0
LINE
8
BLACK
6
CONTINUOUS
10
6.7088455511811018
20
-3.8178979921259844
11
6.7010110629921256
21
-3.8136581889763779
0
LINE
8
BLACK
6
CONTINUOUS
10
6.7010110629921256
20
-3.8136581889763779
11
6.6969050000000001
21
-3.8104623228346455
0
LINE
8
BLACK
6
CONTINUOUS
10
6.6969050000000001
20
-3.8104623228346455
11
6.6883204330708663
21
-3.819046929133858
0
LINE
8
BLACK
6
CONTINUOUS
10
6.6883204330708663
20
-3.819046929133858
11
6.6894035433070869
21
-3.8200518897637794
0
LINE
8
BLACK
6
CONTINUOUS
10
6.6894035433070869
20
-3.8200518897637794
11
6.689403700787401
21
-3.8200520078740157
0
LINE
8
BLACK
6
CONTINUOUS
10
6.689403700787401
20
-3.8200520078740157
11
6.6975457480314962
21
-3.825603149606299
0
LINE
8
BLACK
6
CONTINUOUS
10
6.6975457480314962
20
-3.825603149606299
11
6.7064239763779527
21
-3.8298786220472438
0
LINE
8
BLACK
6
CONTINUOUS
10
6.7064239763779527
20
-3.8298786220472438
11
6.7158402755905513
21
-3.8327831889763777
0
LINE
8
BLACK
6
CONTINUOUS
10
6.7158402755905513
20
-3.8327831889763777
11
6.7158406692913388
21
-3.8327832677165352
0
LINE
8
BLACK
6
CONTINUOUS
10
6.7158406692913388
20
-3.8327832677165352
11
6.7255845275590547
21
-3.8342519291338584
0
LINE
8
BLACK
6
CONTINUOUS
10
6.7255845275590547
20
-3.8342519291338584
11
6.7255848818897634
21
-3.8342519685039371
0
LINE
8
BLACK
6
CONTINUOUS
10
6.7255848818897634
20
-3.8342519685039371
11
6.7354387401574805
21
-3.8342519685039371
0
LINE
8
BLACK
6
CONTINUOUS
10
6.7354387401574805
20
-3.8342519685039371
11
6.7354390551181105
21
-3.8342519291338584
0
LINE
8
BLACK
6
CONTINUOUS
10
6.7354390551181105
20
-3.8342519291338584
11
6.7451829133858263
21
-3.8327832677165352
0
LINE
8
BLACK
6
CONTINUOUS
10
6.7451829133858263
20
-3.8327832677165352
11
6.7451833070866138
21
-3.8327831889763777
0
LINE
8
BLACK
6
CONTINUOUS
10
6.7451833070866138
20
-3.8327831889763777
11
6.7545996062992124
21
-3.8298786220472438
0
LINE
8
BLACK
6
CONTINUOUS
10
6.7545996062992124
20
-3.8298786220472438
11
6.7634778740157477
21
-3.825603149606299
0
LINE
8
BLACK
6
CONTINUOUS
10
6.7634778740157477
20
-3.825603149606299
11
6.7716196456692908
21
-3.8200522047244094
0
LINE
8
BLACK
6
CONTINUOUS
10
6.7716196456692908
20
-3.8200522047244094
11
6.7716200393700783
21
-3.8200518897637794
0
LINE
8
BLACK
6
CONTINUOUS
10
6.7716200393700783
20
-3.8200518897637794
11
6.7727031496062988
21
-3.819046929133858
0
LINE
8
BLACK
6
CONTINUOUS
10
6.7727031496062988
20
-3.819046929133858
11
6.7641185433070863
21
-3.8104623228346455
0
LINE
8
BLACK
6
CONTINUOUS
10
6.7641185433070863
20
-3.8104623228346455
11
6.7600125590551183
21
-3.8136581889763779
0
LINE
8
BLACK
6
CONTINUOUS
10
5.4957077952755906
20
-3.7586774015748032
11
5.4957077165354331
21
-3.7586770078740157
0
LINE
8
BLACK
6
CONTINUOUS
10
5.4957077165354331
20
-3.7586770078740157
11
5.4935149999999995
21
-3.7490699212598426
0
LINE
8
BLACK
6
CONTINUOUS
10
5.4935149999999995
20
-3.7490699212598426
11
5.4899149212598424
21
-3.7398971653543307
0
LINE
8
BLACK
6
CONTINUOUS
10
5.4899149212598424
20
-3.7398971653543307
11
5.4899145669291336
21
-3.7398964173228344
0
LINE
8
BLACK
6
CONTINUOUS
10
5.4899145669291336
20
-3.7398964173228344
11
5.4849878346456693
21
-3.7313630708661418
0
LINE
8
BLACK
6
CONTINUOUS
10
5.4849878346456693
20
-3.7313630708661418
11
5.4849876771653543
21
-3.7313628346456693
0
LINE
8
BLACK
6
CONTINUOUS
10
5.4849876771653543
20
-3.7313628346456693
11
5.4810022047244091
21
-3.7263651574803149
0
LINE
8
BLACK
6
CONTINUOUS
10
5.4810022047244091
20
-3.7263651574803149
11
5.4725563385826774
21
-3.7348109842519683
0
LINE
8
BLACK
6
CONTINUOUS
10
5.4725563385826774
20
-3.7348109842519683
11
5.4730756692913385
21
-3.7353751574803149
0
LINE
8
BLACK
6
CONTINUOUS
10
5.4730756692913385
20
-3.7353751574803149
11
5.4779479921259844
21
-3.7428327559055119
0
LINE
8
BLACK
6
CONTINUOUS
10
5.4779479921259844
20
-3.7428327559055119
11
5.4815263779527559
21
-3.7509906299212599
0
LINE
8
BLACK
6
CONTINUOUS
10
5.4815263779527559
20
-3.7509906299212599
11
5.4837131889763775
21
-3.7596261811023619
0
LINE
8
BLACK
6
CONTINUOUS
10
5.4837131889763775
20
-3.7596261811023619
11
5.4844488188976372
21
-3.7685039370078739
0
LINE
8
BLACK
6
CONTINUOUS
10
5.4844488188976372
20
-3.7685039370078739
11
5.4837131889763775
21
-3.7773816929133859
0
LINE
8
BLACK
6
CONTINUOUS
10
5.4837131889763775
20
-3.7773816929133859
11
5.4815263779527559
21
-3.7860172440944879
0
LINE
8
BLACK
6
CONTINUOUS
10
5.4815263779527559
20
-3.7860172440944879
11
5.4779479921259844
21
-3.7941751181102363
0
LINE
8
BLACK
6
CONTINUOUS
10
5.4779479921259844
20
-3.7941751181102363
11
5.4730756692913385
21
-3.8016327165354329
0
LINE
8
BLACK
6
CONTINUOUS
10
5.4730756692913385
20
-3.8016327165354329
11
5.4725563779527562
21
-3.8021968110236219
0
LINE
8
BLACK
6
CONTINUOUS
10
5.4725563779527562
20
-3.8021968110236219
11
5.4810022047244091
21
-3.8106426377952753
0
LINE
8
BLACK
6
CONTINUOUS
10
5.4810022047244091
20
-3.8106426377952753
11
5.4849874409448818
21
-3.8056453149606297
0
LINE
8
BLACK
6
CONTINUOUS
10
5.4849874409448818
20
-3.8056453149606297
11
5.4849878346456693
21
-3.8056447637795277
0
LINE
8
BLACK
6
CONTINUOUS
10
5.4849878346456693
20
-3.8056447637795277
11
5.4899145669291336
21
-3.7971114173228346
0
LINE
8
BLACK
6
CONTINUOUS
10
5.4899145669291336
20
-3.7971114173228346
11
5.4899149212598424
21
-3.7971106692913383
0
LINE
8
BLACK
6
CONTINUOUS
10
5.4899149212598424
20
-3.7971106692913383
11
5.4935149999999995
21
-3.7879379133858269
0
LINE
8
BLACK
6
CONTINUOUS
10
5.4935149999999995
20
-3.7879379133858269
11
5.4957077165354331
21
-3.7783308267716533
0
LINE
8
BLACK
6
CONTINUOUS
10
5.4957077165354331
20
-3.7783308267716533
11
5.4957077952755906
21
-3.7783304330708662
0
LINE
8
BLACK
6
CONTINUOUS
10
5.4957077952755906
20
-3.7783304330708662
11
5.4964442125984254
21
-3.7685040157480314
0
LINE
8
BLACK
6
CONTINUOUS
10
5.4964442125984254
20
-3.7685040157480314
11
5.4964442125984254
21
-3.7685038188976376
0
LINE
8
BLACK
6
CONTINUOUS
10
5.4964442125984254
20
-3.7685038188976376
11
5.4957077952755906
21
-3.7586774015748032
0
LINE
8
BLACK
6
CONTINUOUS
10
5.6725563385826767
20
-3.7348109842519683
11
5.6730756692913387
21
-3.7353751574803149
0
LINE
8
BLACK
6
CONTINUOUS
10
5.6730756692913387
20
-3.7353751574803149
11
5.6779479921259846
21
-3.7428327559055119
0
LINE
8
BLACK
6
CONTINUOUS
10
5.6779479921259846
20
-3.7428327559055119
11
5.6815263779527561
21
-3.7509906299212599
0
LINE
8
BLACK
6
CONTINUOUS
10
5.6815263779527561
20
-3.7509906299212599
11
5.6837131889763777
21
-3.7596261811023619
0
LINE
8
BLACK
6
CONTINUOUS
10
5.6837131889763777
20
-3.7596261811023619
11
5.6844488188976374
21
-3.7685039370078739
0
LINE
8
BLACK
6
CONTINUOUS
10
5.6844488188976374
20
-3.7685039370078739
11
5.6837131889763777
21
-3.7773816929133859
0
LINE
8
BLACK
6
CONTINUOUS
10
5.6837131889763777
20
-3.7773816929133859
11
5.6815263779527561
21
-3.7860172440944879
0
LINE
8
BLACK
6
CONTINUOUS
10
5.6815263779527561
20
-3.7860172440944879
11
5.6779479921259846
21
-3.7941751181102363
0
LINE
8
BLACK
6
CONTINUOUS
10
5.6779479921259846
20
-3.7941751181102363
11
5.6730756692913387
21
-3.8016327165354329
0
LINE
8
BLACK
6
CONTINUOUS
10
5.6730756692913387
20
-3.8016327165354329
11
5.6725563779527555
21
-3.8021968110236219
0
LINE
8
BLACK
6
CONTINUOUS
10
5.6725563779527555
20
-3.8021968110236219
11
5.6810022047244093
21
-3.8106426377952753
0
LINE
8
BLACK
6
CONTINUOUS
10
5.6810022047244093
20
-3.8106426377952753
11
5.684987440944882
21
-3.8056453149606297
0
LINE
8
BLACK
6
CONTINUOUS
10
5.684987440944882
20
-3.8056453149606297
11
5.6849878346456695
21
-3.8056447637795277
0
LINE
8
BLACK
6
CONTINUOUS
10
5.6849878346456695
20
-3.8056447637795277
11
5.6899145669291338
21
-3.7971114173228346
0
LINE
8
BLACK
6
CONTINUOUS
10
5.6899145669291338
20
-3.7971114173228346
11
5.6899149212598426
21
-3.7971106692913383
0
LINE
8
BLACK
6
CONTINUOUS
10
5.6899149212598426
20
-3.7971106692913383
11
5.6935149999999997
21
-3.7879379133858269
0
LINE
8
BLACK
6
CONTINUOUS
10
5.6935149999999997
20
-3.7879379133858269
11
5.6957077165354333
21
-3.7783308267716533
0
LINE
8
BLACK
6
CONTINUOUS
10
5.6957077165354333
20
-3.7783308267716533
11
5.6957077952755908
21
-3.7783304330708662
0
LINE
8
BLACK
6
CONTINUOUS
10
5.6957077952755908
20
-3.7783304330708662
11
5.6964442125984247
21
-3.7685040157480314
0
LINE
8
BLACK
6
CONTINUOUS
10
5.6964442125984247
20
-3.7685040157480314
11
5.6964442125984247
21
-3.7685038188976376
0
LINE
8
BLACK
6
CONTINUOUS
10
5.6964442125984247
20
-3.7685038188976376
11
5.6957077952755908
21
-3.7586774015748032
0
LINE
8
BLACK
6
CONTINUOUS
10
5.6957077952755908
20
-3.7586774015748032
11
5.6957077165354333
21
-3.7586770078740157
0
LINE
8
BLACK
6
CONTINUOUS
10
5.6957077165354333
20
-3.7586770078740157
11
5.6935149999999997
21
-3.7490699212598426
0
LINE
8
BLACK
6
CONTINUOUS
10
5.6935149999999997
20
-3.7490699212598426
11
5.6899149212598426
21
-3.7398971653543307
0
LINE
8
BLACK
6
CONTINUOUS
10
5.6899149212598426
20
-3.7398971653543307
11
5.6899145669291338
21
-3.7398964173228344
0
LINE
8
BLACK
6
CONTINUOUS
10
5.6899145669291338
20
-3.7398964173228344
11
5.6849878346456695
21
-3.7313630708661418
0
LINE
8
BLACK
6
CONTINUOUS
10
5.6849878346456695
20
-3.7313630708661418
11
5.6849876771653545
21
-3.7313628346456693
0
LINE
8
BLACK
6
CONTINUOUS
10
5.6849876771653545
20
-3.7313628346456693
11
5.6810022047244093
21
-3.7263651574803149
0
LINE
8
BLACK
6
CONTINUOUS
10
5.6810022047244093
20
-3.7263651574803149
11
5.6725563385826767
21
-3.7348109842519683
0
LINE
8
BLACK
6
CONTINUOUS
10
6.4760358267716533
20
-3.7313629527559056
11
6.4711088188976378
21
-3.7398968110236219
0
LINE
8
BLACK
6
CONTINUOUS
10
6.4711088188976378
20
-3.7398968110236219
11
6.4711086614173228
21
-3.7398971653543307
0
LINE
8
BLACK
6
CONTINUOUS
10
6.4711086614173228
20
-3.7398971653543307
11
6.4675085826771648
21
-3.7490699212598426
0
LINE
8
BLACK
6
CONTINUOUS
10
6.4675085826771648
20
-3.7490699212598426
11
6.465315866141732
21
-3.7586770078740157
0
LINE
8
BLACK
6
CONTINUOUS
10
6.465315866141732
20
-3.7586770078740157
11
6.4653157874015745
21
-3.7586774015748032
0
LINE
8
BLACK
6
CONTINUOUS
10
6.4653157874015745
20
-3.7586774015748032
11
6.4645794094488185
21
-3.7685038188976376
0
LINE
8
BLACK
6
CONTINUOUS
10
6.4645794094488185
20
-3.7685038188976376
11
6.4645794094488185
21
-3.7685040157480314
0
LINE
8
BLACK
6
CONTINUOUS
10
6.4645794094488185
20
-3.7685040157480314
11
6.4653157874015745
21
-3.7783304330708662
0
LINE
8
BLACK
6
CONTINUOUS
10
6.4653157874015745
20
-3.7783304330708662
11
6.465315866141732
21
-3.7783308267716533
0
LINE
8
BLACK
6
CONTINUOUS
10
6.465315866141732
20
-3.7783308267716533
11
6.4675085826771648
21
-3.7879379133858269
0
LINE
8
BLACK
6
CONTINUOUS
10
6.4675085826771648
20
-3.7879379133858269
11
6.4711086614173228
21
-3.7971106692913383
0
LINE
8
BLACK
6
CONTINUOUS
10
6.4711086614173228
20
-3.7971106692913383
11
6.4711090157480315
21
-3.7971114173228346
0
LINE
8
BLACK
6
CONTINUOUS
10
6.4711090157480315
20
-3.7971114173228346
11
6.4760357480314958
21
-3.8056447637795277
0
LINE
8
BLACK
6
CONTINUOUS
10
6.4760357480314958
20
-3.8056447637795277
11
6.4760359055118109
21
-3.8056449999999997
0
LINE
8
BLACK
6
CONTINUOUS
10
6.4760359055118109
20
-3.8056449999999997
11
6.4800213385826773
21
-3.8106426377952753
0
LINE
8
BLACK
6
CONTINUOUS
10
6.4800213385826773
20
-3.8106426377952753
11
6.4884671653543302
21
-3.8021967322834644
0
LINE
8
BLACK
6
CONTINUOUS
10
6.4884671653543302
20
-3.8021967322834644
11
6.4879479527559054
21
-3.8016327165354329
0
LINE
8
BLACK
6
CONTINUOUS
10
6.4879479527559054
20
-3.8016327165354329
11
6.4830756299212595
21
-3.7941751181102363
0
LINE
8
BLACK
6
CONTINUOUS
10
6.4830756299212595
20
-3.7941751181102363
11
6.479497244094488
21
-3.7860172440944879
0
LINE
8
BLACK
6
CONTINUOUS
10
6.479497244094488
20
-3.7860172440944879
11
6.4773104330708664
21
-3.7773816929133859
0
LINE
8
BLACK
6
CONTINUOUS
10
6.4773104330708664
20
-3.7773816929133859
11
6.4765748031496058
21
-3.7685039370078739
0
LINE
8
BLACK
6
CONTINUOUS
10
6.4765748031496058
20
-3.7685039370078739
11
6.4773104330708664
21
-3.7596261811023619
0
LINE
8
BLACK
6
CONTINUOUS
10
6.4773104330708664
20
-3.7596261811023619
11
6.479497244094488
21
-3.7509906299212599
0
LINE
8
BLACK
6
CONTINUOUS
10
6.479497244094488
20
-3.7509906299212599
11
6.4830756299212595
21
-3.7428327559055119
0
LINE
8
BLACK
6
CONTINUOUS
10
6.4830756299212595
20
-3.7428327559055119
11
6.4879479527559054
21
-3.7353751574803149
0
LINE
8
BLACK
6
CONTINUOUS
10
6.4879479527559054
20
-3.7353751574803149
11
6.488467204724409
21
-3.7348110236220471
0
LINE
8
BLACK
6
CONTINUOUS
10
6.488467204724409
20
-3.7348110236220471
11
6.4800213385826773
21
-3.7263651574803149
0
LINE
8
BLACK
6
CONTINUOUS
10
6.4800213385826773
20
-3.7263651574803149
11
6.4760358267716533
21
-3.7313629527559056
0
LINE
8
BLACK
6
CONTINUOUS
10
6.5957077952755903
20
-3.7586774015748032
11
6.5957077165354328
21
-3.7586770078740157
0
LINE
8
BLACK
6
CONTINUOUS
10
6.5957077165354328
20
-3.7586770078740157
11
6.593515
21
-3.7490699212598426
0
LINE
8
BLACK
6
CONTINUOUS
10
6.593515
20
-3.7490699212598426
11
6.589914921259842
21
-3.7398971653543307
0
LINE
8
BLACK
6
CONTINUOUS
10
6.589914921259842
20
-3.7398971653543307
11
6.5899145669291341
21
-3.7398964173228344
0
LINE
8
BLACK
6
CONTINUOUS
10
6.5899145669291341
20
-3.7398964173228344
11
6.5849878346456689
21
-3.7313630708661418
0
LINE
8
BLACK
6
CONTINUOUS
10
6.5849878346456689
20
-3.7313630708661418
11
6.5849876771653539
21
-3.7313628346456693
0
LINE
8
BLACK
6
CONTINUOUS
10
6.5849876771653539
20
-3.7313628346456693
11
6.5810022047244097
21
-3.7263651574803149
0
LINE
8
BLACK
6
CONTINUOUS
10
6.5810022047244097
20
-3.7263651574803149
11
6.5725563385826771
21
-3.7348109842519683
0
LINE
8
BLACK
6
CONTINUOUS
10
6.5725563385826771
20
-3.7348109842519683
11
6.5730756692913381
21
-3.7353751574803149
0
LINE
8
BLACK
6
CONTINUOUS
10
6.5730756692913381
20
-3.7353751574803149
11
6.577947992125984
21
-3.7428327559055119
0
LINE
8
BLACK
6
CONTINUOUS
10
6.577947992125984
20
-3.7428327559055119
11
6.5815263779527555
21
-3.7509906299212599
0
LINE
8
BLACK
6
CONTINUOUS
10
6.5815263779527555
20
-3.7509906299212599
11
6.583713188976378
21
-3.7596261811023619
0
LINE
8
BLACK
6
CONTINUOUS
10
6.583713188976378
20
-3.7596261811023619
11
6.5844488188976378
21
-3.7685039370078739
0
LINE
8
BLACK
6
CONTINUOUS
10
6.5844488188976378
20
-3.7685039370078739
11
6.583713188976378
21
-3.7773816929133859
0
LINE
8
BLACK
6
CONTINUOUS
10
6.583713188976378
20
-3.7773816929133859
11
6.5815263779527555
21
-3.7860172440944879
0
LINE
8
BLACK
6
CONTINUOUS
10
6.5815263779527555
20
-3.7860172440944879
11
6.577947992125984
21
-3.7941751181102363
0
LINE
8
BLACK
6
CONTINUOUS
10
6.577947992125984
20
-3.7941751181102363
11
6.5730756692913381
21
-3.8016327165354329
0
LINE
8
BLACK
6
CONTINUOUS
10
6.5730756692913381
20
-3.8016327165354329
11
6.5725563779527558
21
-3.8021968110236219
0
LINE
8
BLACK
6
CONTINUOUS
10
6.5725563779527558
20
-3.8021968110236219
11
6.5810022047244097
21
-3.8106426377952753
0
LINE
8
BLACK
6
CONTINUOUS
10
6.5810022047244097
20
-3.8106426377952753
11
6.5849874409448814
21
-3.8056453149606297
0
LINE
8
BLACK
6
CONTINUOUS
10
6.5849874409448814
20
-3.8056453149606297
11
6.5849878346456689
21
-3.8056447637795277
0
LINE
8
BLACK
6
CONTINUOUS
10
6.5849878346456689
20
-3.8056447637795277
11
6.5899145669291341
21
-3.7971114173228346
0
LINE
8
BLACK
6
CONTINUOUS
10
6.5899145669291341
20
-3.7971114173228346
11
6.589914921259842
21
-3.7971106692913383
0
LINE
8
BLACK
6
CONTINUOUS
10
6.589914921259842
20
-3.7971106692913383
11
6.593515
21
-3.7879379133858269
0
LINE
8
BLACK
6
CONTINUOUS
10
6.593515
20
-3.7879379133858269
11
6.5957077165354328
21
-3.7783308267716533
0
LINE
8
BLACK
6
CONTINUOUS
10
6.5957077165354328
20
-3.7783308267716533
11
6.5957077952755903
21
-3.7783304330708662
0
LINE
8
BLACK
6
CONTINUOUS
10
6.5957077952755903
20
-3.7783304330708662
11
6.5964442125984251
21
-3.7685040157480314
0
LINE
8
BLACK
6
CONTINUOUS
10
6.5964442125984251
20
-3.7685040157480314
11
6.5964442125984251
21
-3.7685038188976376
0
LINE
8
BLACK
6
CONTINUOUS
10
6.5964442125984251
20
-3.7685038188976376
11
6.5957077952755903
21
-3.7586774015748032
0
LINE
8
BLACK
6
CONTINUOUS
10
6.7725563385826772
20
-3.7348109842519683
11
6.7730756692913383
21
-3.7353751574803149
0
LINE
8
BLACK
6
CONTINUOUS
10
6.7730756692913383
20
-3.7353751574803149
11
6.7779479921259842
21
-3.7428327559055119
0
LINE
8
BLACK
6
CONTINUOUS
10
6.7779479921259842
20
-3.7428327559055119
11
6.7815263779527557
21
-3.7509906299212599
0
LINE
8
BLACK
6
CONTINUOUS
10
6.7815263779527557
20
-3.7509906299212599
11
6.7837131889763782
21
-3.7596261811023619
0
LINE
8
BLACK
6
CONTINUOUS
10
6.7837131889763782
20
-3.7596261811023619
11
6.784448818897638
21
-3.7685039370078739
0
LINE
8
BLACK
6
CONTINUOUS
10
6.784448818897638
20
-3.7685039370078739
11
6.7837131889763782
21
-3.7773816929133859
0
LINE
8
BLACK
6
CONTINUOUS
10
6.7837131889763782
20
-3.7773816929133859
11
6.7815263779527557
21
-3.7860172440944879
0
LINE
8
BLACK
6
CONTINUOUS
10
6.7815263779527557
20
-3.7860172440944879
11
6.7779479921259842
21
-3.7941751181102363
0
LINE
8
BLACK
6
CONTINUOUS
10
6.7779479921259842
20
-3.7941751181102363
11
6.7730756692913383
21
-3.8016327165354329
0
LINE
8
BLACK
6
CONTINUOUS
10
6.7730756692913383
20
-3.8016327165354329
11
6.772556377952756
21
-3.8021968110236219
0
LINE
8
BLACK
6
CONTINUOUS
10
6.772556377952756
20
-3.8021968110236219
11
6.781002204724409
21
-3.8106426377952753
0
LINE
8
BLACK
6
CONTINUOUS
10
6.781002204724409
20
-3.8106426377952753
11
6.7849874409448816
21
-3.8056453149606297
0
LINE
8
BLACK
6
CONTINUOUS
10
6.7849874409448816
20
-3.8056453149606297
11
6.7849878346456691
21
-3.8056447637795277
0
LINE
8
BLACK
6
CONTINUOUS
10
6.7849878346456691
20
-3.8056447637795277
11
6.7899145669291334
21
-3.7971114173228346
0
LINE
8
BLACK
6
CONTINUOUS
10
6.7899145669291334
20
-3.7971114173228346
11
6.7899149212598422
21
-3.7971106692913383
0
LINE
8
BLACK
6
CONTINUOUS
10
6.7899149212598422
20
-3.7971106692913383
11
6.7935150000000002
21
-3.7879379133858269
0
LINE
8
BLACK
6
CONTINUOUS
10
6.7935150000000002
20
-3.7879379133858269
11
6.7957077165354329
21
-3.7783308267716533
0
LINE
8
BLACK
6
CONTINUOUS
10
6.7957077165354329
20
-3.7783308267716533
11
6.7957077952755904
21
-3.7783304330708662
0
LINE
8
BLACK
6
CONTINUOUS
10
6.7957077952755904
20
-3.7783304330708662
11
6.7964442125984252
21
-3.7685040157480314
0
LINE
8
BLACK
6
CONTINUOUS
10
6.7964442125984252
20
-3.7685040157480314
11
6.7964442125984252
21
-3.7685038188976376
0
LINE
8
BLACK
6
CONTINUOUS
10
6.7964442125984252
20
-3.7685038188976376
11
6.7957077952755904
21
-3.7586774015748032
0
LINE
8
BLACK
6
CONTINUOUS
10
6.7957077952755904
20
-3.7586774015748032
11
6.7957077165354329
21
-3.7586770078740157
0
LINE
8
BLACK
6
CONTINUOUS
10
6.7957077165354329
20
-3.7586770078740157
11
6.7935150000000002
21
-3.7490699212598426
0
LINE
8
BLACK
6
CONTINUOUS
10
6.7935150000000002
20
-3.7490699212598426
11
6.7899149212598422
21
-3.7398971653543307
0
LINE
8
BLACK
6
CONTINUOUS
10
6.7899149212598422
20
-3.7398971653543307
11
6.7899145669291334
21
-3.7398964173228344
0
LINE
8
BLACK
6
CONTINUOUS
10
6.7899145669291334
20
-3.7398964173228344
11
6.7849878346456691
21
-3.7313630708661418
0
LINE
8
BLACK
6
CONTINUOUS
10
6.7849878346456691
20
-3.7313630708661418
11
6.7849876771653541
21
-3.7313628346456693
0
LINE
8
BLACK
6
CONTINUOUS
10
6.7849876771653541
20
-3.7313628346456693
11
6.781002204724409
21
-3.7263651574803149
0
LINE
8
BLACK
6
CONTINUOUS
10
6.781002204724409
20
-3.7263651574803149
11
6.7725563385826772
21
-3.7348109842519683
0
LINE
8
BLACK
6
CONTINUOUS
10
6.0247338976377955
20
-3.1306102755905512
11
6.0224319685039367
21
-3.1310681889763781
0
LINE
8
BLACK
6
CONTINUOUS
10
6.0224319685039367
20
-3.1310681889763781
11
6.0224317322834642
21
-3.1310682677165356
0
LINE
8
BLACK
6
CONTINUOUS
10
6.0224317322834642
20
-3.1310682677165356
11
6.0198209055118106
21
-3.1328127952755906
0
LINE
8
BLACK
6
CONTINUOUS
10
6.0198209055118106
20
-3.1328127952755906
11
6.0198206692913381
21
-3.1328130314960627
0
LINE
8
BLACK
6
CONTINUOUS
10
6.0198206692913381
20
-3.1328130314960627
11
6.0180761417322834
21
-3.1354238582677163
0
LINE
8
BLACK
6
CONTINUOUS
10
6.0180761417322834
20
-3.1354238582677163
11
6.0180760629921259
21
-3.1354240944881888
0
LINE
8
BLACK
6
CONTINUOUS
10
6.0180760629921259
20
-3.1354240944881888
11
6.0176181496062995
21
-3.1377260236220472
0
LINE
8
BLACK
6
CONTINUOUS
10
6.0176181496062995
20
-3.1377260236220472
11
6.0176181102362207
21
-3.1377264960629923
0
LINE
8
BLACK
6
CONTINUOUS
10
6.0176181102362207
20
-3.1377264960629923
11
6.0176181102362207
21
-3.199281338582677
0
LINE
8
BLACK
6
CONTINUOUS
10
6.0176181102362207
20
-3.199281338582677
11
6.0176181496062995
21
-3.1992818110236221
0
LINE
8
BLACK
6
CONTINUOUS
10
6.0176181496062995
20
-3.1992818110236221
11
6.0180760629921259
21
-3.20158374015748
0
LINE
8
BLACK
6
CONTINUOUS
10
6.0180760629921259
20
-3.20158374015748
11
6.0180761417322834
21
-3.2015839763779526
0
LINE
8
BLACK
6
CONTINUOUS
10
6.0180761417322834
20
-3.2015839763779526
11
6.0198206692913381
21
-3.2041948031496061
0
LINE
8
BLACK
6
CONTINUOUS
10
6.0198206692913381
20
-3.2041948031496061
11
6.0198207874015743
21
-3.2041949606299212
0
LINE
8
BLACK
6
CONTINUOUS
10
6.0198207874015743
20
-3.2041949606299212
11
6.0224318503937004
21
-3.2059396456692912
0
LINE
8
BLACK
6
CONTINUOUS
10
6.0224318503937004
20
-3.2059396456692912
11
6.0241823228346458
21
-3.2062878346456691
0
LINE
8
BLACK
6
CONTINUOUS
10
6.0241823228346458
20
-3.2062878346456691
11
6.0247338976377955
21
-3.2063975590551181
0
LINE
8
BLACK
6
CONTINUOUS
10
6.0247338976377955
20
-3.2063975590551181
11
6.0247340944881884
21
-3.2063975590551181
0
LINE
8
BLACK
6
CONTINUOUS
10
6.0247340944881884
20
-3.2063975590551181
11
6.0247343307086609
21
-3.2063976377952756
0
LINE
8
BLACK
6
CONTINUOUS
10
6.0247343307086609
20
-3.2063976377952756
11
6.0247343700787397
21
-3.2063976377952756
0
LINE
8
BLACK
6
CONTINUOUS
10
6.0247343700787397
20
-3.2063976377952756
11
6.0831255511811024
21
-3.2063976377952756
0
LINE
8
BLACK
6
CONTINUOUS
10
6.0831255511811024
20
-3.2063976377952756
11
6.0854165354330707
21
-3.2071420078740158
0
LINE
8
BLACK
6
CONTINUOUS
10
6.0854165354330707
20
-3.2071420078740158
11
6.0868324409448817
21
-3.2090908267716536
0
LINE
8
BLACK
6
CONTINUOUS
10
6.0868324409448817
20
-3.2090908267716536
11
6.0868324409448817
21
-3.2114997244094488
0
LINE
8
BLACK
6
CONTINUOUS
10
6.0868324409448817
20
-3.2114997244094488
11
6.0858816141732284
21
-3.2130513385826771
0
LINE
8
BLACK
6
CONTINUOUS
10
6.0858816141732284
20
-3.2130513385826771
11
5.8413191732283467
21
-3.4576137795275588
0
LINE
8
BLACK
6
CONTINUOUS
10
5.8413191732283467
20
-3.4576137795275588
11
5.8389842519685038
21
-3.4616579527559055
0
LINE
8
BLACK
6
CONTINUOUS
10
5.8389842519685038
20
-3.4616579527559055
11
5.8389842519685038
21
-3.4616579921259842
0
LINE
8
BLACK
6
CONTINUOUS
10
5.8389842519685038
20
-3.4616579921259842
11
5.8389842913385825
21
-3.461658031496063
0
LINE
8
BLACK
6
CONTINUOUS
10
5.8389842913385825
20
-3.461658031496063
11
5.837775590551181
21
-3.4661689763779528
0
LINE
8
BLACK
6
CONTINUOUS
10
5.837775590551181
20
-3.4661689763779528
11
5.837775590551181
21
-3.7014593307086612
0
LINE
8
BLACK
6
CONTINUOUS
10
5.837775590551181
20
-3.7014593307086612
11
5.8370312204724408
21
-3.7037503149606299
0
LINE
8
BLACK
6
CONTINUOUS
10
5.8370312204724408
20
-3.7037503149606299
11
5.836970157480315
21
-3.7038320472440942
0
LINE
8
BLACK
6
CONTINUOUS
10
5.836970157480315
20
-3.7038320472440942
11
5.8348607086614175
21
-3.7065811023622048
0
LINE
8
BLACK
6
CONTINUOUS
10
5.8348607086614175
20
-3.7065811023622048
11
5.8348607086614175
21
-3.7065811417322836
0
LINE
8
BLACK
6
CONTINUOUS
10
5.8348607086614175
20
-3.7065811417322836
11
5.832478622047244
21
-3.7123320078740156
0
LINE
8
BLACK
6
CONTINUOUS
10
5.832478622047244
20
-3.7123320078740156
11
5.8324785433070865
21
-3.7123323228346456
0
LINE
8
BLACK
6
CONTINUOUS
10
5.8324785433070865
20
-3.7123323228346456
11
5.8316660629921255
21
-3.7185038976377953
0
LINE
8
BLACK
6
CONTINUOUS
10
5.8316660629921255
20
-3.7185038976377953
11
5.8316660629921255
21
-3.7185039370078741
0
LINE
8
BLACK
6
CONTINUOUS
10
5.8316660629921255
20
-3.7185039370078741
11
5.8324785433070865
21
-3.7246755118110237
0
LINE
8
BLACK
6
CONTINUOUS
10
5.8324785433070865
20
-3.7246755118110237
11
5.832478622047244
21
-3.7246758267716533
0
LINE
8
BLACK
6
CONTINUOUS
10
5.832478622047244
20
-3.7246758267716533
11
5.8348607086614175
21
-3.7304266929133858
0
LINE
8
BLACK
6
CONTINUOUS
10
5.8348607086614175
20
-3.7304266929133858
11
5.8348607086614175
21
-3.7304267322834646
0
LINE
8
BLACK
6
CONTINUOUS
10
5.8348607086614175
20
-3.7304267322834646
11
5.8384001181102363
21
-3.7350393700787401
0
LINE
8
BLACK
6
CONTINUOUS
10
5.8384001181102363
20
-3.7350393700787401
11
5.8386503149606295
21
-3.7353654330708661
0
LINE
8
BLACK
6
CONTINUOUS
10
5.8386503149606295
20
-3.7353654330708661
11
5.8435889370078735
21
-3.739154960629921
0
LINE
8
BLACK
6
CONTINUOUS
10
5.8435889370078735
20
-3.739154960629921
11
5.8435889763779523
21
-3.739154960629921
0
LINE
8
BLACK
6
CONTINUOUS
10
5.8435889763779523
20
-3.739154960629921
11
5.843589015748031
21
-3.7391549999999998
0
LINE
8
BLACK
6
CONTINUOUS
10
5.843589015748031
20
-3.7391549999999998
11
5.8493398818897635
21
-3.7415370866141733
0
LINE
8
BLACK
6
CONTINUOUS
10
5.8493398818897635
20
-3.7415370866141733
11
5.8493400787401573
21
-3.7415371653543308
0
LINE
8
BLACK
6
CONTINUOUS
10
5.8493400787401573
20
-3.7415371653543308
11
5.8539688582677165
21
-3.7421465354330707
0
LINE
8
BLACK
6
CONTINUOUS
10
5.8539688582677165
20
-3.7421465354330707
11
5.8555117716535428
21
-3.74234968503937
0
LINE
8
BLACK
6
CONTINUOUS
10
5.8555117716535428
20
-3.74234968503937
11
5.8555118110236215
21
-3.74234968503937
0
LINE
8
BLACK
6
CONTINUOUS
10
5.8555118110236215
20
-3.74234968503937
11
5.8555118503937003
21
-3.74234968503937
0
LINE
8
BLACK
6
CONTINUOUS
10
5.8555118503937003
20
-3.74234968503937
11
5.856746141732283
21
-3.7421871653543306
0
LINE
8
BLACK
6
CONTINUOUS
10
5.856746141732283
20
-3.7421871653543306
11
5.8616835433070866
21
-3.7415371653543308
0
LINE
8
BLACK
6
CONTINUOUS
10
5.8616835433070866
20
-3.7415371653543308
11
5.8674346850393704
21
-3.739154960629921
0
LINE
8
BLACK
6
CONTINUOUS
10
5.8674346850393704
20
-3.739154960629921
11
5.8723733070866144
21
-3.7353654330708661
0
LINE
8
BLACK
6
CONTINUOUS
10
5.8723733070866144
20
-3.7353654330708661
11
5.8761628346456689
21
-3.7304268110236221
0
LINE
8
BLACK
6
CONTINUOUS
10
5.8761628346456689
20
-3.7304268110236221
11
5.8785450393700787
21
-3.7246756692913383
0
LINE
8
BLACK
6
CONTINUOUS
10
5.8785450393700787
20
-3.7246756692913383
11
5.8793575590551184
21
-3.7185039370078741
0
LINE
8
BLACK
6
CONTINUOUS
10
5.8793575590551184
20
-3.7185039370078741
11
5.8785450393700787
21
-3.7123322047244094
0
LINE
8
BLACK
6
CONTINUOUS
10
5.8785450393700787
20
-3.7123322047244094
11
5.8761628740157477
21
-3.7065811417322836
0
LINE
8
BLACK
6
CONTINUOUS
10
5.8761628740157477
20
-3.7065811417322836
11
5.8761628740157477
21
-3.7065811023622048
0
LINE
8
BLACK
6
CONTINUOUS
10
5.8761628740157477
20
-3.7065811023622048
11
5.8740534645669289
21
-3.7038320472440942
0
LINE
8
BLACK
6
CONTINUOUS
10
5.8740534645669289
20
-3.7038320472440942
11
5.8732493700787396
21
-3.7015613385826769
0
LINE
8
BLACK
6
CONTINUOUS
10
5.8732493700787396
20
-3.7015613385826769
11
5.8732480314960629
21
-3.7014593307086612
0
LINE
8
BLACK
6
CONTINUOUS
10
5.8732480314960629
20
-3.7014593307086612
11
5.8732480314960629
21
-3.5566248425196849
0
LINE
8
BLACK
6
CONTINUOUS
10
5.8732480314960629
20
-3.5566248425196849
11
5.8739924015748031
21
-3.5543338582677166
0
LINE
8
BLACK
6
CONTINUOUS
10
5.8739924015748031
20
-3.5543338582677166
11
5.8750862992125983
21
-3.5535390551181103
0
LINE
8
BLACK
6
CONTINUOUS
10
5.8750862992125983
20
-3.5535390551181103
11
5.8737203543307084
21
-3.5522427952755904
0
LINE
8
BLACK
6
CONTINUOUS
10
5.8737203543307084
20
-3.5522427952755904
11
5.8732480314960629
21
-3.550382992125984
0
LINE
8
BLACK
6
CONTINUOUS
10
5.8732480314960629
20
-3.550382992125984
11
5.8732480314960629
21
-3.477465
0
LINE
8
BLACK
6
CONTINUOUS
10
5.8732480314960629
20
-3.477465
11
5.8739924015748031
21
-3.4751740157480313
0
LINE
8
BLACK
6
CONTINUOUS
10
5.8739924015748031
20
-3.4751740157480313
11
5.8743896062992125
21
-3.4747089370078741
0
LINE
8
BLACK
6
CONTINUOUS
10
5.8743896062992125
20
-3.4747089370078741
11
6.1415593307086613
21
-3.2075392125984252
0
LINE
8
BLACK
6
CONTINUOUS
10
6.1415593307086613
20
-3.2075392125984252
11
6.1437056692913385
21
-3.2064456299212596
0
LINE
8
BLACK
6
CONTINUOUS
10
6.1437056692913385
20
-3.2064456299212596
11
6.1443153937007873
21
-3.2063976377952756
0
LINE
8
BLACK
6
CONTINUOUS
10
6.1443153937007873
20
-3.2063976377952756
11
6.1862892519685042
21
-3.2063976377952756
0
LINE
8
BLACK
6
CONTINUOUS
10
6.1862892519685042
20
-3.2063976377952756
11
6.186289291338583
21
-3.2063976377952756
0
LINE
8
BLACK
6
CONTINUOUS
10
6.186289291338583
20
-3.2063976377952756
11
6.1885917716535435
21
-3.2059396456692912
0
LINE
8
BLACK
6
CONTINUOUS
10
6.1885917716535435
20
-3.2059396456692912
11
6.1912028346456696
21
-3.2041949606299212
0
LINE
8
BLACK
6
CONTINUOUS
10
6.1912028346456696
20
-3.2041949606299212
11
6.1929475196850392
21
-3.2015838976377951
0
LINE
8
BLACK
6
CONTINUOUS
10
6.1929475196850392
20
-3.2015838976377951
11
6.1934055118110232
21
-3.1992814173228346
0
LINE
8
BLACK
6
CONTINUOUS
10
6.1934055118110232
20
-3.1992814173228346
11
6.1934055118110232
21
-3.1377264960629923
0
LINE
8
BLACK
6
CONTINUOUS
10
6.1934055118110232
20
-3.1377264960629923
11
6.1934055118110232
21
-3.1377264566929135
0
LINE
8
BLACK
6
CONTINUOUS
10
6.1934055118110232
20
-3.1377264566929135
11
6.1929475196850392
21
-3.1354239763779526
0
LINE
8
BLACK
6
CONTINUOUS
10
6.1929475196850392
20
-3.1354239763779526
11
6.1912028346456696
21
-3.1328129133858269
0
LINE
8
BLACK
6
CONTINUOUS
10
6.1912028346456696
20
-3.1328129133858269
11
6.1907932283464566
21
-3.132539212598425
0
LINE
8
BLACK
6
CONTINUOUS
10
6.1907932283464566
20
-3.132539212598425
11
6.188591850393701
21
-3.1310682677165356
0
LINE
8
BLACK
6
CONTINUOUS
10
6.188591850393701
20
-3.1310682677165356
11
6.1885917716535435
21
-3.1310682283464568
0
LINE
8
BLACK
6
CONTINUOUS
10
6.1885917716535435
20
-3.1310682283464568
11
6.1885916535433072
21
-3.1310681889763781
0
LINE
8
BLACK
6
CONTINUOUS
10
6.1885916535433072
20
-3.1310681889763781
11
6.1885916141732285
21
-3.1310681889763781
0
LINE
8
BLACK
6
CONTINUOUS
10
6.1885916141732285
20
-3.1310681889763781
11
6.1862896850393696
21
-3.1306102755905512
0
LINE
8
BLACK
6
CONTINUOUS
10
6.1862896850393696
20
-3.1306102755905512
11
6.186289291338583
21
-3.1306102362204724
0
LINE
8
BLACK
6
CONTINUOUS
10
6.186289291338583
20
-3.1306102362204724
11
6.1247343307086615
21
-3.1306102362204724
0
LINE
8
BLACK
6
CONTINUOUS
10
6.1247343307086615
20
-3.1306102362204724
11
6.1247342913385827
21
-3.1306102362204724
0
LINE
8
BLACK
6
CONTINUOUS
10
6.1247342913385827
20
-3.1306102362204724
11
6.1247338976377952
21
-3.1306102755905512
0
LINE
8
BLACK
6
CONTINUOUS
10
6.1247338976377952
20
-3.1306102755905512
11
6.1224319685039372
21
-3.1310681889763781
0
LINE
8
BLACK
6
CONTINUOUS
10
6.1224319685039372
20
-3.1310681889763781
11
6.1224317322834647
21
-3.1310682677165356
0
LINE
8
BLACK
6
CONTINUOUS
10
6.1224317322834647
20
-3.1310682677165356
11
6.1198209055118111
21
-3.1328127952755906
0
LINE
8
BLACK
6
CONTINUOUS
10
6.1198209055118111
20
-3.1328127952755906
11
6.1198206692913386
21
-3.1328130314960627
0
LINE
8
BLACK
6
CONTINUOUS
10
6.1198206692913386
20
-3.1328130314960627
11
6.1180761417322831
21
-3.1354238582677163
0
LINE
8
BLACK
6
CONTINUOUS
10
6.1180761417322831
20
-3.1354238582677163
11
6.1180760629921256
21
-3.1354240944881888
0
LINE
8
BLACK
6
CONTINUOUS
10
6.1180760629921256
20
-3.1354240944881888
11
6.1176181496062991
21
-3.1377260236220472
0
LINE
8
BLACK
6
CONTINUOUS
10
6.1176181496062991
20
-3.1377260236220472
11
6.1176181102362204
21
-3.1377264960629923
0
LINE
8
BLACK
6
CONTINUOUS
10
6.1176181102362204
20
-3.1377264960629923
11
6.1176181102362204
21
-3.1797003543307087
0
LINE
8
BLACK
6
CONTINUOUS
10
6.1176181102362204
20
-3.1797003543307087
11
6.1168737401574802
21
-3.181991338582677
0
LINE
8
BLACK
6
CONTINUOUS
10
6.1168737401574802
20
-3.181991338582677
11
6.1164765354330708
21
-3.1824564173228347
0
LINE
8
BLACK
6
CONTINUOUS
10
6.1164765354330708
20
-3.1824564173228347
11
6.100059212598425
21
-3.1988737401574801
0
LINE
8
BLACK
6
CONTINUOUS
10
6.100059212598425
20
-3.1988737401574801
11
6.0979128740157478
21
-3.1999673228346457
0
LINE
8
BLACK
6
CONTINUOUS
10
6.0979128740157478
20
-3.1999673228346457
11
6.0955336614173223
21
-3.1995905118110235
0
LINE
8
BLACK
6
CONTINUOUS
10
6.0955336614173223
20
-3.1995905118110235
11
6.0938303149606297
21
-3.1978871653543308
0
LINE
8
BLACK
6
CONTINUOUS
10
6.0938303149606297
20
-3.1978871653543308
11
6.0934055118110235
21
-3.1961176771653541
0
LINE
8
BLACK
6
CONTINUOUS
10
6.0934055118110235
20
-3.1961176771653541
11
6.0934055118110235
21
-3.1377264960629923
0
LINE
8
BLACK
6
CONTINUOUS
10
6.0934055118110235
20
-3.1377264960629923
11
6.093405433070866
21
-3.1377260236220472
0
LINE
8
BLACK
6
CONTINUOUS
10
6.093405433070866
20
-3.1377260236220472
11
6.093295708661417
21
-3.1371744488188975
0
LINE
8
BLACK
6
CONTINUOUS
10
6.093295708661417
20
-3.1371744488188975
11
6.0929475196850396
21
-3.1354239763779526
0
LINE
8
BLACK
6
CONTINUOUS
10
6.0929475196850396
20
-3.1354239763779526
11
6.091202834645669
21
-3.1328129133858269
0
LINE
8
BLACK
6
CONTINUOUS
10
6.091202834645669
20
-3.1328129133858269
11
6.090793228346457
21
-3.132539212598425
0
LINE
8
BLACK
6
CONTINUOUS
10
6.090793228346457
20
-3.132539212598425
11
6.0885918503937004
21
-3.1310682677165356
0
LINE
8
BLACK
6
CONTINUOUS
10
6.0885918503937004
20
-3.1310682677165356
11
6.0885917716535429
21
-3.1310682283464568
0
LINE
8
BLACK
6
CONTINUOUS
10
6.0885917716535429
20
-3.1310682283464568
11
6.0885916535433067
21
-3.1310681889763781
0
LINE
8
BLACK
6
CONTINUOUS
10
6.0885916535433067
20
-3.1310681889763781
11
6.0885916141732279
21
-3.1310681889763781
0
LINE
8
BLACK
6
CONTINUOUS
10
6.0885916141732279
20
-3.1310681889763781
11
6.08628968503937
21
-3.1306102755905512
0
LINE
8
BLACK
6
CONTINUOUS
10
6.08628968503937
20
-3.1306102755905512
11
6.0862892913385824
21
-3.1306102362204724
0
LINE
8
BLACK
6
CONTINUOUS
10
6.0862892913385824
20
-3.1306102362204724
11
6.0247343307086609
21
-3.1306102362204724
0
LINE
8
BLACK
6
CONTINUOUS
10
6.0247343307086609
20
-3.1306102362204724
11
6.0247342913385822
21
-3.1306102362204724
0
LINE
8
BLACK
6
CONTINUOUS
10
6.0247342913385822
20
-3.1306102362204724
11
6.0247338976377955
21
-3.1306102755905512
0
LINE
8
BLACK
6
CONTINUOUS
10
6.21761811023622
20
-3.199281338582677
11
6.2176181496062988
21
-3.1992818110236221
0
LINE
8
BLACK
6
CONTINUOUS
10
6.2176181496062988
20
-3.1992818110236221
11
6.2180760629921261
21
-3.20158374015748
0
LINE
8
BLACK
6
CONTINUOUS
10
6.2180760629921261
20
-3.20158374015748
11
6.2180761417322836
21
-3.2015839763779526
0
LINE
8
BLACK
6
CONTINUOUS
10
6.2180761417322836
20
-3.2015839763779526
11
6.2198206692913383
21
-3.2041948031496061
0
LINE
8
BLACK
6
CONTINUOUS
10
6.2198206692913383
20
-3.2041948031496061
11
6.2198207874015745
21
-3.2041949606299212
0
LINE
8
BLACK
6
CONTINUOUS
10
6.2198207874015745
20
-3.2041949606299212
11
6.2224318503937006
21
-3.2059396456692912
0
LINE
8
BLACK
6
CONTINUOUS
10
6.2224318503937006
20
-3.2059396456692912
11
6.2241823228346451
21
-3.2062878346456691
0
LINE
8
BLACK
6
CONTINUOUS
10
6.2241823228346451
20
-3.2062878346456691
11
6.2247338976377948
21
-3.2063975590551181
0
LINE
8
BLACK
6
CONTINUOUS
10
6.2247338976377948
20
-3.2063975590551181
11
6.2247340944881886
21
-3.2063975590551181
0
LINE
8
BLACK
6
CONTINUOUS
10
6.2247340944881886
20
-3.2063975590551181
11
6.2247343307086611
21
-3.2063976377952756
0
LINE
8
BLACK
6
CONTINUOUS
10
6.2247343307086611
20
-3.2063976377952756
11
6.2338779527559049
21
-3.2063976377952756
0
LINE
8
BLACK
6
CONTINUOUS
10
6.2338779527559049
20
-3.2063976377952756
11
6.2361689370078741
21
-3.2071420078740158
0
LINE
8
BLACK
6
CONTINUOUS
10
6.2361689370078741
20
-3.2071420078740158
11
6.2375848425196851
21
-3.2090908267716536
0
LINE
8
BLACK
6
CONTINUOUS
10
6.2375848425196851
20
-3.2090908267716536
11
6.2377755905511814
21
-3.2102952755905512
0
LINE
8
BLACK
6
CONTINUOUS
10
6.2377755905511814
20
-3.2102952755905512
11
6.2377755905511814
21
-3.7014593307086612
0
LINE
8
BLACK
6
CONTINUOUS
10
6.2377755905511814
20
-3.7014593307086612
11
6.2370312204724412
21
-3.7037503149606299
0
LINE
8
BLACK
6
CONTINUOUS
10
6.2370312204724412
20
-3.7037503149606299
11
6.2369701574803145
21
-3.7038320472440942
0
LINE
8
BLACK
6
CONTINUOUS
10
6.2369701574803145
20
-3.7038320472440942
11
6.234860708661417
21
-3.7065811023622048
0
LINE
8
BLACK
6
CONTINUOUS
10
6.234860708661417
20
-3.7065811023622048
11
6.234860708661417
21
-3.7065811417322836
0
LINE
8
BLACK
6
CONTINUOUS
10
6.234860708661417
20
-3.7065811417322836
11
6.2324786220472443
21
-3.7123320078740156
0
LINE
8
BLACK
6
CONTINUOUS
10
6.2324786220472443
20
-3.7123320078740156
11
6.2324785433070868
21
-3.7123323228346456
0
LINE
8
BLACK
6
CONTINUOUS
10
6.2324785433070868
20
-3.7123323228346456
11
6.2316660629921259
21
-3.7185038976377953
0
LINE
8
BLACK
6
CONTINUOUS
10
6.2316660629921259
20
-3.7185038976377953
11
6.2316660629921259
21
-3.7185039370078741
0
LINE
8
BLACK
6
CONTINUOUS
10
6.2316660629921259
20
-3.7185039370078741
11
6.2324785433070868
21
-3.7246755118110237
0
LINE
8
BLACK
6
CONTINUOUS
10
6.2324785433070868
20
-3.7246755118110237
11
6.2324786220472443
21
-3.7246758267716533
0
LINE
8
BLACK
6
CONTINUOUS
10
6.2324786220472443
20
-3.7246758267716533
11
6.234860708661417
21
-3.7304266929133858
0
LINE
8
BLACK
6
CONTINUOUS
10
6.234860708661417
20
-3.7304266929133858
11
6.234860708661417
21
-3.7304267322834646
0
LINE
8
BLACK
6
CONTINUOUS
10
6.234860708661417
20
-3.7304267322834646
11
6.2384001181102358
21
-3.7350393700787401
0
LINE
8
BLACK
6
CONTINUOUS
10
6.2384001181102358
20
-3.7350393700787401
11
6.2386503149606298
21
-3.7353654330708661
0
LINE
8
BLACK
6
CONTINUOUS
10
6.2386503149606298
20
-3.7353654330708661
11
6.2435889370078739
21
-3.739154960629921
0
LINE
8
BLACK
6
CONTINUOUS
10
6.2435889370078739
20
-3.739154960629921
11
6.2435889763779526
21
-3.739154960629921
0
LINE
8
BLACK
6
CONTINUOUS
10
6.2435889763779526
20
-3.739154960629921
11
6.2435890157480314
21
-3.7391549999999998
0
LINE
8
BLACK
6
CONTINUOUS
10
6.2435890157480314
20
-3.7391549999999998
11
6.2493398818897639
21
-3.7415370866141733
0
LINE
8
BLACK
6
CONTINUOUS
10
6.2493398818897639
20
-3.7415370866141733
11
6.2493400787401576
21
-3.7415371653543308
0
LINE
8
BLACK
6
CONTINUOUS
10
6.2493400787401576
20
-3.7415371653543308
11
6.253968858267716
21
-3.7421465354330707
0
LINE
8
BLACK
6
CONTINUOUS
10
6.253968858267716
20
-3.7421465354330707
11
6.2555117716535431
21
-3.74234968503937
0
LINE
8
BLACK
6
CONTINUOUS
10
6.2555117716535431
20
-3.74234968503937
11
6.2555118110236219
21
-3.74234968503937
0
LINE
8
BLACK
6
CONTINUOUS
10
6.2555118110236219
20
-3.74234968503937
11
6.2555118503937006
21
-3.74234968503937
0
LINE
8
BLACK
6
CONTINUOUS
10
6.2555118503937006
20
-3.74234968503937
11
6.2567461417322834
21
-3.7421871653543306
0
LINE
8
BLACK
6
CONTINUOUS
10
6.2567461417322834
20
-3.7421871653543306
11
6.2616835433070861
21
-3.7415371653543308
0
LINE
8
BLACK
6
CONTINUOUS
10
6.2616835433070861
20
-3.7415371653543308
11
6.2674346850393698
21
-3.739154960629921
0
LINE
8
BLACK
6
CONTINUOUS
10
6.2674346850393698
20
-3.739154960629921
11
6.2723733070866139
21
-3.7353654330708661
0
LINE
8
BLACK
6
CONTINUOUS
10
6.2723733070866139
20
-3.7353654330708661
11
6.2761628346456693
21
-3.7304268110236221
0
LINE
8
BLACK
6
CONTINUOUS
10
6.2761628346456693
20
-3.7304268110236221
11
6.278545039370079
21
-3.7246756692913383
0
LINE
8
BLACK
6
CONTINUOUS
10
6.278545039370079
20
-3.7246756692913383
11
6.2793575590551178
21
-3.7185039370078741
0
LINE
8
BLACK
6
CONTINUOUS
10
6.2793575590551178
20
-3.7185039370078741
11
6.278545039370079
21
-3.7123322047244094
0
LINE
8
BLACK
6
CONTINUOUS
10
6.278545039370079
20
-3.7123322047244094
11
6.276162874015748
21
-3.7065811417322836
0
LINE
8
BLACK
6
CONTINUOUS
10
6.276162874015748
20
-3.7065811417322836
11
6.276162874015748
21
-3.7065811023622048
0
LINE
8
BLACK
6
CONTINUOUS
10
6.276162874015748
20
-3.7065811023622048
11
6.2740534645669293
21
-3.7038320472440942
0
LINE
8
BLACK
6
CONTINUOUS
10
6.2740534645669293
20
-3.7038320472440942
11
6.27324937007874
21
-3.7015613385826769
0
LINE
8
BLACK
6
CONTINUOUS
10
6.27324937007874
20
-3.7015613385826769
11
6.2732480314960632
21
-3.7014593307086612
0
LINE
8
BLACK
6
CONTINUOUS
10
6.2732480314960632
20
-3.7014593307086612
11
6.2732480314960632
21
-3.5185038188976376
0
LINE
8
BLACK
6
CONTINUOUS
10
6.2732480314960632
20
-3.5185038188976376
11
6.2732480314960632
21
-3.4185037795275588
0
LINE
8
BLACK
6
CONTINUOUS
10
6.2732480314960632
20
-3.4185037795275588
11
6.2732480314960632
21
-3.3185038188976379
0
LINE
8
BLACK
6
CONTINUOUS
10
6.2732480314960632
20
-3.3185038188976379
11
6.2732480314960632
21
-3.2102952755905512
0
LINE
8
BLACK
6
CONTINUOUS
10
6.2732480314960632
20
-3.2102952755905512
11
6.2739924015748034
21
-3.2080042913385824
0
LINE
8
BLACK
6
CONTINUOUS
10
6.2739924015748034
20
-3.2080042913385824
11
6.2759412204724407
21
-3.2065883858267714
0
LINE
8
BLACK
6
CONTINUOUS
10
6.2759412204724407
20
-3.2065883858267714
11
6.2771456692913388
21
-3.2063976377952756
0
LINE
8
BLACK
6
CONTINUOUS
10
6.2771456692913388
20
-3.2063976377952756
11
6.2862892519685039
21
-3.2063976377952756
0
LINE
8
BLACK
6
CONTINUOUS
10
6.2862892519685039
20
-3.2063976377952756
11
6.2862892913385826
21
-3.2063976377952756
0
LINE
8
BLACK
6
CONTINUOUS
10
6.2862892913385826
20
-3.2063976377952756
11
6.2885917716535431
21
-3.2059396456692912
0
LINE
8
BLACK
6
CONTINUOUS
10
6.2885917716535431
20
-3.2059396456692912
11
6.2912028346456692
21
-3.2041949606299212
0
LINE
8
BLACK
6
CONTINUOUS
10
6.2912028346456692
20
-3.2041949606299212
11
6.2929475196850388
21
-3.2015838976377951
0
LINE
8
BLACK
6
CONTINUOUS
10
6.2929475196850388
20
-3.2015838976377951
11
6.2934055118110237
21
-3.1992814173228346
0
LINE
8
BLACK
6
CONTINUOUS
10
6.2934055118110237
20
-3.1992814173228346
11
6.2934055118110237
21
-3.1377264960629923
0
LINE
8
BLACK
6
CONTINUOUS
10
6.2934055118110237
20
-3.1377264960629923
11
6.2934055118110237
21
-3.1377264566929135
0
LINE
8
BLACK
6
CONTINUOUS
10
6.2934055118110237
20
-3.1377264566929135
11
6.2929475196850388
21
-3.1354239763779526
0
LINE
8
BLACK
6
CONTINUOUS
10
6.2929475196850388
20
-3.1354239763779526
11
6.2912028346456692
21
-3.1328129133858269
0
LINE
8
BLACK
6
CONTINUOUS
10
6.2912028346456692
20
-3.1328129133858269
11
6.2907932283464563
21
-3.132539212598425
0
LINE
8
BLACK
6
CONTINUOUS
10
6.2907932283464563
20
-3.132539212598425
11
6.2885918503937006
21
-3.1310682677165356
0
LINE
8
BLACK
6
CONTINUOUS
10
6.2885918503937006
20
-3.1310682677165356
11
6.2885917716535431
21
-3.1310682283464568
0
LINE
8
BLACK
6
CONTINUOUS
10
6.2885917716535431
20
-3.1310682283464568
11
6.2885916535433068
21
-3.1310681889763781
0
LINE
8
BLACK
6
CONTINUOUS
10
6.2885916535433068
20
-3.1310681889763781
11
6.2885916141732281
21
-3.1310681889763781
0
LINE
8
BLACK
6
CONTINUOUS
10
6.2885916141732281
20
-3.1310681889763781
11
6.2862896850393701
21
-3.1306102755905512
0
LINE
8
BLACK
6
CONTINUOUS
10
6.2862896850393701
20
-3.1306102755905512
11
6.2862892913385826
21
-3.1306102362204724
0
LINE
8
BLACK
6
CONTINUOUS
10
6.2862892913385826
20
-3.1306102362204724
11
6.2247343307086611
21
-3.1306102362204724
0
LINE
8
BLACK
6
CONTINUOUS
10
6.2247343307086611
20
-3.1306102362204724
11
6.2247342913385824
21
-3.1306102362204724
0
LINE
8
BLACK
6
CONTINUOUS
10
6.2247342913385824
20
-3.1306102362204724
11
6.2247338976377948
21
-3.1306102755905512
0
LINE
8
BLACK
6
CONTINUOUS
10
6.2247338976377948
20
-3.1306102755905512
11
6.2224319685039369
21
-3.1310681889763781
0
LINE
8
BLACK
6
CONTINUOUS
10
6.2224319685039369
20
-3.1310681889763781
11
6.2224317322834644
21
-3.1310682677165356
0
LINE
8
BLACK
6
CONTINUOUS
10
6.2224317322834644
20
-3.1310682677165356
11
6.2198209055118108
21
-3.1328127952755906
0
LINE
8
BLACK
6
CONTINUOUS
10
6.2198209055118108
20
-3.1328127952755906
11
6.2198206692913383
21
-3.1328130314960627
0
LINE
8
BLACK
6
CONTINUOUS
10
6.2198206692913383
20
-3.1328130314960627
11
6.2180761417322836
21
-3.1354238582677163
0
LINE
8
BLACK
6
CONTINUOUS
10
6.2180761417322836
20
-3.1354238582677163
11
6.2180760629921261
21
-3.1354240944881888
0
LINE
8
BLACK
6
CONTINUOUS
10
6.2180760629921261
20
-3.1354240944881888
11
6.2176181496062988
21
-3.1377260236220472
0
LINE
8
BLACK
6
CONTINUOUS
10
6.2176181496062988
20
-3.1377260236220472
11
6.21761811023622
21
-3.1377264960629923
0
LINE
8
BLACK
6
CONTINUOUS
10
6.21761811023622
20
-3.1377264960629923
11
6.21761811023622
21
-3.199281338582677
0
LINE
8
BLACK
6
CONTINUOUS
10
5.4158406692913381
20
-3.7042245669291338
11
5.4158402755905515
21
-3.7042246456692913
0
LINE
8
BLACK
6
CONTINUOUS
10
5.4158402755905515
20
-3.7042246456692913
11
5.4064239763779529
21
-3.7071292125984252
0
LINE
8
BLACK
6
CONTINUOUS
10
5.4064239763779529
20
-3.7071292125984252
11
5.3975457480314963
21
-3.71140468503937
0
LINE
8
BLACK
6
CONTINUOUS
10
5.3975457480314963
20
-3.71140468503937
11
5.3894035826771649
21
-3.7169559055118109
0
LINE
8
BLACK
6
CONTINUOUS
10
5.3894035826771649
20
-3.7169559055118109
11
5.3883204330708656
21
-3.7179608661417323
0
LINE
8
BLACK
6
CONTINUOUS
10
5.3883204330708656
20
-3.7179608661417323
11
5.396905039370079
21
-3.7265454724409448
0
LINE
8
BLACK
6
CONTINUOUS
10
5.396905039370079
20
-3.7265454724409448
11
5.4010110629921257
21
-3.7233496850393699
0
LINE
8
BLACK
6
CONTINUOUS
10
5.4010110629921257
20
-3.7233496850393699
11
5.408845551181102
21
-3.7191098818897639
0
LINE
8
BLACK
6
CONTINUOUS
10
5.408845551181102
20
-3.7191098818897639
11
5.4172710629921257
21
-3.7162174015748031
0
LINE
8
BLACK
6
CONTINUOUS
10
5.4172710629921257
20
-3.7162174015748031
11
5.4260577165354329
21
-3.7147511417322834
0
LINE
8
BLACK
6
CONTINUOUS
10
5.4260577165354329
20
-3.7147511417322834
11
5.4349659055118105
21
-3.7147511417322834
0
LINE
8
BLACK
6
CONTINUOUS
10
5.4349659055118105
20
-3.7147511417322834
11
5.4437525590551177
21
-3.7162174015748031
0
LINE
8
BLACK
6
CONTINUOUS
10
5.4437525590551177
20
-3.7162174015748031
11
5.4521780708661414
21
-3.7191098818897639
0
LINE
8
BLACK
6
CONTINUOUS
10
5.4521780708661414
20
-3.7191098818897639
11
5.4600125590551176
21
-3.7233496850393699
0
LINE
8
BLACK
6
CONTINUOUS
10
5.4600125590551176
20
-3.7233496850393699
11
5.464118464566929
21
-3.7265454330708661
0
LINE
8
BLACK
6
CONTINUOUS
10
5.464118464566929
20
-3.7265454330708661
11
5.4727031102362202
21
-3.7179608661417323
0
LINE
8
BLACK
6
CONTINUOUS
10
5.4727031102362202
20
-3.7179608661417323
11
5.4716200787401572
21
-3.7169559842519684
0
LINE
8
BLACK
6
CONTINUOUS
10
5.4716200787401572
20
-3.7169559842519684
11
5.4634777165354329
21
-3.7114046456692913
0
LINE
8
BLACK
6
CONTINUOUS
10
5.4634777165354329
20
-3.7114046456692913
11
5.4545996062992126
21
-3.7071292125984252
0
LINE
8
BLACK
6
CONTINUOUS
10
5.4545996062992126
20
-3.7071292125984252
11
5.445183307086614
21
-3.7042246456692913
0
LINE
8
BLACK
6
CONTINUOUS
10
5.445183307086614
20
-3.7042246456692913
11
5.4451829133858265
21
-3.7042245669291338
0
LINE
8
BLACK
6
CONTINUOUS
10
5.4451829133858265
20
-3.7042245669291338
11
5.4354390551181098
21
-3.7027559055118111
0
LINE
8
BLACK
6
CONTINUOUS
10
5.4354390551181098
20
-3.7027559055118111
11
5.4255845275590548
21
-3.7027559055118111
0
LINE
8
BLACK
6
CONTINUOUS
10
5.4255845275590548
20
-3.7027559055118111
11
5.4158406692913381
21
-3.7042245669291338
0
LINE
8
BLACK
6
CONTINUOUS
10
5.6158406692913383
20
-3.7042245669291338
11
5.6158402755905508
21
-3.7042246456692913
0
LINE
8
BLACK
6
CONTINUOUS
10
5.6158402755905508
20
-3.7042246456692913
11
5.6064239763779522
21
-3.7071292125984252
0
LINE
8
BLACK
6
CONTINUOUS
10
5.6064239763779522
20
-3.7071292125984252
11
5.5975457480314956
21
-3.71140468503937
0
LINE
8
BLACK
6
CONTINUOUS
10
5.5975457480314956
20
-3.71140468503937
11
5.5894035826771651
21
-3.7169559055118109
0
LINE
8
BLACK
6
CONTINUOUS
10
5.5894035826771651
20
-3.7169559055118109
11
5.5883204330708658
21
-3.7179608661417323
0
LINE
8
BLACK
6
CONTINUOUS
10
5.5883204330708658
20
-3.7179608661417323
11
5.5969050393700783
21
-3.7265454724409448
0
LINE
8
BLACK
6
CONTINUOUS
10
5.5969050393700783
20
-3.7265454724409448
11
5.6010110629921259
21
-3.7233496850393699
0
LINE
8
BLACK
6
CONTINUOUS
10
5.6010110629921259
20
-3.7233496850393699
11
5.6088455511811022
21
-3.7191098818897639
0
LINE
8
BLACK
6
CONTINUOUS
10
5.6088455511811022
20
-3.7191098818897639
11
5.6172710629921259
21
-3.7162174015748031
0
LINE
8
BLACK
6
CONTINUOUS
10
5.6172710629921259
20
-3.7162174015748031
11
5.6260577165354331
21
-3.7147511417322834
0
LINE
8
BLACK
6
CONTINUOUS
10
5.6260577165354331
20
-3.7147511417322834
11
5.6349659055118106
21
-3.7147511417322834
0
LINE
8
BLACK
6
CONTINUOUS
10
5.6349659055118106
20
-3.7147511417322834
11
5.6437525590551179
21
-3.7162174015748031
0
LINE
8
BLACK
6
CONTINUOUS
10
5.6437525590551179
20
-3.7162174015748031
11
5.6521780708661415
21
-3.7191098818897639
0
LINE
8
BLACK
6
CONTINUOUS
10
5.6521780708661415
20
-3.7191098818897639
11
5.6600125590551178
21
-3.7233496850393699
0
LINE
8
BLACK
6
CONTINUOUS
10
5.6600125590551178
20
-3.7233496850393699
11
5.6641184645669291
21
-3.7265454330708661
0
LINE
8
BLACK
6
CONTINUOUS
10
5.6641184645669291
20
-3.7265454330708661
11
5.6721600787401574
21
-3.7185038976377953
0
LINE
8
BLACK
6
CONTINUOUS
10
5.6721600787401574
20
-3.7185038976377953
11
5.6727031102362204
21
-3.7179608661417323
0
LINE
8
BLACK
6
CONTINUOUS
10
5.6727031102362204
20
-3.7179608661417323
11
5.6716200787401574
21
-3.7169559842519684
0
LINE
8
BLACK
6
CONTINUOUS
10
5.6716200787401574
20
-3.7169559842519684
11
5.6634777165354331
21
-3.7114046456692913
0
LINE
8
BLACK
6
CONTINUOUS
10
5.6634777165354331
20
-3.7114046456692913
11
5.6545996062992128
21
-3.7071292125984252
0
LINE
8
BLACK
6
CONTINUOUS
10
5.6545996062992128
20
-3.7071292125984252
11
5.6451833070866142
21
-3.7042246456692913
0
LINE
8
BLACK
6
CONTINUOUS
10
5.6451833070866142
20
-3.7042246456692913
11
5.6451829133858267
21
-3.7042245669291338
0
LINE
8
BLACK
6
CONTINUOUS
10
5.6451829133858267
20
-3.7042245669291338
11
5.6354390551181099
21
-3.7027559055118111
0
LINE
8
BLACK
6
CONTINUOUS
10
5.6354390551181099
20
-3.7027559055118111
11
5.625584527559055
21
-3.7027559055118111
0
LINE
8
BLACK
6
CONTINUOUS
10
5.625584527559055
20
-3.7027559055118111
11
5.6158406692913383
21
-3.7042245669291338
0
LINE
8
BLACK
6
CONTINUOUS
10
6.5158406692913386
20
-3.7042245669291338
11
6.5158402755905511
21
-3.7042246456692913
0
LINE
8
BLACK
6
CONTINUOUS
10
6.5158402755905511
20
-3.7042246456692913
11
6.5064239763779526
21
-3.7071292125984252
0
LINE
8
BLACK
6
CONTINUOUS
10
6.5064239763779526
20
-3.7071292125984252
11
6.497545748031496
21
-3.71140468503937
0
LINE
8
BLACK
6
CONTINUOUS
10
6.497545748031496
20
-3.71140468503937
11
6.4894035826771654
21
-3.7169559055118109
0
LINE
8
BLACK
6
CONTINUOUS
10
6.4894035826771654
20
-3.7169559055118109
11
6.4883204330708661
21
-3.7179608661417323
0
LINE
8
BLACK
6
CONTINUOUS
10
6.4883204330708661
20
-3.7179608661417323
11
6.4969050393700787
21
-3.7265454724409448
0
LINE
8
BLACK
6
CONTINUOUS
10
6.4969050393700787
20
-3.7265454724409448
11
6.5010110629921263
21
-3.7233496850393699
0
LINE
8
BLACK
6
CONTINUOUS
10
6.5010110629921263
20
-3.7233496850393699
11
6.5088455511811025
21
-3.7191098818897639
0
LINE
8
BLACK
6
CONTINUOUS
10
6.5088455511811025
20
-3.7191098818897639
11
6.5172710629921262
21
-3.7162174015748031
0
LINE
8
BLACK
6
CONTINUOUS
10
6.5172710629921262
20
-3.7162174015748031
11
6.5260577165354325
21
-3.7147511417322834
0
LINE
8
BLACK
6
CONTINUOUS
10
6.5260577165354325
20
-3.7147511417322834
11
6.534965905511811
21
-3.7147511417322834
0
LINE
8
BLACK
6
CONTINUOUS
10
6.534965905511811
20
-3.7147511417322834
11
6.5437525590551182
21
-3.7162174015748031
0
LINE
8
BLACK
6
CONTINUOUS
10
6.5437525590551182
20
-3.7162174015748031
11
6.5521780708661419
21
-3.7191098818897639
0
LINE
8
BLACK
6
CONTINUOUS
10
6.5521780708661419
20
-3.7191098818897639
11
6.5600125590551182
21
-3.7233496850393699
0
LINE
8
BLACK
6
CONTINUOUS
10
6.5600125590551182
20
-3.7233496850393699
11
6.5641184645669286
21
-3.7265454330708661
0
LINE
8
BLACK
6
CONTINUOUS
10
6.5641184645669286
20
-3.7265454330708661
11
6.5727031102362199
21
-3.7179608661417323
0
LINE
8
BLACK
6
CONTINUOUS
10
6.5727031102362199
20
-3.7179608661417323
11
6.5716200787401577
21
-3.7169559842519684
0
LINE
8
BLACK
6
CONTINUOUS
10
6.5716200787401577
20
-3.7169559842519684
11
6.5634777165354325
21
-3.7114046456692913
0
LINE
8
BLACK
6
CONTINUOUS
10
6.5634777165354325
20
-3.7114046456692913
11
6.5545996062992122
21
-3.7071292125984252
0
LINE
8
BLACK
6
CONTINUOUS
10
6.5545996062992122
20
-3.7071292125984252
11
6.5451833070866137
21
-3.7042246456692913
0
LINE
8
BLACK
6
CONTINUOUS
10
6.5451833070866137
20
-3.7042246456692913
11
6.545182913385827
21
-3.7042245669291338
0
LINE
8
BLACK
6
CONTINUOUS
10
6.545182913385827
20
-3.7042245669291338
11
6.5354390551181103
21
-3.7027559055118111
0
LINE
8
BLACK
6
CONTINUOUS
10
6.5354390551181103
20
-3.7027559055118111
11
6.5255845275590554
21
-3.7027559055118111
0
LINE
8
BLACK
6
CONTINUOUS
10
6.5255845275590554
20
-3.7027559055118111
11
6.5158406692913386
21
-3.7042245669291338
0
LINE
8
BLACK
6
CONTINUOUS
10
6.7158406692913388
20
-3.7042245669291338
11
6.7158402755905513
21
-3.7042246456692913
0
LINE
8
BLACK
6
CONTINUOUS
10
6.7158402755905513
20
-3.7042246456692913
11
6.7064239763779527
21
-3.7071292125984252
0
LINE
8
BLACK
6
CONTINUOUS
10
6.7064239763779527
20
-3.7071292125984252
11
6.6975457480314962
21
-3.71140468503937
0
LINE
8
BLACK
6
CONTINUOUS
10
6.6975457480314962
20
-3.71140468503937
11
6.6894035826771656
21
-3.7169559055118109
0
LINE
8
BLACK
6
CONTINUOUS
10
6.6894035826771656
20
-3.7169559055118109
11
6.6883204330708663
21
-3.7179608661417323
0
LINE
8
BLACK
6
CONTINUOUS
10
6.6883204330708663
20
-3.7179608661417323
11
6.6969050393700789
21
-3.7265454724409448
0
LINE
8
BLACK
6
CONTINUOUS
10
6.6969050393700789
20
-3.7265454724409448
11
6.7010110629921256
21
-3.7233496850393699
0
LINE
8
BLACK
6
CONTINUOUS
10
6.7010110629921256
20
-3.7233496850393699
11
6.7088455511811018
21
-3.7191098818897639
0
LINE
8
BLACK
6
CONTINUOUS
10
6.7088455511811018
20
-3.7191098818897639
11
6.7172710629921255
21
-3.7162174015748031
0
LINE
8
BLACK
6
CONTINUOUS
10
6.7172710629921255
20
-3.7162174015748031
11
6.7260577165354327
21
-3.7147511417322834
0
LINE
8
BLACK
6
CONTINUOUS
10
6.7260577165354327
20
-3.7147511417322834
11
6.7349659055118112
21
-3.7147511417322834
0
LINE
8
BLACK
6
CONTINUOUS
10
6.7349659055118112
20
-3.7147511417322834
11
6.7437525590551184
21
-3.7162174015748031
0
LINE
8
BLACK
6
CONTINUOUS
10
6.7437525590551184
20
-3.7162174015748031
11
6.7521780708661412
21
-3.7191098818897639
0
LINE
8
BLACK
6
CONTINUOUS
10
6.7521780708661412
20
-3.7191098818897639
11
6.7600125590551183
21
-3.7233496850393699
0
LINE
8
BLACK
6
CONTINUOUS
10
6.7600125590551183
20
-3.7233496850393699
11
6.7641184645669288
21
-3.7265454330708661
0
LINE
8
BLACK
6
CONTINUOUS
10
6.7641184645669288
20
-3.7265454330708661
11
6.7727031102362201
21
-3.7179608661417323
0
LINE
8
BLACK
6
CONTINUOUS
10
6.7727031102362201
20
-3.7179608661417323
11
6.771620078740157
21
-3.7169559842519684
0
LINE
8
BLACK
6
CONTINUOUS
10
6.771620078740157
20
-3.7169559842519684
11
6.7634777165354327
21
-3.7114046456692913
0
LINE
8
BLACK
6
CONTINUOUS
10
6.7634777165354327
20
-3.7114046456692913
11
6.7545996062992124
21
-3.7071292125984252
0
LINE
8
BLACK
6
CONTINUOUS
10
6.7545996062992124
20
-3.7071292125984252
11
6.7451833070866138
21
-3.7042246456692913
0
LINE
8
BLACK
6
CONTINUOUS
10
6.7451833070866138
20
-3.7042246456692913
11
6.7451829133858263
21
-3.7042245669291338
0
LINE
8
BLACK
6
CONTINUOUS
10
6.7451829133858263
20
-3.7042245669291338
11
6.7354390551181105
21
-3.7027559055118111
0
LINE
8
BLACK
6
CONTINUOUS
10
6.7354390551181105
20
-3.7027559055118111
11
6.7255845275590547
21
-3.7027559055118111
0
LINE
8
BLACK
6
CONTINUOUS
10
6.7255845275590547
20
-3.7027559055118111
11
6.7158406692913388
21
-3.7042245669291338
0
LINE
8
BLACK
6
CONTINUOUS
10
5.4600125590551176
20
-3.5636581889763779
11
5.4521780708661414
21
-3.5678979921259844
0
LINE
8
BLACK
6
CONTINUOUS
10
5.4521780708661414
20
-3.5678979921259844
11
5.4437525590551177
21
-3.5707904724409447
0
LINE
8
BLACK
6
CONTINUOUS
10
5.4437525590551177
20
-3.5707904724409447
11
5.4349659055118105
21
-3.5722567322834644
0
LINE
8
BLACK
6
CONTINUOUS
10
5.4349659055118105
20
-3.5722567322834644
11
5.4260577165354329
21
-3.5722567322834644
0
LINE
8
BLACK
6
CONTINUOUS
10
5.4260577165354329
20
-3.5722567322834644
11
5.4172710629921257
21
-3.5707904724409447
0
LINE
8
BLACK
6
CONTINUOUS
10
5.4172710629921257
20
-3.5707904724409447
11
5.408845551181102
21
-3.5678979921259844
0
LINE
8
BLACK
6
CONTINUOUS
10
5.408845551181102
20
-3.5678979921259844
11
5.4010110629921257
21
-3.5636581889763779
0
LINE
8
BLACK
6
CONTINUOUS
10
5.4010110629921257
20
-3.5636581889763779
11
5.3969050000000003
21
-3.5604623228346455
0
LINE
8
BLACK
6
CONTINUOUS
10
5.3969050000000003
20
-3.5604623228346455
11
5.3883204330708656
21
-3.569046929133858
0
LINE
8
BLACK
6
CONTINUOUS
10
5.3883204330708656
20
-3.569046929133858
11
5.3894035433070862
21
-3.5700518897637794
0
LINE
8
BLACK
6
CONTINUOUS
10
5.3894035433070862
20
-3.5700518897637794
11
5.3894037007874012
21
-3.5700520078740157
0
LINE
8
BLACK
6
CONTINUOUS
10
5.3894037007874012
20
-3.5700520078740157
11
5.3975457480314963
21
-3.575603149606299
0
LINE
8
BLACK
6
CONTINUOUS
10
5.3975457480314963
20
-3.575603149606299
11
5.4064239763779529
21
-3.5798786220472438
0
LINE
8
BLACK
6
CONTINUOUS
10
5.4064239763779529
20
-3.5798786220472438
11
5.4158402755905515
21
-3.5827831889763777
0
LINE
8
BLACK
6
CONTINUOUS
10
5.4158402755905515
20
-3.5827831889763777
11
5.4158406692913381
21
-3.5827832677165352
0
LINE
8
BLACK
6
CONTINUOUS
10
5.4158406692913381
20
-3.5827832677165352
11
5.4255845275590548
21
-3.5842519291338584
0
LINE
8
BLACK
6
CONTINUOUS
10
5.4255845275590548
20
-3.5842519291338584
11
5.4255848818897636
21
-3.5842519685039371
0
LINE
8
BLACK
6
CONTINUOUS
10
5.4255848818897636
20
-3.5842519685039371
11
5.4354387401574806
21
-3.5842519685039371
0
LINE
8
BLACK
6
CONTINUOUS
10
5.4354387401574806
20
-3.5842519685039371
11
5.4354390551181098
21
-3.5842519291338584
0
LINE
8
BLACK
6
CONTINUOUS
10
5.4354390551181098
20
-3.5842519291338584
11
5.4451829133858265
21
-3.5827832677165352
0
LINE
8
BLACK
6
CONTINUOUS
10
5.4451829133858265
20
-3.5827832677165352
11
5.445183307086614
21
-3.5827831889763777
0
LINE
8
BLACK
6
CONTINUOUS
10
5.445183307086614
20
-3.5827831889763777
11
5.4545996062992126
21
-3.5798786220472438
0
LINE
8
BLACK
6
CONTINUOUS
10
5.4545996062992126
20
-3.5798786220472438
11
5.4634778740157479
21
-3.575603149606299
0
LINE
8
BLACK
6
CONTINUOUS
10
5.4634778740157479
20
-3.575603149606299
11
5.4716196456692909
21
-3.5700522047244094
0
LINE
8
BLACK
6
CONTINUOUS
10
5.4716196456692909
20
-3.5700522047244094
11
5.4716200393700785
21
-3.5700518897637794
0
LINE
8
BLACK
6
CONTINUOUS
10
5.4716200393700785
20
-3.5700518897637794
11
5.472703149606299
21
-3.569046929133858
0
LINE
8
BLACK
6
CONTINUOUS
10
5.472703149606299
20
-3.569046929133858
11
5.4641185433070865
21
-3.5604623228346455
0
LINE
8
BLACK
6
CONTINUOUS
10
5.4641185433070865
20
-3.5604623228346455
11
5.4600125590551176
21
-3.5636581889763779
0
LINE
8
BLACK
6
CONTINUOUS
10
5.5883204330708658
20
-3.569046929133858
11
5.5894035433070863
21
-3.5700518897637794
0
LINE
8
BLACK
6
CONTINUOUS
10
5.5894035433070863
20
-3.5700518897637794
11
5.5894037007874013
21
-3.5700520078740157
0
LINE
8
BLACK
6
CONTINUOUS
10
5.5894037007874013
20
-3.5700520078740157
11
5.5975457480314956
21
-3.575603149606299
0
LINE
8
BLACK
6
CONTINUOUS
10
5.5975457480314956
20
-3.575603149606299
11
5.6064239763779522
21
-3.5798786220472438
0
LINE
8
BLACK
6
CONTINUOUS
10
5.6064239763779522
20
-3.5798786220472438
11
5.6158402755905508
21
-3.5827831889763777
0
LINE
8
BLACK
6
CONTINUOUS
10
5.6158402755905508
20
-3.5827831889763777
11
5.6158406692913383
21
-3.5827832677165352
0
LINE
8
BLACK
6
CONTINUOUS
10
5.6158406692913383
20
-3.5827832677165352
11
5.625584527559055
21
-3.5842519291338584
0
LINE
8
BLACK
6
CONTINUOUS
10
5.625584527559055
20
-3.5842519291338584
11
5.6255848818897638
21
-3.5842519685039371
0
LINE
8
BLACK
6
CONTINUOUS
10
5.6255848818897638
20
-3.5842519685039371
11
5.6354387401574799
21
-3.5842519685039371
0
LINE
8
BLACK
6
CONTINUOUS
10
5.6354387401574799
20
-3.5842519685039371
11
5.6354390551181099
21
-3.5842519291338584
0
LINE
8
BLACK
6
CONTINUOUS
10
5.6354390551181099
20
-3.5842519291338584
11
5.6451829133858267
21
-3.5827832677165352
0
LINE
8
BLACK
6
CONTINUOUS
10
5.6451829133858267
20
-3.5827832677165352
11
5.6451833070866142
21
-3.5827831889763777
0
LINE
8
BLACK
6
CONTINUOUS
10
5.6451833070866142
20
-3.5827831889763777
11
5.6545996062992128
21
-3.5798786220472438
0
LINE
8
BLACK
6
CONTINUOUS
10
5.6545996062992128
20
-3.5798786220472438
11
5.6634778740157481
21
-3.575603149606299
0
LINE
8
BLACK
6
CONTINUOUS
10
5.6634778740157481
20
-3.575603149606299
11
5.6716196456692911
21
-3.5700522047244094
0
LINE
8
BLACK
6
CONTINUOUS
10
5.6716196456692911
20
-3.5700522047244094
11
5.6716200393700786
21
-3.5700518897637794
0
LINE
8
BLACK
6
CONTINUOUS
10
5.6716200393700786
20
-3.5700518897637794
11
5.6727031102362204
21
-3.569046929133858
0
LINE
8
BLACK
6
CONTINUOUS
10
5.6727031102362204
20
-3.569046929133858
11
5.6641185433070866
21
-3.5604623622047242
0
LINE
8
BLACK
6
CONTINUOUS
10
5.6641185433070866
20
-3.5604623622047242
11
5.6600125590551178
21
-3.5636581889763779
0
LINE
8
BLACK
6
CONTINUOUS
10
5.6600125590551178
20
-3.5636581889763779
11
5.6521780708661415
21
-3.5678979921259844
0
LINE
8
BLACK
6
CONTINUOUS
10
5.6521780708661415
20
-3.5678979921259844
11
5.6437525590551179
21
-3.5707904724409447
0
LINE
8
BLACK
6
CONTINUOUS
10
5.6437525590551179
20
-3.5707904724409447
11
5.6349659055118106
21
-3.5722567322834644
0
LINE
8
BLACK
6
CONTINUOUS
10
5.6349659055118106
20
-3.5722567322834644
11
5.6260577165354331
21
-3.5722567322834644
0
LINE
8
BLACK
6
CONTINUOUS
10
5.6260577165354331
20
-3.5722567322834644
11
5.6172710629921259
21
-3.5707904724409447
0
LINE
8
BLACK
6
CONTINUOUS
10
5.6172710629921259
20
-3.5707904724409447
11
5.6088455511811022
21
-3.5678979921259844
0
LINE
8
BLACK
6
CONTINUOUS
10
5.6088455511811022
20
-3.5678979921259844
11
5.6010110629921259
21
-3.5636581889763779
0
LINE
8
BLACK
6
CONTINUOUS
10
5.6010110629921259
20
-3.5636581889763779
11
5.5969049999999996
21
-3.5604623228346455
0
LINE
8
BLACK
6
CONTINUOUS
10
5.5969049999999996
20
-3.5604623228346455
11
5.5883204330708658
21
-3.569046929133858
0
LINE
8
BLACK
6
CONTINUOUS
10
6.5600125590551182
20
-3.5636581889763779
11
6.5521780708661419
21
-3.5678979921259844
0
LINE
8
BLACK
6
CONTINUOUS
10
6.5521780708661419
20
-3.5678979921259844
11
6.5437525590551182
21
-3.5707904724409447
0
LINE
8
BLACK
6
CONTINUOUS
10
6.5437525590551182
20
-3.5707904724409447
11
6.534965905511811
21
-3.5722567322834644
0
LINE
8
BLACK
6
CONTINUOUS
10
6.534965905511811
20
-3.5722567322834644
11
6.5260577165354325
21
-3.5722567322834644
0
LINE
8
BLACK
6
CONTINUOUS
10
6.5260577165354325
20
-3.5722567322834644
11
6.5172710629921262
21
-3.5707904724409447
0
LINE
8
BLACK
6
CONTINUOUS
10
6.5172710629921262
20
-3.5707904724409447
11
6.5088455511811025
21
-3.5678979921259844
0
LINE
8
BLACK
6
CONTINUOUS
10
6.5088455511811025
20
-3.5678979921259844
11
6.5010110629921263
21
-3.5636581889763779
0
LINE
8
BLACK
6
CONTINUOUS
10
6.5010110629921263
20
-3.5636581889763779
11
6.4969049999999999
21
-3.5604623228346455
0
LINE
8
BLACK
6
CONTINUOUS
10
6.4969049999999999
20
-3.5604623228346455
11
6.4883204330708661
21
-3.569046929133858
0
LINE
8
BLACK
6
CONTINUOUS
10
6.4883204330708661
20
-3.569046929133858
11
6.4894035433070867
21
-3.5700518897637794
0
LINE
8
BLACK
6
CONTINUOUS
10
6.4894035433070867
20
-3.5700518897637794
11
6.4894037007874017
21
-3.5700520078740157
0
LINE
8
BLACK
6
CONTINUOUS
10
6.4894037007874017
20
-3.5700520078740157
11
6.497545748031496
21
-3.575603149606299
0
LINE
8
BLACK
6
CONTINUOUS
10
6.497545748031496
20
-3.575603149606299
11
6.5064239763779526
21
-3.5798786220472438
0
LINE
8
BLACK
6
CONTINUOUS
10
6.5064239763779526
20
-3.5798786220472438
11
6.5158402755905511
21
-3.5827831889763777
0
LINE
8
BLACK
6
CONTINUOUS
10
6.5158402755905511
20
-3.5827831889763777
11
6.5158406692913386
21
-3.5827832677165352
0
LINE
8
BLACK
6
CONTINUOUS
10
6.5158406692913386
20
-3.5827832677165352
11
6.5255845275590554
21
-3.5842519291338584
0
LINE
8
BLACK
6
CONTINUOUS
10
6.5255845275590554
20
-3.5842519291338584
11
6.5255848818897633
21
-3.5842519685039371
0
LINE
8
BLACK
6
CONTINUOUS
10
6.5255848818897633
20
-3.5842519685039371
11
6.5354387401574803
21
-3.5842519685039371
0
LINE
8
BLACK
6
CONTINUOUS
10
6.5354387401574803
20
-3.5842519685039371
11
6.5354390551181103
21
-3.5842519291338584
0
LINE
8
BLACK
6
CONTINUOUS
10
6.5354390551181103
20
-3.5842519291338584
11
6.545182913385827
21
-3.5827832677165352
0
LINE
8
BLACK
6
CONTINUOUS
10
6.545182913385827
20
-3.5827832677165352
11
6.5451833070866137
21
-3.5827831889763777
0
LINE
8
BLACK
6
CONTINUOUS
10
6.5451833070866137
20
-3.5827831889763777
11
6.5545996062992122
21
-3.5798786220472438
0
LINE
8
BLACK
6
CONTINUOUS
10
6.5545996062992122
20
-3.5798786220472438
11
6.5634778740157476
21
-3.575603149606299
0
LINE
8
BLACK
6
CONTINUOUS
10
6.5634778740157476
20
-3.575603149606299
11
6.5716196456692915
21
-3.5700522047244094
0
LINE
8
BLACK
6
CONTINUOUS
10
6.5716196456692915
20
-3.5700522047244094
11
6.571620039370079
21
-3.5700518897637794
0
LINE
8
BLACK
6
CONTINUOUS
10
6.571620039370079
20
-3.5700518897637794
11
6.5727031496062986
21
-3.569046929133858
0
LINE
8
BLACK
6
CONTINUOUS
10
6.5727031496062986
20
-3.569046929133858
11
6.5641185433070861
21
-3.5604623228346455
0
LINE
8
BLACK
6
CONTINUOUS
10
6.5641185433070861
20
-3.5604623228346455
11
6.5600125590551182
21
-3.5636581889763779
0
LINE
8
BLACK
6
CONTINUOUS
10
6.7600125590551183
20
-3.5636581889763779
11
6.7521780708661412
21
-3.5678979921259844
0
LINE
8
BLACK
6
CONTINUOUS
10
6.7521780708661412
20
-3.5678979921259844
11
6.7437525590551184
21
-3.5707904724409447
0
LINE
8
BLACK
6
CONTINUOUS
10
6.7437525590551184
20
-3.5707904724409447
11
6.7349659055118112
21
-3.5722567322834644
0
LINE
8
BLACK
6
CONTINUOUS
10
6.7349659055118112
20
-3.5722567322834644
11
6.7260577165354327
21
-3.5722567322834644
0
LINE
8
BLACK
6
CONTINUOUS
10
6.7260577165354327
20
-3.5722567322834644
11
6.7172710629921255
21
-3.5707904724409447
0
LINE
8
BLACK
6
CONTINUOUS
10
6.7172710629921255
20
-3.5707904724409447
11
6.7088455511811018
21
-3.5678979921259844
0
LINE
8
BLACK
6
CONTINUOUS
10
6.7088455511811018
20
-3.5678979921259844
11
6.7010110629921256
21
-3.5636581889763779
0
LINE
8
BLACK
6
CONTINUOUS
10
6.7010110629921256
20
-3.5636581889763779
11
6.6969050000000001
21
-3.5604623228346455
0
LINE
8
BLACK
6
CONTINUOUS
10
6.6969050000000001
20
-3.5604623228346455
11
6.6883204330708663
21
-3.569046929133858
0
LINE
8
BLACK
6
CONTINUOUS
10
6.6883204330708663
20
-3.569046929133858
11
6.6894035433070869
21
-3.5700518897637794
0
LINE
8
BLACK
6
CONTINUOUS
10
6.6894035433070869
20
-3.5700518897637794
11
6.689403700787401
21
-3.5700520078740157
0
LINE
8
BLACK
6
CONTINUOUS
10
6.689403700787401
20
-3.5700520078740157
11
6.6975457480314962
21
-3.575603149606299
0
LINE
8
BLACK
6
CONTINUOUS
10
6.6975457480314962
20
-3.575603149606299
11
6.7064239763779527
21
-3.5798786220472438
0
LINE
8
BLACK
6
CONTINUOUS
10
6.7064239763779527
20
-3.5798786220472438
11
6.7158402755905513
21
-3.5827831889763777
0
LINE
8
BLACK
6
CONTINUOUS
10
6.7158402755905513
20
-3.5827831889763777
11
6.7158406692913388
21
-3.5827832677165352
0
LINE
8
BLACK
6
CONTINUOUS
10
6.7158406692913388
20
-3.5827832677165352
11
6.7255845275590547
21
-3.5842519291338584
0
LINE
8
BLACK
6
CONTINUOUS
10
6.7255845275590547
20
-3.5842519291338584
11
6.7255848818897634
21
-3.5842519685039371
0
LINE
8
BLACK
6
CONTINUOUS
10
6.7255848818897634
20
-3.5842519685039371
11
6.7354387401574805
21
-3.5842519685039371
0
LINE
8
BLACK
6
CONTINUOUS
10
6.7354387401574805
20
-3.5842519685039371
11
6.7354390551181105
21
-3.5842519291338584
0
LINE
8
BLACK
6
CONTINUOUS
10
6.7354390551181105
20
-3.5842519291338584
11
6.7451829133858263
21
-3.5827832677165352
0
LINE
8
BLACK
6
CONTINUOUS
10
6.7451829133858263
20
-3.5827832677165352
11
6.7451833070866138
21
-3.5827831889763777
0
LINE
8
BLACK
6
CONTINUOUS
10
6.7451833070866138
20
-3.5827831889763777
11
6.7545996062992124
21
-3.5798786220472438
0
LINE
8
BLACK
6
CONTINUOUS
10
6.7545996062992124
20
-3.5798786220472438
11
6.7634778740157477
21
-3.575603149606299
0
LINE
8
BLACK
6
CONTINUOUS
10
6.7634778740157477
20
-3.575603149606299
11
6.7716196456692908
21
-3.5700522047244094
0
LINE
8
BLACK
6
CONTINUOUS
10
6.7716196456692908
20
-3.5700522047244094
11
6.7716200393700783
21
-3.5700518897637794
0
LINE
8
BLACK
6
CONTINUOUS
10
6.7716200393700783
20
-3.5700518897637794
11
6.7727031496062988
21
-3.569046929133858
0
LINE
8
BLACK
6
CONTINUOUS
10
6.7727031496062988
20
-3.569046929133858
11
6.7641185433070863
21
-3.5604623228346455
0
LINE
8
BLACK
6
CONTINUOUS
10
6.7641185433070863
20
-3.5604623228346455
11
6.7600125590551183
21
-3.5636581889763779
0
LINE
8
BLACK
6
CONTINUOUS
10
5.4957077952755906
20
-3.5086774015748032
11
5.4957077165354331
21
-3.5086770078740157
0
LINE
8
BLACK
6
CONTINUOUS
10
5.4957077165354331
20
-3.5086770078740157
11
5.4935149999999995
21
-3.4990699212598426
0
LINE
8
BLACK
6
CONTINUOUS
10
5.4935149999999995
20
-3.4990699212598426
11
5.4899149212598424
21
-3.4898971653543307
0
LINE
8
BLACK
6
CONTINUOUS
10
5.4899149212598424
20
-3.4898971653543307
11
5.4899145669291336
21
-3.4898964173228344
0
LINE
8
BLACK
6
CONTINUOUS
10
5.4899145669291336
20
-3.4898964173228344
11
5.4849878346456693
21
-3.4813630708661418
0
LINE
8
BLACK
6
CONTINUOUS
10
5.4849878346456693
20
-3.4813630708661418
11
5.4849876771653543
21
-3.4813628346456693
0
LINE
8
BLACK
6
CONTINUOUS
10
5.4849876771653543
20
-3.4813628346456693
11
5.4810022047244091
21
-3.4763651574803149
0
LINE
8
BLACK
6
CONTINUOUS
10
5.4810022047244091
20
-3.4763651574803149
11
5.4725563385826774
21
-3.4848109842519683
0
LINE
8
BLACK
6
CONTINUOUS
10
5.4725563385826774
20
-3.4848109842519683
11
5.4730756692913385
21
-3.4853751574803149
0
LINE
8
BLACK
6
CONTINUOUS
10
5.4730756692913385
20
-3.4853751574803149
11
5.4779479921259844
21
-3.4928327559055119
0
LINE
8
BLACK
6
CONTINUOUS
10
5.4779479921259844
20
-3.4928327559055119
11
5.4815263779527559
21
-3.5009906299212599
0
LINE
8
BLACK
6
CONTINUOUS
10
5.4815263779527559
20
-3.5009906299212599
11
5.4837131889763775
21
-3.5096261811023619
0
LINE
8
BLACK
6
CONTINUOUS
10
5.4837131889763775
20
-3.5096261811023619
11
5.4844488188976372
21
-3.5185039370078739
0
LINE
8
BLACK
6
CONTINUOUS
10
5.4844488188976372
20
-3.5185039370078739
11
5.4837131889763775
21
-3.5273816929133859
0
LINE
8
BLACK
6
CONTINUOUS
10
5.4837131889763775
20
-3.5273816929133859
11
5.4815263779527559
21
-3.5360172440944879
0
LINE
8
BLACK
6
CONTINUOUS
10
5.4815263779527559
20
-3.5360172440944879
11
5.4779479921259844
21
-3.5441751181102363
0
LINE
8
BLACK
6
CONTINUOUS
10
5.4779479921259844
20
-3.5441751181102363
11
5.4730756692913385
21
-3.5516327165354329
0
LINE
8
BLACK
6
CONTINUOUS
10
5.4730756692913385
20
-3.5516327165354329
11
5.4725563779527562
21
-3.5521968110236219
0
LINE
8
BLACK
6
CONTINUOUS
10
5.4725563779527562
20
-3.5521968110236219
11
5.4810022047244091
21
-3.5606426377952753
0
LINE
8
BLACK
6
CONTINUOUS
10
5.4810022047244091
20
-3.5606426377952753
11
5.4849874409448818
21
-3.5556453149606297
0
LINE
8
BLACK
6
CONTINUOUS
10
5.4849874409448818
20
-3.5556453149606297
11
5.4849878346456693
21
-3.5556447637795277
0
LINE
8
BLACK
6
CONTINUOUS
10
5.4849878346456693
20
-3.5556447637795277
11
5.4899145669291336
21
-3.5471114173228346
0
LINE
8
BLACK
6
CONTINUOUS
10
5.4899145669291336
20
-3.5471114173228346
11
5.4899149212598424
21
-3.5471106692913383
0
LINE
8
BLACK
6
CONTINUOUS
10
5.4899149212598424
20
-3.5471106692913383
11
5.4935149999999995
21
-3.5379379133858269
0
LINE
8
BLACK
6
CONTINUOUS
10
5.4935149999999995
20
-3.5379379133858269
11
5.4957077165354331
21
-3.5283308267716533
0
LINE
8
BLACK
6
CONTINUOUS
10
5.4957077165354331
20
-3.5283308267716533
11
5.4957077952755906
21
-3.5283304330708662
0
LINE
8
BLACK
6
CONTINUOUS
10
5.4957077952755906
20
-3.5283304330708662
11
5.4964442125984254
21
-3.5185040157480314
0
LINE
8
BLACK
6
CONTINUOUS
10
5.4964442125984254
20
-3.5185040157480314
11
5.4964442125984254
21
-3.5185038188976376
0
LINE
8
BLACK
6
CONTINUOUS
10
5.4964442125984254
20
-3.5185038188976376
11
5.4957077952755906
21
-3.5086774015748032
0
LINE
8
BLACK
6
CONTINUOUS
10
5.6725563385826767
20
-3.4848109842519683
11
5.6730756692913387
21
-3.4853751574803149
0
LINE
8
BLACK
6
CONTINUOUS
10
5.6730756692913387
20
-3.4853751574803149
11
5.6779479921259846
21
-3.4928327559055119
0
LINE
8
BLACK
6
CONTINUOUS
10
5.6779479921259846
20
-3.4928327559055119
11
5.6815263779527561
21
-3.5009906299212599
0
LINE
8
BLACK
6
CONTINUOUS
10
5.6815263779527561
20
-3.5009906299212599
11
5.6837131889763777
21
-3.5096261811023619
0
LINE
8
BLACK
6
CONTINUOUS
10
5.6837131889763777
20
-3.5096261811023619
11
5.6844488188976374
21
-3.5185039370078739
0
LINE
8
BLACK
6
CONTINUOUS
10
5.6844488188976374
20
-3.5185039370078739
11
5.6837131889763777
21
-3.5273816929133859
0
LINE
8
BLACK
6
CONTINUOUS
10
5.6837131889763777
20
-3.5273816929133859
11
5.6815263779527561
21
-3.5360172440944879
0
LINE
8
BLACK
6
CONTINUOUS
10
5.6815263779527561
20
-3.5360172440944879
11
5.6779479921259846
21
-3.5441751181102363
0
LINE
8
BLACK
6
CONTINUOUS
10
5.6779479921259846
20
-3.5441751181102363
11
5.6730756692913387
21
-3.5516327165354329
0
LINE
8
BLACK
6
CONTINUOUS
10
5.6730756692913387
20
-3.5516327165354329
11
5.6725563779527555
21
-3.5521968110236219
0
LINE
8
BLACK
6
CONTINUOUS
10
5.6725563779527555
20
-3.5521968110236219
11
5.6810022047244093
21
-3.5606426377952753
0
LINE
8
BLACK
6
CONTINUOUS
10
5.6810022047244093
20
-3.5606426377952753
11
5.684987440944882
21
-3.5556453149606297
0
LINE
8
BLACK
6
CONTINUOUS
10
5.684987440944882
20
-3.5556453149606297
11
5.6849878346456695
21
-3.5556447637795277
0
LINE
8
BLACK
6
CONTINUOUS
10
5.6849878346456695
20
-3.5556447637795277
11
5.6899145669291338
21
-3.5471114173228346
0
LINE
8
BLACK
6
CONTINUOUS
10
5.6899145669291338
20
-3.5471114173228346
11
5.6899149212598426
21
-3.5471106692913383
0
LINE
8
BLACK
6
CONTINUOUS
10
5.6899149212598426
20
-3.5471106692913383
11
5.6935149999999997
21
-3.5379379133858269
0
LINE
8
BLACK
6
CONTINUOUS
10
5.6935149999999997
20
-3.5379379133858269
11
5.6957077165354333
21
-3.5283308267716533
0
LINE
8
BLACK
6
CONTINUOUS
10
5.6957077165354333
20
-3.5283308267716533
11
5.6957077952755908
21
-3.5283304330708662
0
LINE
8
BLACK
6
CONTINUOUS
10
5.6957077952755908
20
-3.5283304330708662
11
5.6964442125984247
21
-3.5185040157480314
0
LINE
8
BLACK
6
CONTINUOUS
10
5.6964442125984247
20
-3.5185040157480314
11
5.6964442125984247
21
-3.5185038188976376
0
LINE
8
BLACK
6
CONTINUOUS
10
5.6964442125984247
20
-3.5185038188976376
11
5.6957077952755908
21
-3.5086774015748032
0
LINE
8
BLACK
6
CONTINUOUS
10
5.6957077952755908
20
-3.5086774015748032
11
5.6957077165354333
21
-3.5086770078740157
0
LINE
8
BLACK
6
CONTINUOUS
10
5.6957077165354333
20
-3.5086770078740157
11
5.6935149999999997
21
-3.4990699212598426
0
LINE
8
BLACK
6
CONTINUOUS
10
5.6935149999999997
20
-3.4990699212598426
11
5.6899149212598426
21
-3.4898971653543307
0
LINE
8
BLACK
6
CONTINUOUS
10
5.6899149212598426
20
-3.4898971653543307
11
5.6899145669291338
21
-3.4898964173228344
0
LINE
8
BLACK
6
CONTINUOUS
10
5.6899145669291338
20
-3.4898964173228344
11
5.6849878346456695
21
-3.4813630708661418
0
LINE
8
BLACK
6
CONTINUOUS
10
5.6849878346456695
20
-3.4813630708661418
11
5.6849876771653545
21
-3.4813628346456693
0
LINE
8
BLACK
6
CONTINUOUS
10
5.6849876771653545
20
-3.4813628346456693
11
5.6810022047244093
21
-3.4763651574803149
0
LINE
8
BLACK
6
CONTINUOUS
10
5.6810022047244093
20
-3.4763651574803149
11
5.6725563385826767
21
-3.4848109842519683
0
LINE
8
BLACK
6
CONTINUOUS
10
6.4760358267716533
20
-3.4813629527559056
11
6.4711088188976378
21
-3.4898968110236219
0
LINE
8
BLACK
6
CONTINUOUS
10
6.4711088188976378
20
-3.4898968110236219
11
6.4711086614173228
21
-3.4898971653543307
0
LINE
8
BLACK
6
CONTINUOUS
10
6.4711086614173228
20
-3.4898971653543307
11
6.4675085826771648
21
-3.4990699212598426
0
LINE
8
BLACK
6
CONTINUOUS
10
6.4675085826771648
20
-3.4990699212598426
11
6.465315866141732
21
-3.5086770078740157
0
LINE
8
BLACK
6
CONTINUOUS
10
6.465315866141732
20
-3.5086770078740157
11
6.4653157874015745
21
-3.5086774015748032
0
LINE
8
BLACK
6
CONTINUOUS
10
6.4653157874015745
20
-3.5086774015748032
11
6.4645794094488185
21
-3.5185038188976376
0
LINE
8
BLACK
6
CONTINUOUS
10
6.4645794094488185
20
-3.5185038188976376
11
6.4645794094488185
21
-3.5185040157480314
0
LINE
8
BLACK
6
CONTINUOUS
10
6.4645794094488185
20
-3.5185040157480314
11
6.4653157874015745
21
-3.5283304330708662
0
LINE
8
BLACK
6
CONTINUOUS
10
6.4653157874015745
20
-3.5283304330708662
11
6.465315866141732
21
-3.5283308267716533
0
LINE
8
BLACK
6
CONTINUOUS
10
6.465315866141732
20
-3.5283308267716533
11
6.4675085826771648
21
-3.5379379133858269
0
LINE
8
BLACK
6
CONTINUOUS
10
6.4675085826771648
20
-3.5379379133858269
11
6.4711086614173228
21
-3.5471106692913383
0
LINE
8
BLACK
6
CONTINUOUS
10
6.4711086614173228
20
-3.5471106692913383
11
6.4711090157480315
21
-3.5471114173228346
0
LINE
8
BLACK
6
CONTINUOUS
10
6.4711090157480315
20
-3.5471114173228346
11
6.4760357480314958
21
-3.5556447637795277
0
LINE
8
BLACK
6
CONTINUOUS
10
6.4760357480314958
20
-3.5556447637795277
11
6.4760359055118109
21
-3.5556449999999997
0
LINE
8
BLACK
6
CONTINUOUS
10
6.4760359055118109
20
-3.5556449999999997
11
6.4800213385826773
21
-3.5606426377952753
0
LINE
8
BLACK
6
CONTINUOUS
10
6.4800213385826773
20
-3.5606426377952753
11
6.4884671653543302
21
-3.5521967322834644
0
LINE
8
BLACK
6
CONTINUOUS
10
6.4884671653543302
20
-3.5521967322834644
11
6.4879479527559054
21
-3.5516327165354329
0
LINE
8
BLACK
6
CONTINUOUS
10
6.4879479527559054
20
-3.5516327165354329
11
6.4830756299212595
21
-3.5441751181102363
0
LINE
8
BLACK
6
CONTINUOUS
10
6.4830756299212595
20
-3.5441751181102363
11
6.479497244094488
21
-3.5360172440944879
0
LINE
8
BLACK
6
CONTINUOUS
10
6.479497244094488
20
-3.5360172440944879
11
6.4773104330708664
21
-3.5273816929133859
0
LINE
8
BLACK
6
CONTINUOUS
10
6.4773104330708664
20
-3.5273816929133859
11
6.4765748031496058
21
-3.5185039370078739
0
LINE
8
BLACK
6
CONTINUOUS
10
6.4765748031496058
20
-3.5185039370078739
11
6.4773104330708664
21
-3.5096261811023619
0
LINE
8
BLACK
6
CONTINUOUS
10
6.4773104330708664
20
-3.5096261811023619
11
6.479497244094488
21
-3.5009906299212599
0
LINE
8
BLACK
6
CONTINUOUS
10
6.479497244094488
20
-3.5009906299212599
11
6.4830756299212595
21
-3.4928327559055119
0
LINE
8
BLACK
6
CONTINUOUS
10
6.4830756299212595
20
-3.4928327559055119
11
6.4879479527559054
21
-3.4853751574803149
0
LINE
8
BLACK
6
CONTINUOUS
10
6.4879479527559054
20
-3.4853751574803149
11
6.488467204724409
21
-3.4848110236220471
0
LINE
8
BLACK
6
CONTINUOUS
10
6.488467204724409
20
-3.4848110236220471
11
6.4800213385826773
21
-3.4763651574803149
0
LINE
8
BLACK
6
CONTINUOUS
10
6.4800213385826773
20
-3.4763651574803149
11
6.4760358267716533
21
-3.4813629527559056
0
LINE
8
BLACK
6
CONTINUOUS
10
6.5957077952755903
20
-3.5086774015748032
11
6.5957077165354328
21
-3.5086770078740157
0
LINE
8
BLACK
6
CONTINUOUS
10
6.5957077165354328
20
-3.5086770078740157
11
6.593515
21
-3.4990699212598426
0
LINE
8
BLACK
6
CONTINUOUS
10
6.593515
20
-3.4990699212598426
11
6.589914921259842
21
-3.4898971653543307
0
LINE
8
BLACK
6
CONTINUOUS
10
6.589914921259842
20
-3.4898971653543307
11
6.5899145669291341
21
-3.4898964173228344
0
LINE
8
BLACK
6
CONTINUOUS
10
6.5899145669291341
20
-3.4898964173228344
11
6.5849878346456689
21
-3.4813630708661418
0
LINE
8
BLACK
6
CONTINUOUS
10
6.5849878346456689
20
-3.4813630708661418
11
6.5849876771653539
21
-3.4813628346456693
0
LINE
8
BLACK
6
CONTINUOUS
10
6.5849876771653539
20
-3.4813628346456693
11
6.5810022047244097
21
-3.4763651574803149
0
LINE
8
BLACK
6
CONTINUOUS
10
6.5810022047244097
20
-3.4763651574803149
11
6.5725563385826771
21
-3.4848109842519683
0
LINE
8
BLACK
6
CONTINUOUS
10
6.5725563385826771
20
-3.4848109842519683
11
6.5730756692913381
21
-3.4853751574803149
0
LINE
8
BLACK
6
CONTINUOUS
10
6.5730756692913381
20
-3.4853751574803149
11
6.577947992125984
21
-3.4928327559055119
0
LINE
8
BLACK
6
CONTINUOUS
10
6.577947992125984
20
-3.4928327559055119
11
6.5815263779527555
21
-3.5009906299212599
0
LINE
8
BLACK
6
CONTINUOUS
10
6.5815263779527555
20
-3.5009906299212599
11
6.583713188976378
21
-3.5096261811023619
0
LINE
8
BLACK
6
CONTINUOUS
10
6.583713188976378
20
-3.5096261811023619
11
6.5844488188976378
21
-3.5185039370078739
0
LINE
8
BLACK
6
CONTINUOUS
10
6.5844488188976378
20
-3.5185039370078739
11
6.583713188976378
21
-3.5273816929133859
0
LINE
8
BLACK
6
CONTINUOUS
10
6.583713188976378
20
-3.5273816929133859
11
6.5815263779527555
21
-3.5360172440944879
0
LINE
8
BLACK
6
CONTINUOUS
10
6.5815263779527555
20
-3.5360172440944879
11
6.577947992125984
21
-3.5441751181102363
0
LINE
8
BLACK
6
CONTINUOUS
10
6.577947992125984
20
-3.5441751181102363
11
6.5730756692913381
21
-3.5516327165354329
0
LINE
8
BLACK
6
CONTINUOUS
10
6.5730756692913381
20
-3.5516327165354329
11
6.5725563779527558
21
-3.5521968110236219
0
LINE
8
BLACK
6
CONTINUOUS
10
6.5725563779527558
20
-3.5521968110236219
11
6.5810022047244097
21
-3.5606426377952753
0
LINE
8
BLACK
6
CONTINUOUS
10
6.5810022047244097
20
-3.5606426377952753
11
6.5849874409448814
21
-3.5556453149606297
0
LINE
8
BLACK
6
CONTINUOUS
10
6.5849874409448814
20
-3.5556453149606297
11
6.5849878346456689
21
-3.5556447637795277
0
LINE
8
BLACK
6
CONTINUOUS
10
6.5849878346456689
20
-3.5556447637795277
11
6.5899145669291341
21
-3.5471114173228346
0
LINE
8
BLACK
6
CONTINUOUS
10
6.5899145669291341
20
-3.5471114173228346
11
6.589914921259842
21
-3.5471106692913383
0
LINE
8
BLACK
6
CONTINUOUS
10
6.589914921259842
20
-3.5471106692913383
11
6.593515
21
-3.5379379133858269
0
LINE
8
BLACK
6
CONTINUOUS
10
6.593515
20
-3.5379379133858269
11
6.5957077165354328
21
-3.5283308267716533
0
LINE
8
BLACK
6
CONTINUOUS
10
6.5957077165354328
20
-3.5283308267716533
11
6.5957077952755903
21
-3.5283304330708662
0
LINE
8
BLACK
6
CONTINUOUS
10
6.5957077952755903
20
-3.5283304330708662
11
6.5964442125984251
21
-3.5185040157480314
0
LINE
8
BLACK
6
CONTINUOUS
10
6.5964442125984251
20
-3.5185040157480314
11
6.5964442125984251
21
-3.5185038188976376
0
LINE
8
BLACK
6
CONTINUOUS
10
6.5964442125984251
20
-3.5185038188976376
11
6.5957077952755903
21
-3.5086774015748032
0
LINE
8
BLACK
6
CONTINUOUS
10
6.7725563385826772
20
-3.4848109842519683
11
6.7730756692913383
21
-3.4853751574803149
0
LINE
8
BLACK
6
CONTINUOUS
10
6.7730756692913383
20
-3.4853751574803149
11
6.7779479921259842
21
-3.4928327559055119
0
LINE
8
BLACK
6
CONTINUOUS
10
6.7779479921259842
20
-3.4928327559055119
11
6.7815263779527557
21
-3.5009906299212599
0
LINE
8
BLACK
6
CONTINUOUS
10
6.7815263779527557
20
-3.5009906299212599
11
6.7837131889763782
21
-3.5096261811023619
0
LINE
8
BLACK
6
CONTINUOUS
10
6.7837131889763782
20
-3.5096261811023619
11
6.784448818897638
21
-3.5185039370078739
0
LINE
8
BLACK
6
CONTINUOUS
10
6.784448818897638
20
-3.5185039370078739
11
6.7837131889763782
21
-3.5273816929133859
0
LINE
8
BLACK
6
CONTINUOUS
10
6.7837131889763782
20
-3.5273816929133859
11
6.7815263779527557
21
-3.5360172440944879
0
LINE
8
BLACK
6
CONTINUOUS
10
6.7815263779527557
20
-3.5360172440944879
11
6.7779479921259842
21
-3.5441751181102363
0
LINE
8
BLACK
6
CONTINUOUS
10
6.7779479921259842
20
-3.5441751181102363
11
6.7730756692913383
21
-3.5516327165354329
0
LINE
8
BLACK
6
CONTINUOUS
10
6.7730756692913383
20
-3.5516327165354329
11
6.772556377952756
21
-3.5521968110236219
0
LINE
8
BLACK
6
CONTINUOUS
10
6.772556377952756
20
-3.5521968110236219
11
6.781002204724409
21
-3.5606426377952753
0
LINE
8
BLACK
6
CONTINUOUS
10
6.781002204724409
20
-3.5606426377952753
11
6.7849874409448816
21
-3.5556453149606297
0
LINE
8
BLACK
6
CONTINUOUS
10
6.7849874409448816
20
-3.5556453149606297
11
6.7849878346456691
21
-3.5556447637795277
0
LINE
8
BLACK
6
CONTINUOUS
10
6.7849878346456691
20
-3.5556447637795277
11
6.7899145669291334
21
-3.5471114173228346
0
LINE
8
BLACK
6
CONTINUOUS
10
6.7899145669291334
20
-3.5471114173228346
11
6.7899149212598422
21
-3.5471106692913383
0
LINE
8
BLACK
6
CONTINUOUS
10
6.7899149212598422
20
-3.5471106692913383
11
6.7935150000000002
21
-3.5379379133858269
0
LINE
8
BLACK
6
CONTINUOUS
10
6.7935150000000002
20
-3.5379379133858269
11
6.7957077165354329
21
-3.5283308267716533
0
LINE
8
BLACK
6
CONTINUOUS
10
6.7957077165354329
20
-3.5283308267716533
11
6.7957077952755904
21
-3.5283304330708662
0
LINE
8
BLACK
6
CONTINUOUS
10
6.7957077952755904
20
-3.5283304330708662
11
6.7964442125984252
21
-3.5185040157480314
0
LINE
8
BLACK
6
CONTINUOUS
10
6.7964442125984252
20
-3.5185040157480314
11
6.7964442125984252
21
-3.5185038188976376
0
LINE
8
BLACK
6
CONTINUOUS
10
6.7964442125984252
20
-3.5185038188976376
11
6.7957077952755904
21
-3.5086774015748032
0
LINE
8
BLACK
6
CONTINUOUS
10
6.7957077952755904
20
-3.5086774015748032
11
6.7957077165354329
21
-3.5086770078740157
0
LINE
8
BLACK
6
CONTINUOUS
10
6.7957077165354329
20
-3.5086770078740157
11
6.7935150000000002
21
-3.4990699212598426
0
LINE
8
BLACK
6
CONTINUOUS
10
6.7935150000000002
20
-3.4990699212598426
11
6.7899149212598422
21
-3.4898971653543307
0
LINE
8
BLACK
6
CONTINUOUS
10
6.7899149212598422
20
-3.4898971653543307
11
6.7899145669291334
21
-3.4898964173228344
0
LINE
8
BLACK
6
CONTINUOUS
10
6.7899145669291334
20
-3.4898964173228344
11
6.7849878346456691
21
-3.4813630708661418
0
LINE
8
BLACK
6
CONTINUOUS
10
6.7849878346456691
20
-3.4813630708661418
11
6.7849876771653541
21
-3.4813628346456693
0
LINE
8
BLACK
6
CONTINUOUS
10
6.7849876771653541
20
-3.4813628346456693
11
6.781002204724409
21
-3.4763651574803149
0
LINE
8
BLACK
6
CONTINUOUS
10
6.781002204724409
20
-3.4763651574803149
11
6.7725563385826772
21
-3.4848109842519683
0
LINE
8
BLACK
6
CONTINUOUS
10
5.4158406692913381
20
-3.4542245669291338
11
5.4158402755905515
21
-3.4542246456692913
0
LINE
8
BLACK
6
CONTINUOUS
10
5.4158402755905515
20
-3.4542246456692913
11
5.4064239763779529
21
-3.4571292125984252
0
LINE
8
BLACK
6
CONTINUOUS
10
5.4064239763779529
20
-3.4571292125984252
11
5.3975457480314963
21
-3.46140468503937
0
LINE
8
BLACK
6
CONTINUOUS
10
5.3975457480314963
20
-3.46140468503937
11
5.3894035826771649
21
-3.4669559055118109
0
LINE
8
BLACK
6
CONTINUOUS
10
5.3894035826771649
20
-3.4669559055118109
11
5.3883204330708656
21
-3.4679608661417323
0
LINE
8
BLACK
6
CONTINUOUS
10
5.3883204330708656
20
-3.4679608661417323
11
5.396905039370079
21
-3.4765454724409448
0
LINE
8
BLACK
6
CONTINUOUS
10
5.396905039370079
20
-3.4765454724409448
11
5.4010110629921257
21
-3.4733496850393699
0
LINE
8
BLACK
6
CONTINUOUS
10
5.4010110629921257
20
-3.4733496850393699
11
5.408845551181102
21
-3.4691098818897639
0
LINE
8
BLACK
6
CONTINUOUS
10
5.408845551181102
20
-3.4691098818897639
11
5.4172710629921257
21
-3.4662174015748031
0
LINE
8
BLACK
6
CONTINUOUS
10
5.4172710629921257
20
-3.4662174015748031
11
5.4260577165354329
21
-3.4647511417322834
0
LINE
8
BLACK
6
CONTINUOUS
10
5.4260577165354329
20
-3.4647511417322834
11
5.4349659055118105
21
-3.4647511417322834
0
LINE
8
BLACK
6
CONTINUOUS
10
5.4349659055118105
20
-3.4647511417322834
11
5.4437525590551177
21
-3.4662174015748031
0
LINE
8
BLACK
6
CONTINUOUS
10
5.4437525590551177
20
-3.4662174015748031
11
5.4521780708661414
21
-3.4691098818897639
0
LINE
8
BLACK
6
CONTINUOUS
10
5.4521780708661414
20
-3.4691098818897639
11
5.4600125590551176
21
-3.4733496850393699
0
LINE
8
BLACK
6
CONTINUOUS
10
5.4600125590551176
20
-3.4733496850393699
11
5.464118464566929
21
-3.4765454330708661
0
LINE
8
BLACK
6
CONTINUOUS
10
5.464118464566929
20
-3.4765454330708661
11
5.4727031102362202
21
-3.4679608661417323
0
LINE
8
BLACK
6
CONTINUOUS
10
5.4727031102362202
20
-3.4679608661417323
11
5.4716200787401572
21
-3.4669559842519684
0
LINE
8
BLACK
6
CONTINUOUS
10
5.4716200787401572
20
-3.4669559842519684
11
5.4634777165354329
21
-3.4614046456692913
0
LINE
8
BLACK
6
CONTINUOUS
10
5.4634777165354329
20
-3.4614046456692913
11
5.4545996062992126
21
-3.4571292125984252
0
LINE
8
BLACK
6
CONTINUOUS
10
5.4545996062992126
20
-3.4571292125984252
11
5.445183307086614
21
-3.4542246456692913
0
LINE
8
BLACK
6
CONTINUOUS
10
5.445183307086614
20
-3.4542246456692913
11
5.4451829133858265
21
-3.4542245669291338
0
LINE
8
BLACK
6
CONTINUOUS
10
5.4451829133858265
20
-3.4542245669291338
11
5.4354390551181098
21
-3.4527559055118111
0
LINE
8
BLACK
6
CONTINUOUS
10
5.4354390551181098
20
-3.4527559055118111
11
5.4255845275590548
21
-3.4527559055118111
0
LINE
8
BLACK
6
CONTINUOUS
10
5.4255845275590548
20
-3.4527559055118111
11
5.4158406692913381
21
-3.4542245669291338
0
LINE
8
BLACK
6
CONTINUOUS
10
5.6158406692913383
20
-3.4542245669291338
11
5.6158402755905508
21
-3.4542246456692913
0
LINE
8
BLACK
6
CONTINUOUS
10
5.6158402755905508
20
-3.4542246456692913
11
5.6064239763779522
21
-3.4571292125984252
0
LINE
8
BLACK
6
CONTINUOUS
10
5.6064239763779522
20
-3.4571292125984252
11
5.5975457480314956
21
-3.46140468503937
0
LINE
8
BLACK
6
CONTINUOUS
10
5.5975457480314956
20
-3.46140468503937
11
5.5894035826771651
21
-3.4669559055118109
0
LINE
8
BLACK
6
CONTINUOUS
10
5.5894035826771651
20
-3.4669559055118109
11
5.5883204330708658
21
-3.4679608661417323
0
LINE
8
BLACK
6
CONTINUOUS
10
5.5883204330708658
20
-3.4679608661417323
11
5.5969050393700783
21
-3.4765454724409448
0
LINE
8
BLACK
6
CONTINUOUS
10
5.5969050393700783
20
-3.4765454724409448
11
5.6010110629921259
21
-3.4733496850393699
0
LINE
8
BLACK
6
CONTINUOUS
10
5.6010110629921259
20
-3.4733496850393699
11
5.6088455511811022
21
-3.4691098818897639
0
LINE
8
BLACK
6
CONTINUOUS
10
5.6088455511811022
20
-3.4691098818897639
11
5.6172710629921259
21
-3.4662174015748031
0
LINE
8
BLACK
6
CONTINUOUS
10
5.6172710629921259
20
-3.4662174015748031
11
5.6260577165354331
21
-3.4647511417322834
0
LINE
8
BLACK
6
CONTINUOUS
10
5.6260577165354331
20
-3.4647511417322834
11
5.6349659055118106
21
-3.4647511417322834
0
LINE
8
BLACK
6
CONTINUOUS
10
5.6349659055118106
20
-3.4647511417322834
11
5.6437525590551179
21
-3.4662174015748031
0
LINE
8
BLACK
6
CONTINUOUS
10
5.6437525590551179
20
-3.4662174015748031
11
5.6521780708661415
21
-3.4691098818897639
0
LINE
8
BLACK
6
CONTINUOUS
10
5.6521780708661415
20
-3.4691098818897639
11
5.6600125590551178
21
-3.4733496850393699
0
LINE
8
BLACK
6
CONTINUOUS
10
5.6600125590551178
20
-3.4733496850393699
11
5.6641184645669291
21
-3.4765454330708661
0
LINE
8
BLACK
6
CONTINUOUS
10
5.6641184645669291
20
-3.4765454330708661
11
5.6727031102362204
21
-3.4679608661417323
0
LINE
8
BLACK
6
CONTINUOUS
10
5.6727031102362204
20
-3.4679608661417323
11
5.6716200787401574
21
-3.4669559842519684
0
LINE
8
BLACK
6
CONTINUOUS
10
5.6716200787401574
20
-3.4669559842519684
11
5.6634777165354331
21
-3.4614046456692913
0
LINE
8
BLACK
6
CONTINUOUS
10
5.6634777165354331
20
-3.4614046456692913
11
5.6545996062992128
21
-3.4571292125984252
0
LINE
8
BLACK
6
CONTINUOUS
10
5.6545996062992128
20
-3.4571292125984252
11
5.6451833070866142
21
-3.4542246456692913
0
LINE
8
BLACK
6
CONTINUOUS
10
5.6451833070866142
20
-3.4542246456692913
11
5.6451829133858267
21
-3.4542245669291338
0
LINE
8
BLACK
6
CONTINUOUS
10
5.6451829133858267
20
-3.4542245669291338
11
5.6354390551181099
21
-3.4527559055118111
0
LINE
8
BLACK
6
CONTINUOUS
10
5.6354390551181099
20
-3.4527559055118111
11
5.625584527559055
21
-3.4527559055118111
0
LINE
8
BLACK
6
CONTINUOUS
10
5.625584527559055
20
-3.4527559055118111
11
5.6158406692913383
21
-3.4542245669291338
0
LINE
8
BLACK
6
CONTINUOUS
10
6.5158406692913386
20
-3.4542245669291338
11
6.5158402755905511
21
-3.4542246456692913
0
LINE
8
BLACK
6
CONTINUOUS
10
6.5158402755905511
20
-3.4542246456692913
11
6.5064239763779526
21
-3.4571292125984252
0
LINE
8
BLACK
6
CONTINUOUS
10
6.5064239763779526
20
-3.4571292125984252
11
6.497545748031496
21
-3.46140468503937
0
LINE
8
BLACK
6
CONTINUOUS
10
6.497545748031496
20
-3.46140468503937
11
6.4894035826771654
21
-3.4669559055118109
0
LINE
8
BLACK
6
CONTINUOUS
10
6.4894035826771654
20
-3.4669559055118109
11
6.4883204330708661
21
-3.4679608661417323
0
LINE
8
BLACK
6
CONTINUOUS
10
6.4883204330708661
20
-3.4679608661417323
11
6.4969050393700787
21
-3.4765454724409448
0
LINE
8
BLACK
6
CONTINUOUS
10
6.4969050393700787
20
-3.4765454724409448
11
6.5010110629921263
21
-3.4733496850393699
0
LINE
8
BLACK
6
CONTINUOUS
10
6.5010110629921263
20
-3.4733496850393699
11
6.5088455511811025
21
-3.4691098818897639
0
LINE
8
BLACK
6
CONTINUOUS
10
6.5088455511811025
20
-3.4691098818897639
11
6.5172710629921262
21
-3.4662174015748031
0
LINE
8
BLACK
6
CONTINUOUS
10
6.5172710629921262
20
-3.4662174015748031
11
6.5260577165354325
21
-3.4647511417322834
0
LINE
8
BLACK
6
CONTINUOUS
10
6.5260577165354325
20
-3.4647511417322834
11
6.534965905511811
21
-3.4647511417322834
0
LINE
8
BLACK
6
CONTINUOUS
10
6.534965905511811
20
-3.4647511417322834
11
6.5437525590551182
21
-3.4662174015748031
0
LINE
8
BLACK
6
CONTINUOUS
10
6.5437525590551182
20
-3.4662174015748031
11
6.5521780708661419
21
-3.4691098818897639
0
LINE
8
BLACK
6
CONTINUOUS
10
6.5521780708661419
20
-3.4691098818897639
11
6.5600125590551182
21
-3.4733496850393699
0
LINE
8
BLACK
6
CONTINUOUS
10
6.5600125590551182
20
-3.4733496850393699
11
6.5641184645669286
21
-3.4765454330708661
0
LINE
8
BLACK
6
CONTINUOUS
10
6.5641184645669286
20
-3.4765454330708661
11
6.5727031102362199
21
-3.4679608661417323
0
LINE
8
BLACK
6
CONTINUOUS
10
6.5727031102362199
20
-3.4679608661417323
11
6.5716200787401577
21
-3.4669559842519684
0
LINE
8
BLACK
6
CONTINUOUS
10
6.5716200787401577
20
-3.4669559842519684
11
6.5634777165354325
21
-3.4614046456692913
0
LINE
8
BLACK
6
CONTINUOUS
10
6.5634777165354325
20
-3.4614046456692913
11
6.5545996062992122
21
-3.4571292125984252
0
LINE
8
BLACK
6
CONTINUOUS
10
6.5545996062992122
20
-3.4571292125984252
11
6.5451833070866137
21
-3.4542246456692913
0
LINE
8
BLACK
6
CONTINUOUS
10
6.5451833070866137
20
-3.4542246456692913
11
6.545182913385827
21
-3.4542245669291338
0
LINE
8
BLACK
6
CONTINUOUS
10
6.545182913385827
20
-3.4542245669291338
11
6.5354390551181103
21
-3.4527559055118111
0
LINE
8
BLACK
6
CONTINUOUS
10
6.5354390551181103
20
-3.4527559055118111
11
6.5255845275590554
21
-3.4527559055118111
0
LINE
8
BLACK
6
CONTINUOUS
10
6.5255845275590554
20
-3.4527559055118111
11
6.5158406692913386
21
-3.4542245669291338
0
LINE
8
BLACK
6
CONTINUOUS
10
6.7158406692913388
20
-3.4542245669291338
11
6.7158402755905513
21
-3.4542246456692913
0
LINE
8
BLACK
6
CONTINUOUS
10
6.7158402755905513
20
-3.4542246456692913
11
6.7064239763779527
21
-3.4571292125984252
0
LINE
8
BLACK
6
CONTINUOUS
10
6.7064239763779527
20
-3.4571292125984252
11
6.6975457480314962
21
-3.46140468503937
0
LINE
8
BLACK
6
CONTINUOUS
10
6.6975457480314962
20
-3.46140468503937
11
6.6894035826771656
21
-3.4669559055118109
0
LINE
8
BLACK
6
CONTINUOUS
10
6.6894035826771656
20
-3.4669559055118109
11
6.6883204330708663
21
-3.4679608661417323
0
LINE
8
BLACK
6
CONTINUOUS
10
6.6883204330708663
20
-3.4679608661417323
11
6.6969050393700789
21
-3.4765454724409448
0
LINE
8
BLACK
6
CONTINUOUS
10
6.6969050393700789
20
-3.4765454724409448
11
6.7010110629921256
21
-3.4733496850393699
0
LINE
8
BLACK
6
CONTINUOUS
10
6.7010110629921256
20
-3.4733496850393699
11
6.7088455511811018
21
-3.4691098818897639
0
LINE
8
BLACK
6
CONTINUOUS
10
6.7088455511811018
20
-3.4691098818897639
11
6.7172710629921255
21
-3.4662174015748031
0
LINE
8
BLACK
6
CONTINUOUS
10
6.7172710629921255
20
-3.4662174015748031
11
6.7260577165354327
21
-3.4647511417322834
0
LINE
8
BLACK
6
CONTINUOUS
10
6.7260577165354327
20
-3.4647511417322834
11
6.7349659055118112
21
-3.4647511417322834
0
LINE
8
BLACK
6
CONTINUOUS
10
6.7349659055118112
20
-3.4647511417322834
11
6.7437525590551184
21
-3.4662174015748031
0
LINE
8
BLACK
6
CONTINUOUS
10
6.7437525590551184
20
-3.4662174015748031
11
6.7521780708661412
21
-3.4691098818897639
0
LINE
8
BLACK
6
CONTINUOUS
10
6.7521780708661412
20
-3.4691098818897639
11
6.7600125590551183
21
-3.4733496850393699
0
LINE
8
BLACK
6
CONTINUOUS
10
6.7600125590551183
20
-3.4733496850393699
11
6.7641184645669288
21
-3.4765454330708661
0
LINE
8
BLACK
6
CONTINUOUS
10
6.7641184645669288
20
-3.4765454330708661
11
6.7727031102362201
21
-3.4679608661417323
0
LINE
8
BLACK
6
CONTINUOUS
10
6.7727031102362201
20
-3.4679608661417323
11
6.771620078740157
21
-3.4669559842519684
0
LINE
8
BLACK
6
CONTINUOUS
10
6.771620078740157
20
-3.4669559842519684
11
6.7634777165354327
21
-3.4614046456692913
0
LINE
8
BLACK
6
CONTINUOUS
10
6.7634777165354327
20
-3.4614046456692913
11
6.7545996062992124
21
-3.4571292125984252
0
LINE
8
BLACK
6
CONTINUOUS
10
6.7545996062992124
20
-3.4571292125984252
11
6.7451833070866138
21
-3.4542246456692913
0
LINE
8
BLACK
6
CONTINUOUS
10
6.7451833070866138
20
-3.4542246456692913
11
6.7451829133858263
21
-3.4542245669291338
0
LINE
8
BLACK
6
CONTINUOUS
10
6.7451829133858263
20
-3.4542245669291338
11
6.7354390551181105
21
-3.4527559055118111
0
LINE
8
BLACK
6
CONTINUOUS
10
6.7354390551181105
20
-3.4527559055118111
11
6.7255845275590547
21
-3.4527559055118111
0
LINE
8
BLACK
6
CONTINUOUS
10
6.7255845275590547
20
-3.4527559055118111
11
6.7158406692913388
21
-3.4542245669291338
0
LINE
8
BLACK
6
CONTINUOUS
10
5.521449960629921
20
-3.3671099212598423
11
5.5126628740157475
21
-3.3694644094488186
0
LINE
8
BLACK
6
CONTINUOUS
10
5.5126628740157475
20
-3.3694644094488186
11
5.5044184645669292
21
-3.3733088188976379
0
LINE
8
BLACK
6
CONTINUOUS
10
5.5044184645669292
20
-3.3733088188976379
11
5.4969669685039371
21
-3.3785263779527557
0
LINE
8
BLACK
6
CONTINUOUS
10
5.4969669685039371
20
-3.3785263779527557
11
5.4905342519685041
21
-3.3849590944881891
0
LINE
8
BLACK
6
CONTINUOUS
10
5.4905342519685041
20
-3.3849590944881891
11
5.4853166929133854
21
-3.3924105905511812
0
LINE
8
BLACK
6
CONTINUOUS
10
5.4853166929133854
20
-3.3924105905511812
11
5.4814722834645666
21
-3.400655
0
LINE
8
BLACK
6
CONTINUOUS
10
5.4814722834645666
20
-3.400655
11
5.4791177952755907
21
-3.409442086614173
0
LINE
8
BLACK
6
CONTINUOUS
10
5.4791177952755907
20
-3.409442086614173
11
5.4783250393700786
21
-3.4185037795275588
0
LINE
8
BLACK
6
CONTINUOUS
10
5.4783250393700786
20
-3.4185037795275588
11
5.4783250393700786
21
-3.4185040551181101
0
LINE
8
BLACK
6
CONTINUOUS
10
5.4783250393700786
20
-3.4185040551181101
11
5.4791177952755907
21
-3.4275657480314958
0
LINE
8
BLACK
6
CONTINUOUS
10
5.4791177952755907
20
-3.4275657480314958
11
5.4791178346456695
21
-3.4275660236220471
0
LINE
8
BLACK
6
CONTINUOUS
10
5.4791178346456695
20
-3.4275660236220471
11
5.4791178740157482
21
-3.4275660629921259
0
LINE
8
BLACK
6
CONTINUOUS
10
5.4791178740157482
20
-3.4275660629921259
11
5.4814722834645666
21
-3.4363528740157481
0
LINE
8
BLACK
6
CONTINUOUS
10
5.4814722834645666
20
-3.4363528740157481
11
5.4853167322834642
21
-3.4445973228346456
0
LINE
8
BLACK
6
CONTINUOUS
10
5.4853167322834642
20
-3.4445973228346456
11
5.4905344094488191
21
-3.452048937007874
0
LINE
8
BLACK
6
CONTINUOUS
10
5.4905344094488191
20
-3.452048937007874
11
5.4969668110236221
21
-3.4584813385826769
0
LINE
8
BLACK
6
CONTINUOUS
10
5.4969668110236221
20
-3.4584813385826769
11
5.5044184251968504
21
-3.4636990157480314
0
LINE
8
BLACK
6
CONTINUOUS
10
5.5044184251968504
20
-3.4636990157480314
11
5.5126628740157475
21
-3.467543464566929
0
LINE
8
BLACK
6
CONTINUOUS
10
5.5126628740157475
20
-3.467543464566929
11
5.5214496850393697
21
-3.4698978740157478
0
LINE
8
BLACK
6
CONTINUOUS
10
5.5214496850393697
20
-3.4698978740157478
11
5.5214498425196847
21
-3.4698978740157478
0
LINE
8
BLACK
6
CONTINUOUS
10
5.5214498425196847
20
-3.4698978740157478
11
5.521449960629921
21
-3.4698979133858265
0
LINE
8
BLACK
6
CONTINUOUS
10
5.521449960629921
20
-3.4698979133858265
11
5.530511692913386
21
-3.4706907086614174
0
LINE
8
BLACK
6
CONTINUOUS
10
5.530511692913386
20
-3.4706907086614174
11
5.5305118110236222
21
-3.4706907086614174
0
LINE
8
BLACK
6
CONTINUOUS
10
5.5305118110236222
20
-3.4706907086614174
11
5.5305119291338585
21
-3.4706907086614174
0
LINE
8
BLACK
6
CONTINUOUS
10
5.5305119291338585
20
-3.4706907086614174
11
5.5395736220472438
21
-3.4698979133858265
0
LINE
8
BLACK
6
CONTINUOUS
10
5.5395736220472438
20
-3.4698979133858265
11
5.5395736614173225
21
-3.4698978740157478
0
LINE
8
BLACK
6
CONTINUOUS
10
5.5395736614173225
20
-3.4698978740157478
11
5.5395739370078738
21
-3.4698978740157478
0
LINE
8
BLACK
6
CONTINUOUS
10
5.5395739370078738
20
-3.4698978740157478
11
5.548360748031496
21
-3.467543464566929
0
LINE
8
BLACK
6
CONTINUOUS
10
5.548360748031496
20
-3.467543464566929
11
5.556605196850394
21
-3.4636990157480314
0
LINE
8
BLACK
6
CONTINUOUS
10
5.556605196850394
20
-3.4636990157480314
11
5.5640568110236215
21
-3.4584813385826769
0
LINE
8
BLACK
6
CONTINUOUS
10
5.5640568110236215
20
-3.4584813385826769
11
5.5704892125984253
21
-3.452048937007874
0
LINE
8
BLACK
6
CONTINUOUS
10
5.5704892125984253
20
-3.452048937007874
11
5.5757068897637794
21
-3.4445973228346456
0
LINE
8
BLACK
6
CONTINUOUS
10
5.5757068897637794
20
-3.4445973228346456
11
5.5795513385826769
21
-3.4363528740157481
0
LINE
8
BLACK
6
CONTINUOUS
10
5.5795513385826769
20
-3.4363528740157481
11
5.5819057480314962
21
-3.4275660629921259
0
LINE
8
BLACK
6
CONTINUOUS
10
5.5819057480314962
20
-3.4275660629921259
11
5.5826985826771649
21
-3.4185039370078738
0
LINE
8
BLACK
6
CONTINUOUS
10
5.5826985826771649
20
-3.4185039370078738
11
5.5819057480314962
21
-3.4094418110236218
0
LINE
8
BLACK
6
CONTINUOUS
10
5.5819057480314962
20
-3.4094418110236218
11
5.5795513385826769
21
-3.400655
0
LINE
8
BLACK
6
CONTINUOUS
10
5.5795513385826769
20
-3.400655
11
5.5757068897637794
21
-3.3924105511811025
0
LINE
8
BLACK
6
CONTINUOUS
10
5.5757068897637794
20
-3.3924105511811025
11
5.5704892125984253
21
-3.3849589370078741
0
LINE
8
BLACK
6
CONTINUOUS
10
5.5704892125984253
20
-3.3849589370078741
11
5.5640568110236215
21
-3.3785265354330707
0
LINE
8
BLACK
6
CONTINUOUS
10
5.5640568110236215
20
-3.3785265354330707
11
5.5640566535433074
21
-3.3785264173228344
0
LINE
8
BLACK
6
CONTINUOUS
10
5.5640566535433074
20
-3.3785264173228344
11
5.5640566141732286
21
-3.3785263779527557
0
LINE
8
BLACK
6
CONTINUOUS
10
5.5640566141732286
20
-3.3785263779527557
11
5.5598817716535436
21
-3.3756031496062993
0
LINE
8
BLACK
6
CONTINUOUS
10
5.5598817716535436
20
-3.3756031496062993
11
5.556605196850394
21
-3.3733088582677166
0
LINE
8
BLACK
6
CONTINUOUS
10
5.556605196850394
20
-3.3733088582677166
11
5.548360748031496
21
-3.3694644094488186
0
LINE
8
BLACK
6
CONTINUOUS
10
5.548360748031496
20
-3.3694644094488186
11
5.5395739370078738
21
-3.3671099999999998
0
LINE
8
BLACK
6
CONTINUOUS
10
5.5395739370078738
20
-3.3671099999999998
11
5.5395738976377951
21
-3.3671099606299211
0
LINE
8
BLACK
6
CONTINUOUS
10
5.5395738976377951
20
-3.3671099606299211
11
5.5395736220472438
21
-3.3671099212598423
0
LINE
8
BLACK
6
CONTINUOUS
10
5.5395736220472438
20
-3.3671099212598423
11
5.5305119291338585
21
-3.3663171653543307
0
LINE
8
BLACK
6
CONTINUOUS
10
5.5305119291338585
20
-3.3663171653543307
11
5.530511692913386
21
-3.3663171653543307
0
LINE
8
BLACK
6
CONTINUOUS
10
5.530511692913386
20
-3.3663171653543307
11
5.521449960629921
21
-3.3671099212598423
0
LINE
8
BLACK
6
CONTINUOUS
10
6.6214499606299215
20
-3.3671099212598423
11
6.612662874015748
21
-3.3694644094488186
0
LINE
8
BLACK
6
CONTINUOUS
10
6.612662874015748
20
-3.3694644094488186
11
6.6044184645669288
21
-3.3733088188976379
0
LINE
8
BLACK
6
CONTINUOUS
10
6.6044184645669288
20
-3.3733088188976379
11
6.5969669685039367
21
-3.3785263779527557
0
LINE
8
BLACK
6
CONTINUOUS
10
6.5969669685039367
20
-3.3785263779527557
11
6.5905342519685037
21
-3.3849590944881891
0
LINE
8
BLACK
6
CONTINUOUS
10
6.5905342519685037
20
-3.3849590944881891
11
6.5853166929133859
21
-3.3924105905511812
0
LINE
8
BLACK
6
CONTINUOUS
10
6.5853166929133859
20
-3.3924105905511812
11
6.5814722834645671
21
-3.400655
0
LINE
8
BLACK
6
CONTINUOUS
10
6.5814722834645671
20
-3.400655
11
6.5791177952755904
21
-3.409442086614173
0
LINE
8
BLACK
6
CONTINUOUS
10
6.5791177952755904
20
-3.409442086614173
11
6.5783250393700783
21
-3.4185037795275588
0
LINE
8
BLACK
6
CONTINUOUS
10
6.5783250393700783
20
-3.4185037795275588
11
6.5783250393700783
21
-3.4185040551181101
0
LINE
8
BLACK
6
CONTINUOUS
10
6.5783250393700783
20
-3.4185040551181101
11
6.5791177952755904
21
-3.4275657480314958
0
LINE
8
BLACK
6
CONTINUOUS
10
6.5791177952755904
20
-3.4275657480314958
11
6.5791178346456691
21
-3.4275660236220471
0
LINE
8
BLACK
6
CONTINUOUS
10
6.5791178346456691
20
-3.4275660236220471
11
6.5791178740157479
21
-3.4275660629921259
0
LINE
8
BLACK
6
CONTINUOUS
10
6.5791178740157479
20
-3.4275660629921259
11
6.5814722834645671
21
-3.4363528740157481
0
LINE
8
BLACK
6
CONTINUOUS
10
6.5814722834645671
20
-3.4363528740157481
11
6.5853167322834647
21
-3.4445973228346456
0
LINE
8
BLACK
6
CONTINUOUS
10
6.5853167322834647
20
-3.4445973228346456
11
6.5905344094488187
21
-3.452048937007874
0
LINE
8
BLACK
6
CONTINUOUS
10
6.5905344094488187
20
-3.452048937007874
11
6.5969668110236217
21
-3.4584813385826769
0
LINE
8
BLACK
6
CONTINUOUS
10
6.5969668110236217
20
-3.4584813385826769
11
6.6044184251968501
21
-3.4636990157480314
0
LINE
8
BLACK
6
CONTINUOUS
10
6.6044184251968501
20
-3.4636990157480314
11
6.612662874015748
21
-3.467543464566929
0
LINE
8
BLACK
6
CONTINUOUS
10
6.612662874015748
20
-3.467543464566929
11
6.6214496850393703
21
-3.4698978740157478
0
LINE
8
BLACK
6
CONTINUOUS
10
6.6214496850393703
20
-3.4698978740157478
11
6.6214498425196853
21
-3.4698978740157478
0
LINE
8
BLACK
6
CONTINUOUS
10
6.6214498425196853
20
-3.4698978740157478
11
6.6214499606299215
21
-3.4698979133858265
0
LINE
8
BLACK
6
CONTINUOUS
10
6.6214499606299215
20
-3.4698979133858265
11
6.6305116929133856
21
-3.4706907086614174
0
LINE
8
BLACK
6
CONTINUOUS
10
6.6305116929133856
20
-3.4706907086614174
11
6.6305118110236219
21
-3.4706907086614174
0
LINE
8
BLACK
6
CONTINUOUS
10
6.6305118110236219
20
-3.4706907086614174
11
6.6305119291338581
21
-3.4706907086614174
0
LINE
8
BLACK
6
CONTINUOUS
10
6.6305119291338581
20
-3.4706907086614174
11
6.6395736220472443
21
-3.4698979133858265
0
LINE
8
BLACK
6
CONTINUOUS
10
6.6395736220472443
20
-3.4698979133858265
11
6.6395736614173231
21
-3.4698978740157478
0
LINE
8
BLACK
6
CONTINUOUS
10
6.6395736614173231
20
-3.4698978740157478
11
6.6395739370078735
21
-3.4698978740157478
0
LINE
8
BLACK
6
CONTINUOUS
10
6.6395739370078735
20
-3.4698978740157478
11
6.6483607480314957
21
-3.467543464566929
0
LINE
8
BLACK
6
CONTINUOUS
10
6.6483607480314957
20
-3.467543464566929
11
6.6566051968503936
21
-3.4636990157480314
0
LINE
8
BLACK
6
CONTINUOUS
10
6.6566051968503936
20
-3.4636990157480314
11
6.664056811023622
21
-3.4584813385826769
0
LINE
8
BLACK
6
CONTINUOUS
10
6.664056811023622
20
-3.4584813385826769
11
6.670489212598425
21
-3.452048937007874
0
LINE
8
BLACK
6
CONTINUOUS
10
6.670489212598425
20
-3.452048937007874
11
6.675706889763779
21
-3.4445973228346456
0
LINE
8
BLACK
6
CONTINUOUS
10
6.675706889763779
20
-3.4445973228346456
11
6.6795513385826766
21
-3.4363528740157481
0
LINE
8
BLACK
6
CONTINUOUS
10
6.6795513385826766
20
-3.4363528740157481
11
6.6819057480314958
21
-3.4275660629921259
0
LINE
8
BLACK
6
CONTINUOUS
10
6.6819057480314958
20
-3.4275660629921259
11
6.6826985826771654
21
-3.4185039370078738
0
LINE
8
BLACK
6
CONTINUOUS
10
6.6826985826771654
20
-3.4185039370078738
11
6.6819057480314958
21
-3.4094418110236218
0
LINE
8
BLACK
6
CONTINUOUS
10
6.6819057480314958
20
-3.4094418110236218
11
6.6795513385826766
21
-3.400655
0
LINE
8
BLACK
6
CONTINUOUS
10
6.6795513385826766
20
-3.400655
11
6.675706889763779
21
-3.3924105511811025
0
LINE
8
BLACK
6
CONTINUOUS
10
6.675706889763779
20
-3.3924105511811025
11
6.670489212598425
21
-3.3849589370078741
0
LINE
8
BLACK
6
CONTINUOUS
10
6.670489212598425
20
-3.3849589370078741
11
6.664056811023622
21
-3.3785265354330707
0
LINE
8
BLACK
6
CONTINUOUS
10
6.664056811023622
20
-3.3785265354330707
11
6.664056653543307
21
-3.3785264173228344
0
LINE
8
BLACK
6
CONTINUOUS
10
6.664056653543307
20
-3.3785264173228344
11
6.6640566141732283
21
-3.3785263779527557
0
LINE
8
BLACK
6
CONTINUOUS
10
6.6640566141732283
20
-3.3785263779527557
11
6.6598817716535432
21
-3.3756031496062993
0
LINE
8
BLACK
6
CONTINUOUS
10
6.6598817716535432
20
-3.3756031496062993
11
6.6566051968503936
21
-3.3733088582677166
0
LINE
8
BLACK
6
CONTINUOUS
10
6.6566051968503936
20
-3.3733088582677166
11
6.6483607480314957
21
-3.3694644094488186
0
LINE
8
BLACK
6
CONTINUOUS
10
6.6483607480314957
20
-3.3694644094488186
11
6.6395739370078735
21
-3.3671099999999998
0
LINE
8
BLACK
6
CONTINUOUS
10
6.6395739370078735
20
-3.3671099999999998
11
6.6395738976377947
21
-3.3671099606299211
0
LINE
8
BLACK
6
CONTINUOUS
10
6.6395738976377947
20
-3.3671099606299211
11
6.6395736220472443
21
-3.3671099212598423
0
LINE
8
BLACK
6
CONTINUOUS
10
6.6395736220472443
20
-3.3671099212598423
11
6.6305119291338581
21
-3.3663171653543307
0
LINE
8
BLACK
6
CONTINUOUS
10
6.6305119291338581
20
-3.3663171653543307
11
6.6305116929133856
21
-3.3663171653543307
0
LINE
8
BLACK
6
CONTINUOUS
10
6.6305116929133856
20
-3.3663171653543307
11
6.6214499606299215
21
-3.3671099212598423
0
LINE
8
BLACK
6
CONTINUOUS
10
5.3883204330708656
20
-3.3690469291338583
11
5.3894035433070862
21
-3.3700518897637792
0
LINE
8
BLACK
6
CONTINUOUS
10
5.3894035433070862
20
-3.3700518897637792
11
5.3894037007874012
21
-3.3700520078740155
0
LINE
8
BLACK
6
CONTINUOUS
10
5.3894037007874012
20
-3.3700520078740155
11
5.3975457480314963
21
-3.3756031496062993
0
LINE
8
BLACK
6
CONTINUOUS
10
5.3975457480314963
20
-3.3756031496062993
11
5.4064239763779529
21
-3.3798786220472441
0
LINE
8
BLACK
6
CONTINUOUS
10
5.4064239763779529
20
-3.3798786220472441
11
5.4158402755905515
21
-3.382783188976378
0
LINE
8
BLACK
6
CONTINUOUS
10
5.4158402755905515
20
-3.382783188976378
11
5.4158406692913381
21
-3.3827832677165355
0
LINE
8
BLACK
6
CONTINUOUS
10
5.4158406692913381
20
-3.3827832677165355
11
5.4255845275590548
21
-3.3842519291338582
0
LINE
8
BLACK
6
CONTINUOUS
10
5.4255845275590548
20
-3.3842519291338582
11
5.4255848818897636
21
-3.3842519685039369
0
LINE
8
BLACK
6
CONTINUOUS
10
5.4255848818897636
20
-3.3842519685039369
11
5.4354387401574806
21
-3.3842519685039369
0
LINE
8
BLACK
6
CONTINUOUS
10
5.4354387401574806
20
-3.3842519685039369
11
5.4354390551181098
21
-3.3842519291338582
0
LINE
8
BLACK
6
CONTINUOUS
10
5.4354390551181098
20
-3.3842519291338582
11
5.4451829133858265
21
-3.3827832677165355
0
LINE
8
BLACK
6
CONTINUOUS
10
5.4451829133858265
20
-3.3827832677165355
11
5.445183307086614
21
-3.382783188976378
0
LINE
8
BLACK
6
CONTINUOUS
10
5.445183307086614
20
-3.382783188976378
11
5.4545996062992126
21
-3.3798786220472441
0
LINE
8
BLACK
6
CONTINUOUS
10
5.4545996062992126
20
-3.3798786220472441
11
5.4634778740157479
21
-3.3756031496062993
0
LINE
8
BLACK
6
CONTINUOUS
10
5.4634778740157479
20
-3.3756031496062993
11
5.4716196456692909
21
-3.3700522047244093
0
LINE
8
BLACK
6
CONTINUOUS
10
5.4716196456692909
20
-3.3700522047244093
11
5.4716200393700785
21
-3.3700518897637792
0
LINE
8
BLACK
6
CONTINUOUS
10
5.4716200393700785
20
-3.3700518897637792
11
5.4727031102362202
21
-3.3690469291338583
0
LINE
8
BLACK
6
CONTINUOUS
10
5.4727031102362202
20
-3.3690469291338583
11
5.4641185433070865
21
-3.3604623622047245
0
LINE
8
BLACK
6
CONTINUOUS
10
5.4641185433070865
20
-3.3604623622047245
11
5.4600125590551176
21
-3.3636581889763777
0
LINE
8
BLACK
6
CONTINUOUS
10
5.4600125590551176
20
-3.3636581889763777
11
5.4521780708661414
21
-3.3678979921259842
0
LINE
8
BLACK
6
CONTINUOUS
10
5.4521780708661414
20
-3.3678979921259842
11
5.4437525590551177
21
-3.370790472440945
0
LINE
8
BLACK
6
CONTINUOUS
10
5.4437525590551177
20
-3.370790472440945
11
5.4349659055118105
21
-3.3722567322834647
0
LINE
8
BLACK
6
CONTINUOUS
10
5.4349659055118105
20
-3.3722567322834647
11
5.4260577165354329
21
-3.3722567322834647
0
LINE
8
BLACK
6
CONTINUOUS
10
5.4260577165354329
20
-3.3722567322834647
11
5.4172710629921257
21
-3.370790472440945
0
LINE
8
BLACK
6
CONTINUOUS
10
5.4172710629921257
20
-3.370790472440945
11
5.408845551181102
21
-3.3678979921259842
0
LINE
8
BLACK
6
CONTINUOUS
10
5.408845551181102
20
-3.3678979921259842
11
5.4010110629921257
21
-3.3636581889763777
0
LINE
8
BLACK
6
CONTINUOUS
10
5.4010110629921257
20
-3.3636581889763777
11
5.3969050000000003
21
-3.3604623228346457
0
LINE
8
BLACK
6
CONTINUOUS
10
5.3969050000000003
20
-3.3604623228346457
11
5.3883204330708656
21
-3.3690469291338583
0
LINE
8
BLACK
6
CONTINUOUS
10
5.6600125590551178
20
-3.3636581889763777
11
5.6521780708661415
21
-3.3678979921259842
0
LINE
8
BLACK
6
CONTINUOUS
10
5.6521780708661415
20
-3.3678979921259842
11
5.6437525590551179
21
-3.370790472440945
0
LINE
8
BLACK
6
CONTINUOUS
10
5.6437525590551179
20
-3.370790472440945
11
5.6349659055118106
21
-3.3722567322834647
0
LINE
8
BLACK
6
CONTINUOUS
10
5.6349659055118106
20
-3.3722567322834647
11
5.6260577165354331
21
-3.3722567322834647
0
LINE
8
BLACK
6
CONTINUOUS
10
5.6260577165354331
20
-3.3722567322834647
11
5.6172710629921259
21
-3.370790472440945
0
LINE
8
BLACK
6
CONTINUOUS
10
5.6172710629921259
20
-3.370790472440945
11
5.6088455511811022
21
-3.3678979921259842
0
LINE
8
BLACK
6
CONTINUOUS
10
5.6088455511811022
20
-3.3678979921259842
11
5.6010110629921259
21
-3.3636581889763777
0
LINE
8
BLACK
6
CONTINUOUS
10
5.6010110629921259
20
-3.3636581889763777
11
5.5969049999999996
21
-3.3604623228346457
0
LINE
8
BLACK
6
CONTINUOUS
10
5.5969049999999996
20
-3.3604623228346457
11
5.5883204330708658
21
-3.3690469291338583
0
LINE
8
BLACK
6
CONTINUOUS
10
5.5883204330708658
20
-3.3690469291338583
11
5.5894035433070863
21
-3.3700518897637792
0
LINE
8
BLACK
6
CONTINUOUS
10
5.5894035433070863
20
-3.3700518897637792
11
5.5894037007874013
21
-3.3700520078740155
0
LINE
8
BLACK
6
CONTINUOUS
10
5.5894037007874013
20
-3.3700520078740155
11
5.5975457480314956
21
-3.3756031496062993
0
LINE
8
BLACK
6
CONTINUOUS
10
5.5975457480314956
20
-3.3756031496062993
11
5.6064239763779522
21
-3.3798786220472441
0
LINE
8
BLACK
6
CONTINUOUS
10
5.6064239763779522
20
-3.3798786220472441
11
5.6158402755905508
21
-3.382783188976378
0
LINE
8
BLACK
6
CONTINUOUS
10
5.6158402755905508
20
-3.382783188976378
11
5.6158406692913383
21
-3.3827832677165355
0
LINE
8
BLACK
6
CONTINUOUS
10
5.6158406692913383
20
-3.3827832677165355
11
5.625584527559055
21
-3.3842519291338582
0
LINE
8
BLACK
6
CONTINUOUS
10
5.625584527559055
20
-3.3842519291338582
11
5.6255848818897638
21
-3.3842519685039369
0
LINE
8
BLACK
6
CONTINUOUS
10
5.6255848818897638
20
-3.3842519685039369
11
5.6354387401574799
21
-3.3842519685039369
0
LINE
8
BLACK
6
CONTINUOUS
10
5.6354387401574799
20
-3.3842519685039369
11
5.6354390551181099
21
-3.3842519291338582
0
LINE
8
BLACK
6
CONTINUOUS
10
5.6354390551181099
20
-3.3842519291338582
11
5.6451829133858267
21
-3.3827832677165355
0
LINE
8
BLACK
6
CONTINUOUS
10
5.6451829133858267
20
-3.3827832677165355
11
5.6451833070866142
21
-3.382783188976378
0
LINE
8
BLACK
6
CONTINUOUS
10
5.6451833070866142
20
-3.382783188976378
11
5.6545996062992128
21
-3.3798786220472441
0
LINE
8
BLACK
6
CONTINUOUS
10
5.6545996062992128
20
-3.3798786220472441
11
5.6634778740157481
21
-3.3756031496062993
0
LINE
8
BLACK
6
CONTINUOUS
10
5.6634778740157481
20
-3.3756031496062993
11
5.6716196456692911
21
-3.3700522047244093
0
LINE
8
BLACK
6
CONTINUOUS
10
5.6716196456692911
20
-3.3700522047244093
11
5.6716200393700786
21
-3.3700518897637792
0
LINE
8
BLACK
6
CONTINUOUS
10
5.6716200393700786
20
-3.3700518897637792
11
5.6727031496062992
21
-3.3690469291338583
0
LINE
8
BLACK
6
CONTINUOUS
10
5.6727031496062992
20
-3.3690469291338583
11
5.6641185433070866
21
-3.3604623228346457
0
LINE
8
BLACK
6
CONTINUOUS
10
5.6641185433070866
20
-3.3604623228346457
11
5.6600125590551178
21
-3.3636581889763777
0
LINE
8
BLACK
6
CONTINUOUS
10
6.4883204330708661
20
-3.3690469291338583
11
6.4894035433070867
21
-3.3700518897637792
0
LINE
8
BLACK
6
CONTINUOUS
10
6.4894035433070867
20
-3.3700518897637792
11
6.4894037007874017
21
-3.3700520078740155
0
LINE
8
BLACK
6
CONTINUOUS
10
6.4894037007874017
20
-3.3700520078740155
11
6.497545748031496
21
-3.3756031496062993
0
LINE
8
BLACK
6
CONTINUOUS
10
6.497545748031496
20
-3.3756031496062993
11
6.5064239763779526
21
-3.3798786220472441
0
LINE
8
BLACK
6
CONTINUOUS
10
6.5064239763779526
20
-3.3798786220472441
11
6.5158402755905511
21
-3.382783188976378
0
LINE
8
BLACK
6
CONTINUOUS
10
6.5158402755905511
20
-3.382783188976378
11
6.5158406692913386
21
-3.3827832677165355
0
LINE
8
BLACK
6
CONTINUOUS
10
6.5158406692913386
20
-3.3827832677165355
11
6.5255845275590554
21
-3.3842519291338582
0
LINE
8
BLACK
6
CONTINUOUS
10
6.5255845275590554
20
-3.3842519291338582
11
6.5255848818897633
21
-3.3842519685039369
0
LINE
8
BLACK
6
CONTINUOUS
10
6.5255848818897633
20
-3.3842519685039369
11
6.5354387401574803
21
-3.3842519685039369
0
LINE
8
BLACK
6
CONTINUOUS
10
6.5354387401574803
20
-3.3842519685039369
11
6.5354390551181103
21
-3.3842519291338582
0
LINE
8
BLACK
6
CONTINUOUS
10
6.5354390551181103
20
-3.3842519291338582
11
6.545182913385827
21
-3.3827832677165355
0
LINE
8
BLACK
6
CONTINUOUS
10
6.545182913385827
20
-3.3827832677165355
11
6.5451833070866137
21
-3.382783188976378
0
LINE
8
BLACK
6
CONTINUOUS
10
6.5451833070866137
20
-3.382783188976378
11
6.5545996062992122
21
-3.3798786220472441
0
LINE
8
BLACK
6
CONTINUOUS
10
6.5545996062992122
20
-3.3798786220472441
11
6.5634778740157476
21
-3.3756031496062993
0
LINE
8
BLACK
6
CONTINUOUS
10
6.5634778740157476
20
-3.3756031496062993
11
6.5716196456692915
21
-3.3700522047244093
0
LINE
8
BLACK
6
CONTINUOUS
10
6.5716196456692915
20
-3.3700522047244093
11
6.571620039370079
21
-3.3700518897637792
0
LINE
8
BLACK
6
CONTINUOUS
10
6.571620039370079
20
-3.3700518897637792
11
6.5727031102362199
21
-3.3690469291338583
0
LINE
8
BLACK
6
CONTINUOUS
10
6.5727031102362199
20
-3.3690469291338583
11
6.5641185433070861
21
-3.3604623622047245
0
LINE
8
BLACK
6
CONTINUOUS
10
6.5641185433070861
20
-3.3604623622047245
11
6.5600125590551182
21
-3.3636581889763777
0
LINE
8
BLACK
6
CONTINUOUS
10
6.5600125590551182
20
-3.3636581889763777
11
6.5521780708661419
21
-3.3678979921259842
0
LINE
8
BLACK
6
CONTINUOUS
10
6.5521780708661419
20
-3.3678979921259842
11
6.5437525590551182
21
-3.370790472440945
0
LINE
8
BLACK
6
CONTINUOUS
10
6.5437525590551182
20
-3.370790472440945
11
6.534965905511811
21
-3.3722567322834647
0
LINE
8
BLACK
6
CONTINUOUS
10
6.534965905511811
20
-3.3722567322834647
11
6.5260577165354325
21
-3.3722567322834647
0
LINE
8
BLACK
6
CONTINUOUS
10
6.5260577165354325
20
-3.3722567322834647
11
6.5172710629921262
21
-3.370790472440945
0
LINE
8
BLACK
6
CONTINUOUS
10
6.5172710629921262
20
-3.370790472440945
11
6.5088455511811025
21
-3.3678979921259842
0
LINE
8
BLACK
6
CONTINUOUS
10
6.5088455511811025
20
-3.3678979921259842
11
6.5010110629921263
21
-3.3636581889763777
0
LINE
8
BLACK
6
CONTINUOUS
10
6.5010110629921263
20
-3.3636581889763777
11
6.4969049999999999
21
-3.3604623228346457
0
LINE
8
BLACK
6
CONTINUOUS
10
6.4969049999999999
20
-3.3604623228346457
11
6.4883204330708661
21
-3.3690469291338583
0
LINE
8
BLACK
6
CONTINUOUS
10
6.6883204330708663
20
-3.3690469291338583
11
6.6894035433070869
21
-3.3700518897637792
0
LINE
8
BLACK
6
CONTINUOUS
10
6.6894035433070869
20
-3.3700518897637792
11
6.689403700787401
21
-3.3700520078740155
0
LINE
8
BLACK
6
CONTINUOUS
10
6.689403700787401
20
-3.3700520078740155
11
6.6975457480314962
21
-3.3756031496062993
0
LINE
8
BLACK
6
CONTINUOUS
10
6.6975457480314962
20
-3.3756031496062993
11
6.7064239763779527
21
-3.3798786220472441
0
LINE
8
BLACK
6
CONTINUOUS
10
6.7064239763779527
20
-3.3798786220472441
11
6.7158402755905513
21
-3.382783188976378
0
LINE
8
BLACK
6
CONTINUOUS
10
6.7158402755905513
20
-3.382783188976378
11
6.7158406692913388
21
-3.3827832677165355
0
LINE
8
BLACK
6
CONTINUOUS
10
6.7158406692913388
20
-3.3827832677165355
11
6.7255845275590547
21
-3.3842519291338582
0
LINE
8
BLACK
6
CONTINUOUS
10
6.7255845275590547
20
-3.3842519291338582
11
6.7255848818897634
21
-3.3842519685039369
0
LINE
8
BLACK
6
CONTINUOUS
10
6.7255848818897634
20
-3.3842519685039369
11
6.7354387401574805
21
-3.3842519685039369
0
LINE
8
BLACK
6
CONTINUOUS
10
6.7354387401574805
20
-3.3842519685039369
11
6.7354390551181105
21
-3.3842519291338582
0
LINE
8
BLACK
6
CONTINUOUS
10
6.7354390551181105
20
-3.3842519291338582
11
6.7451829133858263
21
-3.3827832677165355
0
LINE
8
BLACK
6
CONTINUOUS
10
6.7451829133858263
20
-3.3827832677165355
11
6.7451833070866138
21
-3.382783188976378
0
LINE
8
BLACK
6
CONTINUOUS
10
6.7451833070866138
20
-3.382783188976378
11
6.7545996062992124
21
-3.3798786220472441
0
LINE
8
BLACK
6
CONTINUOUS
10
6.7545996062992124
20
-3.3798786220472441
11
6.7634778740157477
21
-3.3756031496062993
0
LINE
8
BLACK
6
CONTINUOUS
10
6.7634778740157477
20
-3.3756031496062993
11
6.7716196456692908
21
-3.3700522047244093
0
LINE
8
BLACK
6
CONTINUOUS
10
6.7716196456692908
20
-3.3700522047244093
11
6.7716200393700783
21
-3.3700518897637792
0
LINE
8
BLACK
6
CONTINUOUS
10
6.7716200393700783
20
-3.3700518897637792
11
6.7727031102362201
21
-3.3690469291338583
0
LINE
8
BLACK
6
CONTINUOUS
10
6.7727031102362201
20
-3.3690469291338583
11
6.7641185433070863
21
-3.3604623622047245
0
LINE
8
BLACK
6
CONTINUOUS
10
6.7641185433070863
20
-3.3604623622047245
11
6.7600125590551183
21
-3.3636581889763777
0
LINE
8
BLACK
6
CONTINUOUS
10
6.7600125590551183
20
-3.3636581889763777
11
6.7521780708661412
21
-3.3678979921259842
0
LINE
8
BLACK
6
CONTINUOUS
10
6.7521780708661412
20
-3.3678979921259842
11
6.7437525590551184
21
-3.370790472440945
0
LINE
8
BLACK
6
CONTINUOUS
10
6.7437525590551184
20
-3.370790472440945
11
6.7349659055118112
21
-3.3722567322834647
0
LINE
8
BLACK
6
CONTINUOUS
10
6.7349659055118112
20
-3.3722567322834647
11
6.7260577165354327
21
-3.3722567322834647
0
LINE
8
BLACK
6
CONTINUOUS
10
6.7260577165354327
20
-3.3722567322834647
11
6.7172710629921255
21
-3.370790472440945
0
LINE
8
BLACK
6
CONTINUOUS
10
6.7172710629921255
20
-3.370790472440945
11
6.7088455511811018
21
-3.3678979921259842
0
LINE
8
BLACK
6
CONTINUOUS
10
6.7088455511811018
20
-3.3678979921259842
11
6.7010110629921256
21
-3.3636581889763777
0
LINE
8
BLACK
6
CONTINUOUS
10
6.7010110629921256
20
-3.3636581889763777
11
6.6969050000000001
21
-3.3604623228346457
0
LINE
8
BLACK
6
CONTINUOUS
10
6.6969050000000001
20
-3.3604623228346457
11
6.6883204330708663
21
-3.3690469291338583
0
LINE
8
BLACK
6
CONTINUOUS
10
5.4957077952755906
20
-3.3086774015748031
11
5.4957077165354331
21
-3.3086770078740155
0
LINE
8
BLACK
6
CONTINUOUS
10
5.4957077165354331
20
-3.3086770078740155
11
5.4935149999999995
21
-3.2990699212598424
0
LINE
8
BLACK
6
CONTINUOUS
10
5.4935149999999995
20
-3.2990699212598424
11
5.4899149212598424
21
-3.2898971653543305
0
LINE
8
BLACK
6
CONTINUOUS
10
5.4899149212598424
20
-3.2898971653543305
11
5.4899145669291336
21
-3.2898964173228347
0
LINE
8
BLACK
6
CONTINUOUS
10
5.4899145669291336
20
-3.2898964173228347
11
5.4849878346456693
21
-3.2813630708661417
0
LINE
8
BLACK
6
CONTINUOUS
10
5.4849878346456693
20
-3.2813630708661417
11
5.4849876771653543
21
-3.2813628346456691
0
LINE
8
BLACK
6
CONTINUOUS
10
5.4849876771653543
20
-3.2813628346456691
11
5.4810022047244091
21
-3.2763651574803148
0
LINE
8
BLACK
6
CONTINUOUS
10
5.4810022047244091
20
-3.2763651574803148
11
5.4725563385826774
21
-3.2848109842519686
0
LINE
8
BLACK
6
CONTINUOUS
10
5.4725563385826774
20
-3.2848109842519686
11
5.4730756692913385
21
-3.2853751574803147
0
LINE
8
BLACK
6
CONTINUOUS
10
5.4730756692913385
20
-3.2853751574803147
11
5.4779479921259844
21
-3.2928327559055117
0
LINE
8
BLACK
6
CONTINUOUS
10
5.4779479921259844
20
-3.2928327559055117
11
5.4815263779527559
21
-3.3009906299212597
0
LINE
8
BLACK
6
CONTINUOUS
10
5.4815263779527559
20
-3.3009906299212597
11
5.4837131889763775
21
-3.3096261811023622
0
LINE
8
BLACK
6
CONTINUOUS
10
5.4837131889763775
20
-3.3096261811023622
11
5.4844488188976372
21
-3.3185039370078742
0
LINE
8
BLACK
6
CONTINUOUS
10
5.4844488188976372
20
-3.3185039370078742
11
5.4837131889763775
21
-3.3273816929133857
0
LINE
8
BLACK
6
CONTINUOUS
10
5.4837131889763775
20
-3.3273816929133857
11
5.4815263779527559
21
-3.3360172440944882
0
LINE
8
BLACK
6
CONTINUOUS
10
5.4815263779527559
20
-3.3360172440944882
11
5.4779479921259844
21
-3.3441751181102362
0
LINE
8
BLACK
6
CONTINUOUS
10
5.4779479921259844
20
-3.3441751181102362
11
5.4730756692913385
21
-3.3516327165354332
0
LINE
8
BLACK
6
CONTINUOUS
10
5.4730756692913385
20
-3.3516327165354332
11
5.4725563779527562
21
-3.3521968110236218
0
LINE
8
BLACK
6
CONTINUOUS
10
5.4725563779527562
20
-3.3521968110236218
11
5.4810022047244091
21
-3.3606426377952756
0
LINE
8
BLACK
6
CONTINUOUS
10
5.4810022047244091
20
-3.3606426377952756
11
5.4849874409448818
21
-3.35564531496063
0
LINE
8
BLACK
6
CONTINUOUS
10
5.4849874409448818
20
-3.35564531496063
11
5.4849878346456693
21
-3.3556447637795275
0
LINE
8
BLACK
6
CONTINUOUS
10
5.4849878346456693
20
-3.3556447637795275
11
5.4899145669291336
21
-3.3471114173228345
0
LINE
8
BLACK
6
CONTINUOUS
10
5.4899145669291336
20
-3.3471114173228345
11
5.4899149212598424
21
-3.3471106692913386
0
LINE
8
BLACK
6
CONTINUOUS
10
5.4899149212598424
20
-3.3471106692913386
11
5.4935149999999995
21
-3.3379379133858267
0
LINE
8
BLACK
6
CONTINUOUS
10
5.4935149999999995
20
-3.3379379133858267
11
5.4957077165354331
21
-3.3283308267716536
0
LINE
8
BLACK
6
CONTINUOUS
10
5.4957077165354331
20
-3.3283308267716536
11
5.4957077952755906
21
-3.3283304330708661
0
LINE
8
BLACK
6
CONTINUOUS
10
5.4957077952755906
20
-3.3283304330708661
11
5.4964442125984254
21
-3.3185040157480312
0
LINE
8
BLACK
6
CONTINUOUS
10
5.4964442125984254
20
-3.3185040157480312
11
5.4964442125984254
21
-3.3185038188976379
0
LINE
8
BLACK
6
CONTINUOUS
10
5.4964442125984254
20
-3.3185038188976379
11
5.4957077952755906
21
-3.3086774015748031
0
LINE
8
BLACK
6
CONTINUOUS
10
5.6725563385826767
20
-3.2848109842519686
11
5.6730756692913387
21
-3.2853751574803147
0
LINE
8
BLACK
6
CONTINUOUS
10
5.6730756692913387
20
-3.2853751574803147
11
5.6779479921259846
21
-3.2928327559055117
0
LINE
8
BLACK
6
CONTINUOUS
10
5.6779479921259846
20
-3.2928327559055117
11
5.6815263779527561
21
-3.3009906299212597
0
LINE
8
BLACK
6
CONTINUOUS
10
5.6815263779527561
20
-3.3009906299212597
11
5.6837131889763777
21
-3.3096261811023622
0
LINE
8
BLACK
6
CONTINUOUS
10
5.6837131889763777
20
-3.3096261811023622
11
5.6844488188976374
21
-3.3185039370078742
0
LINE
8
BLACK
6
CONTINUOUS
10
5.6844488188976374
20
-3.3185039370078742
11
5.6837131889763777
21
-3.3273816929133857
0
LINE
8
BLACK
6
CONTINUOUS
10
5.6837131889763777
20
-3.3273816929133857
11
5.6815263779527561
21
-3.3360172440944882
0
LINE
8
BLACK
6
CONTINUOUS
10
5.6815263779527561
20
-3.3360172440944882
11
5.6779479921259846
21
-3.3441751181102362
0
LINE
8
BLACK
6
CONTINUOUS
10
5.6779479921259846
20
-3.3441751181102362
11
5.6730756692913387
21
-3.3516327165354332
0
LINE
8
BLACK
6
CONTINUOUS
10
5.6730756692913387
20
-3.3516327165354332
11
5.6725563779527555
21
-3.3521968110236218
0
LINE
8
BLACK
6
CONTINUOUS
10
5.6725563779527555
20
-3.3521968110236218
11
5.6810022047244093
21
-3.3606426377952756
0
LINE
8
BLACK
6
CONTINUOUS
10
5.6810022047244093
20
-3.3606426377952756
11
5.684987440944882
21
-3.35564531496063
0
LINE
8
BLACK
6
CONTINUOUS
10
5.684987440944882
20
-3.35564531496063
11
5.6849878346456695
21
-3.3556447637795275
0
LINE
8
BLACK
6
CONTINUOUS
10
5.6849878346456695
20
-3.3556447637795275
11
5.6899145669291338
21
-3.3471114173228345
0
LINE
8
BLACK
6
CONTINUOUS
10
5.6899145669291338
20
-3.3471114173228345
11
5.6899149212598426
21
-3.3471106692913386
0
LINE
8
BLACK
6
CONTINUOUS
10
5.6899149212598426
20
-3.3471106692913386
11
5.6935149999999997
21
-3.3379379133858267
0
LINE
8
BLACK
6
CONTINUOUS
10
5.6935149999999997
20
-3.3379379133858267
11
5.6957077165354333
21
-3.3283308267716536
0
LINE
8
BLACK
6
CONTINUOUS
10
5.6957077165354333
20
-3.3283308267716536
11
5.6957077952755908
21
-3.3283304330708661
0
LINE
8
BLACK
6
CONTINUOUS
10
5.6957077952755908
20
-3.3283304330708661
11
5.6964442125984247
21
-3.3185040157480312
0
LINE
8
BLACK
6
CONTINUOUS
10
5.6964442125984247
20
-3.3185040157480312
11
5.6964442125984247
21
-3.3185038188976379
0
LINE
8
BLACK
6
CONTINUOUS
10
5.6964442125984247
20
-3.3185038188976379
11
5.6957077952755908
21
-3.3086774015748031
0
LINE
8
BLACK
6
CONTINUOUS
10
5.6957077952755908
20
-3.3086774015748031
11
5.6957077165354333
21
-3.3086770078740155
0
LINE
8
BLACK
6
CONTINUOUS
10
5.6957077165354333
20
-3.3086770078740155
11
5.6935149999999997
21
-3.2990699212598424
0
LINE
8
BLACK
6
CONTINUOUS
10
5.6935149999999997
20
-3.2990699212598424
11
5.6899149212598426
21
-3.2898971653543305
0
LINE
8
BLACK
6
CONTINUOUS
10
5.6899149212598426
20
-3.2898971653543305
11
5.6899145669291338
21
-3.2898964173228347
0
LINE
8
BLACK
6
CONTINUOUS
10
5.6899145669291338
20
-3.2898964173228347
11
5.6849878346456695
21
-3.2813630708661417
0
LINE
8
BLACK
6
CONTINUOUS
10
5.6849878346456695
20
-3.2813630708661417
11
5.6849876771653545
21
-3.2813628346456691
0
LINE
8
BLACK
6
CONTINUOUS
10
5.6849876771653545
20
-3.2813628346456691
11
5.6810022047244093
21
-3.2763651574803148
0
LINE
8
BLACK
6
CONTINUOUS
10
5.6810022047244093
20
-3.2763651574803148
11
5.6725563385826767
21
-3.2848109842519686
0
LINE
8
BLACK
6
CONTINUOUS
10
6.4760358267716533
20
-3.2813629527559054
11
6.4711088188976378
21
-3.2898968110236222
0
LINE
8
BLACK
6
CONTINUOUS
10
6.4711088188976378
20
-3.2898968110236222
11
6.4711086614173228
21
-3.2898971653543305
0
LINE
8
BLACK
6
CONTINUOUS
10
6.4711086614173228
20
-3.2898971653543305
11
6.4675085826771648
21
-3.2990699212598424
0
LINE
8
BLACK
6
CONTINUOUS
10
6.4675085826771648
20
-3.2990699212598424
11
6.465315866141732
21
-3.3086770078740155
0
LINE
8
BLACK
6
CONTINUOUS
10
6.465315866141732
20
-3.3086770078740155
11
6.4653157874015745
21
-3.3086774015748031
0
LINE
8
BLACK
6
CONTINUOUS
10
6.4653157874015745
20
-3.3086774015748031
11
6.4645794094488185
21
-3.3185038188976379
0
LINE
8
BLACK
6
CONTINUOUS
10
6.4645794094488185
20
-3.3185038188976379
11
6.4645794094488185
21
-3.3185040157480312
0
LINE
8
BLACK
6
CONTINUOUS
10
6.4645794094488185
20
-3.3185040157480312
11
6.4653157874015745
21
-3.3283304330708661
0
LINE
8
BLACK
6
CONTINUOUS
10
6.4653157874015745
20
-3.3283304330708661
11
6.465315866141732
21
-3.3283308267716536
0
LINE
8
BLACK
6
CONTINUOUS
10
6.465315866141732
20
-3.3283308267716536
11
6.4675085826771648
21
-3.3379379133858267
0
LINE
8
BLACK
6
CONTINUOUS
10
6.4675085826771648
20
-3.3379379133858267
11
6.4711086614173228
21
-3.3471106692913386
0
LINE
8
BLACK
6
CONTINUOUS
10
6.4711086614173228
20
-3.3471106692913386
11
6.4711090157480315
21
-3.3471114173228345
0
LINE
8
BLACK
6
CONTINUOUS
10
6.4711090157480315
20
-3.3471114173228345
11
6.4760357480314958
21
-3.3556447637795275
0
LINE
8
BLACK
6
CONTINUOUS
10
6.4760357480314958
20
-3.3556447637795275
11
6.4760359055118109
21
-3.355645
0
LINE
8
BLACK
6
CONTINUOUS
10
6.4760359055118109
20
-3.355645
11
6.4800213385826773
21
-3.3606426377952756
0
LINE
8
BLACK
6
CONTINUOUS
10
6.4800213385826773
20
-3.3606426377952756
11
6.4884671653543302
21
-3.3521967322834647
0
LINE
8
BLACK
6
CONTINUOUS
10
6.4884671653543302
20
-3.3521967322834647
11
6.4879479527559054
21
-3.3516327165354332
0
LINE
8
BLACK
6
CONTINUOUS
10
6.4879479527559054
20
-3.3516327165354332
11
6.4830756299212595
21
-3.3441751181102362
0
LINE
8
BLACK
6
CONTINUOUS
10
6.4830756299212595
20
-3.3441751181102362
11
6.479497244094488
21
-3.3360172440944882
0
LINE
8
BLACK
6
CONTINUOUS
10
6.479497244094488
20
-3.3360172440944882
11
6.4773104330708664
21
-3.3273816929133857
0
LINE
8
BLACK
6
CONTINUOUS
10
6.4773104330708664
20
-3.3273816929133857
11
6.4765748031496058
21
-3.3185039370078742
0
LINE
8
BLACK
6
CONTINUOUS
10
6.4765748031496058
20
-3.3185039370078742
11
6.4773104330708664
21
-3.3096261811023622
0
LINE
8
BLACK
6
CONTINUOUS
10
6.4773104330708664
20
-3.3096261811023622
11
6.479497244094488
21
-3.3009906299212597
0
LINE
8
BLACK
6
CONTINUOUS
10
6.479497244094488
20
-3.3009906299212597
11
6.4830756299212595
21
-3.2928327559055117
0
LINE
8
BLACK
6
CONTINUOUS
10
6.4830756299212595
20
-3.2928327559055117
11
6.4879479527559054
21
-3.2853751574803147
0
LINE
8
BLACK
6
CONTINUOUS
10
6.4879479527559054
20
-3.2853751574803147
11
6.488467204724409
21
-3.2848110236220474
0
LINE
8
BLACK
6
CONTINUOUS
10
6.488467204724409
20
-3.2848110236220474
11
6.4800213385826773
21
-3.2763651574803148
0
LINE
8
BLACK
6
CONTINUOUS
10
6.4800213385826773
20
-3.2763651574803148
11
6.4760358267716533
21
-3.2813629527559054
0
LINE
8
BLACK
6
CONTINUOUS
10
6.5957077952755903
20
-3.3086774015748031
11
6.5957077165354328
21
-3.3086770078740155
0
LINE
8
BLACK
6
CONTINUOUS
10
6.5957077165354328
20
-3.3086770078740155
11
6.593515
21
-3.2990699212598424
0
LINE
8
BLACK
6
CONTINUOUS
10
6.593515
20
-3.2990699212598424
11
6.589914921259842
21
-3.2898971653543305
0
LINE
8
BLACK
6
CONTINUOUS
10
6.589914921259842
20
-3.2898971653543305
11
6.5899145669291341
21
-3.2898964173228347
0
LINE
8
BLACK
6
CONTINUOUS
10
6.5899145669291341
20
-3.2898964173228347
11
6.5849878346456689
21
-3.2813630708661417
0
LINE
8
BLACK
6
CONTINUOUS
10
6.5849878346456689
20
-3.2813630708661417
11
6.5849876771653539
21
-3.2813628346456691
0
LINE
8
BLACK
6
CONTINUOUS
10
6.5849876771653539
20
-3.2813628346456691
11
6.5810022047244097
21
-3.2763651574803148
0
LINE
8
BLACK
6
CONTINUOUS
10
6.5810022047244097
20
-3.2763651574803148
11
6.5725563385826771
21
-3.2848109842519686
0
LINE
8
BLACK
6
CONTINUOUS
10
6.5725563385826771
20
-3.2848109842519686
11
6.5730756692913381
21
-3.2853751574803147
0
LINE
8
BLACK
6
CONTINUOUS
10
6.5730756692913381
20
-3.2853751574803147
11
6.577947992125984
21
-3.2928327559055117
0
LINE
8
BLACK
6
CONTINUOUS
10
6.577947992125984
20
-3.2928327559055117
11
6.5815263779527555
21
-3.3009906299212597
0
LINE
8
BLACK
6
CONTINUOUS
10
6.5815263779527555
20
-3.3009906299212597
11
6.583713188976378
21
-3.3096261811023622
0
LINE
8
BLACK
6
CONTINUOUS
10
6.583713188976378
20
-3.3096261811023622
11
6.5844488188976378
21
-3.3185039370078742
0
LINE
8
BLACK
6
CONTINUOUS
10
6.5844488188976378
20
-3.3185039370078742
11
6.583713188976378
21
-3.3273816929133857
0
LINE
8
BLACK
6
CONTINUOUS
10
6.583713188976378
20
-3.3273816929133857
11
6.5815263779527555
21
-3.3360172440944882
0
LINE
8
BLACK
6
CONTINUOUS
10
6.5815263779527555
20
-3.3360172440944882
11
6.577947992125984
21
-3.3441751181102362
0
LINE
8
BLACK
6
CONTINUOUS
10
6.577947992125984
20
-3.3441751181102362
11
6.5730756692913381
21
-3.3516327165354332
0
LINE
8
BLACK
6
CONTINUOUS
10
6.5730756692913381
20
-3.3516327165354332
11
6.5725563779527558
21
-3.3521968110236218
0
LINE
8
BLACK
6
CONTINUOUS
10
6.5725563779527558
20
-3.3521968110236218
11
6.5810022047244097
21
-3.3606426377952756
0
LINE
8
BLACK
6
CONTINUOUS
10
6.5810022047244097
20
-3.3606426377952756
11
6.5849874409448814
21
-3.35564531496063
0
LINE
8
BLACK
6
CONTINUOUS
10
6.5849874409448814
20
-3.35564531496063
11
6.5849878346456689
21
-3.3556447637795275
0
LINE
8
BLACK
6
CONTINUOUS
10
6.5849878346456689
20
-3.3556447637795275
11
6.5899145669291341
21
-3.3471114173228345
0
LINE
8
BLACK
6
CONTINUOUS
10
6.5899145669291341
20
-3.3471114173228345
11
6.589914921259842
21
-3.3471106692913386
0
LINE
8
BLACK
6
CONTINUOUS
10
6.589914921259842
20
-3.3471106692913386
11
6.593515
21
-3.3379379133858267
0
LINE
8
BLACK
6
CONTINUOUS
10
6.593515
20
-3.3379379133858267
11
6.5957077165354328
21
-3.3283308267716536
0
LINE
8
BLACK
6
CONTINUOUS
10
6.5957077165354328
20
-3.3283308267716536
11
6.5957077952755903
21
-3.3283304330708661
0
LINE
8
BLACK
6
CONTINUOUS
10
6.5957077952755903
20
-3.3283304330708661
11
6.5964442125984251
21
-3.3185040157480312
0
LINE
8
BLACK
6
CONTINUOUS
10
6.5964442125984251
20
-3.3185040157480312
11
6.5964442125984251
21
-3.3185038188976379
0
LINE
8
BLACK
6
CONTINUOUS
10
6.5964442125984251
20
-3.3185038188976379
11
6.5957077952755903
21
-3.3086774015748031
0
LINE
8
BLACK
6
CONTINUOUS
10
6.7725563385826772
20
-3.2848109842519686
11
6.7730756692913383
21
-3.2853751574803147
0
LINE
8
BLACK
6
CONTINUOUS
10
6.7730756692913383
20
-3.2853751574803147
11
6.7779479921259842
21
-3.2928327559055117
0
LINE
8
BLACK
6
CONTINUOUS
10
6.7779479921259842
20
-3.2928327559055117
11
6.7815263779527557
21
-3.3009906299212597
0
LINE
8
BLACK
6
CONTINUOUS
10
6.7815263779527557
20
-3.3009906299212597
11
6.7837131889763782
21
-3.3096261811023622
0
LINE
8
BLACK
6
CONTINUOUS
10
6.7837131889763782
20
-3.3096261811023622
11
6.784448818897638
21
-3.3185039370078742
0
LINE
8
BLACK
6
CONTINUOUS
10
6.784448818897638
20
-3.3185039370078742
11
6.7837131889763782
21
-3.3273816929133857
0
LINE
8
BLACK
6
CONTINUOUS
10
6.7837131889763782
20
-3.3273816929133857
11
6.7815263779527557
21
-3.3360172440944882
0
LINE
8
BLACK
6
CONTINUOUS
10
6.7815263779527557
20
-3.3360172440944882
11
6.7779479921259842
21
-3.3441751181102362
0
LINE
8
BLACK
6
CONTINUOUS
10
6.7779479921259842
20
-3.3441751181102362
11
6.7730756692913383
21
-3.3516327165354332
0
LINE
8
BLACK
6
CONTINUOUS
10
6.7730756692913383
20
-3.3516327165354332
11
6.772556377952756
21
-3.3521968110236218
0
LINE
8
BLACK
6
CONTINUOUS
10
6.772556377952756
20
-3.3521968110236218
11
6.781002204724409
21
-3.3606426377952756
0
LINE
8
BLACK
6
CONTINUOUS
10
6.781002204724409
20
-3.3606426377952756
11
6.7849874409448816
21
-3.35564531496063
0
LINE
8
BLACK
6
CONTINUOUS
10
6.7849874409448816
20
-3.35564531496063
11
6.7849878346456691
21
-3.3556447637795275
0
LINE
8
BLACK
6
CONTINUOUS
10
6.7849878346456691
20
-3.3556447637795275
11
6.7899145669291334
21
-3.3471114173228345
0
LINE
8
BLACK
6
CONTINUOUS
10
6.7899145669291334
20
-3.3471114173228345
11
6.7899149212598422
21
-3.3471106692913386
0
LINE
8
BLACK
6
CONTINUOUS
10
6.7899149212598422
20
-3.3471106692913386
11
6.7935150000000002
21
-3.3379379133858267
0
LINE
8
BLACK
6
CONTINUOUS
10
6.7935150000000002
20
-3.3379379133858267
11
6.7957077165354329
21
-3.3283308267716536
0
LINE
8
BLACK
6
CONTINUOUS
10
6.7957077165354329
20
-3.3283308267716536
11
6.7957077952755904
21
-3.3283304330708661
0
LINE
8
BLACK
6
CONTINUOUS
10
6.7957077952755904
20
-3.3283304330708661
11
6.7964442125984252
21
-3.3185040157480312
0
LINE
8
BLACK
6
CONTINUOUS
10
6.7964442125984252
20
-3.3185040157480312
11
6.7964442125984252
21
-3.3185038188976379
0
LINE
8
BLACK
6
CONTINUOUS
10
6.7964442125984252
20
-3.3185038188976379
11
6.7957077952755904
21
-3.3086774015748031
0
LINE
8
BLACK
6
CONTINUOUS
10
6.7957077952755904
20
-3.3086774015748031
11
6.7957077165354329
21
-3.3086770078740155
0
LINE
8
BLACK
6
CONTINUOUS
10
6.7957077165354329
20
-3.3086770078740155
11
6.7935150000000002
21
-3.2990699212598424
0
LINE
8
BLACK
6
CONTINUOUS
10
6.7935150000000002
20
-3.2990699212598424
11
6.7899149212598422
21
-3.2898971653543305
0
LINE
8
BLACK
6
CONTINUOUS
10
6.7899149212598422
20
-3.2898971653543305
11
6.7899145669291334
21
-3.2898964173228347
0
LINE
8
BLACK
6
CONTINUOUS
10
6.7899145669291334
20
-3.2898964173228347
11
6.7849878346456691
21
-3.2813630708661417
0
LINE
8
BLACK
6
CONTINUOUS
10
6.7849878346456691
20
-3.2813630708661417
11
6.7849876771653541
21
-3.2813628346456691
0
LINE
8
BLACK
6
CONTINUOUS
10
6.7849876771653541
20
-3.2813628346456691
11
6.781002204724409
21
-3.2763651574803148
0
LINE
8
BLACK
6
CONTINUOUS
10
6.781002204724409
20
-3.2763651574803148
11
6.7725563385826772
21
-3.2848109842519686
0
LINE
8
BLACK
6
CONTINUOUS
10
5.4158406692913381
20
-3.2542245669291336
11
5.4158402755905515
21
-3.2542246456692911
0
LINE
8
BLACK
6
CONTINUOUS
10
5.4158402755905515
20
-3.2542246456692911
11
5.4064239763779529
21
-3.257129212598425
0
LINE
8
BLACK
6
CONTINUOUS
10
5.4064239763779529
20
-3.257129212598425
11
5.3975457480314963
21
-3.2614046850393699
0
LINE
8
BLACK
6
CONTINUOUS
10
5.3975457480314963
20
-3.2614046850393699
11
5.3894035826771649
21
-3.2669559055118111
0
LINE
8
BLACK
6
CONTINUOUS
10
5.3894035826771649
20
-3.2669559055118111
11
5.3883204330708656
21
-3.2679608661417321
0
LINE
8
BLACK
6
CONTINUOUS
10
5.3883204330708656
20
-3.2679608661417321
11
5.396905039370079
21
-3.2765454724409446
0
LINE
8
BLACK
6
CONTINUOUS
10
5.396905039370079
20
-3.2765454724409446
11
5.4010110629921257
21
-3.2733496850393702
0
LINE
8
BLACK
6
CONTINUOUS
10
5.4010110629921257
20
-3.2733496850393702
11
5.408845551181102
21
-3.2691098818897637
0
LINE
8
BLACK
6
CONTINUOUS
10
5.408845551181102
20
-3.2691098818897637
11
5.4172710629921257
21
-3.2662174015748029
0
LINE
8
BLACK
6
CONTINUOUS
10
5.4172710629921257
20
-3.2662174015748029
11
5.4260577165354329
21
-3.2647511417322832
0
LINE
8
BLACK
6
CONTINUOUS
10
5.4260577165354329
20
-3.2647511417322832
11
5.4349659055118105
21
-3.2647511417322832
0
LINE
8
BLACK
6
CONTINUOUS
10
5.4349659055118105
20
-3.2647511417322832
11
5.4437525590551177
21
-3.2662174015748029
0
LINE
8
BLACK
6
CONTINUOUS
10
5.4437525590551177
20
-3.2662174015748029
11
5.4521780708661414
21
-3.2691098818897637
0
LINE
8
BLACK
6
CONTINUOUS
10
5.4521780708661414
20
-3.2691098818897637
11
5.4600125590551176
21
-3.2733496850393702
0
LINE
8
BLACK
6
CONTINUOUS
10
5.4600125590551176
20
-3.2733496850393702
11
5.464118464566929
21
-3.2765454330708659
0
LINE
8
BLACK
6
CONTINUOUS
10
5.464118464566929
20
-3.2765454330708659
11
5.4727031102362202
21
-3.2679608661417321
0
LINE
8
BLACK
6
CONTINUOUS
10
5.4727031102362202
20
-3.2679608661417321
11
5.4716200787401572
21
-3.2669559842519686
0
LINE
8
BLACK
6
CONTINUOUS
10
5.4716200787401572
20
-3.2669559842519686
11
5.4634777165354329
21
-3.2614046456692911
0
LINE
8
BLACK
6
CONTINUOUS
10
5.4634777165354329
20
-3.2614046456692911
11
5.4545996062992126
21
-3.257129212598425
0
LINE
8
BLACK
6
CONTINUOUS
10
5.4545996062992126
20
-3.257129212598425
11
5.445183307086614
21
-3.2542246456692911
0
LINE
8
BLACK
6
CONTINUOUS
10
5.445183307086614
20
-3.2542246456692911
11
5.4451829133858265
21
-3.2542245669291336
0
LINE
8
BLACK
6
CONTINUOUS
10
5.4451829133858265
20
-3.2542245669291336
11
5.4354390551181098
21
-3.2527559055118109
0
LINE
8
BLACK
6
CONTINUOUS
10
5.4354390551181098
20
-3.2527559055118109
11
5.4255845275590548
21
-3.2527559055118109
0
LINE
8
BLACK
6
CONTINUOUS
10
5.4255845275590548
20
-3.2527559055118109
11
5.4158406692913381
21
-3.2542245669291336
0
LINE
8
BLACK
6
CONTINUOUS
10
5.6158406692913383
20
-3.2542245669291336
11
5.6158402755905508
21
-3.2542246456692911
0
LINE
8
BLACK
6
CONTINUOUS
10
5.6158402755905508
20
-3.2542246456692911
11
5.6064239763779522
21
-3.257129212598425
0
LINE
8
BLACK
6
CONTINUOUS
10
5.6064239763779522
20
-3.257129212598425
11
5.5975457480314956
21
-3.2614046850393699
0
LINE
8
BLACK
6
CONTINUOUS
10
5.5975457480314956
20
-3.2614046850393699
11
5.5894035826771651
21
-3.2669559055118111
0
LINE
8
BLACK
6
CONTINUOUS
10
5.5894035826771651
20
-3.2669559055118111
11
5.5883204330708658
21
-3.2679608661417321
0
LINE
8
BLACK
6
CONTINUOUS
10
5.5883204330708658
20
-3.2679608661417321
11
5.5969050393700783
21
-3.2765454724409446
0
LINE
8
BLACK
6
CONTINUOUS
10
5.5969050393700783
20
-3.2765454724409446
11
5.6010110629921259
21
-3.2733496850393702
0
LINE
8
BLACK
6
CONTINUOUS
10
5.6010110629921259
20
-3.2733496850393702
11
5.6088455511811022
21
-3.2691098818897637
0
LINE
8
BLACK
6
CONTINUOUS
10
5.6088455511811022
20
-3.2691098818897637
11
5.6172710629921259
21
-3.2662174015748029
0
LINE
8
BLACK
6
CONTINUOUS
10
5.6172710629921259
20
-3.2662174015748029
11
5.6260577165354331
21
-3.2647511417322832
0
LINE
8
BLACK
6
CONTINUOUS
10
5.6260577165354331
20
-3.2647511417322832
11
5.6349659055118106
21
-3.2647511417322832
0
LINE
8
BLACK
6
CONTINUOUS
10
5.6349659055118106
20
-3.2647511417322832
11
5.6437525590551179
21
-3.2662174015748029
0
LINE
8
BLACK
6
CONTINUOUS
10
5.6437525590551179
20
-3.2662174015748029
11
5.6521780708661415
21
-3.2691098818897637
0
LINE
8
BLACK
6
CONTINUOUS
10
5.6521780708661415
20
-3.2691098818897637
11
5.6600125590551178
21
-3.2733496850393702
0
LINE
8
BLACK
6
CONTINUOUS
10
5.6600125590551178
20
-3.2733496850393702
11
5.6641184645669291
21
-3.2765454330708659
0
LINE
8
BLACK
6
CONTINUOUS
10
5.6641184645669291
20
-3.2765454330708659
11
5.6727031102362204
21
-3.2679608661417321
0
LINE
8
BLACK
6
CONTINUOUS
10
5.6727031102362204
20
-3.2679608661417321
11
5.6716200787401574
21
-3.2669559842519686
0
LINE
8
BLACK
6
CONTINUOUS
10
5.6716200787401574
20
-3.2669559842519686
11
5.6634777165354331
21
-3.2614046456692911
0
LINE
8
BLACK
6
CONTINUOUS
10
5.6634777165354331
20
-3.2614046456692911
11
5.6545996062992128
21
-3.257129212598425
0
LINE
8
BLACK
6
CONTINUOUS
10
5.6545996062992128
20
-3.257129212598425
11
5.6451833070866142
21
-3.2542246456692911
0
LINE
8
BLACK
6
CONTINUOUS
10
5.6451833070866142
20
-3.2542246456692911
11
5.6451829133858267
21
-3.2542245669291336
0
LINE
8
BLACK
6
CONTINUOUS
10
5.6451829133858267
20
-3.2542245669291336
11
5.6354390551181099
21
-3.2527559055118109
0
LINE
8
BLACK
6
CONTINUOUS
10
5.6354390551181099
20
-3.2527559055118109
11
5.625584527559055
21
-3.2527559055118109
0
LINE
8
BLACK
6
CONTINUOUS
10
5.625584527559055
20
-3.2527559055118109
11
5.6158406692913383
21
-3.2542245669291336
0
LINE
8
BLACK
6
CONTINUOUS
10
6.5158406692913386
20
-3.2542245669291336
11
6.5158402755905511
21
-3.2542246456692911
0
LINE
8
BLACK
6
CONTINUOUS
10
6.5158402755905511
20
-3.2542246456692911
11
6.5064239763779526
21
-3.257129212598425
0
LINE
8
BLACK
6
CONTINUOUS
10
6.5064239763779526
20
-3.257129212598425
11
6.497545748031496
21
-3.2614046850393699
0
LINE
8
BLACK
6
CONTINUOUS
10
6.497545748031496
20
-3.2614046850393699
11
6.4894035826771654
21
-3.2669559055118111
0
LINE
8
BLACK
6
CONTINUOUS
10
6.4894035826771654
20
-3.2669559055118111
11
6.4883204330708661
21
-3.2679608661417321
0
LINE
8
BLACK
6
CONTINUOUS
10
6.4883204330708661
20
-3.2679608661417321
11
6.4969050393700787
21
-3.2765454724409446
0
LINE
8
BLACK
6
CONTINUOUS
10
6.4969050393700787
20
-3.2765454724409446
11
6.5010110629921263
21
-3.2733496850393702
0
LINE
8
BLACK
6
CONTINUOUS
10
6.5010110629921263
20
-3.2733496850393702
11
6.5088455511811025
21
-3.2691098818897637
0
LINE
8
BLACK
6
CONTINUOUS
10
6.5088455511811025
20
-3.2691098818897637
11
6.5172710629921262
21
-3.2662174015748029
0
LINE
8
BLACK
6
CONTINUOUS
10
6.5172710629921262
20
-3.2662174015748029
11
6.5260577165354325
21
-3.2647511417322832
0
LINE
8
BLACK
6
CONTINUOUS
10
6.5260577165354325
20
-3.2647511417322832
11
6.534965905511811
21
-3.2647511417322832
0
LINE
8
BLACK
6
CONTINUOUS
10
6.534965905511811
20
-3.2647511417322832
11
6.5437525590551182
21
-3.2662174015748029
0
LINE
8
BLACK
6
CONTINUOUS
10
6.5437525590551182
20
-3.2662174015748029
11
6.5521780708661419
21
-3.2691098818897637
0
LINE
8
BLACK
6
CONTINUOUS
10
6.5521780708661419
20
-3.2691098818897637
11
6.5600125590551182
21
-3.2733496850393702
0
LINE
8
BLACK
6
CONTINUOUS
10
6.5600125590551182
20
-3.2733496850393702
11
6.5641184645669286
21
-3.2765454330708659
0
LINE
8
BLACK
6
CONTINUOUS
10
6.5641184645669286
20
-3.2765454330708659
11
6.5727031102362199
21
-3.2679608661417321
0
LINE
8
BLACK
6
CONTINUOUS
10
6.5727031102362199
20
-3.2679608661417321
11
6.5716200787401577
21
-3.2669559842519686
0
LINE
8
BLACK
6
CONTINUOUS
10
6.5716200787401577
20
-3.2669559842519686
11
6.5634777165354325
21
-3.2614046456692911
0
LINE
8
BLACK
6
CONTINUOUS
10
6.5634777165354325
20
-3.2614046456692911
11
6.5545996062992122
21
-3.257129212598425
0
LINE
8
BLACK
6
CONTINUOUS
10
6.5545996062992122
20
-3.257129212598425
11
6.5451833070866137
21
-3.2542246456692911
0
LINE
8
BLACK
6
CONTINUOUS
10
6.5451833070866137
20
-3.2542246456692911
11
6.545182913385827
21
-3.2542245669291336
0
LINE
8
BLACK
6
CONTINUOUS
10
6.545182913385827
20
-3.2542245669291336
11
6.5354390551181103
21
-3.2527559055118109
0
LINE
8
BLACK
6
CONTINUOUS
10
6.5354390551181103
20
-3.2527559055118109
11
6.5255845275590554
21
-3.2527559055118109
0
LINE
8
BLACK
6
CONTINUOUS
10
6.5255845275590554
20
-3.2527559055118109
11
6.5158406692913386
21
-3.2542245669291336
0
LINE
8
BLACK
6
CONTINUOUS
10
6.7158406692913388
20
-3.2542245669291336
11
6.7158402755905513
21
-3.2542246456692911
0
LINE
8
BLACK
6
CONTINUOUS
10
6.7158402755905513
20
-3.2542246456692911
11
6.7064239763779527
21
-3.257129212598425
0
LINE
8
BLACK
6
CONTINUOUS
10
6.7064239763779527
20
-3.257129212598425
11
6.6975457480314962
21
-3.2614046850393699
0
LINE
8
BLACK
6
CONTINUOUS
10
6.6975457480314962
20
-3.2614046850393699
11
6.6894035826771656
21
-3.2669559055118111
0
LINE
8
BLACK
6
CONTINUOUS
10
6.6894035826771656
20
-3.2669559055118111
11
6.6883204330708663
21
-3.2679608661417321
0
LINE
8
BLACK
6
CONTINUOUS
10
6.6883204330708663
20
-3.2679608661417321
11
6.6969050393700789
21
-3.2765454724409446
0
LINE
8
BLACK
6
CONTINUOUS
10
6.6969050393700789
20
-3.2765454724409446
11
6.7010110629921256
21
-3.2733496850393702
0
LINE
8
BLACK
6
CONTINUOUS
10
6.7010110629921256
20
-3.2733496850393702
11
6.7088455511811018
21
-3.2691098818897637
0
LINE
8
BLACK
6
CONTINUOUS
10
6.7088455511811018
20
-3.2691098818897637
11
6.7172710629921255
21
-3.2662174015748029
0
LINE
8
BLACK
6
CONTINUOUS
10
6.7172710629921255
20
-3.2662174015748029
11
6.7260577165354327
21
-3.2647511417322832
0
LINE
8
BLACK
6
CONTINUOUS
10
6.7260577165354327
20
-3.2647511417322832
11
6.7349659055118112
21
-3.2647511417322832
0
LINE
8
BLACK
6
CONTINUOUS
10
6.7349659055118112
20
-3.2647511417322832
11
6.7437525590551184
21
-3.2662174015748029
0
LINE
8
BLACK
6
CONTINUOUS
10
6.7437525590551184
20
-3.2662174015748029
11
6.7521780708661412
21
-3.2691098818897637
0
LINE
8
BLACK
6
CONTINUOUS
10
6.7521780708661412
20
-3.2691098818897637
11
6.7600125590551183
21
-3.2733496850393702
0
LINE
8
BLACK
6
CONTINUOUS
10
6.7600125590551183
20
-3.2733496850393702
11
6.7641184645669288
21
-3.2765454330708659
0
LINE
8
BLACK
6
CONTINUOUS
10
6.7641184645669288
20
-3.2765454330708659
11
6.7727031102362201
21
-3.2679608661417321
0
LINE
8
BLACK
6
CONTINUOUS
10
6.7727031102362201
20
-3.2679608661417321
11
6.771620078740157
21
-3.2669559842519686
0
LINE
8
BLACK
6
CONTINUOUS
10
6.771620078740157
20
-3.2669559842519686
11
6.7634777165354327
21
-3.2614046456692911
0
LINE
8
BLACK
6
CONTINUOUS
10
6.7634777165354327
20
-3.2614046456692911
11
6.7545996062992124
21
-3.257129212598425
0
LINE
8
BLACK
6
CONTINUOUS
10
6.7545996062992124
20
-3.257129212598425
11
6.7451833070866138
21
-3.2542246456692911
0
LINE
8
BLACK
6
CONTINUOUS
10
6.7451833070866138
20
-3.2542246456692911
11
6.7451829133858263
21
-3.2542245669291336
0
LINE
8
BLACK
6
CONTINUOUS
10
6.7451829133858263
20
-3.2542245669291336
11
6.7354390551181105
21
-3.2527559055118109
0
LINE
8
BLACK
6
CONTINUOUS
10
6.7354390551181105
20
-3.2527559055118109
11
6.7255845275590547
21
-3.2527559055118109
0
LINE
8
BLACK
6
CONTINUOUS
10
6.7255845275590547
20
-3.2527559055118109
11
6.7158406692913388
21
-3.2542245669291336
0
LINE
8
BLACK
6
CONTINUOUS
10
6.3176181102362206
20
-3.199281338582677
11
6.3176181496062993
21
-3.1992818110236221
0
LINE
8
BLACK
6
CONTINUOUS
10
6.3176181496062993
20
-3.1992818110236221
11
6.3180760629921258
21
-3.20158374015748
0
LINE
8
BLACK
6
CONTINUOUS
10
6.3180760629921258
20
-3.20158374015748
11
6.3180761417322833
21
-3.2015839763779526
0
LINE
8
BLACK
6
CONTINUOUS
10
6.3180761417322833
20
-3.2015839763779526
11
6.3198206692913388
21
-3.2041948031496061
0
LINE
8
BLACK
6
CONTINUOUS
10
6.3198206692913388
20
-3.2041948031496061
11
6.319820787401575
21
-3.2041949606299212
0
LINE
8
BLACK
6
CONTINUOUS
10
6.319820787401575
20
-3.2041949606299212
11
6.3224318503937003
21
-3.2059396456692912
0
LINE
8
BLACK
6
CONTINUOUS
10
6.3224318503937003
20
-3.2059396456692912
11
6.3241823228346457
21
-3.2062878346456691
0
LINE
8
BLACK
6
CONTINUOUS
10
6.3241823228346457
20
-3.2062878346456691
11
6.3247338976377954
21
-3.2063975590551181
0
LINE
8
BLACK
6
CONTINUOUS
10
6.3247338976377954
20
-3.2063975590551181
11
6.3247340944881891
21
-3.2063975590551181
0
LINE
8
BLACK
6
CONTINUOUS
10
6.3247340944881891
20
-3.2063975590551181
11
6.3247343307086616
21
-3.2063976377952756
0
LINE
8
BLACK
6
CONTINUOUS
10
6.3247343307086616
20
-3.2063976377952756
11
6.3247343700787404
21
-3.2063976377952756
0
LINE
8
BLACK
6
CONTINUOUS
10
6.3247343700787404
20
-3.2063976377952756
11
6.3862892519685035
21
-3.2063976377952756
0
LINE
8
BLACK
6
CONTINUOUS
10
6.3862892519685035
20
-3.2063976377952756
11
6.3862892913385823
21
-3.2063976377952756
0
LINE
8
BLACK
6
CONTINUOUS
10
6.3862892913385823
20
-3.2063976377952756
11
6.3885917716535428
21
-3.2059396456692912
0
LINE
8
BLACK
6
CONTINUOUS
10
6.3885917716535428
20
-3.2059396456692912
11
6.3912028346456689
21
-3.2041949606299212
0
LINE
8
BLACK
6
CONTINUOUS
10
6.3912028346456689
20
-3.2041949606299212
11
6.3929475196850394
21
-3.2015838976377951
0
LINE
8
BLACK
6
CONTINUOUS
10
6.3929475196850394
20
-3.2015838976377951
11
6.3934055118110233
21
-3.1992814173228346
0
LINE
8
BLACK
6
CONTINUOUS
10
6.3934055118110233
20
-3.1992814173228346
11
6.3934055118110233
21
-3.1377264566929135
0
LINE
8
BLACK
6
CONTINUOUS
10
6.3934055118110233
20
-3.1377264566929135
11
6.3929475196850394
21
-3.1354239763779526
0
LINE
8
BLACK
6
CONTINUOUS
10
6.3929475196850394
20
-3.1354239763779526
11
6.3912028346456689
21
-3.1328129133858269
0
LINE
8
BLACK
6
CONTINUOUS
10
6.3912028346456689
20
-3.1328129133858269
11
6.3907932283464568
21
-3.132539212598425
0
LINE
8
BLACK
6
CONTINUOUS
10
6.3907932283464568
20
-3.132539212598425
11
6.3885918503937003
21
-3.1310682677165356
0
LINE
8
BLACK
6
CONTINUOUS
10
6.3885918503937003
20
-3.1310682677165356
11
6.3885917716535428
21
-3.1310682283464568
0
LINE
8
BLACK
6
CONTINUOUS
10
6.3885917716535428
20
-3.1310682283464568
11
6.3885916535433074
21
-3.1310681889763781
0
LINE
8
BLACK
6
CONTINUOUS
10
6.3885916535433074
20
-3.1310681889763781
11
6.3885916141732286
21
-3.1310681889763781
0
LINE
8
BLACK
6
CONTINUOUS
10
6.3885916141732286
20
-3.1310681889763781
11
6.3862896850393698
21
-3.1306102755905512
0
LINE
8
BLACK
6
CONTINUOUS
10
6.3862896850393698
20
-3.1306102755905512
11
6.3862892913385823
21
-3.1306102362204724
0
LINE
8
BLACK
6
CONTINUOUS
10
6.3862892913385823
20
-3.1306102362204724
11
6.3247343307086616
21
-3.1306102362204724
0
LINE
8
BLACK
6
CONTINUOUS
10
6.3247343307086616
20
-3.1306102362204724
11
6.3247342913385829
21
-3.1306102362204724
0
LINE
8
BLACK
6
CONTINUOUS
10
6.3247342913385829
20
-3.1306102362204724
11
6.3247338976377954
21
-3.1306102755905512
0
LINE
8
BLACK
6
CONTINUOUS
10
6.3247338976377954
20
-3.1306102755905512
11
6.3224319685039365
21
-3.1310681889763781
0
LINE
8
BLACK
6
CONTINUOUS
10
6.3224319685039365
20
-3.1310681889763781
11
6.322431732283464
21
-3.1310682677165356
0
LINE
8
BLACK
6
CONTINUOUS
10
6.322431732283464
20
-3.1310682677165356
11
6.3198209055118113
21
-3.1328127952755906
0
LINE
8
BLACK
6
CONTINUOUS
10
6.3198209055118113
20
-3.1328127952755906
11
6.3198206692913388
21
-3.1328130314960627
0
LINE
8
BLACK
6
CONTINUOUS
10
6.3198206692913388
20
-3.1328130314960627
11
6.3180761417322833
21
-3.1354238582677163
0
LINE
8
BLACK
6
CONTINUOUS
10
6.3180761417322833
20
-3.1354238582677163
11
6.3180760629921258
21
-3.1354240944881888
0
LINE
8
BLACK
6
CONTINUOUS
10
6.3180760629921258
20
-3.1354240944881888
11
6.3176181496062993
21
-3.1377260236220472
0
LINE
8
BLACK
6
CONTINUOUS
10
6.3176181496062993
20
-3.1377260236220472
11
6.3176181102362206
21
-3.1377264960629923
0
LINE
8
BLACK
6
CONTINUOUS
10
6.3176181102362206
20
-3.1377264960629923
11
6.3176181102362206
21
-3.199281338582677
0
LINE
8
BLACK
6
CONTINUOUS
10
5.6887008661417324
20
-3.0994094488188977
11
5.6887008267716537
21
-3.0994094881889764
0
LINE
8
BLACK
6
CONTINUOUS
10
5.6887008267716537
20
-3.0994094881889764
11
5.6887008267716537
21
-3.1252673622047245
0
LINE
8
BLACK
6
CONTINUOUS
10
5.6887008267716537
20
-3.1252673622047245
11
5.68881531496063
21
-3.1262548818897637
0
LINE
8
BLACK
6
CONTINUOUS
10
5.68881531496063
20
-3.1262548818897637
11
5.6905989370078736
21
-3.1302943700787402
0
LINE
8
BLACK
6
CONTINUOUS
10
5.6905989370078736
20
-3.1302943700787402
11
5.6937213385826766
21
-3.1334167716535433
0
LINE
8
BLACK
6
CONTINUOUS
10
5.6937213385826766
20
-3.1334167716535433
11
5.697760905511811
21
-3.1352003937007873
0
LINE
8
BLACK
6
CONTINUOUS
10
5.697760905511811
20
-3.1352003937007873
11
5.6987481496062991
21
-3.1353149212598423
0
LINE
8
BLACK
6
CONTINUOUS
10
5.6987481496062991
20
-3.1353149212598423
11
5.7246062204724408
21
-3.1353149212598423
0
LINE
8
BLACK
6
CONTINUOUS
10
5.7246062204724408
20
-3.1353149212598423
11
5.7246062992125983
21
-3.1353148818897636
0
LINE
8
BLACK
6
CONTINUOUS
10
5.7246062992125983
20
-3.1353148818897636
11
5.7246062992125983
21
-3.1235039370078739
0
LINE
8
BLACK
6
CONTINUOUS
10
5.7246062992125983
20
-3.1235039370078739
11
5.7005118110236221
21
-3.1235039370078739
0
LINE
8
BLACK
6
CONTINUOUS
10
5.7005118110236221
20
-3.1235039370078739
11
5.7005118110236221
21
-3.0994094488188977
0
LINE
8
BLACK
6
CONTINUOUS
10
5.7005118110236221
20
-3.0994094488188977
11
5.6887008661417324
21
-3.0994094488188977
0
LINE
8
BLACK
6
CONTINUOUS
10
5.8887008661417317
20
-3.0994094488188977
11
5.8887008267716539
21
-3.0994094881889764
0
LINE
8
BLACK
6
CONTINUOUS
10
5.8887008267716539
20
-3.0994094881889764
11
5.8887008267716539
21
-3.1252673622047245
0
LINE
8
BLACK
6
CONTINUOUS
10
5.8887008267716539
20
-3.1252673622047245
11
5.8888153149606302
21
-3.1262548818897637
0
LINE
8
BLACK
6
CONTINUOUS
10
5.8888153149606302
20
-3.1262548818897637
11
5.8905989370078737
21
-3.1302943700787402
0
LINE
8
BLACK
6
CONTINUOUS
10
5.8905989370078737
20
-3.1302943700787402
11
5.8937213385826768
21
-3.1334167716535433
0
LINE
8
BLACK
6
CONTINUOUS
10
5.8937213385826768
20
-3.1334167716535433
11
5.8977609055118112
21
-3.1352003937007873
0
LINE
8
BLACK
6
CONTINUOUS
10
5.8977609055118112
20
-3.1352003937007873
11
5.8987481496062992
21
-3.1353149212598423
0
LINE
8
BLACK
6
CONTINUOUS
10
5.8987481496062992
20
-3.1353149212598423
11
5.924606220472441
21
-3.1353149212598423
0
LINE
8
BLACK
6
CONTINUOUS
10
5.924606220472441
20
-3.1353149212598423
11
5.9246062992125985
21
-3.1353148818897636
0
LINE
8
BLACK
6
CONTINUOUS
10
5.9246062992125985
20
-3.1353148818897636
11
5.9246062992125985
21
-3.1235039370078739
0
LINE
8
BLACK
6
CONTINUOUS
10
5.9246062992125985
20
-3.1235039370078739
11
5.9005118110236223
21
-3.1235039370078739
0
LINE
8
BLACK
6
CONTINUOUS
10
5.9005118110236223
20
-3.1235039370078739
11
5.9005118110236223
21
-3.0994094488188977
0
LINE
8
BLACK
6
CONTINUOUS
10
5.9005118110236223
20
-3.0994094488188977
11
5.8887008661417317
21
-3.0994094488188977
0
LINE
8
BLACK
6
CONTINUOUS
10
5.9605118110236219
20
-3.1235039370078739
11
5.9364173228346457
21
-3.1235039370078739
0
LINE
8
BLACK
6
CONTINUOUS
10
5.9364173228346457
20
-3.1235039370078739
11
5.9364173228346457
21
-3.1353148818897636
0
LINE
8
BLACK
6
CONTINUOUS
10
5.9364173228346457
20
-3.1353148818897636
11
5.9364173622047245
21
-3.1353149212598423
0
LINE
8
BLACK
6
CONTINUOUS
10
5.9364173622047245
20
-3.1353149212598423
11
5.9622751968503938
21
-3.1353149212598423
0
LINE
8
BLACK
6
CONTINUOUS
10
5.9622751968503938
20
-3.1353149212598423
11
5.9622752362204725
21
-3.1353148818897636
0
LINE
8
BLACK
6
CONTINUOUS
10
5.9622752362204725
20
-3.1353148818897636
11
5.9632627559055118
21
-3.1352003937007873
0
LINE
8
BLACK
6
CONTINUOUS
10
5.9632627559055118
20
-3.1352003937007873
11
5.9673022440944878
21
-3.1334167716535433
0
LINE
8
BLACK
6
CONTINUOUS
10
5.9673022440944878
20
-3.1334167716535433
11
5.9704246456692909
21
-3.1302943700787402
0
LINE
8
BLACK
6
CONTINUOUS
10
5.9704246456692909
20
-3.1302943700787402
11
5.9722082677165353
21
-3.1262548031496062
0
LINE
8
BLACK
6
CONTINUOUS
10
5.9722082677165353
20
-3.1262548031496062
11
5.9723227952755904
21
-3.125267598425197
0
LINE
8
BLACK
6
CONTINUOUS
10
5.9723227952755904
20
-3.125267598425197
11
5.9723228346456692
21
-3.1252675196850395
0
LINE
8
BLACK
6
CONTINUOUS
10
5.9723228346456692
20
-3.1252675196850395
11
5.9723228346456692
21
-3.0994094881889764
0
LINE
8
BLACK
6
CONTINUOUS
10
5.9723228346456692
20
-3.0994094881889764
11
5.9723227952755904
21
-3.0994094488188977
0
LINE
8
BLACK
6
CONTINUOUS
10
5.9723227952755904
20
-3.0994094488188977
11
5.9605118110236219
21
-3.0994094488188977
0
LINE
8
BLACK
6
CONTINUOUS
10
5.9605118110236219
20
-3.0994094488188977
11
5.9605118110236219
21
-3.1235039370078739
0
LINE
8
BLACK
6
CONTINUOUS
10
6.0247338976377955
20
-3.0306102755905511
11
6.0224319685039367
21
-3.031068188976378
0
LINE
8
BLACK
6
CONTINUOUS
10
6.0224319685039367
20
-3.031068188976378
11
6.0224317322834642
21
-3.0310682677165355
0
LINE
8
BLACK
6
CONTINUOUS
10
6.0224317322834642
20
-3.0310682677165355
11
6.0198209055118106
21
-3.0328127952755906
0
LINE
8
BLACK
6
CONTINUOUS
10
6.0198209055118106
20
-3.0328127952755906
11
6.0198206692913381
21
-3.0328130314960631
0
LINE
8
BLACK
6
CONTINUOUS
10
6.0198206692913381
20
-3.0328130314960631
11
6.0180761417322834
21
-3.0354238582677167
0
LINE
8
BLACK
6
CONTINUOUS
10
6.0180761417322834
20
-3.0354238582677167
11
6.0180760629921259
21
-3.0354240944881887
0
LINE
8
BLACK
6
CONTINUOUS
10
6.0180760629921259
20
-3.0354240944881887
11
6.0176181496062995
21
-3.0377260236220471
0
LINE
8
BLACK
6
CONTINUOUS
10
6.0176181496062995
20
-3.0377260236220471
11
6.0176181102362207
21
-3.0377264960629922
0
LINE
8
BLACK
6
CONTINUOUS
10
6.0176181102362207
20
-3.0377264960629922
11
6.0176181102362207
21
-3.099281338582677
0
LINE
8
BLACK
6
CONTINUOUS
10
6.0176181102362207
20
-3.099281338582677
11
6.0176181496062995
21
-3.099281811023622
0
LINE
8
BLACK
6
CONTINUOUS
10
6.0176181496062995
20
-3.099281811023622
11
6.0180760629921259
21
-3.1015837401574804
0
LINE
8
BLACK
6
CONTINUOUS
10
6.0180760629921259
20
-3.1015837401574804
11
6.0180761023622047
21
-3.1015838976377954
0
LINE
8
BLACK
6
CONTINUOUS
10
6.0180761023622047
20
-3.1015838976377954
11
6.0198207874015743
21
-3.1041949606299211
0
LINE
8
BLACK
6
CONTINUOUS
10
6.0198207874015743
20
-3.1041949606299211
11
6.0224318503937004
21
-3.1059396456692911
0
LINE
8
BLACK
6
CONTINUOUS
10
6.0224318503937004
20
-3.1059396456692911
11
6.0241823228346458
21
-3.106287834645669
0
LINE
8
BLACK
6
CONTINUOUS
10
6.0241823228346458
20
-3.106287834645669
11
6.0247338976377955
21
-3.1063975590551181
0
LINE
8
BLACK
6
CONTINUOUS
10
6.0247338976377955
20
-3.1063975590551181
11
6.0247340944881884
21
-3.1063975590551181
0
LINE
8
BLACK
6
CONTINUOUS
10
6.0247340944881884
20
-3.1063975590551181
11
6.0247343307086609
21
-3.1063976377952756
0
LINE
8
BLACK
6
CONTINUOUS
10
6.0247343307086609
20
-3.1063976377952756
11
6.0247343700787397
21
-3.1063976377952756
0
LINE
8
BLACK
6
CONTINUOUS
10
6.0247343700787397
20
-3.1063976377952756
11
6.0862892519685037
21
-3.1063976377952756
0
LINE
8
BLACK
6
CONTINUOUS
10
6.0862892519685037
20
-3.1063976377952756
11
6.0862892913385824
21
-3.1063976377952756
0
LINE
8
BLACK
6
CONTINUOUS
10
6.0862892913385824
20
-3.1063976377952756
11
6.0885917716535429
21
-3.1059396456692911
0
LINE
8
BLACK
6
CONTINUOUS
10
6.0885917716535429
20
-3.1059396456692911
11
6.091202834645669
21
-3.1041949606299211
0
LINE
8
BLACK
6
CONTINUOUS
10
6.091202834645669
20
-3.1041949606299211
11
6.0929475196850396
21
-3.1015838976377954
0
LINE
8
BLACK
6
CONTINUOUS
10
6.0929475196850396
20
-3.1015838976377954
11
6.0934055118110235
21
-3.0992814173228345
0
LINE
8
BLACK
6
CONTINUOUS
10
6.0934055118110235
20
-3.0992814173228345
11
6.0934055118110235
21
-3.0377264960629922
0
LINE
8
BLACK
6
CONTINUOUS
10
6.0934055118110235
20
-3.0377264960629922
11
6.0934055118110235
21
-3.0377264566929134
0
LINE
8
BLACK
6
CONTINUOUS
10
6.0934055118110235
20
-3.0377264566929134
11
6.0929475196850396
21
-3.0354239763779525
0
LINE
8
BLACK
6
CONTINUOUS
10
6.0929475196850396
20
-3.0354239763779525
11
6.091202834645669
21
-3.0328129133858268
0
LINE
8
BLACK
6
CONTINUOUS
10
6.091202834645669
20
-3.0328129133858268
11
6.0890846456692911
21
-3.0313975590551179
0
LINE
8
BLACK
6
CONTINUOUS
10
6.0890846456692911
20
-3.0313975590551179
11
6.0885918503937004
21
-3.0310682677165355
0
LINE
8
BLACK
6
CONTINUOUS
10
6.0885918503937004
20
-3.0310682677165355
11
6.0885917716535429
21
-3.0310682283464567
0
LINE
8
BLACK
6
CONTINUOUS
10
6.0885917716535429
20
-3.0310682283464567
11
6.0885916535433067
21
-3.031068188976378
0
LINE
8
BLACK
6
CONTINUOUS
10
6.0885916535433067
20
-3.031068188976378
11
6.0885916141732279
21
-3.031068188976378
0
LINE
8
BLACK
6
CONTINUOUS
10
6.0885916141732279
20
-3.031068188976378
11
6.08628968503937
21
-3.0306102755905511
0
LINE
8
BLACK
6
CONTINUOUS
10
6.08628968503937
20
-3.0306102755905511
11
6.0862892913385824
21
-3.0306102362204723
0
LINE
8
BLACK
6
CONTINUOUS
10
6.0862892913385824
20
-3.0306102362204723
11
6.0247343307086609
21
-3.0306102362204723
0
LINE
8
BLACK
6
CONTINUOUS
10
6.0247343307086609
20
-3.0306102362204723
11
6.0247342913385822
21
-3.0306102362204723
0
LINE
8
BLACK
6
CONTINUOUS
10
6.0247342913385822
20
-3.0306102362204723
11
6.0247338976377955
21
-3.0306102755905511
0
LINE
8
BLACK
6
CONTINUOUS
10
6.1176181102362204
20
-3.099281338582677
11
6.1176181496062991
21
-3.099281811023622
0
LINE
8
BLACK
6
CONTINUOUS
10
6.1176181496062991
20
-3.099281811023622
11
6.1180760629921256
21
-3.1015837401574804
0
LINE
8
BLACK
6
CONTINUOUS
10
6.1180760629921256
20
-3.1015837401574804
11
6.1180761023622043
21
-3.1015838976377954
0
LINE
8
BLACK
6
CONTINUOUS
10
6.1180761023622043
20
-3.1015838976377954
11
6.1198207874015749
21
-3.1041949606299211
0
LINE
8
BLACK
6
CONTINUOUS
10
6.1198207874015749
20
-3.1041949606299211
11
6.122431850393701
21
-3.1059396456692911
0
LINE
8
BLACK
6
CONTINUOUS
10
6.122431850393701
20
-3.1059396456692911
11
6.1241823228346455
21
-3.106287834645669
0
LINE
8
BLACK
6
CONTINUOUS
10
6.1241823228346455
20
-3.106287834645669
11
6.1247338976377952
21
-3.1063975590551181
0
LINE
8
BLACK
6
CONTINUOUS
10
6.1247338976377952
20
-3.1063975590551181
11
6.124734094488189
21
-3.1063975590551181
0
LINE
8
BLACK
6
CONTINUOUS
10
6.124734094488189
20
-3.1063975590551181
11
6.1247343307086615
21
-3.1063976377952756
0
LINE
8
BLACK
6
CONTINUOUS
10
6.1247343307086615
20
-3.1063976377952756
11
6.1247343700787402
21
-3.1063976377952756
0
LINE
8
BLACK
6
CONTINUOUS
10
6.1247343700787402
20
-3.1063976377952756
11
6.1862892519685042
21
-3.1063976377952756
0
LINE
8
BLACK
6
CONTINUOUS
10
6.1862892519685042
20
-3.1063976377952756
11
6.186289291338583
21
-3.1063976377952756
0
LINE
8
BLACK
6
CONTINUOUS
10
6.186289291338583
20
-3.1063976377952756
11
6.1885917716535435
21
-3.1059396456692911
0
LINE
8
BLACK
6
CONTINUOUS
10
6.1885917716535435
20
-3.1059396456692911
11
6.1912028346456696
21
-3.1041949606299211
0
LINE
8
BLACK
6
CONTINUOUS
10
6.1912028346456696
20
-3.1041949606299211
11
6.1929475196850392
21
-3.1015838976377954
0
LINE
8
BLACK
6
CONTINUOUS
10
6.1929475196850392
20
-3.1015838976377954
11
6.1934055118110232
21
-3.0992814173228345
0
LINE
8
BLACK
6
CONTINUOUS
10
6.1934055118110232
20
-3.0992814173228345
11
6.1934055118110232
21
-3.0377264960629922
0
LINE
8
BLACK
6
CONTINUOUS
10
6.1934055118110232
20
-3.0377264960629922
11
6.1934055118110232
21
-3.0377264566929134
0
LINE
8
BLACK
6
CONTINUOUS
10
6.1934055118110232
20
-3.0377264566929134
11
6.1929475196850392
21
-3.0354239763779525
0
LINE
8
BLACK
6
CONTINUOUS
10
6.1929475196850392
20
-3.0354239763779525
11
6.1912028346456696
21
-3.0328129133858268
0
LINE
8
BLACK
6
CONTINUOUS
10
6.1912028346456696
20
-3.0328129133858268
11
6.1890846456692916
21
-3.0313975590551179
0
LINE
8
BLACK
6
CONTINUOUS
10
6.1890846456692916
20
-3.0313975590551179
11
6.188591850393701
21
-3.0310682677165355
0
LINE
8
BLACK
6
CONTINUOUS
10
6.188591850393701
20
-3.0310682677165355
11
6.1885917716535435
21
-3.0310682283464567
0
LINE
8
BLACK
6
CONTINUOUS
10
6.1885917716535435
20
-3.0310682283464567
11
6.1885916535433072
21
-3.031068188976378
0
LINE
8
BLACK
6
CONTINUOUS
10
6.1885916535433072
20
-3.031068188976378
11
6.1885916141732285
21
-3.031068188976378
0
LINE
8
BLACK
6
CONTINUOUS
10
6.1885916141732285
20
-3.031068188976378
11
6.1862896850393696
21
-3.0306102755905511
0
LINE
8
BLACK
6
CONTINUOUS
10
6.1862896850393696
20
-3.0306102755905511
11
6.186289291338583
21
-3.0306102362204723
0
LINE
8
BLACK
6
CONTINUOUS
10
6.186289291338583
20
-3.0306102362204723
11
6.1247343307086615
21
-3.0306102362204723
0
LINE
8
BLACK
6
CONTINUOUS
10
6.1247343307086615
20
-3.0306102362204723
11
6.1247342913385827
21
-3.0306102362204723
0
LINE
8
BLACK
6
CONTINUOUS
10
6.1247342913385827
20
-3.0306102362204723
11
6.1247338976377952
21
-3.0306102755905511
0
LINE
8
BLACK
6
CONTINUOUS
10
6.1247338976377952
20
-3.0306102755905511
11
6.1224319685039372
21
-3.031068188976378
0
LINE
8
BLACK
6
CONTINUOUS
10
6.1224319685039372
20
-3.031068188976378
11
6.1224317322834647
21
-3.0310682677165355
0
LINE
8
BLACK
6
CONTINUOUS
10
6.1224317322834647
20
-3.0310682677165355
11
6.1198209055118111
21
-3.0328127952755906
0
LINE
8
BLACK
6
CONTINUOUS
10
6.1198209055118111
20
-3.0328127952755906
11
6.1198206692913386
21
-3.0328130314960631
0
LINE
8
BLACK
6
CONTINUOUS
10
6.1198206692913386
20
-3.0328130314960631
11
6.1180761417322831
21
-3.0354238582677167
0
LINE
8
BLACK
6
CONTINUOUS
10
6.1180761417322831
20
-3.0354238582677167
11
6.1180760629921256
21
-3.0354240944881887
0
LINE
8
BLACK
6
CONTINUOUS
10
6.1180760629921256
20
-3.0354240944881887
11
6.1176181496062991
21
-3.0377260236220471
0
LINE
8
BLACK
6
CONTINUOUS
10
6.1176181496062991
20
-3.0377260236220471
11
6.1176181102362204
21
-3.0377264960629922
0
LINE
8
BLACK
6
CONTINUOUS
10
6.1176181102362204
20
-3.0377264960629922
11
6.1176181102362204
21
-3.099281338582677
0
LINE
8
BLACK
6
CONTINUOUS
10
6.21761811023622
20
-3.099281338582677
11
6.2176181496062988
21
-3.099281811023622
0
LINE
8
BLACK
6
CONTINUOUS
10
6.2176181496062988
20
-3.099281811023622
11
6.2180760629921261
21
-3.1015837401574804
0
LINE
8
BLACK
6
CONTINUOUS
10
6.2180760629921261
20
-3.1015837401574804
11
6.2180761023622049
21
-3.1015838976377954
0
LINE
8
BLACK
6
CONTINUOUS
10
6.2180761023622049
20
-3.1015838976377954
11
6.2198207874015745
21
-3.1041949606299211
0
LINE
8
BLACK
6
CONTINUOUS
10
6.2198207874015745
20
-3.1041949606299211
11
6.2224318503937006
21
-3.1059396456692911
0
LINE
8
BLACK
6
CONTINUOUS
10
6.2224318503937006
20
-3.1059396456692911
11
6.2241823228346451
21
-3.106287834645669
0
LINE
8
BLACK
6
CONTINUOUS
10
6.2241823228346451
20
-3.106287834645669
11
6.2247338976377948
21
-3.1063975590551181
0
LINE
8
BLACK
6
CONTINUOUS
10
6.2247338976377948
20
-3.1063975590551181
11
6.2247340944881886
21
-3.1063975590551181
0
LINE
8
BLACK
6
CONTINUOUS
10
6.2247340944881886
20
-3.1063975590551181
11
6.2247343307086611
21
-3.1063976377952756
0
LINE
8
BLACK
6
CONTINUOUS
10
6.2247343307086611
20
-3.1063976377952756
11
6.2247343700787399
21
-3.1063976377952756
0
LINE
8
BLACK
6
CONTINUOUS
10
6.2247343700787399
20
-3.1063976377952756
11
6.2862892519685039
21
-3.1063976377952756
0
LINE
8
BLACK
6
CONTINUOUS
10
6.2862892519685039
20
-3.1063976377952756
11
6.2862892913385826
21
-3.1063976377952756
0
LINE
8
BLACK
6
CONTINUOUS
10
6.2862892913385826
20
-3.1063976377952756
11
6.2885917716535431
21
-3.1059396456692911
0
LINE
8
BLACK
6
CONTINUOUS
10
6.2885917716535431
20
-3.1059396456692911
11
6.2912028346456692
21
-3.1041949606299211
0
LINE
8
BLACK
6
CONTINUOUS
10
6.2912028346456692
20
-3.1041949606299211
11
6.2929475196850388
21
-3.1015838976377954
0
LINE
8
BLACK
6
CONTINUOUS
10
6.2929475196850388
20
-3.1015838976377954
11
6.2934055118110237
21
-3.0992814173228345
0
LINE
8
BLACK
6
CONTINUOUS
10
6.2934055118110237
20
-3.0992814173228345
11
6.2934055118110237
21
-3.0377264960629922
0
LINE
8
BLACK
6
CONTINUOUS
10
6.2934055118110237
20
-3.0377264960629922
11
6.2934055118110237
21
-3.0377264566929134
0
LINE
8
BLACK
6
CONTINUOUS
10
6.2934055118110237
20
-3.0377264566929134
11
6.2929475196850388
21
-3.0354239763779525
0
LINE
8
BLACK
6
CONTINUOUS
10
6.2929475196850388
20
-3.0354239763779525
11
6.2912028346456692
21
-3.0328129133858268
0
LINE
8
BLACK
6
CONTINUOUS
10
6.2912028346456692
20
-3.0328129133858268
11
6.2890846456692913
21
-3.0313975590551179
0
LINE
8
BLACK
6
CONTINUOUS
10
6.2890846456692913
20
-3.0313975590551179
11
6.2885918503937006
21
-3.0310682677165355
0
LINE
8
BLACK
6
CONTINUOUS
10
6.2885918503937006
20
-3.0310682677165355
11
6.2885917716535431
21
-3.0310682283464567
0
LINE
8
BLACK
6
CONTINUOUS
10
6.2885917716535431
20
-3.0310682283464567
11
6.2885916535433068
21
-3.031068188976378
0
LINE
8
BLACK
6
CONTINUOUS
10
6.2885916535433068
20
-3.031068188976378
11
6.2885916141732281
21
-3.031068188976378
0
LINE
8
BLACK
6
CONTINUOUS
10
6.2885916141732281
20
-3.031068188976378
11
6.2862896850393701
21
-3.0306102755905511
0
LINE
8
BLACK
6
CONTINUOUS
10
6.2862896850393701
20
-3.0306102755905511
11
6.2862892913385826
21
-3.0306102362204723
0
LINE
8
BLACK
6
CONTINUOUS
10
6.2862892913385826
20
-3.0306102362204723
11
6.2247343307086611
21
-3.0306102362204723
0
LINE
8
BLACK
6
CONTINUOUS
10
6.2247343307086611
20
-3.0306102362204723
11
6.2247342913385824
21
-3.0306102362204723
0
LINE
8
BLACK
6
CONTINUOUS
10
6.2247342913385824
20
-3.0306102362204723
11
6.2247338976377948
21
-3.0306102755905511
0
LINE
8
BLACK
6
CONTINUOUS
10
6.2247338976377948
20
-3.0306102755905511
11
6.2224319685039369
21
-3.031068188976378
0
LINE
8
BLACK
6
CONTINUOUS
10
6.2224319685039369
20
-3.031068188976378
11
6.2224317322834644
21
-3.0310682677165355
0
LINE
8
BLACK
6
CONTINUOUS
10
6.2224317322834644
20
-3.0310682677165355
11
6.2198209055118108
21
-3.0328127952755906
0
LINE
8
BLACK
6
CONTINUOUS
10
6.2198209055118108
20
-3.0328127952755906
11
6.2198206692913383
21
-3.0328130314960631
0
LINE
8
BLACK
6
CONTINUOUS
10
6.2198206692913383
20
-3.0328130314960631
11
6.2180761417322836
21
-3.0354238582677167
0
LINE
8
BLACK
6
CONTINUOUS
10
6.2180761417322836
20
-3.0354238582677167
11
6.2180760629921261
21
-3.0354240944881887
0
LINE
8
BLACK
6
CONTINUOUS
10
6.2180760629921261
20
-3.0354240944881887
11
6.2176181496062988
21
-3.0377260236220471
0
LINE
8
BLACK
6
CONTINUOUS
10
6.2176181496062988
20
-3.0377260236220471
11
6.21761811023622
21
-3.0377264960629922
0
LINE
8
BLACK
6
CONTINUOUS
10
6.21761811023622
20
-3.0377264960629922
11
6.21761811023622
21
-3.099281338582677
0
LINE
8
BLACK
6
CONTINUOUS
10
6.3176181102362206
20
-3.099281338582677
11
6.3176181496062993
21
-3.099281811023622
0
LINE
8
BLACK
6
CONTINUOUS
10
6.3176181496062993
20
-3.099281811023622
11
6.3180760629921258
21
-3.1015837401574804
0
LINE
8
BLACK
6
CONTINUOUS
10
6.3180760629921258
20
-3.1015837401574804
11
6.3180761023622045
21
-3.1015838976377954
0
LINE
8
BLACK
6
CONTINUOUS
10
6.3180761023622045
20
-3.1015838976377954
11
6.319820787401575
21
-3.1041949606299211
0
LINE
8
BLACK
6
CONTINUOUS
10
6.319820787401575
20
-3.1041949606299211
11
6.3224318503937003
21
-3.1059396456692911
0
LINE
8
BLACK
6
CONTINUOUS
10
6.3224318503937003
20
-3.1059396456692911
11
6.3241823228346457
21
-3.106287834645669
0
LINE
8
BLACK
6
CONTINUOUS
10
6.3241823228346457
20
-3.106287834645669
11
6.3247338976377954
21
-3.1063975590551181
0
LINE
8
BLACK
6
CONTINUOUS
10
6.3247338976377954
20
-3.1063975590551181
11
6.3247340944881891
21
-3.1063975590551181
0
LINE
8
BLACK
6
CONTINUOUS
10
6.3247340944881891
20
-3.1063975590551181
11
6.3247343307086616
21
-3.1063976377952756
0
LINE
8
BLACK
6
CONTINUOUS
10
6.3247343307086616
20
-3.1063976377952756
11
6.3247343700787404
21
-3.1063976377952756
0
LINE
8
BLACK
6
CONTINUOUS
10
6.3247343700787404
20
-3.1063976377952756
11
6.3862892519685035
21
-3.1063976377952756
0
LINE
8
BLACK
6
CONTINUOUS
10
6.3862892519685035
20
-3.1063976377952756
11
6.3862892913385823
21
-3.1063976377952756
0
LINE
8
BLACK
6
CONTINUOUS
10
6.3862892913385823
20
-3.1063976377952756
11
6.3885917716535428
21
-3.1059396456692911
0
LINE
8
BLACK
6
CONTINUOUS
10
6.3885917716535428
20
-3.1059396456692911
11
6.3912028346456689
21
-3.1041949606299211
0
LINE
8
BLACK
6
CONTINUOUS
10
6.3912028346456689
20
-3.1041949606299211
11
6.3929475196850394
21
-3.1015838976377954
0
LINE
8
BLACK
6
CONTINUOUS
10
6.3929475196850394
20
-3.1015838976377954
11
6.3934055118110233
21
-3.0992814173228345
0
LINE
8
BLACK
6
CONTINUOUS
10
6.3934055118110233
20
-3.0992814173228345
11
6.3934055118110233
21
-3.0377264566929134
0
LINE
8
BLACK
6
CONTINUOUS
10
6.3934055118110233
20
-3.0377264566929134
11
6.3929475196850394
21
-3.0354239763779525
0
LINE
8
BLACK
6
CONTINUOUS
10
6.3929475196850394
20
-3.0354239763779525
11
6.3912028346456689
21
-3.0328129133858268
0
LINE
8
BLACK
6
CONTINUOUS
10
6.3912028346456689
20
-3.0328129133858268
11
6.3890846456692909
21
-3.0313975590551179
0
LINE
8
BLACK
6
CONTINUOUS
10
6.3890846456692909
20
-3.0313975590551179
11
6.3885918503937003
21
-3.0310682677165355
0
LINE
8
BLACK
6
CONTINUOUS
10
6.3885918503937003
20
-3.0310682677165355
11
6.3885917716535428
21
-3.0310682283464567
0
LINE
8
BLACK
6
CONTINUOUS
10
6.3885917716535428
20
-3.0310682283464567
11
6.3885916535433074
21
-3.031068188976378
0
LINE
8
BLACK
6
CONTINUOUS
10
6.3885916535433074
20
-3.031068188976378
11
6.3885916141732286
21
-3.031068188976378
0
LINE
8
BLACK
6
CONTINUOUS
10
6.3885916141732286
20
-3.031068188976378
11
6.3862896850393698
21
-3.0306102755905511
0
LINE
8
BLACK
6
CONTINUOUS
10
6.3862896850393698
20
-3.0306102755905511
11
6.3862892913385823
21
-3.0306102362204723
0
LINE
8
BLACK
6
CONTINUOUS
10
6.3862892913385823
20
-3.0306102362204723
11
6.3247343307086616
21
-3.0306102362204723
0
LINE
8
BLACK
6
CONTINUOUS
10
6.3247343307086616
20
-3.0306102362204723
11
6.3247342913385829
21
-3.0306102362204723
0
LINE
8
BLACK
6
CONTINUOUS
10
6.3247342913385829
20
-3.0306102362204723
11
6.3247338976377954
21
-3.0306102755905511
0
LINE
8
BLACK
6
CONTINUOUS
10
6.3247338976377954
20
-3.0306102755905511
11
6.3224319685039365
21
-3.031068188976378
0
LINE
8
BLACK
6
CONTINUOUS
10
6.3224319685039365
20
-3.031068188976378
11
6.322431732283464
21
-3.0310682677165355
0
LINE
8
BLACK
6
CONTINUOUS
10
6.322431732283464
20
-3.0310682677165355
11
6.3198209055118113
21
-3.0328127952755906
0
LINE
8
BLACK
6
CONTINUOUS
10
6.3198209055118113
20
-3.0328127952755906
11
6.3198206692913388
21
-3.0328130314960631
0
LINE
8
BLACK
6
CONTINUOUS
10
6.3198206692913388
20
-3.0328130314960631
11
6.3180761417322833
21
-3.0354238582677167
0
LINE
8
BLACK
6
CONTINUOUS
10
6.3180761417322833
20
-3.0354238582677167
11
6.3180760629921258
21
-3.0354240944881887
0
LINE
8
BLACK
6
CONTINUOUS
10
6.3180760629921258
20
-3.0354240944881887
11
6.3176181496062993
21
-3.0377260236220471
0
LINE
8
BLACK
6
CONTINUOUS
10
6.3176181496062993
20
-3.0377260236220471
11
6.3176181102362206
21
-3.0377264960629922
0
LINE
8
BLACK
6
CONTINUOUS
10
6.3176181102362206
20
-3.0377264960629922
11
6.3176181102362206
21
-3.099281338582677
0
LINE
8
BLACK
6
CONTINUOUS
10
5.9364173228346457
20
-3.0516929527559054
11
5.9364173228346457
21
-3.0635039370078738
0
LINE
8
BLACK
6
CONTINUOUS
10
5.9364173228346457
20
-3.0635039370078738
11
5.9605118110236219
21
-3.0635039370078738
0
LINE
8
BLACK
6
CONTINUOUS
10
5.9605118110236219
20
-3.0635039370078738
11
5.9605118110236219
21
-3.0875984251968505
0
LINE
8
BLACK
6
CONTINUOUS
10
5.9605118110236219
20
-3.0875984251968505
11
5.9723227559055116
21
-3.0875984251968505
0
LINE
8
BLACK
6
CONTINUOUS
10
5.9723227559055116
20
-3.0875984251968505
11
5.9723227952755904
21
-3.0875983858267717
0
LINE
8
BLACK
6
CONTINUOUS
10
5.9723227952755904
20
-3.0875983858267717
11
5.9723227952755904
21
-3.0617405511811024
0
LINE
8
BLACK
6
CONTINUOUS
10
5.9723227952755904
20
-3.0617405511811024
11
5.9723227559055116
21
-3.0617404724409449
0
LINE
8
BLACK
6
CONTINUOUS
10
5.9723227559055116
20
-3.0617404724409449
11
5.9722082677165353
21
-3.0607529527559056
0
LINE
8
BLACK
6
CONTINUOUS
10
5.9722082677165353
20
-3.0607529527559056
11
5.9704246456692909
21
-3.0567134645669292
0
LINE
8
BLACK
6
CONTINUOUS
10
5.9704246456692909
20
-3.0567134645669292
11
5.9673022440944878
21
-3.0535910629921261
0
LINE
8
BLACK
6
CONTINUOUS
10
5.9673022440944878
20
-3.0535910629921261
11
5.9632626771653543
21
-3.0518074409448817
0
LINE
8
BLACK
6
CONTINUOUS
10
5.9632626771653543
20
-3.0518074409448817
11
5.962275472440945
21
-3.0516929133858266
0
LINE
8
BLACK
6
CONTINUOUS
10
5.962275472440945
20
-3.0516929133858266
11
5.9364173622047245
21
-3.0516929133858266
0
LINE
8
BLACK
6
CONTINUOUS
10
5.9364173622047245
20
-3.0516929133858266
11
5.9364173228346457
21
-3.0516929527559054
0
LINE
8
BLACK
6
CONTINUOUS
10
5.7364173228346456
20
-3.0516929527559054
11
5.7364173228346456
21
-3.0635039370078738
0
LINE
8
BLACK
6
CONTINUOUS
10
5.7364173228346456
20
-3.0635039370078738
11
5.7605118110236218
21
-3.0635039370078738
0
LINE
8
BLACK
6
CONTINUOUS
10
5.7605118110236218
20
-3.0635039370078738
11
5.7605118110236218
21
-3.0875984251968505
0
LINE
8
BLACK
6
CONTINUOUS
10
5.7605118110236218
20
-3.0875984251968505
11
5.7723227559055115
21
-3.0875984251968505
0
LINE
8
BLACK
6
CONTINUOUS
10
5.7723227559055115
20
-3.0875984251968505
11
5.7723227952755902
21
-3.0875983858267717
0
LINE
8
BLACK
6
CONTINUOUS
10
5.7723227952755902
20
-3.0875983858267717
11
5.7723227952755902
21
-3.0617405511811024
0
LINE
8
BLACK
6
CONTINUOUS
10
5.7723227952755902
20
-3.0617405511811024
11
5.7723227559055115
21
-3.0617404724409449
0
LINE
8
BLACK
6
CONTINUOUS
10
5.7723227559055115
20
-3.0617404724409449
11
5.7722082677165352
21
-3.0607529527559056
0
LINE
8
BLACK
6
CONTINUOUS
10
5.7722082677165352
20
-3.0607529527559056
11
5.7704246456692916
21
-3.0567134645669292
0
LINE
8
BLACK
6
CONTINUOUS
10
5.7704246456692916
20
-3.0567134645669292
11
5.7673022440944877
21
-3.0535910629921261
0
LINE
8
BLACK
6
CONTINUOUS
10
5.7673022440944877
20
-3.0535910629921261
11
5.7632626771653541
21
-3.0518074409448817
0
LINE
8
BLACK
6
CONTINUOUS
10
5.7632626771653541
20
-3.0518074409448817
11
5.7622754724409448
21
-3.0516929133858266
0
LINE
8
BLACK
6
CONTINUOUS
10
5.7622754724409448
20
-3.0516929133858266
11
5.7364173622047243
21
-3.0516929133858266
0
LINE
8
BLACK
6
CONTINUOUS
10
5.7364173622047243
20
-3.0516929133858266
11
5.7364173228346456
21
-3.0516929527559054
0
LINE
8
BLACK
6
CONTINUOUS
10
5.6987483070866141
20
-3.0516929527559054
11
5.6977608267716535
21
-3.0518074409448817
0
LINE
8
BLACK
6
CONTINUOUS
10
5.6977608267716535
20
-3.0518074409448817
11
5.6937213385826766
21
-3.0535910629921261
0
LINE
8
BLACK
6
CONTINUOUS
10
5.6937213385826766
20
-3.0535910629921261
11
5.6905989370078736
21
-3.0567134645669292
0
LINE
8
BLACK
6
CONTINUOUS
10
5.6905989370078736
20
-3.0567134645669292
11
5.68881531496063
21
-3.0607530314960627
0
LINE
8
BLACK
6
CONTINUOUS
10
5.68881531496063
20
-3.0607530314960627
11
5.6887007874015749
21
-3.0617402362204724
0
LINE
8
BLACK
6
CONTINUOUS
10
5.6887007874015749
20
-3.0617402362204724
11
5.6887007874015749
21
-3.0875983858267717
0
LINE
8
BLACK
6
CONTINUOUS
10
5.6887007874015749
20
-3.0875983858267717
11
5.6887008267716537
21
-3.0875984251968505
0
LINE
8
BLACK
6
CONTINUOUS
10
5.6887008267716537
20
-3.0875984251968505
11
5.7005118110236221
21
-3.0875984251968505
0
LINE
8
BLACK
6
CONTINUOUS
10
5.7005118110236221
20
-3.0875984251968505
11
5.7005118110236221
21
-3.0635039370078738
0
LINE
8
BLACK
6
CONTINUOUS
10
5.7005118110236221
20
-3.0635039370078738
11
5.7246062992125983
21
-3.0635039370078738
0
LINE
8
BLACK
6
CONTINUOUS
10
5.7246062992125983
20
-3.0635039370078738
11
5.7246062992125983
21
-3.0516929527559054
0
LINE
8
BLACK
6
CONTINUOUS
10
5.7246062992125983
20
-3.0516929527559054
11
5.7246062598425196
21
-3.0516929133858266
0
LINE
8
BLACK
6
CONTINUOUS
10
5.7246062598425196
20
-3.0516929133858266
11
5.6987484251968503
21
-3.0516929133858266
0
LINE
8
BLACK
6
CONTINUOUS
10
5.6987484251968503
20
-3.0516929133858266
11
5.6987483070866141
21
-3.0516929527559054
0
LINE
8
BLACK
6
CONTINUOUS
10
5.6887008661417324
20
-2.9994094488188976
11
5.6887008267716537
21
-2.9994094881889763
0
LINE
8
BLACK
6
CONTINUOUS
10
5.6887008267716537
20
-2.9994094881889763
11
5.6887008267716537
21
-3.0252673622047244
0
LINE
8
BLACK
6
CONTINUOUS
10
5.6887008267716537
20
-3.0252673622047244
11
5.68881531496063
21
-3.0262548818897637
0
LINE
8
BLACK
6
CONTINUOUS
10
5.68881531496063
20
-3.0262548818897637
11
5.6905989370078736
21
-3.0302943700787401
0
LINE
8
BLACK
6
CONTINUOUS
10
5.6905989370078736
20
-3.0302943700787401
11
5.6937213385826766
21
-3.0334167716535432
0
LINE
8
BLACK
6
CONTINUOUS
10
5.6937213385826766
20
-3.0334167716535432
11
5.697760905511811
21
-3.0352003937007872
0
LINE
8
BLACK
6
CONTINUOUS
10
5.697760905511811
20
-3.0352003937007872
11
5.6987481496062991
21
-3.0353149212598423
0
LINE
8
BLACK
6
CONTINUOUS
10
5.6987481496062991
20
-3.0353149212598423
11
5.7246062204724408
21
-3.0353149212598423
0
LINE
8
BLACK
6
CONTINUOUS
10
5.7246062204724408
20
-3.0353149212598423
11
5.7246062992125983
21
-3.0353148818897635
0
LINE
8
BLACK
6
CONTINUOUS
10
5.7246062992125983
20
-3.0353148818897635
11
5.7246062992125983
21
-3.0235039370078738
0
LINE
8
BLACK
6
CONTINUOUS
10
5.7246062992125983
20
-3.0235039370078738
11
5.7005118110236221
21
-3.0235039370078738
0
LINE
8
BLACK
6
CONTINUOUS
10
5.7005118110236221
20
-3.0235039370078738
11
5.7005118110236221
21
-2.9994094488188976
0
LINE
8
BLACK
6
CONTINUOUS
10
5.7005118110236221
20
-2.9994094488188976
11
5.6887008661417324
21
-2.9994094488188976
0
LINE
8
BLACK
6
CONTINUOUS
10
5.7605118110236218
20
-3.0235039370078738
11
5.7364173228346456
21
-3.0235039370078738
0
LINE
8
BLACK
6
CONTINUOUS
10
5.7364173228346456
20
-3.0235039370078738
11
5.7364173228346456
21
-3.0353148818897635
0
LINE
8
BLACK
6
CONTINUOUS
10
5.7364173228346456
20
-3.0353148818897635
11
5.7364173622047243
21
-3.0353149212598423
0
LINE
8
BLACK
6
CONTINUOUS
10
5.7364173622047243
20
-3.0353149212598423
11
5.7622751968503936
21
-3.0353149212598423
0
LINE
8
BLACK
6
CONTINUOUS
10
5.7622751968503936
20
-3.0353149212598423
11
5.7622752362204723
21
-3.0353148818897635
0
LINE
8
BLACK
6
CONTINUOUS
10
5.7622752362204723
20
-3.0353148818897635
11
5.7632627559055116
21
-3.0352003937007872
0
LINE
8
BLACK
6
CONTINUOUS
10
5.7632627559055116
20
-3.0352003937007872
11
5.7673022440944877
21
-3.0334167716535432
0
LINE
8
BLACK
6
CONTINUOUS
10
5.7673022440944877
20
-3.0334167716535432
11
5.7704246456692916
21
-3.0302943700787401
0
LINE
8
BLACK
6
CONTINUOUS
10
5.7704246456692916
20
-3.0302943700787401
11
5.7722082677165352
21
-3.0262548031496062
0
LINE
8
BLACK
6
CONTINUOUS
10
5.7722082677165352
20
-3.0262548031496062
11
5.7723227952755902
21
-3.0252675984251969
0
LINE
8
BLACK
6
CONTINUOUS
10
5.7723227952755902
20
-3.0252675984251969
11
5.772322834645669
21
-3.0252675196850394
0
LINE
8
BLACK
6
CONTINUOUS
10
5.772322834645669
20
-3.0252675196850394
11
5.772322834645669
21
-2.9994094881889763
0
LINE
8
BLACK
6
CONTINUOUS
10
5.772322834645669
20
-2.9994094881889763
11
5.7723227952755902
21
-2.9994094488188976
0
LINE
8
BLACK
6
CONTINUOUS
10
5.7723227952755902
20
-2.9994094488188976
11
5.7605118110236218
21
-2.9994094488188976
0
LINE
8
BLACK
6
CONTINUOUS
10
5.7605118110236218
20
-2.9994094488188976
11
5.7605118110236218
21
-3.0235039370078738
0
LINE
8
BLACK
6
CONTINUOUS
10
5.8887008661417317
20
-2.9994094488188976
11
5.8887008267716539
21
-2.9994094881889763
0
LINE
8
BLACK
6
CONTINUOUS
10
5.8887008267716539
20
-2.9994094881889763
11
5.8887008267716539
21
-3.0252673622047244
0
LINE
8
BLACK
6
CONTINUOUS
10
5.8887008267716539
20
-3.0252673622047244
11
5.8888153149606302
21
-3.0262548818897637
0
LINE
8
BLACK
6
CONTINUOUS
10
5.8888153149606302
20
-3.0262548818897637
11
5.8905989370078737
21
-3.0302943700787401
0
LINE
8
BLACK
6
CONTINUOUS
10
5.8905989370078737
20
-3.0302943700787401
11
5.8937213385826768
21
-3.0334167716535432
0
LINE
8
BLACK
6
CONTINUOUS
10
5.8937213385826768
20
-3.0334167716535432
11
5.8977609055118112
21
-3.0352003937007872
0
LINE
8
BLACK
6
CONTINUOUS
10
5.8977609055118112
20
-3.0352003937007872
11
5.8987481496062992
21
-3.0353149212598423
0
LINE
8
BLACK
6
CONTINUOUS
10
5.8987481496062992
20
-3.0353149212598423
11
5.924606220472441
21
-3.0353149212598423
0
LINE
8
BLACK
6
CONTINUOUS
10
5.924606220472441
20
-3.0353149212598423
11
5.9246062992125985
21
-3.0353148818897635
0
LINE
8
BLACK
6
CONTINUOUS
10
5.9246062992125985
20
-3.0353148818897635
11
5.9246062992125985
21
-3.0235039370078738
0
LINE
8
BLACK
6
CONTINUOUS
10
5.9246062992125985
20
-3.0235039370078738
11
5.9005118110236223
21
-3.0235039370078738
0
LINE
8
BLACK
6
CONTINUOUS
10
5.9005118110236223
20
-3.0235039370078738
11
5.9005118110236223
21
-2.9994094488188976
0
LINE
8
BLACK
6
CONTINUOUS
10
5.9005118110236223
20
-2.9994094488188976
11
5.8887008661417317
21
-2.9994094488188976
0
LINE
8
BLACK
6
CONTINUOUS
10
5.9605118110236219
20
-3.0235039370078738
11
5.9364173228346457
21
-3.0235039370078738
0
LINE
8
BLACK
6
CONTINUOUS
10
5.9364173228346457
20
-3.0235039370078738
11
5.9364173228346457
21
-3.0353148818897635
0
LINE
8
BLACK
6
CONTINUOUS
10
5.9364173228346457
20
-3.0353148818897635
11
5.9364173622047245
21
-3.0353149212598423
0
LINE
8
BLACK
6
CONTINUOUS
10
5.9364173622047245
20
-3.0353149212598423
11
5.9622751968503938
21
-3.0353149212598423
0
LINE
8
BLACK
6
CONTINUOUS
10
5.9622751968503938
20
-3.0353149212598423
11
5.9622752362204725
21
-3.0353148818897635
0
LINE
8
BLACK
6
CONTINUOUS
10
5.9622752362204725
20
-3.0353148818897635
11
5.9632627559055118
21
-3.0352003937007872
0
LINE
8
BLACK
6
CONTINUOUS
10
5.9632627559055118
20
-3.0352003937007872
11
5.9673022440944878
21
-3.0334167716535432
0
LINE
8
BLACK
6
CONTINUOUS
10
5.9673022440944878
20
-3.0334167716535432
11
5.9704246456692909
21
-3.0302943700787401
0
LINE
8
BLACK
6
CONTINUOUS
10
5.9704246456692909
20
-3.0302943700787401
11
5.9722082677165353
21
-3.0262548031496062
0
LINE
8
BLACK
6
CONTINUOUS
10
5.9722082677165353
20
-3.0262548031496062
11
5.9723227952755904
21
-3.0252675984251969
0
LINE
8
BLACK
6
CONTINUOUS
10
5.9723227952755904
20
-3.0252675984251969
11
5.9723228346456692
21
-3.0252675196850394
0
LINE
8
BLACK
6
CONTINUOUS
10
5.9723228346456692
20
-3.0252675196850394
11
5.9723228346456692
21
-2.9994094881889763
0
LINE
8
BLACK
6
CONTINUOUS
10
5.9723228346456692
20
-2.9994094881889763
11
5.9723227952755904
21
-2.9994094488188976
0
LINE
8
BLACK
6
CONTINUOUS
10
5.9723227952755904
20
-2.9994094488188976
11
5.9605118110236219
21
-2.9994094488188976
0
LINE
8
BLACK
6
CONTINUOUS
10
5.9605118110236219
20
-2.9994094488188976
11
5.9605118110236219
21
-3.0235039370078738
0
LINE
8
BLACK
6
CONTINUOUS
10
5.7723227952755902
20
-2.9617405511811024
11
5.7723227559055115
21
-2.9617404724409448
0
LINE
8
BLACK
6
CONTINUOUS
10
5.7723227559055115
20
-2.9617404724409448
11
5.7722082677165352
21
-2.9607529527559056
0
LINE
8
BLACK
6
CONTINUOUS
10
5.7722082677165352
20
-2.9607529527559056
11
5.7704246456692916
21
-2.9567134645669291
0
LINE
8
BLACK
6
CONTINUOUS
10
5.7704246456692916
20
-2.9567134645669291
11
5.7673022440944877
21
-2.953591062992126
0
LINE
8
BLACK
6
CONTINUOUS
10
5.7673022440944877
20
-2.953591062992126
11
5.7632626771653541
21
-2.951807440944882
0
LINE
8
BLACK
6
CONTINUOUS
10
5.7632626771653541
20
-2.951807440944882
11
5.7622754724409448
21
-2.9516929133858265
0
LINE
8
BLACK
6
CONTINUOUS
10
5.7622754724409448
20
-2.9516929133858265
11
5.7364173622047243
21
-2.9516929133858265
0
LINE
8
BLACK
6
CONTINUOUS
10
5.7364173622047243
20
-2.9516929133858265
11
5.7364173228346456
21
-2.9516929527559053
0
LINE
8
BLACK
6
CONTINUOUS
10
5.7364173228346456
20
-2.9516929527559053
11
5.7364173228346456
21
-2.9635039370078737
0
LINE
8
BLACK
6
CONTINUOUS
10
5.7364173228346456
20
-2.9635039370078737
11
5.7605118110236218
21
-2.9635039370078737
0
LINE
8
BLACK
6
CONTINUOUS
10
5.7605118110236218
20
-2.9635039370078737
11
5.7605118110236218
21
-2.9875984251968504
0
LINE
8
BLACK
6
CONTINUOUS
10
5.7605118110236218
20
-2.9875984251968504
11
5.7723227559055115
21
-2.9875984251968504
0
LINE
8
BLACK
6
CONTINUOUS
10
5.7723227559055115
20
-2.9875984251968504
11
5.7723227952755902
21
-2.9875983858267716
0
LINE
8
BLACK
6
CONTINUOUS
10
5.7723227952755902
20
-2.9875983858267716
11
5.7723227952755902
21
-2.962726496062992
0
LINE
8
BLACK
6
CONTINUOUS
10
5.7723227952755902
20
-2.962726496062992
11
5.7723227952755902
21
-2.9617405511811024
0
LINE
8
BLACK
6
CONTINUOUS
10
5.7926181102362202
20
-3.0242813385826772
11
5.7926181496062989
21
-3.0242818110236218
0
LINE
8
BLACK
6
CONTINUOUS
10
5.7926181496062989
20
-3.0242818110236218
11
5.7930760629921263
21
-3.0265837401574802
0
LINE
8
BLACK
6
CONTINUOUS
10
5.7930760629921263
20
-3.0265837401574802
11
5.7930761023622042
21
-3.0265838976377952
0
LINE
8
BLACK
6
CONTINUOUS
10
5.7930761023622042
20
-3.0265838976377952
11
5.7948207874015747
21
-3.0291949606299213
0
LINE
8
BLACK
6
CONTINUOUS
10
5.7948207874015747
20
-3.0291949606299213
11
5.7974318503937008
21
-3.0309396456692914
0
LINE
8
BLACK
6
CONTINUOUS
10
5.7974318503937008
20
-3.0309396456692914
11
5.7991823228346453
21
-3.0312878346456693
0
LINE
8
BLACK
6
CONTINUOUS
10
5.7991823228346453
20
-3.0312878346456693
11
5.799733897637795
21
-3.0313975590551179
0
LINE
8
BLACK
6
CONTINUOUS
10
5.799733897637795
20
-3.0313975590551179
11
5.7997340944881888
21
-3.0313975590551179
0
LINE
8
BLACK
6
CONTINUOUS
10
5.7997340944881888
20
-3.0313975590551179
11
5.7997343307086613
21
-3.0313976377952754
0
LINE
8
BLACK
6
CONTINUOUS
10
5.7997343307086613
20
-3.0313976377952754
11
5.79973437007874
21
-3.0313976377952754
0
LINE
8
BLACK
6
CONTINUOUS
10
5.79973437007874
20
-3.0313976377952754
11
5.861289251968504
21
-3.0313976377952754
0
LINE
8
BLACK
6
CONTINUOUS
10
5.861289251968504
20
-3.0313976377952754
11
5.8612892913385828
21
-3.0313976377952754
0
LINE
8
BLACK
6
CONTINUOUS
10
5.8612892913385828
20
-3.0313976377952754
11
5.8635917716535433
21
-3.0309396456692914
0
LINE
8
BLACK
6
CONTINUOUS
10
5.8635917716535433
20
-3.0309396456692914
11
5.8662028346456694
21
-3.0291949606299213
0
LINE
8
BLACK
6
CONTINUOUS
10
5.8662028346456694
20
-3.0291949606299213
11
5.867947519685039
21
-3.0265838976377952
0
LINE
8
BLACK
6
CONTINUOUS
10
5.867947519685039
20
-3.0265838976377952
11
5.8684055118110239
21
-3.0242814173228347
0
LINE
8
BLACK
6
CONTINUOUS
10
5.8684055118110239
20
-3.0242814173228347
11
5.8684055118110239
21
-2.9795236614173226
0
LINE
8
BLACK
6
CONTINUOUS
10
5.8684055118110239
20
-2.9795236614173226
11
5.8691498818897641
21
-2.9772326771653543
0
LINE
8
BLACK
6
CONTINUOUS
10
5.8691498818897641
20
-2.9772326771653543
11
5.8695470866141735
21
-2.9767675984251967
0
LINE
8
BLACK
6
CONTINUOUS
10
5.8695470866141735
20
-2.9767675984251967
11
5.8820470866141727
21
-2.9642675984251969
0
LINE
8
BLACK
6
CONTINUOUS
10
5.8820470866141727
20
-2.9642675984251969
11
5.88419342519685
21
-2.9631740157480313
0
LINE
8
BLACK
6
CONTINUOUS
10
5.88419342519685
20
-2.9631740157480313
11
5.8865726377952754
21
-2.9635508267716535
0
LINE
8
BLACK
6
CONTINUOUS
10
5.8865726377952754
20
-2.9635508267716535
11
5.8882759842519681
21
-2.9652541732283462
0
LINE
8
BLACK
6
CONTINUOUS
10
5.8882759842519681
20
-2.9652541732283462
11
5.8887007874015751
21
-2.9670236614173229
0
LINE
8
BLACK
6
CONTINUOUS
10
5.8887007874015751
20
-2.9670236614173229
11
5.8887007874015751
21
-2.9875983858267716
0
LINE
8
BLACK
6
CONTINUOUS
10
5.8887007874015751
20
-2.9875983858267716
11
5.8887008267716539
21
-2.9875984251968504
0
LINE
8
BLACK
6
CONTINUOUS
10
5.8887008267716539
20
-2.9875984251968504
11
5.9005118110236223
21
-2.9875984251968504
0
LINE
8
BLACK
6
CONTINUOUS
10
5.9005118110236223
20
-2.9875984251968504
11
5.9005118110236223
21
-2.9635039370078737
0
LINE
8
BLACK
6
CONTINUOUS
10
5.9005118110236223
20
-2.9635039370078737
11
5.9246062992125985
21
-2.9635039370078737
0
LINE
8
BLACK
6
CONTINUOUS
10
5.9246062992125985
20
-2.9635039370078737
11
5.9246062992125985
21
-2.9516929527559053
0
LINE
8
BLACK
6
CONTINUOUS
10
5.9246062992125985
20
-2.9516929527559053
11
5.9246062598425198
21
-2.9516929133858265
0
LINE
8
BLACK
6
CONTINUOUS
10
5.9246062598425198
20
-2.9516929133858265
11
5.9040314960629923
21
-2.9516929133858265
0
LINE
8
BLACK
6
CONTINUOUS
10
5.9040314960629923
20
-2.9516929133858265
11
5.9017405118110231
21
-2.9509485433070863
0
LINE
8
BLACK
6
CONTINUOUS
10
5.9017405118110231
20
-2.9509485433070863
11
5.9003246062992121
21
-2.9489997244094486
0
LINE
8
BLACK
6
CONTINUOUS
10
5.9003246062992121
20
-2.9489997244094486
11
5.9003246062992121
21
-2.9465908267716534
0
LINE
8
BLACK
6
CONTINUOUS
10
5.9003246062992121
20
-2.9465908267716534
11
5.9012754724409451
21
-2.945039212598425
0
LINE
8
BLACK
6
CONTINUOUS
10
5.9012754724409451
20
-2.945039212598425
11
5.9109014960629924
21
-2.9354132283464565
0
LINE
8
BLACK
6
CONTINUOUS
10
5.9109014960629924
20
-2.9354132283464565
11
5.91304779527559
21
-2.9343196456692913
0
LINE
8
BLACK
6
CONTINUOUS
10
5.91304779527559
20
-2.9343196456692913
11
5.9136575196850396
21
-2.9342716535433069
0
LINE
8
BLACK
6
CONTINUOUS
10
5.9136575196850396
20
-2.9342716535433069
11
6.1359420866141727
21
-2.9342716535433069
0
LINE
8
BLACK
6
CONTINUOUS
10
6.1359420866141727
20
-2.9342716535433069
11
6.1382330708661419
21
-2.9350160236220471
0
LINE
8
BLACK
6
CONTINUOUS
10
6.1382330708661419
20
-2.9350160236220471
11
6.1385703543307084
21
-2.93530405511811
0
LINE
8
BLACK
6
CONTINUOUS
10
6.1385703543307084
20
-2.93530405511811
11
6.1386502362204727
21
-2.9353653543307088
0
LINE
8
BLACK
6
CONTINUOUS
10
6.1386502362204727
20
-2.9353653543307088
11
6.1386503149606302
21
-2.9353654330708663
0
LINE
8
BLACK
6
CONTINUOUS
10
6.1386503149606302
20
-2.9353654330708663
11
6.1435889370078742
21
-2.9391549606299212
0
LINE
8
BLACK
6
CONTINUOUS
10
6.1435889370078742
20
-2.9391549606299212
11
6.1493400787401571
21
-2.9415371653543305
0
LINE
8
BLACK
6
CONTINUOUS
10
6.1493400787401571
20
-2.9415371653543305
11
6.1539688582677163
21
-2.9421465354330709
0
LINE
8
BLACK
6
CONTINUOUS
10
6.1539688582677163
20
-2.9421465354330709
11
6.1555117716535435
21
-2.9423496850393702
0
LINE
8
BLACK
6
CONTINUOUS
10
6.1555117716535435
20
-2.9423496850393702
11
6.1555118110236222
21
-2.9423496850393702
0
LINE
8
BLACK
6
CONTINUOUS
10
6.1555118110236222
20
-2.9423496850393702
11
6.155511850393701
21
-2.9423496850393702
0
LINE
8
BLACK
6
CONTINUOUS
10
6.155511850393701
20
-2.9423496850393702
11
6.1567461417322837
21
-2.9421871653543308
0
LINE
8
BLACK
6
CONTINUOUS
10
6.1567461417322837
20
-2.9421871653543308
11
6.1616835433070865
21
-2.9415371653543305
0
LINE
8
BLACK
6
CONTINUOUS
10
6.1616835433070865
20
-2.9415371653543305
11
6.1674346850393702
21
-2.9391549606299212
0
LINE
8
BLACK
6
CONTINUOUS
10
6.1674346850393702
20
-2.9391549606299212
11
6.1723733070866142
21
-2.9353654330708663
0
LINE
8
BLACK
6
CONTINUOUS
10
6.1723733070866142
20
-2.9353654330708663
11
6.1723732677165355
21
-2.9353654330708663
0
LINE
8
BLACK
6
CONTINUOUS
10
6.1723732677165355
20
-2.9353654330708663
11
6.1725759842519681
21
-2.9352099212598426
0
LINE
8
BLACK
6
CONTINUOUS
10
6.1725759842519681
20
-2.9352099212598426
11
6.1726177165354326
21
-2.9352642913385827
0
LINE
8
BLACK
6
CONTINUOUS
10
6.1726177165354326
20
-2.9352642913385827
11
6.1744718110236221
21
-2.9343196456692913
0
LINE
8
BLACK
6
CONTINUOUS
10
6.1744718110236221
20
-2.9343196456692913
11
6.1750815354330708
21
-2.9342716535433069
0
LINE
8
BLACK
6
CONTINUOUS
10
6.1750815354330708
20
-2.9342716535433069
11
6.3359420866141729
21
-2.9342716535433069
0
LINE
8
BLACK
6
CONTINUOUS
10
6.3359420866141729
20
-2.9342716535433069
11
6.3382330708661412
21
-2.9350160236220471
0
LINE
8
BLACK
6
CONTINUOUS
10
6.3382330708661412
20
-2.9350160236220471
11
6.3385703543307086
21
-2.93530405511811
0
LINE
8
BLACK
6
CONTINUOUS
10
6.3385703543307086
20
-2.93530405511811
11
6.338650236220472
21
-2.9353653543307088
0
LINE
8
BLACK
6
CONTINUOUS
10
6.338650236220472
20
-2.9353653543307088
11
6.3386503149606295
21
-2.9353654330708663
0
LINE
8
BLACK
6
CONTINUOUS
10
6.3386503149606295
20
-2.9353654330708663
11
6.3435889370078735
21
-2.9391549606299212
0
LINE
8
BLACK
6
CONTINUOUS
10
6.3435889370078735
20
-2.9391549606299212
11
6.3493400787401573
21
-2.9415371653543305
0
LINE
8
BLACK
6
CONTINUOUS
10
6.3493400787401573
20
-2.9415371653543305
11
6.3539688582677165
21
-2.9421465354330709
0
LINE
8
BLACK
6
CONTINUOUS
10
6.3539688582677165
20
-2.9421465354330709
11
6.3555117716535428
21
-2.9423496850393702
0
LINE
8
BLACK
6
CONTINUOUS
10
6.3555117716535428
20
-2.9423496850393702
11
6.3555118110236215
21
-2.9423496850393702
0
LINE
8
BLACK
6
CONTINUOUS
10
6.3555118110236215
20
-2.9423496850393702
11
6.3555118503937003
21
-2.9423496850393702
0
LINE
8
BLACK
6
CONTINUOUS
10
6.3555118503937003
20
-2.9423496850393702
11
6.356746141732283
21
-2.9421871653543308
0
LINE
8
BLACK
6
CONTINUOUS
10
6.356746141732283
20
-2.9421871653543308
11
6.3616835433070866
21
-2.9415371653543305
0
LINE
8
BLACK
6
CONTINUOUS
10
6.3616835433070866
20
-2.9415371653543305
11
6.3674346850393695
21
-2.9391549606299212
0
LINE
8
BLACK
6
CONTINUOUS
10
6.3674346850393695
20
-2.9391549606299212
11
6.3723733070866144
21
-2.9353654330708663
0
LINE
8
BLACK
6
CONTINUOUS
10
6.3723733070866144
20
-2.9353654330708663
11
6.3761628346456689
21
-2.9304268110236218
0
LINE
8
BLACK
6
CONTINUOUS
10
6.3761628346456689
20
-2.9304268110236218
11
6.3785450393700787
21
-2.9246756692913385
0
LINE
8
BLACK
6
CONTINUOUS
10
6.3785450393700787
20
-2.9246756692913385
11
6.3793575590551184
21
-2.9185039370078738
0
LINE
8
BLACK
6
CONTINUOUS
10
6.3793575590551184
20
-2.9185039370078738
11
6.3785450393700787
21
-2.9123322047244096
0
LINE
8
BLACK
6
CONTINUOUS
10
6.3785450393700787
20
-2.9123322047244096
11
6.3761628740157477
21
-2.9065811417322833
0
LINE
8
BLACK
6
CONTINUOUS
10
6.3761628740157477
20
-2.9065811417322833
11
6.3761628740157477
21
-2.9065811023622046
0
LINE
8
BLACK
6
CONTINUOUS
10
6.3761628740157477
20
-2.9065811023622046
11
6.3723734645669285
21
-2.9016426377952755
0
LINE
8
BLACK
6
CONTINUOUS
10
6.3723734645669285
20
-2.9016426377952755
11
6.3723734251968507
21
-2.9016425984251968
0
LINE
8
BLACK
6
CONTINUOUS
10
6.3723734251968507
20
-2.9016425984251968
11
6.3723733070866144
21
-2.9016424409448818
0
LINE
8
BLACK
6
CONTINUOUS
10
6.3723733070866144
20
-2.9016424409448818
11
6.3723731102362207
21
-2.9016422834645668
0
LINE
8
BLACK
6
CONTINUOUS
10
6.3723731102362207
20
-2.9016422834645668
11
6.3723730708661419
21
-2.901642244094488
0
LINE
8
BLACK
6
CONTINUOUS
10
6.3723730708661419
20
-2.901642244094488
11
6.3674345669291341
21
-2.8978528346456693
0
LINE
8
BLACK
6
CONTINUOUS
10
6.3674345669291341
20
-2.8978528346456693
11
6.3616837007874016
21
-2.8954707480314958
0
LINE
8
BLACK
6
CONTINUOUS
10
6.3616837007874016
20
-2.8954707480314958
11
6.3616833858267716
21
-2.8954706692913383
0
LINE
8
BLACK
6
CONTINUOUS
10
6.3616833858267716
20
-2.8954706692913383
11
6.3555118503937003
21
-2.8946581889763778
0
LINE
8
BLACK
6
CONTINUOUS
10
6.3555118503937003
20
-2.8946581889763778
11
6.3555117716535428
21
-2.8946581889763778
0
LINE
8
BLACK
6
CONTINUOUS
10
6.3555117716535428
20
-2.8946581889763778
11
6.3493401968503935
21
-2.8954706692913383
0
LINE
8
BLACK
6
CONTINUOUS
10
6.3493401968503935
20
-2.8954706692913383
11
6.3493398818897635
21
-2.8954707480314958
0
LINE
8
BLACK
6
CONTINUOUS
10
6.3493398818897635
20
-2.8954707480314958
11
6.343589015748031
21
-2.8978528346456693
0
LINE
8
BLACK
6
CONTINUOUS
10
6.343589015748031
20
-2.8978528346456693
11
6.3435889763779523
21
-2.8978528346456693
0
LINE
8
BLACK
6
CONTINUOUS
10
6.3435889763779523
20
-2.8978528346456693
11
6.3384476377952756
21
-2.9017979527559055
0
LINE
8
BLACK
6
CONTINUOUS
10
6.3384476377952756
20
-2.9017979527559055
11
6.3384058661417324
21
-2.9017435433070866
0
LINE
8
BLACK
6
CONTINUOUS
10
6.3384058661417324
20
-2.9017435433070866
11
6.3365518110236216
21
-2.9026882283464568
0
LINE
8
BLACK
6
CONTINUOUS
10
6.3365518110236216
20
-2.9026882283464568
11
6.3359420866141729
21
-2.9027362204724407
0
LINE
8
BLACK
6
CONTINUOUS
10
6.3359420866141729
20
-2.9027362204724407
11
6.1750815354330708
21
-2.9027362204724407
0
LINE
8
BLACK
6
CONTINUOUS
10
6.1750815354330708
20
-2.9027362204724407
11
6.1727905511811025
21
-2.9019918503937006
0
LINE
8
BLACK
6
CONTINUOUS
10
6.1727905511811025
20
-2.9019918503937006
11
6.1724532283464564
21
-2.9017037795275589
0
LINE
8
BLACK
6
CONTINUOUS
10
6.1724532283464564
20
-2.9017037795275589
11
6.1674345669291339
21
-2.8978528346456693
0
LINE
8
BLACK
6
CONTINUOUS
10
6.1674345669291339
20
-2.8978528346456693
11
6.1616837007874015
21
-2.8954707480314958
0
LINE
8
BLACK
6
CONTINUOUS
10
6.1616837007874015
20
-2.8954707480314958
11
6.1616833858267714
21
-2.8954706692913383
0
LINE
8
BLACK
6
CONTINUOUS
10
6.1616833858267714
20
-2.8954706692913383
11
6.155511850393701
21
-2.8946581889763778
0
LINE
8
BLACK
6
CONTINUOUS
10
6.155511850393701
20
-2.8946581889763778
11
6.1555117716535435
21
-2.8946581889763778
0
LINE
8
BLACK
6
CONTINUOUS
10
6.1555117716535435
20
-2.8946581889763778
11
6.1493401968503933
21
-2.8954706692913383
0
LINE
8
BLACK
6
CONTINUOUS
10
6.1493401968503933
20
-2.8954706692913383
11
6.1493398818897633
21
-2.8954707480314958
0
LINE
8
BLACK
6
CONTINUOUS
10
6.1493398818897633
20
-2.8954707480314958
11
6.1435890157480317
21
-2.8978528346456693
0
LINE
8
BLACK
6
CONTINUOUS
10
6.1435890157480317
20
-2.8978528346456693
11
6.143588976377953
21
-2.8978528346456693
0
LINE
8
BLACK
6
CONTINUOUS
10
6.143588976377953
20
-2.8978528346456693
11
6.1384476377952755
21
-2.9017979527559055
0
LINE
8
BLACK
6
CONTINUOUS
10
6.1384476377952755
20
-2.9017979527559055
11
6.1384058661417322
21
-2.9017435433070866
0
LINE
8
BLACK
6
CONTINUOUS
10
6.1384058661417322
20
-2.9017435433070866
11
6.1365518110236223
21
-2.9026882283464568
0
LINE
8
BLACK
6
CONTINUOUS
10
6.1365518110236223
20
-2.9026882283464568
11
6.1359420866141727
21
-2.9027362204724407
0
LINE
8
BLACK
6
CONTINUOUS
10
6.1359420866141727
20
-2.9027362204724407
11
5.9075876771653544
21
-2.9027362204724407
0
LINE
8
BLACK
6
CONTINUOUS
10
5.9075876771653544
20
-2.9027362204724407
11
5.9034359448818901
21
-2.9027362204724407
0
LINE
8
BLACK
6
CONTINUOUS
10
5.9034359448818901
20
-2.9027362204724407
11
5.9009814566929135
21
-2.9033938582677163
0
LINE
8
BLACK
6
CONTINUOUS
10
5.9009814566929135
20
-2.9033938582677163
11
5.899425472440945
21
-2.9038107874015746
0
LINE
8
BLACK
6
CONTINUOUS
10
5.899425472440945
20
-2.9038107874015746
11
5.8958303543307089
21
-2.9058864566929135
0
LINE
8
BLACK
6
CONTINUOUS
10
5.8958303543307089
20
-2.9058864566929135
11
5.8472481496062994
21
-2.9544686614173226
0
LINE
8
BLACK
6
CONTINUOUS
10
5.8472481496062994
20
-2.9544686614173226
11
5.8451018110236221
21
-2.9555622440944882
0
LINE
8
BLACK
6
CONTINUOUS
10
5.8451018110236221
20
-2.9555622440944882
11
5.8444920866141734
21
-2.9556102362204726
0
LINE
8
BLACK
6
CONTINUOUS
10
5.8444920866141734
20
-2.9556102362204726
11
5.7997343307086613
21
-2.9556102362204726
0
LINE
8
BLACK
6
CONTINUOUS
10
5.7997343307086613
20
-2.9556102362204726
11
5.7997342913385825
21
-2.9556102362204726
0
LINE
8
BLACK
6
CONTINUOUS
10
5.7997342913385825
20
-2.9556102362204726
11
5.799733897637795
21
-2.9556102755905509
0
LINE
8
BLACK
6
CONTINUOUS
10
5.799733897637795
20
-2.9556102755905509
11
5.797431968503937
21
-2.9560681889763778
0
LINE
8
BLACK
6
CONTINUOUS
10
5.797431968503937
20
-2.9560681889763778
11
5.7974317322834645
21
-2.9560682677165353
0
LINE
8
BLACK
6
CONTINUOUS
10
5.7974317322834645
20
-2.9560682677165353
11
5.7948209055118109
21
-2.9578127952755904
0
LINE
8
BLACK
6
CONTINUOUS
10
5.7948209055118109
20
-2.9578127952755904
11
5.7948206692913384
21
-2.9578130314960629
0
LINE
8
BLACK
6
CONTINUOUS
10
5.7948206692913384
20
-2.9578130314960629
11
5.7930761417322829
21
-2.9604238582677165
0
LINE
8
BLACK
6
CONTINUOUS
10
5.7930761417322829
20
-2.9604238582677165
11
5.7930760629921263
21
-2.960424094488189
0
LINE
8
BLACK
6
CONTINUOUS
10
5.7930760629921263
20
-2.960424094488189
11
5.7926181496062989
21
-2.962726023622047
0
LINE
8
BLACK
6
CONTINUOUS
10
5.7926181496062989
20
-2.962726023622047
11
5.7926181102362202
21
-2.962726496062992
0
LINE
8
BLACK
6
CONTINUOUS
10
5.7926181102362202
20
-2.962726496062992
11
5.7926181102362202
21
-3.0242813385826772
0
LINE
8
BLACK
6
CONTINUOUS
10
5.9364173228346457
20
-2.9516929527559053
11
5.9364173228346457
21
-2.9635039370078737
0
LINE
8
BLACK
6
CONTINUOUS
10
5.9364173228346457
20
-2.9635039370078737
11
5.9605118110236219
21
-2.9635039370078737
0
LINE
8
BLACK
6
CONTINUOUS
10
5.9605118110236219
20
-2.9635039370078737
11
5.9605118110236219
21
-2.9875984251968504
0
LINE
8
BLACK
6
CONTINUOUS
10
5.9605118110236219
20
-2.9875984251968504
11
5.9723227559055116
21
-2.9875984251968504
0
LINE
8
BLACK
6
CONTINUOUS
10
5.9723227559055116
20
-2.9875984251968504
11
5.9723227952755904
21
-2.9875983858267716
0
LINE
8
BLACK
6
CONTINUOUS
10
5.9723227952755904
20
-2.9875983858267716
11
5.9723227952755904
21
-2.9617405511811024
0
LINE
8
BLACK
6
CONTINUOUS
10
5.9723227952755904
20
-2.9617405511811024
11
5.9723227559055116
21
-2.9617404724409448
0
LINE
8
BLACK
6
CONTINUOUS
10
5.9723227559055116
20
-2.9617404724409448
11
5.9722082677165353
21
-2.9607529527559056
0
LINE
8
BLACK
6
CONTINUOUS
10
5.9722082677165353
20
-2.9607529527559056
11
5.9704246456692909
21
-2.9567134645669291
0
LINE
8
BLACK
6
CONTINUOUS
10
5.9704246456692909
20
-2.9567134645669291
11
5.9673022440944878
21
-2.953591062992126
0
LINE
8
BLACK
6
CONTINUOUS
10
5.9673022440944878
20
-2.953591062992126
11
5.9632626771653543
21
-2.951807440944882
0
LINE
8
BLACK
6
CONTINUOUS
10
5.9632626771653543
20
-2.951807440944882
11
5.962275472440945
21
-2.9516929133858265
0
LINE
8
BLACK
6
CONTINUOUS
10
5.962275472440945
20
-2.9516929133858265
11
5.9364173622047245
21
-2.9516929133858265
0
LINE
8
BLACK
6
CONTINUOUS
10
5.9364173622047245
20
-2.9516929133858265
11
5.9364173228346457
21
-2.9516929527559053
0
LINE
8
BLACK
6
CONTINUOUS
10
5.6987483070866141
20
-2.9516929527559053
11
5.6977608267716535
21
-2.951807440944882
0
LINE
8
BLACK
6
CONTINUOUS
10
5.6977608267716535
20
-2.951807440944882
11
5.6937213385826766
21
-2.953591062992126
0
LINE
8
BLACK
6
CONTINUOUS
10
5.6937213385826766
20
-2.953591062992126
11
5.6905989370078736
21
-2.9567134645669291
0
LINE
8
BLACK
6
CONTINUOUS
10
5.6905989370078736
20
-2.9567134645669291
11
5.68881531496063
21
-2.9607530314960631
0
LINE
8
BLACK
6
CONTINUOUS
10
5.68881531496063
20
-2.9607530314960631
11
5.6887007874015749
21
-2.9617402362204723
0
LINE
8
BLACK
6
CONTINUOUS
10
5.6887007874015749
20
-2.9617402362204723
11
5.6887007874015749
21
-2.9875983858267716
0
LINE
8
BLACK
6
CONTINUOUS
10
5.6887007874015749
20
-2.9875983858267716
11
5.6887008267716537
21
-2.9875984251968504
0
LINE
8
BLACK
6
CONTINUOUS
10
5.6887008267716537
20
-2.9875984251968504
11
5.7005118110236221
21
-2.9875984251968504
0
LINE
8
BLACK
6
CONTINUOUS
10
5.7005118110236221
20
-2.9875984251968504
11
5.7005118110236221
21
-2.9635039370078737
0
LINE
8
BLACK
6
CONTINUOUS
10
5.7005118110236221
20
-2.9635039370078737
11
5.7246062992125983
21
-2.9635039370078737
0
LINE
8
BLACK
6
CONTINUOUS
10
5.7246062992125983
20
-2.9635039370078737
11
5.7246062992125983
21
-2.9516929527559053
0
LINE
8
BLACK
6
CONTINUOUS
10
5.7246062992125983
20
-2.9516929527559053
11
5.7246062598425196
21
-2.9516929133858265
0
LINE
8
BLACK
6
CONTINUOUS
10
5.7246062598425196
20
-2.9516929133858265
11
5.6987484251968503
21
-2.9516929133858265
0
LINE
8
BLACK
6
CONTINUOUS
10
5.6987484251968503
20
-2.9516929133858265
11
5.6987483070866141
21
-2.9516929527559053
0
LINE
8
BLACK
6
CONTINUOUS
10
5.3645794094488188
20
-3.9685040157480316
11
5.3653157874015749
21
-3.978330433070866
0
LINE
8
BLACK
6
CONTINUOUS
10
5.3653157874015749
20
-3.978330433070866
11
5.3653158661417324
21
-3.9783308267716535
0
LINE
8
BLACK
6
CONTINUOUS
10
5.3653158661417324
20
-3.9783308267716535
11
5.3675085826771651
21
-3.9879379133858266
0
LINE
8
BLACK
6
CONTINUOUS
10
5.3675085826771651
20
-3.9879379133858266
11
5.3711086614173231
21
-3.9971106692913385
0
LINE
8
BLACK
6
CONTINUOUS
10
5.3711086614173231
20
-3.9971106692913385
11
5.371109015748031
21
-3.9971114173228344
0
LINE
8
BLACK
6
CONTINUOUS
10
5.371109015748031
20
-3.9971114173228344
11
5.3760357480314962
21
-4.0056447637795278
0
LINE
8
BLACK
6
CONTINUOUS
10
5.3760357480314962
20
-4.0056447637795278
11
5.3760359055118112
21
-4.0056450000000003
0
LINE
8
BLACK
6
CONTINUOUS
10
5.3760359055118112
20
-4.0056450000000003
11
5.3800213385826767
21
-4.0106426377952751
0
LINE
8
BLACK
6
CONTINUOUS
10
5.3800213385826767
20
-4.0106426377952751
11
5.3884671653543306
21
-4.0021967322834646
0
LINE
8
BLACK
6
CONTINUOUS
10
5.3884671653543306
20
-4.0021967322834646
11
5.3879479527559058
21
-4.0016327165354326
0
LINE
8
BLACK
6
CONTINUOUS
10
5.3879479527559058
20
-4.0016327165354326
11
5.3830756299212599
21
-3.9941751181102361
0
LINE
8
BLACK
6
CONTINUOUS
10
5.3830756299212599
20
-3.9941751181102361
11
5.3794972440944884
21
-3.9860172440944881
0
LINE
8
BLACK
6
CONTINUOUS
10
5.3794972440944884
20
-3.9860172440944881
11
5.3773104330708659
21
-3.9773816929133856
0
LINE
8
BLACK
6
CONTINUOUS
10
5.3773104330708659
20
-3.9773816929133856
11
5.3765748031496061
21
-3.9685039370078741
0
LINE
8
BLACK
6
CONTINUOUS
10
5.3765748031496061
20
-3.9685039370078741
11
5.3773104330708659
21
-3.9596261811023621
0
LINE
8
BLACK
6
CONTINUOUS
10
5.3773104330708659
20
-3.9596261811023621
11
5.3794972440944884
21
-3.9509906299212596
0
LINE
8
BLACK
6
CONTINUOUS
10
5.3794972440944884
20
-3.9509906299212596
11
5.3830756299212599
21
-3.9428327559055116
0
LINE
8
BLACK
6
CONTINUOUS
10
5.3830756299212599
20
-3.9428327559055116
11
5.3879479527559058
21
-3.9353751574803151
0
LINE
8
BLACK
6
CONTINUOUS
10
5.3879479527559058
20
-3.9353751574803151
11
5.3884672047244093
21
-3.9348110236220473
0
LINE
8
BLACK
6
CONTINUOUS
10
5.3884672047244093
20
-3.9348110236220473
11
5.3800213385826767
21
-3.9263651574803147
0
LINE
8
BLACK
6
CONTINUOUS
10
5.3800213385826767
20
-3.9263651574803147
11
5.3760358267716537
21
-3.9313629527559053
0
LINE
8
BLACK
6
CONTINUOUS
10
5.3760358267716537
20
-3.9313629527559053
11
5.3711088188976372
21
-3.9398968110236221
0
LINE
8
BLACK
6
CONTINUOUS
10
5.3711088188976372
20
-3.9398968110236221
11
5.3711086614173231
21
-3.9398971653543304
0
LINE
8
BLACK
6
CONTINUOUS
10
5.3711086614173231
20
-3.9398971653543304
11
5.3675085826771651
21
-3.9490699212598424
0
LINE
8
BLACK
6
CONTINUOUS
10
5.3675085826771651
20
-3.9490699212598424
11
5.3653158661417324
21
-3.9586770078740154
0
LINE
8
BLACK
6
CONTINUOUS
10
5.3653158661417324
20
-3.9586770078740154
11
5.3653157874015749
21
-3.958677401574803
0
LINE
8
BLACK
6
CONTINUOUS
10
5.3653157874015749
20
-3.958677401574803
11
5.3645794094488188
21
-3.9685038188976378
0
LINE
8
BLACK
6
CONTINUOUS
10
5.3645794094488188
20
-3.9685038188976378
11
5.3645794094488188
21
-3.9685040157480316
0
LINE
8
BLACK
6
CONTINUOUS
10
5.564579409448819
20
-3.9685040157480316
11
5.5653157874015751
21
-3.978330433070866
0
LINE
8
BLACK
6
CONTINUOUS
10
5.5653157874015751
20
-3.978330433070866
11
5.5653158661417326
21
-3.9783308267716535
0
LINE
8
BLACK
6
CONTINUOUS
10
5.5653158661417326
20
-3.9783308267716535
11
5.5675085826771653
21
-3.9879379133858266
0
LINE
8
BLACK
6
CONTINUOUS
10
5.5675085826771653
20
-3.9879379133858266
11
5.5711086614173224
21
-3.9971106692913385
0
LINE
8
BLACK
6
CONTINUOUS
10
5.5711086614173224
20
-3.9971106692913385
11
5.5711090157480312
21
-3.9971114173228344
0
LINE
8
BLACK
6
CONTINUOUS
10
5.5711090157480312
20
-3.9971114173228344
11
5.5760357480314964
21
-4.0056447637795278
0
LINE
8
BLACK
6
CONTINUOUS
10
5.5760357480314964
20
-4.0056447637795278
11
5.5760359055118105
21
-4.0056450000000003
0
LINE
8
BLACK
6
CONTINUOUS
10
5.5760359055118105
20
-4.0056450000000003
11
5.5800213385826769
21
-4.0106426377952751
0
LINE
8
BLACK
6
CONTINUOUS
10
5.5800213385826769
20
-4.0106426377952751
11
5.5884671653543307
21
-4.0021967322834646
0
LINE
8
BLACK
6
CONTINUOUS
10
5.5884671653543307
20
-4.0021967322834646
11
5.5879479527559051
21
-4.0016327165354326
0
LINE
8
BLACK
6
CONTINUOUS
10
5.5879479527559051
20
-4.0016327165354326
11
5.5830756299212601
21
-3.9941751181102361
0
LINE
8
BLACK
6
CONTINUOUS
10
5.5830756299212601
20
-3.9941751181102361
11
5.5794972440944877
21
-3.9860172440944881
0
LINE
8
BLACK
6
CONTINUOUS
10
5.5794972440944877
20
-3.9860172440944881
11
5.577310433070866
21
-3.9773816929133856
0
LINE
8
BLACK
6
CONTINUOUS
10
5.577310433070866
20
-3.9773816929133856
11
5.5765748031496063
21
-3.9685039370078741
0
LINE
8
BLACK
6
CONTINUOUS
10
5.5765748031496063
20
-3.9685039370078741
11
5.577310433070866
21
-3.9596261811023621
0
LINE
8
BLACK
6
CONTINUOUS
10
5.577310433070866
20
-3.9596261811023621
11
5.5794972440944877
21
-3.9509906299212596
0
LINE
8
BLACK
6
CONTINUOUS
10
5.5794972440944877
20
-3.9509906299212596
11
5.5830756299212601
21
-3.9428327559055116
0
LINE
8
BLACK
6
CONTINUOUS
10
5.5830756299212601
20
-3.9428327559055116
11
5.5879479527559051
21
-3.9353751574803151
0
LINE
8
BLACK
6
CONTINUOUS
10
5.5879479527559051
20
-3.9353751574803151
11
5.5884672047244095
21
-3.9348110236220473
0
LINE
8
BLACK
6
CONTINUOUS
10
5.5884672047244095
20
-3.9348110236220473
11
5.5800213385826769
21
-3.9263651574803147
0
LINE
8
BLACK
6
CONTINUOUS
10
5.5800213385826769
20
-3.9263651574803147
11
5.576035826771653
21
-3.9313629527559053
0
LINE
8
BLACK
6
CONTINUOUS
10
5.576035826771653
20
-3.9313629527559053
11
5.5711088188976374
21
-3.9398968110236221
0
LINE
8
BLACK
6
CONTINUOUS
10
5.5711088188976374
20
-3.9398968110236221
11
5.5711086614173224
21
-3.9398971653543304
0
LINE
8
BLACK
6
CONTINUOUS
10
5.5711086614173224
20
-3.9398971653543304
11
5.5675085826771653
21
-3.9490699212598424
0
LINE
8
BLACK
6
CONTINUOUS
10
5.5675085826771653
20
-3.9490699212598424
11
5.5653158661417326
21
-3.9586770078740154
0
LINE
8
BLACK
6
CONTINUOUS
10
5.5653158661417326
20
-3.9586770078740154
11
5.5653157874015751
21
-3.958677401574803
0
LINE
8
BLACK
6
CONTINUOUS
10
5.5653157874015751
20
-3.958677401574803
11
5.564579409448819
21
-3.9685038188976378
0
LINE
8
BLACK
6
CONTINUOUS
10
5.564579409448819
20
-3.9685038188976378
11
5.564579409448819
21
-3.9685040157480316
0
LINE
8
BLACK
6
CONTINUOUS
10
6.6645794094488187
20
-3.9685040157480316
11
6.6653157874015747
21
-3.978330433070866
0
LINE
8
BLACK
6
CONTINUOUS
10
6.6653157874015747
20
-3.978330433070866
11
6.6653158661417322
21
-3.9783308267716535
0
LINE
8
BLACK
6
CONTINUOUS
10
6.6653158661417322
20
-3.9783308267716535
11
6.667508582677165
21
-3.9879379133858266
0
LINE
8
BLACK
6
CONTINUOUS
10
6.667508582677165
20
-3.9879379133858266
11
6.6711086614173229
21
-3.9971106692913385
0
LINE
8
BLACK
6
CONTINUOUS
10
6.6711086614173229
20
-3.9971106692913385
11
6.6711090157480317
21
-3.9971114173228344
0
LINE
8
BLACK
6
CONTINUOUS
10
6.6711090157480317
20
-3.9971114173228344
11
6.676035748031496
21
-4.0056447637795278
0
LINE
8
BLACK
6
CONTINUOUS
10
6.676035748031496
20
-4.0056447637795278
11
6.676035905511811
21
-4.0056450000000003
0
LINE
8
BLACK
6
CONTINUOUS
10
6.676035905511811
20
-4.0056450000000003
11
6.6800213385826774
21
-4.0106426377952751
0
LINE
8
BLACK
6
CONTINUOUS
10
6.6800213385826774
20
-4.0106426377952751
11
6.6884671653543304
21
-4.0021967322834646
0
LINE
8
BLACK
6
CONTINUOUS
10
6.6884671653543304
20
-4.0021967322834646
11
6.6879479527559056
21
-4.0016327165354326
0
LINE
8
BLACK
6
CONTINUOUS
10
6.6879479527559056
20
-4.0016327165354326
11
6.6830756299212597
21
-3.9941751181102361
0
LINE
8
BLACK
6
CONTINUOUS
10
6.6830756299212597
20
-3.9941751181102361
11
6.6794972440944882
21
-3.9860172440944881
0
LINE
8
BLACK
6
CONTINUOUS
10
6.6794972440944882
20
-3.9860172440944881
11
6.6773104330708657
21
-3.9773816929133856
0
LINE
8
BLACK
6
CONTINUOUS
10
6.6773104330708657
20
-3.9773816929133856
11
6.6765748031496059
21
-3.9685039370078741
0
LINE
8
BLACK
6
CONTINUOUS
10
6.6765748031496059
20
-3.9685039370078741
11
6.6773104330708657
21
-3.9596261811023621
0
LINE
8
BLACK
6
CONTINUOUS
10
6.6773104330708657
20
-3.9596261811023621
11
6.6794972440944882
21
-3.9509906299212596
0
LINE
8
BLACK
6
CONTINUOUS
10
6.6794972440944882
20
-3.9509906299212596
11
6.6830756299212597
21
-3.9428327559055116
0
LINE
8
BLACK
6
CONTINUOUS
10
6.6830756299212597
20
-3.9428327559055116
11
6.6879479527559056
21
-3.9353751574803151
0
LINE
8
BLACK
6
CONTINUOUS
10
6.6879479527559056
20
-3.9353751574803151
11
6.6884672047244091
21
-3.9348110236220473
0
LINE
8
BLACK
6
CONTINUOUS
10
6.6884672047244091
20
-3.9348110236220473
11
6.6800213385826774
21
-3.9263651574803147
0
LINE
8
BLACK
6
CONTINUOUS
10
6.6800213385826774
20
-3.9263651574803147
11
6.6760358267716535
21
-3.9313629527559053
0
LINE
8
BLACK
6
CONTINUOUS
10
6.6760358267716535
20
-3.9313629527559053
11
6.671108818897638
21
-3.9398968110236221
0
LINE
8
BLACK
6
CONTINUOUS
10
6.671108818897638
20
-3.9398968110236221
11
6.6711086614173229
21
-3.9398971653543304
0
LINE
8
BLACK
6
CONTINUOUS
10
6.6711086614173229
20
-3.9398971653543304
11
6.667508582677165
21
-3.9490699212598424
0
LINE
8
BLACK
6
CONTINUOUS
10
6.667508582677165
20
-3.9490699212598424
11
6.6653158661417322
21
-3.9586770078740154
0
LINE
8
BLACK
6
CONTINUOUS
10
6.6653158661417322
20
-3.9586770078740154
11
6.6653157874015747
21
-3.958677401574803
0
LINE
8
BLACK
6
CONTINUOUS
10
6.6653157874015747
20
-3.958677401574803
11
6.6645794094488187
21
-3.9685038188976378
0
LINE
8
BLACK
6
CONTINUOUS
10
6.6645794094488187
20
-3.9685038188976378
11
6.6645794094488187
21
-3.9685040157480316
0
LINE
8
BLACK
6
CONTINUOUS
10
5.3645794094488188
20
-3.7685040157480314
11
5.3653157874015749
21
-3.7783304330708662
0
LINE
8
BLACK
6
CONTINUOUS
10
5.3653157874015749
20
-3.7783304330708662
11
5.3653158661417324
21
-3.7783308267716533
0
LINE
8
BLACK
6
CONTINUOUS
10
5.3653158661417324
20
-3.7783308267716533
11
5.3675085826771651
21
-3.7879379133858269
0
LINE
8
BLACK
6
CONTINUOUS
10
5.3675085826771651
20
-3.7879379133858269
11
5.3711086614173231
21
-3.7971106692913383
0
LINE
8
BLACK
6
CONTINUOUS
10
5.3711086614173231
20
-3.7971106692913383
11
5.371109015748031
21
-3.7971114173228346
0
LINE
8
BLACK
6
CONTINUOUS
10
5.371109015748031
20
-3.7971114173228346
11
5.3760357480314962
21
-3.8056447637795277
0
LINE
8
BLACK
6
CONTINUOUS
10
5.3760357480314962
20
-3.8056447637795277
11
5.3760359055118112
21
-3.8056449999999997
0
LINE
8
BLACK
6
CONTINUOUS
10
5.3760359055118112
20
-3.8056449999999997
11
5.3800213385826767
21
-3.8106426377952753
0
LINE
8
BLACK
6
CONTINUOUS
10
5.3800213385826767
20
-3.8106426377952753
11
5.3884671653543306
21
-3.8021967322834644
0
LINE
8
BLACK
6
CONTINUOUS
10
5.3884671653543306
20
-3.8021967322834644
11
5.3879479527559058
21
-3.8016327165354329
0
LINE
8
BLACK
6
CONTINUOUS
10
5.3879479527559058
20
-3.8016327165354329
11
5.3830756299212599
21
-3.7941751181102363
0
LINE
8
BLACK
6
CONTINUOUS
10
5.3830756299212599
20
-3.7941751181102363
11
5.3794972440944884
21
-3.7860172440944879
0
LINE
8
BLACK
6
CONTINUOUS
10
5.3794972440944884
20
-3.7860172440944879
11
5.3773104330708659
21
-3.7773816929133859
0
LINE
8
BLACK
6
CONTINUOUS
10
5.3773104330708659
20
-3.7773816929133859
11
5.3765748031496061
21
-3.7685039370078739
0
LINE
8
BLACK
6
CONTINUOUS
10
5.3765748031496061
20
-3.7685039370078739
11
5.3773104330708659
21
-3.7596261811023619
0
LINE
8
BLACK
6
CONTINUOUS
10
5.3773104330708659
20
-3.7596261811023619
11
5.3794972440944884
21
-3.7509906299212599
0
LINE
8
BLACK
6
CONTINUOUS
10
5.3794972440944884
20
-3.7509906299212599
11
5.3830756299212599
21
-3.7428327559055119
0
LINE
8
BLACK
6
CONTINUOUS
10
5.3830756299212599
20
-3.7428327559055119
11
5.3879479527559058
21
-3.7353751574803149
0
LINE
8
BLACK
6
CONTINUOUS
10
5.3879479527559058
20
-3.7353751574803149
11
5.3884672047244093
21
-3.7348110236220471
0
LINE
8
BLACK
6
CONTINUOUS
10
5.3884672047244093
20
-3.7348110236220471
11
5.3800213385826767
21
-3.7263651574803149
0
LINE
8
BLACK
6
CONTINUOUS
10
5.3800213385826767
20
-3.7263651574803149
11
5.3760358267716537
21
-3.7313629527559056
0
LINE
8
BLACK
6
CONTINUOUS
10
5.3760358267716537
20
-3.7313629527559056
11
5.3711088188976372
21
-3.7398968110236219
0
LINE
8
BLACK
6
CONTINUOUS
10
5.3711088188976372
20
-3.7398968110236219
11
5.3711086614173231
21
-3.7398971653543307
0
LINE
8
BLACK
6
CONTINUOUS
10
5.3711086614173231
20
-3.7398971653543307
11
5.3675085826771651
21
-3.7490699212598426
0
LINE
8
BLACK
6
CONTINUOUS
10
5.3675085826771651
20
-3.7490699212598426
11
5.3653158661417324
21
-3.7586770078740157
0
LINE
8
BLACK
6
CONTINUOUS
10
5.3653158661417324
20
-3.7586770078740157
11
5.3653157874015749
21
-3.7586774015748032
0
LINE
8
BLACK
6
CONTINUOUS
10
5.3653157874015749
20
-3.7586774015748032
11
5.3645794094488188
21
-3.7685038188976376
0
LINE
8
BLACK
6
CONTINUOUS
10
5.3645794094488188
20
-3.7685038188976376
11
5.3645794094488188
21
-3.7685040157480314
0
LINE
8
BLACK
6
CONTINUOUS
10
5.564579409448819
20
-3.7685040157480314
11
5.5653157874015751
21
-3.7783304330708662
0
LINE
8
BLACK
6
CONTINUOUS
10
5.5653157874015751
20
-3.7783304330708662
11
5.5653158661417326
21
-3.7783308267716533
0
LINE
8
BLACK
6
CONTINUOUS
10
5.5653158661417326
20
-3.7783308267716533
11
5.5675085826771653
21
-3.7879379133858269
0
LINE
8
BLACK
6
CONTINUOUS
10
5.5675085826771653
20
-3.7879379133858269
11
5.5711086614173224
21
-3.7971106692913383
0
LINE
8
BLACK
6
CONTINUOUS
10
5.5711086614173224
20
-3.7971106692913383
11
5.5711090157480312
21
-3.7971114173228346
0
LINE
8
BLACK
6
CONTINUOUS
10
5.5711090157480312
20
-3.7971114173228346
11
5.5760357480314964
21
-3.8056447637795277
0
LINE
8
BLACK
6
CONTINUOUS
10
5.5760357480314964
20
-3.8056447637795277
11
5.5760359055118105
21
-3.8056449999999997
0
LINE
8
BLACK
6
CONTINUOUS
10
5.5760359055118105
20
-3.8056449999999997
11
5.5800213385826769
21
-3.8106426377952753
0
LINE
8
BLACK
6
CONTINUOUS
10
5.5800213385826769
20
-3.8106426377952753
11
5.5884671653543307
21
-3.8021967322834644
0
LINE
8
BLACK
6
CONTINUOUS
10
5.5884671653543307
20
-3.8021967322834644
11
5.5879479527559051
21
-3.8016327165354329
0
LINE
8
BLACK
6
CONTINUOUS
10
5.5879479527559051
20
-3.8016327165354329
11
5.5830756299212601
21
-3.7941751181102363
0
LINE
8
BLACK
6
CONTINUOUS
10
5.5830756299212601
20
-3.7941751181102363
11
5.5794972440944877
21
-3.7860172440944879
0
LINE
8
BLACK
6
CONTINUOUS
10
5.5794972440944877
20
-3.7860172440944879
11
5.577310433070866
21
-3.7773816929133859
0
LINE
8
BLACK
6
CONTINUOUS
10
5.577310433070866
20
-3.7773816929133859
11
5.5765748031496063
21
-3.7685039370078739
0
LINE
8
BLACK
6
CONTINUOUS
10
5.5765748031496063
20
-3.7685039370078739
11
5.577310433070866
21
-3.7596261811023619
0
LINE
8
BLACK
6
CONTINUOUS
10
5.577310433070866
20
-3.7596261811023619
11
5.5794972440944877
21
-3.7509906299212599
0
LINE
8
BLACK
6
CONTINUOUS
10
5.5794972440944877
20
-3.7509906299212599
11
5.5830756299212601
21
-3.7428327559055119
0
LINE
8
BLACK
6
CONTINUOUS
10
5.5830756299212601
20
-3.7428327559055119
11
5.5879479527559051
21
-3.7353751574803149
0
LINE
8
BLACK
6
CONTINUOUS
10
5.5879479527559051
20
-3.7353751574803149
11
5.5884672047244095
21
-3.7348110236220471
0
LINE
8
BLACK
6
CONTINUOUS
10
5.5884672047244095
20
-3.7348110236220471
11
5.5800213385826769
21
-3.7263651574803149
0
LINE
8
BLACK
6
CONTINUOUS
10
5.5800213385826769
20
-3.7263651574803149
11
5.576035826771653
21
-3.7313629527559056
0
LINE
8
BLACK
6
CONTINUOUS
10
5.576035826771653
20
-3.7313629527559056
11
5.5711088188976374
21
-3.7398968110236219
0
LINE
8
BLACK
6
CONTINUOUS
10
5.5711088188976374
20
-3.7398968110236219
11
5.5711086614173224
21
-3.7398971653543307
0
LINE
8
BLACK
6
CONTINUOUS
10
5.5711086614173224
20
-3.7398971653543307
11
5.5675085826771653
21
-3.7490699212598426
0
LINE
8
BLACK
6
CONTINUOUS
10
5.5675085826771653
20
-3.7490699212598426
11
5.5653158661417326
21
-3.7586770078740157
0
LINE
8
BLACK
6
CONTINUOUS
10
5.5653158661417326
20
-3.7586770078740157
11
5.5653157874015751
21
-3.7586774015748032
0
LINE
8
BLACK
6
CONTINUOUS
10
5.5653157874015751
20
-3.7586774015748032
11
5.564579409448819
21
-3.7685038188976376
0
LINE
8
BLACK
6
CONTINUOUS
10
5.564579409448819
20
-3.7685038188976376
11
5.564579409448819
21
-3.7685040157480314
0
LINE
8
BLACK
6
CONTINUOUS
10
6.6645794094488187
20
-3.7685040157480314
11
6.6653157874015747
21
-3.7783304330708662
0
LINE
8
BLACK
6
CONTINUOUS
10
6.6653157874015747
20
-3.7783304330708662
11
6.6653158661417322
21
-3.7783308267716533
0
LINE
8
BLACK
6
CONTINUOUS
10
6.6653158661417322
20
-3.7783308267716533
11
6.667508582677165
21
-3.7879379133858269
0
LINE
8
BLACK
6
CONTINUOUS
10
6.667508582677165
20
-3.7879379133858269
11
6.6711086614173229
21
-3.7971106692913383
0
LINE
8
BLACK
6
CONTINUOUS
10
6.6711086614173229
20
-3.7971106692913383
11
6.6711090157480317
21
-3.7971114173228346
0
LINE
8
BLACK
6
CONTINUOUS
10
6.6711090157480317
20
-3.7971114173228346
11
6.676035748031496
21
-3.8056447637795277
0
LINE
8
BLACK
6
CONTINUOUS
10
6.676035748031496
20
-3.8056447637795277
11
6.676035905511811
21
-3.8056449999999997
0
LINE
8
BLACK
6
CONTINUOUS
10
6.676035905511811
20
-3.8056449999999997
11
6.6800213385826774
21
-3.8106426377952753
0
LINE
8
BLACK
6
CONTINUOUS
10
6.6800213385826774
20
-3.8106426377952753
11
6.6884671653543304
21
-3.8021967322834644
0
LINE
8
BLACK
6
CONTINUOUS
10
6.6884671653543304
20
-3.8021967322834644
11
6.6879479527559056
21
-3.8016327165354329
0
LINE
8
BLACK
6
CONTINUOUS
10
6.6879479527559056
20
-3.8016327165354329
11
6.6830756299212597
21
-3.7941751181102363
0
LINE
8
BLACK
6
CONTINUOUS
10
6.6830756299212597
20
-3.7941751181102363
11
6.6794972440944882
21
-3.7860172440944879
0
LINE
8
BLACK
6
CONTINUOUS
10
6.6794972440944882
20
-3.7860172440944879
11
6.6773104330708657
21
-3.7773816929133859
0
LINE
8
BLACK
6
CONTINUOUS
10
6.6773104330708657
20
-3.7773816929133859
11
6.6765748031496059
21
-3.7685039370078739
0
LINE
8
BLACK
6
CONTINUOUS
10
6.6765748031496059
20
-3.7685039370078739
11
6.6773104330708657
21
-3.7596261811023619
0
LINE
8
BLACK
6
CONTINUOUS
10
6.6773104330708657
20
-3.7596261811023619
11
6.6794972440944882
21
-3.7509906299212599
0
LINE
8
BLACK
6
CONTINUOUS
10
6.6794972440944882
20
-3.7509906299212599
11
6.6830756299212597
21
-3.7428327559055119
0
LINE
8
BLACK
6
CONTINUOUS
10
6.6830756299212597
20
-3.7428327559055119
11
6.6879479527559056
21
-3.7353751574803149
0
LINE
8
BLACK
6
CONTINUOUS
10
6.6879479527559056
20
-3.7353751574803149
11
6.6884672047244091
21
-3.7348110236220471
0
LINE
8
BLACK
6
CONTINUOUS
10
6.6884672047244091
20
-3.7348110236220471
11
6.6800213385826774
21
-3.7263651574803149
0
LINE
8
BLACK
6
CONTINUOUS
10
6.6800213385826774
20
-3.7263651574803149
11
6.6760358267716535
21
-3.7313629527559056
0
LINE
8
BLACK
6
CONTINUOUS
10
6.6760358267716535
20
-3.7313629527559056
11
6.671108818897638
21
-3.7398968110236219
0
LINE
8
BLACK
6
CONTINUOUS
10
6.671108818897638
20
-3.7398968110236219
11
6.6711086614173229
21
-3.7398971653543307
0
LINE
8
BLACK
6
CONTINUOUS
10
6.6711086614173229
20
-3.7398971653543307
11
6.667508582677165
21
-3.7490699212598426
0
LINE
8
BLACK
6
CONTINUOUS
10
6.667508582677165
20
-3.7490699212598426
11
6.6653158661417322
21
-3.7586770078740157
0
LINE
8
BLACK
6
CONTINUOUS
10
6.6653158661417322
20
-3.7586770078740157
11
6.6653157874015747
21
-3.7586774015748032
0
LINE
8
BLACK
6
CONTINUOUS
10
6.6653157874015747
20
-3.7586774015748032
11
6.6645794094488187
21
-3.7685038188976376
0
LINE
8
BLACK
6
CONTINUOUS
10
6.6645794094488187
20
-3.7685038188976376
11
6.6645794094488187
21
-3.7685040157480314
0
LINE
8
BLACK
6
CONTINUOUS
10
5.3645794094488188
20
-3.5185040157480314
11
5.3653157874015749
21
-3.5283304330708662
0
LINE
8
BLACK
6
CONTINUOUS
10
5.3653157874015749
20
-3.5283304330708662
11
5.3653158661417324
21
-3.5283308267716533
0
LINE
8
BLACK
6
CONTINUOUS
10
5.3653158661417324
20
-3.5283308267716533
11
5.3675085826771651
21
-3.5379379133858269
0
LINE
8
BLACK
6
CONTINUOUS
10
5.3675085826771651
20
-3.5379379133858269
11
5.3711086614173231
21
-3.5471106692913383
0
LINE
8
BLACK
6
CONTINUOUS
10
5.3711086614173231
20
-3.5471106692913383
11
5.371109015748031
21
-3.5471114173228346
0
LINE
8
BLACK
6
CONTINUOUS
10
5.371109015748031
20
-3.5471114173228346
11
5.3760357480314962
21
-3.5556447637795277
0
LINE
8
BLACK
6
CONTINUOUS
10
5.3760357480314962
20
-3.5556447637795277
11
5.3760359055118112
21
-3.5556449999999997
0
LINE
8
BLACK
6
CONTINUOUS
10
5.3760359055118112
20
-3.5556449999999997
11
5.3800213385826767
21
-3.5606426377952753
0
LINE
8
BLACK
6
CONTINUOUS
10
5.3800213385826767
20
-3.5606426377952753
11
5.3884671653543306
21
-3.5521967322834644
0
LINE
8
BLACK
6
CONTINUOUS
10
5.3884671653543306
20
-3.5521967322834644
11
5.3879479527559058
21
-3.5516327165354329
0
LINE
8
BLACK
6
CONTINUOUS
10
5.3879479527559058
20
-3.5516327165354329
11
5.3830756299212599
21
-3.5441751181102363
0
LINE
8
BLACK
6
CONTINUOUS
10
5.3830756299212599
20
-3.5441751181102363
11
5.3794972440944884
21
-3.5360172440944879
0
LINE
8
BLACK
6
CONTINUOUS
10
5.3794972440944884
20
-3.5360172440944879
11
5.3773104330708659
21
-3.5273816929133859
0
LINE
8
BLACK
6
CONTINUOUS
10
5.3773104330708659
20
-3.5273816929133859
11
5.3765748031496061
21
-3.5185039370078739
0
LINE
8
BLACK
6
CONTINUOUS
10
5.3765748031496061
20
-3.5185039370078739
11
5.3773104330708659
21
-3.5096261811023619
0
LINE
8
BLACK
6
CONTINUOUS
10
5.3773104330708659
20
-3.5096261811023619
11
5.3794972440944884
21
-3.5009906299212599
0
LINE
8
BLACK
6
CONTINUOUS
10
5.3794972440944884
20
-3.5009906299212599
11
5.3830756299212599
21
-3.4928327559055119
0
LINE
8
BLACK
6
CONTINUOUS
10
5.3830756299212599
20
-3.4928327559055119
11
5.3879479527559058
21
-3.4853751574803149
0
LINE
8
BLACK
6
CONTINUOUS
10
5.3879479527559058
20
-3.4853751574803149
11
5.3884672047244093
21
-3.4848110236220471
0
LINE
8
BLACK
6
CONTINUOUS
10
5.3884672047244093
20
-3.4848110236220471
11
5.3800213385826767
21
-3.4763651574803149
0
LINE
8
BLACK
6
CONTINUOUS
10
5.3800213385826767
20
-3.4763651574803149
11
5.3760358267716537
21
-3.4813629527559056
0
LINE
8
BLACK
6
CONTINUOUS
10
5.3760358267716537
20
-3.4813629527559056
11
5.3711088188976372
21
-3.4898968110236219
0
LINE
8
BLACK
6
CONTINUOUS
10
5.3711088188976372
20
-3.4898968110236219
11
5.3711086614173231
21
-3.4898971653543307
0
LINE
8
BLACK
6
CONTINUOUS
10
5.3711086614173231
20
-3.4898971653543307
11
5.3675085826771651
21
-3.4990699212598426
0
LINE
8
BLACK
6
CONTINUOUS
10
5.3675085826771651
20
-3.4990699212598426
11
5.3653158661417324
21
-3.5086770078740157
0
LINE
8
BLACK
6
CONTINUOUS
10
5.3653158661417324
20
-3.5086770078740157
11
5.3653157874015749
21
-3.5086774015748032
0
LINE
8
BLACK
6
CONTINUOUS
10
5.3653157874015749
20
-3.5086774015748032
11
5.3645794094488188
21
-3.5185038188976376
0
LINE
8
BLACK
6
CONTINUOUS
10
5.3645794094488188
20
-3.5185038188976376
11
5.3645794094488188
21
-3.5185040157480314
0
LINE
8
BLACK
6
CONTINUOUS
10
5.564579409448819
20
-3.5185040157480314
11
5.5653157874015751
21
-3.5283304330708662
0
LINE
8
BLACK
6
CONTINUOUS
10
5.5653157874015751
20
-3.5283304330708662
11
5.5653158661417326
21
-3.5283308267716533
0
LINE
8
BLACK
6
CONTINUOUS
10
5.5653158661417326
20
-3.5283308267716533
11
5.5675085826771653
21
-3.5379379133858269
0
LINE
8
BLACK
6
CONTINUOUS
10
5.5675085826771653
20
-3.5379379133858269
11
5.5711086614173224
21
-3.5471106692913383
0
LINE
8
BLACK
6
CONTINUOUS
10
5.5711086614173224
20
-3.5471106692913383
11
5.5711090157480312
21
-3.5471114173228346
0
LINE
8
BLACK
6
CONTINUOUS
10
5.5711090157480312
20
-3.5471114173228346
11
5.5760357480314964
21
-3.5556447637795277
0
LINE
8
BLACK
6
CONTINUOUS
10
5.5760357480314964
20
-3.5556447637795277
11
5.5760359055118105
21
-3.5556449999999997
0
LINE
8
BLACK
6
CONTINUOUS
10
5.5760359055118105
20
-3.5556449999999997
11
5.5800213385826769
21
-3.5606426377952753
0
LINE
8
BLACK
6
CONTINUOUS
10
5.5800213385826769
20
-3.5606426377952753
11
5.5884671653543307
21
-3.5521967322834644
0
LINE
8
BLACK
6
CONTINUOUS
10
5.5884671653543307
20
-3.5521967322834644
11
5.5879479527559051
21
-3.5516327165354329
0
LINE
8
BLACK
6
CONTINUOUS
10
5.5879479527559051
20
-3.5516327165354329
11
5.5830756299212601
21
-3.5441751181102363
0
LINE
8
BLACK
6
CONTINUOUS
10
5.5830756299212601
20
-3.5441751181102363
11
5.5794972440944877
21
-3.5360172440944879
0
LINE
8
BLACK
6
CONTINUOUS
10
5.5794972440944877
20
-3.5360172440944879
11
5.577310433070866
21
-3.5273816929133859
0
LINE
8
BLACK
6
CONTINUOUS
10
5.577310433070866
20
-3.5273816929133859
11
5.5765748031496063
21
-3.5185039370078739
0
LINE
8
BLACK
6
CONTINUOUS
10
5.5765748031496063
20
-3.5185039370078739
11
5.577310433070866
21
-3.5096261811023619
0
LINE
8
BLACK
6
CONTINUOUS
10
5.577310433070866
20
-3.5096261811023619
11
5.5794972440944877
21
-3.5009906299212599
0
LINE
8
BLACK
6
CONTINUOUS
10
5.5794972440944877
20
-3.5009906299212599
11
5.5830756299212601
21
-3.4928327559055119
0
LINE
8
BLACK
6
CONTINUOUS
10
5.5830756299212601
20
-3.4928327559055119
11
5.5879479527559051
21
-3.4853751574803149
0
LINE
8
BLACK
6
CONTINUOUS
10
5.5879479527559051
20
-3.4853751574803149
11
5.5884672047244095
21
-3.4848110236220471
0
LINE
8
BLACK
6
CONTINUOUS
10
5.5884672047244095
20
-3.4848110236220471
11
5.5800213385826769
21
-3.4763651574803149
0
LINE
8
BLACK
6
CONTINUOUS
10
5.5800213385826769
20
-3.4763651574803149
11
5.576035826771653
21
-3.4813629527559056
0
LINE
8
BLACK
6
CONTINUOUS
10
5.576035826771653
20
-3.4813629527559056
11
5.5711088188976374
21
-3.4898968110236219
0
LINE
8
BLACK
6
CONTINUOUS
10
5.5711088188976374
20
-3.4898968110236219
11
5.5711086614173224
21
-3.4898971653543307
0
LINE
8
BLACK
6
CONTINUOUS
10
5.5711086614173224
20
-3.4898971653543307
11
5.5675085826771653
21
-3.4990699212598426
0
LINE
8
BLACK
6
CONTINUOUS
10
5.5675085826771653
20
-3.4990699212598426
11
5.5653158661417326
21
-3.5086770078740157
0
LINE
8
BLACK
6
CONTINUOUS
10
5.5653158661417326
20
-3.5086770078740157
11
5.5653157874015751
21
-3.5086774015748032
0
LINE
8
BLACK
6
CONTINUOUS
10
5.5653157874015751
20
-3.5086774015748032
11
5.564579409448819
21
-3.5185038188976376
0
LINE
8
BLACK
6
CONTINUOUS
10
5.564579409448819
20
-3.5185038188976376
11
5.564579409448819
21
-3.5185040157480314
0
LINE
8
BLACK
6
CONTINUOUS
10
6.6645794094488187
20
-3.5185040157480314
11
6.6653157874015747
21
-3.5283304330708662
0
LINE
8
BLACK
6
CONTINUOUS
10
6.6653157874015747
20
-3.5283304330708662
11
6.6653158661417322
21
-3.5283308267716533
0
LINE
8
BLACK
6
CONTINUOUS
10
6.6653158661417322
20
-3.5283308267716533
11
6.667508582677165
21
-3.5379379133858269
0
LINE
8
BLACK
6
CONTINUOUS
10
6.667508582677165
20
-3.5379379133858269
11
6.6711086614173229
21
-3.5471106692913383
0
LINE
8
BLACK
6
CONTINUOUS
10
6.6711086614173229
20
-3.5471106692913383
11
6.6711090157480317
21
-3.5471114173228346
0
LINE
8
BLACK
6
CONTINUOUS
10
6.6711090157480317
20
-3.5471114173228346
11
6.676035748031496
21
-3.5556447637795277
0
LINE
8
BLACK
6
CONTINUOUS
10
6.676035748031496
20
-3.5556447637795277
11
6.676035905511811
21
-3.5556449999999997
0
LINE
8
BLACK
6
CONTINUOUS
10
6.676035905511811
20
-3.5556449999999997
11
6.6800213385826774
21
-3.5606426377952753
0
LINE
8
BLACK
6
CONTINUOUS
10
6.6800213385826774
20
-3.5606426377952753
11
6.6884671653543304
21
-3.5521967322834644
0
LINE
8
BLACK
6
CONTINUOUS
10
6.6884671653543304
20
-3.5521967322834644
11
6.6879479527559056
21
-3.5516327165354329
0
LINE
8
BLACK
6
CONTINUOUS
10
6.6879479527559056
20
-3.5516327165354329
11
6.6830756299212597
21
-3.5441751181102363
0
LINE
8
BLACK
6
CONTINUOUS
10
6.6830756299212597
20
-3.5441751181102363
11
6.6794972440944882
21
-3.5360172440944879
0
LINE
8
BLACK
6
CONTINUOUS
10
6.6794972440944882
20
-3.5360172440944879
11
6.6773104330708657
21
-3.5273816929133859
0
LINE
8
BLACK
6
CONTINUOUS
10
6.6773104330708657
20
-3.5273816929133859
11
6.6765748031496059
21
-3.5185039370078739
0
LINE
8
BLACK
6
CONTINUOUS
10
6.6765748031496059
20
-3.5185039370078739
11
6.6773104330708657
21
-3.5096261811023619
0
LINE
8
BLACK
6
CONTINUOUS
10
6.6773104330708657
20
-3.5096261811023619
11
6.6794972440944882
21
-3.5009906299212599
0
LINE
8
BLACK
6
CONTINUOUS
10
6.6794972440944882
20
-3.5009906299212599
11
6.6830756299212597
21
-3.4928327559055119
0
LINE
8
BLACK
6
CONTINUOUS
10
6.6830756299212597
20
-3.4928327559055119
11
6.6879479527559056
21
-3.4853751574803149
0
LINE
8
BLACK
6
CONTINUOUS
10
6.6879479527559056
20
-3.4853751574803149
11
6.6884672047244091
21
-3.4848110236220471
0
LINE
8
BLACK
6
CONTINUOUS
10
6.6884672047244091
20
-3.4848110236220471
11
6.6800213385826774
21
-3.4763651574803149
0
LINE
8
BLACK
6
CONTINUOUS
10
6.6800213385826774
20
-3.4763651574803149
11
6.6760358267716535
21
-3.4813629527559056
0
LINE
8
BLACK
6
CONTINUOUS
10
6.6760358267716535
20
-3.4813629527559056
11
6.671108818897638
21
-3.4898968110236219
0
LINE
8
BLACK
6
CONTINUOUS
10
6.671108818897638
20
-3.4898968110236219
11
6.6711086614173229
21
-3.4898971653543307
0
LINE
8
BLACK
6
CONTINUOUS
10
6.6711086614173229
20
-3.4898971653543307
11
6.667508582677165
21
-3.4990699212598426
0
LINE
8
BLACK
6
CONTINUOUS
10
6.667508582677165
20
-3.4990699212598426
11
6.6653158661417322
21
-3.5086770078740157
0
LINE
8
BLACK
6
CONTINUOUS
10
6.6653158661417322
20
-3.5086770078740157
11
6.6653157874015747
21
-3.5086774015748032
0
LINE
8
BLACK
6
CONTINUOUS
10
6.6653157874015747
20
-3.5086774015748032
11
6.6645794094488187
21
-3.5185038188976376
0
LINE
8
BLACK
6
CONTINUOUS
10
6.6645794094488187
20
-3.5185038188976376
11
6.6645794094488187
21
-3.5185040157480314
0
LINE
8
BLACK
6
CONTINUOUS
10
5.3645794094488188
20
-3.3185040157480312
11
5.3653157874015749
21
-3.3283304330708661
0
LINE
8
BLACK
6
CONTINUOUS
10
5.3653157874015749
20
-3.3283304330708661
11
5.3653158661417324
21
-3.3283308267716536
0
LINE
8
BLACK
6
CONTINUOUS
10
5.3653158661417324
20
-3.3283308267716536
11
5.3675085826771651
21
-3.3379379133858267
0
LINE
8
BLACK
6
CONTINUOUS
10
5.3675085826771651
20
-3.3379379133858267
11
5.3711086614173231
21
-3.3471106692913386
0
LINE
8
BLACK
6
CONTINUOUS
10
5.3711086614173231
20
-3.3471106692913386
11
5.371109015748031
21
-3.3471114173228345
0
LINE
8
BLACK
6
CONTINUOUS
10
5.371109015748031
20
-3.3471114173228345
11
5.3760357480314962
21
-3.3556447637795275
0
LINE
8
BLACK
6
CONTINUOUS
10
5.3760357480314962
20
-3.3556447637795275
11
5.3760359055118112
21
-3.355645
0
LINE
8
BLACK
6
CONTINUOUS
10
5.3760359055118112
20
-3.355645
11
5.3800213385826767
21
-3.3606426377952756
0
LINE
8
BLACK
6
CONTINUOUS
10
5.3800213385826767
20
-3.3606426377952756
11
5.3884671653543306
21
-3.3521967322834647
0
LINE
8
BLACK
6
CONTINUOUS
10
5.3884671653543306
20
-3.3521967322834647
11
5.3879479527559058
21
-3.3516327165354332
0
LINE
8
BLACK
6
CONTINUOUS
10
5.3879479527559058
20
-3.3516327165354332
11
5.3830756299212599
21
-3.3441751181102362
0
LINE
8
BLACK
6
CONTINUOUS
10
5.3830756299212599
20
-3.3441751181102362
11
5.3794972440944884
21
-3.3360172440944882
0
LINE
8
BLACK
6
CONTINUOUS
10
5.3794972440944884
20
-3.3360172440944882
11
5.3773104330708659
21
-3.3273816929133857
0
LINE
8
BLACK
6
CONTINUOUS
10
5.3773104330708659
20
-3.3273816929133857
11
5.3765748031496061
21
-3.3185039370078742
0
LINE
8
BLACK
6
CONTINUOUS
10
5.3765748031496061
20
-3.3185039370078742
11
5.3773104330708659
21
-3.3096261811023622
0
LINE
8
BLACK
6
CONTINUOUS
10
5.3773104330708659
20
-3.3096261811023622
11
5.3794972440944884
21
-3.3009906299212597
0
LINE
8
BLACK
6
CONTINUOUS
10
5.3794972440944884
20
-3.3009906299212597
11
5.3830756299212599
21
-3.2928327559055117
0
LINE
8
BLACK
6
CONTINUOUS
10
5.3830756299212599
20
-3.2928327559055117
11
5.3879479527559058
21
-3.2853751574803147
0
LINE
8
BLACK
6
CONTINUOUS
10
5.3879479527559058
20
-3.2853751574803147
11
5.3884672047244093
21
-3.2848110236220474
0
LINE
8
BLACK
6
CONTINUOUS
10
5.3884672047244093
20
-3.2848110236220474
11
5.3800213385826767
21
-3.2763651574803148
0
LINE
8
BLACK
6
CONTINUOUS
10
5.3800213385826767
20
-3.2763651574803148
11
5.3760358267716537
21
-3.2813629527559054
0
LINE
8
BLACK
6
CONTINUOUS
10
5.3760358267716537
20
-3.2813629527559054
11
5.3711088188976372
21
-3.2898968110236222
0
LINE
8
BLACK
6
CONTINUOUS
10
5.3711088188976372
20
-3.2898968110236222
11
5.3711086614173231
21
-3.2898971653543305
0
LINE
8
BLACK
6
CONTINUOUS
10
5.3711086614173231
20
-3.2898971653543305
11
5.3675085826771651
21
-3.2990699212598424
0
LINE
8
BLACK
6
CONTINUOUS
10
5.3675085826771651
20
-3.2990699212598424
11
5.3653158661417324
21
-3.3086770078740155
0
LINE
8
BLACK
6
CONTINUOUS
10
5.3653158661417324
20
-3.3086770078740155
11
5.3653157874015749
21
-3.3086774015748031
0
LINE
8
BLACK
6
CONTINUOUS
10
5.3653157874015749
20
-3.3086774015748031
11
5.3645794094488188
21
-3.3185038188976379
0
LINE
8
BLACK
6
CONTINUOUS
10
5.3645794094488188
20
-3.3185038188976379
11
5.3645794094488188
21
-3.3185040157480312
0
LINE
8
BLACK
6
CONTINUOUS
10
5.564579409448819
20
-3.3185040157480312
11
5.5653157874015751
21
-3.3283304330708661
0
LINE
8
BLACK
6
CONTINUOUS
10
5.5653157874015751
20
-3.3283304330708661
11
5.5653158661417326
21
-3.3283308267716536
0
LINE
8
BLACK
6
CONTINUOUS
10
5.5653158661417326
20
-3.3283308267716536
11
5.5675085826771653
21
-3.3379379133858267
0
LINE
8
BLACK
6
CONTINUOUS
10
5.5675085826771653
20
-3.3379379133858267
11
5.5711086614173224
21
-3.3471106692913386
0
LINE
8
BLACK
6
CONTINUOUS
10
5.5711086614173224
20
-3.3471106692913386
11
5.5711090157480312
21
-3.3471114173228345
0
LINE
8
BLACK
6
CONTINUOUS
10
5.5711090157480312
20
-3.3471114173228345
11
5.5760357480314964
21
-3.3556447637795275
0
LINE
8
BLACK
6
CONTINUOUS
10
5.5760357480314964
20
-3.3556447637795275
11
5.5760359055118105
21
-3.355645
0
LINE
8
BLACK
6
CONTINUOUS
10
5.5760359055118105
20
-3.355645
11
5.5800213385826769
21
-3.3606426377952756
0
LINE
8
BLACK
6
CONTINUOUS
10
5.5800213385826769
20
-3.3606426377952756
11
5.5884671653543307
21
-3.3521967322834647
0
LINE
8
BLACK
6
CONTINUOUS
10
5.5884671653543307
20
-3.3521967322834647
11
5.5879479527559051
21
-3.3516327165354332
0
LINE
8
BLACK
6
CONTINUOUS
10
5.5879479527559051
20
-3.3516327165354332
11
5.5830756299212601
21
-3.3441751181102362
0
LINE
8
BLACK
6
CONTINUOUS
10
5.5830756299212601
20
-3.3441751181102362
11
5.5794972440944877
21
-3.3360172440944882
0
LINE
8
BLACK
6
CONTINUOUS
10
5.5794972440944877
20
-3.3360172440944882
11
5.577310433070866
21
-3.3273816929133857
0
LINE
8
BLACK
6
CONTINUOUS
10
5.577310433070866
20
-3.3273816929133857
11
5.5765748031496063
21
-3.3185039370078742
0
LINE
8
BLACK
6
CONTINUOUS
10
5.5765748031496063
20
-3.3185039370078742
11
5.577310433070866
21
-3.3096261811023622
0
LINE
8
BLACK
6
CONTINUOUS
10
5.577310433070866
20
-3.3096261811023622
11
5.5794972440944877
21
-3.3009906299212597
0
LINE
8
BLACK
6
CONTINUOUS
10
5.5794972440944877
20
-3.3009906299212597
11
5.5830756299212601
21
-3.2928327559055117
0
LINE
8
BLACK
6
CONTINUOUS
10
5.5830756299212601
20
-3.2928327559055117
11
5.5879479527559051
21
-3.2853751574803147
0
LINE
8
BLACK
6
CONTINUOUS
10
5.5879479527559051
20
-3.2853751574803147
11
5.5884672047244095
21
-3.2848110236220474
0
LINE
8
BLACK
6
CONTINUOUS
10
5.5884672047244095
20
-3.2848110236220474
11
5.5800213385826769
21
-3.2763651574803148
0
LINE
8
BLACK
6
CONTINUOUS
10
5.5800213385826769
20
-3.2763651574803148
11
5.576035826771653
21
-3.2813629527559054
0
LINE
8
BLACK
6
CONTINUOUS
10
5.576035826771653
20
-3.2813629527559054
11
5.5711088188976374
21
-3.2898968110236222
0
LINE
8
BLACK
6
CONTINUOUS
10
5.5711088188976374
20
-3.2898968110236222
11
5.5711086614173224
21
-3.2898971653543305
0
LINE
8
BLACK
6
CONTINUOUS
10
5.5711086614173224
20
-3.2898971653543305
11
5.5675085826771653
21
-3.2990699212598424
0
LINE
8
BLACK
6
CONTINUOUS
10
5.5675085826771653
20
-3.2990699212598424
11
5.5653158661417326
21
-3.3086770078740155
0
LINE
8
BLACK
6
CONTINUOUS
10
5.5653158661417326
20
-3.3086770078740155
11
5.5653157874015751
21
-3.3086774015748031
0
LINE
8
BLACK
6
CONTINUOUS
10
5.5653157874015751
20
-3.3086774015748031
11
5.564579409448819
21
-3.3185038188976379
0
LINE
8
BLACK
6
CONTINUOUS
10
5.564579409448819
20
-3.3185038188976379
11
5.564579409448819
21
-3.3185040157480312
0
LINE
8
BLACK
6
CONTINUOUS
10
6.6645794094488187
20
-3.3185040157480312
11
6.6653157874015747
21
-3.3283304330708661
0
LINE
8
BLACK
6
CONTINUOUS
10
6.6653157874015747
20
-3.3283304330708661
11
6.6653158661417322
21
-3.3283308267716536
0
LINE
8
BLACK
6
CONTINUOUS
10
6.6653158661417322
20
-3.3283308267716536
11
6.667508582677165
21
-3.3379379133858267
0
LINE
8
BLACK
6
CONTINUOUS
10
6.667508582677165
20
-3.3379379133858267
11
6.6711086614173229
21
-3.3471106692913386
0
LINE
8
BLACK
6
CONTINUOUS
10
6.6711086614173229
20
-3.3471106692913386
11
6.6711090157480317
21
-3.3471114173228345
0
LINE
8
BLACK
6
CONTINUOUS
10
6.6711090157480317
20
-3.3471114173228345
11
6.676035748031496
21
-3.3556447637795275
0
LINE
8
BLACK
6
CONTINUOUS
10
6.676035748031496
20
-3.3556447637795275
11
6.676035905511811
21
-3.355645
0
LINE
8
BLACK
6
CONTINUOUS
10
6.676035905511811
20
-3.355645
11
6.6800213385826774
21
-3.3606426377952756
0
LINE
8
BLACK
6
CONTINUOUS
10
6.6800213385826774
20
-3.3606426377952756
11
6.6884671653543304
21
-3.3521967322834647
0
LINE
8
BLACK
6
CONTINUOUS
10
6.6884671653543304
20
-3.3521967322834647
11
6.6879479527559056
21
-3.3516327165354332
0
LINE
8
BLACK
6
CONTINUOUS
10
6.6879479527559056
20
-3.3516327165354332
11
6.6830756299212597
21
-3.3441751181102362
0
LINE
8
BLACK
6
CONTINUOUS
10
6.6830756299212597
20
-3.3441751181102362
11
6.6794972440944882
21
-3.3360172440944882
0
LINE
8
BLACK
6
CONTINUOUS
10
6.6794972440944882
20
-3.3360172440944882
11
6.6773104330708657
21
-3.3273816929133857
0
LINE
8
BLACK
6
CONTINUOUS
10
6.6773104330708657
20
-3.3273816929133857
11
6.6765748031496059
21
-3.3185039370078742
0
LINE
8
BLACK
6
CONTINUOUS
10
6.6765748031496059
20
-3.3185039370078742
11
6.6773104330708657
21
-3.3096261811023622
0
LINE
8
BLACK
6
CONTINUOUS
10
6.6773104330708657
20
-3.3096261811023622
11
6.6794972440944882
21
-3.3009906299212597
0
LINE
8
BLACK
6
CONTINUOUS
10
6.6794972440944882
20
-3.3009906299212597
11
6.6830756299212597
21
-3.2928327559055117
0
LINE
8
BLACK
6
CONTINUOUS
10
6.6830756299212597
20
-3.2928327559055117
11
6.6879479527559056
21
-3.2853751574803147
0
LINE
8
BLACK
6
CONTINUOUS
10
6.6879479527559056
20
-3.2853751574803147
11
6.6884672047244091
21
-3.2848110236220474
0
LINE
8
BLACK
6
CONTINUOUS
10
6.6884672047244091
20
-3.2848110236220474
11
6.6800213385826774
21
-3.2763651574803148
0
LINE
8
BLACK
6
CONTINUOUS
10
6.6800213385826774
20
-3.2763651574803148
11
6.6760358267716535
21
-3.2813629527559054
0
LINE
8
BLACK
6
CONTINUOUS
10
6.6760358267716535
20
-3.2813629527559054
11
6.671108818897638
21
-3.2898968110236222
0
LINE
8
BLACK
6
CONTINUOUS
10
6.671108818897638
20
-3.2898968110236222
11
6.6711086614173229
21
-3.2898971653543305
0
LINE
8
BLACK
6
CONTINUOUS
10
6.6711086614173229
20
-3.2898971653543305
11
6.667508582677165
21
-3.2990699212598424
0
LINE
8
BLACK
6
CONTINUOUS
10
6.667508582677165
20
-3.2990699212598424
11
6.6653158661417322
21
-3.3086770078740155
0
LINE
8
BLACK
6
CONTINUOUS
10
6.6653158661417322
20
-3.3086770078740155
11
6.6653157874015747
21
-3.3086774015748031
0
LINE
8
BLACK
6
CONTINUOUS
10
6.6653157874015747
20
-3.3086774015748031
11
6.6645794094488187
21
-3.3185038188976379
0
LINE
8
BLACK
6
CONTINUOUS
10
6.6645794094488187
20
-3.3185038188976379
11
6.6645794094488187
21
-3.3185040157480312
0
LINE
8
BLACK
6
CONTINUOUS
10
5.8887007874015751
20
-3.0875983858267717
11
5.8887008267716539
21
-3.0875984251968505
0
LINE
8
BLACK
6
CONTINUOUS
10
5.8887008267716539
20
-3.0875984251968505
11
5.9005118110236223
21
-3.0875984251968505
0
LINE
8
BLACK
6
CONTINUOUS
10
5.9005118110236223
20
-3.0875984251968505
11
5.9005118110236223
21
-3.0635039370078738
0
LINE
8
BLACK
6
CONTINUOUS
10
5.9005118110236223
20
-3.0635039370078738
11
5.9246062992125985
21
-3.0635039370078738
0
LINE
8
BLACK
6
CONTINUOUS
10
5.9246062992125985
20
-3.0635039370078738
11
5.9246062992125985
21
-3.0516929527559054
0
LINE
8
BLACK
6
CONTINUOUS
10
5.9246062992125985
20
-3.0516929527559054
11
5.9246062598425198
21
-3.0516929133858266
0
LINE
8
BLACK
6
CONTINUOUS
10
5.9246062598425198
20
-3.0516929133858266
11
5.8987484251968505
21
-3.0516929133858266
0
LINE
8
BLACK
6
CONTINUOUS
10
5.8987484251968505
20
-3.0516929133858266
11
5.8987483070866142
21
-3.0516929527559054
0
LINE
8
BLACK
6
CONTINUOUS
10
5.8987483070866142
20
-3.0516929527559054
11
5.8977608267716537
21
-3.0518074409448817
0
LINE
8
BLACK
6
CONTINUOUS
10
5.8977608267716537
20
-3.0518074409448817
11
5.8937213385826768
21
-3.0535910629921261
0
LINE
8
BLACK
6
CONTINUOUS
10
5.8937213385826768
20
-3.0535910629921261
11
5.8905989370078737
21
-3.0567134645669292
0
LINE
8
BLACK
6
CONTINUOUS
10
5.8905989370078737
20
-3.0567134645669292
11
5.8888153149606302
21
-3.0607530314960627
0
LINE
8
BLACK
6
CONTINUOUS
10
5.8888153149606302
20
-3.0607530314960627
11
5.8887007874015751
21
-3.0617402362204724
0
LINE
8
BLACK
6
CONTINUOUS
10
5.8887007874015751
20
-3.0617402362204724
11
5.8887007874015751
21
-3.0875983858267717
0
CIRCLE
8
BLACK
10
6.0555118110236217
20
-3.1685039370078738
40
0.0068897637795276
0
CIRCLE
8
BLACK
10
6.0555118110236217
20
-3.0685039370078742
40
0.0068897637795276
0
CIRCLE
8
BLACK
10
6.3555118110236215
20
-3.1685039370078738
40
0.0068897637795276
0
CIRCLE
8
BLACK
10
6.3555118110236215
20
-3.0685039370078742
40
0.0068897637795276
0
CIRCLE
8
BLACK
10
6.2555118110236219
20
-3.1685039370078738
40
0.0068897637795276
0
CIRCLE
8
BLACK
10
6.2555118110236219
20
-3.0685039370078742
40
0.0068897637795276
0
CIRCLE
8
BLACK
10
6.4505118110236221
20
-4.2885039370078744
40
0.0068897637795276
0
CIRCLE
8
BLACK
10
6.4505118110236221
20
-4.1885039370078738
40
0.0068897637795276
0
CIRCLE
8
BLACK
10
6.6305118110236219
20
-3.868503937007874
40
0.0068897637795276
0
CIRCLE
8
BLACK
10
6.5305118110236222
20
-3.7685039370078739
40
0.0068897637795276
0
CIRCLE
8
BLACK
10
6.5305118110236222
20
-3.9685039370078741
40
0.0068897637795276
0
CIRCLE
8
BLACK
10
6.7305118110236215
20
-3.7685039370078739
40
0.0068897637795276
0
CIRCLE
8
BLACK
10
6.7305118110236215
20
-3.9685039370078741
40
0.0068897637795276
0
CIRCLE
8
BLACK
10
5.4805118110236215
20
-3.0435039370078738
40
0.0068897637795276
0
CIRCLE
8
BLACK
10
5.7305118110236215
20
-3.0935039370078741
40
0.0068897637795276
0
CIRCLE
8
BLACK
10
5.7305118110236215
20
-2.993503937007874
40
0.0068897637795276
0
CIRCLE
8
BLACK
10
5.830511811023622
20
-3.0935039370078741
40
0.0068897637795276
0
CIRCLE
8
BLACK
10
5.830511811023622
20
-2.993503937007874
40
0.0068897637795276
0
CIRCLE
8
BLACK
10
5.9305118110236217
20
-3.0935039370078741
40
0.0068897637795276
0
CIRCLE
8
BLACK
10
5.9305118110236217
20
-2.993503937007874
40
0.0068897637795276
0
CIRCLE
8
BLACK
10
6.6805118110236217
20
-4.2435039370078735
40
0.0068897637795276
0
CIRCLE
8
BLACK
10
6.1555118110236222
20
-3.1685039370078738
40
0.0068897637795276
0
CIRCLE
8
BLACK
10
6.1555118110236222
20
-3.0685039370078742
40
0.0068897637795276
0
CIRCLE
8
BLACK
10
5.5305118110236222
20
-3.4185039370078738
40
0.0068897637795276
0
CIRCLE
8
BLACK
10
5.4305118110236217
20
-3.3185039370078742
40
0.0068897637795276
0
CIRCLE
8
BLACK
10
5.4305118110236217
20
-3.5185039370078739
40
0.0068897637795276
0
CIRCLE
8
BLACK
10
5.6305118110236219
20
-3.3185039370078742
40
0.0068897637795276
0
CIRCLE
8
BLACK
10
5.6305118110236219
20
-3.5185039370078739
40
0.0068897637795276
0
CIRCLE
8
BLACK
10
6.6805118110236217
20
-3.0435039370078738
40
0.0068897637795276
0
CIRCLE
8
BLACK
10
6.6305118110236219
20
-3.4185039370078738
40
0.0068897637795276
0
CIRCLE
8
BLACK
10
6.5305118110236222
20
-3.3185039370078742
40
0.0068897637795276
0
CIRCLE
8
BLACK
10
6.5305118110236222
20
-3.5185039370078739
40
0.0068897637795276
0
CIRCLE
8
BLACK
10
6.7305118110236215
20
-3.3185039370078742
40
0.0068897637795276
0
CIRCLE
8
BLACK
10
6.7305118110236215
20
-3.5185039370078739
40
0.0068897637795276
0
CIRCLE
8
BLACK
10
5.5305118110236222
20
-3.868503937007874
40
0.0068897637795276
0
CIRCLE
8
BLACK
10
5.4305118110236217
20
-3.7685039370078739
40
0.0068897637795276
0
CIRCLE
8
BLACK
10
5.4305118110236217
20
-3.9685039370078741
40
0.0068897637795276
0
CIRCLE
8
BLACK
10
5.6305118110236219
20
-3.7685039370078739
40
0.0068897637795276
0
CIRCLE
8
BLACK
10
5.6305118110236219
20
-3.9685039370078741
40
0.0068897637795276
0
CIRCLE
8
BLACK
10
5.4805118110236215
20
-4.2435039370078735
40
0.0068897637795276
0
CIRCLE
8
BLACK
10
6.1355118110236218
20
-4.2885039370078744
40
0.0068897637795276
0
CIRCLE
8
BLACK
10
6.1555118110236222
20
-2.9185039370078738
40
0.0078740157480315
0
CIRCLE
8
BLACK
10
5.8105118110236216
20
-4.3135039370078738
40
0.0078740157480315
0
CIRCLE
8
BLACK
10
5.7555118110236219
20
-4.1685039370078742
40
0.0078740157480315
0
CIRCLE
8
BLACK
10
6.3555118110236215
20
-2.9185039370078738
40
0.0078740157480315
0
CIRCLE
8
BLACK
10
6.0105118110236218
20
-4.3135039370078738
40
0.0078740157480315
0
CIRCLE
8
BLACK
10
6.1465118110236219
20
-3.505503937007874
40
0.0039370078740157
0
CIRCLE
8
BLACK
10
5.5665118110236218
20
-3.469503937007874
40
0.0039370078740157
0
CIRCLE
8
BLACK
10
6.6385118110236219
20
-3.807503937007874
40
0.0039370078740157
0
CIRCLE
8
BLACK
10
5.8785118110236221
20
-3.743503937007874
40
0.0039370078740157
0
CIRCLE
8
BLACK
10
6.2945118110236216
20
-3.7295039370078737
40
0.0039370078740157
0
CIRCLE
8
BLACK
10
6.3925118110236223
20
-3.9035039370078741
40
0.0039370078740157
0
CIRCLE
8
BLACK
10
6.0745118110236218
20
-4.0460039370078738
40
0.0039370078740157
0
CIRCLE
8
BLACK
10
5.8765118110236223
20
-3.8795039370078741
40
0.0039370078740157
0
CIRCLE
8
BLACK
10
5.6305118110236219
20
-3.6455039370078741
40
0.0039370078740157
0
CIRCLE
8
BLACK
10
6.2025118110236219
20
-3.6075039370078739
40
0.0039370078740157
0
CIRCLE
8
BLACK
10
5.8245118110236218
20
-3.6155039370078739
40
0.0039370078740157
0
CIRCLE
8
BLACK
10
6.290511811023622
20
-3.4635039370078737
40
0.0039370078740157
0
CIRCLE
8
BLACK
10
6.4885118110236215
20
-3.3835039370078741
40
0.0039370078740157
0
CIRCLE
8
BLACK
10
5.9305118110236217
20
-3.4715039370078737
40
0.0039370078740157
0
CIRCLE
8
BLACK
10
6.6845118110236221
20
-3.4475039370078737
40
0.0039370078740157
0
CIRCLE
8
BLACK
10
5.798511811023622
20
-3.8375039370078738
40
0.0039370078740157
0
CIRCLE
8
BLACK
10
6.2945118110236216
20
-3.553503937007874
40
0.0039370078740157
0
CIRCLE
8
BLACK
10
5.7405118110236222
20
-3.537503937007874
40
0.0039370078740157
0
CIRCLE
8
BLACK
10
6.4005118110236223
20
-3.6315039370078739
40
0.0039370078740157
0
CIRCLE
8
BLACK
10
5.8285118110236223
20
-3.5915039370078738
40
0.0039370078740157
0
CIRCLE
8
BLACK
10
6.2965118110236222
20
-3.5835039370078738
40
0.0039370078740157
0
CIRCLE
8
BLACK
10
6.1445118110236221
20
-3.957503937007874
40
0.0039370078740157
0
CIRCLE
8
BLACK
10
5.7405118110236222
20
-3.3275039370078741
40
0.0039370078740157
0
CIRCLE
8
BLACK
10
6.0905118110236218
20
-3.6915039370078739
40
0.0039370078740157
0
CIRCLE
8
BLACK
10
5.8285118110236223
20
-3.5595039370078738
40
0.0039370078740157
0
CIRCLE
8
BLACK
10
6.4365118110236219
20
-3.763503937007874
40
0.0039370078740157
0
CIRCLE
8
BLACK
10
6.415511811023622
20
-3.8235039370078741
40
0.0039370078740157
0
CIRCLE
8
BLACK
10
6.338511811023622
20
-3.4235039370078741
40
0.0039370078740157
0
CIRCLE
8
BLACK
10
6.6705118110236219
20
-3.465503937007874
40
0.0039370078740157
0
CIRCLE
8
BLACK
10
5.9585118110236222
20
-3.6075039370078739
40
0.0039370078740157
0
CIRCLE
8
BLACK
10
6.2945118110236216
20
-3.8015039370078738
40
0.0039370078740157
0
CIRCLE
8
BLACK
10
5.540511811023622
20
-3.807503937007874
40
0.0039370078740157
0
CIRCLE
8
BLACK
10
5.7085118110236222
20
-3.8335039370078738
40
0.0039370078740157
0
CIRCLE
8
BLACK
10
5.7565118110236222
20
-3.7415039370078738
40
0.0039370078740157
0
CIRCLE
8
BLACK
10
6.4005118110236223
20
-3.3835039370078741
40
0.0039370078740157
0
CIRCLE
8
BLACK
10
5.7225118110236215
20
-4.0095039370078736
40
0.0039370078740157
0
CIRCLE
8
BLACK
10
6.4245118110236223
20
-3.4555039370078737
40
0.0039370078740157
0
CIRCLE
8
BLACK
10
6.0845118110236216
20
-3.9595039370078737
40
0.0039370078740157
0
CIRCLE
8
BLACK
10
5.7725118110236222
20
-3.8095039370078738
40
0.0039370078740157
0
CIRCLE
8
BLACK
10
6.3965118110236219
20
-3.7095039370078737
40
0.0039370078740157
0
CIRCLE
8
BLACK
10
5.8785118110236221
20
-4.0095039370078736
40
0.0039370078740157
0
CIRCLE
8
BLACK
10
6.3025118110236216
20
-3.6155039370078739
40
0.0039370078740157
0
CIRCLE
8
BLACK
10
6.0465118110236222
20
-3.4755039370078737
40
0.0039370078740157
0
CIRCLE
8
BLACK
10
6.1005118110236216
20
-3.5955039370078739
40
0.0039370078740157
0
CIRCLE
8
BLACK
10
5.992511811023622
20
-3.9135039370078739
40
0.0039370078740157
0
CIRCLE
8
BLACK
10
6.3725118110236219
20
-3.9195039370078741
40
0.0039370078740157
0
CIRCLE
8
BLACK
10
6.1085118110236216
20
-3.8495039370078739
40
0.0039370078740157
0
CIRCLE
8
BLACK
10
6.1785118110236219
20
-3.287503937007874
40
0.0039370078740157
0
CIRCLE
8
BLACK
10
6.1805118110236217
20
-4.0095039370078736
40
0.0039370078740157
0
CIRCLE
8
BLACK
10
5.7725118110236222
20
-3.848503937007874
40
0.0039370078740157
0
CIRCLE
8
BLACK
10
5.8665118110236216
20
-4.0595039370078743
40
0.0039370078740157
0
CIRCLE
8
BLACK
10
5.750511811023622
20
-3.4295039370078739
40
0.0039370078740157
0
CIRCLE
8
BLACK
10
6.290511811023622
20
-3.5235039370078738
40
0.0039370078740157
0
CIRCLE
8
BLACK
10
5.7305118110236215
20
-3.517503937007874
40
0.0039370078740157
0
CIRCLE
8
BLACK
10
5.7405118110236222
20
-3.5955039370078739
40
0.0039370078740157
0
CIRCLE
8
BLACK
10
6.4865118110236217
20
-3.4555039370078737
40
0.0039370078740157
0
CIRCLE
8
BLACK
10
6.1405118110236216
20
-3.8495039370078739
40
0.0039370078740157
0
CIRCLE
8
BLACK
10
6.3745118110236216
20
-3.3935039370078739
40
0.0039370078740157
0
CIRCLE
8
BLACK
10
6.6145118110236218
20
-3.3575039370078739
40
0.0039370078740157
0
CIRCLE
8
BLACK
10
6.1505118110236223
20
-4.0815039370078736
40
0.0039370078740157
0
CIRCLE
8
BLACK
10
6.2685118110236218
20
-3.8815039370078739
40
0.0039370078740157
0
CIRCLE
8
BLACK
10
5.9365118110236219
20
-3.8575039370078739
40
0.0039370078740157
0
CIRCLE
8
BLACK
10
6.6925118110236221
20
-3.8735039370078739
40
0.0039370078740157
0
CIRCLE
8
BLACK
10
6.1525118110236221
20
-4.0095039370078736
40
0.0039370078740157
0
CIRCLE
8
BLACK
10
6.016511811023622
20
-3.5975039370078741
40
0.0039370078740157
0
CIRCLE
8
BLACK
10
6.4205118110236219
20
-3.989503937007874
40
0.0039370078740157
0
CIRCLE
8
BLACK
10
6.5985118110236218
20
-3.4715039370078737
40
0.0039370078740157
0
CIRCLE
8
BLACK
10
6.6625118110236219
20
-3.3655039370078739
40
0.0039370078740157
0
CIRCLE
8
BLACK
10
5.9965118110236215
20
-3.9635039370078737
40
0.0039370078740157
0
CIRCLE
8
BLACK
10
6.2265118110236219
20
-3.6895039370078737
40
0.0039370078740157
0
CIRCLE
8
BLACK
10
6.3407477165354331
20
-3.5087924803149604
40
0.0039370078740157
0
CIRCLE
8
BLACK
10
5.9905118110236222
20
-3.7695039370078738
40
0.0039370078740157
0
CIRCLE
8
BLACK
10
6.4355118110236216
20
-3.2885039370078739
40
0.0039370078740157
0
CIRCLE
8
BLACK
10
5.9645118110236215
20
-3.8555039370078741
40
0.0039370078740157
0
CIRCLE
8
BLACK
10
6.2685118110236218
20
-3.8515039370078741
40
0.0039370078740157
0
CIRCLE
8
BLACK
10
5.4805118110236215
20
-3.457503937007874
40
0.0039370078740157
0
CIRCLE
8
BLACK
10
6.2285118110236217
20
-3.6075039370078739
40
0.0039370078740157
0
CIRCLE
8
BLACK
10
6.580511811023622
20
-3.3835039370078741
40
0.0039370078740157
0
CIRCLE
8
BLACK
10
6.6465118110236219
20
-3.9275039370078741
40
0.0039370078740157
0
CIRCLE
8
BLACK
10
5.7565118110236222
20
-3.7135039370078737
40
0.0039370078740157
0
CIRCLE
8
BLACK
10
6.2945118110236216
20
-3.7615039370078738
40
0.0039370078740157
0
CIRCLE
8
BLACK
10
6.2545118110236215
20
-4.0255039370078736
40
0.0039370078740157
0
CIRCLE
8
BLACK
10
6.1825118110236224
20
-3.7775039370078738
40
0.0039370078740157
0
CIRCLE
8
BLACK
10
5.7385118110236215
20
-3.7655039370078738
40
0.0039370078740157
0
CIRCLE
8
BLACK
10
6.2285118110236217
20
-3.7415039370078738
40
0.0039370078740157
0
CIRCLE
8
BLACK
10
6.4565118110236215
20
-3.9035039370078741
40
0.0039370078740157
0
CIRCLE
8
BLACK
10
6.758511811023622
20
-3.6335039370078741
40
0.0039370078740157
0
CIRCLE
8
BLACK
10
6.3025118110236216
20
-3.6415039370078741
40
0.0039370078740157
0
CIRCLE
8
BLACK
10
6.3325118110236218
20
-3.8595039370078741
40
0.0039370078740157
0
CIRCLE
8
BLACK
10
6.4265118110236221
20
-3.3835039370078741
40
0.0039370078740157
0
CIRCLE
8
BLACK
10
5.540511811023622
20
-3.3575039370078739
40
0.0039370078740157
0
CIRCLE
8
BLACK
10
6.3865118110236221
20
-3.807503937007874
40
0.0039370078740157
0
CIRCLE
8
BLACK
10
6.6465118110236219
20
-3.477503937007874
40
0.0039370078740157
0
CIRCLE
8
BLACK
10
5.3965118110236219
20
-3.6295039370078741
40
0.0039370078740157
0
CIRCLE
8
BLACK
10
5.5625118110236222
20
-3.815503937007874
40
0.0039370078740157
0
CIRCLE
8
BLACK
10
6.2325118110236222
20
-4.0635039370078738
40
0.0039370078740157
0
CIRCLE
8
BLACK
10
5.580511811023622
20
-3.9035039370078741
40
0.0039370078740157
0
CIRCLE
8
BLACK
10
5.8205118110236223
20
-3.4295039370078739
40
0.0039370078740157
0
CIRCLE
8
BLACK
10
5.4685118110236219
20
-3.4135039370078739
40
0.0039370078740157
0
CIRCLE
8
BLACK
10
6.3765118110236223
20
-3.9755039370078737
40
0.0039370078740157
0
CIRCLE
8
BLACK
10
5.5225118110236222
20
-3.9295039370078739
40
0.0039370078740157
0
CIRCLE
8
BLACK
10
5.9785118110236217
20
-3.8395039370078741
40
0.0039370078740157
0
CIRCLE
8
BLACK
10
5.766511811023622
20
-3.9175039370078739
40
0.0039370078740157
0
CIRCLE
8
BLACK
10
6.338511811023622
20
-3.779503937007874
40
0.0039370078740157
0
CIRCLE
8
BLACK
10
5.9745118110236222
20
-3.7895039370078738
40
0.0039370078740157
0
CIRCLE
8
BLACK
10
5.7645118110236222
20
-3.8935039370078739
40
0.0039370078740157
0
CIRCLE
8
BLACK
10
6.1085118110236216
20
-3.997503937007874
40
0.0039370078740157
0
CIRCLE
8
BLACK
10
6.1705118110236219
20
-3.8495039370078739
40
0.0039370078740157
0
CIRCLE
8
BLACK
10
6.0765118110236216
20
-3.8495039370078739
40
0.0039370078740157
0
CIRCLE
8
BLACK
10
5.750511811023622
20
-3.8675039370078741
40
0.0039370078740157
0
CIRCLE
8
BLACK
10
6.2845118110236218
20
-3.3415039370078738
40
0.0039370078740157
0
CIRCLE
8
BLACK
10
6.2025118110236219
20
-4.0855039370078741
40
0.0039370078740157
0
CIRCLE
8
BLACK
10
6.5945118110236223
20
-3.3675039370078741
40
0.0039370078740157
0
CIRCLE
8
BLACK
10
5.9865118110236217
20
-3.6795039370078739
40
0.0039370078740157
0
CIRCLE
8
BLACK
10
5.8245118110236218
20
-3.6695039370078741
40
0.0039370078740157
0
CIRCLE
8
BLACK
10
6.580511811023622
20
-3.9035039370078741
40
0.0039370078740157
0
CIRCLE
8
BLACK
10
6.1325118110236216
20
-3.7775039370078738
40
0.0039370078740157
0
CIRCLE
8
BLACK
10
5.7145118110236215
20
-3.4035039370078741
40
0.0039370078740157
0
CIRCLE
8
BLACK
10
6.1405118110236216
20
-3.6075039370078739
40
0.0039370078740157
0
CIRCLE
8
BLACK
10
6.1705118110236219
20
-3.5995039370078739
40
0.0039370078740157
0
CIRCLE
8
BLACK
10
6.3865118110236221
20
-3.7415039370078738
40
0.0039370078740157
0
CIRCLE
8
BLACK
10
5.5465118110236222
20
-3.4795039370078737
40
0.0039370078740157
0
CIRCLE
8
BLACK
10
5.4905118110236222
20
-3.3715039370078741
40
0.0039370078740157
0
CIRCLE
8
BLACK
10
6.048511811023622
20
-3.5815039370078741
40
0.0039370078740157
0
CIRCLE
8
BLACK
10
5.8785118110236221
20
-3.7735039370078738
40
0.0039370078740157
0
CIRCLE
8
BLACK
10
5.750511811023622
20
-3.5595039370078738
40
0.0039370078740157
0
CIRCLE
8
BLACK
10
6.3725118110236219
20
-3.3455039370078739
40
0.0039370078740157
0
CIRCLE
8
BLACK
10
6.1125118110236221
20
-4.0955039370078739
40
0.0039370078740157
0
CIRCLE
8
BLACK
10
5.734511811023622
20
-3.4155039370078741
40
0.0039370078740157
0
CIRCLE
8
BLACK
10
5.8205118110236223
20
-3.5275039370078738
40
0.0039370078740157
0
CIRCLE
8
BLACK
10
5.7205118110236217
20
-3.4995039370078738
40
0.0039370078740157
0
CIRCLE
8
BLACK
10
5.7555118110236219
20
-3.7935039370078738
40
0.0039370078740157
0
CIRCLE
8
BLACK
10
5.4705118110236217
20
-3.8855039370078739
40
0.0039370078740157
0
CIRCLE
8
BLACK
10
6.1705118110236219
20
-3.6795039370078739
40
0.0039370078740157
0
CIRCLE
8
BLACK
10
5.9325118110236224
20
-3.7695039370078738
40
0.0039370078740157
0
CIRCLE
8
BLACK
10
6.3125118110236222
20
-3.779503937007874
40
0.0039370078740157
0
CIRCLE
8
BLACK
10
6.0665118110236218
20
-3.6135039370078741
40
0.0039370078740157
0
CIRCLE
8
BLACK
10
6.4825118110236222
20
-3.9055039370078739
40
0.0039370078740157
0
CIRCLE
8
BLACK
10
6.2065118110236215
20
-3.7775039370078738
40
0.0039370078740157
0
CIRCLE
8
BLACK
10
6.3955118110236215
20
-3.2885039370078739
40
0.0039370078740157
0
CIRCLE
8
BLACK
10
6.2685118110236218
20
-3.9395039370078737
40
0.0039370078740157
0
CIRCLE
8
BLACK
10
5.5145118110236222
20
-3.3595039370078741
40
0.0039370078740157
0
CIRCLE
8
BLACK
10
6.072511811023622
20
-4.0955039370078739
40
0.0039370078740157
0
CIRCLE
8
BLACK
10
6.6905118110236215
20
-3.8515039370078741
40
0.0039370078740157
0
CIRCLE
8
BLACK
10
6.580511811023622
20
-3.4535039370078739
40
0.0039370078740157
0
CIRCLE
8
BLACK
10
6.0145118110236222
20
-3.7695039370078738
40
0.0039370078740157
0
CIRCLE
8
BLACK
10
6.1065118110236218
20
-3.7775039370078738
40
0.0039370078740157
0
CIRCLE
8
BLACK
10
6.3745118110236216
20
-3.311503937007874
40
0.0039370078740157
0
CIRCLE
8
BLACK
10
6.016511811023622
20
-3.973503937007874
40
0.0039370078740157
0
CIRCLE
8
BLACK
10
5.6705118110236219
20
-3.3875039370078741
40
0.0039370078740157
0
CIRCLE
8
BLACK
10
6.0745118110236218
20
-4.021503937007874
40
0.0039370078740157
0
CIRCLE
8
BLACK
10
6.5845118110236216
20
-3.6635039370078739
40
0.0039370078740157
0
CIRCLE
8
BLACK
10
5.4685118110236219
20
-3.8635039370078741
40
0.0039370078740157
0
CIRCLE
8
BLACK
10
5.9985118110236222
20
-3.9395039370078737
40
0.0039370078740157
0
CIRCLE
8
BLACK
10
5.5145118110236222
20
-3.8095039370078738
40
0.0039370078740157
0
CIRCLE
8
BLACK
10
5.9205118110236219
20
-3.311503937007874
40
0.0039370078740157
0
CIRCLE
8
BLACK
10
5.8605118110236223
20
-3.8635039370078741
40
0.0039370078740157
0
CIRCLE
8
BLACK
10
6.3645118110236218
20
-3.509503937007874
40
0.0039370078740157
0
CIRCLE
8
BLACK
10
6.1165118110236216
20
-3.3335039370078738
40
0.0039370078740157
0
CIRCLE
8
BLACK
10
5.580511811023622
20
-3.4535039370078739
40
0.0039370078740157
0
CIRCLE
8
BLACK
10
5.766511811023622
20
-3.4455039370078739
40
0.0039370078740157
0
CIRCLE
8
BLACK
10
5.6925118110236221
20
-3.3935039370078739
40
0.0039370078740157
0
CIRCLE
8
BLACK
10
6.3865118110236221
20
-3.6035039370078739
40
0.0039370078740157
0
CIRCLE
8
BLACK
10
6.6845118110236221
20
-3.8975039370078739
40
0.0039370078740157
0
CIRCLE
8
BLACK
10
6.3165118110236218
20
-3.977503937007874
40
0.0039370078740157
0
CIRCLE
8
BLACK
10
6.6145118110236218
20
-3.807503937007874
40
0.0039370078740157
0
CIRCLE
8
BLACK
10
6.0145118110236222
20
-3.8915039370078741
40
0.0039370078740157
0
CIRCLE
8
BLACK
10
6.4305118110236217
20
-4.0755039370078743
40
0.0039370078740157
0
CIRCLE
8
BLACK
10
6.056511811023622
20
-3.727503937007874
40
0.0039370078740157
0
CIRCLE
8
BLACK
10
6.4225118110236217
20
-3.9035039370078741
40
0.0039370078740157
0
CIRCLE
8
BLACK
10
5.9685118110236219
20
-3.9015039370078739
40
0.0039370078740157
0
CIRCLE
8
BLACK
10
5.580511811023622
20
-3.8335039370078738
40
0.0039370078740157
0
CIRCLE
8
BLACK
10
5.8205118110236223
20
-3.868503937007874
40
0.0039370078740157
0
CIRCLE
8
BLACK
10
5.8125118110236222
20
-3.501503937007874
40
0.0039370078740157
0
CIRCLE
8
BLACK
10
6.1265118110236223
20
-3.5435039370078738
40
0.0039370078740157
0
CIRCLE
8
BLACK
10
5.9565118110236215
20
-3.767503937007874
40
0.0039370078740157
0
CIRCLE
8
BLACK
10
6.016511811023622
20
-3.6915039370078739
40
0.0039370078740157
0
CIRCLE
8
BLACK
10
5.8265118110236216
20
-3.6435039370078739
40
0.0039370078740157
0
CIRCLE
8
BLACK
10
5.7325118110236222
20
-3.8475039370078741
40
0.0039370078740157
0
CIRCLE
8
BLACK
10
6.6905118110236215
20
-3.4015039370078739
40
0.0039370078740157
0
CIRCLE
8
BLACK
10
5.4985118110236222
20
-3.4715039370078737
40
0.0039370078740157
0
CIRCLE
8
BLACK
10
6.5985118110236218
20
-3.9215039370078739
40
0.0039370078740157
0
CIRCLE
8
BLACK
10
6.3885118110236219
20
-3.5275039370078738
40
0.0039370078740157
0
CIRCLE
8
BLACK
10
5.9405118110236215
20
-4.0835039370078743
40
0.0039370078740157
0
CIRCLE
8
BLACK
10
5.9766811023622042
20
-3.8135039370078738
40
0.0039370078740157
0
CIRCLE
8
BLACK
10
6.266511811023622
20
-3.8195039370078741
40
0.0039370078740157
0
CIRCLE
8
BLACK
10
6.3905118110236216
20
-3.5635039370078738
40
0.0039370078740157
0
CIRCLE
8
BLACK
10
6.0745118110236218
20
-4.0695039370078741
40
0.0039370078740157
0
CIRCLE
8
BLACK
10
6.4005118110236223
20
-3.465503937007874
40
0.0039370078740157
0
CIRCLE
8
BLACK
10
5.7465118110236215
20
-4.0275039370078742
40
0.0039370078740157
0
CIRCLE
8
BLACK
10
6.4485118110236215
20
-3.8335039370078738
40
0.0039370078740157
0
CIRCLE
8
BLACK
10
5.705511811023622
20
-3.9915039370078738
40
0.0039370078740157
0
CIRCLE
8
BLACK
10
6.0665118110236218
20
-3.6655039370078741
40
0.0039370078740157
0
CIRCLE
8
BLACK
10
5.798511811023622
20
-3.4795039370078737
40
0.0039370078740157
0
CIRCLE
8
BLACK
10
5.7545118110236215
20
-3.618503937007874
40
0.0039370078740157
0
CIRCLE
8
BLACK
10
6.3945118110236221
20
-3.993503937007874
40
0.0039370078740157
0
CIRCLE
8
BLACK
10
6.1745118110236223
20
-4.0815039370078736
40
0.0039370078740157
0
CIRCLE
8
BLACK
10
6.3705118110236221
20
-3.8935039370078739
40
0.0039370078740157
0
CIRCLE
8
BLACK
10
6.6805118110236217
20
-3.8295039370078738
40
0.0039370078740157
0
CIRCLE
8
BLACK
10
6.6625118110236219
20
-3.815503937007874
40
0.0039370078740157
0
CIRCLE
8
BLACK
10
5.7545118110236215
20
-3.678503937007874
40
0.0039370078740157
0
CIRCLE
8
BLACK
10
5.8905118110236216
20
-3.4915039370078738
40
0.0039370078740157
0
CIRCLE
8
BLACK
10
6.4705118110236217
20
-3.8335039370078738
40
0.0039370078740157
0
CIRCLE
8
BLACK
10
5.7045118110236217
20
-3.4835039370078738
40
0.0039370078740157
0
CIRCLE
8
BLACK
10
6.0505118110236218
20
-3.775503937007874
40
0.0039370078740157
0
CIRCLE
8
BLACK
10
6.4545118110236217
20
-3.3835039370078741
40
0.0039370078740157
0
CIRCLE
8
BLACK
10
6.4045118110236219
20
-3.5855039370078741
40
0.0039370078740157
0
CIRCLE
8
BLACK
10
5.9585118110236222
20
-3.6795039370078739
40
0.0039370078740157
0
CIRCLE
8
BLACK
10
6.4545118110236217
20
-3.4555039370078737
40
0.0039370078740157
0
CIRCLE
8
BLACK
10
5.6865118110236219
20
-3.9135039370078739
40
0.0039370078740157
0
CIRCLE
8
BLACK
10
5.766511811023622
20
-3.9435039370078737
40
0.0039370078740157
0
CIRCLE
8
BLACK
10
5.984511811023622
20
-3.541503937007874
40
0.0039370078740157
0
CIRCLE
8
BLACK
10
6.3165118110236218
20
-3.5087924803149604
40
0.0039370078740157
0
CIRCLE
8
BLACK
10
6.290511811023622
20
-3.493503937007874
40
0.0039370078740157
0
CIRCLE
8
BLACK
10
5.9945118110236217
20
-3.3975039370078739
40
0.0039370078740157
0
CIRCLE
8
BLACK
10
5.4765118110236219
20
-3.3895039370078739
40
0.0039370078740157
0
CIRCLE
8
BLACK
10
6.3725118110236219
20
-3.9475039370078737
40
0.0039370078740157
0
CIRCLE
8
BLACK
10
5.5665118110236218
20
-3.9195039370078741
40
0.0039370078740157
0
CIRCLE
8
BLACK
10
5.5225118110236222
20
-3.4795039370078737
40
0.0039370078740157
0
CIRCLE
8
BLACK
10
5.9325118110236224
20
-3.6075039370078739
40
0.0039370078740157
0
CIRCLE
8
BLACK
10
5.8485118110236218
20
-3.763503937007874
40
0.0039370078740157
0
CIRCLE
8
BLACK
10
6.6205118110236221
20
-3.9295039370078739
40
0.0039370078740157
0
CIRCLE
8
BLACK
10
5.8785118110236221
20
-3.973503937007874
40
0.0039370078740157
0
CIRCLE
8
BLACK
10
6.0785118110236223
20
-3.7775039370078738
40
0.0039370078740157
0
CIRCLE
8
BLACK
10
5.8765118110236223
20
-3.3715039370078741
40
0.0039370078740157
0
CIRCLE
8
BLACK
10
6.3665118110236216
20
-3.7815039370078738
40
0.0039370078740157
0
CIRCLE
8
BLACK
10
6.3765118110236223
20
-3.6475039370078739
40
0.0039370078740157
0
CIRCLE
8
BLACK
10
6.3085118110236218
20
-3.8575039370078739
40
0.0039370078740157
0
CIRCLE
8
BLACK
10
6.3285118110236223
20
-3.3715039370078741
40
0.0039370078740157
0
CIRCLE
8
BLACK
10
5.5465118110236222
20
-3.9295039370078739
40
0.0039370078740157
0
CIRCLE
8
BLACK
10
5.4805118110236215
20
-3.9075039370078741
40
0.0039370078740157
0
CIRCLE
8
BLACK
10
6.2685118110236218
20
-3.9095039370078739
40
0.0039370078740157
0
CIRCLE
8
BLACK
10
5.6825118110236224
20
-3.8295039370078738
40
0.0039370078740157
0
CIRCLE
8
BLACK
10
5.9945118110236217
20
-3.8575039370078739
40
0.0039370078740157
0
CIRCLE
8
BLACK
10
5.9325118110236224
20
-3.6795039370078739
40
0.0039370078740157
0
CIRCLE
8
BLACK
10
5.8785118110236221
20
-3.9375039370078739
40
0.0039370078740157
0
CIRCLE
8
BLACK
10
5.4985118110236222
20
-3.9215039370078739
40
0.0039370078740157
0
CIRCLE
8
BLACK
10
6.032511811023622
20
-3.9875039370078738
40
0.0039370078740157
0
CIRCLE
8
BLACK
10
5.580511811023622
20
-3.3835039370078741
40
0.0039370078740157
0
CIRCLE
8
BLACK
10
6.2565118110236222
20
-3.997503937007874
40
0.0039370078740157
0
CIRCLE
8
BLACK
10
5.9405118110236215
20
-3.9015039370078739
40
0.0039370078740157
0
CIRCLE
8
BLACK
10
6.0305118110236222
20
-3.5195039370078738
40
0.0039370078740157
0
CIRCLE
8
BLACK
10
6.3505118110236216
20
-3.8775039370078739
40
0.0039370078740157
0
CIRCLE
8
BLACK
10
6.3745118110236216
20
-3.6695039370078741
40
0.0039370078740157
0
CIRCLE
8
BLACK
10
5.7545118110236215
20
-3.6485039370078738
40
0.0039370078740157
0
CIRCLE
8
BLACK
10
6.0385118110236222
20
-4.0935039370078741
40
0.0039370078740157
0
CIRCLE
8
BLACK
10
6.580511811023622
20
-3.8335039370078738
40
0.0039370078740157
0
CIRCLE
8
BLACK
10
5.4765118110236219
20
-3.8395039370078741
40
0.0039370078740157
0
CIRCLE
8
BLACK
10
6.0055118110236219
20
-4.1035039370078739
40
0.0039370078740157
0
CIRCLE
8
BLACK
10
6.1585118110236223
20
-3.7775039370078738
40
0.0039370078740157
0
CIRCLE
8
BLACK
10
6.6805118110236217
20
-3.3795039370078741
40
0.0039370078740157
0
CIRCLE
8
BLACK
10
6.0225118110236222
20
-3.8575039370078739
40
0.0039370078740157
0
CIRCLE
8
BLACK
10
5.9945118110236217
20
-4.053503937007874
40
0.0039370078740157
0
CIRCLE
8
BLACK
10
6.2025118110236219
20
-3.6795039370078739
40
0.0039370078740157
0
CIRCLE
8
BLACK
10
6.3005118110236218
20
-3.6985039370078741
40
0.0039370078740157
0
CIRCLE
8
BLACK
10
6.2255118110236216
20
-3.7895039370078738
40
0.0039370078740157
0
CIRCLE
8
BLACK
10
6.4485118110236215
20
-3.6475039370078739
40
0.0039370078740157
0
CIRCLE
8
BLACK
10
5.782511811023622
20
-3.461503937007874
40
0.0039370078740157
0
CIRCLE
8
BLACK
10
5.984511811023622
20
-3.6075039370078739
40
0.0039370078740157
0
CIRCLE
8
BLACK
10
6.3545118110236221
20
-3.4075039370078741
40
0.0039370078740157
0
CIRCLE
8
BLACK
10
5.4905118110236222
20
-3.8215039370078738
40
0.0039370078740157
0
CIRCLE
8
BLACK
10
5.8125118110236222
20
-3.7935039370078738
40
0.0039370078740157
0
CIRCLE
8
BLACK
10
6.2685118110236218
20
-3.969503937007874
40
0.0039370078740157
0
CIRCLE
8
BLACK
10
6.4465118110236217
20
-3.9915039370078738
40
0.0039370078740157
0
CIRCLE
8
BLACK
10
6.1325118110236216
20
-3.7015039370078737
40
0.0039370078740157
0
CIRCLE
8
BLACK
10
6.6205118110236221
20
-3.4795039370078737
40
0.0039370078740157
0
CIRCLE
8
BLACK
10
5.5625118110236222
20
-3.3655039370078739
40
0.0039370078740157
0
CIRCLE
8
BLACK
10
6.2465118110236215
20
-3.7975039370078738
40
0.0039370078740157
0
CIRCLE
8
BLACK
10
6.048511811023622
20
-3.8515039370078741
40
0.0039370078740157
0
CIRCLE
8
BLACK
10
6.0525118110236216
20
-4.0015039370078735
40
0.0039370078740157
0
CIRCLE
8
BLACK
10
6.6705118110236219
20
-3.9155039370078741
40
0.0039370078740157
0
CIRCLE
8
BLACK
10
6.492511811023622
20
-3.8335039370078738
40
0.0039370078740157
0
CIRCLE
8
BLACK
10
5.4705118110236217
20
-3.4355039370078742
40
0.0039370078740157
0
CIRCLE
8
BLACK
10
6.2945118110236216
20
-3.8315039370078741
40
0.0039370078740157
0
CIRCLE
8
BLACK
10
6.5945118110236223
20
-3.8175039370078738
40
0.0039370078740157
0
CIRCLE
8
BLACK
10
5.8555118110236215
20
-3.9035039370078741
40
0.0039370078740157
0
CIRCLE
8
BLACK
10
6.6385118110236219
20
-3.3575039370078739
40
0.0039370078740157
0
CIRCLE
8
BLACK
10
6.3185118110236216
20
-3.4355039370078742
40
0.0039370078740157
0
CIRCLE
8
BLACK
10
6.1825118110236224
20
-3.985503937007874
40
0.0039370078740157
0
CIRCLE
8
BLACK
10
6.3885118110236219
20
-3.4955039370078738
40
0.0039370078740157
0
CIRCLE
8
BLACK
10
6.6925118110236221
20
-3.4235039370078741
40
0.0039370078740157
0
CIRCLE
8
BLACK
10
5.9045118110236219
20
-3.553503937007874
40
0.0078740157480315
0
CIRCLE
8
BLACK
10
5.7785118110236215
20
-4.2195039370078735
40
0.0078740157480315
0
CIRCLE
8
BLACK
10
5.8555118110236215
20
-3.7185039370078741
40
0.0078740157480315
0
CIRCLE
8
BLACK
10
6.2555118110236219
20
-3.7185039370078741
40
0.0078740157480315
  0
ENDSEC
  0
EOF
